timestamp,elapsed_s,phase,latitude_deg,longitude_deg,gnss_altitude_m,ground_speed_mps,gnss_has_fix,satellites,fix_quality,target_latitude_deg,target_longitude_deg,distance_to_target_m,target_heading_deg,temperature_c,pressure_hpa,humidity_percent,heading_deg,roll_deg,pitch_deg,accel_x_mps2,accel_y_mps2,accel_z_mps2,gyro_x_dps,gyro_y_dps,gyro_z_dps,calibration,heading_error_deg,control_mode,left_motor_command_percent,right_motor_command_percent,error
2026-08-04T18:15:50.835,11.589,waiting_for_release,,,,,False,0,0,35.9184062,139.9079523,,,29.73,1009.5485546875,44.1611328125,199.0625,-66.5,-100.6875,-8.96,3.77,-0.81,-5.375,8.0,13.5,2,,,,,
2026-08-04T18:15:51.948,12.702,waiting_for_release,,,,,False,0,0,35.9184062,139.9079523,,,29.72,1009.5405859375,44.2861328125,198.5625,-66.25,-100.75,-9.49,4.72,-1.24,-25.25,5.0625,6.5625,2,,,,,
2026-08-04T18:15:52.449,13.203,waiting_for_release,,,,,False,0,0,35.9184062,139.9079523,,,29.75,1009.2820703125,44.197265625,172.6875,-83.375,173.8125,-9.43,-0.9,-0.78,-12.9375,26.9375,4.9375,2,,,,,
2026-08-04T18:15:53.573,14.327,waiting_for_release,,,,,False,0,0,35.9184062,139.9079523,,,29.73,1009.250078125,44.40234375,172.3125,-83.25,173.875,-9.43,-0.92,-0.86,-8.25,22.5,2.5,2,,,,,
2026-08-04T18:15:54.073,14.827,waiting_for_release,,,,,False,0,0,35.9184062,139.9079523,,,29.74,1009.10328125,44.1044921875,143.5,-80.9375,22.125,-7.78,-1.02,-0.81,-66.625,22.0625,23.6875,2,,,,,
2026-08-04T18:15:54.573,15.328,waiting_for_release,,,,,False,0,0,35.9184062,139.9079523,,,29.74,1009.165546875,44.25390625,146.0,-82.8125,25.25,-12.21,-0.23,2.44,13.375,-3.3125,7.875,2,,,,,
2026-08-04T18:15:55.074,15.828,waiting_for_release,,,,,False,,,35.9184062,139.9079523,,,29.75,1009.092109375,44.265625,127.8125,-79.8125,-39.75,-9.14,1.12,1.01,-19.4375,11.8125,11.875,2,,,,,
2026-08-04T18:15:55.574,16.329,waiting_for_release,,,,,False,,,35.9184062,139.9079523,,,29.75,1009.1546875,44.3125,124.0,-81.75,-40.0,-8.95,0.84,0.7,-4.1875,4.875,-31.125,2,,,,,
2026-08-04T18:15:56.075,16.829,waiting_for_release,,,,,False,,,35.9184062,139.9079523,,,29.75,1009.07328125,44.30078125,121.375,-81.625,-17.875,-8.26,0.3,1.46,-10.75,-4.8125,-8.0625,2,,,,,
2026-08-04T18:15:56.575,17.329,waiting_for_release,,,,,False,,,35.9184062,139.9079523,,,29.75,1009.1004296875,44.3125,131.625,-78.1875,39.75,-9.73,-1.39,2.07,-21.6875,-4.625,4.6875,2,,,,,
2026-08-04T18:15:57.076,17.830,waiting_for_release,,,,,False,,,35.9184062,139.9079523,,,29.75,1009.1004296875,44.34765625,132.5625,-79.0,48.3125,-9.48,-0.05,1.58,4.0,-7.625,7.9375,2,,,,,
2026-08-04T18:15:57.576,18.330,waiting_for_release,,,,,False,,,35.9184062,139.9079523,,,29.76,1009.054140625,44.3359375,124.1875,-84.5625,1.1875,-9.59,0.19,1.03,18.875,0.9375,-18.5,2,,,,,
2026-08-04T18:15:58.077,18.831,waiting_for_release,,,,,False,,,35.9184062,139.9079523,,,29.76,1009.0621484375,44.3369140625,125.6875,-85.5,175.5,-10.64,-1.15,0.04,-12.75,26.0,11.8125,2,,,,,
2026-08-04T18:15:58.577,19.331,waiting_for_release,,,,,False,,,35.9184062,139.9079523,,,29.77,1009.1244140625,44.3369140625,115.5625,-86.3125,3.25,-9.5,-0.2,0.23,-12.0,-7.0625,7.1875,2,,,,,
2026-08-04T18:15:59.077,19.831,waiting_for_release,,,,,False,,,35.9184062,139.9079523,,,29.76,1009.0621484375,44.2451171875,108.625,-82.375,48.1875,-9.95,-1.36,1.45,-8.0625,2.875,1.375,2,,,,,
2026-08-04T18:15:59.578,20.332,waiting_for_release,,,,,False,,,35.9184062,139.9079523,,,29.76,1009.035,44.359375,106.3125,-84.6875,3.625,-9.62,-0.34,0.73,11.875,4.9375,4.4375,2,,,,,
2026-08-04T18:16:00.078,20.832,waiting_for_release,,,,,False,,,35.9184062,139.9079523,,,29.77,1008.9616015625,44.359375,104.6875,-86.0,2.4375,-9.63,-0.35,0.88,-8.0,-10.5625,-10.375,2,,,,,
2026-08-04T18:16:00.579,21.333,waiting_for_release,,,,,False,,,35.9184062,139.9079523,,,29.77,1009.051015625,44.3603515625,107.75,-83.625,6.3125,-10.07,-1.14,0.18,5.8125,-13.0,-5.4375,2,,,,,
2026-08-04T18:16:01.079,21.833,waiting_for_release,,,,,False,,,35.9184062,139.9079523,,,29.78,1009.058984375,44.3720703125,106.0625,-84.875,174.875,-9.68,-0.85,-0.05,8.5625,-9.125,-7.1875,2,,,,,
2026-08-04T18:16:01.579,22.334,waiting_for_release,,,,,False,,,35.9184062,139.9079523,,,29.78,1009.0318359375,44.3837890625,112.4375,-80.5625,113.0625,-10.18,-1.37,-0.69,-2.6875,-4.5,-3.1875,2,,,,,
2026-08-04T18:16:02.080,22.834,waiting_for_release,,,,,False,,,35.9184062,139.9079523,,,29.78,1009.0318359375,44.3720703125,115.4375,-81.4375,85.5625,-9.91,-1.65,0.17,23.875,-2.8125,2.9375,2,,,,,
2026-08-04T18:16:02.580,23.334,waiting_for_release,,,,,False,,,35.9184062,139.9079523,,,29.79,1009.021015625,44.3857421875,124.0,-83.75,173.9375,-9.93,-0.45,-0.02,25.1875,19.875,14.8125,2,,,,,
2026-08-04T18:16:03.081,23.835,waiting_for_release,,,,,False,,,35.9184062,139.9079523,,,29.78,1009.0669921875,44.3955078125,126.3125,-85.1875,175.25,-9.33,-1.28,0.27,-2.3125,-5.375,-3.25,2,,,,,
2026-08-04T18:16:03.581,24.335,waiting_for_release,,,,,False,,,35.9184062,139.9079523,,,29.77,1009.051015625,44.39453125,133.5,-84.1875,174.375,-9.92,-0.61,-0.29,11.125,-3.875,7.5,2,,,,,
2026-08-04T18:16:04.082,24.836,waiting_for_release,,,,,False,,,35.9184062,139.9079523,,,29.78,1009.0669921875,44.384765625,135.0,-82.375,114.125,-10.09,-0.99,-0.72,-26.6875,18.375,9.5625,2,,,,,
2026-08-04T18:16:04.582,25.336,waiting_for_release,,,,,False,,,35.9184062,139.9079523,,,29.78,1009.094140625,44.3955078125,120.125,-86.625,177.6875,-9.82,-0.45,-0.18,-19.25,4.1875,4.625,2,,,,,
2026-08-04T18:16:05.082,25.837,waiting_for_release,,,,,False,,,35.9184062,139.9079523,,,29.78,1009.0398828125,44.4189453125,129.5,-81.8125,76.0,-9.66,-1.14,0.94,13.0625,-12.5625,-36.25,2,,,,,
2026-08-04T18:16:05.583,26.337,waiting_for_release,,,,,False,,,35.9184062,139.9079523,,,29.79,1009.0481640625,44.4423828125,144.0625,-76.125,99.1875,-11.0,-2.83,-0.11,35.0625,-14.125,-6.5,2,,,,,
2026-08-04T18:16:06.083,26.837,waiting_for_release,,,,,False,,,35.9184062,139.9079523,,,29.8,1009.0290234375,44.419921875,140.4375,-79.3125,123.0,-9.68,-1.49,-0.4,-1.3125,12.875,10.875,2,,,,,
2026-08-04T18:16:06.584,27.338,waiting_for_release,,,,,False,,,35.9184062,139.9079523,,,29.79,1009.0481640625,44.419921875,151.1875,-77.3125,122.5625,-9.43,-1.65,-1.29,7.1875,-2.0,19.125,2,,,,,
2026-08-04T18:16:07.084,27.838,waiting_for_release,,,,,False,,,35.9184062,139.9079523,,,29.8,1009.001875,44.4423828125,157.5,-78.5,102.8125,-9.16,-1.71,-0.51,4.0,14.0,-5.25,2,,,,,
2026-08-04T18:16:07.585,28.339,waiting_for_release,,,,,False,,,35.9184062,139.9079523,,,29.8,1009.064140625,44.466796875,172.125,-67.625,87.25,-9.25,-3.77,0.53,5.3125,-2.4375,-14.9375,2,,,,,
2026-08-04T18:16:08.085,28.839,waiting_for_release,,,,,False,,,35.9184062,139.9079523,,,29.81,1009.08015625,44.478515625,154.1875,-78.5625,67.4375,-8.12,-1.66,0.91,-15.375,-2.5,43.6875,2,,,,,
2026-08-04T18:16:08.585,29.340,waiting_for_release,,,,,False,,,35.9184062,139.9079523,,,29.81,1009.072109375,44.478515625,142.375,-84.875,-1.5,-9.34,0.51,1.17,6.625,-1.625,7.875,2,,,,,
2026-08-04T18:16:09.086,29.840,waiting_for_release,,,,,False,,,35.9184062,139.9079523,,,29.81,1009.08015625,44.4677734375,151.1875,-84.9375,4.4375,-9.19,-0.71,0.52,2.9375,7.875,-32.75,2,,,,,
2026-08-04T18:16:09.586,30.340,waiting_for_release,,,,,False,,,35.9184062,139.9079523,,,29.81,1009.188671875,44.478515625,158.125,-76.9375,85.25,-8.77,-2.27,0.2,1.0,5.75,-40.8125,2,,,,,
2026-08-04T18:16:10.087,30.841,waiting_for_release,,,,,False,,,35.9184062,139.9079523,,,29.81,1009.1264453125,44.4892578125,164.6875,-75.3125,93.625,-9.14,-2.15,0.32,13.875,14.5625,1.6875,2,,,,,
2026-08-04T18:16:10.587,31.341,waiting_for_release,,,,,False,,,35.9184062,139.9079523,,,29.81,1009.324375,44.501953125,160.375,-78.3125,116.375,-9.74,-1.71,-1.01,20.125,8.3125,-40.0,2,,,,,
2026-08-04T18:16:11.088,31.842,waiting_for_release,,,,,False,,,35.9184062,139.9079523,,,29.82,1009.3675,44.4912109375,174.9375,-67.625,106.875,-8.84,-3.72,-1.25,14.375,7.9375,-16.0,2,,,,,
2026-08-04T18:16:11.588,32.342,waiting_for_release,,,,,False,,,35.9184062,139.9079523,,,29.82,1009.47609375,44.5029296875,177.375,-67.25,110.875,-8.96,-3.29,-1.03,22.0,10.8125,-21.3125,2,,,,,
2026-08-04T18:16:12.088,32.843,waiting_for_release,,,,,False,,,35.9184062,139.9079523,,,29.82,1009.5303515625,44.4228515625,173.625,-71.5625,111.875,-9.24,-2.72,-0.93,3.0,-7.5,15.75,2,,,,,
2026-08-04T18:16:12.589,33.343,waiting_for_release,,,,,False,,,35.9184062,139.9079523,,,29.82,1009.5303515625,44.4794921875,170.0625,-75.5625,113.4375,-9.36,-2.55,-0.49,8.625,-1.25,5.9375,2,,,,,
2026-08-04T18:16:13.089,33.843,waiting_for_release,,,,,False,,,35.9184062,139.9079523,,,29.82,1009.6660546875,44.4794921875,168.5,-77.4375,138.75,-9.71,-1.13,-0.5,2.5625,-4.0625,8.8125,2,,,,,
2026-08-04T18:16:13.590,34.344,waiting_for_release,,,,,False,,,35.9184062,139.9079523,,,29.82,1009.7937109375,44.478515625,172.0625,-76.5,127.6875,-9.93,-1.85,-1.45,5.8125,-4.125,-11.5,2,,,,,
2026-08-04T18:16:14.090,34.844,waiting_for_release,,,,,False,,,35.9184062,139.9079523,,,29.83,1009.91859375,44.4794921875,170.875,-77.375,122.25,-9.93,-2.04,-0.97,0.125,-4.875,-0.375,2,,,,,
2026-08-04T18:16:14.591,35.345,waiting_for_release,,,,,False,,,35.9184062,139.9079523,,,29.83,1010.0271484375,44.46875,170.25,-78.5625,119.75,-10.1,-1.67,-0.92,5.0,2.25,-6.6875,2,,,,,
2026-08-04T18:16:15.091,35.845,waiting_for_release,,,,,False,,,35.9184062,139.9079523,,,29.83,1010.1437109375,44.4697265625,169.3125,-78.4375,122.5625,-9.69,-1.7,-1.06,-1.25,-0.875,-3.1875,2,,,,,
2026-08-04T18:16:15.591,36.345,waiting_for_release,,,,,False,,,35.9184062,139.9079523,,,29.83,1010.1165625,44.4697265625,170.5,-77.1875,118.875,-9.81,-2.03,-1.17,8.75,-2.0,-2.0625,2,,,,,
2026-08-04T18:16:16.092,36.846,waiting_for_release,,,,,False,,,35.9184062,139.9079523,,,29.83,1010.252265625,44.69921875,168.9375,-78.875,117.25,-9.76,-1.72,-0.92,3.375,-3.0,-1.3125,2,,,,,
2026-08-04T18:16:16.592,37.346,waiting_for_release,,,,,False,,,35.9184062,139.9079523,,,29.84,1010.287421875,44.470703125,170.8125,-77.0,120.0,-9.69,-1.99,-1.18,-2.1875,5.9375,-4.8125,2,,,,,
2026-08-04T18:16:17.093,37.847,waiting_for_release,,,,,False,,,35.9184062,139.9079523,,,29.84,1010.3768359375,44.4814453125,172.1875,-75.875,124.8125,-9.51,-1.93,-1.41,0.875,1.9375,7.875,2,,,,,
2026-08-04T18:16:17.593,38.347,waiting_for_release,,,,,False,,,35.9184062,139.9079523,,,29.85,1010.439140625,44.458984375,167.3125,-77.5625,136.625,-9.68,-1.35,-1.69,-2.4375,-0.1875,-0.5625,2,,,,,
2026-08-04T18:16:18.093,38.848,waiting_for_release,,,,,False,,,35.9184062,139.9079523,,,29.85,1010.5828515625,44.4599609375,163.125,-78.0625,139.875,-9.62,-1.41,-1.65,-12.5,0.0,10.4375,2,,,,,
2026-08-04T18:16:18.594,39.348,waiting_for_release,,,,,False,,,35.9184062,139.9079523,,,29.85,1010.6642578125,44.4599609375,156.5625,-80.8125,152.75,-9.83,-0.71,-1.51,0.625,-2.9375,-7.6875,2,,,,,
2026-08-04T18:16:19.094,39.848,waiting_for_release,,,,,False,,,35.9184062,139.9079523,,,29.84,1010.7487890625,44.458984375,164.375,-78.3125,125.375,-9.78,-1.63,-1.16,16.0,-6.625,-12.8125,2,,,,,
2026-08-04T18:16:19.595,40.349,waiting_for_release,,,,,False,,,35.9184062,139.9079523,,,29.83,1010.7408203125,44.4462890625,166.875,-79.3125,118.5625,-8.5,-1.58,-0.98,20.5625,2.375,-12.125,2,,,,,
2026-08-04T18:16:20.095,40.849,waiting_for_release,,,,,False,,,35.9184062,139.9079523,,,29.84,1010.830234375,44.435546875,165.375,-81.125,129.8125,-9.54,-0.9,-1.02,-4.5,-2.875,3.625,2,,,,,
2026-08-04T18:16:20.596,41.350,waiting_for_release,,,,,False,,,35.9184062,139.9079523,,,29.83,1010.985078125,44.423828125,162.6875,-80.0,132.5625,-9.97,-1.36,-1.4,-9.875,5.625,-2.0,2,,,,,
2026-08-04T18:16:21.096,41.850,waiting_for_landing,,,,,False,,,35.9184062,139.9079523,,,28.78,1009.37984375,44.400390625,168.1875,-77.3125,106.875,-9.6,-2.18,-0.57,-3.0625,1.1875,7.8125,2,,,,,
2026-08-04T18:16:21.596,42.351,waiting_for_landing,,,,,False,,,35.9184062,139.9079523,,,29.87,1011.2394140625,44.392578125,168.75,-78.9375,112.3125,-9.81,-1.68,-0.79,1.25,9.0,11.3125,2,,,,,
2026-08-04T18:16:22.097,42.851,waiting_for_landing,,,,,False,,,35.9184062,139.9079523,,,29.85,1011.253359375,44.3896484375,164.5625,-81.9375,138.25,-9.87,-0.75,-0.99,1.5,0.5,1.625,2,,,,,
2026-08-04T18:16:22.613,43.367,waiting_for_landing,,,,,False,,,35.9184062,139.9079523,,,29.85,1011.30765625,44.3896484375,163.6875,-81.5625,145.4375,-10.3,-0.71,-1.12,-10.0625,1.125,8.625,2,,,,,
2026-08-04T18:16:23.113,43.868,waiting_for_landing,,,,,False,,,35.9184062,139.9079523,,,29.86,1011.4322265625,44.3798828125,159.4375,-80.3125,148.9375,-10.86,-1.0,-1.48,-16.5625,7.375,0.6875,2,,,,,
2026-08-04T18:16:23.614,44.368,waiting_for_landing,,,,,False,,,35.9184062,139.9079523,,,29.86,1011.459375,44.3681640625,161.6875,-77.375,129.25,-10.18,-1.88,-1.37,-3.4375,-13.6875,-2.9375,2,,,,,
2026-08-04T18:16:24.114,44.868,waiting_for_landing,,,,,False,,,35.9184062,139.9079523,,,29.86,1011.4676953125,44.3681640625,158.1875,-78.0,128.875,-10.15,-1.8,-1.39,-19.375,6.75,13.375,2,,,,,
2026-08-04T18:16:24.615,45.369,waiting_for_landing,,,,,False,,,35.9184062,139.9079523,,,29.87,1011.5299609375,44.4267578125,156.9375,-71.9375,137.875,-9.88,-2.33,-2.76,-10.4375,1.125,4.625,2,,,,,
2026-08-04T18:16:25.115,45.869,waiting_for_landing,,,,,False,,,35.9184062,139.9079523,,,29.87,1011.510859375,44.380859375,152.875,-76.1875,133.4375,-9.76,-1.68,-1.46,4.5,-8.0625,-6.0625,2,,,,,
2026-08-04T18:16:25.616,46.370,waiting_for_landing,,,,,False,,,35.9184062,139.9079523,,,29.87,1011.5380078125,44.369140625,151.9375,-79.0,129.375,-9.83,-1.22,-1.16,-10.0625,-3.0625,18.5625,2,,,,,
2026-08-04T18:16:26.116,46.870,waiting_for_landing,,,,,False,,,35.9184062,139.9079523,,,29.87,1011.5651171875,44.380859375,152.1875,-77.875,130.625,-9.78,-1.83,-1.37,12.9375,-2.6875,-9.5625,2,,,,,
2026-08-04T18:16:26.617,47.371,waiting_for_landing,,,,,False,,,35.9184062,139.9079523,,,29.88,1011.581171875,44.3828125,154.5625,-77.1875,134.8125,-9.73,-1.44,-1.67,-3.6875,-1.625,7.625,2,,,,,
2026-08-04T18:16:27.117,47.871,waiting_for_landing,,,,,False,,,35.9184062,139.9079523,,,29.87,1011.5651171875,44.416015625,157.4375,-77.0625,125.75,-10.06,-1.83,-1.15,-1.25,8.9375,6.875,2,,,,,
2026-08-04T18:16:27.617,48.372,waiting_for_landing,,,,,False,,,35.9184062,139.9079523,,,29.88,1011.581171875,44.4169921875,142.9375,-74.8125,-171.75,-8.8,0.31,-2.64,1.75,2.375,3.375,2,,,,,
2026-08-04T18:16:28.118,48.872,waiting_for_landing,,,,,False,,,35.9184062,139.9079523,,,29.88,1011.51890625,44.427734375,147.5,-71.125,-174.25,-10.24,0.22,-1.98,30.0625,4.0,-10.3125,2,,,,,
2026-08-04T18:16:28.618,49.372,waiting_for_landing,,,,,False,,,35.9184062,139.9079523,,,29.87,1011.5380078125,44.4384765625,164.5625,-73.1875,-146.75,-9.6,0.96,-3.3,93.875,22.3125,54.5,2,,,,,
2026-08-04T18:16:29.119,49.873,waiting_for_landing,,,,,False,,,35.9184062,139.9079523,,,29.87,1011.5651171875,44.416015625,163.75,-52.5625,-125.0625,-8.24,6.54,-3.35,28.375,-29.8125,41.75,2,,,,,
2026-08-04T18:16:29.619,50.373,waiting_for_landing,,,,,False,,,35.9184062,139.9079523,,,29.88,1011.51890625,44.3935546875,174.75,-43.8125,-114.8125,-7.11,5.63,-1.53,-30.5,-112.625,-44.375,3,,,,,
2026-08-04T18:16:30.120,50.874,waiting_for_landing,,,,,False,,,35.9184062,139.9079523,,,29.89,1011.6977734375,44.359375,238.9375,-72.375,-95.8125,-9.58,1.68,-1.03,85.375,-41.0625,-24.75,3,,,,,
2026-08-04T18:16:30.620,51.374,waiting_for_landing,,,,,False,,,35.9184062,139.9079523,,,29.87,1011.6465625,44.3232421875,316.5,-80.9375,-173.125,-11.35,-2.08,-0.6,212.3125,11.1875,-45.5625,3,,,,,
2026-08-04T18:16:31.120,51.874,waiting_for_landing,,,,,False,,,35.9184062,139.9079523,,,29.89,1011.651484375,44.3134765625,352.75,-78.5625,159.75,-10.88,-1.52,-0.79,7.4375,-4.6875,-3.3125,3,,,,,
2026-08-04T18:16:31.621,52.375,waiting_for_landing,,,,,False,,,35.9184062,139.9079523,,,28.95,1010.1605078125,44.337890625,353.5625,-86.8125,178.375,-9.86,-0.55,-0.44,0.125,0.1875,-1.0,3,,,,,
2026-08-04T18:16:32.121,52.876,waiting_for_landing,,,,,False,,,35.9184062,139.9079523,,,29.9,1011.695,44.3388671875,45.8125,-87.3125,178.6875,-9.92,-0.1,-0.22,-0.0625,0.0,0.0,3,,,,,
2026-08-04T18:16:32.622,53.376,waiting_for_landing,,,,,False,,,35.9184062,139.9079523,,,29.89,1011.651484375,44.58984375,65.6875,-87.625,178.875,-9.92,-0.08,-0.22,-0.0625,-0.0625,0.0,3,,,,,
2026-08-04T18:16:33.122,53.876,waiting_for_landing,,,,,False,,,35.9184062,139.9079523,,,29.88,1011.6274609375,44.2783203125,78.5,-87.875,179.0,-9.9,-0.1,-0.21,0.125,-0.0625,0.125,51,,,,,
2026-08-04T18:16:33.623,54.377,waiting_for_landing,,,,,False,,,35.9184062,139.9079523,,,29.9,1011.74125,44.24609375,83.25,-87.875,179.0625,-9.9,-0.08,-0.23,0.0625,0.0625,0.0625,115,,,,,
2026-08-04T18:16:34.123,54.877,waiting_for_landing,,,,,False,,,35.9184062,139.9079523,,,29.9,1011.686953125,44.24609375,86.5,-87.875,179.0625,-9.94,-0.08,-0.19,0.0625,-0.0625,0.0625,179,,,,,
2026-08-04T18:16:34.624,55.378,waiting_for_landing,,,,,False,,,35.9184062,139.9079523,,,29.9,1011.6598046875,44.22265625,87.6875,-87.875,179.0625,-9.92,-0.09,-0.21,-0.0625,-0.125,0.0,243,,,,,
2026-08-04T18:16:35.124,55.878,waiting_for_landing,,,,,False,,,35.9184062,139.9079523,,,29.9,1011.6678125,44.2119140625,88.375,-87.875,179.0625,-9.91,-0.1,-0.23,0.0625,0.0,-0.0625,243,,,,,
2026-08-04T18:16:35.625,56.379,waiting_for_landing,,,,,False,,,35.9184062,139.9079523,,,29.89,1011.70578125,44.1640625,88.625,-87.875,179.0625,-9.93,-0.09,-0.23,0.125,-0.0625,0.0,243,,,,,
2026-08-04T18:16:36.125,56.879,waiting_for_landing,,,,,False,,,35.9184062,139.9079523,,,29.9,1011.722109375,44.177734375,88.75,-87.875,179.0625,-9.91,-0.09,-0.24,-0.0625,-0.125,0.125,243,,,,,
2026-08-04T18:16:36.625,57.379,waiting_for_landing,,,,,False,,,35.9184062,139.9079523,,,29.91,1011.70296875,44.166015625,88.75,-87.875,179.0625,-9.93,-0.11,-0.24,0.125,-0.0625,0.0625,243,,,,,
2026-08-04T18:16:37.126,57.880,waiting_for_landing,,,,,False,,,35.9184062,139.9079523,,,29.91,1011.6758203125,44.1318359375,88.75,-87.875,179.0625,-9.94,-0.08,-0.22,0.0,-0.125,0.0,243,,,,,
2026-08-04T18:16:37.626,58.380,waiting_for_landing,,,,,False,,,35.9184062,139.9079523,,,29.9,1011.695,44.1435546875,88.75,-87.875,187.0625,-9.91,-0.1,-0.18,-0.0625,0.0,0.0,243,,,,,
2026-08-04T18:16:38.127,58.881,waiting_for_landing,,,,,False,,,35.9184062,139.9079523,,,29.91,1011.6487109375,44.1318359375,88.75,-87.875,179.0625,-9.91,-0.08,-0.23,0.0,-0.0625,0.0,243,,,,,
2026-08-04T18:16:38.627,59.381,waiting_for_landing,,,,,False,,,35.9184062,139.9079523,,,29.91,1011.6838671875,44.1083984375,88.75,-87.875,179.0625,-9.94,-0.09,-0.21,0.0,0.0625,0.0625,243,,,,,
2026-08-04T18:16:39.128,59.882,waiting_for_landing,,,,,False,,,35.9184062,139.9079523,,,29.91,1011.7109765625,44.0625,88.75,-87.875,179.0625,-9.9,-0.09,-0.24,-0.0625,0.0625,0.0625,243,,,,,
2026-08-04T18:16:39.628,60.382,waiting_for_landing,,,,,False,,,35.9184062,139.9079523,,,29.91,1011.7381640625,44.1083984375,88.75,-87.875,179.0625,-9.91,-0.09,-0.22,0.0,0.0,-0.0625,243,,,,,
2026-08-04T18:16:40.128,60.883,waiting_for_landing,,,,,False,,,35.9184062,139.9079523,,,29.91,1011.70296875,44.09765625,88.75,-87.875,179.0625,-9.9,-0.1,-0.24,0.0625,0.125,0.0,243,,,,,
2026-08-04T18:16:40.629,61.383,waiting_for_landing,,,,,False,,,35.9184062,139.9079523,,,29.91,1011.7109765625,44.0625,88.75,-87.875,179.0625,-9.91,-0.1,-0.22,0.0,0.0625,0.125,243,,,,,
2026-08-04T18:16:41.129,61.883,waiting_for_landing,,,,,False,,,35.9184062,139.9079523,,,29.92,1011.672734375,44.1220703125,88.75,-87.875,179.0625,-9.91,-0.1,-0.22,0.0,-0.125,0.125,243,,,,,
2026-08-04T18:16:41.630,62.384,waiting_for_landing,,,,,False,,,35.9184062,139.9079523,,,29.92,1011.7190234375,44.0517578125,88.75,-87.875,179.0625,-9.93,-0.1,-0.24,0.0,0.0625,-0.0625,243,,,,,
2026-08-04T18:16:42.130,62.884,waiting_for_landing,,,,,False,,,35.9184062,139.9079523,,,28.96,1010.2036328125,44.02734375,88.75,-87.875,179.0625,-9.9,-0.1,-0.21,0.0,0.0625,0.0,243,,,,,
2026-08-04T18:16:42.630,63.385,waiting_for_landing,,,,,False,,,35.9184062,139.9079523,,,29.93,1011.71625,43.9501953125,88.75,-87.875,179.0625,-9.91,-0.08,-0.22,-0.0625,-0.0625,-0.0625,243,,,,,
2026-08-04T18:16:43.131,63.885,waiting_for_landing,,,,,False,,,35.9184062,139.9079523,,,29.93,1011.6619140625,44.0888671875,88.75,-87.875,179.0625,-8.63,-0.11,-0.24,0.0,0.0,0.0,243,,,,,
2026-08-04T18:16:43.632,64.386,landed,,,,,False,,,35.9184062,139.9079523,,,29.92,1011.6998828125,43.97265625,88.75,-87.875,179.0625,-9.92,-0.07,-0.24,0.0625,0.125,0.0625,243,,,,,
2026-08-04T18:16:44.132,64.886,landed,,,,,False,,,35.9184062,139.9079523,,,29.92,1011.691875,43.994140625,88.75,-87.875,179.0625,-9.92,-0.09,-0.22,0.0,-0.0625,0.125,243,,,,,
2026-08-04T18:16:44.632,65.387,landed,,,,,False,,,35.9184062,139.9079523,,,29.93,1011.71625,43.8466796875,88.75,-87.875,179.0625,-9.9,-0.09,-0.21,0.0,0.125,0.0,243,,,,,
2026-08-04T18:16:45.133,65.887,landed,,,,,False,,,35.9184062,139.9079523,,,29.94,1011.75140625,43.9736328125,88.75,-87.875,179.0625,-9.89,-0.08,-0.23,-0.0625,0.25,0.0625,243,,,,,
2026-08-04T18:16:45.635,66.389,landed,,,,,False,,,35.9184062,139.9079523,,,29.93,1011.6807421875,43.9736328125,88.75,-87.875,179.0625,-9.91,-0.1,-0.22,0.0625,0.0,0.0625,243,,,,,
2026-08-04T18:16:46.136,66.890,landed,,,,,False,,,35.9184062,139.9079523,,,29.93,1011.6890625,43.9501953125,88.75,-87.875,179.0625,-9.89,-0.08,-0.23,0.0625,0.0,0.0625,243,,,,,
2026-08-04T18:16:46.646,67.400,landed,,,,,False,,,35.9184062,139.9079523,,,29.95,1011.658828125,43.9296875,88.75,-87.875,179.0625,-9.92,-0.09,-0.22,0.0,0.0,0.0,243,,,,,
2026-08-04T18:16:47.160,67.915,landed,,,,,False,,,35.9184062,139.9079523,,,29.94,1011.7051171875,43.974609375,88.75,-87.875,179.0625,-9.92,-0.07,-0.2,0.0625,-0.0625,0.0,243,,,,,
2026-08-04T18:16:47.663,68.417,landed,,,,,False,,,35.9184062,139.9079523,,,29.91,1011.65671875,43.9013671875,88.75,-87.875,179.0625,-9.91,-0.09,-0.24,-0.0625,-0.0625,0.0,243,,,,,
2026-08-04T18:16:48.166,68.920,landed,,,,,False,,,35.9184062,139.9079523,,,29.94,1011.67796875,43.8935546875,88.75,-87.875,179.0625,-9.93,-0.07,-0.21,0.125,-0.125,0.125,243,,,,,
2026-08-04T18:16:48.680,69.435,landed,,,,,False,,,35.9184062,139.9079523,,,29.94,1011.7594140625,43.8828125,88.75,-87.875,179.0625,-9.92,-0.09,-0.25,0.0625,0.0625,0.0,243,,,,,
2026-08-04T18:16:49.184,69.938,landed,,,,,False,,,35.9184062,139.9079523,,,29.95,1011.693984375,43.8837890625,88.75,-87.875,179.0625,-9.9,-0.08,-0.17,-0.0625,-0.0625,0.0625,243,,,,,
2026-08-04T18:16:49.708,70.462,landed,,,,,False,,,35.9184062,139.9079523,,,29.95,1011.7211328125,43.849609375,88.75,-87.875,179.0625,-9.93,-0.11,-0.25,0.0,0.0625,-0.125,243,,,,,
2026-08-04T18:16:50.216,70.970,landed,,,,,False,,,35.9184062,139.9079523,,,29.95,1011.6668359375,43.873046875,88.75,-87.875,179.0625,-9.91,-0.08,-0.21,0.0,0.0,0.0,243,,,,,
2026-08-04T18:16:50.742,71.496,landed,,,,,False,,,35.9184062,139.9079523,,,29.96,1011.6476953125,43.837890625,88.75,-87.875,179.0625,-9.92,-0.08,-0.21,0.0625,0.0,0.0,243,,,,,
2026-08-04T18:16:51.251,72.005,landed,,,,,False,,,35.9184062,139.9079523,,,29.95,1011.693984375,43.8154296875,88.75,-87.875,179.0625,-9.91,-0.1,-0.25,0.0,0.125,-0.125,243,,,,,
2026-08-04T18:16:51.768,72.522,landed,,,,,False,,,35.9184062,139.9079523,,,29.96,1011.7371484375,43.7802734375,88.75,-87.875,179.0625,-9.9,-0.09,-0.23,0.0,0.0,-0.0625,243,,,,,
2026-08-04T18:16:52.269,73.030,landed,,,,,False,,,35.9184062,139.9079523,,,29.96,1011.655703125,43.76953125,88.75,-87.875,179.0625,-9.92,-0.1,-0.21,-0.0625,0.0625,0.0625,243,,,,,
2026-08-04T18:16:52.771,73.525,landed,,,,,False,,,35.9184062,139.9079523,,,29.01,1010.1759375,43.74609375,88.75,-87.875,179.0625,-9.91,-0.1,-0.24,0.0625,0.0,0.0,243,,,,,
2026-08-04T18:16:53.286,74.040,landed,,,,,False,,,35.9184062,139.9079523,,,28.23,1008.9161328125,43.728515625,88.75,-87.875,179.0625,-9.91,-0.09,-0.2,0.0,0.0,0.0625,243,,,,,
2026-08-04T18:16:53.788,74.542,landed,,,,,False,,,35.9184062,139.9079523,,,29.98,1012.16875,43.724609375,88.75,-87.875,179.0625,-9.93,-0.1,-0.22,0.0625,-0.125,0.0,243,,,,,
2026-08-04T18:16:54.288,75.042,landed,,,,,False,,,35.9184062,139.9079523,,,29.98,1011.6880859375,43.7021484375,88.75,-87.875,179.0625,-8.63,-0.06,-0.2,0.0,-0.1875,0.0625,243,,,,,
2026-08-04T18:16:54.796,75.551,landed,,,,,False,,,35.9184062,139.9079523,,,29.98,1011.715234375,43.724609375,88.75,-87.875,179.0625,-9.93,-0.08,-0.23,0.0,-0.125,0.0,243,,,,,
2026-08-04T18:16:55.297,76.052,landed,,,,,False,,,35.9184062,139.9079523,,,29.98,1011.734375,43.6904296875,88.75,-87.875,179.0625,-9.92,-0.1,-0.21,0.0,-0.0625,-0.0625,243,,,,,
2026-08-04T18:16:55.798,76.552,landed,,,,,False,,,35.9184062,139.9079523,,,29.99,1011.7232421875,43.6572265625,88.75,-87.875,179.0625,-9.9,-0.1,-0.2,0.0,0.125,-0.0625,243,,,,,
2026-08-04T18:16:56.298,77.052,landed,,,,,False,,,35.9184062,139.9079523,,,29.98,1011.6880859375,43.6669921875,88.75,-87.875,179.0625,-9.92,-0.09,-0.18,0.0,0.0,-0.0625,243,,,,,
2026-08-04T18:16:56.799,77.553,landed,,,,,False,,,35.9184062,139.9079523,,,29.99,1011.6961328125,43.6455078125,88.75,-87.875,179.0625,-9.92,-0.09,-0.22,0.0625,0.0,-0.125,243,,,,,
2026-08-04T18:16:57.299,78.053,landed,,,,,False,,,35.9184062,139.9079523,,,29.98,1011.6880859375,43.62109375,88.75,-88.125,179.0625,-10.04,-0.72,0.06,-0.125,-0.625,11.625,243,,,,,
2026-08-04T18:16:57.799,78.553,landed,,,,,False,,,35.9184062,139.9079523,,,30.0,1011.6578125,43.623046875,87.375,-78.125,59.625,-11.09,-0.6,0.39,-32.9375,3.5625,50.4375,243,,,,,
2026-08-04T18:16:58.300,79.054,landed,,,,,False,,,35.9184062,139.9079523,,,30.0,1011.6578125,43.6572265625,54.75,-85.8125,175.625,-9.06,0.5,0.78,-69.0,-14.25,-37.625,51,,,,,
2026-08-04T18:16:58.800,79.554,landed,,,,,False,,,35.9184062,139.9079523,,,30.01,1011.5926953125,43.7158203125,46.875,-83.875,-5.375,-8.88,0.6,0.52,-40.25,-21.3125,-37.25,51,,,,,
2026-08-04T18:16:59.301,80.055,landed,,,,,False,,,35.9184062,139.9079523,,,30.0,1011.638984375,43.669921875,23.1875,-89.125,-0.8125,-9.82,-0.06,0.0,-77.5625,-13.1875,-26.6875,51,,,,,
2026-08-04T18:16:59.801,80.555,landed,,,,,False,,,35.9184062,139.9079523,,,30.0,1011.6035546875,43.6689453125,33.0625,-85.3125,1.8125,-9.84,-0.12,0.4,45.625,14.5,35.5625,51,,,,,
2026-08-04T18:17:00.302,81.056,landed,,,,,False,,,35.9184062,139.9079523,,,29.99,1011.568359375,43.646484375,33.4375,-86.25,-1.0625,-9.74,0.13,0.93,33.25,20.8125,19.0625,51,,,,,
2026-08-04T18:17:00.802,81.556,landed,,,,,False,,,35.9184062,139.9079523,,,29.99,1011.595546875,43.51953125,40.4375,-86.6875,-0.25,-11.45,-0.2,-0.03,21.125,16.25,-22.0,51,,,,,
2026-08-04T18:17:01.306,82.060,landed,,,,,False,,,35.9184062,139.9079523,,,29.99,1011.595546875,43.3359375,55.4375,-86.125,1.25,-10.89,-0.35,0.2,-6.75,-3.3125,-15.6875,51,,,,,
2026-08-04T18:17:01.807,82.561,landed,,,,,False,,,35.9184062,139.9079523,,,29.99,1011.5412109375,43.1865234375,56.4375,-85.9375,3.4375,-9.88,0.05,0.66,14.5,-18.4375,-3.5,51,,,,,
2026-08-04T18:17:02.307,83.061,landed,,,,,False,,,35.9184062,139.9079523,,,30.0,1011.5304296875,42.9912109375,50.875,-80.5,20.6875,-9.28,0.22,1.31,-47.1875,-38.0625,-11.3125,51,,,,,
2026-08-04T18:17:02.807,83.561,landed,,,,,False,,,35.9184062,139.9079523,,,29.99,1011.5412109375,42.8525390625,28.9375,-74.125,-14.3125,-8.47,0.61,1.8,-60.6875,-15.125,6.3125,51,,,,,
2026-08-04T18:17:03.308,84.062,landed,,,,,False,,,35.9184062,139.9079523,,,28.47,1009.1405078125,42.708984375,9.875,-76.75,0.1875,-8.56,0.24,2.33,-45.1875,-7.1875,-2.5,51,,,,,
2026-08-04T18:17:03.808,84.562,landed,,,,,False,,,35.9184062,139.9079523,,,30.01,1011.5655859375,42.53125,359.625,-82.5,110.5,-7.62,-1.55,-1.98,-35.125,132.6875,-17.9375,51,,,,,
2026-08-04T18:17:04.308,85.063,landed,,,,,False,,,35.9184062,139.9079523,,,29.98,1011.55234375,42.37890625,13.875,-75.5625,-32.8125,-8.89,-0.35,1.11,104.125,-98.625,99.6875,51,,,,,
2026-08-04T18:17:04.809,85.563,landed,,,,,False,,,35.9184062,139.9079523,,,29.99,1011.5412109375,42.369140625,28.9375,-47.875,-107.1875,-7.98,5.85,-2.9,93.875,40.9375,-33.625,51,,,,,
2026-08-04T18:17:05.309,86.063,landed,,,,,False,,,35.9184062,139.9079523,,,29.99,1011.595546875,42.2314453125,66.3125,-50.5,-118.125,-8.71,6.29,-3.35,73.125,-27.3125,8.9375,51,,,,,
2026-08-04T18:17:05.810,86.564,landed,,,,,False,,,35.9184062,139.9079523,,,29.99,1011.595546875,42.0009765625,109.9375,-80.25,-75.3125,-11.81,1.1,1.47,36.625,1.875,-9.375,51,,,,,
2026-08-04T18:17:06.310,87.064,landed,,,,,False,,,35.9184062,139.9079523,,,30.0,1011.5575390625,41.8291015625,138.5,-79.0,44.4375,-9.87,-1.24,2.06,-11.1875,-10.625,-4.875,51,,,,,
2026-08-04T18:17:06.811,87.565,landed,,,,,False,,,35.9184062,139.9079523,,,30.0,1011.5847265625,41.806640625,153.0,-73.0625,104.4375,-8.78,-1.15,-0.79,24.5,25.0625,22.5625,51,,,,,
2026-08-04T18:17:07.311,88.065,landed,,,,,False,,,35.9184062,139.9079523,,,30.0,1011.666171875,41.47265625,141.6875,-71.0625,113.5,-7.95,-2.55,-1.35,-18.75,-30.25,-15.375,51,,,,,
2026-08-04T18:17:07.811,88.565,landed,,,,,False,,,35.9184062,139.9079523,,,30.01,1011.6198828125,41.6103515625,137.3125,-74.625,109.0,-8.43,-2.02,-1.04,-7.5625,-23.8125,13.0,51,,,,,
2026-08-04T18:17:08.326,89.080,landed,,,,,False,,,35.9184062,139.9079523,,,30.0,1011.5575390625,41.6337890625,118.9375,-83.5625,-179.0625,-8.75,0.2,-1.33,5.25,-0.4375,25.4375,51,,,,,
2026-08-04T18:17:08.827,89.581,landed,,,,,False,,,35.9184062,139.9079523,,,30.02,1011.5816015625,41.6923828125,158.4375,-84.5625,-177.4375,-9.12,-0.09,-0.07,-19.1875,6.75,-25.6875,51,,,,,
2026-08-04T18:17:09.327,90.081,landed,,,,,False,,,35.9184062,139.9079523,,,30.02,1011.554453125,41.703125,169.6875,-84.4375,-178.375,-10.32,-0.07,-1.44,-16.625,9.75,-2.5625,51,,,,,
2026-08-04T18:17:09.827,90.581,landed,,,,,False,,,35.9184062,139.9079523,,,30.02,1011.5816015625,41.75,174.9375,-85.8125,-179.1875,-9.72,0.31,-0.46,21.1875,-1.5,-6.75,51,,,,,
2026-08-04T18:17:10.328,91.082,landed,,,,,False,,,35.9184062,139.9079523,,,30.02,1011.5816015625,41.53125,181.875,-85.9375,187.25,-11.65,0.11,-1.77,-7.1875,28.75,-19.5625,179,,,,,
2026-08-04T18:17:10.828,91.582,landed,,,,,False,,,35.9184062,139.9079523,,,30.03,1011.5976171875,41.6357421875,183.125,-84.0625,177.625,-11.2,-0.7,-1.56,11.4375,-18.5625,2.625,243,,,,,
2026-08-04T18:17:11.329,92.083,landed,,,,,False,,,35.9184062,139.9079523,,,30.03,1011.5976171875,41.6357421875,181.75,-83.4375,177.875,-10.89,0.12,-1.25,22.375,6.1875,26.5625,243,,,,,
2026-08-04T18:17:11.829,92.583,landed,,,,,False,,,35.9184062,139.9079523,,,30.04,1011.6139453125,41.568359375,178.4375,-83.375,177.8125,-10.89,-0.74,-1.79,28.0,-8.9375,11.3125,243,,,,,
2026-08-04T18:17:12.329,93.084,landed,,,,,False,,,35.9184062,139.9079523,,,30.04,1011.5784765625,41.5673828125,188.3125,-82.125,132.5,-9.54,0.43,-0.6,1.3125,-17.1875,8.5,243,,,,,
2026-08-04T18:17:12.830,93.584,landed,,,,,False,,,35.9184062,139.9079523,,,30.05,1011.5948046875,41.533203125,188.25,-79.0625,127.875,-10.07,-1.24,-1.01,-6.8125,4.5625,19.8125,243,,,,,
2026-08-04T18:17:13.330,94.084,landed,,,,,False,,,35.9184062,139.9079523,,,30.05,1011.8391796875,41.544921875,189.8125,-79.125,139.125,-8.47,-0.2,-1.25,4.5625,-33.3125,-0.9375,243,,,,,
2026-08-04T18:17:13.831,94.585,landed,,,,,False,,,35.9184062,139.9079523,,,29.05,1010.0237890625,41.546875,191.6875,-77.625,132.4375,-8.6,-1.01,-1.01,-15.3125,-10.5625,-8.8125,243,,,,,
2026-08-04T18:17:14.331,95.085,landed,,,,,False,,,35.9184062,139.9079523,,,30.06,1011.6188671875,41.53515625,196.6875,-78.8125,129.25,-8.7,-0.93,-1.27,12.8125,-11.0,-3.0625,179,,,,,
2026-08-04T18:17:14.832,95.586,landed,,,,,False,,,35.9184062,139.9079523,,,30.05,1011.52140625,41.5576171875,197.5,-80.9375,121.0625,-9.02,-1.44,-1.0,-27.0625,-0.125,-31.125,115,,,,,
2026-08-04T18:17:15.332,96.086,landed,,,,,False,,,35.9184062,139.9079523,,,30.06,1011.610859375,41.6611328125,203.0625,-79.3125,107.9375,-8.96,-2.22,0.11,-3.5625,30.625,-10.9375,115,,,,,
2026-08-04T18:17:15.832,96.586,landed,,,,,False,,,35.9184062,139.9079523,,,30.06,1011.610859375,41.9833984375,206.3125,-79.125,111.375,-11.96,-1.45,-1.78,-17.625,16.1875,4.875,179,,,,,
2026-08-04T18:17:16.333,97.087,landed,,,,,False,,,35.9184062,139.9079523,,,30.05,1011.56765625,42.48828125,199.1875,-80.625,93.0,-11.1,-2.05,-0.56,16.25,-13.1875,-4.0,179,,,,,
2026-08-04T18:17:16.833,97.587,landed,,,,,False,,,35.9184062,139.9079523,,,30.06,1011.610859375,42.7080078125,199.4375,-81.6875,98.6875,-10.84,-1.1,-0.86,32.375,-11.25,26.5,115,,,,,
2026-08-04T18:17:17.334,98.088,landed,,,,,False,,,35.9184062,139.9079523,,,30.06,1011.5837109375,42.7431640625,195.125,-82.125,86.6875,-10.27,-1.55,-0.41,14.375,-12.8125,-11.9375,115,,,,,
2026-08-04T18:17:17.834,98.588,landed,,,,,False,,,35.9184062,139.9079523,,,30.07,1011.6540234375,42.7666015625,201.625,-74.0,85.3125,-9.35,-1.76,0.17,2.375,9.4375,4.0625,51,,,,,
2026-08-04T18:17:18.334,99.088,landed,,,,,False,,,35.9184062,139.9079523,,,30.07,1011.87125,42.927734375,198.6875,-73.375,119.0,-9.37,-2.32,-0.87,6.8125,7.125,19.9375,51,,,,,
2026-08-04T18:17:18.835,99.589,landed,,,,,False,,,35.9184062,139.9079523,,,30.07,1011.6540234375,43.158203125,207.5,-73.5625,123.0,-9.09,-1.77,-1.55,17.0625,-15.125,-12.8125,51,,,,,
2026-08-04T18:17:19.335,100.089,landed,,,,,False,,,35.9184062,139.9079523,,,30.08,1011.5617578125,43.205078125,205.0625,-77.8125,120.0625,-8.29,-2.15,-0.79,-11.25,4.3125,-4.5625,51,,,,,
2026-08-04T18:17:19.836,100.590,landed,,,,,False,,,35.9184062,139.9079523,,,30.07,1011.6351953125,43.2392578125,207.375,-79.4375,118.4375,-8.62,-2.05,0.02,-27.125,36.3125,-36.0,51,,,,,
2026-08-04T18:17:20.343,101.097,landed,,,,,False,,,35.9184062,139.9079523,,,30.07,1011.5266015625,43.376953125,209.125,-74.375,117.625,-9.98,-2.32,-2.02,-6.5625,-9.75,-25.75,243,,,,,
2026-08-04T18:17:20.846,101.600,landed,,,,,False,,,35.9184062,139.9079523,,,30.08,1011.6703515625,43.7578125,206.75,-74.25,103.8125,-9.37,-2.39,-0.72,0.25,3.625,-8.5,243,,,,,
2026-08-04T18:17:21.356,102.110,landed,,,,,False,,,35.9184062,139.9079523,,,30.07,1011.608046875,43.998046875,204.3125,-67.25,96.3125,-11.24,-4.71,-1.42,-45.0,0.5625,-13.4375,115,,,,,
2026-08-04T18:17:21.856,102.611,landed,,,,,False,,,35.9184062,139.9079523,,,30.08,1011.6160546875,44.275390625,196.5,-67.0,88.625,-10.27,-4.8,-0.21,16.3125,-5.25,-12.0625,115,,,,,
2026-08-04T18:17:22.357,103.111,landed,,,,,False,,,35.9184062,139.9079523,,,30.09,1011.68640625,44.263671875,199.3125,-69.1875,86.6875,-11.04,-3.71,0.55,-10.375,-3.625,-8.875,115,,,,,
2026-08-04T18:17:22.857,103.611,landed,,,,,False,,,35.9184062,139.9079523,,,30.07,1011.5997265625,44.158203125,198.875,-69.0625,84.625,-10.13,-3.95,0.08,32.4375,-4.3125,4.125,115,,,,,
2026-08-04T18:17:23.358,104.112,landed,,,,,False,,,35.9184062,139.9079523,,,30.06,1011.7003125,43.9052734375,207.3125,-67.375,91.4375,-10.17,-3.21,-0.13,13.875,3.1875,7.6875,115,,,,,
2026-08-04T18:17:23.858,104.612,landed,,,,,False,,,35.9184062,139.9079523,,,30.07,1011.6540234375,43.8134765625,219.125,-65.875,93.375,-8.47,-3.62,0.08,34.5,-7.9375,15.1875,115,,,,,
2026-08-04T18:17:24.359,105.113,landed,,,,,False,,,35.9184062,139.9079523,,,29.03,1010.0266015625,43.783203125,220.125,-65.75,92.0,-8.36,-1.76,-0.33,11.5625,-16.25,17.5625,115,,,,,
2026-08-04T18:17:24.859,105.613,landed,,,,,False,,,35.9184062,139.9079523,,,30.08,1011.7326953125,43.8154296875,215.1875,-67.0,92.1875,-8.25,-2.94,-0.05,9.625,-8.6875,18.625,115,,,,,
2026-08-04T18:17:25.359,106.113,landed,,,,,False,,,35.9184062,139.9079523,,,30.08,1011.6703515625,43.953125,223.375,-65.5,92.625,-7.15,-2.05,0.15,9.9375,-23.5625,5.375,115,,,,,
2026-08-04T18:17:25.860,106.614,landed,,,,,False,,,35.9184062,139.9079523,,,30.08,1011.6703515625,43.9765625,221.6875,-63.9375,96.8125,-7.88,-3.61,-0.2,-3.1875,1.75,22.5625,115,,,,,
2026-08-04T18:17:26.360,107.114,landed,,,,,False,,,35.9184062,139.9079523,,,30.08,1011.6432421875,44.1259765625,224.25,-70.875,96.625,-7.45,-1.95,-0.11,26.0,-36.0625,0.5625,179,,,,,
2026-08-04T18:17:26.861,107.615,landed,,,,,False,,,35.9184062,139.9079523,,,30.08,1011.6975390625,44.8154296875,225.1875,-66.625,93.4375,-6.88,-2.36,0.58,-9.9375,-5.5625,16.8125,179,,,,,
2026-08-04T18:17:27.361,108.115,landed,,,,,False,,,35.9184062,139.9079523,,,30.08,1011.6703515625,45.40234375,227.625,-68.875,96.25,-7.08,-2.38,0.22,17.125,-20.0,3.1875,179,,,,,
2026-08-04T18:17:27.861,108.616,landed,,,,,False,,,35.9184062,139.9079523,,,30.07,1011.681171875,45.9287109375,227.5625,-65.625,94.0,-5.68,-2.95,0.0,-8.1875,-6.0625,3.375,179,,,,,
2026-08-04T18:17:28.362,109.116,landed,,,,,False,,,35.9184062,139.9079523,,,30.07,1011.6351953125,46.2978515625,233.0,-66.9375,100.6875,-8.13,-2.99,0.19,18.1875,3.625,-10.375,179,,,,,
2026-08-04T18:17:28.862,109.616,landed,,,,,False,,,35.9184062,139.9079523,,,30.07,1011.681171875,46.515625,228.6875,-64.125,90.0625,-7.01,-3.62,0.39,-19.3125,8.625,-4.8125,179,,,,,
2026-08-04T18:17:29.363,110.117,landed,,,,,False,,,35.9184062,139.9079523,,,30.09,1011.713515625,46.6669921875,231.6875,-52.75,93.75,-7.78,-3.67,0.54,-10.75,11.125,-19.875,179,,,,,
2026-08-04T18:17:29.863,110.617,landed,,,,,False,,,35.9184062,139.9079523,,,30.07,1011.608046875,46.8037109375,221.0,-69.8125,88.4375,-7.14,-2.6,-0.07,-2.3125,-10.625,5.4375,179,,,,,
2026-08-04T18:17:30.364,111.118,landed,,,,,False,,,35.9184062,139.9079523,,,30.07,1011.5997265625,46.8720703125,236.0625,-64.125,92.6875,-8.43,-3.85,-0.45,-8.1875,20.8125,-51.875,179,,,,,
2026-08-04T18:17:30.864,111.618,landed,,,,,False,,,35.9184062,139.9079523,,,30.09,1011.65921875,46.8740234375,236.3125,-57.3125,84.5,-8.21,-5.9,-0.51,6.8125,-27.375,-24.1875,179,,,,,
2026-08-04T18:17:31.364,112.118,landed,,,,,False,,,35.9184062,139.9079523,,,30.1,1011.75671875,46.8642578125,243.5625,-56.3125,85.1875,-7.42,-4.65,0.32,27.0625,15.375,6.5,179,,,,,
2026-08-04T18:17:31.866,112.620,landed,,,,,False,,,35.9184062,139.9079523,,,30.09,1011.640078125,46.83984375,240.9375,-51.8125,68.1875,-9.08,-6.05,1.03,-20.875,-28.6875,21.0,179,,,,,
2026-08-04T18:17:32.366,113.121,landed,,,,,False,,,35.9184062,139.9079523,,,30.09,1011.632109375,46.8623046875,231.25,-57.75,55.6875,-8.79,-4.08,2.76,0.9375,22.75,-20.0,179,,,,,
2026-08-04T18:17:32.867,113.621,landed,,,,,False,,,35.9184062,139.9079523,,,30.09,1011.7215625,46.9892578125,235.125,-53.625,73.9375,-11.49,-8.02,1.03,-62.6875,0.1875,-7.25,179,,,,,
2026-08-04T18:17:33.367,114.121,landed,,,,,False,,,35.9184062,139.9079523,,,30.09,1011.68640625,47.0576171875,227.4375,-49.125,65.625,-9.97,-6.58,1.9,20.5,18.875,-26.125,179,,,,,
2026-08-04T18:17:33.868,114.622,landed,,,,,False,,,35.9184062,139.9079523,,,30.1,1011.6752734375,47.173828125,237.8125,-53.625,69.5,-11.94,-6.18,1.24,-25.75,-11.0625,2.25,179,,,,,
2026-08-04T18:17:34.368,115.122,landed,,,,,False,,,35.9184062,139.9079523,,,30.1,1011.7104296875,47.185546875,222.1875,-60.75,67.625,-9.96,-6.03,1.32,36.5625,-24.1875,-18.9375,179,,,,,
2026-08-04T18:17:34.869,115.623,landed,,,,,False,,,35.9184062,139.9079523,,,29.05,1010.086015625,47.203125,232.875,-58.0625,70.625,-10.6,-5.61,1.04,18.625,3.375,-3.5625,179,,,,,
2026-08-04T18:17:35.369,116.123,landed,,,,,False,,,35.9184062,139.9079523,,,30.1,1011.7104296875,47.2314453125,238.9375,-50.0625,76.8125,-9.42,-7.61,0.0,18.375,4.375,-11.25,179,,,,,
2026-08-04T18:17:35.869,116.623,landed,,,,,False,,,35.9184062,139.9079523,,,30.08,1011.678359375,47.2529296875,246.0,-54.625,67.6875,-9.57,-6.01,1.85,8.0,9.625,9.6875,179,,,,,
2026-08-04T18:17:36.370,117.124,landed,,,,,False,,,35.9184062,139.9079523,,,30.09,1011.694375,47.357421875,239.3125,-61.8125,78.375,-9.79,-5.5,0.98,26.8125,-9.6875,-8.4375,179,,,,,
2026-08-04T18:17:36.870,117.624,landed,,,,,False,,,35.9184062,139.9079523,,,30.08,1011.6512109375,47.1494140625,249.3125,-52.1875,77.8125,-8.28,-5.47,0.73,-7.5625,-15.75,1.1875,179,,,,,
2026-08-04T18:17:37.371,118.125,landed,,,,,False,,,35.9184062,139.9079523,,,30.09,1011.68640625,47.298828125,233.375,-59.4375,80.25,-7.82,-4.29,0.96,-21.8125,39.3125,34.3125,179,,,,,
2026-08-04T18:17:37.871,118.625,landed,,,,,False,,,35.9184062,139.9079523,,,30.1,1011.6018359375,47.3125,220.5,-70.5625,96.8125,-7.72,-2.78,-0.59,-33.0625,21.625,28.625,179,,,,,
2026-08-04T18:17:38.371,119.125,landed,,,,,False,,,35.9184062,139.9079523,,,30.1,1011.6480859375,47.2431640625,221.25,-65.0625,77.75,-7.7,-2.81,0.74,53.3125,-52.875,-17.875,179,,,,,
2026-08-04T18:17:38.872,119.626,landed,,,,,False,,,35.9184062,139.9079523,,,30.11,1011.6644140625,47.32421875,220.5625,-65.5625,85.625,-6.4,-3.23,-0.14,-26.3125,16.1875,1.5,179,,,,,
2026-08-04T18:17:39.372,120.126,landed,,,,,False,,,35.9184062,139.9079523,,,30.11,1011.6644140625,47.34765625,215.9375,-63.8125,89.4375,-5.11,-2.66,0.32,6.75,10.3125,8.1875,179,,,,,
2026-08-04T18:17:39.873,120.627,landed,,,,,False,,,35.9184062,139.9079523,,,30.11,1011.6644140625,47.4052734375,228.75,-53.125,85.3125,-5.66,-4.3,0.0,18.1875,-28.75,-6.4375,179,,,,,
2026-08-04T18:17:40.373,121.127,landed,,,,,False,,,35.9184062,139.9079523,,,30.1,1011.6289453125,47.47265625,215.8125,-53.0,76.4375,-5.14,-3.23,0.61,-14.5,6.4375,19.75,179,,,,,
2026-08-04T18:17:40.874,121.628,landed,,,,,False,,,35.9184062,139.9079523,,,30.1,1011.702421875,47.4619140625,221.0625,-48.75,85.125,-5.84,-5.59,-0.2,8.5625,-14.5625,-13.0625,179,,,,,
2026-08-04T18:17:41.374,122.128,landed,,,,,False,,,35.9184062,139.9079523,,,30.1,1011.6561328125,47.4619140625,216.75,-49.0625,78.6875,-5.42,-5.59,0.29,-7.8125,-9.6875,18.0625,179,,,,,
2026-08-04T18:17:41.874,122.629,landed,,,,,False,,,35.9184062,139.9079523,,,30.1,1011.6752734375,47.4619140625,226.25,-47.0625,83.4375,-7.22,-6.02,0.77,13.4375,16.0,-17.375,179,,,,,
2026-08-04T18:17:42.375,123.129,landed,,,,,False,,,35.9184062,139.9079523,,,30.11,1011.6724609375,47.439453125,224.5625,-49.625,76.875,-8.04,-6.37,0.18,-11.125,-19.0625,-9.25,179,,,,,
2026-08-04T18:17:42.875,123.629,landed,,,,,False,,,35.9184062,139.9079523,,,30.11,1011.5558203125,47.451171875,231.9375,-45.0,76.5625,-7.05,-6.07,1.35,19.875,7.8125,9.3125,179,,,,,
2026-08-04T18:17:43.376,124.130,landed,,,,,False,,,35.9184062,139.9079523,,,30.11,1011.6453125,47.4736328125,230.9375,-47.875,78.625,-7.78,-7.6,0.83,-30.375,0.5625,14.4375,179,,,,,
2026-08-04T18:17:43.876,124.630,landed,,,,,False,,,35.9184062,139.9079523,,,30.12,1011.68046875,47.4638671875,228.125,-48.3125,81.375,-9.8,-8.33,0.53,12.9375,8.0625,-32.6875,179,,,,,
2026-08-04T18:17:44.377,125.131,landed,,,,,False,,,35.9184062,139.9079523,,,30.11,1011.6181640625,47.4970703125,230.5625,-46.875,78.0,-8.69,-6.83,0.69,4.9375,7.9375,10.3125,179,,,,,
2026-08-04T18:17:44.877,125.631,landed,,,,,False,,,35.9184062,139.9079523,,,30.11,1011.6644140625,47.5546875,227.875,-51.25,73.25,-8.6,-7.48,1.96,12.5625,36.1875,-1.6875,179,,,,,
2026-08-04T18:17:45.377,126.131,landed,,,,,False,,,35.9184062,139.9079523,,,29.04,1009.8528515625,47.5810546875,232.25,-47.1875,67.9375,-7.4,-6.04,1.84,1.75,-30.0,26.75,179,,,,,
2026-08-04T18:17:45.878,126.632,landed,,,,,False,,,35.9184062,139.9079523,,,30.13,1011.587890625,47.6025390625,225.6875,-56.25,61.75,-8.89,-4.31,2.14,-47.375,46.125,-38.625,115,,,,,
2026-08-04T18:17:46.383,127.137,landed,,,,,False,,,35.9184062,139.9079523,,,30.12,1011.571875,47.61328125,246.125,-52.625,42.625,-5.97,-1.99,2.75,46.375,30.4375,-49.0625,115,,,,,
2026-08-04T18:17:46.883,127.637,landed,,,,,False,,,35.9184062,139.9079523,,,30.13,1011.6150390625,47.6142578125,255.25,-49.3125,36.25,-8.16,-3.33,4.55,-19.125,8.0,-34.25,115,,,,,
2026-08-04T18:17:47.384,128.138,landed,,,,,False,,,35.9184062,139.9079523,,,30.13,1011.587890625,47.6142578125,265.125,-55.8125,20.9375,-5.49,-0.84,3.73,13.125,57.4375,34.875,115,,,,,
2026-08-04T18:17:47.884,128.638,landed,,,,,False,,,35.9184062,139.9079523,,,30.12,1011.598984375,47.7158203125,262.4375,-61.625,16.5625,-8.13,-0.93,3.69,8.75,26.4375,13.5625,115,,,,,
2026-08-04T18:17:48.385,129.139,landed,,,,,False,,,35.9184062,139.9079523,,,30.11,1011.5830078125,47.7841796875,266.8125,-61.625,23.25,-7.62,-1.25,3.16,16.4375,48.625,-41.0,115,,,,,
2026-08-04T18:17:48.885,129.639,landed,,,,,False,,,35.9184062,139.9079523,,,30.12,1011.626171875,47.8193359375,268.4375,-64.1875,20.0,-7.69,-1.34,3.14,26.9375,-25.8125,21.9375,115,,,,,
2026-08-04T18:17:49.394,130.148,landed,,,,,False,,,35.9184062,139.9079523,,,29.02,1009.8750390625,47.8193359375,275.1875,-62.625,26.1875,-7.34,-1.86,3.23,-12.9375,-1.9375,-26.9375,115,,,,,
2026-08-04T18:17:49.894,130.648,landed,,,,,False,,,35.9184062,139.9079523,,,30.12,1011.57984375,47.85546875,282.0,-54.3125,33.3125,-8.17,-3.47,4.51,-2.625,-49.5,-34.375,115,,,,,
2026-08-04T18:17:50.395,131.149,landed,,,,,False,,,35.9184062,139.9079523,,,30.12,1011.571875,47.876953125,280.875,-42.5625,19.625,-6.5,-2.42,6.85,-55.75,-14.9375,-27.75,115,,,,,
2026-08-04T18:17:50.895,131.649,landed,,,,,False,,,35.9184062,139.9079523,,,30.11,1011.5558203125,47.93359375,279.9375,-41.75,26.5625,-6.08,-3.48,5.5,-2.5,-19.0625,4.875,115,,,,,
2026-08-04T18:17:51.395,132.150,landed,,,,,False,,,35.9184062,139.9079523,,,30.11,1011.6181640625,48.0029296875,282.8125,-40.5,21.1875,-6.84,-2.52,6.82,22.3125,25.625,-12.9375,115,,,,,
2026-08-04T18:17:51.896,132.650,landed,,,,,False,,,35.9184062,139.9079523,,,30.11,1011.6101171875,48.037109375,288.5,-50.6875,29.625,-8.68,-3.59,5.12,-40.0,-20.125,8.875,115,,,,,
2026-08-04T18:17:52.396,133.150,landed,,,,,False,,,35.9184062,139.9079523,,,30.1,1011.5475,48.0478515625,285.75,-45.0625,29.9375,-7.69,-4.92,7.59,10.6875,7.6875,-51.4375,115,,,,,
2026-08-04T18:17:52.897,133.651,landed,,,,,False,,,35.9184062,139.9079523,,,30.1,1011.5746484375,48.0361328125,292.5,-36.8125,34.9375,-8.0,-6.43,7.67,-29.625,-29.875,0.375,115,,,,,
2026-08-04T18:17:53.397,134.151,landed,,,,,False,,,35.9184062,139.9079523,,,30.11,1011.50953125,48.0029296875,285.5,-37.875,27.25,-6.95,-4.17,7.84,32.4375,14.9375,-12.5625,115,,,,,
2026-08-04T18:17:53.898,134.652,landed,,,,,False,,,35.9184062,139.9079523,,,30.12,1011.626171875,47.98046875,291.4375,-39.5,29.5,-8.52,-5.15,7.05,-28.3125,-18.125,13.6875,115,,,,,
2026-08-04T18:17:54.398,135.152,landed,,,,,False,,,35.9184062,139.9079523,,,30.13,1011.587890625,47.958984375,283.1875,-35.625,28.125,-7.27,-4.56,8.74,18.125,2.8125,-41.25,115,,,,,
2026-08-04T18:17:54.898,135.652,landed,,,,,False,,,35.9184062,139.9079523,,,30.12,1011.571875,47.9345703125,289.3125,-39.5,27.75,-8.93,-4.91,8.12,-20.875,1.125,13.0,115,,,,,
2026-08-04T18:17:55.399,136.153,landed,,,,,False,,,35.9184062,139.9079523,,,30.12,1011.60703125,47.9013671875,281.1875,-37.75,26.75,-6.73,-3.67,8.32,64.6875,26.875,-42.8125,115,,,,,
2026-08-04T18:17:55.899,136.653,landed,,,,,False,,,35.9184062,139.9079523,,,29.1,1009.9877734375,47.8505859375,293.9375,-42.375,31.5625,-9.14,-3.7,6.44,22.1875,11.5625,12.375,115,,,,,
2026-08-04T18:17:56.406,137.160,landed,,,,,False,,,35.9184062,139.9079523,,,30.15,1011.620234375,47.94921875,279.5,-42.6875,27.375,-7.18,-4.11,8.09,-18.8125,-3.25,-23.0,115,,,,,
2026-08-04T18:17:56.909,137.663,landed,,,,,False,,,35.9184062,139.9079523,,,30.13,1011.5958984375,47.8662109375,290.875,-34.9375,32.375,-7.45,-4.37,6.01,19.1875,1.4375,17.875,115,,,,,
2026-08-04T18:17:57.416,138.170,landed,,,,,False,,,35.9184062,139.9079523,,,30.14,1011.658203125,47.8212890625,275.9375,-37.6875,25.0,-7.22,-3.21,9.51,57.25,-12.375,-0.3125,115,,,,,
2026-08-04T18:17:57.917,138.671,landed,,,,,False,,,35.9184062,139.9079523,,,30.14,1011.60390625,47.798828125,293.625,-47.6875,39.0,-8.53,-3.97,4.63,2.875,53.875,-4.0,115,,,,,
2026-08-04T18:17:58.417,139.171,landed,,,,,False,,,35.9184062,139.9079523,,,30.13,1011.6501953125,47.6484375,292.1875,-50.875,47.3125,-7.99,-5.51,4.36,15.25,17.75,-22.5625,115,,,,,
2026-08-04T18:17:58.917,139.672,landed,,,,,False,,,35.9184062,139.9079523,,,29.51,1010.9465625,47.779296875,306.75,-32.375,53.9375,-7.19,-4.31,3.81,36.5,-11.5625,-6.625,115,,,,,
2026-08-04T18:17:59.418,140.172,landed,,,,,False,,,35.9184062,139.9079523,,,30.14,1011.6122265625,47.7880859375,310.1875,-40.5625,53.5,-5.37,-6.96,3.99,6.0,21.0,58.375,115,,,,,
2026-08-04T18:17:59.920,140.674,landed,,,,,False,,,35.9184062,139.9079523,,,30.15,1011.620234375,47.7763671875,319.9375,-34.0625,61.6875,-5.31,-7.48,4.11,-2.1875,16.25,12.75,115,,,,,
2026-08-04T18:18:00.421,141.175,landed,,,,,False,,,35.9184062,139.9079523,,,30.14,1011.60390625,47.7529296875,320.1875,-29.4375,56.25,-4.57,-5.42,3.64,-30.625,24.8125,29.25,115,,,,,
2026-08-04T18:18:00.921,141.675,landed,,,,,False,,,35.9184062,139.9079523,,,30.14,1011.5579296875,47.7763671875,331.8125,-33.3125,57.4375,-4.8,-4.65,2.97,48.5625,-0.3125,21.8125,115,,,,,
2026-08-04T18:18:01.422,142.176,landed,,,,,False,,,35.9184062,139.9079523,,,30.14,1011.5579296875,47.7998046875,329.1875,-25.6875,52.25,-3.93,-5.89,4.27,-4.75,-47.375,-9.8125,115,,,,,
2026-08-04T18:18:01.922,142.676,landed,,,,,False,,,35.9184062,139.9079523,,,30.14,1011.5307421875,47.833984375,325.125,-29.3125,61.5,-4.4,-6.92,4.05,7.9375,-8.125,7.625,115,,,,,
2026-08-04T18:18:02.422,143.177,landed,,,,,False,,,35.9184062,139.9079523,,,30.14,1011.585078125,47.8115234375,319.875,-27.0625,53.8125,-4.37,-6.13,5.09,-0.125,-8.3125,10.875,115,,,,,
2026-08-04T18:18:02.923,143.677,landed,,,,,False,,,35.9184062,139.9079523,,,30.15,1011.57390625,47.8916015625,331.6875,-26.4375,54.3125,-3.64,-6.42,4.19,67.5625,-19.3125,-13.375,115,,,,,
2026-08-04T18:18:03.423,144.177,landed,,,,,False,,,35.9184062,139.9079523,,,30.15,1011.5659375,47.9375,332.3125,-30.8125,39.5625,-4.13,-4.98,5.23,-12.375,-21.25,26.4375,115,,,,,
2026-08-04T18:18:03.924,144.678,landed,,,,,False,,,35.9184062,139.9079523,,,30.15,1011.5659375,47.9951171875,336.125,-24.9375,39.375,-2.75,-5.68,6.26,-40.4375,65.3125,-2.3125,115,,,,,
2026-08-04T18:18:04.424,145.178,landed,,,,,False,,,35.9184062,139.9079523,,,30.14,1011.50359375,47.9033203125,352.625,-13.0625,46.4375,-1.96,-5.54,4.17,18.25,-20.3125,10.4375,115,,,,,
2026-08-04T18:18:04.925,145.679,landed,,,,,False,,,35.9184062,139.9079523,,,30.15,1011.546796875,48.0869140625,355.5,-11.5,40.0,-2.02,-4.6,7.28,19.9375,48.0625,16.375,115,,,,,
2026-08-04T18:18:05.425,146.179,landed,,,,,False,,,35.9184062,139.9079523,,,30.15,1011.519609375,48.109375,354.1875,-5.1875,47.125,-0.34,-7.84,6.67,-34.875,-24.4375,-11.375,115,,,,,
2026-08-04T18:18:05.925,146.679,landed,,,,,False,,,35.9184062,139.9079523,,,30.15,1011.519609375,48.1787109375,356.625,2.3125,47.25,1.01,-6.3,7.65,15.375,26.5625,18.625,115,,,,,
2026-08-04T18:18:06.426,147.180,landed,,,,,False,,,35.9184062,139.9079523,,,29.04,1009.763515625,48.19921875,354.875,8.375,43.8125,4.34,-8.42,6.87,14.375,-1.25,87.125,115,,,,,
2026-08-04T18:18:06.926,147.680,landed,,,,,False,,,35.9184062,139.9079523,,,30.17,1011.5165234375,48.28515625,342.625,-5.0625,44.3125,-0.67,-9.48,8.54,-3.4375,-32.0,-54.3125,115,,,,,
2026-08-04T18:18:07.434,148.188,landed,,,,,False,,,35.9184062,139.9079523,,,30.16,1011.5548046875,48.294921875,355.875,4.875,44.4375,0.84,-7.8,6.18,-5.5,9.8125,-12.125,115,,,,,
2026-08-04T18:18:07.935,148.689,landed,,,,,False,,,35.9184062,139.9079523,,,30.16,1011.50046875,48.294921875,352.625,10.625,43.25,1.84,-6.81,6.98,17.4375,-8.125,0.1875,115,,,,,
2026-08-04T18:18:08.435,149.189,landed,,,,,False,,,35.9184062,139.9079523,,,30.16,1011.5548046875,48.3408203125,5.8125,37.9375,38.6875,6.14,-3.59,3.13,-7.8125,-53.8125,-73.875,115,,,,,
2026-08-04T18:18:08.936,149.690,landed,,,,,False,,,35.9184062,139.9079523,,,30.14,1011.6122265625,48.419921875,20.3125,58.5,47.4375,-0.04,-0.11,-0.23,-22.875,-37.6875,-44.75,179,,,,,
2026-08-04T18:18:09.436,150.190,landed,,,,,False,,,35.9184062,139.9079523,,,30.14,1011.6122265625,48.6494140625,191.375,-33.5625,-116.3125,-0.44,0.34,-0.4,39.6875,-50.4375,-180.8125,115,,,,,
2026-08-04T18:18:09.936,150.691,landed,,,,,False,,,35.9184062,139.9079523,,,30.15,1011.6473828125,48.8681640625,129.625,0.1875,-107.5625,-0.48,10.31,-3.2,-48.1875,-0.0625,2.0625,115,,,,,
2026-08-04T18:18:10.437,151.191,landed,,,,,False,,,35.9184062,139.9079523,,,30.14,1011.639375,49.029296875,130.1875,-0.125,-108.75,-0.17,9.22,-3.37,-1.125,0.1875,0.0,179,,,,,
2026-08-04T18:18:10.937,151.691,landed,,,,,False,,,35.9184062,139.9079523,,,30.14,1011.5767578125,49.1201171875,134.25,-0.25,-107.9375,-0.09,10.43,-2.92,-68.0,-21.25,-11.0,179,,,,,
2026-08-04T18:18:11.438,152.192,landed,,,,,False,,,35.9184062,139.9079523,,,30.15,1011.6473828125,49.1669921875,135.0,0.0,-83.4375,-0.17,9.91,0.65,-33.4375,-0.25,2.25,51,,,,,
2026-08-04T18:18:11.938,152.692,landed,,,,,False,,,35.9184062,139.9079523,,,30.15,1011.682578125,49.189453125,134.875,0.875,-53.375,-0.02,7.81,5.47,-58.0,-1.3125,2.0625,51,,,,,
2026-08-04T18:18:12.439,153.193,landed,,,,,False,,,35.9184062,139.9079523,,,30.15,1011.620234375,49.212890625,135.1875,0.875,-18.75,-0.24,4.31,9.65,-171.625,0.6875,-0.875,51,,,,,
2026-08-04T18:18:12.939,153.693,landed,,,,,False,,,35.9184062,139.9079523,,,30.15,1011.655390625,49.4306640625,136.375,2.625,71.375,0.14,-9.18,2.36,-60.6875,-0.25,-0.5625,51,,,,,
2026-08-04T18:18:13.440,154.194,landed,,,,,False,,,35.9184062,139.9079523,,,30.16,1011.6091015625,49.236328125,136.1875,10.0625,77.8125,0.16,-9.15,2.02,0.4375,0.0,0.0,51,,,,,
2026-08-04T18:18:13.940,154.694,landed,,,,,False,,,35.9184062,139.9079523,,,30.15,1011.6282421875,49.1787109375,135.9375,1.75,78.0,0.15,-9.19,1.91,-0.125,0.0625,-0.0625,51,,,,,
2026-08-04T18:18:14.440,155.195,landed,,,,,False,,,35.9184062,139.9079523,,,30.16,1011.63625,49.2138671875,135.8125,1.5625,77.9375,0.17,-9.42,2.13,0.0,0.0,0.0,51,,,,,
2026-08-04T18:18:14.941,155.695,landed,,,,,False,,,35.9184062,139.9079523,,,30.15,1011.620234375,49.28125,135.8125,1.5625,77.9375,0.16,-9.42,2.13,0.125,-0.0625,0.0,51,,,,,
2026-08-04T18:18:15.441,156.195,landed,,,,,False,,,35.9184062,139.9079523,,,30.15,1011.620234375,49.3623046875,135.8125,1.5625,77.9375,0.19,-8.13,2.11,0.0,0.1875,0.0,51,,,,,
2026-08-04T18:18:15.942,156.696,landed,,,,,False,,,35.9184062,139.9079523,,,30.15,1011.6282421875,49.396484375,135.8125,1.5625,77.9375,0.16,-9.44,2.13,-0.125,-0.0625,0.0,51,,,,,
2026-08-04T18:18:16.442,157.196,landed,,,,,False,,,35.9184062,139.9079523,,,30.15,1011.5930859375,49.396484375,135.8125,1.5625,77.9375,0.17,-9.43,2.09,-0.0625,-0.0625,0.0625,51,,,,,
2026-08-04T18:18:16.943,157.697,landed,,,,,False,,,35.9184062,139.9079523,,,28.97,1009.731796875,49.349609375,135.8125,1.5625,77.9375,0.17,-9.43,2.09,0.0,0.0,0.0,51,,,,,
2026-08-04T18:18:17.443,158.197,landed,,,,,False,,,35.9184062,139.9079523,,,30.16,1011.52765625,49.3173828125,135.8125,1.5625,77.9375,1.45,-9.43,2.11,-0.0625,0.0625,0.0625,51,,,,,
2026-08-04T18:18:17.943,158.697,landed,,,,,False,,,35.9184062,139.9079523,,,30.15,1011.6282421875,49.31640625,135.8125,1.5625,77.9375,0.18,-9.44,2.08,-0.0625,0.0625,-0.0625,51,,,,,
2026-08-04T18:18:18.444,159.198,landed,,,,,False,,,35.9184062,139.9079523,,,30.15,1011.7288671875,49.396484375,135.8125,1.5625,77.9375,0.19,-9.42,2.09,0.0625,0.125,0.0625,51,,,,,
2026-08-04T18:18:18.944,159.698,landed,,,,,False,,,35.9184062,139.9079523,,,30.15,1011.57390625,49.4541015625,135.8125,1.5625,77.9375,0.16,-9.44,2.08,0.0,0.125,0.0625,51,,,,,
2026-08-04T18:18:19.445,160.199,landed,,,,,False,,,35.9184062,139.9079523,,,30.16,1011.690546875,49.3173828125,135.8125,1.5625,77.9375,0.18,-9.43,2.08,-0.0625,-0.125,0.0625,51,,,,,
2026-08-04T18:18:19.945,160.699,landed,,,,,False,,,35.9184062,139.9079523,,,30.15,1011.620234375,49.31640625,135.8125,1.5625,77.9375,0.18,-9.43,2.05,0.0,0.0,0.0,51,,,,,
2026-08-04T18:18:20.446,161.200,landed,,,,,False,,,35.9184062,139.9079523,,,30.16,1011.63625,49.328125,135.8125,1.5625,77.9375,1.43,-9.43,2.07,0.0,0.0,0.0625,51,,,,,
2026-08-04T18:18:20.946,161.700,landed,,,,,False,,,35.9184062,139.9079523,,,30.14,1011.585078125,49.373046875,135.8125,1.5625,77.9375,0.19,-9.46,2.04,0.125,0.1875,-0.0625,51,,,,,
2026-08-04T18:18:21.456,162.210,landed,,,,,False,,,35.9184062,139.9079523,,,30.15,1011.511640625,49.4541015625,135.8125,1.5625,77.9375,0.17,-9.42,2.03,-0.0625,0.0,0.0625,51,,,,,
2026-08-04T18:18:21.956,162.711,landed,,,,,False,,,35.9184062,139.9079523,,,28.63,1009.173515625,49.3466796875,135.8125,1.5625,77.9375,0.19,-9.43,2.04,-0.0625,0.0,0.0,51,,,,,
2026-08-04T18:18:22.457,163.211,landed,,,,,False,,,35.9184062,139.9079523,,,30.16,1011.6634375,49.33984375,135.8125,1.5625,77.9375,0.19,-9.45,2.05,0.0,-0.125,-0.0625,51,,,,,
2026-08-04T18:18:22.957,163.711,landed,,,,,False,,,35.9184062,139.9079523,,,30.16,1011.5899609375,49.3525390625,135.8125,1.5625,77.9375,0.18,-9.45,2.06,0.0,0.125,0.0625,51,,,,,
2026-08-04T18:18:23.458,164.212,landed,,,,,False,,,35.9184062,139.9079523,,,30.16,1011.6634375,49.36328125,135.8125,1.5625,77.9375,0.17,-9.44,2.03,0.0,-0.0625,0.0625,51,,,,,
2026-08-04T18:18:23.958,164.712,landed,,,,,False,,,35.9184062,139.9079523,,,30.16,1011.6091015625,49.3974609375,135.8125,1.5625,77.9375,0.18,-9.44,2.04,0.0,0.0625,0.0625,51,,,,,
2026-08-04T18:18:24.459,165.213,landed,,,,,False,,,35.9184062,139.9079523,,,30.16,1011.63625,49.455078125,135.8125,1.5625,77.9375,0.16,-9.44,2.04,0.125,0.125,0.0,51,,,,,
2026-08-04T18:18:24.959,165.713,landed,,,,,False,,,35.9184062,139.9079523,,,30.15,1011.519609375,49.48828125,135.8125,1.5625,77.9375,0.16,-9.46,2.03,0.0625,0.0625,0.0,51,,,,,
2026-08-04T18:18:25.460,166.214,landed,,,,,False,,,35.9184062,139.9079523,,,30.16,1011.5548046875,49.5009765625,135.8125,1.5625,77.9375,0.18,-9.44,2.02,-0.0625,-0.1875,0.0,51,,,,,
2026-08-04T18:18:25.960,166.714,landed,,,,,False,,,35.9184062,139.9079523,,,30.15,1011.6282421875,49.46484375,135.8125,1.5625,77.9375,0.19,-9.43,2.02,0.0625,0.1875,0.0,51,,,,,
2026-08-04T18:18:26.461,167.215,landed,,,,,False,,,35.9184062,139.9079523,,,30.16,1011.6634375,49.443359375,143.8125,1.5625,77.9375,0.16,-9.45,1.99,0.0,0.0,0.125,179,,,,,
2026-08-04T18:18:26.961,167.715,landed,,,,,False,,,35.9184062,139.9079523,,,30.16,1011.52765625,49.3740234375,135.8125,1.5625,77.9375,0.16,-9.43,2.03,-0.0625,0.0,-0.0625,51,,,,,
2026-08-04T18:18:27.462,168.216,landed,,,,,False,,,35.9184062,139.9079523,,,29.06,1009.904296875,49.30078125,135.8125,1.5625,77.9375,0.15,-9.46,1.97,0.0625,-0.0625,0.0625,51,,,,,
2026-08-04T18:18:27.962,168.716,landed,,,,,False,,,35.9184062,139.9079523,,,30.16,1011.617109375,49.2724609375,135.8125,1.5625,77.9375,0.16,-9.44,2.01,0.0,0.0,0.125,51,,,,,
2026-08-04T18:18:28.462,169.216,landed,,,,,False,,,35.9184062,139.9079523,,,30.16,1011.67140625,49.375,135.8125,1.5625,77.9375,0.18,-9.43,2.03,-0.0625,-0.0625,-0.0625,51,,,,,
2026-08-04T18:18:28.963,169.717,landed,,,,,False,,,35.9184062,139.9079523,,,30.14,1011.585078125,49.568359375,135.8125,1.5625,77.9375,0.17,-9.46,2.02,0.125,0.0625,-0.0625,51,,,,,
2026-08-04T18:18:29.463,170.217,landed,,,,,False,,,35.9184062,139.9079523,,,30.15,1011.53875,49.6259765625,135.8125,1.5625,77.9375,0.2,-9.46,2.04,-0.0625,-0.125,0.0,51,,,,,
2026-08-04T18:18:29.964,170.718,landed,,,,,False,,,35.9184062,139.9079523,,,30.15,1011.511640625,49.568359375,135.8125,1.5625,77.9375,0.18,-9.44,2.02,-0.0625,0.0,-0.125,51,,,,,
2026-08-04T18:18:30.464,171.218,landed,,,,,False,,,35.9184062,139.9079523,,,30.14,1011.6665234375,49.4765625,135.8125,1.5625,77.9375,0.17,-9.44,2.0,0.0,0.0,-0.0625,51,,,,,
2026-08-04T18:18:30.965,171.719,landed,,,,,False,,,35.9184062,139.9079523,,,30.14,1011.6122265625,49.48828125,135.8125,1.5625,77.9375,0.18,-9.47,2.01,0.0,0.0625,0.0625,51,,,,,
2026-08-04T18:18:31.465,172.219,landed,,,,,False,,,35.9184062,139.9079523,,,30.14,1011.60390625,49.521484375,135.8125,1.5625,77.9375,0.16,-9.46,1.99,0.0625,0.0625,-0.0625,51,,,,,
2026-08-04T18:18:31.966,172.720,landed,,,,,False,,,35.9184062,139.9079523,,,30.13,1011.805078125,49.6015625,135.8125,1.5625,77.9375,0.16,-9.47,2.01,0.0625,0.125,-0.0625,51,,,,,
2026-08-04T18:18:32.466,173.220,landed,,,,,False,,,35.9184062,139.9079523,,,30.14,1011.585078125,49.603515625,143.8125,1.5625,77.9375,0.18,-9.45,2.0,8.0625,0.0,0.0625,51,,,,,
2026-08-04T18:18:32.967,173.721,landed,,,,,False,,,35.9184062,139.9079523,,,30.14,1011.5767578125,49.61328125,135.8125,1.5625,77.9375,0.16,-9.47,2.01,-0.0625,-0.125,-0.0625,51,,,,,
2026-08-04T18:18:33.467,174.221,landed,,,,,False,,,35.9184062,139.9079523,,,30.16,1011.63625,49.638671875,135.8125,1.5625,77.9375,0.16,-9.47,1.97,-0.125,0.125,0.0625,51,,,,,
2026-08-04T18:18:33.967,174.722,landed,,,,,False,,,35.9184062,139.9079523,,,30.15,1011.620234375,49.6376953125,135.8125,1.5625,77.9375,0.17,-9.47,2.0,8.0625,-0.1875,0.125,51,,,,,
2026-08-04T18:18:34.468,175.222,landed,,,,,False,,,35.9184062,139.9079523,,,30.15,1011.5930859375,49.6376953125,135.8125,1.5625,77.9375,0.18,-9.47,1.97,0.0,-0.125,0.125,51,,,,,
2026-08-04T18:18:34.968,175.722,landed,,,,,False,,,35.9184062,139.9079523,,,30.14,1011.5579296875,49.6376953125,135.8125,1.5625,77.9375,0.18,-9.47,1.99,0.0,0.125,-0.0625,51,,,,,
2026-08-04T18:18:35.469,176.223,landed,,,,,False,,,35.9184062,139.9079523,,,29.47,1010.8279296875,49.599609375,135.8125,1.5625,77.9375,0.19,-9.46,2.0,-0.125,0.0,-0.0625,51,,,,,
2026-08-04T18:18:35.969,176.723,landed,,,,,False,,,35.9184062,139.9079523,,,30.15,1011.6282421875,49.6142578125,135.8125,1.5625,77.9375,0.16,-9.45,2.01,-0.0625,-0.0625,0.0625,51,,,,,
2026-08-04T18:18:36.470,177.224,landed,,,,,False,,,35.9184062,139.9079523,,,30.15,1011.620234375,49.6259765625,135.8125,1.5625,77.9375,0.18,-9.47,1.98,-0.0625,0.0625,-0.0625,51,,,,,
2026-08-04T18:18:36.970,177.724,landed,,,,,False,,,35.9184062,139.9079523,,,30.15,1011.6282421875,49.5576171875,135.8125,1.5625,77.9375,0.15,-9.45,1.99,0.0,0.0625,-0.125,51,,,,,
2026-08-04T18:18:37.470,178.224,landed,,,,,False,,,35.9184062,139.9079523,,,30.15,1011.67453125,49.603515625,135.8125,1.5625,77.9375,0.18,-9.45,1.99,-0.0625,0.0,-0.125,51,,,,,
2026-08-04T18:18:37.971,178.725,landed,,,,,False,,,35.9184062,139.9079523,,,29.05,1009.8962890625,49.564453125,135.8125,1.5625,77.9375,0.18,-9.47,1.98,0.0,0.0,-0.0625,51,,,,,
2026-08-04T18:18:38.471,179.225,landed,,,,,False,,,35.9184062,139.9079523,,,30.16,1011.617109375,49.6396484375,135.8125,1.5625,77.9375,0.19,-9.47,1.95,-0.0625,0.125,0.0,51,,,,,
2026-08-04T18:18:38.972,179.726,landed,,,,,False,,,35.9184062,139.9079523,,,30.15,1011.6282421875,49.580078125,135.8125,1.5625,77.9375,0.17,-9.43,1.98,0.0625,0.0,0.125,51,,,,,
2026-08-04T18:18:39.472,180.226,landed,,,,,False,,,35.9184062,139.9079523,,,30.14,1011.549609375,49.556640625,135.8125,1.5625,77.9375,0.17,-9.48,1.95,-0.0625,0.0625,0.0625,51,,,,,
2026-08-04T18:18:39.972,180.727,landed,,,,,False,,,35.9184062,139.9079523,,,30.13,1011.587890625,49.4169921875,135.8125,1.5625,77.9375,1.45,-9.46,1.98,0.0,0.0625,0.0,51,,,,,
2026-08-04T18:18:40.473,181.227,landed,,,,,False,,,35.9184062,139.9079523,,,30.14,1011.5767578125,49.3037109375,135.8125,1.5625,77.9375,0.19,-9.47,1.95,-0.0625,-0.0625,0.0625,51,,,,,
2026-08-04T18:18:40.973,181.727,landed,,,,,False,,,35.9184062,139.9079523,,,30.13,1011.5607421875,49.291015625,135.8125,1.5625,77.9375,0.17,-9.46,1.97,0.0,0.0625,0.0,51,,,,,
2026-08-04T18:18:41.474,182.228,landed,,,,,False,,,35.9184062,139.9079523,,,30.13,1011.587890625,49.2109375,135.8125,1.5625,77.9375,0.17,-9.48,1.98,0.0625,0.0,0.0625,51,,,,,
2026-08-04T18:18:41.974,182.728,landed,,,,,False,,,35.9184062,139.9079523,,,30.12,1011.57984375,49.1416015625,135.8125,1.5625,77.9375,0.19,-9.46,1.94,0.0,0.0,0.0,51,,,,,
2026-08-04T18:18:42.475,183.229,landed,,,,,False,,,35.9184062,139.9079523,,,30.13,1011.6693359375,49.095703125,135.8125,1.5625,77.9375,0.18,-9.46,1.95,-0.0625,0.0625,0.0625,51,,,,,
2026-08-04T18:18:42.975,183.729,landed,,,,,False,,,35.9184062,139.9079523,,,30.13,1011.587890625,49.1416015625,135.8125,1.5625,77.9375,0.18,-9.47,1.97,0.0,0.125,0.0,51,,,,,
2026-08-04T18:18:43.476,184.230,landed,,,,,False,,,35.9184062,139.9079523,,,30.13,1011.623046875,49.1650390625,135.8125,1.5625,77.9375,0.19,-9.47,1.98,0.0625,-0.0625,0.0625,51,,,,,
2026-08-04T18:18:43.976,184.730,landed,,,,,False,,,35.9184062,139.9079523,,,30.14,1011.60390625,49.2119140625,135.8125,1.5625,77.9375,0.19,-9.46,1.94,0.0625,0.0625,0.0625,51,,,,,
2026-08-04T18:18:44.476,185.230,landed,,,,,False,,,35.9184062,139.9079523,,,30.14,1011.6310546875,49.234375,135.8125,1.5625,77.9375,0.17,-9.47,1.96,0.0,0.0,0.0625,51,,,,,
2026-08-04T18:18:44.977,185.731,landed,,,,,False,,,35.9184062,139.9079523,,,30.14,1011.6665234375,49.2705078125,135.8125,1.5625,77.9375,0.16,-9.47,1.93,0.0,-0.0625,0.0,51,,,,,
2026-08-04T18:18:45.477,186.231,landed,,,,,False,,,35.9184062,139.9079523,,,30.13,1011.623046875,49.2685546875,135.8125,9.5625,77.9375,0.17,-9.46,1.97,0.0,-0.125,0.0,51,,,,,
2026-08-04T18:18:45.978,186.732,landed,,,,,False,,,35.9184062,139.9079523,,,30.13,1011.623046875,49.2568359375,135.8125,1.5625,77.9375,0.17,-9.47,1.94,0.0625,0.0,8.0,51,,,,,
2026-08-04T18:18:46.484,187.238,landed,,,,,False,,,35.9184062,139.9079523,,,30.14,1011.60390625,49.24609375,135.8125,1.5625,77.9375,0.18,-9.48,1.98,0.0625,0.1875,0.0625,51,,,,,
2026-08-04T18:18:46.984,187.738,landed,,,,,False,,,35.9184062,139.9079523,,,30.14,1011.7208203125,49.2587890625,135.8125,1.5625,77.9375,0.17,-9.48,1.95,0.125,-0.125,-0.0625,51,,,,,
2026-08-04T18:18:47.485,188.239,landed,,,,,False,,,35.9184062,139.9079523,,,30.14,1011.6665234375,49.2353515625,135.8125,1.5625,77.9375,0.17,-9.48,1.94,0.0625,8.1875,-0.0625,51,,,,,
2026-08-04T18:18:47.985,188.739,landed,,,,,False,,,35.9184062,139.9079523,,,30.13,1011.5958984375,49.279296875,135.8125,1.5625,77.9375,0.17,-9.46,1.93,0.0,-0.0625,0.125,51,,,,,
2026-08-04T18:18:48.485,189.240,landed,,,,,False,,,35.9184062,139.9079523,,,29.03,1009.8559375,49.171875,135.8125,1.5625,77.9375,0.19,-9.48,1.93,0.0625,-0.0625,0.0,51,,,,,
2026-08-04T18:18:48.986,189.740,landed,,,,,False,,,35.9184062,139.9079523,,,30.15,1011.620234375,49.109375,135.8125,1.5625,77.9375,0.18,-9.46,1.94,-0.0625,0.125,0.0625,51,,,,,
2026-08-04T18:18:49.486,190.240,landed,,,,,False,,,35.9184062,139.9079523,,,30.12,1011.661328125,49.2109375,135.8125,1.5625,77.9375,0.17,-9.49,1.92,0.0,-0.0625,-0.0625,51,,,,,
2026-08-04T18:18:49.987,190.741,landed,,,,,False,,,35.9184062,139.9079523,,,30.03,1011.8339453125,49.2919921875,135.8125,1.5625,77.9375,0.17,-9.47,1.97,0.0625,0.125,0.0625,51,,,,,
2026-08-04T18:18:50.487,191.241,landed,,,,,False,,,35.9184062,139.9079523,,,30.11,1011.5909765625,49.4267578125,135.8125,1.5625,77.9375,0.16,-9.46,1.93,0.0,0.0,0.0625,51,,,,,
2026-08-04T18:18:50.988,191.742,landed,,,,,False,,,35.9184062,139.9079523,,,30.11,1011.6181640625,49.484375,135.8125,1.5625,77.9375,0.17,-9.5,1.93,-0.0625,-0.1875,-0.0625,51,,,,,
2026-08-04T18:18:51.488,192.242,landed,,,,,False,,,35.9184062,139.9079523,,,30.11,1011.6181640625,49.30078125,135.8125,1.5625,77.9375,0.17,-9.46,1.93,-0.0625,-0.0625,-0.0625,51,,,,,
2026-08-04T18:18:51.989,192.743,landed,,,,,False,,,35.9184062,139.9079523,,,30.1,1011.5746484375,49.2880859375,135.8125,1.5625,77.9375,0.18,-9.47,1.9,0.0,-0.1875,0.0625,51,,,,,
2026-08-04T18:18:52.489,193.243,landed,,,,,False,,,35.9184062,139.9079523,,,30.11,1011.6453125,49.2890625,135.8125,1.5625,77.9375,0.17,-9.48,1.93,-0.0625,-0.125,0.0625,51,,,,,
2026-08-04T18:18:52.989,193.743,landed,,,,,False,,,35.9184062,139.9079523,,,30.1,1011.6018359375,49.3916015625,135.8125,1.5625,77.9375,0.18,-9.47,1.94,0.0,0.0,0.0,51,,,,,
2026-08-04T18:18:53.490,194.244,landed,,,,,False,,,35.9184062,139.9079523,,,30.1,1011.6018359375,49.2646484375,135.8125,1.5625,77.9375,0.18,-9.46,1.95,0.0,0.0,0.0625,51,,,,,
2026-08-04T18:18:53.990,194.744,landed,,,,,False,,,35.9184062,139.9079523,,,30.09,1011.640078125,49.2412109375,135.8125,1.5625,77.9375,0.18,-9.47,1.93,0.0,-0.0625,-0.125,51,,,,,
2026-08-04T18:18:54.491,195.245,landed,,,,,False,,,35.9184062,139.9079523,,,30.09,1011.68640625,49.2060546875,135.8125,1.5625,77.9375,0.17,-9.45,1.94,0.0625,0.0,0.0625,51,,,,,
2026-08-04T18:18:54.991,195.745,landed,,,,,False,,,35.9184062,139.9079523,,,30.09,1011.632109375,49.216796875,135.8125,1.5625,77.9375,0.19,-9.49,1.93,0.0,-0.0625,8.0625,51,,,,,
2026-08-04T18:18:55.492,196.246,landed,,,,,False,,,35.9184062,139.9079523,,,30.09,1011.65921875,49.34375,135.8125,1.5625,77.9375,0.18,-9.47,1.91,0.0,0.0,0.125,51,,,,,
2026-08-04T18:18:55.992,196.746,landed,,,,,False,,,35.9184062,139.9079523,,,30.08,1011.6160546875,49.5390625,135.8125,1.5625,77.9375,0.17,-9.48,1.94,0.0625,-0.1875,-0.0625,51,,,,,
2026-08-04T18:18:56.492,197.246,landed,,,,,False,,,35.9184062,139.9079523,,,30.07,1011.6540234375,49.6513671875,143.8125,1.5625,77.9375,0.18,-9.48,1.92,-0.0625,-0.0625,0.0,51,,,,,
2026-08-04T18:18:56.993,197.747,landed,,,,,False,,,35.9184062,139.9079523,,,30.07,1011.572578125,49.7666015625,135.8125,1.5625,77.9375,0.17,-9.5,1.93,0.0,-0.0625,-0.125,51,,,,,
2026-08-04T18:18:57.493,198.247,landed,,,,,False,,,35.9184062,139.9079523,,,30.07,1011.626875,49.7548828125,135.8125,1.5625,77.9375,0.18,-9.47,1.94,-0.0625,0.0625,-0.1875,51,,,,,
2026-08-04T18:18:57.994,198.748,landed,,,,,False,,,35.9184062,139.9079523,,,30.07,1011.6540234375,49.62890625,135.8125,1.5625,77.9375,0.17,-9.47,1.93,-0.0625,0.0,0.0625,51,,,,,
2026-08-04T18:18:58.494,199.248,landed,,,,,False,,,35.9184062,139.9079523,,,30.05,1011.6028125,49.5244140625,135.8125,1.5625,77.9375,0.18,-8.19,1.89,0.0625,-0.0625,0.0,51,,,,,
2026-08-04T18:18:58.995,199.749,landed,,,,,False,,,35.9184062,139.9079523,,,28.94,1009.873203125,49.494140625,135.8125,1.5625,77.9375,0.18,-9.48,1.89,0.0,-0.125,0.0,51,,,,,
2026-08-04T18:18:59.495,200.249,landed,,,,,False,,,35.9184062,139.9079523,,,30.08,1011.6160546875,49.619140625,135.8125,1.5625,77.9375,0.17,-9.48,1.93,-0.125,0.125,0.125,51,,,,,
2026-08-04T18:18:59.995,200.749,landed,,,,,False,,,35.9184062,139.9079523,,,30.06,1011.5837109375,49.7421875,135.8125,1.5625,77.9375,0.16,-9.47,1.95,0.0,0.0625,0.0625,51,,,,,
2026-08-04T18:19:00.496,201.250,landed,,,,,False,,,35.9184062,139.9079523,,,30.05,1011.56765625,49.7646484375,135.8125,1.5625,77.9375,0.18,-9.47,1.91,0.125,-0.125,0.1875,51,,,,,
2026-08-04T18:19:00.996,201.750,landed,,,,,False,,,35.9184062,139.9079523,,,30.04,1011.88546875,49.6494140625,135.8125,1.5625,77.9375,0.18,-9.45,1.93,0.0,0.0625,-0.0625,51,,,,,
2026-08-04T18:19:01.497,202.251,landed,,,,,False,,,35.9184062,139.9079523,,,30.03,1011.5976171875,49.4638671875,135.8125,1.5625,77.9375,0.18,-9.48,1.92,0.0,0.125,0.125,51,,,,,
2026-08-04T18:19:01.997,202.751,landed,,,,,False,,,35.9184062,139.9079523,,,30.04,1011.5784765625,49.5341796875,135.8125,1.5625,77.9375,0.17,-9.48,1.92,0.0625,0.1875,-0.125,51,,,,,
2026-08-04T18:19:02.502,203.256,landed,,,,,False,,,35.9184062,139.9079523,,,30.04,1011.6599609375,49.544921875,135.8125,1.5625,77.9375,0.16,-9.48,1.93,0.0,0.0625,0.125,51,,,,,
2026-08-04T18:19:02.999,203.753,landed,,,,,False,,,35.9184062,139.9079523,,,30.03,1011.624765625,49.6708984375,135.8125,9.5625,77.9375,0.16,-9.49,1.9,0.0,0.0625,-0.125,51,,,,,
2026-08-04T18:19:03.499,204.253,landed,,,,,False,,,35.9184062,139.9079523,,,30.03,1012.059140625,49.8427734375,135.8125,1.5625,77.9375,0.19,-9.45,1.93,0.0625,-0.125,-0.0625,51,,,,,
2026-08-04T18:19:03.999,204.754,landed,,,,,False,,,35.9184062,139.9079523,,,30.03,1011.5976171875,49.9111328125,135.8125,1.5625,77.9375,0.18,-9.46,1.91,-0.0625,0.125,-0.125,51,,,,,
2026-08-04T18:19:04.500,205.254,landed,,,,,False,,,35.9184062,139.9079523,,,30.04,1011.6056640625,49.947265625,135.8125,1.5625,77.9375,0.17,-9.5,1.93,-0.0625,-0.0625,0.0,51,,,,,
2026-08-04T18:19:05.000,205.754,landed,,,,,False,,,35.9184062,139.9079523,,,30.04,1011.551328125,49.9697265625,135.8125,1.5625,77.9375,0.18,-9.49,1.89,0.0,-0.0625,0.1875,51,,,,,
2026-08-04T18:19:05.501,206.255,landed,,,,,False,,,35.9184062,139.9079523,,,30.05,1011.6219921875,49.8212890625,135.8125,1.5625,77.9375,0.16,-9.46,1.93,0.0,0.125,-0.0625,51,,,,,
2026-08-04T18:19:06.001,206.755,landed,,,,,False,,,35.9184062,139.9079523,,,30.04,1011.6139453125,49.9248046875,135.8125,1.5625,77.9375,0.2,-9.46,1.91,0.0625,0.0625,0.0,51,,,,,
2026-08-04T18:19:06.502,207.256,landed,,,,,False,,,35.9184062,139.9079523,,,30.05,1011.6491015625,49.9130859375,135.8125,1.5625,77.9375,0.16,-9.49,1.88,-0.0625,0.0,0.0,51,,,,,
2026-08-04T18:19:07.002,207.756,landed,,,,,False,,,35.9184062,139.9079523,,,30.05,1011.63,49.8916015625,135.8125,1.5625,77.9375,0.19,-9.5,1.89,8.125,-0.0625,-0.0625,51,,,,,
2026-08-04T18:19:07.502,208.256,landed,,,,,False,,,35.9184062,139.9079523,,,28.52,1009.221171875,49.861328125,135.8125,1.5625,77.9375,0.17,-9.51,1.89,-0.0625,8.0,-0.125,51,,,,,
2026-08-04T18:19:08.003,208.757,landed,,,,,False,,,35.9184062,139.9079523,,,30.05,1011.6028125,49.8916015625,135.8125,1.5625,77.9375,0.18,-9.47,1.91,0.0,-0.0625,0.0,51,,,,,
2026-08-04T18:19:08.503,209.257,landed,,,,,False,,,35.9184062,139.9079523,,,30.06,1011.6380078125,49.9150390625,135.8125,1.5625,77.9375,0.18,-9.48,1.9,0.0,0.0625,-0.125,51,,,,,
2026-08-04T18:19:09.004,209.758,landed,,,,,False,,,35.9184062,139.9079523,,,30.06,1011.5565625,49.94921875,135.8125,1.5625,77.9375,0.17,-9.48,1.89,0.0,-0.0625,0.125,51,,,,,
2026-08-04T18:19:09.504,210.258,landed,,,,,False,,,35.9184062,139.9079523,,,28.93,1009.86515625,49.9521484375,143.8125,1.5625,77.9375,0.15,-9.47,1.91,8.0,0.125,-0.125,51,,,,,
2026-08-04T18:19:10.004,210.758,landed,,,,,False,,,35.9184062,139.9079523,,,30.09,1011.68640625,49.986328125,135.8125,1.5625,77.9375,0.19,-9.49,1.9,0.0,0.0,-0.125,51,,,,,
2026-08-04T18:19:10.505,211.259,landed,,,,,False,,,35.9184062,139.9079523,,,30.07,1011.55375,49.9970703125,135.8125,1.5625,77.9375,0.17,-9.48,1.92,0.0625,0.0,0.0625,51,,,,,
2026-08-04T18:19:11.005,211.759,landed,,,,,False,,,35.9184062,139.9079523,,,30.06,1011.59171875,49.97265625,135.8125,1.5625,77.9375,0.18,-9.5,1.88,0.0,-0.0625,0.0,51,,,,,
2026-08-04T18:19:11.506,212.260,landed,,,,,False,,,35.9184062,139.9079523,,,30.07,1011.6351953125,49.9970703125,135.8125,1.5625,77.9375,0.19,-9.49,1.91,0.0625,-0.25,0.125,51,,,,,
2026-08-04T18:19:12.006,212.760,landed,,,,,False,,,35.9184062,139.9079523,,,30.07,1011.572578125,50.0078125,135.8125,1.5625,77.9375,0.17,-9.5,1.89,0.0,0.0625,-0.0625,51,,,,,
2026-08-04T18:19:12.507,213.261,landed,,,,,False,,,35.9184062,139.9079523,,,30.07,1011.6351953125,50.03125,135.8125,1.5625,77.9375,1.45,-9.48,1.88,0.0625,0.125,-0.0625,51,,,,,
2026-08-04T18:19:13.007,213.761,landed,,,,,False,,,35.9184062,139.9079523,,,30.08,1011.6160546875,50.078125,135.8125,1.5625,77.9375,0.18,-9.48,1.87,-0.125,0.0625,0.0625,51,,,,,
2026-08-04T18:19:13.507,214.261,landed,,,,,False,,,35.9184062,139.9079523,,,30.07,1011.626875,50.1337890625,135.8125,9.5625,77.9375,0.19,-9.49,1.88,0.0625,0.125,0.0,51,,,,,
2026-08-04T18:19:14.008,214.762,landed,,,,,False,,,35.9184062,139.9079523,,,30.07,1011.608046875,50.21484375,135.8125,1.5625,77.9375,0.17,-9.49,1.91,0.0,0.0,0.0,51,,,,,
2026-08-04T18:19:14.508,215.262,landed,,,,,False,,,35.9184062,139.9079523,,,30.07,1011.681171875,50.3056640625,135.8125,1.5625,77.9375,0.17,-9.47,1.86,0.0,-0.0625,0.0625,51,,,,,
2026-08-04T18:19:15.009,215.763,landed,,,,,False,,,35.9184062,139.9079523,,,30.08,1011.5617578125,50.3193359375,135.8125,1.5625,77.9375,0.16,-9.48,1.9,-0.125,0.0,-0.0625,51,,,,,
2026-08-04T18:19:15.509,216.263,landed,,,,,False,,,35.9184062,139.9079523,,,28.08,1008.439140625,50.2236328125,135.8125,1.5625,77.9375,0.18,-9.51,1.86,-0.1875,0.0,0.0625,51,,,,,
2026-08-04T18:19:16.009,216.764,landed,,,,,False,,,35.9184062,139.9079523,,,30.08,1011.6160546875,50.181640625,135.8125,1.5625,77.9375,0.18,-9.5,1.89,0.0625,-0.0625,0.0625,51,,,,,
2026-08-04T18:19:16.510,217.264,landed,,,,,False,,,35.9184062,139.9079523,,,30.07,1011.7083203125,50.087890625,135.8125,1.5625,77.9375,0.2,-9.48,1.88,-0.0625,-0.0625,0.125,51,,,,,
2026-08-04T18:19:17.010,217.764,landed,,,,,False,,,35.9184062,139.9079523,,,30.08,1011.5617578125,50.0439453125,135.8125,1.5625,77.9375,0.19,-9.48,1.86,-0.0625,0.0,0.125,51,,,,,
2026-08-04T18:19:17.511,218.265,landed,,,,,False,,,35.9184062,139.9079523,,,30.08,1011.6432421875,49.986328125,135.8125,1.5625,77.9375,0.17,-9.48,1.9,0.0,0.0,-0.0625,51,,,,,
2026-08-04T18:19:18.011,218.765,landed,,,,,False,,,35.9184062,139.9079523,,,30.08,1011.58890625,49.998046875,135.8125,1.5625,77.9375,0.18,-9.49,1.87,-0.0625,0.125,0.0,51,,,,,
2026-08-04T18:19:18.512,219.266,landed,,,,,False,,,35.9184062,139.9079523,,,30.09,1011.640078125,50.0107421875,135.8125,1.5625,77.9375,0.18,-9.5,1.86,0.0625,-0.1875,-0.0625,51,,,,,
2026-08-04T18:19:19.012,219.766,landed,,,,,False,,,35.9184062,139.9079523,,,30.07,1011.5454296875,49.916015625,135.8125,1.5625,77.9375,0.17,-9.49,1.88,0.0,0.1875,0.0,51,,,,,
2026-08-04T18:19:19.512,220.267,landed,,,,,False,,,35.9184062,139.9079523,,,30.07,1011.608046875,49.779296875,135.8125,1.5625,77.9375,0.16,-8.21,1.88,0.0625,-0.125,-0.125,51,,,,,
2026-08-04T18:19:20.013,220.767,landed,,,,,False,,,35.9184062,139.9079523,,,28.94,1009.873203125,49.6318359375,135.8125,1.5625,77.9375,0.18,-9.49,1.9,-0.0625,0.0,0.0625,51,,,,,
2026-08-04T18:19:20.513,221.267,landed,,,,,False,,,35.9184062,139.9079523,,,30.08,1011.6240625,49.607421875,135.8125,1.5625,77.9375,0.18,-9.48,1.86,0.0,0.0,-0.125,51,,,,,
2026-08-04T18:19:21.014,221.768,landed,,,,,False,,,35.9184062,139.9079523,,,30.07,1011.5997265625,49.537109375,135.8125,1.5625,77.9375,0.19,-9.49,1.88,0.0,-0.0625,0.0,51,,,,,
2026-08-04T18:19:21.514,222.268,landed,,,,,False,,,35.9184062,139.9079523,,,30.08,1011.6160546875,49.5498046875,135.8125,1.5625,77.9375,0.17,-9.5,1.85,0.125,-0.0625,0.1875,51,,,,,
2026-08-04T18:19:22.015,222.769,landed,,,,,False,,,35.9184062,139.9079523,,,30.08,1011.6703515625,49.5615234375,135.8125,1.5625,77.9375,0.18,-9.5,1.86,-0.0625,-0.0625,0.0,51,,,,,
2026-08-04T18:19:22.515,223.269,landed,,,,,False,,,35.9184062,139.9079523,,,30.07,1011.6540234375,49.6748046875,135.8125,1.5625,77.9375,0.18,-9.48,1.86,-0.0625,-0.0625,-0.0625,51,,,,,
2026-08-04T18:19:23.015,223.769,landed,,,,,False,,,35.9184062,139.9079523,,,30.07,1011.626875,49.6630859375,135.75,1.5,78.0625,0.18,-9.48,1.87,0.125,0.125,-0.0625,51,,,,,
2026-08-04T18:19:23.516,224.270,landed,,,,,False,,,35.9184062,139.9079523,,,30.06,1011.646015625,49.6748046875,135.625,1.4375,78.25,0.18,-9.49,1.84,0.1875,0.0625,0.1875,51,,,,,
2026-08-04T18:19:24.016,224.770,landed,,,,,False,,,35.9184062,139.9079523,,,30.06,1011.6380078125,49.7763671875,135.625,1.375,78.25,0.21,-9.47,1.9,-0.0625,0.1875,0.0,51,,,,,
2026-08-04T18:19:24.517,225.271,landed,,,,,False,,,35.9184062,139.9079523,,,30.05,1011.63,49.673828125,135.625,1.375,78.25,1.45,-9.48,1.87,0.0,0.125,-0.0625,51,,,,,
2026-08-04T18:19:25.017,225.771,landed,,,,,False,,,35.9184062,139.9079523,,,30.05,1011.684296875,49.869140625,135.625,1.375,78.25,0.19,-9.5,1.86,0.0625,0.125,0.125,51,,,,,
2026-08-04T18:19:25.518,226.272,landed,,,,,False,,,35.9184062,139.9079523,,,30.04,1011.6411328125,49.8447265625,135.625,1.375,78.25,0.19,-9.48,1.86,0.0625,-0.0625,-0.0625,51,,,,,
2026-08-04T18:19:26.018,226.772,landed,,,,,False,,,35.9184062,139.9079523,,,30.03,1011.64390625,49.865234375,135.625,1.375,78.25,0.15,-9.48,1.84,0.125,0.0,0.0,51,,,,,
2026-08-04T18:19:26.518,227.273,landed,,,,,False,,,35.9184062,139.9079523,,,30.02,1011.6358984375,50.140625,135.625,1.375,78.25,0.18,-9.49,1.85,0.125,0.0,0.0,51,,,,,
2026-08-04T18:19:27.019,227.773,landed,,,,,False,,,35.9184062,139.9079523,,,30.01,1011.6821875,50.208984375,135.625,1.375,78.25,0.19,-8.19,1.87,-0.125,0.125,-0.0625,51,,,,,
2026-08-04T18:19:27.519,228.273,landed,,,,,False,,,35.9184062,139.9079523,,,30.0,1011.611875,50.23046875,135.625,1.375,78.25,0.18,-9.49,1.85,0.0,-0.1875,0.0625,51,,,,,
2026-08-04T18:19:28.020,228.774,landed,,,,,False,,,35.9184062,139.9079523,,,30.01,1011.64703125,50.150390625,135.625,1.375,78.25,0.17,-9.51,1.87,-0.0625,0.0625,0.0,51,,,,,
2026-08-04T18:19:28.520,229.274,landed,,,,,False,,,35.9184062,139.9079523,,,30.0,1011.6035546875,50.03515625,135.625,1.375,78.25,0.18,-9.49,1.86,-0.0625,0.0,0.0,51,,,,,
2026-08-04T18:19:29.021,229.775,landed,,,,,False,,,35.9184062,139.9079523,,,29.99,1011.62265625,50.0810546875,135.625,1.375,78.25,0.16,-9.5,1.86,-0.0625,-0.125,0.0,51,,,,,
2026-08-04T18:19:29.521,230.275,landed,,,,,False,,,35.9184062,139.9079523,,,29.99,1011.64984375,49.943359375,135.625,1.375,78.25,0.17,-9.51,1.87,0.0,-0.0625,-0.1875,51,,,,,
2026-08-04T18:19:30.022,230.776,landed,,,,,False,,,35.9184062,139.9079523,,,29.98,1011.6609375,49.8603515625,135.625,1.375,78.25,0.17,-8.21,1.84,-0.0625,-0.0625,0.0,51,,,,,
2026-08-04T18:19:30.522,231.276,landed,,,,,False,,,35.9184062,139.9079523,,,29.01,1010.10296875,49.7890625,135.625,1.375,78.25,0.2,-9.47,1.86,8.0,-0.1875,0.0625,51,,,,,
2026-08-04T18:19:31.023,231.777,landed,,,,,False,,,35.9184062,139.9079523,,,30.0,1011.638984375,49.806640625,135.625,1.375,78.25,0.19,-9.49,1.86,0.0,-0.0625,-0.125,51,,,,,
2026-08-04T18:19:31.523,232.277,landed,,,,,False,,,35.9184062,139.9079523,,,30.01,1011.6741796875,49.88671875,135.625,1.375,78.25,0.17,-9.48,1.84,0.0625,0.0,0.0,51,,,,,
2026-08-04T18:19:32.023,232.777,landed,,,,,False,,,35.9184062,139.9079523,,,29.98,1011.6337890625,49.8955078125,135.625,1.375,78.25,0.17,-9.5,1.84,-0.0625,-0.0625,-0.0625,51,,,,,
2026-08-04T18:19:32.524,233.278,landed,,,,,False,,,35.9184062,139.9079523,,,29.99,1011.641796875,49.896484375,135.625,1.375,78.25,0.17,-8.21,1.88,0.0,-0.0625,0.125,51,,,,,
2026-08-04T18:19:33.024,233.778,landed,,,,,False,,,35.9184062,139.9079523,,,29.99,1011.64984375,49.8740234375,135.625,1.375,78.25,0.17,-9.49,1.86,0.0,-0.0625,-0.0625,51,,,,,
2026-08-04T18:19:33.525,234.279,landed,,,,,False,,,35.9184062,139.9079523,,,29.98,1011.680078125,49.8955078125,135.625,1.375,78.25,0.17,-9.51,1.85,0.0625,-0.125,0.0,51,,,,,
2026-08-04T18:19:34.025,234.779,landed,,,,,False,,,35.9184062,139.9079523,,,29.74,1011.309296875,49.9033203125,135.625,1.375,78.25,0.17,-9.49,1.87,-0.0625,0.0,0.125,51,,,,,
2026-08-04T18:19:34.525,235.280,landed,,,,,False,,,35.9184062,139.9079523,,,29.98,1011.606640625,49.91796875,135.625,1.375,78.25,0.18,-9.48,1.89,-0.0625,0.0625,0.0625,51,,,,,
2026-08-04T18:19:35.030,235.784,landed,,,,,False,,,35.9184062,139.9079523,,,30.0,1011.638984375,49.9443359375,135.625,1.375,78.25,0.18,-9.47,1.85,-0.0625,0.125,0.0,51,,,,,
2026-08-04T18:19:35.530,236.284,landed,,,,,False,,,35.9184062,139.9079523,,,29.99,1011.6961328125,49.9306640625,135.625,1.375,78.25,0.18,-9.49,1.84,0.0,8.0,-0.0625,51,,,,,
2026-08-04T18:19:36.031,236.785,landed,,,,,False,,,35.9184062,139.9079523,,,30.0,1011.6578125,49.931640625,135.625,1.375,78.25,0.18,-9.51,1.85,-0.0625,0.0,0.0,51,,,,,
2026-08-04T18:19:36.531,237.285,landed,,,,,False,,,35.9184062,139.9079523,,,30.0,1011.5847265625,49.955078125,135.625,1.375,78.25,0.18,-9.48,1.85,-0.0625,-0.1875,0.0625,51,,,,,
2026-08-04T18:19:37.031,237.786,landed,,,,,False,,,35.9184062,139.9079523,,,30.0,1011.685,49.9892578125,135.625,1.375,78.25,0.2,-9.49,1.82,0.0,-0.0625,0.0625,51,,,,,
2026-08-04T18:19:37.532,238.286,landed,,,,,False,,,35.9184062,139.9079523,,,29.99,1011.676953125,50.03515625,135.625,1.375,78.25,0.17,-9.47,1.86,-0.0625,-0.0625,0.0625,51,,,,,
2026-08-04T18:19:38.032,238.786,landed,,,,,False,,,35.9184062,139.9079523,,,29.99,1011.64984375,50.091796875,135.625,1.375,78.25,0.19,-9.53,1.87,0.0625,-0.1875,0.125,51,,,,,
2026-08-04T18:19:38.533,239.287,landed,,,,,False,,,35.9184062,139.9079523,,,30.01,1011.627890625,49.841796875,135.625,1.375,78.25,0.18,-9.51,1.86,0.0,-0.125,0.0625,51,,,,,
2026-08-04T18:19:39.033,239.787,landed,,,,,False,,,35.9184062,139.9079523,,,30.01,1011.6007421875,49.9912109375,135.625,1.375,78.25,0.19,-9.48,1.85,-0.0625,-0.0625,0.0,51,,,,,
2026-08-04T18:19:39.534,240.288,landed,,,,,False,,,35.9184062,139.9079523,,,30.0,1011.611875,49.990234375,135.625,1.375,78.25,0.17,-9.48,1.87,0.0,-0.0625,0.0,51,,,,,
2026-08-04T18:19:40.034,240.788,landed,,,,,False,,,35.9184062,139.9079523,,,30.01,1011.64703125,49.990234375,135.625,1.375,78.25,0.17,-9.48,1.85,-0.0625,-0.0625,0.0625,51,,,,,
2026-08-04T18:19:40.535,241.289,landed,,,,,False,,,35.9184062,139.9079523,,,30.0,1011.6578125,50.20703125,135.625,1.375,78.25,0.17,-9.5,1.83,-0.0625,0.0,0.0625,51,,,,,
2026-08-04T18:19:41.035,241.789,landed,,,,,False,,,35.9184062,139.9079523,,,29.98,1011.606640625,50.30859375,135.625,1.375,78.25,0.18,-9.49,1.85,-0.0625,-0.125,0.0,51,,,,,
2026-08-04T18:19:41.535,242.289,landed,,,,,False,,,35.9184062,139.9079523,,,30.0,1011.638984375,50.3115234375,135.625,1.375,78.25,0.19,-9.49,1.88,0.125,-0.0625,0.0625,51,,,,,
2026-08-04T18:19:42.036,242.790,landed,,,,,False,,,35.9184062,139.9079523,,,27.38,1007.5875390625,50.375,135.625,1.375,78.25,0.18,-9.5,1.87,-0.0625,-0.0625,-0.0625,51,,,,,
2026-08-04T18:19:42.536,243.290,landed,,,,,False,,,35.9184062,139.9079523,,,29.98,1011.6337890625,50.3544921875,135.625,1.375,78.25,0.19,-9.5,1.88,0.0625,0.0625,0.125,51,,,,,
2026-08-04T18:19:43.037,243.791,landed,,,,,False,,,35.9184062,139.9079523,,,29.98,1011.6609375,50.365234375,135.625,1.375,78.25,0.19,-9.51,1.81,0.0,0.0,0.0625,51,,,,,
2026-08-04T18:19:43.537,244.291,landed,,,,,False,,,35.9184062,139.9079523,,,29.97,1011.908359375,50.3994140625,135.625,1.375,78.25,0.19,-9.48,1.87,0.0625,0.0,0.0,51,,,,,
2026-08-04T18:19:44.037,244.791,landed,,,,,False,,,35.9184062,139.9079523,,,29.97,1011.67203125,50.4228515625,135.625,1.375,78.25,0.2,-9.5,1.83,0.0,-0.125,0.0,51,,,,,
2026-08-04T18:19:44.538,245.292,landed,,,,,False,,,35.9184062,139.9079523,,,29.97,1011.6177734375,50.4462890625,135.625,1.375,78.25,0.17,-9.49,1.82,0.0,0.0,0.0625,51,,,,,
2026-08-04T18:19:45.038,245.792,landed,,,,,False,,,35.9184062,139.9079523,,,29.98,1011.6337890625,50.46875,135.625,1.375,78.25,0.2,-9.5,1.82,0.0,0.125,-0.0625,51,,,,,
2026-08-04T18:19:45.539,246.293,landed,,,,,False,,,35.9184062,139.9079523,,,29.99,1011.7041015625,50.505859375,135.625,9.375,78.25,0.18,-9.5,1.88,0.0,-0.0625,0.0625,51,,,,,
2026-08-04T18:19:46.039,246.793,landed,,,,,False,,,35.9184062,139.9079523,,,30.0,1011.6578125,50.5166015625,135.625,1.375,78.25,0.19,-9.48,1.84,-0.0625,0.0625,0.0,51,,,,,
2026-08-04T18:19:46.540,247.294,landed,,,,,False,,,35.9184062,139.9079523,,,30.0,1011.666171875,50.529296875,135.625,1.375,78.25,0.17,-9.5,1.88,0.0,0.0625,0.125,51,,,,,
2026-08-04T18:19:47.040,247.794,landed,,,,,False,,,35.9184062,139.9079523,,,30.0,1011.638984375,50.62109375,135.625,1.375,78.25,0.19,-9.5,1.84,0.0625,-0.25,0.0,51,,,,,
2026-08-04T18:19:47.540,248.294,landed,,,,,False,,,35.9184062,139.9079523,,,28.19,1008.743515625,50.6240234375,135.625,1.375,78.25,0.17,-9.49,1.84,0.0,-0.0625,0.0625,51,,,,,
2026-08-04T18:19:48.041,248.795,landed,,,,,False,,,35.9184062,139.9079523,,,30.0,1011.630703125,50.7001953125,135.625,1.375,78.25,0.2,-9.5,1.83,0.0,0.0,0.0,51,,,,,
2026-08-04T18:19:48.541,249.295,landed,,,,,False,,,35.9184062,139.9079523,,,29.98,1011.6880859375,50.67578125,143.625,1.375,78.25,0.17,-9.48,1.83,0.0,0.125,0.0,51,,,,,
2026-08-04T18:19:49.042,249.796,landed,,,,,False,,,35.9184062,139.9079523,,,29.98,1011.6337890625,50.48046875,135.625,1.375,78.25,0.18,-9.49,1.85,0.0,-0.1875,-0.0625,51,,,,,
2026-08-04T18:19:49.542,250.296,landed,,,,,False,,,35.9184062,139.9079523,,,29.99,1011.641796875,50.2744140625,135.625,1.375,78.25,0.18,-9.5,1.82,0.0,0.1875,-0.0625,51,,,,,
2026-08-04T18:19:50.042,250.796,landed,,,,,False,,,35.9184062,139.9079523,,,30.0,1011.6578125,50.1728515625,135.625,1.375,78.25,0.19,-9.5,1.84,0.0,0.125,0.0625,51,,,,,
2026-08-04T18:19:50.543,251.297,landed,,,,,False,,,35.9184062,139.9079523,,,30.0,1011.666171875,50.0703125,135.625,1.375,78.25,0.18,-9.48,1.81,0.0,-0.125,-0.0625,51,,,,,
2026-08-04T18:19:51.043,251.797,landed,,,,,False,,,35.9184062,139.9079523,,,30.01,1011.6741796875,50.0126953125,135.625,1.375,78.25,0.17,-9.52,1.85,-0.0625,-0.125,0.1875,51,,,,,
2026-08-04T18:19:51.544,252.298,landed,,,,,False,,,35.9184062,139.9079523,,,30.0,1011.611875,50.08203125,135.625,1.375,78.25,0.18,-9.51,1.82,0.0625,0.1875,-0.0625,51,,,,,
2026-08-04T18:19:52.044,252.798,landed,,,,,False,,,35.9184062,139.9079523,,,30.01,1011.627890625,50.140625,135.625,1.375,78.25,0.17,-9.49,1.8,0.0,0.0,0.0,51,,,,,
2026-08-04T18:19:52.544,253.299,landed,,,,,False,,,35.9184062,139.9079523,,,30.0,1011.611875,50.162109375,135.625,1.375,78.25,1.46,-9.49,1.83,0.0,0.0,0.0625,51,,,,,
2026-08-04T18:19:53.045,253.799,deploying,,,,,False,,,35.9184062,139.9079523,,,29.99,1011.64984375,50.0458984375,135.625,1.375,78.25,0.19,-9.5,1.83,0.0625,0.125,-0.0625,51,,stopped,0.0,0.0,
2026-08-04T18:19:53.545,254.299,deploying,,,,,False,,,35.9184062,139.9079523,,,30.0,1011.685,49.9541015625,135.875,1.375,82.25,0.21,-9.85,1.08,-0.625,-0.0625,0.0,51,,stopped,0.0,0.0,
2026-08-04T18:19:54.046,254.800,deploying,,,,,False,,,35.9184062,139.9079523,,,29.99,1011.62265625,50.0,135.875,1.375,82.1875,0.19,-9.64,1.18,0.0,0.0625,0.0625,51,,stopped,0.0,0.0,
2026-08-04T18:19:54.546,255.300,deploying,,,,,False,,,35.9184062,139.9079523,,,30.0,1011.69328125,49.966796875,135.875,1.375,82.1875,0.18,-9.66,1.15,0.0,0.0,0.0,51,,stopped,0.0,0.0,
2026-08-04T18:19:55.047,255.801,deploying,,,,,False,,,35.9184062,139.9079523,,,30.01,1011.6198828125,49.990234375,135.875,1.375,82.1875,0.18,-9.64,1.17,0.0,0.0,0.0625,51,,stopped,0.0,0.0,
2026-08-04T18:19:55.547,256.301,deploying,,,,,False,,,35.9184062,139.9079523,,,30.01,1012.170859375,49.9794921875,135.875,1.375,82.1875,0.18,-9.65,1.12,0.0625,-0.0625,0.0625,51,,stopped,0.0,0.0,
2026-08-04T18:19:56.047,256.801,deploying,,,,,False,,,35.9184062,139.9079523,,,30.03,1011.64390625,49.9921875,137.6875,1.3125,127.625,-0.81,-14.18,-5.75,8.5,2.75,-0.0625,51,,forward,50.0,50.0,
2026-08-04T18:19:56.548,257.302,deploying,,,,,False,,,35.9184062,139.9079523,,,30.02,1011.6358984375,50.001953125,135.6875,1.0625,51.5625,0.16,-6.65,5.73,115.4375,0.875,0.375,51,,stopped,0.0,0.0,
2026-08-04T18:19:57.048,257.802,deploying,,,,,False,,,35.9184062,139.9079523,,,30.01,1011.6550390625,49.9912109375,135.75,1.0,53.4375,0.14,-7.84,5.75,1.0,0.0,-0.125,179,,stopped,0.0,0.0,
2026-08-04T18:19:57.550,258.304,deploying,,,,,False,,,35.9184062,139.9079523,,,30.03,1011.6167578125,50.0263671875,135.6875,0.9375,53.75,0.11,-7.92,5.68,0.1875,-0.125,0.0,179,,stopped,0.0,0.0,
2026-08-04T18:19:58.050,258.804,deploying,,,,,False,,,35.9184062,139.9079523,,,30.03,1011.70625,50.0263671875,135.6875,0.9375,53.875,0.14,-7.97,5.73,-0.0625,-0.125,-0.0625,119,,stopped,0.0,0.0,
2026-08-04T18:19:58.551,259.305,deploying,,,,,False,,,35.9184062,139.9079523,,,30.04,1011.6599609375,50.0390625,135.6875,0.9375,53.875,0.13,-7.95,5.72,0.0625,-0.0625,0.1875,119,,stopped,0.0,0.0,
2026-08-04T18:19:59.051,259.805,deploying,,,,,False,,,35.9184062,139.9079523,,,30.03,1011.5976171875,50.0498046875,135.6875,0.9375,53.875,0.14,-7.95,5.73,-0.0625,0.125,0.125,119,,stopped,0.0,0.0,
2026-08-04T18:19:59.552,260.306,deploying,,,,,False,,,35.9184062,139.9079523,,,30.04,1011.6327734375,50.107421875,135.6875,0.9375,53.875,0.14,-7.94,5.71,-0.0625,0.0,0.0625,119,,forward,50.0,50.0,
2026-08-04T18:20:00.052,260.806,deploying,,,,,False,,,35.9184062,139.9079523,,,30.03,1011.6519140625,50.1181640625,135.5625,0.8125,38.3125,0.06,-3.1,7.18,10.0625,-0.25,-0.0625,55,,stopped,0.0,0.0,
2026-08-04T18:20:00.553,261.307,deploying,,,,,False,,,35.9184062,139.9079523,,,30.04,1011.6056640625,50.1767578125,135.5625,0.8125,41.0,0.13,-6.52,7.32,0.3125,0.0,0.0,55,,stopped,0.0,0.0,
2026-08-04T18:20:01.053,261.807,deploying,,,,,False,,,35.9184062,139.9079523,,,27.28,1007.3374609375,50.1806640625,135.5625,0.8125,41.125,0.13,-5.22,7.33,0.0625,-0.0625,-0.125,55,,stopped,0.0,0.0,
2026-08-04T18:20:01.553,262.307,deploying,,,,,False,,,35.9184062,139.9079523,,,30.05,1011.7305859375,50.26953125,135.5625,0.8125,41.125,0.12,-6.52,7.29,-0.0625,0.0,0.0,55,,stopped,0.0,0.0,
2026-08-04T18:20:02.054,262.808,deploying,,,,,False,,,35.9184062,139.9079523,,,30.04,1011.6327734375,50.2568359375,135.5625,0.8125,41.125,0.13,-6.51,7.32,0.0,0.0,-0.125,55,,stopped,0.0,0.0,
2026-08-04T18:20:02.554,263.308,deploying,,,,,False,,,35.9184062,139.9079523,,,30.06,1011.646015625,50.271484375,135.5625,0.8125,41.125,0.14,-6.54,7.33,0.0,0.0625,0.0,55,,stopped,0.0,0.0,
2026-08-04T18:20:03.055,263.809,deploying,,,,,False,,,35.9184062,139.9079523,,,30.05,1011.6762890625,50.189453125,135.5625,0.8125,41.125,0.13,-6.5,7.3,0.0625,-0.0625,0.0,55,,stopped,0.0,0.0,
2026-08-04T18:20:03.555,264.309,deploying,,,,,False,,,35.9184062,139.9079523,,,29.27,1010.432265625,50.1845703125,135.5625,0.8125,41.125,0.13,-6.51,7.3,0.0625,0.125,0.0625,55,,stopped,0.0,0.0,
2026-08-04T18:20:04.055,264.809,deploying,,,,,False,,,35.9184062,139.9079523,,,30.04,1011.6327734375,50.0615234375,135.5625,0.8125,41.125,0.14,-6.5,7.36,0.0625,-0.125,0.0625,55,,stopped,0.0,0.0,
2026-08-04T18:20:04.556,265.310,deploying,,,,,False,,,35.9184062,139.9079523,,,30.04,1011.88546875,49.970703125,135.5625,0.8125,41.125,0.12,-6.52,7.31,0.0,0.125,-0.0625,55,,stopped,0.0,0.0,
2026-08-04T18:20:05.056,265.810,deploying,,,,,False,,,35.9184062,139.9079523,,,30.05,1011.5948046875,49.9599609375,135.5625,0.8125,41.125,0.12,-6.53,7.33,0.125,-0.0625,0.0,55,,stopped,0.0,0.0,
2026-08-04T18:20:05.557,266.311,deploying,,,,,False,,,35.9184062,139.9079523,,,30.05,1011.7114453125,49.869140625,135.5625,0.8125,41.125,0.14,-6.5,7.31,8.0625,0.1875,0.0,55,,stopped,0.0,0.0,
2026-08-04T18:20:06.057,266.811,deploying,,,,,False,,,35.9184062,139.9079523,,,30.05,1011.6762890625,49.8330078125,135.5625,0.8125,41.125,0.13,-6.53,7.29,0.0,-0.0625,-0.1875,55,,stopped,0.0,0.0,
2026-08-04T18:20:06.557,267.311,deploying,,,,,False,,,35.9184062,139.9079523,,,30.06,1011.66515625,49.8115234375,135.5625,0.8125,41.125,0.15,-6.54,7.29,0.0,0.125,0.0625,55,,stopped,0.0,0.0,
2026-08-04T18:20:07.058,267.812,deploying,,,,,False,,,35.9184062,139.9079523,,,30.06,1011.6731640625,49.8583984375,135.5625,0.8125,41.125,0.13,-6.52,7.26,0.0,0.125,-0.0625,55,,stopped,0.0,0.0,
2026-08-04T18:20:07.558,268.312,deploying,,,,,False,,,35.9184062,139.9079523,,,30.05,1011.6762890625,49.8564453125,135.5625,0.8125,41.125,1.42,-6.51,7.29,0.0,0.0625,0.0625,55,,stopped,0.0,0.0,
2026-08-04T18:20:08.059,268.813,deploying,,,,,False,,,35.9184062,139.9079523,,,30.06,1011.6380078125,49.8916015625,135.5625,0.8125,41.125,0.13,-6.51,7.28,0.0625,0.125,-0.0625,55,,stopped,0.0,0.0,
2026-08-04T18:20:08.559,269.313,deploying,,,,,False,,,35.9184062,139.9079523,,,30.06,1011.66515625,49.92578125,135.5625,0.8125,41.125,0.12,-6.52,7.31,8.0,-0.0625,-0.0625,55,,stopped,0.0,0.0,
2026-08-04T18:20:09.061,269.815,deploying,,,,,False,,,35.9184062,139.9079523,,,30.06,1011.7003125,50.0537109375,135.5625,0.8125,41.125,0.12,-6.53,7.28,-0.1875,0.0625,-0.125,55,,stopped,0.0,0.0,
2026-08-04T18:20:09.562,270.316,deploying,,,,,False,,,35.9184062,139.9079523,,,30.06,1011.7003125,49.984375,135.5625,0.8125,41.125,0.15,-6.53,7.3,0.0625,-0.125,0.0,55,,stopped,0.0,0.0,
2026-08-04T18:20:10.063,270.817,deploying,,,,,False,,,35.9184062,139.9079523,,,30.06,1011.7817578125,50.099609375,135.5625,0.8125,41.125,0.12,-6.52,7.3,0.0,-0.0625,-0.0625,55,,stopped,0.0,0.0,
2026-08-04T18:20:10.563,271.317,deploying,,,,,False,,,35.9184062,139.9079523,,,30.06,1011.66515625,50.1552734375,135.5625,0.8125,41.125,0.15,-6.51,7.29,0.0,-0.125,0.0,55,,stopped,0.0,0.0,
2026-08-04T18:20:11.063,271.817,deploying,,,,,False,,,35.9184062,139.9079523,,,26.22,1005.6528515625,50.052734375,135.5625,0.8125,41.125,0.14,-6.53,7.29,-0.1875,0.125,0.125,55,,stopped,0.0,0.0,
2026-08-04T18:20:11.564,272.318,deploying,,,,,False,,,35.9184062,139.9079523,,,30.05,1011.63,50.1904296875,143.5625,0.8125,41.125,0.12,-6.53,7.29,-0.0625,0.1875,0.0,55,,stopped,0.0,0.0,
2026-08-04T18:20:12.064,272.818,deploying,,,,,False,,,35.9184062,139.9079523,,,30.06,1011.7003125,50.203125,135.5625,0.8125,41.125,0.12,-6.52,7.27,8.125,8.125,-0.125,55,,stopped,0.0,0.0,
2026-08-04T18:20:12.564,273.318,deploying,,,,,False,,,35.9184062,139.9079523,,,30.06,1011.7003125,50.1796875,135.5625,0.8125,41.125,0.12,-6.56,7.3,-0.1875,8.0625,-0.0625,55,,stopped,0.0,0.0,
2026-08-04T18:20:13.065,273.819,deploying,,,,,False,,,35.9184062,139.9079523,,,30.08,1011.6240625,50.205078125,135.5625,0.8125,41.125,0.13,-6.52,7.28,0.0,0.0,0.0625,55,,stopped,0.0,0.0,
2026-08-04T18:20:13.565,274.319,deploying,,,,,False,,,35.9184062,139.9079523,,,30.08,1011.6703515625,50.2275390625,135.5625,0.8125,41.125,0.14,-6.53,7.23,0.125,-0.1875,-0.1875,55,,stopped,0.0,0.0,
2026-08-04T18:20:14.066,274.820,deploying,,,,,False,,,35.9184062,139.9079523,,,30.07,1011.6540234375,50.271484375,135.5625,0.8125,41.125,0.14,-6.51,7.28,-0.125,0.0,0.0,55,,stopped,0.0,0.0,
2026-08-04T18:20:14.566,275.320,deploying,,,,,False,,,35.9184062,139.9079523,,,30.06,1011.646015625,50.271484375,135.5625,0.8125,41.125,0.13,-6.53,7.27,-0.125,0.0,0.0625,55,,stopped,0.0,0.0,
2026-08-04T18:20:15.066,275.821,deploying,,,,,False,,,35.9184062,139.9079523,,,30.07,1011.716640625,50.21484375,135.5625,0.8125,41.125,0.12,-6.54,7.28,0.0,0.0625,0.0,55,,stopped,0.0,0.0,
2026-08-04T18:20:15.567,276.321,deploying,,,,,False,,,35.9184062,139.9079523,,,30.07,1011.66234375,50.111328125,135.5625,0.8125,41.125,0.14,-6.55,7.28,0.0625,-0.125,-0.0625,55,,stopped,0.0,0.0,
2026-08-04T18:20:16.069,276.823,deploying,,,,,False,,,35.9184062,139.9079523,,,30.07,1011.6540234375,50.064453125,135.5625,0.8125,41.125,0.12,-6.56,7.26,0.0,-0.0625,-0.0625,55,,stopped,0.0,0.0,
2026-08-04T18:20:16.569,277.323,deploying,,,,,False,,,35.9184062,139.9079523,,,30.07,1011.66234375,50.0087890625,135.5625,0.8125,41.125,0.13,-6.55,7.26,0.0,-0.0625,0.0,55,,stopped,0.0,0.0,
2026-08-04T18:20:17.069,277.823,deploying,,,,,False,,,35.9184062,139.9079523,,,30.07,1011.743828125,49.9736328125,135.5625,0.8125,41.125,0.12,-6.53,7.25,0.0,-0.0625,0.0,55,,stopped,0.0,0.0,
2026-08-04T18:20:17.570,278.324,deploying,,,,,False,,,35.9184062,139.9079523,,,30.08,1011.6703515625,49.9287109375,135.5625,0.8125,41.125,0.11,-6.54,7.26,0.0,-0.25,0.0,55,,stopped,0.0,0.0,
2026-08-04T18:20:18.070,278.824,deploying,,,,,False,,,35.9184062,139.9079523,,,30.08,1011.7326953125,49.9521484375,135.5625,8.8125,41.125,0.12,-6.56,7.27,0.0,0.0,0.125,55,,stopped,0.0,0.0,
2026-08-04T18:20:18.570,279.325,deploying,,,,,False,,,35.9184062,139.9079523,,,30.09,1011.632109375,49.8828125,135.5625,0.8125,41.125,1.4,-6.57,7.26,-0.125,-0.125,-0.125,55,,stopped,0.0,0.0,
2026-08-04T18:20:19.071,279.825,deploying,,,,,False,,,35.9184062,139.9079523,,,30.08,1011.678359375,49.90625,135.5625,0.8125,41.125,0.13,-6.56,7.23,-0.0625,0.0,0.0625,55,,stopped,0.0,0.0,
2026-08-04T18:20:19.571,280.325,deploying,,,,,False,,,35.9184062,139.9079523,,,30.08,1011.6703515625,49.8486328125,135.5625,0.8125,41.125,0.13,-6.56,7.24,-0.125,-0.125,0.0625,55,,stopped,0.0,0.0,
2026-08-04T18:20:20.072,280.826,deploying,,,,,False,,,35.9184062,139.9079523,,,30.09,1011.65921875,49.607421875,135.5625,0.8125,41.125,1.41,-6.57,7.26,0.0,0.0,0.0625,55,,stopped,0.0,0.0,
2026-08-04T18:20:20.572,281.326,deploying,,,,,False,,,35.9184062,139.9079523,,,30.08,1011.7246484375,49.8486328125,135.5625,0.8125,41.125,0.13,-6.56,7.25,0.0625,0.0625,0.0,55,,stopped,0.0,0.0,
2026-08-04T18:20:21.072,281.827,deploying,,,,,False,,,35.9184062,139.9079523,,,30.07,1011.66234375,49.8017578125,135.5625,0.8125,41.125,0.12,-6.55,7.27,0.0,-0.0625,0.0625,55,,stopped,0.0,0.0,
2026-08-04T18:20:21.573,282.327,deploying,,,,,False,,,35.9184062,139.9079523,,,30.08,1011.7055078125,49.7568359375,135.5625,0.8125,41.125,0.13,-6.55,7.25,0.0,0.125,-0.1875,55,,stopped,0.0,0.0,
2026-08-04T18:20:22.073,282.827,deploying,,,,,False,,,35.9184062,139.9079523,,,30.08,1011.678359375,49.69921875,135.5625,0.8125,41.125,0.13,-6.56,7.26,0.0,-0.125,-0.0625,55,,stopped,0.0,0.0,
2026-08-04T18:20:22.574,283.328,deploying,,,,,False,,,35.9184062,139.9079523,,,30.08,1011.7055078125,49.6533203125,135.5625,0.8125,41.125,0.12,-6.57,7.27,0.0,0.0625,0.0625,55,,stopped,0.0,0.0,
2026-08-04T18:20:23.074,283.828,deploying,,,,,False,,,35.9184062,139.9079523,,,30.08,1011.7055078125,49.6416015625,143.5625,0.8125,41.125,0.14,-6.56,7.29,-0.0625,0.0,0.0625,55,,stopped,0.0,0.0,
2026-08-04T18:20:23.575,284.329,deploying,,,,,False,,,35.9184062,139.9079523,,,30.1,1011.6561328125,49.6552734375,135.5625,0.8125,41.125,0.15,-6.58,7.26,0.0625,0.125,0.0625,55,,stopped,0.0,0.0,
2026-08-04T18:20:24.075,284.829,deploying,,,,,False,,,35.9184062,139.9079523,,,30.09,1011.68640625,49.6767578125,135.5625,0.8125,41.125,0.13,-6.57,7.26,-0.0625,0.0,-0.0625,55,,stopped,0.0,0.0,
2026-08-04T18:20:24.575,285.330,deploying,,,,,False,,,35.9184062,139.9079523,,,30.09,1011.65921875,49.69921875,135.5625,0.8125,41.125,0.12,-6.57,7.26,0.0625,0.0,0.0625,55,,stopped,0.0,0.0,
2026-08-04T18:20:25.076,285.830,deploying,,,,,False,,,35.9184062,139.9079523,,,30.09,1011.748671875,49.861328125,135.5625,0.8125,41.125,0.12,-6.56,7.27,-0.125,0.1875,0.0,55,,stopped,0.0,0.0,
2026-08-04T18:20:25.576,286.330,deploying,,,,,False,,,35.9184062,139.9079523,,,30.1,1011.702421875,49.712890625,135.5625,0.8125,41.125,0.14,-6.56,7.23,0.0,0.0625,0.0,55,,stopped,0.0,0.0,
2026-08-04T18:20:26.077,286.831,deploying,,,,,False,,,35.9184062,139.9079523,,,30.1,1011.6480859375,49.7470703125,135.5625,0.8125,41.125,0.13,-6.57,7.24,0.0,0.125,0.1875,55,,stopped,0.0,0.0,
2026-08-04T18:20:26.577,287.331,deploying,,,,,False,,,35.9184062,139.9079523,,,30.1,1011.6480859375,49.7705078125,135.5625,0.8125,41.125,0.12,-6.6,7.27,0.0,0.0,-0.0625,55,,stopped,0.0,0.0,
2026-08-04T18:20:27.077,287.832,deploying,,,,,False,,,35.9184062,139.9079523,,,30.1,1011.6480859375,49.7705078125,135.5625,0.8125,41.125,0.12,-6.58,7.23,0.0,-0.125,-0.0625,55,,stopped,0.0,0.0,
2026-08-04T18:20:27.578,288.332,deploying,,,,,False,,,35.9184062,139.9079523,,,30.1,1011.6480859375,49.7705078125,135.5625,0.8125,41.125,0.12,-6.59,7.25,0.0,0.0625,0.0625,55,,stopped,0.0,0.0,
2026-08-04T18:20:28.078,288.832,deploying,,,,,False,,,35.9184062,139.9079523,,,30.1,1011.6752734375,49.8046875,135.5625,0.8125,41.125,0.13,-6.58,7.27,0.0,0.0625,0.0,55,,stopped,0.0,0.0,
2026-08-04T18:20:28.578,289.333,deploying,,,,,False,,,35.9184062,139.9079523,,,30.1,1011.702421875,49.828125,135.5625,0.8125,41.125,0.11,-6.6,7.25,0.0625,0.125,0.0,55,,stopped,0.0,0.0,
2026-08-04T18:20:29.079,289.833,deploying,,,,,False,,,35.9184062,139.9079523,,,30.1,1011.6480859375,49.8046875,135.5625,0.8125,41.125,0.12,-6.59,7.24,0.125,-0.0625,-0.125,55,,stopped,0.0,0.0,
2026-08-04T18:20:29.579,290.333,deploying,,,,,False,,,35.9184062,139.9079523,,,30.1,1011.702421875,49.8046875,135.5625,0.8125,41.125,0.13,-6.6,7.24,0.125,-0.0625,0.125,55,,stopped,0.0,0.0,
2026-08-04T18:20:30.080,290.834,deploying,,,,,False,,,35.9184062,139.9079523,,,30.09,1011.667265625,49.8271484375,135.5625,0.8125,41.125,0.11,-6.59,7.23,-0.1875,-0.1875,-0.0625,55,,stopped,0.0,0.0,
2026-08-04T18:20:30.580,291.334,deploying,,,,,False,,,35.9184062,139.9079523,,,30.09,1011.58578125,49.8154296875,135.5625,0.8125,41.125,0.12,-6.59,7.22,0.0,-0.125,-0.0625,55,,stopped,0.0,0.0,
2026-08-04T18:20:31.080,291.834,deploying,,,,,False,,,35.9184062,139.9079523,,,30.11,1011.6373046875,49.7939453125,135.5625,0.8125,41.125,0.15,-6.59,7.22,0.0,0.0625,0.0625,55,,stopped,0.0,0.0,
2026-08-04T18:20:31.581,292.335,deploying,,,,,False,,,35.9184062,139.9079523,,,30.1,1011.6832421875,49.884765625,135.5625,0.8125,41.125,0.11,-6.6,7.25,0.0625,-0.125,0.1875,55,,stopped,0.0,0.0,
2026-08-04T18:20:32.081,292.835,deploying,,,,,False,,,35.9184062,139.9079523,,,30.1,1012.1911328125,50.0234375,135.5625,0.8125,41.125,0.13,-6.58,7.25,-0.125,-0.0625,0.0625,55,,stopped,0.0,0.0,
2026-08-04T18:20:32.582,293.336,deploying,,,,,False,,,35.9184062,139.9079523,,,30.09,1011.667265625,50.16015625,135.5625,0.8125,41.125,0.13,-6.58,7.21,0.0625,-0.125,0.0,55,,stopped,0.0,0.0,
2026-08-04T18:20:33.082,293.836,deploying,,,,,False,,,35.9184062,139.9079523,,,30.08,1011.678359375,50.169921875,135.5625,0.8125,41.125,0.12,-6.57,7.24,0.125,0.0625,0.0,55,,stopped,0.0,0.0,
2026-08-04T18:20:33.583,294.337,deploying,,,,,False,,,35.9184062,139.9079523,,,30.09,1011.68640625,50.1240234375,135.5625,0.8125,41.125,0.13,-6.59,7.21,0.0,-0.0625,0.125,55,,stopped,0.0,0.0,
2026-08-04T18:20:34.083,294.837,deploying,,,,,False,,,35.9184062,139.9079523,,,30.11,1011.7458984375,50.1044921875,135.5625,0.8125,41.125,0.14,-6.6,7.24,-0.0625,-0.0625,0.0625,55,,stopped,0.0,0.0,
2026-08-04T18:20:34.583,295.337,deploying,,,,,False,,,35.9184062,139.9079523,,,30.1,1011.7295703125,50.115234375,135.5625,0.8125,41.125,0.13,-6.59,7.25,0.125,0.0,0.0625,55,,stopped,0.0,0.0,
2026-08-04T18:20:35.084,295.838,deploying,,,,,False,,,35.9184062,139.9079523,,,30.1,1011.6480859375,50.115234375,135.5625,0.8125,41.125,0.14,-6.6,7.2,0.0625,-0.0625,0.0625,55,,stopped,0.0,0.0,
2026-08-04T18:20:35.584,296.339,deploying,,,,,False,,,35.9184062,139.9079523,,,30.09,1011.694375,50.1025390625,135.5625,0.8125,41.125,0.12,-6.59,7.25,0.0625,0.0625,0.0625,55,,stopped,0.0,0.0,
2026-08-04T18:20:36.085,296.839,deploying,,,,,False,,,35.9184062,139.9079523,,,30.1,1011.702421875,50.103515625,135.5625,0.8125,41.125,0.14,-6.61,7.23,-0.0625,0.0625,-0.125,55,,stopped,0.0,0.0,
2026-08-04T18:20:36.585,297.339,deploying,,,,,False,,,35.9184062,139.9079523,,,30.09,1011.748671875,50.0908203125,135.5625,0.8125,41.125,0.13,-6.6,7.23,0.0625,0.0625,0.0625,55,,stopped,0.0,0.0,
2026-08-04T18:20:37.086,297.840,deploying,,,,,False,,,35.9184062,139.9079523,,,30.09,1011.68640625,50.08984375,143.5625,8.8125,41.125,0.12,-6.61,7.22,0.0625,0.0625,0.125,55,,stopped,0.0,0.0,
2026-08-04T18:20:37.586,298.340,deploying,,,,,False,,,35.9184062,139.9079523,,,30.1,1011.6561328125,50.091796875,135.5625,0.8125,41.125,0.12,-6.58,7.23,0.0625,0.0,0.0,55,,stopped,0.0,0.0,
2026-08-04T18:20:38.086,298.841,deploying,,,,,False,,,35.9184062,139.9079523,,,30.1,1011.6832421875,50.080078125,135.5625,0.8125,41.125,0.11,-6.6,7.22,0.0,0.0625,0.0625,55,,stopped,0.0,0.0,
2026-08-04T18:20:38.587,299.341,deploying,,,,,False,,,35.9184062,139.9079523,,,30.1,1011.702421875,50.091796875,143.5625,0.8125,41.125,0.13,-6.6,7.22,8.0625,0.1875,-0.0625,55,,stopped,0.0,0.0,
2026-08-04T18:20:39.087,299.841,deploying,,,,,False,,,35.9184062,139.9079523,,,30.1,1011.6480859375,50.080078125,135.5625,0.8125,41.125,0.14,-6.6,7.22,0.0625,-0.0625,-0.0625,55,,stopped,0.0,0.0,
2026-08-04T18:20:39.588,300.342,deploying,,,,,False,,,35.9184062,139.9079523,,,30.1,1011.702421875,50.080078125,135.5625,0.8125,41.125,1.42,-6.61,7.2,0.0,-0.125,-0.0625,55,,stopped,0.0,0.0,
2026-08-04T18:20:40.088,300.842,deploying,,,,,False,,,35.9184062,139.9079523,,,30.11,1011.6101171875,50.03515625,143.5625,0.8125,41.125,0.13,-6.62,7.22,0.0,-0.1875,0.0625,55,,stopped,0.0,0.0,
2026-08-04T18:20:40.589,301.343,deploying,,,,,False,,,35.9184062,139.9079523,,,30.09,1011.65921875,50.1357421875,135.5625,0.8125,41.125,0.13,-6.63,7.23,-0.0625,0.0,-0.125,55,,stopped,0.0,0.0,
2026-08-04T18:20:41.089,301.843,deploying,,,,,False,,,35.9184062,139.9079523,,,30.1,1011.702421875,50.1259765625,135.5625,0.8125,41.125,0.14,-6.62,7.22,0.0,0.0,0.0,55,,stopped,0.0,0.0,
2026-08-04T18:20:41.589,302.343,deploying,,,,,False,,,35.9184062,139.9079523,,,30.09,1011.604921875,50.0556640625,135.5625,0.8125,41.125,0.13,-6.61,7.21,0.0625,0.0,0.0625,55,,stopped,0.0,0.0,
2026-08-04T18:20:42.090,302.844,deploying,,,,,False,,,35.9184062,139.9079523,,,30.1,1011.75671875,49.9775390625,135.5625,0.8125,41.125,0.12,-6.6,7.21,0.0,0.0,0.0625,55,,stopped,0.0,0.0,
2026-08-04T18:20:42.590,303.344,deploying,,,,,False,,,35.9184062,139.9079523,,,30.1,1011.6480859375,49.919921875,143.5625,0.8125,41.125,0.13,-6.62,7.2,0.0625,0.0,-0.1875,55,,stopped,0.0,0.0,
2026-08-04T18:20:43.091,303.845,deploying,,,,,False,,,35.9184062,139.9079523,,,30.1,1011.702421875,49.896484375,135.5625,0.8125,41.125,0.14,-6.6,7.22,0.0625,0.0,0.1875,55,,stopped,0.0,0.0,
2026-08-04T18:20:43.591,304.345,deploying,,,,,False,,,35.9184062,139.9079523,,,30.11,1011.6644140625,49.88671875,135.5625,0.8125,41.125,0.13,-6.61,7.23,0.0,0.0,-0.125,55,,stopped,0.0,0.0,
2026-08-04T18:20:44.091,304.845,deploying,,,,,False,,,35.9184062,139.9079523,,,27.84,1008.122890625,49.83203125,135.5625,0.8125,41.125,0.14,-6.61,7.21,0.0,0.0,0.0,55,,stopped,0.0,0.0,
2026-08-04T18:20:44.592,305.346,deploying,,,,,False,,,35.9184062,139.9079523,,,30.14,1011.6937109375,49.8330078125,135.5625,0.8125,41.125,0.13,-6.6,7.21,-0.125,0.0,-0.125,55,,stopped,0.0,0.0,
2026-08-04T18:20:45.093,305.847,deploying,,,,,False,,,35.9184062,139.9079523,,,30.12,1011.6884765625,49.7958984375,135.5625,0.8125,41.125,0.14,-6.6,7.19,0.0,-0.0625,-0.0625,55,,stopped,0.0,0.0,
2026-08-04T18:20:45.593,306.347,deploying,,,,,False,,,35.9184062,139.9079523,,,30.12,1011.68046875,49.7724609375,135.5625,0.8125,41.125,0.13,-6.59,7.18,0.0625,-0.0625,0.0,55,,stopped,0.0,0.0,
2026-08-04T18:20:46.093,306.848,deploying,,,,,False,,,35.9184062,139.9079523,,,30.12,1011.60703125,49.8193359375,135.5625,0.8125,41.125,0.13,-6.59,7.21,0.3125,0.0625,0.0625,55,,stopped,0.0,0.0,
2026-08-04T18:20:46.594,307.348,deploying,,,,,False,,,35.9184062,139.9079523,,,30.13,1011.696484375,49.7958984375,135.5625,0.8125,41.125,0.13,-6.6,7.22,0.0,0.0,-0.0625,55,,stopped,0.0,0.0,
2026-08-04T18:20:47.094,307.848,deploying,,,,,False,,,35.9184062,139.9079523,,,30.11,1011.6644140625,49.771484375,135.5625,0.8125,41.125,0.12,-6.62,7.23,-0.1875,-0.1875,0.0625,55,,stopped,0.0,0.0,
2026-08-04T18:20:47.595,308.349,deploying,,,,,False,,,35.9184062,139.9079523,,,30.11,1011.6453125,49.66796875,135.5625,0.8125,41.125,0.12,-6.6,7.21,0.1875,0.0,-0.0625,55,,stopped,0.0,0.0,
2026-08-04T18:20:48.095,308.849,deploying,,,,,False,,,35.9184062,139.9079523,,,30.11,1011.6373046875,49.552734375,135.5625,0.8125,41.125,0.13,-6.62,7.2,0.0625,0.0625,0.0,55,,stopped,0.0,0.0,
2026-08-04T18:20:48.595,309.350,deploying,,,,,False,,,35.9184062,139.9079523,,,30.1,1011.6289453125,49.517578125,135.5625,0.8125,41.125,0.13,-6.63,7.2,0.125,0.0,-0.0625,55,,stopped,0.0,0.0,
2026-08-04T18:20:49.096,309.850,deploying,,,,,False,,,35.9184062,139.9079523,,,30.12,1011.598984375,49.5546875,135.5625,0.8125,41.25,0.14,-6.62,7.19,0.0,0.0,0.0625,55,,stopped,0.0,0.0,
2026-08-04T18:20:49.596,310.350,deploying,,,,,False,,,35.9184062,139.9079523,,,30.12,1011.598984375,49.51953125,135.5625,0.8125,41.625,0.13,-6.63,7.22,0.0,-0.1875,0.0625,55,,stopped,0.0,0.0,
2026-08-04T18:20:50.098,310.852,deploying,,,,,False,,,35.9184062,139.9079523,,,30.12,1011.9519921875,49.4736328125,135.5625,0.75,41.8125,0.12,-6.63,7.18,0.0625,0.125,0.0,55,,stopped,0.0,0.0,
2026-08-04T18:20:50.598,311.352,deploying,,,,,False,,,35.9184062,139.9079523,,,30.11,1011.5558203125,49.576171875,135.5625,0.75,41.8125,0.13,-6.63,7.22,0.0625,-0.125,0.0625,55,,stopped,0.0,0.0,
2026-08-04T18:20:51.099,311.853,deploying,,,,,False,,,35.9184062,139.9079523,,,30.11,1011.6453125,49.49609375,135.5625,0.75,41.8125,0.13,-6.62,7.18,0.0,0.125,0.0,55,,stopped,0.0,0.0,
2026-08-04T18:20:51.599,312.353,deploying,,,,,False,,,35.9184062,139.9079523,,,30.12,1011.6341796875,49.498046875,135.5625,0.75,41.8125,0.12,-6.65,7.18,-0.0625,8.0,0.0625,55,,stopped,0.0,0.0,
2026-08-04T18:20:52.099,312.853,deploying,,,,,False,,,35.9184062,139.9079523,,,30.13,1011.587890625,49.5556640625,135.5625,0.75,41.8125,0.13,-6.62,7.17,0.0,0.125,0.0625,55,,stopped,0.0,0.0,
2026-08-04T18:20:52.600,313.354,deploying,,,,,False,,,35.9184062,139.9079523,,,30.12,1011.68046875,49.4853515625,135.5625,0.75,41.8125,0.12,-6.62,7.23,0.0,0.0625,-0.0625,55,,stopped,0.0,0.0,
2026-08-04T18:20:53.100,313.854,deploying,,,,,False,,,35.9184062,139.9079523,,,30.12,1011.6884765625,49.5205078125,135.5625,0.75,41.8125,0.12,-6.61,7.19,0.0,-0.0625,-0.125,55,,stopped,0.0,0.0,
2026-08-04T18:20:53.601,314.355,deploying,,,,,False,,,35.9184062,139.9079523,,,30.12,1011.6884765625,49.5205078125,135.5625,0.75,41.8125,0.12,-6.62,7.22,0.0,-0.0625,-0.125,183,,stopped,0.0,0.0,
2026-08-04T18:20:54.101,314.855,deploying,,,,,False,,,35.9184062,139.9079523,,,26.62,1006.0564453125,49.48046875,135.5625,0.75,41.8125,0.12,-6.65,7.18,0.0625,-0.0625,0.0625,55,,stopped,0.0,0.0,
2026-08-04T18:20:54.601,315.355,deploying,,,,,False,,,35.9184062,139.9079523,,,30.12,1011.6341796875,49.5439453125,135.5625,0.75,41.8125,0.11,-6.64,7.19,0.0,0.0625,0.0625,55,,stopped,0.0,0.0,
2026-08-04T18:20:55.102,315.856,deploying,,,,,False,,,35.9184062,139.9079523,,,30.14,1011.6853515625,49.4755859375,135.5625,0.75,41.8125,0.12,-6.64,7.19,0.0,0.0,-0.125,55,,stopped,0.0,0.0,
2026-08-04T18:20:55.602,316.356,deploying,,,,,False,,,35.9184062,139.9079523,,,30.11,1011.6181640625,49.5068359375,135.5625,0.75,41.8125,0.12,-6.63,7.21,-0.0625,0.0,0.0,55,,stopped,0.0,0.0,
2026-08-04T18:20:56.106,316.860,deploying,,,,,False,,,35.9184062,139.9079523,,,30.11,1011.6644140625,49.484375,135.5625,0.75,41.8125,0.11,-6.62,7.19,0.0,-0.0625,0.0,55,,stopped,0.0,0.0,
2026-08-04T18:20:56.607,317.361,deploying,,,,,False,,,35.9184062,139.9079523,,,30.11,1011.6373046875,49.484375,135.5625,0.75,41.8125,0.12,-6.63,7.19,0.0,-0.125,0.0625,55,,stopped,0.0,0.0,
2026-08-04T18:20:57.107,317.861,deploying,,,,,False,,,35.9184062,139.9079523,,,30.12,1011.6533203125,49.4853515625,135.5625,0.75,41.8125,0.12,-6.64,7.21,-0.125,-0.125,-0.125,55,,stopped,0.0,0.0,
2026-08-04T18:20:57.607,318.361,deploying,,,,,False,,,35.9184062,139.9079523,,,30.12,1011.626171875,49.51953125,135.5625,0.75,41.8125,0.12,-6.62,7.2,0.1875,0.0,0.0625,55,,stopped,0.0,0.0,
2026-08-04T18:20:58.113,318.867,deploying,,,,,False,,,35.9184062,139.9079523,,,30.12,1011.68046875,49.5654296875,135.5625,0.75,41.8125,0.12,-6.64,7.23,0.1875,0.0,0.0,55,,stopped,0.0,0.0,
2026-08-04T18:20:58.613,319.367,deploying,,,,,False,,,35.9184062,139.9079523,,,30.1,1011.702421875,49.736328125,135.5625,0.75,41.8125,0.12,-6.62,7.17,0.25,-0.1875,-0.0625,55,,stopped,0.0,0.0,
2026-08-04T18:20:59.113,319.868,deploying,,,,,False,,,35.9184062,139.9079523,,,30.09,1011.58578125,49.8271484375,135.5625,0.75,41.8125,0.12,-6.63,7.2,0.25,0.0625,-0.0625,55,,stopped,0.0,0.0,
2026-08-04T18:20:59.614,320.368,deploying,,,,,False,,,35.9184062,139.9079523,,,30.09,1011.748671875,49.8154296875,135.5625,0.75,41.8125,0.13,-6.64,7.18,0.0,-0.125,0.0,55,,stopped,0.0,0.0,
2026-08-04T18:21:00.114,320.868,deploying,,,,,False,,,35.9184062,139.9079523,,,30.09,1011.713515625,49.802734375,135.5625,0.75,41.8125,0.13,-6.6,7.21,0.0,0.0,0.0,55,,stopped,0.0,0.0,
2026-08-04T18:21:00.615,321.369,deploying,,,,,False,,,35.9184062,139.9079523,,,30.08,1011.7055078125,49.802734375,135.5625,0.75,41.8125,0.12,-6.65,7.2,8.0,-0.0625,0.0625,55,,stopped,0.0,0.0,
2026-08-04T18:21:01.115,321.869,deploying,,,,,False,,,35.9184062,139.9079523,,,30.1,1011.75671875,49.7822265625,135.5625,0.75,41.8125,0.12,-6.63,7.22,0.0,0.0,-0.0625,55,,stopped,0.0,0.0,
2026-08-04T18:21:01.615,322.369,deploying,,,,,False,,,35.9184062,139.9079523,,,30.08,1011.678359375,49.734375,135.5625,0.75,41.8125,0.12,-6.63,7.16,-0.0625,0.0,-0.0625,55,,stopped,0.0,0.0,
2026-08-04T18:21:02.116,322.870,deploying,,,,,False,,,35.9184062,139.9079523,,,30.08,1011.6703515625,49.6767578125,135.5625,0.75,41.8125,0.14,-6.63,7.22,0.0,0.0,-0.0625,55,,stopped,0.0,0.0,
2026-08-04T18:21:02.621,323.375,deploying,,,,,False,,,35.9184062,139.9079523,,,26.91,1006.7849609375,49.5126953125,135.5625,0.75,41.8125,0.12,-6.63,7.18,0.0625,0.0625,0.0625,55,,stopped,0.0,0.0,
2026-08-04T18:21:03.121,323.875,deploying,,,,,False,,,35.9184062,139.9079523,,,30.08,1011.6975390625,49.4580078125,135.5625,0.75,41.8125,0.13,-6.63,7.2,0.0,0.0625,-0.0625,55,,stopped,0.0,0.0,
2026-08-04T18:21:03.622,324.376,deploying,,,,,False,,,35.9184062,139.9079523,,,30.07,1011.7083203125,49.3984375,135.5625,0.75,41.8125,0.13,-6.63,7.22,0.0625,0.0,-0.0625,55,,stopped,0.0,0.0,
2026-08-04T18:21:04.122,324.876,deploying,,,,,False,,,35.9184062,139.9079523,,,30.09,1011.713515625,49.35546875,135.5625,0.75,41.8125,0.12,-6.67,7.18,0.0,-0.0625,0.0625,55,,stopped,0.0,0.0,
2026-08-04T18:21:04.622,325.377,deploying,,,,,False,,,35.9184062,139.9079523,,,30.07,1011.76265625,49.2958984375,135.5625,0.75,41.8125,0.13,-6.63,7.19,-0.0625,0.125,-0.1875,55,,stopped,0.0,0.0,
2026-08-04T18:21:05.123,325.877,deploying,,,,,False,,,35.9184062,139.9079523,,,30.06,1011.754609375,49.2607421875,135.5625,0.75,41.8125,0.12,-6.63,7.2,-0.125,0.1875,0.0,55,,stopped,0.0,0.0,
2026-08-04T18:21:05.623,326.378,deploying,,,,,False,,,35.9184062,139.9079523,,,30.07,1011.5997265625,49.1806640625,135.5625,0.75,41.8125,0.12,-6.66,7.15,-0.125,-0.1875,0.0625,55,,stopped,0.0,0.0,
2026-08-04T18:21:06.124,326.878,deploying,,,,,False,,,35.9184062,139.9079523,,,30.06,1011.719453125,49.1337890625,135.5625,8.75,41.8125,0.12,-6.63,7.16,0.0625,-0.1875,-0.0625,55,,stopped,0.0,0.0,
2026-08-04T18:21:06.624,327.378,deploying,,,,,False,,,35.9184062,139.9079523,,,30.06,1011.6380078125,49.1103515625,135.5625,0.75,41.8125,0.13,-6.63,7.15,0.0625,0.25,0.0625,55,,stopped,0.0,0.0,
2026-08-04T18:21:07.125,327.879,deploying,,,,,False,,,35.9184062,139.9079523,,,30.05,1011.6219921875,49.041015625,135.5625,0.75,41.8125,0.11,-6.66,7.19,0.0,0.0625,-0.0625,55,,stopped,0.0,0.0,
2026-08-04T18:21:07.625,328.379,deploying,,,,,False,,,35.9184062,139.9079523,,,30.05,1011.6219921875,49.017578125,135.5625,0.75,41.8125,0.14,-6.67,7.18,0.0,0.25,0.0,55,,stopped,0.0,0.0,
2026-08-04T18:21:08.125,328.880,deploying,,,,,False,,,35.9184062,139.9079523,,,29.47,1010.773671875,48.95703125,135.5625,0.75,41.8125,0.12,-6.65,7.17,0.0,0.0,-0.125,55,,stopped,0.0,0.0,
2026-08-04T18:21:08.626,329.380,deploying,,,,,False,,,35.9184062,139.9079523,,,30.03,1011.6519140625,49.0732421875,135.5625,0.75,41.8125,0.13,-6.64,7.16,-0.0625,0.0625,-0.0625,55,,stopped,0.0,0.0,
2026-08-04T18:21:09.126,329.880,deploying,,,,,False,,,35.9184062,139.9079523,,,30.04,1011.6870703125,49.0166015625,135.5625,0.75,41.8125,0.13,-6.67,7.16,0.0625,0.0,-0.0625,55,,stopped,0.0,0.0,
2026-08-04T18:21:09.627,330.381,deploying,,,,,False,,,35.9184062,139.9079523,,,30.03,1011.5624609375,48.9931640625,135.5625,0.75,41.8125,0.12,-6.65,7.15,0.0,0.1875,-0.125,55,,stopped,0.0,0.0,
2026-08-04T18:21:10.127,330.881,deploying,,,,,False,,,35.9184062,139.9079523,,,30.02,1011.6358984375,48.9921875,135.5625,0.75,41.8125,0.1,-6.64,7.19,0.0,0.0,-0.0625,55,,stopped,0.0,0.0,
2026-08-04T18:21:10.627,331.381,deploying,,,,,False,,,35.9184062,139.9079523,,,30.02,1011.663046875,49.0146484375,135.5625,0.75,41.8125,0.12,-6.67,7.18,-0.25,-0.0625,0.0,55,,stopped,0.0,0.0,
2026-08-04T18:21:11.128,331.882,deploying,,,,,False,,,35.9184062,139.9079523,,,30.01,1011.6821875,49.072265625,135.5625,0.75,41.8125,0.12,-6.65,7.19,-0.125,-0.0625,-0.0625,55,,stopped,0.0,0.0,
2026-08-04T18:21:11.628,332.382,deploying,,,,,False,,,35.9184062,139.9079523,,,30.01,1012.4694921875,49.095703125,135.5625,0.75,41.8125,0.13,-6.65,7.15,0.0625,0.0625,-0.0625,55,,stopped,0.0,0.0,
2026-08-04T18:21:12.129,332.883,deploying,,,,,False,,,35.9184062,139.9079523,,,30.01,1011.64703125,49.0947265625,135.5625,0.75,41.8125,0.13,-6.67,7.19,0.0,-0.125,0.0,55,,stopped,0.0,0.0,
2026-08-04T18:21:12.629,333.383,deploying,,,,,False,,,35.9184062,139.9079523,,,30.02,1011.6358984375,49.0498046875,135.5625,0.75,41.8125,0.13,-6.66,7.17,0.0,0.0,-0.0625,55,,stopped,0.0,0.0,
2026-08-04T18:21:13.129,333.884,deploying,,,,,False,,,35.9184062,139.9079523,,,30.03,1011.698203125,49.0849609375,135.5625,0.75,41.8125,1.39,-6.64,7.2,-0.0625,0.125,0.0,55,,stopped,0.0,0.0,
2026-08-04T18:21:13.630,334.384,deploying,,,,,False,,,35.9184062,139.9079523,,,30.03,1011.64390625,49.107421875,135.5625,0.75,41.8125,0.14,-6.65,7.15,-0.0625,0.125,0.0,55,,stopped,0.0,0.0,
2026-08-04T18:21:14.130,334.884,deploying,,,,,False,,,35.9184062,139.9079523,,,30.04,1011.6056640625,49.1435546875,135.5625,0.75,41.8125,0.12,-6.64,7.17,-0.125,8.0625,0.0,55,,stopped,0.0,0.0,
2026-08-04T18:21:14.631,335.385,deploying,,,,,False,,,35.9184062,139.9079523,,,30.03,1011.5976171875,49.1533203125,135.5625,0.75,41.8125,0.12,-6.66,7.16,0.0625,-0.0625,0.0,55,,stopped,0.0,0.0,
2026-08-04T18:21:15.131,335.885,deploying,,,,,False,,,35.9184062,139.9079523,,,30.03,1011.5705078125,49.19921875,135.5625,0.75,41.8125,0.13,-6.65,7.15,-0.0625,-0.0625,-0.0625,55,,stopped,0.0,0.0,
2026-08-04T18:21:15.631,336.386,deploying,,,,,False,,,35.9184062,139.9079523,,,26.38,1005.8400390625,49.1474609375,135.5625,0.75,41.8125,0.13,-6.66,7.17,-0.0625,0.0625,-0.0625,55,,stopped,0.0,0.0,
2026-08-04T18:21:16.132,336.886,deploying,,,,,False,,,35.9184062,139.9079523,,,30.05,1011.6571484375,49.2373046875,135.5625,0.75,41.8125,0.12,-6.67,7.17,0.0,0.0625,0.0,55,,stopped,0.0,0.0,
2026-08-04T18:21:16.632,337.386,deploying,,,,,False,,,35.9184062,139.9079523,,,30.04,1011.6327734375,49.2353515625,135.5625,0.75,41.8125,0.13,-6.66,7.17,-0.125,0.125,0.0,55,,stopped,0.0,0.0,
2026-08-04T18:21:17.133,337.887,deploying,,,,,False,,,35.9184062,139.9079523,,,27.41,1007.6358984375,49.3974609375,135.5625,0.75,41.8125,0.12,-6.66,7.16,0.0625,0.125,-0.0625,55,,stopped,0.0,0.0,
2026-08-04T18:21:17.633,338.387,deploying,,,,,False,,,35.9184062,139.9079523,,,30.03,1011.64390625,49.2568359375,143.5625,0.75,41.8125,1.41,-6.66,7.17,0.125,0.0625,-0.0625,55,,stopped,0.0,0.0,
2026-08-04T18:21:18.133,338.887,deploying,,,,,False,,,35.9184062,139.9079523,,,30.03,1011.6710546875,49.2685546875,135.5625,0.75,41.8125,0.13,-6.65,7.17,0.125,0.125,-0.1875,55,,stopped,0.0,0.0,
2026-08-04T18:21:18.634,339.388,deploying,,,,,False,,,35.9184062,139.9079523,,,30.03,1011.64390625,49.234375,135.5625,0.75,41.8125,0.12,-6.66,7.19,0.0625,0.0,-0.0625,55,,stopped,0.0,0.0,
2026-08-04T18:21:19.134,339.889,deploying,,,,,False,,,35.9184062,139.9079523,,,30.03,1011.6790625,49.234375,135.5625,0.75,41.8125,0.12,-6.68,7.17,0.0625,0.0625,-0.125,55,,stopped,0.0,0.0,
2026-08-04T18:21:19.634,340.389,deploying,,,,,False,,,35.9184062,139.9079523,,,30.03,1011.589609375,49.234375,135.5625,0.75,41.8125,0.12,-6.67,7.17,0.0,0.125,0.0,55,,stopped,0.0,0.0,
2026-08-04T18:21:20.136,340.890,deploying,,,,,False,,,35.9184062,139.9079523,,,30.04,1011.551328125,49.2236328125,135.5625,0.75,41.8125,0.13,-6.66,7.16,0.125,0.1875,0.125,55,,stopped,0.0,0.0,
2026-08-04T18:21:20.636,341.391,deploying,,,,,False,,,35.9184062,139.9079523,,,30.04,1011.6056640625,49.2578125,135.5625,0.75,41.8125,0.12,-6.64,7.17,0.0625,0.0,-0.0625,55,,stopped,0.0,0.0,
2026-08-04T18:21:21.137,341.891,deploying,,,,,False,,,35.9184062,139.9079523,,,28.71,1009.56515625,49.263671875,135.5625,0.75,41.8125,0.11,-6.66,7.17,0.0,-0.125,0.0625,55,,stopped,0.0,0.0,
2026-08-04T18:21:21.637,342.391,deploying,,,,,False,,,35.9184062,139.9079523,,,30.01,1011.6198828125,49.32421875,135.5625,0.75,41.8125,0.12,-6.66,7.18,0.0,0.125,-0.0625,55,,stopped,0.0,0.0,
2026-08-04T18:21:22.138,342.892,deploying,,,,,False,,,35.9184062,139.9079523,,,30.03,1011.589609375,49.3603515625,135.5625,0.75,41.8125,0.12,-6.66,7.12,0.0,-0.125,0.0,55,,stopped,0.0,0.0,
2026-08-04T18:21:22.638,343.392,deploying,,,,,False,,,35.9184062,139.9079523,,,30.03,1011.6167578125,49.4296875,135.5625,0.75,41.8125,0.14,-6.67,7.19,-0.125,0.0625,0.0625,55,,stopped,0.0,0.0,
2026-08-04T18:21:23.138,343.893,deploying,,,,,False,,,35.9184062,139.9079523,,,30.02,1011.6901953125,49.4970703125,135.5625,8.75,41.8125,0.12,-6.66,7.16,-0.1875,0.0,0.0,55,,stopped,0.0,0.0,
2026-08-04T18:21:23.639,344.393,deploying,,,,,False,,,35.9184062,139.9079523,,,30.03,1011.5976171875,49.58984375,135.5625,0.75,41.8125,0.13,-6.66,7.15,0.0625,-0.0625,-0.125,55,,stopped,0.0,0.0,
2026-08-04T18:21:24.139,344.893,deploying,,,,,False,,,35.9184062,139.9079523,,,30.03,1011.624765625,49.5791015625,135.5625,0.75,41.8125,0.12,-6.63,7.17,0.125,0.0625,0.0625,55,,stopped,0.0,0.0,
2026-08-04T18:21:24.640,345.394,deploying,,,,,False,,,35.9184062,139.9079523,,,30.03,1012.43125,49.6474609375,135.5625,0.75,41.8125,0.13,-5.37,7.17,0.0,-0.0625,0.0625,55,,stopped,0.0,0.0,
2026-08-04T18:21:25.140,345.894,deploying,,,,,False,,,35.9184062,139.9079523,,,30.01,1011.6198828125,49.66796875,135.5625,0.75,41.8125,0.13,-6.65,7.17,0.125,0.0,0.125,55,,stopped,0.0,0.0,
2026-08-04T18:21:25.640,346.395,deploying,,,,,False,,,35.9184062,139.9079523,,,30.01,1011.57359375,49.73828125,135.5625,0.75,41.8125,0.12,-6.67,7.15,0.0,-0.0625,-0.0625,55,,stopped,0.0,0.0,
2026-08-04T18:21:26.141,346.895,deploying,,,,,False,,,35.9184062,139.9079523,,,30.02,1011.6358984375,49.8994140625,143.5625,0.75,41.8125,0.12,-6.67,7.14,0.0,-0.125,-0.0625,55,,stopped,0.0,0.0,
2026-08-04T18:21:26.641,347.395,deploying,,,,,False,,,35.9184062,139.9079523,,,30.03,1011.6167578125,49.865234375,135.5625,0.75,41.8125,0.15,-6.65,7.14,-0.125,0.125,0.125,55,,stopped,0.0,0.0,
2026-08-04T18:21:27.142,347.896,deploying,,,,,False,,,35.9184062,139.9079523,,,30.01,1011.6821875,49.8876953125,135.5625,0.75,41.8125,0.13,-6.67,7.17,0.0,0.0625,0.0,55,,stopped,0.0,0.0,
2026-08-04T18:21:27.642,348.396,deploying,,,,,False,,,35.9184062,139.9079523,,,30.0,1011.6578125,49.6787109375,135.5625,0.75,41.8125,0.11,-6.66,7.15,0.0,0.125,0.0625,55,,stopped,0.0,0.0,
2026-08-04T18:21:28.142,348.896,deploying,,,,,False,,,35.9184062,139.9079523,,,30.0,1011.611875,49.875,135.5625,0.75,41.8125,0.12,-5.39,7.17,-0.1875,-0.0625,-0.0625,55,,stopped,0.0,0.0,
2026-08-04T18:21:28.643,349.397,deploying,,,,,False,,,35.9184062,139.9079523,,,30.0,1011.638984375,49.9091796875,135.5625,0.75,41.8125,0.11,-6.66,7.17,-0.125,0.0625,0.0625,55,,stopped,0.0,0.0,
2026-08-04T18:21:29.144,349.899,deploying,,,,,False,,,35.9184062,139.9079523,,,30.0,1011.5847265625,49.990234375,135.5625,0.75,41.8125,0.13,-6.64,7.18,0.1875,0.0625,-0.0625,55,,stopped,0.0,0.0,
2026-08-04T18:21:29.644,350.398,deploying,,,,,False,,,35.9184062,139.9079523,,,29.99,1011.641796875,50.0107421875,135.5625,0.75,41.8125,0.12,-6.65,7.17,0.0625,-0.125,0.0,55,,stopped,0.0,0.0,
2026-08-04T18:21:30.144,350.899,deploying,,,,,False,,,35.9184062,139.9079523,,,28.94,1009.9898828125,49.9765625,135.5625,0.75,41.8125,0.12,-6.65,7.17,-0.0625,-0.0625,0.0625,55,,stopped,0.0,0.0,
2026-08-04T18:21:30.645,351.399,deploying,,,,,False,,,35.9184062,139.9079523,,,30.0,1011.72046875,49.990234375,135.5625,0.75,41.8125,0.12,-6.69,7.15,0.0625,0.0,0.0,55,,stopped,0.0,0.0,
2026-08-04T18:21:31.145,351.899,deploying,,,,,False,,,35.9184062,139.9079523,,,29.99,1011.64984375,49.943359375,135.5625,0.75,41.8125,0.13,-6.65,7.15,0.0,0.1875,-0.0625,55,,stopped,0.0,0.0,
2026-08-04T18:21:31.646,352.400,deploying,,,,,False,,,35.9184062,139.9079523,,,29.99,1011.6146484375,50.0224609375,143.5625,0.75,41.8125,0.12,-6.66,7.16,-0.0625,0.0,0.0,55,,stopped,0.0,0.0,
2026-08-04T18:21:32.146,352.900,deploying,,,,,False,,,35.9184062,139.9079523,,,29.99,1011.64984375,50.103515625,135.5625,0.75,41.8125,0.11,-6.65,7.14,0.0,0.0625,0.0,55,,stopped,0.0,0.0,
2026-08-04T18:21:32.647,353.401,deploying,,,,,False,,,35.9184062,139.9079523,,,29.99,1011.641796875,50.1259765625,135.5625,0.75,41.8125,0.12,-6.67,7.14,-0.125,0.0,0.0,55,,stopped,0.0,0.0,
2026-08-04T18:21:33.147,353.901,deploying,,,,,False,,,35.9184062,139.9079523,,,30.0,1011.6578125,49.943359375,135.5625,0.75,41.8125,0.13,-6.67,7.17,-0.125,0.0,-0.125,55,,stopped,0.0,0.0,
2026-08-04T18:21:33.648,354.402,deploying,,,,,False,,,35.9184062,139.9079523,,,29.99,1011.7041015625,50.0693359375,135.5625,0.75,41.8125,0.13,-6.68,7.18,-0.125,0.125,0.0,55,,stopped,0.0,0.0,
2026-08-04T18:21:34.148,354.902,deploying,,,,,False,,,35.9184062,139.9079523,,,30.0,1011.666171875,49.990234375,135.5625,0.75,41.8125,0.11,-5.38,7.13,0.0625,8.0625,0.0,55,,stopped,0.0,0.0,
2026-08-04T18:21:34.648,355.403,deploying,,,,,False,,,35.9184062,139.9079523,,,29.99,1011.64984375,49.9892578125,135.5625,0.75,41.8125,0.13,-6.66,7.16,0.0,0.0,-0.0625,55,,stopped,0.0,0.0,
2026-08-04T18:21:35.149,355.903,deploying,,,,,False,,,35.9184062,139.9079523,,,29.99,1011.676953125,50.01171875,135.5625,0.75,41.8125,0.14,-6.67,7.17,0.0,0.0625,-0.0625,55,,stopped,0.0,0.0,
2026-08-04T18:21:35.649,356.403,deploying,,,,,False,,,35.9184062,139.9079523,,,29.98,1011.62578125,50.033203125,135.5625,0.75,41.8125,0.12,-6.65,7.15,0.0625,0.125,0.0,55,,stopped,0.0,0.0,
2026-08-04T18:21:36.150,356.904,deploying,,,,,False,,,35.9184062,139.9079523,,,29.99,1011.595546875,50.0810546875,135.5625,0.75,41.8125,0.11,-6.65,7.12,-0.0625,0.0,0.0625,55,,stopped,0.0,0.0,
2026-08-04T18:21:36.650,357.404,deploying,,,,,False,,,35.9184062,139.9079523,,,29.97,1011.6177734375,49.814453125,135.5625,0.75,41.8125,0.13,-6.69,7.17,-0.0625,0.0625,-0.0625,55,,stopped,0.0,0.0,
2026-08-04T18:21:37.150,357.904,deploying,,,,,False,,,35.9184062,139.9079523,,,30.01,1011.7093359375,50.12890625,135.5625,0.75,41.8125,0.12,-6.65,7.13,0.0,0.125,0.0,55,,stopped,0.0,0.0,
2026-08-04T18:21:37.651,358.405,deploying,,,,,False,,,35.9184062,139.9079523,,,29.99,1011.7041015625,50.1611328125,135.5625,0.75,41.8125,0.16,-6.67,7.16,0.0,0.0,0.0625,55,,stopped,0.0,0.0,
2026-08-04T18:21:38.151,358.905,deploying,,,,,False,,,35.9184062,139.9079523,,,29.99,1011.7041015625,50.1953125,135.5625,0.75,41.8125,0.12,-6.68,7.13,-0.125,-0.25,8.0625,55,,stopped,0.0,0.0,
2026-08-04T18:21:38.652,359.406,deploying,,,,,False,,,35.9184062,139.9079523,,,29.99,1011.62265625,50.20703125,135.5625,0.75,41.8125,0.14,-6.67,7.17,0.125,8.125,-0.125,55,,stopped,0.0,0.0,
2026-08-04T18:21:39.152,359.906,deploying,,,,,False,,,35.9184062,139.9079523,,,29.29,1011.02578125,50.185546875,135.5625,0.75,41.8125,0.1,-6.65,7.17,0.125,-0.0625,0.0,55,,stopped,0.0,0.0,
2026-08-04T18:21:39.652,360.407,deploying,,,,,False,,,35.9184062,139.9079523,,,29.99,1011.62265625,50.2294921875,135.5625,0.75,41.8125,0.13,-6.67,7.14,0.0625,0.0625,-0.0625,55,,stopped,0.0,0.0,
2026-08-04T18:21:40.161,360.916,deploying,,,,,False,,,35.9184062,139.9079523,,,29.99,1011.5875,50.2177734375,135.5625,0.75,41.8125,0.12,-6.69,7.14,0.0,-0.0625,0.0,55,,stopped,0.0,0.0,
2026-08-04T18:21:40.662,361.416,deploying,,,,,False,,,35.9184062,139.9079523,,,29.98,1011.6609375,50.3427734375,135.5625,0.75,41.8125,0.12,-6.68,7.12,0.0,0.0,0.0,55,,stopped,0.0,0.0,
2026-08-04T18:21:41.162,361.916,deploying,,,,,False,,,35.9184062,139.9079523,,,29.98,1011.6337890625,50.3310546875,135.5625,0.75,41.8125,1.41,-6.69,7.12,-0.0625,-0.0625,0.0,55,,stopped,0.0,0.0,
2026-08-04T18:21:41.663,362.417,deploying,,,,,False,,,35.9184062,139.9079523,,,29.99,1011.676953125,50.310546875,135.5625,8.75,41.8125,0.12,-6.67,7.14,8.125,-0.0625,-0.0625,55,,stopped,0.0,0.0,
2026-08-04T18:21:42.166,362.920,deploying,,,,,False,,,35.9184062,139.9079523,,,30.0,1011.712109375,50.275390625,135.5625,0.75,41.8125,0.12,-6.68,7.16,0.0625,-0.125,0.125,55,,stopped,0.0,0.0,
2026-08-04T18:21:42.664,363.418,deploying,,,,,False,,,35.9184062,139.9079523,,,29.18,1010.848515625,50.2197265625,135.5625,0.75,41.8125,0.12,-6.68,7.13,0.0,-0.1875,0.0625,55,,stopped,0.0,0.0,
2026-08-04T18:21:43.165,363.919,deploying,,,,,False,,,35.9184062,139.9079523,,,29.99,1011.676953125,50.1611328125,135.5625,0.75,41.8125,0.12,-6.67,7.13,0.0625,0.0625,0.0,55,,stopped,0.0,0.0,
2026-08-04T18:21:43.665,364.419,deploying,,,,,False,,,35.9184062,139.9079523,,,29.99,1011.64984375,50.1376953125,135.5625,0.75,41.8125,0.12,-6.68,7.13,0.0,-0.125,0.0,55,,stopped,0.0,0.0,
2026-08-04T18:21:44.166,364.920,deploying,,,,,False,,,35.9184062,139.9079523,,,29.99,1011.5875,50.080078125,135.5625,8.75,41.8125,0.11,-6.67,7.14,0.0,0.0,-0.125,55,,stopped,0.0,0.0,
2026-08-04T18:21:44.666,365.420,deploying,,,,,False,,,35.9184062,139.9079523,,,29.99,1011.7041015625,50.0693359375,135.5625,8.75,41.8125,0.15,-6.68,7.13,0.0,-0.125,0.0,55,,stopped,0.0,0.0,
2026-08-04T18:21:45.166,365.921,deploying,,,,,False,,,35.9184062,139.9079523,,,30.0,1011.685,50.0810546875,135.5625,0.75,41.8125,0.12,-6.69,7.14,0.0,-0.1875,0.0,55,,stopped,0.0,0.0,
2026-08-04T18:21:45.667,366.421,deploying,,,,,False,,,35.9184062,139.9079523,,,29.99,1011.641796875,50.0908203125,135.5625,0.75,41.8125,0.12,-6.69,7.17,0.125,0.25,0.0625,55,,stopped,0.0,0.0,
2026-08-04T18:21:46.167,366.921,deploying,,,,,False,,,35.9184062,139.9079523,,,29.99,1011.641796875,50.1259765625,135.5625,0.75,41.8125,0.14,-6.66,7.11,0.0625,-0.25,0.125,55,,stopped,0.0,0.0,
2026-08-04T18:21:46.668,367.422,deploying,,,,,False,,,35.9184062,139.9079523,,,29.99,1011.641796875,50.1943359375,135.5625,0.75,41.8125,0.12,-6.7,7.14,-0.0625,0.0625,0.0,55,,stopped,0.0,0.0,
2026-08-04T18:21:47.168,367.922,deploying,,,,,False,,,35.9184062,139.9079523,,,29.98,1011.5794921875,50.2509765625,135.5625,0.75,41.8125,0.13,-6.67,7.14,0.0625,0.0,-0.0625,55,,stopped,0.0,0.0,
2026-08-04T18:21:47.669,368.423,deploying,,,,,False,,,35.9184062,139.9079523,,,29.01,1010.10296875,50.2587890625,135.5625,0.75,41.8125,0.15,-6.67,7.15,-0.0625,0.0625,-0.0625,55,,stopped,0.0,0.0,
2026-08-04T18:21:48.169,368.923,deploying,,,,,False,,,35.9184062,139.9079523,,,29.99,1011.641796875,50.240234375,135.5625,0.75,41.8125,0.1,-6.69,7.12,-0.0625,-0.0625,0.0625,55,,stopped,0.0,0.0,
2026-08-04T18:21:48.670,369.424,deploying,,,,,False,,,35.9184062,139.9079523,,,29.98,1011.6337890625,50.2509765625,135.5625,0.75,41.8125,0.12,-6.67,7.14,0.0,0.0625,0.0,55,,stopped,0.0,0.0,
2026-08-04T18:21:49.170,369.924,deploying,,,,,False,,,35.9184062,139.9079523,,,29.99,1011.641796875,50.068359375,135.5625,0.75,41.8125,0.12,-6.67,7.1,0.0625,0.125,-0.0625,55,,stopped,0.0,0.0,
2026-08-04T18:21:49.670,370.425,deploying,,,,,False,,,35.9184062,139.9079523,,,29.99,1011.6689453125,50.068359375,135.5625,0.75,41.8125,0.12,-6.7,7.14,0.0,-0.125,-0.125,55,,stopped,0.0,0.0,
2026-08-04T18:21:50.171,370.925,deploying,,,,,False,,,35.9184062,139.9079523,,,29.98,1011.6609375,50.009765625,135.5625,0.75,41.8125,0.13,-6.7,7.15,0.0,-0.125,0.125,55,,stopped,0.0,0.0,
2026-08-04T18:21:50.671,371.425,deploying,,,,,False,,,35.9184062,139.9079523,,,29.98,1011.62578125,49.9755859375,135.5625,0.75,41.8125,0.12,-6.69,7.15,0.125,-0.0625,0.0,55,,stopped,0.0,0.0,
2026-08-04T18:21:51.172,371.926,deploying,,,,,False,,,35.9184062,139.9079523,,,29.99,1011.6689453125,49.98828125,135.5625,0.75,41.8125,0.11,-6.68,7.13,0.0,0.0,0.0,55,,stopped,0.0,0.0,
2026-08-04T18:21:51.672,372.426,deploying,,,,,False,,,35.9184062,139.9079523,,,29.98,1012.4210546875,49.9755859375,135.5625,0.75,41.8125,0.13,-6.69,7.16,0.0,-0.0625,0.0,55,,stopped,0.0,0.0,
2026-08-04T18:21:52.173,372.927,deploying,,,,,False,,,35.9184062,139.9079523,,,29.96,1011.655703125,49.9384765625,135.5625,0.75,41.8125,0.12,-6.69,7.14,0.0,0.0625,0.0,55,,stopped,0.0,0.0,
2026-08-04T18:21:52.673,373.427,deploying,,,,,False,,,35.9184062,139.9079523,,,29.97,1011.6912109375,49.9287109375,143.5625,0.75,41.8125,0.11,-6.7,7.13,0.0,0.0,0.0,183,,stopped,0.0,0.0,
2026-08-04T18:21:53.173,373.927,deploying,,,,,False,,,35.9184062,139.9079523,,,29.97,1011.6640625,49.8828125,135.5625,0.75,41.8125,0.13,-6.67,7.14,0.0,-0.0625,0.0625,55,,stopped,0.0,0.0,
2026-08-04T18:21:53.674,374.428,deploying,,,,,False,,,35.9184062,139.9079523,,,29.98,1011.6529296875,49.837890625,135.5625,0.75,41.8125,0.12,-6.67,7.13,-0.0625,0.0625,-0.0625,55,,stopped,0.0,0.0,
2026-08-04T18:21:54.174,374.928,deploying,,,,,False,,,35.9184062,139.9079523,,,29.98,1011.6529296875,49.849609375,135.5625,0.75,41.8125,0.12,-6.71,7.12,0.0,-0.0625,0.0,55,,stopped,0.0,0.0,
2026-08-04T18:21:54.675,375.429,deploying,,,,,False,,,35.9184062,139.9079523,,,29.97,1011.5634765625,49.849609375,135.5625,0.75,41.8125,0.11,-6.69,7.14,-0.125,0.25,0.125,55,,stopped,0.0,0.0,
2026-08-04T18:21:55.179,375.934,deploying,,,,,False,,,35.9184062,139.9079523,,,29.97,1011.6369140625,49.8828125,135.5625,0.75,41.8125,0.13,-6.68,7.13,0.0625,0.125,-0.0625,55,,stopped,0.0,0.0,
2026-08-04T18:21:55.680,376.434,deploying,,,,,False,,,35.9184062,139.9079523,,,29.97,1011.6177734375,49.94140625,135.5625,0.75,41.8125,0.13,-6.7,7.13,0.0,-0.25,0.0625,55,,stopped,0.0,0.0,
2026-08-04T18:21:56.180,376.934,deploying,,,,,False,,,35.9184062,139.9079523,,,29.97,1011.644921875,49.9873046875,135.5625,0.75,41.8125,1.41,-6.69,7.15,-0.0625,-0.0625,-0.0625,55,,stopped,0.0,0.0,
2026-08-04T18:21:56.681,377.435,deploying,,,,,False,,,35.9184062,139.9079523,,,29.96,1011.6828515625,50.0302734375,135.5625,0.75,41.8125,0.13,-6.69,7.14,0.0625,0.0625,-0.0625,55,,stopped,0.0,0.0,
2026-08-04T18:21:57.181,377.935,deploying,,,,,False,,,35.9184062,139.9079523,,,29.96,1011.5934375,50.087890625,135.5625,0.75,41.8125,0.12,-6.69,7.14,0.0,0.0,0.125,55,,stopped,0.0,0.0,
2026-08-04T18:21:57.681,378.436,deploying,,,,,False,,,35.9184062,139.9079523,,,29.96,1011.6205859375,50.294921875,135.5625,0.75,41.8125,0.13,-6.66,7.15,0.0,-0.0625,-0.0625,55,,stopped,0.0,0.0,
2026-08-04T18:21:58.182,378.936,deploying,,,,,False,,,35.9184062,139.9079523,,,29.98,1011.62578125,50.11328125,135.5625,8.75,41.8125,0.13,-6.68,7.14,0.0,0.125,-0.125,55,,stopped,0.0,0.0,
2026-08-04T18:21:58.682,379.436,deploying,,,,,False,,,35.9184062,139.9079523,,,29.95,1011.693984375,50.1572265625,135.5625,0.75,41.8125,0.12,-6.68,7.15,0.125,0.1875,0.0,55,,stopped,0.0,0.0,
2026-08-04T18:21:59.183,379.937,deploying,,,,,False,,,35.9184062,139.9079523,,,29.95,1011.6668359375,50.2255859375,135.5625,0.75,41.8125,0.14,-6.68,7.14,-0.0625,-0.0625,0.125,55,,stopped,0.0,0.0,
2026-08-04T18:21:59.683,380.437,deploying,,,,,False,,,35.9184062,139.9079523,,,29.95,1011.6396875,50.2607421875,135.5625,0.75,41.8125,0.12,-6.67,7.16,-0.125,0.0625,0.0,55,,stopped,0.0,0.0,
2026-08-04T18:22:00.184,380.938,deploying,,,,,False,,,35.9184062,139.9079523,,,29.95,1011.6316796875,50.3046875,135.5625,0.75,41.8125,0.12,-6.69,7.16,0.0,8.0625,0.0,55,,stopped,0.0,0.0,
2026-08-04T18:22:00.684,381.438,deploying,,,,,False,,,35.9184062,139.9079523,,,29.95,1011.658828125,50.328125,135.5625,0.75,41.8125,0.11,-5.42,7.15,-0.0625,0.0,-0.0625,55,,stopped,0.0,0.0,
2026-08-04T18:22:01.184,381.938,deploying,,,,,False,,,35.9184062,139.9079523,,,29.95,1011.6859765625,50.328125,135.5625,0.75,41.8125,0.13,-6.7,7.11,0.0,0.25,-0.125,55,,stopped,0.0,0.0,
2026-08-04T18:22:01.685,382.439,deploying,,,,,False,,,35.9184062,139.9079523,,,29.95,1011.6668359375,50.306640625,135.5625,0.75,41.8125,0.12,-6.69,7.14,-0.0625,0.125,0.0,55,,stopped,0.0,0.0,
2026-08-04T18:22:02.185,382.939,deploying,,,,,False,,,35.9184062,139.9079523,,,29.95,1011.6668359375,50.16796875,135.5625,0.75,41.8125,1.4,-6.68,7.12,0.0,0.0,0.0,55,,stopped,0.0,0.0,
2026-08-04T18:22:02.685,383.440,deploying,,,,,False,,,35.9184062,139.9079523,,,29.96,1011.6748828125,50.3408203125,135.5625,0.75,41.8125,0.12,-6.68,7.14,0.125,0.1875,-0.0625,55,,stopped,0.0,0.0,
2026-08-04T18:22:03.186,383.940,deploying,,,,,False,,,35.9184062,139.9079523,,,29.95,1011.6668359375,50.271484375,135.5625,0.75,41.8125,0.13,-6.71,7.12,0.0,0.0,0.0625,55,,stopped,0.0,0.0,
2026-08-04T18:22:03.686,384.441,deploying,,,,,False,,,35.9184062,139.9079523,,,29.94,1011.5965234375,50.29296875,135.5625,0.75,41.8125,0.13,-6.72,7.15,-0.125,-0.0625,-0.125,55,,stopped,0.0,0.0,
2026-08-04T18:22:04.187,384.941,deploying,,,,,False,,,35.9184062,139.9079523,,,29.95,1011.6316796875,50.328125,135.5625,0.75,41.8125,0.14,-6.67,7.15,-0.125,0.0625,-0.125,55,,stopped,0.0,0.0,
2026-08-04T18:22:04.689,385.443,deploying,,,,,False,,,35.9184062,139.9079523,,,29.95,1011.5854296875,50.4091796875,135.5625,0.75,41.8125,0.12,-6.68,7.13,0.0625,-0.125,0.0,55,,stopped,0.0,0.0,
2026-08-04T18:22:05.189,385.943,deploying,,,,,False,,,35.9184062,139.9079523,,,29.95,1011.693984375,50.306640625,135.5625,0.75,41.8125,0.12,-6.7,7.14,0.0625,-0.0625,-0.125,55,,stopped,0.0,0.0,
2026-08-04T18:22:05.689,386.443,deploying,,,,,False,,,35.9184062,139.9079523,,,29.94,1011.67796875,50.3037109375,135.5625,0.75,41.8125,0.12,-6.71,7.11,0.0,-0.125,0.0625,55,,stopped,0.0,0.0,
2026-08-04T18:22:06.190,386.944,deploying,,,,,False,,,35.9184062,139.9079523,,,29.94,1011.6699609375,50.2568359375,135.5625,0.75,41.8125,0.13,-6.7,7.14,0.0625,0.0625,0.125,55,,stopped,0.0,0.0,
2026-08-04T18:22:06.690,387.444,deploying,,,,,False,,,35.9184062,139.9079523,,,29.94,1011.6156640625,50.234375,135.5625,0.75,41.8125,0.12,-6.7,7.13,0.0625,-0.0625,-0.0625,55,,stopped,0.0,0.0,
2026-08-04T18:22:07.191,387.945,deploying,,,,,False,,,35.9184062,139.9079523,,,29.94,1011.6428125,50.2109375,135.5625,0.75,41.8125,0.13,-6.69,7.12,0.0,0.0,0.0625,55,,stopped,0.0,0.0,
2026-08-04T18:22:07.691,388.445,deploying,,,,,False,,,35.9184062,139.9079523,,,29.94,1011.6428125,50.1884765625,135.5625,0.75,41.8125,0.12,-6.69,7.14,0.0625,-0.0625,0.1875,55,,stopped,0.0,0.0,
2026-08-04T18:22:08.191,388.945,deploying,,,,,False,,,35.9184062,139.9079523,,,29.93,1011.6348046875,50.130859375,135.5625,0.75,41.8125,0.11,-6.68,7.16,0.0,-0.0625,0.0625,55,,stopped,0.0,0.0,
2026-08-04T18:22:08.692,389.446,deploying,,,,,False,,,35.9184062,139.9079523,,,28.97,1010.138359375,50.0478515625,135.5625,0.75,41.8125,0.17,-6.69,7.13,0.0,0.1875,-0.125,55,,stopped,0.0,0.0,
2026-08-04T18:22:09.192,389.947,deploying,,,,,False,,,35.9184062,139.9079523,,,29.93,1011.6619140625,50.05078125,135.5625,0.75,41.8125,0.14,-6.71,7.09,-0.0625,-0.1875,0.0625,55,,stopped,0.0,0.0,
2026-08-04T18:22:09.693,390.447,deploying,,,,,False,,,35.9184062,139.9079523,,,29.94,1011.6699609375,50.0166015625,135.5625,0.75,41.8125,0.12,-6.69,7.14,0.0,0.0625,0.0,55,,stopped,0.0,0.0,
2026-08-04T18:22:10.193,390.947,deploying,,,,,False,,,35.9184062,139.9079523,,,29.94,1011.623671875,49.982421875,143.5625,0.75,41.8125,0.1,-6.68,7.13,0.0,0.0625,0.0625,55,,stopped,0.0,0.0,
2026-08-04T18:22:10.694,391.448,deploying,,,,,False,,,35.9184062,139.9079523,,,29.93,1011.6076171875,49.9814453125,135.5625,0.75,41.8125,0.13,-6.7,7.12,0.125,-0.0625,-0.0625,55,,stopped,0.0,0.0,
2026-08-04T18:22:11.194,391.948,deploying,,,,,False,,,35.9184062,139.9079523,,,29.93,1011.6619140625,49.84375,135.5625,0.75,41.8125,0.13,-6.69,7.14,-0.0625,-0.1875,0.0,55,,stopped,0.0,0.0,
2026-08-04T18:22:11.695,392.449,deploying,,,,,False,,,35.9184062,139.9079523,,,29.93,1011.6076171875,49.9931640625,135.5625,0.75,41.8125,0.13,-6.7,7.13,-0.125,0.0625,0.0,55,,stopped,0.0,0.0,
2026-08-04T18:22:12.195,392.949,deploying,,,,,False,,,35.9184062,139.9079523,,,29.92,1011.6455859375,50.0263671875,135.5625,0.75,41.8125,1.41,-6.7,7.15,-0.0625,0.0625,-0.0625,55,,stopped,0.0,0.0,
2026-08-04T18:22:12.695,393.449,deploying,,,,,False,,,35.9184062,139.9079523,,,29.92,1011.6998828125,50.0263671875,135.5625,0.75,41.8125,0.11,-6.69,7.15,0.0,0.0,-0.0625,55,,stopped,0.0,0.0,
2026-08-04T18:22:13.196,393.950,deploying,,,,,False,,,35.9184062,139.9079523,,,29.91,1011.6295703125,50.1162109375,135.5625,0.75,41.8125,0.12,-6.68,7.13,-0.1875,0.0625,0.0625,55,,stopped,0.0,0.0,
2026-08-04T18:22:13.696,394.450,deploying,,,,,False,,,35.9184062,139.9079523,,,29.91,1011.65671875,50.0361328125,135.5625,0.75,41.8125,0.12,-6.7,7.13,0.0,-0.0625,-0.1875,55,,stopped,0.0,0.0,
2026-08-04T18:22:14.197,394.951,deploying,,,,,False,,,35.9184062,139.9079523,,,29.91,1011.7109765625,50.09375,135.5625,0.75,41.8125,0.13,-6.71,7.13,0.0,0.0625,-0.0625,55,,stopped,0.0,0.0,
2026-08-04T18:22:14.697,395.451,deploying,,,,,False,,,35.9184062,139.9079523,,,29.91,1011.6838671875,50.150390625,135.5625,0.75,41.8125,0.12,-6.68,7.12,0.1875,0.0,0.1875,55,,stopped,0.0,0.0,
2026-08-04T18:22:15.204,395.958,deploying,,,,,False,,,35.9184062,139.9079523,,,29.9,1011.640703125,50.2080078125,135.5625,0.75,41.8125,1.41,-6.68,7.12,0.0,0.0625,0.0625,55,,stopped,0.0,0.0,
2026-08-04T18:22:15.704,396.458,deploying,,,,,False,,,35.9184062,139.9079523,,,29.91,1011.6215625,50.2421875,135.5625,0.75,41.8125,0.12,-6.7,7.14,-0.0625,0.0625,0.0,55,,stopped,0.0,0.0,
2026-08-04T18:22:16.204,396.958,deploying,,,,,False,,,35.9184062,139.9079523,,,29.91,1011.6758203125,50.345703125,135.5625,0.75,41.8125,0.12,-6.7,7.11,-0.0625,0.0625,-0.0625,55,,stopped,0.0,0.0,
2026-08-04T18:22:16.708,397.462,deploying,,,,,False,,,35.9184062,139.9079523,,,29.91,1011.65671875,50.3349609375,135.5625,0.75,41.8125,0.14,-5.4,7.09,0.0625,0.1875,0.0,55,,stopped,0.0,0.0,
2026-08-04T18:22:17.209,397.963,deploying,,,,,False,,,35.9184062,139.9079523,,,29.9,1011.6135546875,50.345703125,135.5625,0.75,41.8125,0.11,-6.7,7.12,-0.25,0.0,0.0,55,,stopped,0.0,0.0,
2026-08-04T18:22:17.709,398.463,deploying,,,,,False,,,35.9184062,139.9079523,,,29.89,1011.7329296875,50.3671875,135.5625,0.75,41.8125,0.12,-6.72,7.11,-0.0625,-0.125,0.0,55,,stopped,0.0,0.0,
2026-08-04T18:22:18.210,398.964,deploying,,,,,False,,,35.9184062,139.9079523,,,29.89,1011.651484375,50.3671875,135.5625,0.75,41.8125,0.13,-6.69,7.13,0.0625,-0.125,0.0,55,,stopped,0.0,0.0,
2026-08-04T18:22:18.715,399.469,deploying,,,,,False,,,35.9184062,139.9079523,,,29.9,1011.6598046875,50.390625,135.5625,0.75,41.8125,0.12,-6.68,7.1,-0.0625,0.0625,0.0,55,,stopped,0.0,0.0,
2026-08-04T18:22:19.211,399.965,deploying,,,,,False,,,35.9184062,139.9079523,,,28.93,1010.16328125,50.330078125,135.5625,0.75,41.8125,0.15,-6.71,7.12,-0.0625,-0.125,-0.125,55,,stopped,0.0,0.0,
2026-08-04T18:22:19.712,400.466,deploying,,,,,False,,,35.9184062,139.9079523,,,29.89,1011.6786328125,50.33203125,135.5625,0.75,41.8125,0.13,-6.71,7.12,0.0625,0.0625,0.0,55,,stopped,0.0,0.0,
2026-08-04T18:22:20.212,400.966,deploying,,,,,False,,,35.9184062,139.9079523,,,26.76,1006.71375,50.3056640625,135.5625,0.75,41.8125,0.12,-6.7,7.14,0.0,-0.0625,-0.0625,55,,stopped,0.0,0.0,
2026-08-04T18:22:20.712,401.466,deploying,,,,,False,,,35.9184062,139.9079523,,,29.88,1011.654609375,50.296875,135.5625,0.75,41.8125,0.14,-6.68,7.12,0.0,0.0,0.0,55,,stopped,0.0,0.0,
2026-08-04T18:22:21.213,401.967,deploying,,,,,False,,,35.9184062,139.9079523,,,29.89,1011.70578125,50.2294921875,135.5625,0.75,41.8125,0.12,-6.71,7.13,0.0,0.1875,-0.0625,55,,stopped,0.0,0.0,
2026-08-04T18:22:21.713,402.467,deploying,,,,,False,,,35.9184062,139.9079523,,,29.88,1011.6626171875,50.1943359375,135.5625,0.75,41.8125,0.11,-6.71,7.12,-0.0625,-0.0625,0.0625,55,,stopped,0.0,0.0,
2026-08-04T18:22:22.214,402.968,deploying,,,,,False,,,35.9184062,139.9079523,,,29.87,1011.5923046875,50.158203125,135.5625,0.75,42.25,0.12,-6.7,7.14,-0.0625,0.0,0.25,55,,stopped,0.0,0.0,
2026-08-04T18:22:22.714,403.468,deploying,,,,,False,,,35.9184062,139.9079523,,,29.88,1011.68171875,50.0908203125,135.5625,0.75,42.4375,0.13,-6.7,7.12,0.0,0.125,-0.0625,55,,stopped,0.0,0.0,
2026-08-04T18:22:23.214,403.969,deploying,,,,,False,,,35.9184062,139.9079523,,,29.88,1011.581171875,50.0107421875,143.5625,0.75,42.4375,0.13,-6.71,7.12,0.0625,0.125,0.0,55,,stopped,0.0,0.0,
2026-08-04T18:22:23.715,404.469,deploying,,,,,False,,,35.9184062,139.9079523,,,29.89,1011.6786328125,50.0341796875,135.5625,0.75,42.4375,0.13,-6.7,7.11,-0.125,0.0625,-0.0625,55,,stopped,0.0,0.0,
2026-08-04T18:22:24.215,404.969,deploying,,,,,False,,,35.9184062,139.9079523,,,29.86,1011.711953125,50.0419921875,135.5625,0.75,42.4375,1.42,-6.7,7.11,0.0,0.0,0.0,55,,stopped,0.0,0.0,
2026-08-04T18:22:24.716,405.470,deploying,,,,,False,,,35.9184062,139.9079523,,,29.88,1011.6274609375,50.1015625,135.5625,0.75,42.4375,0.12,-6.71,7.12,-0.0625,0.0,0.1875,55,,stopped,0.0,0.0,
2026-08-04T18:22:25.216,405.970,deploying,,,,,False,,,35.9184062,139.9079523,,,29.88,1011.7088671875,50.11328125,135.5625,0.75,42.4375,0.12,-6.7,7.13,-0.0625,0.0625,0.125,55,,stopped,0.0,0.0,
2026-08-04T18:22:25.717,406.471,deploying,,,,,False,,,35.9184062,139.9079523,,,29.87,1011.6385546875,50.1123046875,135.5625,0.75,42.4375,0.12,-6.71,7.12,-0.0625,0.125,0.0625,55,,stopped,0.0,0.0,
2026-08-04T18:22:26.217,406.971,deploying,,,,,False,,,35.9184062,139.9079523,,,29.87,1011.6465625,50.0439453125,135.5625,0.75,42.4375,0.12,-6.7,7.12,-0.0625,-0.1875,-0.0625,55,,stopped,0.0,0.0,
2026-08-04T18:22:26.717,407.471,deploying,,,,,False,,,35.9184062,139.9079523,,,29.88,1011.6626171875,50.0107421875,135.5625,0.75,42.4375,0.12,-6.68,7.13,0.0,0.0,0.0,55,,stopped,0.0,0.0,
2026-08-04T18:22:27.218,407.972,deploying,,,,,False,,,35.9184062,139.9079523,,,29.88,1011.68171875,49.9296875,135.5625,0.75,42.4375,0.12,-6.72,7.1,0.0625,-0.0625,-0.0625,55,,stopped,0.0,0.0,
2026-08-04T18:22:27.718,408.472,deploying,,,,,False,,,35.9184062,139.9079523,,,29.12,1010.8601953125,49.9609375,135.5625,0.75,42.4375,0.1,-6.71,7.13,0.0,0.0625,0.0625,55,,stopped,0.0,0.0,
2026-08-04T18:22:28.218,408.973,deploying,,,,,False,,,35.9184062,139.9079523,,,29.88,1011.6274609375,49.9638671875,135.5625,0.75,42.4375,0.12,-6.69,7.1,0.0,-0.125,0.0,55,,stopped,0.0,0.0,
2026-08-04T18:22:28.719,409.473,deploying,,,,,False,,,35.9184062,139.9079523,,,29.9,1011.7141015625,49.9658203125,135.5625,0.75,42.4375,0.14,-6.71,7.11,0.125,0.125,0.0,55,,stopped,0.0,0.0,
2026-08-04T18:22:29.220,409.974,deploying,,,,,False,,,35.9184062,139.9079523,,,29.88,1012.069765625,49.98828125,135.5625,0.75,42.4375,0.11,-6.72,7.08,0.0,-0.1875,0.125,55,,stopped,0.0,0.0,
2026-08-04T18:22:29.721,410.475,deploying,,,,,False,,,35.9184062,139.9079523,,,28.92,1010.147265625,49.9169921875,135.5625,0.75,42.4375,0.12,-6.71,7.13,-0.0625,-0.125,-0.0625,55,,stopped,0.0,0.0,
2026-08-04T18:22:30.221,410.975,deploying,,,,,False,,,35.9184062,139.9079523,,,29.89,1011.651484375,49.9423828125,135.5625,0.75,42.4375,0.11,-6.71,7.12,-0.0625,0.0625,-0.0625,55,,stopped,0.0,0.0,
2026-08-04T18:22:30.722,411.476,deploying,,,,,False,,,35.9184062,139.9079523,,,29.88,1011.6626171875,49.9765625,135.5625,0.75,42.4375,0.13,-6.69,7.12,0.125,0.125,0.0,55,,stopped,0.0,0.0,
2026-08-04T18:22:31.222,411.976,deploying,,,,,False,,,35.9184062,139.9079523,,,29.89,1011.651484375,49.98828125,135.5625,0.75,42.4375,0.12,-6.71,7.1,0.0,-0.0625,0.0625,55,,stopped,0.0,0.0,
2026-08-04T18:22:31.722,412.477,deploying,,,,,False,,,35.9184062,139.9079523,,,29.88,1011.7088671875,50.021484375,135.5625,0.75,42.4375,0.14,-6.71,7.13,0.125,-0.0625,0.0625,55,,stopped,0.0,0.0,
2026-08-04T18:22:32.223,412.977,deploying,,,,,False,,,35.9184062,139.9079523,,,29.86,1011.6576953125,50.0888671875,135.5625,0.75,42.4375,0.13,-6.73,7.12,0.125,0.1875,0.0625,55,,stopped,0.0,0.0,
2026-08-04T18:22:32.723,413.477,deploying,,,,,False,,,35.9184062,139.9079523,,,29.87,1011.700859375,50.158203125,135.5625,0.75,42.4375,0.13,-6.7,7.12,0.0625,0.0,0.0625,55,,stopped,0.0,0.0,
2026-08-04T18:22:33.224,413.978,deploying,,,,,False,,,35.9184062,139.9079523,,,29.86,1012.4176953125,50.2607421875,143.5625,0.75,42.4375,0.12,-6.71,7.09,0.0,0.0,0.125,55,,stopped,0.0,0.0,
2026-08-04T18:22:33.726,414.480,deploying,,,,,False,,,35.9184062,139.9079523,,,29.86,1011.630546875,50.3408203125,135.5625,0.75,42.4375,0.14,-6.7,7.12,0.0,0.125,0.0,55,,stopped,0.0,0.0,
2026-08-04T18:22:34.226,414.980,deploying,,,,,False,,,35.9184062,139.9079523,,,29.85,1011.66046875,50.46484375,135.5625,0.75,42.4375,0.12,-6.7,7.13,-0.0625,-0.125,0.0625,55,,stopped,0.0,0.0,
2026-08-04T18:22:34.727,415.481,deploying,,,,,False,,,35.9184062,139.9079523,,,29.85,1011.633359375,50.568359375,135.5625,0.75,42.4375,0.13,-6.71,7.11,-0.0625,-0.0625,-0.125,55,,stopped,0.0,0.0,
2026-08-04T18:22:35.227,415.981,deploying,,,,,False,,,35.9184062,139.9079523,,,29.83,1011.6364453125,50.6015625,143.5625,0.75,42.4375,0.13,-6.71,7.1,0.0625,8.125,-0.0625,55,,stopped,0.0,0.0,
2026-08-04T18:22:35.727,416.482,deploying,,,,,False,,,35.9184062,139.9079523,,,29.83,1011.66359375,50.61328125,135.5625,0.75,42.4375,0.12,-6.71,7.12,0.0625,0.1875,0.0,55,,stopped,0.0,0.0,
2026-08-04T18:22:36.228,416.982,deploying,,,,,False,,,35.9184062,139.9079523,,,29.83,1011.690703125,50.533203125,135.5625,0.75,42.4375,0.12,-6.72,7.09,0.0,0.0,0.0625,55,,stopped,0.0,0.0,
2026-08-04T18:22:36.728,417.482,deploying,,,,,False,,,35.9184062,139.9079523,,,27.65,1008.1765234375,50.4853515625,135.5625,0.75,42.4375,0.13,-6.7,7.1,-0.125,-0.0625,0.0,55,,stopped,0.0,0.0,
2026-08-04T18:22:37.229,417.983,deploying,,,,,False,,,35.9184062,139.9079523,,,29.83,1011.66359375,50.509765625,135.5625,0.75,42.4375,0.13,-6.72,7.12,-0.0625,0.125,-0.125,55,,stopped,0.0,0.0,
2026-08-04T18:22:37.729,418.483,deploying,,,,,False,,,35.9184062,139.9079523,,,29.83,1011.6364453125,50.44140625,135.5625,0.75,42.4375,0.12,-5.44,7.12,-0.125,0.0,0.0625,55,,stopped,0.0,0.0,
2026-08-04T18:22:38.229,418.983,deploying,,,,,False,,,35.9184062,139.9079523,,,29.84,1011.6716015625,50.4990234375,135.5625,0.75,42.4375,0.12,-6.72,7.12,0.0625,0.0,0.0625,55,,stopped,0.0,0.0,
2026-08-04T18:22:38.730,419.484,deploying,,,,,False,,,35.9184062,139.9079523,,,29.85,1011.6413671875,50.3623046875,135.5625,0.75,42.4375,0.12,-6.72,7.08,-0.125,0.0,0.0625,55,,stopped,0.0,0.0,
2026-08-04T18:22:39.230,419.984,deploying,,,,,False,,,35.9184062,139.9079523,,,29.85,1011.6876171875,50.3154296875,135.5625,0.75,42.4375,0.12,-6.7,7.12,0.0,0.0625,0.0625,55,,stopped,0.0,0.0,
2026-08-04T18:22:39.731,420.485,deploying,,,,,False,,,35.9184062,139.9079523,,,29.85,1011.668515625,50.2939453125,135.5625,0.75,42.4375,0.12,-6.71,7.1,0.0,0.0,0.0625,55,,stopped,0.0,0.0,
2026-08-04T18:22:40.231,420.985,deploying,,,,,False,,,35.9184062,139.9079523,,,28.91,1010.1774609375,50.2587890625,135.5625,0.75,42.4375,0.12,-6.71,7.1,0.0625,0.125,-0.0625,55,,stopped,0.0,0.0,
2026-08-04T18:22:40.731,421.485,deploying,,,,,False,,,35.9184062,139.9079523,,,29.84,1011.6716015625,50.3505859375,135.5625,0.75,42.4375,0.13,-6.72,7.09,0.0625,0.0,-0.0625,55,,stopped,0.0,0.0,
2026-08-04T18:22:41.232,421.986,deploying,,,,,False,,,35.9184062,139.9079523,,,26.7,1006.7061328125,50.333984375,135.5625,0.75,42.4375,0.14,-6.7,7.11,0.0625,0.0,-0.0625,55,,stopped,0.0,0.0,
2026-08-04T18:22:41.732,422.486,deploying,,,,,False,,,35.9184062,139.9079523,,,29.82,1011.620078125,50.5322265625,135.5625,0.75,42.4375,0.11,-6.71,7.1,0.0625,0.0,0.0,55,,stopped,0.0,0.0,
2026-08-04T18:22:42.232,422.987,deploying,,,,,False,,,35.9184062,139.9079523,,,29.82,1012.3800390625,50.578125,135.5625,0.75,42.4375,0.12,-6.71,7.12,-0.0625,0.0,0.0,55,,stopped,0.0,0.0,
2026-08-04T18:22:42.733,423.487,deploying,,,,,False,,,35.9184062,139.9079523,,,29.83,1011.655546875,50.54296875,135.5625,0.75,42.4375,0.12,-6.72,7.12,-0.0625,-0.0625,-0.0625,55,,stopped,0.0,0.0,
2026-08-04T18:22:43.233,423.988,deploying,,,,,False,,,35.9184062,139.9079523,,,29.84,1011.6716015625,50.48828125,135.5625,0.75,42.4375,0.12,-6.72,7.09,0.0,0.0,0.0,55,,stopped,0.0,0.0,
2026-08-04T18:22:43.734,424.488,deploying,,,,,False,,,35.9184062,139.9079523,,,29.82,1011.6472265625,50.4169921875,135.5625,0.75,42.4375,0.12,-6.71,7.11,-0.0625,-0.0625,0.0,55,,stopped,0.0,0.0,
2026-08-04T18:22:44.234,424.988,deploying,,,,,False,,,35.9184062,139.9079523,,,29.82,1011.6120703125,50.3701171875,135.5625,0.75,42.4375,0.13,-6.72,7.11,0.0625,-0.0625,0.0,55,,stopped,0.0,0.0,
2026-08-04T18:22:44.735,425.489,deploying,,,,,False,,,35.9184062,139.9079523,,,29.82,1011.6472265625,50.3251953125,135.5625,0.75,42.4375,1.4,-6.71,7.12,0.0,0.0,-0.0625,55,,stopped,0.0,0.0,
2026-08-04T18:22:45.235,425.989,deploying,,,,,False,,,35.9184062,139.9079523,,,29.83,1011.70984375,50.37109375,135.5625,0.75,42.4375,0.14,-6.71,7.09,0.0625,0.0625,0.0625,55,,stopped,0.0,0.0,
2026-08-04T18:22:45.735,426.490,deploying,,,,,False,,,35.9184062,139.9079523,,,29.83,1011.655546875,50.291015625,135.5625,0.75,42.4375,0.12,-6.73,7.12,0.0625,0.0,0.0625,55,,stopped,0.0,0.0,
2026-08-04T18:22:46.243,426.997,deploying,,,,,False,,,35.9184062,139.9079523,,,29.82,1011.693515625,50.2666015625,135.5625,0.75,42.4375,0.12,-6.73,7.08,0.0,-0.1875,0.0625,55,,stopped,0.0,0.0,
2026-08-04T18:22:46.743,427.497,deploying,,,,,False,,,35.9184062,139.9079523,,,29.81,1011.6312109375,50.3125,135.5625,0.75,42.4375,0.13,-6.7,7.1,0.0625,0.0625,0.0625,55,,stopped,0.0,0.0,
2026-08-04T18:22:47.243,427.998,deploying,,,,,False,,,35.9184062,139.9079523,,,29.8,1011.588046875,50.27734375,135.5625,0.75,42.4375,0.12,-6.71,7.08,0.0625,0.0,0.0625,55,,stopped,0.0,0.0,
2026-08-04T18:22:47.744,428.498,deploying,,,,,False,,,35.9184062,139.9079523,,,29.8,1011.61515625,50.1630859375,135.5625,0.75,42.4375,0.11,-6.72,7.12,-0.0625,0.0,-0.0625,55,,stopped,0.0,0.0,
2026-08-04T18:22:48.244,428.998,deploying,,,,,False,,,35.9184062,139.9079523,,,29.8,1011.61515625,50.09375,135.5625,0.75,42.4375,0.12,-6.72,7.11,0.0,-0.1875,0.0,55,,stopped,0.0,0.0,
2026-08-04T18:22:48.745,429.499,deploying,,,,,False,,,35.9184062,139.9079523,,,29.8,1011.6614453125,50.0810546875,135.5625,0.75,42.4375,0.14,-6.71,7.1,0.0625,0.0625,-0.0625,55,,stopped,0.0,0.0,
2026-08-04T18:22:49.245,429.999,deploying,,,,,False,,,35.9184062,139.9079523,,,29.8,1011.634296875,50.1611328125,135.5625,0.75,42.4375,0.12,-6.73,7.1,0.0,-0.125,0.125,55,,stopped,0.0,0.0,
2026-08-04T18:22:49.745,430.500,deploying,,,,,False,,,35.9184062,139.9079523,,,29.8,1011.72375,50.2314453125,135.5625,0.75,42.4375,0.12,-6.73,7.1,-0.0625,0.0,-0.125,55,,stopped,0.0,0.0,
2026-08-04T18:22:50.246,431.000,deploying,,,,,False,,,35.9184062,139.9079523,,,29.79,1011.6534375,50.115234375,135.5625,0.75,42.4375,0.12,-6.73,7.08,0.0,-0.0625,0.125,55,,stopped,0.0,0.0,
2026-08-04T18:22:50.746,431.500,deploying,,,,,False,,,35.9184062,139.9079523,,,28.86,1010.1780078125,50.1162109375,135.5625,0.75,42.4375,0.12,-6.71,7.11,-0.0625,-0.0625,-0.0625,55,,stopped,0.0,0.0,
2026-08-04T18:22:51.247,432.001,deploying,,,,,False,,,35.9184062,139.9079523,,,29.78,1011.5908203125,50.18359375,135.5625,0.75,42.4375,0.14,-6.72,7.12,-0.125,0.0625,0.0,55,,stopped,0.0,0.0,
2026-08-04T18:22:51.757,432.511,deploying,,,,,False,,,35.9184062,139.9079523,,,29.78,1011.6179296875,50.2060546875,135.5625,0.75,42.4375,0.12,-6.72,7.09,-0.0625,0.0625,0.125,55,,stopped,0.0,0.0,
2026-08-04T18:22:52.257,433.011,deploying,,,,,False,,,35.9184062,139.9079523,,,29.77,1011.5748046875,50.228515625,135.5625,0.75,42.4375,0.14,-6.72,7.09,-0.0625,-0.0625,0.125,55,,stopped,0.0,0.0,
2026-08-04T18:22:52.757,433.511,deploying,,,,,False,,,35.9184062,139.9079523,,,29.77,1011.6290625,50.2626953125,135.5625,0.75,42.4375,0.12,-6.71,7.07,-0.125,0.0625,-0.0625,55,,stopped,0.0,0.0,
2026-08-04T18:22:53.258,434.013,deploying,,,,,False,,,35.9184062,139.9079523,,,29.77,1011.6290625,50.2861328125,135.5625,0.75,42.4375,0.13,-6.72,7.09,0.0625,-0.0625,0.0625,55,,stopped,0.0,0.0,
2026-08-04T18:22:53.759,434.513,deploying,,,,,False,,,35.9184062,139.9079523,,,29.77,1011.6481640625,50.2958984375,135.5625,0.75,42.4375,0.13,-6.71,7.11,0.0,0.125,-0.125,55,,stopped,0.0,0.0,
2026-08-04T18:22:54.259,435.013,deploying,,,,,False,,,35.9184062,139.9079523,,,29.76,1011.659296875,50.3291015625,135.5625,0.75,42.4375,0.14,-6.73,7.09,0.0,0.0625,0.1875,55,,stopped,0.0,0.0,
2026-08-04T18:22:54.760,435.514,deploying,,,,,False,,,35.9184062,139.9079523,,,29.74,1011.6540625,50.3505859375,135.5625,0.75,42.4375,0.12,-6.72,7.1,0.0,-0.125,-0.0625,55,,stopped,0.0,0.0,
2026-08-04T18:22:55.260,436.014,deploying,,,,,False,,,35.9184062,139.9079523,,,29.74,1011.6540625,50.396484375,135.5625,0.75,42.4375,0.13,-6.72,7.09,-0.1875,-0.0625,-0.0625,55,,stopped,0.0,0.0,
2026-08-04T18:22:55.766,436.520,deploying,,,,,False,,,35.9184062,139.9079523,,,29.73,1011.6108984375,50.3955078125,135.5625,0.75,42.4375,0.12,-6.71,7.09,0.1875,0.0,0.125,55,,stopped,0.0,0.0,
2026-08-04T18:22:56.266,437.021,deploying,,,,,False,,,35.9184062,139.9079523,,,29.72,1011.684296875,50.40625,135.5625,0.75,42.4375,0.13,-6.71,7.1,-0.0625,-0.125,0.0625,55,,stopped,0.0,0.0,
2026-08-04T18:22:56.767,437.521,deploying,,,,,False,,,35.9184062,139.9079523,,,29.72,1011.63,50.40625,135.5625,0.75,42.4375,0.12,-6.73,7.07,0.0625,-0.125,0.0625,55,,stopped,0.0,0.0,
2026-08-04T18:22:57.269,438.023,deploying,,,,,False,,,35.9184062,139.9079523,,,29.72,1011.62203125,50.4169921875,135.5625,0.75,42.4375,0.12,-6.71,7.1,0.0625,-0.125,0.0,55,,stopped,0.0,0.0,
2026-08-04T18:22:57.769,438.523,deploying,,,,,False,,,35.9184062,139.9079523,,,29.73,1011.6108984375,50.4296875,135.5625,0.75,42.4375,0.12,-6.72,7.11,-0.0625,0.0,0.0625,55,,stopped,0.0,0.0,
2026-08-04T18:22:58.269,439.024,deploying,,,,,False,,,35.9184062,139.9079523,,,29.71,1011.6327734375,50.4619140625,135.5625,0.75,42.4375,0.12,-6.71,7.08,0.25,0.0625,-0.125,55,,stopped,0.0,0.0,
2026-08-04T18:22:58.770,439.524,deploying,,,,,False,,,35.9184062,139.9079523,,,29.71,1011.6327734375,50.5419921875,135.5625,0.75,42.4375,0.1,-6.69,7.13,0.1875,0.0,0.0625,55,,stopped,0.0,0.0,
2026-08-04T18:22:59.270,440.025,deploying,,,,,False,,,35.9184062,139.9079523,,,29.71,1011.659921875,50.5537109375,135.5625,0.75,42.4375,0.12,-6.72,7.09,0.125,0.125,-0.0625,55,,stopped,0.0,0.0,
2026-08-04T18:22:59.771,440.525,deploying,,,,,False,,,35.9184062,139.9079523,,,26.98,1007.4299609375,50.671875,135.5625,0.75,42.4375,0.14,-6.71,7.08,-0.25,0.0625,0.125,55,,stopped,0.0,0.0,
2026-08-04T18:23:00.271,441.026,deploying,,,,,False,,,35.9184062,139.9079523,,,29.7,1011.5896484375,50.78125,143.5625,0.75,42.4375,0.14,-6.72,7.11,-0.1875,-0.125,-0.0625,55,,stopped,0.0,0.0,
2026-08-04T18:23:00.772,441.526,deploying,,,,,False,,,35.9184062,139.9079523,,,29.7,1011.64390625,50.8388671875,135.5625,0.75,42.4375,0.12,-6.7,7.09,0.0625,0.0,0.125,55,,stopped,0.0,0.0,
2026-08-04T18:23:01.272,442.026,deploying,,,,,False,,,35.9184062,139.9079523,,,28.76,1010.1874609375,50.8369140625,135.5625,0.75,42.4375,0.13,-6.71,7.12,-0.1875,0.125,-0.0625,55,,stopped,0.0,0.0,
2026-08-04T18:23:01.773,442.527,deploying,,,,,False,,,35.9184062,139.9079523,,,29.69,1011.60875,50.62109375,135.5625,0.75,42.4375,0.11,-6.73,7.11,-0.125,0.0,0.0,55,,stopped,0.0,0.0,
2026-08-04T18:23:02.273,443.027,deploying,,,,,False,,,35.9184062,139.9079523,,,29.69,1011.6630078125,50.7587890625,135.5625,0.75,42.4375,0.12,-6.71,7.11,-0.1875,0.0625,-0.0625,55,,stopped,0.0,0.0,
2026-08-04T18:23:02.774,443.528,deploying,,,,,False,,,35.9184062,139.9079523,,,29.69,1011.6630078125,50.7353515625,135.5625,0.75,42.4375,0.13,-6.74,7.11,0.0625,-0.125,0.0,55,,stopped,0.0,0.0,
2026-08-04T18:23:03.274,444.028,deploying,,,,,False,,,35.9184062,139.9079523,,,29.7,1011.64390625,50.7587890625,135.5625,0.75,42.4375,0.13,-6.71,7.11,-0.125,0.0,0.125,55,,stopped,0.0,0.0,
2026-08-04T18:23:03.774,444.528,recovering_gnss,,,,,False,,,35.9184062,139.9079523,,,29.69,1011.682109375,50.861328125,135.5625,0.75,42.4375,0.12,-6.74,7.1,0.0625,0.0,-0.0625,55,,stopped,0.0,0.0,
2026-08-04T18:23:04.771,445.525,recovering_gnss,,,,,False,,,35.9184062,139.9079523,,,29.69,1011.682109375,50.96484375,135.5625,0.75,42.4375,0.15,-6.73,7.08,0.0625,-0.0625,-0.0625,55,,stopped,0.0,0.0,
2026-08-04T18:23:05.272,446.026,recovering_gnss,35.91818348333334,139.90772328333333,28.049,0.0463,True,25,1,35.9184062,139.9079523,32.227713907509674,,29.68,1011.6741015625,50.9296875,135.5625,0.75,42.4375,0.1,-6.76,7.07,0.125,0.0,0.1875,55,,stopped,0.0,0.0,
2026-08-04T18:23:05.772,446.526,clearing_landing_area,35.91818348333334,139.90772328333333,28.049,0.0463,True,25,1,35.9184062,139.9079523,32.227713907509674,39.78620544851549,29.68,1011.61984375,50.9638671875,135.5625,0.75,42.4375,0.12,-6.73,7.05,-0.125,-0.3125,0.0,55,95.77629455148451,turn_left,-10.0,10.0,
2026-08-04T18:23:06.272,447.026,clearing_landing_area,35.918183383333336,139.90772328333333,28.049,0.05144444444444445,True,25,1,35.9184062,139.9079523,32.23625932935701,39.77355832233121,29.67,1011.649765625,50.859375,135.625,0.875,44.0,0.24,-6.91,6.96,-1.6875,-0.625,-1.0625,55,95.85144167766879,turn_left,-30.0,30.0,
2026-08-04T18:23:06.773,447.527,clearing_landing_area,35.918183383333336,139.90772328333333,28.049,0.05144444444444445,True,25,1,35.9184062,139.9079523,32.23625932935701,39.77355832233121,29.68,1011.638671875,50.859375,135.625,0.875,44.25,0.32,-6.98,6.88,-0.0625,-0.1875,-0.375,55,95.85144167766879,turn_left,-30.0,30.0,
2026-08-04T18:23:07.273,448.027,clearing_landing_area,35.91818348333334,139.90772328333333,28.049,0.0051444444444444445,True,25,1,35.9184062,139.9079523,32.227713907509674,39.78620544851549,29.66,1011.6608984375,50.869140625,135.5625,0.9375,44.9375,-0.09,-6.88,6.93,-0.1875,0.1875,-0.125,55,95.77629455148451,turn_left,-30.0,30.0,
2026-08-04T18:23:07.773,448.528,clearing_landing_area,35.91818348333334,139.90772328333333,28.049,0.0051444444444444445,True,25,1,35.9184062,139.9079523,32.227713907509674,39.78620544851549,29.66,1011.614609375,50.6630859375,135.5625,0.875,44.9375,-0.01,-6.9,6.86,0.0625,0.0,0.0,55,95.77629455148451,turn_left,-30.0,30.0,
2026-08-04T18:23:08.274,449.028,clearing_landing_area,35.91818348333334,139.90772328333333,28.048,0.030866666666666664,True,25,1,35.9184062,139.9079523,32.227713907509674,39.78620544851549,29.67,1011.6226171875,50.927734375,135.5625,0.875,45.5625,0.24,-7.04,6.73,0.1875,-0.3125,0.6875,55,95.77629455148451,turn_left,-30.0,30.0,
2026-08-04T18:23:08.774,449.528,clearing_landing_area,35.91818348333334,139.90772328333333,28.048,0.030866666666666664,True,25,1,35.9184062,139.9079523,32.227713907509674,39.78620544851549,29.67,1011.975390625,50.8251953125,135.5625,0.8125,45.75,0.13,-7.1,6.68,-1.625,0.3125,0.5625,55,95.77629455148451,turn_left,-30.0,30.0,
2026-08-04T18:23:09.275,450.029,clearing_landing_area,35.91818348333334,139.90772328333333,28.047,0.041155555555555556,True,26,1,35.9184062,139.9079523,32.227713907509674,39.78620544851549,29.67,1011.6306640625,50.951171875,135.5625,0.75,46.125,-0.29,-6.96,7.07,-2.375,1.1875,-2.5625,55,95.77629455148451,turn_left,-30.0,30.0,
2026-08-04T18:23:09.775,450.529,clearing_landing_area,35.91818348333334,139.90772328333333,28.047,0.041155555555555556,True,26,1,35.9184062,139.9079523,32.227713907509674,39.78620544851549,29.68,1011.638671875,50.8134765625,135.5625,0.75,46.125,0.28,-7.12,6.71,-0.0625,0.0,0.5,55,95.77629455148451,turn_left,-30.0,30.0,
2026-08-04T18:23:10.275,451.029,clearing_landing_area,35.91818348333334,139.90772328333333,28.049,0.020577777777777778,True,26,1,35.9184062,139.9079523,32.227713907509674,39.78620544851549,29.66,1011.696015625,50.80078125,135.5625,0.8125,46.25,0.15,-7.11,6.71,0.0,-0.625,-0.75,55,95.77629455148451,turn_left,-30.0,30.0,
2026-08-04T18:23:10.776,451.530,clearing_landing_area,35.91818348333334,139.90772328333333,28.049,0.020577777777777778,True,26,1,35.9184062,139.9079523,32.227713907509674,39.78620544851549,29.66,1011.614609375,50.732421875,135.625,0.8125,46.25,0.1,-7.07,6.68,0.25,-0.125,-0.1875,55,95.83879455148451,turn_left,-30.0,30.0,
2026-08-04T18:23:11.276,452.030,clearing_landing_area,35.91818348333334,139.90772328333333,28.051,0.041155555555555556,True,26,1,35.9184062,139.9079523,32.227713907509674,39.78620544851549,29.66,1011.6688671875,50.45703125,135.625,0.875,46.375,0.25,-7.08,6.71,-0.125,0.25,0.1875,55,95.83879455148451,turn_left,-30.0,30.0,
2026-08-04T18:23:11.777,452.531,clearing_landing_area,35.91818348333334,139.90772328333333,28.051,0.041155555555555556,True,26,1,35.9184062,139.9079523,32.227713907509674,39.78620544851549,29.66,1011.6608984375,50.8349609375,135.625,0.875,46.375,0.39,-7.22,6.77,-0.5,0.125,0.5,55,95.83879455148451,turn_left,-30.0,30.0,
2026-08-04T18:23:12.277,453.031,clearing_landing_area,35.918183383333336,139.90772328333333,28.052,0.05658888888888889,True,26,1,35.9184062,139.9079523,32.23625932935701,39.77355832233121,29.66,1011.696015625,50.8349609375,135.625,0.875,46.5,-0.05,-6.97,6.67,-0.375,-0.25,-0.125,55,95.85144167766879,turn_left,-30.0,30.0,
2026-08-04T18:23:12.777,453.531,clearing_landing_area,35.918183383333336,139.90772328333333,28.052,0.05658888888888889,True,26,1,35.9184062,139.9079523,32.23625932935701,39.77355832233121,29.67,1011.649765625,50.859375,135.625,0.875,46.5,-0.19,-7.14,6.77,0.25,-0.1875,0.375,55,95.85144167766879,turn_left,-30.0,30.0,
2026-08-04T18:23:13.278,454.032,clearing_landing_area,35.918183383333336,139.90772328333333,28.053,0.041155555555555556,True,26,1,35.9184062,139.9079523,32.23625932935701,39.77355832233121,29.66,1011.63375,50.5478515625,135.625,0.875,46.5,-0.01,-7.13,6.72,0.625,-0.25,1.625,55,95.85144167766879,turn_left,-30.0,30.0,
2026-08-04T18:23:13.778,454.532,clearing_landing_area,35.918183383333336,139.90772328333333,28.053,0.041155555555555556,True,26,1,35.9184062,139.9079523,32.23625932935701,39.77355832233121,29.66,1011.6880078125,50.6396484375,135.625,0.8125,46.5,0.04,-7.09,6.71,0.0,0.0,-0.0625,55,95.85144167766879,turn_left,-30.0,30.0,
2026-08-04T18:23:14.279,455.033,clearing_landing_area,35.918183383333336,139.90772328333333,28.055,0.025722222222222226,True,26,1,35.9184062,139.9079523,32.23625932935701,39.77355832233121,29.66,1011.64171875,50.4912109375,143.5625,0.8125,46.5625,0.0,-7.06,6.69,-0.125,0.0625,0.0,55,103.78894167766879,turn_left,-30.0,30.0,
2026-08-04T18:23:14.779,455.533,clearing_landing_area,35.918183383333336,139.90772328333333,28.055,0.025722222222222226,True,26,1,35.9184062,139.9079523,32.23625932935701,39.77355832233121,29.66,1011.6066015625,50.6396484375,135.5625,0.8125,46.5625,0.13,-7.18,6.75,0.1875,-0.0625,0.25,55,95.78894167766879,turn_left,-30.0,30.0,
2026-08-04T18:23:15.279,456.034,clearing_landing_area,35.918183383333336,139.90772328333333,28.057,0.041155555555555556,True,26,1,35.9184062,139.9079523,32.23625932935701,39.77355832233121,29.66,1011.63375,50.5703125,135.6875,0.875,46.875,0.27,-7.19,6.62,-0.125,0.125,-0.0625,55,95.91394167766879,turn_left,-30.0,30.0,
2026-08-04T18:23:15.781,456.536,clearing_landing_area,35.918183383333336,139.90772328333333,28.057,0.041155555555555556,True,26,1,35.9184062,139.9079523,32.23625932935701,39.77355832233121,29.66,1011.6608984375,50.58203125,135.6875,0.875,46.875,0.73,-6.89,6.77,-1.75,1.4375,-3.25,55,95.91394167766879,stopped,0.0,0.0,
2026-08-04T18:23:16.281,457.035,clearing_landing_area,35.918183383333336,139.90772328333333,28.057,0.08745555555555556,True,26,1,35.9184062,139.9079523,32.23625932935701,39.77355832233121,29.67,1011.7040234375,50.52734375,135.75,0.8125,47.0625,0.14,-7.21,6.58,-0.125,-0.0625,0.0,55,95.97644167766879,stopped,0.0,0.0,
2026-08-04T18:23:16.782,457.536,clearing_landing_area,35.918183383333336,139.90772328333333,28.057,0.08745555555555556,True,26,1,35.9184062,139.9079523,32.23625932935701,39.77355832233121,29.66,1011.6688671875,50.5029296875,135.75,0.8125,47.0625,0.13,-7.2,6.61,0.0,0.1875,0.0625,55,95.97644167766879,stopped,0.0,0.0,
2026-08-04T18:23:17.283,458.037,clearing_landing_area,35.91818348333334,139.90772318333333,28.06,0.12346666666666666,True,26,1,35.9184062,139.9079523,32.2334772886611,39.798505714524026,29.66,1011.5603515625,50.560546875,135.75,0.8125,47.0625,0.12,-7.22,6.58,0.0,0.0,0.0,55,95.95149428547597,stopped,0.0,0.0,
2026-08-04T18:23:17.784,458.579,clearing_landing_area,35.91818348333334,139.90772318333333,28.06,0.12346666666666666,True,26,1,35.9184062,139.9079523,32.2334772886611,39.798505714524026,29.66,1011.6066015625,50.4326171875,135.75,0.8125,47.0625,0.12,-7.23,6.59,0.0,-0.0625,0.1875,55,95.95149428547597,stopped,0.0,0.0,
2026-08-04T18:23:18.284,459.038,clearing_landing_area,35.918183383333336,139.90772308333334,28.065,0.2057777777777778,True,26,1,35.9184062,139.9079523,32.24778452181352,39.79815245995644,29.66,1011.6066015625,50.4677734375,135.75,0.8125,47.0625,0.13,-7.21,6.57,-0.125,0.0,-0.0625,55,95.95184754004356,stopped,0.0,0.0,
2026-08-04T18:23:18.784,459.539,clearing_landing_area,35.918183383333336,139.90772308333334,28.065,0.2057777777777778,True,26,1,35.9184062,139.9079523,32.24778452181352,39.79815245995644,29.66,1011.579453125,50.4560546875,135.75,0.8125,47.0625,0.12,-7.2,6.55,-0.0625,-0.25,0.0,55,95.95184754004356,stopped,0.0,0.0,
2026-08-04T18:23:19.285,460.039,clearing_landing_area,35.918182783333336,139.90772368333333,28.053,0.1852,True,26,1,35.9184062,139.9079523,32.26456885933059,39.64859945659657,29.66,1011.64171875,50.525390625,135.75,0.8125,47.0625,0.14,-7.22,6.59,-0.0625,-0.25,0.125,55,96.10140054340343,stopped,0.0,0.0,
2026-08-04T18:23:19.805,460.559,clearing_landing_area,35.918182783333336,139.90772368333333,28.053,0.1852,True,26,1,35.9184062,139.9079523,32.26456885933059,39.64859945659657,29.66,1011.6688671875,50.537109375,135.75,0.8125,47.0625,0.12,-7.22,6.58,0.0,0.1875,-0.125,55,96.10140054340343,stopped,0.0,0.0,
2026-08-04T18:23:20.305,461.059,clearing_landing_area,35.918182783333336,139.90772428333332,28.061,0.041155555555555556,True,26,1,35.9184062,139.9079523,32.2301196932995,39.5746427395772,29.66,1011.579453125,50.6396484375,135.75,0.8125,47.0625,0.14,-7.22,6.57,-0.0625,-0.125,0.0,55,96.1753572604228,stopped,0.0,0.0,
2026-08-04T18:23:20.806,461.560,clearing_landing_area,35.918182783333336,139.90772428333332,28.061,0.041155555555555556,True,26,1,35.9184062,139.9079523,32.2301196932995,39.5746427395772,29.66,1011.6608984375,50.6513671875,135.75,0.8125,47.0625,0.12,-7.23,6.56,0.0,0.0,0.125,55,96.1753572604228,stopped,0.0,0.0,
2026-08-04T18:23:21.309,462.063,clearing_landing_area,35.91818288333333,139.9077244,28.063,0.1389,True,26,1,35.9184062,139.9079523,32.21485563382961,39.57283940485661,29.67,1011.649765625,50.5615234375,135.75,0.8125,47.0625,0.12,-7.23,6.55,0.0625,-0.1875,0.0625,55,96.17716059514339,stopped,0.0,0.0,
2026-08-04T18:23:21.810,462.564,clearing_landing_area,35.91818288333333,139.9077244,28.063,0.1389,True,26,1,35.9184062,139.9079523,32.21485563382961,39.57283940485661,29.67,1011.6306640625,50.6640625,135.75,0.8125,47.0625,0.11,-7.22,6.57,0.0625,0.0,0.0,55,96.17716059514339,stopped,0.0,0.0,
2026-08-04T18:23:22.310,463.064,clearing_landing_area,35.91818288333333,139.90772468333333,28.059,0.06687777777777779,True,26,1,35.9184062,139.9079523,32.19860729068414,39.53784295283259,29.66,1011.64171875,50.6064453125,135.75,0.8125,47.0625,0.14,-7.24,6.55,0.0625,-0.0625,0.125,55,96.21215704716741,stopped,0.0,0.0,
2026-08-04T18:23:22.820,463.574,clearing_landing_area,35.91818288333333,139.90772468333333,28.059,0.06687777777777779,True,26,1,35.9184062,139.9079523,32.19860729068414,39.53784295283259,28.9,1010.4130078125,50.6015625,135.75,0.8125,47.0625,0.13,-7.23,6.55,0.0,-0.0625,0.125,55,96.21215704716741,stopped,0.0,0.0,
2026-08-04T18:23:23.320,464.074,clearing_landing_area,35.91818288333333,139.90772468333333,28.055,0.16462222222222223,True,26,1,35.9184062,139.9079523,32.19860729068414,39.53784295283259,29.68,1011.5844140625,50.5615234375,135.75,0.8125,47.0625,0.12,-7.23,6.56,-0.0625,-0.125,0.0,55,96.21215704716741,stopped,0.0,0.0,
2026-08-04T18:23:23.821,464.575,clearing_landing_area,35.91818288333333,139.90772468333333,28.055,0.16462222222222223,True,26,1,35.9184062,139.9079523,32.19860729068414,39.53784295283259,29.68,1011.6115234375,50.5615234375,135.75,0.8125,47.0625,0.13,-7.21,6.56,0.0,0.0625,0.0,55,96.21215704716741,stopped,0.0,0.0,
2026-08-04T18:23:24.321,465.075,clearing_landing_area,35.91818228333333,139.9077249,28.049,0.16976666666666668,True,26,1,35.9184062,139.9079523,32.23769039631812,39.435616158508935,29.68,1011.6115234375,50.5732421875,135.75,0.8125,47.0625,0.12,-7.23,6.54,0.0625,0.0625,-0.0625,55,96.31438384149106,stopped,0.0,0.0,
2026-08-04T18:23:24.822,465.576,clearing_landing_area,35.91818228333333,139.9077249,28.049,0.16976666666666668,True,26,1,35.9184062,139.9079523,32.23769039631812,39.435616158508935,29.67,1011.5955078125,50.5615234375,135.75,0.8125,47.0625,1.41,-7.23,6.58,0.0625,0.125,-0.0625,55,96.31438384149106,stopped,0.0,0.0,
2026-08-04T18:23:25.329,466.084,clearing_landing_area,35.918182,139.90772528333332,28.054,0.07716666666666668,True,26,1,35.9184062,139.9079523,32.24012950425375,39.35267021849984,29.67,1011.603515625,50.607421875,135.75,0.8125,47.0625,0.12,-7.24,6.55,-0.0625,0.0625,0.0625,55,96.39732978150016,stopped,0.0,0.0,
2026-08-04T18:23:25.830,466.584,clearing_landing_area,35.918182,139.90772528333332,28.054,0.07716666666666668,True,26,1,35.9184062,139.9079523,32.24012950425375,39.35267021849984,29.67,1011.6306640625,50.607421875,135.75,0.8125,47.0625,1.41,-7.23,6.56,0.0,-0.0625,0.125,55,96.39732978150016,stopped,0.0,0.0,
2026-08-04T18:23:26.330,467.085,clearing_landing_area,35.918182083333335,139.90772518333333,28.049,0.0926,True,26,1,35.9184062,139.9079523,32.23867698058832,39.37548806852021,29.68,1011.6469921875,50.5732421875,143.75,0.8125,47.0625,0.13,-7.23,6.54,0.0,0.1875,-0.0625,55,104.37451193147979,forward,100.0,100.0,
2026-08-04T18:23:26.831,467.585,clearing_landing_area,35.918182083333335,139.90772518333333,28.049,0.0926,True,26,1,35.9184062,139.9079523,32.23867698058832,39.37548806852021,29.68,1011.638671875,50.583984375,135.6875,0.75,23.6875,-0.01,-4.73,8.11,399.0625,4.1875,-3.5625,55,96.31201193147979,forward,100.0,99.95,
2026-08-04T18:23:27.331,468.085,clearing_landing_area,35.918182,139.90772618333332,27.999,0.08231111111111111,True,26,1,35.9184062,139.9079523,32.18879948577505,39.24111874312814,29.68,1011.638671875,50.50390625,134.5625,0.8125,-109.6875,0.09,9.63,-6.31,590.4375,-1.1875,1.0625,55,95.32138125687186,forward,100.0,96.44375,
2026-08-04T18:23:27.831,468.586,clearing_landing_area,35.918182,139.90772618333332,27.999,0.08231111111111111,True,26,1,35.9184062,139.9079523,32.18879948577505,39.24111874312814,29.68,1011.638671875,50.5732421875,315.8125,0.8125,-166.25,1.69,8.11,-9.37,489.0,-0.625,-0.1875,55,-83.42861874312814,forward,70.0,0.0,
2026-08-04T18:23:28.332,469.086,clearing_landing_area,35.918182,139.90772618333332,28.002,0.18005555555555552,True,26,1,35.9184062,139.9079523,32.18879948577505,39.24111874312814,29.68,1011.6469921875,50.5849609375,315.8125,0.9375,-176.8125,0.16,0.4,-9.7,-1.3125,0.25,-0.625,55,-83.42861874312814,turn_right,30.0,-30.0,
2026-08-04T18:23:28.833,469.587,clearing_landing_area,35.918182,139.90772618333332,28.002,0.18005555555555552,True,26,1,35.9184062,139.9079523,32.18879948577505,39.24111874312814,29.69,1011.6007421875,50.5634765625,315.8125,0.9375,-176.75,0.15,0.4,-9.63,0.3125,-0.6875,-0.25,55,-83.42861874312814,turn_right,30.0,-30.0,
2026-08-04T18:23:29.333,470.087,clearing_landing_area,35.91818178333333,139.9077269,27.977,0.20063333333333333,True,26,1,35.9184062,139.9079523,32.16669957727092,39.124941512135024,29.67,1011.6577734375,50.755859375,315.875,1.1875,-176.8125,0.19,0.37,-9.81,-0.625,-0.6875,-0.1875,63,-83.24994151213502,turn_right,30.0,-30.0,
2026-08-04T18:23:29.833,470.588,clearing_landing_area,35.91818178333333,139.9077269,27.977,0.20063333333333333,True,26,1,35.9184062,139.9079523,32.16669957727092,39.124941512135024,29.68,1011.66578125,50.6640625,315.875,1.1875,-176.75,0.36,0.42,-9.85,-0.875,0.5,0.1875,63,-83.24994151213502,turn_right,30.0,-30.0,
2026-08-04T18:23:30.334,471.088,clearing_landing_area,35.918182183333336,139.90772738333334,27.963,0.18005555555555552,True,25,1,35.9184062,139.9079523,32.10473043090526,39.1147705237542,29.7,1011.6710546875,50.5634765625,315.875,1.3125,-176.8125,0.3,0.44,-9.83,0.0,-0.0625,-0.0625,63,-83.2397705237542,turn_right,30.0,-30.0,
2026-08-04T18:23:30.834,471.588,clearing_landing_area,35.918182183333336,139.90772738333334,27.963,0.18005555555555552,True,25,1,35.9184062,139.9079523,32.10473043090526,39.1147705237542,29.7,1011.64390625,50.6435546875,315.875,1.3125,-176.8125,0.23,0.58,-9.75,-0.125,0.125,0.3125,63,-83.2397705237542,turn_right,30.0,-30.0,
2026-08-04T18:23:31.335,472.089,clearing_landing_area,35.918182183333336,139.90772768333332,27.938,0.2932333333333333,True,24,1,35.9184062,139.9079523,32.08769382167931,39.07734287494435,29.7,1011.5896484375,50.701171875,315.9375,1.3125,-176.8125,0.3,0.52,-9.83,0.0,-1.0,-0.125,63,-83.13984287494435,turn_right,30.0,-30.0,
2026-08-04T18:23:31.835,472.589,clearing_landing_area,35.918182183333336,139.90772768333332,27.938,0.2932333333333333,True,24,1,35.9184062,139.9079523,32.08769382167931,39.07734287494435,29.7,1011.5625,50.76953125,315.9375,1.3125,-176.875,0.24,0.47,-9.72,-0.0625,0.125,-0.0625,63,-83.13984287494435,turn_right,30.0,-30.0,
2026-08-04T18:23:32.335,473.089,clearing_landing_area,35.9181843,139.90772798333333,27.893,0.0463,True,25,1,35.9184062,139.9079523,31.888207549828344,39.30623995893433,29.7,1011.6790625,50.736328125,315.9375,1.3125,-176.875,0.16,0.54,-8.46,-0.1875,-0.6875,-0.0625,63,-83.36873995893433,turn_right,30.0,-30.0,
2026-08-04T18:23:32.836,473.590,clearing_landing_area,35.9181843,139.90772798333333,27.893,0.0463,True,25,1,35.9184062,139.9079523,31.888207549828344,39.30623995893433,29.7,1011.6790625,50.6904296875,315.9375,1.3125,-176.875,0.33,0.52,-9.81,-0.125,-0.3125,-0.0625,63,-83.36873995893433,turn_right,30.0,-30.0,
2026-08-04T18:23:33.336,474.090,clearing_landing_area,35.9181838,139.90772788333334,27.862,0.11317777777777778,True,22,1,35.9184062,139.9079523,31.936944231152285,39.255556613919396,29.71,1011.5242578125,50.8291015625,315.9375,1.3125,-176.875,0.37,0.49,-9.72,-0.125,-0.1875,0.125,63,-83.3180566139194,turn_right,30.0,-30.0,
2026-08-04T18:23:33.837,474.591,clearing_landing_area,35.9181838,139.90772788333334,27.862,0.11317777777777778,True,22,1,35.9184062,139.9079523,31.936944231152285,39.255556613919396,28.77,1010.1495703125,51.0556640625,315.9375,1.3125,-176.875,0.15,0.54,-9.69,-0.0625,-0.1875,0.125,63,-83.3180566139194,turn_right,30.0,-30.0,
2026-08-04T18:23:34.337,475.091,clearing_landing_area,35.918183283333335,139.90772748333333,27.846,0.10803333333333333,True,22,1,35.9184062,139.9079523,32.00422444607106,39.24040774872606,29.71,1011.613671875,51.025390625,315.9375,1.3125,-176.875,0.36,0.53,-9.84,-0.0625,0.625,0.0,63,-83.30290774872606,turn_right,30.0,-30.0,
2026-08-04T18:23:34.837,475.591,clearing_landing_area,35.918183283333335,139.90772748333333,27.846,0.10803333333333333,True,22,1,35.9184062,139.9079523,32.00422444607106,39.24040774872606,29.71,1011.6056640625,51.322265625,315.9375,1.3125,-176.875,0.39,0.46,-9.81,-0.0625,0.125,0.0625,63,-83.30290774872606,turn_right,30.0,-30.0,
2026-08-04T18:23:35.338,476.092,clearing_landing_area,35.91818288333333,139.90772748333333,27.847,0.0463,True,22,1,35.9184062,139.9079523,32.03868492470847,39.190091823635555,29.72,1011.7033984375,50.8076171875,316.0,1.375,-176.875,0.13,0.54,-9.82,0.0625,0.1875,-0.0625,63,-83.19009182363556,turn_right,30.0,-30.0,
2026-08-04T18:23:35.838,476.592,clearing_landing_area,35.91818288333333,139.90772748333333,27.847,0.0463,True,22,1,35.9184062,139.9079523,32.03868492470847,39.190091823635555,29.72,1011.6571484375,50.818359375,316.0,1.375,-176.875,0.36,0.53,-9.82,0.0,0.0,0.125,63,-83.19009182363556,turn_right,30.0,-30.0,
2026-08-04T18:23:36.338,477.093,clearing_landing_area,35.918182683333335,139.9077278,27.824,0.03601111111111111,True,22,1,35.9184062,139.9079523,32.03792234781239,39.12543430530968,29.72,1011.6571484375,50.8076171875,316.0,1.375,-176.875,0.2,0.53,-9.71,0.1875,-0.1875,0.0,63,-83.12543430530968,turn_right,30.0,-30.0,
2026-08-04T18:23:36.839,477.593,clearing_landing_area,35.918182683333335,139.9077278,27.824,0.03601111111111111,True,22,1,35.9184062,139.9079523,32.03792234781239,39.12543430530968,29.72,1011.6571484375,51.1171875,316.0,1.375,-176.875,0.14,0.5,-9.7,0.0,-0.1875,-0.125,63,-83.12543430530968,turn_right,30.0,-30.0,
2026-08-04T18:23:37.340,478.094,clearing_landing_area,35.91818238333333,139.90772798333333,27.81,0.14918888888888887,True,22,1,35.9184062,139.9079523,32.053400785681504,39.06491397139956,29.73,1011.6108984375,50.705078125,316.0,1.375,-176.875,0.33,0.53,-9.81,0.0,-0.0625,0.0,63,-83.06491397139956,turn_right,30.0,-30.0,
2026-08-04T18:23:37.840,478.594,clearing_landing_area,35.91818238333333,139.90772798333333,27.81,0.14918888888888887,True,22,1,35.9184062,139.9079523,32.053400785681504,39.06491397139956,29.72,1011.649140625,50.7958984375,316.0,1.375,-176.875,0.37,0.5,-9.8,8.0625,0.0,0.0625,63,-83.06491397139956,turn_right,30.0,-30.0,
2026-08-04T18:23:38.341,479.095,clearing_landing_area,35.9181819,139.90772838333334,27.791,0.1028888888888889,True,22,1,35.9184062,139.9079523,32.072488869962726,38.954445132947626,29.73,1011.6923046875,50.796875,316.0,1.375,-176.75,0.26,0.52,-9.8,0.125,0.125,0.125,63,-82.95444513294763,stopped,0.0,0.0,
2026-08-04T18:23:38.841,479.595,clearing_landing_area,35.9181819,139.90772838333334,27.791,0.1028888888888889,True,22,1,35.9184062,139.9079523,32.072488869962726,38.954445132947626,29.73,1011.66515625,50.7626953125,316.0,1.375,-176.75,0.24,0.52,-9.78,0.0,0.0625,0.0,63,-82.95444513294763,stopped,0.0,0.0,
2026-08-04T18:23:39.346,480.100,clearing_landing_area,35.918181583333336,139.90772858333332,27.772,0.06687777777777779,True,22,1,35.9184062,139.9079523,32.08856832895983,38.88990937925644,29.73,1011.6731640625,50.751953125,316.0,1.375,-176.75,0.25,1.82,-9.76,0.125,-0.1875,0.0,63,-82.88990937925644,stopped,0.0,0.0,
2026-08-04T18:23:39.847,480.601,clearing_landing_area,35.918181583333336,139.90772858333332,27.772,0.06687777777777779,True,22,1,35.9184062,139.9079523,32.08856832895983,38.88990937925644,29.73,1011.6460546875,50.7744140625,316.0,1.375,-176.75,0.23,0.53,-9.78,0.0,-0.125,0.0625,63,-82.88990937925644,stopped,0.0,0.0,
2026-08-04T18:23:40.347,481.101,clearing_landing_area,35.9181814,139.90772848333333,27.762,0.030866666666666664,True,22,1,35.9184062,139.9079523,32.110089852379645,38.87957884049598,29.74,1011.626953125,50.7861328125,316.0,1.375,-176.75,0.25,0.58,-9.78,0.0625,-0.0625,0.0625,63,-82.87957884049598,stopped,0.0,0.0,
2026-08-04T18:23:40.879,481.633,clearing_landing_area,35.9181814,139.90772848333333,27.762,0.030866666666666664,True,22,1,35.9184062,139.9079523,32.110089852379645,38.87957884049598,29.73,1011.6731640625,50.591796875,316.0,1.375,-176.75,0.25,0.55,-9.77,0.0625,-0.0625,0.1875,63,-82.87957884049598,stopped,0.0,0.0,
2026-08-04T18:23:41.379,482.133,clearing_landing_area,35.9181813,139.9077283,27.764,0.39097777777777776,True,22,1,35.9184062,139.9079523,32.12910932295566,38.89005124798854,29.74,1011.626953125,50.740234375,316.0,1.375,-176.75,0.25,0.55,-9.78,0.0625,-0.0625,-0.0625,63,-82.89005124798854,stopped,0.0,0.0,
2026-08-04T18:23:41.887,482.641,clearing_landing_area,35.9181813,139.9077283,27.764,0.39097777777777776,True,22,1,35.9184062,139.9079523,32.12910932295566,38.89005124798854,29.74,1011.6349609375,50.84375,316.0,1.375,-176.75,0.25,0.56,-9.79,0.0625,-0.125,0.125,63,-82.89005124798854,stopped,0.0,0.0,
2026-08-04T18:23:42.387,483.142,clearing_landing_area,35.918183883333334,139.90772598333334,27.729,0.5247333333333333,True,22,1,35.9184062,139.9079523,32.03833556575957,39.50297528705306,29.73,1012.289296875,50.9228515625,316.0,1.375,-176.75,1.53,0.55,-9.75,8.0625,0.125,0.0625,63,-83.50297528705306,stopped,0.0,0.0,
2026-08-04T18:23:42.929,483.683,clearing_landing_area,35.918183883333334,139.90772598333334,27.729,0.5247333333333333,True,22,1,35.9184062,139.9079523,32.03833556575957,39.50297528705306,29.76,1011.659296875,51.0751953125,316.0,1.375,-176.75,0.27,0.54,-9.77,0.0625,0.0625,0.0625,63,-83.50297528705306,stopped,0.0,0.0,
2026-08-04T18:23:43.435,484.189,clearing_landing_area,35.918185083333334,139.90772418333333,27.71,0.24178888888888886,True,22,1,35.9184062,139.9079523,32.03917748210543,39.87843048840091,29.75,1012.221171875,51.0517578125,316.0,1.375,-176.75,0.26,0.56,-9.78,0.0,0.125,0.0,63,-83.87843048840091,stopped,0.0,0.0,
2026-08-04T18:23:43.937,484.691,clearing_landing_area,35.918185083333334,139.90772418333333,27.71,0.24178888888888886,True,22,1,35.9184062,139.9079523,32.03917748210543,39.87843048840091,29.75,1011.542734375,51.041015625,316.0,1.375,-176.75,0.26,0.54,-9.77,0.0,0.0625,-0.0625,63,-83.87843048840091,stopped,0.0,0.0,
2026-08-04T18:23:44.438,485.192,clearing_landing_area,35.9181838,139.9077263,27.688,0.10803333333333333,True,21,1,35.9184062,139.9079523,32.02735766056991,39.453067943289,29.76,1011.66734375,51.1455078125,316.0,1.375,-176.75,0.24,0.56,-9.76,-0.0625,-0.0625,0.125,63,-83.453067943289,stopped,0.0,0.0,
2026-08-04T18:23:44.939,485.693,clearing_landing_area,35.9181838,139.9077263,27.688,0.10803333333333333,True,21,1,35.9184062,139.9079523,32.02735766056991,39.453067943289,29.76,1011.6321875,51.1669921875,316.0,1.375,-176.75,0.23,0.57,-9.78,0.0,-0.125,-0.125,63,-83.453067943289,stopped,0.0,0.0,
2026-08-04T18:23:45.443,486.197,clearing_landing_area,35.9181826,139.90772648333333,27.636,0.1028888888888889,True,21,1,35.9184062,139.9079523,32.12004523460398,39.279079773124636,29.76,1011.694453125,51.2255859375,316.0,1.375,-176.75,0.25,0.54,-9.76,0.125,0.0,0.0625,63,-83.27907977312464,stopped,0.0,0.0,
2026-08-04T18:23:45.943,486.697,clearing_landing_area,35.9181826,139.90772648333333,27.636,0.1028888888888889,True,21,1,35.9184062,139.9079523,32.12004523460398,39.279079773124636,29.76,1011.66734375,51.2255859375,316.0,1.375,-176.75,0.24,0.56,-9.78,0.0,0.0,0.0,63,-83.27907977312464,stopped,0.0,0.0,
2026-08-04T18:23:46.444,487.199,clearing_landing_area,35.91818348333334,139.90772578333332,27.588,0.12346666666666666,True,21,1,35.9184062,139.9079523,32.08411434526962,39.4772657270064,29.76,1011.659296875,51.31640625,316.0,1.375,-176.75,0.25,0.56,-9.77,-0.0625,0.0625,0.0,63,-83.4772657270064,stopped,0.0,0.0,
2026-08-04T18:23:46.944,487.698,clearing_landing_area,35.91818348333334,139.90772578333332,27.588,0.12346666666666666,True,21,1,35.9184062,139.9079523,32.08411434526962,39.4772657270064,29.76,1011.613046875,51.3173828125,316.0,1.375,-176.75,0.25,0.54,-9.74,8.125,0.0625,0.0,63,-83.4772657270064,stopped,0.0,0.0,
2026-08-04T18:23:47.445,488.199,clearing_landing_area,35.9181837,139.90772568333333,27.591,0.12346666666666666,True,21,1,35.9184062,139.9079523,32.071251079466414,39.51704789998837,29.75,1011.705546875,51.0068359375,316.0,1.375,-176.75,0.25,0.56,-9.77,-0.1875,0.0625,0.0,63,-83.51704789998837,forward,100.0,100.0,
2026-08-04T18:23:47.945,488.699,clearing_landing_area,35.9181837,139.90772568333333,27.591,0.12346666666666666,True,21,1,35.9184062,139.9079523,32.071251079466414,39.51704789998837,29.76,1011.7135546875,51.373046875,316.375,1.4375,151.125,0.59,-4.1,-13.22,709.9375,0.3125,-0.9375,63,-83.14204789998837,forward,99.38125,100.0,
2026-08-04T18:23:48.445,489.200,clearing_landing_area,35.918183383333336,139.90772548333334,27.59,0.2829444444444445,True,21,1,35.9184062,139.9079523,32.109875910618584,39.50185985354517,29.75,1011.705546875,51.5224609375,136.875,1.0625,-18.25,0.02,2.3,9.18,65.0625,0.3125,-0.1875,63,97.37314014645483,forward,100.0,0.0,
2026-08-04T18:23:48.946,489.700,clearing_landing_area,35.918183383333336,139.90772548333334,27.59,0.2829444444444445,True,21,1,35.9184062,139.9079523,32.109875910618584,39.50185985354517,29.76,1011.6864453125,51.29296875,136.8125,1.0625,-25.25,0.1,3.91,8.71,62.125,-0.875,0.5625,63,97.31064014645483,forward,75.0,0.0,
2026-08-04T18:23:49.446,490.200,clearing_landing_area,35.91817938333333,139.9077259,27.533,0.16462222222222223,True,22,1,35.9184062,139.9079523,32.430701731496484,38.950852974777376,29.72,1011.649140625,51.220703125,136.5,1.1875,-27.75,0.2,4.19,8.47,-0.0625,0.1875,0.0,127,97.54914702522262,turn_left,-30.0,30.0,
2026-08-04T18:23:49.947,490.701,clearing_landing_area,35.91817938333333,139.9077259,27.533,0.16462222222222223,True,22,1,35.9184062,139.9079523,32.430701731496484,38.950852974777376,29.72,1011.649140625,51.3115234375,136.5,1.125,-27.625,0.38,4.13,8.53,-0.25,0.0,0.125,127,97.54914702522262,turn_left,-30.0,30.0,
2026-08-04T18:23:50.447,491.201,clearing_landing_area,35.918179083333335,139.90772568333333,27.529,0.03601111111111111,True,23,1,35.9184062,139.9079523,32.46891045728051,38.94062268660991,29.71,1011.6870703125,51.1162109375,136.5,1.0,-26.9375,0.41,4.24,8.64,-0.1875,-0.5625,0.25,63,97.55937731339009,turn_left,-30.0,30.0,
2026-08-04T18:23:50.947,491.701,clearing_landing_area,35.918179083333335,139.90772568333333,27.529,0.03601111111111111,True,23,1,35.9184062,139.9079523,32.46891045728051,38.94062268660991,29.71,1011.6870703125,51.08203125,136.5,1.0,-26.875,0.32,4.23,8.51,-0.125,0.0,-0.0625,63,97.55937731339009,turn_left,-30.0,30.0,
2026-08-04T18:23:51.448,492.202,clearing_landing_area,35.918178983333334,139.90772548333334,27.522,0.05144444444444445,True,23,1,35.9184062,139.9079523,32.488879710336406,38.95300208706544,29.7,1011.6790625,50.9541015625,136.5,1.0,-26.75,-0.32,4.48,8.95,1.5625,2.75,1.75,191,97.54699791293456,turn_left,-30.0,30.0,
2026-08-04T18:23:51.949,492.703,clearing_landing_area,35.918178983333334,139.90772548333334,27.522,0.05144444444444445,True,23,1,35.9184062,139.9079523,32.488879710336406,38.95300208706544,29.7,1011.59765625,50.9541015625,136.4375,1.0,-26.75,-0.12,4.27,8.69,-0.125,0.5625,-0.25,191,97.48449791293456,turn_left,-30.0,30.0,
2026-08-04T18:23:52.450,493.204,clearing_landing_area,35.918178983333334,139.9077254,27.514,0.025722222222222226,True,23,1,35.9184062,139.9079523,32.49359807003712,38.96329231254276,29.72,1011.5948828125,51.0595703125,136.4375,1.0625,-26.6875,0.35,4.24,8.61,0.125,0.4375,0.125,255,97.47420768745724,turn_left,-30.0,30.0,
2026-08-04T18:23:52.950,493.704,clearing_landing_area,35.918178983333334,139.9077254,27.514,0.025722222222222226,True,23,1,35.9184062,139.9079523,32.49359807003712,38.96329231254276,29.72,1011.649140625,50.9794921875,136.4375,1.125,-26.6875,0.36,4.25,8.6,0.0625,0.125,-0.125,255,97.47420768745724,turn_left,-30.0,30.0,
2026-08-04T18:23:53.450,494.205,clearing_landing_area,35.9181789,139.9077254,27.497,0.0463,True,23,1,35.9184062,139.9079523,32.500803550904934,38.95302018936894,29.72,1011.7385546875,51.09375,136.4375,1.1875,-26.5625,0.33,4.25,8.57,-0.1875,0.9375,0.25,191,97.48447981063106,turn_left,-30.0,30.0,
2026-08-04T18:23:53.951,494.705,clearing_landing_area,35.9181789,139.9077254,27.497,0.0463,True,23,1,35.9184062,139.9079523,32.500803550904934,38.95302018936894,29.72,1011.7033984375,51.0478515625,136.4375,1.1875,-26.5625,0.41,4.27,8.49,0.0625,-0.25,0.0625,127,97.48447981063106,turn_left,-30.0,30.0,
2026-08-04T18:23:54.451,495.205,clearing_landing_area,35.9181789,139.90772518333333,27.489,0.05144444444444445,True,23,1,35.9184062,139.9079523,32.51307346951003,38.97975874433007,29.73,1011.6731640625,50.8779296875,136.4375,1.125,-26.5,0.28,4.24,8.65,0.0625,0.3125,-0.0625,127,97.45774125566993,turn_left,-30.0,30.0,
2026-08-04T18:23:54.951,495.705,clearing_landing_area,35.9181789,139.90772518333333,27.489,0.05144444444444445,True,23,1,35.9184062,139.9079523,32.51307346951003,38.97975874433007,29.44,1011.259765625,50.958984375,136.4375,1.125,-26.4375,0.16,4.28,8.66,0.0625,0.125,-0.0625,127,97.45774125566993,turn_left,-30.0,30.0,
2026-08-04T18:23:55.452,496.206,clearing_landing_area,35.9181789,139.90772508333333,27.475,0.06687777777777779,True,23,1,35.9184062,139.9079523,32.518738895174536,38.99209280789216,29.7,1011.6710546875,50.7236328125,136.5,1.0625,-26.375,0.05,4.25,8.68,-0.125,0.0625,-0.125,127,97.50790719210784,turn_left,-30.0,30.0,
2026-08-04T18:23:55.952,496.706,clearing_landing_area,35.9181789,139.90772508333333,27.475,0.06687777777777779,True,23,1,35.9184062,139.9079523,32.518738895174536,38.99209280789216,29.7,1011.6710546875,50.701171875,136.4375,1.0625,-26.375,0.48,4.26,8.52,0.0,0.125,-0.25,127,97.44540719210784,turn_left,-30.0,30.0,
2026-08-04T18:23:56.452,497.207,clearing_landing_area,35.91817878333333,139.90772518333333,27.458,0.03601111111111111,True,25,1,35.9184062,139.9079523,32.52315909065223,38.96538254916055,29.69,1011.6278515625,50.6552734375,136.4375,1.125,-26.375,0.47,4.28,8.5,0.0,0.0625,-0.0625,255,97.47211745083945,turn_left,-30.0,30.0,
2026-08-04T18:23:56.953,497.707,clearing_landing_area,35.91817878333333,139.90772518333333,27.458,0.03601111111111111,True,25,1,35.9184062,139.9079523,32.52315909065223,38.96538254916055,29.68,1011.6469921875,50.642578125,136.4375,1.125,-26.3125,0.34,4.29,8.64,-0.1875,-0.3125,-0.125,191,97.47211745083945,turn_left,-30.0,30.0,
2026-08-04T18:23:57.453,498.207,clearing_landing_area,35.91817868333333,139.90772518333333,27.432,0.05658888888888889,True,25,1,35.9184062,139.9079523,32.53180553743385,38.95306719183708,29.7,1011.7253125,50.7587890625,136.375,1.25,-26.3125,0.24,4.2,8.75,0.0,-0.5625,0.1875,63,97.42193280816292,turn_left,-30.0,30.0,
2026-08-04T18:23:57.954,498.708,clearing_landing_area,35.91817868333333,139.90772518333333,27.432,0.05658888888888889,True,25,1,35.9184062,139.9079523,32.53180553743385,38.95306719183708,29.7,1011.64390625,50.7353515625,136.375,1.25,-26.3125,0.11,4.2,8.69,0.0,0.4375,-0.4375,63,97.42193280816292,turn_left,-30.0,30.0,
2026-08-04T18:23:58.454,499.208,clearing_landing_area,35.91817868333333,139.90772508333333,27.418,0.08231111111111111,True,26,1,35.9184062,139.9079523,32.53746770148532,38.96539880139983,28.14,1009.67265625,50.7119140625,136.4375,1.1875,-26.3125,0.01,4.19,8.7,0.75,1.9375,0.875,63,97.47210119860017,turn_left,-30.0,30.0,
2026-08-04T18:23:58.954,499.708,clearing_landing_area,35.91817868333333,139.90772508333333,27.418,0.08231111111111111,True,26,1,35.9184062,139.9079523,32.53746770148532,38.96539880139983,29.72,1011.7576953125,50.75,136.4375,1.1875,-26.375,1.77,4.27,8.48,0.0,-0.3125,0.3125,63,97.47210119860017,turn_left,-30.0,30.0,
2026-08-04T18:23:59.455,500.209,clearing_landing_area,35.91817868333333,139.90772498333334,27.404,0.08745555555555556,True,26,1,35.9184062,139.9079523,32.54313137224416,38.97772611924978,29.73,1011.66515625,50.7734375,136.5625,1.1875,-26.125,0.18,4.23,8.64,-0.0625,-0.0625,0.0,191,97.58477388075022,stopped,0.0,0.0,
2026-08-04T18:23:59.989,500.743,clearing_landing_area,35.91817868333333,139.90772498333334,27.404,0.08745555555555556,True,26,1,35.9184062,139.9079523,32.54313137224416,38.97772611924978,29.72,1011.6571484375,50.7265625,136.5625,1.1875,-26.125,0.19,4.22,8.63,0.0625,0.0625,0.0,63,97.58477388075022,stopped,0.0,0.0,
2026-08-04T18:24:00.489,501.243,clearing_landing_area,35.91817868333333,139.90772478333332,27.405,0.06687777777777779,True,26,1,35.9184062,139.9079523,32.554463232349,39.002367887318485,28.61,1009.891640625,50.7509765625,136.5625,1.1875,-26.125,0.18,4.22,8.64,0.0625,0.0,-0.0625,63,97.56013211268152,stopped,0.0,0.0,
2026-08-04T18:24:00.990,501.744,clearing_landing_area,35.91817868333333,139.90772478333332,27.405,0.06687777777777779,True,26,1,35.9184062,139.9079523,32.554463232349,39.002367887318485,29.74,1011.6540625,50.7744140625,136.5625,1.1875,-26.125,0.18,4.24,8.64,-0.0625,-0.0625,-0.0625,63,97.56013211268152,stopped,0.0,0.0,
2026-08-04T18:24:01.492,502.246,clearing_landing_area,35.91817818333333,139.907724,27.327,0.20063333333333333,True,26,1,35.9184062,139.9079523,32.64207005504306,39.03717118726195,29.74,1011.6540625,50.740234375,136.5625,1.1875,-26.125,0.2,4.26,8.63,0.0625,0.0,-0.0625,63,97.52532881273805,stopped,0.0,0.0,
2026-08-04T18:24:02.002,502.756,clearing_landing_area,35.91817818333333,139.907724,27.327,0.20063333333333333,True,26,1,35.9184062,139.9079523,32.64207005504306,39.03717118726195,29.75,1011.6701171875,50.7763671875,136.5625,1.1875,-26.125,0.2,4.22,8.63,0.0625,0.0625,0.0,63,97.52532881273805,stopped,0.0,0.0,
2026-08-04T18:24:02.503,503.258,clearing_landing_area,35.91817748333333,139.9077239,27.294,0.18005555555555552,True,26,1,35.9184062,139.9079523,32.70822723176691,38.9635485490827,29.74,1011.68921875,50.740234375,136.5625,1.1875,-26.125,0.21,4.22,8.61,-0.0625,0.0,0.0,63,97.5989514509173,stopped,0.0,0.0,
2026-08-04T18:24:03.005,503.759,clearing_landing_area,35.91817748333333,139.9077239,27.294,0.18005555555555552,True,26,1,35.9184062,139.9079523,32.70822723176691,38.9635485490827,29.75,1011.64296875,50.787109375,136.5625,1.1875,-26.125,0.19,4.22,8.63,-0.125,0.125,-0.125,63,97.5989514509173,stopped,0.0,0.0,
2026-08-04T18:24:03.511,504.265,clearing_landing_area,35.918176683333336,139.90772358333334,27.257,0.12346666666666666,True,26,1,35.9184062,139.9079523,32.79534382295855,38.90455857501087,29.77,1011.6481640625,50.8125,136.5625,1.1875,-26.125,0.19,4.23,8.63,8.0625,0.125,0.0625,63,97.65794142498913,stopped,0.0,0.0,
2026-08-04T18:24:04.012,504.766,clearing_landing_area,35.918176683333336,139.90772358333334,27.257,0.12346666666666666,True,26,1,35.9184062,139.9079523,32.79534382295855,38.90455857501087,29.76,1011.613046875,50.8125,136.5625,1.1875,-26.125,0.18,4.21,8.66,0.0,0.0,0.0,63,97.65794142498913,stopped,0.0,0.0,
2026-08-04T18:24:04.514,505.268,clearing_landing_area,35.918176583333334,139.90772328333333,27.229,0.0463,True,26,1,35.9184062,139.9079523,32.8209663797819,38.929068117872134,29.77,1011.7838671875,50.8349609375,136.5625,1.1875,-26.125,0.18,4.2,8.64,0.0625,-0.0625,-0.0625,63,97.63343188212787,stopped,0.0,0.0,
2026-08-04T18:24:05.026,505.781,clearing_landing_area,35.918176583333334,139.90772328333333,27.229,0.0463,True,26,1,35.9184062,139.9079523,32.8209663797819,38.929068117872134,29.77,1011.7024609375,50.9619140625,136.5625,1.1875,-26.125,0.18,4.22,9.92,8.0625,0.1875,0.0625,63,97.63343188212787,stopped,0.0,0.0,
2026-08-04T18:24:05.527,506.281,clearing_landing_area,35.918176583333334,139.90772318333333,27.228,0.2829444444444445,True,26,1,35.9184062,139.9079523,32.82662560406598,38.94129524024879,29.78,1011.6913671875,50.8359375,136.5625,1.1875,-26.125,0.2,4.23,8.64,0.0,-0.0625,0.0625,63,97.62120475975121,stopped,0.0,0.0,
2026-08-04T18:24:06.036,506.790,clearing_landing_area,35.918176583333334,139.90772318333333,27.228,0.2829444444444445,True,26,1,35.9184062,139.9079523,32.82662560406598,38.94129524024879,29.79,1011.599140625,50.609375,136.5625,1.1875,-26.125,0.18,4.22,8.63,-0.0625,0.0625,0.0,63,97.62120475975121,stopped,0.0,0.0,
2026-08-04T18:24:06.537,507.291,clearing_landing_area,35.918174783333335,139.90772098333332,27.161,0.08745555555555556,True,26,1,35.9184062,139.9079523,33.10683249117031,38.99025633631504,29.79,1011.6262890625,50.9072265625,136.5625,1.1875,-26.125,0.2,4.23,8.63,0.0625,0.125,-0.125,63,97.57224366368496,stopped,0.0,0.0,
2026-08-04T18:24:07.037,507.791,clearing_landing_area,35.918174783333335,139.90772098333332,27.161,0.08745555555555556,True,26,1,35.9184062,139.9079523,33.10683249117031,38.99025633631504,29.8,1011.669453125,50.8623046875,136.5625,1.1875,-26.125,0.18,4.2,8.62,0.0,0.0,-0.0625,63,97.57224366368496,stopped,0.0,0.0,
2026-08-04T18:24:07.538,508.292,clearing_landing_area,35.918174783333335,139.90772088333333,27.161,0.05144444444444445,True,26,1,35.9184062,139.9079523,33.112499185889725,39.00236743347125,29.79,1011.6534375,50.861328125,136.5625,1.1875,-26.125,0.2,4.23,8.62,8.125,0.0625,-0.0625,63,97.56013256652875,stopped,0.0,0.0,
2026-08-04T18:24:08.038,508.792,clearing_landing_area,35.918174783333335,139.90772088333333,27.161,0.05144444444444445,True,26,1,35.9184062,139.9079523,33.112499185889725,39.00236743347125,29.8,1011.6423046875,50.8857421875,136.5625,1.1875,-26.125,0.19,4.22,8.63,0.0,0.0625,-0.1875,63,97.56013256652875,stopped,0.0,0.0,
2026-08-04T18:24:08.539,509.293,clearing_landing_area,35.918174783333335,139.90772088333333,27.16,0.1852,True,26,1,35.9184062,139.9079523,33.112499185889725,39.00236743347125,29.8,1011.6423046875,51.18359375,136.5625,1.1875,-26.125,0.18,4.23,8.62,0.0,-0.125,0.125,63,97.56013256652875,forward,100.0,100.0,
2026-08-04T18:24:09.039,509.793,clearing_landing_area,35.918174783333335,139.90772088333333,27.16,0.1852,True,26,1,35.9184062,139.9079523,33.112499185889725,39.00236743347125,29.81,1011.623203125,50.9775390625,136.375,1.1875,-53.9375,0.23,7.79,2.39,612.9375,2.625,-1.0625,63,97.37263256652875,forward,100.0,99.74375,
2026-08-04T18:24:09.539,510.293,clearing_landing_area,35.9181741,139.90771988333333,27.025,0.05658888888888889,True,26,1,35.9184062,139.9079523,33.22822898357928,39.040579053034094,29.8,1011.61515625,51.091796875,141.0625,1.125,128.0625,0.29,-5.06,-9.62,853.0625,12.1875,2.25,63,102.0219209469659,forward,99.325,100.0,
2026-08-04T18:24:10.040,510.794,clearing_landing_area,35.9181741,139.90771988333333,27.025,0.05658888888888889,True,26,1,35.9184062,139.9079523,33.22822898357928,39.040579053034094,29.79,1011.6262890625,51.0908203125,139.6875,1.125,56.0,0.76,-5.03,5.97,730.25,4.375,-0.75,63,100.6469209469659,forward,74.1025,77.7625,
2026-08-04T18:24:10.540,511.294,clearing_landing_area,35.9181741,139.90771988333333,27.022,0.16976666666666668,True,25,1,35.9184062,139.9079523,33.22822898357928,39.040579053034094,29.8,1011.6423046875,51.1953125,139.9375,1.4375,-40.1875,0.51,5.87,7.38,-5.875,-1.5,0.625,63,100.8969209469659,turn_left,-30.0,30.0,
2026-08-04T18:24:11.041,511.795,clearing_landing_area,35.9181741,139.90771988333333,27.022,0.16976666666666668,True,25,1,35.9184062,139.9079523,33.22822898357928,39.040579053034094,29.8,1011.634296875,51.1025390625,139.8125,1.5,-39.9375,0.41,5.45,7.29,-3.25,-1.75,1.75,63,100.7719209469659,turn_left,-30.0,30.0,
2026-08-04T18:24:11.541,512.295,clearing_landing_area,35.918173583333335,139.90771928333334,26.932,0.06687777777777779,True,26,1,35.9184062,139.9079523,33.306884059938064,39.05052071874434,29.79,1011.6534375,51.3544921875,139.5625,1.625,-39.0625,-0.32,6.1,7.89,1.5625,2.6875,-2.0,63,100.51197928125566,turn_left,-30.0,30.0,
2026-08-04T18:24:12.042,512.796,clearing_landing_area,35.918173583333335,139.90771928333334,26.932,0.06687777777777779,True,26,1,35.9184062,139.9079523,33.306884059938064,39.05052071874434,29.8,1011.634296875,51.240234375,139.5625,1.5625,-39.0625,-0.43,6.07,7.95,-0.25,-0.1875,-0.3125,63,100.51197928125566,turn_left,-30.0,30.0,
2026-08-04T18:24:12.542,513.296,clearing_landing_area,35.9181735,139.90771928333334,26.932,0.05144444444444445,True,26,1,35.9184062,139.9079523,33.31408065074128,39.040480508918506,29.78,1011.637109375,51.123046875,139.5625,1.4375,-38.6875,-0.18,6.2,7.81,0.5,1.375,-1.125,63,100.5220194910815,turn_left,-30.0,30.0,
2026-08-04T18:24:13.042,513.796,clearing_landing_area,35.9181735,139.90771928333334,26.932,0.05144444444444445,True,26,1,35.9184062,139.9079523,33.31408065074128,39.040480508918506,29.8,1011.6423046875,50.9423828125,139.625,1.4375,-38.6875,0.22,6.22,7.69,-0.125,0.6875,0.1875,63,100.5845194910815,turn_left,-30.0,30.0,
2026-08-04T18:24:13.543,514.297,clearing_landing_area,35.9181735,139.90771928333334,26.932,0.05144444444444445,True,26,1,35.9184062,139.9079523,33.31408065074128,39.040480508918506,29.81,1011.658359375,50.794921875,139.625,1.25,-38.125,0.37,5.54,7.0,-1.1875,2.0625,-3.875,63,100.5845194910815,turn_left,-30.0,30.0,
2026-08-04T18:24:14.043,514.797,clearing_landing_area,35.9181735,139.90771928333334,26.932,0.05144444444444445,True,26,1,35.9184062,139.9079523,33.31408065074128,39.040480508918506,29.8,1011.58,50.79296875,139.6875,1.1875,-38.125,-0.21,5.61,7.59,-0.5,-1.25,-1.0625,63,100.6470194910815,turn_left,-30.0,30.0,
2026-08-04T18:24:14.544,515.298,clearing_landing_area,35.9181735,139.90771928333334,26.932,0.020577777777777778,True,26,1,35.9184062,139.9079523,33.31408065074128,39.040480508918506,29.78,1011.7265234375,50.6650390625,139.5,1.5,-38.0,0.27,6.1,7.67,-1.625,-1.8125,0.0,191,100.4595194910815,turn_left,-30.0,30.0,
2026-08-04T18:24:15.044,515.798,clearing_landing_area,35.9181735,139.90771928333334,26.932,0.020577777777777778,True,26,1,35.9184062,139.9079523,33.31408065074128,39.040480508918506,29.79,1011.6534375,50.6552734375,139.5,1.5625,-38.0,0.32,5.78,7.83,-0.25,0.0625,-0.375,191,100.4595194910815,turn_left,-30.0,30.0,
2026-08-04T18:24:15.546,516.300,clearing_landing_area,35.918173583333335,139.90771928333334,26.93,0.06687777777777779,True,26,1,35.9184062,139.9079523,33.306884059938064,39.05052071874434,29.77,1011.6753125,50.6748046875,139.25,1.8125,-38.4375,0.63,5.59,7.28,-1.25,-0.4375,0.0,63,100.19947928125566,turn_left,-30.0,30.0,
2026-08-04T18:24:16.047,516.801,clearing_landing_area,35.918173583333335,139.90771928333334,26.93,0.06687777777777779,True,26,1,35.9184062,139.9079523,33.306884059938064,39.05052071874434,29.77,1011.6833203125,50.6416015625,139.25,1.8125,-38.4375,0.5,6.31,7.42,0.0625,0.3125,-0.25,63,100.19947928125566,turn_left,-30.0,30.0,
2026-08-04T18:24:16.547,517.301,clearing_landing_area,35.91817378333333,139.9077192,26.937,0.15947777777777777,True,26,1,35.9184062,139.9079523,33.29434714215473,39.08466041172119,29.77,1011.5748046875,50.67578125,139.25,1.75,-38.5,0.23,5.75,7.71,-0.5625,1.4375,-1.1875,63,100.16533958827881,turn_left,-30.0,30.0,
2026-08-04T18:24:17.047,517.802,clearing_landing_area,35.91817378333333,139.9077192,26.937,0.15947777777777777,True,26,1,35.9184062,139.9079523,33.29434714215473,39.08466041172119,29.78,1011.5828125,50.6875,139.25,1.6875,-38.4375,-0.7,6.18,7.04,1.3125,0.375,2.0625,63,100.16533958827881,turn_left,-30.0,30.0,
2026-08-04T18:24:17.548,518.302,clearing_landing_area,35.91817388333333,139.90771938333333,26.93,0.11317777777777778,True,26,1,35.9184062,139.9079523,33.275307815483664,39.07466601977393,29.77,1011.6481640625,50.8583984375,139.3125,1.5625,-38.4375,0.09,5.96,7.57,0.5625,-1.5,1.5625,63,100.23783398022607,turn_left,-30.0,30.0,
2026-08-04T18:24:18.049,518.803,clearing_landing_area,35.91817388333333,139.90771938333333,26.93,0.11317777777777778,True,26,1,35.9184062,139.9079523,33.275307815483664,39.07466601977393,29.77,1011.6210546875,50.708984375,139.3125,1.5625,-38.5,-0.04,5.98,7.77,0.5625,0.4375,1.1875,63,100.23783398022607,turn_left,-30.0,30.0,
2026-08-04T18:24:18.549,519.303,clearing_landing_area,35.918174,139.90771948333332,26.917,0.23149999999999998,True,26,1,35.9184062,139.9079523,33.25956050999005,39.07670951390571,29.76,1011.6864453125,51.09765625,139.1875,1.5,-38.4375,0.24,6.2,7.36,-0.4375,-0.5625,0.5625,63,100.11079048609429,turn_left,-30.0,30.0,
2026-08-04T18:24:19.049,519.803,clearing_landing_area,35.918174,139.90771948333332,26.917,0.23149999999999998,True,26,1,35.9184062,139.9079523,33.25956050999005,39.07670951390571,29.76,1011.6864453125,51.0068359375,139.1875,1.5625,-38.3125,0.62,5.7,7.29,-0.3125,0.0,-0.1875,63,100.11079048609429,turn_left,-30.0,30.0,
2026-08-04T18:24:19.550,520.304,clearing_landing_area,35.918174783333335,139.90771998333332,26.881,0.07716666666666668,True,26,1,35.9184062,139.9079523,33.163565905391096,39.11118091353734,29.75,1011.724375,50.970703125,139.0625,1.6875,-38.4375,-0.04,6.69,7.78,0.9375,-5.4375,-0.1875,63,99.95131908646266,turn_left,-30.0,30.0,
2026-08-04T18:24:20.050,520.804,clearing_landing_area,35.918174783333335,139.90771998333332,26.881,0.07716666666666668,True,26,1,35.9184062,139.9079523,33.163565905391096,39.11118091353734,29.75,1011.6701171875,51.2001953125,139.0625,1.6875,-38.4375,0.39,5.54,7.25,-0.5625,-1.375,-0.5,63,99.95131908646266,turn_left,-30.0,30.0,
2026-08-04T18:24:20.551,521.305,clearing_landing_area,35.918174783333335,139.9077201,26.88,0.05658888888888889,True,26,1,35.9184062,139.9079523,33.15693940578143,39.097094374484186,29.74,1011.57265625,50.935546875,140.6875,1.6875,-37.1875,0.26,5.78,7.63,0.0625,-0.0625,0.125,63,101.59040562551581,stopped,0.0,0.0,
2026-08-04T18:24:21.064,521.818,clearing_landing_area,35.918174783333335,139.9077201,26.88,0.05658888888888889,True,26,1,35.9184062,139.9079523,33.15693940578143,39.097094374484186,29.74,1011.6812109375,50.935546875,140.6875,1.6875,-37.1875,0.23,5.76,7.66,-0.125,0.0625,0.0625,63,101.59040562551581,stopped,0.0,0.0,
2026-08-04T18:24:21.565,522.319,clearing_landing_area,35.918174783333335,139.9077201,26.884,0.16462222222222223,True,26,1,35.9184062,139.9079523,33.15693940578143,39.097094374484186,29.73,1011.6380078125,50.8544921875,140.6875,1.6875,-37.1875,0.24,5.73,7.61,0.0625,0.3125,-0.125,63,101.59040562551581,stopped,0.0,0.0,
2026-08-04T18:24:22.078,522.832,clearing_landing_area,35.918174783333335,139.9077201,26.884,0.16462222222222223,True,26,1,35.9184062,139.9079523,33.15693940578143,39.097094374484186,29.72,1011.684296875,50.853515625,140.6875,1.6875,-37.25,0.24,5.78,7.63,0.0625,0.125,0.0625,63,101.59040562551581,stopped,0.0,0.0,
2026-08-04T18:24:22.580,523.334,clearing_landing_area,35.9181753,139.90771938333333,26.818,0.11317777777777778,True,26,1,35.9184062,139.9079523,33.15316499273444,39.246267373869614,24.22,1002.950078125,50.6572265625,140.6875,9.6875,-37.25,0.26,5.77,7.6,1.0625,0.0625,-0.125,63,101.44123262613039,stopped,0.0,0.0,
2026-08-04T18:24:23.087,523.841,clearing_landing_area,35.9181753,139.90771938333333,26.818,0.11317777777777778,True,26,1,35.9184062,139.9079523,33.15316499273444,39.246267373869614,29.72,1011.6571484375,50.7724609375,140.6875,1.6875,-37.3125,0.28,5.79,7.6,0.3125,-0.0625,-0.0625,63,101.44123262613039,stopped,0.0,0.0,
2026-08-04T18:24:23.587,524.341,clearing_landing_area,35.918175983333335,139.9077187,26.815,0.14918888888888887,True,26,1,35.9184062,139.9079523,33.13338999464072,39.41180143610359,29.7,1011.6710546875,50.6552734375,140.6875,1.6875,-37.375,0.25,5.78,7.61,0.125,0.0,0.0625,63,101.27569856389641,stopped,0.0,0.0,
2026-08-04T18:24:24.087,524.842,clearing_landing_area,35.918175983333335,139.9077187,26.815,0.14918888888888887,True,26,1,35.9184062,139.9079523,33.13338999464072,39.41180143610359,29.7,1011.6248046875,50.65625,140.6875,1.6875,-37.375,0.26,5.81,7.63,0.4375,-0.125,-0.125,63,101.27569856389641,stopped,0.0,0.0,
2026-08-04T18:24:24.589,525.343,clearing_landing_area,35.9181765,139.9077178,26.819,0.05144444444444445,True,26,1,35.9184062,139.9079523,33.14060723619815,39.58311782169142,29.7,1011.7062109375,50.5869140625,140.6875,1.6875,-37.375,0.25,5.75,7.64,-0.125,-0.125,-0.0625,63,101.10438217830858,stopped,0.0,0.0,
2026-08-04T18:24:25.108,525.862,clearing_landing_area,35.9181765,139.9077178,26.819,0.05144444444444445,True,26,1,35.9184062,139.9079523,33.14060723619815,39.58311782169142,29.71,1011.659921875,50.5771484375,140.6875,1.6875,-37.375,0.27,5.76,7.63,-0.0625,-0.0625,-0.0625,63,101.10438217830858,stopped,0.0,0.0,
2026-08-04T18:24:25.608,526.362,clearing_landing_area,35.918176583333334,139.9077178,26.817,0.14404444444444445,True,26,1,35.9184062,139.9079523,33.13346625863229,39.59332799558035,29.71,1011.6870703125,50.5771484375,140.6875,1.6875,-37.375,0.22,5.73,7.62,-0.375,-0.125,0.0,63,101.09417200441965,stopped,0.0,0.0,
2026-08-04T18:24:26.126,526.880,clearing_landing_area,35.918176583333334,139.9077178,26.817,0.14404444444444445,True,26,1,35.9184062,139.9079523,33.13346625863229,39.59332799558035,29.71,1011.6327734375,50.5537109375,140.6875,1.6875,-37.375,0.25,5.74,7.66,-0.375,-0.1875,0.125,63,101.09417200441965,stopped,0.0,0.0,
2026-08-04T18:24:26.629,527.384,clearing_landing_area,35.91817688333333,139.9077173,26.804,0.18005555555555552,True,26,1,35.9184062,139.9079523,33.13650443908873,39.69008190731495,29.72,1011.94765625,50.7041015625,140.6875,1.6875,-37.375,0.24,5.75,7.65,-0.75,-0.125,0.0,63,100.99741809268505,stopped,0.0,0.0,
2026-08-04T18:24:27.143,527.897,clearing_landing_area,35.91817688333333,139.9077173,26.804,0.18005555555555552,True,26,1,35.9184062,139.9079523,33.13650443908873,39.69008190731495,29.71,1011.6408203125,50.6123046875,140.6875,1.6875,-37.375,0.25,5.75,7.65,-0.375,0.125,-0.125,63,100.99741809268505,stopped,0.0,0.0,
2026-08-04T18:24:27.643,528.397,clearing_landing_area,35.91817738333334,139.9077172,26.786,0.24178888888888886,True,26,1,35.9184062,139.9079523,33.09949985256962,39.76353936084928,29.71,1011.695078125,50.5205078125,140.6875,1.6875,-37.375,0.24,5.75,7.64,0.125,0.0,0.0,63,100.92396063915072,stopped,0.0,0.0,
2026-08-04T18:24:28.145,528.899,clearing_landing_area,35.91817738333334,139.9077172,26.786,0.24178888888888886,True,26,1,35.9184062,139.9079523,33.09949985256962,39.76353936084928,29.67,1011.6226171875,50.3662109375,140.6875,1.6875,-37.375,0.25,5.75,7.62,0.0,0.0625,0.0625,63,100.92396063915072,stopped,0.0,0.0,
2026-08-04T18:24:28.645,529.399,clearing_landing_area,35.91817678333334,139.90771688333334,26.752,0.15433333333333335,True,26,1,35.9184062,139.9079523,33.169030736595744,39.727690275028294,29.72,1011.62203125,50.40625,140.6875,1.6875,-37.375,0.24,5.75,7.65,0.0625,0.0,0.125,63,100.9598097249717,stopped,0.0,0.0,
2026-08-04T18:24:29.146,529.900,clearing_landing_area,35.91817678333334,139.90771688333334,26.752,0.15433333333333335,True,26,1,35.9184062,139.9079523,33.169030736595744,39.727690275028294,29.71,1011.6408203125,50.39453125,140.6875,1.6875,-37.375,0.26,5.75,7.64,0.125,0.0,0.0,63,100.9598097249717,stopped,0.0,0.0,
2026-08-04T18:24:29.648,530.402,clearing_landing_area,35.9181771,139.90771648333333,26.74,0.08745555555555556,True,26,1,35.9184062,139.9079523,33.165010004510265,39.81443000350771,29.72,1011.62203125,50.4169921875,150.6875,1.3125,78.0,-0.43,-9.27,1.21,171.375,10.1875,-13.5,63,110.87306999649229,forward,0.0,100.0,
2026-08-04T18:24:30.150,530.904,clearing_landing_area,35.9181771,139.90771648333333,26.74,0.08745555555555556,True,26,1,35.9184062,139.9079523,33.165010004510265,39.81443000350771,29.72,1011.6762890625,50.1533203125,147.9375,2.75,45.625,-0.97,-5.87,2.3,552.3125,35.125,-22.875,63,108.12306999649229,forward,98.475,100.0,
2026-08-04T18:24:30.650,531.405,clearing_landing_area,35.9181771,139.90771648333333,26.739,0.15433333333333335,True,26,1,35.9184062,139.9079523,33.165010004510265,39.81443000350771,29.71,1011.6679296875,50.3486328125,329.1875,1.9375,-179.1875,0.37,0.77,-9.66,-40.4375,0.6875,3.625,63,-70.62693000350771,stopped,0.0,0.0,
2026-08-04T18:24:31.151,531.905,clearing_landing_area,35.9181771,139.90771648333333,26.739,0.15433333333333335,True,26,1,35.9184062,139.9079523,33.165010004510265,39.81443000350771,29.71,1011.6327734375,50.3583984375,331.0625,1.75,-176.0,0.46,1.12,-9.83,-10.4375,-2.8125,18.25,63,-68.75193000350771,turn_right,30.0,-30.0,
2026-08-04T18:24:31.651,532.405,clearing_landing_area,35.91817738333334,139.90771568333332,26.714,0.11317777777777778,True,26,1,35.9184062,139.9079523,33.18702441676494,39.94479320946863,29.74,1011.68921875,50.109375,333.6875,1.5625,-171.5625,0.0,3.16,-8.96,6.1875,5.75,-6.25,63,-66.25729320946863,turn_right,30.0,-30.0,
2026-08-04T18:24:32.152,532.906,clearing_landing_area,35.91817738333334,139.90771568333332,26.714,0.11317777777777778,True,26,1,35.9184062,139.9079523,33.18702441676494,39.94479320946863,29.74,1011.6349609375,50.373046875,333.6875,1.5,-171.3125,0.29,1.92,-9.53,-2.875,0.3125,2.5625,63,-66.25729320946863,turn_right,30.0,-30.0,
2026-08-04T18:24:32.652,533.406,clearing_landing_area,35.91817738333334,139.90771568333332,26.687,0.0463,True,22,1,35.9184062,139.9079523,33.18702441676494,39.94479320946863,29.75,1011.6972265625,50.3740234375,336.375,1.9375,-164.6875,0.18,3.77,-8.74,-27.875,-3.375,15.3125,63,-63.56979320946863,turn_right,30.0,-30.0,
2026-08-04T18:24:33.153,533.907,clearing_landing_area,35.91817738333334,139.90771568333332,26.687,0.0463,True,22,1,35.9184062,139.9079523,33.18702441676494,39.94479320946863,29.75,1013.216953125,50.36328125,339.125,2.1875,-164.25,0.72,2.81,-9.12,23.8125,-3.5625,30.6875,63,-60.81979320946863,turn_right,30.0,-30.0,
2026-08-04T18:24:33.653,534.407,clearing_landing_area,35.918177283333335,139.90771568333332,26.689,0.07202222222222222,True,24,1,35.9184062,139.9079523,33.195550093061605,39.93247078786442,29.75,1011.6701171875,50.3740234375,344.3125,2.25,-163.9375,0.38,2.86,-9.07,0.125,-0.9375,-0.25,63,-55.61997078786442,turn_right,30.0,-30.0,
2026-08-04T18:24:34.154,534.908,clearing_landing_area,35.918177283333335,139.90771568333332,26.689,0.07202222222222222,True,24,1,35.9184062,139.9079523,33.195550093061605,39.93247078786442,29.75,1011.6784375,50.38671875,344.5625,2.1875,-163.9375,0.04,2.94,-9.05,0.125,-0.25,-0.6875,63,-55.36997078786442,turn_right,30.0,-30.0,
2026-08-04T18:24:34.654,535.409,clearing_landing_area,35.918177283333335,139.90771558333333,26.687,0.09774444444444444,True,22,1,35.9184062,139.9079523,33.201331096403585,39.9443870617157,29.75,1011.6512890625,50.41015625,344.875,2.4375,-163.8125,1.22,2.78,-9.29,-0.1875,-0.8125,-0.5,63,-55.0693870617157,turn_right,30.0,-30.0,
2026-08-04T18:24:35.155,535.909,clearing_landing_area,35.918177283333335,139.90771558333333,26.687,0.09774444444444444,True,22,1,35.9184062,139.9079523,33.201331096403585,39.9443870617157,29.75,1011.64296875,50.4091796875,344.9375,2.375,-163.875,0.84,2.77,-9.36,1.0625,-1.0,1.0,63,-55.0068870617157,turn_right,30.0,-30.0,
2026-08-04T18:24:35.655,536.409,clearing_landing_area,35.91817738333334,139.90771548333333,26.683,0.0926,True,22,1,35.9184062,139.9079523,33.198590828651824,39.96862343334203,29.75,1011.6972265625,50.8447265625,349.125,2.125,-163.1875,0.65,2.72,-9.17,-3.5,-4.375,4.8125,63,-50.84362343334203,turn_right,30.0,-30.0,
2026-08-04T18:24:36.159,536.913,clearing_landing_area,35.91817738333334,139.90771548333333,26.683,0.0926,True,22,1,35.9184062,139.9079523,33.198590828651824,39.96862343334203,29.75,1011.6972265625,50.5810546875,349.25,2.125,-163.0625,0.8,2.78,-9.46,-7.0,-2.9375,5.4375,63,-50.71862343334203,turn_right,30.0,-30.0,
2026-08-04T18:24:36.659,537.413,clearing_landing_area,35.91817748333333,139.90771548333333,26.684,0.07716666666666668,True,23,1,35.9184062,139.9079523,33.19006965933775,39.980954007844275,29.75,1011.64296875,50.5810546875,350.6875,2.0,-161.3125,0.0,3.1,-8.92,0.75,-0.125,0.25,63,-49.293454007844275,turn_right,30.0,-30.0,
2026-08-04T18:24:37.160,537.914,clearing_landing_area,35.91817748333333,139.90771548333333,26.684,0.07716666666666668,True,23,1,35.9184062,139.9079523,33.19006965933775,39.980954007844275,29.75,1011.6701171875,50.4658203125,350.9375,1.9375,-161.1875,-0.03,3.13,-9.0,-4.5625,-3.4375,1.125,63,-49.043454007844275,turn_right,30.0,-30.0,
2026-08-04T18:24:37.660,538.414,clearing_landing_area,35.91817738333334,139.90771548333333,26.683,0.1389,True,22,1,35.9184062,139.9079523,33.198590828651824,39.96862343334203,29.74,1011.68921875,50.4541015625,351.1875,1.6875,-160.625,0.45,3.38,-8.95,-1.25,-0.875,0.4375,63,-48.78112343334203,turn_right,30.0,-30.0,
2026-08-04T18:24:38.160,538.915,clearing_landing_area,35.91817738333334,139.90771548333333,26.683,0.1389,True,22,1,35.9184062,139.9079523,33.198590828651824,39.96862343334203,29.73,1011.6731640625,50.4306640625,351.3125,1.625,-160.4375,0.69,3.23,-8.82,-2.625,-0.8125,1.1875,63,-48.65612343334203,turn_right,30.0,-30.0,
2026-08-04T18:24:38.661,539.415,clearing_landing_area,35.918177183333334,139.90771598333333,26.626,0.08745555555555556,True,22,1,35.9184062,139.9079523,33.18674736758032,39.88438372353778,29.72,1011.7114453125,50.578125,351.5625,1.75,-160.0625,0.51,3.39,-9.26,-0.5625,-0.125,-0.6875,63,-48.32188372353778,turn_right,30.0,-30.0,
2026-08-04T18:24:39.161,539.915,clearing_landing_area,35.918177183333334,139.90771598333333,26.626,0.08745555555555556,True,22,1,35.9184062,139.9079523,33.18674736758032,39.88438372353778,29.71,1011.6870703125,50.599609375,351.5625,1.75,-160.125,0.77,3.35,-9.25,8.8125,2.0625,0.25,63,-48.32188372353778,turn_right,30.0,-30.0,
2026-08-04T18:24:39.662,540.416,clearing_landing_area,35.918177183333334,139.90771598333333,26.625,0.020577777777777778,True,21,1,35.9184062,139.9079523,33.18674736758032,39.88438372353778,29.7,1011.6710546875,50.5517578125,351.875,2.0625,-159.75,0.45,3.62,-9.15,-1.3125,-0.875,-0.8125,63,-48.00938372353778,turn_right,30.0,-30.0,
2026-08-04T18:24:40.162,540.916,clearing_landing_area,35.918177183333334,139.90771598333333,26.625,0.020577777777777778,True,21,1,35.9184062,139.9079523,33.18674736758032,39.88438372353778,29.69,1011.6358984375,50.5400390625,351.875,2.0625,-159.75,0.1,3.49,-8.79,1.125,1.0625,-1.875,63,-48.00938372353778,turn_right,30.0,-30.0,
2026-08-04T18:24:40.662,541.416,clearing_landing_area,35.918177183333334,139.90771588333334,26.626,0.0463,True,21,1,35.9184062,139.9079523,33.19252257472492,39.89631152957509,29.68,1011.70125,50.5166015625,351.875,2.1875,-159.5,0.72,3.85,-9.25,1.6875,-7.25,5.5625,63,-48.02131152957509,stopped,0.0,0.0,
2026-08-04T18:24:41.163,541.917,clearing_landing_area,35.918177183333334,139.90771588333334,26.626,0.0463,True,21,1,35.9184062,139.9079523,33.19252257472492,39.89631152957509,29.68,1011.638671875,50.6181640625,347.1875,2.6875,-159.4375,0.14,3.83,-8.23,18.25,19.875,-32.1875,63,-52.70881152957509,stopped,0.0,0.0,
2026-08-04T18:24:41.663,542.420,clearing_landing_area,35.918177283333335,139.90771598333333,26.627,0.0926,True,20,1,35.9184062,139.9079523,33.17821570266858,39.89669705411785,29.64,1011.636484375,50.9248046875,345.6875,3.0625,-161.875,0.49,3.02,-9.19,0.625,0.0625,-0.1875,63,-54.20919705411785,stopped,0.0,0.0,
2026-08-04T18:24:42.164,542.918,clearing_landing_area,35.918177283333335,139.90771598333333,26.627,0.0926,True,20,1,35.9184062,139.9079523,33.17821570266858,39.89669705411785,29.66,1012.773359375,50.92578125,345.6875,3.0625,-161.8125,0.47,3.06,-9.15,-1.0,0.0,0.0,63,-54.20919705411785,stopped,0.0,0.0,
2026-08-04T18:24:42.666,543.420,clearing_landing_area,35.918177283333335,139.90771588333334,26.626,0.13375555555555557,True,22,1,35.9184062,139.9079523,33.183992394622194,39.90862578331149,29.62,1011.7401171875,50.912109375,345.6875,3.0625,-161.6875,0.5,3.06,-9.16,1.125,0.1875,-0.125,63,-54.22112578331149,stopped,0.0,0.0,
2026-08-04T18:24:43.170,543.925,clearing_landing_area,35.918177283333335,139.90771588333334,26.626,0.13375555555555557,True,22,1,35.9184062,139.9079523,33.183992394622194,39.90862578331149,29.62,1011.6506640625,50.8876953125,345.6875,3.0625,-161.8125,0.5,3.05,-9.15,1.0625,0.125,0.125,63,-54.22112578331149,stopped,0.0,0.0,
2026-08-04T18:24:43.673,544.427,clearing_landing_area,35.918177183333334,139.9077163,26.589,0.19548888888888888,True,21,1,35.9184062,139.9079523,33.16846870577507,39.846584940016896,29.6,1011.6996875,50.8056640625,345.6875,3.0625,-161.875,0.5,3.05,-9.17,-0.1875,-0.125,-0.0625,63,-54.159084940016896,stopped,0.0,0.0,
2026-08-04T18:24:44.174,544.928,clearing_landing_area,35.918177183333334,139.9077163,26.589,0.19548888888888888,True,21,1,35.9184062,139.9079523,33.16846870577507,39.846584940016896,29.6,1011.6454296875,50.7939453125,345.6875,3.0625,-161.875,0.48,3.04,-9.16,-0.25,0.0625,0.125,63,-54.159084940016896,stopped,0.0,0.0,
2026-08-04T18:24:44.677,545.431,clearing_landing_area,35.9181765,139.90771618333332,26.582,0.13375555555555557,True,21,1,35.9184062,139.9079523,33.23356218845937,39.776556542811534,29.54,1011.6460546875,50.8564453125,345.6875,3.0625,-161.75,0.48,3.05,-9.15,-0.8125,0.0625,-0.125,63,-54.089056542811534,stopped,0.0,0.0,
2026-08-04T18:24:45.592,546.346,clearing_landing_area,35.9181765,139.90771618333332,26.582,0.13375555555555557,True,21,1,35.9184062,139.9079523,33.23356218845937,39.776556542811534,29.56,1011.662109375,51.1787109375,345.6875,3.0625,-161.75,0.5,3.05,-9.14,0.25,0.0625,0.125,63,-54.089056542811534,stopped,0.0,0.0,
2026-08-04T18:24:46.097,546.851,clearing_landing_area,,,,,False,,,35.9184062,139.9079523,,,29.53,1011.6839453125,50.8095703125,345.6875,3.0625,-161.75,0.49,3.04,-9.13,-0.625,-0.0625,0.0,63,,stopped,0.0,0.0,
2026-08-04T18:24:46.598,547.352,clearing_landing_area,,,,,False,,,35.9184062,139.9079523,,,29.52,1011.659921875,51.025390625,345.6875,3.0625,-161.8125,0.52,2.99,-9.15,-0.6875,0.0,-0.1875,63,,stopped,0.0,0.0,
2026-08-04T18:24:47.103,547.857,clearing_landing_area,35.91817568333333,139.90771998333332,26.555,0.17491111111111113,True,19,1,35.9184062,139.9079523,33.085975271275665,39.22050525612042,29.54,1011.66484375,51.451171875,345.6875,3.0625,-161.6875,0.5,3.01,-9.17,0.3125,-0.0625,0.0625,63,-53.53300525612042,stopped,0.0,0.0,
2026-08-04T18:24:47.955,548.709,clearing_landing_area,35.91817568333333,139.90771998333332,26.555,0.17491111111111113,True,19,1,35.9184062,139.9079523,33.085975271275665,39.22050525612042,29.53,1011.6297265625,51.3134765625,345.6875,3.0625,-161.6875,0.5,3.01,-9.14,0.0625,0.0,-0.1875,63,-53.53300525612042,stopped,0.0,0.0,
2026-08-04T18:24:48.456,549.210,clearing_landing_area,35.9181764,139.90771788333333,26.544,0.08745555555555556,True,19,1,35.9184062,139.9079523,33.1443978097639,39.560871779242575,29.54,1011.7545703125,51.2001953125,345.6875,3.0625,-161.5,0.49,3.04,-9.16,-0.375,0.0,0.0,63,-53.873371779242575,stopped,0.0,0.0,
2026-08-04T18:24:48.957,549.711,clearing_landing_area,35.9181764,139.90771788333333,26.544,0.08745555555555556,True,19,1,35.9184062,139.9079523,33.1443978097639,39.560871779242575,29.53,1011.6839453125,51.19921875,345.6875,3.0625,-161.5,0.49,3.05,-9.13,-0.125,0.125,0.0,63,-53.873371779242575,stopped,0.0,0.0,
2026-08-04T18:24:49.458,550.212,clearing_landing_area,35.9181789,139.90771408333333,26.53,0.07202222222222222,True,18,1,35.9184062,139.9079523,33.15095997382538,40.32285309088098,29.53,1011.71109375,50.9697265625,345.6875,3.0625,-161.5,0.49,3.03,-9.17,0.0,0.1875,0.0,63,-54.63535309088098,stopped,0.0,0.0,
2026-08-04T18:24:49.958,550.712,clearing_landing_area,35.9181789,139.90771408333333,26.53,0.07202222222222222,True,18,1,35.9184062,139.9079523,33.15095997382538,40.32285309088098,29.53,1011.6839453125,50.9697265625,345.6875,3.0625,-161.5,0.51,3.05,-9.15,-0.0625,0.0,-0.1875,63,-54.63535309088098,stopped,0.0,0.0,
2026-08-04T18:24:50.459,551.213,clearing_landing_area,35.918183383333336,139.9077077,26.482,0.2057777777777778,True,19,1,35.9184062,139.9079523,33.151581835874545,41.637937404348634,29.53,1011.71109375,50.787109375,345.6875,3.0625,-161.5,0.49,3.07,-9.14,0.0625,0.1875,0.0,63,-55.950437404348634,stopped,0.0,0.0,
2026-08-04T18:24:50.959,551.713,clearing_landing_area,35.918183383333336,139.9077077,26.482,0.2057777777777778,True,19,1,35.9184062,139.9079523,33.151581835874545,41.637937404348634,29.54,1011.7003125,50.810546875,345.6875,3.0625,-161.5,0.5,3.04,-9.14,-0.0625,0.0,0.0625,63,-55.950437404348634,stopped,0.0,0.0,
2026-08-04T18:24:51.459,552.213,clearing_landing_area,35.918183883333334,139.90770678333334,26.494,0.21606666666666666,True,19,1,35.9184062,139.9079523,33.16502358865792,41.80833462508326,29.54,1011.7274609375,50.7763671875,230.125,0.0625,-55.0,3.86,8.13,5.74,58.375,-98.75,-177.375,63,-171.68333462508326,forward,52.60625,100.0,
2026-08-04T18:24:51.960,552.714,clearing_landing_area,35.918183883333334,139.90770678333334,26.494,0.21606666666666666,True,19,1,35.9184062,139.9079523,33.16502358865792,41.80833462508326,29.54,1011.6731640625,50.7646484375,249.625,-1.875,-47.9375,-0.61,6.06,3.54,-115.25,-76.75,-36.6875,63,-152.18333462508326,forward,100.0,32.83749999999999,
2026-08-04T18:24:52.460,553.214,clearing_landing_area,35.9181808,139.9077062,26.452,0.09774444444444444,True,20,1,35.9184062,139.9079523,33.45613248975566,41.483966727974234,29.51,1011.6438671875,50.794921875,324.375,0.4375,-21.25,0.09,3.4,8.86,-18.6875,-2.0,-0.625,63,-77.10896672797423,stopped,0.0,0.0,
2026-08-04T18:24:52.961,553.715,clearing_landing_area,35.9181808,139.9077062,26.452,0.09774444444444444,True,20,1,35.9184062,139.9079523,33.45613248975566,41.483966727974234,29.5,1011.635546875,50.806640625,324.4375,0.4375,-21.0,0.24,4.14,8.7,2.875,-0.3125,-3.4375,63,-77.04646672797423,turn_right,15.0,-15.0,
2026-08-04T18:24:53.461,554.215,clearing_landing_area,35.91818048333333,139.90770608333332,26.447,0.0926,True,22,1,35.9184062,139.9079523,33.48947392401857,41.457526861422366,28.18,1009.81828125,50.9560546875,7.0625,1.1875,-22.6875,0.03,3.67,7.23,-26.0,-0.4375,-0.3125,63,-34.395026861422366,turn_right,30.0,-30.0,
2026-08-04T18:24:53.961,554.715,clearing_landing_area,35.91818048333333,139.90770608333332,26.447,0.0926,True,22,1,35.9184062,139.9079523,33.48947392401857,41.457526861422366,29.5,1011.66265625,50.955078125,7.0625,1.0625,-22.75,0.93,4.05,7.47,12.75,22.125,-5.3125,63,-34.395026861422366,turn_right,30.0,-30.0,
2026-08-04T18:24:54.462,555.216,clearing_landing_area,35.91818048333333,139.90770598333333,26.448,0.03601111111111111,True,24,1,35.9184062,139.9079523,33.49543661687835,41.46907117369517,29.51,1011.651875,51.037109375,10.0,-2.25,-21.8125,-0.98,3.72,8.86,-5.5,-0.5,-5.4375,63,-31.46907117369517,turn_right,30.0,-30.0,
2026-08-04T18:24:54.962,555.716,clearing_landing_area,35.91818048333333,139.90770598333333,26.448,0.03601111111111111,True,24,1,35.9184062,139.9079523,33.49543661687835,41.46907117369517,28.62,1010.6932421875,50.970703125,10.125,-2.3125,-21.875,-0.82,3.84,8.86,-1.625,-0.1875,-1.4375,63,-31.34407117369517,turn_right,30.0,-30.0,
2026-08-04T18:24:55.463,556.217,clearing_landing_area,35.91818048333333,139.90770598333333,26.448,0.11317777777777778,True,25,1,35.9184062,139.9079523,33.49543661687835,41.46907117369517,29.53,1011.703046875,50.888671875,10.625,-3.5,-21.75,-0.82,3.58,8.9,-5.3125,-0.1875,-2.4375,63,-30.84407117369517,turn_right,30.0,-30.0,
2026-08-04T18:24:55.963,556.717,clearing_landing_area,35.91818048333333,139.90770598333333,26.448,0.11317777777777778,True,25,1,35.9184062,139.9079523,33.49543661687835,41.46907117369517,29.53,1011.703046875,50.8544921875,10.6875,-3.625,-21.6875,-0.35,3.83,8.89,-0.375,0.0625,0.0625,63,-30.78157117369517,turn_right,30.0,-30.0,
2026-08-04T18:24:56.463,557.217,clearing_landing_area,35.9181802,139.9077062,26.433,0.015433333333333332,True,25,1,35.9184062,139.9079523,33.506142050093416,41.4083945869325,29.51,1011.7523828125,50.875,11.1875,-4.0625,-21.375,-1.07,3.68,8.79,-1.1875,0.1875,-1.0625,63,-30.220894586932502,turn_right,30.0,-30.0,
2026-08-04T18:24:56.964,557.718,clearing_landing_area,35.9181802,139.9077062,26.433,0.015433333333333332,True,25,1,35.9184062,139.9079523,33.506142050093416,41.4083945869325,29.52,1011.6327734375,50.9111328125,11.1875,-4.0625,-21.375,-0.62,3.83,8.83,-0.75,0.25,-0.875,63,-30.220894586932502,turn_right,30.0,-30.0,
2026-08-04T18:24:57.464,558.218,clearing_landing_area,35.9181802,139.9077062,26.432,0.0463,True,25,1,35.9184062,139.9079523,33.506142050093416,41.4083945869325,29.51,1011.706171875,51.0712890625,34.5,-3.9375,-17.875,-0.08,3.13,8.85,8.4375,-23.875,-71.375,63,-6.908394586932502,turn_right,30.0,-30.0,
2026-08-04T18:24:57.974,558.728,clearing_landing_area,35.9181802,139.9077062,26.432,0.0463,True,25,1,35.9184062,139.9079523,33.506142050093416,41.4083945869325,29.5,1011.6898046875,51.1044921875,36.8125,-3.875,-17.875,-1.32,2.59,9.18,8.0,-28.4375,-80.3125,63,-4.595894586932502,turn_right,30.0,-30.0,
2026-08-04T18:24:58.474,559.228,clearing_landing_area,35.9181802,139.9077062,26.431,0.030866666666666664,True,25,1,35.9184062,139.9079523,33.506142050093416,41.4083945869325,29.46,1011.57109375,51.33984375,43.3125,-4.0625,-19.0,-0.8,3.23,9.08,0.0,0.0,0.0625,63,1.904105413067498,stopped,0.0,0.0,
2026-08-04T18:24:58.975,559.729,clearing_landing_area,35.9181802,139.9077062,26.431,0.030866666666666664,True,25,1,35.9184062,139.9079523,33.506142050093416,41.4083945869325,29.5,1011.70890625,51.3330078125,43.3125,-4.125,-19.0625,-0.8,3.24,9.04,0.0625,0.0625,-0.0625,63,1.904105413067498,stopped,0.0,0.0,
2026-08-04T18:24:59.475,560.229,clearing_landing_area,35.9181802,139.9077062,26.429,0.041155555555555556,True,25,1,35.9184062,139.9079523,33.506142050093416,41.4083945869325,29.49,1011.7280078125,51.5615234375,43.3125,-4.1875,-19.125,-0.81,3.21,9.07,-0.0625,-0.0625,-0.0625,63,1.904105413067498,stopped,0.0,0.0,
2026-08-04T18:24:59.975,560.729,clearing_landing_area,35.9181802,139.9077062,26.429,0.041155555555555556,True,25,1,35.9184062,139.9079523,33.506142050093416,41.4083945869325,29.49,1011.6928515625,51.560546875,43.3125,-4.1875,-19.125,-0.79,3.22,9.05,0.0,0.0,-0.0625,63,1.904105413067498,stopped,0.0,0.0,
2026-08-04T18:25:00.482,561.236,clearing_landing_area,35.9181802,139.9077062,26.434,0.025722222222222226,True,26,1,35.9184062,139.9079523,33.506142050093416,41.4083945869325,29.46,1011.6795703125,51.5458984375,43.3125,-4.1875,-19.125,-0.77,3.23,9.05,0.125,0.0,-0.125,63,1.904105413067498,stopped,0.0,0.0,
2026-08-04T18:25:00.983,561.737,clearing_landing_area,35.9181802,139.9077062,26.434,0.025722222222222226,True,26,1,35.9184062,139.9079523,33.506142050093416,41.4083945869325,29.46,1011.6524609375,51.626953125,43.3125,-4.1875,-19.125,-0.8,3.2,9.06,0.0,-0.0625,0.0,63,1.904105413067498,stopped,0.0,0.0,
2026-08-04T18:25:01.488,562.242,clearing_landing_area,35.91817988333333,139.9077067,26.394,0.030866666666666664,True,26,1,35.9184062,139.9079523,33.50281881574995,41.31081229609191,28.34,1010.3119921875,51.4072265625,43.3125,-4.1875,-19.125,-0.79,3.22,9.06,-0.0625,0.0,0.0625,63,2.0016877039080896,stopped,0.0,0.0,
2026-08-04T18:25:01.992,562.746,clearing_landing_area,35.91817988333333,139.9077067,26.394,0.030866666666666664,True,26,1,35.9184062,139.9079523,33.50281881574995,41.31081229609191,29.45,1011.6906640625,51.4189453125,43.3125,-4.1875,-19.125,-0.79,3.21,9.07,0.0625,-0.125,0.125,63,2.0016877039080896,stopped,0.0,0.0,
2026-08-04T18:25:02.497,563.251,clearing_landing_area,35.91817988333333,139.9077067,26.393,0.015433333333333332,True,26,1,35.9184062,139.9079523,33.50281881574995,41.31081229609191,29.44,1011.6666015625,51.05078125,43.3125,-4.1875,-19.125,-0.78,3.21,9.07,0.0,-0.0625,0.125,63,2.0016877039080896,stopped,0.0,0.0,
2026-08-04T18:25:02.998,563.752,clearing_landing_area,35.91817988333333,139.9077067,26.393,0.015433333333333332,True,26,1,35.9184062,139.9079523,33.50281881574995,41.31081229609191,29.44,1011.7017578125,51.1435546875,43.3125,-4.1875,-19.125,-0.81,3.23,9.06,-0.25,0.0625,0.0625,63,2.0016877039080896,stopped,0.0,0.0,
2026-08-04T18:25:03.499,564.253,clearing_landing_area,35.91817988333333,139.9077067,26.391,0.07716666666666668,True,26,1,35.9184062,139.9079523,33.50281881574995,41.31081229609191,29.43,1011.70453125,50.9697265625,43.3125,-4.1875,-19.125,-0.81,3.2,9.05,0.125,-0.1875,-0.0625,63,2.0016877039080896,stopped,0.0,0.0,
2026-08-04T18:25:04.000,564.754,clearing_landing_area,35.91817988333333,139.9077067,26.391,0.07716666666666668,True,26,1,35.9184062,139.9079523,33.50281881574995,41.31081229609191,29.42,1011.7236328125,50.9345703125,43.3125,-4.1875,-19.125,-0.8,3.19,9.05,0.0625,8.125,0.0625,63,2.0016877039080896,stopped,0.0,0.0,
2026-08-04T18:25:04.500,565.254,clearing_landing_area,35.9181759,139.90770988333333,26.092,0.05658888888888889,True,26,1,35.9184062,139.9079523,33.650108904663774,40.44628975277806,29.41,1011.618203125,50.955078125,43.3125,-4.1875,-19.125,-0.78,3.2,9.05,-0.375,0.0625,0.125,63,2.866210247221943,forward,100.0,100.0,
2026-08-04T18:25:05.001,565.755,clearing_landing_area,35.9181759,139.90770988333333,26.092,0.05658888888888889,True,26,1,35.9184062,139.9079523,33.650108904663774,40.44628975277806,29.4,1011.628984375,50.8740234375,44.3125,-3.1875,-51.625,0.43,12.37,4.05,354.875,20.25,11.5625,63,3.866210247221943,forward,98.99375,100.0,
2026-08-04T18:25:05.501,566.255,clearing_landing_area,35.918171883333336,139.90771208333334,25.664,0.0463,True,26,1,35.9184062,139.9079523,33.864344796009846,39.70095526655979,29.41,1011.653359375,50.88671875,71.125,0.6875,-25.5,9.92,4.57,3.16,-98.4375,-117.3125,12.4375,63,31.424044733440212,forward,31.756249999999994,100.0,
2026-08-04T18:25:06.002,566.756,clearing_landing_area,35.918171883333336,139.90771208333334,25.664,0.0463,True,26,1,35.9184062,139.9079523,33.864344796009846,39.70095526655979,29.41,1011.6995703125,50.91015625,67.25,-0.125,-10.875,-0.54,2.37,6.14,-145.0,-14.25,110.6875,63,27.549044733440212,forward,35.177187499999995,57.052187499999995,
2026-08-04T18:25:06.502,567.256,clearing_landing_area,35.91817388333333,139.90771558333333,25.596,0.5556,True,26,1,35.9184062,139.9079523,33.49205931749416,39.52913375130777,29.4,1011.628984375,50.931640625,14.8125,-3.8125,-15.375,-0.72,2.73,9.43,7.75,-1.5,-2.6875,63,-24.716633751307768,stopped,0.0,0.0,
2026-08-04T18:25:07.003,567.757,clearing_landing_area,35.91817388333333,139.90771558333333,25.596,0.5556,True,26,1,35.9184062,139.9079523,33.49205931749416,39.52913375130777,29.4,1011.65609375,50.931640625,14.9375,-3.75,-15.8125,-0.52,3.21,9.17,-4.125,0.4375,-0.1875,63,-24.591633751307768,stopped,0.0,0.0,
2026-08-04T18:25:07.513,568.268,clearing_landing_area,35.9181752,139.90771838333333,25.561,0.2109222222222222,True,26,1,35.9184062,139.9079523,33.21880721651201,39.35441934210763,29.36,1011.65390625,50.984375,14.8125,-3.6875,-17.1875,-0.62,3.04,9.14,-0.125,-0.0625,0.0,63,-24.541919342107633,stopped,0.0,0.0,
2026-08-04T18:25:08.014,568.768,clearing_landing_area,35.9181752,139.90771838333333,25.561,0.2109222222222222,True,26,1,35.9184062,139.9079523,33.21880721651201,39.35441934210763,29.36,1011.6810546875,51.0302734375,14.8125,-3.6875,-17.25,-0.61,3.04,9.16,0.0625,0.125,-0.0625,63,-24.541919342107633,stopped,0.0,0.0,
2026-08-04T18:25:08.514,569.269,clearing_landing_area,35.91817498333333,139.90771858333332,25.535,0.16976666666666668,True,26,1,35.9184062,139.9079523,33.22602843506611,39.30406010718798,29.33,1011.678828125,51.15234375,14.8125,-3.6875,-17.6875,-0.61,3.06,9.15,-0.0625,0.0625,0.0,63,-24.49156010718798,stopped,0.0,0.0,
2026-08-04T18:25:09.015,569.769,clearing_landing_area,35.91817498333333,139.90771858333332,25.535,0.16976666666666668,True,26,1,35.9184062,139.9079523,33.22602843506611,39.30406010718798,29.33,1011.7059375,51.072265625,14.8125,-3.6875,-17.6875,-0.62,3.05,9.13,0.0625,-0.0625,0.1875,63,-24.49156010718798,stopped,0.0,0.0,
2026-08-04T18:25:09.517,570.271,clearing_landing_area,35.918174783333335,139.90771788333333,25.43,0.05658888888888889,True,26,1,35.9184062,139.9079523,33.28318436782994,39.36377763656526,29.32,1011.744140625,51.357421875,14.8125,-3.6875,-17.6875,-0.63,3.03,9.14,-0.0625,0.0625,0.0625,63,-24.55127763656526,stopped,0.0,0.0,
2026-08-04T18:25:10.026,570.780,clearing_landing_area,35.918174783333335,139.90771788333333,25.43,0.05658888888888889,True,26,1,35.9184062,139.9079523,33.28318436782994,39.36377763656526,29.31,1011.681875,51.357421875,14.8125,-3.6875,-17.6875,-0.64,3.04,9.13,-0.0625,0.0,-0.125,63,-24.55127763656526,stopped,0.0,0.0,
2026-08-04T18:25:10.522,571.276,clearing_landing_area,35.918174883333336,139.90771748333333,25.348,0.06687777777777779,True,26,1,35.9184062,139.9079523,33.29745165072798,39.42383302285998,29.27,1011.6525390625,51.6630859375,14.8125,-3.6875,-17.6875,-0.62,3.05,9.14,0.125,0.0,0.0,63,-24.61133302285998,stopped,0.0,0.0,
2026-08-04T18:25:11.023,571.777,clearing_landing_area,35.918174883333336,139.90771748333333,25.348,0.06687777777777779,True,26,1,35.9184062,139.9079523,33.29745165072798,39.42383302285998,29.26,1011.6555859375,51.671875,14.8125,-3.6875,-17.6875,-0.61,3.02,9.15,0.375,-0.0625,-0.0625,63,-24.61133302285998,stopped,0.0,0.0,
2026-08-04T18:25:11.523,572.277,clearing_landing_area,35.9181747,139.90771888333333,25.202,0.06173333333333333,True,26,1,35.9184062,139.9079523,33.233319538735934,39.23361393785075,29.24,1011.7045703125,51.6357421875,14.8125,-3.6875,-17.6875,-0.6,4.31,9.12,0.0,8.125,0.0625,63,-24.42111393785075,stopped,0.0,0.0,
2026-08-04T18:25:12.024,572.778,clearing_landing_area,35.9181747,139.90771888333333,25.202,0.06173333333333333,True,26,1,35.9184062,139.9079523,33.233319538735934,39.23361393785075,29.23,1011.634296875,51.611328125,14.8125,-3.6875,-17.6875,-0.63,3.06,9.14,0.1875,0.0625,-0.0625,63,-24.42111393785075,stopped,0.0,0.0,
2026-08-04T18:25:12.524,573.278,clearing_landing_area,35.9181759,139.90771948333332,25.163,0.03601111111111111,True,26,1,35.9184062,139.9079523,33.095818706261944,39.30726640147549,29.23,1011.6965625,51.486328125,11.8125,-4.75,-22.875,-1.27,2.38,2.59,-19.5625,-36.5,40.625,63,-27.494766401475488,forward,100.0,94.20625,
2026-08-04T18:25:13.025,573.779,clearing_landing_area,35.9181759,139.90771948333332,25.163,0.03601111111111111,True,26,1,35.9184062,139.9079523,33.095818706261944,39.30726640147549,29.23,1011.634296875,51.4169921875,9.875,-3.375,-23.6875,7.76,2.68,9.21,30.5,85.125,-12.5625,63,-29.432266401475488,forward,100.0,96.0375,
2026-08-04T18:25:13.525,574.279,clearing_landing_area,35.918181583333336,139.90772168333334,24.95,0.6327666666666667,True,26,1,35.9184062,139.9079523,32.48227344293695,39.743026853852655,26.61,1007.7765625,51.37109375,25.0625,-5.4375,8.25,0.3,-3.26,9.53,-57.0,52.375,-23.1875,63,-14.680526853852655,reverse,-60.0,-60.0,
2026-08-04T18:25:14.028,574.782,clearing_landing_area,35.918181583333336,139.90772168333334,24.95,0.6327666666666667,True,26,1,35.9184062,139.9079523,32.48227344293695,39.743026853852655,29.22,1011.5637109375,51.427734375,18.8125,-7.625,12.5625,-2.13,-2.68,4.29,0.8125,13.125,-4.0,63,-20.930526853852655,reverse,-60.0,-60.0,
2026-08-04T18:25:14.528,575.282,clearing_landing_area,35.91818298333333,139.90772118333334,24.914,0.1389,True,24,1,35.9184062,139.9079523,32.391638397276004,39.98031787394291,29.18,1011.6699609375,51.50390625,11.0,-3.75,-15.9375,2.75,8.09,15.9,12.8125,-32.875,9.0,63,-28.98031787394291,stopped,0.0,0.0,
2026-08-04T18:25:15.029,575.783,clearing_landing_area,35.91818298333333,139.90772118333334,24.914,0.1389,True,24,1,35.9184062,139.9079523,32.391638397276004,39.98031787394291,29.18,1011.6890625,51.421875,13.1875,-5.9375,-29.5,-1.15,10.33,1.13,227.75,17.9375,-41.0,63,-26.79281787394291,turn_right,20.0,-20.0,
2026-08-04T18:25:15.529,576.283,clearing_landing_area,35.918177183333334,139.90772418333333,24.896,0.5195888888888889,True,24,1,35.9184062,139.9079523,32.71814615395611,38.89207285852467,29.17,1011.681015625,51.4443359375,84.0,-2.25,-10.4375,-1.59,2.19,9.46,6.5625,-7.5,-44.375,63,45.10792714147533,turn_right,30.0,-30.0,
2026-08-04T18:25:16.030,576.784,clearing_landing_area,35.918177183333334,139.90772418333333,24.896,0.5195888888888889,True,24,1,35.9184062,139.9079523,32.71814615395611,38.89207285852467,29.18,1011.716171875,51.2958984375,90.625,-1.6875,-10.5625,-0.37,1.94,9.16,10.8125,-30.0,-93.9375,63,51.73292714147533,turn_right,30.0,-30.0,
2026-08-04T18:25:16.530,577.284,clearing_landing_area,35.91817628333333,139.90772418333333,24.856,0.14918888888888887,True,26,1,35.9184062,139.9079523,32.79609805879037,38.78230180750006,29.2,1011.621015625,51.42578125,97.4375,-1.625,-14.375,2.84,5.03,18.39,-69.3125,10.1875,0.1875,63,58.65519819249994,forward,100.0,89.0375,
2026-08-04T18:25:17.030,577.785,clearing_landing_area,35.91817628333333,139.90772418333333,24.856,0.14918888888888887,True,26,1,35.9184062,139.9079523,32.79609805879037,38.78230180750006,29.2,1011.694296875,51.4013671875,96.6875,-1.0625,-13.0,1.2,-1.29,11.14,-75.75,55.5,-4.75,63,57.90519819249994,forward,100.0,97.08125,
2026-08-04T18:25:17.532,578.286,clearing_landing_area,35.9181777,139.90772668333332,24.853,0.2726555555555556,True,26,1,35.9184062,139.9079523,32.532379334647786,38.646995963219695,29.17,1011.708125,51.4443359375,48.0,-4.25,-18.5625,-0.71,5.0,8.87,-24.9375,-15.6875,51.25,191,9.353004036780305,forward,50.0,0.0,
2026-08-04T18:25:18.034,578.788,clearing_landing_area,35.9181777,139.90772668333332,24.853,0.2726555555555556,True,26,1,35.9184062,139.9079523,32.532379334647786,38.646995963219695,29.17,1011.681015625,51.3984375,44.8125,-5.0625,-15.125,-2.38,3.19,7.26,-18.125,-5.75,6.5625,63,6.165504036780305,forward,7.4984375000000005,10.0,
2026-08-04T18:25:18.534,579.288,clearing_landing_area,35.91817998333333,139.90773128333333,24.585,0.3086666666666667,True,26,1,35.9184062,139.9079523,32.07580895840379,38.352333819968294,29.16,1011.6840625,51.591796875,32.9375,-5.5,-15.5,-0.95,2.74,9.26,0.1875,0.3125,0.0,63,-5.414833819968294,stopped,0.0,0.0,
2026-08-04T18:25:19.035,579.789,clearing_landing_area,35.91817998333333,139.90773128333333,24.585,0.3086666666666667,True,26,1,35.9184062,139.9079523,32.07580895840379,38.352333819968294,24.92,1005.0562109375,51.4736328125,32.9375,-5.5,-15.5625,-0.93,2.75,9.21,-0.0625,0.0625,0.0,63,-5.414833819968294,stopped,0.0,0.0,
2026-08-04T18:25:19.535,580.289,clearing_landing_area,35.918181483333335,139.90773248333332,24.579,0.1389,True,26,1,35.9184062,139.9079523,31.8779621103165,38.386035691287645,29.16,1011.6840625,51.8662109375,32.9375,-5.5625,-15.8125,-0.91,2.73,9.22,-0.0625,0.0,0.0625,63,-5.4485356912876455,stopped,0.0,0.0,
2026-08-04T18:25:20.036,580.790,clearing_landing_area,35.918181483333335,139.90773248333332,24.579,0.1389,True,26,1,35.9184062,139.9079523,31.8779621103165,38.386035691287645,29.16,1011.6920703125,51.87890625,32.9375,-5.5625,-15.8125,-0.95,2.73,9.21,-0.125,0.125,0.125,63,-5.4485356912876455,stopped,0.0,0.0,
2026-08-04T18:25:20.538,581.292,clearing_landing_area,35.91818108333333,139.90773228333333,24.602,0.025722222222222226,True,26,1,35.9184062,139.9079523,31.92401245018032,38.36180357068588,29.14,1011.7330078125,51.91015625,32.9375,-5.5625,-15.8125,-0.93,2.71,9.23,-0.0625,0.125,-0.25,63,-5.424303570685879,stopped,0.0,0.0,
2026-08-04T18:25:21.040,581.794,clearing_landing_area,35.91818108333333,139.90773228333333,24.602,0.025722222222222226,True,26,1,35.9184062,139.9079523,31.92401245018032,38.36180357068588,29.14,1011.7139453125,51.7744140625,32.9375,-5.5625,-15.8125,-0.92,2.73,9.21,-0.125,-0.0625,0.0625,63,-5.424303570685879,stopped,0.0,0.0,
2026-08-04T18:25:21.541,582.295,clearing_landing_area,35.918180983333336,139.90773198333332,24.614,0.015433333333333332,True,26,1,35.9184062,139.9079523,31.94950104819753,38.3874157332188,29.13,1011.635625,52.091796875,32.9375,-5.5625,-15.8125,-0.95,2.73,9.24,-0.0625,0.0625,0.0625,63,-5.449915733218802,stopped,0.0,0.0,
2026-08-04T18:25:22.077,582.831,clearing_landing_area,35.918180983333336,139.90773198333332,24.614,0.015433333333333332,True,26,1,35.9184062,139.9079523,31.94950104819753,38.3874157332188,29.13,1011.716953125,52.16015625,32.9375,-5.5625,-15.8125,-0.93,2.73,9.23,0.0625,0.0,0.0,63,-5.449915733218802,stopped,0.0,0.0,
2026-08-04T18:25:22.577,583.339,clearing_landing_area,35.9181819,139.90773228333333,24.614,0.03601111111111111,True,26,1,35.9184062,139.9079523,31.852858152964632,38.46317922069352,29.12,1011.6818359375,52.01171875,32.9375,-5.5625,-15.8125,-0.94,2.73,9.2,0.125,0.0,0.125,63,-5.525679220693519,stopped,0.0,0.0,
2026-08-04T18:25:23.078,583.832,clearing_landing_area,35.9181819,139.90773228333333,24.614,0.03601111111111111,True,26,1,35.9184062,139.9079523,31.852858152964632,38.46317922069352,29.13,1011.725,51.955078125,32.9375,-5.5625,-15.8125,-0.93,2.72,9.21,-0.0625,0.125,0.0625,63,-5.525679220693519,stopped,0.0,0.0,
2026-08-04T18:25:23.578,584.332,clearing_landing_area,35.91818228333333,139.9077321,24.613,0.025722222222222226,True,26,1,35.9184062,139.9079523,31.82977618843108,38.53417409159596,29.14,1011.7139453125,52.0263671875,32.9375,-5.5625,-15.8125,-0.95,2.73,9.22,0.0625,-0.0625,-0.0625,63,-5.596674091595958,stopped,0.0,0.0,
2026-08-04T18:25:24.078,584.832,clearing_landing_area,35.91818228333333,139.9077321,24.613,0.025722222222222226,True,26,1,35.9184062,139.9079523,31.82977618843108,38.53417409159596,29.14,1011.7330078125,51.853515625,32.9375,-5.5625,-15.8125,-0.93,2.74,9.2,0.0,0.125,0.0625,63,-5.596674091595958,stopped,0.0,0.0,
2026-08-04T18:25:24.579,585.333,clearing_landing_area,35.91818228333333,139.90773218333334,24.628,0.020577777777777778,True,26,1,35.9184062,139.9079523,31.825101679463426,38.523605909365074,29.14,1011.6516796875,51.8193359375,32.9375,-5.5625,-15.8125,-0.95,2.72,9.2,0.0,0.0,0.0625,63,-5.586105909365074,forward,100.0,100.0,
2026-08-04T18:25:25.079,585.833,clearing_landing_area,35.91818228333333,139.90773218333334,24.628,0.020577777777777778,True,26,1,35.9184062,139.9079523,31.825101679463426,38.523605909365074,28.59,1010.8237109375,51.7578125,31.875,-5.9375,-44.0,-0.61,12.53,6.6,337.875,13.75,-4.8125,63,-6.648605909365074,forward,100.0,96.91875,
2026-08-04T18:25:25.579,586.334,clearing_landing_area,35.918180283333335,139.90773488333335,24.542,0.020577777777777778,True,26,1,35.9184062,139.9079523,31.849348744206328,37.93221770751779,29.13,1011.697890625,51.943359375,31.6875,-7.0,-17.875,-2.6,2.02,5.22,23.375,-15.5625,9.4375,63,-6.244717707517793,forward,94.21624999999999,95.0,
2026-08-04T18:25:26.080,586.834,clearing_landing_area,35.918180283333335,139.90773488333335,24.542,0.020577777777777778,True,26,1,35.9184062,139.9079523,31.849348744206328,37.93221770751779,28.16,1010.4355859375,51.982421875,31.375,-4.9375,-17.4375,0.96,2.17,9.42,-50.5,69.6875,-0.125,63,-6.557217707517793,forward,74.38125,75.0,
2026-08-04T18:25:26.581,587.335,clearing_landing_area,35.9181886,139.90773848333333,24.515,0.8899888888888889,True,26,1,35.9184062,139.9079523,30.92224127323702,38.51178869039893,29.14,1011.6787890625,52.08203125,23.3125,-3.3125,35.625,-0.68,-6.13,7.5,-60.0625,34.375,-1.625,63,-15.19928869039893,reverse,-60.0,-60.0,
2026-08-04T18:25:27.081,587.835,clearing_landing_area,35.9181886,139.90773848333333,24.515,0.8899888888888889,True,26,1,35.9184062,139.9079523,30.92224127323702,38.51178869039893,29.13,1011.716953125,52.171875,23.625,-4.4375,40.75,-0.38,-5.32,2.1,-31.25,-21.125,2.3125,63,-14.88678869039893,reverse,-60.0,-60.0,
2026-08-04T18:25:27.581,588.335,clearing_landing_area,35.918191183333334,139.90773858333333,24.52,0.2469333333333333,True,26,1,35.9184062,139.9079523,30.692344720537445,38.83253906144165,29.11,1011.66546875,52.45703125,20.25,-6.5625,-19.875,-1.41,5.23,3.9,25.875,3.125,21.9375,63,-18.58253906144165,turn_right,5.0,-5.0,
2026-08-04T18:25:28.082,588.836,clearing_landing_area,35.918191183333334,139.90773858333333,24.52,0.2469333333333333,True,26,1,35.9184062,139.9079523,30.692344720537445,38.83253906144165,29.12,1011.6547265625,52.435546875,22.0625,-6.9375,-21.0625,-1.95,6.81,9.41,-78.4375,-16.0625,-33.4375,63,-16.77003906144165,turn_right,25.0,-25.0,
2026-08-04T18:25:28.582,589.336,clearing_landing_area,35.918187083333336,139.9077402,24.535,0.2109222222222222,True,26,1,35.9184062,139.9079523,30.958769068874187,38.09357251803283,29.11,1012.2538671875,52.2041015625,94.625,-1.375,-10.5625,-0.82,1.5,9.48,6.125,-39.25,-99.8125,63,56.53142748196717,turn_right,30.0,-30.0,
2026-08-04T18:25:29.082,589.837,clearing_landing_area,35.918187083333336,139.9077402,24.535,0.2109222222222222,True,26,1,35.9184062,139.9079523,30.958769068874187,38.09357251803283,29.11,1011.66546875,52.181640625,107.25,-0.8125,-11.5,-0.43,2.37,9.76,6.875,-18.375,-87.625,63,69.15642748196717,turn_right,30.0,-30.0,
2026-08-04T18:25:29.584,590.338,clearing_landing_area,35.9181881,139.90773938333334,24.552,0.1028888888888889,True,26,1,35.9184062,139.9079523,30.915434855320353,38.33009710382004,29.12,1011.727734375,52.33203125,106.0625,-1.5625,-13.6875,0.31,7.51,12.67,22.4375,-75.3125,18.1875,63,67.73240289617996,forward,100.0,90.125,
2026-08-04T18:25:30.085,590.839,clearing_landing_area,35.9181881,139.90773938333334,24.552,0.1028888888888889,True,26,1,35.9184062,139.9079523,30.915434855320353,38.33009710382004,29.12,1011.6818359375,52.1376953125,106.5,2.1875,-12.25,-0.64,3.95,14.9,71.3125,39.5,-27.125,63,68.16990289617996,forward,100.0,97.56875,
2026-08-04T18:25:30.585,591.339,clearing_landing_area,35.918187483333334,139.90774948333333,24.549,0.8282555555555556,True,26,1,35.9184062,139.9079523,30.41454367594601,36.90577673183924,29.11,1011.7116796875,52.08984375,68.8125,-2.5,-15.125,0.09,4.92,9.84,75.5,0.375,24.0,63,31.90672326816076,forward,40.0,0.0,
2026-08-04T18:25:31.085,591.840,clearing_landing_area,35.918187483333334,139.90774948333333,24.549,0.8282555555555556,True,26,1,35.9184062,139.9079523,30.41454367594601,36.90577673183924,28.76,1011.1357421875,52.0390625,67.9375,-3.0,-7.875,0.93,-1.84,9.08,-59.0,-1.375,26.0625,63,31.03172326816076,turn_left,-5.0,5.0,
2026-08-04T18:25:31.586,592.340,clearing_landing_area,35.9181886,139.90775398333332,24.518,0.3961222222222222,True,26,1,35.9184062,139.9079523,30.07294810624701,36.43047432925027,29.11,1011.7196875,51.8388671875,31.5,-5.8125,-11.9375,-1.0,2.31,9.37,0.5625,-0.125,0.0625,63,-4.9304743292502735,stopped,0.0,0.0,
2026-08-04T18:25:32.096,592.850,clearing_landing_area,35.9181886,139.90775398333332,24.518,0.3961222222222222,True,26,1,35.9184062,139.9079523,30.07294810624701,36.43047432925027,29.11,1011.6574609375,51.814453125,31.5,-5.8125,-12.125,-0.97,2.21,9.38,-0.25,0.0,-0.0625,63,-4.9304743292502735,stopped,0.0,0.0,
2026-08-04T18:25:32.606,593.360,clearing_landing_area,35.91818838333333,139.90775618333333,24.475,0.16976666666666668,True,26,1,35.9184062,139.9079523,29.97518611344359,36.09844649162193,29.1,1011.703671875,51.802734375,31.4375,-5.8125,-12.6875,-0.99,2.23,9.36,-0.0625,-0.125,0.0,63,-4.660946491621928,stopped,0.0,0.0,
2026-08-04T18:25:33.109,593.866,clearing_landing_area,35.91818838333333,139.90775618333333,24.475,0.16976666666666668,True,26,1,35.9184062,139.9079523,29.97518611344359,36.09844649162193,29.09,1011.6795703125,51.8701171875,31.4375,-5.8125,-12.6875,-0.99,2.22,9.37,0.0,0.0625,-0.0625,63,-4.660946491621928,stopped,0.0,0.0,
2026-08-04T18:25:33.615,594.369,clearing_landing_area,35.918187583333335,139.9077561,24.448,0.14404444444444445,True,26,1,35.9184062,139.9079523,30.051520126781323,36.01008184555292,26.92,1008.5029296875,52.021484375,31.4375,-5.8125,-12.6875,-0.99,2.22,9.36,0.0,0.125,0.0,63,-4.572581845552918,stopped,0.0,0.0,
2026-08-04T18:25:34.149,594.903,clearing_landing_area,35.918187583333335,139.9077561,24.448,0.14404444444444445,True,26,1,35.9184062,139.9079523,30.051520126781323,36.01008184555292,29.1,1011.695625,52.06640625,31.4375,-5.8125,-12.6875,-0.98,2.23,9.33,0.0625,0.0625,0.0625,63,-4.572581845552918,stopped,0.0,0.0,
2026-08-04T18:25:34.650,595.404,clearing_landing_area,35.9181874,139.9077561,24.453,0.12861111111111112,True,26,1,35.9184062,139.9079523,30.06801281420234,35.98724331313343,28.27,1010.3425,52.22265625,31.4375,-5.8125,-12.6875,-0.98,2.25,9.36,0.0,0.0625,0.0,63,-4.549743313133433,stopped,0.0,0.0,
2026-08-04T18:25:35.153,595.907,clearing_landing_area,35.9181874,139.9077561,24.453,0.12861111111111112,True,26,1,35.9184062,139.9079523,30.06801281420234,35.98724331313343,29.1,1011.6685546875,52.23828125,31.4375,-5.8125,-12.6875,-0.97,2.23,9.31,0.0625,0.0625,-0.0625,63,-4.549743313133433,stopped,0.0,0.0,
2026-08-04T18:25:35.653,596.407,clearing_landing_area,35.918186883333334,139.90775588333332,24.446,0.11317777777777778,True,26,1,35.9184062,139.9079523,30.125969191664232,35.95306487659673,29.09,1011.7147265625,52.375,31.4375,-5.8125,-12.6875,-0.98,2.25,9.34,0.0,0.0625,0.0,63,-4.515564876596727,stopped,0.0,0.0,
2026-08-04T18:25:36.470,597.224,clearing_landing_area,35.918186883333334,139.90775588333332,24.446,0.11317777777777778,True,26,1,35.9184062,139.9079523,30.125969191664232,35.95306487659673,29.09,1011.733828125,52.5107421875,31.4375,-5.8125,-12.6875,-0.97,2.22,9.36,-0.0625,0.125,0.0,63,-4.515564876596727,stopped,0.0,0.0,
2026-08-04T18:25:36.971,597.725,clearing_landing_area,35.918186883333334,139.90775588333332,,0.06687777777777779,True,,,35.9184062,139.9079523,30.125969191664232,35.95306487659673,29.08,1011.7445703125,52.4521484375,31.4375,-5.8125,-12.6875,-0.96,2.24,9.34,0.0,0.0625,0.0625,63,-4.515564876596727,stopped,0.0,0.0,
2026-08-04T18:25:37.471,598.225,clearing_landing_area,35.918186883333334,139.90775588333332,,0.06687777777777779,True,,,35.9184062,139.9079523,30.125969191664232,35.95306487659673,28.41,1010.641796875,52.4560546875,31.4375,-5.8125,-12.6875,-0.96,2.25,9.35,-0.0625,-0.0625,0.0,63,-4.515564876596727,stopped,0.0,0.0,
2026-08-04T18:25:37.972,598.726,clearing_landing_area,35.918186883333334,139.90775588333332,24.444,0.25722222222222224,True,26,1,35.9184062,139.9079523,30.125969191664232,35.95306487659673,29.08,1011.7526171875,52.4541015625,28.625,-5.375,-18.625,0.32,4.09,0.68,-94.0,-100.4375,13.5,191,-7.328064876596727,forward,95.6875,100.0,
2026-08-04T18:25:38.692,599.446,clearing_landing_area,35.918186883333334,139.90775588333332,24.444,0.25722222222222224,True,26,1,35.9184062,139.9079523,30.125969191664232,35.95306487659673,28.29,1010.501953125,52.373046875,28.625,-3.625,-16.625,-0.87,-1.48,8.88,-74.375,-78.5625,3.3125,191,-7.328064876596727,forward,95.6875,100.0,
2026-08-04T18:25:39.192,599.947,clearing_landing_area,35.918188283333336,139.907756,24.414,0.9414333333333335,True,26,1,35.9184062,139.9079523,29.993898471585492,36.11141401040453,25.31,1005.7760546875,52.267578125,29.625,-2.875,-17.3125,-1.13,9.78,11.5,253.4375,10.3125,60.9375,127,-6.4864140104045305,stopped,0.0,0.0,
2026-08-04T18:25:39.696,600.450,clearing_landing_area,35.918188283333336,139.907756,24.414,0.9414333333333335,True,26,1,35.9184062,139.9079523,29.993898471585492,36.11141401040453,29.07,1011.655234375,52.3837890625,27.125,-2.25,-20.0625,0.23,6.49,6.9,-41.0625,-0.125,-4.4375,127,-8.98641401040453,stopped,0.0,0.0,
2026-08-04T18:25:40.196,600.950,clearing_landing_area,35.9181953,139.90775878333332,24.403,0.2726555555555556,True,26,1,35.9184062,139.9079523,29.21699634851427,36.616073909961756,29.08,1011.7174609375,52.361328125,27.25,-2.4375,-16.0,-0.42,2.78,9.25,0.0625,-0.0625,-0.0625,63,-9.366073909961756,stopped,0.0,0.0,
2026-08-04T18:25:40.697,601.451,clearing_landing_area,35.9181953,139.90775878333332,24.403,0.2726555555555556,True,26,1,35.9184062,139.9079523,29.21699634851427,36.616073909961756,29.08,1011.6632421875,52.361328125,27.25,-2.4375,-16.0,-0.4,2.75,9.26,-0.0625,-0.0625,0.0,63,-9.366073909961756,stopped,0.0,0.0,
2026-08-04T18:25:41.202,601.956,clearing_landing_area,,,,,False,,,35.9184062,139.9079523,,,29.08,1011.7174609375,52.6015625,27.25,-2.4375,-16.0,-0.4,2.76,9.23,-0.125,0.0,0.0,63,,stopped,0.0,0.0,
2026-08-04T18:25:41.703,602.457,clearing_landing_area,,,,,False,,,35.9184062,139.9079523,,,28.38,1010.6204296875,52.4296875,27.25,-2.4375,-16.0,-0.4,2.76,9.26,0.0625,0.0625,0.0,63,,stopped,0.0,0.0,
2026-08-04T18:25:42.204,602.958,clearing_landing_area,35.918195583333336,139.90775918333333,24.451,0.11832222222222223,True,26,1,35.9184062,139.9079523,29.170225862359967,36.59619510983015,29.11,1011.7387890625,52.6279296875,27.25,-2.4375,-16.0,-0.39,2.76,9.24,0.0,0.0625,0.0,63,-9.346195109830148,stopped,0.0,0.0,
2026-08-04T18:25:42.997,603.751,clearing_landing_area,35.918195583333336,139.90775918333333,24.451,0.11832222222222223,True,26,1,35.9184062,139.9079523,29.170225862359967,36.59619510983015,29.09,1011.7960546875,52.5458984375,27.25,-2.4375,-16.0,-0.41,2.75,9.23,0.0,0.0625,-0.125,63,-9.346195109830148,stopped,0.0,0.0,
2026-08-04T18:25:43.506,604.260,clearing_landing_area,35.918194783333334,139.90775928333332,24.478,0.0926,True,27,1,35.9184062,139.9079523,29.236338244139926,36.4780951918014,29.11,1011.7116796875,52.501953125,27.25,-2.4375,-16.0,-0.41,2.75,9.2,-0.0625,0.0,-0.0625,63,-9.228095191801401,stopped,0.0,0.0,
2026-08-04T18:25:44.016,604.770,clearing_landing_area,35.918194783333334,139.90775928333332,24.478,0.0926,True,27,1,35.9184062,139.9079523,29.236338244139926,36.4780951918014,29.09,1011.7147265625,52.5458984375,27.25,-2.4375,-16.0,-0.4,2.75,9.28,0.0,0.0625,0.0625,63,-9.228095191801401,stopped,0.0,0.0,
2026-08-04T18:25:44.517,605.271,clearing_landing_area,35.9181947,139.9077594,24.483,0.015433333333333332,True,27,1,35.9184062,139.9079523,29.237546409219622,36.450744867781225,29.1,1011.62234375,52.318359375,27.25,-2.4375,-16.0,-0.4,2.75,9.24,0.0,-0.125,0.0,63,-9.200744867781225,forward,100.0,100.0,
2026-08-04T18:25:45.017,605.771,clearing_landing_area,35.9181947,139.9077594,24.483,0.015433333333333332,True,27,1,35.9184062,139.9079523,29.237546409219622,36.450744867781225,29.1,1011.695625,52.318359375,27.1875,-2.6875,-29.75,0.91,9.26,3.48,469.4375,24.625,0.5,63,-9.263244867781225,forward,99.79375,100.0,
2026-08-04T18:25:45.519,606.273,clearing_landing_area,35.9181947,139.90775928333332,24.491,0.1028888888888889,True,27,1,35.9184062,139.9079523,29.243789603392777,36.46730185179672,29.1,1011.74984375,52.2041015625,22.0625,-8.4375,-15.875,-4.73,5.01,13.45,28.4375,67.3125,5.625,191,-14.40480185179672,forward,100.0,94.4375,
2026-08-04T18:25:46.021,606.778,clearing_landing_area,35.9181947,139.90775928333332,24.491,0.1028888888888889,True,27,1,35.9184062,139.9079523,29.243789603392777,36.46730185179672,29.09,1011.7147265625,52.3173828125,21.8125,-7.75,-16.125,1.66,-0.82,8.33,-42.25,-20.0625,-23.5,191,-14.65480185179672,forward,80.0,74.265,
2026-08-04T18:25:46.527,607.281,clearing_landing_area,35.918194883333335,139.9077594,24.505,0.9259999999999999,True,27,1,35.9184062,139.9079523,29.22115128690004,36.4744932663242,29.08,1011.7174609375,52.61328125,37.125,-5.6875,-14.375,-1.6,4.14,8.52,-28.375,-8.5625,-8.8125,63,0.6505067336757975,stopped,0.0,0.0,
2026-08-04T18:25:47.027,607.781,clearing_landing_area,35.918194883333335,139.9077594,24.505,0.9259999999999999,True,27,1,35.9184062,139.9079523,29.22115128690004,36.4744932663242,29.08,1011.6903515625,52.4638671875,37.6875,-5.125,-3.6875,-0.2,1.98,9.48,-19.0625,-10.25,-10.9375,127,1.2130067336757975,stopped,0.0,0.0,
2026-08-04T18:25:47.527,608.282,clearing_landing_area,35.918202883333336,139.90776118333332,24.565,0.37554444444444446,True,27,1,35.9184062,139.9079523,28.41318201031783,37.28047600787028,29.09,1011.7147265625,52.53515625,38.0,-4.5,-12.5625,-0.72,2.34,9.35,0.0,0.0,-0.0625,63,0.719523992129723,stopped,0.0,0.0,
2026-08-04T18:25:48.028,608.782,clearing_landing_area,35.918202883333336,139.90776118333332,24.565,0.37554444444444446,True,27,1,35.9184062,139.9079523,28.41318201031783,37.28047600787028,29.09,1011.733828125,52.544921875,38.0,-4.5,-12.625,-0.72,2.32,9.34,0.0,0.125,0.0,63,0.719523992129723,stopped,0.0,0.0,
2026-08-04T18:25:48.528,609.282,clearing_landing_area,35.918204583333335,139.9077608,24.543,0.11317777777777778,True,27,1,35.9184062,139.9079523,28.284039100976642,37.568062209564175,29.11,1011.7116796875,52.546875,37.9375,-4.4375,-13.125,-0.73,2.32,9.33,-0.0625,0.0625,-0.125,63,0.3694377904358248,stopped,0.0,0.0,
2026-08-04T18:25:49.070,609.824,clearing_landing_area,35.918204583333335,139.9077608,24.543,0.11317777777777778,True,27,1,35.9184062,139.9079523,28.284039100976642,37.568062209564175,29.1,1011.6494140625,52.71875,37.9375,-4.4375,-13.125,-0.71,2.32,9.34,-0.0625,0.0625,-0.0625,63,0.3694377904358248,stopped,0.0,0.0,
2026-08-04T18:25:49.571,610.325,clearing_landing_area,35.918204083333336,139.90776008333333,24.582,0.09774444444444444,True,27,1,35.9184062,139.9079523,28.367461051982623,37.602915108486116,29.13,1011.635625,52.595703125,45.9375,-4.4375,-13.125,-0.72,2.32,9.34,0.0,0.0,0.0,63,8.334584891513884,stopped,0.0,0.0,
2026-08-04T18:25:50.074,610.828,clearing_landing_area,35.918204083333336,139.90776008333333,24.582,0.09774444444444444,True,27,1,35.9184062,139.9079523,28.367461051982623,37.602915108486116,29.12,1011.700625,52.5498046875,37.9375,-4.4375,-13.125,-0.74,2.34,9.37,0.0,0.1875,-0.0625,63,0.3345848915138845,stopped,0.0,0.0,
2026-08-04T18:25:50.575,611.330,clearing_landing_area,35.91820368333333,139.90775978333335,24.619,0.0926,True,27,1,35.9184062,139.9079523,28.419184175284357,37.591349564788686,28.48,1010.700546875,52.5556640625,37.9375,-4.4375,-13.125,-0.72,2.31,9.36,0.0,0.0,0.0,63,0.34615043521131383,stopped,0.0,0.0,
2026-08-04T18:25:51.079,611.833,clearing_landing_area,35.91820368333333,139.90775978333335,24.619,0.0926,True,27,1,35.9184062,139.9079523,28.419184175284357,37.591349564788686,29.14,1011.7330078125,52.5517578125,37.9375,-4.4375,-13.125,-0.71,2.33,9.35,0.0,0.0625,0.0625,63,0.34615043521131383,stopped,0.0,0.0,
2026-08-04T18:25:51.586,612.340,clearing_landing_area,35.9182045,139.90775958333333,24.633,0.06687777777777779,True,27,1,35.9184062,139.9079523,28.358300984717374,37.73210645165068,26.67,1007.9540234375,52.380859375,37.9375,-4.4375,-13.125,-0.74,2.3,9.34,-0.0625,0.0,0.125,63,0.20539354834932055,stopped,0.0,0.0,
2026-08-04T18:25:52.087,612.841,clearing_landing_area,35.9182045,139.90775958333333,24.633,0.06687777777777779,True,27,1,35.9184062,139.9079523,28.358300984717374,37.73210645165068,29.15,1011.69484375,52.4384765625,37.9375,-4.4375,-13.125,-0.72,2.33,9.38,-0.125,0.0625,0.0625,63,0.20539354834932055,stopped,0.0,0.0,
2026-08-04T18:25:52.587,613.342,clearing_landing_area,35.9182045,139.90775958333333,24.632,0.015433333333333332,True,27,1,35.9184062,139.9079523,28.358300984717374,37.73210645165068,29.16,1011.73828125,52.3251953125,37.9375,-4.4375,-13.125,-0.73,2.32,9.35,0.0625,-0.0625,0.0,63,0.20539354834932055,forward,100.0,100.0,
2026-08-04T18:25:53.088,613.842,clearing_landing_area,35.9182045,139.90775958333333,24.632,0.015433333333333332,True,27,1,35.9184062,139.9079523,28.358300984717374,37.73210645165068,29.17,1011.7814453125,52.0966796875,37.4375,-4.375,-35.75,-0.03,9.48,3.56,380.125,11.0,20.0625,63,-0.29460645165067945,forward,100.0,98.7625,
2026-08-04T18:25:53.588,614.342,clearing_landing_area,35.918204583333335,139.90775958333333,24.631,0.07202222222222222,True,27,1,35.9184062,139.9079523,28.350973058106476,37.74356656132676,29.15,1011.7490625,52.4384765625,32.625,-6.1875,-12.625,0.49,1.72,9.49,1.375,-94.4375,12.125,63,-5.118566561326759,forward,100.0,90.28125,
2026-08-04T18:25:54.089,614.843,clearing_landing_area,35.918204583333335,139.90775958333333,24.631,0.07202222222222222,True,27,1,35.9184062,139.9079523,28.350973058106476,37.74356656132676,29.15,1011.667734375,52.5068359375,33.75,-4.625,-11.4375,2.53,5.86,4.24,6.0,-63.0625,-4.1875,63,-3.993566561326759,forward,68.17343749999999,65.0234375,
2026-08-04T18:25:54.589,615.343,clearing_landing_area,35.9182045,139.90775948333334,24.629,0.8642666666666666,True,27,1,35.9184062,139.9079523,28.36381278138691,37.74649309991679,29.13,1011.643671875,52.642578125,55.3125,-1.375,33.1875,0.02,-5.45,7.91,136.3125,2.0625,-3.6875,63,17.56600690008321,stopped,0.0,0.0,
2026-08-04T18:25:55.089,615.844,clearing_landing_area,35.9182045,139.90775948333334,24.629,0.8642666666666666,True,27,1,35.9184062,139.9079523,28.36381278138691,37.74649309991679,29.14,1011.7330078125,52.6318359375,55.9375,-1.625,25.875,-0.08,-4.45,8.37,168.1875,20.6875,-11.75,63,18.19100690008321,stopped,0.0,0.0,
2026-08-04T18:25:55.590,616.344,clearing_landing_area,35.918212583333336,139.9077622,24.678,0.4938666666666666,True,27,1,35.9184062,139.9079523,27.505639740583664,38.489727071425705,29.14,1011.7058984375,52.5634765625,58.3125,-2.8125,-9.875,-0.59,1.85,9.47,-0.1875,0.125,-0.0625,63,19.822772928574295,stopped,0.0,0.0,
2026-08-04T18:25:56.106,616.860,clearing_landing_area,35.918212583333336,139.9077622,24.678,0.4938666666666666,True,27,1,35.9184062,139.9079523,27.505639740583664,38.489727071425705,28.54,1011.4391015625,52.5166015625,58.3125,-2.8125,-9.9375,-0.57,1.88,9.45,0.1875,0.0625,0.0,63,19.822772928574295,stopped,0.0,0.0,
2026-08-04T18:25:56.612,617.366,clearing_landing_area,35.9182147,139.90776248333333,24.659,0.11832222222222223,True,27,1,35.9184062,139.9079523,27.305830190663265,38.755189779249974,29.14,1011.6787890625,52.666015625,58.3125,-3.0625,-10.4375,-0.56,1.85,9.47,-0.0625,-0.125,0.0625,63,19.557310220750026,stopped,0.0,0.0,
2026-08-04T18:25:57.113,617.867,clearing_landing_area,35.9182147,139.90776248333333,24.659,0.11832222222222223,True,27,1,35.9184062,139.9079523,27.305830190663265,38.755189779249974,29.14,1011.7139453125,52.64453125,58.3125,-3.0625,-10.5,-0.57,1.86,9.45,0.0,-0.1875,0.0625,63,19.557310220750026,stopped,0.0,0.0,
2026-08-04T18:25:57.618,618.372,clearing_landing_area,35.918214383333336,139.90776208333332,24.702,0.025722222222222226,True,27,1,35.9184062,139.9079523,27.35583869775316,38.76785606155744,29.14,1011.6597265625,52.5869140625,58.3125,-3.0625,-10.5,-0.56,1.88,9.48,0.125,-0.125,-0.0625,63,19.54464393844256,stopped,0.0,0.0,
2026-08-04T18:25:58.119,618.873,clearing_landing_area,35.918214383333336,139.90776208333332,24.702,0.025722222222222226,True,27,1,35.9184062,139.9079523,27.35583869775316,38.76785606155744,29.15,1011.7490625,52.5869140625,58.3125,-3.0625,-10.5,-0.57,1.85,9.47,0.0,-0.0625,0.125,63,19.54464393844256,stopped,0.0,0.0,
2026-08-04T18:25:58.619,619.373,clearing_landing_area,35.91821448333334,139.90776198333333,24.725,0.030866666666666664,True,27,1,35.9184062,139.9079523,27.352811262803648,38.797147992277075,29.16,1011.7925,52.49609375,58.3125,-3.0625,-10.5,-0.58,1.88,9.44,0.0,-0.0625,8.0,63,19.515352007722925,stopped,0.0,0.0,
2026-08-04T18:25:59.120,619.874,clearing_landing_area,35.91821448333334,139.90776198333333,24.725,0.030866666666666664,True,27,1,35.9184062,139.9079523,27.352811262803648,38.797147992277075,29.17,1011.7543359375,52.486328125,58.3125,-3.0625,-10.5,-0.59,1.86,9.49,0.0625,0.0625,-0.0625,63,19.515352007722925,stopped,0.0,0.0,
2026-08-04T18:25:59.620,620.374,clearing_landing_area,35.91821518333333,139.90776288333333,24.724,0.025722222222222226,True,27,1,35.9184062,139.9079523,27.241370769418882,38.76687071229844,29.15,1011.7299609375,52.4150390625,58.3125,-3.0625,-10.5,-0.57,1.85,9.46,0.0,0.125,0.0,63,19.54562928770156,stopped,0.0,0.0,
2026-08-04T18:26:00.121,620.875,clearing_landing_area,35.91821518333333,139.90776288333333,24.724,0.025722222222222226,True,27,1,35.9184062,139.9079523,27.241370769418882,38.76687071229844,29.15,1011.6757421875,52.4267578125,58.3125,-3.0625,-10.5,-0.58,1.88,9.44,-0.0625,0.0625,0.0,63,19.54562928770156,stopped,0.0,0.0,
2026-08-04T18:26:00.621,621.375,clearing_landing_area,35.91821518333333,139.90776288333333,24.724,0.015433333333333332,True,27,1,35.9184062,139.9079523,27.241370769418882,38.76687071229844,29.14,1011.686796875,52.4384765625,62.5625,-3.0625,-12.9375,0.65,1.69,9.5,118.125,-50.375,-5.25,63,23.79562928770156,forward,89.40625,100.0,
2026-08-04T18:26:01.121,621.875,clearing_landing_area,35.91821518333333,139.90776288333333,24.724,0.015433333333333332,True,27,1,35.9184062,139.9079523,27.241370769418882,38.76687071229844,29.15,1011.7299609375,52.44921875,62.25,-2.8125,-12.875,-0.76,3.48,15.9,34.625,-24.4375,20.3125,63,23.48312928770156,forward,97.11875,100.0,
2026-08-04T18:26:01.622,622.376,clearing_landing_area,35.9182154,139.90776328333334,24.722,1.1883666666666666,True,26,1,35.9184062,139.9079523,27.20003467521584,38.73948711528732,29.14,1011.6787890625,52.5400390625,56.9375,-3.375,79.5,0.5,-8.65,2.66,-99.5,-14.6875,15.8125,63,18.198012884712682,forward,5.0,4.31921875,
2026-08-04T18:26:02.122,622.876,selfie,35.9182154,139.90776328333334,24.722,1.1883666666666666,True,26,1,35.9184062,139.9079523,27.20003467521584,,29.14,1011.6516796875,52.57421875,56.3125,-3.25,91.6875,-1.0,-10.49,-0.77,-127.125,24.4375,-7.3125,63,,stopped,0.0,0.0,
2026-08-04T18:26:02.623,623.377,selfie,35.91822188333333,139.90777198333333,24.673,0.2109222222222222,True,27,1,35.9184062,139.9079523,26.14794373009656,,29.13,1011.716953125,52.7900390625,238.8125,-3.125,-154.625,0.13,4.1,-8.11,-10.6875,0.0625,1.3125,63,,stopped,0.0,0.0,
2026-08-04T18:26:03.123,623.877,selfie,35.91822188333333,139.90777198333333,24.673,0.2109222222222222,True,27,1,35.9184062,139.9079523,26.14794373009656,,28.5,1010.7596875,52.7412109375,238.8125,-3.125,-154.5625,-0.28,3.2,-9.02,-1.0625,0.0625,1.3125,63,,stopped,0.0,0.0,
2026-08-04T18:26:03.623,624.377,selfie,35.9182227,139.90777238333334,24.789,0.21606666666666666,True,26,1,35.9184062,139.9079523,26.054412779780144,,29.14,1011.7330078125,52.7001953125,238.8125,-2.875,-158.1875,-0.45,3.37,-8.93,0.6875,0.125,0.125,63,,stopped,0.0,0.0,
2026-08-04T18:26:04.124,624.878,selfie,35.9182227,139.90777238333334,24.789,0.21606666666666666,True,26,1,35.9184062,139.9079523,26.054412779780144,,29.13,1011.716953125,52.720703125,238.8125,-2.875,-158.5625,-0.41,3.25,-9.06,4.0,0.25,0.125,63,,stopped,0.0,0.0,
2026-08-04T18:26:04.624,625.378,selfie,35.91822318333333,139.90777308333332,24.813,0.2057777777777778,True,22,1,35.9184062,139.9079523,25.973129660901176,,27.42,1009.15796875,52.478515625,238.8125,-2.8125,-159.6875,-0.48,3.21,-9.09,0.3125,0.125,-0.125,63,,stopped,0.0,0.0,
2026-08-04T18:26:05.124,625.879,selfie,35.91822318333333,139.90777308333332,24.813,0.2057777777777778,True,22,1,35.9184062,139.9079523,25.973129660901176,,29.1,1011.73078125,52.546875,238.8125,-2.8125,-159.75,-0.51,3.17,-9.1,0.4375,-0.0625,-0.1875,63,,stopped,0.0,0.0,
2026-08-04T18:26:05.625,626.379,selfie,35.918223383333334,139.9077737,24.829,0.1852,True,23,1,35.9184062,139.9079523,25.921216425445383,,29.1,1011.703671875,52.41015625,238.5625,-2.75,-162.5,-0.49,2.89,-9.37,0.75,0.375,-0.5,63,,stopped,0.0,0.0,
2026-08-04T18:26:06.125,626.880,selfie,35.918223383333334,139.9077737,24.829,0.1852,True,23,1,35.9184062,139.9079523,25.921216425445383,,29.1,1011.703671875,52.4208984375,238.5625,-2.75,-162.625,-0.44,2.86,-9.3,-1.1875,-0.3125,0.3125,63,,stopped,0.0,0.0,
2026-08-04T18:26:06.626,627.380,selfie,35.918223483333335,139.90777388333333,24.83,0.09774444444444444,True,22,1,35.9184062,139.9079523,25.902253282790458,,29.09,1011.733828125,52.3505859375,238.625,-2.6875,-164.75,-0.42,2.44,-9.29,2.0,0.375,0.0625,63,,stopped,0.0,0.0,
2026-08-04T18:26:07.126,627.880,selfie,35.918223483333335,139.90777388333333,24.83,0.09774444444444444,True,22,1,35.9184062,139.9079523,25.902253282790458,,29.08,1011.72546875,52.31640625,238.625,-2.6875,-164.875,-0.44,2.33,-9.35,-0.125,0.125,0.375,63,,stopped,0.0,0.0,
2026-08-04T18:26:07.627,628.381,selfie,35.91822358333334,139.90777398333333,24.829,0.0463,True,20,1,35.9184062,139.9079523,25.887945638556804,,29.08,1011.7445703125,52.3154296875,238.6875,-2.6875,-165.9375,-0.44,2.27,-9.48,0.75,-0.0625,0.3125,63,,stopped,0.0,0.0,
2026-08-04T18:26:08.127,628.881,selfie,35.91822358333334,139.90777398333333,24.829,0.0463,True,20,1,35.9184062,139.9079523,25.887945638556804,,29.05,1011.6853515625,52.359375,238.6875,-2.6875,-165.9375,-0.44,2.25,-9.39,0.5,0.25,0.25,63,,stopped,0.0,0.0,
2026-08-04T18:26:08.628,629.382,selfie,35.918223483333335,139.90777408333332,24.83,0.1028888888888889,True,20,1,35.9184062,139.9079523,25.891085638398465,,27.71,1009.725859375,52.5234375,238.6875,-2.625,-166.3125,-0.45,2.21,-9.38,0.875,0.0,0.0625,63,,stopped,0.0,0.0,
2026-08-04T18:26:09.128,629.882,selfie,35.918223483333335,139.90777408333332,24.83,0.1028888888888889,True,20,1,35.9184062,139.9079523,25.891085638398465,,29.02,1011.7453515625,52.5615234375,238.6875,-2.625,-166.375,-0.4,2.16,-9.42,-0.1875,-0.125,-0.1875,63,,stopped,0.0,0.0,
2026-08-04T18:26:09.628,630.383,selfie,35.918223383333334,139.90777408333332,24.831,0.05658888888888889,True,20,1,35.9184062,139.9079523,25.89981221308778,,28.99,1011.8244140625,52.568359375,238.6875,-2.625,-166.375,-0.43,2.15,-9.38,0.0,0.0625,0.0625,63,,stopped,0.0,0.0,
2026-08-04T18:26:10.129,630.883,selfie,35.918223383333334,139.90777408333332,24.831,0.05658888888888889,True,20,1,35.9184062,139.9079523,25.89981221308778,,26.05,1007.1869140625,52.603515625,238.6875,-2.625,-166.375,-0.44,2.16,-9.4,0.0,0.0625,0.125,63,,stopped,0.0,0.0,
2026-08-04T18:26:10.629,631.383,selfie,35.918223383333334,139.90777408333332,24.83,0.015433333333333332,True,19,1,35.9184062,139.9079523,25.89981221308778,,28.99,1011.832421875,52.7763671875,238.6875,-2.625,-166.375,-0.43,2.14,-9.43,0.0,-0.0625,0.0625,63,,stopped,0.0,0.0,
2026-08-04T18:26:11.130,631.884,selfie,35.918223383333334,139.90777408333332,24.83,0.015433333333333332,True,19,1,35.9184062,139.9079523,25.89981221308778,,28.97,1011.7997265625,52.841796875,238.6875,-2.625,-166.375,-0.43,2.16,-9.42,0.0625,-0.125,0.0625,63,,stopped,0.0,0.0,
2026-08-04T18:26:11.630,632.384,selfie,35.9182233,139.9077742,24.829,0.0463,True,20,1,35.9184062,139.9079523,25.90057888243919,,28.96,1011.783671875,53.1259765625,238.6875,-2.625,-166.375,-0.43,2.13,-9.41,0.0625,0.0,0.0,63,,stopped,0.0,0.0,
2026-08-04T18:26:12.130,632.885,selfie,35.9182233,139.9077742,24.829,0.0463,True,20,1,35.9184062,139.9079523,25.90057888243919,,28.96,1011.837890625,53.1611328125,238.6875,-2.625,-166.375,-0.43,2.15,-9.41,0.0,-0.0625,0.0,63,,stopped,0.0,0.0,
2026-08-04T18:26:12.631,633.385,selfie,35.918223383333334,139.9077742,24.83,0.2057777777777778,True,19,1,35.9184062,139.9079523,25.893303508887175,,28.93,1011.65390625,53.431640625,238.6875,-2.625,-166.375,-0.43,2.15,-9.4,0.0,0.0625,-0.1875,191,,stopped,0.0,0.0,
2026-08-04T18:26:13.131,633.885,selfie,35.918223383333334,139.9077742,24.83,0.2057777777777778,True,19,1,35.9184062,139.9079523,25.893303508887175,,28.92,1011.7191796875,53.396484375,238.6875,-2.625,-166.375,-0.45,2.14,-9.39,0.0625,0.1875,-0.125,63,,stopped,0.0,0.0,
2026-08-04T18:26:13.632,634.386,selfie,35.91822358333334,139.90777498333333,24.829,0.17491111111111113,True,20,1,35.9184062,139.9079523,25.83218516837825,,28.92,1011.7924609375,53.0869140625,238.6875,-2.625,-166.375,-0.43,2.13,-9.41,-0.0625,-0.0625,0.125,63,,stopped,0.0,0.0,
2026-08-04T18:26:14.132,634.886,selfie,35.91822358333334,139.90777498333333,24.829,0.17491111111111113,True,20,1,35.9184062,139.9079523,25.83218516837825,,28.78,1011.6096875,53.12890625,238.6875,-2.625,-166.375,-0.43,2.14,-9.39,-0.0625,-0.0625,0.0,63,,stopped,0.0,0.0,
2026-08-04T18:26:14.632,635.386,selfie,35.918223483333335,139.90777548333332,24.829,0.21606666666666666,True,20,1,35.9184062,139.9079523,25.813128694379724,,28.86,1011.7577734375,53.2978515625,238.6875,-2.625,-166.375,-0.43,2.15,-9.41,-0.0625,0.0625,0.0625,63,,stopped,0.0,0.0,
2026-08-04T18:26:15.133,635.887,selfie,35.918223483333335,139.90777548333332,24.829,0.21606666666666666,True,20,1,35.9184062,139.9079523,25.813128694379724,,28.86,1011.8119921875,53.3662109375,238.6875,-2.625,-166.375,-0.46,2.16,-9.4,0.0625,0.0625,0.0,63,,stopped,0.0,0.0,
2026-08-04T18:26:15.633,636.387,selfie,35.91822358333334,139.90777778333333,24.827,0.24178888888888886,True,20,1,35.9184062,139.9079523,25.677091830332618,,28.85,1011.842109375,53.478515625,238.6875,-2.625,-166.375,-0.44,2.17,-9.39,-0.0625,0.0,-0.125,63,,stopped,0.0,0.0,
2026-08-04T18:26:16.133,636.888,selfie,35.91822358333334,139.90777778333333,24.827,0.24178888888888886,True,20,1,35.9184062,139.9079523,25.677091830332618,,28.84,1011.8340625,53.478515625,238.6875,-2.625,-166.375,-0.42,2.16,-9.41,0.0625,-0.0625,-0.125,63,,stopped,0.0,0.0,
2026-08-04T18:26:16.634,637.388,selfie,35.91822298333334,139.9077804,24.82,0.25722222222222224,True,20,1,35.9184062,139.9079523,25.586642572461606,,28.82,1011.7555078125,53.2822265625,238.6875,-2.625,-166.375,-0.44,2.16,-9.4,0.0,0.0,-0.0625,63,,stopped,0.0,0.0,
2026-08-04T18:26:17.134,637.888,selfie,35.91822298333334,139.9077804,24.82,0.25722222222222224,True,20,1,35.9184062,139.9079523,25.586642572461606,,28.81,1011.7936328125,53.24609375,238.6875,-2.625,-166.375,-0.45,2.16,-9.41,0.0,0.0625,0.0,63,,stopped,0.0,0.0,
2026-08-04T18:26:17.635,638.389,selfie,35.9182221,139.90778298333333,24.819,0.3858333333333333,True,19,1,35.9184062,139.9079523,25.525279293996114,,28.76,1011.650546875,53.16015625,238.6875,-2.625,-166.375,-0.42,2.17,-9.41,-0.0625,0.1875,0.0625,63,,stopped,0.0,0.0,
2026-08-04T18:26:18.135,638.889,selfie,35.9182221,139.90778298333333,24.819,0.3858333333333333,True,19,1,35.9184062,139.9079523,25.525279293996114,,28.81,1011.8398046875,53.1552734375,238.6875,-2.625,-166.375,-0.44,2.14,-9.41,0.0625,0.0,0.0625,63,,stopped,0.0,0.0,
2026-08-04T18:26:18.636,639.390,selfie,35.91822248333333,139.9077862,24.807,0.18005555555555552,True,19,1,35.9184062,139.9079523,25.318910697746247,,28.81,1011.8126953125,53.24609375,238.6875,-2.625,-166.375,-0.45,2.15,-9.4,0.0,-0.0625,0.0625,63,,stopped,0.0,0.0,
2026-08-04T18:26:19.136,639.890,selfie,35.91822248333333,139.9077862,24.807,0.18005555555555552,True,19,1,35.9184062,139.9079523,25.318910697746247,,28.82,1012.0184375,53.2236328125,238.6875,-2.625,-166.375,-0.43,2.14,-9.41,0.0,0.0625,0.0625,63,,stopped,0.0,0.0,
2026-08-04T18:26:19.636,640.391,selfie,35.918224183333336,139.9077867,24.8,0.16462222222222223,True,19,1,35.9184062,139.9079523,25.139905259100406,,28.79,1011.7612109375,53.1416015625,238.6875,-2.625,-166.375,-0.44,2.17,-9.39,-0.0625,-0.125,-0.0625,63,,stopped,0.0,0.0,
2026-08-04T18:26:20.137,640.891,selfie,35.918224183333336,139.9077867,24.8,0.16462222222222223,True,19,1,35.9184062,139.9079523,25.139905259100406,,28.79,1011.753203125,53.10546875,238.6875,-2.625,-166.375,-0.41,2.14,-9.38,0.0,0.0,0.0,63,,stopped,0.0,0.0,
2026-08-04T18:26:20.637,641.391,selfie,35.918225983333336,139.90778538333333,24.782,0.14918888888888887,True,18,1,35.9184062,139.9079523,25.050018291991677,,28.8,1011.7695703125,53.15234375,238.6875,-2.625,-166.375,-0.45,2.13,-9.43,-0.0625,0.0625,-0.0625,63,,stopped,0.0,0.0,
2026-08-04T18:26:21.138,641.892,selfie,35.918225983333336,139.90778538333333,24.782,0.14918888888888887,True,18,1,35.9184062,139.9079523,25.050018291991677,,28.8,1011.7695703125,53.1640625,238.6875,-2.625,-166.375,-0.42,2.15,-9.39,0.0625,0.125,-0.0625,63,,stopped,0.0,0.0,
2026-08-04T18:26:21.638,642.392,selfie,35.918227783333336,139.9077838,24.775,0.12861111111111112,True,18,1,35.9184062,139.9079523,24.97655727199085,,28.82,1011.82875,53.3154296875,238.6875,-2.625,-166.375,-0.42,2.16,-9.4,0.0,0.0,-0.0625,63,,stopped,0.0,0.0,
2026-08-04T18:26:22.138,642.893,selfie,35.918227783333336,139.9077838,24.775,0.12861111111111112,True,18,1,35.9184062,139.9079523,24.97655727199085,,28.81,1011.8126953125,53.1552734375,238.6875,-2.625,-166.375,-0.43,2.18,-9.4,-0.125,0.125,-0.0625,63,,stopped,0.0,0.0,
2026-08-04T18:26:22.639,643.393,selfie,35.9182287,139.90778408333333,24.776,0.05144444444444445,True,19,1,35.9184062,139.9079523,24.88012893144244,,28.8,1011.7424609375,52.7412109375,238.6875,-2.625,-166.375,-0.46,2.15,-9.39,0.0,0.125,0.0,63,,stopped,0.0,0.0,
2026-08-04T18:26:23.146,643.900,selfie,35.9182287,139.90778408333333,24.776,0.05144444444444445,True,19,1,35.9184062,139.9079523,24.88012893144244,,28.8,1011.777578125,52.71875,238.6875,-2.625,-166.375,-0.44,2.15,-9.42,0.0,-0.0625,-0.0625,63,,stopped,0.0,0.0,
2026-08-04T18:26:23.647,644.401,selfie,35.918228983333336,139.9077843,24.777,0.08745555555555556,True,20,1,35.9184062,139.9079523,24.843257147537166,,28.81,1011.7314453125,52.537109375,238.6875,-2.625,-166.375,-0.43,2.15,-9.42,0.0625,8.0,0.0625,63,,stopped,0.0,0.0,
2026-08-04T18:26:24.147,644.901,selfie,35.918228983333336,139.9077843,24.777,0.08745555555555556,True,20,1,35.9184062,139.9079523,24.843257147537166,,28.8,1011.7695703125,52.5234375,238.6875,-2.625,-166.375,-0.43,2.15,-9.4,0.0625,-0.1875,0.0625,63,,stopped,0.0,0.0,
2026-08-04T18:26:24.647,645.401,selfie,35.918229583333336,139.9077847,24.78,0.015433333333333332,True,20,1,35.9184062,139.9079523,24.768405029093252,,28.79,1011.70703125,52.431640625,238.6875,-2.625,-166.375,-0.43,2.16,-9.41,0.0,-0.1875,0.0625,63,,stopped,0.0,0.0,
2026-08-04T18:26:25.148,645.902,selfie,35.918229583333336,139.9077847,24.78,0.015433333333333332,True,20,1,35.9184062,139.9079523,24.768405029093252,,28.8,1011.7505078125,52.5126953125,238.6875,-2.625,-166.375,-0.44,2.14,-9.4,0.0,-0.1875,0.0,63,,stopped,0.0,0.0,
2026-08-04T18:26:25.648,646.402,selfie,35.91822968333334,139.90778458333332,24.786,0.10803333333333333,True,20,1,35.9184062,139.9079523,24.7659948432942,,28.78,1011.799375,52.66015625,238.6875,-2.625,-166.375,-0.43,2.15,-9.41,-0.0625,-0.1875,0.0,63,,stopped,0.0,0.0,
2026-08-04T18:26:26.148,646.903,selfie,35.91822968333334,139.90778458333332,24.786,0.10803333333333333,True,20,1,35.9184062,139.9079523,24.7659948432942,,28.78,1011.7371484375,52.7041015625,238.6875,-2.625,-166.375,-0.42,2.16,-9.42,0.0,0.0,0.0,63,,stopped,0.0,0.0,
2026-08-04T18:26:26.649,647.403,selfie,35.918228983333336,139.90778358333333,24.791,0.08231111111111111,True,20,1,35.9184062,139.9079523,24.882610615190437,,25.68,1006.90296875,52.9482421875,238.6875,-2.625,-166.375,-0.43,2.18,-9.39,0.0625,0.0,0.0,63,,stopped,0.0,0.0,
2026-08-04T18:26:27.149,647.903,selfie,35.918228983333336,139.90778358333333,24.791,0.08231111111111111,True,20,1,35.9184062,139.9079523,24.882610615190437,,28.78,1011.7371484375,52.978515625,238.6875,-2.625,-166.375,-0.43,2.14,-9.39,0.0625,0.125,0.0625,63,,stopped,0.0,0.0,
2026-08-04T18:26:27.650,648.404,selfie,35.9182293,139.90778268333332,24.79,0.041155555555555556,True,21,1,35.9184062,139.9079523,24.904358993589376,,27.77,1010.52609375,52.712890625,238.6875,-2.625,-166.375,-0.44,2.14,-9.4,0.0625,-0.125,0.0625,63,,stopped,0.0,0.0,
2026-08-04T18:26:28.150,648.904,selfie,35.9182293,139.90778268333332,24.79,0.041155555555555556,True,21,1,35.9184062,139.9079523,24.904358993589376,,28.78,1012.170703125,52.7158203125,238.6875,-2.625,-166.375,-0.42,2.17,-9.38,0.0,0.0,0.0,63,,stopped,0.0,0.0,
2026-08-04T18:26:28.650,649.405,selfie,35.9182293,139.90778308333333,24.784,0.1028888888888889,True,20,1,35.9184062,139.9079523,24.882283173849686,,28.77,1011.7562109375,52.7275390625,238.6875,-2.625,-166.375,-0.44,2.16,-9.4,-0.0625,0.0,0.0625,63,,stopped,0.0,0.0,
2026-08-04T18:26:29.151,649.905,selfie,35.9182293,139.90778308333333,24.784,0.1028888888888889,True,20,1,35.9184062,139.9079523,24.882283173849686,,28.76,1011.767265625,52.806640625,238.6875,-2.625,-166.375,-0.43,2.15,-9.4,0.0,0.0625,-0.0625,63,,stopped,0.0,0.0,
2026-08-04T18:26:29.651,650.405,selfie,35.91822908333333,139.90778178333332,24.79,0.16976666666666668,True,21,1,35.9184062,139.9079523,24.973143672289808,,28.77,1011.7753125,52.9208984375,238.6875,-2.625,-166.375,-0.46,2.17,-9.41,0.0625,-0.0625,0.0,63,,stopped,0.0,0.0,
2026-08-04T18:26:30.152,650.906,selfie,35.91822908333333,139.90778178333332,24.79,0.16976666666666668,True,21,1,35.9184062,139.9079523,24.973143672289808,,28.78,1011.799375,52.9345703125,238.6875,-2.625,-166.375,-0.43,2.16,-9.4,0.0625,0.125,0.0,63,,stopped,0.0,0.0,
2026-08-04T18:26:30.652,651.406,selfie,35.9182293,139.90777988333335,24.791,0.025722222222222226,True,21,1,35.9184062,139.9079523,25.05979494426462,,28.77,1011.7562109375,52.818359375,238.6875,-2.625,-166.375,-0.45,2.14,-9.41,0.0,0.0,0.0,63,,stopped,0.0,0.0,
2026-08-04T18:26:31.152,651.907,selfie,35.9182293,139.90777988333335,24.791,0.025722222222222226,True,21,1,35.9184062,139.9079523,25.05979494426462,,28.78,1011.7371484375,52.8076171875,238.6875,-2.625,-166.375,-0.44,2.17,-9.39,0.0,0.1875,0.0,63,,stopped,0.0,0.0,
2026-08-04T18:26:31.653,652.407,selfie,35.9182294,139.90778008333334,24.793,0.08231111111111111,True,21,1,35.9184062,139.9079523,25.03990913347912,,28.76,1011.767265625,52.7373046875,238.6875,-2.625,-166.375,-0.44,2.18,-9.41,-0.0625,0.0625,0.0625,63,,stopped,0.0,0.0,
2026-08-04T18:26:32.153,652.907,selfie,35.9182294,139.90778008333334,24.793,0.08231111111111111,True,21,1,35.9184062,139.9079523,25.03990913347912,,28.76,1011.813125,52.759765625,238.6875,-2.625,-166.375,-0.43,2.16,-9.37,0.0,-0.125,-0.0625,63,,stopped,0.0,0.0,
2026-08-04T18:26:32.654,653.408,selfie,35.918230083333334,139.9077805,24.8,0.14918888888888887,True,21,1,35.9184062,139.9079523,24.95702072697562,,28.76,1011.7589453125,52.6904296875,238.6875,-2.625,-166.375,-0.42,2.16,-9.4,-0.0625,-0.0625,-0.0625,63,,stopped,0.0,0.0,
2026-08-04T18:26:33.154,653.908,selfie,35.918230083333334,139.9077805,24.8,0.14918888888888887,True,21,1,35.9184062,139.9079523,24.95702072697562,,28.76,1011.7589453125,52.7822265625,238.6875,-2.625,-166.375,-0.43,2.17,-9.4,-0.0625,0.125,0.0,63,,stopped,0.0,0.0,
2026-08-04T18:26:33.654,654.408,selfie,35.918231283333334,139.90777988333335,24.799,0.10803333333333333,True,21,1,35.9184062,139.9079523,24.88706238696355,,28.75,1011.7780078125,52.9189453125,238.6875,-2.625,-166.375,-0.43,2.17,-9.41,0.0,-0.125,0.0,63,,stopped,0.0,0.0,
2026-08-04T18:26:34.155,654.909,selfie,35.918231283333334,139.90777988333335,24.799,0.10803333333333333,True,21,1,35.9184062,139.9079523,24.88706238696355,,28.75,1011.6696484375,52.9072265625,238.6875,-2.625,-166.375,-0.43,2.16,-9.38,-0.125,0.1875,-0.125,63,,stopped,0.0,0.0,
2026-08-04T18:26:34.655,655.409,selfie,35.918231883333334,139.90777888333332,24.801,0.19034444444444445,True,21,1,35.9184062,139.9079523,24.891354361826107,,28.77,1011.7833203125,52.9677734375,238.6875,-2.625,-166.375,-0.45,2.16,-9.42,0.0,-0.0625,-0.125,63,,stopped,0.0,0.0,
2026-08-04T18:26:35.157,655.911,selfie,35.918231883333334,139.90777888333332,24.801,0.19034444444444445,True,21,1,35.9184062,139.9079523,24.891354361826107,,28.75,1011.71578125,52.9873046875,238.6875,-2.625,-166.375,-0.44,2.17,-9.4,0.0625,-0.25,-0.0625,63,,stopped,0.0,0.0,
2026-08-04T18:26:35.657,656.411,selfie,35.91823218333333,139.90777668333334,24.803,0.23664444444444446,True,21,1,35.9184062,139.9079523,24.99028547385214,,28.77,1011.748203125,53.1611328125,238.6875,-2.625,-166.375,-0.43,2.17,-9.4,-0.0625,0.25,0.0,63,,stopped,0.0,0.0,
2026-08-04T18:26:36.168,656.922,selfie,35.91823218333333,139.90777668333334,24.803,0.23664444444444446,True,21,1,35.9184062,139.9079523,24.99028547385214,,28.76,1011.7401953125,52.966796875,238.6875,-2.625,-166.375,-0.43,2.17,-9.41,-0.0625,-0.1875,0.0625,63,,stopped,0.0,0.0,
2026-08-04T18:26:36.668,657.423,selfie,35.91823168333333,139.90777408333332,24.801,0.05144444444444445,True,21,1,35.9184062,139.9079523,25.181924979954506,,28.75,1011.69671875,53.341796875,238.6875,-2.625,-166.375,-0.46,2.17,-9.38,0.0,-0.125,-0.0625,63,,stopped,0.0,0.0,
2026-08-04T18:26:37.169,657.923,selfie,35.91823168333333,139.90777408333332,24.801,0.05144444444444445,True,21,1,35.9184062,139.9079523,25.181924979954506,,28.76,1011.7318359375,53.365234375,238.6875,-2.625,-166.375,-0.44,2.17,-9.4,-0.125,-0.0625,0.0625,63,,stopped,0.0,0.0,
2026-08-04T18:26:37.669,658.423,selfie,35.9182318,139.90777358333332,24.801,0.025722222222222226,True,21,1,35.9184062,139.9079523,25.20066015520775,,28.79,1011.7803125,53.3916015625,238.6875,-2.625,-166.375,-0.43,2.16,-9.39,0.0,-0.0625,0.0,63,,stopped,0.0,0.0,
2026-08-04T18:26:38.170,658.924,selfie,35.9182318,139.90777358333332,24.801,0.025722222222222226,True,21,1,35.9184062,139.9079523,25.20066015520775,,28.78,1011.799375,53.3349609375,238.6875,-2.625,-166.375,-0.42,2.17,-9.4,0.0,-0.0625,0.0625,63,,stopped,0.0,0.0,
2026-08-04T18:26:38.670,659.424,selfie,35.91823168333333,139.9077733,24.802,0.07716666666666668,True,21,1,35.9184062,139.9079523,25.226939739544356,,28.76,1011.7130859375,53.5380859375,238.6875,-2.625,-166.375,-0.44,2.17,-9.4,0.0,0.125,0.0625,63,,stopped,0.0,0.0,
2026-08-04T18:26:39.170,659.925,selfie,35.91823168333333,139.9077733,24.802,0.07716666666666668,True,21,1,35.9184062,139.9079523,25.226939739544356,,28.77,1011.7833203125,53.5048828125,238.6875,-2.625,-166.375,-0.44,2.17,-9.42,-0.1875,-0.0625,0.125,63,,stopped,0.0,0.0,
2026-08-04T18:26:39.671,660.425,selfie,35.918231983333335,139.90777408333332,24.806,0.08231111111111111,True,21,1,35.9184062,139.9079523,25.156227666580246,,28.74,1011.73484375,53.5234375,238.6875,-2.625,-166.375,-0.43,2.18,-9.42,0.0625,-0.125,0.125,63,,stopped,0.0,0.0,
2026-08-04T18:26:40.171,660.925,selfie,35.918231983333335,139.90777408333332,24.806,0.08231111111111111,True,21,1,35.9184062,139.9079523,25.156227666580246,,28.74,1011.6806640625,53.51171875,238.6875,-2.625,-166.375,-0.43,2.18,-9.4,0.0625,-0.25,0.0,63,,stopped,0.0,0.0,
2026-08-04T18:26:40.672,661.426,selfie,35.91823218333333,139.90777308333332,24.807,0.09774444444444444,True,21,1,35.9184062,139.9079523,25.196690098688794,,28.75,1011.71578125,53.7080078125,238.6875,-2.6875,-165.5,-0.41,2.28,-9.38,-0.1875,-0.1875,0.0,63,,stopped,0.0,0.0,
2026-08-04T18:26:41.172,661.926,selfie,35.91823218333333,139.90777308333332,24.807,0.09774444444444444,True,21,1,35.9184062,139.9079523,25.196690098688794,,28.75,1011.7699609375,53.650390625,238.6875,-2.6875,-165.5,-0.43,2.31,-9.33,0.125,0.0625,0.0625,63,,stopped,0.0,0.0,
2026-08-04T18:26:41.672,662.427,selfie,35.91823218333333,139.9077742,24.804,0.26751111111111114,True,21,1,35.9184062,139.9079523,25.132400415666833,,28.77,1011.7753125,53.6865234375,238.6875,-2.6875,-165.5,-0.42,2.33,-9.36,0.0,0.0,-0.125,63,,stopped,0.0,0.0,
2026-08-04T18:26:42.173,662.927,selfie,35.91823218333333,139.9077742,24.804,0.26751111111111114,True,21,1,35.9184062,139.9079523,25.132400415666833,,28.77,1011.72109375,53.6640625,238.6875,-2.6875,-165.5,-0.42,2.31,-9.35,-0.125,0.125,0.125,63,,stopped,0.0,0.0,
2026-08-04T18:26:42.673,663.427,selfie,35.918233183333335,139.90777688333333,24.806,0.14404444444444445,True,21,1,35.9184062,139.9079523,24.89285458669407,,28.77,1011.72109375,53.8466796875,238.6875,-2.6875,-165.5,-0.44,2.33,-9.34,0.0625,-0.0625,0.25,63,,stopped,0.0,0.0,
2026-08-04T18:26:43.174,663.928,selfie,35.918233183333335,139.90777688333333,24.806,0.14404444444444445,True,21,1,35.9184062,139.9079523,24.89285458669407,,28.77,1011.7562109375,53.7568359375,238.6875,-2.6875,-165.5,-0.43,2.33,-9.36,-0.0625,-0.125,0.0625,63,,stopped,0.0,0.0,
2026-08-04T18:26:43.674,664.428,selfie,35.91823348333333,139.9077785,24.809,0.05144444444444445,True,21,1,35.9184062,139.9079523,24.77485696584824,,28.77,1011.7833203125,53.57421875,238.6875,-2.6875,-165.5,-0.43,2.33,-9.35,0.0625,0.0,0.0625,63,,stopped,0.0,0.0,
2026-08-04T18:26:44.174,664.929,selfie,35.91823348333333,139.9077785,24.809,0.05144444444444445,True,21,1,35.9184062,139.9079523,24.77485696584824,,28.77,1011.7562109375,53.57421875,238.6875,-2.6875,-165.5,-0.43,2.31,-9.38,-0.0625,-0.125,-0.0625,63,,stopped,0.0,0.0,
2026-08-04T18:26:44.675,665.429,selfie,35.9182337,139.90777908333334,24.806,0.030866666666666664,True,21,1,35.9184062,139.9079523,24.723009269519622,,28.78,1011.691015625,53.4599609375,238.6875,-2.6875,-165.5,-0.43,2.32,-9.37,-0.0625,0.0625,8.0625,63,,stopped,0.0,0.0,
2026-08-04T18:26:45.175,665.929,selfie,35.9182337,139.90777908333334,24.806,0.030866666666666664,True,21,1,35.9184062,139.9079523,24.723009269519622,,28.79,1011.7883203125,53.1298828125,238.6875,-2.6875,-165.5,-0.43,2.32,-9.34,0.0625,-0.125,0.125,63,,stopped,0.0,0.0,
2026-08-04T18:26:45.676,666.430,selfie,35.91823348333333,139.90777888333332,24.802,0.15433333333333335,True,21,1,35.9184062,139.9079523,24.7530642901428,,28.78,1011.66390625,53.4033203125,238.6875,-2.6875,-165.5,-0.44,2.31,-9.36,-0.0625,-0.0625,-0.0625,63,,stopped,0.0,0.0,
2026-08-04T18:26:46.176,666.930,selfie,35.91823348333333,139.90777888333332,24.802,0.15433333333333335,True,21,1,35.9184062,139.9079523,24.7530642901428,,27.85,1010.2956640625,53.2587890625,238.6875,-2.6875,-165.5,-0.43,2.34,-9.33,-0.0625,0.0625,-0.0625,63,,stopped,0.0,0.0,
2026-08-04T18:26:46.677,667.431,selfie,35.91823338333333,139.90777728333333,24.801,0.1028888888888889,True,21,1,35.9184062,139.9079523,24.852812770176303,,28.78,1011.7180859375,53.4375,238.6875,-2.6875,-165.5,-0.44,2.31,-9.37,8.125,0.125,0.0625,63,,stopped,0.0,0.0,
2026-08-04T18:26:47.177,667.931,selfie,35.91823338333333,139.90777728333333,24.801,0.1028888888888889,True,21,1,35.9184062,139.9079523,24.852812770176303,,28.79,1011.6799609375,53.416015625,238.6875,-2.6875,-165.5,-0.43,2.33,-9.38,0.0625,-0.125,0.0,63,,stopped,0.0,0.0,
2026-08-04T18:26:47.677,668.431,selfie,35.9182336,139.90777628333333,24.801,0.23149999999999998,True,21,1,35.9184062,139.9079523,24.89143605786264,,28.78,1011.7642578125,53.333984375,238.6875,-2.6875,-165.5,-0.44,2.32,-9.38,0.0,0.0625,-0.125,63,,stopped,0.0,0.0,
2026-08-04T18:26:48.178,668.932,selfie,35.9182336,139.90777628333333,24.801,0.23149999999999998,True,21,1,35.9184062,139.9079523,24.89143605786264,,28.77,1011.8023828125,53.3896484375,238.6875,-2.6875,-165.5,-0.43,2.3,-9.35,0.0625,0.0,0.0625,63,,stopped,0.0,0.0,
2026-08-04T18:26:48.678,669.432,selfie,35.918233283333336,139.90777888333332,24.802,0.15433333333333335,True,21,1,35.9184062,139.9079523,24.770322888538264,,28.75,1011.71578125,53.2734375,238.6875,-2.6875,-165.5,-0.43,2.31,-9.37,0.0,-0.0625,-0.0625,63,,stopped,0.0,0.0,
2026-08-04T18:26:49.179,669.933,selfie,35.918233283333336,139.90777888333332,24.802,0.15433333333333335,True,21,1,35.9184062,139.9079523,24.770322888538264,,28.75,1011.7970703125,53.25,238.6875,-2.6875,-165.5,-0.43,2.34,-9.35,0.0625,-0.3125,0.0,63,,stopped,0.0,0.0,
2026-08-04T18:26:49.679,670.433,selfie,35.91823278333333,139.9077805,24.802,0.11832222222222223,True,21,1,35.9184062,139.9079523,24.72213946807792,,28.75,1011.7699609375,53.11328125,238.6875,-2.6875,-165.5,-0.43,2.33,-9.34,0.0625,0.1875,0.0,63,,stopped,0.0,0.0,
2026-08-04T18:26:50.179,670.934,selfie,35.91823278333333,139.9077805,24.802,0.11832222222222223,True,21,1,35.9184062,139.9079523,24.72213946807792,,28.74,1011.7890625,53.123046875,238.6875,-2.6875,-165.5,-0.43,2.33,-9.36,0.0,0.125,0.125,63,,stopped,0.0,0.0,
2026-08-04T18:26:50.680,671.434,selfie,35.91823228333333,139.90778158333333,24.803,0.05658888888888889,True,21,1,35.9184062,139.9079523,24.70470429755729,,28.76,1011.7589453125,53.0908203125,238.6875,-2.6875,-165.5,-0.43,2.32,-9.33,-0.0625,0.0,0.0,63,,stopped,0.0,0.0,
2026-08-04T18:26:51.180,671.934,selfie,35.91823228333333,139.90778158333333,24.803,0.05658888888888889,True,21,1,35.9184062,139.9079523,24.70470429755729,,28.76,1011.7047265625,53.1484375,238.6875,-2.6875,-165.5,-0.41,2.32,-9.36,0.0625,0.0,-0.0625,63,,stopped,0.0,0.0,
2026-08-04T18:26:51.681,672.435,selfie,35.918232583333335,139.90778218333332,24.806,0.12346666666666666,True,21,1,35.9184062,139.9079523,24.64497835089888,,28.76,1011.7589453125,53.296875,238.6875,-2.6875,-165.5,-0.43,2.32,-9.36,0.0,0.0,-0.0625,63,,stopped,0.0,0.0,
2026-08-04T18:26:52.181,672.935,selfie,35.918232583333335,139.90778218333332,24.806,0.12346666666666666,True,21,1,35.9184062,139.9079523,24.64497835089888,,28.76,1011.813125,53.4111328125,238.6875,-2.6875,-165.5,-0.45,2.33,-9.37,0.0,0.0,0.0625,63,,stopped,0.0,0.0,
2026-08-04T18:26:52.681,673.436,selfie,35.91823288333333,139.90778348333333,24.804,0.26751111111111114,True,21,1,35.9184062,139.9079523,24.54618121831616,,28.76,1011.7589453125,53.3544921875,238.6875,-2.6875,-165.5,-0.43,2.33,-9.33,0.0,-0.0625,0.0625,63,,stopped,0.0,0.0,
2026-08-04T18:26:53.182,673.936,selfie,35.91823288333333,139.90778348333333,24.804,0.26751111111111114,True,21,1,35.9184062,139.9079523,24.54618121831616,,28.76,1011.767265625,53.34375,238.6875,-2.6875,-165.5,-0.42,2.31,-9.38,-0.0625,-0.0625,-0.0625,63,,stopped,0.0,0.0,
2026-08-04T18:26:53.682,674.436,selfie,35.9182331,139.90778638333333,24.802,0.14404444444444445,True,21,1,35.9184062,139.9079523,24.366269053551047,,28.76,1012.255,53.35546875,238.6875,-2.6875,-165.5,-0.43,2.34,-9.38,-0.0625,0.0625,0.0,63,,stopped,0.0,0.0,
2026-08-04T18:26:54.183,674.937,selfie,35.9182331,139.90778638333333,24.802,0.14404444444444445,True,21,1,35.9184062,139.9079523,24.366269053551047,,28.77,1011.8023828125,53.33203125,238.6875,-2.6875,-165.5,-0.43,2.33,-9.35,-0.0625,0.0,-0.0625,63,,stopped,0.0,0.0,
2026-08-04T18:26:54.683,675.437,selfie,35.91823278333333,139.90778788333333,24.801,0.12861111111111112,True,20,1,35.9184062,139.9079523,24.311594933285743,,28.77,1011.8294921875,53.287109375,238.6875,-2.6875,-165.5,-0.43,2.32,-9.39,-0.0625,0.125,-0.0625,63,,stopped,0.0,0.0,
2026-08-04T18:26:55.183,675.938,selfie,35.91823278333333,139.90778788333333,24.801,0.12861111111111112,True,20,1,35.9184062,139.9079523,24.311594933285743,,28.77,1011.72109375,53.3671875,238.6875,-2.6875,-165.5,-0.43,2.33,-9.36,0.0,0.0625,-0.0625,63,,stopped,0.0,0.0,
2026-08-04T18:26:55.684,676.438,selfie,35.9182318,139.9077871,24.796,0.10803333333333333,True,20,1,35.9184062,139.9079523,24.441282886894356,,28.76,1011.767265625,53.595703125,238.6875,-2.6875,-165.5,-0.45,2.32,-9.38,0.0625,0.0625,-0.0625,63,,stopped,0.0,0.0,
2026-08-04T18:26:56.184,676.938,selfie,35.9182318,139.9077871,24.796,0.10803333333333333,True,20,1,35.9184062,139.9079523,24.441282886894356,,28.73,1011.6562890625,53.625,238.6875,-2.6875,-165.5,-0.44,2.34,-9.4,0.0625,0.0625,-0.0625,63,,stopped,0.0,0.0,
2026-08-04T18:26:56.685,677.439,selfie,35.91823088333334,139.90778658333332,24.793,0.11317777777777778,True,20,1,35.9184062,139.9079523,24.550487992852307,,28.75,1011.7970703125,53.9482421875,238.6875,-2.6875,-165.5,-0.43,2.34,-9.35,0.0,0.0,0.125,63,,stopped,0.0,0.0,
2026-08-04T18:26:57.185,677.939,selfie,35.91823088333334,139.90778658333332,24.793,0.11317777777777778,True,20,1,35.9184062,139.9079523,24.550487992852307,,28.74,1011.7539453125,53.9580078125,238.6875,-2.6875,-165.5,-0.43,2.34,-9.37,0.125,-0.125,-0.125,63,,stopped,0.0,0.0,
2026-08-04T18:26:57.685,678.439,selfie,35.918231883333334,139.9077862,24.79,0.025722222222222226,True,20,1,35.9184062,139.9079523,24.48336080678732,,28.74,1011.7890625,54.083984375,238.6875,-2.6875,-165.5,-0.44,2.33,-9.36,0.0,-0.0625,-0.0625,63,,stopped,0.0,0.0,
2026-08-04T18:26:58.186,678.940,selfie,35.918231883333334,139.9077862,24.79,0.025722222222222226,True,20,1,35.9184062,139.9079523,24.48336080678732,,28.75,1011.7970703125,54.119140625,238.6875,-2.6875,-165.5,-0.45,2.31,-9.39,0.0625,0.0625,0.0625,63,,stopped,0.0,0.0,
2026-08-04T18:26:58.686,679.440,selfie,35.918232083333336,139.90778628333334,24.794,0.12346666666666666,True,20,1,35.9184062,139.9079523,24.461171106957607,,28.74,1011.808125,54.3125,238.6875,-2.6875,-165.5,-0.44,2.35,-9.37,0.125,8.1875,0.0625,63,,stopped,0.0,0.0,
2026-08-04T18:26:59.187,679.941,selfie,35.918232083333336,139.90778628333334,24.794,0.12346666666666666,True,20,1,35.9184062,139.9079523,24.461171106957607,,28.75,1011.7970703125,54.3134765625,238.6875,-2.6875,-165.5,-0.43,2.32,-9.35,0.125,0.0625,0.0625,63,,stopped,0.0,0.0,
2026-08-04T18:26:59.687,680.441,selfie,35.91823168333333,139.9077876,24.796,0.12346666666666666,True,20,1,35.9184062,139.9079523,24.424209164009937,,28.73,1011.8271875,54.185546875,238.6875,-2.6875,-165.5,-0.43,2.34,-9.36,0.125,-0.25,0.0,63,,stopped,0.0,0.0,
2026-08-04T18:27:00.187,680.941,selfie,35.91823168333333,139.9077876,24.796,0.12346666666666666,True,20,1,35.9184062,139.9079523,24.424209164009937,,28.72,1011.8027734375,54.18359375,238.6875,-2.6875,-165.5,-0.43,2.33,-9.37,-0.0625,0.0,-0.125,63,,stopped,0.0,0.0,
2026-08-04T18:27:00.688,681.442,selfie,35.91823108333333,139.90778878333333,24.797,0.19034444444444445,True,20,1,35.9184062,139.9079523,24.4128288048199,,28.72,1011.8108203125,54.4814453125,238.6875,-2.6875,-165.5,-0.43,2.33,-9.34,-0.125,0.0,0.125,63,,stopped,0.0,0.0,
2026-08-04T18:27:01.188,681.942,selfie,35.91823108333333,139.90778878333333,24.797,0.19034444444444445,True,20,1,35.9184062,139.9079523,24.4128288048199,,28.72,1011.8298828125,54.240234375,238.6875,-2.6875,-165.5,-0.46,2.34,-9.38,-0.0625,0.125,-0.1875,63,,stopped,0.0,0.0,
2026-08-04T18:27:01.688,682.443,selfie,35.918229583333336,139.90778988333332,24.798,0.11832222222222223,True,20,1,35.9184062,139.9079523,24.486776507172866,,28.71,1011.7405859375,53.7490234375,238.6875,-2.6875,-165.5,-0.44,2.33,-9.38,0.125,0.0625,-0.125,63,,stopped,0.0,0.0,
2026-08-04T18:27:02.189,682.943,selfie,35.918229583333336,139.90778988333332,24.798,0.11832222222222223,True,20,1,35.9184062,139.9079523,24.486776507172866,,28.71,1011.813828125,53.69140625,238.6875,-2.6875,-165.5,-0.44,2.33,-9.36,0.0625,0.125,0.0,63,,stopped,0.0,0.0,
2026-08-04T18:27:02.689,683.443,selfie,35.91822908333333,139.907791,24.799,0.19034444444444445,True,20,1,35.9184062,139.9079523,24.471568796354056,,28.7,1011.8248828125,53.2666015625,238.6875,-2.6875,-165.5,-0.43,2.33,-9.37,0.0625,-0.0625,0.125,63,,stopped,0.0,0.0,
2026-08-04T18:27:03.190,683.944,selfie,35.91822908333333,139.907791,24.799,0.19034444444444445,True,20,1,35.9184062,139.9079523,24.471568796354056,,28.7,1011.832890625,53.267578125,238.6875,-2.6875,-165.5,-0.45,2.33,-9.35,0.0,-0.125,0.0625,63,,stopped,0.0,0.0,
2026-08-04T18:27:03.690,684.444,selfie,35.91822798333333,139.90779038333332,24.801,0.17491111111111113,True,20,1,35.9184062,139.9079523,24.602983584034682,,28.71,1012.3908203125,53.2802734375,238.6875,-2.6875,-165.5,-0.43,2.36,-9.36,-0.125,-0.0625,0.0,63,,stopped,0.0,0.0,
2026-08-04T18:27:04.190,684.944,selfie,35.91822798333333,139.90779038333332,24.801,0.17491111111111113,True,20,1,35.9184062,139.9079523,24.602983584034682,,28.71,1011.7676953125,53.2919921875,238.6875,-2.6875,-165.5,-0.45,2.34,-9.37,0.0625,-0.125,-0.125,63,,stopped,0.0,0.0,
2026-08-04T18:27:04.691,685.445,selfie,35.9182227,139.90779008333334,24.796,0.15947777777777777,True,19,1,35.9184062,139.9079523,25.09431062720062,,28.71,1011.7596484375,53.451171875,238.6875,-2.6875,-165.5,-0.43,2.34,-9.35,-0.0625,0.0625,0.0,63,,stopped,0.0,0.0,
2026-08-04T18:27:05.191,685.945,selfie,35.9182227,139.90779008333334,24.796,0.15947777777777777,True,19,1,35.9184062,139.9079523,25.09431062720062,,28.73,1011.7646484375,53.419921875,238.6875,-2.6875,-165.5,-0.44,2.34,-9.37,0.0,0.0,-0.0625,63,,stopped,0.0,0.0,
2026-08-04T18:27:05.692,686.446,selfie,35.918216883333336,139.90778988333332,24.801,0.19034444444444445,True,19,1,35.9184062,139.9079523,25.633251516360975,,28.71,1011.7405859375,53.326171875,238.6875,-2.6875,-165.5,-0.43,2.34,-9.37,-0.0625,0.0,0.0,63,,stopped,0.0,0.0,
2026-08-04T18:27:06.192,686.946,selfie,35.918216883333336,139.90778988333332,24.801,0.19034444444444445,True,19,1,35.9184062,139.9079523,25.633251516360975,,28.72,1011.8027734375,53.3369140625,238.6875,-2.6875,-165.5,-0.43,2.34,-9.35,-0.0625,0.0,0.125,63,,stopped,0.0,0.0,
2026-08-04T18:27:06.692,687.446,selfie,35.91821458333333,139.90778778333333,24.803,0.19034444444444445,True,19,1,35.9184062,139.9079523,25.951186185023115,,28.71,1011.7596484375,53.2919921875,238.6875,-2.6875,-165.5,-0.42,2.33,-9.37,0.0625,8.0,-0.0625,63,,stopped,0.0,0.0,
2026-08-04T18:27:07.193,687.947,selfie,35.91821458333333,139.90778778333333,24.803,0.19034444444444445,True,19,1,35.9184062,139.9079523,25.951186185023115,,28.71,1011.7596484375,53.314453125,238.6875,-2.6875,-165.5,-0.42,2.34,-9.35,0.0,0.0625,0.0,63,,stopped,0.0,0.0,
2026-08-04T18:27:07.693,688.447,selfie,35.918213,139.9077881,24.801,0.13375555555555557,True,19,1,35.9184062,139.9079523,26.07975136350129,,27.02,1009.1234765625,53.150390625,238.6875,-2.6875,-165.5,-0.43,2.32,-9.34,-0.0625,0.0,0.0625,63,,stopped,0.0,0.0,
2026-08-04T18:27:08.194,688.948,selfie,35.918213,139.9077881,24.801,0.13375555555555557,True,19,1,35.9184062,139.9079523,26.07975136350129,,27.76,1010.564140625,53.259765625,238.6875,-2.6875,-165.5,-0.44,2.32,-9.34,-0.125,-0.0625,0.1875,63,,stopped,0.0,0.0,
2026-08-04T18:27:08.694,689.448,selfie,35.9182118,139.90778818333334,24.802,0.10803333333333333,True,19,1,35.9184062,139.9079523,26.185539040155945,,28.68,1011.846640625,53.3896484375,238.6875,-2.6875,-165.5,-0.43,2.35,-9.36,0.0625,0.0625,0.0625,63,,stopped,0.0,0.0,
2026-08-04T18:27:09.195,689.949,selfie,35.9182118,139.90778818333334,24.802,0.10803333333333333,True,19,1,35.9184062,139.9079523,26.185539040155945,,28.51,1011.5260546875,53.3818359375,238.6875,-2.6875,-165.5,-0.42,2.34,-9.36,-0.0625,0.0625,0.0,63,,stopped,0.0,0.0,
2026-08-04T18:27:09.695,690.449,selfie,35.9182118,139.90778928333333,24.803,0.08231111111111111,True,19,1,35.9184062,139.9079523,26.12975982269386,,28.67,1012.1286328125,53.2861328125,238.6875,-2.6875,-165.5,-0.44,2.34,-9.35,0.0625,0.125,0.0625,63,,stopped,0.0,0.0,
2026-08-04T18:27:10.195,690.949,selfie,35.9182118,139.90778928333333,24.803,0.08231111111111111,True,19,1,35.9184062,139.9079523,26.12975982269386,,28.66,1011.7871484375,53.2734375,238.6875,-2.6875,-165.5,-0.43,2.34,-9.33,0.0,0.0,0.0,63,,stopped,0.0,0.0,
2026-08-04T18:27:10.696,691.450,selfie,35.918211983333336,139.90779018333333,24.802,0.10803333333333333,True,19,1,35.9184062,139.9079523,26.067422013472704,,28.67,1011.803515625,53.228515625,238.6875,-2.6875,-165.5,-0.43,2.35,-9.34,0.0,0.0,0.1875,63,,stopped,0.0,0.0,
2026-08-04T18:27:11.196,691.950,selfie,35.918211983333336,139.90779018333333,24.802,0.10803333333333333,True,19,1,35.9184062,139.9079523,26.067422013472704,,28.67,1011.77640625,53.2060546875,238.6875,-2.6875,-165.5,-0.43,2.37,-9.36,0.0,-0.0625,0.125,63,,stopped,0.0,0.0,
2026-08-04T18:27:11.696,692.451,selfie,35.9182123,139.90779118333333,24.801,0.07716666666666668,True,19,1,35.9184062,139.9079523,25.98787550554707,,28.67,1011.830625,53.2978515625,238.6875,-2.6875,-165.5,-0.42,2.35,-9.37,0.0625,0.125,0.0,63,,stopped,0.0,0.0,
2026-08-04T18:27:12.197,692.951,selfie,35.9182123,139.90779118333333,24.801,0.07716666666666668,True,19,1,35.9184062,139.9079523,25.98787550554707,,28.68,1011.765390625,53.287109375,238.6875,-2.6875,-165.5,-0.43,2.35,-9.37,0.125,-0.0625,-0.0625,63,,stopped,0.0,0.0,
2026-08-04T18:27:12.697,693.451,selfie,35.9182124,139.90779028333333,24.806,0.06687777777777779,True,19,1,35.9184062,139.9079523,26.024001552255164,,26.44,1008.3121875,53.33203125,238.6875,-2.6875,-165.5,-0.42,2.35,-9.37,0.0,-0.0625,0.0625,63,,stopped,0.0,0.0,
2026-08-04T18:27:13.198,693.952,selfie,35.9182124,139.90779028333333,24.806,0.06687777777777779,True,19,1,35.9184062,139.9079523,26.024001552255164,,28.66,1011.7955078125,53.423828125,238.6875,-2.6875,-165.5,-0.43,2.32,-9.37,0.0,-0.0625,-0.0625,63,,stopped,0.0,0.0,
2026-08-04T18:27:13.698,694.452,selfie,35.9182129,139.90778978333333,24.806,0.07716666666666668,True,20,1,35.9184062,139.9079523,26.003296191575892,,28.66,1011.8142578125,53.5478515625,238.6875,-2.6875,-165.5,-0.44,2.36,-9.38,0.0,0.0625,0.0,63,,stopped,0.0,0.0,
2026-08-04T18:27:14.198,694.953,selfie,35.9182129,139.90778978333333,24.806,0.07716666666666668,True,20,1,35.9184062,139.9079523,26.003296191575892,,28.64,1011.7821484375,53.5458984375,238.6875,-2.6875,-165.5,-0.42,2.35,-9.37,0.0625,0.0,0.0625,63,,stopped,0.0,0.0,
2026-08-04T18:27:14.699,695.453,selfie,35.9182136,139.90778938333332,24.808,0.23149999999999998,True,20,1,35.9184062,139.9079523,25.959334634851558,,28.63,1011.719921875,53.5673828125,238.6875,-2.6875,-165.5,-0.44,2.32,-9.37,0.0,-0.125,0.125,63,,stopped,0.0,0.0,
2026-08-04T18:27:15.199,695.953,selfie,35.9182136,139.90778938333332,24.808,0.23149999999999998,True,20,1,35.9184062,139.9079523,25.959334634851558,,28.63,1011.7741015625,53.46484375,238.6875,-2.6875,-165.5,-0.44,2.35,-9.35,0.0,0.125,0.0625,63,,stopped,0.0,0.0,
2026-08-04T18:27:15.700,696.454,selfie,35.918213783333336,139.90778688333333,24.806,0.1852,True,20,1,35.9184062,139.9079523,26.070494623647868,,28.63,1011.738984375,53.4404296875,238.6875,-2.6875,-165.5,-0.43,2.36,-9.36,0.0625,-0.125,0.125,63,,stopped,0.0,0.0,
2026-08-04T18:27:16.200,696.954,selfie,35.918213783333336,139.90778688333333,24.806,0.1852,True,20,1,35.9184062,139.9079523,26.070494623647868,,28.63,1011.7931640625,53.40625,238.6875,-2.6875,-165.5,-0.43,2.34,-9.37,-0.125,0.125,-0.0625,63,,stopped,0.0,0.0,
2026-08-04T18:27:16.700,697.454,selfie,35.91821388333334,139.90778488333333,24.804,0.1028888888888889,True,20,1,35.9184062,139.9079523,26.16472983564344,,28.63,1011.7741015625,53.31640625,238.6875,-2.6875,-165.5,-0.42,2.34,-9.35,-0.0625,-0.125,0.0,63,,stopped,0.0,0.0,
2026-08-04T18:27:17.201,697.955,selfie,35.91821388333334,139.90778488333333,24.804,0.1028888888888889,True,20,1,35.9184062,139.9079523,26.16472983564344,,28.64,1011.836328125,53.3857421875,238.6875,-2.6875,-165.5,-0.43,2.35,-9.35,0.0,0.0,0.125,63,,stopped,0.0,0.0,
2026-08-04T18:27:17.701,698.455,selfie,35.918213083333335,139.90778558333332,24.807,0.19034444444444445,True,20,1,35.9184062,139.9079523,26.20131431092109,,28.63,1011.74703125,53.3623046875,238.6875,-2.6875,-165.5,-0.43,2.35,-9.35,0.0625,0.0625,0.0,63,,stopped,0.0,0.0,
2026-08-04T18:27:18.202,698.957,selfie,35.918213083333335,139.90778558333332,24.807,0.19034444444444445,True,20,1,35.9184062,139.9079523,26.20131431092109,,28.62,1011.78484375,53.26953125,238.6875,-2.6875,-165.5,-0.42,2.33,-9.35,0.0625,0.1875,0.125,63,,stopped,0.0,0.0,
2026-08-04T18:27:18.702,699.456,selfie,35.91821218333333,139.90778728333333,24.81,0.26236666666666664,True,20,1,35.9184062,139.9079523,26.19625225149605,,28.63,1011.7660546875,53.26953125,238.6875,-2.6875,-165.5,-0.43,2.34,-9.35,0.0,-0.1875,0.125,63,,stopped,0.0,0.0,
2026-08-04T18:27:19.203,699.957,selfie,35.91821218333333,139.90778728333333,24.81,0.26236666666666664,True,20,1,35.9184062,139.9079523,26.19625225149605,,28.62,1011.776796875,53.2578125,238.6875,-2.6875,-165.5,-0.43,2.34,-9.38,-0.0625,0.0,-0.0625,63,,stopped,0.0,0.0,
2026-08-04T18:27:19.703,700.457,selfie,35.918210783333336,139.9077896,24.806,0.12346666666666666,True,20,1,35.9184062,139.9079523,26.207404929352325,,28.63,1011.738984375,53.1552734375,238.6875,-2.6875,-165.5,-0.43,2.32,-9.37,0.0625,0.0,0.0625,63,,stopped,0.0,0.0,
2026-08-04T18:27:20.203,700.958,selfie,35.918210783333336,139.9077896,24.806,0.12346666666666666,True,20,1,35.9184062,139.9079523,26.207404929352325,,28.63,1011.820234375,53.24609375,238.6875,-2.6875,-165.5,-0.44,2.34,-9.34,0.0,0.0,0.0625,63,,stopped,0.0,0.0,
2026-08-04T18:27:20.704,701.458,selfie,35.918210083333335,139.9077905,24.807,0.06173333333333333,True,20,1,35.9184062,139.9079523,26.226865624959277,,28.36,1011.833359375,53.3876953125,238.6875,-2.6875,-165.5,-0.43,2.35,-9.35,0.0,-0.0625,0.125,63,,stopped,0.0,0.0,
2026-08-04T18:27:21.204,701.958,selfie,35.918210083333335,139.9077905,24.807,0.06173333333333333,True,20,1,35.9184062,139.9079523,26.226865624959277,,28.63,1011.7660546875,53.3955078125,238.6875,-2.6875,-165.5,-0.43,2.34,-9.36,0.0,0.0625,-0.0625,63,,stopped,0.0,0.0,
2026-08-04T18:27:21.705,702.459,selfie,35.91820968333333,139.907791,24.807,0.09774444444444444,True,20,1,35.9184062,139.9079523,26.23890774563108,,28.62,1011.7577734375,53.6123046875,238.6875,-2.6875,-165.5,-0.43,2.34,-9.39,0.0,8.0625,0.0,63,,stopped,0.0,0.0,
2026-08-04T18:27:22.205,702.959,selfie,35.91820968333333,139.907791,24.807,0.09774444444444444,True,20,1,35.9184062,139.9079523,26.23890774563108,,28.63,1011.82828125,53.63671875,238.6875,-2.6875,-165.5,-0.43,2.32,-9.37,-0.0625,-0.0625,0.0,63,,stopped,0.0,0.0,
2026-08-04T18:27:22.705,703.460,selfie,35.918208883333335,139.90779038333332,24.8,0.1852,True,20,1,35.9184062,139.9079523,26.343731442411364,,28.62,1011.8038671875,53.8525390625,238.6875,-2.6875,-165.5,-0.42,2.34,-9.36,0.0625,0.0,-0.0625,63,,stopped,0.0,0.0,
2026-08-04T18:27:23.206,703.960,selfie,35.918208883333335,139.90779038333332,24.8,0.1852,True,20,1,35.9184062,139.9079523,26.343731442411364,,28.62,1011.78484375,53.8642578125,238.6875,-2.6875,-165.5,-0.43,2.35,-9.36,0.0625,0.125,-0.0625,63,,stopped,0.0,0.0,
2026-08-04T18:27:23.706,704.460,selfie,35.918209383333334,139.90778848333332,24.797,0.15433333333333335,True,20,1,35.9184062,139.9079523,26.3926957011886,,28.62,1011.8038671875,53.978515625,238.6875,-2.6875,-165.5,-0.43,2.34,-9.36,0.0625,-0.125,-0.0625,63,,stopped,0.0,0.0,
2026-08-04T18:27:24.206,704.961,selfie,35.918209383333334,139.90778848333332,24.797,0.15433333333333335,True,20,1,35.9184062,139.9079523,26.3926957011886,,28.63,1011.6848046875,54.0009765625,238.6875,-2.6875,-165.5,-0.44,2.34,-9.33,0.0625,0.25,-0.0625,63,,stopped,0.0,0.0,
2026-08-04T18:27:24.707,705.461,selfie,35.918210783333336,139.90778838333333,24.807,0.08745555555555556,True,20,1,35.9184062,139.9079523,26.26881379485078,,28.62,1011.776796875,53.8408203125,238.6875,-2.6875,-165.5,-0.46,2.37,-9.38,8.0625,-0.125,-0.0625,63,,stopped,0.0,0.0,
2026-08-04T18:27:25.207,705.961,selfie,35.918210783333336,139.90778838333333,24.807,0.08745555555555556,True,20,1,35.9184062,139.9079523,26.26881379485078,,28.61,1011.84203125,53.8505859375,238.6875,-2.6875,-165.5,-0.43,2.33,-9.35,-0.0625,0.0625,0.0625,63,,stopped,0.0,0.0,
2026-08-04T18:27:25.708,706.462,selfie,35.91821158333333,139.90778848333332,24.818,0.14404444444444445,True,20,1,35.9184062,139.9079523,26.190204506477414,,28.59,1011.771796875,53.7470703125,238.6875,-2.6875,-165.5,-0.43,2.35,-9.31,-0.0625,0.0,0.0,63,,stopped,0.0,0.0,
2026-08-04T18:27:26.208,706.962,selfie,35.91821158333333,139.90778848333332,24.818,0.14404444444444445,True,20,1,35.9184062,139.9079523,26.190204506477414,,28.59,1011.771796875,53.712890625,238.6875,-2.6875,-165.5,-0.45,2.35,-9.35,0.0,-0.0625,0.0,63,,stopped,0.0,0.0,
2026-08-04T18:27:26.716,707.470,selfie,35.918211983333336,139.90779,24.82,0.1852,True,20,1,35.9184062,139.9079523,26.076671616645864,,28.56,1011.8045703125,53.7998046875,238.6875,-2.6875,-165.5,-0.43,2.34,-9.38,0.0,0.0,0.1875,63,,stopped,0.0,0.0,
2026-08-04T18:27:27.217,707.971,selfie,35.918211983333336,139.90779,24.82,0.1852,True,20,1,35.9184062,139.9079523,26.076671616645864,,28.59,1011.76375,53.826171875,238.6875,-2.6875,-165.5,-0.43,2.34,-9.38,0.0,0.1875,0.0,63,,stopped,0.0,0.0,
2026-08-04T18:27:27.717,708.471,selfie,35.9182118,139.907792,24.814,0.15433333333333335,True,20,1,35.9184062,139.9079523,25.99310662357518,,28.57,1011.766484375,54.052734375,238.6875,-2.6875,-165.5,-0.43,2.35,-9.35,0.0,0.0625,0.0625,63,,stopped,0.0,0.0,
2026-08-04T18:27:28.217,708.972,selfie,35.9182118,139.907792,24.814,0.15433333333333335,True,20,1,35.9184062,139.9079523,25.99310662357518,,28.54,1011.745078125,54.1181640625,238.6875,-2.6875,-165.5,-0.43,2.34,-9.35,0.0625,0.0,0.0625,63,,stopped,0.0,0.0,
2026-08-04T18:27:28.718,709.472,selfie,35.91821208333333,139.90779358333333,24.818,0.18005555555555552,True,20,1,35.9184062,139.9079523,25.88792078052163,,28.55,1011.7614453125,54.0966796875,238.6875,-2.6875,-165.5,-0.43,2.36,-9.38,0.125,-0.125,-0.0625,63,,stopped,0.0,0.0,
2026-08-04T18:27:29.218,709.972,selfie,35.91821208333333,139.90779358333333,24.818,0.18005555555555552,True,20,1,35.9184062,139.9079523,25.88792078052163,,28.56,1011.7504296875,54.0517578125,238.6875,-2.6875,-165.5,-0.43,2.35,-9.38,-0.0625,0.0,0.0,63,,stopped,0.0,0.0,
2026-08-04T18:27:29.719,710.473,selfie,35.918213083333335,139.90779498333333,24.816,0.10803333333333333,True,20,1,35.9184062,139.9079523,25.725641509635498,,28.55,1011.7614453125,53.9248046875,238.6875,-2.6875,-165.5,-0.43,2.36,-9.38,0.0,-0.0625,0.0,63,,stopped,0.0,0.0,
2026-08-04T18:27:30.219,710.973,selfie,35.918213083333335,139.90779498333333,24.816,0.10803333333333333,True,20,1,35.9184062,139.9079523,25.725641509635498,,28.56,1011.7965234375,53.7421875,238.6875,-2.6875,-165.5,-0.43,2.36,-9.36,-0.0625,0.125,-0.0625,63,,stopped,0.0,0.0,
2026-08-04T18:27:30.720,711.474,selfie,35.91821398333333,139.90779548333333,24.812,0.14404444444444445,True,20,1,35.9184062,139.9079523,25.617318048781154,,25.57,1007.0223046875,53.751953125,238.6875,-2.6875,-165.5,-0.44,2.35,-9.36,0.0,0.1875,0.0,63,,stopped,0.0,0.0,
2026-08-04T18:27:31.220,711.974,selfie,35.91821398333333,139.90779548333333,24.812,0.14404444444444445,True,20,1,35.9184062,139.9079523,25.617318048781154,,28.56,1011.7775,53.8232421875,238.6875,-2.6875,-165.5,-0.43,2.35,-9.38,0.0,0.0,-0.0625,63,,stopped,0.0,0.0,
2026-08-04T18:27:31.720,712.474,selfie,35.91821528333333,139.90779518333332,24.798,0.11832222222222223,True,20,1,35.9184062,139.9079523,25.51180866072042,,28.55,1011.788515625,53.90234375,238.6875,-2.6875,-165.5,-0.43,2.35,-9.37,-0.0625,0.0625,-0.125,63,,stopped,0.0,0.0,
2026-08-04T18:27:32.221,712.975,selfie,35.91821528333333,139.90779518333332,24.798,0.11832222222222223,True,20,1,35.9184062,139.9079523,25.51180866072042,,28.57,1011.7935546875,53.9150390625,238.6875,-2.6875,-165.5,-0.43,2.35,-9.37,0.0,-0.0625,0.0625,63,,stopped,0.0,0.0,
2026-08-04T18:27:32.721,713.475,selfie,35.91821528333333,139.90779638333333,24.792,0.06687777777777779,True,20,1,35.9184062,139.9079523,25.452037282402237,,28.58,1011.7473828125,53.7900390625,238.6875,-2.6875,-165.5,-0.44,2.36,-9.37,-0.0625,0.0,0.0,63,,stopped,0.0,0.0,
2026-08-04T18:27:33.221,713.975,selfie,35.91821528333333,139.90779638333333,24.792,0.06687777777777779,True,20,1,35.9184062,139.9079523,25.452037282402237,,28.58,1011.809609375,53.7568359375,238.6875,-2.6875,-165.5,-0.43,2.34,-9.38,-0.0625,0.0625,-0.125,63,,stopped,0.0,0.0,
2026-08-04T18:27:33.722,714.476,selfie,35.918215483333334,139.90779688333333,24.792,0.03601111111111111,True,20,1,35.9184062,139.9079523,25.408662423773837,,28.58,1011.7825,53.779296875,238.6875,-2.6875,-165.5,-0.43,2.34,-9.35,0.0,0.0625,0.0625,63,,stopped,0.0,0.0,
2026-08-04T18:27:34.222,714.976,selfie,35.918215483333334,139.90779688333333,24.792,0.03601111111111111,True,20,1,35.9184062,139.9079523,25.408662423773837,,28.58,1011.7744921875,53.8125,238.6875,-2.6875,-165.5,-0.43,2.35,-9.33,-0.0625,0.0,0.125,63,,stopped,0.0,0.0,
2026-08-04T18:27:34.723,715.477,selfie,35.91821528333333,139.90779688333333,24.796,0.0463,True,20,1,35.9184062,139.9079523,25.427226615778654,,28.18,1011.109609375,53.7197265625,238.6875,-2.6875,-165.5,-0.44,2.35,-9.35,0.0,0.0,0.0,63,,stopped,0.0,0.0,
2026-08-04T18:27:35.223,715.977,selfie,35.91821528333333,139.90779688333333,24.796,0.0463,True,20,1,35.9184062,139.9079523,25.427226615778654,,27.89,1010.7119140625,53.75390625,238.6875,-2.6875,-165.5,-0.44,2.35,-9.37,0.0,0.0625,0.0,63,,stopped,0.0,0.0,
2026-08-04T18:27:35.723,716.478,selfie,35.91821508333334,139.90779698333333,24.799,0.14404444444444445,True,20,1,35.9184062,139.9079523,25.440844847753254,,28.58,1011.7203125,53.6181640625,238.6875,-2.6875,-165.5,-0.44,2.34,-9.36,0.0625,0.0,0.0625,63,,stopped,0.0,0.0,
2026-08-04T18:27:36.224,716.978,selfie,35.91821508333334,139.90779698333333,24.799,0.14404444444444445,True,20,1,35.9184062,139.9079523,25.440844847753254,,28.57,1011.739375,53.595703125,238.6875,-2.6875,-165.5,-0.43,2.34,-9.36,0.0625,0.0625,0.0625,63,,stopped,0.0,0.0,
2026-08-04T18:27:36.724,717.478,selfie,35.918214383333336,139.90779798333332,24.798,0.0463,True,20,1,35.9184062,139.9079523,25.456629237835653,,28.58,1011.7473828125,53.7099609375,238.6875,-2.6875,-165.5,-0.43,2.37,-9.37,0.0,0.0,0.0,63,,stopped,0.0,0.0,
2026-08-04T18:27:37.225,717.979,selfie,35.918214383333336,139.90779798333332,24.798,0.0463,True,20,1,35.9184062,139.9079523,25.456629237835653,,28.58,1011.7473828125,53.732421875,238.6875,-2.6875,-165.5,-0.43,2.34,-9.37,0.0,-0.125,0.125,63,,stopped,0.0,0.0,
2026-08-04T18:27:37.725,718.479,selfie,35.918214283333334,139.90779838333333,24.803,0.09774444444444444,True,20,1,35.9184062,139.9079523,25.44630835709706,,28.57,1011.739375,54.0185546875,238.6875,-2.6875,-165.5,-0.43,2.37,-9.34,0.0625,-0.125,-0.0625,63,,stopped,0.0,0.0,
2026-08-04T18:27:38.225,718.980,selfie,35.918214283333334,139.90779838333333,24.803,0.09774444444444444,True,20,1,35.9184062,139.9079523,25.44630835709706,,28.58,1011.7554296875,53.9619140625,238.6875,-2.6875,-165.5,-0.43,2.34,-9.35,0.0,0.0,0.0,63,,stopped,0.0,0.0,
2026-08-04T18:27:38.726,719.480,selfie,35.918214383333336,139.90779828333334,24.803,0.08231111111111111,True,20,1,35.9184062,139.9079523,25.441891860025542,,28.56,1011.7504296875,54.166015625,238.6875,-2.6875,-165.5,-0.44,2.34,-9.35,-0.0625,0.0,0.0625,63,,stopped,0.0,0.0,
2026-08-04T18:27:39.226,719.980,selfie,35.918214383333336,139.90779828333334,24.803,0.08231111111111111,True,20,1,35.9184062,139.9079523,25.441891860025542,,28.56,1011.7153125,53.8447265625,238.6875,-2.6875,-165.5,-0.44,2.36,-9.34,0.0625,0.0625,0.0625,63,,stopped,0.0,0.0,
2026-08-04T18:27:39.727,720.481,selfie,35.918214383333336,139.9077982,24.804,0.06173333333333333,True,21,1,35.9184062,139.9079523,25.445983555062085,,28.55,1011.788515625,54.02734375,238.6875,-2.6875,-165.5,-0.43,2.36,-9.36,8.125,0.0,0.1875,63,,stopped,0.0,0.0,
2026-08-04T18:27:40.227,720.981,selfie,35.918214383333336,139.9077982,24.804,0.06173333333333333,True,21,1,35.9184062,139.9079523,25.445983555062085,,28.55,1011.7343359375,54.0615234375,238.6875,-2.6875,-165.5,-0.43,2.35,-9.37,0.0625,0.0625,0.0,63,,stopped,0.0,0.0,
2026-08-04T18:27:40.727,721.482,selfie,35.91821448333334,139.90779808333335,24.805,0.08745555555555556,True,21,1,35.9184062,139.9079523,25.442396903386676,,28.55,1011.7614453125,53.9814453125,238.6875,-2.6875,-165.5,-0.43,2.37,-9.38,-0.0625,-0.0625,0.0625,63,,stopped,0.0,0.0,
2026-08-04T18:27:41.228,721.982,selfie,35.91821448333334,139.90779808333335,24.805,0.08745555555555556,True,21,1,35.9184062,139.9079523,25.442396903386676,,28.54,1011.73703125,53.9794921875,238.6875,-2.6875,-165.5,-0.41,2.38,-9.37,0.0625,0.0,-0.0625,63,,stopped,0.0,0.0,
2026-08-04T18:27:41.728,722.482,selfie,35.91821458333333,139.90779788333333,24.806,0.0926,True,21,1,35.9184062,139.9079523,25.442919547407058,,28.54,1011.764140625,54.09375,238.6875,-2.6875,-165.5,-0.43,2.37,-9.35,0.0,0.125,0.0,63,,stopped,0.0,0.0,
2026-08-04T18:27:42.229,722.983,selfie,35.91821458333333,139.90779788333333,24.806,0.0926,True,21,1,35.9184062,139.9079523,25.442919547407058,,28.53,1011.802265625,54.046875,238.6875,-2.6875,-165.5,-0.43,2.35,-8.04,0.0625,0.125,0.0,63,,stopped,0.0,0.0,
2026-08-04T18:27:42.729,723.483,selfie,35.91821458333333,139.9077977,24.806,0.09774444444444444,True,21,1,35.9184062,139.9079523,25.451946329970628,,28.54,1011.7721484375,54.072265625,238.6875,-2.6875,-165.5,-0.44,2.35,-9.38,0.0,-0.125,0.0625,63,,stopped,0.0,0.0,
2026-08-04T18:27:43.230,723.984,selfie,35.91821458333333,139.9077977,24.806,0.09774444444444444,True,21,1,35.9184062,139.9079523,25.451946329970628,,28.54,1011.8183203125,54.10546875,238.6875,-2.6875,-165.5,-0.43,2.35,-9.33,0.0625,0.0,0.0,63,,stopped,0.0,0.0,
2026-08-04T18:27:43.730,724.484,selfie,35.9182147,139.90779758333332,24.807,0.11317777777777778,True,21,1,35.9184062,139.9079523,25.446838012031257,,28.53,1011.7480859375,54.150390625,238.6875,-2.6875,-165.5,-0.41,2.35,-9.37,-0.0625,-0.125,0.0625,63,,stopped,0.0,0.0,
2026-08-04T18:27:44.230,724.984,selfie,35.9182147,139.90779758333332,24.807,0.11317777777777778,True,21,1,35.9184062,139.9079523,25.446838012031257,,28.54,1011.73703125,54.162109375,238.6875,-2.6875,-165.5,-0.44,2.35,-9.37,0.0,-0.0625,0.0,63,,stopped,0.0,0.0,
2026-08-04T18:27:44.731,725.485,selfie,35.91821568333334,139.90779798333332,24.807,0.14404444444444445,True,21,1,35.9184062,139.9079523,25.335636836477935,,28.52,1011.6587890625,54.21875,238.6875,-2.6875,-165.5,-0.43,2.35,-9.38,-0.0625,-0.125,-0.0625,63,,stopped,0.0,0.0,
2026-08-04T18:27:45.231,725.985,selfie,35.91821568333334,139.90779798333332,24.807,0.14404444444444445,True,21,1,35.9184062,139.9079523,25.335636836477935,,28.53,1011.75609375,54.2880859375,238.6875,-2.6875,-165.5,-0.43,2.37,-9.36,-0.125,0.125,-0.0625,63,,stopped,0.0,0.0,
2026-08-04T18:27:45.732,726.486,selfie,35.91821628333334,139.90779778333334,24.805,0.14918888888888887,True,22,1,35.9184062,139.9079523,25.289782508928436,,28.52,1011.6778515625,54.3427734375,238.6875,-2.6875,-165.5,-0.43,2.36,-9.35,0.0,0.125,0.0625,63,,stopped,0.0,0.0,
2026-08-04T18:27:46.232,726.986,selfie,35.91821628333334,139.90779778333334,24.805,0.14918888888888887,True,22,1,35.9184062,139.9079523,25.289782508928436,,28.52,1011.740078125,54.34375,238.6875,-2.6875,-165.5,-0.44,2.38,-9.37,0.0625,-0.0625,-0.0625,63,,stopped,0.0,0.0,
2026-08-04T18:27:46.732,727.486,selfie,35.918216783333335,139.9077977,24.803,0.20063333333333333,True,22,1,35.9184062,139.9079523,25.247512625590648,,28.51,1011.75078125,54.3076171875,238.6875,-2.6875,-165.5,-0.46,2.34,-9.38,0.0,0.0625,-0.0625,63,,stopped,0.0,0.0,
2026-08-04T18:27:47.233,727.987,selfie,35.918216783333335,139.9077977,24.803,0.20063333333333333,True,22,1,35.9184062,139.9079523,25.247512625590648,,28.52,1011.786171875,54.2744140625,238.6875,-2.6875,-165.5,-0.44,2.36,-9.38,0.0625,0.0625,0.0625,63,,stopped,0.0,0.0,
2026-08-04T18:27:47.733,728.487,selfie,35.9182178,139.90779748333333,24.803,0.0926,True,22,1,35.9184062,139.9079523,25.164086332190156,,28.49,1012.3606640625,54.0654296875,238.6875,-2.6875,-165.5,-0.43,2.35,-9.34,0.0625,0.0625,0.0,63,,stopped,0.0,0.0,
2026-08-04T18:27:48.233,728.988,selfie,35.9182178,139.90779748333333,24.803,0.0926,True,22,1,35.9184062,139.9079523,25.164086332190156,,28.48,1011.756796875,54.0869140625,238.6875,-2.6875,-165.5,-0.43,2.35,-9.37,-0.0625,0.0,0.1875,63,,stopped,0.0,0.0,
2026-08-04T18:27:48.734,729.488,selfie,35.9182179,139.90779748333333,24.804,0.07716666666666668,True,22,1,35.9184062,139.9079523,25.154830094051146,,28.5,1011.7888671875,53.8955078125,238.6875,-2.6875,-165.5,-0.44,2.36,-9.33,0.0,0.0,0.0625,63,,stopped,0.0,0.0,
2026-08-04T18:27:49.234,729.988,selfie,35.9182179,139.90779748333333,24.804,0.07716666666666668,True,22,1,35.9184062,139.9079523,25.154830094051146,,28.5,1011.7888671875,53.8955078125,238.6875,-2.6875,-165.5,-0.42,2.35,-9.38,0.0,0.0,0.125,63,,stopped,0.0,0.0,
2026-08-04T18:27:49.735,730.489,selfie,35.91821818333333,139.90779738333333,24.803,0.11832222222222223,True,22,1,35.9184062,139.9079523,25.13360952731755,,28.49,1011.7457421875,53.87109375,238.6875,-2.6875,-165.5,-0.43,2.37,-9.38,-0.0625,0.1875,-0.125,63,,stopped,0.0,0.0,
2026-08-04T18:27:50.235,730.989,selfie,35.91821818333333,139.90779738333333,24.803,0.11832222222222223,True,22,1,35.9184062,139.9079523,25.13360952731755,,28.49,1011.7457421875,53.9052734375,238.6875,-2.6875,-165.5,-0.43,2.36,-9.36,8.0625,0.1875,0.0,63,,stopped,0.0,0.0,
2026-08-04T18:27:50.736,731.490,selfie,35.9182185,139.90779728333334,24.804,0.1852,True,22,1,35.9184062,139.9079523,25.10933279491863,,28.49,1011.799921875,53.939453125,238.6875,-2.6875,-165.5,-0.44,2.36,-9.34,8.0,0.0,0.0,63,,stopped,0.0,0.0,
2026-08-04T18:27:51.236,731.990,selfie,35.9182185,139.90779728333334,24.804,0.1852,True,22,1,35.9184062,139.9079523,25.10933279491863,,28.5,1011.7266796875,53.986328125,238.6875,-2.6875,-165.5,-0.44,2.35,-9.37,-0.0625,0.125,0.0,63,,stopped,0.0,0.0,
2026-08-04T18:27:51.736,732.490,selfie,35.91821888333333,139.9077977,24.805,0.14404444444444445,True,22,1,35.9184062,139.9079523,25.0530434694904,,28.49,1011.7728515625,53.974609375,238.6875,-2.6875,-165.5,-0.44,2.33,-9.36,0.125,0.0,0.0,63,,stopped,0.0,0.0,
2026-08-04T18:27:52.237,732.991,selfie,35.91821888333333,139.9077977,24.805,0.14404444444444445,True,22,1,35.9184062,139.9079523,25.0530434694904,,28.49,1011.7648046875,53.9052734375,238.6875,-2.6875,-165.5,-0.45,2.36,-9.35,-0.0625,-0.125,-0.125,63,,stopped,0.0,0.0,
2026-08-04T18:27:52.737,733.492,selfie,35.91821938333333,139.90779738333333,24.806,0.030866666666666664,True,22,1,35.9184062,139.9079523,25.022726820074624,,26.45,1008.6601953125,53.8232421875,238.6875,-2.6875,-165.5,-0.43,2.36,-9.36,0.0,-0.0625,0.0625,63,,stopped,0.0,0.0,
2026-08-04T18:27:53.238,733.992,selfie,35.91821938333333,139.90779738333333,24.806,0.030866666666666664,True,22,1,35.9184062,139.9079523,25.022726820074624,,28.5,1011.7266796875,53.8837890625,238.6875,-2.6875,-165.5,-0.42,2.35,-9.34,-0.125,0.0,-0.0625,63,,stopped,0.0,0.0,
2026-08-04T18:27:53.738,734.492,selfie,35.9182197,139.90779708333332,24.807,0.07716666666666668,True,22,1,35.9184062,139.9079523,25.00859202892534,,28.48,1011.7296875,53.8359375,238.6875,-2.6875,-165.5,-0.43,2.36,-9.35,-0.1875,0.0,-0.0625,63,,stopped,0.0,0.0,
2026-08-04T18:27:54.239,734.993,selfie,35.9182197,139.90779708333332,24.807,0.07716666666666668,True,22,1,35.9184062,139.9079523,25.00859202892534,,28.48,1011.756796875,53.8359375,238.6875,-2.6875,-165.5,-0.43,2.34,-9.38,-0.125,0.0,0.0,63,,stopped,0.0,0.0,
2026-08-04T18:27:54.739,735.493,selfie,35.9182202,139.90779658333332,24.808,0.16462222222222223,True,22,1,35.9184062,139.9079523,24.987747947728103,,28.46,1011.7433984375,53.6953125,238.6875,-2.6875,-165.5,-0.43,2.37,-9.34,0.0,0.0,0.125,63,,stopped,0.0,0.0,
2026-08-04T18:27:55.511,736.265,selfie,35.9182202,139.90779658333332,24.808,0.16462222222222223,True,22,1,35.9184062,139.9079523,24.987747947728103,,28.47,1011.7323828125,53.732421875,238.6875,-2.6875,-165.5,-0.43,2.35,-9.35,0.0,0.0,0.0,63,,stopped,0.0,0.0,
2026-08-04T18:27:56.011,736.765,selfie,,,,,False,,,35.9184062,139.9079523,,,28.46,1011.805625,53.662109375,238.6875,-2.6875,-165.5,-0.43,2.34,-9.36,-0.0625,0.0,0.0,63,,stopped,0.0,0.0,
2026-08-04T18:27:56.511,737.265,selfie,,,,,False,,,35.9184062,139.9079523,,,28.45,1011.735390625,53.6044921875,238.6875,-2.6875,-165.5,-0.44,2.33,-9.37,0.125,0.125,0.0625,63,,stopped,0.0,0.0,
2026-08-04T18:27:57.012,737.766,selfie,35.9182226,139.90779488333334,24.818,0.0926,True,22,1,35.9184062,139.9079523,24.854309510920576,,28.44,1011.7380859375,53.6474609375,238.6875,-2.6875,-165.5,-0.43,2.35,-9.36,-0.0625,0.0,0.0625,63,,stopped,0.0,0.0,
2026-08-04T18:27:57.708,738.462,selfie,35.9182226,139.90779488333334,24.818,0.0926,True,22,1,35.9184062,139.9079523,24.854309510920576,,28.43,1011.757109375,53.646484375,238.6875,-2.6875,-165.5,-0.43,2.37,-9.4,0.0625,0.25,0.0,63,,stopped,0.0,0.0,
2026-08-04T18:27:58.208,738.962,selfie,35.918222783333334,139.90779468333332,24.819,0.05144444444444445,True,22,1,35.9184062,139.9079523,24.84785083605704,,28.45,1011.80859375,53.85546875,238.6875,-2.6875,-165.5,-0.42,2.36,-9.34,0.0,0.0625,0.125,63,,stopped,0.0,0.0,
2026-08-04T18:27:58.709,739.463,selfie,35.918222783333334,139.90779468333332,24.819,0.05144444444444445,True,22,1,35.9184062,139.9079523,24.84785083605704,,28.45,1011.754453125,53.7412109375,238.6875,-2.6875,-165.5,-0.43,2.37,-9.37,-0.0625,0.0,0.1875,63,,stopped,0.0,0.0,
2026-08-04T18:27:59.209,739.964,selfie,35.91822298333334,139.90779448333333,24.819,0.05144444444444445,True,22,1,35.9184062,139.9079523,24.839900277990225,,28.25,1011.8182421875,53.716796875,238.6875,-2.6875,-165.5,-0.41,2.36,-9.33,0.0,-0.0625,0.1875,63,,stopped,0.0,0.0,
2026-08-04T18:27:59.710,740.464,selfie,35.91822298333334,139.90779448333333,24.819,0.05144444444444445,True,22,1,35.9184062,139.9079523,24.839900277990225,,28.46,1011.797578125,53.70703125,238.6875,-2.6875,-165.5,-0.42,2.37,-9.34,-0.0625,-0.1875,0.0,63,,stopped,0.0,0.0,
2026-08-04T18:28:00.210,740.964,selfie,35.91822308333333,139.9077944,24.82,0.0926,True,22,1,35.9184062,139.9079523,24.83507707208906,,28.44,1011.74609375,53.6376953125,238.6875,-2.6875,-165.5,-0.43,2.35,-9.35,0.0,-0.0625,0.0,63,,stopped,0.0,0.0,
2026-08-04T18:28:00.711,741.465,selfie,35.91822308333333,139.9077944,24.82,0.0926,True,22,1,35.9184062,139.9079523,24.83507707208906,,28.44,1011.800234375,53.6376953125,238.6875,-2.6875,-165.5,-0.43,2.35,-9.36,0.0,0.0,0.0,63,,stopped,0.0,0.0,
2026-08-04T18:28:01.211,741.965,selfie,35.91822318333333,139.90779418333332,24.82,0.05658888888888889,True,22,1,35.9184062,139.9079523,24.837141554107482,,28.44,1011.7922265625,53.7392578125,238.6875,-2.6875,-165.5,-0.44,2.37,-9.35,0.0,0.0625,0.0,63,,stopped,0.0,0.0,
2026-08-04T18:28:01.711,742.466,selfie,35.91822318333333,139.90779418333332,24.82,0.05658888888888889,True,22,1,35.9184062,139.9079523,24.837141554107482,,28.43,1011.776171875,53.73828125,238.6875,-2.6875,-165.5,-0.43,2.37,-9.36,0.0,-0.0625,0.0,63,,stopped,0.0,0.0,
2026-08-04T18:28:02.212,742.966,selfie,35.918223383333334,139.90779398333333,24.821,0.20063333333333333,True,22,1,35.9184062,139.9079523,24.829260064953573,,28.43,1011.80328125,54.0126953125,238.6875,-2.6875,-165.5,-0.43,2.35,-9.37,0.0,0.0,-0.0625,63,,stopped,0.0,0.0,
2026-08-04T18:28:02.712,743.466,selfie,35.918223383333334,139.90779398333333,24.821,0.20063333333333333,True,22,1,35.9184062,139.9079523,24.829260064953573,,28.44,1011.74609375,53.98046875,238.6875,-2.6875,-165.5,-0.44,2.34,-9.34,-0.0625,0.0,0.0625,63,,stopped,0.0,0.0,
2026-08-04T18:28:03.213,743.967,selfie,35.918224083333335,139.9077939,24.824,0.12346666666666666,True,22,1,35.9184062,139.9079523,24.76989459481023,,25.91,1007.7705078125,54.28125,238.6875,-2.6875,-165.5,-0.41,2.37,-9.36,0.0,0.125,0.0625,63,,stopped,0.0,0.0,
2026-08-04T18:28:03.713,744.467,selfie,35.918224083333335,139.9077939,24.824,0.12346666666666666,True,22,1,35.9184062,139.9079523,24.76989459481023,,28.43,1011.8112890625,54.412109375,238.6875,-2.6875,-165.5,-0.42,2.35,-9.34,0.0,-0.0625,0.0625,63,,stopped,0.0,0.0,
2026-08-04T18:28:04.213,744.968,selfie,35.918224183333336,139.9077939,24.825,0.10803333333333333,True,22,1,35.9184062,139.9079523,24.76080475614096,,26.83,1009.3844921875,54.32421875,238.6875,-2.6875,-165.5,-0.42,2.38,-9.33,0.0625,0.125,-0.0625,63,,stopped,0.0,0.0,
2026-08-04T18:28:04.714,745.468,selfie,35.918224183333336,139.9077939,24.825,0.10803333333333333,True,22,1,35.9184062,139.9079523,24.76080475614096,,27.1,1009.94703125,54.48046875,238.6875,-2.6875,-165.5,-0.43,2.37,-9.38,0.0,-0.0625,0.0,191,,stopped,0.0,0.0,
2026-08-04T18:28:05.214,745.968,selfie,35.918224183333336,139.9077938,24.825,0.09774444444444444,True,22,1,35.9184062,139.9079523,24.76599353950548,,28.43,1011.776171875,54.5830078125,238.6875,-2.6875,-165.5,-0.43,2.36,-9.34,0.0625,0.0625,0.0625,63,,stopped,0.0,0.0,
2026-08-04T18:28:05.715,746.469,selfie,35.918224183333336,139.9077938,24.825,0.09774444444444444,True,22,1,35.9184062,139.9079523,24.76599353950548,,28.43,1011.80328125,54.5830078125,238.6875,-2.6875,-165.5,-0.44,2.36,-9.34,-0.0625,-0.0625,0.0,63,,stopped,0.0,0.0,
2026-08-04T18:28:06.215,746.969,selfie,35.918224183333336,139.90779368333332,24.824,0.17491111111111113,True,22,1,35.9184062,139.9079523,24.77204988509953,,28.43,1011.776171875,54.4345703125,238.6875,-2.6875,-165.5,-0.45,2.37,-9.37,-0.0625,-0.0625,0.1875,63,,stopped,0.0,0.0,
2026-08-04T18:28:06.716,747.470,selfie,35.918224183333336,139.90779368333332,24.824,0.17491111111111113,True,22,1,35.9184062,139.9079523,24.77204988509953,,28.43,1011.7491015625,54.5947265625,238.6875,-2.6875,-165.5,-0.43,2.37,-9.35,0.0625,-0.125,0.0625,191,,stopped,0.0,0.0,
2026-08-04T18:28:07.216,747.970,selfie,35.918223983333334,139.9077938,24.824,0.12346666666666666,True,22,1,35.9184062,139.9079523,24.784171065788538,,28.42,1011.7410546875,54.80078125,238.6875,-2.6875,-165.5,-0.43,2.37,-9.36,0.0,0.0,0.0,63,,stopped,0.0,0.0,
2026-08-04T18:28:07.716,748.470,selfie,35.918223983333334,139.9077938,24.824,0.12346666666666666,True,22,1,35.9184062,139.9079523,24.784171065788538,,28.43,1011.8303125,54.869140625,238.6875,-2.6875,-165.5,-0.43,2.38,-9.35,0.0625,0.125,0.0,63,,stopped,0.0,0.0,
2026-08-04T18:28:08.217,748.971,selfie,35.918223983333334,139.9077938,24.822,0.025722222222222226,True,22,1,35.9184062,139.9079523,24.784171065788538,,28.43,1011.776171875,55.1884765625,238.6875,-2.6875,-165.5,-0.44,2.37,-8.08,0.0,-0.125,0.0625,63,,stopped,0.0,0.0,
2026-08-04T18:28:08.718,749.472,selfie,35.918223983333334,139.9077938,24.822,0.025722222222222226,True,22,1,35.9184062,139.9079523,24.784171065788538,,28.42,1011.76015625,55.0283203125,238.6875,-2.6875,-165.5,-0.42,2.35,-9.36,-0.125,-0.0625,0.0,63,,stopped,0.0,0.0,
2026-08-04T18:28:09.218,749.972,selfie,35.918224083333335,139.90779368333332,24.822,0.17491111111111113,True,22,1,35.9184062,139.9079523,24.781135599016448,,28.43,1011.776171875,54.9375,238.6875,-2.6875,-165.5,-0.43,2.37,-9.35,-0.0625,0.1875,0.125,63,,stopped,0.0,0.0,
2026-08-04T18:28:09.718,750.472,selfie,35.918224083333335,139.90779368333332,24.822,0.17491111111111113,True,22,1,35.9184062,139.9079523,24.781135599016448,,28.41,1011.80625,54.923828125,238.6875,-2.6875,-165.5,-0.42,2.37,-9.37,8.0,0.125,0.0,63,,stopped,0.0,0.0,
2026-08-04T18:28:10.219,750.973,selfie,35.918223983333334,139.9077939,24.821,0.0463,True,22,1,35.9184062,139.9079523,24.77898608883191,,28.41,1011.80625,54.6611328125,238.6875,-2.6875,-165.5,-0.43,2.38,-9.37,0.0,0.0625,0.0625,63,,stopped,0.0,0.0,
2026-08-04T18:28:10.719,751.473,selfie,35.918223983333334,139.9077939,24.821,0.0463,True,22,1,35.9184062,139.9079523,24.77898608883191,,28.38,1011.749453125,54.7490234375,238.6875,-2.6875,-165.5,-0.42,2.36,-9.35,0.0,0.0,0.0625,63,,stopped,0.0,0.0,
2026-08-04T18:28:11.220,751.974,selfie,35.918223983333334,139.90779368333332,24.821,0.03601111111111111,True,22,1,35.9184062,139.9079523,24.7902229705596,,28.4,1011.708671875,54.935546875,238.6875,-2.6875,-165.5,-0.43,2.35,-9.36,-0.0625,0.1875,0.125,63,,stopped,0.0,0.0,
2026-08-04T18:28:11.720,752.474,selfie,35.918223983333334,139.90779368333332,24.821,0.03601111111111111,True,22,1,35.9184062,139.9079523,24.7902229705596,,28.4,1011.6735546875,54.9228515625,238.6875,-2.6875,-165.5,-0.43,2.35,-9.38,0.0625,0.125,0.1875,63,,stopped,0.0,0.0,
2026-08-04T18:28:12.220,752.974,selfie,35.918224083333335,139.90779348333334,24.82,0.12861111111111112,True,22,1,35.9184062,139.9079523,24.791521014735586,,28.38,1011.7577734375,54.8291015625,238.6875,-2.6875,-165.5,-0.45,2.38,-9.33,-0.0625,0.0,0.125,63,,stopped,0.0,0.0,
2026-08-04T18:28:12.721,753.475,selfie,35.918224083333335,139.90779348333334,24.82,0.12861111111111112,True,22,1,35.9184062,139.9079523,24.791521014735586,,28.38,1011.78484375,54.8173828125,238.6875,-2.6875,-165.5,-0.43,2.37,-9.38,0.0,0.0,-0.0625,63,,stopped,0.0,0.0,
2026-08-04T18:28:13.221,753.975,selfie,35.91822428333333,139.90779318333333,24.818,0.05658888888888889,True,22,1,35.9184062,139.9079523,24.788964779609337,,28.36,1011.77921875,54.689453125,238.6875,-2.6875,-165.5,-0.44,2.39,-9.37,0.0,0.1875,-0.0625,63,,stopped,0.0,0.0,
2026-08-04T18:28:13.721,754.476,selfie,35.91822428333333,139.90779318333333,24.818,0.05658888888888889,True,22,1,35.9184062,139.9079523,24.788964779609337,,28.37,1011.795234375,54.6796875,238.6875,-2.6875,-165.5,-0.43,2.37,-9.38,0.125,0.0625,0.0,63,,stopped,0.0,0.0,
2026-08-04T18:28:14.222,754.976,selfie,35.91822438333333,139.90779298333334,24.817,0.08231111111111111,True,22,1,35.9184062,139.9079523,24.790310563898448,,28.35,1011.763125,54.5400390625,238.6875,-2.6875,-165.5,-0.44,2.36,-9.38,0.0,-0.125,0.0625,63,,stopped,0.0,0.0,
2026-08-04T18:28:14.722,755.476,selfie,35.91822438333333,139.90779298333334,24.817,0.08231111111111111,True,22,1,35.9184062,139.9079523,24.790310563898448,,28.35,1011.763125,54.5400390625,238.6875,-2.6875,-165.5,-0.43,2.37,-9.36,0.0,-0.125,0.0625,63,,stopped,0.0,0.0,
2026-08-04T18:28:15.223,755.977,selfie,35.91822438333333,139.9077929,24.816,0.26751111111111114,True,22,1,35.9184062,139.9079523,24.794654236627746,,28.31,1011.67953125,54.7412109375,238.6875,-2.6875,-165.5,-0.44,2.36,-9.34,0.1875,-0.0625,0.0,63,,stopped,0.0,0.0,
2026-08-04T18:28:15.723,756.477,selfie,35.91822438333333,139.9077929,24.816,0.26751111111111114,True,22,1,35.9184062,139.9079523,24.794654236627746,,28.32,1011.7417578125,54.7529296875,238.6875,-2.6875,-165.5,-0.44,2.36,-9.38,-0.0625,0.0,-0.0625,63,,stopped,0.0,0.0,
2026-08-04T18:28:16.223,756.978,selfie,35.918223383333334,139.9077944,24.817,0.2778,True,22,1,35.9184062,139.9079523,24.80773464575536,,28.29,1011.6932421875,54.6005859375,238.6875,-2.6875,-165.5,-0.44,2.37,-9.37,-0.3125,-0.1875,0.0625,63,,stopped,0.0,0.0,
2026-08-04T18:28:16.724,757.478,selfie,35.918223383333334,139.9077944,24.817,0.2778,True,22,1,35.9184062,139.9079523,24.80773464575536,,28.29,1011.7203125,54.58984375,238.6875,-2.6875,-165.5,-0.42,2.36,-9.39,0.0,0.0,0.0625,63,,stopped,0.0,0.0,
2026-08-04T18:28:17.224,757.978,selfie,35.9182221,139.90779598333333,24.806,0.10803333333333333,True,22,1,35.9184062,139.9079523,24.843737768861534,,26.94,1009.623984375,54.51953125,238.6875,-2.6875,-165.5,-0.43,2.4,-9.37,0.0,-0.0625,0.0,63,,stopped,0.0,0.0,
2026-08-04T18:28:17.725,758.479,selfie,35.9182221,139.90779598333333,24.806,0.10803333333333333,True,22,1,35.9184062,139.9079523,24.843737768861534,,28.29,1012.5055078125,54.521484375,238.6875,-2.6875,-165.5,-0.45,2.38,-9.36,-0.1875,-0.0625,0.0,63,,stopped,0.0,0.0,
2026-08-04T18:28:18.225,758.979,selfie,35.918222,139.90779588333334,24.801,0.08745555555555556,True,22,1,35.9184062,139.9079523,24.858002517132757,,28.28,1011.7583984375,54.6455078125,238.6875,-2.6875,-165.5,-0.44,2.37,-9.37,-0.0625,0.0,0.0,63,,stopped,0.0,0.0,
2026-08-04T18:28:18.725,759.480,selfie,35.918222,139.90779588333334,24.801,0.08745555555555556,True,22,1,35.9184062,139.9079523,24.858002517132757,,28.28,1011.7855078125,54.69140625,238.6875,-2.6875,-165.5,-0.43,2.38,-9.37,0.125,-0.0625,0.0625,63,,stopped,0.0,0.0,
2026-08-04T18:28:19.226,759.980,selfie,35.9182221,139.90779558333332,24.799,0.14918888888888887,True,22,1,35.9184062,139.9079523,24.864164963777135,,28.27,1011.7962109375,54.724609375,238.6875,-2.6875,-165.5,-0.43,2.37,-9.36,0.0625,0.0625,0.0,63,,stopped,0.0,0.0,
2026-08-04T18:28:19.726,760.480,selfie,35.9182221,139.90779558333332,24.799,0.14918888888888887,True,22,1,35.9184062,139.9079523,24.864164963777135,,28.26,1011.7340234375,54.7236328125,238.6875,-2.6875,-165.5,-0.44,2.37,-9.34,-0.1875,0.125,-0.125,63,,stopped,0.0,0.0,
2026-08-04T18:28:20.227,760.981,selfie,35.918222,139.90779518333332,24.792,0.16462222222222223,True,22,1,35.9184062,139.9079523,24.89377563167185,,28.25,1011.7369921875,54.6650390625,238.6875,-2.6875,-165.5,-0.43,2.38,-9.33,0.0,-0.0625,0.125,63,,stopped,0.0,0.0,
2026-08-04T18:28:20.727,761.481,selfie,35.918222,139.90779518333332,24.792,0.16462222222222223,True,22,1,35.9184062,139.9079523,24.89377563167185,,28.25,1011.8182421875,54.6767578125,238.6875,-2.6875,-165.5,-0.44,2.36,-9.34,-0.125,0.0625,0.1875,63,,stopped,0.0,0.0,
2026-08-04T18:28:21.227,761.981,selfie,35.918221683333336,139.90779508333333,24.781,0.025722222222222226,True,22,1,35.9184062,139.9079523,24.92786851916066,,28.25,1011.772109375,54.69921875,238.6875,-2.6875,-165.5,-0.43,2.37,-9.36,0.0625,-0.125,0.0,63,,stopped,0.0,0.0,
2026-08-04T18:28:21.728,762.482,selfie,35.918221683333336,139.90779508333333,24.781,0.025722222222222226,True,22,1,35.9184062,139.9079523,24.92786851916066,,28.25,1011.7911328125,54.6650390625,238.6875,-2.6875,-165.5,-0.43,2.36,-9.36,0.0,0.125,-0.0625,63,,stopped,0.0,0.0,
2026-08-04T18:28:22.228,762.982,selfie,35.918221683333336,139.90779498333333,24.781,0.07202222222222222,True,22,1,35.9184062,139.9079523,24.932984048081956,,28.26,1011.7801171875,54.6435546875,238.6875,-2.6875,-165.5,-0.43,2.37,-9.36,0.125,0.125,0.0,63,,stopped,0.0,0.0,
2026-08-04T18:28:22.728,763.483,selfie,35.918221683333336,139.90779498333333,24.781,0.07202222222222222,True,22,1,35.9184062,139.9079523,24.932984048081956,,28.26,1011.7801171875,54.4609375,238.6875,-2.6875,-165.5,-0.43,2.38,-9.35,-0.125,0.0625,-0.0625,63,,stopped,0.0,0.0,
2026-08-04T18:28:23.229,763.983,selfie,35.91822178333334,139.9077948,24.779,0.08231111111111111,True,22,1,35.9184062,139.9079523,24.93322226164683,,28.26,1011.7340234375,54.2890625,238.6875,-2.6875,-165.5,-0.43,2.36,-9.36,-0.0625,0.1875,0.0,63,,stopped,0.0,0.0,
2026-08-04T18:28:23.729,764.483,selfie,35.91822178333334,139.9077948,24.779,0.08231111111111111,True,22,1,35.9184062,139.9079523,24.93322226164683,,28.26,1011.7259765625,54.2666015625,238.6875,-2.6875,-165.5,-0.43,2.36,-9.35,0.0,0.0625,0.0,63,,stopped,0.0,0.0,
2026-08-04T18:28:24.230,764.984,selfie,35.91822178333334,139.90779468333332,24.777,0.11832222222222223,True,22,1,35.9184062,139.9079523,24.939200061300475,,28.26,1011.8072265625,54.2548828125,238.6875,-2.6875,-165.5,-0.44,2.38,-9.38,-0.0625,0.125,0.0625,63,,stopped,0.0,0.0,
2026-08-04T18:28:24.730,765.484,selfie,35.91822178333334,139.90779468333332,24.777,0.11832222222222223,True,22,1,35.9184062,139.9079523,24.939200061300475,,28.26,1011.7881640625,54.2783203125,238.6875,-2.6875,-165.5,-0.42,2.38,-9.35,0.0625,-0.125,0.0,63,,stopped,0.0,0.0,
2026-08-04T18:28:25.230,765.985,selfie,35.91822178333334,139.90779468333332,24.774,0.12861111111111112,True,22,1,35.9184062,139.9079523,24.939200061300475,,28.25,1011.7641015625,54.5048828125,238.6875,-2.6875,-165.5,-0.45,2.39,-9.37,-0.0625,0.1875,-0.0625,63,,stopped,0.0,0.0,
2026-08-04T18:28:25.731,766.485,selfie,35.91822178333334,139.90779468333332,24.774,0.12861111111111112,True,22,1,35.9184062,139.9079523,24.939200061300475,,28.25,1011.7641015625,54.5390625,238.6875,-2.6875,-165.5,-0.43,2.37,-9.34,-0.0625,-0.0625,0.0625,63,,stopped,0.0,0.0,
2026-08-04T18:28:26.231,766.985,selfie,35.91822178333334,139.90779458333333,24.77,0.010288888888888889,True,22,1,35.9184062,139.9079523,24.944326270214244,,28.26,1011.7259765625,54.44921875,238.6875,-2.6875,-165.5,-0.43,2.37,-9.38,0.125,-0.0625,0.125,63,,stopped,0.0,0.0,
2026-08-04T18:28:26.732,767.486,selfie,35.91822178333334,139.90779458333333,24.77,0.010288888888888889,True,22,1,35.9184062,139.9079523,24.944326270214244,,28.25,1011.7991796875,54.4248046875,238.6875,-2.6875,-165.5,-0.43,2.38,-9.36,-0.1875,0.0,0.0625,63,,stopped,0.0,0.0,
2026-08-04T18:28:27.232,767.986,selfie,35.91822188333333,139.90779418333332,24.764,0.16976666666666668,True,22,1,35.9184062,139.9079523,24.95572028416202,,28.24,1011.8021875,54.435546875,238.6875,-2.6875,-165.5,-0.45,2.38,-9.37,0.0,-0.0625,-0.125,63,,stopped,0.0,0.0,
2026-08-04T18:28:27.732,768.486,selfie,35.91822188333333,139.90779418333332,24.764,0.16976666666666668,True,22,1,35.9184062,139.9079523,24.95572028416202,,28.23,1011.793828125,54.548828125,238.6875,-2.6875,-165.5,-0.43,2.37,-9.33,0.0,-0.0625,0.0,63,,stopped,0.0,0.0,
2026-08-04T18:28:28.233,768.987,selfie,35.918222283333336,139.90779368333332,24.758,0.15947777777777777,True,22,1,35.9184062,139.9079523,24.944960144938833,,28.23,1011.7045703125,54.708984375,238.6875,-2.6875,-165.5,-0.43,2.39,-9.37,0.0,0.0625,0.0625,63,,stopped,0.0,0.0,
2026-08-04T18:28:28.733,769.487,selfie,35.918222283333336,139.90779368333332,24.758,0.15947777777777777,True,22,1,35.9184062,139.9079523,24.944960144938833,,28.22,1011.7777734375,54.70703125,238.6875,-2.6875,-165.5,-0.43,2.38,-9.33,0.0,-0.0625,-0.0625,63,,stopped,0.0,0.0,
2026-08-04T18:28:29.234,769.988,selfie,35.9182227,139.90779348333334,24.755,0.12861111111111112,True,22,1,35.9184062,139.9079523,24.917323538141883,,28.19,1011.7834375,54.4873046875,238.6875,-2.6875,-165.5,-0.43,2.38,-9.35,0.0,-0.0625,-0.125,63,,stopped,0.0,0.0,
2026-08-04T18:28:29.734,770.488,selfie,35.9182227,139.90779348333334,24.755,0.12861111111111112,True,22,1,35.9184062,139.9079523,24.917323538141883,,28.2,1011.826875,54.6142578125,238.6875,-2.6875,-165.5,-0.42,2.38,-9.35,0.0625,-0.125,-0.0625,63,,stopped,0.0,0.0,
2026-08-04T18:28:30.235,770.989,selfie,35.918222883333335,139.9077934,24.752,0.16462222222222223,True,22,1,35.9184062,139.9079523,24.90494369369441,,28.21,1011.7807421875,54.796875,238.6875,-2.6875,-165.5,-0.43,2.37,-9.38,-0.0625,0.0625,0.0,63,,stopped,0.0,0.0,
2026-08-04T18:28:30.735,771.489,selfie,35.918222883333335,139.9077934,24.752,0.16462222222222223,True,22,1,35.9184062,139.9079523,24.90494369369441,,28.22,1011.80484375,54.70703125,238.6875,-2.6875,-165.5,-0.43,2.39,-9.37,-0.0625,0.0,0.125,63,,stopped,0.0,0.0,
2026-08-04T18:28:31.235,771.989,selfie,35.91822308333333,139.90779348333334,24.75,0.030866666666666664,True,22,1,35.9184062,139.9079523,24.882431063130007,,28.24,1011.7209375,54.6416015625,238.6875,-2.6875,-165.5,-0.43,2.38,-9.37,0.0,-0.0625,0.1875,63,,stopped,0.0,0.0,
2026-08-04T18:28:31.736,772.490,selfie,35.91822308333333,139.90779348333334,24.75,0.030866666666666664,True,22,1,35.9184062,139.9079523,24.882431063130007,,28.2,1011.6102734375,54.6484375,238.6875,-2.6875,-165.5,-0.45,2.37,-9.35,0.0,0.0,0.125,63,,stopped,0.0,0.0,
2026-08-04T18:28:32.236,772.990,selfie,35.91822308333333,139.90779328333332,24.748,0.06173333333333333,True,22,1,35.9184062,139.9079523,24.892787250179726,,28.24,1011.7560546875,54.7099609375,238.6875,-2.6875,-165.5,-0.43,2.36,-9.35,0.0,0.0625,0.0625,63,,stopped,0.0,0.0,
2026-08-04T18:28:32.737,773.491,selfie,35.91822308333333,139.90779328333332,24.748,0.06173333333333333,True,22,1,35.9184062,139.9079523,24.892787250179726,,28.24,1011.7209375,54.7666015625,238.6875,-2.6875,-165.5,-0.43,2.36,-9.32,0.0,0.1875,0.125,63,,stopped,0.0,0.0,
2026-08-04T18:28:33.237,773.991,selfie,35.91822318333333,139.90779308333333,24.747,0.0463,True,22,1,35.9184062,139.9079523,24.894061305735672,,28.23,1011.78578125,54.833984375,238.6875,-2.6875,-165.5,-0.43,2.37,-9.34,0.0,0.0,-0.1875,63,,stopped,0.0,0.0,
2026-08-04T18:28:33.737,774.491,selfie,35.91822318333333,139.90779308333333,24.747,0.0463,True,22,1,35.9184062,139.9079523,24.894061305735672,,28.22,1011.7777734375,54.8330078125,238.6875,-2.6875,-165.5,-0.43,2.36,-9.37,-0.0625,0.0,-0.0625,63,,stopped,0.0,0.0,
2026-08-04T18:28:34.238,774.992,selfie,35.91822318333333,139.9077929,24.744,0.08745555555555556,True,22,1,35.9184062,139.9079523,24.903573589071794,,28.26,1012.429921875,54.7578125,238.6875,-2.6875,-165.5,-0.45,2.36,-9.38,-0.0625,0.0,0.0625,63,,stopped,0.0,0.0,
2026-08-04T18:28:34.738,775.492,selfie,35.91822318333333,139.9077929,24.744,0.08745555555555556,True,22,1,35.9184062,139.9079523,24.903573589071794,,28.25,1011.7641015625,54.7216796875,238.6875,-2.6875,-165.5,-0.44,2.37,-9.38,-0.125,-0.0625,0.0,63,,stopped,0.0,0.0,
2026-08-04T18:28:35.239,775.993,selfie,35.9182233,139.90779268333333,24.742,0.03601111111111111,True,22,1,35.9184062,139.9079523,24.90422973443774,,28.23,1011.7587109375,54.833984375,238.6875,-2.6875,-165.5,-0.43,2.36,-9.35,0.0625,0.0,-0.0625,63,,stopped,0.0,0.0,
2026-08-04T18:28:35.739,776.493,selfie,35.9182233,139.90779268333333,24.742,0.03601111111111111,True,22,1,35.9184062,139.9079523,24.90422973443774,,28.24,1011.91046875,54.7783203125,238.6875,-2.6875,-165.5,-0.43,2.37,-9.36,-0.125,0.0,-0.125,63,,stopped,0.0,0.0,
2026-08-04T18:28:36.239,776.993,selfie,35.9182233,139.90779248333334,24.74,0.0926,True,22,1,35.9184062,139.9079523,24.91462893641816,,28.21,1011.753671875,54.7509765625,238.6875,-2.6875,-165.5,-0.43,2.36,-9.37,0.0625,0.125,-0.125,63,,stopped,0.0,0.0,
2026-08-04T18:28:36.740,777.494,selfie,35.9182233,139.90779248333334,24.74,0.0926,True,22,1,35.9184062,139.9079523,24.91462893641816,,28.21,1011.7266015625,54.7626953125,238.6875,-2.6875,-165.5,-0.45,2.39,-9.37,0.0,0.125,-0.0625,63,,stopped,0.0,0.0,
2026-08-04T18:28:37.240,777.994,selfie,35.91822318333333,139.9077924,24.738,0.07202222222222222,True,22,1,35.9184062,139.9079523,24.929553303176405,,28.2,1011.7373046875,54.6123046875,238.6875,-2.6875,-165.5,-0.42,2.39,-9.35,8.0,-0.1875,0.0,63,,stopped,0.0,0.0,
2026-08-04T18:28:37.740,778.495,selfie,35.91822318333333,139.9077924,24.738,0.07202222222222222,True,22,1,35.9184062,139.9079523,24.929553303176405,,28.21,1011.753671875,54.7392578125,238.6875,-2.6875,-165.5,-0.44,2.38,-9.35,0.0625,-0.1875,0.0625,63,,stopped,0.0,0.0,
2026-08-04T18:28:38.241,778.995,selfie,35.91822318333333,139.90779228333332,24.737,0.030866666666666664,True,22,1,35.9184062,139.9079523,24.935623041152386,,28.18,1011.76734375,54.8857421875,238.6875,-2.6875,-165.5,-0.43,2.36,-9.38,-0.0625,-0.0625,0.125,63,,stopped,0.0,0.0,
2026-08-04T18:28:38.741,779.495,selfie,35.91822318333333,139.90779228333332,24.737,0.030866666666666664,True,22,1,35.9184062,139.9079523,24.935623041152386,,28.18,1011.7863671875,54.861328125,238.6875,-2.6875,-165.5,-0.43,2.38,-9.35,-0.125,-0.25,0.0625,63,,stopped,0.0,0.0,
2026-08-04T18:28:39.242,779.996,selfie,35.91822308333333,139.90779218333333,24.734,0.11317777777777778,True,22,1,35.9184062,139.9079523,24.9499018279278,,28.2,1011.7373046875,54.669921875,238.6875,-2.6875,-165.5,-0.43,2.36,-9.34,-0.0625,0.0,-0.0625,63,,stopped,0.0,0.0,
2026-08-04T18:28:39.742,780.496,selfie,35.91822308333333,139.90779218333333,24.734,0.11317777777777778,True,22,1,35.9184062,139.9079523,24.9499018279278,,28.2,1011.7373046875,54.6923828125,238.6875,-2.6875,-165.5,-0.42,2.38,-9.34,0.0,0.0,0.0,63,,stopped,0.0,0.0,
2026-08-04T18:28:40.242,780.997,selfie,35.91822298333334,139.90779228333332,24.733,0.2520777777777778,True,22,1,35.9184062,139.9079523,24.95377609846594,,28.2,1011.7914453125,54.681640625,238.6875,-2.6875,-165.5,-0.43,2.37,-9.39,-0.0625,0.0,0.0,63,,stopped,0.0,0.0,
2026-08-04T18:28:40.743,781.497,selfie,35.91822298333334,139.90779228333332,24.733,0.2520777777777778,True,22,1,35.9184062,139.9079523,24.95377609846594,,28.2,1011.7373046875,54.7041015625,238.6875,-2.6875,-165.5,-0.43,2.38,-9.36,-0.0625,0.0625,0.0625,63,,stopped,0.0,0.0,
2026-08-04T18:28:41.243,781.997,selfie,35.918222183333334,139.90779358333333,24.724,0.16462222222222223,True,22,1,35.9184062,139.9079523,24.959232688022364,,28.2,1011.764375,54.6357421875,238.6875,-2.6875,-165.5,-0.43,2.36,-9.39,0.0625,0.0,0.0,63,,stopped,0.0,0.0,
2026-08-04T18:28:41.744,782.498,selfie,35.918222183333334,139.90779358333333,24.724,0.16462222222222223,True,22,1,35.9184062,139.9079523,24.959232688022364,,28.18,1011.7322265625,54.64453125,238.6875,-2.6875,-165.5,-0.43,2.35,-9.34,-0.125,-0.0625,0.125,63,,stopped,0.0,0.0,
2026-08-04T18:28:42.244,782.998,selfie,35.918222,139.9077938,24.722,0.13375555555555557,True,22,1,35.9184062,139.9079523,24.96478744413311,,28.17,1011.7512890625,54.7578125,238.6875,-2.6875,-165.5,-0.45,2.37,-9.36,0.0,-0.0625,-0.125,63,,stopped,0.0,0.0,
2026-08-04T18:28:42.744,783.499,selfie,35.918222,139.9077938,24.722,0.13375555555555557,True,22,1,35.9184062,139.9079523,24.96478744413311,,28.14,1011.7218359375,54.8232421875,238.6875,-2.6875,-165.5,-0.43,2.37,-9.35,-0.0625,-0.0625,-0.0625,63,,stopped,0.0,0.0,
2026-08-04T18:28:43.245,783.999,selfie,35.918222,139.90779358333333,24.72,0.08231111111111111,True,22,1,35.9184062,139.9079523,24.975947767550803,,28.16,1011.7890625,54.7919921875,238.6875,-2.6875,-165.5,-0.42,2.37,-9.36,0.0,0.0,0.0625,63,,stopped,0.0,0.0,
2026-08-04T18:28:43.745,784.499,selfie,35.918222,139.90779358333333,24.72,0.08231111111111111,True,22,1,35.9184062,139.9079523,24.975947767550803,,28.17,1011.7162109375,54.826171875,238.6875,-2.6875,-165.5,-0.42,2.36,-9.37,0.0625,-0.125,0.0,63,,stopped,0.0,0.0,
2026-08-04T18:28:44.246,785.000,selfie,35.9182221,139.90779348333334,24.718,0.08745555555555556,True,22,1,35.9184062,139.9079523,24.97198603328564,,28.16,1012.33046875,54.91796875,238.6875,-2.6875,-165.5,-0.45,2.37,-9.35,0.0625,0.0,0.125,63,,stopped,0.0,0.0,
2026-08-04T18:28:44.746,785.500,selfie,35.9182221,139.90779348333334,24.718,0.08745555555555556,True,22,1,35.9184062,139.9079523,24.97198603328564,,28.16,1011.808125,54.9619140625,238.6875,-2.6875,-165.5,-0.43,2.38,-8.06,-0.0625,0.1875,-0.0625,63,,stopped,0.0,0.0,
2026-08-04T18:28:45.247,786.001,selfie,35.918222183333334,139.90779328333332,24.716,0.05658888888888889,True,22,1,35.9184062,139.9079523,24.97471271656265,,28.17,1011.7703515625,55.21484375,238.6875,-2.6875,-165.5,-0.44,2.37,-9.36,-0.125,0.125,0.0,63,,stopped,0.0,0.0,
2026-08-04T18:28:45.747,786.501,selfie,35.918222183333334,139.90779328333332,24.716,0.05658888888888889,True,22,1,35.9184062,139.9079523,24.97471271656265,,28.17,1011.74328125,55.259765625,238.6875,-2.6875,-165.5,-0.44,2.35,-9.34,0.0,0.0,0.0,63,,stopped,0.0,0.0,
2026-08-04T18:28:46.247,787.001,selfie,35.918222283333336,139.90779318333333,24.714,0.05144444444444445,True,22,1,35.9184062,139.9079523,24.97076960665791,,28.17,1011.7703515625,55.2490234375,238.6875,-2.6875,-165.5,-0.43,2.39,-9.34,-0.0625,-0.1875,0.125,63,,stopped,0.0,0.0,
2026-08-04T18:28:46.748,787.502,selfie,35.918222283333336,139.90779318333333,24.714,0.05144444444444445,True,22,1,35.9184062,139.9079523,24.97076960665791,,28.17,1011.778359375,55.21484375,238.6875,-2.6875,-165.5,-0.43,2.39,-9.35,0.0625,0.0625,0.0,63,,stopped,0.0,0.0,
2026-08-04T18:28:47.248,788.002,selfie,35.91822238333334,139.90779318333333,24.713,0.14404444444444445,True,22,1,35.9184062,139.9079523,24.961663757208047,,26.74,1009.4902734375,54.916015625,238.6875,-2.6875,-165.5,-0.43,2.39,-9.34,0.0,0.0,0.0,63,,stopped,0.0,0.0,
2026-08-04T18:28:47.748,788.503,selfie,35.91822238333334,139.90779318333333,24.713,0.14404444444444445,True,22,1,35.9184062,139.9079523,24.961663757208047,,28.16,1011.808125,54.9619140625,238.6875,-2.6875,-165.5,-0.43,2.38,-9.33,0.0,-0.0625,0.0625,63,,stopped,0.0,0.0,
2026-08-04T18:28:48.249,789.003,selfie,35.91822238333334,139.9077934,24.714,0.06173333333333333,True,22,1,35.9184062,139.9079523,24.95046887657887,,28.16,1011.753984375,54.99609375,238.6875,-2.6875,-165.5,-0.42,2.38,-9.37,-0.0625,-0.125,0.0625,63,,stopped,0.0,0.0,
2026-08-04T18:28:48.749,789.503,selfie,35.91822238333334,139.9077934,24.714,0.06173333333333333,True,22,1,35.9184062,139.9079523,24.95046887657887,,26.12,1008.61375,54.94140625,238.6875,-2.6875,-165.5,-0.42,2.37,-9.35,0.125,0.0,0.0625,63,,stopped,0.0,0.0,
2026-08-04T18:28:49.250,790.004,selfie,35.91822248333333,139.9077934,24.713,0.19548888888888888,True,22,1,35.9184062,139.9079523,24.94136057354292,,28.17,1011.7703515625,55.0771484375,238.6875,-2.6875,-165.5,-0.45,2.37,-9.31,-0.0625,0.0,0.0,63,,stopped,0.0,0.0,
2026-08-04T18:28:49.750,790.504,selfie,35.91822248333333,139.9077934,24.713,0.19548888888888888,True,22,1,35.9184062,139.9079523,24.94136057354292,,28.18,1011.7863671875,55.08984375,238.6875,-2.6875,-165.5,-0.44,2.39,-9.35,0.0625,-0.1875,-0.125,63,,stopped,0.0,0.0,
2026-08-04T18:28:50.250,791.004,selfie,35.918222783333334,139.9077939,24.716,0.26751111111111114,True,22,1,35.9184062,139.9079523,24.888212472634276,,28.18,1011.821484375,55.1826171875,238.6875,-2.6875,-165.5,-0.43,2.38,-9.36,0.0,0.125,0.0625,63,,stopped,0.0,0.0,
2026-08-04T18:28:50.751,791.505,selfie,35.918222783333334,139.9077939,24.716,0.26751111111111114,True,22,1,35.9184062,139.9079523,24.888212472634276,,28.18,1011.8134765625,55.25,238.6875,-2.6875,-165.5,-0.42,2.39,-9.38,-0.0625,0.125,-0.0625,63,,stopped,0.0,0.0,
2026-08-04T18:28:51.251,792.005,selfie,35.91822438333333,139.90779458333333,24.714,0.12346666666666666,True,21,1,35.9184062,139.9079523,24.70720596156778,,28.19,1011.72125,55.28515625,238.6875,-2.6875,-165.5,-0.44,2.4,-9.37,0.0,-0.1875,0.0,63,,stopped,0.0,0.0,
2026-08-04T18:28:51.751,792.505,selfie,35.91822438333333,139.90779458333333,24.714,0.12346666666666666,True,21,1,35.9184062,139.9079523,24.70720596156778,,28.17,1011.778359375,55.3056640625,238.6875,-2.6875,-165.5,-0.45,2.38,-9.34,0.0,0.125,0.125,63,,stopped,0.0,0.0,
2026-08-04T18:28:52.252,793.006,selfie,35.918224583333334,139.90779448333333,24.714,0.12346666666666666,True,21,1,35.9184062,139.9079523,24.694193261922717,,28.19,1011.775390625,55.3876953125,238.6875,-2.6875,-165.5,-0.43,2.39,-9.38,-0.0625,-0.125,0.0625,63,,stopped,0.0,0.0,
2026-08-04T18:28:52.752,793.506,selfie,35.918224583333334,139.90779448333333,24.714,0.12346666666666666,True,21,1,35.9184062,139.9079523,24.694193261922717,,28.19,1011.8105078125,55.400390625,238.6875,-2.6875,-165.5,-0.43,2.37,-9.38,-0.0625,0.0625,-0.0625,63,,stopped,0.0,0.0,
2026-08-04T18:28:53.253,794.007,selfie,35.9182245,139.9077943,24.711,0.08231111111111111,True,21,1,35.9184062,139.9079523,24.71127382810468,,28.2,1011.818515625,55.640625,238.6875,-2.6875,-165.5,-0.43,2.38,-9.36,0.0,0.0,0.0625,63,,stopped,0.0,0.0,
2026-08-04T18:28:53.753,794.507,selfie,35.9182245,139.9077943,24.711,0.08231111111111111,True,21,1,35.9184062,139.9079523,24.71127382810468,,28.19,1011.7834375,55.640625,238.6875,-2.6875,-165.5,-0.43,2.38,-9.35,8.0,-0.0625,-0.125,63,,stopped,0.0,0.0,
2026-08-04T18:28:54.253,795.007,selfie,35.9182245,139.9077943,24.711,0.09774444444444444,True,21,1,35.9184062,139.9079523,24.71127382810468,,28.19,1011.775390625,55.650390625,238.6875,-2.6875,-165.5,-0.43,2.37,-9.36,0.0625,-0.0625,-0.125,63,,stopped,0.0,0.0,
2026-08-04T18:28:54.754,795.508,selfie,35.9182245,139.9077943,24.711,0.09774444444444444,True,21,1,35.9184062,139.9079523,24.71127382810468,,28.18,1011.7593359375,55.6953125,238.6875,-2.6875,-165.5,-0.44,2.38,-9.37,0.0,-0.125,-0.1875,63,,stopped,0.0,0.0,
2026-08-04T18:28:55.254,796.008,selfie,35.9182245,139.9077943,24.71,0.1028888888888889,True,21,1,35.9184062,139.9079523,24.71127382810468,,28.16,1011.753984375,55.5673828125,238.6875,-2.6875,-165.5,-0.44,2.37,-9.37,0.0,-0.0625,0.125,63,,stopped,0.0,0.0,
2026-08-04T18:28:55.755,796.509,selfie,35.9182245,139.9077943,24.71,0.1028888888888889,True,21,1,35.9184062,139.9079523,24.71127382810468,,28.15,1011.7188671875,55.5205078125,238.6875,-2.6875,-165.5,-0.43,2.37,-9.36,0.0625,0.0,8.0,63,,stopped,0.0,0.0,
2026-08-04T18:28:56.255,797.009,selfie,35.9182245,139.90779418333332,24.71,0.15947777777777777,True,21,1,35.9184062,139.9079523,24.717324443228307,,28.16,1011.83515625,55.3388671875,238.6875,-2.6875,-165.5,-0.43,2.37,-9.34,0.0,-0.1875,-0.0625,63,,stopped,0.0,0.0,
2026-08-04T18:28:56.755,797.509,selfie,35.9182245,139.90779418333332,24.71,0.15947777777777777,True,21,1,35.9184062,139.9079523,24.717324443228307,,28.16,1011.734921875,55.36328125,238.6875,-2.6875,-165.5,-0.4,2.37,-9.37,-0.125,-0.0625,0.125,63,,stopped,0.0,0.0,
2026-08-04T18:28:57.256,798.010,selfie,35.918224183333336,139.90779398333333,24.707,0.14918888888888887,True,21,1,35.9184062,139.9079523,24.756482441220385,,28.16,1011.7619921875,55.3056640625,238.6875,-2.6875,-165.5,-0.44,2.38,-9.36,-0.125,0.1875,-0.0625,63,,stopped,0.0,0.0,
2026-08-04T18:28:57.756,798.510,selfie,35.918224183333336,139.90779398333333,24.707,0.14918888888888887,True,21,1,35.9184062,139.9079523,24.756482441220385,,25.1,1006.9191796875,55.169921875,238.6875,-2.6875,-165.5,-0.43,2.38,-9.35,0.0625,0.0,0.125,63,,stopped,0.0,0.0,
2026-08-04T18:28:58.257,799.011,selfie,35.918224083333335,139.90779418333332,24.709,0.25722222222222224,True,21,1,35.9184062,139.9079523,24.75521032312018,,28.18,1011.7322265625,54.94140625,238.6875,-2.6875,-165.5,-0.43,2.39,-9.38,0.0,0.0,0.125,63,,stopped,0.0,0.0,
2026-08-04T18:28:58.757,799.511,selfie,35.918224083333335,139.90779418333332,24.709,0.25722222222222224,True,21,1,35.9184062,139.9079523,24.75521032312018,,28.18,1011.7322265625,55.009765625,238.6875,-2.6875,-165.5,-0.42,2.34,-9.34,0.0625,-0.125,0.0,63,,stopped,0.0,0.0,
2026-08-04T18:28:59.257,800.011,selfie,35.91822428333333,139.90779598333333,24.71,0.18005555555555552,True,21,1,35.9184062,139.9079523,24.644076965159606,,28.17,1011.72421875,55.0771484375,238.6875,-2.6875,-165.5,-0.43,2.37,-9.33,0.0625,0.0625,0.0,63,,stopped,0.0,0.0,
2026-08-04T18:28:59.758,800.512,selfie,35.91822428333333,139.90779598333333,24.71,0.18005555555555552,True,21,1,35.9184062,139.9079523,24.644076965159606,,28.18,1011.7593359375,55.0439453125,238.6875,-2.6875,-165.5,-0.46,2.39,-9.34,-0.0625,0.125,-0.125,63,,stopped,0.0,0.0,
2026-08-04T18:29:00.259,801.013,selfie,35.9182245,139.90779648333333,24.711,0.12861111111111112,True,21,1,35.9184062,139.9079523,24.59859410109752,,28.18,1011.875625,54.9541015625,238.6875,-2.6875,-165.5,-0.43,2.38,-9.33,-0.0625,0.0,0.0625,63,,stopped,0.0,0.0,
2026-08-04T18:29:00.759,801.513,selfie,35.9182245,139.90779648333333,24.711,0.12861111111111112,True,21,1,35.9184062,139.9079523,24.59859410109752,,28.19,1011.7483203125,55.1826171875,238.6875,-2.6875,-165.5,-0.43,2.39,-9.36,-0.125,-0.0625,-0.0625,63,,stopped,0.0,0.0,
2026-08-04T18:29:01.260,802.014,selfie,35.918224583333334,139.90779658333332,24.714,0.08745555555555556,True,21,1,35.9184062,139.9079523,24.58584659924032,,28.18,1011.7593359375,54.9755859375,238.6875,-2.6875,-165.5,-0.43,2.37,-9.36,0.0,-0.125,0.0,63,,stopped,0.0,0.0,
2026-08-04T18:29:01.760,802.514,selfie,35.918224583333334,139.90779658333332,24.714,0.08745555555555556,True,21,1,35.9184062,139.9079523,24.58584659924032,,28.19,1011.72125,54.919921875,238.6875,-2.6875,-165.5,-0.43,2.37,-9.34,0.0625,-0.0625,0.0625,63,,stopped,0.0,0.0,
2026-08-04T18:29:02.260,803.015,selfie,35.9182245,139.9077967,24.715,0.1389,True,21,1,35.9184062,139.9079523,24.58746972959843,,28.2,1011.710234375,54.7607421875,238.6875,-2.6875,-165.5,-0.43,2.38,-9.33,-0.0625,0.125,-0.0625,63,,stopped,0.0,0.0,
2026-08-04T18:29:02.761,803.515,selfie,35.9182245,139.9077967,24.715,0.1389,True,21,1,35.9184062,139.9079523,24.58746972959843,,28.2,1011.764375,54.7265625,238.6875,-2.6875,-165.5,-0.43,2.39,-9.33,-0.0625,0.0,0.1875,63,,stopped,0.0,0.0,
2026-08-04T18:29:03.261,804.015,selfie,35.918224583333334,139.90779678333334,24.718,0.07202222222222222,True,21,1,35.9184062,139.9079523,24.57557885019032,,28.2,1011.7185546875,54.693359375,238.6875,-2.6875,-165.5,-0.43,2.39,-9.35,0.0625,-0.0625,-0.0625,63,,stopped,0.0,0.0,
2026-08-04T18:29:03.762,804.516,selfie,35.918224583333334,139.90779678333334,24.718,0.07202222222222222,True,21,1,35.9184062,139.9079523,24.57557885019032,,28.2,1011.826875,54.7734375,238.6875,-2.6875,-165.5,-0.4,2.37,-9.35,0.0,0.0625,-0.0625,63,,stopped,0.0,0.0,
2026-08-04T18:29:04.262,805.016,selfie,35.918224783333336,139.9077967,24.719,0.06687777777777779,True,21,1,35.9184062,139.9079523,24.561587669008187,,28.19,1011.72125,55.1943359375,238.6875,-2.6875,-165.5,-0.44,2.38,-9.35,0.0625,-0.125,-0.0625,63,,stopped,0.0,0.0,
2026-08-04T18:29:04.762,805.517,selfie,35.918224783333336,139.9077967,24.719,0.06687777777777779,True,21,1,35.9184062,139.9079523,24.561587669008187,,28.19,1011.8024609375,55.205078125,238.6875,-2.6875,-165.5,-0.42,2.38,-9.37,-0.0625,8.125,0.0,63,,stopped,0.0,0.0,
2026-08-04T18:29:05.263,806.017,selfie,35.91822488333333,139.9077967,24.719,0.1028888888888889,True,21,1,35.9184062,139.9079523,24.55245596270633,,28.2,1011.7456640625,55.3564453125,238.6875,-2.6875,-165.5,-0.44,2.39,-9.33,0.0,0.0625,0.0625,63,,stopped,0.0,0.0,
2026-08-04T18:29:05.763,806.517,selfie,35.91822488333333,139.9077967,24.719,0.1028888888888889,True,21,1,35.9184062,139.9079523,24.55245596270633,,28.22,1011.7968359375,55.42578125,238.6875,-2.6875,-165.5,-0.43,2.39,-9.34,0.0625,0.0,0.0,63,,stopped,0.0,0.0,
2026-08-04T18:29:06.264,807.018,selfie,35.91822488333333,139.9077967,24.723,0.11317777777777778,True,21,1,35.9184062,139.9079523,24.55245596270633,,28.22,1011.8238671875,55.494140625,238.6875,-2.6875,-165.5,-0.44,2.39,-9.38,0.0625,0.0625,0.0625,63,,stopped,0.0,0.0,
2026-08-04T18:29:06.764,807.518,selfie,35.91822488333333,139.9077967,24.723,0.11317777777777778,True,21,1,35.9184062,139.9079523,24.55245596270633,,28.22,1011.750703125,55.4150390625,238.6875,-2.6875,-165.5,-0.44,2.38,-9.36,0.0,0.0625,-0.0625,63,,stopped,0.0,0.0,
2026-08-04T18:29:07.265,808.019,selfie,35.9182251,139.90779658333332,24.725,0.17491111111111113,True,21,1,35.9184062,139.9079523,24.538678347719415,,28.21,1011.753671875,55.3671875,238.6875,-2.6875,-165.5,-0.42,2.37,-9.32,-0.0625,0.0,0.0,63,,stopped,0.0,0.0,
2026-08-04T18:29:07.765,808.519,selfie,35.9182251,139.90779658333332,24.725,0.17491111111111113,True,21,1,35.9184062,139.9079523,24.538678347719415,,28.2,1011.7185546875,55.310546875,238.6875,-2.6875,-165.5,-0.43,2.39,-9.35,-0.0625,0.0625,0.0625,63,,stopped,0.0,0.0,
2026-08-04T18:29:08.265,809.020,selfie,35.91822548333333,139.9077963,24.728,0.16976666666666668,True,21,1,35.9184062,139.9079523,24.518320908291123,,28.24,1011.7480078125,55.177734375,238.6875,-2.6875,-165.5,-0.44,2.37,-9.36,0.0,0.0625,0.0,63,,stopped,0.0,0.0,
2026-08-04T18:29:08.766,809.520,selfie,35.91822548333333,139.9077963,24.728,0.16976666666666668,True,21,1,35.9184062,139.9079523,24.518320908291123,,28.23,1011.7667578125,55.1884765625,238.6875,-2.6875,-165.5,-0.44,2.36,-9.35,0.0625,0.0,0.0,63,,stopped,0.0,0.0,
2026-08-04T18:29:09.266,810.020,selfie,35.918225883333335,139.90779598333333,24.73,0.06173333333333333,True,21,1,35.9184062,139.9079523,24.498255041602555,,28.24,1011.7209375,55.2236328125,238.6875,-2.6875,-165.125,-0.45,2.44,-9.28,-1.1875,-0.25,0.0,63,,stopped,0.0,0.0,
2026-08-04T18:29:09.767,810.521,selfie,35.918225883333335,139.90779598333333,24.73,0.06173333333333333,True,21,1,35.9184062,139.9079523,24.498255041602555,,28.24,1011.775078125,55.24609375,238.6875,-2.6875,-165.0,-0.41,2.59,-9.37,-1.75,0.0625,-0.0625,63,,stopped,0.0,0.0,
2026-08-04T18:29:10.267,811.021,selfie,35.918225883333335,139.9077958,24.733,0.12861111111111112,True,21,1,35.9184062,139.9079523,24.507745028604674,,28.25,1011.7641015625,55.236328125,238.6875,-2.6875,-163.625,-0.43,2.61,-9.21,-1.0,0.0,0.125,63,,stopped,0.0,0.0,
2026-08-04T18:29:10.768,811.522,selfie,35.918225883333335,139.9077958,24.733,0.12861111111111112,True,21,1,35.9184062,139.9079523,24.507745028604674,,28.23,1011.685546875,55.2333984375,238.6875,-2.6875,-163.5,-0.44,2.71,-9.27,-1.375,-0.25,0.375,63,,stopped,0.0,0.0,
2026-08-04T18:29:11.268,812.022,selfie,35.918225883333335,139.90779548333333,24.736,0.14404444444444445,True,21,1,35.9184062,139.9079523,24.52415435325507,,28.24,1011.8101953125,55.326171875,238.625,-2.6875,-162.375,-0.45,3.04,-9.15,1.4375,0.25,-0.375,63,,stopped,0.0,0.0,
2026-08-04T18:29:11.768,812.523,selfie,35.918225883333335,139.90779548333333,24.736,0.14404444444444445,True,21,1,35.9184062,139.9079523,24.52415435325507,,28.25,1011.8182421875,55.3271484375,238.625,-2.6875,-162.4375,-0.46,2.85,-9.29,-1.875,-0.1875,0.4375,63,,stopped,0.0,0.0,
2026-08-04T18:29:12.269,813.023,selfie,35.918225883333335,139.90779518333332,24.739,0.0926,True,21,1,35.9184062,139.9079523,24.53972047516988,,28.24,1011.7480078125,55.41796875,238.5625,-2.75,-159.0625,-0.47,3.44,-9.01,0.5,-0.125,-0.0625,63,,stopped,0.0,0.0,
2026-08-04T18:29:12.769,813.523,selfie,35.918225883333335,139.90779518333332,24.739,0.0926,True,21,1,35.9184062,139.9079523,24.53972047516988,,28.24,1011.7560546875,55.40625,238.5625,-2.75,-159.0625,-0.49,3.41,-9.04,-0.375,-0.125,0.125,63,,stopped,0.0,0.0,
2026-08-04T18:29:13.270,814.024,selfie,35.918225983333336,139.90779498333333,24.742,0.17491111111111113,True,21,1,35.9184062,139.9079523,24.541028363589863,,28.26,1011.7530859375,55.259765625,237.75,-3.0,-157.1875,-0.44,3.58,-8.78,-10.8125,-0.8125,-0.5625,63,,stopped,0.0,0.0,
2026-08-04T18:29:13.770,814.524,selfie,35.918225983333336,139.90779498333333,24.742,0.17491111111111113,True,21,1,35.9184062,139.9079523,24.541028363589863,,28.25,1011.7641015625,55.3046875,237.75,-3.0,-156.4375,-0.44,3.68,-8.92,-0.0625,-0.1875,0.0625,63,,stopped,0.0,0.0,
2026-08-04T18:29:14.271,815.025,selfie,35.9182263,139.9077944,24.746,0.07202222222222222,True,21,1,35.9184062,139.9079523,24.54268105780916,,28.24,1011.7560546875,55.486328125,237.5625,-3.0,-156.3125,-0.51,3.88,-8.8,-0.5,-0.25,-0.125,63,,stopped,0.0,0.0,
2026-08-04T18:29:14.771,815.525,selfie,35.9182263,139.9077944,24.746,0.07202222222222222,True,21,1,35.9184062,139.9079523,24.54268105780916,,28.17,1011.6971484375,55.4541015625,237.5625,-3.0,-156.3125,-0.53,3.89,-8.85,0.1875,0.125,0.125,63,,stopped,0.0,0.0,
2026-08-04T18:29:15.271,816.025,gnss_navigation,35.9182264,139.90779408333333,24.748,0.10803333333333333,True,21,1,35.9184062,139.9079523,24.550157220507366,35.47509339230993,28.25,1011.7641015625,55.44140625,237.5625,-3.0,-156.3125,-0.5,3.85,-8.84,0.0625,0.0625,-0.0625,63,-157.91259339230993,stopped,0.0,0.0,
2026-08-04T18:29:15.772,816.526,gnss_navigation,35.9182264,139.90779408333333,24.748,0.10803333333333333,True,21,1,35.9184062,139.9079523,24.550157220507366,35.47509339230993,28.25,1011.6828515625,55.453125,239.9375,-3.5625,-160.625,0.11,1.94,-7.15,137.5625,-42.0,215.875,63,-155.53759339230993,forward,100.0,0.0,
2026-08-04T18:29:16.272,817.026,gnss_navigation,35.918226483333335,139.90779358333333,24.753,0.16462222222222223,True,21,1,35.9184062,139.9079523,24.56877779460422,35.57314514458727,28.24,1011.7480078125,55.53125,34.9375,1.0625,-170.0,3.86,3.56,-9.27,8.875,-52.8125,9.25,63,-0.6356451445872722,forward,16.311324713847945,100.0,
2026-08-04T18:29:16.772,817.526,gnss_navigation,35.918226483333335,139.90779358333333,24.753,0.16462222222222223,True,21,1,35.9184062,139.9079523,24.56877779460422,35.57314514458727,28.23,1011.793828125,55.4853515625,31.375,1.3125,-168.8125,4.82,5.2,-11.71,28.1875,80.5,-35.4375,63,-4.198145144587272,forward,76.16476611566982,63.83523388433018,
2026-08-04T18:29:17.273,818.027,gnss_navigation,35.91822678333333,139.90779308333333,24.766,0.37554444444444446,True,21,1,35.9184062,139.9079523,24.567902222030753,35.70381214995149,28.24,1011.7480078125,55.56640625,31.0625,2.8125,-161.1875,-0.09,-0.75,-7.71,-4.4375,71.25,-23.6875,63,-4.641312149951489,forward,85.38976611566981,54.610233884330185,
2026-08-04T18:29:17.773,818.527,gnss_navigation,35.91822678333333,139.90779308333333,24.766,0.37554444444444446,True,21,1,35.9184062,139.9079523,24.567902222030753,35.70381214995149,28.24,1011.7560546875,55.56640625,27.5,1.3125,-162.6875,3.41,-1.22,-10.45,-95.9375,-5.1875,-5.625,191,-8.203812149951489,forward,61.671773786697386,50.32822621330262,
2026-08-04T18:29:18.274,819.028,gnss_navigation,35.91822378333333,139.90778548333333,24.901,0.6996444444444445,True,22,1,35.9184062,139.9079523,25.240779577861467,36.52347514999536,25.54,1007.6937109375,55.5185546875,26.375,2.6875,-156.375,-3.07,3.27,-4.71,33.375,13.375,-12.4375,63,-10.148475149995363,reverse,-60.0,-60.0,
2026-08-04T18:29:18.774,819.528,gnss_navigation,35.91822378333333,139.90778548333333,24.901,0.6996444444444445,True,22,1,35.9184062,139.9079523,25.240779577861467,36.52347514999536,27.43,1010.418046875,55.591796875,23.8125,2.5625,-156.75,-0.94,1.8,-3.22,-4.9375,36.25,-17.1875,63,-12.710975149995363,reverse,-60.0,-60.0,
2026-08-04T18:29:19.274,820.028,gnss_navigation,35.9182215,139.90778158333333,24.927,0.25722222222222224,True,23,1,35.9184062,139.9079523,25.65416665863598,36.81632592271785,28.22,1011.8238671875,55.767578125,19.6875,3.375,-169.9375,0.2,-0.97,-6.51,-15.625,-29.0625,17.5625,255,-17.12882592271785,turn_right,5.0,-5.0,
2026-08-04T18:29:19.775,820.529,gnss_navigation,35.9182215,139.90778158333333,24.927,0.25722222222222224,True,23,1,35.9184062,139.9079523,25.65416665863598,36.81632592271785,28.22,1011.74265625,56.361328125,20.3125,2.875,-169.875,-0.04,-1.94,-6.27,1.1875,-31.8125,21.1875,255,-16.50382592271785,turn_right,10.0,-10.0,
2026-08-04T18:29:20.275,821.029,gnss_navigation,35.9182215,139.90778118333333,24.944,0.15947777777777777,True,23,1,35.9184062,139.9079523,25.675768326586667,36.880675283018604,28.22,1011.72359375,55.826171875,103.875,-2.125,-162.625,-0.9,2.64,-8.97,-11.875,-24.125,68.875,63,66.9943247169814,turn_right,30.0,-30.0,
2026-08-04T18:29:20.775,821.529,gnss_navigation,35.9182215,139.90778118333333,24.944,0.15947777777777777,True,23,1,35.9184062,139.9079523,25.675768326586667,36.880675283018604,28.23,1011.731640625,55.7470703125,111.625,-2.1875,-165.6875,0.03,-13.96,-8.69,396.125,-1.6875,77.5625,63,74.7443247169814,forward,91.95625,100.0,
2026-08-04T18:29:21.276,822.030,gnss_navigation,35.918222283333336,139.90778078333332,24.958,0.14918888888888887,True,23,1,35.9184062,139.9079523,25.627842133329388,37.06196083795504,28.23,1011.7126171875,55.7705078125,154.3125,8.0625,-14.0,-7.59,3.64,8.41,9.8125,29.75,259.75,63,117.25053916204496,forward,100.0,0.0,
2026-08-04T18:29:21.776,822.530,gnss_navigation,35.918222283333336,139.90778078333332,24.958,0.14918888888888887,True,23,1,35.9184062,139.9079523,25.627842133329388,37.06196083795504,28.23,1011.731640625,55.7705078125,139.0625,7.5,-15.625,-0.26,5.37,3.3,112.75,-2.5625,22.5,63,102.00053916204496,forward,59.183437500000004,90.0,
2026-08-04T18:29:22.277,823.031,gnss_navigation,35.9182208,139.90778178333332,24.947,0.18005555555555552,True,24,1,35.9184062,139.9079523,25.70575924429793,36.68022429607538,28.23,1011.731640625,55.564453125,10.8125,-12.25,-13.9375,-8.06,0.72,22.06,101.0625,107.25,245.5,63,-25.86772429607538,forward,100.0,0.0,
2026-08-04T18:29:22.777,823.531,gnss_navigation,35.9182208,139.90778178333332,24.947,0.18005555555555552,True,24,1,35.9184062,139.9079523,25.70575924429793,36.68022429607538,28.23,1011.793828125,55.5537109375,353.5,-10.25,-17.5625,-6.35,-3.2,10.99,-35.9375,-6.8125,-58.0,63,-43.18022429607538,forward,100.0,26.087931329635964,
2026-08-04T18:29:23.278,824.032,gnss_navigation,35.91822058333333,139.90778218333332,24.948,0.3138111111111111,True,24,1,35.9184062,139.9079523,25.703600301691594,36.583750533969976,28.22,1011.7697265625,55.5625,35.3125,-8.3125,-10.8125,2.01,0.76,9.13,14.875,-7.875,-19.625,63,-1.271250533969976,forward,59.0004294368603,80.9995705631397,
2026-08-04T18:29:23.780,824.534,gnss_navigation,35.91822058333333,139.90778218333332,24.948,0.3138111111111111,True,24,1,35.9184062,139.9079523,25.703600301691594,36.583750533969976,28.22,1011.7777734375,55.4267578125,35.875,-7.6875,-11.5625,-0.96,6.59,10.79,55.75,-79.4375,6.3125,63,-0.708750533969976,forward,70.6441794368603,69.3558205631397,
2026-08-04T18:29:24.280,825.034,gnss_navigation,35.91821768333333,139.90778928333333,24.708,0.8179666666666667,True,26,1,35.9184062,139.9079523,25.591203267434064,35.00381459021162,28.22,1011.7968359375,55.4716796875,31.375,-8.9375,-12.8125,1.14,5.33,14.12,5.25,-41.25,11.8125,191,-3.6288145902116185,forward,88.22950042717598,51.77049957282402,
2026-08-04T18:29:24.780,825.535,gnss_navigation,35.91821768333333,139.90778928333333,24.708,0.8179666666666667,True,26,1,35.9184062,139.9079523,25.591203267434064,35.00381459021162,28.21,1011.78875,55.4599609375,33.125,-7.6875,-10.1875,3.18,0.47,4.47,-7.125,29.1875,-39.1875,191,-1.8788145902116185,forward,71.59200042717598,68.40799957282402,
2026-08-04T18:29:25.281,826.035,gnss_navigation,35.918222783333334,139.9077944,24.548,0.8591222222222221,True,26,1,35.9184062,139.9079523,24.86243418579381,34.88371513354468,28.21,1011.7266015625,55.4697265625,34.4375,-9.5,-11.0,-0.93,-0.46,4.74,-13.75,-12.0,5.75,255,-0.44621513354468334,forward,69.8280516721693,70.1719483278307,
2026-08-04T18:29:25.781,826.535,gnss_navigation,35.918222783333334,139.9077944,24.548,0.8591222222222221,True,26,1,35.9184062,139.9079523,24.86243418579381,34.88371513354468,28.2,1011.7998046875,55.435546875,34.0625,-8.9375,-10.4375,-1.82,-0.1,10.28,-13.8125,-34.75,-0.4375,255,-0.8212151335446833,forward,70.75305167216929,69.24694832783071,
2026-08-04T18:29:26.282,827.036,gnss_navigation,35.9182294,139.90779828333334,24.411,0.8642666666666666,True,26,1,35.9184062,139.9079523,24.059270413898943,35.20262790890769,28.19,1011.7292578125,54.8408203125,29.1875,-6.3125,-11.875,-0.2,1.8,11.63,43.0,-51.0,6.5625,191,-6.015127908907687,forward,87.41947210683574,52.58052789316425,
2026-08-04T18:29:26.782,827.536,gnss_navigation,35.9182294,139.90779828333334,24.411,0.8642666666666666,True,26,1,35.9184062,139.9079523,24.059270413898943,35.20262790890769,28.18,1011.713203125,55.068359375,30.9375,-6.0625,-12.4375,1.79,2.74,5.79,-21.75,40.3125,-19.125,191,-4.265127908907687,forward,71.73197210683574,68.26802789316426,
2026-08-04T18:29:27.283,828.037,gnss_navigation,35.91823648333333,139.907801,24.326,0.8334,True,26,1,35.9184062,139.9079523,23.276042384482455,35.82823941059763,28.18,1011.8405078125,54.8505859375,36.75,-7.375,-11.0,-0.61,-0.06,1.86,1.0625,-35.625,-20.0625,63,0.9217605894023677,forward,65.31835232712615,74.68164767287385,
2026-08-04T18:29:27.784,828.538,gnss_navigation,35.91823648333333,139.907801,24.326,0.8334,True,26,1,35.9184062,139.9079523,23.276042384482455,35.82823941059763,28.17,1011.8244921875,54.849609375,37.125,-9.4375,-9.625,-2.74,3.33,8.8,4.4375,-54.6875,17.5625,63,1.2967605894023677,forward,68.57460232712614,71.42539767287386,
2026-08-04T18:29:28.286,829.040,gnss_navigation,35.91824308333333,139.9078029,24.268,0.7356555555555555,True,26,1,35.9184062,139.9079523,22.58274479636705,36.56622496985614,28.17,1011.74328125,54.689453125,33.75,-9.25,-8.4375,1.55,1.71,6.21,-4.3125,-39.375,1.6875,127,-2.816224969856137,forward,72.1813415284781,67.8186584715219,
2026-08-04T18:29:28.787,829.541,gnss_navigation,35.91824308333333,139.9078029,24.268,0.7356555555555555,True,26,1,35.9184062,139.9079523,22.58274479636705,36.56622496985614,23.94,1005.1778125,54.6435546875,33.6875,-10.75,-7.875,-3.21,1.44,14.25,-8.125,-16.6875,4.875,191,-2.878724969856137,forward,72.0250915284781,67.9749084715219,
2026-08-04T18:29:29.287,830.041,gnss_navigation,35.91824988333333,139.9078054,24.237,0.7356555555555555,True,26,1,35.9184062,139.9079523,21.842991634931085,37.273545853975634,28.16,1011.808125,54.9169921875,35.0,-9.4375,-10.0625,-0.85,2.09,15.26,12.4375,24.0,-8.75,191,-2.2735458539756337,forward,68.28422997588491,71.71577002411509,
2026-08-04T18:29:29.787,830.542,gnss_navigation,35.91824988333333,139.9078054,24.237,0.7356555555555555,True,26,1,35.9184062,139.9079523,21.842991634931085,37.273545853975634,28.16,1011.83515625,54.9052734375,34.9375,-11.0,-9.625,0.18,0.24,0.84,-27.625,2.3125,5.125,191,-2.3360458539756337,forward,71.77172997588491,68.22827002411509,
2026-08-04T18:29:30.288,831.042,gnss_navigation,35.91825538333333,139.90780978333333,24.092,0.7459444444444445,True,26,1,35.9184062,139.9079523,21.117351304691685,37.4262366822976,28.14,1011.8301171875,55.154296875,38.875,-11.375,-7.625,0.99,3.3,6.02,28.375,-24.75,-2.875,255,1.4487633177024009,forward,60.906336683180506,79.09366331681949,
2026-08-04T18:29:30.788,831.542,gnss_navigation,35.91825538333333,139.90780978333333,24.092,0.7459444444444445,True,26,1,35.9184062,139.9079523,21.117351304691685,37.4262366822976,28.14,1011.8571875,55.1884765625,38.5625,-11.5,-9.3125,3.54,3.09,6.78,-50.4375,-27.0625,2.3125,255,1.1362633177024009,forward,69.0750866831805,70.9249133168195,
2026-08-04T18:29:31.288,832.043,gnss_navigation,35.91826148333333,139.9078139,23.989,0.7613777777777778,True,26,1,35.9184062,139.9079523,20.35374137495229,37.7579223002129,28.13,1011.849140625,55.529296875,36.5,-10.9375,-8.1875,0.52,1.37,8.72,-26.4375,-16.375,-3.25,191,-1.257922300212897,forward,67.14723934583807,72.85276065416193,
2026-08-04T18:29:31.789,832.543,gnss_navigation,35.91826148333333,139.9078139,23.989,0.7613777777777778,True,26,1,35.9184062,139.9079523,20.35374137495229,37.7579223002129,28.14,1011.8301171875,55.439453125,36.125,-12.8125,-8.9375,-3.3,0.57,11.79,23.75,57.5,-0.9375,191,-1.632922300212897,forward,70.94098934583808,69.05901065416192,
2026-08-04T18:29:32.289,833.043,gnss_navigation,35.91826808333333,139.9078178,23.934,0.7871,True,26,1,35.9184062,139.9079523,19.55923070664001,38.26094808799678,28.12,1011.8408203125,55.57421875,40.5625,-9.5625,0.4375,-1.12,-0.99,14.78,-14.75,-34.125,-23.375,63,2.3015519120032195,forward,53.375087840170316,86.62491215982968,
2026-08-04T18:29:32.790,833.544,gnss_navigation,35.91826808333333,139.9078178,23.934,0.7871,True,26,1,35.9184062,139.9079523,19.55923070664001,38.26094808799678,28.11,1011.79765625,55.6884765625,41.4375,-9.125,1.9375,-2.58,-2.21,11.57,-23.9375,-2.0,26.625,63,3.1765519120032195,forward,66.38758784017031,73.61241215982969,
2026-08-04T18:29:33.290,834.044,gnss_navigation,35.91827528333334,139.90782168333334,23.904,0.8076777777777778,True,26,1,35.9184062,139.9079523,18.715354871979383,38.938106678465374,28.11,1011.81671875,56.041015625,44.5,-4.875,-10.125,-7.27,5.29,8.19,95.3125,-111.75,0.5625,191,5.561893321534626,forward,45.21500847039742,94.78499152960258,
2026-08-04T18:29:33.790,834.545,gnss_navigation,35.91827528333334,139.90782168333334,23.904,0.8076777777777778,True,26,1,35.9184062,139.9079523,18.715354871979383,38.938106678465374,28.1,1011.8628125,56.0283203125,41.8125,-6.0,-13.4375,0.34,4.09,1.93,122.375,1.0625,25.1875,191,2.874393321534626,forward,70.20250847039742,69.79749152960258,
2026-08-04T18:29:34.291,835.045,gnss_navigation,35.91828208333333,139.9078259,23.862,0.8076777777777778,True,26,1,35.9184062,139.9079523,17.889480037439228,39.514154619260296,28.1,1011.8006640625,56.2099609375,43.25,-7.3125,-14.6875,-1.57,-0.63,1.92,-93.6875,32.0,59.6875,255,3.735845380739704,forward,57.0192353427723,82.9807646572277,
2026-08-04T18:29:34.791,835.546,gnss_navigation,35.91828208333333,139.9078259,23.862,0.8076777777777778,True,26,1,35.9184062,139.9079523,17.889480037439228,39.514154619260296,28.1,1011.83578125,56.19921875,37.0625,-6.5625,-15.9375,2.66,5.73,8.27,-8.5,-64.625,29.4375,255,-2.451654619260296,forward,74.1317353427723,65.8682646572277,
2026-08-04T18:29:35.292,836.046,gnss_navigation,35.91828938333333,139.90782918333332,23.848,0.7253666666666666,True,26,1,35.9184062,139.9079523,17.077571703551968,40.481707656012134,28.08,1011.830390625,56.3681640625,54.9375,-6.875,-11.6875,-12.41,3.81,20.5,92.125,-70.25,-12.625,255,14.455792343987866,forward,19.448823695408237,100.0,
2026-08-04T18:29:35.792,836.546,gnss_navigation,35.91828938333333,139.90782918333332,23.848,0.7253666666666666,True,26,1,35.9184062,139.9079523,17.077571703551968,40.481707656012134,28.09,1011.9466796875,56.232421875,49.0625,-5.875,-12.0625,-0.49,3.86,23.55,137.5,34.4375,103.375,255,8.580792343987866,forward,66.23632369540823,73.76367630459177,
2026-08-04T18:29:36.293,837.047,gnss_navigation,35.91829608333333,139.90783188333333,23.782,0.7356555555555555,True,26,1,35.9184062,139.9079523,16.355790993545355,41.528233150480844,28.07,1011.8143359375,56.1162109375,45.625,-3.1875,-14.875,-7.12,-0.6,22.06,-32.9375,15.0,-17.4375,63,4.096766849519156,forward,67.41132369540824,72.58867630459176,
2026-08-04T18:29:36.793,837.547,gnss_navigation,35.91829608333333,139.90783188333333,23.782,0.7356555555555555,True,26,1,35.9184062,139.9079523,16.355790993545355,41.528233150480844,28.07,1011.8143359375,56.1044921875,40.9375,0.0625,-21.9375,-0.04,3.36,9.27,35.875,-36.5625,25.25,63,-0.590733150480844,forward,72.77883652038467,67.22116347961533,
2026-08-04T18:29:37.293,838.047,gnss_navigation,35.91830218333333,139.9078346,23.72,0.7253666666666666,True,26,1,35.9184062,139.9079523,15.688074785582716,42.50178387595662,28.07,1011.8062890625,56.1728515625,39.125,1.5625,-22.4375,1.76,2.54,6.68,-16.375,13.4375,0.3125,63,-3.376783875956619,forward,70.17258652038467,69.82741347961533,
2026-08-04T18:29:37.794,838.548,gnss_navigation,35.91830218333333,139.9078346,23.72,0.7253666666666666,True,26,1,35.9184062,139.9079523,15.688074785582716,42.50178387595662,28.05,1011.8089453125,56.25,41.5,0.5625,-22.125,1.11,2.62,5.41,-42.9375,-24.1875,-25.875,63,-1.0017838759566189,forward,68.91392710076529,71.08607289923471,
2026-08-04T18:29:38.294,839.048,gnss_navigation,35.91830708333333,139.9078374,23.663,0.6070444444444444,True,26,1,35.9184062,139.9079523,15.117122831015756,43.192423698427774,28.06,1011.844375,56.296875,42.4375,-2.125,-20.4375,-1.95,1.61,13.69,-1.1875,-43.3125,12.0625,127,-0.7549236984277741,forward,69.90142710076529,70.09857289923471,
2026-08-04T18:29:38.794,839.549,gnss_navigation,35.91830708333333,139.9078374,23.663,0.6070444444444444,True,26,1,35.9184062,139.9079523,15.117122831015756,43.192423698427774,28.05,1011.7819140625,56.0556640625,42.25,-1.6875,-20.1875,0.5,2.87,11.15,13.0,16.4375,1.125,191,-0.9424236984277741,forward,70.70393895874221,69.29606104125779,
2026-08-04T18:29:39.295,840.049,gnss_navigation,35.918312283333336,139.9078398,23.603,0.6224777777777778,True,26,1,35.9184062,139.9079523,14.549594511974234,44.13045666867413,28.05,1011.7819140625,55.9755859375,40.875,-3.375,-18.8125,0.07,2.48,10.63,6.625,-44.8125,19.3125,191,-3.255456668674128,forward,67.84143895874222,72.15856104125778,
2026-08-04T18:29:39.795,840.549,gnss_navigation,35.918312283333336,139.9078398,23.603,0.6224777777777778,True,26,1,35.9184062,139.9079523,14.549594511974234,44.13045666867413,28.05,1011.773828125,56.033203125,42.75,0.0625,-18.5,1.91,4.06,7.78,5.4375,57.3125,-13.8125,191,-1.3804566686741282,forward,70.3731153349393,69.6268846650607,
2026-08-04T18:29:40.296,841.050,gnss_navigation,35.9183181,139.90784228333334,23.6,0.6533444444444444,True,26,1,35.9184062,139.9079523,13.93266532687061,45.32246868309352,28.03,1011.8580078125,55.8369140625,40.8125,-3.1875,-18.375,1.53,2.54,8.37,-0.375,48.625,2.1875,191,-4.509968683093518,forward,71.7606153349393,68.2393846650607,
2026-08-04T18:29:40.796,841.550,gnss_navigation,35.9183181,139.90784228333334,23.6,0.6533444444444444,True,26,1,35.9184062,139.9079523,13.93266532687061,45.32246868309352,28.03,1011.8580078125,55.7568359375,41.5625,-2.125,-19.0625,2.07,2.74,11.95,-18.625,19.25,10.5625,127,-3.7599686830935184,forward,73.22047494647481,66.77952505352519,
2026-08-04T18:29:41.297,842.051,gnss_navigation,35.91832338333333,139.90784528333333,23.564,0.6430555555555556,True,26,1,35.9184062,139.9079523,13.329444913686254,46.30166821321194,28.03,1011.885078125,55.4716796875,42.75,-3.875,-17.0,-1.28,2.75,14.71,29.1875,0.875,10.3125,63,-3.55166821321194,forward,67.27047494647482,72.72952505352518,
2026-08-04T18:29:41.797,842.551,gnss_navigation,35.91832338333333,139.90784528333333,23.564,0.6430555555555556,True,26,1,35.9184062,139.9079523,13.329444913686254,46.30166821321194,28.03,1011.795859375,55.3798828125,43.9375,-2.1875,-18.6875,1.99,4.06,12.11,8.0,31.4375,-11.5625,63,-2.36416821321194,forward,71.05383457056955,68.94616542943045,
2026-08-04T18:29:42.297,843.051,gnss_navigation,35.9183285,139.9078485,23.549,0.6533444444444444,True,26,1,35.9184062,139.9079523,12.728708855901987,47.252490482214114,28.03,1011.795859375,55.197265625,45.25,-5.0,-17.1875,-0.48,2.95,9.38,-4.4375,56.75,-3.9375,127,-2.002490482214114,forward,70.77258457056955,69.22741542943045,
2026-08-04T18:29:42.798,843.552,gnss_navigation,35.9183285,139.9078485,23.549,0.6533444444444444,True,26,1,35.9184062,139.9079523,12.728708855901987,47.252490482214114,28.02,1011.841953125,55.1630859375,45.625,-3.6875,-17.0625,0.56,4.22,13.27,35.25,-2.875,2.0,127,-1.6274904822141139,forward,71.0394923857713,68.9605076142287,
2026-08-04T18:29:43.298,844.052,gnss_navigation,35.918334183333336,139.90785138333334,23.541,0.6584888888888889,True,26,1,35.9184062,139.9079523,12.112502391669683,48.61418024647793,28.01,1011.7905078125,55.1044921875,51.25,-5.625,-15.75,0.32,4.38,12.37,29.625,-40.9375,14.5,127,2.635819753522071,forward,70.1207423857713,69.8792576142287,
2026-08-04T18:29:43.798,844.553,gnss_navigation,35.918334183333336,139.90785138333334,23.541,0.6584888888888889,True,26,1,35.9184062,139.9079523,12.112502391669683,48.61418024647793,28.0,1011.8636328125,55.1259765625,57.5625,-5.875,-19.1875,1.56,1.09,4.4,2.875,0.9375,5.1875,127,8.948319753522071,forward,69.61009419718235,70.38990580281765,
2026-08-04T18:29:44.299,845.053,gnss_navigation,35.91833988333333,139.90785488333333,23.549,0.6739222222222222,True,26,1,35.9184062,139.9079523,11.460115540961226,49.94998233108498,24.26,1005.9465234375,55.1005859375,50.5,-3.8125,-15.75,-2.16,1.03,12.94,-11.625,81.8125,-15.5625,191,0.550017668915018,forward,71.59134419718234,68.40865580281766,
2026-08-04T18:29:44.799,845.553,gnss_navigation,35.91833988333333,139.90785488333333,23.549,0.6739222222222222,True,26,1,35.9184062,139.9079523,11.460115540961226,49.94998233108498,28.0,1011.8555859375,55.2744140625,50.8125,-4.5625,-15.875,-2.02,2.89,9.93,29.5,109.1875,11.3125,191,0.862517668915018,forward,69.94123586486799,70.05876413513201,
2026-08-04T18:29:45.300,846.054,gnss_navigation,35.91834538333333,139.9078585,23.568,0.6842111111111112,True,26,1,35.9184062,139.9079523,10.820378273905503,51.3193562334767,28.01,1011.8175390625,55.2412109375,3.875,-0.625,-21.5625,1.26,0.34,5.15,-34.3125,47.0,150.8125,63,-47.4443562334767,forward,44.96623586486798,95.03376413513202,
2026-08-04T18:29:45.800,846.554,gnss_navigation,35.91834538333333,139.9078585,23.568,0.6842111111111112,True,26,1,35.9184062,139.9079523,10.820378273905503,51.3193562334767,28.01,1011.8797265625,55.2294921875,357.5625,-2.6875,-14.375,-2.71,1.63,11.48,12.75,10.25,-205.4375,63,-53.7568562334767,forward,100.0,35.38826501321864,
2026-08-04T18:29:46.301,847.055,gnss_navigation,35.91835148333333,139.90786098333334,23.577,0.6996444444444445,True,26,1,35.9184062,139.9079523,10.229315605507976,53.502859783040435,28.0,1011.80953125,55.1708984375,52.125,-1.8125,-17.0,2.51,0.03,5.82,-46.5625,26.0625,-5.6875,63,-1.377859783040435,forward,47.42423498678136,92.57576501321864,
2026-08-04T18:29:46.801,847.555,gnss_navigation,35.91835148333333,139.90786098333334,23.577,0.6996444444444445,True,26,1,35.9184062,139.9079523,10.229315605507976,53.502859783040435,27.97,1011.7258984375,55.2353515625,48.0,-2.9375,-15.375,1.1,3.78,14.59,-31.625,-22.9375,0.0625,63,-5.502859783040435,forward,75.81478782643235,64.18521217356765,
2026-08-04T18:29:47.302,848.056,gnss_navigation,35.918356583333335,139.90786498333333,23.551,0.6893555555555556,True,26,1,35.9184062,139.9079523,9.60549243186955,54.94434081294639,28.01,1011.8175390625,55.20703125,54.5,-2.25,-16.125,0.84,2.84,6.36,25.0625,-25.875,-18.25,191,-0.44434081294639327,forward,61.38978782643235,78.61021217356765,
2026-08-04T18:29:47.803,848.557,gnss_navigation,35.918356583333335,139.90786498333333,23.551,0.6893555555555556,True,26,1,35.9184062,139.9079523,9.60549243186955,54.94434081294639,27.99,1011.820546875,55.181640625,54.625,-3.0625,-14.0625,-1.3,3.75,13.12,-27.8125,79.75,0.9375,191,-0.31934081294639327,forward,70.36797265035712,69.63202734964288,
2026-08-04T18:29:48.303,849.057,gnss_navigation,35.91836118333333,139.9078681,23.586,0.6790666666666667,True,27,1,35.9184062,139.9079523,9.08560549667497,56.56843948169882,28.0,1011.801484375,55.1826171875,53.375,-2.875,-17.6875,1.91,1.56,2.95,-35.125,-31.375,-0.4375,191,-3.1934394816988174,forward,75.78672265035712,64.21327734964288,
2026-08-04T18:29:48.804,849.558,gnss_navigation,35.91836118333333,139.9078681,23.586,0.6790666666666667,True,27,1,35.9184062,139.9079523,9.08560549667497,56.56843948169882,27.99,1011.7934375,55.08984375,54.375,-1.875,-16.375,-1.24,3.49,7.03,18.0625,23.1875,-17.5625,191,-2.1934394816988174,forward,70.76100158535905,69.23899841464095,
2026-08-04T18:29:49.304,850.058,gnss_navigation,35.918365683333334,139.9078719,23.578,0.6584888888888889,True,27,1,35.9184062,139.9079523,8.527426459536418,58.10766292171047,27.99,1011.8124609375,55.1015625,54.0625,-5.125,-14.5625,-0.53,2.25,14.05,17.4375,-7.9375,18.1875,191,-4.045162921710471,forward,79.50475158535906,60.49524841464095,
2026-08-04T18:29:49.804,850.558,gnss_navigation,35.918365683333334,139.9078719,23.578,0.6584888888888889,True,27,1,35.9184062,139.9079523,8.527426459536418,58.10766292171047,27.99,1011.847578125,55.11328125,53.625,-5.0,-14.75,-3.42,3.15,9.97,-23.0625,-21.0625,-6.8125,191,-4.482662921710471,forward,72.96113033736837,67.03886966263163,
2026-08-04T18:29:50.305,851.059,gnss_navigation,35.918371,139.90787488333333,23.608,0.6584888888888889,True,27,1,35.9184062,139.9079523,7.99509878589556,60.68846887455226,27.98,1011.8312109375,55.1689453125,59.75,-5.875,-5.75,-5.68,-1.28,15.82,34.8125,8.5,19.25,63,-0.9384688745522567,forward,59.054880337368374,80.94511966263163,
2026-08-04T18:29:50.805,851.559,gnss_navigation,35.918371,139.90787488333333,23.608,0.6584888888888889,True,27,1,35.9184062,139.9079523,7.99509878589556,60.68846887455226,25.05,1007.1696484375,55.0283203125,58.375,-7.125,-13.1875,-0.56,2.72,6.71,-45.125,-46.1875,-13.875,63,-2.3134688745522567,forward,72.3695250996418,67.6304749003582,
2026-08-04T18:29:51.305,852.059,gnss_navigation,35.918375983333334,139.90787988333332,23.67,0.6584888888888889,True,27,1,35.9184062,139.9079523,7.335919386136691,62.74107093421907,27.97,1011.7880859375,55.0654296875,60.1875,-2.875,-12.5625,3.08,0.06,4.7,-17.9375,-66.25,-7.25,63,-2.553570934219067,forward,67.9007750996418,72.0992249003582,
2026-08-04T18:29:51.806,852.560,gnss_navigation,35.918375983333334,139.90787988333332,23.67,0.6584888888888889,True,27,1,35.9184062,139.9079523,7.335919386136691,62.74107093421907,27.98,1011.79609375,55.099609375,60.25,-2.0625,-11.6875,5.13,1.01,6.88,7.375,72.3125,-9.125,63,-2.491070934219067,forward,77.38686189654229,62.61313810345772,
2026-08-04T18:29:52.306,853.060,gnss_navigation,35.9183808,139.90788418333332,23.723,0.6584888888888889,True,27,1,35.9184062,139.9079523,6.753005578881162,65.27670099400905,27.96,1011.8261328125,55.2353515625,62.375,-5.0625,-15.1875,-1.37,2.74,14.48,-10.125,24.75,13.625,191,-2.9017009940090475,forward,71.02410674737526,68.97589325262474,
2026-08-04T18:29:52.813,853.567,gnss_navigation,35.9183808,139.90788418333332,23.723,0.6584888888888889,True,27,1,35.9184062,139.9079523,6.753005578881162,65.27670099400905,27.96,1011.7719921875,55.2236328125,61.625,-4.1875,-16.8125,1.5,3.78,14.26,13.375,-60.9375,19.625,191,-3.6517009940090475,forward,79.83543594468219,60.16456405531781,
2026-08-04T18:29:53.313,854.067,gnss_navigation,35.9183851,139.90788918333334,23.745,0.6482,True,27,1,35.9184062,139.9079523,6.148966908218049,67.56950287394085,27.95,1011.8287890625,55.3359375,64.4375,-1.1875,-12.375,-1.6,4.05,8.34,24.375,147.5,15.25,191,-3.1320028739408485,forward,67.18386079520724,72.81613920479276,
2026-08-04T18:29:53.814,854.568,gnss_navigation,35.9183851,139.90788918333334,23.745,0.6482,True,27,1,35.9184062,139.9079523,6.148966908218049,67.56950287394085,27.95,1011.8641796875,55.4169921875,62.875,-5.625,-15.125,-5.11,-0.72,16.07,12.4375,-39.75,23.0625,191,-4.6945028739408485,forward,71.68386079520724,68.31613920479276,
2026-08-04T18:29:54.314,855.068,gnss_navigation,35.9183899,139.90789478333335,23.791,0.6584888888888889,True,27,1,35.9184062,139.9079523,5.487435562558961,70.71324854834336,27.94,1011.8126953125,55.630859375,70.3125,-6.4375,-14.25,1.7,4.62,10.1,19.6875,3.75,-10.4375,191,-0.4007485483433584,forward,60.093102299152676,79.90689770084732,
2026-08-04T18:29:54.815,855.569,gnss_navigation,35.9183899,139.90789478333335,23.791,0.6584888888888889,True,27,1,35.9184062,139.9079523,5.487435562558961,70.71324854834336,27.94,1011.8126953125,55.654296875,70.375,-7.25,-14.375,-2.13,1.77,11.01,8.6875,46.5625,11.875,255,-0.3382485483433584,forward,67.44935229915268,72.55064770084732,
2026-08-04T18:29:55.315,856.069,gnss_navigation,35.918394383333336,139.90790068333334,23.846,0.6687777777777778,True,27,1,35.9184062,139.9079523,4.8303090582256525,74.2153241050072,27.93,1011.8587890625,55.7783203125,62.0625,-5.75,-15.9375,-7.05,0.39,15.37,-11.25,-67.9375,27.0,63,-12.152824105007198,forward,91.25184883867469,48.74815116132531,
2026-08-04T18:29:55.815,856.569,gnss_navigation,35.918394383333336,139.90790068333334,23.846,0.6687777777777778,True,27,1,35.9184062,139.9079523,4.8303090582256525,74.2153241050072,27.93,1011.8587890625,55.7216796875,63.0,-6.125,-14.4375,-0.87,-1.01,9.31,-30.4375,-38.5625,-29.375,63,-11.215324105007198,forward,75.21434883867468,64.78565116132532,
2026-08-04T18:29:56.316,857.070,gnss_navigation,35.918399183333335,139.9079063,23.891,0.6893555555555556,True,27,1,35.9184062,139.9079523,4.215209237754619,79.33326581553331,27.92,1011.842734375,55.7099609375,78.0625,-3.4375,-17.375,-0.34,0.98,1.75,-48.125,60.0625,9.25,127,-1.2707658155333093,forward,51.04100928400576,88.95899071599425,
2026-08-04T18:29:56.817,857.571,gnss_navigation,35.918399183333335,139.9079063,23.891,0.6893555555555556,True,27,1,35.9184062,139.9079523,4.215209237754619,79.33326581553331,27.92,1011.80765625,55.9599609375,74.125,-5.9375,-14.5,-1.47,1.77,12.76,9.0625,24.9375,3.75,191,-5.208265815533309,forward,71.42850928400576,68.57149071599424,
2026-08-04T18:29:57.318,858.072,gnss_navigation,35.918403483333336,139.90791168333334,24.006,0.7047888888888889,True,27,1,35.9184062,139.9079523,3.6700477982142505,85.27866369974788,27.91,1011.8534375,55.7080078125,75.4375,-5.375,-12.9375,-2.2,1.58,12.23,-12.8125,12.8125,-2.0,191,-9.84116369974788,forward,78.69161265242664,61.30838734757335,
2026-08-04T18:29:57.818,858.572,gnss_navigation,35.918403483333336,139.90791168333334,24.006,0.7047888888888889,True,27,1,35.9184062,139.9079523,3.6700477982142505,85.27866369974788,27.91,1011.88046875,55.7880859375,76.375,-3.875,-12.125,0.17,2.07,14.41,37.125,2.6875,-16.8125,191,-8.90366369974788,forward,70.84786265242664,69.15213734757336,
2026-08-04T18:29:58.318,859.073,gnss_navigation,35.918407183333336,139.90791848333333,24.116,0.7150777777777777,True,26,1,35.9184062,139.9079523,3.0472062773074295,92.05635295419881,27.92,1011.842734375,55.8466796875,84.5625,-3.3125,-15.8125,3.49,3.03,7.22,11.5625,66.8125,-2.0,191,-7.493852954198815,forward,67.8166809597983,72.1833190402017,
2026-08-04T18:29:58.819,859.573,gnss_navigation,35.918407183333336,139.90791848333333,24.116,0.7150777777777777,True,26,1,35.9184062,139.9079523,3.0472062773074295,92.05635295419881,27.91,1011.7722265625,55.662109375,83.8125,-6.375,-14.125,-3.77,1.94,14.75,0.3125,-21.5,38.375,191,-8.243852954198815,forward,71.96668095979831,68.03331904020169,
2026-08-04T18:29:59.326,860.080,gnss_navigation,35.91841088333334,139.9079269,24.203,0.730511111111111,True,26,1,35.9184062,139.9079523,2.345843173675392,102.82616472049074,27.92,1011.8968359375,55.2763671875,90.3125,-2.625,-11.1875,-1.0,2.4,6.79,-1.9375,27.125,-3.0,127,-12.513664720490738,forward,73.00758236335905,66.99241763664095,
2026-08-04T18:29:59.827,860.581,gnss_navigation,35.91841088333334,139.9079269,24.203,0.730511111111111,True,26,1,35.9184062,139.9079523,2.345843173675392,102.82616472049074,27.91,1011.8534375,55.59375,90.3125,-3.1875,-12.75,0.76,0.43,4.69,41.25,-4.1875,7.0625,127,-12.513664720490738,forward,71.29508236335906,68.70491763664094,
2026-08-04T18:30:00.327,861.081,searching_goal,35.918413683333334,139.90793518333334,24.235,0.7408,True,26,1,35.9184062,139.9079523,1.751646461085115,,27.91,1011.88046875,55.5361328125,87.125,-4.1875,-9.875,0.08,1.74,9.47,-0.5,0.0625,0.125,63,,stopped,0.0,0.0,
2026-08-04T18:30:00.828,861.582,searching_goal,35.918413683333334,139.90793518333334,24.235,0.7408,True,26,1,35.9184062,139.9079523,1.751646461085115,,27.91,1011.88046875,55.5595703125,87.0625,-3.4375,-10.0625,0.02,1.82,9.46,0.1875,0.0625,0.125,63,,stopped,0.0,0.0,
2026-08-04T18:30:01.328,862.082,searching_goal,35.91841528333333,139.90793828333332,24.287,0.4835777777777777,True,25,1,35.9184062,139.9079523,1.6165852601133381,,27.93,1011.8237109375,55.4931640625,86.875,-1.125,-10.5625,0.0,1.82,9.46,0.0625,-0.0625,-0.0625,63,,stopped,0.0,0.0,
2026-08-04T18:30:01.828,862.582,searching_goal,35.91841528333333,139.90793828333332,24.287,0.4835777777777777,True,25,1,35.9184062,139.9079523,1.6165852601133381,,27.93,1011.85078125,55.4814453125,86.875,-1.125,-10.5625,0.0,1.82,9.48,0.0625,-0.0625,0.0625,63,,stopped,0.0,0.0,
2026-08-04T18:30:02.329,863.083,searching_goal,35.918417483333336,139.90794148333333,24.316,0.45785555555555557,True,26,1,35.9184062,139.9079523,1.5883745375617417,,27.94,1011.8478125,55.541015625,86.8125,-0.6875,-10.6875,0.0,1.81,9.44,-0.0625,0.125,-0.0625,63,,stopped,0.0,0.0,
2026-08-04T18:30:02.834,863.588,searching_goal,35.918417483333336,139.90794148333333,24.316,0.45785555555555557,True,26,1,35.9184062,139.9079523,1.5883745375617417,,27.94,1011.89390625,55.5283203125,86.8125,-0.625,-10.6875,0.0,1.83,9.49,0.0625,0.0,-0.0625,63,,stopped,0.0,0.0,
2026-08-04T18:30:03.337,864.091,searching_goal,35.91841938333334,139.9079442,24.332,0.4218444444444444,True,25,1,35.9184062,139.9079523,1.6373670727697203,,27.95,1011.810078125,55.5537109375,86.8125,-0.625,-10.6875,-0.01,1.82,9.43,-0.0625,0.0,-0.0625,63,,stopped,0.0,0.0,
2026-08-04T18:30:03.837,864.591,searching_goal,35.91841938333334,139.9079442,24.332,0.4218444444444444,True,25,1,35.9184062,139.9079523,1.6373670727697203,,27.95,1011.810078125,55.576171875,86.8125,-0.625,-10.6875,0.01,1.79,9.47,0.0,0.0625,-0.0625,63,,stopped,0.0,0.0,
2026-08-04T18:30:04.338,865.092,searching_goal,35.918419783333334,139.90794338333333,24.357,0.23664444444444446,True,25,1,35.9184062,139.9079523,1.710568841059374,,25.74,1008.6096484375,55.53125,86.8125,-0.625,-10.6875,0.0,1.81,9.44,0.0,0.125,0.0,63,,stopped,0.0,0.0,
2026-08-04T18:30:04.838,865.592,searching_goal,35.918419783333334,139.90794338333333,24.357,0.23664444444444446,True,25,1,35.9184062,139.9079523,1.710568841059374,,26.11,1009.1180859375,55.521484375,86.8125,-0.625,-10.6875,0.01,1.8,9.48,-0.0625,0.0,-0.0625,63,,stopped,0.0,0.0,
2026-08-04T18:30:05.338,866.092,searching_goal,35.91841828333333,139.9079403,24.379,0.12346666666666666,True,25,1,35.9184062,139.9079523,1.724242522446725,,27.98,1011.850234375,55.5791015625,86.8125,-0.625,-10.6875,1.28,1.81,9.45,-0.0625,-0.0625,0.0625,63,,stopped,0.0,0.0,
2026-08-04T18:30:05.839,866.593,searching_goal,35.91841828333333,139.9079403,24.379,0.12346666666666666,True,25,1,35.9184062,139.9079523,1.724242522446725,,27.97,1011.8692578125,55.5556640625,86.8125,-0.625,-10.6875,0.0,1.82,9.46,0.0625,0.0,-0.125,63,,stopped,0.0,0.0,
2026-08-04T18:30:06.339,867.093,searching_goal,35.91841768333333,139.9079399,24.389,0.1028888888888889,True,24,1,35.9184062,139.9079523,1.6962687085017873,,27.97,1011.8692578125,55.6474609375,113.0625,-0.5625,-11.25,0.04,2.42,9.62,2.875,-18.625,-76.8125,63,,turn_right,30.0,-30.0,
2026-08-04T18:30:06.840,867.594,searching_goal,35.91841768333333,139.9079399,24.389,0.1028888888888889,True,24,1,35.9184062,139.9079523,1.6962687085017873,,27.97,1011.8692578125,55.544921875,119.375,-0.75,-11.9375,-0.5,1.79,9.15,10.375,-11.8125,-70.375,63,,turn_right,30.0,-30.0,
2026-08-04T18:30:07.340,868.094,searching_goal,35.918416183333335,139.90794088333334,24.408,0.08745555555555556,True,25,1,35.9184062,139.9079523,1.5130365274167268,,27.97,1011.896328125,55.5556640625,149.625,0.625,-12.3125,0.0,2.26,9.36,-0.0625,-0.125,-0.125,63,,stopped,0.0,0.0,
2026-08-04T18:30:07.843,868.597,searching_goal,35.918416183333335,139.90794088333334,24.408,0.08745555555555556,True,25,1,35.9184062,139.9079523,1.5130365274167268,,27.96,1011.90734375,55.69140625,149.625,0.625,-12.3125,-0.07,2.28,9.35,0.0625,0.125,-0.0625,63,,stopped,0.0,0.0,
2026-08-04T18:30:08.348,869.102,searching_goal,35.9184161,139.90794098333333,24.41,0.06173333333333333,True,25,1,35.9184062,139.9079523,1.5001191458302958,,28.04,1011.8660546875,55.7119140625,149.6875,0.1875,-12.9375,-0.02,2.28,9.36,0.0,0.125,-0.0625,63,,stopped,0.0,0.0,
2026-08-04T18:30:08.849,869.603,searching_goal,35.9184161,139.90794098333333,24.41,0.06173333333333333,True,25,1,35.9184062,139.9079523,1.5001191458302958,,28.02,1011.8690234375,55.69921875,149.6875,0.1875,-13.0,-0.04,2.28,9.35,-0.0625,-0.1875,0.0,63,,stopped,0.0,0.0,
2026-08-04T18:30:09.349,870.103,searching_goal,35.918416,139.90794098333333,24.414,0.19548888888888888,True,25,1,35.9184062,139.9079523,1.4919784712387103,,27.98,1011.8853125,55.6025390625,149.6875,0.125,-13.0625,-0.03,2.28,9.34,-0.0625,0.0,0.0,63,,stopped,0.0,0.0,
2026-08-04T18:30:09.850,870.604,searching_goal,35.918416,139.90794098333333,24.414,0.19548888888888888,True,25,1,35.9184062,139.9079523,1.4919784712387103,,27.99,1012.3808203125,55.455078125,149.6875,0.125,-13.0625,-0.02,2.28,9.35,-0.0625,0.0,0.0,63,,stopped,0.0,0.0,
2026-08-04T18:30:10.356,871.110,searching_goal,35.91841648333333,139.90794138333334,24.412,0.2880888888888889,True,25,1,35.9184062,139.9079523,1.5079459107676356,,27.98,1011.850234375,55.3623046875,149.6875,0.125,-13.0625,-0.02,2.29,9.33,0.0,-0.25,0.125,63,,stopped,0.0,0.0,
2026-08-04T18:30:10.857,871.611,searching_goal,35.91841648333333,139.90794138333334,24.412,0.2880888888888889,True,25,1,35.9184062,139.9079523,1.5079459107676356,,27.97,1011.8421875,55.4072265625,149.6875,0.125,-13.0625,-0.02,2.28,9.35,0.0625,0.125,-0.0625,63,,stopped,0.0,0.0,
2026-08-04T18:30:11.357,872.111,searching_goal,35.91841818333333,139.90794328333334,24.394,0.15433333333333335,True,25,1,35.9184062,139.9079523,1.5603863760264338,,27.97,1011.834140625,55.2919921875,149.6875,0.125,-13.0625,-0.03,2.27,9.38,-0.0625,-0.125,0.0,63,,stopped,0.0,0.0,
2026-08-04T18:30:11.857,872.612,searching_goal,35.91841818333333,139.90794328333334,24.394,0.15433333333333335,True,25,1,35.9184062,139.9079523,1.5603863760264338,,27.97,1011.807109375,55.3037109375,149.6875,0.125,-13.0625,-0.03,2.27,9.35,-0.0625,0.0625,-0.125,63,,stopped,0.0,0.0,
2026-08-04T18:30:12.358,873.112,searching_goal,35.9184184,139.90794338333333,24.396,0.09774444444444444,True,25,1,35.9184062,139.9079523,1.5764036767582703,,27.98,1011.850234375,55.248046875,149.6875,0.125,-13.0625,-0.02,2.28,9.38,0.0625,0.0625,-0.0625,63,,stopped,0.0,0.0,
2026-08-04T18:30:12.858,873.612,searching_goal,35.9184184,139.90794338333333,24.396,0.09774444444444444,True,25,1,35.9184062,139.9079523,1.5764036767582703,,27.98,1011.9314453125,55.248046875,149.6875,0.125,-13.0625,-0.03,2.28,9.36,0.0,0.0625,0.0,63,,stopped,0.0,0.0,
2026-08-04T18:30:13.359,874.113,guiding_to_goal,35.9184185,139.90794338333333,24.403,0.20063333333333333,True,25,1,35.9184062,139.9079523,1.5859826970467248,,27.98,1011.850234375,55.3623046875,149.6875,0.125,-13.0625,-0.03,2.29,9.36,0.0625,-0.0625,-0.0625,63,,stopped,0.0,0.0,
2026-08-04T18:30:13.859,874.613,guiding_to_goal,35.9184185,139.90794338333333,24.403,0.20063333333333333,True,25,1,35.9184062,139.9079523,1.5859826970467248,,27.98,1011.850234375,55.373046875,149.6875,0.125,-13.0625,-0.03,2.27,9.33,0.0,-0.125,0.0625,63,,stopped,0.0,0.0,
2026-08-04T18:30:14.360,875.114,guiding_to_goal,35.91841818333333,139.90794288333333,24.414,0.1028888888888889,True,25,1,35.9184062,139.9079523,1.5794296748247472,,27.99,1011.893671875,55.5927734375,149.6875,0.125,-13.0625,-0.02,2.28,9.35,0.0,0.0625,0.0625,63,,stopped,0.0,0.0,
2026-08-04T18:30:14.863,875.617,guiding_to_goal,35.91841818333333,139.90794288333333,24.414,0.1028888888888889,True,25,1,35.9184062,139.9079523,1.5794296748247472,,27.98,1011.85828125,55.580078125,149.6875,0.125,-13.0625,-0.03,2.27,9.36,-0.0625,0.0,0.125,63,,stopped,0.0,0.0,
2026-08-04T18:30:15.364,876.118,guiding_to_goal,35.918418083333336,139.9079428,24.418,0.030866666666666664,True,25,1,35.9184062,139.9079523,1.5741257875561905,,27.97,1011.8692578125,55.6015625,149.6875,0.125,-13.0625,-0.03,2.26,9.41,-0.0625,-0.125,-0.0625,63,,stopped,0.0,0.0,
2026-08-04T18:30:15.867,876.621,guiding_to_goal,35.918418083333336,139.9079428,24.418,0.030866666666666664,True,25,1,35.9184062,139.9079523,1.5741257875561905,,27.98,1011.8231640625,55.58984375,149.6875,0.125,-13.0625,-0.02,2.28,9.35,-0.125,0.0,0.0,63,,stopped,0.0,0.0,
2026-08-04T18:30:16.373,877.127,guiding_to_goal,35.918418083333336,139.9079428,24.42,0.15947777777777777,True,25,1,35.9184062,139.9079523,1.5741257875561905,,25.25,1007.5115625,55.2451171875,149.6875,0.125,-13.0625,-0.02,2.28,9.37,0.0,0.0,0.0625,63,,stopped,0.0,0.0,
2026-08-04T18:30:16.874,877.628,guiding_to_goal,35.918418083333336,139.9079428,24.42,0.15947777777777777,True,25,1,35.9184062,139.9079523,1.5741257875561905,,27.97,1011.8151171875,55.328125,149.6875,0.125,-13.0625,-0.03,2.27,9.36,-0.0625,0.0,-0.0625,63,,stopped,0.0,0.0,
2026-08-04T18:30:17.374,878.128,guiding_to_goal,35.9184184,139.9079428,24.424,0.0926,True,25,1,35.9184062,139.9079523,1.603797693266117,,27.99,1011.8395703125,55.318359375,149.6875,0.125,-13.0625,-0.04,2.28,9.31,0.125,0.1875,0.0,63,,stopped,0.0,0.0,
2026-08-04T18:30:17.874,878.628,guiding_to_goal,35.9184184,139.9079428,24.424,0.0926,True,25,1,35.9184062,139.9079523,1.603797693266117,,27.92,1012.2216015625,55.25390625,149.6875,0.125,-13.0625,-0.02,2.28,9.35,0.0625,-0.125,0.0625,63,,stopped,0.0,0.0,
2026-08-04T18:30:18.376,879.130,guiding_to_goal,35.9184185,139.9079428,24.424,0.03601111111111111,True,26,1,35.9184062,139.9079523,1.6132140602071958,,27.99,1011.8666015625,55.1591796875,149.6875,0.125,-13.0625,-0.05,2.29,9.34,0.0,-0.0625,-0.1875,63,,stopped,0.0,0.0,
2026-08-04T18:30:18.886,879.640,guiding_to_goal,35.9184185,139.9079428,24.424,0.03601111111111111,True,26,1,35.9184062,139.9079523,1.6132140602071958,,27.98,1011.9314453125,55.15625,149.6875,0.125,-13.0625,-0.03,2.28,9.37,0.0,0.0,0.125,63,,stopped,0.0,0.0,
2026-08-04T18:30:19.386,880.141,guiding_to_goal,35.9184185,139.9079428,24.423,0.12346666666666666,True,26,1,35.9184062,139.9079523,1.6132140602071958,,27.99,1011.893671875,55.2734375,149.6875,0.125,-13.0625,-0.03,2.28,9.36,-0.0625,-0.0625,0.0625,63,,turn_right,5.0,-5.0,
2026-08-04T18:30:19.887,880.641,guiding_to_goal,35.9184185,139.9079428,24.423,0.12346666666666666,True,26,1,35.9184062,139.9079523,1.6132140602071958,,27.98,1011.9935546875,55.203125,149.875,0.125,-13.0625,-0.38,2.19,9.43,-2.6875,-2.1875,-11.6875,63,,turn_right,25.0,-25.0,
2026-08-04T18:30:20.387,881.141,guiding_to_goal,35.9184184,139.90794248333333,24.415,0.15947777777777777,True,26,1,35.9184062,139.9079523,1.6191884021654732,,27.97,1011.8692578125,55.31640625,154.0,-1.6875,-14.75,-5.01,-1.14,12.4,-34.875,-6.3125,7.375,191,,forward,48.83125,71.16875,
2026-08-04T18:30:20.888,881.642,guiding_to_goal,35.9184184,139.90794248333333,24.415,0.15947777777777777,True,26,1,35.9184062,139.9079523,1.6191884021654732,,27.97,1011.8421875,55.248046875,153.1875,-0.5,-14.0625,0.96,1.17,3.85,-31.8125,0.625,-0.5,191,,forward,59.225,60.775,
2026-08-04T18:30:21.388,882.142,guiding_to_goal,35.91841818333333,139.90794208333332,24.412,0.43727777777777777,True,26,1,35.9184062,139.9079523,1.6192491843625103,,27.95,1011.8371484375,55.0517578125,149.875,1.0,-13.5,3.59,1.13,10.87,-25.3125,54.0,14.75,191,,forward,63.125,56.875,
2026-08-04T18:30:21.888,882.642,guiding_to_goal,35.91841818333333,139.90794208333332,24.412,0.43727777777777777,True,26,1,35.9184062,139.9079523,1.6192491843625103,,27.95,1011.810078125,55.142578125,148.8125,-0.6875,-13.125,-1.68,-1.14,5.45,-79.0625,10.4375,0.9375,191,,forward,18.8325,17.1675,
2026-08-04T18:30:22.390,883.144,guiding_to_goal,35.918414383333335,139.90794328333334,24.437,0.5813222222222222,True,26,1,35.9184062,139.9079523,1.2195438715860845,,27.96,1011.8261328125,55.0986328125,150.8125,-0.5,-12.8125,-0.12,2.2,9.38,0.0,0.0,0.125,63,,stopped,0.0,0.0,
2026-08-04T18:30:22.900,883.654,guiding_to_goal,35.918414383333335,139.90794328333334,24.437,0.5813222222222222,True,26,1,35.9184062,139.9079523,1.2195438715860845,,27.97,1011.88828125,55.1435546875,150.8125,-0.5,-12.8125,-0.11,2.23,9.38,-0.0625,-0.0625,-0.125,63,,stopped,0.0,0.0,
2026-08-04T18:30:23.401,884.155,guiding_to_goal,35.9184117,139.9079475,24.386,0.3858333333333333,True,25,1,35.9184062,139.9079523,0.7489047666136864,,27.97,1011.86125,55.1328125,150.8125,-0.5625,-12.9375,-0.14,2.22,9.39,-0.0625,-0.0625,0.0,63,,stopped,0.0,0.0,
2026-08-04T18:30:23.901,884.655,guiding_to_goal,35.9184117,139.9079475,24.386,0.3858333333333333,True,25,1,35.9184062,139.9079523,0.7489047666136864,,27.97,1011.8421875,55.1220703125,150.8125,-0.5625,-12.9375,-0.12,2.23,9.38,0.0,0.25,0.0,63,,stopped,0.0,0.0,
2026-08-04T18:30:24.403,885.157,guiding_to_goal,35.91841,139.9079499,24.354,0.2829444444444445,True,26,1,35.9184062,139.9079523,0.47460524893806066,,27.98,1011.8853125,54.91796875,150.8125,-0.5625,-12.9375,-0.12,2.21,9.38,0.0625,-0.0625,0.125,63,,stopped,0.0,0.0,
2026-08-04T18:30:24.907,885.662,guiding_to_goal,35.91841,139.9079499,24.354,0.2829444444444445,True,26,1,35.9184062,139.9079523,0.47460524893806066,,25.5,1008.1224609375,54.96875,150.8125,-0.5625,-12.9375,-0.13,2.22,9.36,0.0625,0.0625,0.0625,63,,stopped,0.0,0.0,
2026-08-04T18:30:25.408,886.162,guiding_to_goal,35.918408983333336,139.90794968333333,24.331,0.13375555555555557,True,27,1,35.9184062,139.9079523,0.3889851674681775,,27.99,1011.8666015625,55.044921875,150.8125,-0.5625,-12.9375,-0.13,2.22,9.37,0.0,0.125,0.0,63,,stopped,0.0,0.0,
2026-08-04T18:30:25.908,886.662,guiding_to_goal,35.918408983333336,139.90794968333333,24.331,0.13375555555555557,True,27,1,35.9184062,139.9079523,0.3889851674681775,,27.98,1011.912421875,55.0322265625,150.8125,-0.5625,-12.9375,-0.12,2.22,9.38,0.0,0.1875,-0.0625,63,,stopped,0.0,0.0,
2026-08-04T18:30:26.409,887.163,guiding_to_goal,35.91840908333333,139.9079509,24.3,0.12861111111111112,True,27,1,35.9184062,139.9079523,0.3445087483037942,,27.98,1011.8231640625,55.04296875,150.8125,-0.5625,-12.9375,-0.13,2.21,9.38,0.0,0.0,-0.0625,63,,stopped,0.0,0.0,
2026-08-04T18:30:26.909,887.663,guiding_to_goal,35.91840908333333,139.9079509,24.3,0.12861111111111112,True,27,1,35.9184062,139.9079523,0.3445087483037942,,27.98,1011.8312109375,55.0322265625,150.8125,-0.5625,-12.9375,-0.14,2.21,9.37,0.0625,-0.125,-0.0625,63,,stopped,0.0,0.0,
2026-08-04T18:30:27.409,888.164,guiding_to_goal,35.918406983333334,139.9079509,24.266,0.09774444444444444,True,27,1,35.9184062,139.9079523,0.153235368414696,,27.99,1011.8666015625,55.1591796875,150.8125,-0.5625,-12.9375,-0.14,2.22,9.38,0.125,0.125,0.125,63,,stopped,0.0,0.0,
2026-08-04T18:30:27.910,888.664,guiding_to_goal,35.918406983333334,139.9079509,24.266,0.09774444444444444,True,27,1,35.9184062,139.9079523,0.153235368414696,,27.98,1011.85828125,55.1923828125,150.8125,-0.5625,-12.9375,-0.13,2.23,9.35,0.0,0.0,0.0,63,,stopped,0.0,0.0,
2026-08-04T18:30:28.410,889.165,guiding_to_goal,35.9184069,139.90795108333333,24.265,0.05144444444444445,True,27,1,35.9184062,139.9079523,0.1343968289437563,,28.0,1011.8365625,55.0576171875,150.8125,-0.5625,-12.9375,-0.14,2.23,9.4,-0.125,-0.0625,0.0625,191,,stopped,0.0,0.0,
2026-08-04T18:30:28.911,889.665,guiding_to_goal,35.9184069,139.90795108333333,24.265,0.05144444444444445,True,27,1,35.9184062,139.9079523,0.1343968289437563,,27.99,1011.8746484375,55.0556640625,150.8125,-0.5625,-12.9375,-0.15,2.21,9.38,-0.125,0.125,-0.125,63,,stopped,0.0,0.0,
2026-08-04T18:30:29.413,890.167,guiding_to_goal,35.91840668333333,139.90795118333332,24.262,0.10803333333333333,True,27,1,35.9184062,139.9079523,0.11401872218245387,,27.98,1011.8312109375,55.123046875,150.8125,-0.5625,-12.9375,-0.13,2.21,9.36,-0.125,0.0625,0.0625,63,,stopped,0.0,0.0,
2026-08-04T18:30:29.921,890.675,guiding_to_goal,35.91840668333333,139.90795118333332,24.262,0.10803333333333333,True,27,1,35.9184062,139.9079523,0.11401872218245387,,27.98,1011.912421875,55.078125,150.8125,-0.5625,-12.9375,-0.15,2.23,9.38,0.0625,-0.125,0.0,63,,stopped,0.0,0.0,
2026-08-04T18:30:30.416,891.170,guiding_to_goal,35.918406583333336,139.90795118333332,24.26,0.05144444444444445,True,27,1,35.9184062,139.9079523,0.10921856711223568,,27.97,1011.9153515625,55.0185546875,150.8125,-0.5625,-12.9375,-0.15,2.23,9.37,-0.0625,0.0,0.125,63,,stopped,0.0,0.0,
2026-08-04T18:30:30.965,891.719,guiding_to_goal,35.918406583333336,139.90795118333332,24.26,0.05144444444444445,True,27,1,35.9184062,139.9079523,0.10921856711223568,,27.97,1011.8692578125,55.01953125,150.8125,-0.5625,-12.9375,-0.13,2.22,9.38,-0.125,-0.0625,0.0,63,,stopped,0.0,0.0,
2026-08-04T18:30:31.466,892.220,guiding_to_goal,35.918406483333335,139.9079513,24.257,0.14918888888888887,True,27,1,35.9184062,139.9079523,0.09540369336437399,,27.98,1011.9043359375,55.0771484375,150.8125,-0.5625,-12.9375,-0.12,2.21,9.37,-0.0625,-0.0625,0.125,63,,stopped,0.0,0.0,
2026-08-04T18:30:32.004,892.758,guiding_to_goal,35.918406483333335,139.9079513,24.257,0.14918888888888887,True,27,1,35.9184062,139.9079523,0.09540369336437399,,27.98,1011.8312109375,55.3291015625,150.8125,-0.5625,-12.9375,-0.14,2.21,9.37,0.0625,0.0,0.0,63,,stopped,0.0,0.0,
2026-08-04T18:30:32.505,893.259,guiding_to_goal,35.9184063,139.90795158333333,24.255,0.12346666666666666,True,27,1,35.9184062,139.9079523,0.06548787869813305,,28.0,1011.8555859375,55.0234375,150.8125,-0.5625,-12.9375,-0.15,2.23,9.37,0.0,0.0625,-0.0625,63,,stopped,0.0,0.0,
2026-08-04T18:30:33.005,893.759,guiding_to_goal,35.9184063,139.90795158333333,24.255,0.12346666666666666,True,27,1,35.9184062,139.9079523,0.06548787869813305,,28.0,1011.801484375,55.1484375,150.8125,-0.5625,-12.9375,-0.13,2.22,9.38,-0.125,-0.0625,0.0,63,,stopped,0.0,0.0,
2026-08-04T18:30:33.516,894.271,guiding_to_goal,35.9184063,139.90795158333333,24.249,0.08745555555555556,True,27,1,35.9184062,139.9079523,0.06548787869813305,,27.98,1011.8231640625,55.111328125,150.8125,-0.5625,-12.9375,-0.14,2.22,9.37,0.0625,-0.125,0.125,63,,stopped,0.0,0.0,
2026-08-04T18:30:34.051,894.805,guiding_to_goal,35.9184063,139.90795158333333,24.249,0.08745555555555556,True,27,1,35.9184062,139.9079523,0.06548787869813305,,27.98,1011.8853125,55.1123046875,150.8125,-0.5625,-12.9375,-0.14,2.22,9.36,-0.0625,-0.0625,0.0625,63,,stopped,0.0,0.0,
2026-08-04T18:30:34.551,895.306,guiding_to_goal,35.91840618333333,139.90795158333333,24.248,0.0463,True,27,1,35.9184062,139.9079523,0.06456356305315947,,27.98,1011.850234375,55.2939453125,150.8125,-0.5625,-12.9375,-0.15,2.22,9.36,8.0625,0.0625,0.0,63,,stopped,0.0,0.0,
2026-08-04T18:30:35.052,895.806,guiding_to_goal,35.91840618333333,139.90795158333333,24.248,0.0463,True,27,1,35.9184062,139.9079523,0.06456356305315947,,27.98,1011.804140625,55.283203125,150.8125,-0.5625,-12.9375,-0.13,2.23,9.36,0.8125,0.25,-0.0625,63,,forward,60.0,60.0,
2026-08-04T18:30:35.552,896.306,guiding_to_goal,35.91840618333333,139.90795168333332,24.245,0.08231111111111111,True,27,1,35.9184062,139.9079523,0.05556271842224866,,27.98,1011.85828125,55.1005859375,148.4375,1.0625,-13.0625,0.33,1.62,3.11,34.0,-22.25,1.8125,127,,forward,65.80625,54.19375,
2026-08-04T18:30:36.053,896.807,guiding_to_goal,35.91840618333333,139.90795168333332,24.245,0.08231111111111111,True,27,1,35.9184062,139.9079523,0.05556271842224866,,27.97,1011.896328125,55.1904296875,148.625,1.4375,-13.625,-0.66,0.38,3.55,13.625,-7.4375,-15.5,127,,forward,61.9,58.1,
2026-08-04T18:30:36.553,897.307,guiding_to_goal,35.918405883333335,139.9079519,24.237,0.4784333333333334,True,27,1,35.9184062,139.9079523,0.05037212887563756,,27.97,1011.896328125,55.669921875,152.875,1.125,-12.1875,3.7,3.45,11.02,28.375,2.3125,9.1875,191,,forward,43.68000000000001,52.32000000000001,
2026-08-04T18:30:37.053,897.807,guiding_to_goal,35.918405883333335,139.9079519,24.237,0.4784333333333334,True,27,1,35.9184062,139.9079523,0.05037212887563756,,27.97,1011.86125,55.4638671875,151.5625,0.0,-12.1875,-1.95,0.91,13.3,-34.5625,-60.875,8.6875,191,,forward,11.985,12.015,
2026-08-04T18:30:37.554,898.308,guiding_to_goal,35.918398483333334,139.90795648333332,24.133,0.6173333333333334,True,27,1,35.9184062,139.9079523,0.9371081796488435,,27.97,1011.8692578125,55.5556640625,149.5,0.875,-13.375,0.16,2.21,9.39,-0.0625,0.1875,-0.0625,63,,stopped,0.0,0.0,
2026-08-04T18:30:38.054,898.808,guiding_to_goal,35.918398483333334,139.90795648333332,24.133,0.6173333333333334,True,27,1,35.9184062,139.9079523,0.9371081796488435,,27.97,1011.86125,55.5771484375,149.5,0.875,-13.375,0.16,2.17,9.39,0.0,0.125,-0.1875,63,,stopped,0.0,0.0,
2026-08-04T18:30:38.555,899.309,guiding_to_goal,35.9183948,139.9079604,24.071,0.40641111111111117,True,27,1,35.9184062,139.9079523,1.4625034135656794,,27.97,1011.8151171875,55.658203125,149.5,0.875,-13.375,0.18,2.21,9.38,0.0,-0.125,0.0625,63,,stopped,0.0,0.0,
2026-08-04T18:30:39.084,899.838,guiding_to_goal,35.9183948,139.9079604,24.071,0.40641111111111117,True,27,1,35.9184062,139.9079523,1.4625034135656794,,27.98,1011.8312109375,55.7509765625,149.5,0.875,-13.375,0.12,2.18,9.38,-0.0625,0.0,0.1875,63,,stopped,0.0,0.0,
2026-08-04T18:30:39.586,900.340,guiding_to_goal,35.918393183333336,139.9079628,24.045,0.25722222222222224,True,27,1,35.9184062,139.9079523,1.7288663431290925,,27.98,1011.804140625,55.5341796875,149.5,0.875,-13.375,0.15,2.17,9.36,-0.0625,0.1875,-0.0625,63,,stopped,0.0,0.0,
2026-08-04T18:30:40.099,900.853,guiding_to_goal,35.918393183333336,139.9079628,24.045,0.25722222222222224,True,27,1,35.9184062,139.9079523,1.7288663431290925,,27.97,1011.7880859375,55.31640625,149.5,0.875,-13.375,0.16,2.18,9.37,-0.0625,0.25,0.0,63,,stopped,0.0,0.0,
2026-08-04T18:30:40.600,901.354,guiding_to_goal,35.918392583333336,139.9079629,24.028,0.11832222222222223,True,27,1,35.9184062,139.9079523,1.7898802010636115,,27.97,1011.75296875,55.349609375,149.5,0.875,-13.375,0.18,2.16,9.36,-0.0625,0.125,-0.0625,63,,stopped,0.0,0.0,
2026-08-04T18:30:41.154,901.909,guiding_to_goal,35.918392583333336,139.9079629,24.028,0.11832222222222223,True,27,1,35.9184062,139.9079523,1.7898802010636115,,27.97,1011.8151171875,55.3623046875,149.5,0.875,-13.375,0.16,2.19,9.37,0.0625,-0.0625,0.0625,63,,stopped,0.0,0.0,
2026-08-04T18:30:41.655,902.409,guiding_to_goal,35.91839208333333,139.90796158333333,23.992,0.08745555555555556,True,27,1,35.9184062,139.9079523,1.7784330339912997,,27.98,1011.85828125,55.3173828125,149.5,0.875,-13.375,0.13,2.17,9.39,8.0625,-0.125,0.0625,63,,stopped,0.0,0.0,
2026-08-04T18:30:42.156,902.912,guiding_to_goal,35.91839208333333,139.90796158333333,23.992,0.08745555555555556,True,27,1,35.9184062,139.9079523,1.7784330339912997,,27.98,1011.8231640625,55.328125,149.5,0.875,-13.375,0.16,2.18,9.36,0.0625,-0.1875,0.0,63,,stopped,0.0,0.0,
2026-08-04T18:30:42.658,903.413,guiding_to_goal,35.918391283333335,139.90796078333332,23.964,0.05658888888888889,True,27,1,35.9184062,139.9079523,1.8261286401777062,,27.97,1011.8692578125,55.3505859375,157.5,0.875,-13.375,0.15,2.19,9.37,0.0625,-0.0625,-0.0625,63,,stopped,0.0,0.0,
2026-08-04T18:30:43.159,903.913,guiding_to_goal,35.918391283333335,139.90796078333332,23.964,0.05658888888888889,True,27,1,35.9184062,139.9079523,1.8261286401777062,,27.97,1011.8151171875,55.373046875,149.5,0.875,-13.375,0.16,2.17,9.4,0.0,0.0,0.125,63,,stopped,0.0,0.0,
2026-08-04T18:30:43.659,904.414,guiding_to_goal,35.918391283333335,139.90796078333332,23.963,0.0463,True,27,1,35.9184062,139.9079523,1.8261286401777062,,28.0,1011.8555859375,55.30859375,149.5,0.875,-13.375,0.17,2.17,9.39,-0.0625,0.0,0.1875,63,,stopped,0.0,0.0,
2026-08-04T18:30:44.160,904.914,guiding_to_goal,35.918391283333335,139.90796078333332,23.963,0.0463,True,27,1,35.9184062,139.9079523,1.8261286401777062,,27.99,1012.6865234375,55.38671875,149.5,0.875,-13.375,0.16,2.17,9.36,0.0625,0.125,0.0,63,,stopped,0.0,0.0,
2026-08-04T18:30:44.664,905.418,guiding_to_goal,35.918391283333335,139.90796068333333,23.962,0.07716666666666668,True,27,1,35.9184062,139.9079523,1.822379803315849,,28.01,1011.8716796875,55.2978515625,149.5,0.875,-13.375,1.43,2.17,9.35,0.1875,0.0,0.0,63,,stopped,0.0,0.0,
2026-08-04T18:30:45.167,905.921,guiding_to_goal,35.918391283333335,139.90796068333333,23.962,0.07716666666666668,True,27,1,35.9184062,139.9079523,1.822379803315849,,28.02,1011.887734375,55.447265625,149.5,0.875,-13.375,0.16,2.19,9.36,-0.0625,-0.0625,0.0625,63,,stopped,0.0,0.0,
2026-08-04T18:30:45.667,906.421,guiding_to_goal,35.918391283333335,139.90796068333333,23.963,0.05144444444444445,True,27,1,35.9184062,139.9079523,1.822379803315849,,28.02,1011.860703125,55.515625,149.5,0.875,-13.375,0.16,2.19,9.37,-0.0625,0.0625,0.0,63,,stopped,0.0,0.0,
2026-08-04T18:30:46.168,906.922,guiding_to_goal,35.918391283333335,139.90796068333333,23.963,0.05144444444444445,True,27,1,35.9184062,139.9079523,1.822379803315849,,28.01,1011.85265625,55.5263671875,149.5,0.875,-13.375,0.19,2.19,9.36,0.0,0.0,-0.0625,63,,stopped,0.0,0.0,
2026-08-04T18:30:46.671,907.425,guiding_to_goal,35.918391383333336,139.90796068333333,23.962,0.0051444444444444445,True,27,1,35.9184062,139.9079523,1.8122651368479696,,28.03,1011.9121484375,55.4599609375,149.5,0.875,-13.375,0.16,2.2,9.36,-0.0625,0.0,0.1875,63,,stopped,0.0,0.0,
2026-08-04T18:30:47.171,907.926,guiding_to_goal,35.918391383333336,139.90796068333333,23.962,0.0051444444444444445,True,27,1,35.9184062,139.9079523,1.8122651368479696,,28.03,1011.8580078125,55.57421875,149.5,0.875,-13.375,0.17,2.2,9.36,0.0,-0.125,0.0625,63,,stopped,0.0,0.0,
2026-08-04T18:30:47.672,908.426,guiding_to_goal,35.91839148333333,139.90796078333332,23.965,0.2057777777777778,True,27,1,35.9184062,139.9079523,1.8059531158561914,,28.04,1011.8660546875,55.5869140625,149.5,0.875,-13.375,0.14,2.19,9.38,0.0,0.125,-0.125,63,,stopped,0.0,0.0,
2026-08-04T18:30:48.172,908.926,guiding_to_goal,35.91839148333333,139.90796078333332,23.965,0.2057777777777778,True,27,1,35.9184062,139.9079523,1.8059531158561914,,28.03,1011.7768359375,55.654296875,149.5,0.875,-13.375,1.44,2.16,9.35,0.0,0.125,-0.1875,63,,stopped,0.0,0.0,
2026-08-04T18:30:48.673,909.427,guiding_to_goal,35.91839158333333,139.90796148333334,23.967,0.0,True,27,1,35.9184062,139.9079523,1.82359064940338,,28.03,1011.8580078125,55.69921875,149.5,0.875,-13.375,0.16,2.17,9.37,0.0625,-0.1875,-0.0625,63,,forward,60.0,60.0,
2026-08-04T18:30:49.517,910.271,guiding_to_goal,35.91839158333333,139.90796148333334,23.967,0.0,True,27,1,35.9184062,139.9079523,1.82359064940338,,28.04,1011.8199609375,55.6904296875,149.5,0.875,-15.0625,0.11,1.38,8.81,144.75,-1.3125,-0.25,63,,forward,60.0,60.0,
2026-08-04T18:30:50.017,910.771,guiding_to_goal,,,,,False,,,35.9184062,139.9079523,,,28.03,1011.8309765625,55.8251953125,144.3125,-0.5625,-13.375,0.17,3.38,14.66,22.125,69.375,-11.6875,127,,forward,67.74375,52.25625,
2026-08-04T18:30:50.517,911.272,guiding_to_goal,,,,,False,,,35.9184062,139.9079523,,,28.03,1011.795859375,55.8134765625,146.625,0.0625,-12.3125,-0.56,3.38,9.56,-14.125,-74.5,-1.5625,191,,forward,62.0375,57.9625,
2026-08-04T18:30:51.019,911.773,guiding_to_goal,35.91838598333333,139.9079633,24.008,0.6018999999999999,True,27,1,35.9184062,139.9079523,2.4565598428602127,,28.01,1011.85265625,55.857421875,147.0625,-0.1875,-15.0,-0.03,3.3,4.91,-24.0,-3.0,-0.25,191,,forward,34.7325,37.2675,
2026-08-04T18:30:51.750,912.504,guiding_to_goal,35.91838598333333,139.9079633,24.008,0.6018999999999999,True,27,1,35.9184062,139.9079523,2.4565598428602127,,28.01,1011.8255859375,55.857421875,147.0625,-0.0625,-14.1875,-0.72,4.33,10.84,-32.25,-17.375,-1.4375,191,,forward,30.975,29.025,
2026-08-04T18:30:52.250,913.004,guiding_to_goal,35.918383883333334,139.90796488333334,24.058,0.26751111111111114,True,27,1,35.9184062,139.9079523,2.7279790427721733,,28.02,1011.860703125,55.892578125,152.6875,0.3125,-10.9375,0.04,1.77,9.42,0.0,0.0,0.0,63,,stopped,0.0,0.0,
2026-08-04T18:30:52.751,913.505,guiding_to_goal,35.918383883333334,139.90796488333334,24.058,0.26751111111111114,True,27,1,35.9184062,139.9079523,2.7279790427721733,,28.02,1011.8690234375,55.927734375,144.6875,0.3125,-10.9375,0.04,1.77,9.46,-0.125,0.0,0.0,63,,stopped,0.0,0.0,
2026-08-04T18:30:53.251,914.005,guiding_to_goal,35.91838418333333,139.9079643,24.124,0.08745555555555556,True,27,1,35.9184062,139.9079523,2.676029684697451,,28.04,1011.893125,55.9404296875,144.6875,0.3125,-10.875,0.03,1.77,9.47,-0.0625,0.125,-0.125,63,,stopped,0.0,0.0,
2026-08-04T18:30:53.752,914.506,guiding_to_goal,35.91838418333333,139.9079643,24.124,0.08745555555555556,True,27,1,35.9184062,139.9079523,2.676029684697451,,28.03,1011.8580078125,56.064453125,144.6875,0.3125,-10.875,0.05,1.75,9.45,8.0,0.0,-0.0625,63,,stopped,0.0,0.0,
2026-08-04T18:30:54.256,915.010,guiding_to_goal,35.918384683333336,139.90796398333333,24.139,0.07202222222222222,True,27,1,35.9184062,139.9079523,2.6136540717318524,,28.05,1011.773828125,56.078125,144.6875,0.3125,-10.875,0.04,1.76,9.48,0.0625,-0.0625,-0.0625,63,,stopped,0.0,0.0,
2026-08-04T18:30:54.757,915.511,guiding_to_goal,35.918384683333336,139.90796398333333,24.139,0.07202222222222222,True,27,1,35.9184062,139.9079523,2.6136540717318524,,28.04,1011.8660546875,56.06640625,144.6875,0.3125,-10.875,0.04,1.76,9.48,0.0625,0.0625,0.0,63,,stopped,0.0,0.0,
2026-08-04T18:30:55.263,916.017,guiding_to_goal,35.91838538333333,139.90796358333333,24.147,0.06687777777777779,True,27,1,35.9184062,139.9079523,2.527903184130051,,28.05,1011.8550390625,55.9072265625,144.6875,0.3125,-10.875,0.04,1.78,9.49,0.0,0.0,0.0,63,,stopped,0.0,0.0,
2026-08-04T18:30:55.764,916.518,guiding_to_goal,35.91838538333333,139.90796358333333,24.147,0.06687777777777779,True,27,1,35.9184062,139.9079523,2.527903184130051,,28.05,1011.8089453125,56.0673828125,144.6875,0.3125,-10.875,0.06,1.77,9.47,0.0,0.1875,0.0,63,,stopped,0.0,0.0,
2026-08-04T18:30:56.265,917.019,guiding_to_goal,35.91838538333333,139.90796348333333,24.152,0.06173333333333333,True,27,1,35.9184062,139.9079523,2.5242970593163756,,28.06,1011.8523828125,56.103515625,144.6875,0.3125,-10.875,0.03,1.76,9.49,0.0625,-0.0625,0.0,63,,stopped,0.0,0.0,
2026-08-04T18:30:56.765,917.519,guiding_to_goal,35.91838538333333,139.90796348333333,24.152,0.06173333333333333,True,27,1,35.9184062,139.9079523,2.5242970593163756,,28.06,1011.790234375,56.1025390625,144.6875,0.3125,-10.875,0.04,1.76,9.47,-0.1875,0.25,-0.125,63,,stopped,0.0,0.0,
2026-08-04T18:30:57.266,918.020,guiding_to_goal,35.91838538333333,139.90796338333334,24.158,0.11317777777777778,True,27,1,35.9184062,139.9079523,2.520717946288532,,28.06,1011.73609375,56.0341796875,144.6875,0.3125,-10.875,0.05,1.76,9.48,0.0625,-0.125,0.0625,63,,stopped,0.0,0.0,
2026-08-04T18:30:57.766,918.520,guiding_to_goal,35.91838538333333,139.90796338333334,24.158,0.11317777777777778,True,27,1,35.9184062,139.9079523,2.520717946288532,,28.06,1011.8523828125,56.0234375,144.6875,0.3125,-10.875,0.04,1.75,9.48,0.0,0.0625,0.0,63,,stopped,0.0,0.0,
2026-08-04T18:30:58.276,919.030,guiding_to_goal,35.91838548333333,139.9079633,24.166,0.08231111111111111,True,27,1,35.9184062,139.9079523,2.5075371410026395,,28.07,1011.77921875,56.001953125,144.6875,0.3125,-10.875,0.04,1.76,9.5,0.0625,8.0625,0.125,63,,stopped,0.0,0.0,
2026-08-04T18:30:58.777,919.531,guiding_to_goal,35.91838548333333,139.9079633,24.166,0.08231111111111111,True,27,1,35.9184062,139.9079523,2.5075371410026395,,28.07,1011.787265625,56.001953125,144.6875,0.3125,-10.875,0.04,1.76,9.46,-0.0625,0.0,0.0,63,,stopped,0.0,0.0,
2026-08-04T18:30:59.277,920.031,guiding_to_goal,35.9183857,139.90796318333332,24.176,0.09774444444444444,True,27,1,35.9184062,139.9079523,2.4812541801705743,,28.07,1011.787265625,55.8310546875,144.6875,0.3125,-10.875,0.05,1.76,9.48,-0.125,-0.0625,-0.0625,63,,stopped,0.0,0.0,
2026-08-04T18:30:59.778,920.532,guiding_to_goal,35.9183857,139.90796318333332,24.176,0.09774444444444444,True,27,1,35.9184062,139.9079523,2.4812541801705743,,28.08,1011.830390625,55.8662109375,144.6875,0.3125,-10.875,0.05,1.75,9.47,8.0,0.0625,0.0625,63,,stopped,0.0,0.0,
2026-08-04T18:31:00.279,921.033,guiding_to_goal,35.9183857,139.90796298333333,24.185,0.1852,True,27,1,35.9184062,139.9079523,2.4741956772023834,,28.08,1011.77625,55.6376953125,144.6875,0.3125,-10.875,0.05,1.76,9.47,8.0,-0.0625,-0.0625,63,,stopped,0.0,0.0,
2026-08-04T18:31:00.779,921.533,guiding_to_goal,35.9183857,139.90796298333333,24.185,0.1852,True,27,1,35.9184062,139.9079523,2.4741956772023834,,28.08,1011.7682421875,55.6591796875,144.6875,0.3125,-10.875,0.03,1.77,9.51,0.0,-0.125,-0.125,63,,stopped,0.0,0.0,
2026-08-04T18:31:01.280,922.034,guiding_to_goal,35.91838548333333,139.90796258333333,24.194,0.13375555555555557,True,27,1,35.9184062,139.9079523,2.4827507124947985,,27.59,1011.0197265625,55.646484375,144.6875,0.3125,-10.875,0.04,1.75,9.45,-0.0625,0.125,0.125,63,,stopped,0.0,0.0,
2026-08-04T18:31:01.781,922.535,guiding_to_goal,35.91838548333333,139.90796258333333,24.194,0.13375555555555557,True,27,1,35.9184062,139.9079523,2.4827507124947985,,28.07,1011.8143359375,55.5908203125,144.6875,0.3125,-10.875,0.05,1.76,9.45,0.0,-0.0625,-0.0625,63,,stopped,0.0,0.0,
2026-08-04T18:31:02.281,923.035,guiding_to_goal,35.91838538333333,139.90796228333335,24.198,0.15947777777777777,True,27,1,35.9184062,139.9079523,2.4831632538795927,,28.1,1011.781640625,55.2978515625,144.6875,0.3125,-10.875,0.05,1.75,9.46,-0.0625,-0.0625,-0.0625,63,,stopped,0.0,0.0,
2026-08-04T18:31:02.782,923.536,guiding_to_goal,35.91838538333333,139.90796228333335,24.198,0.15947777777777777,True,27,1,35.9184062,139.9079523,2.4831632538795927,,28.09,1011.8196875,55.421875,144.6875,0.3125,-10.875,0.05,1.76,9.5,8.0625,-0.0625,0.0625,63,,stopped,0.0,0.0,
2026-08-04T18:31:03.282,924.036,guiding_to_goal,35.918385283333336,139.90796248333334,24.2,0.12346666666666666,True,27,1,35.9184062,139.9079523,2.5000815176691735,,28.11,1011.79765625,55.27734375,144.6875,0.3125,-10.875,0.03,1.75,9.46,0.0,0.0625,0.0,63,,stopped,0.0,0.0,
2026-08-04T18:31:03.782,924.537,guiding_to_goal,35.918385283333336,139.90796248333334,24.2,0.12346666666666666,True,27,1,35.9184062,139.9079523,2.5000815176691735,,28.11,1011.762578125,55.310546875,144.6875,0.3125,-10.875,0.04,1.75,9.46,0.0625,-0.125,0.0,63,,stopped,0.0,0.0,
2026-08-04T18:31:04.283,925.037,guiding_to_goal,35.91838538333333,139.90796258333333,24.202,0.12346666666666666,True,27,1,35.9184062,139.9079523,2.4930712404699515,,28.11,1011.81671875,55.37890625,154.8125,-0.0625,-15.25,0.72,4.58,11.6,25.8125,37.625,-6.5625,63,,forward,62.475,57.525,
2026-08-04T18:31:04.783,925.537,guiding_to_goal,35.91838538333333,139.90796258333333,24.202,0.12346666666666666,True,27,1,35.9184062,139.9079523,2.4930712404699515,,28.11,1011.79765625,55.3798828125,155.8125,2.8125,-14.1875,4.76,-1.26,9.18,-3.0625,48.625,3.3125,63,,forward,51.615,56.385,
2026-08-04T18:31:05.284,926.038,guiding_to_goal,35.918385283333336,139.90796268333332,24.205,0.4424222222222222,True,27,1,35.9184062,139.9079523,2.506743663663039,,28.1,1011.781640625,55.263671875,151.875,2.0,-12.25,0.3,2.05,9.39,0.3125,0.0625,-0.0625,63,,stopped,0.0,0.0,
2026-08-04T18:31:05.784,926.538,guiding_to_goal,35.918385283333336,139.90796268333332,24.205,0.4424222222222222,True,27,1,35.9184062,139.9079523,2.506743663663039,,28.11,1011.824765625,55.2548828125,151.875,2.0,-12.25,0.32,2.01,9.39,-0.0625,0.0,-0.0625,63,,stopped,0.0,0.0,
2026-08-04T18:31:06.295,927.049,guiding_to_goal,35.91838228333334,139.90796368333332,24.234,0.12861111111111112,True,27,1,35.9184062,139.9079523,2.8501361223184816,,28.14,1011.7840234375,55.177734375,151.875,2.0,-12.25,0.32,2.01,9.39,0.0,0.125,0.0625,63,,stopped,0.0,0.0,
2026-08-04T18:31:06.799,927.554,guiding_to_goal,35.91838228333334,139.90796368333332,24.234,0.12861111111111112,True,27,1,35.9184062,139.9079523,2.8501361223184816,,28.14,1011.74890625,55.1767578125,151.875,2.0,-12.25,0.33,2.0,9.42,0.0,-0.125,0.0,63,,stopped,0.0,0.0,
2026-08-04T18:31:07.300,928.054,guiding_to_goal,35.918382183333335,139.90796218333332,24.273,0.11832222222222223,True,27,1,35.9184062,139.9079523,2.814934440943777,,25.79,1008.2051171875,55.3115234375,151.875,2.0,-12.25,0.3,2.02,9.41,0.0,0.0,0.0,63,,stopped,0.0,0.0,
2026-08-04T18:31:07.855,928.609,guiding_to_goal,35.918382183333335,139.90796218333332,24.273,0.11832222222222223,True,27,1,35.9184062,139.9079523,2.814934440943777,,28.15,1011.7649609375,55.3720703125,151.875,2.0,-12.25,0.33,2.0,9.37,-0.0625,0.0625,-0.125,63,,stopped,0.0,0.0,
2026-08-04T18:31:08.357,929.111,guiding_to_goal,35.91838288333334,139.90796078333332,24.31,0.08745555555555556,True,27,1,35.9184062,139.9079523,2.7028999649480303,,28.16,1011.808125,55.533203125,151.875,2.0,-12.25,0.31,2.02,9.39,0.0625,0.0,-0.0625,63,,stopped,0.0,0.0,
2026-08-04T18:31:08.858,929.612,guiding_to_goal,35.91838288333334,139.90796078333332,24.31,0.08745555555555556,True,27,1,35.9184062,139.9079523,2.7028999649480303,,28.15,1011.7730078125,55.4287109375,151.875,2.0,-12.25,0.32,2.02,9.42,0.0,0.0625,0.0,63,,stopped,0.0,0.0,
2026-08-04T18:31:09.360,930.115,guiding_to_goal,35.918382783333335,139.9079581,24.408,0.06173333333333333,True,27,1,35.9184062,139.9079523,2.655681937818693,,28.17,1011.778359375,55.4423828125,159.875,2.0,-12.25,0.33,2.0,9.41,0.0,-0.0625,0.0625,63,,stopped,0.0,0.0,
2026-08-04T18:31:09.861,930.615,guiding_to_goal,35.918382783333335,139.9079581,24.408,0.06173333333333333,True,27,1,35.9184062,139.9079523,2.655681937818693,,28.17,1011.80546875,55.4541015625,151.875,2.0,-12.25,0.32,2.01,9.41,0.125,-0.0625,0.0625,63,,stopped,0.0,0.0,
2026-08-04T18:31:10.361,931.115,guiding_to_goal,35.91838288333334,139.907958,24.412,0.025722222222222226,True,27,1,35.9184062,139.9079523,2.6430168980720756,,28.19,1011.775390625,55.490234375,151.875,2.0,-12.25,0.33,2.01,9.39,0.0625,0.0,0.125,63,,stopped,0.0,0.0,
2026-08-04T18:31:10.862,931.616,guiding_to_goal,35.91838288333334,139.907958,24.412,0.025722222222222226,True,27,1,35.9184062,139.9079523,2.6430168980720756,,28.19,1011.775390625,55.490234375,151.875,2.0,-12.25,0.32,2.02,9.39,0.0,-0.0625,0.0625,63,,stopped,0.0,0.0,
2026-08-04T18:31:11.362,932.116,guiding_to_goal,35.91838288333334,139.907958,24.412,0.11832222222222223,True,27,1,35.9184062,139.9079523,2.6430168980720756,,28.19,1011.775390625,55.501953125,151.875,2.0,-12.25,0.32,2.01,9.38,-0.125,-0.1875,0.0625,63,,stopped,0.0,0.0,
2026-08-04T18:31:11.863,932.617,guiding_to_goal,35.91838288333334,139.907958,24.412,0.11832222222222223,True,27,1,35.9184062,139.9079523,2.6430168980720756,,28.2,1011.7373046875,55.5029296875,151.875,2.0,-12.25,0.31,2.03,9.4,-0.0625,-0.0625,0.0625,63,,stopped,0.0,0.0,
2026-08-04T18:31:12.363,933.117,guiding_to_goal,35.918382783333335,139.907958,24.412,0.030866666666666664,True,26,1,35.9184062,139.9079523,2.6539255593480444,,28.19,1011.72125,55.59375,151.875,2.0,-12.25,0.3,2.0,9.41,0.0625,0.0625,0.0,63,,stopped,0.0,0.0,
2026-08-04T18:31:12.864,933.618,guiding_to_goal,35.918382783333335,139.907958,24.412,0.030866666666666664,True,26,1,35.9184062,139.9079523,2.6539255593480444,,28.18,1011.7863671875,55.53515625,151.875,2.0,-12.25,0.33,2.0,9.41,-0.0625,0.125,0.0,63,,stopped,0.0,0.0,
2026-08-04T18:31:13.365,934.119,guiding_to_goal,35.9183826,139.90795778333333,24.408,0.05144444444444445,True,26,1,35.9184062,139.9079523,2.6702525259838357,,28.17,1011.778359375,55.48828125,151.875,2.0,-12.25,0.31,2.01,9.4,0.0,-0.0625,0.0625,63,,stopped,0.0,0.0,
2026-08-04T18:31:13.874,934.629,guiding_to_goal,35.9183826,139.90795778333333,24.408,0.05144444444444445,True,26,1,35.9184062,139.9079523,2.6702525259838357,,28.16,1011.726875,55.2587890625,151.875,2.0,-12.25,0.33,2.04,9.41,-0.0625,0.0,-0.0625,63,,stopped,0.0,0.0,
2026-08-04T18:31:14.375,935.129,guiding_to_goal,35.9183826,139.90795768333334,24.404,0.05144444444444445,True,26,1,35.9184062,139.9079523,2.668601967398877,,28.16,1011.843203125,55.4541015625,151.875,2.0,-12.25,0.32,2.0,9.4,0.0,-0.125,-0.0625,63,,stopped,0.0,0.0,
2026-08-04T18:31:14.876,935.631,guiding_to_goal,35.9183826,139.90795768333334,24.404,0.05144444444444445,True,26,1,35.9184062,139.9079523,2.668601967398877,,25.4,1007.3761328125,55.3662109375,151.875,2.0,-12.25,0.32,2.0,9.39,0.0,0.0,-0.125,63,,stopped,0.0,0.0,
2026-08-04T18:31:15.383,936.137,guiding_to_goal,35.91838238333333,139.90795738333333,24.398,0.07716666666666668,True,26,1,35.9184062,139.9079523,2.6875638465075418,,28.15,1011.8271484375,55.623046875,151.875,2.0,-12.25,0.34,2.01,9.42,-0.0625,0.1875,0.0,63,,stopped,0.0,0.0,
2026-08-04T18:31:15.886,936.640,guiding_to_goal,35.91838238333333,139.90795738333333,24.398,0.07716666666666668,True,26,1,35.9184062,139.9079523,2.6875638465075418,,28.15,1011.7108203125,55.6455078125,151.875,2.0,-12.25,0.34,1.99,9.41,0.0,-0.0625,-0.0625,63,,stopped,0.0,0.0,
2026-08-04T18:31:16.396,937.150,guiding_to_goal,35.91838228333334,139.90795718333334,24.394,0.08231111111111111,True,27,1,35.9184062,139.9079523,2.6955247901767057,,28.17,1011.8244921875,55.4423828125,151.875,2.0,-12.25,0.32,1.97,9.4,0.0625,-0.0625,0.0,63,,stopped,0.0,0.0,
2026-08-04T18:31:16.896,937.651,guiding_to_goal,35.91838228333334,139.90795718333334,24.394,0.08231111111111111,True,27,1,35.9184062,139.9079523,2.6955247901767057,,28.17,1011.7703515625,55.556640625,151.875,2.0,-12.25,0.32,2.0,9.41,-0.0625,0.125,0.0625,63,,stopped,0.0,0.0,
2026-08-04T18:31:17.397,938.151,guiding_to_goal,35.91838228333334,139.90795698333332,24.392,0.07716666666666668,True,27,1,35.9184062,139.9079523,2.692645190634663,,28.15,1011.737890625,55.2578125,151.875,2.0,-12.25,0.32,2.0,9.4,0.0,0.1875,0.125,63,,stopped,0.0,0.0,
2026-08-04T18:31:17.897,938.651,guiding_to_goal,35.91838228333334,139.90795698333332,24.392,0.07716666666666668,True,27,1,35.9184062,139.9079523,2.692645190634663,,28.16,1011.781015625,55.2587890625,151.875,2.0,-12.25,0.52,2.06,9.31,0.3125,0.0,-1.1875,63,,turn_right,10.0,-10.0,
2026-08-04T18:31:18.398,939.152,guiding_to_goal,35.918382,139.9079566,24.389,0.09774444444444444,True,27,1,35.9184062,139.9079523,2.7186349958903704,,28.16,1011.726875,55.0078125,161.5625,2.375,-15.0625,2.5,4.52,9.52,-15.9375,-35.4375,3.6875,191,,forward,25.66375,58.33625,
2026-08-04T18:31:18.898,939.652,guiding_to_goal,35.918382,139.9079566,24.389,0.09774444444444444,True,27,1,35.9184062,139.9079523,2.7186349958903704,,28.15,1011.737890625,55.0869140625,160.6875,3.125,-12.4375,3.05,-0.33,10.84,-82.6875,32.375,44.125,191,,forward,12.100000000000001,11.9,
2026-08-04T18:31:19.399,940.153,guiding_to_goal,35.91838178333333,139.90795638333333,24.388,0.2932333333333333,True,27,1,35.9184062,139.9079523,2.739796976744934,,28.16,1011.781015625,54.9052734375,152.5,0.5,-11.1875,0.06,1.87,9.44,0.0625,0.0625,0.0625,63,,stopped,0.0,0.0,
2026-08-04T18:31:19.899,940.653,guiding_to_goal,35.91838178333333,139.90795638333333,24.388,0.2932333333333333,True,27,1,35.9184062,139.9079523,2.739796976744934,,27.71,1011.1325,54.8623046875,152.5,0.5,-11.1875,0.07,1.85,9.45,-0.0625,0.0625,0.0,63,,stopped,0.0,0.0,
2026-08-04T18:31:20.401,941.155,guiding_to_goal,35.9183796,139.90795778333333,24.375,0.11317777777777778,True,27,1,35.9184062,139.9079523,2.9987187105686637,,28.17,1011.7703515625,54.849609375,152.5,0.5,-11.1875,0.07,1.85,9.45,0.0,0.0,0.0,63,,stopped,0.0,0.0,
2026-08-04T18:31:20.905,941.659,guiding_to_goal,35.9183796,139.90795778333333,24.375,0.11317777777777778,True,27,1,35.9184062,139.9079523,2.9987187105686637,,28.16,1011.7890625,54.837890625,152.5,0.5,-11.1875,0.09,1.86,9.44,0.0625,-0.0625,0.0,63,,stopped,0.0,0.0,
2026-08-04T18:31:21.406,942.160,guiding_to_goal,35.91837938333333,139.90795768333334,24.374,0.05144444444444445,True,27,1,35.9184062,139.9079523,3.0210265724032173,,28.19,1011.7834375,54.8642578125,152.5,8.5,-11.1875,0.08,1.82,9.42,-0.0625,0.0,-0.0625,63,,stopped,0.0,0.0,
2026-08-04T18:31:21.907,942.661,guiding_to_goal,35.91837938333333,139.90795768333334,24.374,0.05144444444444445,True,27,1,35.9184062,139.9079523,3.0210265724032173,,28.18,1011.84859375,54.919921875,152.5,0.5,-3.1875,0.07,1.85,9.43,0.0625,0.125,0.0,63,,stopped,0.0,0.0,
2026-08-04T18:31:22.408,943.162,guiding_to_goal,35.91837938333333,139.90795768333334,24.375,0.0926,True,27,1,35.9184062,139.9079523,3.0210265724032173,,28.19,1011.7834375,54.9326171875,152.5,0.5,-11.1875,0.07,1.84,9.43,-0.125,0.125,-0.0625,63,,stopped,0.0,0.0,
2026-08-04T18:31:22.914,943.668,guiding_to_goal,35.91837938333333,139.90795768333334,24.375,0.0926,True,27,1,35.9184062,139.9079523,3.0210265724032173,,28.2,1011.764375,54.978515625,152.5,0.5,-11.1875,0.09,1.84,9.42,0.0,-0.375,0.0,63,,stopped,0.0,0.0,
2026-08-04T18:31:23.415,944.169,guiding_to_goal,35.91837938333333,139.90795768333334,24.375,0.030866666666666664,True,27,1,35.9184062,139.9079523,3.0210265724032173,,28.21,1011.7266015625,55.0361328125,152.5,0.5,-11.1875,0.1,1.84,9.44,8.0,0.0625,0.0625,63,,stopped,0.0,0.0,
2026-08-04T18:31:23.916,944.670,guiding_to_goal,35.91837938333333,139.90795768333334,24.375,0.030866666666666664,True,27,1,35.9184062,139.9079523,3.0210265724032173,,28.21,1011.8078125,55.1162109375,152.5,0.5,-11.1875,0.07,1.83,9.45,0.0625,-0.1875,0.125,63,,stopped,0.0,0.0,
2026-08-04T18:31:24.416,945.170,guiding_to_goal,35.918379183333336,139.90795768333334,24.369,0.025722222222222226,True,27,1,35.9184062,139.9079523,3.0429794562804537,,27.63,1010.8408203125,55.2177734375,152.5,0.5,-11.1875,0.1,1.83,9.45,0.0,0.0625,-0.0625,63,,stopped,0.0,0.0,
2026-08-04T18:31:24.917,945.671,guiding_to_goal,35.918379183333336,139.90795768333334,24.369,0.025722222222222226,True,27,1,35.9184062,139.9079523,3.0429794562804537,,28.21,1011.753671875,55.2421875,152.5,0.5,-11.1875,0.06,1.83,9.45,0.0,-0.0625,0.0625,63,,stopped,0.0,0.0,
2026-08-04T18:31:25.417,946.171,guiding_to_goal,35.918379083333335,139.9079576,24.369,0.15433333333333335,True,27,1,35.9184062,139.9079523,3.0527752282480014,,28.22,1011.8238671875,55.2314453125,152.5,0.5,-11.1875,0.09,1.84,9.43,0.125,0.0,-0.125,63,,forward,60.0,60.0,
2026-08-04T18:31:25.917,946.671,guiding_to_goal,35.918379083333335,139.9079576,24.369,0.15433333333333335,True,27,1,35.9184062,139.9079523,3.0527752282480014,,28.22,1011.8319140625,55.15234375,152.0625,0.5,-19.0625,0.33,7.56,5.94,24.1875,20.3125,13.5,63,,forward,60.875,59.125,
2026-08-04T18:31:26.418,947.172,completed,35.91837878333333,139.90795748333332,24.366,0.3961222222222222,True,27,1,35.9184062,139.9079523,3.084120397416243,,28.23,1011.7587109375,54.8798828125,170.3125,1.5625,-15.0,1.52,2.48,9.27,-0.0625,0.1875,-0.125,255,,stopped,0.0,0.0,
