timestamp,elapsed_s,phase,latitude_deg,longitude_deg,gnss_altitude_m,ground_speed_mps,gnss_has_fix,satellites,fix_quality,target_latitude_deg,target_longitude_deg,distance_to_target_m,target_heading_deg,temperature_c,pressure_hpa,humidity_percent,heading_deg,roll_deg,pitch_deg,accel_x_mps2,accel_y_mps2,accel_z_mps2,gyro_x_dps,gyro_y_dps,gyro_z_dps,calibration,heading_error_deg,control_mode,left_motor_command_percent,right_motor_command_percent,error
2026-08-03T16:19:32.136,2.392,waiting_for_release,,,,,False,0,0,35.9184062,139.9079523,,,32.19,1011.984921875,43.2783203125,0.0,-85.5625,-175.8125,-9.74,0.68,-0.24,0.0625,0.0,0.0,48,,,,,
2026-08-03T16:19:33.268,3.524,waiting_for_release,,,,,False,0,0,35.9184062,139.9079523,,,32.19,1011.9576953125,43.5556640625,8.0,-85.5625,-175.8125,-9.76,0.7,-0.23,-0.0625,0.0,0.0625,48,,,,,
2026-08-03T16:19:33.769,4.024,waiting_for_release,,,,,False,0,0,35.9184062,139.9079523,,,32.19,1012.0121875,43.232421875,0.0,-85.5625,-175.8125,-9.77,0.66,-0.21,0.0,-0.1875,0.0625,48,,,,,
2026-08-03T16:19:34.886,5.141,waiting_for_release,,,,,False,0,0,35.9184062,139.9079523,,,32.19,1011.9576953125,43.4287109375,0.0,-85.5625,-175.8125,-9.74,0.68,-0.22,0.0625,0.0625,0.0,48,,,,,
2026-08-03T16:19:35.386,5.642,waiting_for_release,,,,,False,0,0,35.9184062,139.9079523,,,32.2,1011.973984375,43.2099609375,0.0,-85.5625,-175.8125,-9.77,0.69,-0.22,0.0625,8.0,-0.125,48,,,,,
2026-08-03T16:19:35.887,6.142,waiting_for_release,,,,,False,0,0,35.9184062,139.9079523,,,32.2,1011.973984375,43.2099609375,0.0,-85.5625,-175.8125,-9.75,0.69,-0.24,0.0,0.0,0.0,48,,,,,
2026-08-03T16:19:36.387,6.643,waiting_for_release,,,,,False,0,0,35.9184062,139.9079523,,,32.21,1011.9819921875,43.2216796875,0.0,-85.5625,-175.8125,-9.73,0.68,-0.22,-0.0625,0.0625,8.0,48,,,,,
2026-08-03T16:19:36.888,7.143,waiting_for_release,,,,,False,0,0,35.9184062,139.9079523,,,32.2,1011.973984375,43.17578125,0.0,-85.5625,-175.8125,-9.75,0.68,-0.23,-0.0625,0.125,-0.125,48,,,,,
2026-08-03T16:19:37.388,7.644,waiting_for_release,,,,,False,0,0,35.9184062,139.9079523,,,32.21,1011.881015625,43.1650390625,0.0,-85.5625,-175.8125,-9.74,0.7,-0.24,-0.0625,-0.0625,0.0625,48,,,,,
2026-08-03T16:19:37.889,8.144,waiting_for_release,,,,,False,0,0,35.9184062,139.9079523,,,32.2,1011.9467578125,43.15234375,0.0,-85.5625,-175.8125,-9.76,0.68,-0.22,0.0,-0.0625,0.0,48,,,,,
2026-08-03T16:19:38.389,8.645,waiting_for_release,,,,,False,0,0,35.9184062,139.9079523,,,32.22,1011.951484375,43.1318359375,0.0,-85.5625,-175.8125,-9.73,0.67,-0.25,0.0,0.0,-0.0625,48,,,,,
2026-08-03T16:19:38.890,9.145,waiting_for_release,,,,,False,0,0,35.9184062,139.9079523,,,32.22,1011.9707421875,43.130859375,0.0,-85.5625,-175.8125,-9.75,0.71,-0.23,0.0,0.0,0.0625,48,,,,,
2026-08-03T16:19:39.390,9.646,waiting_for_release,,,,,False,0,0,35.9184062,139.9079523,,,32.21,1011.9899609375,43.060546875,0.0,-85.5625,-175.8125,-9.73,0.67,-0.24,-0.125,-0.0625,-0.0625,48,,,,,
2026-08-03T16:19:39.890,10.146,waiting_for_release,,,,,False,0,0,35.9184062,139.9079523,,,32.22,1011.9434765625,43.02734375,0.0,-85.5625,-175.8125,-9.75,0.7,-0.23,-0.0625,0.0625,-0.0625,48,,,,,
2026-08-03T16:19:40.391,10.646,waiting_for_release,,,,,False,0,0,35.9184062,139.9079523,,,32.22,1012.0604296875,42.958984375,0.0,-85.5625,-175.8125,-9.75,0.68,-0.25,0.0,0.125,0.0,48,,,,,
2026-08-03T16:19:40.891,11.147,waiting_for_release,,,,,False,0,0,35.9184062,139.9079523,,,32.22,1011.99796875,42.9462890625,0.0,-85.5625,-175.8125,-9.76,0.69,-0.23,0.0,0.0,0.0625,48,,,,,
2026-08-03T16:19:41.392,11.647,waiting_for_release,,,,,False,0,0,35.9184062,139.9079523,,,32.23,1011.905,42.634765625,0.0,-85.5625,-175.8125,-9.77,0.67,-0.21,0.0,0.0,-0.0625,48,,,,,
2026-08-03T16:19:41.892,12.148,waiting_for_release,,,,,False,0,0,35.9184062,139.9079523,,,32.22,1011.9242578125,42.8896484375,0.0,-85.5625,-175.8125,-9.75,0.67,-0.22,-0.0625,0.0,-0.0625,48,,,,,
2026-08-03T16:19:42.393,12.648,waiting_for_release,,,,,False,0,0,35.9184062,139.9079523,,,32.22,1011.8969921875,42.76171875,0.0,-85.5625,-175.8125,-9.76,0.68,-0.23,0.0625,0.125,-0.0625,48,,,,,
2026-08-03T16:19:42.893,13.148,waiting_for_release,,,,,False,0,0,35.9184062,139.9079523,,,32.22,1011.9787109375,42.8310546875,0.0,-85.5625,-175.8125,-9.77,0.7,-0.22,0.0625,0.0,0.0625,48,,,,,
2026-08-03T16:19:43.393,13.649,waiting_for_release,,,,,False,0,0,35.9184062,139.9079523,,,32.22,1011.951484375,42.7509765625,0.0,-85.5625,-175.8125,-9.75,0.7,-0.23,0.0625,0.125,0.0,48,,,,,
2026-08-03T16:19:43.894,14.149,waiting_for_release,,,,,False,0,0,35.9184062,139.9079523,,,32.23,1011.9678125,42.7392578125,0.0,-85.5625,-175.8125,-9.73,0.69,-0.25,0.0625,0.125,-0.125,48,,,,,
2026-08-03T16:19:44.394,14.650,waiting_for_release,,,,,False,0,0,35.9184062,139.9079523,,,32.24,1012.003046875,42.380859375,0.0,-85.5625,-175.8125,-9.75,0.7,-0.24,0.0625,-0.0625,0.125,48,,,,,
2026-08-03T16:19:44.895,15.150,waiting_for_release,,,,,False,0,0,35.9184062,139.9079523,,,32.22,1011.9242578125,42.646484375,8.0,-85.5625,-175.8125,-9.74,0.69,-0.23,8.0,-0.125,0.125,48,,,,,
2026-08-03T16:19:45.395,15.651,waiting_for_release,,,,,False,0,0,35.9184062,139.9079523,,,32.24,1011.97578125,42.380859375,0.0,-85.5625,-175.8125,-9.76,0.69,-0.24,-0.0625,-0.25,0.125,48,,,,,
2026-08-03T16:19:45.896,16.151,waiting_for_release,,,,,False,0,0,35.9184062,139.9079523,,,32.24,1011.9212890625,42.6123046875,8.0,-85.5625,-175.8125,-9.74,0.69,-0.22,0.0625,0.0625,-0.125,48,,,,,
2026-08-03T16:19:46.396,16.651,waiting_for_release,,,,,False,0,0,35.9184062,139.9079523,,,32.24,1012.03828125,42.509765625,0.0,-85.5625,-175.8125,-9.75,0.7,-0.22,0.0,0.125,-0.0625,48,,,,,
2026-08-03T16:19:46.896,17.152,waiting_for_release,,,,,False,0,0,35.9184062,139.9079523,,,32.24,1011.98375,42.5556640625,0.0,-85.5625,-175.8125,-9.76,0.69,-0.22,0.0,0.0,-0.0625,48,,,,,
2026-08-03T16:19:47.397,17.652,waiting_for_release,,,,,False,0,0,35.9184062,139.9079523,,,32.23,1011.940546875,42.5654296875,0.0,-85.5625,-175.8125,-9.77,0.67,-0.23,0.0625,-0.125,0.125,48,,,,,
2026-08-03T16:19:47.897,18.153,waiting_for_release,,,,,False,0,0,35.9184062,139.9079523,,,32.24,1011.90203125,42.509765625,0.0,-85.5625,-175.8125,-9.77,0.7,-0.23,0.0625,0.0,0.0,48,,,,,
2026-08-03T16:19:48.398,18.653,waiting_for_release,,,,,False,0,0,35.9184062,139.9079523,,,32.24,1012.011015625,42.486328125,0.0,-85.5625,-175.8125,-9.75,0.7,-0.22,0.0625,-0.0625,0.0,48,,,,,
2026-08-03T16:19:48.898,19.154,waiting_for_release,,,,,False,0,0,35.9184062,139.9079523,,,32.24,1011.9565234375,42.451171875,0.0,-85.5625,-175.8125,-8.48,0.69,-0.25,8.0625,-0.0625,-0.0625,48,,,,,
2026-08-03T16:19:49.398,19.654,waiting_for_release,,,,,False,0,0,35.9184062,139.9079523,,,32.24,1012.03828125,42.451171875,0.0,-85.5625,-175.8125,-9.74,0.69,-0.24,0.0,0.0625,0.0,48,,,,,
2026-08-03T16:19:49.899,20.154,waiting_for_release,,,,,False,0,0,35.9184062,139.9079523,,,32.24,1011.98375,42.4169921875,0.0,-85.5625,-175.8125,-9.76,0.7,-0.23,0.0,0.125,0.0625,48,,,,,
2026-08-03T16:19:50.399,20.655,waiting_for_release,,,,,False,0,0,35.9184062,139.9079523,,,32.24,1011.98375,42.208984375,359.5625,-85.3125,-175.8125,-10.03,0.75,1.48,-24.3125,-5.375,1.6875,48,,,,,
2026-08-03T16:19:50.900,21.155,waiting_for_release,,,,,False,0,0,35.9184062,139.9079523,,,32.25,1011.9452734375,42.3935546875,1.5625,-84.6875,-175.5,-10.89,0.98,0.96,87.5,-0.125,-33.8125,48,,,,,
2026-08-03T16:19:51.400,21.656,waiting_for_release,,,,,False,0,0,35.9184062,139.9079523,,,32.25,1011.89078125,42.474609375,71.8125,-79.9375,-52.75,-8.09,1.11,1.87,71.0625,-12.5625,-0.5625,48,,,,,
2026-08-03T16:19:51.901,22.156,waiting_for_release,,,,,False,0,0,35.9184062,139.9079523,,,32.25,1011.8828125,42.3935546875,93.3125,-79.6875,-36.4375,-8.98,1.3,2.06,80.75,-19.4375,-38.8125,48,,,,,
2026-08-03T16:19:52.401,22.657,waiting_for_release,,,,,False,0,0,35.9184062,139.9079523,,,32.25,1011.9452734375,42.359375,136.5,-75.75,-23.375,-9.52,0.64,2.46,163.3125,16.0,-49.1875,52,,,,,
2026-08-03T16:19:52.902,23.157,waiting_for_release,,,,,False,0,0,35.9184062,139.9079523,,,32.26,1012.035,42.3603515625,186.0,-74.0,0.375,-11.17,1.2,2.96,130.0625,-49.5,-41.0,52,,,,,
2026-08-03T16:19:53.402,23.658,waiting_for_release,,,,,False,0,0,35.9184062,139.9079523,,,32.26,1012.007734375,42.3486328125,227.4375,-63.5625,8.5625,-10.35,0.88,2.89,-74.625,18.875,28.25,53,,,,,
2026-08-03T16:19:53.902,24.158,waiting_for_release,,,,,False,0,0,35.9184062,139.9079523,,,32.25,1011.9725,42.3818359375,188.0625,-74.25,-14.375,-9.6,0.74,2.62,-107.8125,5.0625,64.25,53,,,,,
2026-08-03T16:19:54.403,24.658,waiting_for_release,,,,,False,0,0,35.9184062,139.9079523,,,32.26,1012.070546875,42.326171875,206.3125,-81.4375,7.75,-8.63,0.96,1.63,-24.125,-21.875,12.75,53,,,,,
2026-08-03T16:19:54.903,25.159,waiting_for_release,,,,,False,0,0,35.9184062,139.9079523,,,32.26,1012.0160546875,42.326171875,192.0625,-69.5625,-3.8125,-9.63,0.92,2.11,-80.8125,-35.5,16.5,53,,,,,
2026-08-03T16:19:55.404,25.659,waiting_for_release,,,,,False,0,0,35.9184062,139.9079523,,,32.26,1011.9805078125,42.6953125,165.75,-76.75,-7.9375,-8.09,0.97,2.21,6.8125,28.4375,-20.3125,53,,,,,
2026-08-03T16:19:55.904,26.160,waiting_for_release,,,,,False,0,0,35.9184062,139.9079523,,,32.26,1012.0433203125,42.3720703125,162.75,-80.4375,-9.1875,-10.35,0.87,2.97,-20.0625,-11.1875,-4.4375,53,,,,,
2026-08-03T16:19:56.405,26.660,waiting_for_release,,,,,False,0,0,35.9184062,139.9079523,,,32.27,1011.9695703125,42.234375,138.125,-73.4375,-14.875,-9.37,1.31,2.66,-37.25,-9.1875,-17.75,53,,,,,
2026-08-03T16:19:56.905,27.161,waiting_for_release,,,,,False,0,0,35.9184062,139.9079523,,,32.27,1012.0048046875,42.4423828125,122.625,-74.25,-11.8125,-9.88,0.55,2.98,-40.25,-2.6875,-0.4375,53,,,,,
2026-08-03T16:19:57.405,27.661,waiting_for_release,,,,,False,0,0,35.9184062,139.9079523,,,32.28,1012.0945703125,42.361328125,89.3125,-72.625,-5.9375,-10.18,1.02,3.3,-44.75,11.6875,12.375,53,,,,,
2026-08-03T16:19:57.906,28.161,waiting_for_release,,,,,False,0,0,35.9184062,139.9079523,,,32.29,1012.0560546875,42.4326171875,65.375,-76.875,-31.8125,-9.6,0.68,3.04,-70.625,-3.3125,30.75,53,,,,,
2026-08-03T16:19:58.406,28.662,waiting_for_release,,,,,False,0,0,35.9184062,139.9079523,,,32.29,1012.0640234375,42.4677734375,52.4375,-75.0625,-8.125,-9.04,1.47,2.31,-4.9375,-7.1875,-46.4375,53,,,,,
2026-08-03T16:19:58.907,29.162,waiting_for_release,,,,,False,0,0,35.9184062,139.9079523,,,32.28,1012.0480859375,42.443359375,51.875,-74.3125,8.0,-9.26,1.06,2.79,-52.25,11.9375,11.8125,53,,,,,
2026-08-03T16:19:59.407,29.663,waiting_for_release,,,,,False,0,0,35.9184062,139.9079523,,,32.29,1012.036796875,42.4326171875,319.75,-65.0625,-5.375,-9.09,0.5,3.07,-29.8125,6.125,-12.8125,54,,,,,
2026-08-03T16:19:59.908,30.163,waiting_for_release,,,,,False,0,0,35.9184062,139.9079523,,,32.28,1012.0208203125,42.3740234375,324.5,-71.9375,-0.0625,-9.98,0.79,3.44,8.5625,23.25,12.3125,54,,,,,
2026-08-03T16:20:00.408,30.664,waiting_for_release,,,,,False,0,0,35.9184062,139.9079523,,,32.28,1011.9390625,41.9111328125,133.125,-68.25,10.5,-9.79,-0.09,2.88,-20.8125,10.875,34.8125,54,,,,,
2026-08-03T16:20:00.908,31.164,waiting_for_release,,,,,False,0,0,35.9184062,139.9079523,,,32.28,1011.9390625,42.2587890625,135.5,-64.125,10.3125,-9.78,0.13,2.72,21.8125,21.5,-30.125,54,,,,,
2026-08-03T16:20:01.409,31.664,waiting_for_release,,,,,False,0,0,35.9184062,139.9079523,,,32.29,1011.9743359375,42.1318359375,95.75,-76.8125,-28.0,-10.03,0.53,2.01,-96.0,25.875,30.125,54,,,,,
2026-08-03T16:20:01.909,32.165,waiting_for_release,,,,,False,0,0,35.9184062,139.9079523,,,32.29,1012.0015625,42.109375,85.625,-84.6875,-2.1875,-10.08,1.26,2.73,10.875,25.5,-53.8125,54,,,,,
2026-08-03T16:20:02.410,32.665,waiting_for_release,,,,,False,0,0,35.9184062,139.9079523,,,32.28,1011.966328125,42.58203125,79.3125,-81.3125,-0.1875,-9.59,0.74,1.65,0.125,8.0625,4.125,182,,,,,
2026-08-03T16:20:02.910,33.166,waiting_for_release,,,,,False,0,0,35.9184062,139.9079523,,,32.28,1011.9390625,41.841796875,74.4375,-79.75,-17.4375,-10.0,0.95,1.59,9.6875,-7.3125,-10.5625,246,,,,,
2026-08-03T16:20:03.410,33.666,waiting_for_release,,,,,False,0,0,35.9184062,139.9079523,,,32.29,1011.955078125,42.09765625,93.6875,-80.6875,60.1875,-9.74,-1.03,1.14,8.375,11.8125,-24.1875,246,,,,,
2026-08-03T16:20:03.911,34.166,waiting_for_release,,,,,False,0,0,35.9184062,139.9079523,,,32.27,1011.8958203125,42.1416015625,97.875,-76.4375,69.8125,-9.52,-1.82,1.01,10.875,-3.75,-18.75,246,,,,,
2026-08-03T16:20:04.411,34.667,waiting_for_release,,,,,False,0,0,35.9184062,139.9079523,,,32.29,1011.955078125,42.2705078125,102.875,-77.4375,69.6875,-9.41,-1.85,0.53,9.625,-5.625,3.25,246,,,,,
2026-08-03T16:20:04.912,35.167,waiting_for_release,,,,,False,0,0,35.9184062,139.9079523,,,32.29,1011.955078125,42.1787109375,105.0,-76.875,65.6875,-9.57,-2.06,0.71,5.3125,-7.6875,-3.3125,242,,,,,
2026-08-03T16:20:05.412,35.668,waiting_for_release,,,,,False,0,0,35.9184062,139.9079523,,,32.3,1011.9088671875,41.681640625,103.3125,-78.3125,85.0,-9.58,-1.76,0.25,2.25,-4.125,4.9375,242,,,,,
2026-08-03T16:20:05.913,36.168,waiting_for_release,,,,,False,0,0,35.9184062,139.9079523,,,32.29,1011.9278125,42.212890625,104.5625,-78.6875,64.6875,-9.58,-1.79,0.36,26.25,-12.3125,3.6875,242,,,,,
2026-08-03T16:20:06.413,36.669,waiting_for_release,,,,,False,0,0,35.9184062,139.9079523,,,32.31,1011.8703515625,42.0068359375,107.5625,-80.25,51.4375,-10.13,-1.24,1.28,-5.0625,0.8125,-0.1875,242,,,,,
2026-08-03T16:20:06.913,37.169,waiting_for_release,,,,,False,0,0,35.9184062,139.9079523,,,32.3,1011.8896484375,42.1904296875,107.3125,-79.625,50.9375,-10.1,-1.33,1.18,1.5,-3.875,-2.9375,242,,,,,
2026-08-03T16:20:07.414,37.669,waiting_for_release,,,,,False,0,0,35.9184062,139.9079523,,,32.3,1011.8623828125,42.259765625,108.0,-78.5625,51.75,-10.25,-1.63,1.3,-2.1875,-2.5,-2.8125,242,,,,,
2026-08-03T16:20:07.914,38.170,waiting_for_release,,,,,False,0,0,35.9184062,139.9079523,,,32.3,1011.8271484375,42.1328125,107.75,-78.25,-1994.6875,-10.2,-1.72,1.31,0.0,1.3125,-2.8125,242,,,,,
2026-08-03T16:20:08.415,38.670,waiting_for_release,,,,,False,0,0,35.9184062,139.9079523,,,32.3,1011.7261328125,42.0634765625,107.5,-77.75,53.0,-10.12,-1.97,1.32,-3.875,2.9375,1.4375,242,,,,,
2026-08-03T16:20:08.915,39.171,waiting_for_release,,,,,False,0,0,35.9184062,139.9079523,,,32.3,1011.69890625,42.0986328125,106.6875,-77.625,53.75,-10.05,-1.85,1.34,-2.6875,-1.5,-1.1875,178,,,,,
2026-08-03T16:20:09.416,39.671,waiting_for_release,,,,,False,0,0,35.9184062,139.9079523,,,32.3,1011.56265625,42.548828125,108.125,-77.8125,56.75,-9.56,-1.7,1.05,0.0625,2.875,-1.8125,50,,,,,
2026-08-03T16:20:09.916,40.171,waiting_for_release,,,,,False,0,0,35.9184062,139.9079523,,,32.31,1011.5434375,42.041015625,108.3125,-77.9375,60.875,-9.71,-1.73,1.09,-2.1875,0.3125,-1.4375,50,,,,,
2026-08-03T16:20:10.416,40.672,waiting_for_release,,,,,False,0,0,35.9184062,139.9079523,,,32.31,1011.3799609375,42.029296875,105.4375,-78.3125,60.0625,-9.0,-1.63,1.04,-4.125,0.4375,1.1875,50,,,,,
2026-08-03T16:20:10.917,41.172,waiting_for_release,,,,,False,0,0,35.9184062,139.9079523,,,32.31,1011.3879296875,42.0302734375,105.375,-78.0625,59.9375,-8.89,-1.51,0.81,-0.0625,-2.375,-0.5625,50,,,,,
2026-08-03T16:20:11.417,41.673,waiting_for_release,,,,,False,0,0,35.9184062,139.9079523,,,32.31,1011.1619921875,42.1455078125,102.375,-79.125,57.8125,-9.04,-1.45,0.96,-2.25,-1.5625,-2.0,50,,,,,
2026-08-03T16:20:11.918,42.173,waiting_for_release,,,,,False,0,0,35.9184062,139.9079523,,,32.31,1011.3334375,42.0654296875,101.875,-78.75,56.5625,-9.14,-1.41,0.93,-4.5625,-2.5625,1.0625,50,,,,,
2026-08-03T16:20:12.418,42.673,waiting_for_release,,,,,False,0,0,35.9184062,139.9079523,,,32.31,1011.1972265625,42.123046875,102.875,-78.5625,54.4375,-9.49,-1.56,1.19,6.0,3.0625,2.125,50,,,,,
2026-08-03T16:20:12.918,43.174,waiting_for_release,,,,,False,0,0,35.9184062,139.9079523,,,32.31,1011.216484375,42.1572265625,104.0,-78.625,55.5,-9.39,-1.45,1.09,2.6875,3.0625,-0.6875,50,,,,,
2026-08-03T16:20:13.419,43.674,waiting_for_release,,,,,False,0,0,35.9184062,139.9079523,,,32.32,1011.2051953125,42.134765625,104.125,-78.9375,54.5,-9.48,-1.57,1.09,0.4375,0.6875,0.625,50,,,,,
2026-08-03T16:20:13.919,44.175,waiting_for_release,,,,,False,0,0,35.9184062,139.9079523,,,32.31,1011.1972265625,42.25,104.4375,-78.8125,54.125,-9.72,-1.56,1.16,1.1875,0.5625,1.0625,50,,,,,
2026-08-03T16:20:14.420,44.675,waiting_for_release,,,,,False,0,0,35.9184062,139.9079523,,,32.32,1011.2404296875,42.158203125,105.1875,-78.9375,52.875,-9.87,-1.56,1.18,0.4375,-1.875,-0.0625,50,,,,,
2026-08-03T16:20:14.920,45.176,waiting_for_release,,,,,False,0,0,35.9184062,139.9079523,,,32.31,1011.278984375,42.3193359375,105.375,-79.1875,52.1875,-9.6,-1.48,1.29,2.0625,-0.125,0.125,50,,,,,
2026-08-03T16:20:15.421,45.676,waiting_for_release,,,,,False,0,0,35.9184062,139.9079523,,,32.32,1011.286953125,42.412109375,124.25,-79.5,47.9375,-10.27,-0.44,1.64,63.8125,10.5625,-21.25,50,,,,,
2026-08-03T16:20:15.921,46.177,waiting_for_release,,,,,False,0,0,35.9184062,139.9079523,,,32.32,1011.2051953125,42.388671875,132.25,-82.375,37.25,-9.74,-0.94,1.06,50.875,31.625,31.0,50,,,,,
2026-08-03T16:20:16.421,46.677,waiting_for_release,,,,,False,0,0,35.9184062,139.9079523,,,32.32,1011.294921875,42.4814453125,178.0,-72.8125,-62.9375,-12.63,2.07,3.73,57.0625,-44.375,66.6875,50,,,,,
2026-08-03T16:20:16.922,47.177,waiting_for_release,,,,,False,0,0,35.9184062,139.9079523,,,32.32,1011.2324609375,42.412109375,191.8125,-65.1875,-55.8125,-8.95,1.4,2.44,61.875,-45.875,-27.25,50,,,,,
2026-08-03T16:20:17.422,47.678,waiting_for_release,,,,,False,0,0,35.9184062,139.9079523,,,32.32,1011.2404296875,42.6552734375,212.3125,-72.9375,-1.4375,-9.55,2.0,3.48,-130.625,40.3125,50.625,50,,,,,
2026-08-03T16:20:17.923,48.178,waiting_for_release,,,,,False,0,0,35.9184062,139.9079523,,,32.31,1011.278984375,42.400390625,191.0,-77.4375,-18.0,-8.85,1.62,3.56,-35.75,7.375,30.8125,50,,,,,
2026-08-03T16:20:18.423,48.679,waiting_for_release,,,,,False,0,0,35.9184062,139.9079523,,,32.32,1011.286953125,42.30859375,166.0,-68.25,-24.5625,-8.13,1.66,3.49,-33.4375,-17.8125,13.5625,50,,,,,
2026-08-03T16:20:18.924,49.179,waiting_for_release,,,,,False,0,0,35.9184062,139.9079523,,,32.32,1011.2676953125,42.3193359375,153.375,-65.0625,-22.25,-9.14,1.83,3.13,-28.5,5.875,15.5625,50,,,,,
2026-08-03T16:20:19.424,49.680,waiting_for_release,,,,,False,0,0,35.9184062,139.9079523,,,32.31,1011.3334375,42.30859375,148.125,-68.875,-25.1875,-9.16,2.17,3.28,0.625,27.8125,-6.5625,50,,,,,
2026-08-03T16:20:19.924,50.180,waiting_for_release,,,,,False,0,0,35.9184062,139.9079523,,,32.32,1011.2676953125,42.3310546875,142.625,-65.5,-27.75,-9.82,1.78,3.55,-21.5625,-24.5,37.125,50,,,,,
2026-08-03T16:20:20.425,50.680,waiting_for_release,,,,,False,0,0,35.9184062,139.9079523,,,32.31,1011.278984375,42.5048828125,153.75,-62.8125,-27.0,-9.33,2.15,3.63,-12.625,22.3125,-6.5625,50,,,,,
2026-08-03T16:20:20.925,51.181,waiting_for_release,,,,,False,0,0,35.9184062,139.9079523,,,32.31,1011.3334375,42.3544921875,150.0625,-65.4375,-27.625,-9.03,1.87,3.56,-10.5,15.875,-6.625,50,,,,,
2026-08-03T16:20:21.426,51.681,waiting_for_release,,,,,False,0,0,35.9184062,139.9079523,,,32.31,1011.3334375,42.400390625,146.6875,-63.125,-25.6875,-9.54,2.01,3.66,-35.5,-23.625,24.4375,50,,,,,
2026-08-03T16:20:21.926,52.182,waiting_for_release,,,,,False,0,0,35.9184062,139.9079523,,,32.31,1011.360703125,42.412109375,118.5625,-59.0,-25.25,-9.17,1.62,3.53,-118.375,43.625,86.3125,50,,,,,
2026-08-03T16:20:22.426,52.682,waiting_for_release,,,,,False,0,0,35.9184062,139.9079523,,,32.32,1011.3766796875,42.52734375,85.375,-71.4375,-32.9375,-9.94,1.91,2.89,-100.0625,31.125,14.3125,50,,,,,
2026-08-03T16:20:22.927,53.182,waiting_for_release,,,,,False,0,0,35.9184062,139.9079523,,,32.32,1011.294921875,42.423828125,46.5625,-81.75,-36.0,-9.44,2.22,3.25,-198.25,73.25,-0.4375,50,,,,,
2026-08-03T16:20:23.427,53.683,waiting_for_release,,,,,False,0,0,35.9184062,139.9079523,,,32.32,1011.349453125,42.423828125,15.8125,-76.8125,-3.125,-9.9,1.02,2.68,14.75,8.6875,26.0625,51,,,,,
2026-08-03T16:20:23.928,54.183,waiting_for_release,,,,,False,0,0,35.9184062,139.9079523,,,32.33,1011.3029296875,42.4482421875,19.4375,-79.4375,-35.3125,-9.79,1.01,1.39,58.9375,-19.75,-26.1875,51,,,,,
2026-08-03T16:20:24.428,54.684,waiting_for_release,,,,,False,0,0,35.9184062,139.9079523,,,32.33,1011.3029296875,42.5869140625,82.25,-74.3125,-37.875,-9.01,2.06,2.86,56.5,19.625,-34.625,51,,,,,
2026-08-03T16:20:24.929,55.184,waiting_for_release,,,,,False,0,0,35.9184062,139.9079523,,,32.33,1011.3112109375,42.4482421875,94.125,-69.0625,4.6875,-11.39,2.86,-0.17,-48.125,-62.375,-50.9375,51,,,,,
2026-08-03T16:20:25.429,55.685,waiting_for_release,,,,,False,0,0,35.9184062,139.9079523,,,32.33,1011.2294921875,42.263671875,119.5625,-77.375,29.9375,-10.15,-0.76,2.42,-1.625,8.3125,0.5,51,,,,,
2026-08-03T16:20:25.929,56.185,waiting_for_release,,,,,False,0,0,35.9184062,139.9079523,,,32.33,1011.2484375,42.4482421875,129.5,-75.625,29.1875,-10.25,-0.84,1.98,-4.0,-9.75,-17.375,51,,,,,
2026-08-03T16:20:26.430,56.686,waiting_for_release,,,,,False,0,0,35.9184062,139.9079523,,,32.32,1011.213203125,42.3544921875,147.1875,-77.5,37.1875,-9.81,-0.9,1.71,-4.125,2.75,4.4375,51,,,,,
2026-08-03T16:20:26.930,57.186,waiting_for_release,,,,,False,0,0,35.9184062,139.9079523,,,32.34,1011.1637109375,42.44921875,147.5625,-78.125,32.6875,-9.88,-0.77,1.67,-0.75,-2.4375,2.0625,51,,,,,
2026-08-03T16:20:27.431,57.686,waiting_for_release,,,,,False,0,0,35.9184062,139.9079523,,,32.33,1010.9759765625,42.5283203125,156.3125,-77.3125,20.625,-9.5,-0.55,1.87,6.1875,-4.375,-3.625,51,,,,,
2026-08-03T16:20:27.931,58.187,waiting_for_release,,,,,False,0,0,35.9184062,139.9079523,,,32.33,1010.8669921875,42.517578125,157.1875,-77.625,19.3125,-9.35,-0.34,1.86,1.125,1.9375,3.6875,51,,,,,
2026-08-03T16:20:28.432,58.687,waiting_for_release,,,,,False,0,0,35.9184062,139.9079523,,,32.33,1010.7662890625,42.529296875,153.5625,-81.5,10.0625,-9.24,-0.28,1.83,-11.0625,-7.8125,-2.875,51,,,,,
2026-08-03T16:20:28.932,59.188,waiting_for_release,,,,,False,0,0,35.9184062,139.9079523,,,32.33,1010.7390625,42.541015625,163.3125,-75.25,15.4375,-9.08,0.02,1.48,-7.375,-28.0,-9.8125,51,,,,,
2026-08-03T16:20:29.432,59.688,waiting_for_release,,,,,False,0,0,35.9184062,139.9079523,,,32.33,1010.6573046875,42.8994140625,163.75,-79.75,-1.375,-8.91,-0.1,1.78,24.0,0.6875,-12.3125,51,,,,,
2026-08-03T16:20:29.933,60.188,waiting_for_release,,,,,False,0,0,35.9184062,139.9079523,,,32.34,1010.5915625,42.5068359375,169.5625,-78.0625,12.0625,-9.5,-0.58,1.83,4.6875,11.125,-3.1875,51,,,,,
2026-08-03T16:20:30.433,60.689,waiting_for_release,,,,,False,0,0,35.9184062,139.9079523,,,32.33,1010.485546875,42.5400390625,173.4375,-83.1875,3.9375,-9.91,-0.3,0.68,21.1875,-4.375,7.0,51,,,,,
2026-08-03T16:20:30.934,61.189,waiting_for_release,,,,,False,0,0,35.9184062,139.9079523,,,32.34,1010.3928515625,42.576171875,178.6875,-85.25,1.4375,-8.95,-0.49,0.36,32.25,3.25,0.375,51,,,,,
2026-08-03T16:20:31.434,61.690,waiting_for_release,,,,,False,0,0,35.9184062,139.9079523,,,32.33,1010.303125,42.4599609375,133.375,-74.875,82.25,-9.7,-2.87,0.28,-135.3125,-40.0625,-0.9375,51,,,,,
2026-08-03T16:20:31.935,62.190,waiting_for_release,,,,,False,0,0,35.9184062,139.9079523,,,32.34,1010.31109375,42.5986328125,107.0625,-70.1875,69.4375,-8.71,-2.93,0.13,-41.375,-33.4375,-9.6875,51,,,,,
2026-08-03T16:20:32.435,62.691,waiting_for_release,,,,,False,0,0,35.9184062,139.9079523,,,32.34,1010.0658984375,42.564453125,67.0,-69.5625,84.8125,-8.81,-1.64,0.36,-80.3125,-61.0,-59.25,55,,,,,
2026-08-03T16:20:32.935,63.191,waiting_for_release,,,,,False,0,0,35.9184062,139.9079523,,,32.35,1009.972890625,42.611328125,66.0625,-60.1875,83.875,-8.09,-2.5,0.61,8.375,42.5625,13.5625,55,,,,,
2026-08-03T16:20:33.436,63.691,waiting_for_release,,,,,False,0,0,35.9184062,139.9079523,,,32.34,1009.93765625,42.5771484375,95.4375,-62.0,53.5625,-8.69,-3.33,0.4,95.0,30.4375,2.6875,55,,,,,
2026-08-03T16:20:33.936,64.192,waiting_for_release,,,,,False,0,0,35.9184062,139.9079523,,,32.35,1009.8718359375,42.6005859375,108.125,-69.75,43.0625,-8.8,-2.92,0.07,16.75,-11.125,19.8125,55,,,,,
2026-08-03T16:20:34.437,64.692,waiting_for_release,,,,,False,0,0,35.9184062,139.9079523,,,32.35,1009.72765625,42.8310546875,57.4375,-74.125,133.0,-9.4,-2.94,-0.14,-67.3125,37.6875,-24.25,55,,,,,
2026-08-03T16:20:34.937,65.193,waiting_for_release,,,,,False,0,0,35.9184062,139.9079523,,,32.34,1009.6299609375,42.529296875,35.0625,-67.375,108.1875,-9.8,-1.88,-0.41,-101.125,-68.3125,-122.6875,55,,,,,
2026-08-03T16:20:35.437,65.693,waiting_for_release,,,,,False,0,0,35.9184062,139.9079523,,,32.33,1009.5675,42.6103515625,57.375,-70.5,79.4375,-8.82,-3.33,-0.23,57.1875,-11.625,-18.0,55,,,,,
2026-08-03T16:20:35.938,66.193,waiting_for_release,,,,,False,0,0,35.9184062,139.9079523,,,32.35,1009.5096875,42.5185546875,66.3125,-68.8125,78.625,-8.28,-3.19,-0.18,23.375,6.3125,-9.0625,55,,,,,
2026-08-03T16:20:36.438,66.694,waiting_for_release,,,,,False,0,0,35.9184062,139.9079523,,,32.34,1009.392734375,42.4609375,71.6875,-71.5,91.375,-8.21,-3.1,0.12,8.1875,-6.125,7.0,55,,,,,
2026-08-03T16:20:36.939,67.194,waiting_for_release,,,,,False,0,0,35.9184062,139.9079523,,,32.35,1009.3541796875,42.4501953125,74.0,-70.5625,85.6875,-8.5,-2.99,0.01,0.5,-7.5,-8.8125,55,,,,,
2026-08-03T16:20:37.439,67.695,waiting_for_release,,,,,False,0,0,35.9184062,139.9079523,,,32.34,1009.392734375,42.888671875,70.9375,-72.25,89.8125,-8.38,-2.73,0.1,-12.875,-12.25,-4.625,55,,,,,
2026-08-03T16:20:37.940,68.195,waiting_for_release,,,,,False,0,0,35.9184062,139.9079523,,,32.35,1009.3462109375,42.4375,73.125,-70.875,88.0625,-8.87,-2.92,0.16,14.5625,3.0625,-3.25,55,,,,,
2026-08-03T16:20:38.440,68.696,waiting_for_release,,,,,False,0,0,35.9184062,139.9079523,,,32.35,1009.408671875,42.4267578125,79.75,-71.25,88.375,-9.25,-3.19,1.55,-2.875,-1.0625,0.75,55,,,,,
2026-08-03T16:20:38.940,69.196,waiting_for_release,,,,,False,0,0,35.9184062,139.9079523,,,32.35,1009.38140625,42.4501953125,71.875,-71.9375,89.0625,-8.92,-3.04,0.19,8.3125,5.5,1.3125,55,,,,,
2026-08-03T16:20:39.441,69.696,waiting_for_release,,,,,False,0,0,35.9184062,139.9079523,,,32.35,1009.29171875,42.49609375,74.625,-71.25,91.5625,-8.95,-3.11,0.1,-2.5,-0.0625,-2.0,55,,,,,
2026-08-03T16:20:39.941,70.197,waiting_for_release,,,,,False,0,0,35.9184062,139.9079523,,,32.36,1009.30765625,42.4853515625,75.3125,-70.6875,90.1875,-8.95,-3.16,0.02,4.0625,-2.25,-2.75,55,,,,,
2026-08-03T16:20:40.442,70.697,waiting_for_release,,,,,False,0,0,35.9184062,139.9079523,,,32.29,1009.28515625,42.802734375,63.375,-69.0,91.8125,-8.9,-3.42,0.15,-28.5625,-14.5,2.0625,55,,,,,
2026-08-03T16:20:40.942,71.198,waiting_for_release,,,,,False,0,0,35.9184062,139.9079523,,,32.36,1009.315625,42.4970703125,61.375,-69.4375,91.0625,-8.93,-3.63,0.1,20.125,14.125,-2.8125,55,,,,,
2026-08-03T16:20:41.442,71.698,waiting_for_release,,,,,False,0,0,35.9184062,139.9079523,,,32.35,1009.38140625,42.115234375,74.75,-71.5,82.625,-8.86,-3.18,-0.03,11.875,-18.375,-7.0,55,,,,,
2026-08-03T16:20:41.943,72.198,waiting_for_release,,,,,False,0,0,35.9184062,139.9079523,,,32.35,1009.38140625,42.5546875,73.9375,-70.875,80.0625,-8.76,-3.15,-0.05,-7.75,1.75,-1.125,55,,,,,
2026-08-03T16:20:42.443,72.699,waiting_for_release,,,,,False,0,0,35.9184062,139.9079523,,,32.36,1009.416640625,42.6123046875,59.625,-72.4375,87.6875,-9.02,-3.19,0.0,3.25,-5.875,5.25,55,,,,,
2026-08-03T16:20:42.944,73.199,waiting_for_release,,,,,False,0,0,35.9184062,139.9079523,,,32.35,1009.3541796875,42.51953125,60.0,-71.625,81.375,-7.74,-2.92,-0.07,6.5,-19.8125,-2.5625,55,,,,,
2026-08-03T16:20:43.444,73.700,waiting_for_release,,,,,False,0,0,35.9184062,139.9079523,,,32.36,1009.3621484375,42.54296875,56.4375,-71.625,98.6875,-9.03,-2.95,-0.1,20.625,-10.25,0.3125,55,,,,,
2026-08-03T16:20:43.945,74.200,waiting_for_release,,,,,False,0,0,35.9184062,139.9079523,,,32.36,1009.3348828125,42.5546875,60.6875,-73.1875,84.625,-9.24,-3.04,-0.11,17.8125,-9.1875,5.375,55,,,,,
2026-08-03T16:20:44.445,74.701,waiting_for_release,,,,,False,0,0,35.9184062,139.9079523,,,32.36,1009.3973828125,42.462890625,65.5,-72.8125,97.5625,-9.15,-2.55,0.0,-24.9375,-13.0625,-3.375,55,,,,,
2026-08-03T16:20:44.945,75.201,waiting_for_release,,,,,False,0,0,35.9184062,139.9079523,,,32.36,1009.342890625,42.5556640625,63.8125,-72.9375,94.9375,-9.03,-2.63,-0.15,14.375,-0.375,2.625,55,,,,,
2026-08-03T16:20:45.446,75.701,waiting_for_release,,,,,False,0,0,35.9184062,139.9079523,,,32.37,1009.2966796875,42.56640625,53.0625,-73.25,91.8125,-9.05,-2.79,-0.13,-10.4375,-4.0,-0.75,55,,,,,
2026-08-03T16:20:45.946,76.202,waiting_for_release,,,,,False,0,0,35.9184062,139.9079523,,,32.36,1009.342890625,42.5556640625,51.8125,-73.25,91.75,-9.04,-2.69,-0.12,-1.8125,-5.0625,-1.25,55,,,,,
2026-08-03T16:20:46.447,76.702,waiting_for_release,,,,,False,0,0,35.9184062,139.9079523,,,32.36,1009.342890625,42.8447265625,49.75,-73.3125,90.75,-8.93,-2.64,-0.21,6.625,1.375,0.8125,55,,,,,
2026-08-03T16:20:46.947,77.203,waiting_for_release,,,,,False,0,0,35.9184062,139.9079523,,,32.36,1009.3348828125,42.56640625,48.1875,-73.625,84.8125,-8.93,-2.77,-0.22,-15.0625,-22.4375,0.25,55,,,,,
2026-08-03T16:20:47.448,77.703,waiting_for_release,,,,,False,0,0,35.9184062,139.9079523,,,32.37,1009.3239453125,42.578125,22.9375,-72.0625,82.5,-8.85,-3.07,0.13,-46.0,-10.9375,0.0625,55,,,,,
2026-08-03T16:20:47.948,78.203,waiting_for_release,,,,,False,0,0,35.9184062,139.9079523,,,32.36,1009.2883984375,42.578125,16.3125,-70.25,86.0625,-8.88,-3.11,0.05,-3.3125,-1.75,-11.625,55,,,,,
2026-08-03T16:20:48.448,78.704,waiting_for_release,,,,,False,0,0,35.9184062,139.9079523,,,32.37,1009.3783984375,42.58984375,43.4375,-69.375,83.0625,-9.43,-3.51,-0.09,70.1875,28.5,-20.5625,55,,,,,
2026-08-03T16:20:48.949,79.204,waiting_for_release,,,,,False,0,0,35.9184062,139.9079523,,,31.94,1008.731953125,42.5849609375,80.4375,-66.8125,86.0,-9.39,-3.79,-0.08,122.8125,88.0625,48.5,55,,,,,
2026-08-03T16:20:49.449,79.705,waiting_for_release,,,,,False,0,0,35.9184062,139.9079523,,,32.36,1009.4791015625,42.5556640625,100.5625,-67.25,105.125,-9.26,-3.74,-0.15,53.3125,20.5,1.1875,55,,,,,
2026-08-03T16:20:49.950,80.205,waiting_for_release,,,,,False,0,0,35.9184062,139.9079523,,,32.36,1009.451875,42.578125,118.5,-69.1875,96.25,-9.08,-3.73,-0.21,63.875,18.8125,7.6875,55,,,,,
2026-08-03T16:20:50.450,80.706,waiting_for_release,,,,,False,0,0,35.9184062,139.9079523,,,32.36,1009.4246484375,42.5439453125,111.1875,-68.3125,82.0625,-8.18,-3.55,0.52,-44.5,-29.4375,26.75,55,,,,,
2026-08-03T16:20:50.950,81.206,waiting_for_release,,,,,False,0,0,35.9184062,139.9079523,,,32.37,1009.495390625,42.5908203125,104.6875,-69.4375,87.625,-7.87,-3.11,0.43,-23.8125,3.1875,-9.0,55,,,,,
2026-08-03T16:20:51.451,81.706,waiting_for_release,,,,,False,0,0,35.9184062,139.9079523,,,32.36,1009.588125,42.5439453125,108.75,-66.625,86.125,-8.26,-3.39,0.27,-33.375,-17.8125,13.8125,55,,,,,
2026-08-03T16:20:51.951,82.207,waiting_for_release,,,,,False,0,0,35.9184062,139.9079523,,,32.37,1009.54984375,42.5791015625,98.375,-69.75,89.125,-8.05,-3.32,0.25,-7.75,14.0,5.625,183,,,,,
2026-08-03T16:20:52.452,82.707,waiting_for_release,,,,,False,0,0,35.9184062,139.9079523,,,32.37,1009.7053515625,42.6591796875,99.75,-68.5625,87.875,-8.33,-3.52,0.13,-18.875,-9.6875,9.875,55,,,,,
2026-08-03T16:20:52.952,83.208,waiting_for_release,,,,,False,0,0,35.9184062,139.9079523,,,32.36,1009.7243359375,42.58984375,99.4375,-68.5625,90.0625,-8.73,-3.42,0.21,6.5625,10.25,-7.8125,55,,,,,
2026-08-03T16:20:53.453,83.708,waiting_for_release,,,,,False,0,0,35.9184062,139.9079523,,,32.37,1009.787109375,42.5087890625,102.1875,-68.25,89.25,-8.9,-3.51,0.14,-10.75,-1.9375,-5.125,55,,,,,
2026-08-03T16:20:53.953,84.208,waiting_for_release,,,,,False,0,0,35.9184062,139.9079523,,,32.38,1009.8848046875,42.498046875,101.0625,-68.0,90.0625,-8.82,-3.66,0.13,2.875,1.4375,-1.0625,55,,,,,
2026-08-03T16:20:54.453,84.709,waiting_for_release,,,,,False,0,0,35.9184062,139.9079523,,,32.36,1010.0240625,42.462890625,102.25,-67.5625,89.25,-8.68,-3.44,0.09,-1.125,-3.1875,-0.5625,55,,,,,
2026-08-03T16:20:54.954,85.209,waiting_for_release,,,,,False,0,0,35.9184062,139.9079523,,,32.36,1010.0512890625,42.56640625,101.6875,-67.8125,87.875,-8.71,-3.53,0.06,-3.0,-2.5625,1.5,55,,,,,
2026-08-03T16:20:55.454,85.710,waiting_for_release,,,,,False,0,0,35.9184062,139.9079523,,,32.36,1010.1058203125,42.5322265625,101.25,-67.75,89.5,-9.0,-3.77,0.11,1.5625,5.625,-0.75,55,,,,,
2026-08-03T16:20:55.955,86.210,waiting_for_release,,,,,False,0,0,35.9184062,139.9079523,,,32.37,1010.149296875,42.556640625,102.0625,-67.875,88.375,-8.48,-3.28,0.1,3.4375,-4.4375,2.0,55,,,,,
2026-08-03T16:20:56.455,86.711,waiting_for_release,,,,,False,0,0,35.9184062,139.9079523,,,32.37,1010.3865625,42.6357421875,103.8125,-67.9375,89.625,-8.84,-3.61,0.12,18.6875,10.3125,4.9375,55,,,,,
2026-08-03T16:20:56.955,87.211,waiting_for_release,,,,,False,0,0,35.9184062,139.9079523,,,32.37,1010.4490234375,42.5791015625,107.5625,-67.8125,88.0,-8.75,-3.55,0.08,-0.125,-1.6875,0.0,55,,,,,
2026-08-03T16:20:57.456,87.711,waiting_for_release,,,,,False,0,0,35.9184062,139.9079523,,,32.38,1010.53875,42.5673828125,107.6875,-67.5,89.9375,-8.75,-3.49,0.15,-2.8125,0.75,1.0625,55,,,,,
2026-08-03T16:20:57.956,88.212,waiting_for_release,,,,,False,0,0,35.9184062,139.9079523,,,32.37,1010.495546875,42.578125,107.4375,-67.625,89.4375,-8.78,-3.57,0.06,3.375,0.9375,0.1875,55,,,,,
2026-08-03T16:20:58.457,88.712,waiting_for_release,,,,,False,0,0,35.9184062,139.9079523,,,32.38,1010.6749609375,42.39453125,107.3125,-66.875,88.25,-8.59,-3.52,0.09,-22.1875,-8.6875,-6.75,55,,,,,
2026-08-03T16:20:58.957,89.213,waiting_for_release,,,,,False,0,0,35.9184062,139.9079523,,,32.38,1010.7294921875,42.5673828125,101.8125,-65.1875,90.5,-8.71,-3.76,0.28,-17.8125,-7.5625,-0.0625,55,,,,,
2026-08-03T16:20:59.458,89.713,waiting_for_release,,,,,False,0,0,35.9184062,139.9079523,,,32.37,1010.8769921875,42.5322265625,107.4375,-66.75,88.5625,-8.81,-3.61,0.06,-6.5625,-2.5,-7.9375,55,,,,,
2026-08-03T16:20:59.958,90.213,waiting_for_release,,,,,False,0,0,35.9184062,139.9079523,,,32.37,1010.8849609375,42.5673828125,102.375,-67.0625,91.75,-8.52,-3.79,0.11,-13.1875,-4.25,6.625,55,,,,,
2026-08-03T16:21:00.458,90.714,waiting_for_release,,,,,False,0,0,35.9184062,139.9079523,,,32.38,1010.9747265625,42.556640625,102.0,-66.9375,88.3125,-8.55,-3.49,-0.02,4.5625,3.3125,7.0625,55,,,,,
2026-08-03T16:21:00.959,91.214,waiting_for_release,,,,,False,0,0,35.9184062,139.9079523,,,32.13,1010.6084765625,42.5908203125,104.125,-68.4375,90.625,-8.66,-3.42,0.0,15.8125,6.1875,-2.8125,55,,,,,
2026-08-03T16:21:01.459,91.715,waiting_for_release,,,,,False,0,0,35.9184062,139.9079523,,,32.38,1011.1926953125,42.5673828125,105.1875,-68.0625,90.9375,-8.7,-3.61,-0.02,2.9375,1.125,-4.5,54,,,,,
2026-08-03T16:21:01.960,92.215,waiting_for_release,,,,,False,0,0,35.9184062,139.9079523,,,32.37,1011.23921875,42.544921875,106.125,-67.3125,89.4375,-8.8,-3.59,-0.02,-1.6875,-3.1875,4.25,54,,,,,
2026-08-03T16:21:02.460,92.716,waiting_for_release,,,,,False,0,0,35.9184062,139.9079523,,,32.38,1011.356171875,42.34765625,108.3125,-67.9375,88.8125,-8.61,-3.43,-0.05,15.8125,12.875,2.4375,54,,,,,
2026-08-03T16:21:02.961,93.216,waiting_for_release,,,,,False,0,0,35.9184062,139.9079523,,,32.39,1011.344921875,42.5458984375,110.0,-67.6875,91.0,-8.77,-3.53,0.06,-8.5625,-1.375,-4.6875,54,,,,,
2026-08-03T16:21:03.461,93.717,waiting_for_release,,,,,False,0,0,35.9184062,139.9079523,,,32.38,1011.6559375,42.5673828125,111.0625,-67.25,88.4375,-8.79,-3.56,0.0,0.125,1.25,-1.1875,54,,,,,
2026-08-03T16:21:03.961,94.217,waiting_for_release,,,,,False,0,0,35.9184062,139.9079523,,,32.38,1011.4924609375,42.556640625,109.125,-67.6875,89.5625,-8.61,-3.52,0.06,-5.3125,1.625,3.3125,54,,,,,
2026-08-03T16:21:04.462,94.717,waiting_for_release,,,,,False,0,0,35.9184062,139.9079523,,,32.38,1011.66390625,42.556640625,110.4375,-67.875,86.25,-8.96,-3.67,0.02,-29.125,-15.5,-1.5,54,,,,,
2026-08-03T16:21:04.962,95.218,waiting_for_release,,,,,False,0,0,35.9184062,139.9079523,,,32.38,1011.7729296875,42.568359375,107.375,-67.8125,91.5625,-9.21,-3.78,0.23,1.0625,8.5,-0.6875,54,,,,,
2026-08-03T16:21:05.463,95.718,waiting_for_landing,,,,,False,0,0,35.9184062,139.9079523,,,32.41,1011.86796875,42.7099609375,107.8125,-67.375,88.1875,-9.12,-3.9,0.17,-0.75,1.4375,-0.9375,54,,,,,
2026-08-03T16:21:05.963,96.219,waiting_for_landing,,,,,False,0,0,35.9184062,139.9079523,,,32.4,1011.897890625,42.5576171875,107.625,-66.8125,88.125,-9.2,-3.99,0.12,-3.9375,-0.5625,0.625,54,,,,,
2026-08-03T16:21:06.463,96.719,waiting_for_landing,,,,,False,0,0,35.9184062,139.9079523,,,32.39,1011.9444140625,42.5693359375,109.6875,-66.5625,88.4375,-9.25,-3.9,0.03,3.5625,1.4375,-1.5,54,,,,,
2026-08-03T16:21:06.964,97.219,waiting_for_landing,,,,,False,0,0,35.9184062,139.9079523,,,32.39,1011.9171484375,42.5458984375,108.875,-66.9375,88.6875,-8.95,-3.9,0.09,-5.3125,1.0625,2.9375,54,,,,,
2026-08-03T16:21:07.464,97.720,waiting_for_landing,,,,,False,0,0,35.9184062,139.9079523,,,32.39,1011.9171484375,42.46484375,107.875,-66.8125,90.0625,-8.75,-3.76,0.02,1.5625,-0.5625,-1.3125,54,,,,,
2026-08-03T16:21:07.965,98.220,waiting_for_landing,,,,,False,0,0,35.9184062,139.9079523,,,32.38,1011.8546875,42.765625,108.5,-66.8125,90.0625,-8.73,-3.75,0.0,4.3125,2.5625,0.0,54,,,,,
2026-08-03T16:21:08.465,98.721,waiting_for_landing,,,,,False,0,0,35.9184062,139.9079523,,,32.39,1011.889921875,42.5810546875,107.3125,-67.4375,90.5625,-8.92,-3.75,-0.01,-1.4375,-1.0625,0.125,54,,,,,
2026-08-03T16:21:08.966,99.221,waiting_for_landing,,,,,False,0,0,35.9184062,139.9079523,,,32.38,1011.909140625,42.580078125,101.6875,-67.4375,87.0,-8.94,-3.92,0.0,-27.4375,-19.8125,12.5625,54,,,,,
2026-08-03T16:21:09.466,99.721,waiting_for_landing,,,,,False,0,0,35.9184062,139.9079523,,,32.39,1011.9171484375,42.5693359375,94.5,-64.9375,63.6875,-8.45,-2.67,1.94,-53.25,-10.9375,-21.9375,54,,,,,
2026-08-03T16:21:09.966,100.222,waiting_for_landing,,,,,False,0,0,35.9184062,139.9079523,,,32.4,1011.9523828125,42.5693359375,87.9375,-66.375,63.125,-8.39,-3.52,1.16,90.6875,28.9375,31.9375,54,,,,,
2026-08-03T16:21:10.467,100.722,waiting_for_landing,,,,,False,0,0,35.9184062,139.9079523,,,32.4,1011.9523828125,42.5,106.5,-69.4375,85.625,-8.13,-2.97,-0.01,23.625,43.375,11.25,54,,,,,
2026-08-03T16:21:10.967,101.223,waiting_for_landing,,,,,False,0,0,35.9184062,139.9079523,,,32.4,1011.92515625,42.5810546875,114.25,-67.5625,110.9375,-10.57,-3.38,-0.41,-24.0625,23.5,0.8125,54,,,,,
2026-08-03T16:21:11.468,101.723,waiting_for_landing,,,,,False,0,0,35.9184062,139.9079523,,,32.39,1011.971640625,42.5693359375,137.0,-63.5625,96.625,-8.38,-4.11,0.0,82.6875,20.625,-4.875,54,,,,,
2026-08-03T16:21:11.968,102.224,waiting_for_landing,,,,,False,0,0,35.9184062,139.9079523,,,32.32,1011.831875,42.55078125,175.0625,-63.875,103.0,-8.88,-3.7,-0.53,107.125,45.0625,8.4375,54,,,,,
2026-08-03T16:21:12.469,102.724,waiting_for_landing,,,,,False,0,0,35.9184062,139.9079523,,,32.38,1011.9283984375,42.4404296875,137.1875,-77.625,114.0625,-7.45,-2.07,0.0,-25.375,21.4375,-34.8125,55,,,,,
2026-08-03T16:21:12.969,103.225,waiting_for_landing,,,,,False,0,0,35.9184062,139.9079523,,,32.37,1011.9204296875,42.4287109375,150.375,-69.0,112.25,-8.68,-2.98,-0.47,78.25,-17.875,-2.0,55,,,,,
2026-08-03T16:21:13.469,103.725,waiting_for_landing,,,,,False,0,0,35.9184062,139.9079523,,,32.38,1011.909140625,42.3486328125,220.9375,-68.0,108.6875,-7.01,-2.72,-0.18,71.875,12.5,36.375,55,,,,,
2026-08-03T16:21:13.970,104.225,waiting_for_landing,,,,,False,0,0,35.9184062,139.9079523,,,32.37,1011.9204296875,42.0244140625,234.4375,-73.0,104.75,-8.48,-3.01,-0.17,48.625,8.1875,-47.75,55,,,,,
2026-08-03T16:21:14.471,104.726,waiting_for_landing,,,,,False,0,0,35.9184062,139.9079523,,,32.38,1011.9556640625,42.2783203125,244.375,-83.8125,5.5,-9.57,0.41,0.23,44.625,27.4375,61.625,55,,,,,
2026-08-03T16:21:14.971,105.227,waiting_for_landing,,,,,False,0,0,35.9184062,139.9079523,,,32.39,1011.9988671875,42.19921875,243.1875,-87.9375,178.5,-12.15,1.3,0.07,0.9375,-0.6875,11.5625,55,,,,,
2026-08-03T16:21:15.472,105.727,waiting_for_landing,,,,,False,0,0,35.9184062,139.9079523,,,32.39,1011.9444140625,42.048828125,238.875,-86.75,-177.1875,-9.75,0.82,-0.31,0.0625,0.125,-0.0625,55,,,,,
2026-08-03T16:21:15.972,106.228,waiting_for_landing,,,,,False,0,0,35.9184062,139.9079523,,,32.38,1011.8819140625,42.0595703125,238.25,-86.25,-176.625,-9.74,0.86,-0.29,0.0,0.125,0.0,55,,,,,
2026-08-03T16:21:16.473,106.728,waiting_for_landing,,,,,False,0,0,35.9184062,139.9079523,,,32.4,1012.034140625,42.0029296875,237.5625,-85.625,-175.9375,-9.74,0.85,-0.31,0.0,0.0,0.125,55,,,,,
2026-08-03T16:21:16.973,107.229,waiting_for_landing,,,,,False,0,0,35.9184062,139.9079523,,,32.4,1012.0886328125,41.9912109375,237.4375,-85.5,-175.8125,-9.74,0.85,-0.29,-0.0625,-0.125,-0.125,55,,,,,
2026-08-03T16:21:17.473,107.729,waiting_for_landing,,,,,False,0,0,35.9184062,139.9079523,,,32.39,1012.107890625,41.9794921875,237.3125,-85.375,-175.75,-8.47,0.85,-0.27,0.0625,0.1875,0.0625,55,,,,,
2026-08-03T16:21:17.974,108.229,waiting_for_landing,,,,,False,0,0,35.9184062,139.9079523,,,32.4,1012.0886328125,42.0029296875,237.3125,-85.375,-175.75,-9.74,0.86,-0.26,-0.0625,0.0,-0.0625,55,,,,,
2026-08-03T16:21:18.474,108.730,waiting_for_landing,,,,,False,0,0,35.9184062,139.9079523,,,32.4,1012.1158984375,41.9794921875,237.3125,-85.375,-175.75,-9.74,0.85,-0.3,0.0,0.0,0.0,55,,,,,
2026-08-03T16:21:18.975,109.230,waiting_for_landing,,,,,False,0,0,35.9184062,139.9079523,,,32.41,1012.1405078125,41.9931640625,237.3125,-85.375,-175.75,-9.74,0.85,-0.3,0.0625,0.1875,-0.0625,55,,,,,
2026-08-03T16:21:19.475,109.731,waiting_for_landing,,,,,False,0,0,35.9184062,139.9079523,,,32.41,1012.0504296875,42.00390625,237.3125,-85.375,-175.75,-9.75,0.86,-0.29,0.0625,0.0,-0.125,55,,,,,
2026-08-03T16:21:19.976,110.231,waiting_for_landing,,,,,False,0,0,35.9184062,139.9079523,,,32.41,1012.1049609375,42.00390625,237.3125,-85.375,-175.75,-9.74,0.84,-0.3,0.0625,0.0,0.0,55,,,,,
2026-08-03T16:21:20.476,110.732,waiting_for_landing,,,,,False,0,0,35.9184062,139.9079523,,,32.41,1012.159453125,42.0380859375,237.3125,-85.375,-175.75,-9.75,0.85,-0.28,0.0625,0.0625,-0.0625,55,,,,,
2026-08-03T16:21:20.976,111.232,waiting_for_landing,,,,,False,0,0,35.9184062,139.9079523,,,32.41,1012.1321875,41.95703125,237.3125,-85.375,-175.75,-9.74,0.84,-0.28,0.0625,0.0,-0.0625,55,,,,,
2026-08-03T16:21:21.477,111.732,waiting_for_landing,,,,,False,0,0,35.9184062,139.9079523,,,32.41,1012.159453125,41.8876953125,237.3125,-85.375,-175.75,-9.75,0.83,-0.32,0.125,0.0625,0.125,55,,,,,
2026-08-03T16:21:21.977,112.233,waiting_for_landing,,,,,False,0,0,35.9184062,139.9079523,,,32.4,1012.0694140625,41.9111328125,237.3125,-85.375,-175.75,-9.73,0.84,-0.3,0.0,0.0625,-0.125,55,,,,,
2026-08-03T16:21:22.478,112.733,waiting_for_landing,,,,,False,0,0,35.9184062,139.9079523,,,32.41,1012.0776953125,41.9111328125,237.3125,-85.375,-175.75,-9.75,2.11,-0.31,-0.0625,0.125,0.0625,55,,,,,
2026-08-03T16:21:22.978,113.234,waiting_for_landing,,,,,False,0,0,35.9184062,139.9079523,,,32.4,1012.06140625,41.91015625,237.3125,-85.375,-175.75,-9.75,0.86,-0.31,0.0625,-0.125,0.0,55,,,,,
2026-08-03T16:21:23.478,113.734,waiting_for_landing,,,,,False,0,0,35.9184062,139.9079523,,,32.41,1012.0504296875,41.96875,237.3125,-85.375,-175.75,-9.75,0.84,-0.28,0.0,0.0,0.0625,55,,,,,
2026-08-03T16:21:23.979,114.234,waiting_for_landing,,,,,False,0,0,35.9184062,139.9079523,,,32.4,1012.096640625,42.0732421875,237.3125,-85.375,-175.75,-9.75,0.85,-0.3,-0.0625,-0.0625,-0.125,55,,,,,
2026-08-03T16:21:24.479,114.735,waiting_for_landing,,,,,False,0,0,35.9184062,139.9079523,,,32.41,1012.1405078125,42.224609375,237.3125,-85.375,-175.75,-9.76,0.86,-0.3,0.0,0.0625,-0.0625,55,,,,,
2026-08-03T16:21:24.980,115.235,waiting_for_landing,,,,,False,0,0,35.9184062,139.9079523,,,32.41,1012.1132421875,42.0390625,237.3125,-85.375,-175.75,-9.74,0.85,-0.31,-0.0625,0.0625,-0.125,55,,,,,
2026-08-03T16:21:25.480,115.736,waiting_for_landing,,,,,False,0,0,35.9184062,139.9079523,,,32.42,1012.093984375,42.0390625,237.3125,-85.375,-175.75,-9.74,0.85,-0.31,0.0,0.0625,-0.125,55,,,,,
2026-08-03T16:21:25.981,116.236,waiting_for_landing,,,,,False,0,0,35.9184062,139.9079523,,,32.42,1012.0394921875,42.05078125,237.3125,-85.375,-175.75,-9.74,0.84,-0.26,0.0625,-0.125,0.0625,55,,,,,
2026-08-03T16:21:26.481,116.737,waiting_for_landing,,,,,False,0,0,35.9184062,139.9079523,,,32.42,1012.12125,42.02734375,237.3125,-85.375,-175.75,-9.75,0.84,-0.31,0.0625,-0.125,0.0,55,,,,,
2026-08-03T16:21:26.981,117.237,waiting_for_landing,,,,,False,0,0,35.9184062,139.9079523,,,32.42,1012.12125,42.00390625,237.3125,-85.375,-175.75,-9.75,2.13,-0.3,0.0625,0.0625,-0.125,55,,,,,
2026-08-03T16:21:27.482,117.737,waiting_for_landing,,,,,False,0,0,35.9184062,139.9079523,,,32.42,1012.06671875,41.9931640625,237.3125,-85.375,-167.75,-9.76,0.85,-0.3,0.0,-0.125,0.125,55,,,,,
2026-08-03T16:21:27.982,118.238,waiting_for_landing,,,,,False,0,0,35.9184062,139.9079523,,,32.42,1012.06671875,41.9697265625,237.3125,-85.375,-175.75,-9.75,0.84,-0.3,0.0,0.0,0.0625,55,,,,,
2026-08-03T16:21:28.483,118.738,waiting_for_landing,,,,,False,0,0,35.9184062,139.9079523,,,32.43,1012.05546875,41.935546875,237.3125,-85.375,-175.75,-9.77,0.85,-0.31,0.0,0.125,0.0625,55,,,,,
2026-08-03T16:21:28.983,119.239,waiting_for_landing,,,,,False,0,0,35.9184062,139.9079523,,,32.43,1012.05546875,41.9013671875,237.3125,-85.375,-175.75,-9.75,0.82,-0.29,0.0625,-0.125,0.0,55,,,,,
2026-08-03T16:21:29.484,119.739,waiting_for_landing,,,,,False,0,0,35.9184062,139.9079523,,,32.43,1012.082734375,41.9130859375,237.3125,-85.375,-175.75,-8.47,0.86,-0.32,0.125,0.0625,0.125,55,,,,,
2026-08-03T16:21:29.984,120.239,waiting_for_landing,,,,,False,0,0,35.9184062,139.9079523,,,32.42,1012.0474609375,41.9013671875,237.3125,-85.375,-175.75,-9.75,0.82,-0.3,0.0,-0.0625,0.0,55,,,,,
2026-08-03T16:21:30.484,120.740,waiting_for_landing,,,,,False,0,0,35.9184062,139.9079523,,,32.43,1012.0282421875,41.982421875,237.3125,-85.375,-175.75,-9.77,0.83,-0.3,0.0625,0.0,-0.0625,55,,,,,
2026-08-03T16:21:30.985,121.240,waiting_for_landing,,,,,False,0,0,35.9184062,139.9079523,,,32.41,1012.031484375,41.900390625,237.3125,-85.375,-175.75,-9.75,0.85,-0.28,0.0625,0.0625,-0.0625,55,,,,,
2026-08-03T16:21:31.488,121.743,landed,,,,,False,0,0,35.9184062,139.9079523,,,32.43,1012.05546875,41.9013671875,237.3125,-85.375,-175.75,-9.74,0.84,-0.3,-0.125,-0.125,-0.125,55,,,,,
2026-08-03T16:21:31.988,122.244,landed,,,,,False,0,0,35.9184062,139.9079523,,,32.43,1012.0009765625,41.8779296875,237.3125,-85.375,-175.75,-9.75,0.84,-0.3,0.125,-0.0625,0.0,55,,,,,
2026-08-03T16:21:32.489,122.744,landed,,,,,False,0,0,35.9184062,139.9079523,,,32.43,1012.0009765625,41.796875,237.3125,-85.375,-175.75,-9.75,0.85,-0.3,0.125,0.0625,0.0625,55,,,,,
2026-08-03T16:21:32.990,123.246,landed,,,,,False,0,0,35.9184062,139.9079523,,,32.43,1011.98171875,41.90234375,237.3125,-85.375,-175.75,-9.74,0.85,-0.31,-0.0625,0.125,0.0625,55,,,,,
2026-08-03T16:21:33.495,123.750,landed,,,,,False,0,0,35.9184062,139.9079523,,,32.43,1012.0009765625,41.935546875,237.3125,-85.375,-175.75,-9.75,0.84,-0.27,0.0625,0.0625,0.0,55,,,,,
2026-08-03T16:21:33.996,124.251,landed,,,,,False,0,0,35.9184062,139.9079523,,,32.43,1011.98171875,41.9599609375,237.3125,-85.375,-175.75,-9.74,0.85,-0.31,0.0,-0.125,0.0,55,,,,,
2026-08-03T16:21:34.502,124.757,landed,,,,,False,0,0,35.9184062,139.9079523,,,31.7,1010.804765625,41.9736328125,237.3125,-85.375,-175.75,-9.73,0.85,-0.29,0.0,0.0625,0.0625,55,,,,,
2026-08-03T16:21:35.024,125.279,landed,,,,,False,0,0,35.9184062,139.9079523,,,32.44,1011.9897265625,41.9609375,237.3125,-85.375,-175.75,-9.74,0.83,-0.28,-0.125,-0.0625,-0.0625,55,,,,,
2026-08-03T16:21:35.532,125.788,landed,,,,,False,0,0,35.9184062,139.9079523,,,32.44,1011.9980078125,41.9375,237.3125,-85.375,-175.75,-9.76,0.84,-0.3,-0.0625,0.0,0.0,55,,,,,
2026-08-03T16:21:36.033,126.288,landed,,,,,False,0,0,35.9184062,139.9079523,,,32.44,1012.016953125,41.9140625,237.3125,-85.375,-175.75,-9.76,0.85,-0.3,0.0625,0.125,0.0,55,,,,,
2026-08-03T16:21:36.540,126.796,landed,,,,,False,0,0,35.9184062,139.9079523,,,32.46,1012.0219921875,41.8701171875,237.3125,-85.375,-175.75,-9.74,0.85,-0.29,0.125,0.1875,0.0,55,,,,,
2026-08-03T16:21:37.042,127.298,landed,,,,,False,0,0,35.9184062,139.9079523,,,32.45,1011.9867578125,41.9619140625,237.3125,-85.375,-175.75,-9.75,0.84,-0.31,0.0,-0.125,0.0,55,,,,,
2026-08-03T16:21:37.543,127.798,landed,,,,,False,0,0,35.9184062,139.9079523,,,32.46,1012.03,41.87109375,237.3125,-85.375,-175.75,-9.76,0.84,-0.28,0.0625,0.0,0.0625,55,,,,,
2026-08-03T16:21:38.054,128.309,landed,,,,,False,0,0,35.9184062,139.9079523,,,32.45,1011.9867578125,41.869140625,237.3125,-85.375,-175.75,-9.73,0.85,-0.3,-0.0625,-0.0625,0.0,55,,,,,
2026-08-03T16:21:38.580,128.836,landed,,,,,False,0,0,35.9184062,139.9079523,,,32.23,1011.905,41.8486328125,237.3125,-85.375,-175.75,-9.75,0.85,-0.31,0.125,-0.0625,0.0625,55,,,,,
2026-08-03T16:21:39.093,129.348,landed,,,,,False,0,0,35.9184062,139.9079523,,,32.47,1012.0107421875,41.859375,237.3125,-85.375,-175.75,-9.76,0.83,-0.31,0.0,-0.0625,0.0625,55,,,,,
2026-08-03T16:21:39.593,129.849,landed,,,,,False,0,0,35.9184062,139.9079523,,,32.46,1012.0027734375,41.8359375,237.3125,-85.375,-175.75,-9.76,0.84,-0.29,0.0625,0.0,0.0625,55,,,,,
2026-08-03T16:21:40.100,130.356,landed,,,,,False,0,0,35.9184062,139.9079523,,,32.46,1011.9947265625,41.8349609375,237.3125,-85.375,-175.75,-9.74,0.85,-0.31,0.0625,0.0625,0.0625,55,,,,,
2026-08-03T16:21:40.620,130.876,landed,,,,,False,0,0,35.9184062,139.9079523,,,32.48,1011.999765625,41.8251953125,237.3125,-85.375,-175.75,-9.76,0.88,-0.32,0.0,0.0,0.0625,55,,,,,
2026-08-03T16:21:41.131,131.386,landed,,,,,False,0,0,35.9184062,139.9079523,,,32.48,1012.035,41.814453125,237.3125,-85.375,-175.75,-9.75,0.83,-0.29,0.0625,-0.0625,0.125,55,,,,,
2026-08-03T16:21:41.650,131.906,landed,,,,,False,0,0,35.9184062,139.9079523,,,32.48,1011.999765625,41.8486328125,237.3125,-85.375,-175.75,-9.76,0.85,-0.28,0.0,0.0625,-0.0625,55,,,,,
2026-08-03T16:21:42.172,132.428,landed,,,,,False,0,0,35.9184062,139.9079523,,,32.48,1012.68109375,41.8369140625,237.3125,-85.375,-175.75,-9.74,0.85,-0.29,0.0,0.125,0.0625,55,,,,,
2026-08-03T16:21:42.673,132.928,landed,,,,,False,0,0,35.9184062,139.9079523,,,32.48,1012.02703125,41.87109375,237.3125,-85.375,-175.75,-9.74,0.85,-0.28,-0.125,0.0625,0.125,55,,,,,
2026-08-03T16:21:43.179,133.435,landed,,,,,False,0,0,35.9184062,139.9079523,,,32.48,1012.062265625,41.8837890625,237.3125,-85.375,-175.75,-9.75,0.86,-0.3,0.0,0.0,-0.0625,55,,,,,
2026-08-03T16:21:43.681,133.936,landed,,,,,False,0,0,35.9184062,139.9079523,,,32.49,1012.4790625,41.8837890625,237.3125,-85.375,-175.75,-9.75,0.85,-0.28,0.0,-0.0625,0.0625,55,,,,,
2026-08-03T16:21:44.181,134.437,landed,,,,,False,0,0,35.9184062,139.9079523,,,32.49,1012.01578125,41.9189453125,237.3125,-85.375,-175.75,-9.77,0.85,-0.3,0.0,0.125,-0.0625,55,,,,,
2026-08-03T16:21:44.681,134.937,landed,,,,,False,0,0,35.9184062,139.9079523,,,32.49,1011.9419921875,41.8837890625,237.3125,-85.375,-175.75,-9.73,0.85,-0.29,-0.125,0.125,-0.0625,55,,,,,
2026-08-03T16:21:45.182,135.437,landed,,,,,False,0,0,35.9184062,139.9079523,,,32.5,1012.0317578125,41.873046875,237.3125,-85.375,-175.75,-9.75,0.85,-0.32,-0.0625,0.0625,0.0,55,,,,,
2026-08-03T16:21:45.682,135.938,landed,,,,,False,0,0,35.9184062,139.9079523,,,32.5,1011.95796875,41.8388671875,237.3125,-85.375,-175.75,-9.76,0.85,-0.3,0.0,0.125,0.0625,55,,,,,
2026-08-03T16:21:46.183,136.438,landed,,,,,False,0,0,35.9184062,139.9079523,,,32.5,1012.0044921875,41.861328125,237.3125,-85.375,-175.75,-9.76,0.84,-0.3,0.0625,-0.125,0.125,55,,,,,
2026-08-03T16:21:46.683,136.939,landed,,,,,False,0,0,35.9184062,139.9079523,,,32.5,1012.0317578125,41.7919921875,237.3125,-85.375,-175.75,-9.77,0.84,-0.31,0.0625,-0.0625,0.0625,55,,,,,
2026-08-03T16:21:47.183,137.439,landed,,,,,False,0,0,35.9184062,139.9079523,,,32.51,1012.0205078125,41.86328125,237.3125,-85.375,-175.75,-9.75,0.83,-0.3,-0.0625,0.1875,-0.0625,55,,,,,
2026-08-03T16:21:47.690,137.946,landed,,,,,False,0,0,35.9184062,139.9079523,,,32.51,1012.047734375,41.9091796875,237.3125,-85.375,-175.75,-9.73,0.84,-0.29,0.125,0.0625,0.0625,55,,,,,
2026-08-03T16:21:48.195,138.451,landed,,,,,False,0,0,35.9184062,139.9079523,,,32.51,1012.110546875,41.9091796875,237.3125,-85.375,-175.75,-9.76,0.85,-0.29,-0.0625,0.0625,0.0625,55,,,,,
2026-08-03T16:21:48.696,138.951,landed,,,,,False,0,0,35.9184062,139.9079523,,,32.51,1012.0287890625,41.8173828125,237.3125,-85.375,-175.75,-9.75,0.83,-0.28,-0.0625,0.0,0.125,55,,,,,
2026-08-03T16:21:49.196,139.452,landed,,,,,False,0,0,35.9184062,139.9079523,,,32.52,1012.0640234375,41.9208984375,237.3125,-85.375,-175.75,-9.76,0.84,-0.27,0.125,-0.0625,0.0,55,,,,,
2026-08-03T16:21:49.700,139.956,landed,,,,,False,0,0,35.9184062,139.9079523,,,32.52,1012.0992578125,41.8984375,237.3125,-85.375,-175.75,-9.76,0.85,-0.32,0.0625,-0.125,-0.0625,55,,,,,
2026-08-03T16:21:50.210,140.466,landed,,,,,False,0,0,35.9184062,139.9079523,,,32.52,1012.1185546875,41.88671875,237.3125,-85.375,-175.75,-9.77,0.84,-0.28,0.0,-0.0625,-0.1875,55,,,,,
2026-08-03T16:21:50.720,140.976,landed,,,,,False,0,0,35.9184062,139.9079523,,,32.52,1012.1185546875,41.8984375,237.3125,-85.375,-175.75,-9.74,0.84,-0.31,0.0625,-0.0625,0.0625,55,,,,,
2026-08-03T16:21:51.224,141.479,landed,,,,,False,0,0,35.9184062,139.9079523,,,32.53,1012.0800390625,41.8994140625,237.3125,-85.375,-175.75,-9.77,0.85,-0.29,-0.0625,0.0,0.0,55,,,,,
2026-08-03T16:21:51.724,141.980,landed,,,,,False,0,0,35.9184062,139.9079523,,,32.53,1012.06078125,41.876953125,237.3125,-85.375,-175.75,-9.73,0.88,-0.29,-0.0625,-0.125,0.0,55,,,,,
2026-08-03T16:21:52.225,142.480,landed,,,,,False,0,0,35.9184062,139.9079523,,,32.53,1012.0255078125,41.876953125,237.3125,-85.375,-167.75,-9.76,0.84,-0.3,0.0,-0.25,0.1875,55,,,,,
2026-08-03T16:21:52.725,142.980,landed,,,,,False,0,0,35.9184062,139.9079523,,,32.54,1012.1232421875,41.865234375,237.3125,-85.375,-175.75,-9.74,0.85,-0.28,8.0,0.1875,-0.0625,55,,,,,
2026-08-03T16:21:53.225,143.481,landed,,,,,False,0,0,35.9184062,139.9079523,,,32.54,1012.1777734375,41.865234375,237.3125,-85.375,-175.75,-9.73,0.85,-0.29,0.0,-0.0625,0.0,55,,,,,
2026-08-03T16:21:53.726,143.981,landed,,,,,False,0,0,35.9184062,139.9079523,,,32.55,1012.1395703125,41.7626953125,237.3125,-85.375,-175.75,-9.77,2.14,-0.27,0.0,-0.1875,-0.125,55,,,,,
2026-08-03T16:21:54.226,144.482,landed,,,,,False,0,0,35.9184062,139.9079523,,,32.54,1012.06875,41.818359375,237.3125,-85.375,-175.75,-9.75,0.85,-0.31,-0.0625,-0.0625,0.0,55,,,,,
2026-08-03T16:21:54.730,144.986,landed,,,,,False,0,0,35.9184062,139.9079523,,,32.54,1012.07671875,41.8193359375,237.3125,-85.375,-175.75,-9.75,0.84,-0.28,-0.0625,-0.125,0.125,55,,,,,
2026-08-03T16:21:55.231,145.486,landed,,,,,False,0,0,35.9184062,139.9079523,,,32.54,1012.13125,41.8193359375,237.3125,-85.375,-175.75,-9.76,0.83,-0.32,-0.0625,-0.125,-0.0625,55,,,,,
2026-08-03T16:21:55.733,145.988,landed,,,,,False,0,0,35.9184062,139.9079523,,,32.55,1012.1123046875,41.796875,237.3125,-85.375,-175.75,-9.75,0.85,-0.27,0.0,-0.125,-0.0625,55,,,,,
2026-08-03T16:21:56.233,146.489,landed,,,,,False,0,0,35.9184062,139.9079523,,,32.55,1012.038515625,41.7978515625,237.3125,-85.375,-175.75,-9.74,0.81,-0.31,-0.0625,0.0,-0.125,55,,,,,
2026-08-03T16:21:56.734,146.989,landed,,,,,False,0,0,35.9184062,139.9079523,,,32.54,1012.13125,41.76171875,237.3125,-85.375,-175.75,-9.76,0.83,-0.3,0.0625,0.25,-0.0625,55,,,,,
2026-08-03T16:21:57.234,147.490,landed,,,,,False,0,0,35.9184062,139.9079523,,,31.3,1010.2239453125,41.8095703125,237.3125,-85.375,-175.75,-9.76,0.82,-0.32,0.125,0.0625,-0.0625,55,,,,,
2026-08-03T16:21:57.735,147.991,landed,,,,,False,0,0,35.9184062,139.9079523,,,32.54,1012.07671875,41.75,237.3125,-85.375,-175.75,-9.77,0.84,-0.29,-0.0625,0.0,-0.0625,55,,,,,
2026-08-03T16:21:58.236,148.491,landed,,,,,False,0,0,35.9184062,139.9079523,,,32.55,1012.1395703125,41.7275390625,237.3125,-85.375,-175.75,-9.74,0.83,-0.3,0.0625,0.0625,0.0625,55,,,,,
2026-08-03T16:21:58.736,148.991,landed,,,,,False,0,0,35.9184062,139.9079523,,,32.56,1012.1828125,41.751953125,237.3125,-85.375,-175.75,-9.75,0.84,-0.3,0.0,-0.0625,0.0625,55,,,,,
2026-08-03T16:21:59.236,149.492,landed,,,,,False,0,0,35.9184062,139.9079523,,,32.56,1012.155546875,41.728515625,237.3125,-85.375,-175.75,-9.73,0.84,-0.3,0.0,0.0,-0.0625,55,,,,,
2026-08-03T16:21:59.740,149.996,landed,,,,,False,0,0,35.9184062,139.9079523,,,32.56,1012.1362890625,41.728515625,237.3125,-85.375,-175.75,-9.72,0.84,-0.32,0.0,-0.0625,0.0,55,,,,,
2026-08-03T16:22:00.237,150.493,landed,,,,,False,0,0,35.9184062,139.9079523,,,32.56,1012.05453125,41.728515625,237.3125,-85.375,-175.75,-9.75,0.86,-0.32,0.0625,-0.125,0.1875,55,,,,,
2026-08-03T16:22:00.738,150.993,landed,,,,,False,0,0,35.9184062,139.9079523,,,32.56,1012.163515625,41.705078125,244.6875,-84.25,5.6875,-11.77,-0.18,-1.72,-32.4375,-15.6875,-34.1875,55,,,,,
2026-08-03T16:22:01.240,151.496,landed,,,,,False,0,0,35.9184062,139.9079523,,,32.55,1012.06578125,41.705078125,245.875,-80.1875,169.6875,-10.01,0.33,-1.38,3.9375,56.4375,7.0,55,,,,,
2026-08-03T16:22:01.743,151.999,landed,,,,,False,0,0,35.9184062,139.9079523,,,32.56,1011.964765625,41.763671875,225.375,-84.8125,4.9375,-8.7,-0.13,-1.31,10.875,-72.6875,21.5,55,,,,,
2026-08-03T16:22:02.244,152.499,landed,,,,,False,0,0,35.9184062,139.9079523,,,31.35,1010.4215625,41.7685546875,219.0,-82.875,5.4375,-8.59,-0.29,-0.87,-34.75,45.25,7.5,55,,,,,
2026-08-03T16:22:02.744,152.999,landed,,,,,False,0,0,35.9184062,139.9079523,,,32.51,1012.5738671875,41.724609375,200.5625,-86.625,176.75,-12.75,-1.04,-1.78,32.4375,20.0,-24.125,55,,,,,
2026-08-03T16:22:03.244,153.500,landed,,,,,False,0,0,35.9184062,139.9079523,,,32.56,1012.0465234375,41.6591796875,208.3125,-88.875,179.125,-7.03,0.79,-0.22,42.9375,16.3125,57.0625,55,,,,,
2026-08-03T16:22:03.745,154.000,landed,,,,,False,0,0,35.9184062,139.9079523,,,32.54,1012.0494921875,41.47265625,198.6875,-86.3125,176.3125,-8.14,0.03,-1.18,-28.6875,-17.0,6.25,55,,,,,
2026-08-03T16:22:04.245,154.501,landed,,,,,False,0,0,35.9184062,139.9079523,,,32.55,1012.030546875,41.4501953125,199.8125,-83.5,5.8125,-11.66,-0.95,-1.55,24.875,-27.0625,-12.9375,55,,,,,
2026-08-03T16:22:04.746,155.001,landed,,,,,False,0,0,35.9184062,139.9079523,,,32.55,1011.9840234375,41.3115234375,206.8125,-84.0,175.1875,-9.6,-0.54,-1.05,-28.1875,-3.125,-15.5,55,,,,,
2026-08-03T16:22:05.246,155.501,landed,,,,,False,0,0,35.9184062,139.9079523,,,32.56,1012.0465234375,41.265625,205.8125,-84.0,174.8125,-9.22,-0.52,-1.18,12.1875,-8.125,15.4375,55,,,,,
2026-08-03T16:22:05.746,156.002,landed,,,,,False,0,0,35.9184062,139.9079523,,,32.55,1012.038515625,41.150390625,214.6875,-82.125,-166.75,-12.42,-0.29,-0.74,-32.625,31.1875,-8.3125,55,,,,,
2026-08-03T16:22:06.247,156.502,landed,,,,,False,0,0,35.9184062,139.9079523,,,32.56,1012.1010546875,41.103515625,210.0,-85.3125,-179.5625,-8.37,0.13,-1.0,2.3125,-29.25,0.5625,55,,,,,
2026-08-03T16:22:06.747,157.003,landed,,,,,False,0,0,35.9184062,139.9079523,,,29.29,1006.8227734375,40.9697265625,219.1875,-83.3125,179.75,-8.96,0.08,-0.65,-0.8125,10.75,4.6875,55,,,,,
2026-08-03T16:22:07.248,157.503,landed,,,,,False,0,0,35.9184062,139.9079523,,,32.56,1012.0465234375,40.953125,220.875,-79.5,162.1875,-10.33,-0.3,-1.21,-12.625,-13.0625,-4.4375,55,,,,,
2026-08-03T16:22:07.748,158.004,landed,,,,,False,0,0,35.9184062,139.9079523,,,32.55,1012.093046875,40.8603515625,224.25,-83.1875,-178.0,-8.78,0.0,-0.8,0.375,4.875,21.125,55,,,,,
2026-08-03T16:22:08.248,158.504,landed,,,,,False,0,0,35.9184062,139.9079523,,,32.55,1012.0850390625,40.8369140625,229.5,-79.3125,-178.375,-12.73,-0.19,-1.81,10.3125,-18.375,-78.4375,55,,,,,
2026-08-03T16:22:08.749,159.004,landed,,,,,False,0,0,35.9184062,139.9079523,,,32.55,1012.030546875,40.89453125,231.875,-81.6875,163.25,-9.01,0.06,-1.33,98.1875,43.0,66.1875,55,,,,,
2026-08-03T16:22:09.249,159.505,landed,,,,,False,0,0,35.9184062,139.9079523,,,32.54,1012.0494921875,40.8125,232.0625,-80.5625,-150.1875,-9.16,0.33,-1.4,7.9375,10.8125,3.0625,55,,,,,
2026-08-03T16:22:09.750,160.005,landed,,,,,False,0,0,35.9184062,139.9079523,,,32.56,1012.0737890625,40.791015625,223.1875,-83.6875,176.5,-12.36,-0.97,-2.08,20.4375,-31.3125,-25.25,55,,,,,
2026-08-03T16:22:10.250,160.506,landed,,,,,False,0,0,35.9184062,139.9079523,,,32.56,1012.027265625,40.802734375,222.8125,-85.0625,-179.375,-8.73,-0.15,-0.92,-48.3125,-19.1875,-7.1875,55,,,,,
2026-08-03T16:22:10.759,161.014,landed,,,,,False,0,0,35.9184062,139.9079523,,,32.55,1012.038515625,40.5712890625,217.875,-84.0625,-176.875,-9.48,0.02,-1.15,12.0625,3.5,-2.8125,55,,,,,
2026-08-03T16:22:11.259,161.515,landed,,,,,False,0,0,35.9184062,139.9079523,,,32.56,1012.019296875,40.65234375,228.8125,-81.875,-171.8125,-9.07,0.14,-0.81,25.6875,3.375,29.5625,55,,,,,
2026-08-03T16:22:11.760,162.015,landed,,,,,False,0,0,35.9184062,139.9079523,,,32.56,1011.964765625,40.62890625,230.25,-80.9375,162.6875,-8.6,-0.03,-1.15,-16.1875,-0.0625,-10.8125,55,,,,,
2026-08-03T16:22:12.260,162.516,landed,,,,,False,0,0,35.9184062,139.9079523,,,32.56,1012.0465234375,40.5595703125,231.6875,-81.25,142.375,-11.08,-0.73,-1.38,8.0625,2.125,5.0,55,,,,,
2026-08-03T16:22:12.761,163.016,landed,,,,,False,0,0,35.9184062,139.9079523,,,29.95,1007.9480078125,40.4443359375,224.125,-79.5625,138.3125,-9.34,-0.82,-1.02,-38.125,16.0625,-16.375,55,,,,,
2026-08-03T16:22:13.261,163.517,landed,,,,,False,0,0,35.9184062,139.9079523,,,32.56,1012.0465234375,40.3974609375,223.5,-77.75,123.1875,-10.92,-1.64,-1.43,-0.5625,1.375,-36.375,55,,,,,
2026-08-03T16:22:13.762,164.017,landed,,,,,False,0,0,35.9184062,139.9079523,,,32.56,1011.9375,40.201171875,214.5625,-79.75,150.1875,-9.29,-1.32,-1.2,-12.6875,15.0,43.125,55,,,,,
2026-08-03T16:22:14.262,164.517,landed,,,,,False,0,0,35.9184062,139.9079523,,,32.55,1011.9840234375,40.189453125,212.0,-80.25,140.375,-8.27,-0.51,-1.55,-12.0625,-5.875,-12.9375,55,,,,,
2026-08-03T16:22:14.762,165.018,landed,,,,,False,0,0,35.9184062,139.9079523,,,32.56,1011.99203125,40.015625,214.1875,-80.4375,-169.75,-12.88,-0.49,-1.45,-54.6875,28.125,-28.125,55,,,,,
2026-08-03T16:22:15.263,165.518,landed,,,,,False,0,0,35.9184062,139.9079523,,,32.57,1011.9534765625,39.923828125,195.25,-82.75,172.25,-8.45,0.06,-1.2,-51.1875,-25.9375,-34.375,55,,,,,
2026-08-03T16:22:15.763,166.019,landed,,,,,False,0,0,35.9184062,139.9079523,,,32.56,1011.964765625,39.7255859375,218.0,-80.625,174.75,-9.29,-0.26,-1.33,-15.6875,-2.5,7.875,55,,,,,
2026-08-03T16:22:16.264,166.519,landed,,,,,False,0,0,35.9184062,139.9079523,,,32.57,1011.9534765625,39.6806640625,212.5625,-78.8125,-179.75,-10.0,-0.16,-1.55,-29.5,2.375,-39.6875,55,,,,,
2026-08-03T16:22:16.764,167.019,landed,,,,,False,0,0,35.9184062,139.9079523,,,32.56,1011.964765625,39.505859375,223.0,-82.4375,179.0,-8.92,-0.5,-1.34,10.9375,12.0,29.875,55,,,,,
2026-08-03T16:22:17.264,167.520,landed,,,,,False,0,0,35.9184062,139.9079523,,,32.56,1011.99203125,39.470703125,222.875,-80.0,-166.625,-9.83,0.01,-1.21,-39.3125,-3.5,-13.0,55,,,,,
2026-08-03T16:22:17.766,168.022,landed,,,,,False,0,0,35.9184062,139.9079523,,,32.56,1011.88296875,39.37890625,228.625,-81.0,162.4375,-8.04,-0.07,-1.04,9.375,-18.0,6.75,55,,,,,
2026-08-03T16:22:18.266,168.522,landed,,,,,False,0,0,35.9184062,139.9079523,,,32.56,1011.9375,39.35546875,228.9375,-79.5,-176.875,-10.63,-0.16,-1.47,4.9375,40.0625,4.6875,55,,,,,
2026-08-03T16:22:18.767,169.022,landed,,,,,False,0,0,35.9184062,139.9079523,,,32.55,1011.9840234375,39.4248046875,233.375,-79.0625,161.0625,-9.24,0.08,-1.05,53.5625,8.3125,13.75,55,,,,,
2026-08-03T16:22:19.267,169.523,landed,,,,,False,0,0,35.9184062,139.9079523,,,32.56,1012.4826171875,39.494140625,233.0,-81.3125,-161.9375,-8.06,0.07,-0.94,11.8125,-3.0625,15.625,55,,,,,
2026-08-03T16:22:19.768,170.023,landed,,,,,False,0,0,35.9184062,139.9079523,,,32.56,1011.964765625,39.5634765625,229.9375,-74.3125,153.9375,-10.29,-0.98,-2.07,5.3125,-11.8125,-22.125,55,,,,,
2026-08-03T16:22:20.268,170.524,landed,,,,,False,0,0,35.9184062,139.9079523,,,32.56,1011.964765625,39.5869140625,236.75,-74.875,154.0625,-9.06,-0.83,-1.45,8.375,2.5,35.3125,55,,,,,
2026-08-03T16:22:20.769,171.024,landed,,,,,False,0,0,35.9184062,139.9079523,,,32.56,1011.964765625,39.6103515625,230.6875,-78.125,156.9375,-8.46,-0.7,-1.74,-9.4375,1.6875,-1.25,55,,,,,
2026-08-03T16:22:21.269,171.524,landed,,,,,False,0,0,35.9184062,139.9079523,,,32.55,1011.9567578125,39.64453125,234.0,-74.125,140.25,-10.66,-1.07,-2.2,-10.75,11.0625,-33.4375,55,,,,,
2026-08-03T16:22:21.769,172.025,landed,,,,,False,0,0,35.9184062,139.9079523,,,32.56,1011.99203125,39.4248046875,234.0,-73.4375,158.0,-10.17,-0.64,-1.81,-23.4375,-19.75,-26.375,55,,,,,
2026-08-03T16:22:22.270,172.525,landed,,,,,False,0,0,35.9184062,139.9079523,,,32.56,1011.99203125,39.5986328125,220.3125,-77.75,138.9375,-9.12,-0.85,-1.76,-35.0,-26.75,-17.9375,55,,,,,
2026-08-03T16:22:22.770,173.026,landed,,,,,False,0,0,35.9184062,139.9079523,,,32.56,1011.9375,39.541015625,227.625,-80.875,156.625,-12.59,-1.9,-1.62,15.25,15.375,-31.3125,55,,,,,
2026-08-03T16:22:23.271,173.526,landed,,,,,False,0,0,35.9184062,139.9079523,,,32.56,1012.0465234375,39.5986328125,227.5,-78.8125,152.25,-8.11,-0.61,-1.08,-28.5625,-30.875,5.9375,55,,,,,
2026-08-03T16:22:23.771,174.027,landed,,,,,False,0,0,35.9184062,139.9079523,,,32.55,1011.9567578125,39.65625,226.75,-81.75,151.875,-9.03,-1.01,-0.6,1.6875,40.9375,21.0,55,,,,,
2026-08-03T16:22:24.272,174.527,landed,,,,,False,0,0,35.9184062,139.9079523,,,32.56,1011.9375,39.8876953125,227.8125,-78.125,168.625,-10.45,-0.7,-1.17,-45.5625,-12.9375,-14.6875,55,,,,,
2026-08-03T16:22:24.772,175.028,landed,,,,,False,0,0,35.9184062,139.9079523,,,32.56,1011.964765625,40.142578125,225.6875,-76.1875,129.5625,-10.11,-1.25,-1.82,22.3125,-5.5,6.875,55,,,,,
2026-08-03T16:22:25.272,175.528,landed,,,,,False,0,0,35.9184062,139.9079523,,,32.55,1011.9840234375,40.60546875,221.1875,-76.9375,162.0625,-8.43,-0.88,-1.59,2.8125,21.75,13.0625,55,,,,,
2026-08-03T16:22:25.773,176.028,landed,,,,,False,0,0,35.9184062,139.9079523,,,32.54,1012.06875,41.8076171875,229.5625,-75.8125,130.9375,-9.05,-0.71,-1.54,-48.0625,-53.375,-14.0625,55,,,,,
2026-08-03T16:22:26.273,176.529,landed,,,,,False,0,0,35.9184062,139.9079523,,,32.56,1012.0737890625,41.90234375,217.375,-80.0,99.5625,-11.31,-0.67,-1.32,-59.3125,-31.8125,4.625,55,,,,,
2026-08-03T16:22:26.774,177.029,landed,,,,,False,0,0,35.9184062,139.9079523,,,32.55,1012.06578125,42.1337890625,159.5,-60.5625,-15.375,-8.6,1.39,1.83,-50.1875,45.125,58.8125,55,,,,,
2026-08-03T16:22:27.274,177.530,landed,,,,,False,0,0,35.9184062,139.9079523,,,32.54,1012.0222265625,42.375,148.375,-58.0,-0.875,-7.56,-1.19,4.2,-68.9375,-27.4375,-51.8125,183,,,,,
2026-08-03T16:22:27.775,178.030,landed,,,,,False,0,0,35.9184062,139.9079523,,,32.55,1012.00328125,42.76953125,143.5,-38.5,32.3125,-7.73,-2.59,6.19,-15.625,34.75,37.8125,55,,,,,
2026-08-03T16:22:28.275,178.531,landed,,,,,False,0,0,35.9184062,139.9079523,,,32.55,1011.9487890625,42.8271484375,135.25,-42.5625,31.8125,-5.09,-3.74,4.81,-9.875,-17.8125,-8.8125,55,,,,,
2026-08-03T16:22:28.776,179.031,landed,,,,,False,0,0,35.9184062,139.9079523,,,32.54,1012.0222265625,42.7685546875,155.1875,-38.375,31.1875,-7.01,-3.07,5.76,6.6875,50.0,-31.875,55,,,,,
2026-08-03T16:22:29.276,179.532,landed,,,,,False,0,0,35.9184062,139.9079523,,,32.55,1012.030546875,42.72265625,156.625,-42.9375,33.25,-7.71,-2.85,4.33,36.1875,9.125,30.125,55,,,,,
2026-08-03T16:22:29.780,180.036,landed,,,,,False,0,0,35.9184062,139.9079523,,,32.53,1012.0255078125,42.490234375,191.5,-42.9375,18.75,-6.37,-1.42,4.67,28.1875,20.375,-24.875,55,,,,,
2026-08-03T16:22:30.281,180.536,landed,,,,,False,0,0,35.9184062,139.9079523,,,32.55,1012.030546875,42.583984375,194.375,-49.9375,14.0,-9.99,-0.74,6.55,59.8125,25.75,21.75,55,,,,,
2026-08-03T16:22:30.781,181.037,landed,,,,,False,0,0,35.9184062,139.9079523,,,32.56,1011.99203125,42.5732421875,220.75,-54.75,21.125,-7.45,-1.24,4.56,-72.5,-31.4375,42.6875,55,,,,,
2026-08-03T16:22:31.284,181.540,landed,,,,,False,0,0,35.9184062,139.9079523,,,32.56,1012.019296875,42.5732421875,195.3125,-50.8125,23.6875,-6.14,-2.34,5.68,-71.4375,-29.0625,53.625,55,,,,,
2026-08-03T16:22:31.785,182.040,landed,,,,,False,0,0,35.9184062,139.9079523,,,32.56,1012.0,42.5966796875,144.125,-49.5625,25.125,-9.08,-3.72,5.8,-25.5,-16.6875,-13.4375,55,,,,,
2026-08-03T16:22:32.285,182.541,landed,,,,,False,0,0,35.9184062,139.9079523,,,32.55,1012.038515625,42.642578125,142.3125,-46.4375,30.6875,-6.12,-2.97,3.58,-19.375,3.375,-12.5625,55,,,,,
2026-08-03T16:22:32.786,183.041,landed,,,,,False,0,0,35.9184062,139.9079523,,,32.57,1012.0080078125,42.759765625,134.25,-37.5,20.125,-5.47,-3.31,7.6,-18.5,34.1875,-17.4375,55,,,,,
2026-08-03T16:22:33.286,183.542,landed,,,,,False,0,0,35.9184062,139.9079523,,,32.56,1011.9455078125,42.689453125,136.8125,-38.625,26.5,-7.42,-3.02,5.26,0.9375,40.0625,25.4375,55,,,,,
2026-08-03T16:22:33.786,184.042,landed,,,,,False,0,0,35.9184062,139.9079523,,,32.58,1012.023984375,42.7138671875,127.5625,-29.9375,23.25,-4.38,-3.38,4.91,3.4375,-2.9375,22.3125,55,,,,,
2026-08-03T16:22:34.287,184.542,landed,,,,,False,0,0,35.9184062,139.9079523,,,32.56,1012.027265625,42.7353515625,129.5,-33.8125,26.4375,-8.25,-4.12,7.77,-16.125,31.75,-5.875,55,,,,,
2026-08-03T16:22:34.787,185.043,landed,,,,,False,0,0,35.9184062,139.9079523,,,32.55,1012.038515625,43.0126953125,136.0625,-32.25,25.8125,-3.96,-3.0,4.78,6.625,8.625,-11.0,55,,,,,
2026-08-03T16:22:35.288,185.543,landed,,,,,False,0,0,35.9184062,139.9079523,,,32.57,1012.0625,43.0712890625,139.25,-40.3125,30.625,-10.16,-3.73,7.48,-14.875,-25.75,12.6875,55,,,,,
2026-08-03T16:22:35.788,186.043,landed,,,,,False,0,0,35.9184062,139.9079523,,,32.56,1012.5371484375,43.4296875,139.0,-37.375,27.0,-4.79,-2.74,4.84,-0.5625,-22.375,-27.0625,55,,,,,
2026-08-03T16:22:36.289,186.544,landed,,,,,False,0,0,35.9184062,139.9079523,,,32.55,1012.038515625,43.4755859375,141.0625,-38.5,37.3125,-7.5,-4.22,5.36,-21.0625,28.75,-9.6875,55,,,,,
2026-08-03T16:22:36.789,187.044,landed,,,,,False,0,0,35.9184062,139.9079523,,,32.56,1012.019296875,43.568359375,142.625,-41.75,31.4375,-5.62,-2.88,4.28,-3.8125,-8.75,-33.25,55,,,,,
2026-08-03T16:22:37.289,187.545,landed,,,,,False,0,0,35.9184062,139.9079523,,,32.54,1012.096015625,43.623046875,144.4375,-47.875,32.9375,-8.67,-2.43,5.47,10.3125,19.125,-10.5625,55,,,,,
2026-08-03T16:22:37.790,188.046,landed,,,,,False,0,0,35.9184062,139.9079523,,,32.57,1012.11703125,43.6611328125,138.875,-36.6875,24.375,-6.4,-1.67,4.41,-13.3125,-23.75,-20.5625,55,,,,,
2026-08-03T16:22:38.290,188.546,landed,,,,,False,0,0,35.9184062,139.9079523,,,32.58,1012.078515625,43.6396484375,145.0,-45.375,35.625,-8.2,-4.1,5.94,-7.25,43.0625,9.5625,55,,,,,
2026-08-03T16:22:38.796,189.051,landed,,,,,False,0,0,35.9184062,139.9079523,,,32.57,1012.089765625,43.7314453125,135.625,-49.625,29.8125,-8.39,-2.59,4.95,-4.375,-29.75,1.625,55,,,,,
2026-08-03T16:22:39.296,189.552,landed,,,,,False,0,0,35.9184062,139.9079523,,,32.57,1012.035234375,43.6728515625,137.4375,-45.9375,31.3125,-6.5,-3.91,5.1,7.125,17.5625,-19.125,55,,,,,
2026-08-03T16:22:39.797,190.052,landed,,,,,False,0,0,35.9184062,139.9079523,,,30.88,1009.3476171875,43.6728515625,130.875,-47.0,37.625,-9.19,-4.44,5.38,1.625,-5.6875,27.5625,55,,,,,
2026-08-03T16:22:40.297,190.553,landed,,,,,False,0,0,35.9184062,139.9079523,,,32.57,1012.0080078125,43.7080078125,136.875,-32.875,27.5625,-4.18,-3.4,3.74,7.8125,-7.875,-43.25,55,,,,,
2026-08-03T16:22:40.798,191.053,landed,,,,,False,0,0,35.9184062,139.9079523,,,32.56,1012.019296875,43.9619140625,145.0625,-41.375,42.3125,-7.99,-4.12,6.48,-58.75,11.875,56.1875,55,,,,,
2026-08-03T16:22:41.298,191.554,landed,,,,,False,0,0,35.9184062,139.9079523,,,32.57,1012.0625,44.078125,139.625,-43.6875,27.8125,-4.6,-2.95,3.5,2.25,-6.3125,6.8125,55,,,,,
2026-08-03T16:22:41.798,192.054,landed,,,,,False,0,0,35.9184062,139.9079523,,,32.56,1012.0817578125,44.458984375,144.5625,-43.375,36.125,-8.55,-3.86,5.81,-47.375,17.375,51.6875,55,,,,,
2026-08-03T16:22:42.299,192.554,landed,,,,,False,0,0,35.9184062,139.9079523,,,32.56,1012.0737890625,44.5166015625,143.25,-39.5625,27.125,-4.09,-2.89,4.1,14.1875,-25.875,-21.75,55,,,,,
2026-08-03T16:22:42.799,193.055,landed,,,,,False,0,0,35.9184062,139.9079523,,,32.55,1012.06578125,44.5859375,150.4375,-41.125,39.5625,-8.71,-4.49,5.94,8.875,-0.6875,46.9375,55,,,,,
2026-08-03T16:22:43.300,193.555,landed,,,,,False,0,0,35.9184062,139.9079523,,,32.56,1012.1010546875,44.5859375,152.125,-38.875,28.75,-3.9,-1.89,4.16,32.5,-16.0,-35.5,55,,,,,
2026-08-03T16:22:43.800,194.056,landed,,,,,False,0,0,35.9184062,139.9079523,,,32.53,1012.1152734375,44.525390625,141.75,-44.375,36.625,-8.69,-4.09,5.56,-18.1875,-5.1875,41.6875,55,,,,,
2026-08-03T16:22:44.301,194.556,landed,,,,,False,0,0,35.9184062,139.9079523,,,32.54,1012.1232421875,44.513671875,146.0,-37.125,29.3125,-4.44,-1.64,4.66,46.3125,-58.0,1.5625,55,,,,,
2026-08-03T16:22:44.801,195.057,landed,,,,,False,0,0,35.9184062,139.9079523,,,32.53,1012.3798046875,44.548828125,158.4375,-30.3125,37.3125,-6.2,-4.43,7.11,-18.4375,-3.25,0.0625,55,,,,,
2026-08-03T16:22:45.301,195.557,landed,,,,,False,0,0,35.9184062,139.9079523,,,32.52,1012.0912890625,44.6044921875,148.375,-26.1875,29.125,-3.4,-2.93,6.15,53.125,-1.6875,15.25,55,,,,,
2026-08-03T16:22:45.802,196.057,landed,,,,,False,0,0,35.9184062,139.9079523,,,32.49,1011.9692578125,44.7060546875,159.3125,-13.625,9.6875,-0.77,-1.08,7.26,-30.375,146.5,-50.25,55,,,,,
2026-08-03T16:22:46.302,196.558,landed,,,,,False,0,0,35.9184062,139.9079523,,,32.5,1012.058984375,44.810546875,158.8125,-35.3125,17.8125,-6.76,-1.9,7.33,-8.5625,29.0625,20.4375,55,,,,,
2026-08-03T16:22:46.803,197.058,landed,35.917886683333336,139.90824028333333,39.847,1.4816,True,7,1,35.9184062,139.9079523,63.32172437351848,,32.49,1012.02375,44.87890625,174.125,-50.25,41.5625,-5.43,-2.64,2.47,-6.5625,16.625,-26.125,55,,,,,
2026-08-03T16:22:47.303,197.559,landed,35.917886683333336,139.90824028333333,39.847,1.4816,True,7,1,35.9184062,139.9079523,63.32172437351848,,32.49,1012.051015625,44.890625,188.375,-53.8125,56.375,-9.22,-5.17,2.85,15.6875,68.9375,-6.625,55,,,,,
2026-08-03T16:22:47.804,198.059,landed,35.91789598333333,139.90822818333334,39.956,1.491888888888889,True,7,1,35.9184062,139.9079523,61.934686079744594,,32.49,1011.988515625,44.92578125,230.0,-82.4375,138.5,-9.55,-1.13,-1.8,62.0625,62.25,28.0,55,,,,,
2026-08-03T16:22:48.304,198.560,landed,35.91789598333333,139.90822818333334,39.956,1.491888888888889,True,7,1,35.9184062,139.9079523,61.934686079744594,,32.49,1012.051015625,44.9482421875,231.0,-81.125,-118.0,-9.47,3.47,0.13,22.3125,-62.3125,105.1875,55,,,,,
2026-08-03T16:22:48.804,199.060,landed,35.917883483333334,139.9082161,40.02,1.4507333333333332,True,7,1,35.9184062,139.9079523,62.7906593527054,,32.5,1012.058984375,44.9150390625,221.9375,-76.625,-97.3125,-8.74,1.29,-1.95,-44.875,12.9375,-25.5625,55,,,,,
2026-08-03T16:22:49.305,199.560,landed,35.917883483333334,139.9082161,40.02,1.4507333333333332,True,7,1,35.9184062,139.9079523,62.7906593527054,,32.51,1011.911484375,44.9052734375,220.75,-75.3125,-91.6875,-6.08,1.98,1.29,52.5625,-14.5,18.0625,55,,,,,
2026-08-03T16:22:49.805,200.061,landed,35.917879283333335,139.90820328333334,40.095,1.4661666666666666,True,7,1,35.9184062,139.9079523,62.798651695399194,,32.53,1012.0800390625,44.9296875,221.75,-75.3125,-106.875,-13.93,3.99,-0.03,29.5625,-44.25,-39.0625,55,,,,,
2026-08-03T16:22:50.306,200.561,landed,35.917879283333335,139.90820328333334,40.095,1.4661666666666666,True,7,1,35.9184062,139.9079523,62.798651695399194,,32.53,1012.0527734375,44.94140625,221.0625,-75.5625,-90.9375,-6.26,2.67,0.56,33.5625,-16.625,11.75,183,,,,,
2026-08-03T16:22:50.806,201.061,landed,35.91788128333334,139.9081922,40.175,1.4558777777777778,True,7,1,35.9184062,139.9079523,62.237773012682396,,32.51,1012.102265625,45.0322265625,213.5625,-73.5,-116.75,-13.25,4.18,1.91,15.9375,19.0,-8.5,55,,,,,
2026-08-03T16:22:51.306,201.562,landed,35.91788128333334,139.9081922,40.175,1.4558777777777778,True,7,1,35.9184062,139.9079523,62.237773012682396,,32.51,1012.0287890625,45.0205078125,209.5625,-76.6875,-120.5625,-8.9,-0.57,-1.32,-35.0625,-8.0,2.4375,55,,,,,
2026-08-03T16:22:51.807,202.062,landed,35.9178767,139.90817988333333,40.174,1.4404444444444442,True,7,1,35.9184062,139.9079523,62.34261550240474,,32.53,1012.0800390625,45.0224609375,216.125,-74.5625,-117.375,-9.13,3.29,0.12,-5.3125,25.125,-5.125,55,,,,,
2026-08-03T16:22:52.307,202.563,landed,35.9178767,139.90817988333333,40.174,1.4404444444444442,True,7,1,35.9184062,139.9079523,62.34261550240474,,32.52,1012.036796875,45.0205078125,227.5625,-78.25,-118.375,-7.69,2.09,-3.42,-68.125,-11.8125,29.8125,55,,,,,
2026-08-03T16:22:52.808,203.063,landed,35.91787518333334,139.90816788333333,40.155,1.4198666666666666,True,7,1,35.9184062,139.9079523,62.15596212434282,,32.53,1012.00625,45.0224609375,201.8125,-73.6875,-88.125,-7.13,3.38,0.0,-13.25,4.3125,23.4375,55,,,,,
2026-08-03T16:22:53.308,203.564,landed,35.91787518333334,139.90816788333333,40.155,1.4198666666666666,True,7,1,35.9184062,139.9079523,62.15596212434282,,32.54,1012.6138671875,45.0458984375,208.1875,-74.625,-93.3125,-11.1,4.41,-2.03,68.4375,-57.625,-15.75,55,,,,,
2026-08-03T16:22:53.808,204.064,landed,35.917876283333335,139.9081553,40.029,1.399288888888889,True,7,1,35.9184062,139.9079523,61.694577081324525,,32.53,1012.00625,45.0576171875,196.5625,-68.9375,-78.9375,-5.74,2.84,-0.1,18.6875,-5.6875,-28.5,55,,,,,
2026-08-03T16:22:54.309,204.564,landed,35.917876283333335,139.9081553,40.029,1.399288888888889,True,7,1,35.9184062,139.9079523,61.694577081324525,,32.53,1012.00625,45.080078125,201.0625,-71.75,-80.5625,-13.52,5.11,1.72,74.625,-32.9375,-21.9375,55,,,,,
2026-08-03T16:22:54.809,205.065,landed,35.917883483333334,139.9081405,39.918,1.5742,True,7,1,35.9184062,139.9079523,60.54387715568055,,32.52,1011.9902734375,45.1025390625,196.0625,-71.0625,-87.875,-4.97,3.07,-1.42,-58.375,45.375,-26.375,55,,,,,
2026-08-03T16:22:55.310,205.565,landed,35.917883483333334,139.9081405,39.918,1.5742,True,7,1,35.9184062,139.9079523,60.54387715568055,,32.53,1012.00625,45.080078125,190.4375,-71.6875,-100.9375,-12.36,3.49,2.35,32.625,12.5625,-5.5,55,,,,,
2026-08-03T16:22:55.810,206.076,landed,35.91788678333333,139.9081266,39.768,1.5484777777777776,True,7,1,35.9184062,139.9079523,59.85130539065723,,32.54,1012.0142578125,45.0458984375,195.625,-74.375,-72.0625,-10.32,1.97,0.99,-93.0,64.4375,9.4375,55,,,,,
2026-08-03T16:22:56.314,206.569,landed,35.91788678333333,139.9081266,39.768,1.5484777777777776,True,7,1,35.9184062,139.9079523,59.85130539065723,,32.54,1012.8671875,45.0,188.0625,-74.6875,-78.5,-8.53,3.79,1.73,-14.625,-5.5,23.4375,55,,,,,
2026-08-03T16:22:56.814,207.070,landed,35.917884783333335,139.9081136,39.714,1.5227555555555556,True,7,1,35.9184062,139.9079523,59.77070951212776,,32.54,1011.9597265625,44.96484375,212.5625,-77.875,-76.625,-10.77,4.35,-1.48,-100.9375,44.5,-41.625,55,,,,,
2026-08-03T16:22:57.315,207.570,landed,35.917884783333335,139.9081136,39.714,1.5227555555555556,True,7,1,35.9184062,139.9079523,59.77070951212776,,32.54,1011.9869921875,44.96484375,205.1875,-78.9375,-99.3125,-7.34,2.72,0.07,14.875,-3.125,16.75,55,,,,,
2026-08-03T16:22:57.815,208.071,landed,35.9178895,139.90810228333333,39.63,1.3118333333333332,True,7,1,35.9184062,139.9079523,59.02058778858935,,32.55,1012.030546875,44.9892578125,197.25,-76.375,-76.625,-10.36,4.29,-1.43,-62.4375,44.1875,28.6875,55,,,,,
2026-08-03T16:22:58.315,208.571,landed,35.9178895,139.90810228333333,39.63,1.3118333333333332,True,7,1,35.9184062,139.9079523,59.02058778858935,,32.55,1011.9567578125,44.9560546875,184.0625,-78.6875,-117.8125,-6.54,1.16,-1.79,-35.1875,34.875,-7.0625,55,,,,,
2026-08-03T16:22:58.816,209.071,landed,35.917895,139.9080902,39.541,1.3118333333333332,True,7,1,35.9184062,139.9079523,58.18350014296043,,32.54,1012.0142578125,44.8603515625,198.875,-79.3125,-81.3125,-11.83,5.66,-2.51,-32.1875,44.9375,36.625,55,,,,,
2026-08-03T16:22:59.316,209.572,landed,35.917895,139.9080902,39.541,1.3118333333333332,True,7,1,35.9184062,139.9079523,58.18350014296043,,32.55,1012.0577734375,44.83984375,187.125,-78.625,-100.375,-5.12,2.52,-0.78,-20.6875,15.75,-0.875,55,,,,,
2026-08-03T16:22:59.817,210.072,landed,35.917915783333335,139.90807948333332,40.307,1.461022222222222,True,11,1,35.9184062,139.9079523,55.72158935122716,,32.52,1011.982265625,44.7666015625,197.875,-75.75,-48.5,-12.21,4.74,-0.31,17.375,-24.25,-0.1875,55,,,,,
2026-08-03T16:23:00.317,210.573,landed,35.917915783333335,139.90807948333332,40.307,1.461022222222222,True,11,1,35.9184062,139.9079523,55.72158935122716,,32.53,1011.9244921875,44.7685546875,187.3125,-78.75,-56.9375,-5.79,0.85,-0.9,-28.5625,23.5625,-8.0,55,,,,,
2026-08-03T16:23:00.817,211.073,landed,35.917946183333335,139.9080634,40.857,1.3015444444444444,True,11,1,35.9184062,139.9079523,52.12075537774273,,32.52,1011.9902734375,44.7900390625,207.3125,-71.6875,-59.5625,-11.31,3.07,3.32,-12.375,4.75,25.8125,55,,,,,
2026-08-03T16:23:01.318,211.573,landed,35.917946183333335,139.9080634,40.857,1.3015444444444444,True,11,1,35.9184062,139.9079523,52.12075537774273,,32.53,1011.9982421875,44.826171875,195.0625,-75.625,-73.625,-8.06,0.68,1.18,-50.75,45.0,3.5,55,,,,,
2026-08-03T16:23:01.819,212.074,landed,35.917979583333334,139.90804818333334,41.581,1.3272666666666666,True,11,1,35.9184062,139.9079523,48.21701754723607,,32.51,1011.974296875,44.8935546875,228.6875,-72.0625,-58.9375,-8.52,3.73,3.34,17.5,-57.125,33.6875,55,,,,,
2026-08-03T16:23:02.319,212.574,landed,35.917979583333334,139.90804818333334,41.581,1.3272666666666666,True,11,1,35.9184062,139.9079523,48.21701754723607,,32.53,1011.9982421875,44.953125,219.4375,-71.1875,-60.5625,-10.57,1.38,2.03,-123.625,83.0,6.125,55,,,,,
2026-08-03T16:23:02.819,213.075,landed,35.9180129,139.90803358333332,42.308,1.3169777777777778,True,10,1,35.9184062,139.9079523,44.34129397525012,,32.54,1012.041484375,45.0107421875,227.6875,-69.875,-63.1875,-5.68,3.15,3.89,72.125,-41.625,16.9375,55,,,,,
2026-08-03T16:23:03.320,213.575,landed,35.9180129,139.90803358333332,42.308,1.3169777777777778,True,10,1,35.9184062,139.9079523,44.34129397525012,,32.54,1012.0142578125,45.0107421875,226.0,-68.4375,-60.375,-11.17,6.22,-0.54,-86.0,48.8125,-23.625,55,,,,,
2026-08-03T16:23:03.820,214.076,landed,35.91806498333333,139.90801908333333,43.661,1.3118333333333332,True,9,1,35.9184062,139.9079523,38.415229044094076,,32.54,1012.041484375,45.068359375,225.3125,-66.3125,-61.6875,-4.99,3.56,5.27,51.25,-73.5,9.375,55,,,,,
2026-08-03T16:23:04.330,214.585,landed,35.91806498333333,139.90801908333333,43.661,1.3118333333333332,True,9,1,35.9184062,139.9079523,38.415229044094076,,32.53,1012.00625,45.080078125,229.375,-61.3125,-61.625,-11.7,7.35,0.04,-4.0625,-9.1875,-20.125,55,,,,,
2026-08-03T16:23:04.830,215.086,landed,35.91808818333333,139.90800298333335,43.531,1.2089444444444444,True,9,1,35.9184062,139.9079523,35.65516709734685,,32.55,1011.976015625,45.0478515625,261.6875,-67.75,-70.875,-5.7,4.04,1.72,74.0625,-39.4375,28.125,55,,,,,
2026-08-03T16:23:05.330,215.586,landed,35.91808818333333,139.90800298333335,43.531,1.2089444444444444,True,9,1,35.9184062,139.9079523,35.65516709734685,,32.54,1012.0142578125,45.0341796875,273.0625,-60.3125,-75.625,-10.88,6.21,4.1,8.1875,-11.25,-0.625,55,,,,,
2026-08-03T16:23:05.831,216.086,landed,35.9180981,139.90798258333334,42.606,1.2089444444444444,True,10,1,35.9184062,139.9079523,34.36752429264565,,32.55,1012.030546875,45.0478515625,292.5625,-78.25,-79.75,-8.69,3.94,0.04,59.8125,-20.5625,-0.3125,55,,,,,
2026-08-03T16:23:06.331,216.587,landed,35.9180981,139.90798258333334,42.606,1.2089444444444444,True,10,1,35.9184062,139.9079523,34.36752429264565,,32.56,1012.1010546875,45.0830078125,294.0625,-72.75,-70.125,-6.85,4.98,2.2,23.0625,-24.9375,15.5,55,,,,,
2026-08-03T16:23:06.832,217.087,landed,35.918143283333336,139.9079514,40.947,0.9671555555555554,True,10,1,35.9184062,139.9079523,29.23511180348129,,32.53,1012.0880078125,45.126953125,256.625,-73.9375,-73.5,-8.93,3.21,-1.77,-63.625,17.625,-16.5,55,,,,,
2026-08-03T16:23:07.332,217.587,landed,35.918143283333336,139.9079514,40.947,0.9671555555555554,True,10,1,35.9184062,139.9079523,29.23511180348129,,32.54,1011.9597265625,45.126953125,251.6875,-71.6875,-82.125,-6.42,4.04,1.81,5.9375,-29.875,51.9375,55,,,,,
2026-08-03T16:23:07.832,218.088,landed,35.91815308333334,139.90793098333333,40.281,1.1163444444444444,True,10,1,35.9184062,139.9079523,28.210674866593887,,32.56,1012.019296875,45.1982421875,227.875,-78.75,-116.8125,-12.91,3.26,-0.97,41.75,-33.25,-8.4375,55,,,,,
2026-08-03T16:23:08.333,218.588,landed,35.91815308333334,139.90793098333333,40.281,1.1163444444444444,True,10,1,35.9184062,139.9079523,28.210674866593887,,32.55,1012.030546875,45.10546875,232.25,-81.8125,-126.5,-8.38,1.68,0.09,27.1875,12.8125,9.6875,55,,,,,
2026-08-03T16:23:08.833,219.089,landed,35.91816768333333,139.9079078,39.449,1.2655333333333334,True,9,1,35.9184062,139.9079523,26.822875129481197,,32.55,1012.030546875,45.1513671875,222.75,-77.3125,-161.8125,-12.66,1.25,0.26,27.5625,-32.3125,-3.8125,55,,,,,
2026-08-03T16:23:09.334,219.589,landed,35.91816768333333,139.9079078,39.449,1.2655333333333334,True,9,1,35.9184062,139.9079523,26.822875129481197,,32.54,1012.0494921875,45.05859375,229.625,-72.8125,-171.125,-8.15,0.65,-2.82,30.6875,52.6875,1.25,55,,,,,
2026-08-03T16:23:09.834,220.090,landed,35.91817448333333,139.90789128333333,39.349,1.3890000000000002,True,9,1,35.9184062,139.9079523,26.345083819814054,,32.56,1012.0465234375,45.013671875,222.9375,-38.875,-172.375,-8.78,1.18,-7.38,-24.25,29.9375,30.875,55,,,,,
2026-08-03T16:23:10.334,220.590,landed,35.91817448333333,139.90789128333333,39.349,1.3890000000000002,True,9,1,35.9184062,139.9079523,26.345083819814054,,32.56,1012.027265625,45.001953125,231.375,-29.0,-167.125,-4.66,2.47,-10.11,25.0,68.25,24.3125,55,,,,,
2026-08-03T16:23:10.835,221.090,landed,35.918179783333336,139.9078729,38.738,1.2809666666666668,True,9,1,35.9184062,139.9079523,26.17201451487099,,32.56,1011.99203125,44.990234375,231.125,-13.0,-160.6875,-2.62,3.04,-6.59,-5.0,58.5,2.0625,55,,,,,
2026-08-03T16:23:11.335,221.591,landed,35.918179783333336,139.9078729,38.738,1.2809666666666668,True,9,1,35.9184062,139.9079523,26.17201451487099,,32.56,1011.9727734375,44.9794921875,231.875,-11.4375,-160.875,-2.37,3.28,-11.21,4.6875,-28.6875,21.5625,55,,,,,
2026-08-03T16:23:11.836,222.091,landed,35.91817688333333,139.9078594,38.571,1.1472111111111112,True,8,1,35.9184062,139.9079523,26.836132498601113,,32.56,1012.0465234375,44.9794921875,260.9375,16.0625,-151.875,4.76,5.32,-7.81,3.625,30.375,27.1875,55,,,,,
2026-08-03T16:23:12.336,222.592,landed,35.91817688333333,139.9078594,38.571,1.1472111111111112,True,8,1,35.9184062,139.9079523,26.836132498601113,,32.56,1012.019296875,44.990234375,263.3125,22.0625,-153.3125,4.18,5.13,-10.01,2.5,9.5,5.75,55,,,,,
2026-08-03T16:23:12.837,223.092,landed,35.9181783,139.90783948333333,38.276,1.1729333333333332,True,8,1,35.9184062,139.9079523,27.301918067956027,,32.57,1012.0625,44.9912109375,330.8125,38.5625,-150.1875,5.97,3.55,-8.31,29.9375,3.375,-22.3125,55,,,,,
2026-08-03T16:23:13.337,223.592,landed,35.9181783,139.90783948333333,38.276,1.1729333333333332,True,8,1,35.9184062,139.9079523,27.301918067956027,,32.57,1012.0977734375,45.00390625,316.375,42.6875,-152.75,7.42,3.18,-7.21,18.125,43.1875,17.5,55,,,,,
2026-08-03T16:23:13.837,224.093,landed,35.91817808333333,139.90782988333333,38.143,0.730511111111111,True,8,1,35.9184062,139.9079523,27.657352266159293,,32.55,1012.1203125,45.3486328125,255.6875,60.375,76.6875,8.44,-4.87,0.11,-37.0,-12.625,87.8125,55,,,,,
2026-08-03T16:23:14.338,224.593,landed,35.91817808333333,139.90782988333333,38.143,0.730511111111111,True,8,1,35.9184062,139.9079523,27.657352266159293,,32.56,1012.155546875,45.4765625,241.9375,43.25,96.25,6.46,-4.09,-0.85,-72.5,-58.5625,116.75,55,,,,,
2026-08-03T16:23:14.838,225.094,landed,35.918180983333336,139.907825,37.655,0.46299999999999997,True,8,1,35.9184062,139.9079523,27.54202380508878,,32.56,1012.155546875,45.765625,4.375,-0.625,-167.8125,-0.47,4.13,-10.43,-243.0,-1.6875,12.625,55,,,,,
2026-08-03T16:23:15.339,225.594,landed,35.918180983333336,139.907825,37.655,0.46299999999999997,True,8,1,35.9184062,139.9079523,27.54202380508878,,32.56,1012.1090234375,45.7998046875,188.5625,-2.375,-110.9375,-0.31,9.69,-3.25,-240.875,-3.0,8.9375,55,,,,,
2026-08-03T16:23:15.839,226.094,landed,35.9181808,139.9078159,37.105,0.3704,True,8,1,35.9184062,139.9079523,27.911363156539824,,32.56,1012.1010546875,45.9267578125,192.0625,-0.5625,-17.0625,0.35,5.18,-1.77,1011.625,-3.0625,2.9375,55,,,,,
2026-08-03T16:23:16.339,226.595,landed,35.9181808,139.9078159,37.105,0.3704,True,8,1,35.9184062,139.9079523,27.911363156539824,,32.55,1012.06578125,45.9501953125,189.875,0.0,-135.5625,0.48,22.51,-29.98,844.1875,18.375,4.75,55,,,,,
2026-08-03T16:23:16.840,227.095,landed,35.9181837,139.90781038333333,36.567,0.35496666666666665,True,8,1,35.9184062,139.9079523,27.84663231634124,,32.54,1012.07671875,46.14453125,190.25,1.5,47.5,0.39,-6.25,5.7,-172.5,1.5625,5.1875,55,,,,,
2026-08-03T16:23:17.340,227.596,landed,35.9181837,139.90781038333333,36.567,0.35496666666666665,True,8,1,35.9184062,139.9079523,27.84663231634124,,32.54,1012.041484375,46.1669921875,190.6875,1.5,91.25,0.34,-8.3,-1.32,-247.9375,-5.3125,-10.1875,55,,,,,
2026-08-03T16:23:17.841,228.096,landed,35.9181881,139.90780998333332,35.851,0.22635555555555556,True,8,1,35.9184062,139.9079523,27.429672751238236,,32.56,1012.6734375,46.2392578125,190.375,-0.3125,-122.75,0.04,9.55,-4.24,-148.8125,0.0625,1.875,55,,,,,
2026-08-03T16:23:18.341,228.597,landed,35.9181881,139.90780998333332,35.851,0.22635555555555556,True,8,1,35.9184062,139.9079523,27.429672751238236,,32.55,1012.0577734375,46.23828125,190.75,-0.625,-107.5,-0.1,10.07,-2.54,-0.125,0.0,0.0625,55,,,,,
2026-08-03T16:23:18.841,229.097,landed,35.918191183333334,139.9078068,35.711,0.2109222222222222,True,9,1,35.9184062,139.9079523,27.263620208699056,,32.53,1012.1425390625,46.5830078125,8.9375,-0.125,-142.375,-0.01,6.84,-8.1,-38.8125,-0.3125,0.5,55,,,,,
2026-08-03T16:23:19.342,229.597,landed,35.918191183333334,139.9078068,35.711,0.2109222222222222,True,9,1,35.9184062,139.9079523,27.263620208699056,,32.53,1012.1073046875,46.6064453125,189.9375,-0.3125,-133.8125,-0.11,8.03,-6.6,-22.9375,-0.75,0.1875,55,,,,,
2026-08-03T16:23:19.842,230.098,landed,35.9181929,139.90780448333334,35.53,0.18005555555555552,True,8,1,35.9184062,139.9079523,27.197871266844047,,32.54,1012.103984375,46.873046875,198.3125,-1.1875,-80.625,1.27,10.38,0.28,-165.9375,-91.375,-41.5,55,,,,,
2026-08-03T16:23:20.343,230.598,landed,35.9181929,139.90780448333334,35.53,0.18005555555555552,True,8,1,35.9184062,139.9079523,27.197871266844047,,32.54,1012.1505078125,46.89453125,193.5,-1.375,-58.625,-0.45,7.83,5.64,-108.875,79.625,68.25,55,,,,,
2026-08-03T16:23:20.843,231.098,landed,35.918194183333334,139.90780308333333,35.043,0.14918888888888887,True,8,1,35.9184062,139.9079523,27.135727380707948,,32.52,1012.14578125,46.8818359375,339.3125,-0.75,-162.5,0.21,3.5,-9.86,192.0,1.5,15.4375,55,,,,,
2026-08-03T16:23:21.343,231.599,landed,35.918194183333334,139.90780308333333,35.043,0.14918888888888887,True,8,1,35.9184062,139.9079523,27.135727380707948,,32.53,1012.1073046875,46.89453125,332.6875,-0.625,-162.5,0.04,4.12,-9.91,-132.0,-5.9375,-1.625,55,,,,,
2026-08-03T16:23:21.844,232.099,landed,35.918194983333336,139.90780408333333,35.041,0.13375555555555557,True,8,1,35.9184062,139.9079523,27.013872905662698,,32.52,1012.0992578125,46.9052734375,130.125,-2.125,-133.375,-0.34,7.85,-7.03,-5.9375,0.0,0.625,55,,,,,
2026-08-03T16:23:22.344,232.600,landed,35.918194983333336,139.90780408333333,35.041,0.13375555555555557,True,8,1,35.9184062,139.9079523,27.013872905662698,,32.52,1012.044765625,46.9287109375,126.6875,-2.0625,-132.875,-0.34,7.85,-7.02,0.125,-0.3125,0.0625,55,,,,,
2026-08-03T16:23:22.845,233.100,landed,35.91819518333333,139.90780418333333,35.035,0.07716666666666668,True,8,1,35.9184062,139.9079523,26.990088889201857,,32.53,1012.1073046875,47.080078125,121.25,-1.8125,-132.3125,-0.2,7.45,-6.52,0.625,0.125,0.0625,255,,,,,
2026-08-03T16:23:23.345,233.600,landed,35.91819518333333,139.90780418333333,35.035,0.07716666666666668,True,8,1,35.9184062,139.9079523,26.990088889201857,,32.53,1012.161796875,47.1376953125,120.375,-1.75,-132.1875,-0.19,7.45,-6.53,0.0,0.25,0.0,255,,,,,
2026-08-03T16:23:23.845,234.101,landed,35.9181953,139.90780408333333,35.029,0.21606666666666666,True,8,1,35.9184062,139.9079523,26.98326495590725,,32.51,1012.1294921875,47.30859375,118.9375,-1.5625,-131.875,-0.2,7.48,-6.48,-0.0625,0.0,0.0,255,,,,,
2026-08-03T16:23:24.346,234.601,landed,35.9181953,139.90780408333333,35.029,0.21606666666666666,True,8,1,35.9184062,139.9079523,26.98326495590725,,32.52,1012.0640234375,47.2509765625,118.875,-1.5625,-131.75,-0.18,7.5,-6.47,0.0625,-0.0625,8.0625,255,,,,,
2026-08-03T16:23:24.846,235.102,landed,35.91819508333333,139.90780508333333,35.022,0.2212111111111111,True,9,1,35.9184062,139.9079523,26.95981052413136,,32.51,1012.0833203125,47.1357421875,118.3125,-1.5,-131.6875,-0.2,7.49,-6.45,0.0,-0.1875,0.0,255,,,,,
2026-08-03T16:23:25.346,235.602,landed,35.91819508333333,139.90780508333333,35.022,0.2212111111111111,True,9,1,35.9184062,139.9079523,26.95981052413136,,32.51,1012.0287890625,47.1474609375,118.3125,-1.5,-131.6875,-0.2,7.51,-6.47,-0.25,0.0,0.0,255,,,,,
2026-08-03T16:23:25.847,236.102,landed,35.91819518333333,139.90780608333333,35.018,0.20063333333333333,True,9,1,35.9184062,139.9079523,26.90594550466107,,32.53,1012.1152734375,47.1376953125,118.125,-1.4375,-131.4375,-0.21,7.52,-6.43,0.1875,0.1875,-0.125,255,,,,,
2026-08-03T16:23:26.347,236.603,landed,35.91819518333333,139.90780608333333,35.018,0.20063333333333333,True,9,1,35.9184062,139.9079523,26.90594550466107,,32.54,1012.13125,47.1611328125,118.0625,-1.375,-131.3125,-0.19,7.52,-6.44,0.1875,-0.125,0.0625,255,,,,,
2026-08-03T16:23:26.848,237.103,landed,35.9181954,139.9078068,35.013,0.11832222222222223,True,9,1,35.9184062,139.9079523,26.853389411788037,,32.54,1012.103984375,47.1611328125,118.0625,-1.375,-131.3125,-0.18,7.51,-6.43,-0.0625,-0.0625,0.0625,255,,,,,
2026-08-03T16:23:27.348,237.604,landed,35.9181954,139.9078068,35.013,0.11832222222222223,True,9,1,35.9184062,139.9079523,26.853389411788037,,32.54,1012.06875,47.1494140625,118.0625,-1.375,-131.3125,-0.19,7.51,-6.42,0.0,0.0,0.0,255,,,,,
2026-08-03T16:23:27.849,238.104,landed,35.9181954,139.90780688333334,35.005,0.13375555555555557,True,9,1,35.9184062,139.9079523,26.84972864897843,,32.55,1012.6301953125,47.185546875,118.0625,-1.375,-131.3125,-0.2,7.53,-6.43,0.125,0.0625,-0.125,255,,,,,
2026-08-03T16:23:28.349,238.605,landed,35.9181954,139.90780688333334,35.005,0.13375555555555557,True,9,1,35.9184062,139.9079523,26.84972864897843,,32.54,1012.07671875,47.23046875,118.0625,-1.375,-131.3125,-0.2,7.53,-6.4,-0.0625,-0.0625,0.125,255,,,,,
2026-08-03T16:23:28.850,239.105,landed,35.9181954,139.90780698333333,35.0,0.09774444444444444,True,9,1,35.9184062,139.9079523,26.84533784393425,,32.54,1012.06875,47.3798828125,118.0625,-1.375,-131.3125,-0.18,7.55,-6.42,-0.125,-0.125,0.0625,255,,,,,
2026-08-03T16:23:29.350,239.606,landed,35.9181954,139.90780698333333,35.0,0.09774444444444444,True,9,1,35.9184062,139.9079523,26.84533784393425,,32.54,1012.041484375,47.369140625,118.0625,-1.375,-131.3125,-0.2,7.53,-6.43,-0.0625,-0.0625,0.125,255,,,,,
2026-08-03T16:23:29.850,240.106,landed,35.918195483333335,139.90780698333333,34.996,0.14404444444444445,True,9,1,35.9184062,139.9079523,26.837247439969225,,32.54,1012.06875,47.576171875,118.0625,-1.375,-131.3125,-0.21,7.53,-6.39,-0.125,0.0,0.0,255,,,,,
2026-08-03T16:23:30.351,240.606,landed,35.918195483333335,139.90780698333333,34.996,0.14404444444444445,True,9,1,35.9184062,139.9079523,26.837247439969225,,32.54,1012.103984375,47.6240234375,118.0625,-1.375,-131.3125,-0.21,7.54,-6.4,-0.0625,0.0625,8.125,255,,,,,
2026-08-03T16:23:30.851,241.107,landed,35.918195583333336,139.9078072,34.988,0.1389,True,9,1,35.9184062,139.9079523,26.818028140903746,,32.53,1012.06078125,47.876953125,118.0625,-1.375,-131.3125,-0.2,7.53,-6.43,-0.125,0.125,0.0,255,,,,,
2026-08-03T16:23:31.352,241.607,landed,35.918195583333336,139.9078072,34.988,0.1389,True,9,1,35.9184062,139.9079523,26.818028140903746,,32.54,1012.041484375,47.9111328125,118.0625,-1.375,-131.3125,-0.2,7.52,-6.41,8.0625,-0.0625,0.0625,255,,,,,
2026-08-03T16:23:31.852,242.108,landed,35.91819568333333,139.90780738333333,34.982,0.12346666666666666,True,8,1,35.9184062,139.9079523,26.800275394502858,,32.52,1012.0992578125,48.095703125,118.0625,-1.375,-131.3125,-0.2,7.54,-6.41,0.25,0.0625,0.0,255,,,,,
2026-08-03T16:23:32.352,242.608,landed,35.91819568333333,139.90780738333333,34.982,0.12346666666666666,True,8,1,35.9184062,139.9079523,26.800275394502858,,32.51,1012.0833203125,48.0478515625,118.0625,-1.375,-131.3125,-0.21,7.53,-6.38,0.0625,-0.0625,-0.0625,255,,,,,
2026-08-03T16:23:32.853,243.108,landed,35.91819578333333,139.90780748333333,34.978,0.07716666666666668,True,9,1,35.9184062,139.9079523,26.786178381181347,,32.51,1012.0560546875,48.0947265625,118.0625,-1.375,-131.3125,-0.21,7.54,-6.42,-0.125,0.0,-0.0625,255,,,,,
2026-08-03T16:23:33.353,243.609,landed,35.91819578333333,139.90780748333333,34.978,0.07716666666666668,True,9,1,35.9184062,139.9079523,26.786178381181347,,32.51,1012.0833203125,48.1064453125,118.0625,-1.375,-131.3125,-0.21,7.55,-6.42,-0.125,0.0,-0.0625,255,,,,,
2026-08-03T16:23:33.854,244.109,landed,35.9181959,139.90780748333333,34.975,0.03601111111111111,True,9,1,35.9184062,139.9079523,26.7748476547798,,32.5,1012.1487890625,47.8974609375,118.0625,-1.375,-131.3125,-0.19,7.52,-6.42,0.125,0.0,0.0,255,,,,,
2026-08-03T16:23:34.354,244.610,landed,35.9181959,139.90780748333333,34.975,0.03601111111111111,True,9,1,35.9184062,139.9079523,26.7748476547798,,32.5,1012.058984375,47.884765625,118.0625,-1.375,-131.3125,-0.2,7.52,-5.14,0.1875,-0.125,0.0625,255,,,,,
2026-08-03T16:23:34.854,245.110,landed,35.918196183333336,139.9078077,34.975,0.041155555555555556,True,9,1,35.9184062,139.9079523,26.737828894493386,,32.49,1012.1248046875,47.6064453125,118.0,-1.375,-131.1875,-0.22,7.59,-6.38,0.125,-0.0625,0.0625,255,,,,,
2026-08-03T16:23:35.355,245.611,landed,35.918196183333336,139.9078077,34.975,0.041155555555555556,True,9,1,35.9184062,139.9079523,26.737828894493386,,32.49,1012.0975390625,47.537109375,118.0,-1.375,-131.3125,-0.21,7.54,-6.48,-0.6875,0.0625,-0.0625,255,,,,,
2026-08-03T16:23:35.856,246.111,landed,35.9181966,139.90780798333333,34.977,0.05144444444444445,True,9,1,35.9184062,139.9079523,26.684937471107496,,32.47,1012.119765625,47.1884765625,117.875,-1.3125,-131.0,-0.18,7.53,-6.44,0.125,-0.0625,-0.0625,255,,,,,
2026-08-03T16:23:36.356,246.612,landed,35.9181966,139.90780798333333,34.977,0.05144444444444445,True,9,1,35.9184062,139.9079523,26.684937471107496,,30.19,1008.7058984375,47.0224609375,117.8125,-1.3125,-130.875,-0.19,7.55,-6.4,-0.0625,-0.0625,0.0,255,,,,,
2026-08-03T16:23:36.856,247.112,landed,35.9181971,139.9078082,34.979,0.03601111111111111,True,9,1,35.9184062,139.9079523,26.626878624116465,,32.47,1012.127734375,47.0498046875,117.8125,-1.25,-130.8125,-0.21,7.57,-6.41,0.0,0.1875,-0.0625,255,,,,,
2026-08-03T16:23:37.357,247.612,landed,35.9181971,139.9078082,34.979,0.03601111111111111,True,9,1,35.9184062,139.9079523,26.626878624116465,,32.47,1012.1822265625,47.0966796875,117.8125,-1.25,-130.8125,-0.2,7.57,-6.41,0.0625,0.0,0.0,255,,,,,
2026-08-03T16:23:37.857,248.113,landed,35.91819748333333,139.90780838333333,34.987,0.12861111111111112,True,9,1,35.9184062,139.9079523,26.5816132385906,,32.47,1012.065234375,47.384765625,117.8125,-1.25,-130.8125,-0.18,7.54,-6.4,0.0625,-0.0625,-0.0625,255,,,,,
2026-08-03T16:23:38.360,248.615,landed,35.91819748333333,139.90780838333333,34.987,0.12861111111111112,True,9,1,35.9184062,139.9079523,26.5816132385906,,32.4,1011.905859375,47.216796875,117.8125,-1.25,-130.8125,-0.22,7.58,-6.41,0.0,0.125,0.0625,255,,,,,
2026-08-03T16:23:38.860,249.116,landed,35.918198583333336,139.90780908333332,34.992,0.16976666666666668,True,9,1,35.9184062,139.9079523,26.44408820228784,,32.46,1012.0027734375,47.0615234375,117.8125,-1.25,-130.8125,-0.19,7.54,-6.39,0.125,-0.0625,0.0,255,,,,,
2026-08-03T16:23:39.361,249.616,landed,35.918198583333336,139.90780908333332,34.992,0.16976666666666668,True,9,1,35.9184062,139.9079523,26.44408820228784,,32.45,1012.03328125,47.1162109375,117.8125,-1.25,-130.8125,-0.21,7.54,-6.41,-0.0625,0.0,-0.1875,255,,,,,
2026-08-03T16:23:39.861,250.117,landed,35.91820058333333,139.90781168333334,35.0,0.08745555555555556,True,9,1,35.9184062,139.9079523,26.135927520415855,,32.42,1012.06671875,47.4599609375,117.75,-1.25,-130.75,-0.19,7.57,-6.35,-0.4375,0.0,0.0625,255,,,,,
2026-08-03T16:23:40.545,250.800,landed,35.91820058333333,139.90781168333334,35.0,0.08745555555555556,True,9,1,35.9184062,139.9079523,26.135927520415855,,32.43,1012.3825,47.5078125,117.75,-1.25,-130.75,-0.2,7.55,-6.36,0.1875,-0.1875,-0.0625,255,,,,,
2026-08-03T16:23:41.045,251.301,landed,,,,,False,,,35.9184062,139.9079523,,,32.42,1012.0474609375,47.484375,117.8125,-1.25,-130.75,-0.21,7.52,-6.42,0.0,0.125,0.125,255,,,,,
2026-08-03T16:23:41.546,251.801,landed,,,,,False,,,35.9184062,139.9079523,,,32.42,1012.0394921875,47.4716796875,117.8125,-1.25,-130.875,-0.18,7.52,-6.44,-0.4375,-0.0625,0.125,255,,,,,
2026-08-03T16:23:42.046,252.302,landed,35.91820188333333,139.90781328333333,35.009,0.10803333333333333,True,9,1,35.9184062,139.9079523,25.939726028405204,,32.42,1012.12125,47.4951171875,117.8125,-1.25,-130.875,-0.19,7.55,-6.36,-0.375,0.125,-0.1875,255,,,,,
2026-08-03T16:23:42.617,252.872,landed,35.91820188333333,139.90781328333333,35.009,0.10803333333333333,True,9,1,35.9184062,139.9079523,25.939726028405204,,32.42,1012.093984375,47.4716796875,117.8125,-1.25,-130.875,-0.19,7.56,-6.38,0.5,-0.25,-0.1875,255,,,,,
2026-08-03T16:23:43.117,253.373,landed,,,,,False,,,35.9184062,139.9079523,,,32.4,1012.034140625,47.4697265625,117.8125,-1.25,-131.0,-0.21,7.51,-6.46,-1.125,0.0,0.0,255,,,,,
2026-08-03T16:23:43.618,253.873,landed,,,,,False,,,35.9184062,139.9079523,,,32.38,1012.037421875,47.294921875,117.8125,-1.25,-130.875,-0.21,7.52,-6.4,0.0625,-0.0625,0.0625,255,,,,,
2026-08-03T16:23:44.118,254.374,landed,35.9182032,139.90781498333334,35.013,0.03601111111111111,True,9,1,35.9184062,139.9079523,25.737694501939647,,29.62,1007.6896484375,47.08984375,117.8125,-1.25,-130.875,-0.21,7.56,-6.42,-0.1875,0.0,0.0,255,,,,,
2026-08-03T16:23:44.673,254.929,landed,35.9182032,139.90781498333334,35.013,0.03601111111111111,True,9,1,35.9184062,139.9079523,25.737694501939647,,32.37,1012.08390625,47.3984375,117.8125,-1.25,-130.875,-0.2,7.54,-6.42,-0.25,-0.125,0.0625,255,,,,,
2026-08-03T16:23:45.174,255.429,landed,,,,,False,,,35.9184062,139.9079523,,,32.36,1012.122109375,47.1435546875,117.8125,-1.25,-130.875,-0.2,7.55,-6.39,0.125,-0.0625,0.0625,255,,,,,
2026-08-03T16:23:45.674,255.930,landed,,,,,False,,,35.9184062,139.9079523,,,28.33,1005.774140625,47.037109375,117.8125,-1.25,-130.875,-0.2,7.55,-6.39,0.0625,0.0,-0.125,255,,,,,
2026-08-03T16:23:46.175,256.430,landed,35.918203383333335,139.90781528333332,35.005,0.0463,True,10,1,35.9184062,139.9079523,25.706839959584638,,32.38,1012.07265625,47.087890625,117.8125,-1.25,-130.875,-0.21,7.55,-6.45,0.0,0.0,-0.0625,255,,,,,
2026-08-03T16:23:46.763,257.018,landed,35.918203383333335,139.90781528333332,35.005,0.0463,True,10,1,35.9184062,139.9079523,25.706839959584638,,32.39,1012.13515625,47.111328125,117.8125,-1.25,-130.875,-0.21,7.54,-6.4,0.0625,-0.0625,0.0,255,,,,,
2026-08-03T16:23:47.263,257.519,landed,35.9182038,139.9078154,35.002,0.03601111111111111,True,10,1,35.9184062,139.9079523,25.66115502870256,,32.4,1012.0069140625,47.146484375,117.8125,-1.25,-130.875,-0.2,7.56,-6.38,8.125,-0.0625,0.1875,255,,,,,
2026-08-03T16:23:47.764,258.019,landed,35.9182038,139.9078154,35.002,0.03601111111111111,True,10,1,35.9184062,139.9079523,25.66115502870256,,30.92,1010.173046875,47.09765625,117.8125,-1.25,-130.875,-0.19,7.55,-6.39,0.0625,-0.0625,-0.0625,255,,,,,
2026-08-03T16:23:48.264,258.520,landed,35.9182038,139.90781498333334,34.998,0.03601111111111111,True,10,1,35.9184062,139.9079523,25.679202128085425,,32.41,1012.0504296875,47.1591796875,117.8125,-1.25,-130.875,-0.21,7.54,-6.4,-0.0625,-0.0625,0.0,255,,,,,
2026-08-03T16:23:48.765,259.020,landed,35.9182038,139.90781498333334,34.998,0.03601111111111111,True,10,1,35.9184062,139.9079523,25.679202128085425,,32.41,1012.1049609375,47.2392578125,117.8125,-1.25,-130.875,-0.19,7.56,-6.4,-0.0625,-0.125,0.0625,255,,,,,
2026-08-03T16:23:49.265,259.521,landed,35.9182038,139.9078145,34.993,0.020577777777777778,True,10,1,35.9184062,139.9079523,25.70018951580546,,32.4,1012.1158984375,47.435546875,117.8125,-1.25,-130.875,-0.17,7.56,-6.4,0.0625,-0.0625,0.0,255,,,,,
2026-08-03T16:23:49.766,260.022,landed,35.9182038,139.9078145,34.993,0.020577777777777778,True,10,1,35.9184062,139.9079523,25.70018951580546,,32.4,1012.2601171875,47.458984375,117.8125,-1.25,-130.875,-0.17,7.55,-6.41,0.0,0.0625,-0.0625,255,,,,,
2026-08-03T16:23:50.266,260.522,landed,35.918203983333335,139.9078144,34.994,0.06173333333333333,True,10,1,35.9184062,139.9079523,25.686691751416156,,32.42,1012.093984375,47.4140625,117.8125,-1.25,-130.875,-0.2,7.53,-6.39,0.0625,-0.0625,0.0,255,,,,,
2026-08-03T16:23:50.767,261.022,landed,35.918203983333335,139.9078144,34.994,0.06173333333333333,True,10,1,35.9184062,139.9079523,25.686691751416156,,32.41,1012.086015625,47.42578125,117.8125,-1.25,-130.875,-0.19,7.55,-6.4,0.0,0.0,0.0,255,,,,,
2026-08-03T16:23:51.270,261.526,landed,35.918203983333335,139.90781428333332,34.988,0.07202222222222222,True,10,1,35.9184062,139.9079523,25.691772495944257,,32.41,1012.0776953125,47.4130859375,117.8125,-1.25,-130.875,-0.18,7.56,-6.41,-0.0625,-0.0625,0.0,255,,,,,
2026-08-03T16:23:51.771,262.026,landed,35.918203983333335,139.90781428333332,34.988,0.07202222222222222,True,10,1,35.9184062,139.9079523,25.691772495944257,,32.41,1012.086015625,47.40234375,117.8125,-1.25,-130.875,-0.2,7.54,-6.42,0.0625,-0.0625,0.125,255,,,,,
2026-08-03T16:23:52.271,262.527,landed,35.918204083333336,139.90781428333332,34.987,0.07202222222222222,True,10,1,35.9184062,139.9079523,25.682041263212763,,32.42,1012.093984375,47.4375,117.8125,-1.25,-130.875,-0.2,7.55,-6.41,0.0,0.0,0.0,255,,,,,
2026-08-03T16:23:52.772,263.027,landed,35.918204083333336,139.90781428333332,34.987,0.07202222222222222,True,10,1,35.9184062,139.9079523,25.682041263212763,,32.41,1012.086015625,47.4482421875,117.8125,-1.25,-130.875,-0.21,7.56,-6.41,0.0625,0.125,-0.0625,255,,,,,
2026-08-03T16:23:53.272,263.528,landed,35.91820418333333,139.90781428333332,34.979,0.05144444444444445,True,10,1,35.9184062,139.9079523,25.672311158699834,,32.41,1012.086015625,47.66796875,117.8125,-1.25,-130.875,-0.2,7.55,-6.44,-0.125,-0.1875,-0.0625,255,,,,,
2026-08-03T16:23:53.772,264.028,landed,35.91820418333333,139.90781428333332,34.979,0.05144444444444445,True,10,1,35.9184062,139.9079523,25.672311158699834,,32.41,1012.1049609375,47.712890625,117.8125,-1.25,-130.875,-0.21,7.54,-6.41,-0.0625,-0.1875,-0.0625,255,,,,,
2026-08-03T16:23:54.273,264.528,landed,35.91820418333333,139.90781408333334,34.972,0.0463,True,10,1,35.9184062,139.9079523,25.681035265898952,,32.41,1012.1321875,47.8173828125,117.8125,-1.25,-130.875,-0.19,7.56,-6.41,0.0625,0.0625,-0.0625,255,,,,,
2026-08-03T16:23:54.773,265.029,landed,35.91820418333333,139.90781408333334,34.972,0.0463,True,10,1,35.9184062,139.9079523,25.681035265898952,,32.43,1012.11,47.841796875,117.8125,-1.25,-130.875,-0.17,7.53,-6.41,0.0,-0.0625,0.0,255,,,,,
2026-08-03T16:23:55.274,265.529,landed,35.91820428333333,139.907814,34.966,0.041155555555555556,True,10,1,35.9184062,139.9079523,25.67494887142632,,32.42,1012.0747265625,47.7841796875,117.8125,-1.25,-130.875,-0.21,7.55,-6.42,0.0625,0.0,0.0,255,,,,,
2026-08-03T16:23:55.774,266.030,landed,35.91820428333333,139.907814,34.966,0.041155555555555556,True,10,1,35.9184062,139.9079523,25.67494887142632,,32.42,1012.06671875,47.794921875,117.8125,-1.25,-130.875,-0.21,7.55,-6.36,0.0625,-0.0625,-0.0625,255,,,,,
2026-08-03T16:23:56.274,266.530,landed,35.9182044,139.9078139,34.961,0.025722222222222226,True,10,1,35.9184062,139.9079523,25.66797657151745,,32.42,1012.101953125,47.6455078125,117.8125,-1.25,-130.875,-0.21,7.55,-6.38,0.0625,-0.125,0.0625,255,,,,,
2026-08-03T16:23:56.775,267.030,landed,35.9182044,139.9078139,34.961,0.025722222222222226,True,10,1,35.9184062,139.9079523,25.66797657151745,,32.43,1012.11,47.8076171875,117.8125,-1.25,-130.875,-0.19,7.52,-6.41,0.0,-0.0625,-0.0625,255,,,,,
2026-08-03T16:23:57.275,267.531,landed,35.9182044,139.90781368333333,34.952,0.03601111111111111,True,10,1,35.9184062,139.9079523,25.677455950658693,,32.43,1012.05546875,47.9345703125,117.8125,-1.25,-130.875,-0.2,7.54,-6.4,0.0,0.0,0.0,255,,,,,
2026-08-03T16:23:57.776,268.031,landed,35.9182044,139.90781368333333,34.952,0.03601111111111111,True,10,1,35.9184062,139.9079523,25.677455950658693,,32.42,1012.101953125,47.9345703125,117.8125,-1.25,-130.875,-0.18,7.55,-6.36,0.0625,-0.0625,-0.0625,255,,,,,
2026-08-03T16:23:58.276,268.532,landed,35.9182044,139.90781358333334,34.945,0.06173333333333333,True,10,1,35.9184062,139.9079523,25.681834867676862,,32.43,1012.763984375,48.2001953125,117.8125,-1.25,-130.875,-0.19,7.55,-6.37,0.0,0.125,0.125,255,,,,,
2026-08-03T16:23:58.777,269.032,landed,35.9182044,139.90781358333334,34.945,0.06173333333333333,True,10,1,35.9184062,139.9079523,25.681834867676862,,32.43,1012.8457421875,48.142578125,117.8125,-1.25,-130.875,-0.21,7.55,-6.36,-0.0625,0.125,0.0625,255,,,,,
2026-08-03T16:23:59.277,269.533,landed,35.9182044,139.9078135,34.933,0.12861111111111112,True,10,1,35.9184062,139.9079523,25.685485806851148,,32.42,1012.093984375,48.349609375,117.8125,-1.25,-130.875,-0.18,7.56,-6.39,0.0,0.0,-0.0625,255,,,,,
2026-08-03T16:23:59.778,270.033,landed,35.9182044,139.9078135,34.933,0.12861111111111112,True,10,1,35.9184062,139.9079523,25.685485806851148,,32.42,1012.0394921875,48.4072265625,117.8125,-1.25,-130.875,-0.2,7.55,-6.41,0.0625,-0.125,0.0625,255,,,,,
2026-08-03T16:24:00.278,270.533,landed,35.9182044,139.90781318333333,34.923,0.08745555555555556,True,10,1,35.9184062,139.9079523,25.699374630254674,,32.42,1012.156484375,48.546875,117.8125,-1.25,-130.875,-0.2,7.57,-6.35,0.0625,0.0,-0.0625,255,,,,,
2026-08-03T16:24:00.778,271.034,landed,35.9182044,139.90781318333333,34.923,0.08745555555555556,True,10,1,35.9184062,139.9079523,25.699374630254674,,32.41,1012.086015625,48.46484375,117.8125,-1.25,-130.875,-0.19,7.57,-6.38,0.0625,-0.125,-0.0625,255,,,,,
2026-08-03T16:24:01.279,271.534,landed,35.91820428333333,139.90781308333334,34.916,0.07716666666666668,True,11,1,35.9184062,139.9079523,25.71509144743627,,32.42,1012.06671875,48.1875,117.8125,-1.25,-130.875,-0.19,7.57,-6.39,-0.125,0.0,-0.0625,255,,,,,
2026-08-03T16:24:01.779,272.035,landed,35.91820428333333,139.90781308333334,34.916,0.07716666666666668,True,11,1,35.9184062,139.9079523,25.71509144743627,,32.41,1012.1132421875,48.1416015625,117.8125,-1.25,-130.875,-0.19,7.57,-6.38,0.0,-0.1875,-0.0625,255,,,,,
2026-08-03T16:24:02.280,272.535,landed,35.91820428333333,139.907813,34.903,0.07202222222222222,True,10,1,35.9184062,139.9079523,25.718750803433498,,32.42,1012.020234375,48.0498046875,117.8125,-1.25,-130.875,-0.2,7.54,-6.4,-0.125,0.125,0.0625,255,,,,,
2026-08-03T16:24:02.780,273.036,landed,35.91820428333333,139.907813,34.903,0.07202222222222222,True,10,1,35.9184062,139.9079523,25.718750803433498,,32.42,1012.0474609375,47.865234375,117.8125,-1.25,-130.875,-0.19,7.56,-6.38,-0.0625,0.125,0.0625,255,,,,,
2026-08-03T16:24:03.280,273.536,landed,35.9182044,139.90781278333333,34.89,0.14404444444444445,True,10,1,35.9184062,139.9079523,25.716952882869048,,32.42,1012.0394921875,48.0029296875,117.8125,-1.25,-130.875,-0.2,7.58,-6.36,0.0,0.0,0.0625,255,,,,,
2026-08-03T16:24:03.781,274.036,landed,35.9182044,139.90781278333333,34.89,0.14404444444444445,True,10,1,35.9184062,139.9079523,25.716952882869048,,32.42,1012.101953125,47.9921875,117.8125,-1.25,-130.875,-0.2,7.58,-6.39,0.0625,-0.125,-0.125,255,,,,,
2026-08-03T16:24:04.281,274.537,landed,35.9182044,139.90781258333334,34.882,0.15433333333333335,True,10,1,35.9184062,139.9079523,25.725756417664584,,32.41,1012.1049609375,48.1748046875,117.8125,-1.25,-130.875,-0.17,7.55,-6.4,0.0625,-0.125,0.0625,255,,,,,
2026-08-03T16:24:04.782,275.037,landed,35.9182044,139.90781258333334,34.882,0.15433333333333335,True,10,1,35.9184062,139.9079523,25.725756417664584,,32.4,1012.0886328125,48.05859375,117.8125,-1.25,-130.875,-0.19,7.56,-6.4,0.0625,0.125,0.0,255,,,,,
2026-08-03T16:24:05.282,275.538,landed,35.9182045,139.90781228333333,34.871,0.06173333333333333,True,10,1,35.9184062,139.9079523,25.7292863495839,,32.4,1012.0694140625,48.244140625,117.8125,-1.25,-130.875,-0.21,7.55,-6.38,-0.125,-0.0625,-0.0625,255,,,,,
2026-08-03T16:24:05.783,276.038,landed,35.9182045,139.90781228333333,34.871,0.06173333333333333,True,10,1,35.9184062,139.9079523,25.7292863495839,,32.41,1012.023203125,48.3134765625,117.8125,-1.25,-130.875,-0.17,7.57,-6.41,0.0,0.0625,-0.0625,255,,,,,
2026-08-03T16:24:06.283,276.538,landed,35.9182044,139.90781228333333,34.86,0.020577777777777778,True,10,1,35.9184062,139.9079523,25.73897970478359,,32.38,1012.045390625,48.7041015625,117.8125,-1.25,-130.875,-0.19,7.54,-6.37,0.0625,0.0,8.0,255,,,,,
2026-08-03T16:24:06.783,277.039,landed,35.9182044,139.90781228333333,34.86,0.020577777777777778,True,10,1,35.9184062,139.9079523,25.73897970478359,,32.37,1012.0294140625,48.841796875,117.8125,-1.25,-130.875,-0.2,7.56,-6.4,0.0625,-0.0625,0.0625,255,,,,,
2026-08-03T16:24:07.284,277.539,landed,35.9182044,139.90781218333333,34.844,0.0463,True,10,1,35.9184062,139.9079523,25.743392257459217,,28.79,1007.2091796875,48.8720703125,117.8125,-1.25,-130.875,-0.2,7.55,-6.39,0.0625,0.0625,-0.125,255,,,,,
2026-08-03T16:24:07.786,278.042,landed,35.9182044,139.90781218333333,34.844,0.0463,True,10,1,35.9184062,139.9079523,25.743392257459217,,32.4,1012.995859375,48.90234375,117.8125,-1.25,-130.875,-0.19,7.53,-6.41,-0.0625,0.0625,-0.125,255,,,,,
2026-08-03T16:24:08.286,278.542,landed,35.9182044,139.9078121,34.831,0.36011111111111105,True,10,1,35.9184062,139.9079523,25.747071213171687,,32.41,1012.0776953125,48.7177734375,117.8125,-1.25,-130.875,-0.2,7.55,-6.4,0.0,0.1875,0.0,255,,,,,
2026-08-03T16:24:08.787,279.042,landed,35.9182044,139.9078121,34.831,0.36011111111111105,True,10,1,35.9184062,139.9079523,25.747071213171687,,32.35,1012.0436328125,48.677734375,117.8125,-1.25,-130.875,-0.19,7.54,-6.39,0.125,0.0625,-0.0625,255,,,,,
2026-08-03T16:24:09.287,279.543,landed,35.91820538333333,139.90781408333334,34.419,0.31895555555555555,True,10,1,35.9184062,139.9079523,25.564402236265384,,32.42,1012.0394921875,48.5576171875,117.8125,-1.25,-130.875,-0.19,7.56,-6.35,0.0625,0.125,-0.0625,255,,,,,
2026-08-03T16:24:09.788,280.043,landed,35.91820538333333,139.90781408333334,34.419,0.31895555555555555,True,10,1,35.9184062,139.9079523,25.564402236265384,,32.43,1012.11796875,48.5595703125,117.8125,-1.25,-130.875,-0.17,7.56,-6.39,-0.0625,-0.0625,-0.0625,255,,,,,
2026-08-03T16:24:10.288,280.543,landed,35.918205883333336,139.90781188333332,34.028,0.12861111111111112,True,10,1,35.9184062,139.9079523,25.61307756484535,,32.43,1012.05546875,48.4658203125,117.8125,-1.25,-130.875,-0.19,7.54,-6.38,-0.0625,-0.125,0.1875,255,,,,,
2026-08-03T16:24:10.788,281.044,landed,35.918205883333336,139.90781188333332,34.028,0.12861111111111112,True,10,1,35.9184062,139.9079523,25.61307756484535,,32.42,1012.156484375,48.431640625,117.8125,-1.25,-130.875,-0.18,7.57,-6.38,0.0625,-0.0625,0.0625,255,,,,,
2026-08-03T16:24:11.289,281.544,landed,35.9182062,139.90780798333333,33.678,0.0926,True,9,1,35.9184062,139.9079523,25.75786123510322,,32.43,1012.11796875,48.36328125,117.8125,-1.25,-130.875,-0.19,7.55,-6.36,0.125,0.0,-0.0625,255,,,,,
2026-08-03T16:24:11.789,282.045,landed,35.9182062,139.90780798333333,33.678,0.0926,True,9,1,35.9184062,139.9079523,25.75786123510322,,29.38,1007.808046875,48.2705078125,117.8125,-1.25,-130.875,-0.18,7.55,-6.38,-0.0625,-0.0625,0.0,255,,,,,
2026-08-03T16:24:12.290,282.545,landed,35.918206483333336,139.90780518333332,33.461,0.07716666666666668,True,11,1,35.9184062,139.9079523,25.858933086139576,,32.43,1012.145234375,48.36328125,125.8125,-1.25,-130.875,-0.21,7.56,-6.4,0.0,-0.0625,0.125,255,,,,,
2026-08-03T16:24:12.790,283.046,landed,35.918206483333336,139.90780518333332,33.461,0.07716666666666668,True,11,1,35.9184062,139.9079523,25.858933086139576,,32.43,1012.11796875,48.189453125,117.8125,-1.25,-130.875,-0.2,7.55,-6.37,-0.0625,0.0,-0.0625,255,,,,,
2026-08-03T16:24:13.291,283.546,landed,35.91820658333334,139.90780518333332,33.456,0.05658888888888889,True,11,1,35.9184062,139.9079523,25.84938436297425,,32.43,1012.11,47.9462890625,117.8125,-1.25,-130.875,-0.19,7.57,-6.37,-0.0625,0.125,-0.125,255,,,,,
2026-08-03T16:24:13.791,284.046,landed,35.91820658333334,139.90780518333332,33.456,0.05658888888888889,True,11,1,35.9184062,139.9079523,25.84938436297425,,32.43,1012.05546875,47.888671875,117.8125,-1.25,-130.875,-0.19,7.56,-6.38,0.0,0.0625,0.0,255,,,,,
2026-08-03T16:24:14.291,284.547,landed,35.91820658333334,139.90780508333333,33.443,0.030866666666666664,True,11,1,35.9184062,139.9079523,25.85400077029008,,32.43,1012.11,47.6572265625,117.8125,-1.25,-130.875,-0.19,7.57,-6.36,0.125,0.0625,0.125,255,,,,,
2026-08-03T16:24:14.792,285.048,landed,35.91820658333334,139.90780508333333,33.443,0.030866666666666664,True,11,1,35.9184062,139.9079523,25.85400077029008,,32.43,1012.1372265625,47.7958984375,117.8125,-1.25,-130.875,-0.21,7.56,-6.35,-0.0625,-0.125,0.0625,255,,,,,
2026-08-03T16:24:15.293,285.548,landed,35.918206483333336,139.90780508333333,33.431,0.015433333333333332,True,11,1,35.9184062,139.9079523,25.863547789101325,,32.44,1012.1259765625,47.7744140625,117.8125,-1.25,-130.875,-0.16,7.57,-6.41,0.125,0.125,0.0,255,,,,,
2026-08-03T16:24:15.793,286.049,landed,35.918206483333336,139.90780508333333,33.431,0.015433333333333332,True,11,1,35.9184062,139.9079523,25.863547789101325,,32.44,1012.1069921875,47.763671875,117.8125,-1.25,-130.875,-0.19,7.58,-6.38,0.0,0.0,0.0,255,,,,,
2026-08-03T16:24:16.293,286.549,landed,35.918206483333336,139.90780498333334,33.42,0.22635555555555556,True,11,1,35.9184062,139.9079523,25.86816480369082,,32.44,1012.1259765625,47.7060546875,117.8125,-1.25,-130.875,-0.19,7.56,-6.37,0.0,-0.0625,0.0625,255,,,,,
2026-08-03T16:24:16.794,287.049,landed,35.918206483333336,139.90780498333334,33.42,0.22635555555555556,True,11,1,35.9184062,139.9079523,25.86816480369082,,32.44,1012.0714453125,47.6826171875,117.8125,-1.25,-130.875,-0.18,7.59,-6.36,0.0,-0.0625,0.0,255,,,,,
2026-08-03T16:24:17.294,287.550,landed,35.9182063,139.90780598333333,33.402,0.2829444444444445,True,12,1,35.9184062,139.9079523,25.839633037167513,,32.43,1012.0089453125,47.5771484375,117.8125,-1.25,-130.875,-0.19,7.59,-6.37,0.0625,-0.0625,-0.125,255,,,,,
2026-08-03T16:24:17.795,288.050,landed,35.9182063,139.90780598333333,33.402,0.2829444444444445,True,12,1,35.9184062,139.9079523,25.839633037167513,,32.44,1012.1615234375,47.5556640625,117.8125,-1.25,-130.875,-0.21,7.57,-6.38,0.0,0.0,0.125,255,,,,,
2026-08-03T16:24:18.295,288.551,landed,35.91820718333334,139.90780828333334,33.386,0.11317777777777778,True,12,1,35.9184062,139.9079523,25.64984635404919,,32.45,1012.1502734375,47.509765625,117.8125,-1.25,-130.875,-0.2,7.57,-6.37,0.0,-0.0625,0.0,255,,,,,
2026-08-03T16:24:18.796,289.051,landed,35.91820718333334,139.90780828333334,33.386,0.11317777777777778,True,12,1,35.9184062,139.9079523,25.64984635404919,,28.49,1005.8608984375,47.4541015625,117.8125,-1.25,-130.875,-0.19,7.57,-6.35,0.0625,0.0625,-0.0625,255,,,,,
2026-08-03T16:24:19.296,289.551,landed,35.91820728333333,139.90780828333334,33.383,0.07716666666666668,True,12,1,35.9184062,139.9079523,25.640253521085363,,32.47,1012.155,47.4892578125,117.8125,-1.25,-130.875,-0.21,7.58,-6.39,0.0,0.0,0.0,255,,,,,
2026-08-03T16:24:19.796,290.052,landed,35.91820728333333,139.90780828333334,33.383,0.07716666666666668,True,12,1,35.9184062,139.9079523,25.640253521085363,,32.46,1012.10375,47.5576171875,117.8125,-1.25,-130.875,-0.19,7.56,-6.4,-0.0625,0.0625,-0.0625,255,,,,,
2026-08-03T16:24:20.297,290.552,landed,35.9182074,139.90780828333334,33.378,0.18005555555555552,True,12,1,35.9184062,139.9079523,25.629063441081414,,32.45,1012.0877734375,47.5087890625,117.8125,-1.25,-130.875,-0.19,7.59,-6.38,0.0,-0.0625,0.0,255,,,,,
2026-08-03T16:24:20.797,291.053,landed,35.9182074,139.90780828333334,33.378,0.18005555555555552,True,12,1,35.9184062,139.9079523,25.629063441081414,,32.4,1012.096640625,47.5283203125,117.8125,-1.25,-130.875,-0.2,7.56,-6.39,0.0,0.0625,-0.0625,255,,,,,
2026-08-03T16:24:21.298,291.553,landed,35.918207683333335,139.9078087,33.37,0.2109222222222222,True,12,1,35.9184062,139.9079523,25.582908014257637,,32.42,1012.101953125,47.6455078125,117.8125,-1.25,-130.875,-0.2,7.57,-6.37,-0.0625,-0.0625,0.0,255,,,,,
2026-08-03T16:24:21.798,292.054,landed,35.918207683333335,139.9078087,33.37,0.2109222222222222,True,12,1,35.9184062,139.9079523,25.582908014257637,,32.43,1012.082734375,47.7265625,117.8125,-1.25,-130.875,-0.19,7.58,-6.4,8.0,0.0625,-0.125,255,,,,,
2026-08-03T16:24:22.298,292.554,landed,35.91820788333333,139.90780928333334,33.358,0.17491111111111113,True,12,1,35.9184062,139.9079523,25.537189514071997,,32.42,1012.0747265625,47.7958984375,117.8125,-1.25,-130.875,-0.19,7.54,-6.38,0.0,-0.0625,-0.0625,255,,,,,
2026-08-03T16:24:22.799,293.054,landed,35.91820788333333,139.90780928333334,33.358,0.17491111111111113,True,12,1,35.9184062,139.9079523,25.537189514071997,,32.44,1012.1259765625,47.890625,117.8125,-1.25,-130.875,-0.19,7.57,-6.39,0.0,-0.125,-0.0625,255,,,,,
2026-08-03T16:24:23.299,293.555,landed,35.9182081,139.9078096,33.349,0.13375555555555557,True,12,1,35.9184062,139.9079523,25.502007145196732,,32.43,1012.11,48.166015625,117.8125,-1.25,-130.875,-0.21,7.56,-6.37,0.0,0.0,0.0,255,,,,,
2026-08-03T16:24:23.800,294.055,landed,35.9182081,139.9078096,33.349,0.13375555555555557,True,12,1,35.9184062,139.9079523,25.502007145196732,,32.43,1012.082734375,48.28125,117.8125,-1.25,-130.875,-0.18,7.57,-6.4,0.0,-0.0625,0.0,255,,,,,
2026-08-03T16:24:24.301,294.557,landed,35.918208183333334,139.9078096,33.343,0.09774444444444444,True,12,1,35.9184062,139.9079523,25.4940037217707,,32.43,1012.1997265625,48.6865234375,117.8125,-1.25,-130.875,-0.2,7.55,-6.41,-0.25,0.0,0.0625,255,,,,,
2026-08-03T16:24:24.801,295.057,landed,35.918208183333334,139.9078096,33.343,0.09774444444444444,True,12,1,35.9184062,139.9079523,25.4940037217707,,32.43,1012.11796875,48.744140625,117.8125,-1.25,-130.875,-0.18,7.54,-6.38,-0.125,-0.0625,0.0625,255,,,,,
2026-08-03T16:24:25.302,295.557,landed,35.91820838333334,139.90780948333332,33.34,0.05658888888888889,True,12,1,35.9184062,139.9079523,25.48010022062276,,32.43,1012.145234375,48.755859375,117.8125,-1.25,-130.875,-0.2,7.54,-6.38,-0.0625,-0.125,0.0625,255,,,,,
2026-08-03T16:24:25.802,296.058,landed,35.91820838333334,139.90780948333332,33.34,0.05658888888888889,True,12,1,35.9184062,139.9079523,25.48010022062276,,32.44,1012.0714453125,48.6982421875,117.8125,-1.25,-130.875,-0.19,7.57,-6.36,-0.0625,-0.1875,0.0,255,,,,,
2026-08-03T16:24:26.311,296.566,landed,35.91820848333333,139.90780928333334,33.338,0.0463,True,12,1,35.9184062,139.9079523,25.479600453519435,,32.42,1012.093984375,48.1875,117.8125,-1.25,-130.875,-0.2,7.57,-6.39,0.0625,0.0625,0.0625,255,,,,,
2026-08-03T16:24:26.811,297.066,landed,35.91820848333333,139.90780928333334,33.338,0.0463,True,12,1,35.9184062,139.9079523,25.479600453519435,,32.42,1012.1484765625,48.2109375,117.8125,-1.25,-130.875,-0.2,7.55,-6.38,0.0625,0.0625,-0.1875,255,,,,,
2026-08-03T16:24:27.311,297.567,landed,35.91820858333333,139.9078092,33.338,0.05658888888888889,True,12,1,35.9184062,139.9079523,25.47380197814262,,32.42,1012.12125,47.8876953125,117.8125,-1.25,-130.875,-0.19,7.57,-6.37,0.0,0.0,0.0625,255,,,,,
2026-08-03T16:24:27.812,298.067,landed,35.91820858333333,139.9078092,33.338,0.05658888888888889,True,12,1,35.9184062,139.9079523,25.47380197814262,,32.41,1012.1405078125,47.794921875,117.8125,-1.25,-130.875,-0.18,7.57,-6.38,0.0,0.0,0.0625,255,,,,,
2026-08-03T16:24:28.312,298.568,landed,35.9182087,139.90780908333332,33.337,0.07202222222222222,True,12,1,35.9184062,139.9079523,25.467931013371587,,32.42,1012.1484765625,47.5986328125,117.8125,-1.25,-130.875,-0.2,7.54,-6.36,-0.0625,0.0,0.0,255,,,,,
2026-08-03T16:24:28.813,299.068,landed,35.9182087,139.90780908333332,33.337,0.07202222222222222,True,12,1,35.9184062,139.9079523,25.467931013371587,,32.42,1012.12921875,47.5302734375,117.8125,-1.25,-130.875,-0.2,7.58,-6.38,-0.0625,-0.0625,-0.0625,255,,,,,
2026-08-03T16:24:29.322,299.578,landed,35.9182087,139.90780898333333,33.333,0.05144444444444445,True,12,1,35.9184062,139.9079523,25.47249239322506,,32.42,1012.093984375,47.5068359375,117.8125,-1.25,-130.875,-0.21,7.59,-6.35,0.0,-0.125,0.0625,255,,,,,
2026-08-03T16:24:29.822,300.078,landed,35.9182087,139.90780898333333,33.333,0.05144444444444445,True,12,1,35.9184062,139.9079523,25.47249239322506,,32.42,1012.101953125,47.5537109375,125.8125,-1.25,-130.875,-0.19,7.57,-6.39,8.0625,0.125,-0.0625,255,,,,,
2026-08-03T16:24:30.323,300.578,landed,35.918208883333335,139.90780878333334,33.329,0.0463,True,12,1,35.9184062,139.9079523,25.464055165467386,,32.42,1012.093984375,47.4951171875,117.8125,-1.25,-130.875,-0.17,7.59,-6.37,-0.0625,-0.0625,0.125,255,,,,,
2026-08-03T16:24:30.823,301.079,landed,35.918208883333335,139.90780878333334,33.329,0.0463,True,12,1,35.9184062,139.9079523,25.464055165467386,,32.41,1012.1132421875,47.552734375,117.8125,-1.25,-130.875,-0.2,7.58,-6.38,0.125,0.0,-0.0625,255,,,,,
2026-08-03T16:24:31.324,301.579,landed,35.91820898333334,139.9078087,33.327,0.11832222222222223,True,13,1,35.9184062,139.9079523,25.458285848394652,,32.4,1012.096640625,47.505859375,117.8125,-1.25,-130.875,-0.2,7.56,-6.39,0.125,-0.0625,-0.125,255,,,,,
2026-08-03T16:24:31.824,302.079,landed,35.91820898333334,139.9078087,33.327,0.11832222222222223,True,13,1,35.9184062,139.9079523,25.458285848394652,,32.41,1012.1866796875,47.505859375,117.8125,-1.25,-130.875,-0.21,7.55,-6.4,0.0625,0.0625,0.0,255,,,,,
2026-08-03T16:24:32.324,302.580,landed,35.91820898333334,139.90780858333332,33.324,0.3035222222222222,True,13,1,35.9184062,139.9079523,25.463623947722855,,32.42,1012.06671875,47.5068359375,117.8125,-1.25,-130.875,-0.2,7.58,-6.36,0.0,-0.0625,0.0,255,,,,,
2026-08-03T16:24:32.825,303.080,landed,35.91820898333334,139.90780858333332,33.324,0.3035222222222222,True,13,1,35.9184062,139.9079523,25.463623947722855,,32.42,1012.1484765625,47.5068359375,117.8125,-1.25,-130.875,-0.17,7.56,-6.39,0.0625,-0.0625,-0.0625,255,,,,,
2026-08-03T16:24:33.328,303.583,landed,35.9182106,139.90780558333333,33.203,0.6379111111111111,True,13,1,35.9184062,139.9079523,25.448178285786597,,32.41,1012.086015625,47.5986328125,117.8125,-1.25,-130.875,-0.2,7.57,-6.37,0.0,0.25,-0.125,255,,,,,
2026-08-03T16:24:33.830,304.086,landed,35.9182106,139.90780558333333,33.203,0.6379111111111111,True,13,1,35.9184062,139.9079523,25.448178285786597,,32.42,1012.093984375,47.4716796875,117.8125,-1.25,-130.875,-0.2,7.59,-6.36,0.0,0.125,-0.0625,255,,,,,
2026-08-03T16:24:34.331,304.586,landed,35.918211283333335,139.90780238333332,33.134,0.4835777777777777,True,13,1,35.9184062,139.9079523,25.53444518760928,,32.42,1012.093984375,47.4482421875,118.5,-1.3125,-131.375,-0.02,7.7,-6.46,-1.1875,-6.125,-11.875,255,,,,,
2026-08-03T16:24:34.831,305.087,landed,35.918211283333335,139.90780238333332,33.134,0.4835777777777777,True,13,1,35.9184062,139.9079523,25.53444518760928,,32.42,1012.1484765625,47.42578125,112.75,-2.125,-112.6875,0.14,10.12,-3.06,-185.625,21.625,-23.5625,255,,,,,
2026-08-03T16:24:35.332,305.588,landed,35.9182148,139.90780788333333,32.929,0.26236666666666664,True,13,1,35.9184062,139.9079523,24.941587196799997,,32.41,1012.167734375,47.42578125,59.1875,-6.9375,-36.3125,-0.04,7.8,7.52,140.3125,107.6875,94.5,63,,,,,
2026-08-03T16:24:35.833,306.088,landed,35.9182148,139.90780788333333,32.929,0.26236666666666664,True,13,1,35.9184062,139.9079523,24.941587196799997,,32.41,1012.159453125,47.458984375,25.75,-8.25,-29.1875,-1.62,5.07,8.53,-193.625,91.875,189.4375,63,,,,,
2026-08-03T16:24:36.333,306.588,landed,35.91821528333333,139.90780888333333,32.802,0.25722222222222224,True,13,1,35.9184062,139.9079523,24.848820618229794,,32.39,1012.13515625,47.5390625,339.3125,-2.625,-20.3125,-1.24,3.69,9.58,48.25,-27.625,-72.25,191,,,,,
2026-08-03T16:24:36.833,307.089,landed,35.91821528333333,139.90780888333333,32.802,0.25722222222222224,True,13,1,35.9184062,139.9079523,24.848820618229794,,32.37,1012.1383984375,47.548828125,358.75,-3.625,-28.375,-1.33,5.12,9.23,-35.75,-50.1875,-125.125,255,,,,,
2026-08-03T16:24:37.334,307.589,landed,35.91821088333333,139.9078063,32.622,0.7150777777777777,True,13,1,35.9184062,139.9079523,25.38777535327101,,32.36,1012.16859375,47.4541015625,153.1875,-4.125,-21.6875,-1.45,4.1,8.36,36.3125,-81.0,-198.0625,191,,,,,
2026-08-03T16:24:37.834,308.090,landed,35.91821088333333,139.9078063,32.622,0.7150777777777777,True,13,1,35.9184062,139.9079523,25.38777535327101,,32.35,1012.133359375,47.546875,195.0,-4.0625,-27.0,-1.45,5.14,9.94,-19.0,-73.0,-157.0625,255,,,,,
2026-08-03T16:24:38.335,308.590,landed,35.91820788333333,139.90780508333333,32.489,0.5453111111111112,True,13,1,35.9184062,139.9079523,25.730004462999034,,28.59,1006.1919140625,47.51171875,254.75,-9.125,-32.75,-1.2,5.07,8.55,55.25,24.0,33.3125,255,,,,,
2026-08-03T16:24:38.835,309.091,landed,35.91820788333333,139.90780508333333,32.489,0.5453111111111112,True,13,1,35.9184062,139.9079523,25.730004462999034,,32.37,1012.1383984375,47.525390625,241.5625,-7.9375,-27.75,-1.51,4.18,9.47,-46.0625,24.625,90.125,255,,,,,
2026-08-03T16:24:39.335,309.591,landed,,,,,False,,,35.9184062,139.9079523,,,32.32,1012.1043359375,47.4853515625,163.875,-11.75,-26.3125,-1.44,5.01,7.78,-39.6875,103.9375,190.75,255,,,,,
2026-08-03T16:24:39.836,310.091,deploying,35.91820478333333,139.90780348333334,32.487,0.5247333333333333,True,13,1,35.9184062,139.9079523,26.09972531816956,,32.38,1012.14640625,47.375,13.1875,-15.1875,-22.125,-2.91,-0.3,13.45,-93.9375,10.4375,71.8125,127,,stopped,0.0,0.0,
2026-08-03T16:24:40.336,310.592,deploying,35.91820478333333,139.90780348333334,32.487,0.5247333333333333,True,13,1,35.9184062,139.9079523,26.09972531816956,,32.37,1012.1929296875,47.421875,2.375,-15.0,-17.5,-1.5,3.35,9.59,-48.75,5.0625,18.5625,63,,stopped,0.0,0.0,
2026-08-03T16:24:40.837,311.092,deploying,35.918199,139.9078001,32.419,0.8128222222222223,True,13,1,35.9184062,139.9079523,26.808085357857223,,32.36,1012.0948828125,47.3515625,48.3125,-3.1875,-18.1875,-6.11,4.18,15.41,39.0625,14.875,-190.4375,63,,stopped,0.0,0.0,
2026-08-03T16:24:41.337,311.593,deploying,35.918199,139.9078001,32.419,0.8128222222222223,True,13,1,35.9184062,139.9079523,26.808085357857223,,32.36,1012.1766015625,47.375,69.5625,-4.5,-36.5,0.25,7.09,6.7,74.4375,-5.5,4.375,63,,stopped,0.0,0.0,
2026-08-03T16:24:41.837,312.093,deploying,35.91819328333333,139.90780078333333,32.212,0.6842111111111112,True,13,1,35.9184062,139.9079523,27.3255450000627,,32.35,1012.133359375,47.4541015625,78.8125,-5.1875,-1.9375,-0.79,0.68,9.8,11.625,0.9375,0.3125,127,,stopped,0.0,0.0,
2026-08-03T16:24:42.338,312.593,deploying,35.91819328333333,139.90780078333333,32.212,0.6842111111111112,True,13,1,35.9184062,139.9079523,27.3255450000627,,32.35,1012.0788671875,47.5009765625,73.25,-5.3125,-6.5625,-0.81,1.93,9.68,7.1875,0.3125,0.0625,127,,stopped,0.0,0.0,
2026-08-03T16:24:42.838,313.094,clearing_landing_area,35.918191,139.907802,32.089,0.2932333333333333,True,13,1,35.9184062,139.9079523,27.491709973891762,29.49326028559733,32.34,1012.1173828125,47.5693359375,77.3125,-4.8125,77.125,-0.79,-9.17,2.2,-16.0,-0.0625,-0.8125,63,47.81923971440267,stopped,0.0,0.0,
2026-08-03T16:24:43.339,313.594,clearing_landing_area,35.918191,139.907802,32.089,0.2932333333333333,True,13,1,35.9184062,139.9079523,27.491709973891762,29.49326028559733,32.34,1012.109375,47.5791015625,68.375,-4.5,90.0625,-0.31,-8.3,0.13,-1.8125,-1.75,-3.0625,63,38.88173971440267,turn_left,-30.0,30.0,
2026-08-03T16:24:43.839,314.094,clearing_landing_area,35.91819028333333,139.90780268333333,32.077,0.16462222222222223,True,13,1,35.9184062,139.9079523,27.530934171323267,29.30014246512536,32.34,1012.144609375,47.3955078125,252.875,-3.75,172.4375,-0.49,-3.45,-14.74,-353.6875,-32.625,2.3125,63,-136.42514246512536,stopped,0.0,0.0,
2026-08-03T16:24:44.339,314.595,clearing_landing_area,35.91819028333333,139.90780268333333,32.077,0.16462222222222223,True,13,1,35.9184062,139.9079523,27.530934171323267,29.30014246512536,32.34,1012.0901171875,47.603515625,252.0,-4.875,179.75,-1.71,4.37,-10.62,43.125,-3.4375,-14.9375,63,-137.30014246512536,stopped,0.0,0.0,
2026-08-03T16:24:44.841,315.096,clearing_landing_area,35.9181917,139.90780458333333,32.071,0.05144444444444445,True,13,1,35.9184062,139.9079523,27.309922924607513,29.148839706116803,32.33,1012.147578125,47.5205078125,251.75,-4.625,-179.625,-0.71,0.16,-9.49,0.0,0.0,0.0,63,-137.3988397061168,stopped,0.0,0.0,
2026-08-03T16:24:45.342,315.598,clearing_landing_area,35.9181917,139.90780458333333,32.071,0.05144444444444445,True,13,1,35.9184062,139.9079523,27.309922924607513,29.148839706116803,32.32,1012.1668359375,47.4736328125,251.75,-4.5625,-179.5625,-0.69,0.18,-9.52,-0.0625,0.0,-0.0625,63,-137.3988397061168,stopped,0.0,0.0,
2026-08-03T16:24:45.851,316.106,clearing_landing_area,35.918192483333335,139.90780568333332,32.069,0.07716666666666668,True,13,1,35.9184062,139.9079523,27.18563821168438,29.05592538400299,32.32,1012.1395703125,47.6240234375,251.75,-4.5625,-179.5,-0.72,0.07,-9.69,0.0,0.0625,0.0625,63,-137.305925384003,stopped,0.0,0.0,
2026-08-03T16:24:46.351,316.606,clearing_landing_area,35.918192483333335,139.90780568333332,32.069,0.07716666666666668,True,13,1,35.9184062,139.9079523,27.18563821168438,29.05592538400299,32.33,1012.1013671875,47.68359375,251.75,-4.5625,-179.5,-0.7,0.07,-9.72,-0.0625,-0.0625,0.0,63,-137.305925384003,stopped,0.0,0.0,
2026-08-03T16:24:46.868,317.123,clearing_landing_area,35.918192483333335,139.9078058,32.07,0.09774444444444444,True,13,1,35.9184062,139.9079523,27.180537364238337,29.036566228541915,32.3,1012.0803515625,48.0029296875,253.4375,-4.4375,-177.0,-0.71,0.48,-9.71,0.125,-0.0625,0.0625,63,-135.59906622854191,stopped,0.0,0.0,
2026-08-03T16:24:47.365,317.620,clearing_landing_area,35.918192483333335,139.9078058,32.07,0.09774444444444444,True,13,1,35.9184062,139.9079523,27.180537364238337,29.036566228541915,32.3,1012.0803515625,47.9912109375,253.4375,-4.4375,-177.0,-0.68,0.51,-9.72,-0.0625,0.0,0.0625,63,-135.59906622854191,stopped,0.0,0.0,
2026-08-03T16:24:47.865,318.121,clearing_landing_area,35.91819258333334,139.90780588333334,32.071,0.3035222222222222,True,13,1,35.9184062,139.9079523,27.167173150572722,29.034111269487028,32.3,1012.13484375,47.8525390625,256.75,-2.125,-160.75,-0.39,2.53,-9.79,-7.3125,-0.5,-0.0625,63,-132.28411126948703,stopped,0.0,0.0,
2026-08-03T16:24:48.367,318.622,clearing_landing_area,35.91819258333334,139.90780588333334,32.071,0.3035222222222222,True,13,1,35.9184062,139.9079523,27.167173150572722,29.034111269487028,32.3,1012.13484375,47.8408203125,256.75,-2.125,-160.5,-0.26,2.96,-9.23,-1.0625,0.1875,0.5625,63,-132.28411126948703,stopped,0.0,0.0,
2026-08-03T16:24:48.867,319.123,clearing_landing_area,35.91819448333333,139.9078078,32.07,0.18005555555555552,True,13,1,35.9184062,139.9079523,26.89872877443494,28.931075146777914,32.32,1012.1860546875,47.80859375,256.8125,-2.0,-160.5,-0.27,3.24,-9.25,-0.0625,0.1875,0.0,63,-132.1185751467779,stopped,0.0,0.0,
2026-08-03T16:24:49.379,319.635,clearing_landing_area,35.91819448333333,139.9078078,32.07,0.18005555555555552,True,13,1,35.9184062,139.9079523,26.89872877443494,28.931075146777914,31.64,1011.57921875,47.7373046875,256.8125,-2.0,-160.5,-0.28,3.25,-9.21,0.0,-0.0625,-0.125,63,-132.1185751467779,stopped,0.0,0.0,
2026-08-03T16:24:49.881,320.137,clearing_landing_area,35.91819388333333,139.90780758333332,32.071,0.14404444444444445,True,13,1,35.9184062,139.9079523,26.966562584796353,28.89878273844664,32.33,1012.1203125,47.6708984375,256.8125,-2.0,-160.5,-0.28,3.27,-9.22,0.0,-0.25,-0.0625,63,-132.08628273844664,stopped,0.0,0.0,
2026-08-03T16:24:50.382,320.638,clearing_landing_area,35.91819388333333,139.90780758333332,32.071,0.14404444444444445,True,13,1,35.9184062,139.9079523,26.966562584796353,28.89878273844664,32.33,1012.147578125,47.63671875,256.8125,-2.0,-160.5,-0.27,3.27,-9.24,0.125,-0.125,0.0625,63,-132.08628273844664,stopped,0.0,0.0,
2026-08-03T16:24:50.883,321.138,clearing_landing_area,35.918191,139.9078082,32.076,0.11832222222222223,True,12,1,35.9184062,139.9079523,27.22117485986967,28.47032744089927,32.33,1012.074140625,47.5791015625,256.8125,-2.0,-160.5,-0.27,3.29,-9.19,-0.0625,-0.125,0.0,63,-131.65782744089927,stopped,0.0,0.0,
2026-08-03T16:24:51.383,321.639,clearing_landing_area,35.918191,139.9078082,32.076,0.11832222222222223,True,12,1,35.9184062,139.9079523,27.22117485986967,28.47032744089927,32.33,1012.1286328125,47.5908203125,256.8125,-2.0,-160.5,-0.27,3.28,-9.25,0.0,-0.0625,0.0,63,-131.65782744089927,stopped,0.0,0.0,
2026-08-03T16:24:51.884,322.139,clearing_landing_area,35.91818898333333,139.9078097,32.079,0.13375555555555557,True,11,1,35.9184062,139.9079523,27.354837509540666,27.997712250272627,32.35,1012.1061328125,47.6044921875,256.8125,-2.0,-160.5,-0.28,3.29,-9.22,0.0,-0.125,0.0625,63,-131.18521225027263,stopped,0.0,0.0,
2026-08-03T16:24:52.386,322.641,clearing_landing_area,35.91818898333333,139.9078097,32.079,0.13375555555555557,True,11,1,35.9184062,139.9079523,27.354837509540666,27.997712250272627,32.36,1012.1413671875,47.6044921875,256.8125,-2.0,-160.5,-0.26,3.32,-9.22,0.0625,0.0625,0.0625,63,-131.18521225027263,stopped,0.0,0.0,
2026-08-03T16:24:52.886,323.142,clearing_landing_area,35.918189383333335,139.9078092,32.083,0.11832222222222223,True,11,1,35.9184062,139.9079523,27.336769002948625,28.124800351366048,32.36,1012.1493359375,47.732421875,256.8125,-2.0,-160.5,-0.27,3.33,-9.25,0.0,0.0,-0.0625,63,-131.31230035136605,stopped,0.0,0.0,
2026-08-03T16:24:53.387,323.642,clearing_landing_area,35.918189383333335,139.9078092,32.083,0.11832222222222223,True,11,1,35.9184062,139.9079523,27.336769002948625,28.124800351366048,32.36,1012.1141015625,47.6162109375,256.8125,-2.0,-160.5,-0.28,3.31,-9.22,0.0625,0.125,0.0625,63,-131.31230035136605,stopped,0.0,0.0,
2026-08-03T16:24:53.887,324.143,clearing_landing_area,35.9181886,139.9078121,32.079,0.07202222222222222,True,11,1,35.9184062,139.9079523,27.291831502073943,27.555076833477642,32.37,1012.1304296875,47.6396484375,256.8125,-2.0,-160.5,-0.28,3.33,-9.2,0.0625,0.0,-0.0625,63,-130.74257683347764,stopped,0.0,0.0,
2026-08-03T16:24:54.527,324.782,clearing_landing_area,35.9181886,139.9078121,32.079,0.07202222222222222,True,11,1,35.9184062,139.9079523,27.291831502073943,27.555076833477642,32.37,1012.1304296875,47.6513671875,256.8125,-2.0,-160.5,-0.27,3.3,-9.23,0.125,-0.0625,0.125,63,-130.74257683347764,stopped,0.0,0.0,
2026-08-03T16:24:55.027,325.283,clearing_landing_area,,,,,False,,,35.9184062,139.9079523,,,32.38,1012.099921875,47.6650390625,256.8125,-2.0,-160.5,-0.26,3.3,-9.21,0.0,0.125,0.0,63,,stopped,0.0,0.0,
2026-08-03T16:24:55.529,325.785,clearing_landing_area,,,,,False,,,35.9184062,139.9079523,,,32.38,1012.119140625,47.640625,256.9375,-1.875,-167.75,-1.3,5.3,-10.32,432.0625,7.0625,9.375,63,,forward,99.79375,100.0,
2026-08-03T16:24:56.029,326.285,clearing_landing_area,35.918187683333336,139.90781468333333,32.079,0.4938666666666666,True,11,1,35.9184062,139.9079523,27.275758473571347,27.022780457102158,32.36,1012.0323828125,47.82421875,161.4375,-0.5,80.375,3.02,-13.41,-0.43,-274.875,253.1875,-62.0625,127,134.41471954289784,forward,25.418750000000003,100.0,
2026-08-03T16:24:56.612,326.867,clearing_landing_area,35.918187683333336,139.90781468333333,32.079,0.4938666666666666,True,11,1,35.9184062,139.9079523,27.275758473571347,27.022780457102158,32.35,1012.160625,47.916015625,166.875,0.0,81.0,-2.13,-15.74,-6.83,365.5,257.9375,-93.875,127,139.85221954289784,forward,25.418750000000003,100.0,
2026-08-03T16:24:57.112,327.367,clearing_landing_area,,,,,False,,,35.9184062,139.9079523,,,32.32,1012.1315625,47.935546875,165.9375,0.1875,1.25,-0.05,-0.17,8.11,188.0625,1.125,107.375,63,,turn_left,-30.0,30.0,
2026-08-03T16:24:57.612,327.868,clearing_landing_area,,,,,False,,,35.9184062,139.9079523,,,32.31,1012.1973046875,47.98046875,111.0625,-3.375,-7.625,-0.95,0.87,9.87,25.5625,13.3125,107.125,63,,turn_left,-30.0,30.0,
2026-08-03T16:24:58.113,328.368,clearing_landing_area,35.9181996,139.90783338333333,31.844,0.11832222222222223,True,11,1,35.9184062,139.9079523,25.346162462057286,24.992221860706024,32.29,1012.1730078125,48.0595703125,40.8125,-2.375,-19.9375,0.11,1.66,9.24,18.0,27.4375,114.0,63,15.820278139293976,turn_left,-30.0,30.0,
2026-08-03T16:24:58.687,328.943,clearing_landing_area,35.9181996,139.90783338333333,31.844,0.11832222222222223,True,11,1,35.9184062,139.9079523,25.346162462057286,24.992221860706024,32.3,1012.099609375,48.037109375,29.3125,-2.125,-20.5625,-0.46,3.1,9.7,22.125,25.875,95.875,127,4.3202781392939755,turn_left,-30.0,30.0,
2026-08-03T16:24:59.188,329.443,clearing_landing_area,,,,,False,,,35.9184062,139.9079523,,,32.27,1012.0785546875,48.01171875,18.375,-1.9375,-23.9375,-0.34,4.24,8.7,0.125,-0.0625,-0.1875,255,,stopped,0.0,0.0,
2026-08-03T16:24:59.688,329.944,clearing_landing_area,,,,,False,,,35.9184062,139.9079523,,,32.27,1012.10578125,47.8271484375,18.4375,-2.1875,-24.375,-0.47,4.16,8.73,0.0625,0.0625,0.0,255,,stopped,0.0,0.0,
2026-08-03T16:25:00.189,330.444,clearing_landing_area,35.91819688333333,139.90783488333332,31.437,0.08745555555555556,True,11,1,35.9184062,139.9079523,25.564110153561042,24.43177165188621,32.26,1012.0894921875,47.8251953125,18.5,-2.4375,-24.875,-0.47,4.23,8.77,0.0,0.0625,0.0,255,-5.9317716518862085,stopped,0.0,0.0,
2026-08-03T16:25:00.873,331.128,clearing_landing_area,35.91819688333333,139.90783488333332,31.437,0.08745555555555556,True,11,1,35.9184062,139.9079523,25.564110153561042,24.43177165188621,32.26,1012.062265625,47.767578125,18.5,-2.4375,-24.875,-0.49,4.21,8.74,0.0625,-0.125,0.0,255,-5.9317716518862085,stopped,0.0,0.0,
2026-08-03T16:25:01.373,331.629,clearing_landing_area,35.91819688333333,139.90783478333333,31.429,0.041155555555555556,True,11,1,35.9184062,139.9079523,25.567836094961105,24.450144560347553,32.25,1012.073515625,47.697265625,18.5,-2.5,-25.0,-0.49,4.2,8.75,-0.0625,-0.1875,0.0,255,-5.950144560347553,stopped,0.0,0.0,
2026-08-03T16:25:01.876,332.132,clearing_landing_area,35.91819688333333,139.90783478333333,31.429,0.041155555555555556,True,11,1,35.9184062,139.9079523,25.567836094961105,24.450144560347553,32.25,1012.10875,47.7314453125,18.5,-2.5,-25.0625,-0.48,4.21,8.79,0.0625,-0.125,0.0,255,-5.950144560347553,stopped,0.0,0.0,
2026-08-03T16:25:02.381,332.637,clearing_landing_area,35.918196783333336,139.90783478333333,31.424,0.05658888888888889,True,12,1,35.9184062,139.9079523,25.57795882464777,24.43983503983202,32.24,1012.084765625,47.5693359375,18.5,-2.5625,-25.125,-0.47,4.22,8.8,0.0,-0.0625,0.125,255,-5.939835039832019,stopped,0.0,0.0,
2026-08-03T16:25:02.883,333.139,clearing_landing_area,35.918196783333336,139.90783478333333,31.424,0.05658888888888889,True,12,1,35.9184062,139.9079523,25.57795882464777,24.43983503983202,32.24,1012.166484375,47.5576171875,18.5,-2.5625,-25.125,-0.48,4.2,8.8,0.0625,0.0625,-0.0625,255,-5.939835039832019,stopped,0.0,0.0,
2026-08-03T16:25:03.385,333.640,clearing_landing_area,35.918196083333335,139.90783398333335,31.381,0.030866666666666664,True,12,1,35.9184062,139.9079523,25.678648779093162,24.514319463172228,32.21,1012.1262109375,47.693359375,18.5,-2.5625,-25.125,-0.47,4.2,8.73,0.125,0.125,-0.1875,255,-6.014319463172228,stopped,0.0,0.0,
2026-08-03T16:25:03.885,334.141,clearing_landing_area,35.918196083333335,139.90783398333335,31.381,0.030866666666666664,True,12,1,35.9184062,139.9079523,25.678648779093162,24.514319463172228,32.2,1012.1646484375,47.6689453125,18.5,-2.5625,-25.125,-0.47,4.22,8.77,-0.0625,0.0,-0.125,255,-6.014319463172228,stopped,0.0,0.0,
2026-08-03T16:25:04.385,334.641,clearing_landing_area,35.918195583333336,139.90783398333335,31.306,0.025722222222222226,True,12,1,35.9184062,139.9079523,25.72924489508767,24.462948740627667,32.16,1012.1276171875,47.619140625,18.5,-2.5625,-25.125,-0.45,4.2,8.79,0.0625,-0.0625,0.125,255,-5.962948740627667,stopped,0.0,0.0,
2026-08-03T16:25:04.886,335.141,clearing_landing_area,35.918195583333336,139.90783398333335,31.306,0.025722222222222226,True,12,1,35.9184062,139.9079523,25.72924489508767,24.462948740627667,32.13,1012.02484375,47.5341796875,18.5,-2.5625,-25.125,-0.47,4.19,8.77,0.0625,0.125,0.0,255,-5.962948740627667,stopped,0.0,0.0,
2026-08-03T16:25:05.386,335.642,clearing_landing_area,35.918194983333336,139.90783318333334,31.256,0.0463,True,12,1,35.9184062,139.9079523,25.819833207595845,24.54715373340349,32.11,1012.0742578125,47.87890625,18.5,-2.5625,-25.125,-0.46,4.17,8.79,-0.0625,0.125,0.0,255,-6.047153733403491,forward,100.0,100.0,
2026-08-03T16:25:05.887,336.142,clearing_landing_area,35.918194983333336,139.90783318333334,31.256,0.0463,True,12,1,35.9184062,139.9079523,25.819833207595845,24.54715373340349,32.1,1012.093515625,47.751953125,23.6875,-4.3125,-64.375,-2.0,11.22,3.03,14.3125,-45.0,-51.3125,255,-0.8596537334034906,forward,91.775,100.0,
2026-08-03T16:25:06.390,336.645,clearing_landing_area,35.9181941,139.90783248333332,31.105,0.10803333333333333,True,12,1,35.9184062,139.9079523,25.935371222916594,24.58367852677401,29.35,1008.11234375,47.326171875,17.0625,-3.75,-26.1875,-0.06,2.52,2.37,0.125,27.3125,27.3125,191,-7.521178526774008,forward,100.0,86.2875,
2026-08-03T16:25:06.890,337.146,clearing_landing_area,35.9181941,139.90783248333332,31.105,0.10803333333333333,True,12,1,35.9184062,139.9079523,25.935371222916594,24.58367852677401,32.08,1012.0532421875,47.564453125,16.8125,-2.25,-6.625,-1.59,-5.01,16.09,-250.0,18.875,-25.1875,127,-7.771178526774008,turn_right,15.0,-15.0,
2026-08-03T16:25:07.400,337.656,clearing_landing_area,35.9181953,139.90783238333333,30.954,0.7150777777777777,True,12,1,35.9184062,139.9079523,25.81785740891119,24.725044299946774,32.07,1012.1189453125,47.5283203125,31.625,-2.625,-20.25,-0.22,1.79,9.5,-21.25,-9.625,-5.625,127,6.899955700053226,stopped,0.0,0.0,
2026-08-03T16:25:07.910,338.166,clearing_landing_area,35.9181953,139.90783238333333,30.954,0.7150777777777777,True,12,1,35.9184062,139.9079523,25.81785740891119,24.725044299946774,32.06,1012.157421875,47.5966796875,32.1875,-2.5,-19.9375,-0.51,3.1,9.2,-4.5,-0.875,0.5,63,7.462455700053226,stopped,0.0,0.0,
2026-08-03T16:25:08.411,338.666,clearing_landing_area,35.918201483333334,139.9078321,30.713,0.20063333333333333,True,12,1,35.9184062,139.9079523,25.205920989202017,25.43144251030259,32.03,1012.136328125,47.720703125,32.125,-2.4375,-19.875,-0.5,3.28,9.14,0.0625,-0.0625,0.125,63,6.693557489697412,stopped,0.0,0.0,
2026-08-03T16:25:08.911,339.167,clearing_landing_area,35.918201483333334,139.9078321,30.713,0.20063333333333333,True,12,1,35.9184062,139.9079523,25.205920989202017,25.43144251030259,32.03,1012.0818359375,47.708984375,32.125,-2.4375,-19.875,-0.5,3.28,9.13,0.0,0.0,-0.0625,63,6.693557489697412,stopped,0.0,0.0,
2026-08-03T16:25:09.426,339.682,clearing_landing_area,35.918200883333334,139.9078312,30.628,0.1028888888888889,True,12,1,35.9184062,139.9079523,25.301016181862504,25.5323122340468,32.03,1012.19078125,47.7783203125,32.125,-2.4375,-19.875,-0.51,3.26,9.16,-0.125,0.0,0.125,63,6.592687765953201,stopped,0.0,0.0,
2026-08-03T16:25:09.927,340.182,clearing_landing_area,35.918200883333334,139.9078312,30.628,0.1028888888888889,True,12,1,35.9184062,139.9079523,25.301016181862504,25.5323122340468,31.52,1011.28546875,47.7255859375,32.125,-2.4375,-19.875,-0.5,3.28,9.16,0.0625,0.0,-0.0625,63,6.592687765953201,stopped,0.0,0.0,
2026-08-03T16:25:10.427,340.683,clearing_landing_area,35.91819998333333,139.90783108333332,30.564,0.07202222222222222,True,12,1,35.9184062,139.9079523,25.395869100221788,25.456384086212267,32.02,1012.065859375,47.6611328125,32.125,-2.4375,-19.875,-0.53,3.25,9.16,0.0625,0.0625,-0.125,63,6.6686159137877326,stopped,0.0,0.0,
2026-08-03T16:25:10.928,341.183,clearing_landing_area,35.91819998333333,139.90783108333332,30.564,0.07202222222222222,True,12,1,35.9184062,139.9079523,25.395869100221788,25.456384086212267,32.02,1012.155546875,47.650390625,32.125,-2.4375,-19.875,-0.52,3.25,9.12,0.0625,0.0,-0.0625,63,6.6686159137877326,stopped,0.0,0.0,
2026-08-03T16:25:11.428,341.684,clearing_landing_area,35.918198583333336,139.90783108333332,30.505,0.06173333333333333,True,11,1,35.9184062,139.9079523,25.536515805824468,25.306254931088688,32.01,1012.11203125,47.6494140625,32.125,-2.4375,-19.875,-0.49,3.25,9.15,-0.0625,0.0,0.0,63,6.818745068911312,stopped,0.0,0.0,
2026-08-03T16:25:11.928,342.184,clearing_landing_area,35.918198583333336,139.90783108333332,30.505,0.06173333333333333,True,11,1,35.9184062,139.9079523,25.536515805824468,25.306254931088688,32.02,1012.065859375,47.6494140625,32.125,-2.4375,-19.875,-0.5,3.27,9.15,0.0,-0.1875,-0.0625,63,6.818745068911312,stopped,0.0,0.0,
2026-08-03T16:25:12.429,342.684,clearing_landing_area,35.918198483333335,139.90783058333332,30.432,0.05144444444444445,True,11,1,35.9184062,139.9079523,25.56584012262592,25.38682678591698,31.98,1012.118515625,47.53125,32.125,-2.4375,-19.875,-0.49,3.28,9.13,0.0,-0.125,0.125,63,6.7381732140830195,stopped,0.0,0.0,
2026-08-03T16:25:12.929,343.187,clearing_landing_area,35.918198483333335,139.90783058333332,30.432,0.05144444444444445,True,11,1,35.9184062,139.9079523,25.56584012262592,25.38682678591698,31.99,1012.0448046875,47.6005859375,32.6875,-2.0625,-53.4375,-0.43,12.67,3.3,355.5625,-2.25,13.3125,63,7.3006732140830195,forward,98.71875,100.0,
2026-08-03T16:25:13.430,343.686,clearing_landing_area,35.9181983,139.9078302,30.401,0.025722222222222226,True,11,1,35.9184062,139.9079523,25.599066738869652,25.43706624518984,31.98,1012.0829296875,47.2998046875,31.5,-4.375,-26.375,-2.05,5.09,6.76,-15.9375,-18.0625,-1.4375,127,6.06293375481016,forward,88.98531249999999,95.0,
2026-08-03T16:25:13.930,344.186,clearing_landing_area,35.9181983,139.9078302,30.401,0.025722222222222226,True,11,1,35.9184062,139.9079523,25.599066738869652,25.43706624518984,31.97,1012.0205078125,47.5751953125,30.25,-2.8125,-21.4375,-1.13,1.73,7.33,-44.8125,-12.6875,18.5625,127,4.81293375481016,forward,60.884687500000005,65.0,
2026-08-03T16:25:14.434,344.689,clearing_landing_area,35.91819928333334,139.90783008333332,30.315,0.8951333333333333,True,12,1,35.9184062,139.9079523,25.50489992936875,25.56388339816317,31.96,1012.0862109375,47.6904296875,21.0,-2.5625,10.1875,-1.58,-0.82,11.89,-36.875,8.375,-9.125,63,-4.563883398163171,reverse,-60.0,-60.0,
2026-08-03T16:25:14.934,345.190,clearing_landing_area,35.91819928333334,139.90783008333332,30.315,0.8951333333333333,True,12,1,35.9184062,139.9079523,25.50489992936875,25.56388339816317,31.96,1012.078203125,47.609375,18.9375,-1.9375,6.0,-1.07,-1.56,7.86,145.875,-48.1875,15.9375,63,-6.626383398163171,reverse,-60.0,-60.0,
2026-08-03T16:25:15.435,345.690,clearing_landing_area,35.9182062,139.90783328333333,29.971,0.08231111111111111,True,14,1,35.9184062,139.9079523,24.686849071070647,25.730812806004565,31.95,1012.0701953125,47.7470703125,13.375,-0.125,-27.8125,-0.75,6.97,3.91,76.75,0.0625,-4.4375,191,-12.355812806004565,turn_right,5.0,-5.0,
2026-08-03T16:25:15.935,346.194,clearing_landing_area,35.9182062,139.90783328333333,29.971,0.08231111111111111,True,14,1,35.9184062,139.9079523,24.686849071070647,25.730812806004565,31.95,1012.116640625,47.94140625,16.8125,-0.5,-20.125,-0.11,0.1,8.51,-21.8125,-1.125,-23.8125,191,-8.918312806004565,turn_right,30.0,-30.0,
2026-08-03T16:25:16.436,346.692,clearing_landing_area,35.9182057,139.90783288333333,29.797,0.11317777777777778,True,15,1,35.9184062,139.9079523,24.752573254855115,25.750052126058108,31.94,1012.1355859375,48.1845703125,55.6875,-2.9375,-17.625,-0.56,1.99,9.56,20.625,-18.8125,-60.1875,63,29.937447873941892,turn_right,30.0,-30.0,
2026-08-03T16:25:16.936,347.192,clearing_landing_area,35.9182057,139.90783288333333,29.797,0.11317777777777778,True,15,1,35.9184062,139.9079523,24.752573254855115,25.750052126058108,31.95,1012.116640625,48.357421875,61.5625,-3.3125,-18.375,0.17,2.71,9.09,-2.375,-7.625,-30.0,63,35.81244787394189,turn_right,30.0,-30.0,
2026-08-03T16:25:17.437,347.692,clearing_landing_area,35.91820488333333,139.9078331,29.545,0.13375555555555557,True,15,1,35.9184062,139.9079523,24.825953816142693,25.61844327354578,31.94,1012.127578125,48.23046875,114.5625,-4.5,-15.3125,0.39,3.52,9.96,9.4375,-31.6875,-99.25,63,88.94405672645422,turn_right,30.0,-30.0,
2026-08-03T16:25:17.937,348.193,clearing_landing_area,35.91820488333333,139.9078331,29.545,0.13375555555555557,True,15,1,35.9184062,139.9079523,24.825953816142693,25.61844327354578,31.51,1012.18640625,48.20703125,124.1875,-4.9375,-52.375,-0.05,13.68,5.53,60.4375,34.875,77.4375,63,98.56905672645422,forward,94.81875,100.0,
2026-08-03T16:25:18.437,348.693,clearing_landing_area,35.918204583333335,139.90783388333332,29.375,0.12861111111111112,True,15,1,35.9184062,139.9079523,24.82565550852487,25.43835739919973,31.92,1012.158046875,48.3095703125,116.6875,-3.375,-14.375,-3.31,-2.45,14.17,-11.6875,-94.1875,19.3125,63,91.24914260080027,forward,100.0,95.65625,
2026-08-03T16:25:18.938,349.193,clearing_landing_area,35.918204583333335,139.90783388333332,29.375,0.12861111111111112,True,15,1,35.9184062,139.9079523,24.82565550852487,25.43835739919973,31.93,1012.0571484375,48.3671875,116.5,-2.75,-0.0625,0.68,5.37,6.81,-153.625,-23.5,-25.625,63,91.06164260080027,turn_left,-10.0,10.0,
2026-08-03T16:25:19.438,349.694,clearing_landing_area,35.918204083333336,139.90783468333333,29.347,0.7665222222222222,True,14,1,35.9184062,139.9079523,24.845077204332153,25.23325509547601,31.86,1012.1428125,48.740234375,198.375,-3.125,172.9375,2.08,-1.95,-15.16,-308.9375,-10.625,-124.625,63,173.141744904524,turn_left,-30.0,30.0,
2026-08-03T16:25:19.939,350.194,clearing_landing_area,35.918204083333336,139.90783468333333,29.347,0.7665222222222222,True,14,1,35.9184062,139.9079523,24.845077204332153,25.23325509547601,31.84,1012.0915625,48.7041015625,179.125,-1.9375,-166.5625,-0.88,2.12,-9.41,7.625,17.6875,-71.4375,63,153.891744904524,turn_left,-30.0,30.0,
2026-08-03T16:25:20.439,350.695,clearing_landing_area,35.918201483333334,139.90784288333333,29.267,0.4938666666666666,True,14,1,35.9184062,139.9079523,24.804425865530153,23.405328971262577,31.83,1012.1569140625,48.6337890625,99.625,2.9375,-165.625,-0.02,0.72,-9.89,-14.3125,21.0625,-106.0625,191,76.21967102873742,turn_left,-30.0,30.0,
2026-08-03T16:25:20.940,351.195,clearing_landing_area,35.918201483333334,139.90784288333333,29.267,0.4938666666666666,True,14,1,35.9184062,139.9079523,24.804425865530153,23.405328971262577,31.82,1012.1409375,48.5751953125,79.125,3.9375,-163.9375,1.8,2.48,-9.87,1.25,30.125,-107.125,191,55.71967102873742,turn_left,-30.0,30.0,
2026-08-03T16:25:21.440,351.696,clearing_landing_area,35.9182002,139.90784728333333,29.215,0.45785555555555557,True,14,1,35.9184062,139.9079523,24.781554024061734,22.433512758621248,31.79,1012.11984375,48.45703125,70.9375,3.5625,-162.5,0.65,2.97,-9.35,0.0625,-0.1875,0.0625,63,48.50398724137875,stopped,0.0,0.0,
2026-08-03T16:25:21.941,352.196,clearing_landing_area,35.9182002,139.90784728333333,29.215,0.45785555555555557,True,14,1,35.9184062,139.9079523,24.781554024061734,22.433512758621248,31.78,1012.13109375,48.36328125,70.9375,3.5625,-162.5,0.66,2.97,-9.35,0.0,0.0,0.0625,63,48.50398724137875,stopped,0.0,0.0,
2026-08-03T16:25:22.443,352.698,clearing_landing_area,35.9181989,139.90784858333333,29.178,0.2880888888888889,True,14,1,35.9184062,139.9079523,24.87103043673915,22.057149989742186,31.76,1012.11796875,48.107421875,70.9375,3.5625,-162.5,0.63,2.96,-9.33,-0.0625,-0.125,0.0,63,48.880350010257814,stopped,0.0,0.0,
2026-08-03T16:25:22.946,353.201,clearing_landing_area,35.9181989,139.90784858333333,29.178,0.2880888888888889,True,14,1,35.9184062,139.9079523,24.87103043673915,22.057149989742186,31.76,1012.09078125,48.1298828125,70.9375,3.5625,-162.5,0.65,2.97,-9.32,0.0625,0.0,0.0,63,48.880350010257814,stopped,0.0,0.0,
2026-08-03T16:25:23.450,353.705,clearing_landing_area,35.91819868333333,139.9078499,29.168,0.25722222222222224,True,14,1,35.9184062,139.9079523,24.849117929303432,21.78290979098864,31.74,1012.1483984375,48.0947265625,70.9375,3.5625,-162.5,0.64,2.98,-9.3,0.0,0.0,0.0,63,49.15459020901136,stopped,0.0,0.0,
2026-08-03T16:25:23.950,354.206,clearing_landing_area,35.91819868333333,139.9078499,29.168,0.25722222222222224,True,14,1,35.9184062,139.9079523,24.849117929303432,21.78290979098864,31.74,1012.175625,48.1640625,70.9375,3.5625,-162.5,0.65,2.99,-9.32,-0.0625,0.0625,-0.125,63,49.15459020901136,stopped,0.0,0.0,
2026-08-03T16:25:24.455,354.711,clearing_landing_area,35.91819818333333,139.90784978333335,29.152,0.22635555555555556,True,14,1,35.9184062,139.9079523,24.904646613612066,21.757888709009023,31.75,1012.1564453125,48.3369140625,70.9375,3.5625,-162.5,0.64,2.96,-9.33,0.0,-0.125,0.0625,63,49.17961129099098,stopped,0.0,0.0,
2026-08-03T16:25:24.957,355.212,clearing_landing_area,35.91819818333333,139.90784978333335,29.152,0.22635555555555556,True,14,1,35.9184062,139.9079523,24.904646613612066,21.757888709009023,31.74,1012.1131640625,48.3701171875,70.9375,3.5625,-162.5,0.66,2.97,-9.3,0.0625,-0.0625,-0.1875,63,49.17961129099098,stopped,0.0,0.0,
2026-08-03T16:25:25.457,355.713,clearing_landing_area,35.918197883333335,139.90784968333332,29.146,0.2057777777777778,True,12,1,35.9184062,139.9079523,24.938966994128634,21.748694622695325,31.72,1012.11609375,48.6455078125,70.9375,3.5625,-162.5,0.65,2.98,-9.29,0.0625,0.1875,-0.0625,63,49.188805377304675,stopped,0.0,0.0,
2026-08-03T16:25:25.958,356.213,clearing_landing_area,35.918197883333335,139.90784968333332,29.146,0.2057777777777778,True,12,1,35.9184062,139.9079523,24.938966994128634,21.748694622695325,31.71,1012.1465234375,48.689453125,70.9375,3.5625,-162.5,0.65,2.97,-9.3,0.0,0.0,-0.0625,63,49.188805377304675,stopped,0.0,0.0,
2026-08-03T16:25:26.458,356.714,clearing_landing_area,35.9181978,139.90785008333333,29.144,0.11317777777777778,True,12,1,35.9184062,139.9079523,24.934253952873842,21.66392584239992,31.67,1012.06296875,48.5712890625,70.9375,3.5625,-162.5,0.64,2.99,-9.33,-0.0625,8.0,0.0625,63,49.27357415760008,stopped,0.0,0.0,
2026-08-03T16:25:26.959,357.214,clearing_landing_area,35.9181978,139.90785008333333,29.144,0.11317777777777778,True,12,1,35.9184062,139.9079523,24.934253952873842,21.66392584239992,31.68,1012.15265625,48.60546875,70.9375,3.5625,-162.5,0.66,2.96,-9.33,-0.0625,-0.0625,0.125,63,49.27357415760008,stopped,0.0,0.0,
2026-08-03T16:25:27.459,357.714,clearing_landing_area,35.91819748333333,139.90785118333332,29.143,0.15433333333333335,True,12,1,35.9184062,139.9079523,24.93063182355563,21.42247847663168,31.65,1012.1667578125,49.0986328125,326.5,0.125,28.625,-3.46,-10.4,11.37,457.25,200.375,-290.625,63,-54.92247847663168,forward,22.96875,100.0,
2026-08-03T16:25:27.959,358.215,clearing_landing_area,35.91819748333333,139.90785118333332,29.143,0.15433333333333335,True,12,1,35.9184062,139.9079523,24.93063182355563,21.42247847663168,31.65,1012.11234375,49.2138671875,359.3125,-1.75,-55.75,-1.1,12.54,2.68,175.8125,-122.25,-82.5,63,-22.10997847663168,forward,100.0,51.65625,
2026-08-03T16:25:28.460,358.715,clearing_landing_area,35.918197983333336,139.9078523,29.14,0.0926,True,12,1,35.9184062,139.9079523,24.842255641502412,21.253411624306125,31.65,1012.13953125,49.2490234375,39.5,-5.25,-12.375,-1.53,0.32,9.45,124.4375,5.625,21.8125,63,18.246588375693875,stopped,0.0,0.0,
2026-08-03T16:25:28.960,359.216,clearing_landing_area,35.918197983333336,139.9078523,29.14,0.0926,True,12,1,35.9184062,139.9079523,24.842255641502412,21.253411624306125,31.65,1012.093125,49.2724609375,29.875,-4.5625,-19.875,-0.52,3.78,8.9,5.75,17.875,59.0625,63,8.621588375693875,turn_left,-30.0,30.0,
2026-08-03T16:25:29.470,359.726,clearing_landing_area,35.9181978,139.90785288333333,29.146,0.16462222222222223,True,14,1,35.9184062,139.9079523,24.84227690624959,21.12345382011864,31.62,1012.1184765625,48.93359375,17.1875,-3.4375,-20.625,-0.53,3.53,9.06,0.125,-0.125,-0.125,127,-3.935953820118641,stopped,0.0,0.0,
2026-08-03T16:25:29.971,360.226,clearing_landing_area,35.9181978,139.90785288333333,29.146,0.16462222222222223,True,14,1,35.9184062,139.9079523,24.84227690624959,21.12345382011864,27.67,1005.920625,48.705078125,25.1875,-3.4375,-20.6875,-0.51,3.5,9.04,-0.1875,-0.125,-0.0625,127,4.064046179881359,stopped,0.0,0.0,
2026-08-03T16:25:30.480,360.744,clearing_landing_area,35.918197883333335,139.9078528,29.138,0.11832222222222223,True,15,1,35.9184062,139.9079523,24.836339845616113,21.147306146413598,31.63,1012.1075390625,48.4619140625,17.1875,-3.375,-20.75,-0.54,3.52,9.05,0.1875,-0.0625,0.0625,127,-3.959806146413598,stopped,0.0,0.0,
2026-08-03T16:25:30.981,361.236,clearing_landing_area,35.918197883333335,139.9078528,29.138,0.11832222222222223,True,15,1,35.9184062,139.9079523,24.836339845616113,21.147306146413598,31.61,1012.1104296875,48.4384765625,17.1875,-3.375,-20.75,-0.54,3.53,9.06,0.0,8.0625,0.0,127,-3.959806146413598,stopped,0.0,0.0,
2026-08-03T16:25:31.481,361.737,clearing_landing_area,35.918197983333336,139.9078527,29.135,0.11317777777777778,True,14,1,35.9184062,139.9079523,24.829221057212425,21.175943987896858,31.59,1012.105625,48.2861328125,17.1875,-3.375,-20.75,-0.51,3.5,9.06,0.0,-0.0625,0.0625,127,-3.988443987896858,stopped,0.0,0.0,
2026-08-03T16:25:31.982,362.237,clearing_landing_area,35.918197983333336,139.9078527,29.135,0.11317777777777778,True,14,1,35.9184062,139.9079523,24.829221057212425,21.175943987896858,31.59,1012.1517578125,48.447265625,17.1875,-3.375,-20.75,-0.52,3.51,9.06,0.0,-0.125,0.0625,127,-3.988443987896858,stopped,0.0,0.0,
2026-08-03T16:25:32.483,362.738,clearing_landing_area,35.91819808333333,139.90785258333332,29.133,0.14918888888888887,True,14,1,35.9184062,139.9079523,24.82265137763777,21.207827992207967,30.61,1010.6417578125,48.4921875,17.1875,-3.375,-20.75,-0.52,3.5,9.08,0.0,0.0625,-0.0625,127,-4.020327992207967,stopped,0.0,0.0,
2026-08-03T16:25:32.983,363.239,clearing_landing_area,35.91819808333333,139.90785258333332,29.133,0.14918888888888887,True,14,1,35.9184062,139.9079523,24.82265137763777,21.207827992207967,31.59,1012.3423046875,48.435546875,17.1875,-3.375,-20.75,-0.54,3.5,9.07,0.0,-0.0625,-0.125,127,-4.020327992207967,stopped,0.0,0.0,
2026-08-03T16:25:33.491,363.746,clearing_landing_area,35.918197883333335,139.9078523,29.128,0.4115555555555556,True,14,1,35.9184062,139.9079523,24.85261918316558,21.244119057124863,31.58,1012.1437890625,48.3994140625,17.1875,-3.375,-20.75,-0.52,3.54,9.05,0.0625,-0.125,-0.0625,127,-4.056619057124863,stopped,0.0,0.0,
2026-08-03T16:25:34.000,364.255,clearing_landing_area,35.918197883333335,139.9078523,29.128,0.4115555555555556,True,14,1,35.9184062,139.9079523,24.85261918316558,21.244119057124863,31.58,1012.081328125,48.4345703125,17.1875,-3.375,-20.75,-0.52,3.5,9.04,0.0,-0.0625,0.0625,127,-4.056619057124863,stopped,0.0,0.0,
2026-08-03T16:25:34.500,364.756,clearing_landing_area,35.918196083333335,139.9078542,29.069,0.2932333333333333,True,14,1,35.9184062,139.9079523,24.97824998674882,20.711957099048618,31.56,1012.138984375,48.501953125,17.1875,-3.375,-20.75,-0.51,3.51,9.04,-0.125,0.0,0.0625,127,-3.524457099048618,stopped,0.0,0.0,
2026-08-03T16:25:35.000,365.256,clearing_landing_area,35.918196083333335,139.9078542,29.069,0.2932333333333333,True,14,1,35.9184062,139.9079523,24.97824998674882,20.711957099048618,31.58,1012.1901953125,48.5029296875,17.1875,-3.375,-20.75,-0.51,3.51,9.05,0.0625,-0.0625,0.0,127,-3.524457099048618,stopped,0.0,0.0,
2026-08-03T16:25:35.501,365.756,clearing_landing_area,35.9181965,139.90785548333332,29.07,0.26236666666666664,True,14,1,35.9184062,139.9079523,24.894209671819258,20.500876915816832,31.57,1012.119765625,48.5830078125,26.3125,-6.0,-39.25,-0.09,7.2,2.71,-198.5625,-36.4375,0.375,63,5.811623084183168,forward,70.7125,100.0,
2026-08-03T16:25:36.001,366.257,clearing_landing_area,35.9181965,139.90785548333332,29.07,0.26236666666666664,True,14,1,35.9184062,139.9079523,24.894209671819258,20.500876915816832,31.57,1012.119765625,48.6171875,21.5,-6.5,-21.75,-4.53,0.01,9.54,0.0,-27.5625,36.8125,63,0.999123084183168,forward,98.325,100.0,
2026-08-03T16:25:36.502,366.757,clearing_landing_area,35.91820128333333,139.90785338333333,28.918,0.29837777777777774,True,14,1,35.9184062,139.9079523,24.464942306844353,21.351993581595593,31.56,1012.1309375,48.6396484375,15.625,-4.4375,4.8125,-0.97,-2.92,10.2,-40.6875,0.75,-4.125,127,-5.726993581595593,reverse,-15.0,-15.0,
2026-08-03T16:25:37.002,367.258,clearing_landing_area,35.91820128333333,139.90785338333333,28.918,0.29837777777777774,True,14,1,35.9184062,139.9079523,24.464942306844353,21.351993581595593,31.54,1012.125859375,48.63671875,16.0625,-5.1875,5.375,-0.61,-1.1,8.65,-16.5,18.0,-9.625,127,-5.289493581595593,reverse,-50.0,-50.0,
2026-08-03T16:25:37.502,367.758,clearing_landing_area,35.9182069,139.90785048333333,28.694,0.40641111111111117,True,14,1,35.9184062,139.9079523,23.982967310355868,22.476383987343354,31.53,1012.1178515625,48.958984375,11.625,-4.25,-22.8125,3.85,10.06,10.82,113.375,-17.875,1.625,63,-10.851383987343354,reverse,-60.0,-60.0,
2026-08-03T16:25:38.003,368.258,clearing_landing_area,35.9182069,139.90785048333333,28.694,0.40641111111111117,True,14,1,35.9184062,139.9079523,23.982967310355868,22.476383987343354,31.16,1012.0003515625,49.150390625,10.5,-4.375,-12.375,0.0,-2.28,0.83,-9.4375,4.6875,2.0,63,-11.976383987343354,reverse,-60.0,-60.0,
2026-08-03T16:25:38.503,368.759,clearing_landing_area,35.918202,139.90784978333335,28.499,0.16462222222222223,True,15,1,35.9184062,139.9079523,24.510991946450208,22.125627389996055,31.53,1012.164296875,49.2470703125,52.5625,-4.75,-14.0,-0.46,2.66,8.5,-5.3125,-19.375,-53.6875,63,30.436872610003945,turn_right,30.0,-30.0,
2026-08-03T16:25:39.004,369.259,clearing_landing_area,35.918202,139.90784978333335,28.499,0.16462222222222223,True,15,1,35.9184062,139.9079523,24.510991946450208,22.125627389996055,31.51,1012.112734375,49.39453125,72.0625,-3.8125,-12.875,-0.92,1.72,9.25,15.3125,-35.1875,-131.0,63,49.936872610003945,turn_right,30.0,-30.0,
2026-08-03T16:25:39.504,369.760,clearing_landing_area,35.9182014,139.90784658333334,28.304,0.20063333333333333,True,15,1,35.9184062,139.9079523,24.68251482669597,22.686967139298872,31.52,1012.0935546875,49.4755859375,102.125,-2.25,-16.6875,-0.27,1.01,10.6,-63.9375,94.0,21.25,63,79.43803286070113,forward,100.0,95.1,
2026-08-03T16:25:40.004,370.260,clearing_landing_area,35.9182014,139.90784658333334,28.304,0.20063333333333333,True,15,1,35.9184062,139.9079523,24.68251482669597,22.686967139298872,31.5,1012.0615234375,49.56640625,97.875,-5.1875,-18.3125,-3.6,6.95,5.39,-19.4375,-75.5,29.5625,63,75.18803286070113,forward,100.0,99.525,
2026-08-03T16:25:40.505,370.760,clearing_landing_area,35.918201583333335,139.90785048333333,28.147,0.3652555555555555,True,15,1,35.9184062,139.9079523,24.530286705390118,21.948476516936125,31.48,1012.1460546875,49.49609375,95.0625,-2.625,-13.4375,1.09,3.65,8.31,-34.375,26.625,-2.0625,63,73.11402348306387,forward,100.0,94.725,
2026-08-03T16:25:41.005,371.261,clearing_landing_area,35.918201583333335,139.90785048333333,28.147,0.3652555555555555,True,15,1,35.9184062,139.9079523,24.530286705390118,21.948476516936125,31.22,1011.81703125,49.2021484375,83.75,-4.125,68.625,-3.05,-13.84,5.68,-335.9375,-98.0625,86.1875,63,61.801523483063875,turn_left,-30.0,30.0,
2026-08-03T16:25:41.506,371.761,clearing_landing_area,35.918202083333334,139.90785528333333,28.064,0.5093,True,15,1,35.9184062,139.9079523,24.320127267282164,21.052874455623396,31.42,1012.2209375,49.384765625,209.6875,-6.0625,-161.6875,-0.89,3.26,-9.13,0.125,0.1875,0.5,127,-171.3653744556234,stopped,0.0,0.0,
2026-08-03T16:25:42.006,372.262,clearing_landing_area,35.918202083333334,139.90785528333333,28.064,0.5093,True,15,1,35.9184062,139.9079523,24.320127267282164,21.052874455623396,31.41,1012.204921875,49.4072265625,209.75,-5.875,-161.4375,-0.89,3.31,-9.15,0.0625,0.0,-0.125,191,-171.3028744556234,stopped,0.0,0.0,
2026-08-03T16:25:42.507,372.762,clearing_landing_area,35.918201583333335,139.90786078333332,28.051,0.5093,True,15,1,35.9184062,139.9079523,24.198897371139882,19.91110435832445,31.37,1012.1946875,49.7138671875,209.8125,-5.5625,-161.0,-0.85,3.28,-9.16,0.125,0.0625,-0.0625,191,-170.09860435832445,stopped,0.0,0.0,
2026-08-03T16:25:43.010,373.266,clearing_landing_area,35.918201583333335,139.90786078333332,28.051,0.5093,True,15,1,35.9184062,139.9079523,24.198897371139882,19.91110435832445,31.37,1012.1946875,49.783203125,209.8125,-5.5625,-160.9375,-0.87,3.29,-9.18,0.0,0.0625,0.0625,191,-170.09860435832445,stopped,0.0,0.0,
2026-08-03T16:25:43.515,373.770,clearing_landing_area,35.9182008,139.90786598333332,28.049,0.4990111111111111,True,15,1,35.9184062,139.9079523,24.125895940982577,18.794989533317164,31.34,1012.119140625,49.8134765625,209.875,-5.4375,-160.8125,-0.87,3.28,-9.18,0.0625,0.125,0.0,191,-168.91998953331716,stopped,0.0,0.0,
2026-08-03T16:25:44.015,374.271,clearing_landing_area,35.9182008,139.90786598333332,28.049,0.4990111111111111,True,15,1,35.9184062,139.9079523,24.125895940982577,18.794989533317164,31.35,1012.1626953125,49.7919921875,209.875,-5.4375,-160.8125,-0.85,3.28,-9.16,-0.0625,0.125,0.0625,191,-168.91998953331716,stopped,0.0,0.0,
2026-08-03T16:25:44.518,374.773,clearing_landing_area,35.91820008333333,139.90787118333333,28.044,0.4938666666666666,True,15,1,35.9184062,139.9079523,24.0550399517855,17.677888869520018,31.36,1012.1434765625,49.7001953125,209.875,-5.4375,-160.8125,-0.86,3.28,-9.15,0.0,0.0,-0.125,191,-167.80288886952002,stopped,0.0,0.0,
2026-08-03T16:25:45.020,375.276,clearing_landing_area,35.91820008333333,139.90787118333333,28.044,0.4938666666666666,True,15,1,35.9184062,139.9079523,24.0550399517855,17.677888869520018,31.36,1012.1162890625,49.7001953125,209.875,-5.4375,-160.8125,-0.86,3.29,-9.17,0.0625,-0.125,0.0625,191,-167.80288886952002,stopped,0.0,0.0,
2026-08-03T16:25:45.521,375.776,clearing_landing_area,35.918199083333334,139.90787638333333,28.041,0.48872222222222217,True,14,1,35.9184062,139.9079523,24.0235811239198,16.533208235564814,31.36,1012.178671875,49.6328125,209.875,-5.4375,-160.8125,-0.86,3.29,-9.16,8.0,0.0,0.0,191,-166.6582082355648,stopped,0.0,0.0,
2026-08-03T16:25:46.021,376.277,clearing_landing_area,35.918199083333334,139.90787638333333,28.041,0.48872222222222217,True,14,1,35.9184062,139.9079523,24.0235811239198,16.533208235564814,31.36,1012.178671875,49.6552734375,209.875,-5.4375,-160.8125,-0.87,3.28,-9.17,-0.0625,0.0625,0.0,191,-166.6582082355648,stopped,0.0,0.0,
2026-08-03T16:25:46.522,376.777,clearing_landing_area,35.9181966,139.90788108333334,28.029,0.4938666666666666,True,13,1,35.9184062,139.9079523,24.172708017763277,15.385156274972871,31.36,1012.178671875,49.6787109375,209.875,-5.4375,-160.8125,-0.84,3.3,-9.16,0.125,-0.0625,0.125,191,-165.51015627497287,stopped,0.0,0.0,
2026-08-03T16:25:47.022,377.278,clearing_landing_area,35.9181966,139.90788108333334,28.029,0.4938666666666666,True,13,1,35.9184062,139.9079523,24.172708017763277,15.385156274972871,31.37,1012.1594921875,49.7587890625,209.875,-5.4375,-160.8125,-0.85,3.28,-9.14,0.125,0.0625,-0.0625,191,-165.51015627497287,stopped,0.0,0.0,
2026-08-03T16:25:47.522,377.778,clearing_landing_area,35.918194283333335,139.90788458333333,28.023,0.4732888888888889,True,13,1,35.9184062,139.9079523,24.340304992121617,14.508914879017482,31.35,1012.1626953125,49.9072265625,25.3125,-5.75,101.75,2.09,-10.74,-2.7,396.25,-38.1875,43.625,191,10.803585120982518,forward,0.0,100.0,
2026-08-03T16:25:48.023,378.278,clearing_landing_area,35.918194283333335,139.90788458333333,28.023,0.4732888888888889,True,13,1,35.9184062,139.9079523,24.340304992121617,14.508914879017482,31.34,1012.1927734375,49.90625,335.3125,-4.875,30.9375,-0.77,-4.41,2.91,405.3125,-199.6875,244.5625,127,-39.19641487901748,forward,19.15625,100.0,
2026-08-03T16:25:48.525,378.780,clearing_landing_area,35.918196783333336,139.90788348333334,27.956,0.1389,True,13,1,35.9184062,139.9079523,24.09656851096216,14.90253658773588,31.34,1012.2199609375,49.5830078125,227.4375,6.125,-23.8125,0.34,5.77,11.61,1.5,37.375,116.1875,63,-147.46503658773588,forward,80.0,0.0,
2026-08-03T16:25:49.025,379.281,clearing_landing_area,35.918196783333336,139.90788348333334,27.956,0.1389,True,13,1,35.9184062,139.9079523,24.09656851096216,14.90253658773588,31.34,1012.20078125,49.548828125,226.4375,7.4375,-4.6875,1.05,-1.24,10.3,-108.1875,-13.5625,-50.5625,63,-148.46503658773588,turn_right,20.0,-20.0,
2026-08-03T16:25:49.526,379.781,clearing_landing_area,35.918195583333336,139.9078795,27.736,0.13375555555555557,True,13,1,35.9184062,139.9079523,24.31977043641427,15.63837219167823,31.31,1012.152734375,49.5341796875,273.9375,2.3125,-23.75,1.45,4.09,8.53,6.5625,-6.875,-31.4375,63,-101.70087219167823,turn_right,30.0,-30.0,
2026-08-03T16:25:50.026,380.282,clearing_landing_area,35.918195583333336,139.9078795,27.736,0.13375555555555557,True,13,1,35.9184062,139.9079523,24.31977043641427,15.63837219167823,31.31,1012.1255078125,49.5458984375,284.4375,1.0,-23.3125,-0.53,3.89,9.0,-12.875,-16.5625,-46.625,63,-91.20087219167823,turn_right,30.0,-30.0,
2026-08-03T16:25:50.526,380.782,clearing_landing_area,35.918197983333336,139.90787898333335,27.58,0.03601111111111111,True,13,1,35.9184062,139.9079523,24.075606482064536,15.916200233240147,31.3,1012.1361328125,49.46484375,335.75,-3.875,-22.4375,-1.19,3.56,8.52,-4.75,-16.8125,-46.375,191,-40.16620023324015,turn_right,30.0,-30.0,
2026-08-03T16:25:51.027,381.282,clearing_landing_area,35.918197983333336,139.90787898333335,27.58,0.03601111111111111,True,13,1,35.9184062,139.9079523,24.075606482064536,15.916200233240147,31.31,1012.198515625,49.5458984375,348.8125,-5.1875,-21.9375,-1.39,3.9,8.6,-6.6875,-13.1875,-45.4375,191,-27.103700233240147,turn_right,30.0,-30.0,
2026-08-03T16:25:51.528,381.783,clearing_landing_area,35.91819868333333,139.9078771,27.45,0.0463,True,15,1,35.9184062,139.9079523,24.04797023500652,16.355645605409677,31.3,1012.1361328125,49.4072265625,15.125,-6.4375,-18.625,-1.05,3.27,9.07,0.25,0.1875,-0.0625,191,-1.230645605409677,stopped,0.0,0.0,
2026-08-03T16:25:52.029,382.284,clearing_landing_area,35.91819868333333,139.9078771,27.45,0.0463,True,15,1,35.9184062,139.9079523,24.04797023500652,16.355645605409677,31.3,1012.1280859375,49.5439453125,15.125,-6.375,-18.75,-0.99,3.21,9.13,8.0,0.125,0.0,191,-1.230645605409677,stopped,0.0,0.0,
2026-08-03T16:25:52.529,382.785,clearing_landing_area,35.91819878333333,139.90787698333332,27.446,0.07202222222222222,True,15,1,35.9184062,139.9079523,24.04026284275479,16.38713433680408,29.15,1009.173515625,49.505859375,15.0625,-6.25,-18.9375,-1.03,3.23,9.14,-0.0625,-0.125,0.0625,191,-1.3246343368040812,stopped,0.0,0.0,
2026-08-03T16:25:53.029,383.285,clearing_landing_area,35.91819878333333,139.90787698333332,27.446,0.07202222222222222,True,15,1,35.9184062,139.9079523,24.04026284275479,16.38713433680408,31.29,1012.1201171875,49.498046875,15.0625,-6.25,-18.9375,-0.98,3.2,9.15,0.0625,-0.3125,-0.0625,191,-1.3246343368040812,stopped,0.0,0.0,
2026-08-03T16:25:53.530,383.786,clearing_landing_area,35.9181989,139.90787698333332,27.445,0.11832222222222223,True,14,1,35.9184062,139.9079523,24.027817366925277,16.395861704176923,31.26,1012.118125,49.81640625,15.0625,-6.25,-18.9375,-1.03,3.2,9.1,0.0,0.125,0.125,191,-1.333361704176923,stopped,0.0,0.0,
2026-08-03T16:25:54.038,384.294,clearing_landing_area,35.9181989,139.90787698333332,27.445,0.11832222222222223,True,14,1,35.9184062,139.9079523,24.027817366925277,16.395861704176923,31.25,1012.16453125,49.8271484375,15.0625,-6.25,-18.9375,-0.99,3.18,9.14,0.0625,-0.0625,-0.125,191,-1.333361704176923,stopped,0.0,0.0,
2026-08-03T16:25:54.539,384.795,clearing_landing_area,35.9181989,139.9078771,27.448,0.10803333333333333,True,15,1,35.9184062,139.9079523,24.024853916773104,16.37182527586384,31.24,1012.2029296875,49.642578125,15.0625,-6.25,-18.9375,-1.02,3.21,9.1,0.1875,-0.0625,0.0625,191,-1.3093252758638414,stopped,0.0,0.0,
2026-08-03T16:25:55.040,385.296,clearing_landing_area,35.9181989,139.9078771,27.448,0.10803333333333333,True,15,1,35.9184062,139.9079523,24.024853916773104,16.37182527586384,31.26,1012.199765625,49.6435546875,15.0625,-6.25,-18.9375,-1.01,3.19,9.13,0.0625,0.0,0.0625,191,-1.3093252758638414,stopped,0.0,0.0,
2026-08-03T16:25:55.541,385.796,clearing_landing_area,35.918199,139.9078772,27.451,0.08745555555555556,True,15,1,35.9184062,139.9079523,24.01164763334373,16.358687589439796,31.26,1012.199765625,49.5400390625,15.0625,-6.25,-18.9375,-1.01,3.22,9.13,0.0,0.0625,0.0,191,-1.2961875894397963,stopped,0.0,0.0,
2026-08-03T16:25:56.041,386.297,clearing_landing_area,35.918199,139.9078772,27.451,0.08745555555555556,True,15,1,35.9184062,139.9079523,24.01164763334373,16.358687589439796,31.26,1012.172578125,49.5283203125,15.0625,-6.25,-18.9375,-1.0,3.22,9.11,0.0625,-0.0625,0.125,191,-1.2961875894397963,stopped,0.0,0.0,
2026-08-03T16:25:56.542,386.797,clearing_landing_area,35.918199083333334,139.9078772,27.456,0.0463,True,15,1,35.9184062,139.9079523,24.002756653898373,16.364917395024747,31.19,1012.7750390625,49.6591796875,15.0625,-6.25,-18.9375,-1.06,3.2,9.12,0.0,0.0,0.0625,191,-1.3024173950247473,stopped,0.0,0.0,
2026-08-03T16:25:57.042,387.297,clearing_landing_area,35.918199083333334,139.9078772,27.456,0.0463,True,15,1,35.9184062,139.9079523,24.002756653898373,16.364917395024747,31.19,1012.122265625,49.6591796875,15.0625,-6.25,-18.9375,-1.07,3.21,9.11,0.0625,0.0,0.25,191,-1.3024173950247473,stopped,0.0,0.0,
2026-08-03T16:25:57.542,387.802,clearing_landing_area,35.91819938333333,139.9078771,27.458,0.030866666666666664,True,16,1,35.9184062,139.9079523,23.973293671757173,16.408030817356916,31.16,1012.1826953125,49.8857421875,15.0625,-6.25,-18.9375,-1.01,3.18,9.14,0.25,0.0,-0.125,191,-1.3455308173569165,stopped,0.0,0.0,
2026-08-03T16:25:58.043,388.298,clearing_landing_area,35.91819938333333,139.9078771,27.458,0.030866666666666664,True,16,1,35.9184062,139.9079523,23.973293671757173,16.408030817356916,31.18,1012.160625,49.921875,15.0625,-6.25,-18.9375,-1.01,3.25,9.12,0.25,0.0,0.0,191,-1.3455308173569165,stopped,0.0,0.0,
2026-08-03T16:25:58.543,388.799,clearing_landing_area,35.9181996,139.9078771,27.462,0.2212111111111111,True,16,1,35.9184062,139.9079523,23.95018357505422,16.42431148791053,31.18,1012.10625,49.7265625,13.75,-6.9375,-22.1875,-0.45,4.34,10.3,-3.3125,50.5625,-18.25,191,-2.674311487910529,forward,96.05,100.0,
2026-08-03T16:25:59.044,389.299,clearing_landing_area,35.9181996,139.9078771,27.462,0.2212111111111111,True,16,1,35.9184062,139.9079523,23.95018357505422,16.42431148791053,31.18,1012.1686328125,49.8544921875,13.4375,-7.1875,-22.8125,-0.61,5.76,6.71,-11.0,2.8125,-0.125,191,-2.986811487910529,forward,100.0,98.18125,
2026-08-03T16:25:59.544,389.800,clearing_landing_area,35.918199083333334,139.90787638333333,27.464,0.7253666666666666,True,16,1,35.9184062,139.9079523,24.0235811239198,16.533208235564814,31.16,1012.12828125,49.931640625,27.875,-5.9375,83.5625,-1.26,-9.36,0.76,14.3125,1.75,1.0,191,11.341791764435186,stopped,0.0,0.0,
2026-08-03T16:26:00.045,390.300,clearing_landing_area,35.918199083333334,139.90787638333333,27.464,0.7253666666666666,True,16,1,35.9184062,139.9079523,24.0235811239198,16.533208235564814,31.16,1012.237109375,49.8974609375,27.375,-6.625,73.9375,-1.24,-8.35,2.66,105.375,-36.125,7.9375,191,10.841791764435186,stopped,0.0,0.0,
2026-08-03T16:26:00.545,390.801,clearing_landing_area,35.918206483333336,139.90787698333332,27.411,0.6482,True,16,1,35.9184062,139.9079523,23.22009953784937,16.983187854747996,31.14,1012.259453125,49.9296875,28.6875,-4.875,-10.875,-0.64,0.58,9.77,-5.125,0.0625,3.8125,191,11.704312145252004,stopped,0.0,0.0,
2026-08-03T16:26:01.049,391.304,clearing_landing_area,35.918206483333336,139.90787698333332,27.411,0.6482,True,16,1,35.9184062,139.9079523,23.22009953784937,16.983187854747996,31.14,1012.1506640625,49.8837890625,28.625,-4.875,-11.6875,-0.89,2.07,9.44,1.875,0.0625,-0.125,191,11.641812145252004,stopped,0.0,0.0,
2026-08-03T16:26:01.549,391.805,clearing_landing_area,35.9182124,139.9078772,27.369,0.6121888888888889,True,16,1,35.9184062,139.9079523,22.58585446177143,17.423345624527997,31.14,1012.2050390625,49.802734375,25.25,-4.8125,-11.9375,-0.74,2.1,9.46,0.0,0.0625,0.0,191,7.826654375472003,stopped,0.0,0.0,
2026-08-03T16:26:02.050,392.305,clearing_landing_area,35.9182124,139.9078772,27.369,0.6121888888888889,True,16,1,35.9184062,139.9079523,22.58585446177143,17.423345624527997,31.14,1012.2050390625,49.849609375,25.0,-4.75,-11.9375,-0.76,2.09,9.45,0.125,-0.0625,-0.125,255,7.576654375472003,stopped,0.0,0.0,
2026-08-03T16:26:02.556,392.812,clearing_landing_area,35.918216183333335,139.90787658333332,27.385,0.46299999999999997,True,16,1,35.9184062,139.9079523,22.201817902940963,17.885163700806743,25.88,1003.919296875,49.8203125,23.9375,-4.75,-12.0,-0.73,2.08,9.46,0.0,-0.125,0.0625,255,6.052336299193257,stopped,0.0,0.0,
2026-08-03T16:26:03.064,393.320,clearing_landing_area,35.918216183333335,139.90787658333332,27.385,0.46299999999999997,True,16,1,35.9184062,139.9079523,22.201817902940963,17.885163700806743,31.12,1012.1807421875,49.986328125,23.8125,-4.75,-12.0,-0.77,2.08,9.46,0.0,-0.1875,0.125,255,5.927336299193257,stopped,0.0,0.0,
2026-08-03T16:26:03.565,393.820,clearing_landing_area,35.9182196,139.90787558333332,27.405,0.42698888888888886,True,16,1,35.9184062,139.9079523,21.86885398154701,18.415390122176007,31.1,1012.2030859375,49.9951171875,23.8125,-4.75,-12.0,-0.78,2.08,9.45,0.0,-0.1875,0.0625,255,5.397109877823993,stopped,0.0,0.0,
2026-08-03T16:26:04.065,394.321,clearing_landing_area,35.9182196,139.90787558333332,27.405,0.42698888888888886,True,16,1,35.9184062,139.9079523,21.86885398154701,18.415390122176007,31.1,1012.195078125,49.9951171875,23.8125,-4.75,-12.0,-0.75,2.07,9.45,0.25,0.0625,-0.0625,255,5.397109877823993,stopped,0.0,0.0,
2026-08-03T16:26:04.566,394.821,clearing_landing_area,35.9182208,139.9078757,27.424,0.2778,True,16,1,35.9184062,139.9079523,21.73895798557601,18.50021589979673,31.09,1012.1867578125,49.970703125,23.8125,-4.75,-12.0,-0.73,2.06,9.45,-0.0625,-0.0625,-0.125,255,5.3122841002032715,stopped,0.0,0.0,
2026-08-03T16:26:05.066,395.322,clearing_landing_area,35.9182208,139.9078757,27.424,0.2778,True,16,1,35.9184062,139.9079523,21.73895798557601,18.50021589979673,31.09,1012.1787890625,49.9365234375,23.8125,-4.75,-12.0,-0.8,2.08,9.49,0.0,-0.0625,0.125,255,5.3122841002032715,stopped,0.0,0.0,
2026-08-03T16:26:05.567,395.822,clearing_landing_area,35.918222783333334,139.9078753,27.438,0.26751111111111114,True,16,1,35.9184062,139.9079523,21.541499553820714,18.7771997584029,31.09,1012.2059375,49.8212890625,25.375,-4.625,-40.5625,2.18,8.63,7.04,-239.375,-12.1875,-26.125,255,6.597800241597099,forward,100.0,100.0,
2026-08-03T16:26:06.067,396.323,clearing_landing_area,35.918222783333334,139.9078753,27.438,0.26751111111111114,True,16,1,35.9184062,139.9079523,21.541499553820714,18.7771997584029,31.07,1013.0712890625,49.853515625,25.0,-7.25,-19.3125,-3.57,0.1,9.72,-50.125,-50.875,29.1875,255,6.222800241597099,forward,100.0,99.84375,
2026-08-03T16:26:06.568,396.823,clearing_landing_area,35.9182257,139.90787828333333,27.395,0.4115555555555556,True,16,1,35.9184062,139.9079523,21.148496860354555,18.370920686004524,31.04,1012.18796875,50.0576171875,25.5,-2.625,8.6875,0.21,-2.3,8.41,-107.5625,13.0,-11.875,127,7.129079313995476,reverse,-10.0,-10.0,
2026-08-03T16:26:07.068,397.323,clearing_landing_area,35.9182257,139.90787828333333,27.395,0.4115555555555556,True,16,1,35.9184062,139.9079523,21.148496860354555,18.370920686004524,31.04,1012.13359375,49.9775390625,23.6875,-2.8125,22.125,-0.5,-4.52,8.37,-70.875,-7.75,7.625,191,5.316579313995476,reverse,-40.0,-40.0,
2026-08-03T16:26:07.568,397.824,clearing_landing_area,35.91823158333333,139.9078781,27.257,0.5350222222222223,True,16,1,35.9184062,139.9079523,20.534042188695533,18.98995574785988,31.02,1012.1476171875,50.03125,205.9375,-7.9375,-166.6875,-2.12,0.09,-12.45,-579.75,-1.75,-0.375,191,-173.05245574785988,reverse,-60.0,-60.0,
2026-08-03T16:26:08.069,398.324,clearing_landing_area,35.91823158333333,139.9078781,27.257,0.5350222222222223,True,16,1,35.9184062,139.9079523,20.534042188695533,18.98995574785988,31.0,1012.15078125,50.1337890625,203.625,-7.8125,-151.25,-0.8,3.23,-5.58,-47.375,-7.375,-7.0,63,-175.36495574785988,reverse,-60.0,-60.0,
2026-08-03T16:26:08.569,398.825,clearing_landing_area,35.9182354,139.9078796,27.235,0.5041555555555556,True,16,1,35.9184062,139.9079523,20.088793677925267,19.019540832644793,30.95,1012.1327734375,50.359375,243.5,-4.1875,-149.6875,0.07,3.53,-8.96,3.9375,-22.25,98.625,63,-135.5195408326448,turn_right,30.0,-30.0,
2026-08-03T16:26:09.069,399.325,clearing_landing_area,35.9182354,139.9078796,27.235,0.5041555555555556,True,16,1,35.9184062,139.9079523,20.088793677925267,19.019540832644793,30.94,1012.2171875,50.37890625,260.4375,-0.9375,-148.625,-0.05,4.43,-8.5,-10.0625,-21.625,75.75,63,-118.5820408326448,turn_right,30.0,-30.0,
2026-08-03T16:26:09.570,399.825,clearing_landing_area,35.9182373,139.90787978333333,27.205,0.3086666666666667,True,16,1,35.9184062,139.9079523,19.88374809452152,19.172962375645284,30.93,1012.173984375,50.59765625,132.3125,6.3125,124.25,6.99,-14.18,-8.39,368.375,-63.0,39.0625,63,113.13953762435472,forward,100.0,0.0,
2026-08-03T16:26:10.071,400.327,clearing_landing_area,35.9182373,139.90787978333333,27.205,0.3086666666666667,True,16,1,35.9184062,139.9079523,19.88374809452152,19.172962375645284,30.94,1012.19,50.5400390625,166.0,6.75,87.6875,4.58,-12.06,1.05,101.5,383.0,-85.375,127,146.82703762435472,forward,100.0,16.393749999999997,
2026-08-03T16:26:10.572,400.827,clearing_landing_area,35.91823708333333,139.90788328333332,27.198,0.15947777777777777,True,16,1,35.9184062,139.9079523,19.805349899046686,18.288813883361627,30.93,1012.201171875,50.5400390625,275.4375,0.6875,-30.1875,0.74,4.08,14.01,-14.9375,-59.8125,-71.8125,127,-102.85131388336163,forward,0.0,80.0,
2026-08-03T16:26:11.072,401.327,clearing_landing_area,35.91823708333333,139.90788328333332,27.198,0.15947777777777777,True,16,1,35.9184062,139.9079523,19.805349899046686,18.288813883361627,30.93,1012.146796875,50.40234375,280.75,1.0625,-15.9375,1.6,0.74,11.74,-68.5625,-15.4375,-41.5625,127,-97.53881388336163,turn_right,15.0,-15.0,
2026-08-03T16:26:11.572,401.828,clearing_landing_area,35.91823288333333,139.90787848333332,27.142,0.14918888888888887,True,16,1,35.9184062,139.9079523,20.386128255330647,19.030418868769857,30.92,1012.07609375,50.353515625,318.6875,-3.3125,-22.625,-0.38,4.72,8.37,23.5625,-0.9375,-46.9375,127,-60.34291886876986,turn_right,30.0,-30.0,
2026-08-03T16:26:12.073,402.329,clearing_landing_area,35.91823288333333,139.90787848333332,27.142,0.14918888888888887,True,16,1,35.9184062,139.9079523,20.386128255330647,19.030418868769857,30.9,1012.21515625,50.43359375,329.4375,-4.75,-20.8125,-0.36,3.03,8.79,10.25,-14.25,-45.75,63,-49.59291886876986,turn_right,30.0,-30.0,
2026-08-03T16:26:12.574,402.829,clearing_landing_area,35.91823218333333,139.90787788333333,27.09,0.11832222222222223,True,16,1,35.9184062,139.9079523,20.477344636734962,19.102321435717215,30.9,1012.21515625,50.4912109375,342.375,-5.875,-20.8125,-0.56,3.51,8.29,-0.8125,3.875,-3.9375,191,-36.727321435717215,turn_right,30.0,-30.0,
2026-08-03T16:26:13.074,403.330,clearing_landing_area,35.91823218333333,139.90787788333333,27.09,0.11832222222222223,True,16,1,35.9184062,139.9079523,20.477344636734962,19.102321435717215,30.89,1012.2183203125,50.51171875,345.125,-5.9375,-21.25,-1.19,4.22,8.94,4.625,-1.3125,-0.25,191,-33.977321435717215,turn_right,30.0,-30.0,
2026-08-03T16:26:13.574,403.830,clearing_landing_area,35.91823098333333,139.90787978333333,26.978,0.09774444444444444,True,16,1,35.9184062,139.9079523,20.548464141662883,18.52974733543016,30.85,1012.107578125,50.806640625,8.75,-6.9375,-17.6875,-1.35,2.83,10.2,0.125,-23.8125,-99.875,63,-9.779747335430159,turn_right,30.0,-30.0,
2026-08-03T16:26:14.083,404.339,clearing_landing_area,35.91823098333333,139.90787978333333,26.978,0.09774444444444444,True,16,1,35.9184062,139.9079523,20.548464141662883,18.52974733543016,30.87,1012.1316015625,50.8544921875,15.875,-7.3125,-16.875,-1.59,3.43,9.4,8.3125,-12.625,-5.1875,191,-2.6547473354301587,stopped,0.0,0.0,
2026-08-03T16:26:14.589,404.845,clearing_landing_area,35.91823088333334,139.90787968333333,26.968,0.06173333333333333,True,16,1,35.9184062,139.9079523,20.56186961255492,18.543692616245664,30.86,1012.15078125,50.7744140625,15.3125,-7.1875,-16.5625,-1.26,2.94,9.22,0.0625,-0.125,0.0,191,-3.2311926162456643,stopped,0.0,0.0,
2026-08-03T16:26:15.091,405.346,clearing_landing_area,35.91823088333334,139.90787968333333,26.968,0.06173333333333333,True,16,1,35.9184062,139.9079523,20.56186961255492,18.543692616245664,30.86,1012.1155859375,50.75,15.3125,-7.25,-16.6875,-1.26,2.89,9.19,0.25,0.1875,-0.125,191,-3.2311926162456643,stopped,0.0,0.0,
2026-08-03T16:26:15.591,405.847,clearing_landing_area,35.918230783333335,139.9078795,26.959,0.0463,True,17,1,35.9184062,139.9079523,20.577665839800943,18.57742799983913,30.85,1012.189140625,50.623046875,15.3125,-7.3125,-16.9375,-1.26,2.92,9.18,-0.3125,-0.0625,0.0625,191,-3.2649279998391307,stopped,0.0,0.0,
2026-08-03T16:26:16.091,406.347,clearing_landing_area,35.918230783333335,139.9078795,26.959,0.0463,True,17,1,35.9184062,139.9079523,20.577665839800943,18.57742799983913,30.85,1012.107578125,50.599609375,15.3125,-7.3125,-16.9375,-1.28,2.92,9.22,-0.0625,-0.125,0.0625,191,-3.2649279998391307,stopped,0.0,0.0,
2026-08-03T16:26:16.595,406.851,clearing_landing_area,35.918230683333334,139.90787938333332,26.954,0.015433333333333332,True,17,1,35.9184062,139.9079523,20.591554016502858,18.595280660389562,30.85,1012.1264453125,50.404296875,15.3125,-7.3125,-16.9375,-1.28,2.92,9.22,0.3125,-0.125,0.0,127,-3.2827806603895624,stopped,0.0,0.0,
2026-08-03T16:26:17.103,407.359,clearing_landing_area,35.918230683333334,139.90787938333332,26.954,0.015433333333333332,True,17,1,35.9184062,139.9079523,20.591554016502858,18.595280660389562,30.83,1012.0480859375,50.5400390625,15.3125,-7.3125,-16.9375,-1.27,2.94,9.21,0.0625,-0.0625,0.0625,127,-3.2827806603895624,stopped,0.0,0.0,
2026-08-03T16:26:17.604,407.859,clearing_landing_area,35.9182306,139.90787938333332,26.951,0.010288888888888889,True,16,1,35.9184062,139.9079523,20.600336725044343,18.587062379034023,30.81,1012.151640625,50.400390625,15.3125,-7.3125,-16.9375,-1.28,2.92,9.2,0.125,-0.125,0.0625,127,-3.2745623790340233,stopped,0.0,0.0,
2026-08-03T16:26:18.104,408.359,clearing_landing_area,35.9182306,139.90787938333332,26.951,0.010288888888888889,True,16,1,35.9184062,139.9079523,20.600336725044343,18.587062379034023,30.81,1012.1164453125,50.5146484375,15.3125,-7.3125,-16.9375,-1.29,2.91,9.16,-0.125,0.0,0.0625,127,-3.2745623790340233,stopped,0.0,0.0,
2026-08-03T16:26:18.610,408.866,clearing_landing_area,35.9182306,139.90787928333333,26.947,0.15947777777777777,True,16,1,35.9184062,139.9079523,20.603208850670036,18.610798740913935,30.8,1012.1355859375,50.5830078125,15.3125,-7.3125,-16.9375,-1.29,2.92,9.2,0.1875,-0.0625,0.0625,127,-3.2982987409139355,stopped,0.0,0.0,
2026-08-03T16:26:19.111,409.366,clearing_landing_area,35.9182306,139.90787928333333,26.947,0.15947777777777777,True,16,1,35.9184062,139.9079523,20.603208850670036,18.610798740913935,30.79,1012.0572265625,50.615234375,15.3125,-7.3125,-16.9375,-1.26,2.92,9.22,0.0,0.0625,0.0625,127,-3.2982987409139355,stopped,0.0,0.0,
2026-08-03T16:26:19.611,409.867,clearing_landing_area,35.91823028333334,139.9078791,26.945,0.15433333333333335,True,16,1,35.9184062,139.9079523,20.641848570916977,18.623036135803034,30.8,1012.1084375,50.951171875,15.3125,-7.3125,-16.9375,-1.29,2.91,9.19,0.0,0.0625,0.25,127,-3.3105361358030336,stopped,0.0,0.0,
2026-08-03T16:26:20.112,410.367,clearing_landing_area,35.91823028333334,139.9078791,26.945,0.15433333333333335,True,16,1,35.9184062,139.9079523,20.641848570916977,18.623036135803034,30.8,1012.1004296875,50.8125,15.3125,-7.3125,-16.9375,-0.02,2.91,9.18,0.0625,0.0,-0.0625,127,-3.3105361358030336,stopped,0.0,0.0,
2026-08-03T16:26:20.612,410.867,clearing_landing_area,35.918230083333334,139.90787918333334,26.95,0.19548888888888888,True,16,1,35.9184062,139.9079523,20.66053158396232,18.583620156297798,30.81,1012.17078125,50.6064453125,357.3125,-6.3125,-20.0,0.2,1.32,3.37,-70.6875,62.0625,102.5625,191,-21.271120156297798,forward,100.0,18.450000000000003,
2026-08-03T16:26:21.112,411.368,clearing_landing_area,35.918230083333334,139.90787918333334,26.95,0.19548888888888888,True,16,1,35.9184062,139.9079523,20.66053158396232,18.583620156297798,30.8,1013.386015625,50.45703125,357.0625,-5.875,-22.3125,3.12,4.63,16.27,10.9375,23.625,-49.1875,191,-21.521120156297798,forward,100.0,87.6,
2026-08-03T16:26:21.613,411.868,clearing_landing_area,35.91822978333333,139.9078791,26.95,0.4115555555555556,True,16,1,35.9184062,139.9079523,20.694542572973763,18.573880239539392,30.79,1012.1115625,50.546875,11.9375,-4.5,31.5,-2.62,-4.36,7.5,-17.875,-11.75,1.4375,191,-6.636380239539392,stopped,0.0,0.0,
2026-08-03T16:26:22.120,412.376,clearing_landing_area,35.91822978333333,139.9078791,26.95,0.4115555555555556,True,16,1,35.9184062,139.9079523,20.694542572973763,18.573880239539392,30.78,1012.1851171875,50.4775390625,24.25,-4.3125,33.9375,-1.75,-4.0,7.27,99.6875,31.9375,-72.1875,63,5.676119760460608,stopped,0.0,0.0,
2026-08-03T16:26:22.630,412.886,clearing_landing_area,35.918234383333335,139.9078791,26.927,0.6687777777777778,True,16,1,35.9184062,139.9079523,20.21034459242795,19.035774922117014,30.78,1012.1307421875,50.3974609375,23.25,-4.5,-12.0,-0.9,2.31,9.37,0.375,0.0625,-0.125,191,4.214225077882986,stopped,0.0,0.0,
2026-08-03T16:26:23.140,413.396,clearing_landing_area,35.918234383333335,139.9078791,26.927,0.6687777777777778,True,16,1,35.9184062,139.9079523,20.21034459242795,19.035774922117014,30.78,1012.176796875,50.4072265625,23.25,-4.5625,-12.125,-0.89,2.25,9.41,0.0625,0.0,-0.0625,191,4.214225077882986,stopped,0.0,0.0,
2026-08-03T16:26:23.651,413.906,clearing_landing_area,35.9182372,139.90787748333332,26.912,0.31895555555555555,True,16,1,35.9184062,139.9079523,19.963196156758414,19.723961593913543,30.77,1012.1144140625,50.61328125,23.25,-4.8125,-12.6875,-0.9,2.25,9.39,-0.0625,0.0625,0.0,191,3.5260384060864567,stopped,0.0,0.0,
2026-08-03T16:26:24.156,414.412,clearing_landing_area,35.9182372,139.90787748333332,26.912,0.31895555555555555,True,16,1,35.9184062,139.9079523,19.963196156758414,19.723961593913543,30.77,1012.16078125,50.63671875,23.25,-4.875,-12.75,-0.9,2.26,9.42,-0.1875,-0.0625,-0.125,191,3.5260384060864567,stopped,0.0,0.0,
2026-08-03T16:26:24.657,414.912,clearing_landing_area,35.91823838333333,139.90787648333333,26.919,0.22635555555555556,True,16,1,35.9184062,139.9079523,19.870146761269435,20.09644226881801,30.76,1012.1527734375,50.751953125,23.25,-4.9375,-12.875,-0.87,2.26,9.42,0.0,-0.0625,-0.0625,191,3.1535577311819907,stopped,0.0,0.0,
2026-08-03T16:26:25.157,415.413,clearing_landing_area,35.91823838333333,139.90787648333333,26.919,0.22635555555555556,True,16,1,35.9184062,139.9079523,19.870146761269435,20.09644226881801,30.76,1012.179921875,50.7744140625,23.25,-4.9375,-12.875,-0.9,2.24,9.38,-0.0625,0.0625,0.0,191,3.1535577311819907,stopped,0.0,0.0,
2026-08-03T16:26:25.658,415.913,clearing_landing_area,35.918238083333335,139.90787608333332,26.907,0.20063333333333333,True,17,1,35.9184062,139.9079523,19.913863551160986,20.160791876902863,30.76,1012.090390625,50.96875,23.25,-4.9375,-12.875,-0.89,2.27,9.4,-0.0625,-0.0625,-0.0625,191,3.089208123097137,stopped,0.0,0.0,
2026-08-03T16:26:26.158,416.414,clearing_landing_area,35.918238083333335,139.90787608333332,26.907,0.20063333333333333,True,17,1,35.9184062,139.9079523,19.913863551160986,20.160791876902863,30.75,1012.19109375,50.9560546875,23.25,-4.9375,-12.875,-0.86,2.25,9.41,-0.0625,-0.0625,0.0625,191,3.089208123097137,stopped,0.0,0.0,
2026-08-03T16:26:26.659,416.914,clearing_landing_area,35.9182367,139.90787298333333,26.862,0.16462222222222223,True,17,1,35.9184062,139.9079523,20.155556880226477,20.755037761810172,30.75,1012.1639453125,50.7265625,23.25,-4.9375,-12.875,-0.88,2.27,9.38,0.0,0.125,0.0,191,2.494962238189828,stopped,0.0,0.0,
2026-08-03T16:26:27.159,417.414,clearing_landing_area,35.9182367,139.90787298333333,26.862,0.16462222222222223,True,17,1,35.9184062,139.9079523,20.155556880226477,20.755037761810172,29.98,1011.5986328125,50.6640625,23.25,-4.9375,-12.875,-0.88,2.25,9.41,0.0625,0.0,0.0625,191,2.494962238189828,stopped,0.0,0.0,
2026-08-03T16:26:27.659,417.915,clearing_landing_area,35.91823528333333,139.9078724,26.798,0.1389,True,17,1,35.9184062,139.9079523,20.321476620240905,20.736141745981627,30.75,1012.1827734375,50.71484375,23.25,-4.9375,-12.875,-0.89,2.25,9.4,0.0,0.125,0.0,191,2.5138582540183734,stopped,0.0,0.0,
2026-08-03T16:26:28.162,418.417,clearing_landing_area,35.91823528333333,139.9078724,26.798,0.1389,True,17,1,35.9184062,139.9079523,20.321476620240905,20.736141745981627,30.75,1012.1367578125,50.830078125,27.9375,-4.8125,-44.4375,1.33,13.28,6.19,142.625,-63.125,30.875,127,7.201358254018373,forward,100.0,98.70625,
2026-08-03T16:26:28.662,418.918,clearing_landing_area,35.9182354,139.90787228333335,26.797,0.11832222222222223,True,17,1,35.9184062,139.9079523,20.31306917746733,20.77681147042972,30.73,1012.1312890625,50.8857421875,27.4375,-3.8125,-8.9375,2.02,2.73,17.7,18.0625,-33.375,-3.5625,191,6.66068852957028,forward,98.3125,100.0,
2026-08-03T16:26:29.163,419.418,clearing_landing_area,35.9182354,139.90787228333335,26.797,0.11832222222222223,True,17,1,35.9184062,139.9079523,20.31306917746733,20.77681147042972,30.71,1012.1807421875,50.6650390625,29.1875,-2.75,-3.1875,-1.3,-4.54,10.85,-178.3125,-50.8125,-11.1875,127,8.41068852957028,turn_left,-5.0,5.0,
2026-08-03T16:26:29.663,419.919,clearing_landing_area,35.9182354,139.90787208333333,26.795,0.8282555555555556,True,17,1,35.9184062,139.9079523,20.31946494261063,20.82429346552709,30.68,1012.24109375,50.9365234375,192.25,-3.25,142.0,-1.24,-5.52,-6.86,-147.1875,-12.75,1.625,127,171.4257065344729,stopped,0.0,0.0,
2026-08-03T16:26:30.163,420.419,clearing_landing_area,35.9182354,139.90787208333333,26.795,0.8282555555555556,True,17,1,35.9184062,139.9079523,20.31946494261063,20.82429346552709,30.67,1012.2058984375,50.9599609375,192.6875,-3.9375,-174.5,-1.15,1.44,-11.36,-286.3125,33.9375,26.75,127,171.8632065344729,stopped,0.0,0.0,
2026-08-03T16:26:30.664,420.919,clearing_landing_area,35.91824198333333,139.90787418333332,26.77,0.6276222222222222,True,17,1,35.9184062,139.9079523,19.5682010546684,21.06874010044544,30.62,1012.198671875,51.1259765625,194.1875,-2.6875,-161.5625,-0.54,2.96,-9.3,0.0,0.1875,-0.125,191,173.11875989955456,stopped,0.0,0.0,
2026-08-03T16:26:31.164,421.420,clearing_landing_area,35.91824198333333,139.90787418333332,26.77,0.6276222222222222,True,17,1,35.9184062,139.9079523,19.5682010546684,21.06874010044544,30.6,1012.2018359375,51.26171875,194.1875,-2.6875,-161.625,-0.53,2.96,-8.01,0.0,0.0,0.0625,191,173.11875989955456,stopped,0.0,0.0,
2026-08-03T16:26:31.665,421.920,clearing_landing_area,35.918247083333334,139.9078762,26.742,0.6121888888888889,True,17,1,35.9184062,139.9079523,18.973763917472827,21.172618214520128,30.11,1011.4472265625,51.5166015625,194.1875,-2.75,-161.75,-0.54,2.95,-9.29,0.0,0.125,0.0,191,173.01488178547987,stopped,0.0,0.0,
2026-08-03T16:26:32.166,422.421,clearing_landing_area,35.918247083333334,139.9078762,26.742,0.6121888888888889,True,17,1,35.9184062,139.9079523,18.973763917472827,21.172618214520128,30.57,1012.226953125,51.556640625,194.1875,-2.75,-161.75,-0.53,2.98,-9.29,0.0625,0.0,0.0625,191,173.01488178547987,stopped,0.0,0.0,
2026-08-03T16:26:32.666,422.921,clearing_landing_area,35.91825158333333,139.90787778333333,26.719,0.5864666666666666,True,17,1,35.9184062,139.9079523,18.455728173586486,21.320916720046966,30.56,1012.1642578125,51.4638671875,194.1875,-2.75,-161.75,-0.52,4.26,-9.28,0.125,0.0625,0.0,191,172.86658327995303,stopped,0.0,0.0,
2026-08-03T16:26:33.166,423.422,clearing_landing_area,35.91825158333333,139.90787778333333,26.719,0.5864666666666666,True,17,1,35.9184062,139.9079523,18.455728173586486,21.320916720046966,30.56,1012.21859375,51.44140625,194.1875,-2.75,-161.75,-0.53,2.97,-9.3,0.0625,0.125,0.0,191,172.86658327995303,stopped,0.0,0.0,
2026-08-03T16:26:33.667,423.922,clearing_landing_area,35.91825588333333,139.90787828333333,26.705,0.5556,True,17,1,35.9184062,139.9079523,17.99442688341703,21.740910036627724,30.55,1012.2217578125,51.51953125,194.1875,-2.75,-161.75,-0.52,2.96,-9.31,-0.0625,0.0,-0.1875,191,172.44658996337228,stopped,0.0,0.0,
2026-08-03T16:26:34.167,424.423,clearing_landing_area,35.91825588333333,139.90787828333333,26.705,0.5556,True,17,1,35.9184062,139.9079523,17.99442688341703,21.740910036627724,30.54,1012.1513671875,51.587890625,194.1875,-2.75,-161.75,-0.54,2.97,-9.29,0.0625,0.125,0.0,191,172.44658996337228,stopped,0.0,0.0,
2026-08-03T16:26:34.668,424.923,clearing_landing_area,35.918257483333335,139.9078748,26.671,0.4321333333333333,True,17,1,35.9184062,139.9079523,17.948916491234318,22.8814392092454,30.5,1012.176484375,51.515625,194.1875,-2.75,-161.75,-0.53,2.96,-9.3,-0.125,0.0,0.125,191,171.3060607907546,stopped,0.0,0.0,
2026-08-03T16:26:35.168,425.424,clearing_landing_area,35.918257483333335,139.9078748,26.671,0.4321333333333333,True,17,1,35.9184062,139.9079523,17.948916491234318,22.8814392092454,30.49,1012.16015625,51.490234375,194.1875,-2.75,-161.75,-0.53,2.97,-9.3,-0.0625,-0.1875,0.0625,191,171.3060607907546,stopped,0.0,0.0,
2026-08-03T16:26:35.679,425.934,clearing_landing_area,35.918259983333336,139.90787458333332,26.661,0.4167,True,17,1,35.9184062,139.9079523,17.700838978232788,23.289500118444096,30.48,1012.2336328125,51.443359375,242.625,4.75,-39.5,-4.69,10.96,12.48,-150.25,107.3125,92.0,63,-140.6645001184441,forward,100.0,0.0,
2026-08-03T16:26:36.179,426.435,clearing_landing_area,35.918259983333336,139.90787458333332,26.661,0.4167,True,17,1,35.9184062,139.9079523,17.700838978232788,23.289500118444096,30.48,1012.1984765625,51.4091796875,230.5,5.1875,-25.375,4.33,4.26,8.56,-77.75,94.875,22.25,63,-152.7895001184441,forward,73.3875,100.0,
2026-08-03T16:26:36.680,426.935,selfie,35.91825358333333,139.9078599,26.537,0.26236666666666664,True,17,1,35.9184062,139.9079523,18.90034182671517,,30.51,1012.1844921875,51.2509765625,219.875,5.9375,-22.6875,0.69,4.27,8.75,5.25,0.8125,-1.125,191,,stopped,0.0,0.0,
2026-08-03T16:26:37.187,427.442,selfie,35.91825358333333,139.9078599,26.537,0.26236666666666664,True,17,1,35.9184062,139.9079523,18.90034182671517,,30.51,1012.13015625,51.228515625,219.875,5.8125,-22.875,0.77,3.99,8.81,-0.3125,0.125,-0.375,191,,stopped,0.0,0.0,
2026-08-03T16:26:37.687,427.943,selfie,35.918249583333335,139.9078546,26.445,0.16462222222222223,True,17,1,35.9184062,139.9079523,19.511204943404294,,30.51,1012.1573046875,51.033203125,220.0,5.4375,-23.25,0.82,3.99,8.9,-0.3125,-0.5625,0.0,191,,stopped,0.0,0.0,
2026-08-03T16:26:38.188,428.443,selfie,35.918249583333335,139.9078546,26.445,0.16462222222222223,True,17,1,35.9184062,139.9079523,19.511204943404294,,30.52,1012.173359375,51.0224609375,220.0,5.375,-23.3125,0.78,3.97,8.82,-0.0625,0.125,-0.25,191,,stopped,0.0,0.0,
2026-08-03T16:26:38.688,428.944,selfie,35.91824858333333,139.9078547,26.357,0.06687777777777779,True,17,1,35.9184062,139.9079523,19.606479122356937,,30.52,1012.208515625,51.0927734375,220.0,5.25,-23.5,0.8,3.91,8.84,-0.3125,0.1875,-0.0625,191,,stopped,0.0,0.0,
2026-08-03T16:26:39.189,429.445,selfie,35.91824858333333,139.9078547,26.357,0.06687777777777779,True,17,1,35.9184062,139.9079523,19.606479122356937,,30.53,1012.2165625,51.138671875,220.0,5.25,-23.4375,0.82,3.93,8.83,0.1875,-0.125,-0.1875,63,,stopped,0.0,0.0,
2026-08-03T16:26:39.690,429.946,selfie,35.918248483333336,139.90785308333332,26.28,0.06173333333333333,True,17,1,35.9184062,139.9079523,19.682077773650185,,30.51,1012.246875,51.296875,220.0,5.25,-23.5625,0.84,3.84,8.86,0.3125,0.125,0.1875,60,,stopped,0.0,0.0,
2026-08-03T16:26:40.191,430.446,selfie,35.918248483333336,139.90785308333332,26.28,0.06173333333333333,True,17,1,35.9184062,139.9079523,19.682077773650185,,30.51,1012.238828125,51.33203125,220.0,5.25,-23.5,0.79,3.97,8.83,-0.375,0.0,0.125,60,,stopped,0.0,0.0,
2026-08-03T16:26:40.692,430.948,selfie,35.918248483333336,139.9078532,26.278,0.05658888888888889,True,17,1,35.9184062,139.9079523,19.677310817375098,,30.49,1012.2225,51.26171875,220.0625,5.25,-23.25,0.84,4.04,8.76,-1.5,-0.25,-0.375,60,,stopped,0.0,0.0,
2026-08-03T16:26:41.192,431.448,selfie,35.918248483333336,139.9078532,26.278,0.05658888888888889,True,17,1,35.9184062,139.9079523,19.677310817375098,,30.48,1012.225625,51.14453125,220.0625,5.25,-22.9375,0.92,4.08,8.73,-4.9375,-1.1875,-0.25,60,,stopped,0.0,0.0,
2026-08-03T16:26:41.693,431.948,selfie,35.918248383333335,139.90785308333332,26.274,0.09774444444444444,True,17,1,35.9184062,139.9079523,19.691986208667725,,30.47,1012.182421875,50.9716796875,220.5625,5.375,-22.5625,0.72,4.65,8.74,-17.25,-3.6875,1.6875,63,,stopped,0.0,0.0,
2026-08-03T16:26:42.193,432.449,selfie,35.918248383333335,139.90785308333332,26.274,0.09774444444444444,True,17,1,35.9184062,139.9079523,19.691986208667725,,29.92,1011.4012890625,51.025390625,220.6875,5.4375,-22.0625,0.78,4.28,8.92,18.6875,0.4375,-4.0,63,,stopped,0.0,0.0,
2026-08-03T16:26:42.694,432.949,selfie,35.918248383333335,139.90785298333333,26.269,0.2778,True,17,1,35.9184062,139.9079523,19.696073656901696,,30.46,1012.1744140625,51.05078125,220.6875,5.4375,-22.125,0.86,3.59,8.92,-2.9375,-0.125,0.5,63,,stopped,0.0,0.0,
2026-08-03T16:26:43.197,433.453,selfie,35.918248383333335,139.90785298333333,26.269,0.2778,True,17,1,35.9184062,139.9079523,19.696073656901696,,30.46,1012.2016015625,51.07421875,220.25,5.5625,-21.875,0.87,3.08,9.07,-2.375,0.0625,7.4375,63,,stopped,0.0,0.0,
2026-08-03T16:26:43.698,433.953,selfie,35.91824678333333,139.90785168333332,26.234,0.015433333333333332,True,17,1,35.9184062,139.9079523,19.907758027381877,,30.47,1012.182421875,51.0283203125,220.0,5.625,-21.875,0.92,3.63,8.94,-0.1875,8.0,0.0625,63,,stopped,0.0,0.0,
2026-08-03T16:26:44.198,434.454,selfie,35.91824678333333,139.90785168333332,26.234,0.015433333333333332,True,17,1,35.9184062,139.9079523,19.907758027381877,,30.44,1012.1420703125,51.0146484375,220.0,5.625,-21.875,0.92,3.65,8.91,0.125,0.0625,0.0,63,,stopped,0.0,0.0,
2026-08-03T16:26:44.699,434.954,selfie,35.91824668333334,139.90785148333333,26.227,0.015433333333333332,True,16,1,35.9184062,139.9079523,19.92585921823917,,30.47,1012.236796875,50.9482421875,220.0,5.625,-21.875,0.91,3.63,8.96,-0.0625,-0.0625,-0.125,63,,stopped,0.0,0.0,
2026-08-03T16:26:45.199,435.455,selfie,35.91824668333334,139.90785148333333,26.227,0.015433333333333332,True,16,1,35.9184062,139.9079523,19.92585921823917,,30.45,1012.212421875,51.130859375,220.0,5.625,-21.875,0.92,3.64,8.95,0.0625,0.0625,-0.1875,63,,stopped,0.0,0.0,
2026-08-03T16:26:45.699,435.955,selfie,35.91824668333334,139.90785138333334,26.223,0.07716666666666668,True,16,1,35.9184062,139.9079523,19.929963803796593,,30.47,1012.182421875,51.1318359375,220.0,5.625,-21.875,0.91,3.61,8.93,0.0,0.0,-0.0625,63,,stopped,0.0,0.0,
2026-08-03T16:26:46.200,436.455,selfie,35.91824668333334,139.90785138333334,26.223,0.07716666666666668,True,16,1,35.9184062,139.9079523,19.929963803796593,,30.46,1012.274765625,51.1767578125,220.0,5.625,-21.875,0.94,3.63,8.93,0.1875,-0.1875,0.0625,63,,stopped,0.0,0.0,
2026-08-03T16:26:46.700,436.956,selfie,35.91824678333333,139.90785138333334,26.221,0.07202222222222222,True,16,1,35.9184062,139.9079523,19.92006822339703,,30.39,1012.1702734375,51.3408203125,220.0,5.625,-21.875,0.91,3.62,8.94,0.125,-0.0625,0.0,63,,stopped,0.0,0.0,
2026-08-03T16:26:47.201,437.456,selfie,35.91824678333333,139.90785138333334,26.221,0.07202222222222222,True,16,1,35.9184062,139.9079523,19.92006822339703,,30.2,1011.86390625,51.4111328125,220.0,5.625,-21.875,0.93,3.64,8.94,0.0625,0.0,0.0,63,,stopped,0.0,0.0,
2026-08-03T16:26:47.701,437.957,selfie,35.91824668333334,139.9078513,26.212,0.025722222222222226,True,16,1,35.9184062,139.9079523,19.9333867539728,,30.37,1012.1570703125,51.51171875,220.0,5.625,-21.875,0.93,3.62,8.95,8.0625,0.0,-0.125,63,,stopped,0.0,0.0,
2026-08-03T16:26:48.201,438.457,selfie,35.91824668333334,139.9078513,26.212,0.025722222222222226,True,16,1,35.9184062,139.9079523,19.9333867539728,,30.36,1012.1762109375,51.5,220.0,5.625,-21.875,0.92,3.62,8.94,0.0625,-0.0625,0.0,63,,stopped,0.0,0.0,
2026-08-03T16:26:48.702,438.958,selfie,35.918246583333335,139.90785118333332,26.199,0.0463,True,16,1,35.9184062,139.9079523,19.94807543616475,,30.37,1012.1379296875,51.5224609375,220.0,5.625,-21.875,0.92,3.63,8.93,0.125,0.0625,0.125,63,,stopped,0.0,0.0,
2026-08-03T16:26:49.203,439.458,selfie,35.918246583333335,139.90785118333332,26.199,0.0463,True,16,1,35.9184062,139.9079523,19.94807543616475,,30.37,1012.1922265625,51.5,220.0,5.625,-21.875,0.92,3.64,8.95,0.0625,-0.125,0.1875,63,,stopped,0.0,0.0,
2026-08-03T16:26:49.703,439.958,selfie,35.91824628333333,139.90785098333333,26.179,0.041155555555555556,True,16,1,35.9184062,139.9079523,19.985976969637075,,30.35,1012.151875,51.4169921875,220.0,5.625,-21.875,0.94,3.64,8.96,0.0,-0.125,-0.0625,63,,stopped,0.0,0.0,
2026-08-03T16:26:50.203,440.459,selfie,35.91824628333333,139.90785098333333,26.179,0.041155555555555556,True,16,1,35.9184062,139.9079523,19.985976969637075,,25.72,1004.837578125,51.2822265625,220.0,5.625,-21.875,0.91,3.63,8.96,0.0,0.0,0.125,63,,stopped,0.0,0.0,
2026-08-03T16:26:50.704,440.959,selfie,35.918245983333335,139.9078508,26.163,0.041155555555555556,True,17,1,35.9184062,139.9079523,20.02319337257149,,28.77,1010.3121484375,51.3076171875,220.0,5.625,-21.875,0.93,3.62,8.94,-0.125,-0.0625,0.0625,63,,stopped,0.0,0.0,
2026-08-03T16:26:51.204,441.460,selfie,35.918245983333335,139.9078508,26.163,0.041155555555555556,True,17,1,35.9184062,139.9079523,20.02319337257149,,30.1,1011.702421875,51.33203125,220.0,5.625,-21.875,0.93,3.64,8.95,0.0,0.125,-0.125,63,,stopped,0.0,0.0,
2026-08-03T16:26:51.705,441.960,selfie,35.91824568333333,139.9078508,26.146,0.03601111111111111,True,17,1,35.9184062,139.9079523,20.05287927553129,,30.36,1012.1490625,51.3623046875,220.0,5.625,-21.875,0.92,3.63,8.96,0.0625,-0.0625,-0.125,63,,stopped,0.0,0.0,
2026-08-03T16:26:52.205,442.460,selfie,35.91824568333333,139.9078508,26.146,0.03601111111111111,True,17,1,35.9184062,139.9079523,20.05287927553129,,30.35,1012.15984375,51.3369140625,220.0,5.625,-21.875,0.93,3.63,8.94,-0.0625,0.0,-0.0625,63,,stopped,0.0,0.0,
2026-08-03T16:26:52.708,442.964,selfie,35.91824548333334,139.90785068333332,26.123,0.041155555555555556,True,17,1,35.9184062,139.9079523,20.077462462811585,,30.37,1012.1922265625,51.5,220.0,5.625,-21.875,0.91,3.63,8.94,0.125,8.125,0.0625,63,,stopped,0.0,0.0,
2026-08-03T16:26:53.209,443.464,selfie,35.91824548333334,139.90785068333332,26.123,0.041155555555555556,True,17,1,35.9184062,139.9079523,20.077462462811585,,30.36,1012.1762109375,51.51171875,220.0,5.625,-21.875,0.9,3.61,8.93,-0.0625,-0.0625,0.0,63,,stopped,0.0,0.0,
2026-08-03T16:26:53.709,443.965,selfie,35.918245283333334,139.90785058333333,26.108,0.025722222222222226,True,17,1,35.9184062,139.9079523,20.101361726294126,,30.37,1012.1922265625,51.6494140625,220.0,5.625,-21.875,0.93,3.63,8.94,0.125,-0.0625,0.1875,63,,stopped,0.0,0.0,
2026-08-03T16:26:54.210,444.465,selfie,35.918245283333334,139.90785058333333,26.108,0.025722222222222226,True,17,1,35.9184062,139.9079523,20.101361726294126,,30.36,1012.1762109375,51.6953125,220.0,5.625,-21.875,0.92,3.62,8.97,0.125,0.0,-0.0625,63,,stopped,0.0,0.0,
2026-08-03T16:26:54.717,444.973,selfie,35.9182452,139.90785058333333,26.09,0.0051444444444444445,True,17,1,35.9184062,139.9079523,20.109610467962614,,30.36,1012.3855078125,51.7861328125,220.0,13.625,-21.875,0.91,3.63,8.95,-0.1875,0.0,-0.125,63,,stopped,0.0,0.0,
2026-08-03T16:26:55.210,445.466,selfie,35.9182452,139.90785058333333,26.09,0.0051444444444444445,True,17,1,35.9184062,139.9079523,20.109610467962614,,30.36,1012.2576953125,51.7978515625,220.0,5.625,-21.875,0.92,3.63,8.95,-0.125,-0.0625,-0.125,63,,stopped,0.0,0.0,
2026-08-03T16:26:55.711,445.966,selfie,35.9182452,139.90785058333333,26.084,0.12346666666666666,True,17,1,35.9184062,139.9079523,20.109610467962614,,30.35,1012.132734375,51.76171875,220.0,5.625,-21.875,0.94,3.62,8.97,-0.1875,-0.0625,0.125,63,,stopped,0.0,0.0,
2026-08-03T16:26:56.211,446.467,selfie,35.9182452,139.90785058333333,26.084,0.12346666666666666,True,17,1,35.9184062,139.9079523,20.109610467962614,,30.17,1011.86953125,51.7880859375,220.0,5.625,-21.875,0.94,3.61,8.94,0.0625,-0.0625,0.125,63,,stopped,0.0,0.0,
2026-08-03T16:26:56.712,446.967,selfie,35.91824498333333,139.90785058333333,26.068,0.03601111111111111,True,17,1,35.9184062,139.9079523,20.131061339812792,,30.35,1012.1790234375,51.76171875,220.0,5.625,-21.875,0.93,3.61,8.95,0.125,0.0,-0.0625,63,,stopped,0.0,0.0,
2026-08-03T16:26:57.212,447.467,selfie,35.91824498333333,139.90785058333333,26.068,0.03601111111111111,True,17,1,35.9184062,139.9079523,20.131061339812792,,30.34,1012.171015625,51.7265625,220.0,5.625,-21.875,0.9,3.62,8.91,0.0625,0.0,0.0,63,,stopped,0.0,0.0,
2026-08-03T16:26:57.712,447.968,selfie,35.918244683333334,139.90785048333333,26.047,0.15433333333333335,True,17,1,35.9184062,139.9079523,20.164865358960693,,29.03,1010.08078125,51.6240234375,220.0,5.625,-21.875,0.91,3.62,8.95,0.0,0.0625,-0.125,63,,stopped,0.0,0.0,
2026-08-03T16:26:58.213,448.468,selfie,35.918244683333334,139.90785048333333,26.047,0.15433333333333335,True,17,1,35.9184062,139.9079523,20.164865358960693,,30.34,1012.1358203125,51.6455078125,220.0,5.625,-21.875,0.92,3.62,8.95,0.0,-0.0625,0.0625,63,,stopped,0.0,0.0,
2026-08-03T16:26:58.713,448.969,selfie,35.9182445,139.90785058333333,26.024,0.16976666666666668,True,17,1,35.9184062,139.9079523,20.178934766049466,,30.34,1012.1438671875,51.9443359375,220.0,5.625,-21.875,0.92,3.61,8.93,0.0625,0.125,-0.125,63,,stopped,0.0,0.0,
2026-08-03T16:26:59.214,449.469,selfie,35.9182445,139.90785058333333,26.024,0.16976666666666668,True,17,1,35.9184062,139.9079523,20.178934766049466,,25.9,1005.1732421875,51.8818359375,220.0,5.625,-21.875,0.93,3.62,10.21,0.0,-0.0625,-0.125,63,,stopped,0.0,0.0,
2026-08-03T16:26:59.714,449.970,selfie,35.9182446,139.90785088333334,26.016,0.06173333333333333,True,17,1,35.9184062,139.9079523,20.156772785123877,,30.33,1012.155,52.1728515625,220.0,5.625,-21.875,0.93,3.63,8.96,-0.0625,0.125,0.0625,63,,stopped,0.0,0.0,
2026-08-03T16:27:00.214,450.470,selfie,35.9182446,139.90785088333334,26.016,0.06173333333333333,True,17,1,35.9184062,139.9079523,20.156772785123877,,30.34,1012.1981640625,52.162109375,220.0,5.625,-21.875,0.95,3.61,8.94,0.0625,-0.0625,0.125,63,,stopped,0.0,0.0,
2026-08-03T16:27:00.715,450.970,selfie,35.91824438333333,139.90785098333333,26.0,0.010288888888888889,True,16,1,35.9184062,139.9079523,20.174179010669054,,30.33,1012.146953125,52.2177734375,220.0,5.625,-21.875,2.2,3.62,8.94,0.0625,0.0,-0.0625,63,,stopped,0.0,0.0,
2026-08-03T16:27:01.215,451.471,selfie,35.91824438333333,139.90785098333333,26.0,0.010288888888888889,True,16,1,35.9184062,139.9079523,20.174179010669054,,30.34,1012.2444921875,52.2197265625,220.0,5.625,-21.875,0.92,3.6,8.93,0.0625,-0.0625,0.0625,63,,stopped,0.0,0.0,
2026-08-03T16:27:01.716,451.971,selfie,35.9182445,139.90785118333332,25.991,0.020577777777777778,True,17,1,35.9184062,139.9079523,20.1544661617789,,30.33,1012.2364453125,52.1728515625,220.0,5.625,-21.875,0.93,3.61,8.93,0.125,-0.0625,0.0,63,,stopped,0.0,0.0,
2026-08-03T16:27:02.216,452.471,selfie,35.9182445,139.90785118333332,25.991,0.020577777777777778,True,17,1,35.9184062,139.9079523,20.1544661617789,,30.33,1012.2012890625,51.9541015625,220.0,5.625,-21.875,0.92,3.62,8.96,0.0625,0.0625,0.0,63,,stopped,0.0,0.0,
2026-08-03T16:27:02.716,452.972,selfie,35.9182445,139.90785138333334,25.982,0.041155555555555556,True,17,1,35.9184062,139.9079523,20.14633555715489,,30.31,1012.19609375,51.9404296875,220.0,5.625,-21.875,0.9,3.58,8.97,-0.125,0.0625,-0.125,63,,stopped,0.0,0.0,
2026-08-03T16:27:03.217,453.472,selfie,35.9182445,139.90785138333334,25.982,0.041155555555555556,True,17,1,35.9184062,139.9079523,20.14633555715489,,30.3,1012.13375,51.974609375,220.0,5.625,-21.875,0.92,3.62,8.94,0.375,-0.125,0.1875,63,,stopped,0.0,0.0,
2026-08-03T16:27:03.718,453.974,selfie,35.9182445,139.90785158333333,25.977,0.03601111111111111,True,17,1,35.9184062,139.9079523,20.13821777832786,,30.3,1012.13375,51.859375,220.0,5.625,-21.875,0.9,3.64,8.94,0.0,0.0625,0.0,63,,stopped,0.0,0.0,
2026-08-03T16:27:04.218,454.474,selfie,35.9182445,139.90785158333333,25.977,0.03601111111111111,True,17,1,35.9184062,139.9079523,20.13821777832786,,30.3,1012.215234375,51.8369140625,220.0,5.625,-21.875,0.93,3.62,8.96,0.125,-0.125,-0.125,63,,stopped,0.0,0.0,
2026-08-03T16:27:04.719,454.974,selfie,35.918244683333334,139.9078518,25.974,0.03601111111111111,True,17,1,35.9184062,139.9079523,20.111230937704093,,30.28,1012.21,51.6279296875,220.0,5.625,-21.875,0.91,3.59,8.96,-0.125,-0.0625,0.125,63,,stopped,0.0,0.0,
2026-08-03T16:27:05.219,455.475,selfie,35.918244683333334,139.9078518,25.974,0.03601111111111111,True,17,1,35.9184062,139.9079523,20.111230937704093,,30.06,1011.8008984375,51.6474609375,220.0,5.625,-21.875,0.89,3.61,8.96,-0.0625,0.0625,-0.125,63,,stopped,0.0,0.0,
2026-08-03T16:27:05.720,455.975,selfie,35.918244783333336,139.90785198333333,25.968,0.05144444444444445,True,17,1,35.9184062,139.9079523,20.09387393415278,,30.24,1012.1727734375,51.783203125,220.0,5.625,-21.875,2.19,3.62,8.94,-0.0625,-0.1875,0.0,63,,stopped,0.0,0.0,
2026-08-03T16:27:06.220,456.476,selfie,35.918244783333336,139.90785198333333,25.968,0.05144444444444445,True,17,1,35.9184062,139.9079523,20.09387393415278,,30.22,1012.175859375,51.8271484375,220.0,5.625,-21.875,0.92,3.62,8.93,0.0625,0.0,-0.0625,63,,stopped,0.0,0.0,
2026-08-03T16:27:06.721,456.976,selfie,35.91824498333333,139.9078522,25.956,0.06687777777777779,True,17,1,35.9184062,139.9079523,20.065238759795182,,30.19,1012.1003125,51.7666015625,220.0,5.625,-21.875,0.92,3.6,8.95,0.0625,-0.125,0.125,63,,stopped,0.0,0.0,
2026-08-03T16:27:07.221,457.477,selfie,35.91824498333333,139.9078522,25.956,0.06687777777777779,True,17,1,35.9184062,139.9079523,20.065238759795182,,30.18,1012.1848828125,51.8798828125,220.0,5.625,-21.875,0.95,3.63,8.95,0.0625,0.0,-0.125,63,,stopped,0.0,0.0,
2026-08-03T16:27:07.722,457.977,selfie,35.9182452,139.90785238333333,25.949,0.03601111111111111,True,17,1,35.9184062,139.9079523,20.03629814028124,,30.18,1012.2200390625,52.064453125,220.0,5.625,-21.875,0.93,3.61,8.94,-0.0625,-0.0625,-0.125,63,,stopped,0.0,0.0,
2026-08-03T16:27:08.222,458.478,selfie,35.9182452,139.90785238333333,25.949,0.03601111111111111,True,17,1,35.9184062,139.9079523,20.03629814028124,,26.45,1006.41953125,51.9453125,220.0,5.625,-21.875,0.93,3.62,8.95,-0.25,0.0,0.1875,63,,stopped,0.0,0.0,
2026-08-03T16:27:08.722,458.978,selfie,35.918245283333334,139.90785258333332,25.942,0.041155555555555556,True,17,1,35.9184062,139.9079523,20.01993446235777,,30.18,1012.1848828125,52.07421875,220.0,5.625,-21.875,0.9,3.65,8.92,0.125,0.0625,0.0625,63,,stopped,0.0,0.0,
2026-08-03T16:27:09.223,459.478,selfie,35.918245283333334,139.90785258333332,25.942,0.041155555555555556,True,17,1,35.9184062,139.9079523,20.01993446235777,,30.17,1012.1682421875,52.0517578125,220.0,5.625,-21.875,0.88,3.61,8.91,-0.0625,-0.0625,-0.3125,63,,stopped,0.0,0.0,
2026-08-03T16:27:09.723,459.979,selfie,35.918245383333335,139.9078528,25.935,0.025722222222222226,True,17,1,35.9184062,139.9079523,20.001248658080396,,30.17,1012.195390625,52.07421875,220.0,5.625,-21.875,0.95,3.61,8.96,-0.1875,0.0,0.125,63,,stopped,0.0,0.0,
2026-08-03T16:27:10.231,460.486,selfie,35.918245383333335,139.9078528,25.935,0.025722222222222226,True,17,1,35.9184062,139.9079523,20.001248658080396,,30.17,1012.0867578125,52.0634765625,220.0,5.625,-21.875,2.17,3.61,8.96,-0.0625,0.125,0.125,63,,stopped,0.0,0.0,
2026-08-03T16:27:10.731,460.987,selfie,35.918245383333335,139.90785288333333,25.933,0.015433333333333332,True,17,1,35.9184062,139.9079523,19.997888012056166,,30.16,1012.1793359375,51.9697265625,220.0,5.625,-21.875,0.92,3.6,8.99,0.25,0.1875,0.0625,63,,stopped,0.0,0.0,
2026-08-03T16:27:11.232,461.487,selfie,35.918245383333335,139.90785288333333,25.933,0.015433333333333332,True,17,1,35.9184062,139.9079523,19.997888012056166,,30.16,1012.1793359375,51.9921875,220.0,5.625,-21.875,0.9,3.65,8.94,8.125,0.0,0.1875,63,,stopped,0.0,0.0,
2026-08-03T16:27:11.732,461.987,selfie,35.918245383333335,139.90785298333333,25.915,0.05658888888888889,True,17,1,35.9184062,139.9079523,19.993858209332178,,30.14,1012.2012890625,52.0361328125,220.0,5.625,-21.875,0.93,3.61,8.97,0.0625,-0.0625,0.0625,63,,stopped,0.0,0.0,
2026-08-03T16:27:12.232,462.488,selfie,35.918245383333335,139.90785298333333,25.915,0.05658888888888889,True,17,1,35.9184062,139.9079523,19.993858209332178,,30.14,1012.2284375,52.1396484375,220.0,5.625,-21.875,0.89,3.62,8.96,-0.125,-0.125,-0.25,63,,stopped,0.0,0.0,
2026-08-03T16:27:12.733,462.988,selfie,35.918245383333335,139.90785328333334,25.904,0.05144444444444445,True,17,1,35.9184062,139.9079523,19.981788273869675,,29.96,1011.9271875,51.9931640625,220.0,5.625,-21.875,2.23,3.6,8.93,-0.25,0.25,-0.1875,63,,stopped,0.0,0.0,
2026-08-03T16:27:13.233,463.489,selfie,35.918245383333335,139.90785328333334,25.904,0.05144444444444445,True,17,1,35.9184062,139.9079523,19.981788273869675,,29.88,1011.7983203125,52.0078125,220.0,5.625,-21.875,0.94,3.59,8.94,-0.0625,0.125,-0.125,63,,stopped,0.0,0.0,
2026-08-03T16:27:13.734,463.989,selfie,35.918245283333334,139.90785338333333,25.893,0.015433333333333332,True,17,1,35.9184062,139.9079523,19.987725076783892,,30.12,1012.1420703125,51.953125,220.0,5.625,-21.875,0.91,3.63,8.95,0.125,-0.125,0.0,63,,stopped,0.0,0.0,
2026-08-03T16:27:14.234,464.489,selfie,35.918245283333334,139.90785338333333,25.893,0.015433333333333332,True,17,1,35.9184062,139.9079523,19.987725076783892,,30.11,1012.1531640625,51.9296875,220.0,5.625,-21.875,0.92,3.64,8.97,-0.0625,-0.0625,0.0625,63,,stopped,0.0,0.0,
2026-08-03T16:27:14.734,464.990,selfie,35.918245383333335,139.90785358333332,25.897,0.12346666666666666,True,17,1,35.9184062,139.9079523,19.96974759150852,,30.1,1012.1176953125,51.9970703125,220.0,5.625,-21.875,0.92,3.61,8.95,-0.125,0.0625,0.0,63,,stopped,0.0,0.0,
2026-08-03T16:27:15.235,465.490,selfie,35.918245383333335,139.90785358333332,25.897,0.12346666666666666,True,17,1,35.9184062,139.9079523,19.96974759150852,,30.1,1012.2534765625,51.87109375,220.0,5.625,-21.875,0.9,3.6,8.93,0.0625,0.125,0.25,63,,stopped,0.0,0.0,
2026-08-03T16:27:15.735,465.991,selfie,35.918245383333335,139.90785358333332,25.884,0.05658888888888889,True,18,1,35.9184062,139.9079523,19.96974759150852,,30.07,1012.205390625,52.07421875,220.0,5.625,-21.875,0.91,3.65,8.93,0.25,-0.125,-0.125,63,,stopped,0.0,0.0,
2026-08-03T16:27:16.236,466.491,selfie,35.918245383333335,139.90785358333332,25.884,0.05658888888888889,True,18,1,35.9184062,139.9079523,19.96974759150852,,30.07,1012.251328125,52.0390625,220.0,5.625,-21.875,0.88,3.6,8.96,-0.0625,-0.125,0.0625,63,,stopped,0.0,0.0,
2026-08-03T16:27:16.736,466.992,selfie,35.918245383333335,139.9078537,25.879,0.05658888888888889,True,18,1,35.9184062,139.9079523,19.965073014194576,,30.04,1012.3198828125,52.048828125,220.0,5.625,-21.9375,0.89,3.62,8.97,-0.125,0.0,0.0,63,,stopped,0.0,0.0,
2026-08-03T16:27:17.237,467.493,selfie,35.918245383333335,139.9078537,25.879,0.05658888888888889,True,18,1,35.9184062,139.9079523,19.965073014194576,,30.02,1014.6766796875,52.080078125,220.0,5.625,-21.9375,0.91,3.65,8.95,0.125,-0.0625,0.0,63,,stopped,0.0,0.0,
2026-08-03T16:27:17.738,467.993,selfie,35.91824548333334,139.90785378333334,25.887,0.03601111111111111,True,18,1,35.9184062,139.9079523,19.95177636146034,,29.82,1011.856328125,52.11328125,220.0,5.625,-21.9375,0.91,3.63,8.95,-0.125,-0.0625,0.0625,63,,stopped,0.0,0.0,
2026-08-03T16:27:18.238,468.494,selfie,35.91824548333334,139.90785378333334,25.887,0.03601111111111111,True,18,1,35.9184062,139.9079523,19.95177636146034,,30.01,1012.2171484375,52.1240234375,220.0,5.625,-21.9375,0.92,3.59,8.93,0.0625,0.0,-0.0625,63,,stopped,0.0,0.0,
2026-08-03T16:27:18.739,468.994,selfie,35.91824548333334,139.90785398333333,25.868,0.0463,True,18,1,35.9184062,139.9079523,19.943774562928326,,29.95,1012.15546875,52.2802734375,220.0,5.625,-21.9375,0.92,3.63,8.95,0.0,-0.0625,0.1875,63,,stopped,0.0,0.0,
2026-08-03T16:27:19.239,469.495,selfie,35.91824548333334,139.90785398333333,25.868,0.0463,True,18,1,35.9184062,139.9079523,19.943774562928326,,29.94,1012.185703125,52.333984375,220.0,5.625,-21.9375,0.91,3.57,8.94,0.0,0.0625,-0.0625,63,,stopped,0.0,0.0,
2026-08-03T16:27:19.740,469.995,selfie,35.918245383333335,139.90785398333333,25.861,0.015433333333333332,True,18,1,35.9184062,139.9079523,19.95373894177585,,29.9,1012.1835546875,52.26171875,220.0,5.625,-21.9375,0.93,3.64,8.91,-0.0625,0.0,-0.0625,63,,stopped,0.0,0.0,
2026-08-03T16:27:20.240,470.496,selfie,35.918245383333335,139.90785398333333,25.861,0.015433333333333332,True,18,1,35.9184062,139.9079523,19.95373894177585,,29.91,1012.2267578125,52.3076171875,220.0,5.625,-21.9375,0.93,3.6,8.95,-0.0625,0.125,-0.125,63,,stopped,0.0,0.0,
2026-08-03T16:27:20.740,470.996,selfie,35.918245383333335,139.90785398333333,25.858,0.010288888888888889,True,18,1,35.9184062,139.9079523,19.95373894177585,,29.64,1011.709921875,52.44921875,220.5,5.3125,-22.5,0.73,3.88,8.94,0.5625,-0.125,-0.0625,63,,stopped,0.0,0.0,
2026-08-03T16:27:21.241,471.496,selfie,35.918245383333335,139.90785398333333,25.858,0.010288888888888889,True,18,1,35.9184062,139.9079523,19.95373894177585,,26.63,1007.2875390625,52.3984375,220.5,5.375,-22.5,0.8,3.55,9.01,-1.875,-0.3125,-0.1875,63,,stopped,0.0,0.0,
2026-08-03T16:27:21.741,471.997,selfie,35.9182452,139.90785398333333,25.843,0.08745555555555556,True,18,1,35.9184062,139.9079523,19.97201013665064,,29.88,1012.069765625,52.431640625,220.5,5.375,-22.625,0.84,3.61,8.9,-1.5,-0.0625,0.0625,63,,stopped,0.0,0.0,
2026-08-03T16:27:22.242,472.497,selfie,35.9182452,139.90785398333333,25.843,0.08745555555555556,True,18,1,35.9184062,139.9079523,19.97201013665064,,29.88,1012.1783203125,52.3974609375,220.5,5.375,-22.625,0.83,3.68,8.93,0.125,0.0625,0.0,63,,stopped,0.0,0.0,
2026-08-03T16:27:22.742,472.998,selfie,35.9182451,139.90785398333333,25.838,0.041155555555555556,True,18,1,35.9184062,139.9079523,19.981977967219727,,29.89,1012.0777734375,52.6728515625,220.625,5.3125,-23.0625,1.02,3.78,8.93,0.5,0.0,0.125,63,,stopped,0.0,0.0,
2026-08-03T16:27:23.242,473.498,selfie,35.9182451,139.90785398333333,25.838,0.041155555555555556,True,18,1,35.9184062,139.9079523,19.981977967219727,,29.88,1012.1783203125,52.71875,220.625,5.3125,-23.0625,0.82,3.78,8.89,0.0,0.125,-0.5,63,,stopped,0.0,0.0,
2026-08-03T16:27:23.743,473.998,selfie,35.9182451,139.90785408333332,25.835,0.05658888888888889,True,18,1,35.9184062,139.9079523,19.97798960557083,,29.88,1012.1703125,52.8095703125,220.625,5.25,-22.9375,0.79,3.82,8.98,1.0625,0.0625,-0.0625,63,,stopped,0.0,0.0,
2026-08-03T16:27:24.243,474.499,selfie,35.9182451,139.90785408333332,25.835,0.05658888888888889,True,18,1,35.9184062,139.9079523,19.97798960557083,,29.87,1012.162265625,52.80859375,220.625,5.25,-22.9375,0.86,3.8,8.9,1.0,0.0,-0.0625,63,,stopped,0.0,0.0,
2026-08-03T16:27:24.744,474.999,selfie,35.91824488333334,139.90785408333332,25.831,0.03601111111111111,True,18,1,35.9184062,139.9079523,19.9995950438347,,29.87,1012.13515625,52.7734375,220.625,5.25,-22.875,0.93,3.7,8.92,-0.375,0.0625,0.125,188,,stopped,0.0,0.0,
2026-08-03T16:27:25.244,475.500,selfie,35.91824488333334,139.90785408333332,25.831,0.03601111111111111,True,18,1,35.9184062,139.9079523,19.9995950438347,,29.87,1012.13515625,52.7734375,220.625,5.25,-22.9375,0.87,3.86,9.01,-0.375,-0.1875,0.0625,188,,stopped,0.0,0.0,
2026-08-03T16:27:25.744,476.000,selfie,35.918244783333336,139.90785408333332,25.825,0.020577777777777778,True,18,1,35.9184062,139.9079523,20.009568700355175,,29.89,1012.4577734375,52.8212890625,220.625,5.25,-23.0,0.87,3.77,8.88,0.125,0.0,-0.1875,188,,stopped,0.0,0.0,
2026-08-03T16:27:26.245,476.501,selfie,35.918244783333336,139.90785408333332,25.825,0.020577777777777778,True,18,1,35.9184062,139.9079523,20.009568700355175,,29.88,1012.1783203125,52.775390625,220.625,5.25,-22.9375,0.88,3.78,8.92,0.4375,0.375,-0.125,124,,stopped,0.0,0.0,
2026-08-03T16:27:26.749,477.005,selfie,35.918244783333336,139.90785408333332,25.825,0.025722222222222226,True,18,1,35.9184062,139.9079523,20.009568700355175,,29.87,1013.2128515625,52.7626953125,220.625,5.25,-23.0,0.88,3.78,8.89,0.0625,0.0625,0.0625,124,,stopped,0.0,0.0,
2026-08-03T16:27:27.250,477.505,selfie,35.918244783333336,139.90785408333332,25.825,0.025722222222222226,True,18,1,35.9184062,139.9079523,20.009568700355175,,29.88,1012.224609375,52.740234375,220.625,5.25,-23.0,0.87,3.78,8.89,-0.0625,-0.125,0.0,124,,stopped,0.0,0.0,
