timestamp,elapsed_s,phase,latitude_deg,longitude_deg,gnss_altitude_m,ground_speed_mps,gnss_has_fix,satellites,fix_quality,target_latitude_deg,target_longitude_deg,distance_to_target_m,target_heading_deg,temperature_c,pressure_hpa,humidity_percent,heading_deg,roll_deg,pitch_deg,accel_x_mps2,accel_y_mps2,accel_z_mps2,gyro_x_dps,gyro_y_dps,gyro_z_dps,calibration,heading_error_deg,control_mode,left_motor_command_percent,right_motor_command_percent,distance_m,error
2026-08-06T13:00:06.636,15.767,waiting_for_release,,,,,FALSE,,,35.91912968,139.9091972,,,32.47,1008.958555,59.34277344,210.75,0.6875,74.375,-0.11,-8.99,3,-15.3125,0.1875,0.125,255,,,,,0.011,
2026-08-06T13:00:07.136,16.268,waiting_for_release,,,,,FALSE,,,35.91912968,139.9091972,,,32.47,1008.958555,59.34277344,209.125,0.25,73.125,-0.08,-8.92,3.12,3,0.125,0.0625,255,,,,,0.011,
2026-08-06T13:00:07.636,16.768,waiting_for_release,,,,,FALSE,,,35.91912968,139.9091972,,,32.46,1008.977852,59.48046875,208.3125,0,71.8125,-0.08,-9.05,3.21,1.4375,0.1875,0.0625,255,,,,,0.011,
2026-08-06T13:00:08.137,17.268,waiting_for_release,,,,,FALSE,,,35.91912968,139.9091972,,,32.46,1008.977852,59.48046875,208.0625,-0.0625,71.5,-0.07,-9.12,3.08,5.5,-0.0625,0.125,255,,,,,0.011,
2026-08-06T13:00:08.637,17.769,waiting_for_release,,,,,FALSE,,,35.91912968,139.9091972,,,32.45,1008.899453,59.58105469,208,-0.1875,68.4375,-0.09,-8.83,3.69,3.6875,0,0,255,,,,,0.011,
2026-08-06T13:00:09.138,18.269,waiting_for_release,,,,,FALSE,,,35.91912968,139.9091972,,,32.45,1008.899453,59.58105469,208,-0.1875,64.5,-0.06,-8.73,4.03,-0.0625,0.125,0.1875,255,,,,,0.011,
2026-08-06T13:00:09.638,18.77,waiting_for_release,,,,,FALSE,,,35.91912968,139.9091972,,,32.46,1008.950625,59.58398438,207.9375,-0.25,67,-0.07,-8.82,3.88,-9,0.1875,0.25,255,,,,,0.011,
2026-08-06T13:00:10.139,19.27,waiting_for_release,,,,,FALSE,,,35.91912968,139.9091972,,,32.46,1008.950625,59.58398438,207.9375,-0.3125,69.375,-0.1,-9,3.4,-3.5625,0.0625,0.0625,255,,,,,0.011,
2026-08-06T13:00:10.639,19.771,waiting_for_release,,,,,FALSE,,,35.91912968,139.9091972,,,32.47,1008.98582,59.60742188,207.875,-0.3125,70.1875,-0.08,-8.99,3.27,0.6875,0.1875,-0.1875,255,,,,,0.011,
2026-08-06T13:00:11.139,20.271,waiting_for_release,,,,,FALSE,,,35.91912968,139.9091972,,,32.47,1008.98582,59.60742188,207.9375,-0.3125,68.75,0.05,-7.98,4.93,-7.375,0.1875,-0.625,255,,,,,0.01,
2026-08-06T13:00:11.640,20.771,waiting_for_release,,,,,FALSE,,,35.91912968,139.9091972,,,32.46,1008.969883,59.60644531,207.8125,-0.4375,77.9375,-0.09,-9.33,1.75,-5.0625,0,0.1875,255,,,,,0.011,
2026-08-06T13:00:12.140,21.272,waiting_for_release,,,,,FALSE,,,35.91912968,139.9091972,,,32.46,1008.969883,59.60644531,209.75,0,89.25,0.44,-10.08,-0.82,-180.5625,20.75,-22.75,255,,,,,0.011,
2026-08-06T13:00:12.641,21.772,waiting_for_release,,,,,FALSE,,,35.91912968,139.9091972,,,32.48,1009.00207,59.60839844,30.1875,-0.25,169.4375,-0.24,-0.55,-9.4,-51,-1.5625,0.4375,127,,,,,0.012,
2026-08-06T13:00:13.141,22.273,waiting_for_release,,,,,FALSE,,,35.91912968,139.9091972,,,32.48,1009.00207,59.60839844,33.5625,-0.25,175.9375,0.1,-0.22,-9.58,-7.125,0.25,0.0625,127,,,,,0.012,
2026-08-06T13:00:13.642,22.773,waiting_for_release,,,,,FALSE,,,35.91912968,139.9091972,,,32.49,1008.990781,59.64453125,35.875,-0.1875,174.3125,0.06,-0.81,-9.46,0.1875,-0.0625,0.0625,255,,,,,0.012,
2026-08-06T13:00:14.142,23.274,waiting_for_release,,,,,FALSE,,,35.91912968,139.9091972,,,32.49,1008.990781,59.64453125,36.5625,-0.125,173.4375,0.08,-1.03,-9.62,2.1875,-0.0625,0.125,255,,,,,0.012,
2026-08-06T13:00:14.642,23.774,waiting_for_release,,,,,FALSE,,,35.91912968,139.9091972,,,32.48,1009.029297,59.37792969,37.25,-0.0625,172.1875,0.06,-1.32,-9.53,2.5625,0,0.125,255,,,,,0.012,
2026-08-06T13:00:15.143,24.274,waiting_for_release,,,,,FALSE,,,35.91912968,139.9091972,,,32.48,1008.928281,59.64453125,37.25,-0.0625,172.3125,0.05,-1.31,-9.56,-4.6875,0,0.125,255,,,,,0.012,
2026-08-06T13:00:15.643,24.775,waiting_for_release,,,,,FALSE,,,35.91912968,139.9091972,,,32.48,1008.928281,59.64453125,37.25,-0.0625,173.25,0.06,-1.1,-9.6,-0.5,0.0625,0.1875,255,,,,,0.012,
2026-08-06T13:00:16.144,25.275,waiting_for_release,,,,,FALSE,,,35.91912968,139.9091972,,,32.49,1008.93625,59.66699219,37.25,-0.0625,173,0.04,-1.17,-9.58,0.8125,0.125,0.0625,255,,,,,0.012,
2026-08-06T13:00:16.644,25.776,waiting_for_release,,,,,FALSE,,,35.91912968,139.9091972,,,32.49,1008.93625,59.66699219,37.25,-0.0625,173,0.06,-1.15,-9.57,-0.0625,0.25,0.125,255,,,,,0.012,
2026-08-06T13:00:17.145,26.276,waiting_for_release,,,,,FALSE,,,35.91912968,139.9091972,,,32.49,1008.971445,59.72460938,37.25,-0.0625,173,0.05,-1.15,-9.57,1.9375,-0.125,0,255,,,,,0.012,
2026-08-06T13:00:17.645,26.777,waiting_for_release,,,,,FALSE,,,35.91912968,139.9091972,,,32.49,1008.971445,59.72460938,37.125,0,157.625,0,-2.7,-9.77,155.4375,-0.375,-3.875,255,,,,,0.012,
2026-08-06T13:00:18.145,27.277,waiting_for_release,,,,,FALSE,,,35.91912968,139.9091972,,,32.5,1008.952188,59.76074219,213.8125,0,121.0625,-0.71,-9.4,-5.02,3.75,-7.875,-4.875,255,,,,,0.011,
2026-08-06T13:00:18.646,27.777,waiting_for_release,,,,,FALSE,,,35.91912968,139.9091972,,,32.5,1008.952188,59.76074219,217,26.625,8.1875,3.06,-0.08,8.67,187.6875,-131.5625,-51.75,255,,,,,0.012,
2026-08-06T13:00:19.146,28.278,waiting_for_release,,,,,FALSE,,,35.91912968,139.9091972,,,32.51,1008.921914,59.78613281,219.0625,55.5625,-48.4375,7.39,3.58,3.59,32.4375,-67.0625,-6.375,191,,,,,0.012,
2026-08-06T13:00:19.647,28.778,waiting_for_release,,,,,FALSE,,,35.91912968,139.9091972,,,32.51,1008.921914,59.78613281,222.5625,62.75,-61.5625,8.82,3.46,2.37,-8.9375,-4.9375,-0.3125,127,,,,,0.012,
2026-08-06T13:00:20.147,29.279,waiting_for_release,,,,,FALSE,,,35.91912968,139.9091972,,,32.51,1008.976406,59.75195313,214.5,21.0625,-13.8125,0.2,0.81,11.61,-121.75,274.9375,-29.6875,255,,,,,0.012,
2026-08-06T13:00:20.648,29.779,waiting_for_release,,,,,FALSE,,,35.91912968,139.9091972,,,32.51,1008.976406,59.75195313,222.5625,12.0625,5.3125,-1.86,2.77,10.69,-20.1875,-156.5,145.9375,255,,,,,0.011,
2026-08-06T13:00:21.148,30.28,waiting_for_release,,,,,FALSE,,,35.91912968,139.9091972,,,32.51,1008.812891,59.64746094,117.25,-4.75,57.25,-10.31,-9.43,6.8,54.5625,-61.9375,144.6875,255,,,,,0.011,
2026-08-06T13:00:21.648,30.78,waiting_for_release,,,,,FALSE,,,35.91912968,139.9091972,,,32.51,1008.812891,59.64746094,155.5,-23.3125,-1.625,-0.46,0.74,8.68,63.625,99.8125,-252.25,191,,,,,0.011,
2026-08-06T13:00:22.149,31.281,waiting_for_release,,,,,FALSE,,,35.91912968,139.9091972,,,32.5,1008.796641,59.56640625,294,-6.3125,64.8125,3.66,-3.62,4.46,-23.0625,79.0625,-211.3125,255,,,,,0.011,
2026-08-06T13:00:22.649,31.781,waiting_for_release,,,,,FALSE,,,35.91912968,139.9091972,,,32.5,1008.796641,59.56640625,339.0625,13.75,36.5625,-1.65,-8.28,10.99,138.9375,-72.3125,132.75,255,,,,,0.011,
2026-08-06T13:00:23.150,32.281,waiting_for_release,,,,,FALSE,,,35.91912968,139.9091972,,,32.52,1008.848125,59.48632813,199.6875,33.1875,40.8125,-1.28,-3.22,7.27,90.125,-166.6875,193.5,255,,,,,0.011,
2026-08-06T13:00:23.650,32.782,waiting_for_release,,,,,FALSE,,,35.91912968,139.9091972,,,32.52,1008.848125,59.48632813,114.25,-2.75,39.5625,-4.93,-8.99,9.75,82,76.4375,92.1875,255,,,,,0.011,
2026-08-06T13:00:24.151,33.282,waiting_for_release,,,,,FALSE,,,35.91912968,139.9091972,,,32.51,1008.921914,59.44042969,190.5625,-27.8125,30.75,-1.05,-2.74,8.68,71.5,142.9375,-193.25,255,,,,,0.011,
2026-08-06T13:00:24.651,33.783,waiting_for_release,,,,,FALSE,,,35.91912968,139.9091972,,,32.51,1008.921914,59.44042969,317.125,-1.75,57.1875,5.54,-6.47,5.99,66.8125,98.4375,-137.0625,255,,,,,0.011,
2026-08-06T13:00:25.151,34.283,waiting_for_release,,,,,FALSE,,,35.91912968,139.9091972,,,32.52,1008.88332,59.453125,302.9375,6.625,20.8125,-5.18,-3.33,13.05,107.75,-228,265.5,255,,,,,0.011,
2026-08-06T13:00:25.652,34.783,waiting_for_release,,,,,FALSE,,,35.91912968,139.9091972,,,32.52,1008.88332,59.453125,145,17.8125,45.25,-1.85,-4.54,7.81,-5.125,-90,184.9375,191,,,,,0.011,
2026-08-06T13:00:26.152,35.284,waiting_for_release,,,,,FALSE,,,35.91912968,139.9091972,,,32.51,1008.921914,59.46386719,61.1875,-4.6875,35.25,-3.46,-8.11,8.58,43,-21.375,49.4375,191,,,,,0.011,
2026-08-06T13:00:26.653,35.784,waiting_for_release,,,,,FALSE,,,35.91912968,139.9091972,,,32.51,1008.921914,59.46386719,150.4375,-26.6875,21.9375,-3.49,-2.5,9.54,94.0625,99.125,-248.125,255,,,,,0.01,
2026-08-06T13:00:27.153,36.285,waiting_for_release,,,,,FALSE,,,35.91912968,139.9091972,,,32.53,1008.891289,59.43164063,271.5625,-15.3125,42.75,0.2,-4.63,7.19,17.6875,66.9375,-192.0625,255,,,,,0.011,
2026-08-06T13:00:27.654,36.785,waiting_for_release,,,,,FALSE,,,35.91912968,139.9091972,,,32.53,1008.891289,59.43164063,345.8125,4.0625,37.875,2.97,-6.14,7.99,14.375,4.25,-18.75,255,,,,,0.011,
2026-08-06T13:00:28.154,37.286,waiting_for_release,,,,,FALSE,,,35.91912968,139.9091972,,,32.52,1008.902617,59.44042969,270.625,20.1875,22.4375,0.05,-2.05,8.3,46.1875,-148.8125,211.125,255,,,,,0.011,
2026-08-06T13:00:28.655,37.786,waiting_for_release,,,,,FALSE,,,35.91912968,139.9091972,,,32.52,1008.902617,59.44042969,139.9375,15.1875,55.25,-1.15,-7.06,4.88,-29.625,-120.0625,151.0625,255,,,,,0.011,
2026-08-06T13:00:29.155,38.287,waiting_for_release,,,,,FALSE,,,35.91912968,139.9091972,,,32.53,1008.891289,59.23632813,55.125,-14.0625,56.8125,-4.98,-8.6,6.2,29.625,-78.6875,113.5625,255,,,,,0.011,
2026-08-06T13:00:29.655,38.787,waiting_for_release,,,,,FALSE,,,35.91912968,139.9091972,,,32.52,1008.875352,59.3828125,52.25,-11.8125,30.5,-0.8,-5.23,7.69,78.4375,81.875,-166,255,,,,,0.011,
2026-08-06T13:00:30.156,39.287,waiting_for_release,,,,,FALSE,,,35.91912968,139.9091972,,,32.52,1008.875352,59.3828125,172.125,-18.1875,29.875,-3.86,-5.08,8.62,30.1875,141.5,-234.1875,191,,,,,0.011,
2026-08-06T13:00:30.656,39.788,waiting_for_release,,,,,FALSE,,,35.91912968,139.9091972,,,32.52,1008.937813,59.37304688,284.25,-2.0625,51.0625,-0.15,-2.7,6.22,-26.75,101.4375,-118.375,191,,,,,0.01,
2026-08-06T13:00:31.157,40.288,waiting_for_release,,,,,FALSE,,,35.91912968,139.9091972,,,32.52,1008.937813,59.37304688,357.75,6.1875,46,3.47,-7.97,7.96,48.1875,67.375,-63.3125,191,,,,,0.01,
2026-08-06T13:00:31.657,40.789,waiting_for_release,,,,,FALSE,,,35.91912968,139.9091972,,,32.55,1008.950742,59.33007813,288.5,9.25,24.75,-3.37,-4.06,10.26,27.5,-169.9375,205.875,255,,,,,0.011,
2026-08-06T13:00:32.158,41.289,waiting_for_release,,,,,FALSE,,,35.91912968,139.9091972,,,32.55,1008.950742,59.33007813,169.875,17.25,49.375,-1.47,-6.12,5.99,11.5625,-140.3125,176.1875,255,,,,,0.011,
2026-08-06T13:00:32.658,41.79,waiting_for_release,,,,,FALSE,,,35.91912968,139.9091972,,,32.55,1008.923477,59.29589844,61.25,-0.6875,61.8125,-2.52,-9.32,5.16,22.25,-132.0625,99.625,191,,,,,0.011,
2026-08-06T13:00:33.158,42.29,waiting_for_release,,,,,FALSE,,,35.91912968,139.9091972,,,32.55,1008.923477,59.29589844,75.125,-0.8125,37.3125,2.35,-8.39,7.64,66.25,106,-145.5,255,,,,,0.011,
2026-08-06T13:00:33.659,42.79,waiting_for_release,,,,,FALSE,,,35.91912968,139.9091972,,,32.54,1008.907227,59.27050781,212.375,-8.75,34.3125,-1.33,-2.22,9.03,29.375,151.5,-207.375,255,,,,,0.011,
2026-08-06T13:00:34.159,43.291,waiting_for_release,,,,,FALSE,,,35.91912968,139.9091972,,,32.54,1008.907227,59.27050781,296,-4.5625,50.625,1.09,-5.63,7.18,-16.125,78,-139.6875,255,,,,,0.011,
2026-08-06T13:00:34.660,43.791,waiting_for_release,,,,,FALSE,,,35.91912968,139.9091972,,,32.55,1008.931445,59.28515625,340.625,5.5,41.4375,2.43,-7.47,7.51,-0.125,-3,18.9375,255,,,,,0.011,
2026-08-06T13:00:35.160,44.292,waiting_for_release,,,,,FALSE,,,35.91912968,139.9091972,,,32.55,1008.931445,59.28515625,265.375,9.8125,32.1875,-2.25,-4.11,10.39,34.875,-145,175.6875,255,,,,,0.011,
2026-08-06T13:00:35.661,44.792,waiting_for_release,,,,,FALSE,,,35.91912968,139.9091972,,,32.55,1008.868984,59.28417969,149.4375,19.0625,68,0.38,-7.96,3.69,-0.625,-188.875,96.6875,191,,,,,0.011,
2026-08-06T13:00:36.161,45.293,waiting_for_release,,,,,FALSE,,,35.91912968,139.9091972,,,32.55,1008.868984,59.28417969,44.9375,-7.625,69.5,-3.55,-9.1,4.45,62.625,-68.125,45.5,191,,,,,0.011,
2026-08-06T13:00:36.662,45.793,waiting_for_release,,,,,FALSE,,,35.91912968,139.9091972,,,32.56,1008.920117,59.25097656,34.5625,-5.8125,45.8125,-0.66,-8.88,5.28,-56.75,134.1875,-53.0625,191,,,,,0.011,
2026-08-06T13:00:37.162,46.294,waiting_for_release,,,,,FALSE,,,35.91912968,139.9091972,,,32.56,1008.920117,59.25097656,134.5625,-17.5625,31.625,-1.42,-4.93,7.98,31.0625,161.125,-179.625,255,,,,,0.011,
2026-08-06T13:00:37.662,46.794,waiting_for_release,,,,,FALSE,,,35.91912968,139.9091972,,,32.56,1008.892891,59.20507813,248.3125,-14.5625,54.8125,-1.37,-6.88,5.91,23.9375,126.9375,-154.5,255,,,,,0.011,
2026-08-06T13:00:38.163,47.294,waiting_for_release,,,,,FALSE,,,35.91912968,139.9091972,,,32.56,1008.892891,59.20507813,335.1875,4.8125,61.875,2.34,-7.51,5.48,8.1875,108.9375,-71.875,255,,,,,0.011,
2026-08-06T13:00:38.663,47.795,waiting_for_release,,,,,FALSE,,,35.91912968,139.9091972,,,32.56,1008.884883,59.18164063,338.75,6.6875,43.875,1.38,-7.5,5.64,39.875,-111.5,104,255,,,,,0.011,
2026-08-06T13:00:39.164,48.295,waiting_for_release,,,,,FALSE,,,35.91912968,139.9091972,,,32.56,1008.884883,59.18164063,240.5,8.1875,35.625,-1.62,-5.15,8.66,0.25,-142.1875,143.375,191,,,,,0.011,
2026-08-06T13:00:39.664,48.796,waiting_for_release,,,,,FALSE,,,35.91912968,139.9091972,,,32.57,1008.955352,59.16015625,135.125,14.3125,62.625,-0.2,-6.03,4.55,-31.75,-125.6875,86.25,191,,,,,0.011,
2026-08-06T13:00:40.165,49.296,waiting_for_release,,,,,FALSE,,,35.91912968,139.9091972,,,32.57,1008.955352,59.16015625,58.625,-3.25,64.3125,-1.65,-8.45,5.22,17.6875,-105.375,109.375,191,,,,,0.01,
2026-08-06T13:00:40.665,49.797,waiting_for_release,,,,,FALSE,,,35.91912968,139.9091972,,,32.57,1008.955352,59.1484375,36.75,-2.6875,42.4375,1.46,-7.42,5.82,35.8125,71.9375,-109.75,255,,,,,0.011,
2026-08-06T13:00:41.165,50.297,waiting_for_release,,,,,FALSE,,,35.91912968,139.9091972,,,32.57,1008.955352,59.1484375,121.4375,-4.75,34.1875,-0.47,-5.64,9.54,28.125,119.75,-125.3125,255,,,,,0.011,
2026-08-06T13:00:41.666,50.797,waiting_for_release,,,,,FALSE,,,35.91912968,139.9091972,,,32.57,1008.881563,59.13867188,211.125,-12.875,38.8125,-0.31,-6.32,8.11,-8.9375,99.5,-147.625,255,,,,,0.011,
2026-08-06T13:00:42.166,51.298,waiting_for_release,,,,,FALSE,,,35.91912968,139.9091972,,,32.57,1008.881563,59.13867188,288.375,1.5625,56.6875,0.38,-6.31,6.21,0.625,110.3125,-70.4375,255,,,,,0.01,
2026-08-06T13:00:42.667,51.798,waiting_for_release,,,,,FALSE,,,35.91912968,139.9091972,,,32.58,1008.835039,59.13867188,348.9375,10.0625,46.25,2.65,-7.15,7.59,52.5625,82.875,-44.9375,255,,,,,0.011,
2026-08-06T13:00:43.167,52.299,waiting_for_release,,,,,FALSE,,,35.91912968,139.9091972,,,32.58,1008.835039,59.13867188,352,2.6875,25.9375,0.04,-3.69,8.79,39.25,-51.6875,121.3125,255,,,,,0.01,
2026-08-06T13:00:43.668,52.799,waiting_for_release,,,,,FALSE,,,35.91912968,139.9091972,,,32.59,1008.905781,59.13964844,236.25,14.375,30.0625,-0.22,-3.76,9.6,14.0625,-114.625,165.5,191,,,,,0.011,
2026-08-06T13:00:44.168,53.3,waiting_for_release,,,,,FALSE,,,35.91912968,139.9091972,,,32.59,1008.905781,59.13964844,140.5,16.3125,49.0625,-0.21,-6.11,5.97,5.4375,-115.4375,164.8125,191,,,,,0.011,
2026-08-06T13:00:44.669,53.8,waiting_for_release,,,,,FALSE,,,35.91912968,139.9091972,,,32.6,1008.847891,59.11914063,56.9375,-4.375,51.625,-2.25,-9.05,6.12,42.875,-78.5,89.4375,191,,,,,0.01,
2026-08-06T13:00:45.169,54.301,waiting_for_release,,,,,FALSE,,,35.91912968,139.9091972,,,32.6,1008.847891,59.11914063,38.875,-3.125,33,0,-6.29,7.29,42.125,-16.75,-25.8125,255,,,,,0.011,
2026-08-06T13:00:45.669,54.801,waiting_for_release,,,,,FALSE,,,35.91912968,139.9091972,,,32.61,1008.883125,59.10742188,121.375,-11.1875,19.8125,0.14,-3.23,9.43,28.5,121.125,-206.0625,255,,,,,0.011,
2026-08-06T13:00:46.170,55.301,waiting_for_release,,,,,FALSE,,,35.91912968,139.9091972,,,32.6,1008.847891,59.07226563,233,-19.375,45.1875,-1.93,-5.67,7.25,51.125,126.4375,-177.6875,255,,,,,0.011,
2026-08-06T13:00:46.670,55.802,waiting_for_release,,,,,FALSE,,,35.91912968,139.9091972,,,32.6,1008.847891,59.07226563,339.875,7.75,47.375,2.3,-7.4,8.19,28,102.375,-148.1875,255,,,,,0.011,
2026-08-06T13:00:47.171,56.302,waiting_for_release,,,,,FALSE,,,35.91912968,139.9091972,,,32.6,1008.902383,59.09570313,8.75,9.125,21.3125,3.43,-4.88,10.28,64.625,-28.625,42,255,,,,,0.011,
2026-08-06T13:00:47.671,56.803,waiting_for_release,,,,,FALSE,,,35.91912968,139.9091972,,,32.6,1008.902383,59.09570313,271.625,18.6875,24.375,1.28,-4.58,10.43,62.8125,-85.375,219.0625,255,,,,,0.011,
2026-08-06T13:00:48.172,57.303,waiting_for_release,,,,,FALSE,,,35.91912968,139.9091972,,,32.61,1008.828633,59.11914063,156.5625,12.125,60,-0.28,-6.77,5.64,-40.25,-186.5,168.5625,255,,,,,0.01,
2026-08-06T13:00:48.672,57.804,waiting_for_release,,,,,FALSE,,,35.91912968,139.9091972,,,32.61,1008.828633,59.11914063,48.8125,-9.6875,73.6875,-1.95,-8.81,3.37,17.3125,-101.3125,61.5625,191,,,,,0.01,
2026-08-06T13:00:49.173,58.304,waiting_for_release,,,,,FALSE,,,35.91912968,139.9091972,,,32.61,1008.945625,59.08496094,57.5,-10.25,31.875,-0.55,-7.32,7.28,98.125,94.8125,-97.1875,191,,,,,0.011,
2026-08-06T13:00:49.673,58.805,waiting_for_release,,,,,FALSE,,,35.91912968,139.9091972,,,32.61,1008.945625,59.08496094,170.5,-21.75,29.625,-2.05,-5.29,8.19,11.125,135.375,-183.125,255,,,,,0.01,
2026-08-06T13:00:50.173,59.305,waiting_for_release,,,,,FALSE,,,35.91912968,139.9091972,,,32.61,1008.883125,59.04980469,258.125,-11.6875,52.5,-0.08,-6.32,7.04,14.5625,105.375,-112.1875,255,,,,,0.011,
2026-08-06T13:00:50.674,59.805,waiting_for_release,,,,,FALSE,,,35.91912968,139.9091972,,,32.61,1008.883125,59.04980469,338.9375,6.3125,36.6875,2.32,-6.14,7.96,43.5,40.0625,-92.6875,255,,,,,0.011,
2026-08-06T13:00:51.174,60.306,waiting_for_release,,,,,FALSE,,,35.91912968,139.9091972,,,32.64,1008.923281,59.04199219,352.25,9.5,15.875,2.12,-1.28,7.4,41.875,-17.25,99.1875,255,,,,,0.011,
2026-08-06T13:00:51.675,60.806,waiting_for_release,,,,,FALSE,,,35.91912968,139.9091972,,,32.64,1008.923281,59.04199219,224.0625,25.0625,40.4375,1.61,-5.36,9.02,16,-192.75,205.9375,255,,,,,0.011,
2026-08-06T13:00:52.175,61.307,waiting_for_release,,,,,FALSE,,,35.91912968,139.9091972,,,32.64,1008.903984,59.04296875,94.3125,2.3125,78.625,-2.35,-8.11,3.42,32.75,-161,81.625,191,,,,,0.011,
2026-08-06T13:00:52.676,61.807,waiting_for_release,,,,,FALSE,,,35.91912968,139.9091972,,,32.64,1008.903984,59.04296875,18,-4.625,33.5,-0.69,-7.59,7.49,111.6875,-12.25,-37.0625,191,,,,,0.01,
2026-08-06T13:00:53.176,62.308,waiting_for_release,,,,,FALSE,,,35.91912968,139.9091972,,,32.62,1008.926641,59.02929688,85.9375,-15.125,9.0625,0.62,-2.08,8.92,52.75,55,-212.375,255,,,,,0.011,
2026-08-06T13:00:53.677,62.808,waiting_for_release,,,,,FALSE,,,35.91912968,139.9091972,,,32.62,1008.926641,59.02929688,206.9375,-14.3125,40.875,-0.8,-5.12,8.61,-40.5,45.75,-166.5625,255,,,,,0.011,
2026-08-06T13:00:54.177,63.309,waiting_for_release,,,,,FALSE,,,35.91912968,139.9091972,,,32.63,1008.99707,59.00683594,295.875,2.25,40.75,1.82,-6.4,7.95,30.8125,90.8125,-141.75,255,,,,,0.011,
2026-08-06T13:00:54.677,63.809,waiting_for_release,,,,,FALSE,,,35.91912968,139.9091972,,,32.63,1008.99707,59.00683594,304.625,10.125,9.625,-1.52,-2.98,10.53,52.625,-94.8125,225.9375,255,,,,,0.011,
2026-08-06T13:00:55.178,64.309,waiting_for_release,,,,,FALSE,,,35.91912968,139.9091972,,,32.65,1008.947188,58.99804688,181.9375,12.1875,36.375,-0.61,-2.98,9.98,26,-95.0625,166.0625,255,,,,,0.011,
2026-08-06T13:00:55.678,64.81,waiting_for_release,,,,,FALSE,,,35.91912968,139.9091972,,,32.65,1008.947188,58.99804688,68.125,1.75,41,-2.27,-4.48,7.68,22.3125,-96.8125,173.0625,255,,,,,0.011,
2026-08-06T13:00:56.179,65.31,waiting_for_release,,,,,FALSE,,,35.91912968,139.9091972,,,32.65,1008.974453,59.00976563,21.5,-7.375,2.0625,-1.83,-3.04,10.89,119.8125,35.625,-82.875,255,,,,,0.011,
2026-08-06T13:00:56.679,65.811,waiting_for_release,,,,,FALSE,,,35.91912968,139.9091972,,,32.65,1008.974453,59.00976563,125.25,-26.625,13.4375,-2.13,-1.17,10.12,63.5625,33.1875,-189.375,255,,,,,0.011,
2026-08-06T13:00:57.180,66.311,waiting_for_release,,,,,FALSE,,,35.91912968,139.9091972,,,32.65,1008.966445,59.03125,232.3125,-15.625,45.375,-1.45,-6.45,9.37,-9.125,128.3125,-222.25,255,,,,,0.011,
2026-08-06T13:00:57.680,66.812,waiting_for_release,,,,,FALSE,,,35.91912968,139.9091972,,,32.65,1008.966445,59.03125,330.875,1.3125,37.6875,0.85,-6.1,9.27,87.4375,45.75,-13.1875,255,,,,,0.011,
2026-08-06T13:00:58.181,67.312,waiting_for_release,,,,,FALSE,,,35.91912968,139.9091972,,,32.67,1008.998633,59.03417969,272.3125,12.0625,7.1875,-1.99,-1.09,10.44,15.875,-110.375,283.6875,255,,,,,0.011,
2026-08-06T13:00:58.681,67.813,waiting_for_release,,,,,FALSE,,,35.91912968,139.9091972,,,32.67,1008.998633,59.03417969,155.4375,12.125,29.5625,-0.13,-3.4,8.93,-0.1875,-88.8125,190.6875,255,,,,,0.011,
2026-08-06T13:00:59.181,68.313,waiting_for_release,,,,,FALSE,,,35.91912968,139.9091972,,,32.66,1008.854375,59.03417969,47.375,-7.875,36.6875,-3.39,-4.83,7.25,21.75,-55.6875,146.25,255,,,,,0.01,
2026-08-06T13:00:59.682,68.813,waiting_for_release,,,,,FALSE,,,35.91912968,139.9091972,,,32.66,1008.854375,59.03417969,52.875,-29.125,-3.4375,-4.51,-0.97,9.28,38.6875,101.1875,-193.9375,255,,,,,0.011,
2026-08-06T13:01:00.182,69.314,waiting_for_release,,,,,FALSE,,,35.91912968,139.9091972,,,32.67,1008.916875,58.83789063,150.1875,-28.75,16.3125,-1.89,-2.44,9.83,77.8125,38.75,-191.375,255,,,,,0.011,
2026-08-06T13:01:00.683,69.814,waiting_for_release,,,,,FALSE,,,35.91912968,139.9091972,,,32.67,1008.944102,59.06835938,269.125,-7.75,52.4375,0.39,-4.79,6.81,9.5625,78.3125,-118,255,,,,,0.011,
2026-08-06T13:01:01.183,70.315,waiting_for_release,,,,,FALSE,,,35.91912968,139.9091972,,,32.67,1008.944102,59.06835938,316.6875,5.1875,36.25,0.12,-6,8.74,60.6875,14.125,-0.25,255,,,,,0.011,
2026-08-06T13:01:01.684,70.815,waiting_for_release,,,,,FALSE,,,35.91912968,139.9091972,,,32.67,1008.952109,59.08105469,238.3125,6.875,22.25,-2.98,-2.65,9.58,-36.375,-134.5625,209.375,255,,,,,0.011,
2026-08-06T13:01:02.184,71.316,waiting_for_release,,,,,FALSE,,,35.91912968,139.9091972,,,32.67,1008.952109,59.08105469,137.625,6.875,41.875,-1.16,-4.63,6.82,-24.8125,-86.875,100.875,255,,,,,0.011,
2026-08-06T13:01:02.685,71.816,waiting_for_release,,,,,FALSE,,,35.91912968,139.9091972,,,32.68,1008.940781,59.08203125,80.375,-1.375,24.6875,-0.32,-6.2,8.67,47.1875,22.0625,36.6875,255,,,,,0.011,
2026-08-06T13:01:03.185,72.317,waiting_for_release,,,,,FALSE,,,35.91912968,139.9091972,,,32.68,1008.940781,59.08203125,131.375,-21.625,20.625,-1.34,-1.77,9.88,124.5,48.0625,-178.3125,255,,,,,0.011,
2026-08-06T13:01:03.685,72.817,waiting_for_release,,,,,FALSE,,,35.91912968,139.9091972,,,32.69,1008.984258,59.08300781,233.375,-15.75,43.0625,-1.03,-3.93,7.58,-50.1875,94.25,-186.6875,255,,,,,0.011,
2026-08-06T13:01:04.186,73.317,waiting_for_release,,,,,FALSE,,,35.91912968,139.9091972,,,32.69,1008.984258,59.08300781,310.3125,1.75,45.6875,0.23,-6.53,9.04,47.1875,39.625,-1.9375,255,,,,,0.011,
2026-08-06T13:01:04.686,73.818,waiting_for_release,,,,,FALSE,,,35.91912968,139.9091972,,,32.68,1008.968047,59.15136719,236,3,26.0625,-3.5,-1.61,9.95,-32.8125,-112.9375,156.25,255,,,,,0.011,
2026-08-06T13:01:05.187,74.318,waiting_for_release,,,,,FALSE,,,35.91912968,139.9091972,,,32.68,1008.968047,59.15136719,142.4375,0.6875,45.6875,-2.34,-4.34,8.1,-0.4375,-129.625,141.3125,255,,,,,0.01,
2026-08-06T13:01:05.687,74.819,waiting_for_release,,,,,FALSE,,,35.91912968,139.9091972,,,32.68,1008.940781,59.15136719,76.8125,0.3125,32.375,-0.84,-6.4,8.42,62.875,-14,15.5625,255,,,,,0.011,
2026-08-06T13:01:06.187,75.319,waiting_for_release,,,,,FALSE,,,35.91912968,139.9091972,,,32.68,1008.940781,59.15136719,138.5,-23.4375,16.5625,-0.9,0.09,11.11,77,84.875,-187.5625,255,,,,,0.011,
2026-08-06T13:01:06.688,75.819,waiting_for_release,,,,,FALSE,,,35.91912968,139.9091972,,,32.68,1008.968047,59.12792969,262.0625,-5.6875,43.5625,0.84,-3.3,9.25,13.25,108.5,-197.3125,255,,,,,0.01,
2026-08-06T13:01:07.188,76.32,waiting_for_release,,,,,FALSE,,,35.91912968,139.9091972,,,32.68,1008.968047,59.12792969,332.625,0.1875,20.625,-1.32,-5.4,11.61,98.9375,32.4375,45.125,255,,,,,0.011,
2026-08-06T13:01:07.689,76.82,waiting_for_release,,,,,FALSE,,,35.91912968,139.9091972,,,32.69,1008.929727,59.12988281,226.3125,18.25,20.25,-1.13,-1.37,9.83,-14.4375,-104.9375,252.875,255,,,,,0.011,
2026-08-06T13:01:08.189,77.321,waiting_for_release,,,,,FALSE,,,35.91912968,139.9091972,,,32.69,1008.929727,59.12988281,93.625,-3.8125,48.25,-3.01,-5.18,7.21,-32.25,-137.0625,222.875,255,,,,,0.01,
2026-08-06T13:01:08.690,77.821,waiting_for_release,,,,,FALSE,,,35.91912968,139.9091972,,,32.71,1008.953633,59.13183594,17.5625,-3.5,16.6875,-0.54,-6.92,7.28,163.5625,-12.4375,-99.5,255,,,,,0.011,
2026-08-06T13:01:09.190,78.322,waiting_for_landing,,,,,FALSE,,,35.91912968,139.9091972,,,32.71,1008.953633,59.13183594,115.75,-27.6875,2.125,-0.1,-1.69,8.73,81.625,34.8125,-332.125,255,,,,,0.011,
2026-08-06T13:01:09.690,78.822,waiting_for_landing,,,,,FALSE,,,35.91912968,139.9091972,,,32.72,1008.942305,58.9140625,272.125,6.8125,30.625,0.98,-0.53,9.81,42.125,79.4375,-189,255,,,,,0.011,
2026-08-06T13:01:10.191,79.322,waiting_for_landing,,,,,FALSE,,,35.91912968,139.9091972,,,32.72,1008.942305,58.9140625,344,0.1875,7.5,-1.21,-2.36,11.92,98.25,44.25,69.6875,255,,,,,0.011,
2026-08-06T13:01:10.691,79.823,waiting_for_landing,,,,,FALSE,,,35.91912968,139.9091972,,,32.71,1008.90707,59.0859375,207.875,27.6875,23.5625,1.76,-2.47,7.41,-23.5625,-104.125,317.5,255,,,,,0.011,
2026-08-06T13:01:11.192,80.323,waiting_for_landing,,,,,FALSE,,,35.91912968,139.9091972,,,32.71,1008.90707,59.0859375,74.5625,-6.625,46,-3.93,-7.46,6.26,-26.375,-111.9375,123.375,255,,,,,0.011,
2026-08-06T13:01:11.692,80.824,waiting_for_landing,,,,,FALSE,,,35.91912968,139.9091972,,,32.72,1008.996836,59.08691406,81.375,-17.5,19.1875,0.12,-4.05,9.95,39.75,120.5625,-225,255,,,,,0.011,
2026-08-06T13:01:12.193,81.324,waiting_for_landing,,,,,FALSE,,,35.91912968,139.9091972,,,32.72,1008.996836,59.08691406,201.625,-15.125,43.9375,-0.1,-2.7,8.5,10.75,132.125,-213.1875,255,,,,,0.011,
2026-08-06T13:01:12.693,81.825,waiting_for_landing,,,,,FALSE,,,35.91912968,139.9091972,,,32.73,1008.966523,59.05371094,309.125,5.3125,37.6875,0.99,-4.83,8.26,23.125,73.5625,-131.6875,255,,,,,0.011,
2026-08-06T13:01:13.193,82.325,waiting_for_landing,,,,,FALSE,,,35.91912968,139.9091972,,,32.73,1008.966523,59.05371094,323.3125,3.5625,9.5,-1.5,-3.56,9.75,20.25,-7.375,105.5625,255,,,,,0.011,
2026-08-06T13:01:13.694,82.826,waiting_for_landing,,,,,FALSE,,,35.91912968,139.9091972,,,32.73,1008.98582,59.03027344,207.3125,13,31.25,-1.4,-2.47,8.94,-13.8125,-112.25,260.625,255,,,,,0.011,
2026-08-06T13:01:14.194,83.326,waiting_for_landing,,,,,FALSE,,,35.91912968,139.9091972,,,32.73,1008.98582,59.03027344,86.3125,-19.6875,45.75,-4.95,-4.43,5.95,64.5625,-75.875,115.375,255,,,,,0.011,
2026-08-06T13:01:14.695,83.826,waiting_for_landing,,,,,FALSE,,,35.91912968,139.9091972,,,32.72,1008.950586,58.97265625,75.75,-25.5,9.25,-1.21,-4.77,10.07,107,26.25,-161.5,255,,,,,0.011,
2026-08-06T13:01:15.195,84.327,waiting_for_landing,,,,,FALSE,,,35.91912968,139.9091972,,,32.72,1008.950586,58.97265625,184.0625,-20.3125,29,-1.37,-2.17,8.74,80.8125,90.625,-252.125,255,,,,,0.011,
2026-08-06T13:01:15.696,84.827,waiting_for_landing,,,,,FALSE,,,35.91912968,139.9091972,,,32.73,1008.939258,58.82324219,323.875,19.625,38.625,4.06,-3.57,7.8,-38.125,68.8125,-183.9375,255,,,,,0.011,
2026-08-06T13:01:16.196,85.328,waiting_for_landing,,,,,FALSE,,,35.91912968,139.9091972,,,32.74,1008.947227,58.84765625,340.375,1.6875,0.9375,-2.77,-3.46,11.2,44.125,-34.125,188.3125,255,,,,,0.011,
2026-08-06T13:01:16.696,85.828,waiting_for_landing,,,,,FALSE,,,35.91912968,139.9091972,,,32.74,1008.947227,58.84765625,211.75,21.5625,29.9375,-0.94,-2.48,8.87,49.25,-121.8125,201.5,255,,,,,0.011,
2026-08-06T13:01:17.197,86.329,waiting_for_landing,,,,,FALSE,,,35.91912968,139.9091972,,,32.74,1008.955195,58.86035156,131.4375,17.8125,32.6875,0.97,-5.13,8.52,104.8125,-1.9375,120.5625,255,,,,,0.01,
2026-08-06T13:01:17.697,86.829,waiting_for_landing,,,,,FALSE,,,35.91912968,139.9091972,,,32.74,1008.955195,58.86035156,70.125,-22.75,-7.5625,-2.12,-1.12,11.06,123.625,54.25,-97.3125,255,,,,,0.01,
2026-08-06T13:01:18.198,87.329,waiting_for_landing,,,,,FALSE,,,35.91912968,139.9091972,,,32.73,1008.993789,58.88085938,198.75,-25.5,16.0625,-1.22,1.88,8.55,39.3125,-14.375,-281.875,191,,,,,0.011,
2026-08-06T13:01:18.698,87.83,waiting_for_landing,,,,,FALSE,,,35.91912968,139.9091972,,,32.73,1008.993789,58.88085938,328.0625,7.75,0.4375,1.54,0.85,11.73,40.75,68.75,-94.1875,191,,,,,0.011,
2026-08-06T13:01:19.199,88.33,waiting_for_landing,,,,,FALSE,,,35.91912968,139.9091972,,,32.76,1009.041875,58.89746094,230.1875,11.9375,-2.25,-1.53,0.31,10.11,14.8125,-57,417.6875,255,,,,,0.01,
2026-08-06T13:01:19.699,88.831,waiting_for_landing,,,,,FALSE,,,35.91912968,139.9091972,,,32.76,1009.041875,58.89746094,84.5625,-5.25,19.25,-3.6,-2.76,11.02,28.0625,5,140.625,255,,,,,0.011,
2026-08-06T13:01:20.200,89.331,waiting_for_landing,,,,,FALSE,,,35.91912968,139.9091972,,,32.76,1008.924883,58.90722656,164.8125,-38.4375,9.625,3.72,2.18,7.07,-14,49.125,-198.125,255,,,,,0.011,
2026-08-06T13:01:20.700,89.832,waiting_for_landing,,,,,FALSE,,,35.91912968,139.9091972,,,32.76,1008.924883,58.90722656,178.875,17.9375,9.9375,-12.24,-3.48,14.38,15.6875,-141.125,-14.5,255,,,,,0.01,
2026-08-06T13:01:21.201,90.332,waiting_for_landing,,,,,FALSE,,,35.91912968,139.9091972,,,32.75,1008.916602,58.94238281,166.9375,-23.375,-7.25,9.96,-0.8,9.03,40.9375,85.5,80.125,255,,,,,0.01,
2026-08-06T13:01:21.701,90.833,waiting_for_landing,,,,,FALSE,,,35.91912968,139.9091972,,,32.75,1008.916602,58.94238281,189,0.375,-8.5625,-6.46,1.77,10.73,59.9375,-76.6875,-83.3125,255,,,,,0.01,
2026-08-06T13:01:22.201,91.333,waiting_for_landing,,,,,FALSE,,,35.91912968,139.9091972,,,32.74,1008.873398,58.96386719,169.25,-6.5,-5.75,9.54,-0.32,8.33,27.125,67.125,58.875,255,,,,,0.011,
2026-08-06T13:01:22.702,91.833,waiting_for_landing,,,,,FALSE,,,35.91912968,139.9091972,,,32.74,1008.873398,58.96386719,217.375,7.3125,-9.25,-10.41,-0.82,10.8,106.25,-50.875,-110.125,255,,,,,0.009,
2026-08-06T13:01:23.202,92.334,waiting_for_landing,,,,,FALSE,,,35.91912968,139.9091972,,,32.75,1008.889336,58.98828125,169.8125,-10.3125,-5.875,7.41,-2.13,13.71,38.375,56.75,194.625,255,,,,,0.01,
2026-08-06T13:01:23.703,92.834,waiting_for_landing,,,,,FALSE,,,35.91912968,139.9091972,,,32.75,1008.889336,58.98828125,186.625,-2.5,1.3125,-2.19,-2.9,15.9,39.25,-64,-190.375,255,,,,,0.009,
2026-08-06T13:01:24.203,93.335,waiting_for_landing,,,,,FALSE,,,35.91912968,139.9091972,,,32.75,1008.916602,58.9765625,199.3125,-5.3125,2.6875,1.75,-5,18.81,-80.1875,17,133.3125,255,,,,,0.009,
2026-08-06T13:01:24.704,93.835,waiting_for_landing,,,,,FALSE,,,35.91912968,139.9091972,,,32.75,1008.916602,58.9765625,183.8125,-8.75,6,3.88,-4.99,16.75,-41.4375,-61.875,-154,255,,,,,0.01,
2026-08-06T13:01:25.204,94.336,waiting_for_landing,,,,,FALSE,,,35.91912968,139.9091972,,,32.76,1008.924883,58.83886719,210.625,1.8125,-10.625,-6.22,0.14,11.18,-148.9375,79.3125,91.8125,255,,,,,0.011,
2026-08-06T13:01:25.704,94.836,waiting_for_landing,,,,,FALSE,,,35.91912968,139.9091972,,,32.76,1008.924883,58.83886719,169.375,-10.375,-1.8125,6.53,-0.73,8.22,-21.3125,-29.125,-49.125,255,,,,,0.011,
2026-08-06T13:01:26.205,95.336,waiting_for_landing,,,,,FALSE,,,35.91912968,139.9091972,,,32.75,1008.971133,59.03417969,210.9375,7.6875,-8,-5.4,2.89,5.69,-26.25,17.375,34.75,255,,,,,0.011,
2026-08-06T13:01:26.705,95.837,waiting_for_landing,,,,,FALSE,,,35.91912968,139.9091972,,,32.75,1008.971133,59.03417969,171.125,-7.75,-0.625,8.66,0.39,6.66,58.125,3.375,40.9375,255,,,,,0.011,
2026-08-06T13:01:27.206,96.337,waiting_for_landing,,,,,FALSE,,,35.91912968,139.9091972,,,32.75,1008.889336,59.05761719,214.375,-1.75,-9.4375,-8.38,1.27,5.95,71.5625,12.875,-43.625,255,,,,,0.011,
2026-08-06T13:01:27.706,96.838,waiting_for_landing,,,,,FALSE,,,35.91912968,139.9091972,,,32.75,1008.889336,59.05761719,173.5,-10.125,0.4375,9.42,-2.14,11.41,87,51.5625,119.4375,255,,,,,0.011,
2026-08-06T13:01:28.207,97.338,waiting_for_landing,,,,,FALSE,,,35.91912968,139.9091972,,,32.77,1008.948789,59.09375,204,0.3125,3.4375,-12.76,0.98,12.24,62.75,-27,-133.5625,255,,,,,0.01,
2026-08-06T13:01:28.707,97.839,waiting_for_landing,,,,,FALSE,,,35.91912968,139.9091972,,,32.77,1008.948789,59.09375,175.6875,-11.9375,11.625,2.94,-9.17,16.1,18.375,26.8125,182,255,,,,,0.009,
2026-08-06T13:01:29.208,98.339,waiting_for_landing,,,,,FALSE,,,35.91912968,139.9091972,,,32.77,1008.866992,59.12890625,181.0625,-4.375,9.25,-0.92,-8.77,18.64,47.3125,-38.375,-265.5,255,,,,,0.011,
2026-08-06T13:01:29.708,98.839,waiting_for_landing,,,,,FALSE,,,35.91912968,139.9091972,,,32.77,1008.866992,59.12890625,216.125,7.125,-4.875,-11.16,-1.99,15.04,-150,76,155.0625,255,,,,,0.011,
2026-08-06T13:01:30.208,99.34,waiting_for_landing,,,,,FALSE,,,35.91912968,139.9091972,,,32.77,1008.921523,59.17480469,176.6875,-9.625,4.1875,7.61,-3.84,10.82,-68.75,-36.125,-122.9375,255,,,,,0.012,
2026-08-06T13:01:30.709,99.84,waiting_for_landing,,,,,FALSE,,,35.91912968,139.9091972,,,32.78,1008.929492,59.31347656,233.1875,6.8125,-32,-6.84,0.78,1.73,-25.6875,79.4375,67.375,255,,,,,0.012,
2026-08-06T13:01:31.209,100.341,waiting_for_landing,,,,,FALSE,,,35.91912968,139.9091972,,,32.78,1008.929492,59.31347656,156.6875,-29.5,-22.8125,9.57,0.7,2.01,107.5,66.0625,28.5625,255,,,,,0.012,
2026-08-06T13:01:31.710,100.841,waiting_for_landing,,,,,FALSE,,,35.91912968,139.9091972,,,32.76,1008.87832,59.20800781,224.0625,7.4375,-3.1875,-12.13,-0.96,6.53,143.875,-61.625,-92.375,255,,,,,0.01,
2026-08-06T13:01:32.210,101.342,waiting_for_landing,,,,,FALSE,,,35.91912968,139.9091972,,,32.76,1008.87832,59.20800781,186.9375,-11.875,11.75,5.93,-11.24,20.32,-22.5625,41.5625,182.375,255,,,,,0.009,
2026-08-06T13:01:32.711,101.842,waiting_for_landing,,,,,FALSE,,,35.91912968,139.9091972,,,32.78,1008.902227,59.20898438,189,-6.1875,17.5625,-0.33,-10.06,19.11,30.5625,2.8125,-241.6875,255,,,,,0.01,
2026-08-06T13:01:33.211,102.343,waiting_for_landing,,,,,FALSE,,,35.91912968,139.9091972,,,32.78,1008.902227,59.20898438,208.9375,4.75,-7.8125,-7.84,0.01,7.78,-198,86.5625,94.3125,255,,,,,0.011,
2026-08-06T13:01:33.711,102.843,waiting_for_landing,,,,,FALSE,,,35.91912968,139.9091972,,,32.77,1009.00332,59.23242188,157.875,-15.75,-2.75,7.25,-1.64,7.23,-57.625,-35.9375,-49.625,255,,,,,0.011,
2026-08-06T13:01:34.212,103.343,waiting_for_landing,,,,,FALSE,,,35.91912968,139.9091972,,,32.77,1009.00332,59.23242188,215.0625,2.3125,-15.375,-5.99,2.39,0.69,98.875,-42.625,-9.0625,255,,,,,0.011,
2026-08-06T13:01:34.712,103.844,waiting_for_landing,,,,,FALSE,,,35.91912968,139.9091972,,,32.78,1008.956758,59.24414063,170.8125,-20.125,4.625,10.49,1.87,3.99,144,37.8125,60.625,255,,,,,0.012,
2026-08-06T13:01:35.213,104.344,waiting_for_landing,,,,,FALSE,,,35.91912968,139.9091972,,,32.78,1008.956758,59.24414063,205.0625,0.6875,3.8125,-13.51,0.53,10.46,82.1875,-47.0625,-91.5,255,,,,,0.01,
2026-08-06T13:01:35.713,104.845,waiting_for_landing,,,,,FALSE,,,35.91912968,139.9091972,,,32.78,1008.910195,59.26855469,175.5,-13.5625,6.125,8.01,-2.72,13.67,99.3125,54.9375,192.25,255,,,,,0.011,
2026-08-06T13:01:36.214,105.345,waiting_for_landing,,,,,FALSE,,,35.91912968,139.9091972,,,32.78,1008.910195,59.26855469,186.0625,-13.625,4.75,3.47,-6.38,21.61,-114.625,-105.875,-191.125,255,,,,,0.011,
2026-08-06T13:01:36.714,105.846,waiting_for_landing,,,,,FALSE,,,35.91912968,139.9091972,,,32.77,1008.839727,59.22070313,198.3125,3.625,5,-10.17,-1.55,13.69,-130.8125,101.6875,74.75,255,,,,,0.01,
2026-08-06T13:01:37.215,106.346,waiting_for_landing,,,,,FALSE,,,35.91912968,139.9091972,,,32.77,1008.839727,59.22070313,168.125,-29.4375,-5.375,7.52,1.49,4.84,-26,-50.5,-3,255,,,,,0.011,
2026-08-06T13:01:37.715,106.847,waiting_for_landing,,,,,FALSE,,,35.91912968,139.9091972,,,32.78,1008.956758,59.25585938,208.0625,4,-7,-6.74,2.56,0.2,126.0625,-2.75,-8.25,255,,,,,0.011,
2026-08-06T13:01:38.215,107.347,waiting_for_landing,,,,,FALSE,,,35.91912968,139.9091972,,,32.78,1008.956758,59.25585938,181.1875,-25.625,4.3125,8.97,1.89,9.09,21.3125,81.875,27.125,255,,,,,0.011,
2026-08-06T13:01:38.716,107.847,waiting_for_landing,,,,,FALSE,,,35.91912968,139.9091972,,,32.78,1008.983984,59.29003906,207.5625,-3.0625,2.6875,-11.15,-0.46,7.69,84.5,-51.0625,-16.3125,255,,,,,0.01,
2026-08-06T13:01:39.216,108.348,waiting_for_landing,,,,,FALSE,,,35.91912968,139.9091972,,,32.78,1008.983984,59.29003906,184.75,-13.5,13.1875,-2.43,-7.15,19.65,15.5625,17,135.9375,255,,,,,0.009,
2026-08-06T13:01:39.717,108.848,waiting_for_landing,,,,,FALSE,,,35.91912968,139.9091972,,,32.78,1008.956758,59.29003906,191.9375,-10.25,13.0625,-0.69,-7.56,21.25,-31.8125,-41.75,-182.3125,255,,,,,0.01,
2026-08-06T13:01:40.217,109.349,waiting_for_landing,,,,,FALSE,,,35.91912968,139.9091972,,,32.78,1008.956758,59.29003906,205.125,5.75,-5.625,-10.44,-0.24,10.55,-148,120.1875,65.0625,255,,,,,0.011,
2026-08-06T13:01:40.718,109.849,waiting_for_landing,,,,,FALSE,,,35.91912968,139.9091972,,,32.78,1008.88293,59.30273438,164.625,-28.8125,-7.375,8.15,1.25,2.07,4.75,-34.375,-22,255,,,,,0.012,
2026-08-06T13:01:41.218,110.35,waiting_for_landing,,,,,FALSE,,,35.91912968,139.9091972,,,32.78,1008.88293,59.30273438,201.1875,18.0625,-9.75,-7.27,3.24,-0.98,58.9375,-10.0625,19,255,,,,,0.011,
2026-08-06T13:01:41.718,110.85,waiting_for_landing,,,,,FALSE,,,35.91912968,139.9091972,,,32.79,1008.871875,59.25878906,149.0625,-30.9375,-9.9375,10.36,-1.47,7.5,59.75,116.625,34,255,,,,,0.01,
2026-08-06T13:01:42.219,111.35,waiting_for_landing,,,,,FALSE,,,35.91912968,139.9091972,,,32.79,1008.871875,59.25878906,211.5,14,5.375,-12.1,-4.59,14.74,107.75,-181.0625,-107.375,255,,,,,0.01,
2026-08-06T13:01:42.719,111.851,waiting_for_landing,,,,,FALSE,,,35.91912968,139.9091972,,,32.79,1008.918164,59.24609375,173.8125,-6.3125,22.5,-0.66,-16.14,29.69,2,284.6875,196.25,255,,,,,0.01,
2026-08-06T13:01:43.220,112.351,waiting_for_landing,,,,,FALSE,,,35.91912968,139.9091972,,,32.79,1008.918164,59.24609375,180.3125,-42.75,14.75,2.2,-12.71,25.08,-96,-290.1875,-181.1875,255,,,,,0.01,
2026-08-06T13:01:43.720,112.852,waiting_for_landing,,,,,FALSE,,,35.91912968,139.9091972,,,32.79,1008.972656,59.20019531,188.0625,38.375,-56.5,-4.07,0.32,4.48,336.875,61.125,-35.9375,191,,,,,0.011,
2026-08-06T13:01:44.221,113.352,waiting_for_landing,,,,,FALSE,,,35.91912968,139.9091972,,,32.79,1008.972656,59.20019531,153.875,-33.5,22.5,5.41,-4.39,18.5,-66.3125,-16.4375,-218.375,191,,,,,0.01,
2026-08-06T13:01:44.721,113.853,waiting_for_landing,,,,,FALSE,,,35.91912968,139.9091972,,,32.78,1008.956758,59.140625,227.25,38.25,-34.0625,-6.09,0.27,-1.3,80.5625,20.1875,28.125,255,,,,,0.011,
2026-08-06T13:01:45.221,114.353,waiting_for_landing,,,,,FALSE,,,35.91912968,139.9091972,,,32.78,1008.956758,59.140625,148.125,-55.5625,-6.5625,4.57,-3.71,16.99,52.375,219.9375,100.5625,255,,,,,0.011,
2026-08-06T13:01:45.722,114.853,waiting_for_landing,,,,,FALSE,,,35.91912968,139.9091972,,,32.77,1008.886289,58.56445313,184.25,-27.125,20.8125,-3.43,-13.19,30.43,-25.9375,-253.5625,-278.4375,255,,,,,0.01,
2026-08-06T13:01:46.222,115.354,waiting_for_landing,,,,,FALSE,,,35.91912968,139.9091972,,,32.78,1008.874922,59.07128906,204.875,22.3125,-4.3125,-7.75,2.06,5.99,-170.625,188.1875,132,255,,,,,0.012,
2026-08-06T13:01:46.723,115.854,waiting_for_landing,,,,,FALSE,,,35.91912968,139.9091972,,,32.78,1008.874922,59.07128906,138.5625,-37.375,-44.6875,6.09,-0.13,2.32,91.375,68.625,4.125,255,,,,,0.011,
2026-08-06T13:01:47.223,116.355,waiting_for_landing,,,,,FALSE,,,35.91912968,139.9091972,,,32.78,1009.011289,58.921875,215.0625,2.5,8.875,-10.57,-5.88,16.76,143.75,-143.125,-135.625,255,,,,,0.01,
2026-08-06T13:01:47.724,116.855,waiting_for_landing,,,,,FALSE,,,35.91912968,139.9091972,,,32.78,1009.011289,58.921875,188.625,2.0625,-4.0625,-12.83,-5.16,23.95,-227.5,242.75,151.3125,255,,,,,0.01,
2026-08-06T13:01:48.224,117.356,waiting_for_landing,,,,,FALSE,,,35.91912968,139.9091972,,,32.79,1008.863594,58.92382813,140.5,-44.75,-23,6.01,0.95,4.73,-30.25,-75.8125,-76.875,255,,,,,0.012,
2026-08-06T13:01:48.724,117.856,waiting_for_landing,,,,,FALSE,,,35.91912968,139.9091972,,,32.79,1008.863594,58.92382813,218.0625,10.5,-0.8125,-9.06,-1.18,5.77,158.875,-99.25,-58.875,255,,,,,0.011,
2026-08-06T13:01:49.225,118.356,waiting_for_landing,,,,,FALSE,,,35.91912968,139.9091972,,,32.79,1008.89918,58.91308594,176.8125,-23.6875,12.875,4.09,-7.44,18.04,-5.4375,52,221.6875,255,,,,,0.01,
2026-08-06T13:01:49.725,118.857,waiting_for_landing,,,,,FALSE,,,35.91912968,139.9091972,,,32.79,1008.89918,58.91308594,161.75,-24.5,11.6875,4.97,-9.24,20.54,-92.4375,-63.625,-222.3125,255,,,,,0.01,
2026-08-06T13:01:50.226,119.357,waiting_for_landing,,,,,FALSE,,,35.91912968,139.9091972,,,32.79,1008.871875,58.90136719,204.5625,18.4375,-6.4375,-6.26,2.24,2.24,-69.75,24.125,104,255,,,,,0.012,
2026-08-06T13:01:50.726,119.858,waiting_for_landing,,,,,FALSE,,,35.91912968,139.9091972,,,32.79,1008.871875,58.90136719,154.3125,-28.875,-7.0625,8.52,1.12,3.24,63.3125,43.5,-20.1875,255,,,,,0.01,
2026-08-06T13:01:51.227,120.358,waiting_for_landing,,,,,FALSE,,,35.91912968,139.9091972,,,32.72,1008.806016,58.86816406,214.3125,-3.1875,0.8125,-12.34,-0.9,5.89,205.625,-44.4375,-39.8125,255,,,,,0.011,
2026-08-06T13:01:51.727,120.858,waiting_for_landing,,,,,FALSE,,,35.91912968,139.9091972,,,32.72,1008.806016,58.86816406,173.25,-16.375,12.6875,7.69,-7.43,16.3,81.4375,40,133.25,255,,,,,0.01,
2026-08-06T13:01:52.227,121.359,waiting_for_landing,,,,,FALSE,,,35.91912968,139.9091972,,,32.79,1008.94543,58.85449219,177.625,-12.75,17.3125,-0.42,-10.59,21.41,-61.375,-18.75,-197.5,255,,,,,0.01,
2026-08-06T13:01:52.728,121.859,waiting_for_landing,,,,,FALSE,,,35.91912968,139.9091972,,,32.79,1008.94543,58.85449219,196.375,6.9375,-11.5625,-6.17,1.04,7.05,-209.625,95.1875,80,255,,,,,0.011,
2026-08-06T13:01:53.228,122.36,waiting_for_landing,,,,,FALSE,,,35.91912968,139.9091972,,,32.8,1008.961641,58.8671875,166.6875,-39.3125,-3.375,5.51,3.91,1.33,86.375,42,-11,255,,,,,0.012,
2026-08-06T13:01:53.729,122.86,waiting_for_landing,,,,,FALSE,,,35.91912968,139.9091972,,,32.8,1008.961641,58.8671875,212.8125,-4.75,2.375,-10.83,-0.01,6.29,139.5,-44.625,-4.75,255,,,,,0.011,
2026-08-06T13:01:54.229,123.361,waiting_for_landing,,,,,FALSE,,,35.91912968,139.9091972,,,32.8,1008.887852,58.87890625,180,-15.3125,21.125,0.89,-9.61,15.99,10.0625,30.75,133.4375,255,,,,,0.009,
2026-08-06T13:01:54.730,123.861,waiting_for_landing,,,,,FALSE,,,35.91912968,139.9091972,,,32.8,1008.887852,58.87890625,188.9375,-11.9375,7.875,4.31,-7.21,15.81,-134.8125,-94.875,-200,255,,,,,0.01,
2026-08-06T13:01:55.230,124.362,waiting_for_landing,,,,,FALSE,,,35.91912968,139.9091972,,,32.81,1008.923047,58.90332031,232.5,3.9375,-15.375,-6.06,3.78,-0.56,-87.875,65.1875,-7,255,,,,,0.012,
2026-08-06T13:01:55.730,124.862,waiting_for_landing,,,,,FALSE,,,35.91912968,139.9091972,,,32.81,1008.923047,58.90332031,177.25,-23.0625,-16.5625,5.16,2.66,7.67,246.5,113.8125,-16.0625,255,,,,,0.011,
2026-08-06T13:01:56.231,125.362,waiting_for_landing,,,,,FALSE,,,35.91912968,139.9091972,,,32.81,1008.895781,58.85742188,273.0625,-22.3125,12.875,-3.87,-7.16,19.79,-18.0625,-206.125,81,255,,,,,0.009,
2026-08-06T13:01:56.731,125.863,waiting_for_landing,,,,,FALSE,,,35.91912968,139.9091972,,,32.81,1008.895781,58.85742188,176.9375,26.875,30.0625,-6.08,0.12,6.28,107.125,-50.25,88.75,255,,,,,0.011,
2026-08-06T13:01:57.232,126.363,waiting_for_landing,,,,,FALSE,,,35.91912968,139.9091972,,,32.81,1008.813984,58.82226563,161.3125,-27.9375,-2.6875,7.92,3.99,4.67,-51.375,20.1875,11.4375,255,,,,,0.012,
2026-08-06T13:01:57.732,126.864,waiting_for_landing,,,,,FALSE,,,35.91912968,139.9091972,,,32.81,1008.813984,58.82226563,210.5,-8.625,-1.875,-9.49,-2.41,5.69,118.5,-41.375,-60.125,255,,,,,0.011,
2026-08-06T13:01:58.233,127.364,waiting_for_landing,,,,,FALSE,,,35.91912968,139.9091972,,,32.81,1008.90375,58.7890625,188.5,-9.8125,19.25,-2.09,-10.52,16.61,-81.125,-1.375,135.5,255,,,,,0.01,
2026-08-06T13:01:58.733,127.865,waiting_for_landing,,,,,FALSE,,,35.91912968,139.9091972,,,32.81,1008.90375,58.7890625,180.75,-11.125,9.6875,0.92,-8.45,16.48,-39.75,-18.9375,-178.8125,255,,,,,0.011,
2026-08-06T13:01:59.234,128.365,waiting_for_landing,,,,,FALSE,,,35.91912968,139.9091972,,,32.82,1008.919688,58.7890625,210.375,5.625,-8.9375,-6.82,7.07,5.48,-87.5,70.875,34.3125,255,,,,,0.012,
2026-08-06T13:01:59.734,128.866,waiting_for_landing,,,,,FALSE,,,35.91912968,139.9091972,,,32.82,1008.919688,58.7890625,179.25,-18.25,10.1875,7.23,0.64,6.39,29.3125,-10.0625,3.6875,255,,,,,0.011,
2026-08-06T13:02:00.234,129.366,waiting_for_landing,,,,,FALSE,,,35.91912968,139.9091972,,,32.81,1008.958281,58.77734375,222.625,-2.375,-13.625,-7.91,0.26,3.38,176.6875,-64.0625,-50.8125,255,,,,,0.011,
2026-08-06T13:02:00.735,129.866,waiting_for_landing,,,,,FALSE,,,35.91912968,139.9091972,,,32.82,1008.96625,58.71972656,193.25,-9.9375,23.6875,2.95,-10.9,13.31,66.3125,-56.875,194.75,255,,,,,0.01,
2026-08-06T13:02:01.235,130.367,waiting_for_landing,,,,,FALSE,,,35.91912968,139.9091972,,,32.82,1008.96625,58.71972656,180,-14.25,12.3125,2.06,-4.84,13.94,-42.0625,11.1875,-141.5625,255,,,,,0.011,
2026-08-06T13:02:01.736,130.867,waiting_for_landing,,,,,FALSE,,,35.91912968,139.9091972,,,32.65,1008.67457,58.74511719,211.8125,-6.9375,-1.5,-7.26,3.25,4.44,-79.5625,5.5,22.8125,255,,,,,0.011,
2026-08-06T13:02:02.236,131.368,waiting_for_landing,,,,,FALSE,,,35.91912968,139.9091972,,,32.65,1008.67457,58.74511719,162.1875,-10.1875,-14.375,8.62,0.57,2.55,113.1875,6.4375,14.0625,255,,,,,0.012,
2026-08-06T13:02:02.737,131.868,waiting_for_landing,,,,,FALSE,,,35.91912968,139.9091972,,,32.82,1008.919688,58.73144531,200.3125,-8.4375,18.6875,-12.18,0.74,13.37,-37.0625,-25.375,-19.25,255,,,,,0.011,
2026-08-06T13:02:03.237,132.369,waiting_for_landing,,,,,FALSE,,,35.91912968,139.9091972,,,32.82,1008.919688,58.73144531,122.625,8.125,1.9375,3.65,-3.35,11.57,27.8125,-117.25,197.625,255,,,,,0.011,
2026-08-06T13:02:03.737,132.869,waiting_for_landing,,,,,FALSE,,,35.91912968,139.9091972,,,32.84,1008.897305,58.74707031,77.5,56.8125,14.4375,6.78,-2.26,2.43,64.3125,-86.625,-40.9375,255,,,,,0.012,
2026-08-06T13:02:04.238,133.369,waiting_for_landing,,,,,FALSE,,,35.91912968,139.9091972,,,32.84,1008.897305,58.74707031,73.0625,11.75,-20.1875,1.65,0.12,12.87,2.8125,142,-136.5625,191,,,,,0.01,
2026-08-06T13:02:04.738,133.87,waiting_for_landing,,,,,FALSE,,,35.91912968,139.9091972,,,32.85,1008.878008,58.74707031,151.5,-25.3125,-19.125,-11.05,-0.28,1.95,98.4375,17.5625,48.5,191,,,,,0.012,
2026-08-06T13:02:05.239,134.37,waiting_for_landing,,,,,FALSE,,,35.91912968,139.9091972,,,32.85,1008.878008,58.74707031,52.1875,-13.625,-17.25,12.47,-0.02,7.47,84.9375,-52.5,112.5625,255,,,,,0.011,
2026-08-06T13:02:05.739,134.871,waiting_for_landing,,,,,FALSE,,,35.91912968,139.9091972,,,32.85,1008.967773,58.75878906,123.625,-17.8125,-5.25,-11.79,-3.8,6.66,136.8125,-16.875,-160.625,255,,,,,0.011,
2026-08-06T13:02:06.239,135.371,waiting_for_landing,,,,,FALSE,,,35.91912968,139.9091972,,,32.85,1008.967773,58.75878906,105.375,-29.0625,8.125,-3.48,-12.48,16.18,-77.4375,-10.4375,235.125,255,,,,,0.01,
2026-08-06T13:02:06.740,135.871,waiting_for_landing,,,,,FALSE,,,35.91912968,139.9091972,,,32.87,1008.956758,58.59960938,72.5625,-17.875,0.375,1.53,-9.32,15.31,-52.4375,0.4375,-182.875,255,,,,,0.01,
2026-08-06T13:02:07.241,136.372,waiting_for_landing,,,,,FALSE,,,35.91912968,139.9091972,,,32.87,1008.956758,58.59960938,124.0625,-5.4375,-24.0625,-5.25,3.61,2.53,-19.1875,-65.5,69.625,255,,,,,0.012,
2026-08-06T13:02:07.741,136.873,waiting_for_landing,,,,,FALSE,,,35.91912968,139.9091972,,,32.86,1008.948477,58.50585938,59,-9.25,-4.5625,5.91,-1.59,9.91,-8.625,8.625,24.8125,255,,,,,0.011,
2026-08-06T13:02:08.241,137.373,waiting_for_landing,,,,,FALSE,,,35.91912968,139.9091972,,,32.86,1008.948477,58.50585938,106.6875,-13.3125,1.0625,-6.46,0.47,6.83,60.5,14.625,-48.1875,255,,,,,0.01,
2026-08-06T13:02:08.742,137.873,waiting_for_landing,,,,,FALSE,,,35.91912968,139.9091972,,,32.87,1008.929492,58.44921875,86.0625,-3.125,5.8125,7.94,-4.33,10.06,67.6875,23.625,77.3125,255,,,,,0.01,
2026-08-06T13:02:09.242,138.374,waiting_for_landing,,,,,FALSE,,,35.91912968,139.9091972,,,32.87,1008.929492,58.44921875,110,-21.0625,5.125,-9.09,-0.31,7.25,53.25,38.3125,-34.6875,255,,,,,0.011,
2026-08-06T13:02:09.743,138.874,waiting_for_landing,,,,,FALSE,,,35.91912968,139.9091972,,,32.86,1008.812188,58.47070313,78.875,-9.1875,-6.5625,9.69,-5.48,12.47,110.9375,70.75,122.625,255,,,,,0.011,
2026-08-06T13:02:10.243,139.375,waiting_for_landing,,,,,FALSE,,,35.91912968,139.9091972,,,32.86,1008.812188,58.47070313,55.75,14.75,-8.125,4.09,4.6,11.19,-89.4375,-90.4375,0.875,255,,,,,0.01,
2026-08-06T13:02:10.744,139.875,waiting_for_landing,,,,,FALSE,,,35.91912968,139.9091972,,,32.88,1008.94543,58.51953125,58.0625,39.8125,12.5,8.48,4.16,5.82,-68.9375,105.25,32.9375,255,,,,,0.011,
2026-08-06T13:02:11.244,140.376,waiting_for_landing,,,,,FALSE,,,35.91912968,139.9091972,,,32.88,1008.94543,58.51953125,32.5,6.4375,48.75,18.4,-1.08,-7.86,-143.625,80,-3.625,255,,,,,0.012,
2026-08-06T13:02:11.744,140.876,waiting_for_landing,,,,,FALSE,,,35.91912968,139.9091972,,,32.87,1008.602305,58.36914063,288.375,-58,-93.1875,-0.42,0.83,-0.33,10.375,171.625,307.5,255,,,,,0.012,
2026-08-06T13:02:12.245,141.376,waiting_for_landing,,,,,FALSE,,,35.91912968,139.9091972,,,32.87,1008.602305,58.36914063,145.5,-25.0625,56.625,0.7,-0.44,-2.35,630.6875,-181.75,56.625,191,,,,,0.01,
2026-08-06T13:02:12.745,141.877,waiting_for_landing,,,,,FALSE,,,35.91912968,139.9091972,,,32.15,1007.862227,58.09375,133.75,-8.25,97.8125,1.05,-5.22,-1.58,560.375,7.4375,5.375,63,,,,,0.007,
2026-08-06T13:02:13.246,142.377,waiting_for_landing,,,,,FALSE,,,35.91912968,139.9091972,,,32.15,1007.862227,58.09375,320,-9.6875,-143.625,-0.69,1.65,-5.45,533.875,7.4375,-26.6875,127,,,,,0.019,
2026-08-06T13:02:13.746,142.878,waiting_for_landing,,,,,FALSE,,,35.91912968,139.9091972,,,32.88,1009.054492,58.046875,138.4375,-9.0625,20.25,0.58,-3.61,10.2,330.5,25.6875,6.1875,191,,,,,0.018,
2026-08-06T13:02:14.247,143.378,waiting_for_landing,,,,,FALSE,,,35.91912968,139.9091972,,,32.88,1009.054492,58.046875,153.0625,-9.375,-106.625,-0.56,8.68,-3.78,267.125,3.9375,6.1875,127,,,,,0.024,
2026-08-06T13:02:14.747,143.879,waiting_for_landing,,,,,FALSE,,,35.91912968,139.9091972,,,32.88,1008.999961,58.046875,319.125,-9.125,-164.0625,1.83,1.34,-8.65,-166.6875,-10.6875,0.0625,127,,,,,0.02,
2026-08-06T13:02:15.247,144.379,waiting_for_landing,,,,,FALSE,,,35.91912968,139.9091972,,,32.88,1008.999961,58.046875,152,-9.125,-101.625,0.38,8.7,-1.44,-19.0625,0.5,2.0625,127,,,,,0.023,
2026-08-06T13:02:15.748,144.879,waiting_for_landing,,,,,FALSE,,,35.91912968,139.9091972,,,32.88,1008.980664,58.03710938,317.625,-8.1875,-143.5,-0.17,4.5,-7.32,144.625,1.0625,-1.9375,63,,,,,0.021,
2026-08-06T13:02:16.248,145.38,waiting_for_landing,,,,,FALSE,,,35.91912968,139.9091972,,,32.88,1008.980664,58.03710938,317.6875,-7.5625,-138.875,0.61,6.15,-7.71,-96.75,-2.25,-0.875,63,,,,,0.018,
2026-08-06T13:02:16.749,145.88,waiting_for_landing,,,,,FALSE,,,35.91912968,139.9091972,,,32.89,1008.988633,57.81738281,318.25,-5.625,-136.25,-0.02,5.97,-7.39,63.6875,0.875,0.0625,63,,,,,0.018,
2026-08-06T13:02:17.249,146.381,waiting_for_landing,,,,,FALSE,,,35.91912968,139.9091972,,,32.91,1009.020781,58.05078125,323.875,-5.3125,-147.875,0.2,4.5,-8.12,-41.75,0.9375,1,63,,,,,0.02,
2026-08-06T13:02:17.750,146.881,waiting_for_landing,,,,,FALSE,,,35.91912968,139.9091972,,,32.91,1009.020781,58.05078125,333.375,-0.875,-146.25,0.19,4.93,-7.96,22.875,-0.375,-0.4375,127,,,,,0.019,
2026-08-06T13:02:18.250,147.382,waiting_for_landing,,,,,FALSE,,,35.91912968,139.9091972,,,32.91,1009.02875,58.07519531,337.25,-0.25,-152.625,0.16,4.17,-8.32,-17.75,0.625,0.4375,191,,,,,0.02,
2026-08-06T13:02:18.750,147.882,waiting_for_landing,,,,,FALSE,,,35.91912968,139.9091972,,,32.91,1009.02875,58.07519531,338.4375,0.125,-154.5,0.16,3.94,-8.56,-13.625,0.375,0.25,255,,,,,0.02,
2026-08-06T13:02:19.251,148.382,waiting_for_landing,,,,,FALSE,,,35.91912968,139.9091972,,,32.92,1009.036719,58.08789063,338.9375,0.3125,-154.5,0.15,4.03,-8.53,-1.9375,0.125,0.0625,255,,,,,0.02,
2026-08-06T13:02:19.751,148.883,waiting_for_landing,,,,,FALSE,,,35.91912968,139.9091972,,,32.92,1009.036719,58.08789063,346.9375,0.4375,-155,0.15,3.91,-8.59,-0.8125,8.0625,0.1875,255,,,,,0.02,
2026-08-06T13:02:20.252,149.383,waiting_for_landing,,,,,FALSE,,,35.91912968,139.9091972,,,32.91,1009.020781,58.07324219,339,0.5,-154.9375,0.14,3.91,-8.59,0.1875,0.125,0.0625,255,,,,,0.018,
2026-08-06T13:02:20.752,149.884,waiting_for_landing,,,,,FALSE,,,35.91912968,139.9091972,,,32.91,1009.020781,58.07324219,339,0.5,-154.9375,0.18,3.94,-8.56,0.125,-0.0625,0.0625,255,,,,,0.02,
2026-08-06T13:02:21.252,150.384,waiting_for_landing,,,,,FALSE,,,35.91912968,139.9091972,,,32.92,1008.982188,58.08789063,339,0.5,-154.9375,0.15,3.91,-8.57,0.125,0.0625,-0.0625,255,,,,,0.019,
2026-08-06T13:02:21.753,150.884,waiting_for_landing,,,,,FALSE,,,35.91912968,139.9091972,,,32.92,1008.982188,58.08789063,339,0.5,-155,0.14,3.91,-8.6,0.75,-0.0625,-0.0625,255,,,,,0.02,
2026-08-06T13:02:22.253,151.385,waiting_for_landing,,,,,FALSE,,,35.91912968,139.9091972,,,32.93,1008.951523,58.10058594,339,0.5,-154.9375,0.16,3.93,-8.58,-0.3125,0.0625,0,255,,,,,0.019,
2026-08-06T13:02:22.754,151.885,waiting_for_landing,,,,,FALSE,,,35.91912968,139.9091972,,,32.93,1008.951523,58.10058594,339,0.5,-154.9375,0.17,3.92,-8.59,0.0625,-0.0625,0.0625,255,,,,,0.018,
2026-08-06T13:02:23.254,152.386,waiting_for_landing,,,,,FALSE,,,35.91912968,139.9091972,,,32.57,1008.472734,58.07910156,341.0625,0.5625,-137.5625,1.01,1.1,-11.26,-557.6875,-60.25,46.5,255,,,,,0.017,
2026-08-06T13:02:23.755,152.886,waiting_for_landing,,,,,FALSE,,,35.91912968,139.9091972,,,32.57,1008.472734,58.07910156,161.4375,1,15.875,-0.35,-3.8,9.83,-72.125,-3.5625,-1.0625,127,,,,,0.021,
2026-08-06T13:02:24.255,153.387,waiting_for_landing,,,,,FALSE,,,35.91912968,139.9091972,,,32.93,1009.025391,58.08789063,156.6875,0.625,-19.1875,0.08,2.94,9.4,132.6875,0.875,2.5,63,,,,,0.021,
2026-08-06T13:02:24.756,153.887,waiting_for_landing,,,,,FALSE,,,35.91912968,139.9091972,,,32.93,1009.025391,58.08789063,156.125,0.5,-13.25,0.06,1.22,9.46,-51.8125,-3.375,0.5,63,,,,,0.02,
2026-08-06T13:02:25.256,154.387,waiting_for_landing,,,,,FALSE,,,35.91912968,139.9091972,,,32.94,1009.014336,58.06640625,152.6875,0.6875,-21.75,0.16,3.67,8.85,-14.5,0.875,-0.5,127,,,,,0.02,
2026-08-06T13:02:25.756,154.888,waiting_for_landing,,,,,FALSE,,,35.91912968,139.9091972,,,32.94,1009.014336,58.06640625,150.125,0.5625,-18.75,0.1,2.85,9.17,-8.5625,0.1875,-0.1875,191,,,,,0.02,
2026-08-06T13:02:26.257,155.388,waiting_for_landing,,,,,FALSE,,,35.91912968,139.9091972,,,32.93,1008.998086,57.98339844,148.875,0.5625,-18.125,0.11,2.89,9.15,-0.1875,0.1875,-0.0625,255,,,,,0.02,
2026-08-06T13:02:26.757,155.889,waiting_for_landing,,,,,FALSE,,,35.91912968,139.9091972,,,32.93,1008.998086,57.98339844,148.4375,0.5625,-17.9375,0.1,2.87,9.27,-0.25,0.0625,-0.0625,255,,,,,0.019,
2026-08-06T13:02:27.258,156.389,waiting_for_landing,,,,,FALSE,,,35.91912968,139.9091972,,,32.94,1008.967773,57.82519531,148.1875,0.5625,-17.8125,0.09,2.89,9.21,0.25,0.125,0.0625,255,,,,,0.02,
2026-08-06T13:02:27.758,156.89,waiting_for_landing,,,,,FALSE,,,35.91912968,139.9091972,,,32.94,1008.967773,57.82519531,148.1875,0.5625,-17.8125,0.1,2.89,9.24,-0.125,0.0625,-0.125,255,,,,,0.022,
2026-08-06T13:02:28.259,157.39,waiting_for_landing,,,,,FALSE,,,35.91912968,139.9091972,,,32.96,1008.964727,57.82714844,148.1875,0.5625,-17.875,0.11,2.89,9.25,0.125,-0.0625,-0.0625,255,,,,,0.02,
2026-08-06T13:02:28.759,157.891,waiting_for_landing,,,,,FALSE,,,35.91912968,139.9091972,,,32.96,1008.964727,57.82714844,148.1875,0.5625,-17.875,0.13,2.86,9.27,-0.0625,0.25,-0.125,255,,,,,0.02,
2026-08-06T13:02:29.259,158.391,waiting_for_landing,,,,,FALSE,,,35.91912968,139.9091972,,,32.95,1008.956758,57.84863281,148.1875,0.5625,-17.875,1.37,2.87,9.26,8.25,0,-0.0625,255,,,,,0.021,
2026-08-06T13:02:29.760,158.891,waiting_for_landing,,,,,FALSE,,,35.91912968,139.9091972,,,32.95,1008.956758,57.84863281,148.1875,0.5625,-17.875,0.09,2.87,9.25,0.125,-0.0625,0.125,255,,,,,0.021,
2026-08-06T13:02:30.260,159.392,waiting_for_landing,,,,,FALSE,,,35.91912968,139.9091972,,,32.97,1009.007891,57.94335938,148.1875,0.5625,-17.875,0.12,2.87,9.27,-0.0625,0,-0.25,255,,,,,0.02,
2026-08-06T13:02:30.761,159.892,waiting_for_landing,,,,,FALSE,,,35.91912968,139.9091972,,,32.97,1009.007891,57.94335938,148.1875,0.5625,-17.875,0.12,2.88,9.25,-0.125,0.125,0,255,,,,,0.021,
2026-08-06T13:02:31.261,160.393,waiting_for_landing,,,,,FALSE,,,35.91912968,139.9091972,,,32.98,1008.977578,58.00390625,148.1875,8.5625,-17.875,0.11,2.87,9.24,-0.125,0,0.0625,255,,,,,0.02,
2026-08-06T13:02:31.762,160.893,waiting_for_landing,,,,,FALSE,,,35.91912968,139.9091972,,,32.98,1008.977578,58.00390625,148.1875,0.5625,-17.875,0.1,2.88,9.23,-0.0625,0,0,255,,,,,0.02,
2026-08-06T13:02:32.262,161.394,waiting_for_landing,,,,,FALSE,,,35.91912968,139.9091972,,,32.99,1008.985508,57.96875,148.1875,0.5625,-17.875,0.1,2.88,9.25,-0.125,0.125,0,255,,,,,0.019,
2026-08-06T13:02:32.762,161.894,waiting_for_landing,,,,,FALSE,,,35.91912968,139.9091972,,,33,1008.97418,58.00488281,148.1875,0.5625,-17.875,0.1,2.86,9.24,0.0625,-0.125,0.0625,255,,,,,0.02,
2026-08-06T13:02:33.263,162.394,waiting_for_landing,,,,,FALSE,,,35.91912968,139.9091972,,,33,1008.97418,58.00488281,148.1875,0.5625,-17.875,0.07,2.87,9.24,-0.0625,0.0625,0,255,,,,,0.02,
2026-08-06T13:02:33.763,162.895,waiting_for_landing,,,,,FALSE,,,35.91912968,139.9091972,,,32.72,1008.54168,57.97070313,148.1875,0.5625,-17.875,0.09,2.85,9.25,-0.0625,0,-0.0625,255,,,,,0.019,
2026-08-06T13:02:34.264,163.396,landed,,,,,FALSE,,,35.91912968,139.9091972,,,32.72,1008.54168,57.97070313,148.1875,0.5625,-17.875,0.1,2.9,9.25,0,0.0625,0,255,,,,,0.021,
2026-08-06T13:02:34.766,163.897,landed,,,,,FALSE,,,35.91912968,139.9091972,,,33.01,1008.99043,57.984375,148.1875,0.5625,-17.875,0.07,2.87,9.27,0.125,-0.1875,0.125,255,,,,,0.02,
2026-08-06T13:02:35.274,164.406,landed,,,,,FALSE,,,35.91912968,139.9091972,,,33.01,1008.99043,57.984375,148.1875,0.5625,-17.875,0.09,2.83,9.27,-0.0625,-0.125,0,255,,,,,0.019,
2026-08-06T13:02:35.776,164.907,landed,,,,,FALSE,,,35.91912968,139.9091972,,,33.02,1009.014297,57.70800781,148.1875,0.5625,-17.875,0.1,2.84,9.28,0.0625,0.0625,0.125,255,,,,,0.02,
2026-08-06T13:02:36.278,165.41,landed,,,,,FALSE,,,35.91912968,139.9091972,,,33.02,1009.014297,57.70800781,148.1875,0.5625,-17.875,0.1,2.86,9.28,-0.0625,-0.0625,0,255,,,,,0.021,
2026-08-06T13:02:36.781,165.913,landed,,,,,FALSE,,,35.91912968,139.9091972,,,33.04,1009.010938,57.64160156,148.1875,0.5625,-17.875,0.11,2.87,9.26,-0.0625,-0.125,0,255,,,,,0.021,
2026-08-06T13:02:37.288,166.43,landed,,,,,FALSE,,,35.91912968,139.9091972,,,33.04,1009.010938,57.64160156,148.1875,0.5625,-17.875,0.09,2.86,9.26,0.0625,0.0625,0,255,,,,,0.021,
2026-08-06T13:02:37.791,166.922,landed,,,,,FALSE,,,35.91912968,139.9091972,,,33.04,1008.991953,57.52636719,148.1875,0.5625,-17.875,0.09,2.84,9.24,0.125,0,-0.0625,255,,,,,0.019,
2026-08-06T13:02:38.295,167.426,landed,,,,,FALSE,,,35.91912968,139.9091972,,,33.04,1008.991953,57.52636719,148.1875,0.5625,-17.875,0.11,2.87,9.25,-0.25,0,0,255,,,,,0.02,
2026-08-06T13:02:38.795,167.927,landed,,,,,FALSE,,,35.91912968,139.9091972,,,33.05,1008.972617,57.46972656,148.1875,0.5625,-17.875,0.11,2.88,9.24,-0.0625,0,0.0625,255,,,,,0.02,
2026-08-06T13:02:39.296,168.428,landed,,,,,FALSE,,,35.91912968,139.9091972,,,33.05,1008.972617,57.46972656,148.1875,0.5625,-17.875,0.08,2.86,9.22,-0.125,0.0625,0,255,,,,,0.021,
2026-08-06T13:02:39.803,168.934,landed,,,,,FALSE,,,35.91912968,139.9091972,,,33.05,1008.972617,57.44628906,148.1875,0.5625,-17.875,0.1,2.86,9.24,0.125,-0.0625,-0.0625,255,,,,,0.021,
2026-08-06T13:02:40.312,169.443,landed,,,,,FALSE,,,35.91912968,139.9091972,,,33.05,1008.972617,57.44628906,148.1875,0.5625,-17.875,0.11,2.85,9.23,0.0625,0,-0.0625,255,,,,,0.02,
2026-08-06T13:02:40.835,169.967,landed,,,,,FALSE,,,35.91912968,139.9091972,,,33.07,1008.977227,57.4375,148.1875,0.5625,-17.875,0.1,2.86,9.29,0,0,-0.1875,255,,,,,0.021,
2026-08-06T13:02:41.345,170.476,landed,,,,,FALSE,,,35.91912968,139.9091972,,,33.07,1008.977227,57.4375,148.1875,0.5625,-17.875,0.1,2.85,9.24,-0.0625,-0.0625,-0.0625,255,,,,,0.02,
2026-08-06T13:02:41.860,170.992,landed,,,,,FALSE,,,35.91912968,139.9091972,,,31.56,1006.614844,57.36328125,148.1875,0.5625,-17.875,0.08,2.85,9.25,-0.0625,-0.0625,0.0625,255,,,,,0.022,
2026-08-06T13:02:42.365,171.496,landed,,,,,FALSE,,,35.91912968,139.9091972,,,31.56,1006.614844,57.36328125,148.1875,0.5625,-17.875,0.11,2.86,9.26,0.0625,0,0,255,,,,,0.021,
2026-08-06T13:02:42.865,171.997,landed,,,,,FALSE,,,35.91912968,139.9091972,,,33.08,1008.892305,57.41699219,148.1875,0.5625,-17.875,0.09,2.85,9.24,-0.0625,-0.0625,0,255,,,,,0.021,
2026-08-06T13:02:43.385,172.517,landed,,,,,FALSE,,,35.91912968,139.9091972,,,33.09,1009.009336,57.40527344,148.1875,0.5625,-17.875,1.39,2.85,9.24,0.0625,-0.0625,0,255,,,,,0.02,
2026-08-06T13:02:43.894,173.026,landed,,,,,FALSE,,,35.91912968,139.9091972,,,33.09,1009.009336,57.40527344,156.1875,0.5625,-17.875,1.38,4.15,9.26,0.0625,-0.1875,0.125,255,,,,,0.021,
2026-08-06T13:02:44.395,173.526,landed,,,,,FALSE,,,35.91912968,139.9091972,,,32.83,1008.55418,57.40820313,148.1875,0.5625,-17.875,0.1,2.85,9.27,0,0.0625,0.1875,255,,,,,0.021,
2026-08-06T13:02:44.904,174.036,landed,,,,,FALSE,,,35.91912968,139.9091972,,,32.83,1008.55418,57.40820313,148.1875,0.5625,-17.875,0.09,2.85,9.25,0.0625,-0.125,0,255,,,,,0.022,
2026-08-06T13:02:45.405,174.536,landed,,,,,FALSE,,,35.91912968,139.9091972,,,33.13,1008.929023,57.43261719,148.1875,0.5625,-17.875,0.08,2.85,9.26,-0.0625,0.0625,0.0625,255,,,,,0.021,
2026-08-06T13:02:45.905,175.037,landed,,,,,FALSE,,,35.91912968,139.9091972,,,33.13,1008.929023,57.43261719,148.1875,0.5625,-17.875,0.1,2.86,9.25,-0.0625,0,0.0625,255,,,,,0.019,
2026-08-06T13:02:46.406,175.537,landed,,,,,FALSE,,,35.91912968,139.9091972,,,33.14,1008.980195,57.40039063,148.1875,0.5625,-17.875,0.11,2.83,9.27,0,0,-0.0625,255,,,,,0.022,
2026-08-06T13:02:46.906,176.038,landed,,,,,FALSE,,,35.91912968,139.9091972,,,33.14,1008.980195,57.40039063,148.1875,0.5625,-17.875,0.1,2.84,9.25,8,-0.0625,0.0625,255,,,,,0.02,
2026-08-06T13:02:47.407,176.539,landed,,,,,FALSE,,,35.91912968,139.9091972,,,33.16,1009.039609,57.36816406,148.1875,0.5625,-17.875,0.08,2.83,9.27,0,-0.0625,0.0625,255,,,,,0.021,
2026-08-06T13:02:47.907,177.039,landed,,,,,FALSE,,,35.91912968,139.9091972,,,33.16,1009.039609,57.36816406,148.1875,0.5625,-17.875,0.13,2.82,9.25,0.0625,0.1875,-0.0625,255,,,,,0.021,
2026-08-06T13:02:48.408,177.539,landed,,,,,FALSE,,,35.91912968,139.9091972,,,33.17,1008.973711,57.42675781,148.1875,0.5625,-17.875,0.13,2.85,9.27,0,-0.125,0,255,,,,,0.021,
2026-08-06T13:02:48.908,178.04,landed,,,,,FALSE,,,35.91912968,139.9091972,,,33.17,1008.973711,57.42675781,148.1875,0.5625,-17.875,0.1,2.85,9.28,-0.0625,0,0,255,,,,,0.02,
2026-08-06T13:02:49.409,178.54,landed,,,,,FALSE,,,35.91912968,139.9091972,,,33.19,1008.99793,57.39453125,148.1875,0.5625,-17.875,0.11,2.86,9.25,8.0625,0.0625,0.125,255,,,,,0.021,
2026-08-06T13:02:49.909,179.041,landed,,,,,FALSE,,,35.91912968,139.9091972,,,33.19,1008.99793,57.39453125,148.1875,0.5625,-17.875,0.11,2.82,9.26,-0.0625,0,0,255,,,,,0.021,
2026-08-06T13:02:50.409,179.541,landed,,,,,FALSE,,,35.91912968,139.9091972,,,33.2,1008.994531,57.36230469,148.1875,0.5625,-17.875,0.12,2.82,9.26,0.125,8,-0.0625,255,,,,,0.021,
2026-08-06T13:02:50.912,180.044,deploying,,,,,FALSE,,,35.91912968,139.9091972,,,33.2,1008.994531,57.36230469,148.1875,0.5625,-17.875,0.09,2.84,9.23,-0.0625,0,0,255,,stopped,0,0,0.02,
2026-08-06T13:02:51.413,180.544,deploying,,,,,FALSE,,,35.91912968,139.9091972,,,33.22,1008.964141,57.31738281,148.1875,0.5625,-17.875,0.1,2.8,9.29,-0.1875,-0.1875,0.0625,191,,stopped,0,0,0.019,
2026-08-06T13:02:51.913,181.045,deploying,,,,,FALSE,,,35.91912968,139.9091972,,,33.22,1008.964141,57.31738281,147.75,0.75,-17.125,0.15,2.73,9.27,0.1875,-0.0625,0,63,,stopped,0,0,0.012,
2026-08-06T13:02:52.413,181.545,deploying,,,,,FALSE,,,35.91912968,139.9091972,,,33.22,1009.02668,57.33007813,147.75,0.8125,-16.8125,0.14,2.67,9.31,-0.125,-0.125,0.125,63,,stopped,0,0,0.011,
2026-08-06T13:02:52.914,182.045,deploying,,,,,FALSE,,,35.91912968,139.9091972,,,33.22,1009.02668,57.33007813,147.75,0.8125,-16.625,0.15,2.63,9.28,8,0.0625,-0.0625,191,,stopped,0,0,0.011,
2026-08-06T13:02:53.414,182.546,deploying,,,,,FALSE,,,35.91912968,139.9091972,,,33.24,1009.03125,57.37890625,147.75,0.8125,-16.625,0.16,2.66,9.31,-0.0625,0,0,63,,stopped,0,0,0.009,
2026-08-06T13:02:53.918,183.049,deploying,,,,,FALSE,,,35.91912968,139.9091972,,,33.24,1009.03125,57.37890625,147.75,0.8125,-16.625,0.17,2.62,9.32,-0.1875,0.375,-0.0625,63,,stopped,0,0,0.008,
2026-08-06T13:02:54.418,183.55,deploying,,,,,FALSE,,,35.91912968,139.9091972,,,33.25,1009.675039,57.35644531,158.125,1,49.1875,1.53,-6.68,6.52,145,3.0625,-6.5625,63,,stopped,0,0,0.034,
2026-08-06T13:02:54.918,184.05,deploying,,,,,FALSE,,,35.91912968,139.9091972,,,33.25,1009.675039,57.35644531,154.8125,1.375,-17.4375,0.12,3.71,8.69,-76.75,-4.0625,-11.9375,63,,stopped,0,0,0.138,
2026-08-06T13:02:55.419,184.55,deploying,,,,,FALSE,,,35.91912968,139.9091972,,,33.28,1008.986133,57.25683594,147.5625,1.5,-15.25,0.34,2.37,9.39,0.3125,0.125,-0.125,63,,stopped,0,0,0.164,
2026-08-06T13:02:55.919,185.051,deploying,,,,,FALSE,,,35.91912968,139.9091972,,,33.28,1008.986133,57.25683594,147.5,1.5625,-15,1.56,2.35,9.38,0.1875,0.125,-0.0625,63,,stopped,0,0,20,
2026-08-06T13:02:56.420,185.551,deploying,,,,,FALSE,,,35.91912968,139.9091972,,,33.28,1008.950898,57.13964844,147.5,1.5625,-14.8125,0.28,2.35,9.38,0,0.0625,0.125,63,,stopped,0,0,20,
2026-08-06T13:02:56.920,186.052,deploying,,,,,FALSE,,,35.91912968,139.9091972,,,33.28,1008.950898,57.13964844,147.5,1.5625,-14.8125,0.27,2.34,9.37,-0.125,0,-0.0625,63,,stopped,0,0,20,
2026-08-06T13:02:57.426,186.557,deploying,,,,,FALSE,,,35.91912968,139.9091972,,,33.28,1009.040703,57.07226563,147.5,1.5625,-14.8125,0.28,2.35,9.37,0.125,-0.0625,0.0625,63,,stopped,0,0,20,
2026-08-06T13:02:57.934,187.066,deploying,,,,,FALSE,,,35.91912968,139.9091972,,,33.29,1008.967109,56.9921875,147.5,1.5625,-14.8125,0.28,2.35,9.4,0,-0.0625,0.125,63,,stopped,0,0,20,
2026-08-06T13:02:58.443,187.575,deploying,,,,,FALSE,,,35.91912968,139.9091972,,,33.29,1008.967109,56.9921875,147.5,1.5625,-14.8125,0.26,2.31,9.41,0.0625,0,0.125,63,,stopped,0,0,20,
2026-08-06T13:02:58.944,188.075,deploying,,,,,FALSE,,,35.91912968,139.9091972,,,33.31,1009.006914,56.90332031,147.5,1.5625,-14.8125,0.28,2.3,9.43,-0.1875,0.125,-0.125,63,,stopped,0,0,20,
2026-08-06T13:02:59.444,188.575,deploying,,,,,FALSE,,,35.91912968,139.9091972,,,33.31,1009.006914,56.90332031,147.5,1.5625,-14.8125,0.26,2.33,9.39,0,0.125,0.125,63,,stopped,0,0,20,
2026-08-06T13:02:59.944,189.076,deploying,,,,,FALSE,,,35.91912968,139.9091972,,,33.3,1009.045547,56.80859375,147.5,1.5625,-14.8125,0.27,2.33,9.35,0.125,-0.0625,0.0625,63,,stopped,0,0,20,
2026-08-06T13:03:00.445,189.576,deploying,,,,,FALSE,,,35.91912968,139.9091972,,,33.3,1009.045547,56.80859375,147.5,1.5625,-14.8125,0.26,2.31,9.41,0,0.0625,-0.1875,63,,stopped,0,0,20,
2026-08-06T13:03:00.945,190.077,deploying,,,,,FALSE,,,35.91912968,139.9091972,,,33.3,1009.018281,56.78515625,147.5,1.5625,-14.8125,0.28,2.31,9.41,-0.0625,0.1875,0.0625,63,,stopped,0,0,20,
2026-08-06T13:03:01.445,190.577,deploying,,,,,FALSE,,,35.91912968,139.9091972,,,33.3,1009.018281,56.78515625,147.5,1.5625,-14.8125,0.26,2.32,9.42,0.0625,0,0.0625,63,,stopped,0,0,20,
2026-08-06T13:03:01.946,191.077,deploying,,,,,FALSE,,,35.91912968,139.9091972,,,33.3,1009.010313,56.73925781,147.5,1.5625,-14.8125,0.29,2.3,9.44,-0.125,0,-0.1875,63,,stopped,0,0,20,
2026-08-06T13:03:02.446,191.578,deploying,,,,,FALSE,,,35.91912968,139.9091972,,,33.3,1009.010313,56.73925781,147.5,1.5625,-14.8125,0.24,2.29,9.41,-0.0625,0,0.0625,63,,stopped,0,0,20,
2026-08-06T13:03:02.947,192.078,deploying,,,,,FALSE,,,35.91912968,139.9091972,,,33.29,1009.002344,56.70507813,147.5,1.5625,-14.8125,0.24,2.31,9.43,8,0.0625,0.0625,63,,stopped,0,0,20,
2026-08-06T13:03:03.447,192.579,deploying,,,,,FALSE,,,35.91912968,139.9091972,,,33.29,1009.002344,56.70507813,147.5,1.5625,-14.8125,0.27,2.3,9.43,0,-0.125,-0.0625,63,,stopped,0,0,20,
2026-08-06T13:03:03.948,193.079,deploying,,,,,FALSE,,,35.91912968,139.9091972,,,33.3,1009.018281,56.69335938,147.5,1.5625,-14.8125,0.27,2.29,9.45,0,0,0,63,,stopped,0,0,20,
2026-08-06T13:03:04.448,193.58,deploying,,,,,FALSE,,,35.91912968,139.9091972,,,33.3,1009.018281,56.69335938,147.5,1.5625,-14.8125,0.27,2.3,9.42,-0.0625,-0.0625,0.0625,63,,stopped,0,0,20,
2026-08-06T13:03:04.948,194.08,deploying,,,,,FALSE,,,35.91912968,139.9091972,,,33.29,1008.939805,56.68066406,147.5,1.5625,-14.8125,0.26,2.26,9.42,-0.125,0,0.1875,63,,stopped,0,0,20,
2026-08-06T13:03:05.449,194.58,deploying,,,,,FALSE,,,35.91912968,139.9091972,,,33.29,1008.939805,56.68066406,147.5,1.5625,-14.8125,1.54,2.27,9.4,0,-0.1875,-0.125,63,,stopped,0,0,20,
2026-08-06T13:03:05.949,195.081,deploying,,,,,FALSE,,,35.91912968,139.9091972,,,33.34,1009.011758,56.68652344,147.5,1.5625,-14.8125,0.28,2.29,9.43,0,0.0625,0.0625,63,,stopped,0,0,20,
2026-08-06T13:03:06.450,195.581,deploying,,,,,FALSE,,,35.91912968,139.9091972,,,33.34,1009.011758,56.68652344,147.5,1.5625,-14.8125,0.25,2.27,9.45,0,0,0.0625,63,,stopped,0,0,4.172,
2026-08-06T13:03:06.950,196.082,deploying,,,,,FALSE,,,35.91912968,139.9091972,,,33.35,1008.973164,56.6640625,147.5,1.5625,-14.5,0.27,2.29,9.43,8,-0.0625,8,63,,stopped,0,0,20,
2026-08-06T13:03:07.450,196.582,deploying,,,,,FALSE,,,35.91912968,139.9091972,,,33.35,1008.973164,56.6640625,147.5,1.5625,-14.25,0.26,2.25,9.42,-0.0625,0.25,-0.0625,63,,stopped,0,0,20,
2026-08-06T13:03:07.951,197.082,deploying,,,,,FALSE,,,35.91912968,139.9091972,,,33.36,1008.989063,56.64257813,147.5,1.5625,-14.25,0.26,2.28,9.42,0,0.125,-0.0625,63,,stopped,0,0,20,
2026-08-06T13:03:08.451,197.583,deploying,,,,,FALSE,,,35.91912968,139.9091972,,,33.36,1008.989063,56.64257813,147.5,1.5625,-14.25,0.28,2.27,9.42,0.0625,-0.0625,0.0625,63,,stopped,0,0,20,
2026-08-06T13:03:08.952,198.083,deploying,,,,,FALSE,,,35.91912968,139.9091972,,,33.37,1009.005273,56.5859375,147.5,9.5625,-14.25,0.28,2.27,9.43,0.0625,0.0625,0.0625,63,,stopped,0,0,20,
2026-08-06T13:03:09.452,198.584,deploying,,,,,FALSE,,,35.91912968,139.9091972,,,33.37,1009.005273,56.5859375,147.5,1.5625,-14.25,0.27,2.27,9.44,-0.0625,-0.0625,0,63,,stopped,0,0,20,
2026-08-06T13:03:09.954,199.086,deploying,,,,,FALSE,,,35.91912968,139.9091972,,,33.38,1009.02918,56.61132813,147.5,1.5625,-14.25,0.26,2.25,9.41,-0.0625,0.125,-0.0625,63,,stopped,0,0,20,
2026-08-06T13:03:10.454,199.586,deploying,,,,,FALSE,,,35.91912968,139.9091972,,,33.38,1009.02918,56.61132813,147.5,1.5625,-14.25,0.28,2.25,9.45,0,-0.0625,-0.0625,63,,stopped,0,0,20,
2026-08-06T13:03:10.955,200.086,deploying,,,,,FALSE,,,35.91912968,139.9091972,,,33.39,1008.982539,56.34570313,147.5,1.5625,-14.25,0.28,2.26,9.43,-0.0625,0,-0.0625,63,,stopped,0,0,20,
2026-08-06T13:03:11.455,200.587,deploying,,,,,FALSE,,,35.91912968,139.9091972,,,33.39,1008.982539,56.61132813,147.5,1.5625,-6.25,0.28,2.26,9.43,0.0625,0.0625,0.125,63,,stopped,0,0,20,
2026-08-06T13:03:11.956,201.087,deploying,,,,,FALSE,,,35.91912968,139.9091972,,,33.39,1008.982539,56.61132813,147.5,1.5625,-14.25,0.25,2.24,9.42,0,0.0625,0.1875,63,,stopped,0,0,20,
2026-08-06T13:03:12.456,201.588,deploying,,,,,FALSE,,,35.91912968,139.9091972,,,33.4,1008.971484,56.61230469,147.5,1.5625,-14.25,0.27,2.26,9.42,0.125,0,0.0625,63,,stopped,0,0,20,
2026-08-06T13:03:12.957,202.088,deploying,,,,,FALSE,,,35.91912968,139.9091972,,,33.4,1008.971484,56.61230469,147.5,1.5625,-14.25,0.27,2.23,9.43,-0.0625,0.125,-0.0625,63,,stopped,0,0,20,
2026-08-06T13:03:13.457,202.588,deploying,,,,,FALSE,,,35.91912968,139.9091972,,,33.42,1008.983984,56.61621094,147.5,1.5625,-14.25,0.27,2.23,9.44,0.125,-0.125,8,63,,stopped,0,0,20,
2026-08-06T13:03:13.957,203.089,deploying,,,,,FALSE,,,35.91912968,139.9091972,,,33.42,1008.983984,56.61621094,147.5,1.5625,-14.25,0.26,2.23,9.43,0.0625,-0.125,0,63,,stopped,0,0,20,
2026-08-06T13:03:14.458,203.589,deploying,,,,,FALSE,,,35.91912968,139.9091972,,,33.43,1008.97293,56.60546875,147.5,1.5625,-14.25,0.24,2.26,9.42,0,0,0,63,,stopped,0,0,20,
2026-08-06T13:03:14.958,204.09,deploying,,,,,FALSE,,,35.91912968,139.9091972,,,33.43,1008.97293,56.60546875,147.5,1.5625,-14.25,0.26,2.23,9.44,0.0625,0.1875,-0.0625,63,,stopped,0,0,20,
2026-08-06T13:03:15.458,204.59,deploying,,,,,FALSE,,,35.91912968,139.9091972,,,33.45,1008.996797,56.65429688,147.5,1.5625,-14.25,0.27,2.26,9.45,0,0,-0.0625,63,,stopped,0,0,20,
2026-08-06T13:03:15.959,205.09,deploying,,,,,FALSE,,,35.91912968,139.9091972,,,33.45,1008.996797,56.65429688,147.5,1.5625,-14.25,0.27,2.22,9.45,0,0.1875,0,63,,stopped,0,0,20,
2026-08-06T13:03:16.459,205.591,deploying,,,,,FALSE,,,35.91912968,139.9091972,,,33.47,1009.00168,56.50585938,147.5,1.5625,-14.25,0.27,2.23,9.42,0.125,0,0,63,,stopped,0,0,20,
2026-08-06T13:03:16.960,206.091,deploying,,,,,FALSE,,,35.91912968,139.9091972,,,33.47,1009.00168,56.50585938,147.5,1.5625,-14.25,0.25,2.23,9.43,0.0625,0.0625,-0.0625,63,,stopped,0,0,20,
2026-08-06T13:03:17.460,206.592,deploying,,,,,FALSE,,,35.91912968,139.9091972,,,33.47,1009.419375,56.44824219,147.5,1.5625,-14.25,1.56,2.23,9.44,-0.0625,0,0,63,,stopped,0,0,20,
2026-08-06T13:03:17.960,207.092,deploying,,,,,FALSE,,,35.91912968,139.9091972,,,33.47,1009.419375,56.44824219,147.5,1.5625,-14.25,0.25,2.22,9.44,-0.0625,-0.0625,-0.0625,63,,stopped,0,0,20,
2026-08-06T13:03:18.461,207.592,deploying,,,,,FALSE,,,35.91912968,139.9091972,,,33.49,1009.006523,56.41699219,147.5,1.5625,-14.25,0.25,2.21,9.45,-0.0625,0.125,0.0625,63,,stopped,0,0,20,
2026-08-06T13:03:18.961,208.093,deploying,,,,,FALSE,,,35.91912968,139.9091972,,,33.49,1009.006523,56.41699219,147.5,1.5625,-14.25,0.24,2.22,9.42,0.0625,-0.0625,0.0625,63,,stopped,0,0,20,
2026-08-06T13:03:19.462,208.593,deploying,,,,,FALSE,,,35.91912968,139.9091972,,,33.5,1008.995156,56.42871094,147.5,1.5625,-14.25,0.27,2.21,9.42,-0.125,-0.0625,0,63,,stopped,0,0,20,
2026-08-06T13:03:19.962,209.093,deploying,,,,,FALSE,,,35.91912968,139.9091972,,,33.5,1008.995156,56.42871094,147.5,1.5625,-14.25,0.27,2.24,9.45,-0.0625,0.0625,0.0625,63,,stopped,0,0,20,
2026-08-06T13:03:20.462,209.594,deploying,,,,,FALSE,,,35.91912968,139.9091972,,,33.5,1008.948828,56.48730469,147.5,1.5625,-14.25,0.27,2.21,9.45,-0.0625,-0.0625,0.125,63,,stopped,0,0,20,
2026-08-06T13:03:20.963,210.094,deploying,,,,,FALSE,,,35.91912968,139.9091972,,,33.5,1008.948828,56.48730469,147.5,1.5625,-14.25,0.23,2.19,9.43,-0.0625,0.0625,0,63,,stopped,0,0,20,
2026-08-06T13:03:21.463,210.595,deploying,,,,,FALSE,,,35.91912968,139.9091972,,,33.52,1008.918125,56.5234375,147.5,1.5625,-14.25,0.26,2.22,9.45,-0.0625,0.1875,-0.0625,63,,stopped,0,0,20,
2026-08-06T13:03:21.964,211.095,deploying,,,,,FALSE,,,35.91912968,139.9091972,,,33.52,1008.918125,56.5234375,147.5,1.5625,-14.25,0.24,2.2,9.42,0.0625,-0.3125,-0.125,63,,stopped,0,0,20,
2026-08-06T13:03:22.464,211.596,deploying,,,,,FALSE,,,35.91912968,139.9091972,,,33.54,1008.977578,56.54980469,147.5,1.5625,-14.25,0.29,2.2,9.45,0,-0.0625,0.125,63,,stopped,0,0,20,
2026-08-06T13:03:22.964,212.096,deploying,,,,,FALSE,,,35.91912968,139.9091972,,,33.54,1008.977578,56.54980469,147.5,1.5625,-14.25,0.24,2.22,9.44,0,0.125,-0.0625,63,,stopped,0,0,20,
2026-08-06T13:03:23.465,212.596,deploying,,,,,FALSE,,,35.91912968,139.9091972,,,33.57,1009.399531,56.54101563,147.5,1.5625,-14.25,0.27,2.22,9.42,0.0625,0.0625,0,63,,stopped,0,0,20,
2026-08-06T13:03:23.965,213.097,deploying,,,,,FALSE,,,35.91912968,139.9091972,,,33.57,1009.399531,56.54101563,147.5,1.5625,-14.25,0.27,2.21,9.44,0.0625,-0.125,-0.0625,63,,stopped,0,0,20,
2026-08-06T13:03:24.466,213.597,deploying,,,,,FALSE,,,35.91912968,139.9091972,,,33.57,1009.044648,56.54101563,147.5,1.5625,-14.25,0.25,2.23,9.46,0.0625,0,-0.0625,63,,stopped,0,0,20,
2026-08-06T13:03:24.966,214.098,recovering_gnss,,,,,FALSE,,,35.91912968,139.9091972,,,33.6,1008.983555,56.49902344,147.5,1.5625,-14.25,0.27,2.21,9.46,-0.0625,0.0625,0.0625,63,,stopped,0,0,20,
2026-08-06T13:03:26.171,215.302,recovering_gnss,,,,,FALSE,,,35.91912968,139.9091972,,,33.6,1008.983555,56.49902344,147.5,1.5625,-14.25,0.26,2.19,9.44,-0.0625,0,0.0625,63,,stopped,0,0,20,
2026-08-06T13:03:26.672,215.803,clearing_landing_area,35.9194193,139.9093508,24.691,0.005144444,TRUE,28,1,35.91912968,139.9091972,35.04867011,203.2438573,33.61,1009.054336,56.58105469,147.5,1.5625,-14.25,0.25,2.2,9.45,0.0625,0,0.125,63,-55.74385726,stopped,0,0,20,
2026-08-06T13:03:27.457,216.589,clearing_landing_area,35.9194193,139.9093508,24.691,0.005144444,TRUE,28,1,35.91912968,139.9091972,35.04867011,203.2438573,33.61,1009.054336,56.58105469,147.5,1.5625,-14.25,0.26,2.2,9.4,-0.0625,0.0625,-0.0625,63,-55.74385726,turn_right,5,-5,20,
2026-08-06T13:03:27.958,217.089,clearing_landing_area,35.9194193,139.9093508,,0.005144444,TRUE,,,35.91912968,139.9091972,35.04867011,203.2438573,33.61,1009.362578,56.24609375,167.5625,2.8125,-13.4375,0.9,1.47,9.27,-0.625,-11.1875,-42.4375,63,-35.68135726,turn_right,30,-30,20,
2026-08-06T13:03:28.458,217.59,clearing_landing_area,35.9194193,139.9093508,,0.005144444,TRUE,,,35.91912968,139.9091972,35.04867011,203.2438573,33.61,1009.362578,56.24609375,185.9375,2.4375,-14.25,-0.12,2.81,8.64,-1.5625,-12.375,-40,63,-17.30635726,turn_right,30,-30,20,
2026-08-06T13:03:28.959,218.09,clearing_landing_area,35.9194181,139.9093506,24.328,0.005144444,TRUE,28,1,35.91912968,139.9091972,34.91897763,203.3031085,33.63,1009.039531,56.4453125,205,2.125,-14.0625,0.27,2.14,9.48,-0.0625,-0.0625,-0.125,63,1.696891498,stopped,0,0,20,
2026-08-06T13:03:29.777,218.909,clearing_landing_area,35.9194181,139.9093506,24.328,0.005144444,TRUE,28,1,35.91912968,139.9091972,34.91897763,203.3031085,33.63,1009.039531,56.4453125,205,2.125,-14,0.29,2.13,9.46,0,0,-0.0625,63,1.696891498,stopped,0,0,20,
2026-08-06T13:03:30.278,219.409,clearing_landing_area,35.91941818,139.9093512,24.185,0.005144444,TRUE,27,1,35.91912968,139.9091972,34.94948788,203.3807101,33.63,1008.930391,56.42285156,205,1.875,-13.5,0.28,2.12,9.47,-0.0625,0.0625,0,63,1.619289922,stopped,0,0,20,
2026-08-06T13:03:30.783,219.915,clearing_landing_area,35.91941818,139.9093512,24.185,0.005144444,TRUE,27,1,35.91912968,139.9091972,34.94948788,203.3807101,33.63,1008.930391,56.42285156,205,1.875,-13.5,0.26,2.13,9.47,0.0625,0,-0.0625,63,1.619289922,stopped,0,0,20,
2026-08-06T13:03:31.287,220.419,clearing_landing_area,35.9194181,139.909351,24.173,0.005144444,TRUE,26,1,35.91912968,139.9091972,34.93324271,203.3573679,33.65,1008.989805,56.32128906,205,1.875,-13.5,0.24,2.15,9.46,0.0625,0.0625,-0.0625,63,1.642632089,stopped,0,0,20,
2026-08-06T13:03:31.953,221.101,clearing_landing_area,35.9194181,139.909351,24.173,0.005144444,TRUE,26,1,35.91912968,139.9091972,34.93324271,203.3573679,33.67,1008.994336,56.13867188,205,1.875,-13.5,0.26,2.16,9.45,0.0625,0,-0.0625,63,1.642632089,stopped,0,0,20,
2026-08-06T13:03:32.447,221.578,clearing_landing_area,35.91941828,139.9093509,24.12,0.005144444,TRUE,27,1,35.91912968,139.9091972,34.94839147,203.3305642,33.68,1009.002617,56.02441406,205,1.875,-13.5,0.29,2.14,9.45,0,-0.0625,0,63,1.669435849,stopped,0,0,20,
2026-08-06T13:03:32.982,222.114,clearing_landing_area,35.91941828,139.9093509,24.12,0.005144444,TRUE,27,1,35.91912968,139.9091972,34.94839147,203.3305642,33.68,1009.002617,56.02441406,205,1.875,-13.5,0.28,2.14,9.41,0.0625,0,0.0625,63,1.669435849,stopped,0,0,20,
2026-08-06T13:03:33.477,222.609,clearing_landing_area,35.9194186,139.9093509,24.121,0,TRUE,27,1,35.91912968,139.9091972,34.9807269,203.3077231,33.7,1009.042383,56.13085938,205,1.875,-13.5,0.28,2.15,9.42,0.0625,0.125,0.125,63,1.69227685,stopped,0,0,20,
2026-08-06T13:03:34.027,223.159,clearing_landing_area,35.9194186,139.9093509,24.121,0,TRUE,27,1,35.91912968,139.9091972,34.9807269,203.3077231,33.7,1009.042383,56.13085938,205,1.875,-13.5,0.27,2.15,9.45,0,0.125,-0.125,63,1.69227685,stopped,0,0,20,
2026-08-06T13:03:34.529,223.661,clearing_landing_area,35.91941888,139.9093508,24.149,0.005144444,TRUE,26,1,35.91912968,139.9091972,35.0061042,203.273784,33.71,1009.003984,55.87695313,205,1.875,-13.5,0.28,2.14,9.46,-0.125,0.25,-0.0625,63,1.72621599,stopped,0,0,20,
2026-08-06T13:03:35.029,224.161,clearing_landing_area,35.91941888,139.9093508,24.149,0.005144444,TRUE,26,1,35.91912968,139.9091972,35.0061042,203.273784,33.71,1009.003984,55.87695313,205,1.875,-13.5,0.28,2.12,9.44,0.0625,-0.0625,0,63,1.72621599,stopped,0,0,20,
2026-08-06T13:03:35.530,224.662,clearing_landing_area,35.9194192,139.9093509,24.198,0.005144444,TRUE,25,1,35.91912968,139.9091972,35.04200923,203.2645611,33.74,1009.051758,56.0546875,205,1.875,-13.5,0.27,2.13,9.45,0,-0.1875,0.125,63,1.735438919,stopped,0,0,20,
2026-08-06T13:03:36.030,225.162,clearing_landing_area,35.9194192,139.9093509,24.198,0.005144444,TRUE,25,1,35.91912968,139.9091972,35.04200923,203.2645611,33.74,1009.051758,56.0546875,205,1.875,-13.5,0.25,2.13,9.48,-0.0625,-0.0625,0,63,1.735438919,stopped,0,0,20,
2026-08-06T13:03:36.531,225.662,clearing_landing_area,35.91941948,139.9093509,24.225,0,TRUE,25,1,35.91912968,139.9091972,35.070955,203.2442314,33.76,1009.056602,55.89550781,205,1.875,-13.5,0.27,2.14,9.45,0.0625,0.0625,0,63,1.755768567,stopped,0,0,20,
2026-08-06T13:03:37.031,226.163,clearing_landing_area,35.91941948,139.9093509,24.225,0,TRUE,25,1,35.91912968,139.9091972,35.070955,203.2442314,33.76,1009.056602,55.89550781,205,1.875,-13.5,0.27,2.13,9.48,0,-0.0625,0,63,1.755768567,stopped,0,0,20,
2026-08-06T13:03:37.532,226.663,clearing_landing_area,35.91941948,139.9093509,24.225,0.005144444,TRUE,25,1,35.91912968,139.9091972,35.070955,203.2442314,33.78,1008.979531,55.46972656,210.3125,1.875,-12.8125,6.2,3.25,15.43,29.5,-32.125,23.4375,63,7.068268567,forward,54.35625,100,20,
2026-08-06T13:03:38.034,227.165,clearing_landing_area,35.91941948,139.9093509,24.225,0.005144444,TRUE,25,1,35.91912968,139.9091972,35.070955,203.2442314,33.78,1008.979531,55.46972656,207.5625,0.9375,-15.8125,-4.73,-1.37,11.4,-51.1875,41.75,44.6875,63,4.318268567,forward,99.1125,100,20,
2026-08-06T13:03:38.537,227.668,clearing_landing_area,35.91941948,139.9093509,24.225,0.781955556,TRUE,25,1,35.91912968,139.9091972,35.070955,203.2442314,33.79,1009.432344,55.69238281,199.1875,1,-9.9375,0,1.5,9.31,-4.625,-3.25,-4,127,-4.056731433,forward,16.070625,19.710625,20,
2026-08-06T13:03:39.037,228.169,clearing_landing_area,35.91941948,139.9093509,24.225,0.781955556,TRUE,25,1,35.91912968,139.9091972,35.070955,203.2442314,33.79,1009.432344,55.69238281,199.125,1.0625,-8.6875,0.24,1.44,9.5,-10.6875,-3.625,0,63,-4.119231433,turn_right,5,-5,20,
2026-08-06T13:03:39.537,228.669,clearing_landing_area,35.91941488,139.909346,24.146,0.123466667,TRUE,27,1,35.91912968,139.9091972,34.42743915,202.905438,33.8,1009.058008,55.62304688,277,2.875,-11.5625,0.4,1.6,8.39,-1.375,-31.75,-149.6875,127,74.09456198,turn_left,-5,5,20,
2026-08-06T13:03:40.042,229.173,clearing_landing_area,35.91941488,139.909346,24.146,0.123466667,TRUE,27,1,35.91912968,139.9091972,34.42743915,202.905438,33.8,1009.058008,55.62304688,286,2.25,-12.375,1.25,2.69,8.62,18.0625,6.25,8.9375,127,83.09456198,turn_left,-20,20,20,
2026-08-06T13:03:40.542,229.673,clearing_landing_area,35.91941578,139.9093461,24.161,0.087455556,TRUE,27,1,35.91912968,139.9091972,34.52314196,202.8545611,33.83,1009.016172,55.6953125,237.8125,2.0625,-9.8125,0.3,1.36,9.65,0.4375,0.125,-0.1875,191,34.95793886,turn_left,-5,5,20,
2026-08-06T13:03:41.042,230.174,clearing_landing_area,35.91941578,139.9093461,24.161,0.087455556,TRUE,27,1,35.91912968,139.9091972,34.52314196,202.8545611,33.83,1009.016172,55.6953125,237.625,2.0625,-9.6875,0.11,0.96,9.63,19.0625,-4,15.875,191,34.77043886,turn_left,-20,20,20,
2026-08-06T13:03:41.543,230.674,clearing_landing_area,35.91941698,139.9093461,24.113,0.051444444,TRUE,27,1,35.91912968,139.9091972,34.64613923,202.7688562,33.85,1009.020664,55.58203125,197.25,1,-8.875,0.13,1.38,9.63,0,0,-0.0625,191,-5.518856193,stopped,0,0,20,
2026-08-06T13:03:42.102,231.234,clearing_landing_area,35.91941698,139.9093461,24.113,0.051444444,TRUE,27,1,35.91912968,139.9091972,34.64613923,202.7688562,33.85,1009.020664,55.58203125,197.25,1,-8.875,0.21,1.37,9.67,-0.0625,0.125,0,191,-5.518856193,stopped,0,0,20,
2026-08-06T13:03:42.603,231.734,clearing_landing_area,35.91941788,139.9093467,23.941,0.036011111,TRUE,27,1,35.91912968,139.9091972,34.75932841,202.7871356,33.85,1009.028672,55.47753906,197.25,1,-8.75,0.17,1.38,9.65,-0.0625,-0.0625,-0.0625,191,-5.53713556,stopped,0,0,20,
2026-08-06T13:03:43.110,232.241,clearing_landing_area,35.91941788,139.9093467,23.941,0.036011111,TRUE,27,1,35.91912968,139.9091972,34.75932841,202.7871356,33.85,1009.028672,55.47753906,197.25,1,-8.75,1.47,1.37,9.67,0,-0.0625,0.0625,191,-5.53713556,stopped,0,0,20,
2026-08-06T13:03:43.614,232.746,clearing_landing_area,35.91941828,139.9093477,23.78,0.036011111,TRUE,27,1,35.91912968,139.9091972,34.83527432,202.8953539,33.87,1009.080156,55.38769531,197.25,1,-8.75,0.18,1.4,9.67,0.0625,-0.0625,0,191,-5.645353893,stopped,0,0,20,
2026-08-06T13:03:44.115,233.247,clearing_landing_area,35.91941828,139.9093477,23.78,0.036011111,TRUE,27,1,35.91912968,139.9091972,34.83527432,202.8953539,33.87,1009.080156,55.38769531,197.25,9,-8.75,0.2,1.4,9.62,0.0625,-0.125,0.0625,191,-5.645353893,stopped,0,0,20,
2026-08-06T13:03:44.619,233.751,clearing_landing_area,35.91941878,139.9093485,23.686,0.020577778,TRUE,27,1,35.91912968,139.9091972,34.91454754,202.9687652,33.88,1008.959492,55.34277344,197.25,1,-8.75,0.19,1.39,9.61,0.0625,-0.125,0,191,-5.718765194,stopped,0,0,20,
2026-08-06T13:03:45.195,234.327,clearing_landing_area,35.91941878,139.9093485,23.686,0.020577778,TRUE,27,1,35.91912968,139.9091972,34.91454754,202.9687652,33.88,1008.959492,55.34277344,197.25,1,-8.75,0.16,1.38,9.64,0,0,-0.0625,191,-5.718765194,stopped,0,0,20,
2026-08-06T13:03:45.697,234.828,clearing_landing_area,35.91941968,139.9093493,23.581,0.015433333,TRUE,27,1,35.91912968,139.9091972,35.03539841,203.0156326,33.92,1009.050742,55.12792969,197.25,1,-8.75,0.18,1.39,9.66,0,0.0625,-0.0625,191,-5.765632553,stopped,0,0,20,
2026-08-06T13:03:46.594,235.726,clearing_landing_area,35.91941968,139.9093493,23.581,0.015433333,TRUE,27,1,35.91912968,139.9091972,35.03539841,203.0156326,33.92,1009.050742,55.12792969,197.25,1,-8.75,0.18,1.4,9.64,0,0.1875,-0.125,191,-5.765632553,stopped,0,0,20,
2026-08-06T13:03:47.104,236.236,clearing_landing_area,,,,,FALSE,,,35.91912968,139.9091972,,,33.92,1009.050742,55.12792969,197.25,1,-8.75,0.2,1.39,9.63,-0.0625,-0.0625,0.0625,191,,stopped,0,0,20,
2026-08-06T13:03:47.614,236.746,clearing_landing_area,,,,,FALSE,,,35.91912968,139.9091972,,,33.92,1009.086016,55.32519531,197.25,1,-8.75,1.46,1.41,9.65,0,0.0625,0.0625,191,,stopped,0,0,20,
2026-08-06T13:03:48.124,237.256,clearing_landing_area,35.91942008,139.9093496,23.425,0.015433333,TRUE,25,1,35.91912968,139.9091972,35.08631201,203.0255829,33.94,1009.082891,55.32714844,197.25,1,-8.75,0.16,1.37,9.67,0.0625,0.125,-0.0625,191,-5.775582891,forward,100,100,20,
2026-08-06T13:03:48.924,238.055,clearing_landing_area,35.91942008,139.9093496,23.425,0.015433333,TRUE,25,1,35.91912968,139.9091972,35.08631201,203.0255829,33.94,1009.082891,55.32714844,197.25,1,-8.75,-0.1,-6.22,10.67,0.125,0.4375,0.3125,191,-5.775582891,forward,100,100,20,
2026-08-06T13:03:49.424,238.556,clearing_landing_area,35.91942008,139.9093496,23.425,0.061733333,TRUE,25,1,35.91912968,139.9091972,35.08631201,203.0255829,33.54,1008.739883,55.15234375,186.75,0.5,-13.3125,1.63,5.44,7.65,153.1875,13.5,1.75,127,-16.27558289,forward,100,91.2875,20,
2026-08-06T13:03:49.925,239.056,clearing_landing_area,35.91942008,139.9093496,23.425,0.061733333,TRUE,25,1,35.91912968,139.9091972,35.08631201,203.0255829,33.54,1008.739883,55.15234375,187.25,0.3125,-15.5,-0.19,3.7,10.82,-18.875,26.625,-15.3125,191,-15.77558289,forward,90,80.1928125,20,
2026-08-06T13:03:50.427,239.559,clearing_landing_area,35.91942008,139.9093496,23.425,1.054611111,TRUE,25,1,35.91912968,139.9091972,35.08631201,203.0255829,33.97,1009.002344,55.27441406,249.125,2.375,-11.25,-0.16,0.69,10.01,-5.25,-16.875,-125.75,191,46.09941711,turn_left,-5,5,20,
2026-08-06T13:03:50.927,240.059,clearing_landing_area,35.91942008,139.9093496,23.425,1.054611111,TRUE,25,1,35.91912968,139.9091972,35.08631201,203.0255829,33.97,1009.002344,55.27441406,257.625,2.5,-10.9375,1.04,1.71,10.51,2.125,5.75,12.4375,191,54.59941711,turn_left,-20,20,20,
2026-08-06T13:03:51.428,240.559,clearing_landing_area,35.91940908,139.9093482,23.233,0.051444444,TRUE,27,1,35.91912968,139.9091972,33.91324017,203.6378559,33.98,1009.045547,55.28613281,207.375,1.375,-8.875,0.1,1.4,9.63,0,0.125,0.1875,255,3.737144065,turn_left,-5,5,20,
2026-08-06T13:03:51.930,241.062,clearing_landing_area,35.91940908,139.9093482,23.233,0.051444444,TRUE,27,1,35.91912968,139.9091972,33.91324017,203.6378559,33.98,1009.045547,55.28613281,207.375,1.375,-8.875,0.16,1.32,9.69,8.625,-0.1875,0.25,255,3.737144065,turn_left,-10,10,20,
2026-08-06T13:03:52.430,241.562,clearing_landing_area,35.91940818,139.9093478,23.177,0.036011111,TRUE,27,1,35.91912968,139.9091972,33.80772166,203.6522655,34,1009.015391,55.32226563,204.375,1.125,-8.5625,0.11,1.38,9.67,0,0.0625,0,191,0.72273448,stopped,0,0,20,
2026-08-06T13:03:52.932,242.064,clearing_landing_area,35.91940818,139.9093478,23.177,0.036011111,TRUE,27,1,35.91912968,139.9091972,33.80772166,203.6522655,34,1009.015391,55.32226563,204.375,1.125,-8.5625,0.15,1.34,9.67,0,0.125,0,191,0.72273448,stopped,0,0,20,
2026-08-06T13:03:53.432,242.564,clearing_landing_area,35.91940538,139.9093469,23.053,0.030866667,TRUE,27,1,35.91912968,139.9091972,33.49005395,203.7389525,34,1008.988086,55.39160156,204.375,1.125,-8.5625,0.15,1.32,9.65,-0.125,0,-0.25,191,0.636047495,stopped,0,0,20,
2026-08-06T13:03:53.933,243.064,clearing_landing_area,35.91940538,139.9093469,23.053,0.030866667,TRUE,27,1,35.91912968,139.9091972,33.49005395,203.7389525,34,1008.988086,55.39160156,204.375,1.125,-8.5625,0.16,1.35,9.68,-0.0625,0.0625,0,191,0.636047495,stopped,0,0,20,
2026-08-06T13:03:54.433,243.565,clearing_landing_area,35.9194041,139.9093463,22.924,0.020577778,TRUE,27,1,35.91912968,139.9091972,33.33707327,203.7503199,34.02,1009.027852,55.44140625,204.375,1.125,-8.5625,0.16,1.33,9.66,-0.0625,0,-0.0625,191,0.624680051,stopped,0,0,20,
2026-08-06T13:03:55.010,244.141,clearing_landing_area,35.9194041,139.9093463,22.924,0.020577778,TRUE,27,1,35.91912968,139.9091972,33.33707327,203.7503199,34.02,1009.027852,55.44140625,204.375,1.125,-8.5625,0.14,1.31,9.68,0,0.125,0,191,0.624680051,stopped,0,0,20,
2026-08-06T13:03:55.513,244.644,clearing_landing_area,35.9194041,139.9093463,22.924,0.020577778,TRUE,27,1,35.91912968,139.9091972,33.33707327,203.7503199,34.04,1008.997422,55.15429688,204.375,1.125,-8.5625,0.15,1.34,9.65,0.1875,0,0,191,0.624680051,stopped,0,0,20,
2026-08-06T13:03:56.038,245.169,clearing_landing_area,35.9194041,139.9093463,22.924,0.020577778,TRUE,27,1,35.91912968,139.9091972,33.33707327,203.7503199,34.04,1009.024727,55.06152344,204.375,1.125,-8.5625,0.13,1.33,9.64,0,0.0625,-0.0625,191,0.624680051,stopped,0,0,20,
2026-08-06T13:03:56.539,245.671,clearing_landing_area,35.9194041,139.9093462,22.924,0.077166667,TRUE,27,1,35.91912968,139.9091972,33.3334475,203.7361523,34.06,1009.021289,54.93652344,204.375,1.125,-8.5625,0.15,1.34,9.67,0,0,-0.0625,191,0.638847702,stopped,0,0,20,
2026-08-06T13:03:57.099,246.23,clearing_landing_area,35.9194041,139.9093462,22.924,0.077166667,TRUE,27,1,35.91912968,139.9091972,33.3334475,203.7361523,34.06,1009.021289,54.93652344,204.375,1.125,-8.5625,0.16,1.37,9.65,0.0625,-0.25,0.0625,191,0.638847702,stopped,0,0,20,
2026-08-06T13:03:57.599,246.731,clearing_landing_area,35.9194041,139.9093462,22.921,0.123466667,TRUE,27,1,35.91912968,139.9091972,33.3334475,203.7361523,32.57,1006.728477,54.84082031,204.375,1.125,-8.5625,0.14,1.35,9.66,0,-0.0625,-0.0625,191,0.638847702,stopped,0,0,20,
2026-08-06T13:03:58.099,247.231,clearing_landing_area,35.9194041,139.9093462,22.921,0.123466667,TRUE,27,1,35.91912968,139.9091972,33.3334475,203.7361523,32.57,1006.728477,54.84082031,204.375,1.125,-8.5625,0.15,1.33,9.63,-0.0625,0,-0.0625,191,0.638847702,stopped,0,0,20,
2026-08-06T13:03:58.600,247.732,clearing_landing_area,35.91940388,139.9093462,22.91,0.0463,TRUE,27,1,35.91912968,139.9091972,33.31139466,203.7528325,34.09,1009.069297,54.8125,204.375,1.125,-8.5625,0.15,1.35,9.64,0,-0.0625,0,191,0.62216754,stopped,0,0,20,
2026-08-06T13:03:59.114,248.246,clearing_landing_area,35.91940388,139.9093462,22.91,0.0463,TRUE,27,1,35.91912968,139.9091972,33.31139466,203.7528325,34.09,1009.069297,54.8125,204.375,1.125,-8.5625,0.16,1.33,9.66,-0.0625,-0.1875,-0.0625,191,0.62216754,stopped,0,0,20,
2026-08-06T13:03:59.614,248.746,clearing_landing_area,35.91940388,139.9093462,22.91,0.0463,TRUE,27,1,35.91912968,139.9091972,33.31139466,203.7528325,34.09,1009.069297,54.76660156,198.9375,1.25,-14.125,-0.14,7.38,6.87,99.75,42.125,18.625,191,-4.81533246,forward,100,85.025,20,
2026-08-06T13:04:00.115,249.246,clearing_landing_area,35.91940388,139.9093462,22.91,0.0463,TRUE,27,1,35.91912968,139.9091972,33.31139466,203.7528325,34.09,1009.069297,54.76660156,197.4375,0,-13.3125,-6.77,7.91,8.57,7.625,-34.625,12.125,191,-6.31533246,forward,100,93.825,20,
2026-08-06T13:04:00.621,249.752,clearing_landing_area,35.91940388,139.9093462,22.908,1.034033333,TRUE,27,1,35.91912968,139.9091972,33.31139466,203.7528325,34.1,1009.030586,54.50195313,230.75,1.4375,-11.1875,-0.98,0.83,9.62,5.5,-28.25,-109.0625,63,26.99716754,turn_left,-5,5,20,
2026-08-06T13:04:01.121,250.253,clearing_landing_area,35.91940388,139.9093462,22.908,1.034033333,TRUE,27,1,35.91912968,139.9091972,33.31139466,203.7528325,34.1,1009.030586,54.50195313,235.9375,1.875,-11.125,1.07,1.67,8.37,-23.8125,8.6875,14.75,63,32.18466754,turn_left,-15,15,20,
2026-08-06T13:04:01.622,250.753,clearing_landing_area,35.9193944,139.909345,22.806,0.061733333,TRUE,27,1,35.91912968,139.9091972,32.30495681,204.333179,34.11,1009.027461,54.68945313,193.625,1.4375,-8.4375,0.29,1.31,9.58,-0.8125,0.25,-1.25,191,-10.70817897,stopped,0,0,20,
2026-08-06T13:04:02.122,251.254,clearing_landing_area,35.9193944,139.909345,22.806,0.061733333,TRUE,27,1,35.91912968,139.9091972,32.30495681,204.333179,34.11,1009.027461,54.68945313,194.1875,1.3125,-8.8125,0.64,1.47,9.55,17.6875,-4.9375,-32.3125,191,-10.14567897,turn_right,25,-25,20,
2026-08-06T13:04:02.622,251.754,clearing_landing_area,35.91939018,139.9093447,22.591,0.036011111,TRUE,27,1,35.91912968,139.9091972,31.86642612,204.6338274,34.13,1009.059258,54.54101563,200.9375,1.5,-9.5625,0.24,1.56,9.62,-0.0625,-0.0625,0.0625,127,-3.69632743,stopped,0,0,20,
2026-08-06T13:04:03.123,252.255,clearing_landing_area,35.91939018,139.9093447,22.591,0.036011111,TRUE,27,1,35.91912968,139.9091972,31.86642612,204.6338274,34.13,1009.059258,54.54101563,200.9375,1.5,-9.5625,0.18,1.54,9.61,0,0,0.125,127,-3.69632743,stopped,0,0,20,
2026-08-06T13:04:03.632,252.764,clearing_landing_area,35.9193882,139.9093447,22.453,0.025722222,TRUE,27,1,35.91912968,139.9091972,31.66609393,204.8001516,34.14,1008.985547,54.0546875,200.9375,1.5,-9.5625,0.2,1.55,9.62,0.125,0,0,63,-3.862651617,stopped,0,0,20,
2026-08-06T13:04:04.132,253.264,clearing_landing_area,35.9193882,139.9093447,22.453,0.025722222,TRUE,27,1,35.91912968,139.9091972,31.66609393,204.8001516,34.14,1008.985547,54.0546875,200.9375,1.5,-9.5625,0.22,1.53,9.59,0,0.125,-0.125,63,-3.862651617,stopped,0,0,20,
2026-08-06T13:04:04.633,253.764,clearing_landing_area,35.9193877,139.909344,22.445,0.030866667,TRUE,27,1,35.91912968,139.9091972,31.58982972,204.741134,34.14,1009.075469,54.91210938,200.9375,1.5,-9.5625,0.19,1.56,9.61,0.0625,-0.0625,-0.0625,63,-3.80363399,stopped,0,0,20,
2026-08-06T13:04:05.147,254.279,clearing_landing_area,35.9193877,139.909344,22.445,0.030866667,TRUE,27,1,35.91912968,139.9091972,31.58982972,204.741134,34.14,1009.075469,54.91210938,200.9375,1.5,-9.5625,0.2,1.57,9.6,0,0.1875,0,191,-3.80363399,stopped,0,0,20,
2026-08-06T13:04:05.658,254.79,clearing_landing_area,35.91938728,139.9093438,22.455,0.025722222,TRUE,28,1,35.91912968,139.9091972,31.53958568,204.7441686,34.16,1008.962734,54.37109375,200.9375,1.5,-9.5625,0.18,1.55,9.63,0.0625,-0.1875,0.0625,63,-3.806668583,stopped,0,0,20,
2026-08-06T13:04:06.170,255.301,clearing_landing_area,35.91938728,139.9093438,22.455,0.025722222,TRUE,28,1,35.91912968,139.9091972,31.53958568,204.7441686,34.16,1008.962734,54.37109375,200.9375,1.5,-9.5625,0.21,1.55,9.63,-0.125,-0.0625,0.0625,63,-3.806668583,stopped,0,0,20,
2026-08-06T13:04:06.681,255.812,clearing_landing_area,35.91938738,139.9093436,22.499,0.025722222,TRUE,27,1,35.91912968,139.9091972,31.54215281,204.7060028,34.17,1009.005977,54.31347656,200.9375,1.5,-9.5625,0.21,1.57,9.6,0,0.0625,0.0625,63,-3.768502772,stopped,0,0,20,
2026-08-06T13:04:07.190,256.321,clearing_landing_area,35.91938738,139.9093436,22.499,0.025722222,TRUE,27,1,35.91912968,139.9091972,31.54215281,204.7060028,34.17,1009.005977,54.31347656,200.9375,1.5,-9.5625,0.2,1.56,9.63,-0.125,-0.0625,0.125,63,-3.768502772,stopped,0,0,20,
2026-08-06T13:04:07.690,256.822,clearing_landing_area,35.91938738,139.909343,22.525,0.025722222,TRUE,27,1,35.91912968,139.9091972,31.52023361,204.6192575,34.17,1009.041523,54.26757813,200.9375,1.5,-9.5625,0.2,1.57,9.62,-0.0625,0,0,63,-3.681757525,stopped,0,0,20,
2026-08-06T13:04:08.194,257.325,clearing_landing_area,35.91938738,139.909343,22.525,0.025722222,TRUE,27,1,35.91912968,139.9091972,31.52023361,204.6192575,34.17,1009.041523,54.26757813,200.9375,1.5,-9.5625,0.19,1.57,9.65,-0.0625,0.0625,0,63,-3.681757525,stopped,0,0,20,
2026-08-06T13:04:08.695,257.826,clearing_landing_area,35.91938848,139.9093421,22.527,0.030866667,TRUE,27,1,35.91912968,139.9091972,31.59791256,204.393263,34.19,1008.991367,54.27050781,200.9375,1.5,-9.5625,0.2,1.57,9.62,0.0625,-0.0625,0,63,-3.455762962,stopped,0,0,20,
2026-08-06T13:04:09.195,258.326,clearing_landing_area,35.91938848,139.9093421,22.527,0.030866667,TRUE,27,1,35.91912968,139.9091972,31.59791256,204.393263,34.19,1008.991367,54.27050781,200.9375,1.5,-9.5625,0.18,1.54,9.64,0.125,0.125,-0.0625,63,-3.455762962,stopped,0,0,20,
2026-08-06T13:04:09.695,258.827,clearing_landing_area,35.91938868,139.9093419,22.514,0.025722222,TRUE,27,1,35.91912968,139.9091972,31.61011985,204.3444068,34.22,1009.031445,54.19238281,205.8125,1.25,-13.375,-3.49,2.06,15.2,48.5625,4.875,-4.8125,127,1.46809315,forward,83.70625,100,20,
2026-08-06T13:04:10.196,259.327,clearing_landing_area,35.91938868,139.9093419,22.514,0.025722222,TRUE,27,1,35.91912968,139.9091972,31.61011985,204.3444068,34.22,1009.031445,54.19238281,205.6875,1.625,-12.3125,2.17,3.73,4.34,16.25,58.125,29.5,127,1.34309315,forward,96.1,100,20,
2026-08-06T13:04:10.696,259.828,clearing_landing_area,35.91938258,139.9093379,22.517,0.689355556,TRUE,27,1,35.91912968,139.9091972,30.84369714,204.2541811,34.23,1008.992734,54.17089844,197.375,0.8125,-10.5625,3.42,1.44,6.02,-72,-81.375,-62.875,127,-6.879181076,forward,68.06953125,74.46328125,20,
2026-08-06T13:04:11.197,260.328,clearing_landing_area,35.91938258,139.9093379,22.517,0.689355556,TRUE,27,1,35.91912968,139.9091972,30.84369714,204.2541811,34.23,1008.992734,54.17089844,201.1875,0.875,-9.3125,-2.25,-6,8.27,84.875,51.3125,-20.375,127,-3.066681076,forward,49.86265625,54.66140625,20,
2026-08-06T13:04:11.697,260.829,clearing_landing_area,35.91937558,139.9093367,22.536,0.848833333,TRUE,27,1,35.91912968,139.9091972,30.09046076,204.6754102,34.24,1009.008633,54.15917969,273.8125,2.9375,-11.5625,1.4,-1.38,6.77,12,-14.8125,-60.8125,127,69.13708981,turn_left,-5,5,20,
2026-08-06T13:04:12.197,261.329,clearing_landing_area,35.91937558,139.9093367,22.536,0.848833333,TRUE,27,1,35.91912968,139.9091972,30.09046076,204.6754102,34.24,1009.008633,54.15917969,276.9375,3.0625,-11.875,1.09,2.34,10.46,-1.4375,-11.3125,-7.375,127,72.26208981,turn_left,-20,20,20,
2026-08-06T13:04:12.698,261.829,selfie,35.9193736,139.9093367,22.576,0.144044444,TRUE,27,1,35.91912968,139.9091972,29.89020372,,34.24,1009.016875,54.27636719,237,2.625,-9.25,0.22,1.27,9.69,0,0.0625,-0.3125,255,,stopped,0,0,20,
2026-08-06T13:04:13.214,262.346,selfie,35.9193736,139.9093367,22.576,0.144044444,TRUE,27,1,35.91912968,139.9091972,29.89020372,,34.24,1009.016875,54.27636719,237,2.5625,-9.1875,0.07,1.27,9.67,-0.0625,-0.0625,0.25,255,,stopped,0,0,20,
2026-08-06T13:04:13.714,262.846,selfie,35.91937598,139.9093366,22.676,0.005144444,TRUE,27,1,35.91912968,139.9091972,30.12712981,,34.25,1009.060117,54.16210938,237.0625,1.6875,-8.3125,0.15,1.27,9.66,0,-0.0625,0,255,,stopped,0,0,20,
2026-08-06T13:04:14.215,263.346,selfie,35.91937598,139.9093366,22.676,0.005144444,TRUE,27,1,35.91912968,139.9091972,30.12712981,,34.25,1009.060117,54.16210938,237.0625,1.625,-8.25,0.17,1.29,9.65,0.0625,0,0,255,,stopped,0,0,20,
2026-08-06T13:04:14.716,263.848,selfie,35.91937718,139.9093365,22.766,0.010288889,TRUE,27,1,35.91912968,139.9091972,30.24474407,,34.26,1009.048711,54.16308594,237.0625,1.375,-8,0.19,1.36,9.6,-0.625,-0.0625,0,127,,stopped,0,0,20,
2026-08-06T13:04:15.218,264.349,selfie,35.91937718,139.9093365,22.766,0.010288889,TRUE,27,1,35.91912968,139.9091972,30.24474407,,34.26,1009.048711,54.16308594,237.0625,1.375,-8,0.13,1.21,9.72,-0.75,0.125,0.125,127,,stopped,0,0,20,
2026-08-06T13:04:15.719,264.851,selfie,35.91937758,139.9093363,22.787,0.010288889,TRUE,27,1,35.91912968,139.9091972,30.27838736,,34.28,1009.009961,54.16503906,237.0625,1.375,-7.9375,0.2,1.3,9.7,0.9375,-0.0625,0.0625,127,,stopped,0,0,20,
2026-08-06T13:04:16.220,265.351,selfie,35.91937758,139.9093363,22.787,0.010288889,TRUE,27,1,35.91912968,139.9091972,30.27838736,,34.28,1009.009961,54.16503906,237.0625,1.375,-7.9375,0.13,1.22,9.61,-0.125,-0.1875,0.0625,191,,stopped,0,0,20,
2026-08-06T13:04:16.720,265.852,selfie,35.91937758,139.9093352,22.806,0.010288889,TRUE,27,1,35.91912968,139.9091972,30.23692116,,34.29,1008.998828,54.24609375,237.0625,1.3125,-7.875,0.08,1.31,9.58,1.0625,-0.0625,0.0625,60,,stopped,0,0,20,
2026-08-06T13:04:17.577,266.709,selfie,35.91937758,139.9093352,22.806,0.010288889,TRUE,27,1,35.91912968,139.9091972,30.23692116,,34.29,1008.998828,54.24609375,237.0625,1.3125,-7.8125,0.25,1.51,9.53,-0.875,-0.0625,0.125,60,,stopped,0,0,20,
2026-08-06T13:04:18.078,267.209,selfie,,,,,FALSE,,,35.91912968,139.9091972,,,34.29,1008.998828,54.24609375,237.0625,1.25,-7.875,0.19,1.45,9.72,-0.1875,0,0.0625,60,,stopped,0,0,20,
2026-08-06T13:04:18.578,267.71,selfie,,,,,FALSE,,,35.91912968,139.9091972,,,34.32,1009.019531,54.16894531,237.0625,1.1875,-7.6875,0.19,0.83,9.81,-0.1875,-0.125,-0.0625,60,,stopped,0,0,20,
2026-08-06T13:04:19.079,268.21,selfie,35.91937678,139.9093341,22.841,0.015433333,TRUE,27,1,35.91912968,139.9091972,30.11516265,,34.32,1008.992227,54.41210938,237.125,1.125,-7.625,0.18,1.29,9.68,0.4375,0.125,0,63,,stopped,0,0,20,
2026-08-06T13:04:19.934,269.066,selfie,35.91937678,139.9093341,22.841,0.015433333,TRUE,27,1,35.91912968,139.9091972,30.11516265,,34.32,1008.992227,54.41210938,237.125,1.125,-7.625,0.14,1.22,9.69,0.375,-0.0625,0,63,,stopped,0,0,20,
2026-08-06T13:04:20.434,269.566,selfie,35.91937678,139.9093336,22.865,0.015433333,TRUE,27,1,35.91912968,139.9091972,30.09675915,,34.13,1008.731406,54.19335938,237.125,1.0625,-7.5625,0.16,1.24,9.66,0,-0.1875,0.0625,63,,stopped,0,0,20,
2026-08-06T13:04:20.934,270.066,selfie,35.91937678,139.9093336,22.865,0.015433333,TRUE,27,1,35.91912968,139.9091972,30.09675915,,34.13,1008.731406,54.19335938,237.125,1.0625,-7.5625,0.15,1.24,9.65,0.0625,0.125,-0.0625,63,,stopped,0,0,20,
2026-08-06T13:04:21.435,270.566,selfie,35.91937648,139.9093332,22.864,0.015433333,TRUE,27,1,35.91912968,139.9091972,30.05161098,,34.33,1009.070703,54.21679688,237.125,1.0625,-7.5625,0.16,1.25,9.68,0.0625,-0.1875,-0.0625,63,,stopped,0,0,20,
2026-08-06T13:04:21.935,271.067,selfie,35.91937648,139.9093332,22.864,0.015433333,TRUE,27,1,35.91912968,139.9091972,30.05161098,,34.33,1009.070703,54.21679688,237.125,1.0625,-7.5625,0.19,1.23,9.67,-0.0625,-0.0625,0.125,63,,stopped,0,0,20,
2026-08-06T13:04:22.436,271.567,selfie,35.91937628,139.9093329,22.897,0.015433333,TRUE,27,1,35.91912968,139.9091972,30.02029712,,34.34,1009.024023,54.21777344,237.125,1.0625,-7.5625,0.15,1.24,9.68,-0.0625,0.0625,-0.125,63,,stopped,0,0,20,
2026-08-06T13:04:22.936,272.067,selfie,35.91937628,139.9093329,22.897,0.015433333,TRUE,27,1,35.91912968,139.9091972,30.02029712,,34.34,1009.024023,54.21777344,237.125,9.0625,-7.5625,0.16,1.24,9.69,-0.0625,-0.0625,0.0625,63,,stopped,0,0,20,
2026-08-06T13:04:23.436,272.568,selfie,35.91937598,139.9093321,22.932,0.015433333,TRUE,27,1,35.91912968,139.9091972,29.9611571,,34.35,1009.012578,54.21875,237.125,1.0625,-7.5625,0.15,2.52,9.67,-0.0625,-0.0625,0,63,,stopped,0,0,20,
2026-08-06T13:04:23.937,273.068,selfie,35.91937598,139.9093321,22.932,0.015433333,TRUE,27,1,35.91912968,139.9091972,29.9611571,,34.35,1009.012578,54.21875,237.125,1.0625,-7.5625,0.17,1.25,9.68,0,0,0.125,63,,stopped,0,0,20,
2026-08-06T13:04:24.437,273.569,selfie,35.91937598,139.9093315,22.944,0.015433333,TRUE,27,1,35.91912968,139.9091972,29.93928838,,34.36,1009.028789,54.21972656,237.125,1.0625,-7.5625,0.13,1.25,9.67,0.0625,0.0625,-0.0625,63,,stopped,0,0,20,
2026-08-06T13:04:24.937,274.069,selfie,35.91937598,139.9093315,22.944,0.015433333,TRUE,27,1,35.91912968,139.9091972,29.93928838,,34.36,1009.028789,54.21972656,237.125,1.0625,-7.5625,0.14,1.25,9.68,0.0625,0.125,0.125,63,,stopped,0,0,20,
2026-08-06T13:04:25.438,274.57,selfie,35.91937588,139.9093308,22.963,0.015433333,TRUE,28,1,35.91912968,139.9091972,29.90309417,,34.37,1008.997969,54.26855469,237.125,1.0625,-7.5625,0.15,1.24,9.69,0.0625,0,0,63,,stopped,0,0,20,
2026-08-06T13:04:25.938,275.07,selfie,35.91937588,139.9093308,22.963,0.015433333,TRUE,28,1,35.91912968,139.9091972,29.90309417,,34.37,1008.997969,54.26855469,237.125,1.0625,-7.5625,0.14,1.25,9.66,8,0.1875,0,63,,stopped,0,0,20,
2026-08-06T13:04:26.439,275.57,selfie,35.91937578,139.9093305,22.998,0.010288889,TRUE,28,1,35.91912968,139.9091972,29.8820523,,34.39,1009.030117,54.28222656,237.125,1.0625,-7.5625,0.14,1.25,9.68,0,-0.0625,-0.125,63,,stopped,0,0,20,
2026-08-06T13:04:26.939,276.071,selfie,35.91937578,139.9093305,22.998,0.010288889,TRUE,28,1,35.91912968,139.9091972,29.8820523,,34.39,1009.030117,54.28222656,237.125,1.0625,-7.5625,1.44,1.25,9.68,0.0625,0.0625,-0.0625,63,,stopped,0,0,20,
2026-08-06T13:04:27.440,276.571,selfie,35.91937558,139.9093298,23.004,0.010288889,TRUE,28,1,35.91912968,139.9091972,29.83640482,,34.39,1009.030117,54.22460938,237.125,1.0625,-7.5625,0.12,1.25,9.67,0.0625,0.0625,-0.1875,63,,stopped,0,0,20,
2026-08-06T13:04:27.940,277.072,selfie,35.91937558,139.9093298,23.004,0.010288889,TRUE,28,1,35.91912968,139.9091972,29.83640482,,34.39,1009.030117,54.22460938,237.125,1.0625,-7.5625,0.15,1.23,9.68,0,0.125,0,63,,stopped,0,0,20,
2026-08-06T13:04:28.440,277.572,selfie,35.91937498,139.9093287,23.028,0.005144444,TRUE,29,1,35.91912968,139.9091972,29.73628781,,34.39,1009.022188,54.46777344,237.125,1.0625,-7.5625,0.14,1.26,9.67,0.0625,-0.125,0,63,,stopped,0,0,20,
2026-08-06T13:04:28.941,278.072,selfie,35.91937498,139.9093287,23.028,0.005144444,TRUE,29,1,35.91912968,139.9091972,29.73628781,,34.43,1009.031406,54.1015625,237.125,1.0625,-7.5625,0.17,1.24,9.69,-0.125,0.125,0,63,,stopped,0,0,20,
2026-08-06T13:04:29.449,278.581,selfie,35.91937468,139.9093275,23.009,0.005144444,TRUE,29,1,35.91912968,139.9091972,29.662182,,34.43,1009.031406,54.1015625,237.125,1.0625,-7.5625,0.15,1.24,9.69,0,-0.125,0,63,,stopped,0,0,20,
2026-08-06T13:04:29.950,279.081,selfie,35.91937468,139.9093275,23.009,0.005144444,TRUE,29,1,35.91912968,139.9091972,29.662182,,34.43,1009.01207,54.36914063,237.125,1.0625,-7.5625,0.17,1.23,9.68,0,-0.0625,0.0625,63,,stopped,0,0,20,
2026-08-06T13:04:30.450,279.582,selfie,35.91937448,139.9093266,22.993,0.005144444,TRUE,29,1,35.91912968,139.9091972,29.60977019,,34.46,1008.997422,54,237.125,1.0625,-7.5625,0.15,1.25,9.67,0,-0.0625,0,63,,stopped,0,0,20,
2026-08-06T13:04:30.951,280.082,selfie,35.91937448,139.9093266,22.993,0.005144444,TRUE,29,1,35.91912968,139.9091972,29.60977019,,34.46,1008.997422,54,237.125,1.0625,-7.5625,0.16,1.25,9.69,0.0625,0,0,63,,stopped,0,0,20,
2026-08-06T13:04:31.451,280.583,selfie,35.91937378,139.9093258,22.985,0.005144444,TRUE,29,1,35.91912968,139.9091972,29.51047434,,34.48,1009.001875,54.73242188,237.125,1.0625,-7.5625,0.15,1.24,9.69,0.0625,0,0,63,,stopped,0,0,20,
2026-08-06T13:04:31.951,281.083,selfie,35.91937378,139.9093258,22.985,0.005144444,TRUE,29,1,35.91912968,139.9091972,29.51047434,,34.48,1009.001875,54.73242188,237.125,1.0625,-7.5625,0.15,1.24,9.7,0,0.0625,0,63,,stopped,0,0,20,
2026-08-06T13:04:32.452,281.583,selfie,35.91937258,139.909325,22.966,0.005144444,TRUE,29,1,35.91912968,139.9091972,29.35888775,,34.49,1009.018086,53.86621094,237.125,1.0625,-7.5625,0.16,1.24,9.66,0.0625,0.1875,0,63,,stopped,0,0,20,
2026-08-06T13:04:32.952,282.084,selfie,35.91937258,139.909325,22.966,0.005144444,TRUE,29,1,35.91912968,139.9091972,29.35888775,,34.49,1009.018086,53.86621094,237.125,1.0625,-7.5625,0.15,1.26,9.66,0,0.0625,0,63,,stopped,0,0,20,
2026-08-06T13:04:33.453,282.584,selfie,35.91937148,139.9093244,22.981,0.005144444,TRUE,29,1,35.91912968,139.9091972,29.2257712,,34.5,1009.00668,53.96972656,237.125,1.0625,-7.5625,0.16,1.22,9.67,0,0.0625,0,63,,stopped,0,0,20,
2026-08-06T13:04:33.961,283.093,selfie,35.91937148,139.9093244,22.981,0.005144444,TRUE,29,1,35.91912968,139.9091972,29.2257712,,34.5,1009.00668,53.96972656,237.125,1.0625,-7.5625,0.14,1.25,9.67,8,-0.125,0.125,63,,stopped,0,0,20,
2026-08-06T13:04:34.462,283.593,selfie,35.91937078,139.9093247,22.955,0.005144444,TRUE,29,1,35.91912968,139.9091972,29.16421485,,34.51,1008.995547,53.97265625,237.125,1.0625,-7.5625,0.14,1.26,9.67,0.0625,0.125,0,63,,stopped,0,0,20,
2026-08-06T13:04:34.962,284.094,selfie,35.91937078,139.9093247,22.955,0.005144444,TRUE,29,1,35.91912968,139.9091972,29.16421485,,34.51,1008.995547,53.97265625,237.125,1.0625,-7.5625,0.15,1.26,9.7,0,-0.125,0.0625,63,,stopped,0,0,20,
2026-08-06T13:04:35.462,284.594,selfie,35.9193706,139.9093247,22.888,0.005144444,TRUE,29,1,35.91912968,139.9091972,29.14547644,,34.53,1009.074375,53.55664063,237.125,1.0625,-7.5625,0.15,1.26,9.68,0,-0.0625,0.0625,63,,stopped,0,0,20,
2026-08-06T13:04:35.963,285.094,selfie,35.9193706,139.9093247,22.888,0.005144444,TRUE,29,1,35.91912968,139.9091972,29.14547644,,34.53,1009.074375,53.55664063,237.125,1.0625,-7.5625,0.16,1.24,9.71,0.0625,-0.0625,0.1875,63,,stopped,0,0,20,
2026-08-06T13:04:36.463,285.595,selfie,35.9193694,139.9093239,22.89,0.010288889,TRUE,29,1,35.91912968,139.9091972,28.99504681,,34.52,1008.984102,54.08886719,237.125,1.0625,-7.5625,0.14,1.25,9.66,0.0625,0,0,63,,stopped,0,0,5.759,
2026-08-06T13:04:36.964,286.095,selfie,35.9193694,139.9093239,22.89,0.010288889,TRUE,29,1,35.91912968,139.9091972,28.99504681,,34.52,1008.984102,54.08886719,237.125,1.0625,-7.5625,0.17,1.26,9.68,0.0625,-0.0625,0.0625,63,,stopped,0,0,20,
2026-08-06T13:04:37.464,286.596,selfie,35.91936838,139.9093236,22.803,0.010288889,TRUE,26,1,35.91912968,139.9091972,28.87990453,,34.54,1009.016211,54.10253906,237.125,1.0625,-7.5625,0.17,1.24,9.69,0,0,-0.0625,63,,stopped,0,0,20,
2026-08-06T13:04:37.968,287.099,selfie,35.91936838,139.9093236,22.803,0.010288889,TRUE,26,1,35.91912968,139.9091972,28.87990453,,34.54,1009.016211,54.10253906,237.125,1.0625,-7.5625,0.14,1.25,9.69,8.0625,0.0625,-0.0625,63,,stopped,0,0,20,
2026-08-06T13:04:38.468,287.6,selfie,35.91936768,139.9093234,22.794,0.005144444,TRUE,26,1,35.91912968,139.9091972,28.80186594,,34.55,1009.461602,53.75488281,237.125,1.0625,-7.5625,0.17,2.53,9.69,-0.0625,0.125,0.125,63,,stopped,0,0,20,
2026-08-06T13:04:38.969,288.101,selfie,35.91936768,139.9093234,22.794,0.005144444,TRUE,26,1,35.91912968,139.9091972,28.80186594,,34.55,1009.461602,53.75488281,237.125,1.0625,-7.5625,0.15,1.25,9.67,0.125,-0.0625,-0.0625,63,,stopped,0,0,20,
2026-08-06T13:04:39.470,288.601,selfie,35.919367,139.9093237,22.797,0.005144444,TRUE,26,1,35.91912968,139.9091972,28.74216754,,34.33,1008.715469,53.89257813,237.125,1.0625,-7.5625,0.15,1.25,9.68,0,-0.125,-0.0625,63,,stopped,0,0,20,
2026-08-06T13:04:39.970,289.102,selfie,35.919367,139.9093237,22.797,0.005144444,TRUE,26,1,35.91912968,139.9091972,28.74216754,,34.33,1008.715469,53.89257813,237.125,1.0625,-7.5625,0.17,1.24,9.66,0,-0.125,0,63,,stopped,0,0,20,
2026-08-06T13:04:40.470,289.602,selfie,35.91936558,139.9093235,22.826,0.005144444,TRUE,26,1,35.91912968,139.9091972,28.59044047,,34.55,1008.996836,53.859375,237.125,1.0625,-7.5625,0.17,1.23,9.69,0,0,0.125,63,,stopped,0,0,20,
2026-08-06T13:04:40.971,290.102,selfie,35.91936558,139.9093235,22.826,0.005144444,TRUE,26,1,35.91912968,139.9091972,28.59044047,,34.55,1008.996836,53.859375,237.125,1.0625,-7.5625,0.15,1.24,9.69,0.0625,0.0625,0.0625,63,,stopped,0,0,20,
2026-08-06T13:04:41.471,290.603,selfie,35.91936498,139.9093233,22.807,0.005144444,TRUE,27,1,35.91912968,139.9091972,28.52206691,,34.55,1009.032148,53.88378906,237.125,1.0625,-7.5625,0.16,1.23,9.68,0.1875,-0.0625,0.0625,63,,stopped,0,0,20,
2026-08-06T13:04:41.972,291.103,selfie,35.91936498,139.9093233,22.807,0.005144444,TRUE,27,1,35.91912968,139.9091972,28.52206691,,34.55,1009.032148,53.88378906,237.125,1.0625,-7.5625,0.15,1.23,9.68,-0.0625,-0.125,8.125,63,,stopped,0,0,20,
2026-08-06T13:04:42.472,291.604,selfie,35.91936418,139.9093229,22.785,0.005144444,TRUE,28,1,35.91912968,139.9091972,28.42672209,,34.57,1008.927539,53.71191406,237.125,1.0625,-7.5625,0.16,1.23,9.69,0,0.125,0,63,,stopped,0,0,20,
2026-08-06T13:04:42.972,292.104,selfie,35.91936418,139.9093229,22.785,0.005144444,TRUE,28,1,35.91912968,139.9091972,28.42672209,,34.57,1008.927539,53.71191406,237.125,1.0625,-7.5625,0.16,1.24,9.7,0,-0.1875,0,63,,stopped,0,0,20,
2026-08-06T13:04:43.473,292.604,selfie,35.91936358,139.9093227,22.71,0.005144444,TRUE,27,1,35.91912968,139.9091972,28.35775524,,34.57,1008.927539,53.70019531,237.125,1.0625,-7.5625,0.14,1.24,9.69,-0.0625,0.0625,-0.0625,63,,stopped,0,0,20,
2026-08-06T13:04:43.974,293.106,selfie,35.91936358,139.9093227,22.71,0.005144444,TRUE,27,1,35.91912968,139.9091972,28.35775524,,34.57,1008.927539,53.70019531,237.125,1.0625,-7.5625,0.15,2.52,9.68,0.0625,-0.0625,0,63,,stopped,0,0,20,
2026-08-06T13:04:44.475,293.606,selfie,35.91936378,139.9093227,22.715,0.005144444,TRUE,28,1,35.91912968,139.9091972,28.37815325,,34.59,1009.006055,53.703125,237.125,1.0625,-7.5625,1.43,1.23,9.69,-0.0625,0.0625,0.0625,63,,stopped,0,0,20,
2026-08-06T13:04:44.975,294.106,selfie,35.91936378,139.9093227,22.715,0.005144444,TRUE,28,1,35.91912968,139.9091972,28.37815325,,34.59,1009.006055,53.703125,237.125,1.0625,-7.5625,0.15,1.24,9.66,0,0.125,0.125,63,,stopped,0,0,20,
2026-08-06T13:04:45.475,294.607,selfie,35.91936408,139.9093229,22.655,0.005144444,TRUE,28,1,35.91912968,139.9091972,28.41652277,,34.6,1008.940234,53.76171875,237.125,1.0625,-7.5625,0.15,1.24,9.68,0,-0.125,0,63,,stopped,0,0,20,
2026-08-06T13:04:45.976,295.107,selfie,35.91936408,139.9093229,22.655,0.005144444,TRUE,28,1,35.91912968,139.9091972,28.41652277,,34.6,1008.940234,53.76171875,237.125,1.0625,-7.5625,0.13,1.24,9.7,0,-0.0625,0,63,,stopped,0,0,20,
2026-08-06T13:04:46.476,295.608,selfie,35.91936498,139.9093227,22.65,0.005144444,TRUE,28,1,35.91912968,139.9091972,28.5005991,,34.61,1009.010859,53.75195313,237.125,1.0625,-7.5625,0.14,1.25,9.67,-0.0625,0.0625,0,63,,stopped,0,0,20,
2026-08-06T13:04:46.976,296.108,selfie,35.91936498,139.9093227,22.65,0.005144444,TRUE,28,1,35.91912968,139.9091972,28.5005991,,34.61,1009.010859,53.75195313,237.125,1.0625,-7.5625,0.15,1.25,9.68,0,-0.0625,-0.125,63,,stopped,0,0,20,
2026-08-06T13:04:47.477,296.608,selfie,35.91936598,139.9093224,22.633,0.005144444,TRUE,27,1,35.91912968,139.9091972,28.59264092,,30.98,1003.437891,53.62695313,237.125,1.0625,-7.5625,0.16,1.24,9.69,0.0625,0.0625,-0.0625,63,,stopped,0,0,20,
2026-08-06T13:04:47.977,297.109,selfie,35.91936598,139.9093224,22.633,0.005144444,TRUE,27,1,35.91912968,139.9091972,28.59264092,,30.98,1003.437891,53.62695313,237.125,1.0625,-7.5625,0.16,1.23,9.68,0.0625,0.0625,-0.0625,63,,stopped,0,0,20,
2026-08-06T13:04:48.478,297.609,selfie,35.91936658,139.9093224,22.621,0.005144444,TRUE,27,1,35.91912968,139.9091972,28.65396289,,34.65,1009.020039,53.6640625,237.125,1.0625,-7.5625,0.17,1.24,9.7,0,-0.0625,0,63,,stopped,0,0,20,
2026-08-06T13:04:48.978,298.11,selfie,35.91936658,139.9093224,22.621,0.005144444,TRUE,27,1,35.91912968,139.9091972,28.65396289,,34.65,1009.020039,53.6640625,237.125,1.0625,-7.5625,0.16,1.25,9.68,-0.0625,-0.125,0,63,,stopped,0,0,20,
2026-08-06T13:04:49.479,298.61,selfie,35.91936718,139.9093223,22.58,0.005144444,TRUE,27,1,35.91912968,139.9091972,28.71118512,,34.65,1009.028008,53.65234375,237.125,1.0625,-7.5625,0.13,1.25,9.67,0.125,0.0625,0.0625,63,,stopped,0,0,20,
2026-08-06T13:04:50.006,299.138,selfie,35.91936718,139.9093223,22.58,0.005144444,TRUE,27,1,35.91912968,139.9091972,28.71118512,,34.65,1009.028008,53.65234375,237.125,1.0625,-7.5625,0.16,1.25,9.69,0.0625,0,0,63,,stopped,0,0,20,
2026-08-06T13:04:50.506,299.638,selfie,35.91936798,139.9093219,22.565,0.005144444,TRUE,27,1,35.91912968,139.9091972,28.77895478,,34.67,1009.024805,53.62011719,237.125,1.0625,-7.5625,0.16,1.23,9.71,0,0.0625,0.0625,63,,stopped,0,0,20,
2026-08-06T13:04:51.007,300.138,selfie,35.91936798,139.9093219,22.565,0.005144444,TRUE,27,1,35.91912968,139.9091972,28.77895478,,34.67,1009.024805,53.62011719,237.125,1.0625,-7.5625,0.15,1.26,9.67,0,8.0625,0.0625,63,,stopped,0,0,20,
2026-08-06T13:04:51.507,300.639,selfie,35.91936888,139.9093216,22.523,0.005144444,TRUE,27,1,35.91912968,139.9091972,28.86062726,,34.67,1008.978086,53.64453125,237.125,1.0625,-7.5625,0.17,1.25,9.66,0,-0.0625,-0.0625,63,,stopped,0,0,20,
2026-08-06T13:04:52.008,301.139,selfie,35.91936888,139.9093216,22.523,0.005144444,TRUE,27,1,35.91912968,139.9091972,28.86062726,,34.67,1008.978086,53.64453125,237.125,1.0625,-7.5625,0.14,2.54,9.69,0,8.0625,0,63,,stopped,0,0,20,
2026-08-06T13:04:52.508,301.64,selfie,35.91936978,139.9093215,22.481,0.005144444,TRUE,27,1,35.91912968,139.9091972,28.94997971,,34.68,1009.021328,53.62207031,237.125,1.0625,-7.5625,0.15,1.24,9.69,0.0625,0.125,-0.0625,63,,stopped,0,0,20,
2026-08-06T13:04:53.008,302.14,selfie,35.91936978,139.9093215,22.481,0.005144444,TRUE,27,1,35.91912968,139.9091972,28.94997971,,34.68,1009.021328,53.62207031,237.125,1.0625,-7.5625,0.15,1.25,9.69,-0.0625,-0.0625,0.125,63,,stopped,0,0,20,
2026-08-06T13:04:53.509,302.64,selfie,35.9193707,139.9093211,22.431,0.005144444,TRUE,27,1,35.91912968,139.9091972,29.0295643,,34.7,1008.990469,53.44921875,237.125,1.0625,-7.5625,0.15,1.24,9.67,0.0625,0.0625,0,63,,stopped,0,0,20,
2026-08-06T13:04:54.009,303.141,selfie,35.9193707,139.9093211,22.431,0.005144444,TRUE,27,1,35.91912968,139.9091972,29.0295643,,34.7,1008.990469,53.44921875,237.125,1.0625,-7.5625,0.16,1.24,9.69,0,0.0625,-0.0625,63,,stopped,0,0,20,
2026-08-06T13:04:54.510,303.641,selfie,35.91937078,139.9093206,22.396,0.005144444,TRUE,27,1,35.91912968,139.9091972,29.02142351,,34.7,1008.99875,53.35742188,237.125,1.0625,-7.5625,0.16,1.24,9.69,0,0,-0.125,63,,stopped,0,0,20,
2026-08-06T13:04:55.010,304.142,selfie,35.91937078,139.9093206,22.396,0.005144444,TRUE,27,1,35.91912968,139.9091972,29.02142351,,34.7,1008.99875,53.35742188,237.125,1.0625,-7.5625,0.16,1.23,9.67,0,0.0625,0.125,63,,stopped,0,0,20,
2026-08-06T13:04:55.510,304.642,selfie,35.9193713,139.9093207,22.366,0.010288889,TRUE,27,1,35.91912968,139.9091972,29.07737234,,34.71,1009.014648,53.3125,237.125,1.0625,-7.5625,0.18,1.23,9.69,0,0,-0.0625,63,,stopped,0,0,20,
2026-08-06T13:04:56.011,305.142,selfie,35.9193713,139.9093207,22.366,0.010288889,TRUE,27,1,35.91912968,139.9091972,29.07737234,,34.7,1009.026094,53.27636719,237.125,1.0625,-7.5625,0.16,1.24,9.67,8,-0.0625,0,63,,stopped,0,0,20,
2026-08-06T13:04:56.511,305.643,selfie,35.91937138,139.9093203,22.332,0.005144444,TRUE,27,1,35.91912968,139.9091972,29.07218067,,34.71,1009.041953,53.12695313,237.125,1.0625,-7.5625,0.16,1.24,9.67,0,-0.0625,0.1875,63,,stopped,0,0,20,
2026-08-06T13:04:57.039,306.17,selfie,35.91937138,139.9093203,22.332,0.005144444,TRUE,27,1,35.91912968,139.9091972,29.07218067,,34.71,1009.041953,53.12695313,237.125,1.0625,-7.5625,0.14,1.24,9.68,-0.0625,0.0625,0,63,,stopped,0,0,20,
2026-08-06T13:04:57.539,306.671,selfie,35.91937168,139.9093203,22.287,0.005144444,TRUE,27,1,35.91912968,139.9091972,29.10302173,,34.71,1009.014648,53.30078125,237.125,1.0625,-7.5625,0.16,1.25,9.69,-0.0625,-0.125,0,63,,stopped,0,0,20,
2026-08-06T13:04:58.040,307.171,selfie,35.91937168,139.9093203,22.287,0.005144444,TRUE,27,1,35.91912968,139.9091972,29.10302173,,34.71,1009.014648,53.30078125,237.125,1.0625,-7.5625,0.15,1.24,9.68,0.125,0,-0.0625,63,,stopped,0,0,20,
2026-08-06T13:04:58.540,307.672,selfie,35.9193718,139.90932,22.243,0.005144444,TRUE,27,1,35.91912968,139.9091972,29.10474195,,34.72,1009.057891,53.23242188,237.125,1.0625,-7.5625,0.14,1.23,9.67,0.0625,0.0625,0.0625,63,,stopped,0,0,20,
2026-08-06T13:04:59.040,308.172,selfie,35.9193718,139.90932,22.243,0.005144444,TRUE,27,1,35.91912968,139.9091972,29.10474195,,34.72,1009.057891,53.23242188,237.125,1.0625,-7.5625,0.17,1.25,9.7,0.125,0.125,0.1875,63,,stopped,0,0,20,
2026-08-06T13:04:59.541,308.672,selfie,35.9193719,139.9093197,22.226,0.005144444,TRUE,28,1,35.91912968,139.9091972,29.10477795,,34.72,1009.030508,53.12792969,237.125,1.0625,-7.5625,0.16,1.27,9.7,0.125,0.125,-0.0625,63,,stopped,0,0,20,
2026-08-06T13:05:00.041,309.173,selfie,35.9193719,139.9093197,22.226,0.005144444,TRUE,28,1,35.91912968,139.9091972,29.10477795,,34.72,1009.030508,53.12792969,237.125,1.0625,-7.5625,0.13,1.25,9.68,0.0625,-0.0625,0.125,63,,stopped,0,0,20,
2026-08-06T13:05:00.542,309.673,selfie,35.91937168,139.9093198,22.186,0.005144444,TRUE,28,1,35.91912968,139.9091972,29.08590156,,34.73,1009.019063,53.15234375,237.125,1.0625,-7.5625,0.15,1.25,9.69,-0.0625,0,-0.125,63,,stopped,0,0,20,
2026-08-06T13:05:01.042,310.173,selfie,35.91937168,139.9093198,22.186,0.005144444,TRUE,28,1,35.91912968,139.9091972,29.08590156,,34.73,1009.019063,53.15234375,237.125,9.0625,-7.5625,0.16,1.25,9.71,0,-0.125,0,63,,stopped,0,0,20,
2026-08-06T13:05:01.542,310.674,selfie,35.91937158,139.9093201,22.171,0.005144444,TRUE,28,1,35.91912968,139.9091972,29.08645422,,34.76,1008.996484,53.20117188,237.125,1.0625,-7.5625,0.13,1.24,9.68,0,0.0625,0.0625,63,,stopped,0,0,20,
2026-08-06T13:05:02.043,311.174,selfie,35.91937158,139.9093201,22.171,0.005144444,TRUE,28,1,35.91912968,139.9091972,29.08645422,,34.76,1008.996484,53.20117188,237.125,1.0625,-7.5625,0.18,1.24,9.67,0,-0.125,-0.0625,63,,stopped,0,0,20,
2026-08-06T13:05:02.543,311.675,selfie,35.91937158,139.9093198,22.169,0.005144444,TRUE,28,1,35.91912968,139.9091972,29.07561453,,34.75,1009.015898,53.43261719,237.125,1.0625,-7.5625,0.14,1.24,9.69,0,0.0625,0.0625,63,,stopped,0,0,20,
2026-08-06T13:05:03.044,312.175,selfie,35.91937158,139.9093198,22.169,0.005144444,TRUE,28,1,35.91912968,139.9091972,29.07561453,,34.75,1009.015898,53.43261719,237.125,1.0625,-7.5625,0.19,1.25,9.64,-0.0625,0.0625,-0.0625,63,,stopped,0,0,20,
2026-08-06T13:05:03.544,312.676,selfie,35.9193712,139.9093193,22.161,0.005144444,TRUE,28,1,35.91912968,139.9091972,29.01909689,,34.79,1008.935078,53.66796875,237.125,1.0625,-7.5625,0.13,1.23,9.68,0,-0.0625,-0.0625,63,,stopped,0,0,20,
2026-08-06T13:05:04.045,313.177,selfie,35.9193712,139.9093193,22.161,0.005144444,TRUE,28,1,35.91912968,139.9091972,29.01909689,,34.79,1008.935078,53.66796875,237.125,1.0625,-7.5625,0.15,1.24,9.69,0,0.0625,0.125,63,,stopped,0,0,20,
2026-08-06T13:05:04.546,313.677,selfie,35.91937098,139.9093189,22.15,0.010288889,TRUE,28,1,35.91912968,139.9091972,28.98316321,,34.79,1009.044492,53.70214844,237.125,1.0625,-7.5625,0.16,1.23,9.69,0.0625,0,0.0625,63,,stopped,0,0,20,
2026-08-06T13:05:05.046,314.177,selfie,35.91937098,139.9093189,22.15,0.010288889,TRUE,28,1,35.91912968,139.9091972,28.98316321,,34.79,1009.044492,53.70214844,237.125,1.0625,-7.5625,0.15,1.24,9.68,0.0625,-0.125,0,63,,stopped,0,0,20,
2026-08-06T13:05:05.546,314.678,selfie,35.91937078,139.9093184,22.144,0.010288889,TRUE,28,1,35.91912968,139.9091972,28.94556943,,34.81,1009.021563,53.02050781,237.125,1.0625,-7.5625,0.13,1.23,9.66,-0.0625,-0.0625,0.1875,63,,stopped,0,0,20,
2026-08-06T13:05:06.047,315.178,selfie,35.91937078,139.9093184,22.144,0.010288889,TRUE,28,1,35.91912968,139.9091972,28.94556943,,34.81,1009.021563,53.02050781,237.125,1.0625,-7.5625,0.16,1.23,9.68,0,0.0625,-0.125,63,,stopped,0,0,20,
2026-08-06T13:05:06.547,315.679,selfie,35.9193707,139.9093183,22.122,0.010288889,TRUE,28,1,35.91912968,139.9091972,28.93359211,,34.83,1009.026328,53.55664063,237.125,1.0625,-7.5625,0.15,1.24,9.68,-0.0625,-0.0625,0,63,,stopped,0,0,20,
2026-08-06T13:05:07.054,316.186,selfie,35.9193707,139.9093183,22.122,0.010288889,TRUE,28,1,35.91912968,139.9091972,28.93359211,,34.83,1009.026328,53.55664063,237.125,1.0625,-7.5625,0.15,1.23,9.71,-0.0625,-0.0625,0,63,,stopped,0,0,20,
2026-08-06T13:05:07.554,316.686,selfie,35.9193707,139.9093181,22.155,0.005144444,TRUE,28,1,35.91912968,139.9091972,28.92737377,,34.83,1008.998984,53.32519531,237.125,1.0625,-7.5625,0.15,1.25,9.71,0,0.125,0,63,,stopped,0,0,20,
2026-08-06T13:05:08.055,317.186,selfie,35.9193707,139.9093181,22.155,0.005144444,TRUE,28,1,35.91912968,139.9091972,28.92737377,,34.83,1008.998984,53.32519531,237.125,1.0625,-7.5625,0.17,2.52,9.68,-0.0625,0.0625,-0.0625,63,,stopped,0,0,20,
2026-08-06T13:05:08.555,317.687,selfie,35.9193712,139.9093177,22.196,0.005144444,TRUE,28,1,35.91912968,139.9091972,28.96537459,,34.85,1009.003711,53.15429688,237.125,1.0625,-7.5625,1.44,1.24,9.66,0,0.0625,0,63,,stopped,0,0,20,
2026-08-06T13:05:09.056,318.187,selfie,35.9193712,139.9093177,22.196,0.005144444,TRUE,28,1,35.91912968,139.9091972,28.96537459,,34.85,1009.003711,53.15429688,237.125,1.0625,-7.5625,0.17,1.24,9.7,-0.125,-0.0625,0,63,,stopped,0,0,20,
2026-08-06T13:05:09.556,318.688,selfie,35.91937168,139.9093175,22.24,0.005144444,TRUE,28,1,35.91912968,139.9091972,29.00791878,,34.87,1009.062891,53.27246094,237.125,1.0625,-7.5625,0.18,1.23,9.68,0,0,0.0625,63,,stopped,0,0,20,
2026-08-06T13:05:10.057,319.188,selfie,35.91937168,139.9093175,22.24,0.005144444,TRUE,28,1,35.91912968,139.9091972,29.00791878,,34.87,1009.062891,53.27246094,237.125,1.0625,-7.5625,0.13,1.25,9.68,0,0.0625,0,63,,stopped,0,0,20,
2026-08-06T13:05:10.557,319.688,selfie,35.91937168,139.9093173,22.327,0.005144444,TRUE,27,1,35.91912968,139.9091972,29.00119766,,34.88,1009.051719,53.2265625,237.125,1.0625,-7.5625,0.13,1.26,9.69,0.0625,0.125,0,63,,stopped,0,0,20,
2026-08-06T13:05:11.057,320.189,selfie,35.91937168,139.9093173,22.327,0.005144444,TRUE,27,1,35.91912968,139.9091972,29.00119766,,34.88,1009.051719,53.2265625,237.125,1.0625,-7.5625,0.15,1.24,9.66,0,0.0625,-0.125,63,,stopped,0,0,20,
2026-08-06T13:05:11.558,320.689,selfie,35.91937148,139.9093168,22.349,0.005144444,TRUE,27,1,35.91912968,139.9091972,28.9637915,,34.89,1009.075547,53.078125,237.125,1.0625,-7.5625,0.15,1.24,9.72,-0.0625,-0.125,0,63,,stopped,0,0,20,
2026-08-06T13:05:12.058,321.19,selfie,35.91937148,139.9093168,22.349,0.005144444,TRUE,27,1,35.91912968,139.9091972,28.9637915,,34.89,1009.075547,53.078125,237.125,1.0625,-7.5625,0.15,1.23,9.68,0,0.0625,-0.0625,63,,stopped,0,0,20,
2026-08-06T13:05:12.558,321.69,selfie,35.91937198,139.9093164,22.449,0.005144444,TRUE,28,1,35.91912968,139.9091972,29.00205883,,34.9,1009.064102,52.96289063,237.125,1.0625,-7.5625,0.16,1.23,9.69,0,-0.0625,0.125,63,,stopped,0,0,20,
2026-08-06T13:05:13.059,322.19,selfie,35.91937198,139.9093164,22.449,0.005144444,TRUE,28,1,35.91912968,139.9091972,29.00205883,,34.9,1009.064102,52.96289063,237.125,1.0625,-7.5625,0.14,1.24,9.68,-0.0625,0,0,63,,stopped,0,0,20,
2026-08-06T13:05:13.559,322.691,selfie,35.91937208,139.9093164,22.572,0.005144444,TRUE,28,1,35.91912968,139.9091972,29.01238899,,34.91,1009.017344,52.72070313,237.125,1.0625,-7.5625,0.16,1.25,9.66,0.125,0,0,63,,stopped,0,0,20,
2026-08-06T13:05:14.060,323.191,selfie,35.91937208,139.9093164,22.572,0.005144444,TRUE,28,1,35.91912968,139.9091972,29.01238899,,34.91,1009.017344,52.72070313,237.125,1.0625,-7.5625,0.15,1.23,9.66,0,-0.0625,0.0625,63,,stopped,0,0,20,
2026-08-06T13:05:14.560,323.692,selfie,35.91937268,139.9093162,22.65,0.005144444,TRUE,28,1,35.91912968,139.9091972,29.06829108,,34.75,1008.769766,52.58691406,237.125,1.0625,-7.5625,0.15,1.24,9.69,0,0,0.0625,63,,stopped,0,0,20,
2026-08-06T13:05:15.060,324.192,selfie,35.91937268,139.9093162,22.65,0.005144444,TRUE,28,1,35.91912968,139.9091972,29.06829108,,34.75,1008.769766,52.58691406,237.125,9.0625,-7.5625,0.14,1.24,9.67,0,0.0625,0.0625,63,,stopped,0,0,20,
2026-08-06T13:05:15.561,324.692,selfie,35.9193731,139.9093166,22.76,0.005144444,TRUE,28,1,35.91912968,139.9091972,29.12408937,,34.93,1009.002695,52.41015625,237.125,1.0625,-7.5625,0.15,1.22,9.69,-0.0625,8.0625,0,63,,stopped,0,0,20,
2026-08-06T13:05:16.061,325.193,selfie,35.9193731,139.9093166,22.76,0.005144444,TRUE,28,1,35.91912968,139.9091972,29.12408937,,34.93,1009.002695,52.41015625,237.125,1.0625,-7.5625,0.16,1.24,9.69,0,-0.125,8,63,,stopped,0,0,20,
2026-08-06T13:05:16.562,325.693,selfie,35.91937328,139.909317,22.852,0.005144444,TRUE,28,1,35.91912968,139.9091972,29.15634453,,34.94,1009.010625,52.41015625,237.125,1.0625,-7.5625,0.15,1.24,9.7,0,0.0625,0,63,,stopped,0,0,20,
2026-08-06T13:05:17.062,326.194,selfie,35.91937328,139.909317,22.852,0.005144444,TRUE,28,1,35.91912968,139.9091972,29.15634453,,34.94,1009.010625,52.41015625,237.125,1.0625,-7.5625,0.14,1.23,9.69,0,0,0,63,,stopped,0,0,20,
2026-08-06T13:05:17.563,326.694,selfie,35.91937278,139.9093172,22.989,0.005144444,TRUE,28,1,35.91912968,139.9091972,29.11193781,,34.95,1008.972109,52.34179688,237.125,1.0625,-7.5625,0.16,1.24,9.69,0.0625,-0.125,0.0625,63,,stopped,0,0,20,
2026-08-06T13:05:18.063,327.195,selfie,35.91937278,139.9093172,22.989,0.005144444,TRUE,28,1,35.91912968,139.9091972,29.11193781,,34.95,1008.972109,52.34179688,237.125,1.0625,-7.5625,0.15,1.25,9.7,0,0,0.0625,191,,stopped,0,0,20,
2026-08-06T13:05:18.563,327.695,selfie,35.91937218,139.9093173,23.156,0.005144444,TRUE,28,1,35.91912968,139.9091972,29.05279194,,34.95,1008.972109,52.28417969,237.125,1.0625,-7.5625,0.16,1.24,9.65,0.125,-0.0625,0.125,63,,stopped,0,0,20,
2026-08-06T13:05:19.065,328.197,selfie,35.91937218,139.9093173,23.156,0.005144444,TRUE,28,1,35.91912968,139.9091972,29.05279194,,34.95,1008.972109,52.28417969,237.125,1.0625,-7.5625,0.15,1.25,9.69,0,-0.0625,0,63,,stopped,0,0,20,
2026-08-06T13:05:19.565,328.697,selfie,35.91937168,139.9093175,23.343,0.005144444,TRUE,28,1,35.91912968,139.9091972,29.00791878,,34.95,1009.026836,52.21484375,237.125,1.0625,-7.5625,0.14,1.24,9.7,-0.0625,-0.0625,0,63,,stopped,0,0,20,
2026-08-06T13:05:20.066,329.197,selfie,35.91937168,139.9093175,23.343,0.005144444,TRUE,28,1,35.91912968,139.9091972,29.00791878,,34.95,1009.026836,52.21484375,237.125,1.0625,-7.5625,0.14,1.26,9.7,0.125,0.125,0,63,,stopped,0,0,20,
2026-08-06T13:05:20.566,329.698,selfie,35.91937148,139.9093183,23.515,0.005144444,TRUE,29,1,35.91912968,139.9091972,29.01428981,,34.97,1009.058633,52.22949219,237.125,1.0625,-7.5625,0.15,1.25,9.66,0,0,0,63,,stopped,0,0,20,
2026-08-06T13:05:21.066,330.198,selfie,35.91937148,139.9093183,23.515,0.005144444,TRUE,29,1,35.91912968,139.9091972,29.01428981,,34.97,1009.058633,52.22949219,237.125,1.0625,-7.5625,0.14,1.24,9.68,-0.125,0.25,0,63,,stopped,0,0,20,
2026-08-06T13:05:21.567,330.698,selfie,35.91937158,139.9093188,23.669,0.005144444,TRUE,29,1,35.91912968,139.9091972,29.0415412,,34.97,1009.003906,52.1484375,237.125,1.0625,-7.5625,0.14,1.25,9.68,-0.0625,-0.25,-0.0625,63,,stopped,0,0,20,
2026-08-06T13:05:22.067,331.199,selfie,35.91937158,139.9093188,23.669,0.005144444,TRUE,29,1,35.91912968,139.9091972,29.0415412,,34.97,1009.003906,52.1484375,237.125,1.0625,-7.5625,0.13,1.24,9.68,0,0.125,0,63,,stopped,0,0,20,
2026-08-06T13:05:22.568,331.699,selfie,35.91937198,139.9093194,23.822,0.005144444,TRUE,29,1,35.91912968,139.9091972,29.10312759,,34.99,1009.028047,52.16015625,237.125,1.0625,-7.5625,0.16,1.24,9.69,0,0.125,-0.0625,63,,stopped,0,0,20,
2026-08-06T13:05:23.068,332.2,selfie,35.91937198,139.9093194,23.822,0.005144444,TRUE,29,1,35.91912968,139.9091972,29.10312759,,34.99,1009.028047,52.16015625,237.125,1.0625,-7.5625,0.14,1.23,9.67,0,0.0625,0,63,,stopped,0,0,20,
2026-08-06T13:05:23.568,332.7,selfie,35.91937218,139.9093201,23.983,0.005144444,TRUE,28,1,35.91912968,139.9091972,29.14816258,,35,1009.024531,51.95410156,237.125,1.0625,-7.5625,0.16,1.24,9.68,0.0625,-0.0625,0,63,,stopped,0,0,20,
2026-08-06T13:05:24.069,333.2,selfie,35.91937218,139.9093201,23.983,0.005144444,TRUE,28,1,35.91912968,139.9091972,29.14816258,,35.03,1009.037539,52.16503906,237.125,1.0625,-7.5625,0.16,1.24,9.67,0,0.1875,-0.0625,63,,stopped,0,0,20,
2026-08-06T13:05:24.569,333.701,selfie,35.9193724,139.9093209,24.152,0,TRUE,28,1,35.91912968,139.9091972,29.19729077,,35.03,1009.037539,52.16503906,237.125,1.0625,-7.5625,0.18,1.23,9.67,0,0.125,0,63,,stopped,0,0,20,
2026-08-06T13:05:25.070,334.201,selfie,35.9193724,139.9093209,24.152,0,TRUE,28,1,35.91912968,139.9091972,29.19729077,,35.04,1009.006641,52.421875,237.125,1.0625,-7.5625,0.15,1.24,9.67,-0.125,0.0625,-0.0625,63,,stopped,0,0,20,
2026-08-06T13:05:25.574,334.706,selfie,35.9193731,139.9093224,24.318,0.005144444,TRUE,27,1,35.91912968,139.9091972,29.3215051,,35.04,1009.006641,52.07421875,237.125,1.0625,-7.5625,0.15,1.25,9.67,0.125,0.125,-0.0625,191,,stopped,0,0,20,
2026-08-06T13:05:26.074,335.206,selfie,35.9193731,139.9093224,24.318,0.005144444,TRUE,27,1,35.91912968,139.9091972,29.3215051,,35.04,1009.006641,52.07421875,237.125,1.0625,-7.5625,0.16,1.24,9.67,0,0,-0.0625,63,,stopped,0,0,20,
2026-08-06T13:05:26.577,335.709,selfie,35.91937398,139.9093235,24.405,0.005144444,TRUE,28,1,35.91912968,139.9091972,29.44973598,,35.06,1009.03875,51.84472656,237.125,1.0625,-7.5625,0.16,1.25,9.7,0,-0.0625,-0.0625,63,,stopped,0,0,20,
2026-08-06T13:05:27.078,336.209,selfie,35.91937398,139.9093235,24.405,0.005144444,TRUE,28,1,35.91912968,139.9091972,29.44973598,,35.06,1009.03875,51.84472656,237.125,1.0625,-7.5625,0.16,1.24,9.71,0,-0.0625,0.125,63,,stopped,0,0,20,
2026-08-06T13:05:27.578,336.71,selfie,35.91937518,139.9093247,24.467,0.005144444,TRUE,28,1,35.91912968,139.9091972,29.61458942,,35.06,1008.976055,51.70507813,237.125,1.0625,-7.5625,0.16,1.23,9.68,0,-0.0625,0.0625,63,,stopped,0,0,20,
2026-08-06T13:05:28.079,337.21,selfie,35.91937518,139.9093247,24.467,0.005144444,TRUE,28,1,35.91912968,139.9091972,29.61458942,,35.06,1008.976055,51.70507813,237.125,1.0625,-7.5625,0.16,1.23,9.68,0.0625,0,-0.125,63,,stopped,0,0,20,
2026-08-06T13:05:28.579,337.711,selfie,35.91937658,139.9093258,24.512,0.005144444,TRUE,28,1,35.91912968,139.9091972,29.79708957,,33.29,1006.293242,51.69140625,237.125,1.0625,-7.5625,0.15,1.24,9.68,0,-0.125,0.25,63,,stopped,0,0,20,
2026-08-06T13:05:29.079,338.211,selfie,35.91937658,139.9093258,24.512,0.005144444,TRUE,28,1,35.91912968,139.9091972,29.79708957,,33.29,1006.293242,51.69140625,237.125,1.0625,-7.5625,0.17,1.26,9.7,0.0625,-0.125,8,63,,stopped,0,0,20,
2026-08-06T13:05:29.580,338.711,selfie,35.91937768,139.9093267,24.55,0.005144444,TRUE,29,1,35.91912968,139.9091972,29.94071567,,35.08,1008.961055,51.75488281,237.125,1.0625,-7.5625,0.15,1.26,9.67,0.125,0.1875,0.0625,63,,stopped,0,0,20,
2026-08-06T13:05:30.080,339.212,selfie,35.91937768,139.9093267,24.55,0.005144444,TRUE,29,1,35.91912968,139.9091972,29.94071567,,35.08,1008.961055,51.75488281,237.125,1.0625,-7.5625,0.17,1.26,9.68,0,0.125,0,63,,stopped,0,0,20,
2026-08-06T13:05:30.581,339.712,selfie,35.91937878,139.9093273,24.589,0.005144444,TRUE,29,1,35.91912968,139.9091972,30.07500002,,35.1,1008.985195,51.61621094,237.125,1.0625,-7.5625,1.43,1.25,9.72,0.0625,0.0625,-0.125,63,,stopped,0,0,20,
2026-08-06T13:05:31.081,340.213,selfie,35.91937878,139.9093273,24.589,0.005144444,TRUE,29,1,35.91912968,139.9091972,30.07500002,,35.1,1008.985195,51.61621094,237.125,1.0625,-7.5625,0.14,1.25,9.69,0,-0.0625,-0.0625,63,,stopped,0,0,20,
2026-08-06T13:05:31.582,340.714,selfie,35.91937938,139.9093279,24.589,0.005144444,TRUE,29,1,35.91912968,139.9091972,30.15691897,,35.11,1008.97375,51.79199219,237.125,1.0625,-7.5625,0.14,1.24,9.67,0,0,0,63,,stopped,0,0,20,
2026-08-06T13:05:32.083,341.214,selfie,35.91937938,139.9093279,24.589,0.005144444,TRUE,29,1,35.91912968,139.9091972,30.15691897,,35.11,1008.97375,51.79199219,237.125,1.0625,-7.5625,0.16,1.24,9.67,0,-0.0625,-0.0625,63,,stopped,0,0,20,
2026-08-06T13:05:32.583,341.715,selfie,35.91937998,139.9093284,24.586,0.005144444,TRUE,29,1,35.91912968,139.9091972,30.23592139,,35.11,1009.009023,51.40917969,237.125,1.0625,-7.5625,0.14,1.24,9.69,0.0625,0,0.0625,63,,stopped,0,0,20,
2026-08-06T13:05:33.083,342.215,selfie,35.91937998,139.9093284,24.586,0.005144444,TRUE,29,1,35.91912968,139.9091972,30.23592139,,35.11,1009.009023,51.40917969,237.125,1.0625,-7.5625,0.16,1.22,9.72,0.125,-0.0625,-0.125,63,,stopped,0,0,20,
2026-08-06T13:05:33.584,342.715,selfie,35.91938048,139.9093288,24.587,0.005144444,TRUE,29,1,35.91912968,139.9091972,30.30117571,,35.11,1009.009023,51.61816406,237.125,1.0625,-7.5625,0.16,1.24,9.7,0.125,0,0,63,,stopped,0,0,20,
2026-08-06T13:05:34.084,343.216,selfie,35.91938048,139.9093288,24.587,0.005144444,TRUE,29,1,35.91912968,139.9091972,30.30117571,,35.11,1009.009023,51.61816406,237.125,1.0625,-7.5625,0.16,1.24,9.69,0.125,0.25,-0.0625,63,,stopped,0,0,20,
2026-08-06T13:05:34.585,343.716,selfie,35.9193809,139.9093295,24.626,0.005144444,TRUE,29,1,35.91912968,139.9091972,30.36849572,,35.13,1009.033164,51.82910156,237.125,1.0625,-7.5625,0.14,1.26,9.67,0.0625,0.0625,-0.0625,63,,stopped,0,0,20,
2026-08-06T13:05:35.085,344.217,selfie,35.9193809,139.9093295,24.626,0.005144444,TRUE,29,1,35.91912968,139.9091972,30.36849572,,35.13,1009.033164,51.82910156,237.125,1.0625,-7.5625,0.15,1.23,9.67,0,-0.0625,-0.0625,63,,stopped,0,0,20,
2026-08-06T13:05:35.585,344.717,selfie,35.91938118,139.9093299,24.622,0.005144444,TRUE,29,1,35.91912968,139.9091972,30.41161333,,35.14,1009.057031,51.609375,237.125,1.0625,-7.5625,0.15,1.24,9.68,8.0625,0,0,63,,stopped,0,0,20,
2026-08-06T13:05:36.111,345.242,selfie,35.91938118,139.9093299,24.622,0.005144444,TRUE,29,1,35.91912968,139.9091972,30.41161333,,35.14,1009.057031,51.609375,237.125,1.0625,-7.5625,0.15,1.25,9.69,0.125,0,0.125,63,,stopped,0,0,20,
2026-08-06T13:05:36.611,345.742,selfie,35.9193815,139.9093305,24.576,0.005144444,TRUE,29,1,35.91912968,139.9091972,30.46524426,,35.14,1009.002305,51.49414063,237.125,1.0625,-7.5625,0.16,1.25,9.72,-0.0625,-0.0625,0,63,,stopped,0,0,20,
2026-08-06T13:05:37.111,346.243,selfie,35.9193815,139.9093305,24.576,0.005144444,TRUE,29,1,35.91912968,139.9091972,30.46524426,,35.14,1009.002305,51.49414063,237.125,1.0625,-7.5625,0.13,1.24,9.7,0.125,0,0,63,,stopped,0,0,20,
2026-08-06T13:05:37.612,346.743,selfie,35.91938168,139.9093307,24.505,0.005144444,TRUE,29,1,35.91912968,139.9091972,30.49107831,,35.15,1008.99082,51.484375,237.125,1.0625,-7.5625,0.17,1.24,9.68,0,-0.125,0.0625,63,,stopped,0,0,20,
2026-08-06T13:05:38.112,347.244,selfie,35.91938168,139.9093307,24.505,0.005144444,TRUE,29,1,35.91912968,139.9091972,30.49107831,,35.15,1008.99082,51.484375,237.125,1.0625,-7.5625,0.14,1.24,9.68,0.125,0,0.0625,63,,stopped,0,0,20,
2026-08-06T13:05:38.613,347.744,selfie,35.9193815,139.9093309,24.428,0.005144444,TRUE,29,1,35.91912968,139.9091972,30.47945473,,35.16,1009.007031,51.54199219,237.125,1.0625,-7.5625,0.17,1.25,9.65,0.0625,0,0,63,,stopped,0,0,20,
2026-08-06T13:05:39.114,348.246,selfie,35.9193815,139.9093309,24.428,0.005144444,TRUE,29,1,35.91912968,139.9091972,30.47945473,,35.16,1009.007031,51.54199219,237.125,1.0625,-7.5625,0.16,2.51,9.66,-0.125,0.125,0,63,,stopped,0,0,20,
2026-08-06T13:05:39.615,348.746,selfie,35.91938078,139.9093313,24.362,0.005144444,TRUE,29,1,35.91912968,139.9091972,30.42054273,,35.18,1009.003516,51.54394531,237.125,1.0625,-7.5625,0.16,1.23,9.7,0.125,-0.1875,0.125,63,,stopped,0,0,20,
2026-08-06T13:05:40.115,349.247,selfie,35.91938078,139.9093313,24.362,0.005144444,TRUE,29,1,35.91912968,139.9091972,30.42054273,,35.18,1009.003516,51.54394531,237.125,1.0625,-7.5625,0.15,1.23,9.69,0,0,0,63,,stopped,0,0,20,
2026-08-06T13:05:40.615,349.747,selfie,35.91937988,139.9093313,24.274,0.005144444,TRUE,29,1,35.91912968,139.9091972,30.32871602,,35.18,1009.066172,51.52246094,237.125,1.0625,-7.5625,0.14,1.23,9.68,8.0625,-0.125,0,63,,stopped,0,0,20,
2026-08-06T13:05:41.116,350.247,selfie,35.91937988,139.9093313,24.274,0.005144444,TRUE,29,1,35.91912968,139.9091972,30.32871602,,35.18,1009.066172,51.52246094,237.125,1.0625,-7.5625,0.17,1.26,9.67,0,-0.0625,0.125,63,,stopped,0,0,20,
2026-08-06T13:05:41.616,350.748,selfie,35.91937888,139.9093316,24.237,0.005144444,TRUE,29,1,35.91912968,139.9091972,30.2381514,,35.2,1008.980859,51.5,237.125,1.0625,-7.5625,0.16,1.24,9.7,0,0.0625,-0.0625,63,,stopped,0,0,20,
2026-08-06T13:05:42.117,351.248,selfie,35.91937888,139.9093316,24.237,0.005144444,TRUE,29,1,35.91912968,139.9091972,30.2381514,,35.2,1008.980859,51.5,237.125,1.0625,-7.5625,0.16,1.25,9.68,0,0,-0.0625,63,,stopped,0,0,20,
2026-08-06T13:05:42.617,351.749,selfie,35.9193779,139.9093313,24.188,0.005144444,TRUE,29,1,35.91912968,139.9091972,30.12654263,,35.21,1009.024102,51.43164063,237.125,1.0625,-7.5625,0.16,1.24,9.7,-0.0625,0.0625,0,191,,stopped,0,0,20,
2026-08-06T13:05:43.118,352.249,selfie,35.9193779,139.9093313,24.188,0.005144444,TRUE,29,1,35.91912968,139.9091972,30.12654263,,35.21,1009.024102,51.43164063,237.125,1.0625,-7.5625,0.18,1.24,9.68,0.0625,0,0.0625,63,,stopped,0,0,20,
2026-08-06T13:05:43.625,352.757,selfie,35.91937688,139.9093313,24.091,0.005144444,TRUE,29,1,35.91912968,139.9091972,30.02300776,,35.22,1009.032031,51.36230469,237.125,1.0625,-7.5625,0.15,1.24,9.65,0,8.0625,0.125,63,,stopped,0,0,20,
2026-08-06T13:05:44.130,353.261,selfie,35.91937688,139.9093313,24.091,0.005144444,TRUE,29,1,35.91912968,139.9091972,30.02300776,,35.22,1009.032031,51.36230469,237.125,1.0625,-7.5625,1.42,1.25,9.7,0,0.0625,0,191,,stopped,0,0,20,
2026-08-06T13:05:44.630,353.762,selfie,35.91937598,139.9093311,24,0.005144444,TRUE,29,1,35.91912968,139.9091972,29.92475455,,35.21,1008.941992,51.33886719,237.125,1.0625,-7.5625,0.15,1.23,9.67,0,-0.125,0,63,,stopped,0,0,20,
2026-08-06T13:05:45.131,354.262,selfie,35.91937598,139.9093311,24,0.005144444,TRUE,29,1,35.91912968,139.9091972,29.92475455,,35.21,1008.941992,51.33886719,237.125,1.0625,-7.5625,0.16,1.23,9.7,0,-0.125,0,63,,stopped,0,0,20,
2026-08-06T13:05:45.631,354.762,selfie,35.91937478,139.9093306,23.921,0.005144444,TRUE,29,1,35.91912968,139.9091972,29.78449315,,35.22,1009.012617,51.34082031,237.125,1.0625,-7.5625,0.16,1.22,9.68,-0.0625,-0.125,-0.0625,63,,stopped,0,0,20,
2026-08-06T13:05:46.133,355.264,selfie,35.91937478,139.9093306,23.921,0.005144444,TRUE,29,1,35.91912968,139.9091972,29.78449315,,35.22,1009.012617,51.34082031,237.125,1.0625,-7.5625,0.15,1.23,9.7,0,0,0.125,63,,stopped,0,0,20,
2026-08-06T13:05:46.633,355.765,selfie,35.91937388,139.9093298,23.83,0.005144444,TRUE,29,1,35.91912968,139.9091972,29.66326823,,35.06,1008.655664,51.34667969,237.125,1.0625,-7.5625,0.14,1.24,9.69,0,-0.0625,0.125,63,,stopped,0,0,20,
2026-08-06T13:05:47.133,356.265,selfie,35.91937388,139.9093298,23.83,0.005144444,TRUE,29,1,35.91912968,139.9091972,29.66326823,,35.06,1008.655664,51.34667969,237.125,1.0625,-7.5625,0.15,1.23,9.69,0,0.25,0,63,,stopped,0,0,20,
2026-08-06T13:05:47.634,356.765,selfie,35.91937328,139.9093289,23.72,0.005144444,TRUE,28,1,35.91912968,139.9091972,29.56960909,,35.26,1009.013789,51.3671875,237.125,1.0625,-7.5625,0.15,1.23,9.68,0.0625,0,0.125,63,,stopped,0,0,6.656,
2026-08-06T13:05:48.140,357.272,selfie,35.91937328,139.9093289,23.72,0.005144444,TRUE,28,1,35.91912968,139.9091972,29.56960909,,35.26,1009.013789,51.3671875,237.125,1.0625,-7.5625,0.14,1.24,9.69,0,0.0625,0,63,,stopped,0,0,20,
2026-08-06T13:05:48.642,357.773,selfie,35.91937258,139.9093283,23.621,0.005144444,TRUE,28,1,35.91912968,139.9091972,29.47664282,,35.27,1009.002344,51.37988281,237.125,1.0625,-7.5625,0.15,1.24,9.71,0,-0.0625,0.0625,63,,stopped,0,0,20,
2026-08-06T13:05:49.142,358.274,selfie,35.91937258,139.9093283,23.621,0.005144444,TRUE,28,1,35.91912968,139.9091972,29.47664282,,35.27,1009.002344,51.37988281,237.125,1.0625,-7.5625,0.15,1.25,9.65,0,0.125,0.0625,63,,stopped,0,0,20,
2026-08-06T13:05:49.643,358.774,selfie,35.9193718,139.9093279,23.539,0.005144444,TRUE,28,1,35.91912968,139.9091972,29.3824049,,35.27,1008.983203,51.42675781,237.125,1.0625,-7.5625,0.17,1.23,9.69,0,-0.125,0.0625,63,,stopped,0,0,20,
2026-08-06T13:05:50.143,359.275,selfie,35.9193718,139.9093279,23.539,0.005144444,TRUE,28,1,35.91912968,139.9091972,29.3824049,,35.27,1008.983203,51.42675781,237.125,1.0625,-7.5625,0.14,1.23,9.67,0,0.125,-0.125,63,,stopped,0,0,20,
2026-08-06T13:05:50.643,359.775,selfie,35.9193712,139.909328,23.458,0.005144444,TRUE,28,1,35.91912968,139.9091972,29.32490232,,35.3,1008.995547,51.41894531,237.125,1.0625,-7.5625,0.16,1.22,9.68,-0.0625,-0.0625,0.0625,63,,stopped,0,0,20,
2026-08-06T13:05:51.145,360.276,selfie,35.9193712,139.909328,23.458,0.005144444,TRUE,28,1,35.91912968,139.9091972,29.32490232,,35.31,1008.929648,51.24511719,237.125,9.0625,-7.5625,0.16,2.52,9.7,-0.0625,-0.0625,0.0625,63,,stopped,0,0,20,
2026-08-06T13:05:51.644,360.776,selfie,35.91937088,139.9093283,23.42,0.005144444,TRUE,28,1,35.91912968,139.9091972,29.30353251,,35.31,1008.929648,51.24511719,237.125,1.0625,-7.5625,0.17,1.23,9.7,0,-0.0625,0.0625,63,,stopped,0,0,20,
2026-08-06T13:05:52.144,361.276,selfie,35.91937088,139.9093283,23.42,0.005144444,TRUE,28,1,35.91912968,139.9091972,29.30353251,,35.32,1008.98082,51.21289063,237.125,1.0625,-7.5625,0.16,1.25,9.69,0.125,0,-0.0625,63,,stopped,0,0,20,
2026-08-06T13:05:52.645,361.776,selfie,35.91937048,139.9093285,23.389,0.005144444,TRUE,28,1,35.91912968,139.9091972,29.27009985,,35.32,1008.98082,51.21289063,237.125,1.0625,-7.5625,0.14,1.23,9.67,-0.0625,0,0,63,,stopped,0,0,20,
2026-08-06T13:05:53.145,362.277,selfie,35.91937048,139.9093285,23.389,0.005144444,TRUE,28,1,35.91912968,139.9091972,29.27009985,,34.19,1007.515938,50.98242188,237.125,1.0625,-7.5625,0.15,1.25,9.69,0,-0.0625,0.0625,63,,stopped,0,0,20,
2026-08-06T13:05:53.646,362.777,selfie,35.91937048,139.9093284,23.281,0.005144444,TRUE,28,1,35.91912968,139.9091972,29.26646341,,35.34,1008.977578,51.21386719,237.125,1.0625,-7.5625,0.15,1.24,9.69,0,0.0625,0.125,63,,stopped,0,0,20,
2026-08-06T13:05:54.146,363.278,selfie,35.91937048,139.9093284,23.281,0.005144444,TRUE,28,1,35.91912968,139.9091972,29.26646341,,35.34,1008.977578,51.21386719,237.125,1.0625,-7.5625,0.16,1.23,9.69,0,-0.125,0.125,63,,stopped,0,0,20,
2026-08-06T13:05:54.646,363.778,selfie,35.91937078,139.9093284,23.182,0.005144444,TRUE,28,1,35.91912968,139.9091972,29.296986,,35.36,1009.036719,50.87890625,237.125,1.0625,-7.5625,0.15,1.22,9.66,0.125,-0.125,-0.0625,63,,stopped,0,0,20,
2026-08-06T13:05:55.147,364.278,selfie,35.91937078,139.9093284,23.182,0.005144444,TRUE,28,1,35.91912968,139.9091972,29.296986,,35.36,1009.036719,50.87890625,237.125,1.0625,-7.5625,0.17,1.24,9.7,0,-0.0625,0,63,,stopped,0,0,20,
2026-08-06T13:05:55.647,364.779,selfie,35.91937048,139.9093283,23.185,0.005144444,TRUE,28,1,35.91912968,139.9091972,29.2628293,,35.36,1008.962539,51.06542969,237.125,1.0625,-7.5625,0.18,1.24,9.7,0,-0.0625,-0.0625,63,,stopped,0,0,20,
2026-08-06T13:05:56.148,365.279,selfie,35.91937048,139.9093283,23.185,0.005144444,TRUE,28,1,35.91912968,139.9091972,29.2628293,,35.36,1008.962539,51.06542969,237.125,1.0625,-7.5625,0.16,1.23,9.72,-0.0625,-0.0625,-0.25,63,,stopped,0,0,20,
2026-08-06T13:05:56.648,365.78,selfie,35.91937028,139.9093284,23.205,0.005144444,TRUE,29,1,35.91912968,139.9091972,29.24611846,,32.24,1004.138594,51.00878906,237.125,1.0625,-7.5625,0.15,1.25,9.69,0.0625,0.0625,0.125,63,,stopped,0,0,20,
2026-08-06T13:05:57.148,366.28,selfie,35.91937028,139.9093284,23.205,0.005144444,TRUE,29,1,35.91912968,139.9091972,29.24611846,,32.24,1004.138594,51.00878906,237.125,1.0625,-7.5625,0.16,1.24,9.69,0,0.0625,0.0625,63,,stopped,0,0,20,
2026-08-06T13:05:57.649,366.78,selfie,35.9193701,139.9093285,23.265,0.005144444,TRUE,29,1,35.91912968,139.9091972,29.23111263,,35.4,1008.999023,50.94238281,237.125,1.0625,-7.5625,0.16,1.24,9.7,-0.0625,0.1875,0.0625,63,,stopped,0,0,20,
2026-08-06T13:05:58.174,367.306,selfie,35.9193701,139.9093285,23.265,0.005144444,TRUE,29,1,35.91912968,139.9091972,29.23111263,,35.4,1008.999023,50.94238281,237.125,1.0625,-7.5625,0.18,1.24,9.68,0.0625,0.1875,0,63,,stopped,0,0,20,
2026-08-06T13:05:58.675,367.806,selfie,35.91937,139.9093286,23.315,0.005144444,TRUE,29,1,35.91912968,139.9091972,29.2245886,,35.41,1009.007305,51.140625,237.125,1.0625,-7.5625,0.13,1.25,9.69,-0.0625,0.0625,0,63,,stopped,0,0,20,
2026-08-06T13:05:59.175,368.307,selfie,35.91937,139.9093286,23.315,0.005144444,TRUE,29,1,35.91912968,139.9091972,29.2245886,,35.41,1009.007305,51.140625,237.125,1.0625,-7.5625,0.16,1.23,9.7,0,0,8,63,,stopped,0,0,20,
2026-08-06T13:05:59.675,368.807,selfie,35.91936968,139.9093284,23.352,0.005144444,TRUE,29,1,35.91912968,139.9091972,29.18510019,,35.42,1008.948984,51.18945313,237.125,1.0625,-7.5625,0.16,1.25,9.71,0.125,0.0625,-0.0625,63,,stopped,0,0,20,
2026-08-06T13:06:00.176,369.307,selfie,35.91936968,139.9093284,23.352,0.005144444,TRUE,29,1,35.91912968,139.9091972,29.18510019,,35.42,1008.948984,51.18945313,237.125,1.0625,-7.5625,0.13,1.24,9.68,-0.0625,-0.0625,0,63,,stopped,0,0,20,
2026-08-06T13:06:00.676,369.808,selfie,35.91936988,139.9093282,23.444,0.005144444,TRUE,29,1,35.91912968,139.9091972,29.19876216,,35.44,1009.027578,50.96972656,237.125,1.0625,-7.5625,0.16,1.24,9.69,0,-0.1875,0.125,63,,stopped,0,0,20,
2026-08-06T13:06:01.176,370.308,selfie,35.91936988,139.9093282,23.444,0.005144444,TRUE,29,1,35.91912968,139.9091972,29.19876216,,35.44,1009.027578,50.96972656,237.125,1.0625,-7.5625,0.15,1.23,9.67,0.0625,0,0,63,,stopped,0,0,20,
2026-08-06T13:06:01.677,370.808,selfie,35.91936958,139.9093281,23.556,0.005144444,TRUE,29,1,35.91912968,139.9091972,29.16400334,,35.46,1009.032266,50.80957031,237.125,1.0625,-7.5625,0.16,1.24,9.69,0,0,0,63,,stopped,0,0,20,
2026-08-06T13:06:02.177,371.309,selfie,35.91936958,139.9093281,23.556,0.005144444,TRUE,29,1,35.91912968,139.9091972,29.16400334,,35.46,1009.032266,50.80957031,237.125,1.0625,-7.5625,0.18,1.25,9.71,0,-0.0625,0,63,,stopped,0,0,20,
2026-08-06T13:06:02.678,371.809,selfie,35.91936948,139.9093281,23.606,0.005144444,TRUE,29,1,35.91912968,139.9091972,29.15383294,,35.47,1009.020742,50.95019531,237.125,1.0625,-7.5625,0.15,1.25,9.69,-0.0625,0,-0.0625,63,,stopped,0,0,20,
2026-08-06T13:06:03.178,372.31,selfie,35.91936948,139.9093281,23.606,0.005144444,TRUE,29,1,35.91912968,139.9091972,29.15383294,,35.47,1009.020742,50.95019531,237.125,1.0625,-7.5625,0.14,1.25,9.72,0,0.0625,-0.0625,63,,stopped,0,0,20,
2026-08-06T13:06:03.678,372.81,selfie,35.91936888,139.9093275,23.73,0.005144444,TRUE,29,1,35.91912968,139.9091972,29.07097543,,35.48,1009.056094,50.84570313,237.125,1.0625,-7.5625,0.15,1.24,9.67,0,-0.0625,0,63,,stopped,0,0,20,
2026-08-06T13:06:04.179,373.31,selfie,35.91936888,139.9093275,23.73,0.005144444,TRUE,29,1,35.91912968,139.9091972,29.07097543,,35.48,1009.056094,50.84570313,237.125,1.0625,-7.5625,0.16,1.24,9.67,-0.0625,0,0,63,,stopped,0,0,20,
2026-08-06T13:06:04.679,373.811,selfie,35.91936848,139.9093265,23.813,0.005144444,TRUE,29,1,35.91912968,139.9091972,28.99400682,,35.49,1009.017539,50.77734375,237.125,1.0625,-7.5625,0.16,1.23,9.69,0,-0.0625,0.0625,63,,stopped,0,0,20,
2026-08-06T13:06:05.180,374.311,selfie,35.91936848,139.9093265,23.813,0.005144444,TRUE,29,1,35.91912968,139.9091972,28.99400682,,35.49,1009.017539,50.77734375,237.125,1.0625,-7.5625,0.15,1.24,9.67,0.0625,0,-0.0625,63,,stopped,0,0,20,
2026-08-06T13:06:05.680,374.812,selfie,35.91936778,139.9093256,23.907,0.005144444,TRUE,29,1,35.91912968,139.9091972,28.89020782,,35.5,1008.986563,50.77929688,237.125,1.0625,-7.5625,0.15,1.24,9.7,0.0625,0,0,63,,stopped,0,0,20,
2026-08-06T13:06:06.180,375.312,selfie,35.91936778,139.9093256,23.907,0.005144444,TRUE,29,1,35.91912968,139.9091972,28.89020782,,35.5,1008.986563,50.77929688,237.125,1.0625,-7.5625,0.16,1.25,9.67,0.0625,0.0625,-0.0625,63,,stopped,0,0,20,
2026-08-06T13:06:06.682,375.814,selfie,35.91936728,139.909325,23.982,0.005144444,TRUE,29,1,35.91912968,139.9091972,28.81764606,,35.5,1009.013984,50.74414063,237.125,1.0625,-7.5625,0.15,1.24,9.67,0.0625,0.0625,-0.0625,63,,stopped,0,0,20,
2026-08-06T13:06:07.183,376.314,selfie,35.91936728,139.909325,23.982,0.005144444,TRUE,29,1,35.91912968,139.9091972,28.81764606,,35.5,1009.013984,50.74414063,237.125,1.0625,-7.5625,0.13,1.24,9.69,0.0625,-0.125,0.0625,63,,stopped,0,0,20,
2026-08-06T13:06:07.683,376.815,selfie,35.91936618,139.9093243,24.064,0.005144444,TRUE,29,1,35.91912968,139.9091972,28.68033656,,35.34,1008.73918,50.68066406,237.125,1.0625,-7.5625,0.14,1.25,9.71,0,0.125,0,63,,stopped,0,0,20,
2026-08-06T13:06:08.184,377.315,selfie,35.91936618,139.9093243,24.064,0.005144444,TRUE,29,1,35.91912968,139.9091972,28.68033656,,35.34,1008.73918,50.68066406,237.125,1.0625,-7.5625,0.15,1.23,9.7,-0.0625,-0.1875,0,63,,stopped,0,0,20,
2026-08-06T13:06:08.684,377.816,selfie,35.91936468,139.9093236,24.135,0.005144444,TRUE,29,1,35.91912968,139.9091972,28.50224703,,35.52,1008.991563,50.59570313,237.125,1.0625,-7.5625,0.16,1.23,9.69,-0.125,0,-0.0625,63,,stopped,0,0,20,
2026-08-06T13:06:09.184,378.316,selfie,35.91936468,139.9093236,24.135,0.005144444,TRUE,29,1,35.91912968,139.9091972,28.50224703,,35.52,1008.991563,50.59570313,237.125,1.0625,-7.5625,0.17,1.23,9.67,-0.0625,0.125,0,63,,stopped,0,0,20,
2026-08-06T13:06:09.685,378.816,selfie,35.91936358,139.9093232,24.155,0.005144444,TRUE,29,1,35.91912968,139.9091972,28.37572913,,35.53,1008.972148,50.54980469,237.125,1.0625,-7.5625,0.16,1.24,9.69,0,-0.1875,-0.125,63,,stopped,0,0,20,
2026-08-06T13:06:10.194,379.326,selfie,35.91936358,139.9093232,24.155,0.005144444,TRUE,29,1,35.91912968,139.9091972,28.37572913,,35.53,1008.972148,50.54980469,237.125,1.0625,-7.5625,0.15,1.23,9.69,0,0.0625,-0.125,63,,stopped,0,0,20,
2026-08-06T13:06:10.694,379.826,selfie,35.91936228,139.9093222,24.142,0.005144444,TRUE,29,1,35.91912968,139.9091972,28.2072381,,35.56,1009.000664,50.5078125,237.125,1.0625,-7.5625,0.14,1.23,9.68,0,8,0,63,,stopped,0,0,20,
2026-08-06T13:06:11.558,380.69,selfie,35.91936228,139.9093222,24.142,0.005144444,TRUE,29,1,35.91912968,139.9091972,28.2072381,,35.56,1009.000664,50.5078125,237.125,1.0625,-7.5625,0.16,1.24,9.69,8,-0.125,0,63,,stopped,0,0,20,
2026-08-06T13:06:12.059,381.19,selfie,,,,,FALSE,,,35.91912968,139.9091972,,,35.56,1009.000664,50.5078125,237.125,1.0625,-7.5625,0.15,1.24,9.69,0,0,0,63,,stopped,0,0,20,
2026-08-06T13:06:12.559,381.691,selfie,,,,,FALSE,,,35.91912968,139.9091972,,,35.58,1008.969727,50.54296875,237.125,1.0625,-7.5625,0.16,1.25,9.68,0.0625,0.0625,0.125,63,,stopped,0,0,20,
2026-08-06T13:06:13.062,382.193,selfie,35.91936058,139.9093218,23.972,0.005144444,TRUE,29,1,35.91912968,139.9091972,28.01956835,,35.58,1008.950273,50.50976563,237.125,1.0625,-7.5625,0.15,1.24,9.69,0,0.0625,-0.1875,63,,stopped,0,0,20,
2026-08-06T13:06:13.832,382.963,selfie,35.91936058,139.9093218,23.972,0.005144444,TRUE,29,1,35.91912968,139.9091972,28.01956835,,35.58,1008.950273,50.50976563,237.125,1.0625,-7.5625,0.15,1.24,9.68,-0.0625,-0.125,0,63,,stopped,0,0,20,
2026-08-06T13:06:14.332,383.463,selfie,35.91935948,139.9093218,23.873,0.005144444,TRUE,29,1,35.91912968,139.9091972,27.90753214,,35.59,1009.048633,50.45214844,237.125,1.0625,-7.5625,0.15,1.24,9.7,8.0625,0.0625,0.0625,63,,stopped,0,0,20,
2026-08-06T13:06:14.832,383.964,selfie,35.91935948,139.9093218,23.873,0.005144444,TRUE,29,1,35.91912968,139.9091972,27.90753214,,35.59,1009.048633,50.45214844,237.125,1.0625,-7.5625,0.15,1.23,9.69,0.0625,0,0.0625,63,,stopped,0,0,20,
2026-08-06T13:06:15.333,384.464,selfie,35.91935858,139.9093216,23.787,0.005144444,TRUE,29,1,35.91912968,139.9091972,27.80867057,,35.61,1009.045078,50.44238281,237.125,1.0625,-7.5625,0.14,1.24,9.69,0,-0.0625,-0.0625,63,,stopped,0,0,20,
2026-08-06T13:06:15.833,384.965,selfie,35.91935858,139.9093216,23.787,0.005144444,TRUE,29,1,35.91912968,139.9091972,27.80867057,,35.61,1009.045078,50.44238281,237.125,1.0625,-7.5625,1.43,1.23,9.69,8.0625,0,0.125,63,,stopped,0,0,20,
2026-08-06T13:06:16.333,385.465,selfie,35.91935808,139.9093215,23.71,0.005144444,TRUE,29,1,35.91912968,139.9091972,27.75476513,,35.62,1009.033555,50.38476563,237.125,1.0625,-7.5625,0.15,1.23,9.69,-0.0625,0.1875,0.125,63,,stopped,0,0,20,
2026-08-06T13:06:16.834,385.965,selfie,35.91935808,139.9093215,23.71,0.005144444,TRUE,29,1,35.91912968,139.9091972,27.75476513,,35.62,1009.033555,50.38476563,237.125,1.0625,-7.5625,0.17,1.23,9.68,0,0,0.0625,63,,stopped,0,0,20,
2026-08-06T13:06:17.334,386.466,selfie,35.91935768,139.9093214,23.623,0.005144444,TRUE,29,1,35.91912968,139.9091972,27.70982942,,35.62,1008.987031,50.31640625,237.125,1.0625,-7.5625,0.14,1.24,9.72,0,-0.125,-0.0625,63,,stopped,0,0,20,
2026-08-06T13:06:17.835,386.966,selfie,35.91935768,139.9093214,23.623,0.005144444,TRUE,29,1,35.91912968,139.9091972,27.70982942,,35.62,1008.987031,50.31640625,237.125,1.0625,-7.5625,0.15,1.25,9.7,-0.0625,-0.125,0.125,63,,stopped,0,0,20,
2026-08-06T13:06:18.335,387.467,selfie,35.9193573,139.9093211,23.582,0.005144444,TRUE,29,1,35.91912968,139.9091972,27.65992808,,35.48,1008.754922,50.32324219,237.125,1.0625,-7.5625,0.15,1.23,9.7,0,0.0625,0,63,,stopped,0,0,20,
2026-08-06T13:06:18.864,387.995,selfie,35.9193573,139.9093211,23.582,0.005144444,TRUE,29,1,35.91912968,139.9091972,27.65992808,,35.48,1008.754922,50.32324219,237.125,1.0625,-7.5625,0.16,1.23,9.69,0.125,-0.0625,0.125,63,,stopped,0,0,20,
2026-08-06T13:06:19.364,388.496,selfie,35.9193572,139.909321,23.517,0.005144444,TRUE,29,1,35.91912968,139.9091972,27.64672645,,35.66,1009.015508,50.28515625,237.125,1.0625,-7.5625,0.15,1.24,9.69,0,0.125,-0.125,63,,stopped,0,0,20,
2026-08-06T13:06:19.865,388.996,selfie,35.9193572,139.909321,23.517,0.005144444,TRUE,29,1,35.91912968,139.9091972,27.64672645,,35.66,1009.015508,50.28515625,237.125,1.0625,-7.5625,0.16,1.24,9.7,0,-0.0625,0.125,63,,stopped,0,0,20,
2026-08-06T13:06:20.365,389.497,selfie,35.9193573,139.9093206,23.485,0.005144444,TRUE,29,1,35.91912968,139.9091972,27.64240017,,35.67,1009.058828,50.22753906,237.125,1.0625,-7.5625,0.16,1.23,9.67,0,0,-0.0625,63,,stopped,0,0,20,
2026-08-06T13:06:20.865,389.997,selfie,35.9193573,139.9093206,23.485,0.005144444,TRUE,29,1,35.91912968,139.9091972,27.64240017,,35.67,1009.058828,50.22753906,237.125,1.0625,-7.5625,1.43,1.25,9.7,0.0625,0.0625,-0.0625,63,,stopped,0,0,20,
2026-08-06T13:06:21.366,390.497,selfie,35.9193573,139.9093204,23.463,0.005144444,TRUE,29,1,35.91912968,139.9091972,27.63456147,,31.73,1002.959492,50.12109375,237.125,1.0625,-7.5625,0.16,1.24,9.69,0,0,0.0625,63,,stopped,0,0,20,
2026-08-06T13:06:21.867,390.999,selfie,35.9193573,139.9093204,23.463,0.005144444,TRUE,29,1,35.91912968,139.9091972,27.63456147,,31.73,1002.959492,50.12109375,237.125,1.0625,-7.5625,0.18,1.23,9.69,0,0,0.0625,63,,stopped,0,0,20,
2026-08-06T13:06:22.367,391.499,selfie,35.91935768,139.9093203,23.448,0.005144444,TRUE,29,1,35.91912968,139.9091972,27.66999683,,35.68,1008.973086,50.1484375,237.125,1.0625,-7.5625,0.16,1.24,9.64,0.0625,0,0,63,,stopped,0,0,20,
2026-08-06T13:06:22.868,391.999,selfie,35.91935768,139.9093203,23.448,0.005144444,TRUE,29,1,35.91912968,139.9091972,27.66999683,,35.68,1008.973086,50.1484375,237.125,1.0625,-7.5625,0.15,1.24,9.71,0,-0.0625,0.0625,63,,stopped,0,0,20,
2026-08-06T13:06:23.368,392.5,selfie,35.9193578,139.9093199,23.452,0.005144444,TRUE,29,1,35.91912968,139.9091972,27.66747885,,35.7,1008.961875,50.10351563,237.125,1.0625,-7.5625,0.15,1.24,9.68,0.125,0.1875,0,63,,stopped,0,0,20,
2026-08-06T13:06:23.869,393,selfie,35.9193578,139.9093199,23.452,0.005144444,TRUE,29,1,35.91912968,139.9091972,27.66747885,,35.7,1008.961875,50.10351563,237.125,1.0625,-7.5625,0.16,1.24,9.66,0.0625,0,0,63,,stopped,0,0,20,
2026-08-06T13:06:24.369,393.501,selfie,35.91935818,139.9093196,23.464,0.005144444,TRUE,29,1,35.91912968,139.9091972,27.69639713,,35.71,1009.032539,50.10449219,237.125,1.0625,-7.5,0.38,0.88,9.92,-1.375,1.125,-0.1875,63,,stopped,0,0,20,
2026-08-06T13:06:24.869,394.001,selfie,35.91935818,139.9093196,23.464,0.005144444,TRUE,29,1,35.91912968,139.9091972,27.69639713,,35.71,1009.032539,50.10449219,237.125,1.0625,-7.5625,0.16,0.77,9.5,-0.5625,0.0625,0.4375,63,,stopped,0,0,20,
2026-08-06T13:06:25.370,394.501,selfie,35.91935858,139.9093192,23.541,0.005144444,TRUE,29,1,35.91912968,139.9091972,27.72231509,,35.72,1009.048398,50.09375,237.125,1,-7.5625,0.15,1.22,9.65,0.4375,0.1875,0.0625,63,,stopped,0,0,20,
2026-08-06T13:06:25.871,395.003,selfie,35.91935858,139.9093192,23.541,0.005144444,TRUE,29,1,35.91912968,139.9091972,27.72231509,,35.72,1009.048398,50.09375,237.125,1,-7.5625,0.13,1.23,9.76,0.4375,-0.1875,0.0625,63,,stopped,0,0,20,
2026-08-06T13:06:26.372,395.504,selfie,35.9193591,139.9093191,23.578,0.005144444,TRUE,29,1,35.91912968,139.9091972,27.7721039,,35.72,1008.97418,50.07128906,237.125,1,-7.375,0.16,1.28,9.77,0.1875,-0.125,0.0625,63,,stopped,0,0,20,
2026-08-06T13:06:26.873,396.004,selfie,35.9193591,139.9093191,23.578,0.005144444,TRUE,29,1,35.91912968,139.9091972,27.7721039,,35.72,1008.97418,50.07128906,237.125,1,-7.375,0.2,1.39,9.77,-0.1875,0.25,0.1875,63,,stopped,0,0,20,
2026-08-06T13:06:27.374,396.506,selfie,35.91935948,139.9093188,23.626,0,TRUE,29,1,35.91912968,139.9091972,27.80001725,,35.74,1008.99832,49.97949219,237.125,1,-7.375,0.15,1.4,9.71,0.3125,-0.0625,-0.0625,60,,stopped,0,0,20,
2026-08-06T13:06:27.874,397.006,selfie,35.91935948,139.9093188,23.626,0,TRUE,29,1,35.91912968,139.9091972,27.80001725,,35.72,1009.021016,50.03515625,237.125,1,-7.4375,0.2,1.35,9.72,0.625,0,0.125,60,,stopped,0,0,20,
2026-08-06T13:06:28.375,397.506,selfie,35.91936018,139.9093183,23.684,0,TRUE,29,1,35.91912968,139.9091972,27.85391933,,35.72,1009.021016,50.03515625,237.125,1,-7.5,0.14,1.17,9.62,-0.75,0,-0.0625,188,,stopped,0,0,20,
2026-08-06T13:06:28.875,398.007,selfie,35.91936018,139.9093183,23.684,0,TRUE,29,1,35.91912968,139.9091972,27.85391933,,35.71,1009.005156,50.06933594,237.125,1,-7.5,0.06,1.2,9.51,0.625,0,0.0625,60,,stopped,0,0,20,
2026-08-06T13:06:29.376,398.507,selfie,35.91936058,139.9093179,23.732,0.005144444,TRUE,29,1,35.91912968,139.9091972,27.88079026,,35.73,1009.017773,50.02539063,237.125,1,-7.5,0.14,1.29,9.69,0.125,0.0625,-0.125,252,,stopped,0,0,20,
2026-08-06T13:06:29.876,399.007,selfie,35.91936058,139.9093179,23.732,0.005144444,TRUE,29,1,35.91912968,139.9091972,27.88079026,,35.73,1009.017773,50.02539063,237.125,1,-7.5,0.16,1.29,9.68,0.0625,-0.125,0,252,,stopped,0,0,20,
2026-08-06T13:06:30.376,399.508,gnss_navigation,35.91936098,139.9093177,23.779,0.005144444,TRUE,29,1,35.91912968,139.9091972,27.91533215,202.8779247,35.72,1009.028945,50.04785156,189.5625,-1.8125,-10.5625,1.54,0.49,11.49,-55,59.1875,38.6875,60,-13.31542473,forward,63.34952423,76.65047577,20,
2026-08-06T13:06:30.877,400.008,gnss_navigation,35.91936098,139.9093177,23.779,0.005144444,TRUE,29,1,35.91912968,139.9091972,27.91533215,202.8779247,35.72,1009.028945,50.04785156,187.5625,-2.5,-7.3125,-3.54,-12.13,19.63,43.25,10.875,24.75,124,-15.31542473,forward,82.99952423,57.00047577,20,
2026-08-06T13:06:31.377,400.509,gnss_navigation,35.9193578,139.9093173,23.798,0.113177778,TRUE,29,1,35.91912968,139.9091972,27.57481214,203.0920315,35.72,1009.021016,49.89550781,192.8125,-2.1875,-9.0625,0.21,-0.75,6.22,-109.5625,28.3125,11.9375,124,-10.2795315,forward,100,38.86641022,20,
2026-08-06T13:06:31.877,401.009,gnss_navigation,35.9193578,139.9093173,23.798,0.113177778,TRUE,29,1,35.91912968,139.9091972,27.57481214,203.0920315,35.72,1009.021016,49.89550781,192.625,-2.125,-10.0625,2.7,4.72,-0.28,-109.625,-4.9375,0.9375,124,-10.4670315,forward,78.04608978,61.95391022,20,
2026-08-06T13:06:32.378,401.509,gnss_navigation,35.91935568,139.909317,23.857,0.442422222,TRUE,29,1,35.91912968,139.9091972,27.34779535,203.2333671,35.72,1009.021016,49.87304688,214.125,-1.375,-9,-8.75,-8.52,9,-0.6875,-171.375,-78.4375,124,10.89163289,forward,9.923625197,100,20,
2026-08-06T13:06:32.880,402.011,gnss_navigation,35.91935568,139.909317,23.857,0.442422222,TRUE,29,1,35.91912968,139.9091972,27.34779535,203.2333671,35.72,1009.021016,49.87304688,217.6875,0.875,-9.1875,2.35,5.55,3.88,-130.4375,-25.125,38.9375,124,14.45413289,forward,56.0798752,83.9201248,20,
2026-08-06T13:06:33.381,402.513,gnss_navigation,35.91935258,139.9093152,23.897,0.457855556,TRUE,29,1,35.91912968,139.9091972,26.96710658,203.2058129,35.74,1009.080469,50.01367188,187.375,-2.9375,-8.25,-0.62,7.93,8.96,33.875,-56,7.9375,124,-15.83081289,forward,100,15.12580632,20,
2026-08-06T13:06:33.881,403.013,gnss_navigation,35.91935258,139.9093152,23.897,0.457855556,TRUE,29,1,35.91912968,139.9091972,26.96710658,203.2058129,35.74,1009.080469,50.01367188,188.5625,-2.8125,-6.0625,-3.89,-0.48,11.15,-29.75,47.5,-82.75,124,-14.64331289,forward,80.04919368,59.95080632,20,
2026-08-06T13:06:34.382,403.513,gnss_navigation,35.91934828,139.9093147,23.873,0.493866667,TRUE,29,1,35.91912968,139.9091972,26.51031813,203.5235648,35.72,1009.048398,49.80273438,210.0625,-0.5,-8,0.27,2.2,-0.27,-50.0625,-26.75,5.6875,60,6.538935202,forward,50.29590031,89.70409969,20,
2026-08-06T13:06:34.882,404.014,gnss_navigation,35.91934828,139.9093147,23.873,0.493866667,TRUE,29,1,35.91912968,139.9091972,26.51031813,203.5235648,35.72,1009.048398,49.80273438,209.3125,-0.625,-5.125,7.79,4,18.75,40.25,-29.6875,35.5,60,5.788935202,forward,66.11465031,73.88534969,20,
2026-08-06T13:06:35.383,404.514,gnss_navigation,35.91934298,139.9093136,23.875,0.730511111,TRUE,29,1,35.91912968,139.9091972,25.93082732,203.8426148,35.72,1009.056367,49.54785156,203.25,-0.9375,-6.25,1.86,9.2,18.9,150.75,-71.5625,-45.3125,124,-0.592614779,forward,50.52510184,89.47489816,20,
2026-08-06T13:06:35.883,405.015,gnss_navigation,35.91934298,139.9093136,23.875,0.730511111,TRUE,29,1,35.91912968,139.9091972,25.93082732,203.8426148,35.72,1009.056367,49.54785156,205.9375,0.5,-7.625,1.48,12.1,1.72,-63.8125,73.25,-11.75,124,2.094885221,forward,65.41885184,74.58114816,20,
2026-08-06T13:06:36.385,405.516,gnss_navigation,35.91933688,139.9093114,23.892,0.751088889,TRUE,29,1,35.91912968,139.9091972,25.23112544,204.0568685,33.17,1005.100117,50.05957031,204.375,-2,-9.125,-3.78,12.26,12.9,66.8125,-96.8125,-56.5,124,0.318131481,forward,44.41784182,95.58215818,20,
2026-08-06T13:06:36.886,406.018,gnss_navigation,35.91933688,139.9093114,23.892,0.751088889,TRUE,29,1,35.91912968,139.9091972,25.23112544,204.0568685,33.17,1005.100117,50.05957031,207.4375,-0.3125,-9.5,-1.42,0.05,14.33,-173.0625,21.375,-1.5625,124,3.380631481,forward,66.03034182,73.96965818,20,
2026-08-06T13:06:37.387,406.518,gnss_navigation,35.91933078,139.9093088,23.869,0.7408,TRUE,29,1,35.91912968,139.9091972,24.51577456,204.2002117,35.71,1009.005156,49.953125,204.625,-1.3125,-8.6875,1.22,7.33,8.29,64.9375,-89.5625,-56.6875,188,0.424788291,forward,55.17049482,84.82950518,20,
2026-08-06T13:06:37.887,407.019,gnss_navigation,35.91933078,139.9093088,23.869,0.7408,TRUE,29,1,35.91912968,139.9091972,24.51577456,204.2002117,35.71,1009.005156,49.953125,207.8125,0.625,-8.8125,3.84,-4.86,2.11,-122.875,86.9375,-19.25,60,3.612288291,forward,65.73924482,74.26075518,20,
2026-08-06T13:06:38.387,407.519,gnss_navigation,35.919325,139.9093065,23.907,0.709933333,TRUE,29,1,35.91912968,139.9091972,23.84442638,204.3797069,35.71,1009.032539,49.53417969,194.9375,-0.5625,-8.4375,13.23,10.02,14.98,67.75,-10.875,12.5625,124,-9.4422069,forward,98.34766937,41.65233063,20,
2026-08-06T13:06:38.888,408.019,gnss_navigation,35.919325,139.9093065,23.907,0.709933333,TRUE,29,1,35.91912968,139.9091972,23.84442638,204.3797069,35.71,1009.032539,49.53417969,195.3125,-1.1875,-9.25,-0.54,1.01,27.98,-123.875,5,-29.375,124,-9.0672069,forward,76.41641937,63.58358063,20,
2026-08-06T13:06:39.388,408.52,gnss_navigation,35.919319,139.9093049,23.884,0.699644444,TRUE,29,1,35.91912968,139.9091972,23.17772277,204.7360804,35.68,1008.965117,49.74121094,201.8125,-1.125,-8.4375,-7.3,-3.04,14.88,10.625,25.75,0.3125,124,-2.923580359,forward,74.55376552,65.44623448,20,
2026-08-06T13:06:39.889,409.02,gnss_navigation,35.919319,139.9093049,23.884,0.699644444,TRUE,29,1,35.91912968,139.9091972,23.17772277,204.7360804,35.68,1008.965117,49.74121094,202.0625,0.0625,-9.0625,3.19,0.96,9.62,30,57.125,-3.625,124,-2.673580359,forward,72.00376552,67.99623448,20,
2026-08-06T13:06:40.391,409.523,gnss_navigation,35.91931248,139.9093033,23.862,0.730511111,TRUE,30,1,35.91912968,139.9091972,22.46060084,205.1792135,35.72,1008.97418,49.79199219,214.9375,1.6875,-9.3125,1.26,3.69,-0.19,119.5625,1.25,-6.8125,124,9.758286521,forward,34.02636429,100,20,
2026-08-06T13:06:40.917,410.049,gnss_navigation,35.91931248,139.9093033,23.862,0.730511111,TRUE,30,1,35.91912968,139.9091972,22.46060084,205.1792135,35.72,1008.97418,49.79199219,215.1875,2.125,-9.1875,4.69,-6.49,21.74,-33.875,-11.6875,-2.75,124,10.00828652,forward,61.42636429,78.57363571,20,
2026-08-06T13:06:41.417,410.549,gnss_navigation,35.91930668,139.9093002,23.805,0.715077778,TRUE,30,1,35.91912968,139.9091972,21.75755416,205.2329232,35.73,1009.099922,49.77050781,214.0625,1.75,-8,-4.38,-8.98,6.13,176.4375,-55.1875,-18.8125,124,8.829576752,forward,26.43087078,100,20,
2026-08-06T13:06:41.918,411.049,gnss_navigation,35.91930668,139.9093002,23.805,0.715077778,TRUE,30,1,35.91912968,139.9091972,21.75755416,205.2329232,35.73,1009.099922,49.77050781,215,3.1875,-9.875,3.33,0.8,19.02,-133.5625,55.1875,14,124,9.767076752,forward,61.36837078,78.63162922,20,
2026-08-06T13:06:42.418,411.55,gnss_navigation,35.9193007,139.9092966,23.755,0.725366667,TRUE,31,1,35.91912968,139.9091972,21.01816377,205.2103829,35.72,1008.97418,49.69921875,202.6875,1,-9.75,0.58,7.65,0.39,-86.9375,-23.6875,-12,188,-2.522882868,forward,79.0613386,60.9386614,20,
2026-08-06T13:06:42.918,412.05,gnss_navigation,35.9193007,139.9092966,23.755,0.725366667,TRUE,31,1,35.91912968,139.9091972,21.01816377,205.2103829,35.72,1008.97418,49.69921875,203.1875,1.125,-8.5,-2.7,3.94,22.21,44.375,-7.125,0.0625,188,-2.022882868,forward,71.3238386,68.6761614,20,
2026-08-06T13:06:43.419,412.55,gnss_navigation,35.9192941,139.909294,23.692,0.7408,TRUE,30,1,35.91912968,139.9091972,20.25405799,205.4915868,35.74,1009.053086,49.66503906,187.4375,0.1875,-9.75,-0.58,2.39,6.17,85.8125,77.375,23.0625,124,-18.05408675,forward,100,10.35669371,20,
2026-08-06T13:06:43.919,413.051,gnss_navigation,35.9192941,139.909294,23.692,0.7408,TRUE,30,1,35.91912968,139.9091972,20.25405799,205.4915868,35.74,1009.053086,49.66503906,187.4375,1.0625,-8.125,9.83,0.4,19.71,53.0625,39.1875,-49.4375,124,-18.05408675,forward,78.36830629,61.63169371,20,
2026-08-06T13:06:44.420,413.551,gnss_navigation,35.9192874,139.9092938,23.587,0.745944444,TRUE,30,1,35.91912968,139.9091972,19.57686167,206.3864132,35.74,1008.99832,49.71191406,203.375,0.25,-9.25,1.72,1.06,5.41,-59.9375,7.25,-4.625,127,-3.011413241,forward,57.7870194,82.2129806,20,
2026-08-06T13:06:44.920,414.052,gnss_navigation,35.9192874,139.9092938,23.587,0.745944444,TRUE,30,1,35.91912968,139.9091972,19.57686167,206.3864132,35.74,1008.99832,49.71191406,205.125,0.3125,-9.875,1.49,7.9,3.09,109.6875,-64.3125,-12.25,127,-1.261413241,forward,69.0370194,70.9629806,20,
2026-08-06T13:06:45.421,414.552,gnss_navigation,35.91928078,139.9092931,23.513,0.7408,TRUE,30,1,35.91912968,139.9091972,18.89100967,207.2028141,35.75,1009.041563,49.67773438,197.4375,-1.6875,-10.1875,0.02,3.61,9.53,9.125,-47.625,14.0625,127,-9.765314115,forward,84.71538059,55.28461941,20,
2026-08-06T13:06:45.921,415.053,gnss_navigation,35.91928078,139.9092931,23.513,0.7408,TRUE,30,1,35.91912968,139.9091972,18.89100967,207.2028141,35.75,1009.041563,49.67773438,197.6875,-1.375,-8.625,-5.69,-9.42,9.75,-10.5,-122.5,-17.9375,127,-9.515314115,forward,76.69663059,63.30336941,20,
2026-08-06T13:06:46.422,415.553,gnss_navigation,35.919274,139.9092923,23.416,0.745944444,TRUE,30,1,35.91912968,139.9091972,18.19010508,208.0913279,35.72,1009.048398,49.70996094,214.75,0.8125,-10.375,0.45,6.3,2.41,25.125,15.8125,2.8125,63,6.658672129,forward,50.00600129,89.99399871,20,
2026-08-06T13:06:46.922,416.054,gnss_navigation,35.919274,139.9092923,23.416,0.745944444,TRUE,30,1,35.91912968,139.9091972,18.19010508,208.0913279,35.72,1009.048398,49.70996094,212.875,0,-9.375,-6.46,-0.8,11.71,-92.25,-35.6875,62.625,63,4.783672129,forward,69.66225129,70.33774871,20,
2026-08-06T13:06:47.422,416.554,gnss_navigation,35.91926738,139.9092902,23.36,0.751088889,TRUE,30,1,35.91912968,139.9091972,17.4521948,208.6766675,35.71,1009.032539,49.72070313,211.6875,2.6875,-10.1875,-0.75,0.11,10.68,-20.125,108.5625,22.9375,63,3.010832475,forward,56.8105623,83.1894377,20,
2026-08-06T13:06:47.923,417.054,gnss_navigation,35.91926738,139.9092902,23.36,0.751088889,TRUE,30,1,35.91912968,139.9091972,17.4521948,208.6766675,35.71,1009.032539,49.72070313,209.75,1.5,-10.6875,-4.82,-2.46,13.3,13.1875,-73.75,42.5625,63,1.073332475,forward,43.0668123,96.9331877,20,
2026-08-06T13:06:48.423,417.555,gnss_navigation,35.9192612,139.9092875,23.344,0.7408,TRUE,30,1,35.91912968,139.9091972,16.73343667,209.0804906,35.69,1009.035781,49.60253906,205.625,1.9375,-11.4375,-3.28,-1.82,8.45,9.4375,-59.875,24.125,191,-3.455490639,forward,65.31633402,74.68366598,20,
2026-08-06T13:06:48.959,418.09,gnss_navigation,35.9192612,139.9092875,23.344,0.7408,TRUE,30,1,35.91912968,139.9091972,16.73343667,209.0804906,35.69,1009.035781,49.60253906,204.8125,2.4375,-11.875,-4.2,7.01,9.62,30.1875,103.9375,18.5625,191,-4.267990639,forward,75.07883402,64.92116598,20,
2026-08-06T13:06:49.459,418.591,gnss_navigation,35.91925428,139.9092851,23.282,0.751088889,TRUE,30,1,35.91912968,139.9091972,15.95732113,209.7445219,35.67,1009.011953,49.72949219,205.9375,2.25,-11.25,-4.47,-5.88,23.35,98.6875,-84.375,-19.625,127,-3.807021927,forward,71.53314251,68.46685749,20,
2026-08-06T13:06:49.959,419.091,gnss_navigation,35.91925428,139.9092851,23.282,0.751088889,TRUE,30,1,35.91912968,139.9091972,15.95732113,209.7445219,35.67,1009.011953,49.72949219,207.375,2.6875,-11.0625,-0.82,5.42,14.72,14.0625,-97.375,-27.5,127,-2.369521927,forward,70.25189251,69.74810749,20,
2026-08-06T13:06:50.460,419.591,gnss_navigation,35.91924818,139.9092827,23.217,0.7408,TRUE,30,1,35.91912968,139.9091972,15.26190024,210.3034325,35.61,1008.970859,49.74511719,202.625,2,-9.5625,-1.11,-2.75,0.19,-22.8125,-19.75,2.9375,63,-7.678432531,forward,100,32.58563246,20,
2026-08-06T13:06:50.960,420.092,gnss_navigation,35.91924818,139.9092827,23.217,0.7408,TRUE,30,1,35.91912968,139.9091972,15.26190024,210.3034325,35.61,1008.970859,49.74511719,202.4375,1.625,-10.125,-0.05,-7.15,25.55,-42.4375,11.1875,-33.1875,63,-7.865932531,forward,74.81436754,65.18563246,20,
2026-08-06T13:06:51.461,420.592,gnss_navigation,35.91924218,139.9092808,23.135,0.653344444,TRUE,31,1,35.91912968,139.9091972,14.60077987,211.04481,35.66,1009.050859,49.75,210.5,1.6875,-12.0625,-1.74,1.93,5.01,-22.625,-53.5,-40.4375,255,-0.544809986,forward,60.24274602,79.75725398,20,
2026-08-06T13:06:51.961,421.093,gnss_navigation,35.91924218,139.9092808,23.135,0.653344444,TRUE,31,1,35.91912968,139.9091972,14.60077987,211.04481,35.66,1009.050859,49.75,212,1.625,-12.0625,0.14,10.2,7.95,47.8125,-33.125,-5.25,255,0.955190014,forward,64.46774602,75.53225398,20,
2026-08-06T13:06:52.461,421.593,gnss_navigation,35.91923608,139.9092787,23.082,0.668777778,TRUE,31,1,35.91912968,139.9091972,13.92259749,211.8123115,35.66,1008.996094,49.796875,213.625,2,-11.8125,0.25,-0.25,1.74,-91.75,-3.0625,-9.625,127,1.812688463,forward,45.22334799,94.77665201,20,
2026-08-06T13:06:52.962,422.093,gnss_navigation,35.91923608,139.9092787,23.082,0.668777778,TRUE,31,1,35.91912968,139.9091972,13.92259749,211.8123115,35.66,1008.996094,49.796875,214.4375,2.1875,-12.6875,-0.84,1.14,0.34,-48.875,64.125,35.9375,127,2.625188463,forward,66.36084799,73.63915201,20,
2026-08-06T13:06:53.462,422.594,gnss_navigation,35.9192296,139.9092756,22.992,0.761377778,TRUE,30,1,35.91912968,139.9091972,13.164405,212.439383,35.66,1009.04293,49.796875,217.4375,2.5,-10.875,0.14,-4.68,4.63,-1.5625,110.125,2.375,127,4.998116958,forward,40.23734923,99.76265077,20,
2026-08-06T13:06:53.963,423.095,gnss_navigation,35.9192296,139.9092756,22.992,0.761377778,TRUE,30,1,35.91912968,139.9091972,13.164405,212.439383,35.65,1009.007305,49.86621094,216.9375,2.0625,-11.6875,1.39,1.65,0.07,-4.6875,-16.8125,36.6875,127,4.498116958,forward,66.89984923,73.10015077,20,
2026-08-06T13:06:54.464,423.595,gnss_navigation,35.91922328,139.9092721,22.911,0.756233333,TRUE,30,1,35.91912968,139.9091972,12.40223874,212.9452494,35.65,1009.007305,49.86621094,211.25,2.75,-12.5625,-4.87,12.35,14.9,-30.4375,73.125,11.4375,255,-1.695249392,forward,58.25150643,81.74849357,20,
2026-08-06T13:06:54.964,424.096,gnss_navigation,35.91922328,139.9092721,22.911,0.756233333,TRUE,30,1,35.91912968,139.9091972,12.40223874,212.9452494,35.66,1009.015508,49.87792969,210.25,1.9375,-11.9375,-3.4,-5.29,7.64,-0.3125,-49.5625,35.0625,255,-2.695249392,forward,74.70150643,65.29849357,20,
2026-08-06T13:06:55.466,424.598,gnss_navigation,35.91921748,139.9092699,22.834,0.730511111,TRUE,30,1,35.91912968,139.9091972,11.75472643,213.8445114,35.66,1009.015508,49.87792969,221.5625,-0.0625,-12.75,1.52,4.35,0.81,111.75,-33.8125,-29.75,127,7.717988587,forward,22.51869951,100,20,
2026-08-06T13:06:55.966,425.098,gnss_navigation,35.91921748,139.9092699,22.834,0.730511111,TRUE,30,1,35.91912968,139.9091972,11.75472643,213.8445114,35.65,1009.026719,49.84277344,224.375,0.0625,-10.125,-5.1,-14.56,10.91,-99.25,15.3125,0.5,63,10.53048859,forward,60.23119951,79.76880049,20,
2026-08-06T13:06:56.467,425.598,gnss_navigation,35.9192119,139.9092667,22.783,0.709933333,TRUE,30,1,35.91912968,139.9091972,11.07910987,214.3949571,35.66,1008.941328,49.796875,209.5,0.25,-12.4375,3.4,10.84,7.67,-19.9375,-34.4375,15.125,127,-4.894957056,forward,90.56935913,49.43064087,20,
2026-08-06T13:06:56.967,426.099,gnss_navigation,35.9192119,139.9092667,22.783,0.709933333,TRUE,30,1,35.91912968,139.9091972,11.07910987,214.3949571,35.66,1008.941328,49.796875,208,-0.5625,-12.125,-7.26,5.28,16.07,-1.1875,98.875,-15.6875,191,-6.394957056,forward,74.83810913,65.16189087,20,
2026-08-06T13:06:57.471,426.602,gnss_navigation,35.9192058,139.9092632,22.759,0.715077778,TRUE,30,1,35.91912968,139.9091972,10.34210132,215.0768903,35.66,1009.078242,49.90136719,211.625,0.375,-10.8125,0.6,-1.63,-0.12,-109.375,-9,2.375,191,-3.451890271,forward,70.65346564,69.34653436,20,
2026-08-06T13:06:57.971,427.103,gnss_navigation,35.9192058,139.9092632,22.759,0.715077778,TRUE,30,1,35.91912968,139.9091972,10.34210132,215.0768903,35.66,1009.078242,49.90136719,212.0625,0,-13.25,-2.03,7.01,1.33,-70.1875,-47.1875,-4.6875,191,-3.014390271,forward,71.85971564,68.14028436,20,
2026-08-06T13:06:58.472,427.604,gnss_navigation,35.91919988,139.9092596,22.738,0.720222222,TRUE,30,1,35.91912968,139.9091972,9.618046981,215.7487217,35.66,1009.050859,49.92480469,221.5625,0,-11.25,1.6,2.2,13.15,53.375,-33.125,3.625,127,5.813778294,forward,34.96776222,100,20,
2026-08-06T13:06:58.973,428.104,gnss_navigation,35.91919988,139.9092596,22.738,0.720222222,TRUE,30,1,35.91912968,139.9091972,9.618046981,215.7487217,35.66,1009.050859,49.92480469,219.875,0.0625,-11.1875,-5.21,-2.4,14.68,-113.5,77.4375,78.875,63,4.126278294,forward,67.07401222,72.92598778,20,
2026-08-06T13:06:59.473,428.605,gnss_navigation,35.91919378,139.9092563,22.725,0.720222222,TRUE,30,1,35.91912968,139.9091972,8.89529422,216.7477954,35.66,1009.04293,50.11035156,216.8125,-0.0625,-10.8125,-0.62,-0.44,28.65,153.4375,29.125,-23.125,127,0.06470456,forward,49.35522736,90.64477264,20,
2026-08-06T13:06:59.973,429.105,gnss_navigation,35.91919378,139.9092563,22.725,0.720222222,TRUE,30,1,35.91912968,139.9091972,8.89529422,216.7477954,35.66,1009.04293,50.11035156,218.6875,0.125,-12.25,1.48,9.12,0.37,107.25,53.375,9.5,127,1.93970456,forward,66.24272736,73.75727264,20,
2026-08-06T13:07:00.474,429.605,gnss_navigation,35.9191883,139.9092524,22.72,0.725366667,TRUE,31,1,35.91912968,139.9091972,8.197045396,217.3306445,35.66,1009.653359,50.12207031,222.5625,0,-11.1875,0.3,-0.94,11.41,51.4375,11.125,-67.125,126,5.231855492,forward,34.44432261,100,20,
2026-08-06T13:07:00.974,430.106,gnss_navigation,35.9191883,139.9092524,22.72,0.725366667,TRUE,31,1,35.91912968,139.9091972,8.197045396,217.3306445,35.66,1009.653359,50.12207031,224.9375,0.25,-12.8125,-3.23,-1.78,18.1,-79.375,2.125,36.8125,126,7.606855492,forward,65.02076561,74.97923439,12.943,
2026-08-06T13:07:01.475,430.606,gnss_navigation,35.9191833,139.9092475,22.723,0.725366667,TRUE,30,1,35.91912968,139.9091972,7.487396056,217.2257467,35.68,1008.992539,50.26367188,230.6875,0.875,-10.8125,4.23,-11.13,6.63,-143,76.1875,-26.625,62,13.46175333,forward,71.77701561,68.22298439,20,
2026-08-06T13:07:01.975,431.107,gnss_navigation,35.9191833,139.9092475,22.723,0.725366667,TRUE,30,1,35.91912968,139.9091972,7.487396056,217.2257467,35.68,1008.992539,50.26367188,231.5,0.125,-11.5,-0.87,-7.03,18.7,54.875,39.1875,36.75,62,14.27425333,forward,59.58059733,80.41940267,3.887,
2026-08-06T13:07:02.475,431.607,gnss_navigation,35.9191785,139.9092423,22.703,0.730511111,TRUE,30,1,35.91912968,139.9091972,6.779309551,216.8034015,35.7,1009.071445,50.25390625,200.375,2.5,-10.8125,-1.48,-3.86,18.21,-99.3125,18.25,28.125,190,-16.42840152,forward,67.06184733,72.93815267,12,
2026-08-06T13:07:02.976,432.107,gnss_navigation,35.9191785,139.9092423,22.703,0.730511111,TRUE,30,1,35.91912968,139.9091972,6.779309551,216.8034015,35.7,1009.071445,50.25390625,201.0625,1.3125,-12.3125,-4.16,4.09,2.96,52.75,-79.25,-71.9375,190,-15.74090152,forward,79.23647121,60.76352879,10.359,
2026-08-06T13:07:03.476,432.608,gnss_navigation,35.919173,139.9092397,22.676,0.720222222,TRUE,30,1,35.91912968,139.9091972,6.152900489,218.4808095,35.7,1009.079375,50.17382813,221.6875,3.0625,-11.5625,6.75,-3.46,4.08,-132.4375,24.25,-29.3125,254,3.206690468,forward,59.66566767,80.33433233,10.407,
2026-08-06T13:07:03.977,433.108,gnss_navigation,35.919173,139.9092397,22.676,0.720222222,TRUE,30,1,35.91912968,139.9091972,6.152900489,218.4808095,35.7,1009.079375,50.17382813,223.9375,2.5,-12.875,-3.74,12.31,6.72,180.5,1.5,11.25,254,5.456690468,forward,66.82214763,73.17785237,10.502,
2026-08-06T13:07:04.477,433.608,gnss_navigation,35.91916768,139.9092362,22.691,0.709933333,TRUE,30,1,35.91912968,139.9091972,5.494365976,219.7319253,35.71,1009.005156,49.77832031,209.125,3,-11.375,-0.51,-1.2,0.71,-65.6875,1.8125,-34.5,62,-10.60692532,forward,95.37582973,44.62417027,8.835,
2026-08-06T13:07:04.977,434.109,gnss_navigation,35.91916768,139.9092362,22.691,0.709933333,TRUE,30,1,35.91912968,139.9091972,5.494365976,219.7319253,35.71,1009.005156,49.77832031,216,2.1875,-11.75,-0.99,6.56,15.64,51.125,94.0625,-75.8125,62,-3.731925321,forward,67.49179026,72.50820974,8.823,
2026-08-06T13:07:05.478,434.609,gnss_navigation,35.9191621,139.9092326,22.68,0.709933333,TRUE,30,1,35.91912968,139.9091972,4.811959959,221.4887974,35.71,1009.032539,49.84863281,220.625,5.4375,-12.5,3.64,-5.29,6.52,-52.4375,-68.875,-5.5625,254,-0.86379738,forward,71.70821805,68.29178195,8.586,
2026-08-06T13:07:05.978,435.11,gnss_navigation,35.9191621,139.9092326,22.68,0.709933333,TRUE,30,1,35.91912968,139.9091972,4.811959959,221.4887974,35.71,1009.032539,49.84863281,222.3125,5.5625,-12.5625,5.45,-5.22,6.94,-2.3125,-80.125,-26.375,254,0.82370262,forward,68.3410379,71.6589621,9.195,
2026-08-06T13:07:06.479,435.61,gnss_navigation,35.91915708,139.9092289,22.679,0.704788889,TRUE,30,1,35.91912968,139.9091972,4.175095024,223.1352641,35.71,1009.095273,50.34960938,214.3125,3.4375,-12.875,-4.05,5.51,16.72,-1.5625,-25.1875,44.75,254,-8.822764089,forward,65.7597879,74.2402121,7.743,
2026-08-06T13:07:06.979,436.11,gnss_navigation,35.91915708,139.9092289,22.679,0.704788889,TRUE,30,1,35.91912968,139.9091972,4.175095024,223.1352641,35.71,1009.095273,50.34960938,211.625,4.4375,-12.6875,-0.58,3.2,4.47,-73.1875,4.75,4.4375,254,-11.51026409,forward,80.98946127,59.01053873,7.435,
2026-08-06T13:07:07.479,436.611,gnss_navigation,35.9191512,139.9092258,22.743,0.704788889,TRUE,30,1,35.91912968,139.9091972,3.516382862,227.1251607,35.7,1008.997227,50.3828125,228.625,4.4375,-14.875,-0.76,8.47,10.23,88.9375,64.1875,54.0625,62,1.49983934,forward,70.14361996,69.85638004,7.796,
2026-08-06T13:07:07.980,437.111,gnss_navigation,35.9191512,139.9092258,22.743,0.704788889,TRUE,30,1,35.91912968,139.9091972,3.516382862,227.1251607,35.7,1008.997227,50.3828125,225.0625,3.3125,-14.3125,-0.89,12.4,16.89,11.6875,-86.5625,11.625,62,-2.06266066,forward,73.16887853,66.83112147,7.759,
2026-08-06T13:07:08.481,437.612,searching_goal,35.9191457,139.9092219,22.745,0.715077778,TRUE,30,1,35.91912968,139.9091972,2.850586373,,35.7,1009.044023,49.94042969,217.4375,4.3125,-13.1875,-3.53,9.94,1.09,-117.375,-44.375,7.4375,254,,stopped,0,0,6.38,
2026-08-06T13:07:08.984,438.116,searching_goal,35.9191457,139.9092219,22.745,0.715077778,TRUE,30,1,35.91912968,139.9091972,2.850586373,,35.7,1009.044023,49.94042969,217.125,4.125,-10.625,2.76,-1.04,-2.06,-53.75,-23.5625,-1.4375,254,,stopped,0,0,6.218,
2026-08-06T13:07:09.491,438.623,searching_goal,35.91913988,139.9092176,22.787,0.730511111,TRUE,30,1,35.91912968,139.9091972,2.16023088,,35.7,1009.079375,49.76660156,213,1.875,-8.25,0.17,1.28,9.67,0.0625,0.0625,0,190,,stopped,0,0,5.876,
2026-08-06T13:07:10.031,439.163,searching_goal,35.91913988,139.9092176,22.787,0.730511111,TRUE,30,1,35.91912968,139.9091972,2.16023088,,35.7,1009.079375,49.76660156,213,1.875,-8.25,1.45,1.29,9.68,-0.0625,0.125,0.0625,190,,stopped,0,0,5.871,
2026-08-06T13:07:10.532,439.663,searching_goal,35.91913848,139.9092167,22.78,0.2778,TRUE,30,1,35.91912968,139.9091972,2.011532866,,35.7,1009.051953,49.76660156,213,1.5625,-7.9375,0.18,1.28,9.69,0.0625,-0.1875,0.0625,190,,stopped,0,0,5.881,
2026-08-06T13:07:11.103,440.234,searching_goal,35.91913848,139.9092167,22.78,0.2778,TRUE,30,1,35.91912968,139.9091972,2.011532866,,35.7,1009.051953,49.76660156,213,1.5625,-7.9375,0.18,1.27,9.66,0.125,-0.125,0.0625,190,,stopped,0,0,5.873,
2026-08-06T13:07:11.603,440.735,searching_goal,35.91913808,139.9092165,22.807,0.159477778,TRUE,30,1,35.91912968,139.9091972,1.973068152,,35.71,1009.040469,49.70996094,213,1.5625,-7.9375,0.17,1.28,9.69,0,-0.0625,0.125,190,,stopped,0,0,5.87,
2026-08-06T13:07:12.135,441.267,searching_goal,35.91913808,139.9092165,22.807,0.159477778,TRUE,30,1,35.91912968,139.9091972,1.973068152,,35.71,1009.040469,49.70996094,213,1.5625,-7.9375,0.14,1.28,9.68,-0.0625,0.0625,-0.0625,190,,stopped,0,0,5.868,
2026-08-06T13:07:12.637,441.774,searching_goal,35.9191389,139.909216,22.84,0.128611111,TRUE,29,1,35.91912968,139.9091972,1.978990532,,35.72,1009.028945,49.58300781,213,1.5625,-7.9375,0.17,1.28,9.69,-0.125,-0.0625,0,190,,stopped,0,0,5.866,
2026-08-06T13:07:13.178,442.31,searching_goal,35.9191389,139.909216,22.84,0.128611111,TRUE,29,1,35.91912968,139.9091972,1.978990532,,35.72,1009.028945,49.58300781,213,1.5625,-7.9375,0.17,1.28,9.68,0.0625,0.0625,0,190,,stopped,0,0,5.871,
2026-08-06T13:07:13.685,442.816,searching_goal,35.91913998,139.9092163,22.837,0.0926,TRUE,24,1,35.91912968,139.9091972,2.066403565,,35.73,1009.045156,49.47949219,221,1.5625,-7.9375,0.16,1.26,9.7,-0.0625,0.0625,0.0625,190,,stopped,0,0,5.872,
2026-08-06T13:07:14.184,443.316,searching_goal,35.91913998,139.9092163,22.837,0.0926,TRUE,24,1,35.91912968,139.9091972,2.066403565,,35.73,1009.045156,49.47949219,213,1.5625,-7.9375,0.18,1.28,9.68,0,0.1875,0.0625,190,,stopped,0,0,5.876,
2026-08-06T13:07:14.694,443.826,searching_goal,35.91913998,139.9092163,22.837,0.056588889,TRUE,24,1,35.91912968,139.9091972,2.066403565,,35.74,1009.053086,49.50292969,213,1.5625,-7.9375,0.17,1.27,9.67,0,0,0.125,190,,stopped,0,0,5.859,
2026-08-06T13:07:15.204,444.336,searching_goal,35.91913998,139.9092163,22.837,0.056588889,TRUE,24,1,35.91912968,139.9091972,2.066403565,,35.74,1009.053086,49.50292969,213,1.5625,-7.9375,0.16,1.26,9.66,0.0625,0.0625,8,190,,stopped,0,0,5.854,
2026-08-06T13:07:15.705,444.836,selfie,35.91914008,139.9092163,22.836,0.015433333,TRUE,24,1,35.91912968,139.9091972,2.072587228,,31.85,1002.933242,49.375,213,1.5625,-7.9375,0.17,1.27,9.67,-0.125,-0.0625,0,190,,stopped,0,0,5.87,
2026-08-06T13:07:16.564,445.696,selfie,35.91914008,139.9092163,22.836,0.015433333,TRUE,24,1,35.91912968,139.9091972,2.072587228,,31.85,1002.933242,49.375,213,1.5625,-7.9375,0.2,1.27,9.67,0,8,-0.0625,190,,stopped,0,0,5.867,
2026-08-06T13:07:17.065,446.196,selfie,35.91914008,139.9092163,22.836,0.010288889,TRUE,27,1,35.91912968,139.9091972,2.072587228,,35.75,1009.068984,49.30566406,213,1.5625,-7.9375,0.17,1.25,9.71,0.1875,-0.0625,-0.0625,190,,stopped,0,0,5.864,
2026-08-06T13:07:17.632,446.764,selfie,35.91914008,139.9092163,22.836,0.010288889,TRUE,27,1,35.91912968,139.9091972,2.072587228,,35.75,1009.068984,49.30566406,213,1.5625,-7.9375,0.18,1.26,9.69,0,0,0.0625,190,,stopped,0,0,5.873,
2026-08-06T13:07:18.133,447.264,selfie,35.91914008,139.9092163,22.836,0.015433333,TRUE,27,1,35.91912968,139.9091972,2.072587228,,35.74,1009.061016,49.31738281,213,1.5625,-8,0.13,1.22,9.71,-0.1875,0,0.25,254,,stopped,0,0,5.878,
2026-08-06T13:07:18.633,447.765,selfie,35.91914008,139.9092163,22.836,0.015433333,TRUE,27,1,35.91912968,139.9091972,2.072587228,,35.74,1009.061016,49.31738281,213,1.5625,-8,0.11,1.3,9.61,-0.6875,0.1875,8.0625,254,,stopped,0,0,5.855,
2026-08-06T13:07:19.134,448.265,selfie,35.91914008,139.9092163,22.836,0.015433333,TRUE,27,1,35.91912968,139.9091972,2.072587228,,35.75,1009.049492,49.31835938,213,1.5625,-8,0.17,1.19,9.75,-0.8125,0,0,254,,stopped,0,0,5.867,
2026-08-06T13:07:19.634,448.766,selfie,35.91914008,139.9092163,22.836,0.015433333,TRUE,27,1,35.91912968,139.9091972,2.072587228,,35.75,1009.049492,49.31835938,213,1.5625,-8,0.18,1.4,9.79,-0.125,-0.1875,0,254,,stopped,0,0,5.881,
2026-08-06T13:07:20.135,449.266,selfie,35.91914008,139.9092163,22.835,0.015433333,TRUE,27,1,35.91912968,139.9091972,2.072587228,,35.78,1009.089531,49.39160156,213,1.5,-7.875,0.24,1.17,9.73,-0.125,-0.3125,0.0625,60,,stopped,0,0,5.857,
2026-08-06T13:07:20.635,449.767,selfie,35.91914008,139.9092163,22.835,0.015433333,TRUE,27,1,35.91912968,139.9091972,2.072587228,,35.78,1009.089531,49.39160156,213,1.4375,-7.875,0.1,1.22,9.6,-0.25,0.0625,0.125,60,,stopped,0,0,5.868,
2026-08-06T13:07:21.135,450.267,selfie,35.91914008,139.9092163,22.835,0.025722222,TRUE,27,1,35.91912968,139.9091972,2.072587228,,35.78,1009.042695,49.36816406,213,1.375,-7.875,0.22,1.28,9.82,0.0625,0.0625,0,60,,stopped,0,0,5.872,
2026-08-06T13:07:21.636,450.767,selfie,35.91914008,139.9092163,22.835,0.025722222,TRUE,27,1,35.91912968,139.9091972,2.072587228,,35.78,1009.042695,49.36816406,213,9.3125,-7.875,0.09,1.33,9.78,0.5625,0.125,-0.125,60,,stopped,0,0,5.876,
2026-08-06T13:07:22.136,451.268,selfie,35.91914008,139.9092163,22.834,0.020577778,TRUE,27,1,35.91912968,139.9091972,2.072587228,,35.79,1009.078008,49.34570313,212.9375,1.3125,-6.6875,0.1,0.8,9.6,-12.875,-1,-0.625,62,,stopped,0,0,2.783,
2026-08-06T13:07:22.636,451.768,selfie,35.91914008,139.9092163,22.834,0.020577778,TRUE,27,1,35.91912968,139.9091972,2.072587228,,35.79,1009.078008,49.34570313,213,1.3125,-6.0625,0.32,0.66,9.65,14.3125,-0.375,-3.0625,62,,stopped,0,0,2.819,
2026-08-06T13:07:23.137,452.268,selfie,35.91914008,139.9092163,22.834,0.015433333,TRUE,28,1,35.91912968,139.9091972,2.072587228,,35.81,1009.090625,49.30078125,212.5625,1.125,-7.0625,0.16,2.16,9.58,0.625,0,0.125,62,,stopped,0,0,5.84,
2026-08-06T13:07:23.637,452.769,selfie,35.91914008,139.9092163,22.834,0.015433333,TRUE,28,1,35.91912968,139.9091972,2.072587228,,35.81,1009.090625,49.30078125,212.5,1.1875,-6.6875,0.61,0.63,9.45,-3.3125,-1.125,0.625,62,,stopped,0,0,2.8,
2026-08-06T13:07:24.138,453.269,selfie,35.91914008,139.9092163,22.834,0.005144444,TRUE,28,1,35.91912968,139.9091972,2.072587228,,35.82,1009.079102,49.31445313,212.4375,1.1875,-6.375,0.16,1.11,9.7,0.125,-0.0625,-0.0625,62,,stopped,0,0,2.792,
2026-08-06T13:07:24.638,453.77,selfie,35.91914008,139.9092163,22.834,0.005144444,TRUE,28,1,35.91912968,139.9091972,2.072587228,,35.82,1009.079102,49.31445313,212.4375,1.1875,-6.375,0.17,1.1,9.71,0,-0.25,0.1875,62,,stopped,0,0,2.801,
2026-08-06T13:07:25.138,454.27,selfie,35.91914008,139.9092163,22.834,0.010288889,TRUE,28,1,35.91912968,139.9091972,2.072587228,,35.84,1009.07582,49.31542969,212.4375,1.1875,-6.375,0.16,1.1,9.71,8.0625,-0.125,0.125,62,,stopped,0,0,2.788,
2026-08-06T13:07:25.640,454.771,selfie,35.91914008,139.9092163,22.834,0.010288889,TRUE,28,1,35.91912968,139.9091972,2.072587228,,35.84,1009.07582,49.31542969,212.4375,9.1875,-6.375,0.19,1.1,9.73,-0.0625,-0.0625,0,62,,stopped,0,0,2.8,
2026-08-06T13:07:26.140,455.272,selfie,35.91914008,139.9092163,22.834,0.010288889,TRUE,28,1,35.91912968,139.9091972,2.072587228,,35.83,1009.067891,49.28027344,212.4375,1.1875,-6.375,0.16,1.1,9.73,0.0625,0.0625,0,62,,stopped,0,0,2.791,
2026-08-06T13:07:26.640,455.772,selfie,35.91914008,139.9092163,22.834,0.010288889,TRUE,28,1,35.91912968,139.9091972,2.072587228,,35.83,1009.067891,49.28027344,212.4375,1.1875,-6.375,0.16,1.11,9.74,-0.0625,-0.0625,0.125,62,,stopped,0,0,2.795,
2026-08-06T13:07:27.141,456.272,selfie,35.91914008,139.9092163,22.834,0.015433333,TRUE,29,1,35.91912968,139.9091972,2.072587228,,35.86,1009.060742,49.21386719,212.4375,1.1875,-6.375,0.15,1.11,9.72,0,0,0.0625,62,,stopped,0,0,2.785,
2026-08-06T13:07:27.641,456.773,selfie,35.91914008,139.9092163,22.834,0.015433333,TRUE,29,1,35.91912968,139.9091972,2.072587228,,35.86,1009.060742,49.21386719,212.4375,1.1875,-6.375,0.16,1.11,9.73,0,-0.0625,0,62,,stopped,0,0,2.784,
2026-08-06T13:07:28.142,457.273,selfie,35.91914008,139.9092163,22.834,0.010288889,TRUE,29,1,35.91912968,139.9091972,2.072587228,,35.86,1009.060742,49.19042969,212.4375,1.1875,-6.375,0.17,2.4,9.71,0,0.0625,0.0625,62,,stopped,0,0,2.788,
2026-08-06T13:07:28.642,457.773,selfie,35.91914008,139.9092163,22.834,0.010288889,TRUE,29,1,35.91912968,139.9091972,2.072587228,,35.86,1009.060742,49.19042969,212.4375,1.1875,-6.375,0.18,1.11,9.71,-0.0625,0,0.125,62,,stopped,0,0,2.79,
2026-08-06T13:07:29.142,458.274,selfie,35.91913998,139.9092165,22.776,0.010288889,TRUE,27,1,35.91912968,139.9091972,2.081418232,,33.42,1006.410781,49.20800781,212.4375,1.1875,-6.375,0.17,1.09,9.71,0,0.0625,0.0625,62,,stopped,0,0,2.791,
2026-08-06T13:07:29.643,458.774,selfie,35.91913998,139.9092165,22.776,0.010288889,TRUE,27,1,35.91912968,139.9091972,2.081418232,,33.42,1006.410781,49.20800781,212.4375,1.1875,-6.375,0.17,1.1,9.69,0,0,-0.0625,62,,stopped,0,0,2.799,
2026-08-06T13:07:30.143,459.275,selfie,35.9191396,139.9092168,22.699,0.010288889,TRUE,27,1,35.91912968,139.9091972,2.081133227,,35.87,1009.104336,49.3671875,212.4375,1.1875,-6.375,0.18,1.1,9.74,0.0625,-0.1875,0,62,,stopped,0,0,2.801,
2026-08-06T13:07:30.644,459.781,selfie,35.9191396,139.9092168,22.699,0.010288889,TRUE,27,1,35.91912968,139.9091972,2.081133227,,35.87,1009.104336,49.3671875,212.4375,1.1875,-6.375,0.15,1.1,9.72,0,-0.0625,-0.0625,62,,stopped,0,0,2.802,
2026-08-06T13:07:31.144,460.276,selfie,35.91913978,139.9092178,22.62,0.010288889,TRUE,28,1,35.91912968,139.9091972,2.168519392,,35.87,1009.068984,49.33105469,212.4375,1.1875,-6.375,0.14,1.09,9.7,0,-0.0625,-0.0625,62,,stopped,0,0,2.799,
2026-08-06T13:07:31.644,460.776,selfie,35.91913978,139.9092178,22.62,0.010288889,TRUE,28,1,35.91912968,139.9091972,2.168519392,,35.87,1009.068984,49.33105469,212.4375,1.1875,-6.375,0.15,1.12,9.69,-0.125,-0.1875,0.125,62,,stopped,0,0,2.786,
2026-08-06T13:07:32.145,461.276,selfie,35.91913998,139.9092186,22.528,0.005144444,TRUE,28,1,35.91912968,139.9091972,2.243028415,,35.83,1010.127969,49.37304688,212.4375,1.1875,-6.375,0.16,1.12,9.72,0.125,0,-0.125,62,,stopped,0,0,2.802,
2026-08-06T13:07:32.689,461.821,selfie,35.91913998,139.9092186,22.528,0.005144444,TRUE,28,1,35.91912968,139.9091972,2.243028415,,35.83,1010.127969,49.37304688,220.4375,1.1875,-6.375,0.15,1.11,9.72,-0.0625,0,0.0625,62,,stopped,0,0,2.795,
2026-08-06T13:07:33.190,462.322,selfie,35.91914028,139.9092191,22.472,0.005144444,TRUE,28,1,35.91912968,139.9091972,2.29878199,,35.88,1009.092813,49.42578125,212.4375,1.1875,-6.375,0.19,1.11,9.72,0,0.125,-0.125,62,,stopped,0,0,2.79,
2026-08-06T13:07:33.690,462.822,selfie,35.91914028,139.9092191,22.472,0.005144444,TRUE,28,1,35.91912968,139.9091972,2.29878199,,35.88,1009.092813,49.42578125,212.4375,1.1875,-6.375,1.45,1.1,9.72,0.0625,0.0625,0,62,,stopped,0,0,2.803,
2026-08-06T13:07:34.191,463.322,selfie,35.91914118,139.9092196,22.431,0.005144444,TRUE,28,1,35.91912968,139.9091972,2.389576795,,35.89,1009.073359,48.9609375,212.4375,1.1875,-6.375,0.16,1.1,9.72,0.125,0,0,62,,stopped,0,0,2.779,
2026-08-06T13:07:34.691,463.823,selfie,35.91914118,139.9092196,22.431,0.005144444,TRUE,28,1,35.91912968,139.9091972,2.389576795,,35.89,1009.073359,48.9609375,212.4375,1.1875,-6.375,0.18,1.1,9.71,-0.0625,0.125,0.0625,62,,stopped,0,0,2.789,
2026-08-06T13:07:35.192,464.323,selfie,35.91914238,139.9092203,22.34,0.005144444,TRUE,28,1,35.91912968,139.9091972,2.514230639,,35.89,1009.081289,49.40429688,212.4375,1.1875,-6.375,0.16,1.1,9.73,-0.0625,-0.0625,-0.125,62,,stopped,0,0,2.791,
2026-08-06T13:07:35.692,464.823,selfie,35.91914238,139.9092203,22.34,0.005144444,TRUE,28,1,35.91912968,139.9091972,2.514230639,,35.89,1009.081289,49.40429688,212.4375,1.1875,-6.375,0.16,1.1,9.72,0.0625,0.0625,-0.0625,62,,stopped,0,0,2.782,
2026-08-06T13:07:36.192,465.324,selfie,35.91914368,139.909221,22.251,0.005144444,TRUE,29,1,35.91912968,139.9091972,2.65012817,,35.9,1009.042695,49.49707031,212.4375,1.1875,-6.375,0.17,1.1,9.71,0,0.1875,-0.0625,62,,stopped,0,0,2.802,
2026-08-06T13:07:36.693,465.824,selfie,35.91914368,139.909221,22.251,0.005144444,TRUE,29,1,35.91912968,139.9091972,2.65012817,,35.9,1009.042695,49.49707031,212.4375,1.1875,-6.375,0.15,1.12,9.75,0,0.0625,0,62,,stopped,0,0,2.789,
2026-08-06T13:07:37.193,466.325,selfie,35.919145,139.9092211,22.16,0.005144444,TRUE,30,1,35.91912968,139.9091972,2.744574682,,35.9,1009.097461,49.47363281,212.4375,1.1875,-6.375,0.16,1.1,9.73,0,-0.0625,0,62,,stopped,0,0,2.789,
2026-08-06T13:07:37.694,466.826,selfie,35.919145,139.9092211,22.16,0.005144444,TRUE,30,1,35.91912968,139.9091972,2.744574682,,35.9,1009.097461,49.47363281,212.4375,1.1875,-6.375,0.17,1.11,9.7,0,0.0625,0,62,,stopped,0,0,2.786,
2026-08-06T13:07:38.194,467.326,selfie,35.91914588,139.909222,22.077,0.005144444,TRUE,30,1,35.91912968,139.9091972,2.869204164,,35.93,1009.047031,49.75585938,212.4375,1.1875,-6.375,0.15,1.1,9.72,0,-0.125,-0.0625,62,,stopped,0,0,2.784,
2026-08-06T13:07:38.695,467.827,selfie,35.91914588,139.909222,22.077,0.005144444,TRUE,30,1,35.91912968,139.9091972,2.869204164,,35.93,1009.047031,49.75585938,212.4375,1.1875,-6.375,0.16,1.11,9.71,0.0625,0.0625,-0.0625,62,,stopped,0,0,2.789,
2026-08-06T13:07:39.195,468.327,selfie,35.9191468,139.9092229,21.964,0.005144444,TRUE,30,1,35.91912968,139.9091972,2.99757423,,35.93,1009.027578,49.58203125,212.4375,1.1875,-6.375,0.19,1.1,9.72,-0.0625,0.0625,-0.125,62,,stopped,0,0,2.787,
2026-08-06T13:07:39.696,468.827,selfie,35.9191468,139.9092229,21.964,0.005144444,TRUE,30,1,35.91912968,139.9091972,2.99757423,,35.93,1009.027578,49.58203125,212.4375,1.1875,-6.375,0.15,1.09,9.73,0,-0.0625,0.0625,62,,stopped,0,0,2.793,
2026-08-06T13:07:40.196,469.328,selfie,35.91914798,139.9092234,21.875,0.005144444,TRUE,29,1,35.91912968,139.9091972,3.116761662,,35.96,1009.067578,49.63085938,212.4375,1.1875,-6.375,0.14,1.1,9.69,0.0625,0.0625,-0.0625,62,,stopped,0,0,2.786,
2026-08-06T13:07:40.697,469.828,selfie,35.91914798,139.9092234,21.875,0.005144444,TRUE,29,1,35.91912968,139.9091972,3.116761662,,35.96,1009.067578,49.63085938,212.4375,1.1875,-6.375,0.16,1.13,9.7,-0.0625,-0.0625,0.0625,62,,stopped,0,0,2.798,
2026-08-06T13:07:41.197,470.328,selfie,35.91914858,139.9092238,21.845,0.005144444,TRUE,30,1,35.91912968,139.9091972,3.187718261,,35.96,1009.048125,49.45800781,212.4375,1.1875,-6.375,0.16,1.1,9.75,0.0625,-0.0625,0.0625,62,,stopped,0,0,2.789,
2026-08-06T13:07:41.697,470.829,selfie,35.91914858,139.9092238,21.845,0.005144444,TRUE,30,1,35.91912968,139.9091972,3.187718261,,35.96,1009.048125,49.45800781,212.4375,1.1875,-6.375,0.15,1.1,9.73,0,-0.0625,-0.0625,62,,stopped,0,0,2.795,
2026-08-06T13:07:42.198,471.329,selfie,35.91914938,139.9092243,21.826,0.005144444,TRUE,30,1,35.91912968,139.9091972,3.280430311,,35.97,1009.063984,49.50488281,212.4375,1.1875,-6.375,0.14,1.1,9.7,0,-0.0625,-0.0625,62,,stopped,0,0,2.789,
2026-08-06T13:07:42.698,471.83,selfie,35.91914938,139.9092243,21.826,0.005144444,TRUE,30,1,35.91912968,139.9091972,3.280430311,,35.97,1009.063984,49.50488281,212.4375,1.1875,-6.375,0.14,2.37,9.72,0,-0.0625,0.125,62,,stopped,0,0,2.795,
2026-08-06T13:07:43.200,472.331,selfie,35.91914968,139.9092244,21.796,0.005144444,TRUE,30,1,35.91912968,139.9091972,3.308351107,,35.99,1009.068672,49.65820313,212.4375,1.1875,-6.375,0.15,1.12,9.71,0,-0.125,-0.0625,62,,stopped,0,0,2.789,
2026-08-06T13:07:43.704,472.836,selfie,35.91914968,139.9092244,21.796,0.005144444,TRUE,30,1,35.91912968,139.9091972,3.308351107,,35.99,1009.068672,49.65820313,212.4375,1.1875,-6.375,0.13,1.1,9.73,0.0625,-0.0625,0,62,,stopped,0,0,2.792,
2026-08-06T13:07:44.204,473.336,selfie,35.9191499,139.9092245,21.809,0.005144444,TRUE,30,1,35.91912968,139.9091972,3.331233949,,36.01,1009.037969,49.52050781,212.4375,1.1875,-6.375,0.17,1.1,9.7,0,-0.125,0,62,,stopped,0,0,2.799,
2026-08-06T13:07:44.705,473.836,selfie,35.9191499,139.9092245,21.809,0.005144444,TRUE,30,1,35.91912968,139.9091972,3.331233949,,36.01,1009.037969,49.52050781,212.4375,1.1875,-6.375,0.17,1.11,9.71,0,0.0625,0,62,,stopped,0,0,2.8,
2026-08-06T13:07:45.205,474.337,selfie,35.91914938,139.9092245,21.785,0.005144444,TRUE,30,1,35.91912968,139.9091972,3.292737904,,36.01,1009.037969,49.45117188,212.4375,1.1875,-6.375,0.17,1.1,9.73,0.0625,0,-0.0625,62,,stopped,0,0,2.787,
2026-08-06T13:07:45.706,474.837,selfie,35.91914938,139.9092245,21.785,0.005144444,TRUE,30,1,35.91912968,139.9091972,3.292737904,,36.01,1009.037969,49.45117188,212.4375,1.1875,-6.375,0.18,1.11,9.75,-0.0625,0,-0.125,62,,stopped,0,0,2.79,
2026-08-06T13:07:46.206,475.338,selfie,35.91914938,139.9092244,21.83,0.005144444,TRUE,30,1,35.91912968,139.9091972,3.286020103,,36.02,1009.06207,49.45214844,212.4375,1.1875,-6.375,0.14,1.12,9.73,0,0,-0.0625,62,,stopped,0,0,2.788,
2026-08-06T13:07:46.706,475.838,selfie,35.91914938,139.9092244,21.83,0.005144444,TRUE,30,1,35.91912968,139.9091972,3.286020103,,36.02,1009.06207,49.45214844,212.4375,1.1875,-6.375,0.18,1.11,9.74,0,0.125,-0.125,62,,stopped,0,0,2.794,
2026-08-06T13:07:47.207,476.338,selfie,35.91914898,139.9092242,21.856,0.005144444,TRUE,32,1,35.91912968,139.9091972,3.243014317,,35.63,1009.276758,49.44628906,212.4375,1.1875,-6.375,0.14,1.1,9.71,0.0625,0.0625,0,62,,stopped,0,0,2.799,
2026-08-06T13:07:47.707,476.839,selfie,35.91914898,139.9092242,21.856,0.005144444,TRUE,32,1,35.91912968,139.9091972,3.243014317,,35.63,1009.276758,49.44628906,212.4375,1.1875,-6.375,0.16,1.09,9.72,0.125,-0.1875,0,62,,stopped,0,0,2.804,
2026-08-06T13:07:48.208,477.339,selfie,35.91914918,139.9092242,21.847,0.005144444,TRUE,32,1,35.91912968,139.9091972,3.257773611,,36.03,1009.077969,49.41796875,212.4375,1.1875,-6.375,0.15,1.11,9.73,0,-0.125,0,62,,stopped,0,0,2.789,
2026-08-06T13:07:48.708,477.839,selfie,35.91914918,139.9092242,21.847,0.005144444,TRUE,32,1,35.91912968,139.9091972,3.257773611,,36.03,1009.077969,49.41796875,212.4375,1.1875,-6.375,0.16,1.1,9.74,0,0,0.0625,62,,stopped,0,0,2.788,
2026-08-06T13:07:49.208,478.34,selfie,35.9191487,139.9092249,21.707,0.005144444,TRUE,32,1,35.91912968,139.9091972,3.270077811,,36.04,1009.093828,49.41992188,212.4375,1.1875,-6.375,0.16,1.14,9.73,0.0625,-0.125,-0.0625,62,,stopped,0,0,2.779,
2026-08-06T13:07:49.709,478.84,selfie,35.9191487,139.9092249,21.707,0.005144444,TRUE,32,1,35.91912968,139.9091972,3.270077811,,36.04,1009.093828,49.41992188,212.4375,1.1875,-6.375,0.17,1.11,9.75,0.0625,-0.0625,-0.0625,62,,stopped,0,0,2.792,
2026-08-06T13:07:50.209,479.341,selfie,35.91914788,139.9092251,21.659,0.005144444,TRUE,32,1,35.91912968,139.9091972,3.226110111,,36.06,1009.063125,49.42089844,212.4375,1.1875,-6.375,0.16,1.1,9.74,-0.125,-0.125,0.0625,62,,stopped,0,0,2.784,
2026-08-06T13:07:50.709,479.841,selfie,35.91914788,139.9092251,21.659,0.005144444,TRUE,32,1,35.91912968,139.9091972,3.226110111,,36.06,1009.063125,49.42089844,212.4375,1.1875,-6.375,0.14,1.1,9.71,0.0625,0,0.0625,62,,stopped,0,0,2.783,
2026-08-06T13:07:51.210,480.341,selfie,35.91914698,139.909225,21.611,0.005144444,TRUE,32,1,35.91912968,139.9091972,3.157147269,,36.05,1009.11,49.43164063,212.4375,1.1875,-6.375,0.19,1.11,9.71,-0.0625,0.0625,-0.0625,62,,stopped,0,0,2.787,
2026-08-06T13:07:51.710,480.842,selfie,35.91914698,139.909225,21.611,0.005144444,TRUE,32,1,35.91912968,139.9091972,3.157147269,,36.05,1009.11,49.43164063,212.4375,1.1875,-6.375,0.16,1.1,9.72,-0.0625,0,0.0625,62,,stopped,0,0,2.789,
2026-08-06T13:07:52.211,481.342,selfie,35.91914658,139.9092251,21.568,0.005144444,TRUE,32,1,35.91912968,139.9091972,3.137451674,,36.04,1008.948867,49.41894531,212.4375,1.1875,-6.375,0.15,1.11,9.76,-0.0625,0.125,-0.0625,62,,stopped,0,0,2.785,
2026-08-06T13:07:52.711,481.843,selfie,35.91914658,139.9092251,21.568,0.005144444,TRUE,32,1,35.91912968,139.9091972,3.137451674,,36.04,1008.948867,49.41894531,212.4375,1.1875,-6.375,0.16,1.08,9.74,0,0,-0.0625,62,,stopped,0,0,2.794,
2026-08-06T13:07:53.211,482.343,selfie,35.9191457,139.9092248,21.565,0.005144444,TRUE,32,1,35.91912968,139.9091972,3.058846041,,36.01,1009.073633,49.42773438,212.4375,1.1875,-6.375,0.16,1.11,9.75,0.0625,-0.25,0.0625,62,,stopped,0,0,2.784,
2026-08-06T13:07:53.727,482.858,selfie,35.9191457,139.9092248,21.565,0.005144444,TRUE,32,1,35.91912968,139.9091972,3.058846041,,36.01,1009.073633,49.42773438,212.4375,1.1875,-6.375,0.19,1.1,9.72,-0.0625,-0.0625,0.0625,62,,stopped,0,0,2.784,
2026-08-06T13:07:54.227,483.359,selfie,35.91914418,139.9092243,21.554,0.005144444,TRUE,32,1,35.91912968,139.9091972,2.926150068,,36,1009.076875,49.42578125,212.4375,1.1875,-6.375,0.15,1.11,9.72,0,0,0.0625,62,,stopped,0,0,2.784,
2026-08-06T13:07:54.728,483.859,selfie,35.91914418,139.9092243,21.554,0.005144444,TRUE,32,1,35.91912968,139.9091972,2.926150068,,36,1009.076875,49.42578125,212.4375,1.1875,-6.375,0.16,1.11,9.71,0,0,-0.0625,62,,stopped,0,0,2.791,
2026-08-06T13:07:55.228,484.359,selfie,35.91914358,139.9092244,21.556,0.005144444,TRUE,34,1,35.91912968,139.9091972,2.896268546,,35.99,1009.013867,49.44921875,212.4375,1.1875,-6.375,0.17,1.1,9.72,0,0.0625,-0.125,62,,stopped,0,0,2.791,
2026-08-06T13:07:55.728,484.86,selfie,35.91914358,139.9092244,21.556,0.005144444,TRUE,34,1,35.91912968,139.9091972,2.896268546,,35.99,1009.013867,49.44921875,212.4375,1.1875,-6.375,0.17,1.12,9.75,0.0625,0,0,62,,stopped,0,0,2.783,
2026-08-06T13:07:56.229,485.36,selfie,35.9191427,139.9092241,21.557,0.005144444,TRUE,34,1,35.91912968,139.9091972,2.821840109,,35.97,1009.091406,49.47070313,212.4375,1.1875,-6.375,0.16,1.12,9.69,-0.125,0,0,62,,stopped,0,0,2.789,
2026-08-06T13:07:56.729,485.861,selfie,35.9191427,139.9092241,21.557,0.005144444,TRUE,34,1,35.91912968,139.9091972,2.821840109,,35.97,1009.091406,49.47070313,212.4375,1.1875,-6.375,0.17,1.1,9.71,0,-0.0625,0,62,,stopped,0,0,2.79,
2026-08-06T13:07:57.229,486.361,selfie,35.91914238,139.9092238,21.566,0.005144444,TRUE,34,1,35.91912968,139.9091972,2.781929584,,35.96,1009.020703,49.50390625,212.4375,1.1875,-6.375,0.15,1.13,9.72,0.0625,0,-0.125,62,,stopped,0,0,2.796,
2026-08-06T13:07:57.730,486.861,selfie,35.91914238,139.9092238,21.566,0.005144444,TRUE,34,1,35.91912968,139.9091972,2.781929584,,35.96,1009.020703,49.50390625,212.4375,9.1875,-6.375,0.18,1.11,9.73,0,0,-0.0625,62,,stopped,0,0,2.788,
2026-08-06T13:07:58.230,487.362,selfie,35.91914228,139.9092235,21.561,0.005144444,TRUE,34,1,35.91912968,139.9091972,2.751720584,,35.96,1009.075508,49.86523438,212.4375,1.1875,-6.375,0.17,1.12,9.74,0.125,0.125,0,62,,stopped,0,0,2.787,
2026-08-06T13:07:58.731,487.862,selfie,35.91914228,139.9092235,21.561,0.005144444,TRUE,34,1,35.91912968,139.9091972,2.751720584,,35.93,1009.101836,49.59375,212.4375,1.1875,-6.375,0.17,1.12,9.73,0,0,0.0625,62,,stopped,0,0,2.789,
2026-08-06T13:07:59.231,488.365,selfie,35.91914238,139.9092229,21.564,0.005144444,TRUE,34,1,35.91912968,139.9091972,2.712414408,,35.93,1009.101836,49.59375,212.4375,1.1875,-6.375,0.17,1.1,9.72,0,0,0,62,,stopped,0,0,2.804,
2026-08-06T13:07:59.731,488.863,selfie,35.91914238,139.9092229,21.564,0.005144444,TRUE,34,1,35.91912968,139.9091972,2.712414408,,35.92,1009.093906,49.61523438,212.4375,1.1875,-6.375,0.15,1.1,9.75,0.0625,0,0.125,62,,stopped,0,0,2.81,
2026-08-06T13:08:00.232,489.363,selfie,35.9191427,139.9092226,21.539,0.005144444,TRUE,34,1,35.91912968,139.9091972,2.706772971,,35.93,1010.225117,49.59375,212.4375,1.1875,-6.375,0.16,1.1,9.71,-0.0625,-0.0625,-0.0625,62,,stopped,0,0,2.791,
2026-08-06T13:08:00.732,489.864,selfie,35.9191427,139.9092226,21.539,0.005144444,TRUE,34,1,35.91912968,139.9091972,2.706772971,,35.93,1010.225117,49.59375,212.4375,1.1875,-6.375,0.15,1.12,9.72,-0.0625,-0.0625,0.0625,62,,stopped,0,0,2.789,
2026-08-06T13:08:01.233,490.364,selfie,35.91914338,139.9092225,21.564,0.005144444,TRUE,34,1,35.91912968,139.9091972,2.740663102,,35.91,1009.132813,49.7421875,212.4375,1.1875,-6.375,0.15,1.09,9.71,0,-0.0625,0,62,,stopped,0,0,2.788,
2026-08-06T13:08:01.750,490.881,selfie,35.91914338,139.9092225,21.564,0.005144444,TRUE,34,1,35.91912968,139.9091972,2.740663102,,35.91,1009.132813,49.7421875,212.4375,1.1875,-6.375,0.15,1.1,9.71,-0.0625,0.0625,0.0625,62,,stopped,0,0,2.78,
2026-08-06T13:08:02.250,491.382,selfie,35.91914428,139.9092222,21.571,0.005144444,TRUE,34,1,35.91912968,139.9091972,2.775569552,,35.91,1009.058594,49.75488281,212.4375,1.1875,-6.375,0.15,1.11,9.71,0,-0.0625,-0.0625,62,,stopped,0,0,2.792,
2026-08-06T13:08:02.751,491.882,selfie,35.91914428,139.9092222,21.571,0.005144444,TRUE,34,1,35.91912968,139.9091972,2.775569552,,35.91,1009.058594,49.75488281,212.4375,1.1875,-6.375,0.16,1.11,9.75,0,-0.125,0.0625,62,,stopped,0,0,2.798,
2026-08-06T13:08:03.251,492.383,selfie,35.91914528,139.9092224,21.558,0.010288889,TRUE,35,1,35.91912968,139.9091972,2.857519578,,35.91,1009.10543,49.71875,212.4375,1.1875,-6.375,0.18,1.11,9.69,0.0625,-0.125,0,62,,stopped,0,0,2.783,
2026-08-06T13:08:03.752,492.883,selfie,35.91914528,139.9092224,21.558,0.010288889,TRUE,35,1,35.91912968,139.9091972,2.857519578,,35.91,1009.10543,49.71875,212.4375,1.1875,-6.375,0.17,1.12,9.71,-0.0625,0.0625,-0.0625,62,,stopped,0,0,2.785,
2026-08-06T13:08:04.252,493.384,selfie,35.9191463,139.9092227,21.529,0.010288889,TRUE,35,1,35.91912968,139.9091972,2.94735813,,35.91,1009.085938,49.68554688,212.4375,9.1875,-6.375,0.17,2.4,9.72,-0.0625,-0.125,0,62,,stopped,0,0,2.789,
2026-08-06T13:08:04.752,493.884,selfie,35.9191463,139.9092227,21.529,0.010288889,TRUE,35,1,35.91912968,139.9091972,2.94735813,,35.91,1009.085938,49.68554688,212.4375,1.1875,-6.375,0.15,1.1,9.73,0,0,0.0625,62,,stopped,0,0,2.783,
2026-08-06T13:08:05.253,494.384,selfie,35.91914738,139.9092231,21.539,0.005144444,TRUE,35,1,35.91912968,139.9091972,3.051770659,,35.3,1008.22918,49.49121094,212.4375,1.1875,-6.375,0.16,1.11,9.72,0,0.0625,0.0625,62,,stopped,0,0,2.78,
2026-08-06T13:08:05.753,494.885,selfie,35.91914738,139.9092231,21.539,0.005144444,TRUE,35,1,35.91912968,139.9091972,3.051770659,,35.3,1008.22918,49.49121094,212.4375,1.1875,-6.375,0.17,1.12,9.72,0,0.0625,-0.0625,62,,stopped,0,0,2.779,
2026-08-06T13:08:06.254,495.385,selfie,35.9191487,139.9092235,21.515,0.005144444,TRUE,35,1,35.91912968,139.9091972,3.174957997,,35.94,1009.098555,49.79296875,212.4375,1.1875,-6.375,0.16,1.12,9.74,-0.0625,0,-0.125,62,,stopped,0,0,2.795,
2026-08-06T13:08:06.754,495.886,selfie,35.9191487,139.9092235,21.515,0.005144444,TRUE,35,1,35.91912968,139.9091972,3.174957997,,35.94,1009.098555,49.79296875,212.4375,1.1875,-6.375,0.17,1.11,9.72,-0.0625,-0.0625,-0.0625,62,,stopped,0,0,2.784,
2026-08-06T13:08:07.254,496.386,selfie,35.91914948,139.9092238,21.459,0.005144444,TRUE,35,1,35.91912968,139.9091972,3.254565504,,35.95,1009.106523,49.86328125,212.4375,1.1875,-6.375,0.16,1.12,9.73,-0.0625,-0.125,-0.125,62,,stopped,0,0,2.788,
2026-08-06T13:08:07.755,496.886,selfie,35.91914948,139.9092238,21.459,0.005144444,TRUE,35,1,35.91912968,139.9091972,3.254565504,,35.95,1009.106523,49.86328125,212.4375,1.1875,-6.375,0.15,1.1,9.76,-0.0625,-0.0625,0,62,,stopped,0,0,2.793,
2026-08-06T13:08:08.255,497.387,selfie,35.91915008,139.9092244,21.431,0.005144444,TRUE,35,1,35.91912968,139.9091972,3.338411942,,35.95,1009.059609,49.53710938,212.4375,1.1875,-6.375,0.16,1.11,9.74,0.0625,-0.125,0,62,,stopped,0,0,2.788,
2026-08-06T13:08:08.755,497.887,selfie,35.91915008,139.9092244,21.431,0.005144444,TRUE,35,1,35.91912968,139.9091972,3.338411942,,35.95,1009.059609,49.53710938,212.4375,1.1875,-6.375,0.17,1.11,9.74,-0.0625,-0.0625,0,62,,stopped,0,0,2.799,
2026-08-06T13:08:09.256,498.387,selfie,35.91915068,139.909225,21.373,0.005144444,TRUE,35,1,35.91912968,139.9091972,3.423408419,,35.95,1009.05168,50.20019531,212.4375,1.1875,-6.375,0.18,1.08,9.74,0.0625,0.125,0,62,,stopped,0,0,2.786,
2026-08-06T13:08:09.756,498.888,selfie,35.91915068,139.909225,21.373,0.005144444,TRUE,35,1,35.91912968,139.9091972,3.423408419,,35.95,1009.05168,50.20019531,212.4375,1.1875,-6.375,0.16,1.11,9.69,0,-0.0625,0,62,,stopped,0,0,2.78,
2026-08-06T13:08:10.257,499.388,selfie,35.91915098,139.9092252,21.328,0.005144444,TRUE,35,1,35.91912968,139.9091972,3.459353441,,35.98,1009.080195,49.796875,212.4375,1.1875,-6.375,0.16,1.1,9.72,0.125,0.125,0.0625,62,,stopped,0,0,2.782,
2026-08-06T13:08:10.757,499.889,selfie,35.91915098,139.9092252,21.328,0.005144444,TRUE,35,1,35.91912968,139.9091972,3.459353441,,35.98,1009.080195,49.796875,212.4375,1.1875,-6.375,0.17,1.11,9.72,0.0625,0.125,-0.0625,62,,stopped,0,0,2.788,
2026-08-06T13:08:11.259,500.394,selfie,35.91915088,139.9092257,21.289,0.005144444,TRUE,35,1,35.91912968,139.9091972,3.485881081,,36,1009.104297,49.80957031,212.4375,1.1875,-6.375,0.13,1.1,9.7,0.0625,-0.0625,0.0625,62,,stopped,0,0,2.795,
2026-08-06T13:08:11.758,500.89,selfie,35.91915088,139.9092257,21.289,0.005144444,TRUE,35,1,35.91912968,139.9091972,3.485881081,,36,1009.104297,49.80957031,212.4375,1.1875,-6.375,0.17,1.1,9.73,0,0,0.1875,62,,stopped,0,0,2.782,
2026-08-06T13:08:12.259,501.39,selfie,35.91915088,139.9092258,21.218,0.005144444,TRUE,35,1,35.91912968,139.9091972,3.492520164,,36,1008.967305,50.05371094,212.4375,1.1875,-6.375,0.16,1.13,9.7,0,0,0.1875,62,,stopped,0,0,2.78,
2026-08-06T13:08:12.759,501.891,selfie,35.91915088,139.9092258,21.218,0.005144444,TRUE,35,1,35.91912968,139.9091972,3.492520164,,36,1008.967305,50.05371094,212.4375,1.1875,-6.375,0.15,1.11,9.7,0,0.125,0.0625,62,,stopped,0,0,2.777,
2026-08-06T13:08:13.260,502.391,selfie,35.91915068,139.9092257,21.132,0.005144444,TRUE,35,1,35.91912968,139.9091972,3.4708806,,36.01,1009.073633,50.27734375,212.4375,1.1875,-6.375,0.14,1.1,9.75,0,0,0,62,,stopped,0,0,2.787,
2026-08-06T13:08:13.760,502.891,selfie,35.91915068,139.9092257,21.132,0.005144444,TRUE,35,1,35.91912968,139.9091972,3.4708806,,36.01,1009.073633,50.27734375,212.4375,1.1875,-6.375,1.45,1.09,9.71,0,0.0625,0,62,,stopped,0,0,2.793,
2026-08-06T13:08:14.260,503.392,selfie,35.91915068,139.9092257,21.075,0.005144444,TRUE,35,1,35.91912968,139.9091972,3.4708806,,36.02,1008.999336,50.40625,212.4375,1.1875,-6.375,0.17,1.1,9.69,0.0625,0,0.0625,62,,stopped,0,0,2.795,
2026-08-06T13:08:14.761,503.892,selfie,35.91915068,139.9092257,21.075,0.005144444,TRUE,35,1,35.91912968,139.9091972,3.4708806,,36.02,1008.999336,50.40625,212.4375,1.1875,-6.375,0.16,1.1,9.73,0,-0.0625,-0.0625,62,,stopped,0,0,2.786,
2026-08-06T13:08:15.261,504.393,selfie,35.9191505,139.9092258,20.947,0.005144444,TRUE,35,1,35.91912968,139.9091972,3.463892712,,36.03,1009.105352,50.4296875,212.4375,1.1875,-6.375,0.14,1.1,9.71,0,0.25,-0.125,62,,stopped,0,0,2.794,
2026-08-06T13:08:15.761,504.893,selfie,35.9191505,139.9092258,20.947,0.005144444,TRUE,35,1,35.91912968,139.9091972,3.463892712,,36.03,1009.105352,50.4296875,212.4375,1.1875,-6.375,0.14,1.09,9.73,0,0.0625,0,62,,stopped,0,0,2.785,
2026-08-06T13:08:16.262,505.393,selfie,35.91915008,139.9092256,20.881,0,TRUE,35,1,35.91912968,139.9091972,3.418484426,,35.88,1008.83832,50.50683594,212.4375,1.1875,-6.375,0.16,1.1,9.72,0.0625,-0.125,0,62,,stopped,0,0,2.793,
2026-08-06T13:08:16.762,505.894,selfie,35.91915008,139.9092256,20.881,0,TRUE,35,1,35.91912968,139.9091972,3.418484426,,35.88,1008.83832,50.50683594,212.4375,1.1875,-6.375,0.17,1.09,9.73,-0.0625,-0.0625,0,62,,stopped,0,0,2.785,
2026-08-06T13:08:17.263,506.394,selfie,35.91914978,139.909225,20.855,0.005144444,TRUE,35,1,35.91912968,139.9091972,3.355945378,,36.04,1009.066445,50.52539063,212.4375,1.1875,-6.375,0.15,1.12,9.73,0,0.0625,0,62,,stopped,0,0,2.784,
2026-08-06T13:08:17.763,506.895,selfie,35.91914978,139.909225,20.855,0.005144444,TRUE,35,1,35.91912968,139.9091972,3.355945378,,36.04,1009.066445,50.52539063,212.4375,1.1875,-6.375,0.16,1.1,9.74,0,0,-0.125,62,,stopped,0,0,2.784,
2026-08-06T13:08:18.263,507.395,selfie,35.91914938,139.9092242,20.875,0.005144444,TRUE,35,1,35.91912968,139.9091972,3.272617468,,36.06,1009.125898,50.66699219,212.4375,1.1875,-6.375,0.16,1.1,9.74,-0.125,0.1875,-0.125,62,,stopped,0,0,2.791,
2026-08-06T13:08:18.764,507.895,selfie,35.91914938,139.9092242,20.875,0.005144444,TRUE,35,1,35.91912968,139.9091972,3.272617468,,36.06,1009.125898,50.66699219,212.4375,1.1875,-6.375,0.16,1.09,9.74,0.0625,-0.125,-0.0625,62,,stopped,0,0,2.789,
2026-08-06T13:08:19.264,508.396,selfie,35.91914908,139.9092245,20.765,0.005144444,TRUE,35,1,35.91912968,139.9091972,3.270640541,,36.07,1009.114375,50.515625,212.4375,1.1875,-6.375,0.18,1.1,9.71,8.0625,0.25,0,62,,stopped,0,0,2.799,
2026-08-06T13:08:19.765,508.896,selfie,35.91914908,139.9092245,20.765,0.005144444,TRUE,35,1,35.91912968,139.9091972,3.270640541,,36.07,1009.114375,50.515625,212.4375,1.1875,-6.375,0.17,1.1,9.72,8,-0.125,0,62,,stopped,0,0,2.798,
2026-08-06T13:08:20.265,509.397,selfie,35.91914838,139.9092243,20.784,0.005144444,TRUE,35,1,35.91912968,139.9091972,3.207247033,,36.08,1009.04832,50.50585938,212.4375,1.1875,-6.375,0.15,1.12,9.73,0.0625,-0.125,0,62,,stopped,0,0,2.792,
2026-08-06T13:08:20.767,509.898,selfie,35.91914838,139.9092243,20.784,0.005144444,TRUE,35,1,35.91912968,139.9091972,3.207247033,,36.08,1009.04832,50.50585938,212.4375,1.1875,-6.375,0.16,1.11,9.72,-0.0625,0,0,62,,stopped,0,0,2.789,
2026-08-06T13:08:21.267,510.398,selfie,35.9191481,139.9092246,20.677,0.005144444,TRUE,35,1,35.91912968,139.9091972,3.206503156,,36.11,1009.068516,50.53222656,212.4375,1.1875,-6.375,0.14,1.12,9.72,0.0625,0.125,0.125,62,,stopped,0,0,2.787,
2026-08-06T13:08:21.767,510.899,selfie,35.9191481,139.9092246,20.677,0.005144444,TRUE,35,1,35.91912968,139.9091972,3.206503156,,36.11,1009.068516,50.53222656,212.4375,1.1875,-6.375,0.16,1.1,9.71,-0.125,0,-0.0625,62,,stopped,0,0,2.783,
2026-08-06T13:08:22.268,511.399,selfie,35.91914738,139.9092245,20.635,0.005144444,TRUE,35,1,35.91912968,139.9091972,3.149170135,,36.12,1009.029922,50.59179688,212.4375,1.1875,-6.375,0.14,1.1,9.73,0,-0.0625,0,62,,stopped,0,0,2.786,
2026-08-06T13:08:22.768,511.9,selfie,35.91914738,139.9092245,20.635,0.005144444,TRUE,35,1,35.91912968,139.9091972,3.149170135,,36.12,1009.029922,50.59179688,212.4375,1.1875,-6.375,0.17,1.1,9.72,0.0625,-0.0625,0,62,,stopped,0,0,2.793,
2026-08-06T13:08:23.269,512.4,selfie,35.91914708,139.9092251,20.583,0.005144444,TRUE,35,1,35.91912968,139.9091972,3.171064634,,36.14,1009.006836,50.60546875,220.4375,1.1875,-6.375,0.15,1.1,9.73,-0.0625,0.0625,-0.0625,62,,stopped,0,0,2.793,
2026-08-06T13:08:23.769,512.901,selfie,35.91914708,139.9092251,20.583,0.005144444,TRUE,35,1,35.91912968,139.9091972,3.171064634,,36.14,1009.006836,50.60546875,212.4375,9.1875,-6.375,0.16,1.09,9.71,-0.0625,8.125,0,62,,stopped,0,0,2.782,
2026-08-06T13:08:24.269,513.401,selfie,35.91914648,139.9092252,20.526,0.005144444,TRUE,35,1,35.91912968,139.9091972,3.138035269,,36.15,1009.014805,50.65234375,212.4375,1.1875,-6.375,0.16,1.1,9.72,0.0625,0.0625,0,62,,stopped,0,0,2.773,
2026-08-06T13:08:24.770,513.901,selfie,35.91914648,139.9092252,20.526,0.005144444,TRUE,35,1,35.91912968,139.9091972,3.138035269,,36.15,1009.014805,50.65234375,212.4375,1.1875,-6.375,0.19,1.1,9.74,0,0.125,0.0625,62,,stopped,0,0,2.772,
2026-08-06T13:08:25.270,514.402,selfie,35.91914598,139.9092258,20.465,0.005144444,TRUE,35,1,35.91912968,139.9091972,3.150516661,,36.17,1010.162617,50.70117188,212.4375,1.1875,-6.375,0.16,1.1,9.72,0,-0.0625,0.125,62,,stopped,0,0,2.777,
2026-08-06T13:08:25.771,514.902,selfie,35.91914598,139.9092258,20.465,0.005144444,TRUE,35,1,35.91912968,139.9091972,3.150516661,,36.18,1009.090117,50.75,212.4375,1.1875,-6.375,0.15,1.09,9.74,0,0,0,62,,stopped,0,0,2.791,
2026-08-06T13:08:26.271,515.403,selfie,35.91914578,139.9092265,20.42,0.005144444,TRUE,35,1,35.91912968,139.9091972,3.188505104,,36.18,1009.090117,50.75,212.4375,1.1875,-6.375,0.16,1.12,9.7,0.125,0.0625,-0.0625,62,,stopped,0,0,2.783,
2026-08-06T13:08:26.771,515.903,selfie,35.91914578,139.9092265,20.42,0.005144444,TRUE,35,1,35.91912968,139.9091972,3.188505104,,36.2,1009.059414,50.80859375,212.4375,1.1875,-6.375,0.15,1.11,9.74,-0.0625,0.0625,-0.0625,62,,stopped,0,0,2.777,
2026-08-06T13:08:27.272,516.403,selfie,35.91914578,139.909227,20.377,0.005144444,TRUE,35,1,35.91912968,139.9091972,3.225862636,,36.2,1009.031992,50.87890625,212.4375,1.1875,-6.375,0.16,1.11,9.73,0.125,-0.0625,-0.0625,62,,stopped,0,0,2.78,
2026-08-06T13:08:27.772,516.904,selfie,35.91914578,139.909227,20.377,0.005144444,TRUE,35,1,35.91912968,139.9091972,3.225862636,,36.2,1009.031992,50.87890625,212.4375,1.1875,-6.375,0.17,1.1,9.75,0,-0.125,0.0625,62,,stopped,0,0,2.787,
2026-08-06T13:08:28.273,517.404,selfie,35.91914588,139.9092277,20.333,0.005144444,TRUE,35,1,35.91912968,139.9091972,3.285827081,,36.21,1009.047852,50.28613281,212.4375,1.1875,-6.375,0.18,1.1,9.73,-0.0625,0.1875,-0.0625,62,,stopped,0,0,2.773,
2026-08-06T13:08:28.773,517.905,selfie,35.91914588,139.9092277,20.333,0.005144444,TRUE,35,1,35.91912968,139.9091972,3.285827081,,36.21,1009.047852,50.28613281,212.4375,1.1875,-6.375,0.18,1.12,9.74,-0.0625,0,-0.0625,62,,stopped,0,0,2.788,
2026-08-06T13:08:29.273,518.405,selfie,35.9191462,139.909228,20.307,0.005144444,TRUE,35,1,35.91912968,139.9091972,3.326505333,,36.23,1009.079922,50.85839844,212.4375,1.1875,-6.375,0.16,1.1,9.72,0,0,0,62,,stopped,0,0,2.779,
2026-08-06T13:08:29.774,518.905,selfie,35.9191462,139.909228,20.307,0.005144444,TRUE,35,1,35.91912968,139.9091972,3.326505333,,36.23,1009.079922,50.85839844,212.4375,1.1875,-6.375,0.17,1.11,9.73,-0.0625,0,0,62,,stopped,0,0,2.777,
2026-08-06T13:08:30.274,519.406,selfie,35.9191463,139.9092288,20.24,0.005144444,TRUE,35,1,35.91912968,139.9091972,3.392847307,,36.24,1009.040977,50.52246094,212.4375,9.1875,-6.375,0.18,1.1,9.71,0,-0.125,-0.0625,62,,stopped,0,0,2.783,
2026-08-06T13:08:30.775,519.906,selfie,35.9191463,139.9092288,20.24,0.005144444,TRUE,35,1,35.91912968,139.9091972,3.392847307,,36.24,1009.040977,50.52246094,212.4375,1.1875,-6.375,0.18,1.1,9.76,0,0,0.0625,62,,stopped,0,0,2.788,
2026-08-06T13:08:31.275,520.407,selfie,35.9191468,139.9092292,20.199,0.005144444,TRUE,35,1,35.91912968,139.9091972,3.453440881,,32.13,1002.62875,50.06054688,212.4375,9.1875,-6.375,0.18,1.11,9.74,0,-0.125,0,62,,stopped,0,0,2.78,
2026-08-06T13:08:31.776,520.907,selfie,35.9191468,139.9092292,20.199,0.005144444,TRUE,35,1,35.91912968,139.9091972,3.453440881,,32.13,1002.62875,50.06054688,212.4375,1.1875,-6.375,0.18,1.11,9.71,-0.0625,-0.125,-0.0625,62,,stopped,0,0,2.776,
2026-08-06T13:08:32.276,521.408,selfie,35.91914708,139.9092292,20.17,0.005144444,TRUE,35,1,35.91912968,139.9091972,3.470903834,,36.26,1009.045586,50.11816406,212.4375,1.1875,-6.375,0.17,1.11,9.74,-0.0625,-0.0625,-0.0625,62,,stopped,0,0,2.783,
2026-08-06T13:08:32.776,521.908,selfie,35.91914708,139.9092292,20.17,0.005144444,TRUE,35,1,35.91912968,139.9091972,3.470903834,,36.26,1009.045586,50.11816406,212.4375,1.1875,-6.375,0.17,1.11,9.73,-0.0625,-0.125,0.0625,62,,stopped,0,0,2.777,
2026-08-06T13:08:33.283,522.414,selfie,35.9191475,139.9092296,20.132,0.005144444,TRUE,35,1,35.91912968,139.9091972,3.527924875,,36.25,1009.029414,50.36132813,212.4375,1.1875,-6.375,0.17,1.1,9.73,-0.0625,0,0.125,62,,stopped,0,0,2.791,
2026-08-06T13:08:33.783,522.914,selfie,35.9191475,139.9092296,20.132,0.005144444,TRUE,35,1,35.91912968,139.9091972,3.527924875,,36.25,1009.029414,50.36132813,212.4375,1.1875,-6.375,0.17,1.1,9.73,0.125,-0.0625,0.0625,62,,stopped,0,0,2.784,
2026-08-06T13:08:34.283,523.415,selfie,35.9191481,139.9092298,20.156,0.005144444,TRUE,35,1,35.91912968,139.9091972,3.579345279,,36.25,1009.029414,50.15136719,212.4375,1.1875,-6.375,0.17,1.1,9.7,-0.125,0,-0.0625,62,,stopped,0,0,2.786,
2026-08-06T13:08:34.784,523.915,selfie,35.9191481,139.9092298,20.156,0.005144444,TRUE,35,1,35.91912968,139.9091972,3.579345279,,36.25,1009.029414,50.15136719,212.4375,1.1875,-6.375,0.16,1.11,9.72,0.0625,0.125,-0.0625,62,,stopped,0,0,2.785,
2026-08-06T13:08:35.284,524.416,selfie,35.9191487,139.9092298,20.185,0.005144444,TRUE,35,1,35.91912968,139.9091972,3.617929657,,36.24,1009.040977,49.82421875,212.4375,1.1875,-6.375,0.17,1.08,9.74,-0.0625,0,0.125,62,,stopped,0,0,2.783,
2026-08-06T13:08:35.785,524.916,selfie,35.9191487,139.9092298,20.185,0.005144444,TRUE,35,1,35.91912968,139.9091972,3.617929657,,36.24,1009.040977,49.82421875,212.4375,1.1875,-6.375,0.17,1.1,9.72,0.0625,0.125,0,62,,stopped,0,0,2.792,
2026-08-06T13:08:36.285,525.416,selfie,35.9191493,139.9092299,20.24,0.005144444,TRUE,35,1,35.91912968,139.9091972,3.664556226,,36.26,1009.026133,50.05957031,212.4375,1.1875,-6.375,0.14,1.11,9.71,-0.125,0,0,62,,stopped,0,0,2.783,
2026-08-06T13:08:36.827,525.959,selfie,35.9191493,139.9092299,20.24,0.005144444,TRUE,35,1,35.91912968,139.9091972,3.664556226,,36.26,1009.026133,50.05957031,212.4375,1.1875,-6.375,0.15,1.1,9.71,0.0625,0,-0.0625,62,,stopped,0,0,2.783,
2026-08-06T13:08:37.327,526.459,selfie,35.91914938,139.9092299,20.309,0.005144444,TRUE,35,1,35.91912968,139.9091972,3.670079375,,36.28,1009.104766,49.85253906,212.4375,1.1875,-6.375,0.16,1.11,9.71,0,-0.0625,0.1875,62,,stopped,0,0,2.794,
2026-08-06T13:08:37.828,526.959,selfie,35.91914938,139.9092299,20.309,0.005144444,TRUE,35,1,35.91912968,139.9091972,3.670079375,,36.28,1009.104766,49.85253906,212.4375,1.1875,-6.375,0.17,2.38,9.72,-0.0625,-0.1875,0,62,,stopped,0,0,2.786,
2026-08-06T13:08:38.328,527.46,selfie,35.91914948,139.9092298,20.403,0.005144444,TRUE,35,1,35.91912968,139.9091972,3.669518904,,36.28,1009.085273,49.9453125,212.4375,1.1875,-6.375,0.17,1.12,9.74,8.0625,0.0625,0,62,,stopped,0,0,2.794,
2026-08-06T13:08:38.829,527.96,selfie,35.91914948,139.9092298,20.403,0.005144444,TRUE,35,1,35.91912968,139.9091972,3.669518904,,36.28,1009.085273,49.9453125,212.4375,1.1875,-6.375,0.15,1.1,9.73,-0.0625,-0.0625,0.125,62,,stopped,0,0,2.785,
2026-08-06T13:08:39.329,528.46,selfie,35.91914938,139.9092298,20.467,0.005144444,TRUE,35,1,35.91912968,139.9091972,3.662858169,,36.3,1009.05457,50.08691406,212.4375,1.1875,-6.375,0.17,1.1,9.72,-0.0625,-0.125,0,62,,stopped,0,0,2.789,
2026-08-06T13:08:39.829,528.961,selfie,35.91914938,139.9092298,20.467,0.005144444,TRUE,35,1,35.91912968,139.9091972,3.662858169,,36.3,1009.05457,50.08691406,212.4375,1.1875,-6.375,0.16,1.1,9.72,0.0625,0.0625,0,62,,stopped,0,0,2.786,
2026-08-06T13:08:40.330,529.461,selfie,35.91914958,139.9092297,20.492,0.005144444,TRUE,35,1,35.91912968,139.9091972,3.66901415,,36.31,1009.078359,50.12304688,212.4375,1.1875,-6.375,0.16,1.09,9.71,0,-0.125,-0.0625,62,,stopped,0,0,2.784,
2026-08-06T13:08:40.830,529.962,selfie,35.91914958,139.9092297,20.492,0.005144444,TRUE,35,1,35.91912968,139.9091972,3.66901415,,36.31,1009.078359,50.12304688,212.4375,1.1875,-6.375,0.15,1.1,9.76,0.0625,-0.0625,0.0625,62,,stopped,0,0,2.78,
2026-08-06T13:08:41.330,530.462,selfie,35.9191493,139.9092295,20.563,0.005144444,TRUE,35,1,35.91912968,139.9091972,3.635675291,,36.32,1009.031484,50.22851563,212.4375,1.1875,-6.375,0.16,1.11,9.72,-0.0625,0.1875,-0.0625,62,,stopped,0,0,2.784,
2026-08-06T13:08:41.831,530.962,selfie,35.9191493,139.9092295,20.563,0.005144444,TRUE,35,1,35.91912968,139.9091972,3.635675291,,36.32,1009.031484,50.22851563,212.4375,1.1875,-6.375,0.17,1.1,9.73,-0.0625,-0.0625,0,62,,stopped,0,0,2.794,
2026-08-06T13:08:42.331,531.463,selfie,35.91914938,139.9092291,20.682,0.005144444,TRUE,35,1,35.91912968,139.9091972,3.613727645,,36.33,1009.075078,50.25390625,212.4375,1.1875,-6.375,0.16,1.11,9.7,0.0625,-0.1875,0.125,62,,stopped,0,0,2.796,
2026-08-06T13:08:42.832,531.963,selfie,35.91914938,139.9092291,20.682,0.005144444,TRUE,35,1,35.91912968,139.9091972,3.613727645,,36.33,1009.075078,50.25390625,212.4375,1.1875,-6.375,0.14,1.12,9.75,0.125,-0.1875,0.0625,62,,stopped,0,0,2.786,
2026-08-06T13:08:43.332,532.464,selfie,35.91914958,139.9092293,20.761,0.005144444,TRUE,35,1,35.91912968,139.9091972,3.640346794,,36.32,1009.039414,50.00878906,212.4375,1.1875,-6.375,0.15,1.11,9.69,0.0625,0,0,62,,stopped,0,0,2.781,
2026-08-06T13:08:43.832,532.964,selfie,35.91914958,139.9092293,20.761,0.005144444,TRUE,35,1,35.91912968,139.9091972,3.640346794,,36.32,1009.039414,50.00878906,220.4375,1.1875,-6.375,0.16,1.09,9.71,0.0625,0.125,0.0625,62,,stopped,0,0,2.782,
2026-08-06T13:08:44.333,533.464,selfie,35.91914978,139.9092292,20.801,0.005144444,TRUE,34,1,35.91912968,139.9091972,3.646787586,,36.33,1009.047656,49.63671875,212.4375,1.1875,-6.375,0.17,1.1,9.72,0,-0.0625,0.125,62,,stopped,0,0,2.785,
2026-08-06T13:08:44.858,533.99,selfie,35.91914978,139.9092292,20.801,0.005144444,TRUE,34,1,35.91912968,139.9091972,3.646787586,,36.33,1009.047656,49.63671875,212.4375,1.1875,-6.375,0.14,1.09,9.72,0,-0.0625,0,62,,stopped,0,0,2.786,
2026-08-06T13:08:45.359,534.491,selfie,35.91915008,139.9092287,20.871,0.005144444,TRUE,34,1,35.91912968,139.9091972,3.632054656,,36.33,1009.047656,49.49707031,212.4375,1.1875,-6.375,0.15,1.08,9.73,0,-0.0625,-0.0625,62,,stopped,0,0,2.77,
2026-08-06T13:08:45.860,534.991,selfie,35.91915008,139.9092287,20.871,0.005144444,TRUE,34,1,35.91912968,139.9091972,3.632054656,,36.33,1009.047656,49.49707031,212.4375,1.1875,-6.375,0.16,1.11,9.72,0,-0.0625,-0.0625,62,,stopped,0,0,2.78,
2026-08-06T13:08:46.370,535.502,selfie,35.91915028,139.9092282,20.957,0.005144444,TRUE,34,1,35.91912968,139.9091972,3.612226403,,36.33,1009.102461,49.35742188,212.4375,9.1875,-6.375,0.16,1.1,9.69,0,0,-0.0625,62,,stopped,0,0,2.788,
2026-08-06T13:08:46.871,536.002,selfie,35.91915028,139.9092282,20.957,0.005144444,TRUE,34,1,35.91912968,139.9091972,3.612226403,,36.33,1009.102461,49.35742188,212.4375,1.1875,-6.375,0.16,1.1,9.73,-0.125,0.0625,-0.0625,62,,stopped,0,0,2.787,
2026-08-06T13:08:47.371,536.503,selfie,35.9191505,139.9092277,21.045,0.005144444,TRUE,34,1,35.91912968,139.9091972,3.592998893,,36.33,1010.171641,49.17089844,212.4375,1.1875,-6.375,0.14,1.11,9.71,0,0,-0.125,62,,stopped,0,0,2.784,
2026-08-06T13:08:47.871,537.003,selfie,35.9191505,139.9092277,21.045,0.005144444,TRUE,34,1,35.91912968,139.9091972,3.592998893,,36.33,1010.171641,49.17089844,212.4375,1.1875,-6.375,0.16,1.1,9.72,0,-0.0625,-0.0625,62,,stopped,0,0,2.786,
2026-08-06T13:08:48.372,537.503,selfie,35.9191506,139.9092271,21.069,0.005144444,TRUE,34,1,35.91912968,139.9091972,3.557965688,,36.17,1008.847031,48.90917969,212.4375,1.1875,-6.375,0.16,1.12,9.71,0,0,0,62,,stopped,0,0,2.797,
2026-08-06T13:08:48.872,538.004,selfie,35.9191506,139.9092271,21.069,0.005144444,TRUE,34,1,35.91912968,139.9091972,3.557965688,,36.17,1008.847031,48.90917969,212.4375,1.1875,-6.375,0.17,1.12,9.72,-0.0625,-0.0625,0.0625,62,,stopped,0,0,2.787,
2026-08-06T13:08:49.373,538.504,selfie,35.91915038,139.9092268,21.085,0.005144444,TRUE,34,1,35.91912968,139.9091972,3.521772777,,36.32,1009.039414,48.82128906,212.4375,1.1875,-6.375,0.14,1.1,9.71,0,0.0625,0.0625,62,,stopped,0,0,2.777,
2026-08-06T13:08:49.873,539.005,selfie,35.91915038,139.9092268,21.085,0.005144444,TRUE,34,1,35.91912968,139.9091972,3.521772777,,36.32,1009.039414,48.82128906,212.4375,1.1875,-6.375,0.16,1.11,9.71,8,0.0625,-0.0625,62,,stopped,0,0,2.788,
2026-08-06T13:08:50.373,539.505,selfie,35.91915078,139.9092265,21.093,0.005144444,TRUE,34,1,35.91912968,139.9091972,3.530768519,,36.32,1009.086328,48.7265625,212.4375,1.1875,-6.375,0.17,1.11,9.71,0.125,0.125,0.125,62,,stopped,0,0,2.788,
2026-08-06T13:08:50.874,540.005,selfie,35.91915078,139.9092265,21.093,0.005144444,TRUE,34,1,35.91912968,139.9091972,3.530768519,,36.32,1009.086328,48.7265625,212.4375,1.1875,-6.375,0.18,1.11,9.73,-0.1875,-0.0625,-0.0625,62,,stopped,0,0,2.774,
2026-08-06T13:08:51.374,540.506,selfie,35.9191505,139.909226,21.094,0.005144444,TRUE,34,1,35.91912968,139.9091972,3.476192259,,36.33,1009.047656,48.81054688,212.4375,1.1875,-6.375,0.15,1.13,9.71,-0.0625,0.0625,-0.125,62,,stopped,0,0,2.788,
2026-08-06T13:08:51.875,541.006,selfie,35.9191505,139.909226,21.094,0.005144444,TRUE,34,1,35.91912968,139.9091972,3.476192259,,36.33,1009.047656,48.74023438,212.4375,1.1875,-6.375,0.16,2.38,9.77,0,0,-0.0625,62,,stopped,0,0,2.775,
2026-08-06T13:08:52.375,541.507,selfie,35.91915028,139.9092256,21.162,0.005144444,TRUE,34,1,35.91912968,139.9091972,3.433281682,,36.33,1009.047656,48.74023438,212.4375,1.1875,-6.375,0.15,1.1,9.72,0.0625,0.125,8,62,,stopped,0,0,2.776,
2026-08-06T13:08:52.875,542.007,selfie,35.91915028,139.9092256,21.162,0.005144444,TRUE,34,1,35.91912968,139.9091972,3.433281682,,36.32,1009.113711,48.7265625,212.4375,1.1875,-6.375,0.18,1.11,9.72,-0.0625,0.0625,-0.0625,62,,stopped,0,0,2.778,
2026-08-06T13:08:53.376,542.507,selfie,35.9191499,139.9092248,21.216,0.005144444,TRUE,34,1,35.91912968,139.9091972,3.352333475,,33.18,1004.188867,48.70800781,212.4375,1.1875,-6.375,0.16,1.1,9.73,0.0625,0.125,-0.0625,62,,stopped,0,0,2.785,
2026-08-06T13:08:53.876,543.008,selfie,35.9191499,139.9092248,21.216,0.005144444,TRUE,34,1,35.91912968,139.9091972,3.352333475,,33.18,1004.188867,48.70800781,212.4375,1.1875,-6.375,0.16,1.13,9.73,0.0625,0,-0.0625,62,,stopped,0,0,2.795,
2026-08-06T13:08:54.377,543.508,selfie,35.91914938,139.9092245,21.278,0.005144444,TRUE,34,1,35.91912968,139.9091972,3.292737904,,36.33,1009.11043,48.74023438,212.4375,1.1875,-6.375,0.16,1.12,9.7,0,0.0625,-0.125,62,,stopped,0,0,2.782,
2026-08-06T13:08:54.877,544.008,selfie,35.91914938,139.9092245,21.278,0.005144444,TRUE,34,1,35.91912968,139.9091972,3.292737904,,36.33,1009.11043,48.74023438,212.4375,1.1875,-6.375,0.16,1.11,9.7,0,0.0625,0,62,,stopped,0,0,2.774,
2026-08-06T13:08:55.377,544.509,selfie,35.91914888,139.909224,21.338,0.005144444,TRUE,34,1,35.91912968,139.9091972,3.222155331,,36.33,1009.11043,48.85644531,212.4375,1.1875,-6.375,0.18,1.09,9.72,0.0625,0.0625,0,62,,stopped,0,0,2.779,
2026-08-06T13:08:55.878,545.009,selfie,35.91914888,139.909224,21.338,0.005144444,TRUE,34,1,35.91912968,139.9091972,3.222155331,,36.33,1009.11043,48.85644531,212.4375,1.1875,-6.375,0.17,1.1,9.74,0.0625,0.0625,-0.125,62,,stopped,0,0,2.789,
2026-08-06T13:08:56.378,545.51,selfie,35.91914838,139.9092237,21.405,0.005144444,TRUE,34,1,35.91912968,139.9091972,3.165172386,,36.33,1009.020234,49.06640625,212.4375,1.1875,-6.375,0.15,1.13,9.75,-0.0625,0,-0.0625,62,,stopped,0,0,2.79,
2026-08-06T13:08:56.878,546.01,selfie,35.91914838,139.9092237,21.405,0.005144444,TRUE,34,1,35.91912968,139.9091972,3.165172386,,36.33,1009.020234,49.06640625,212.4375,1.1875,-6.375,0.15,1.11,9.73,-0.0625,-0.1875,0.0625,62,,stopped,0,0,2.787,
2026-08-06T13:08:57.379,546.51,selfie,35.91914758,139.9092231,21.496,0.005144444,TRUE,34,1,35.91912968,139.9091972,3.066160146,,36.34,1009.090938,49.11328125,212.4375,1.1875,-6.375,0.17,1.11,9.71,0.0625,0,0.1875,62,,stopped,0,0,2.79,
2026-08-06T13:08:57.879,547.011,selfie,35.91914758,139.9092231,21.496,0.005144444,TRUE,34,1,35.91912968,139.9091972,3.066160146,,36.34,1009.090938,49.11328125,212.4375,1.1875,-6.375,0.17,2.39,9.7,0,0.125,-0.0625,62,,stopped,0,0,2.786,
2026-08-06T13:08:58.380,547.511,selfie,35.91914728,139.9092228,21.58,0,TRUE,34,1,35.91912968,139.9091972,3.023966269,,36.11,1008.684883,49.38085938,212.4375,1.1875,-6.375,0.17,1.11,9.72,-0.0625,0.0625,0,62,,stopped,0,0,2.796,
2026-08-06T13:08:58.880,548.011,selfie,35.91914728,139.9092228,21.58,0,TRUE,34,1,35.91912968,139.9091972,3.023966269,,36.11,1008.684883,49.38085938,212.4375,1.1875,-6.375,0.16,1.1,9.71,0.0625,0,-0.125,62,,stopped,0,0,2.781,
2026-08-06T13:08:59.380,548.512,selfie,35.9191469,139.9092224,21.658,0,TRUE,34,1,35.91912968,139.9091972,2.970082393,,36.36,1009.103477,49.40722656,212.4375,1.1875,-6.375,0.16,1.09,9.72,0,-0.0625,0,62,,stopped,0,0,2.789,
2026-08-06T13:08:59.881,549.012,selfie,35.9191469,139.9092224,21.658,0,TRUE,34,1,35.91912968,139.9091972,2.970082393,,36.36,1009.103477,49.40722656,212.4375,1.1875,-6.375,0.16,1.1,9.69,0,-0.0625,0.0625,62,,stopped,0,0,2.782,
2026-08-06T13:09:00.381,549.513,selfie,35.91914648,139.9092223,21.71,0,TRUE,34,1,35.91912968,139.9091972,2.932326656,,36.36,1009.048672,49.53515625,212.4375,1.1875,-6.375,0.16,1.1,9.75,0.0625,0.0625,0.0625,62,,stopped,0,0,2.786,
2026-08-06T13:09:00.881,550.013,selfie,35.91914648,139.9092223,21.71,0,TRUE,34,1,35.91912968,139.9091972,2.932326656,,36.36,1009.048672,49.53515625,212.4375,1.1875,-6.375,0.16,1.1,9.71,0,0,-0.125,62,,stopped,0,0,2.791,
2026-08-06T13:09:01.382,550.513,selfie,35.9191463,139.9092218,21.836,0.005144444,TRUE,34,1,35.91912968,139.9091972,2.884662725,,36.37,1009.064531,49.81640625,212.4375,1.1875,-6.375,0.16,1.11,9.73,0,0.125,0.0625,62,,stopped,0,0,2.777,
2026-08-06T13:09:01.882,551.014,selfie,35.9191463,139.9092218,21.836,0.005144444,TRUE,34,1,35.91912968,139.9091972,2.884662725,,36.37,1009.064531,49.81640625,212.4375,1.1875,-6.375,0.16,1.1,9.71,-0.0625,0.1875,0.1875,62,,stopped,0,0,2.781,
2026-08-06T13:09:02.383,551.514,selfie,35.9191462,139.9092214,21.921,0.005144444,TRUE,34,1,35.91912968,139.9091972,2.851063883,,36.36,1009.103477,49.22070313,212.4375,1.1875,-6.375,0.16,1.1,9.72,0,0.0625,0,62,,stopped,0,0,2.779,
2026-08-06T13:09:02.883,552.014,selfie,35.9191462,139.9092214,21.921,0.005144444,TRUE,34,1,35.91912968,139.9091972,2.851063883,,36.36,1009.103477,49.22070313,212.4375,1.1875,-6.375,0.16,1.11,9.73,0,0,-0.0625,62,,stopped,0,0,2.779,
2026-08-06T13:09:03.383,552.515,selfie,35.91914608,139.9092212,22.041,0.005144444,TRUE,34,1,35.91912968,139.9091972,2.827784856,,36.38,1009.080391,49.3046875,212.4375,1.1875,-6.375,0.15,1.1,9.69,0.0625,0.125,0.125,62,,stopped,0,0,2.788,
2026-08-06T13:09:03.884,553.015,selfie,35.91914608,139.9092212,22.041,0.005144444,TRUE,34,1,35.91912968,139.9091972,2.827784856,,36.38,1009.080391,49.3046875,212.4375,1.1875,-6.375,0.17,1.09,9.73,0.0625,0,0.125,62,,stopped,0,0,2.788,
2026-08-06T13:09:04.384,553.516,selfie,35.91914598,139.9092208,22.129,0.005144444,TRUE,35,1,35.91912968,139.9091972,2.793123334,,36.39,1008.978672,49.29394531,212.4375,1.1875,-6.375,0.16,1.1,9.74,0.0625,0,0.0625,62,,stopped,0,0,2.788,
2026-08-06T13:09:04.884,554.016,selfie,35.91914598,139.9092208,22.129,0.005144444,TRUE,35,1,35.91912968,139.9091972,2.793123334,,36.39,1008.978672,49.29394531,212.4375,1.1875,-6.375,0.16,1.11,9.71,-0.0625,0.0625,0.0625,62,,stopped,0,0,2.783,
2026-08-06T13:09:05.385,554.516,selfie,35.91914538,139.9092201,22.223,0.005144444,TRUE,35,1,35.91912968,139.9091972,2.701886537,,36.42,1009.100898,49.25,212.4375,1.1875,-6.375,0.16,1.11,9.75,0,0,0.125,62,,stopped,0,0,2.784,
2026-08-06T13:09:05.901,555.033,selfie,35.91914538,139.9092201,22.223,0.005144444,TRUE,35,1,35.91912968,139.9091972,2.701886537,,36.42,1009.100898,49.25,220.4375,1.1875,-6.375,0.15,1.1,9.75,-0.0625,0,0,62,,stopped,0,0,2.784,
2026-08-06T13:09:06.402,555.534,selfie,35.91914458,139.9092198,22.316,0.005144444,TRUE,35,1,35.91912968,139.9091972,2.624275681,,36.43,1009.097266,49.20410156,212.4375,1.1875,-6.375,0.15,2.38,9.71,0.1875,0.0625,-0.0625,62,,stopped,0,0,2.796,
2026-08-06T13:09:06.903,556.034,selfie,35.91914458,139.9092198,22.316,0.005144444,TRUE,35,1,35.91912968,139.9091972,2.624275681,,36.43,1009.097266,49.20410156,212.4375,1.1875,-6.375,0.16,1.09,9.74,0,-0.0625,0.0625,62,,stopped,0,0,2.788,
2026-08-06T13:09:07.403,556.535,selfie,35.91914428,139.9092197,22.402,0.005144444,TRUE,35,1,35.91912968,139.9091972,2.596310171,,36.44,1009.058633,49.22949219,212.4375,1.1875,-6.375,0.19,2.38,9.73,-0.125,0,0,62,,stopped,0,0,2.778,
2026-08-06T13:09:07.903,557.035,selfie,35.91914428,139.9092197,22.402,0.005144444,TRUE,35,1,35.91912968,139.9091972,2.596310171,,36.44,1009.058633,49.22949219,212.4375,1.1875,-6.375,0.16,1.1,9.74,-0.0625,-0.0625,0,62,,stopped,0,0,2.782,
2026-08-06T13:09:08.404,557.536,selfie,35.9191438,139.9092198,22.471,0.005144444,TRUE,35,1,35.91912968,139.9091972,2.570172274,,36.46,1009.090352,49.24316406,212.4375,1.1875,-6.375,0.15,1.08,9.71,0,-0.0625,0.0625,62,,stopped,0,0,2.781,
2026-08-06T13:09:08.905,558.036,selfie,35.9191438,139.9092198,22.471,0.005144444,TRUE,35,1,35.91912968,139.9091972,2.570172274,,36.46,1009.090352,49.24316406,212.4375,1.1875,-6.375,0.16,1.1,9.74,0.0625,-0.1875,0.0625,62,,stopped,0,0,2.785,
2026-08-06T13:09:09.405,558.536,selfie,35.91914368,139.9092201,22.496,0.005144444,TRUE,35,1,35.91912968,139.9091972,2.583779567,,36.3,1008.835273,49.27246094,212.4375,1.1875,-6.375,0.16,1.11,9.72,0.0625,0.25,0,62,,stopped,0,0,2.782,
2026-08-06T13:09:09.905,559.037,selfie,35.91914368,139.9092201,22.496,0.005144444,TRUE,35,1,35.91912968,139.9091972,2.583779567,,36.3,1008.835273,49.27246094,212.4375,1.1875,-6.375,0.16,1.11,9.74,0,0,0,62,,stopped,0,0,2.775,
2026-08-06T13:09:10.406,559.537,selfie,35.91914368,139.9092202,22.518,0.005144444,TRUE,35,1,35.91912968,139.9091972,2.590972362,,36.48,1009.122695,49.23339844,212.4375,1.1875,-6.375,0.15,1.12,9.71,0.0625,-0.1875,-0.125,62,,stopped,0,0,2.778,
2026-08-06T13:09:10.906,560.038,selfie,35.91914368,139.9092202,22.518,0.005144444,TRUE,35,1,35.91912968,139.9091972,2.590972362,,36.48,1009.122695,49.23339844,212.4375,1.1875,-6.375,0.16,1.11,9.73,0,-0.0625,0.0625,62,,stopped,0,0,2.785,
2026-08-06T13:09:11.407,560.538,selfie,35.9191439,139.9092204,22.535,0.005144444,TRUE,35,1,35.91912968,139.9091972,2.619858159,,36.48,1009.067852,49.25683594,212.4375,1.1875,-6.375,0.17,1.09,9.74,0,0,0.0625,62,,stopped,0,0,2.789,
2026-08-06T13:09:11.907,561.038,selfie,35.9191439,139.9092204,22.535,0.005144444,TRUE,35,1,35.91912968,139.9091972,2.619858159,,36.48,1009.067852,49.25683594,212.4375,1.1875,-6.375,0.18,1.13,9.74,0.125,-0.0625,-0.0625,62,,stopped,0,0,2.78,
2026-08-06T13:09:12.407,561.539,selfie,35.91914418,139.9092207,22.494,0.005144444,TRUE,35,1,35.91912968,139.9091972,2.660426017,,36.49,1009.111133,48.93164063,212.4375,1.1875,-6.375,0.17,1.1,9.73,0,-0.125,0,62,,stopped,0,0,2.779,
2026-08-06T13:09:12.908,562.039,selfie,35.91914418,139.9092207,22.494,0.005144444,TRUE,35,1,35.91912968,139.9091972,2.660426017,,36.49,1009.111133,48.93164063,212.4375,1.1875,-6.375,0.16,1.1,9.74,0,0.0625,0.1875,62,,stopped,0,0,2.786,
2026-08-06T13:09:13.408,562.54,selfie,35.91914428,139.909221,22.481,0.005144444,TRUE,35,1,35.91912968,139.9091972,2.689860753,,36.48,1009.122695,48.68652344,212.4375,1.1875,-6.375,0.16,1.07,9.75,0,0.0625,-0.0625,62,,stopped,0,0,2.783,
2026-08-06T13:09:13.963,563.095,selfie,35.91914428,139.909221,22.481,0.005144444,TRUE,35,1,35.91912968,139.9091972,2.689860753,,36.48,1009.122695,48.68652344,212.4375,1.1875,-6.375,0.16,1.12,9.76,0,-0.1875,-0.0625,62,,stopped,0,0,2.789,
2026-08-06T13:09:14.464,563.595,selfie,35.91914418,139.9092211,22.476,0.005144444,TRUE,34,1,35.91912968,139.9091972,2.689166377,,36.49,1009.08375,48.50097656,212.4375,1.1875,-6.375,0.15,2.4,9.69,0.0625,0.125,-0.0625,62,,stopped,0,0,2.783,
2026-08-06T13:09:14.964,564.096,selfie,35.91914418,139.9092211,22.476,0.005144444,TRUE,34,1,35.91912968,139.9091972,2.689166377,,36.49,1009.08375,48.50097656,212.4375,1.1875,-6.375,0.16,1.12,9.72,0.0625,-0.0625,0,62,,stopped,0,0,2.792,
2026-08-06T13:09:15.464,564.596,selfie,35.91914428,139.9092213,22.45,0.005144444,TRUE,34,1,35.91912968,139.9091972,2.710247893,,36.48,1009.150117,48.4296875,212.4375,1.1875,-6.375,0.14,1.11,9.74,0.0625,-0.125,0.0625,62,,stopped,0,0,2.785,
2026-08-06T13:09:15.965,565.096,selfie,35.91914428,139.9092213,22.45,0.005144444,TRUE,34,1,35.91912968,139.9091972,2.710247893,,36.48,1009.150117,48.4296875,212.4375,1.1875,-6.375,0.15,1.11,9.72,0.0625,0.125,-0.125,62,,stopped,0,0,2.78,
2026-08-06T13:09:16.465,565.597,selfie,35.91914458,139.9092219,22.431,0.005144444,TRUE,34,1,35.91912968,139.9091972,2.774703957,,34.84,1007.01832,48.39648438,212.4375,1.1875,-6.375,0.15,1.11,9.72,0,0.125,0.1875,62,,stopped,0,0,2.785,
2026-08-06T13:09:16.966,566.097,selfie,35.91914458,139.9092219,22.431,0.005144444,TRUE,34,1,35.91912968,139.9091972,2.774703957,,36.49,1009.138555,48.40722656,212.4375,1.1875,-6.375,0.16,1.1,9.71,-0.0625,-0.0625,-0.0625,62,,stopped,0,0,2.785,
2026-08-06T13:09:17.466,566.597,selfie,35.91914488,139.9092225,22.382,0.005144444,TRUE,35,1,35.91912968,139.9091972,2.836763482,,36.49,1009.138555,48.40722656,212.4375,1.1875,-6.375,0.17,1.11,9.72,-0.125,-0.1875,0,62,,stopped,0,0,2.782,
2026-08-06T13:09:17.966,567.098,selfie,35.91914488,139.9092225,22.382,0.005144444,TRUE,35,1,35.91912968,139.9091972,2.836763482,,36.45,1009.066563,48.74023438,212.4375,1.1875,-6.375,0.17,1.1,9.73,-0.0625,0,0,62,,stopped,0,0,2.791,
2026-08-06T13:09:18.467,567.598,selfie,35.91914478,139.9092228,22.397,0.005144444,TRUE,35,1,35.91912968,139.9091972,2.851944895,,36.47,1009.125703,48.18359375,212.4375,1.1875,-6.375,0.17,1.1,9.75,0,0.0625,0,62,,stopped,0,0,2.784,
2026-08-06T13:09:18.967,568.099,selfie,35.91914478,139.9092228,22.397,0.005144444,TRUE,35,1,35.91912968,139.9091972,2.851944895,,36.47,1009.125703,48.18359375,212.4375,1.1875,-6.375,0.18,2.39,9.7,0.0625,-0.0625,0,62,,stopped,0,0,2.782,
2026-08-06T13:09:19.467,568.599,selfie,35.91914518,139.9092232,22.358,0.005144444,TRUE,34,1,35.91912968,139.9091972,2.907284195,,36.46,1009.117773,47.36816406,212.4375,1.1875,-6.375,0.17,1.13,9.73,0.0625,0.125,-0.0625,62,,stopped,0,0,2.773,
2026-08-06T13:09:19.968,569.099,selfie,35.91914518,139.9092232,22.358,0.005144444,TRUE,34,1,35.91912968,139.9091972,2.907284195,,36.46,1009.117773,47.36816406,212.4375,1.1875,-6.375,0.14,1.11,9.76,0.125,-0.125,0.125,62,,stopped,0,0,2.773,
2026-08-06T13:09:20.468,569.6,selfie,35.91914548,139.9092235,22.388,0.005144444,TRUE,35,1,35.91912968,139.9091972,2.948836142,,36.43,1009.089336,48.29589844,212.4375,1.1875,-6.375,0.16,1.11,9.73,0.125,-0.25,-0.125,62,,stopped,0,0,2.788,
2026-08-06T13:09:20.969,570.1,selfie,35.91914548,139.9092235,22.388,0.005144444,TRUE,35,1,35.91912968,139.9091972,2.948836142,,36.43,1009.089336,48.29589844,212.4375,1.1875,-6.375,0.18,1.11,9.71,-0.0625,0,0,62,,stopped,0,0,2.788,
2026-08-06T13:09:21.469,570.6,selfie,35.9191456,139.9092234,22.392,0.005144444,TRUE,35,1,35.91912968,139.9091972,2.950575748,,36.42,1009.108828,47.69042969,212.4375,1.1875,-6.375,0.15,1.12,9.69,-0.125,-0.1875,0.0625,62,,stopped,0,0,2.781,
2026-08-06T13:09:21.969,571.101,selfie,35.9191456,139.9092234,22.392,0.005144444,TRUE,35,1,35.91912968,139.9091972,2.950575748,,36.42,1009.108828,47.69042969,212.4375,1.1875,-6.375,0.16,1.1,9.73,0.0625,0.0625,0.125,62,,stopped,0,0,2.785,
2026-08-06T13:09:22.480,571.612,selfie,35.91914548,139.9092235,22.406,0.005144444,TRUE,35,1,35.91912968,139.9091972,2.948836142,,36.42,1009.081406,47.81835938,212.4375,1.1875,-6.375,0.16,1.11,9.72,0,0.1875,0.125,62,,stopped,0,0,2.784,
2026-08-06T13:09:22.981,572.112,selfie,35.91914548,139.9092235,22.406,0.005144444,TRUE,35,1,35.91912968,139.9091972,2.948836142,,36.42,1009.081406,47.81835938,212.4375,1.1875,-6.375,0.15,1.1,9.72,0,-0.125,-0.0625,62,,stopped,0,0,2.784,
2026-08-06T13:09:23.481,572.613,selfie,35.91914518,139.9092234,22.359,0.005144444,TRUE,35,1,35.91912968,139.9091972,2.923019842,,36.42,1009.081406,47.78320313,212.4375,1.1875,-6.375,0.14,1.11,9.75,-0.0625,-0.125,0.0625,62,,stopped,0,0,2.784,
2026-08-06T13:09:23.982,573.113,selfie,35.91914518,139.9092234,22.359,0.005144444,TRUE,35,1,35.91912968,139.9091972,2.923019842,,36.42,1009.081406,47.78320313,212.4375,1.1875,-6.375,0.15,1.11,9.73,0,0.0625,-0.0625,62,,stopped,0,0,2.796,
2026-08-06T13:09:24.482,573.614,selfie,35.91914478,139.9092235,22.299,0.005144444,TRUE,35,1,35.91912968,139.9091972,2.903135301,,36.41,1009.092969,47.66503906,212.4375,1.1875,-6.375,0.15,1.12,9.75,-0.0625,-0.0625,0.0625,62,,stopped,0,0,2.775,
2026-08-06T13:09:24.982,574.114,selfie,35.91914478,139.9092235,22.299,0.005144444,TRUE,35,1,35.91912968,139.9091972,2.903135301,,36.41,1009.092969,47.66503906,212.4375,1.1875,-6.375,0.16,1.1,9.72,0,-0.0625,0,62,,stopped,0,0,2.78,
2026-08-06T13:09:25.483,574.614,selfie,35.91914468,139.9092234,22.225,0.005144444,TRUE,34,1,35.91912968,139.9091972,2.890586321,,36.41,1009.112422,47.62890625,212.4375,1.1875,-6.375,0.16,1.09,9.74,0,0.1875,-0.0625,62,,stopped,0,0,2.77,
2026-08-06T13:09:25.983,575.115,selfie,35.91914468,139.9092234,22.225,0.005144444,TRUE,34,1,35.91912968,139.9091972,2.890586321,,36.41,1009.112422,47.62890625,212.4375,1.1875,-6.375,0.17,1.1,9.71,0,-0.0625,0.0625,62,,stopped,0,0,2.774,
2026-08-06T13:09:26.484,575.615,selfie,35.91914418,139.9092235,22.181,0.005144444,TRUE,34,1,35.91912968,139.9091972,2.86506622,,36.39,1009.033516,48.12890625,212.4375,1.1875,-6.375,0.17,1.11,9.71,0.0625,0,0,62,,stopped,0,0,2.78,
2026-08-06T13:09:26.984,576.116,selfie,35.91914418,139.9092235,22.181,0.005144444,TRUE,34,1,35.91912968,139.9091972,2.86506622,,36.39,1009.033516,48.12890625,212.4375,1.1875,-6.375,0.15,1.11,9.73,0.125,0.0625,0.0625,62,,stopped,0,0,2.791,
2026-08-06T13:09:27.484,576.616,selfie,35.91914358,139.9092235,22.133,0.005144444,TRUE,34,1,35.91912968,139.9091972,2.828058807,,36.41,1009.057617,48.14160156,212.4375,1.1875,-6.375,0.16,1.09,9.73,0.0625,0.0625,0,62,,stopped,0,0,2.778,
2026-08-06T13:09:27.985,577.116,selfie,35.91914358,139.9092235,22.133,0.005144444,TRUE,34,1,35.91912968,139.9091972,2.828058807,,36.41,1009.057617,48.14160156,212.4375,1.1875,-6.375,0.16,1.12,9.73,-0.0625,0.1875,0.1875,62,,stopped,0,0,2.797,
2026-08-06T13:09:28.485,577.617,selfie,35.9191432,139.9092233,22.025,0.005144444,TRUE,34,1,35.91912968,139.9091972,2.791065142,,36.4,1009.104492,47.93164063,212.4375,1.1875,-6.375,0.16,1.12,9.72,0,0.0625,0,62,,stopped,0,0,2.779,
2026-08-06T13:09:28.986,578.117,selfie,35.9191432,139.9092233,22.025,0.005144444,TRUE,34,1,35.91912968,139.9091972,2.791065142,,36.4,1009.104492,47.93164063,212.4375,1.1875,-6.375,0.14,1.1,9.72,-0.0625,0,0.0625,62,,stopped,0,0,2.783,
2026-08-06T13:09:29.486,578.618,selfie,35.91914308,139.9092231,21.914,0.005144444,TRUE,34,1,35.91912968,139.9091972,2.767638893,,36.39,1009.096289,47.88574219,212.4375,1.1875,-6.375,0.19,1.1,9.73,0.0625,0,-0.125,62,,stopped,0,0,2.777,
2026-08-06T13:09:29.986,579.118,selfie,35.91914308,139.9092231,21.914,0.005144444,TRUE,34,1,35.91912968,139.9091972,2.767638893,,36.39,1009.096289,47.88574219,212.4375,1.1875,-6.375,0.15,1.11,9.72,-0.125,0.0625,-0.0625,62,,stopped,0,0,2.781,
2026-08-06T13:09:30.487,579.618,selfie,35.91914278,139.9092228,21.865,0.005144444,TRUE,34,1,35.91912968,139.9091972,2.726947495,,36.38,1009.135234,47.86035156,212.4375,1.1875,-6.375,0.15,1.11,9.72,0,-0.1875,0.0625,62,,stopped,0,0,2.785,
2026-08-06T13:09:30.987,580.119,selfie,35.91914278,139.9092228,21.865,0.005144444,TRUE,34,1,35.91912968,139.9091972,2.726947495,,36.38,1009.135234,47.86035156,212.4375,1.1875,-6.375,0.15,1.11,9.74,0,0.0625,-0.125,62,,stopped,0,0,2.791,
2026-08-06T13:09:31.488,580.619,selfie,35.9191426,139.9092225,21.776,0.005144444,TRUE,34,1,35.91912968,139.9091972,2.693221458,,36.36,1009.150078,47.88085938,212.4375,1.1875,-6.6875,0.18,1.02,9.66,-0.125,0.125,0,62,,stopped,0,0,2.793,
2026-08-06T13:09:31.988,581.119,selfie,35.9191426,139.9092225,21.776,0.005144444,TRUE,34,1,35.91912968,139.9091972,2.693221458,,36.36,1009.150078,47.88085938,212.4375,1.1875,-6.6875,0.09,1.06,9.74,-0.0625,0.1875,0.0625,62,,stopped,0,0,2.782,
2026-08-06T13:09:32.488,581.62,selfie,35.91914218,139.9092221,21.785,0.005144444,TRUE,34,1,35.91912968,139.9091972,2.638118441,,36.35,1009.079375,47.92675781,212.4375,1.1875,-6.5625,0.05,1.05,9.65,-0.6875,0.3125,0.1875,62,,stopped,0,0,2.791,
2026-08-06T13:09:32.989,582.12,selfie,35.91914218,139.9092221,21.785,0.005144444,TRUE,34,1,35.91912968,139.9091972,2.638118441,,36.35,1009.079375,47.92675781,212.4375,1.1875,-6.5625,0.21,1.03,9.76,-0.5625,-0.25,0,60,,stopped,0,0,2.779,
2026-08-06T13:09:33.489,582.621,selfie,35.91914168,139.909222,21.785,0.005144444,TRUE,35,1,35.91912968,139.9091972,2.601519502,,36.33,1009.157305,47.99511719,212.4375,1.1875,-6.5625,0.06,1.1,9.7,0.125,-0.25,-0.125,60,,stopped,0,0,2.795,
2026-08-06T13:09:33.989,583.121,selfie,35.91914168,139.909222,21.785,0.005144444,TRUE,35,1,35.91912968,139.9091972,2.601519502,,36.33,1009.157305,47.99511719,212.4375,1.1875,-6.5625,0.15,1.19,9.69,0.25,0.0625,-0.0625,60,,stopped,0,0,2.784,
2026-08-06T13:09:34.490,583.621,selfie,35.91914158,139.9092219,21.727,0.005144444,TRUE,35,1,35.91912968,139.9091972,2.589380539,,36.28,1009.132148,47.96582031,212.4375,1.1875,-6.5625,0.12,0.99,9.61,0.4375,-0.0625,-0.125,254,,stopped,0,0,2.787,
2026-08-06T13:09:34.990,584.122,selfie,35.91914158,139.9092219,21.727,0.005144444,TRUE,35,1,35.91912968,139.9091972,2.589380539,,36.28,1009.132148,47.96582031,212.4375,1.1875,-6.5625,0.16,1.49,9.85,-0.9375,0,0.0625,254,,stopped,0,0,2.789,
2026-08-06T13:09:35.491,584.622,selfie,35.9191414,139.9092224,21.656,0.005144444,TRUE,35,1,35.91912968,139.9091972,2.617979305,,36.27,1009.069414,48,212.4375,1.1875,-6.5625,0.15,1.15,9.68,0.0625,0.125,0.0625,190,,stopped,0,0,2.787,
2026-08-06T13:09:35.991,585.123,selfie,35.9191414,139.9092224,21.656,0.005144444,TRUE,35,1,35.91912968,139.9091972,2.617979305,,36.27,1009.069414,48,212.4375,1.1875,-6.5625,0.16,1.13,9.69,-0.0625,0.1875,0.0625,190,,stopped,0,0,2.785,
2026-08-06T13:09:36.491,585.623,guiding_to_goal,35.91914108,139.9092225,21.599,0.005144444,TRUE,35,1,35.91912968,139.9091972,2.607190571,,36.28,1009.104766,48.03613281,212.4375,1.1875,-6.5625,0.16,1.15,9.72,0.1875,8.125,0.0625,190,,stopped,0,0,2.804,
2026-08-06T13:09:36.992,586.123,guiding_to_goal,35.91914108,139.9092225,21.599,0.005144444,TRUE,35,1,35.91912968,139.9091972,2.607190571,,36.28,1009.104766,48.03613281,212.4375,1.1875,-6.5625,0.18,1.14,9.73,0.125,-0.0625,0.0625,190,,stopped,0,0,2.795,
2026-08-06T13:09:37.492,586.624,guiding_to_goal,35.9191408,139.9092226,21.499,0.005144444,TRUE,35,1,35.91912968,139.9091972,2.599937525,,36.29,1009.120625,48.08398438,212.4375,1.1875,-6.5625,1.43,1.13,9.74,0.1875,0.0625,-0.1875,190,,stopped,0,0,2.789,
2026-08-06T13:09:37.993,587.124,guiding_to_goal,35.9191408,139.9092226,21.499,0.005144444,TRUE,35,1,35.91912968,139.9091972,2.599937525,,36.29,1009.120625,48.08398438,212.4375,1.1875,-6.5625,0.16,1.13,9.74,0.0625,0,0,190,,stopped,0,0,2.785,
2026-08-06T13:09:38.493,587.625,guiding_to_goal,35.9191402,139.9092225,21.462,0.005144444,TRUE,36,1,35.91912968,139.9091972,2.560873502,,36.28,1009.1675,48.1171875,212.4375,1.1875,-6.5625,0.17,1.14,9.73,0,0,-0.0625,190,,stopped,0,0,2.79,
2026-08-06T13:09:38.993,588.125,guiding_to_goal,35.9191402,139.9092225,21.462,0.005144444,TRUE,36,1,35.91912968,139.9091972,2.560873502,,36.28,1009.1675,48.1171875,212.4375,1.1875,-6.5625,0.17,1.14,9.72,0,-0.0625,0,190,,stopped,0,0,2.79,
2026-08-06T13:09:39.495,588.627,guiding_to_goal,35.91913978,139.9092224,21.427,0.005144444,TRUE,36,1,35.91912968,139.9091972,2.533322529,,36.28,1009.132148,48.15234375,212.4375,1.1875,-6.5625,0.17,1.15,9.73,0.0625,0,-0.0625,190,,stopped,0,0,2.782,
2026-08-06T13:09:40.015,589.147,guiding_to_goal,35.91913978,139.9092224,21.427,0.005144444,TRUE,36,1,35.91912968,139.9091972,2.533322529,,36.28,1009.132148,48.15234375,212.4375,1.1875,-6.5625,0.15,1.14,9.71,0.0625,0,0,190,,stopped,0,0,2.786,
2026-08-06T13:09:40.516,589.647,guiding_to_goal,35.91913968,139.9092221,21.395,0.005144444,TRUE,32,1,35.91912968,139.9091972,2.502833701,,36.28,1009.140078,48.04785156,212.4375,1.1875,-6.5625,0.16,1.16,9.74,0.0625,-0.125,0,190,,stopped,0,0,2.785,
2026-08-06T13:09:41.016,590.148,guiding_to_goal,35.91913968,139.9092221,21.395,0.005144444,TRUE,32,1,35.91912968,139.9091972,2.502833701,,36.28,1009.140078,48.04785156,212.4375,1.1875,-6.5625,0.16,1.15,9.72,0,-0.0625,0.0625,190,,stopped,0,0,2.784,
2026-08-06T13:09:41.517,590.648,guiding_to_goal,35.91913908,139.9092219,21.397,0.005144444,TRUE,28,1,35.91912968,139.9091972,2.458961596,,36.12,1008.838086,47.9609375,212.4375,1.1875,-6.5625,0.17,1.14,9.72,0,0.125,-0.1875,190,,stopped,0,0,2.789,
2026-08-06T13:09:42.053,591.184,guiding_to_goal,35.91913908,139.9092219,21.397,0.005144444,TRUE,28,1,35.91912968,139.9091972,2.458961596,,36.12,1008.838086,47.9609375,212.4375,1.1875,-6.5625,0.16,1.14,9.75,0.0625,0,-0.0625,190,,stopped,0,0,2.787,
2026-08-06T13:09:42.553,591.685,guiding_to_goal,35.91913818,139.9092216,21.312,0.005144444,TRUE,29,1,35.91912968,139.9091972,2.391898153,,36.3,1009.109375,48.07324219,212.4375,1.1875,-6.5625,0.14,1.13,9.71,-0.0625,0,0.125,190,,stopped,0,0,2.796,
2026-08-06T13:09:43.064,592.196,guiding_to_goal,35.91913818,139.9092216,21.312,0.005144444,TRUE,29,1,35.91912968,139.9091972,2.391898153,,36.28,1009.140078,48.00097656,212.4375,1.1875,-6.5625,0.16,1.14,9.71,0.0625,0,0.0625,190,,stopped,0,0,2.797,
2026-08-06T13:09:43.567,592.698,guiding_to_goal,35.9191378,139.9092217,21.231,0.005144444,TRUE,30,1,35.91912968,139.9091972,2.383709974,,36.27,1009.143711,48.0234375,212.4375,1.1875,-6.5625,0.18,1.15,9.71,-0.125,-0.0625,-0.1875,190,,stopped,0,0,2.795,
2026-08-06T13:09:44.067,593.199,guiding_to_goal,35.9191378,139.9092217,21.231,0.005144444,TRUE,30,1,35.91912968,139.9091972,2.383709974,,36.27,1009.143711,48.0234375,212.4375,1.1875,-6.5625,0.16,1.15,9.73,0,-0.0625,0,190,,stopped,0,0,2.788,
2026-08-06T13:09:44.567,593.699,guiding_to_goal,35.9191377,139.9092215,21.176,0.005144444,TRUE,31,1,35.91912968,139.9091972,2.364223124,,34.47,1006.525938,48.04394531,212.4375,1.1875,-6.5625,0.18,1.14,9.71,0.125,0,-0.0625,190,,stopped,0,0,2.791,
2026-08-06T13:09:45.068,594.2,guiding_to_goal,35.9191377,139.9092215,21.176,0.005144444,TRUE,31,1,35.91912968,139.9091972,2.364223124,,34.47,1006.525938,48.04394531,212.4375,1.1875,-6.5625,0.18,1.15,9.72,0,-0.0625,0.0625,190,,stopped,0,0,2.788,
2026-08-06T13:09:45.568,594.7,guiding_to_goal,35.91913758,139.9092209,21.032,0.005144444,TRUE,32,1,35.91912968,139.9091972,2.307916241,,36.27,1009.116289,48.046875,212.4375,1.1875,-6.5625,0.16,1.14,9.72,0,0.1875,0,190,,stopped,0,0,2.788,
2026-08-06T13:09:46.069,595.2,guiding_to_goal,35.91913758,139.9092209,21.032,0.005144444,TRUE,32,1,35.91912968,139.9091972,2.307916241,,36.27,1009.116289,48.046875,212.4375,1.1875,-6.5625,0.17,1.14,9.72,0,0.0625,0.0625,190,,stopped,0,0,2.792,
2026-08-06T13:09:46.569,595.701,guiding_to_goal,35.91913688,139.9092201,20.972,0.005144444,TRUE,32,1,35.91912968,139.9091972,2.212120711,,36.26,1009.108359,48.01074219,212.4375,1.1875,-6.5625,0.16,1.14,9.71,-0.0625,0.0625,-0.0625,190,,stopped,0,0,2.787,
2026-08-06T13:09:47.080,596.212,guiding_to_goal,35.91913688,139.9092201,20.972,0.005144444,TRUE,32,1,35.91912968,139.9091972,2.212120711,,36.26,1009.108359,48.01074219,212.4375,1.1875,-6.5625,0.16,1.14,9.73,0.0625,-0.0625,-0.0625,190,,stopped,0,0,2.782,
2026-08-06T13:09:47.581,596.712,guiding_to_goal,35.91913688,139.9092201,20.972,0.005144444,TRUE,33,1,35.91912968,139.9091972,2.212120711,,36.26,1009.073008,47.99902344,212.4375,1.1875,-6.5625,0.16,1.15,9.72,0,0.0625,0,190,,stopped,0,0,2.785,
2026-08-06T13:09:48.107,597.238,guiding_to_goal,35.91913688,139.9092201,20.972,0.005144444,TRUE,33,1,35.91912968,139.9091972,2.212120711,,36.26,1009.073008,47.99902344,212.4375,1.1875,-6.5625,0.15,1.14,9.68,-0.0625,0,-0.0625,190,,stopped,0,0,2.795,
2026-08-06T13:09:48.607,597.739,guiding_to_goal,35.91913688,139.9092201,20.972,0.036011111,TRUE,30,1,35.91912968,139.9091972,2.212120711,,36.26,1009.108359,48.03417969,212.4375,1.1875,-6.5625,0.17,1.14,9.71,0,0.0625,0,190,,stopped,0,0,2.791,
2026-08-06T13:09:49.133,598.265,guiding_to_goal,35.91913688,139.9092201,20.972,0.036011111,TRUE,30,1,35.91912968,139.9091972,2.212120711,,36.26,1009.108359,48.03417969,212.4375,1.1875,-6.5625,0.17,1.17,9.71,0.0625,0.125,-0.125,190,,stopped,0,0,2.785,
2026-08-06T13:09:49.644,598.775,guiding_to_goal,35.91913688,139.9092201,20.972,0.087455556,TRUE,29,1,35.91912968,139.9091972,2.212120711,,36.27,1009.143711,48.05859375,212.4375,1.1875,-6.5625,0.16,1.15,9.7,0,-0.0625,-0.0625,190,,stopped,0,0,2.786,
2026-08-06T13:09:50.134,599.266,guiding_to_goal,35.91913688,139.9092201,20.972,0.087455556,TRUE,29,1,35.91912968,139.9091972,2.212120711,,36.27,1009.143711,48.05859375,212.4375,1.1875,-6.5625,0.14,1.16,9.72,0.0625,-0.125,-0.0625,190,,stopped,0,0,2.793,
2026-08-06T13:09:50.635,599.766,guiding_to_goal,35.91913698,139.9092202,20.974,0.118322222,TRUE,29,1,35.91912968,139.9091972,2.224551015,,36.27,1009.061484,47.86035156,212.4375,1.1875,-6.5625,0.16,1.16,9.72,0,0,0.125,190,,stopped,0,0,2.776,
2026-08-06T13:09:51.144,600.276,guiding_to_goal,35.91913698,139.9092202,20.974,0.118322222,TRUE,29,1,35.91912968,139.9091972,2.224551015,,36.27,1009.061484,47.86035156,212.4375,1.1875,-6.5625,0.17,2.42,9.74,-0.0625,-0.0625,0,190,,stopped,0,0,2.782,
2026-08-06T13:09:51.654,600.786,guiding_to_goal,35.91913698,139.9092202,20.983,0.0463,TRUE,33,1,35.91912968,139.9091972,2.224551015,,36.09,1008.845,48.05175781,212.4375,1.1875,-6.5625,0.18,1.15,9.71,-0.0625,0.0625,0,190,,stopped,0,0,2.787,
2026-08-06T13:09:52.181,601.313,guiding_to_goal,35.91913698,139.9092202,20.983,0.0463,TRUE,33,1,35.91912968,139.9091972,2.224551015,,36.09,1008.845,48.05175781,212.4375,1.1875,-6.5625,0.15,1.15,9.71,0,-0.0625,0.0625,190,,stopped,0,0,2.785,
2026-08-06T13:09:52.682,601.813,guiding_to_goal,35.91913698,139.9092202,20.985,0.015433333,TRUE,30,1,35.91912968,139.9091972,2.224551015,,36.28,1009.104766,48.1171875,212.4375,1.1875,-6.5625,0.17,2.43,9.73,0,0.125,-0.0625,190,,turn_left,-5,5,2.791,
2026-08-06T13:09:53.182,602.314,guiding_to_goal,35.91913698,139.9092202,20.985,0.015433333,TRUE,30,1,35.91912968,139.9091972,2.224551015,,36.28,1009.104766,48.1171875,212.4375,1.1875,-6.5625,0.07,1.1,9.68,0.375,-0.4375,0.6875,190,,turn_left,-10,10,2.797,
2026-08-06T13:09:53.682,602.814,guiding_to_goal,35.91913698,139.9092202,20.986,0.036011111,TRUE,30,1,35.91912968,139.9091972,2.224551015,,36.27,1009.061484,48.10449219,201.8125,0.875,-6.8125,0.29,1.19,9.7,0.0625,-0.0625,-0.0625,190,,stopped,0,0,1.752,
2026-08-06T13:09:54.236,603.368,guiding_to_goal,35.91913698,139.9092202,20.986,0.036011111,TRUE,30,1,35.91912968,139.9091972,2.224551015,,36.27,1009.061484,48.10449219,201.8125,0.875,-6.8125,0.24,1.19,9.7,0.125,0.0625,0.5,190,,stopped,0,0,1.753,
2026-08-06T13:09:54.737,603.868,guiding_to_goal,35.91913698,139.9092202,20.985,0.051444444,TRUE,33,1,35.91912968,139.9091972,2.224551015,,36.28,1009.132148,48.09375,201.8125,0.9375,-6.875,0.2,1.2,9.71,0.0625,0.0625,0.0625,190,,stopped,0,0,1.754,
2026-08-06T13:09:55.621,604.752,guiding_to_goal,35.91913698,139.9092202,20.985,0.051444444,TRUE,33,1,35.91912968,139.9091972,2.224551015,,36.27,1009.006641,47.91894531,201.8125,0.9375,-6.875,0.2,1.19,9.7,0,-0.125,0,190,,stopped,0,0,1.757,
2026-08-06T13:09:56.125,605.256,guiding_to_goal,35.9191371,139.9092202,20.984,0.030866667,TRUE,34,1,35.91912968,139.9091972,2.229317396,,36.26,1009.10043,47.74316406,201.8125,0.9375,-6.875,0.19,1.18,9.72,0,0,0.0625,190,,stopped,0,0,1.755,
2026-08-06T13:09:56.670,605.801,guiding_to_goal,35.9191371,139.9092202,20.984,0.030866667,TRUE,34,1,35.91912968,139.9091972,2.229317396,,36.26,1009.10043,47.74316406,201.8125,0.9375,-6.875,0.2,1.18,9.69,0.125,0,0,190,,stopped,0,0,1.755,
2026-08-06T13:09:57.171,606.303,guiding_to_goal,35.91913698,139.9092202,20.983,0.097744444,TRUE,31,1,35.91912968,139.9091972,2.224551015,,36.25,1009.037383,48.17285156,201.8125,0.9375,-6.875,0.2,1.2,9.73,0,-0.0625,-0.0625,190,,stopped,0,0,1.755,
2026-08-06T13:09:57.671,606.803,guiding_to_goal,35.91913698,139.9092202,20.983,0.097744444,TRUE,31,1,35.91912968,139.9091972,2.224551015,,36.25,1009.037383,48.17285156,201.8125,0.9375,-6.875,0.2,1.18,9.71,0,0.0625,-0.125,190,,stopped,0,0,1.754,
2026-08-06T13:09:58.172,607.303,guiding_to_goal,35.91913688,139.9092202,20.978,0.133755556,TRUE,32,1,35.91912968,139.9091972,2.220517726,,35.2,1007.428945,48.34277344,201.8125,0.9375,-6.875,0.21,1.19,9.7,-0.0625,0,0,190,,stopped,0,0,1.752,
2026-08-06T13:09:58.672,607.804,guiding_to_goal,35.91913688,139.9092202,20.978,0.133755556,TRUE,32,1,35.91912968,139.9091972,2.220517726,,35.2,1007.428945,48.34277344,201.8125,0.9375,-6.875,0.22,1.19,9.72,0.0625,-0.0625,0,190,,stopped,0,0,1.752,
2026-08-06T13:09:59.173,608.304,guiding_to_goal,35.91913678,139.9092203,20.975,0.041155556,TRUE,31,1,35.91912968,139.9091972,2.224949691,,36.27,1009.124258,48.08203125,201.8125,0.9375,-6.875,0.2,1.19,9.69,0,-0.0625,0.125,190,,stopped,0,0,1.752,
2026-08-06T13:09:59.673,608.805,guiding_to_goal,35.91913678,139.9092203,20.975,0.041155556,TRUE,31,1,35.91912968,139.9091972,2.224949691,,36.27,1009.124258,48.08203125,201.8125,0.9375,-6.875,0.19,1.2,9.71,0,0.0625,0,190,,stopped,0,0,1.751,
2026-08-06T13:10:00.174,609.305,guiding_to_goal,35.91913678,139.9092203,20.976,0.051444444,TRUE,32,1,35.91912968,139.9091972,2.224949691,,36.27,1009.801602,48.38476563,201.8125,0.9375,-6.875,0.2,1.17,9.72,0,0.0625,0.0625,190,,stopped,0,0,1.751,
2026-08-06T13:10:00.674,609.806,guiding_to_goal,35.91913678,139.9092203,20.976,0.051444444,TRUE,32,1,35.91912968,139.9091972,2.224949691,,36.27,1009.801602,48.38476563,201.8125,0.9375,-6.875,0.22,1.18,9.7,0.0625,-0.0625,0.0625,190,,stopped,0,0,1.751,
2026-08-06T13:10:01.175,610.306,guiding_to_goal,35.91913678,139.9092202,20.976,0.061733333,TRUE,32,1,35.91912968,139.9091972,2.216532881,,36.27,1009.088906,47.62695313,201.8125,0.9375,-6.875,0.21,1.19,9.7,0.1875,0.1875,0,190,,stopped,0,0,1.754,
2026-08-06T13:10:01.675,610.806,guiding_to_goal,35.91913678,139.9092202,20.976,0.061733333,TRUE,32,1,35.91912968,139.9091972,2.216532881,,36.27,1009.088906,47.62695313,201.8125,0.9375,-6.875,0.2,1.18,9.7,0,-0.3125,-0.0625,190,,stopped,0,0,1.754,
2026-08-06T13:10:02.175,611.307,guiding_to_goal,35.91913678,139.9092203,20.975,0.005144444,TRUE,31,1,35.91912968,139.9091972,2.224949691,,36.05,1008.718438,47.80273438,203.0625,1,-9.0625,-3.45,-3.08,14.72,11.75,-44.625,-2.3125,190,,forward,50.6125,69.3875,1.495,
2026-08-06T13:10:02.676,611.807,guiding_to_goal,35.91913678,139.9092203,20.975,0.005144444,TRUE,31,1,35.91912968,139.9091972,2.224949691,,36.05,1008.718438,47.80273438,202.3125,1.8125,-8,4.77,2.08,4.11,-91.75,0.875,19.0625,190,,forward,30.19375,29.80625,1.353,
2026-08-06T13:10:03.176,612.308,guiding_to_goal,35.91913678,139.9092203,20.974,0.087455556,TRUE,32,1,35.91912968,139.9091972,2.224949691,,36.28,1009.022539,47.88476563,199.5625,0.25,-7,0.1,1.22,9.71,0.125,-0.125,-0.125,190,,stopped,0,0,1.27,
2026-08-06T13:10:03.696,612.828,guiding_to_goal,35.91913678,139.9092203,20.974,0.087455556,TRUE,32,1,35.91912968,139.9091972,2.224949691,,36.28,1009.022539,47.88476563,199.5625,0.25,-7,0.1,1.21,9.67,0.125,0,-0.0625,190,,stopped,0,0,1.27,
2026-08-06T13:10:04.196,613.328,guiding_to_goal,35.91913678,139.9092202,20.975,0.036011111,TRUE,33,1,35.91912968,139.9091972,2.216532881,,36.31,1009.097852,47.79394531,199.5625,0.25,-7,0.11,1.22,9.7,0.125,-0.0625,0,190,,stopped,0,0,1.272,
2026-08-06T13:10:04.697,613.828,guiding_to_goal,35.91913678,139.9092202,20.975,0.036011111,TRUE,33,1,35.91912968,139.9091972,2.216532881,,36.31,1009.097852,47.79394531,199.5625,0.25,-7,0.12,1.21,9.71,-0.125,-0.0625,-0.0625,190,,stopped,0,0,1.272,
2026-08-06T13:10:05.200,614.331,guiding_to_goal,35.91913678,139.9092202,20.975,0.036011111,TRUE,33,1,35.91912968,139.9091972,2.216532881,,36.31,1009.07043,47.74804688,199.5625,0.25,-7,0.11,1.21,9.69,0,0.0625,0,190,,stopped,0,0,1.272,
2026-08-06T13:10:05.700,614.832,guiding_to_goal,35.91913678,139.9092202,20.975,0.036011111,TRUE,33,1,35.91912968,139.9091972,2.216532881,,36.31,1009.07043,47.74804688,199.5625,0.25,-7,0.1,1.21,9.68,0.125,0,0,190,,stopped,0,0,1.273,
2026-08-06T13:10:06.200,615.332,guiding_to_goal,35.91913678,139.9092202,20.975,0.056588889,TRUE,34,1,35.91912968,139.9091972,2.216532881,,36.31,1009.015586,47.81738281,199.5625,0.25,-7,0.1,1.22,9.71,-0.125,0.0625,-0.125,190,,stopped,0,0,1.272,
2026-08-06T13:10:06.716,615.848,guiding_to_goal,35.91913678,139.9092202,20.975,0.056588889,TRUE,34,1,35.91912968,139.9091972,2.216532881,,36.31,1009.015586,47.81738281,199.5625,0.25,-7,0.1,1.22,9.71,0.0625,-0.0625,0,190,,stopped,0,0,1.272,
2026-08-06T13:10:07.217,616.349,guiding_to_goal,35.91913678,139.9092202,20.975,0.051444444,TRUE,35,1,35.91912968,139.9091972,2.216532881,,35.86,1008.81418,47.86425781,199.5625,0.25,-7,0.09,1.21,9.69,0.0625,-0.0625,8.0625,126,,stopped,0,0,1.272,
2026-08-06T13:10:07.758,616.89,guiding_to_goal,35.91913678,139.9092202,20.975,0.051444444,TRUE,35,1,35.91912968,139.9091972,2.216532881,,35.86,1008.81418,47.86425781,199.5625,0.25,-7,0.09,1.22,9.72,0.0625,-0.1875,0.0625,126,,stopped,0,0,1.272,
2026-08-06T13:10:08.263,617.394,guiding_to_goal,35.91913678,139.9092203,20.974,0.180055556,TRUE,27,1,35.91912968,139.9091972,2.224949691,,36.3,1009.007656,47.84082031,199.5625,0.25,-7,0.09,1.23,9.69,0,-0.1875,0.0625,126,,stopped,0,0,1.271,
2026-08-06T13:10:08.803,617.935,guiding_to_goal,35.91913678,139.9092203,20.974,0.180055556,TRUE,27,1,35.91912968,139.9091972,2.224949691,,36.3,1009.007656,47.84082031,199.5625,0.25,-7,0.1,1.21,9.68,0.0625,0,-0.0625,126,,stopped,0,0,1.272,
2026-08-06T13:10:09.304,618.436,guiding_to_goal,35.9191366,139.9092204,20.968,0.123466667,TRUE,28,1,35.91912968,139.9091972,2.226246525,,36.31,1009.07043,47.80566406,199.5625,0.25,-7,0.08,1.21,9.69,0,-0.125,-0.0625,126,,stopped,0,0,1.272,
2026-08-06T13:10:09.804,618.936,guiding_to_goal,35.9191366,139.9092204,20.968,0.123466667,TRUE,28,1,35.91912968,139.9091972,2.226246525,,36.31,1009.07043,47.80566406,199.5625,0.25,-7,0.1,1.22,9.69,-0.125,-0.0625,0.0625,126,,stopped,0,0,1.272,
2026-08-06T13:10:10.314,619.446,guiding_to_goal,35.91913668,139.9092206,20.96,0.0926,TRUE,28,1,35.91912968,139.9091972,2.246350353,,36.31,1009.125273,47.81738281,199.5625,0.25,-7,0.09,1.23,9.7,0.125,-0.1875,-0.0625,126,,stopped,0,0,1.272,
2026-08-06T13:10:10.824,619.956,guiding_to_goal,35.91913668,139.9092206,20.96,0.0926,TRUE,28,1,35.91912968,139.9091972,2.246350353,,36.31,1009.125273,47.81738281,199.5625,0.25,-7,0.08,1.22,9.69,0.0625,0.125,0.0625,126,,stopped,0,0,1.272,
2026-08-06T13:10:11.334,620.466,guiding_to_goal,35.9191366,139.9092206,20.959,0.118322222,TRUE,28,1,35.91912968,139.9091972,2.243156425,,36.31,1009.023555,47.82910156,199.5625,0.25,-7,0.09,1.22,9.69,0.1875,0,0.125,126,,stopped,0,0,1.272,
2026-08-06T13:10:11.877,621.008,guiding_to_goal,35.9191366,139.9092206,20.959,0.118322222,TRUE,28,1,35.91912968,139.9091972,2.243156425,,36.31,1009.023555,47.82910156,199.5625,0.25,-7,0.08,1.22,9.69,0.125,0,0.0625,126,,stopped,0,0,1.272,
2026-08-06T13:10:12.377,621.509,guiding_to_goal,35.9191365,139.9092206,20.962,0.051444444,TRUE,28,1,35.91912968,139.9091972,2.239368311,,36.33,1009.129883,47.8671875,199.5625,0.25,-7,0.11,1.22,9.7,0.0625,0,-0.0625,126,,stopped,0,0,1.271,
2026-08-06T13:10:12.878,622.009,guiding_to_goal,35.9191365,139.9092206,20.962,0.051444444,TRUE,28,1,35.91912968,139.9091972,2.239368311,,36.33,1009.129883,47.8671875,199.5625,0.25,-7,0.11,0.66,9.63,5,0.5,0.5,126,,forward,60,60,1.279,
2026-08-06T13:10:13.378,622.509,guiding_to_goal,35.9191366,139.9092208,20.956,0.113177778,TRUE,29,1,35.91912968,139.9091972,2.260083322,,36.02,1008.623672,47.85742188,200,0.875,-6.8125,0.38,1.19,9.65,-0.75,0.3125,1.4375,126,,stopped,0,0,1.001,
2026-08-06T13:10:13.878,623.01,guiding_to_goal,35.9191366,139.9092208,20.956,0.113177778,TRUE,29,1,35.91912968,139.9091972,2.260083322,,36.02,1008.623672,47.85742188,207.9375,0.875,-6.8125,0,1.22,9.69,-0.375,-0.1875,-0.125,126,,stopped,0,0,1.001,
2026-08-06T13:10:14.379,623.51,guiding_to_goal,35.91913678,139.9092209,20.948,0.051444444,TRUE,29,1,35.91912968,139.9091972,2.27554514,,35.87,1008.364688,47.86621094,199.9375,0.875,-6.8125,0.2,1.2,9.71,0.0625,-0.0625,-0.0625,126,,stopped,0,0,1.001,
2026-08-06T13:10:14.879,624.011,guiding_to_goal,35.91913678,139.9092209,20.948,0.051444444,TRUE,29,1,35.91912968,139.9091972,2.27554514,,35.87,1008.364688,47.86621094,199.9375,0.875,-6.8125,0.19,1.21,9.72,0,0.0625,0,126,,stopped,0,0,1.001,
2026-08-06T13:10:15.380,624.511,guiding_to_goal,35.91913668,139.9092209,20.948,0.036011111,TRUE,29,1,35.91912968,139.9091972,2.271711251,,36.33,1009.055586,47.8671875,199.9375,0.875,-6.8125,0.17,1.21,9.68,0,0.0625,0.0625,126,,stopped,0,0,1,
2026-08-06T13:10:15.882,625.014,guiding_to_goal,35.91913668,139.9092209,20.948,0.036011111,TRUE,29,1,35.91912968,139.9091972,2.271711251,,36.33,1009.055586,47.8671875,199.9375,0.875,-6.8125,0.19,1.2,9.7,-0.0625,0.0625,0.1875,126,,stopped,0,0,1,
2026-08-06T13:10:16.383,625.514,guiding_to_goal,35.91913668,139.9092209,20.948,0.030866667,TRUE,29,1,35.91912968,139.9091972,2.271711251,,36.35,1009.024531,47.84570313,199.9375,0.875,-6.8125,0.18,1.21,9.71,0.0625,0.125,-0.0625,126,,stopped,0,0,1.001,
2026-08-06T13:10:16.911,626.045,guiding_to_goal,35.91913668,139.9092209,20.948,0.030866667,TRUE,29,1,35.91912968,139.9091972,2.271711251,,36.35,1009.024531,47.84570313,199.9375,0.875,-6.8125,0.18,1.2,9.71,-0.0625,0,0,126,,stopped,0,0,1.001,
2026-08-06T13:10:17.411,626.543,guiding_to_goal,35.91913668,139.9092209,20.948,0.0926,TRUE,28,1,35.91912968,139.9091972,2.271711251,,36.36,1009.095273,47.84570313,199.9375,0.875,-6.8125,0.17,1.21,9.69,0,-0.1875,0.0625,126,,stopped,0,0,1,
2026-08-06T13:10:17.947,627.078,guiding_to_goal,35.91913668,139.9092209,20.948,0.0926,TRUE,28,1,35.91912968,139.9091972,2.271711251,,36.36,1009.095273,47.84570313,199.9375,0.875,-6.8125,0.18,1.21,9.69,0,0.0625,-0.0625,126,,stopped,0,0,1,
2026-08-06T13:10:18.447,627.579,guiding_to_goal,35.91913668,139.909221,20.946,0.072022222,TRUE,27,1,35.91912968,139.9091972,2.281584077,,36.36,1009.048672,47.82324219,199.9375,0.875,-6.8125,0.18,1.2,9.69,0.0625,-0.0625,0,126,,stopped,0,0,1,
2026-08-06T13:10:18.981,628.112,guiding_to_goal,35.91913668,139.909221,20.946,0.072022222,TRUE,27,1,35.91912968,139.9091972,2.281584077,,36.36,1009.048672,47.82324219,199.9375,0.875,-6.8125,0.19,1.2,9.68,-0.125,-0.0625,-0.0625,126,,stopped,0,0,1.001,
2026-08-06T13:10:19.481,628.613,guiding_to_goal,35.91913678,139.9092211,20.957,0.0463,TRUE,31,1,35.91912968,139.9091972,2.292445126,,36.37,1009.064531,47.90722656,207.9375,0.875,-6.8125,0.2,1.21,9.7,0.0625,0.125,0.0625,126,,stopped,0,0,1.002,
2026-08-06T13:10:19.982,629.113,guiding_to_goal,35.91913678,139.9092211,20.957,0.0463,TRUE,31,1,35.91912968,139.9091972,2.292445126,,36.37,1009.064531,47.90722656,199.9375,0.875,-6.8125,0.19,1.22,9.68,-0.125,0.0625,0,126,,stopped,0,0,1.001,
2026-08-06T13:10:20.482,629.614,guiding_to_goal,35.91913678,139.9092211,20.962,0.066877778,TRUE,27,1,35.91912968,139.9091972,2.292445126,,36.38,1009.107813,47.80175781,199.9375,0.875,-6.8125,0.19,1.21,9.72,-0.0625,0,0.0625,126,,stopped,0,0,1.001,
2026-08-06T13:10:20.984,630.116,guiding_to_goal,35.91913678,139.9092211,20.962,0.066877778,TRUE,27,1,35.91912968,139.9091972,2.292445126,,36.38,1009.107813,47.80175781,199.9375,0.875,-6.8125,0.18,1.22,9.7,0.0625,-0.0625,-0.0625,126,,stopped,0,0,1.002,
2026-08-06T13:10:21.485,630.616,guiding_to_goal,35.91913688,139.9092211,20.967,0.113177778,TRUE,27,1,35.91912968,139.9091972,2.296298241,,36.36,1009.103477,47.84667969,199.9375,0.875,-6.8125,0.19,1.2,9.68,0,-0.125,0.1875,126,,forward,60,60,1.001,
2026-08-06T13:10:21.985,631.117,guiding_to_goal,35.91913688,139.9092211,20.967,0.113177778,TRUE,27,1,35.91912968,139.9091972,2.296298241,,36.36,1009.103477,47.84667969,199.875,0.9375,-15.3125,0.57,5.37,1.5,124.375,-20.8125,9.125,126,,forward,60.25625,59.74375,1.102,
2026-08-06T13:10:22.485,631.617,guiding_to_goal,35.91913698,139.9092211,20.977,0.051444444,TRUE,26,1,35.91912968,139.9091972,2.300198657,,36.38,1009.107813,47.83691406,196.0625,0.375,-6.375,0.22,1.14,9.75,-0.125,-0.125,-0.375,126,,turn_right,5,-5,0.879,
2026-08-06T13:10:22.986,632.117,guiding_to_goal,35.91913698,139.9092211,20.977,0.051444444,TRUE,26,1,35.91912968,139.9091972,2.300198657,,36.38,1009.107813,47.83691406,196.5625,0.375,-6.4375,0.13,1.55,9.27,-4.25,-1.125,-9.3125,126,,turn_right,20,-20,0.873,
2026-08-06T13:10:23.486,632.625,guiding_to_goal,35.9191371,139.9092211,20.977,0.036011111,TRUE,27,1,35.91912968,139.9091972,2.304808602,,36.37,1009.056602,47.58007813,201.0625,1.1875,-6.25,0.2,1.14,9.7,0.0625,0.125,0,190,,stopped,0,0,0.839,
2026-08-06T13:10:23.987,633.119,guiding_to_goal,35.9191371,139.9092211,20.977,0.036011111,TRUE,27,1,35.91912968,139.9091972,2.304808602,,36.37,1009.056602,47.58007813,201.0625,1.1875,-6.25,0.21,1.13,9.76,0,0,0,190,,stopped,0,0,0.839,
2026-08-06T13:10:24.487,633.619,guiding_to_goal,35.9191371,139.9092211,20.978,0.0463,TRUE,29,1,35.91912968,139.9091972,2.304808602,,36.37,1009.056602,47.8125,201.0625,1.1875,-6.25,0.22,1.13,9.73,-0.0625,-0.0625,-0.0625,190,,stopped,0,0,0.838,
2026-08-06T13:10:24.996,634.128,guiding_to_goal,35.9191371,139.9092211,20.978,0.0463,TRUE,29,1,35.91912968,139.9091972,2.304808602,,36.37,1009.056602,47.8125,201.0625,1.1875,-6.25,0.23,1.14,9.71,0.0625,-0.125,0.125,190,,stopped,0,0,0.838,
2026-08-06T13:10:25.497,634.628,guiding_to_goal,35.9191371,139.909221,20.979,0.041155556,TRUE,33,1,35.91912968,139.9091972,2.297802779,,36.39,1009.041445,48.01367188,201.0625,1.1875,-6.25,0.22,1.13,9.72,0,0.0625,0,190,,stopped,0,0,0.839,
2026-08-06T13:10:25.997,635.128,guiding_to_goal,35.9191371,139.909221,20.979,0.041155556,TRUE,33,1,35.91912968,139.9091972,2.297802779,,36.39,1009.041445,48.01367188,201.0625,1.1875,-6.25,0.23,1.13,9.73,0,0,0,190,,stopped,0,0,0.839,
2026-08-06T13:10:26.499,635.631,guiding_to_goal,35.9191371,139.909221,20.978,0.030866667,TRUE,33,1,35.91912968,139.9091972,2.297802779,,36.39,1009.115742,47.82617188,201.0625,1.1875,-6.25,0.22,1.14,9.74,0.0625,0,0.0625,190,,stopped,0,0,0.839,
2026-08-06T13:10:27.047,636.179,guiding_to_goal,35.9191371,139.909221,20.978,0.030866667,TRUE,33,1,35.91912968,139.9091972,2.297802779,,36.39,1009.115742,47.82617188,201.0625,1.1875,-6.25,0.22,1.14,9.72,0.0625,0.25,0,190,,stopped,0,0,0.839,
2026-08-06T13:10:27.553,636.685,guiding_to_goal,35.9191371,139.909221,20.978,0.072022222,TRUE,25,1,35.91912968,139.9091972,2.297802779,,36.41,1009.112422,47.80371094,201.0625,1.1875,-6.25,0.21,1.12,9.74,0,8,0.0625,190,,stopped,0,0,0.838,
2026-08-06T13:10:28.054,637.186,guiding_to_goal,35.9191371,139.909221,20.978,0.072022222,TRUE,25,1,35.91912968,139.9091972,2.297802779,,36.41,1009.112422,47.80371094,201.0625,1.1875,-6.25,0.21,1.13,9.71,0.0625,0.125,-0.0625,190,,stopped,0,0,0.838,
2026-08-06T13:10:28.563,637.695,guiding_to_goal,35.91913698,139.909221,20.976,0.005144444,TRUE,25,1,35.91912968,139.9091972,2.29317875,,36.42,1009.046055,47.85253906,201.0625,1.1875,-6.25,0.2,1.13,9.72,-0.0625,0,0,190,,stopped,0,0,0.839,
2026-08-06T13:10:29.064,638.195,guiding_to_goal,35.91913698,139.909221,20.976,0.005144444,TRUE,25,1,35.91912968,139.9091972,2.29317875,,36.42,1009.046055,47.85253906,201.0625,1.1875,-6.25,0.23,1.14,9.7,0,-0.125,0,190,,stopped,0,0,0.839,
2026-08-06T13:10:29.564,638.696,guiding_to_goal,35.9191371,139.9092211,20.974,0.030866667,TRUE,25,1,35.91912968,139.9091972,2.304808602,,36.42,1009.375078,47.79394531,201.0625,1.1875,-6.25,0.22,1.13,9.71,0,0.1875,0.125,190,,stopped,0,0,0.839,
2026-08-06T13:10:30.065,639.196,guiding_to_goal,35.9191371,139.9092211,20.974,0.030866667,TRUE,25,1,35.91912968,139.9091972,2.304808602,,36.42,1009.375078,47.79394531,201.0625,1.1875,-6.25,0.23,1.13,9.71,0,0.1875,0.0625,190,,stopped,0,0,0.839,
2026-08-06T13:10:30.571,639.703,guiding_to_goal,35.9191371,139.9092211,20.973,0.041155556,TRUE,27,1,35.91912968,139.9091972,2.304808602,,36.41,1009.065547,47.8046875,201.0625,1.1875,-6.25,0.25,1.15,9.67,0.0625,0.0625,-0.0625,190,,stopped,0,0,0.839,
2026-08-06T13:10:31.071,640.203,guiding_to_goal,35.9191371,139.9092211,20.973,0.041155556,TRUE,27,1,35.91912968,139.9091972,2.304808602,,36.41,1009.065547,47.8046875,201.0625,1.1875,-6.25,0.22,1.13,9.71,0,0.125,-0.0625,190,,stopped,0,0,0.839,
2026-08-06T13:10:31.572,640.703,guiding_to_goal,35.9191371,139.9092211,20.973,0.051444444,TRUE,26,1,35.91912968,139.9091972,2.304808602,,36.43,1009.069883,47.84179688,201.0625,1.1875,-6.25,0.22,1.14,9.72,0,-0.125,-0.0625,190,,stopped,0,0,0.838,
2026-08-06T13:10:32.072,641.204,guiding_to_goal,35.9191371,139.9092211,20.973,0.051444444,TRUE,26,1,35.91912968,139.9091972,2.304808602,,36.43,1009.069883,47.84179688,201.0625,1.1875,-6.25,0.23,1.12,9.69,-0.125,-0.125,0,190,,stopped,0,0,0.838,
2026-08-06T13:10:32.573,641.704,guiding_to_goal,35.9191371,139.9092212,20.971,0.128611111,TRUE,25,1,35.91912968,139.9091972,2.313219715,,36.45,1009.121406,47.90136719,201.0625,1.1875,-6.25,0.22,1.13,9.74,0,-0.125,0.0625,190,,stopped,0,0,0.838,
2026-08-06T13:10:33.073,642.205,guiding_to_goal,35.9191371,139.9092212,20.971,0.128611111,TRUE,25,1,35.91912968,139.9091972,2.313219715,,36.45,1009.121406,47.90136719,201.0625,1.1875,-6.25,0.24,1.14,9.74,0,-0.0625,0,190,,stopped,0,0,0.838,
2026-08-06T13:10:33.582,642.714,guiding_to_goal,35.9191372,139.9092215,20.968,0.056588889,TRUE,24,1,35.91912968,139.9091972,2.343826257,,36.48,1009.059922,47.92773438,201.0625,1.1875,-6.25,0.22,1.14,9.71,-0.0625,0.0625,0.1875,190,,stopped,0,0,0.838,
2026-08-06T13:10:34.082,643.214,guiding_to_goal,35.9191372,139.9092215,20.968,0.056588889,TRUE,24,1,35.91912968,139.9091972,2.343826257,,36.48,1009.059922,47.92773438,201.0625,1.1875,-6.25,0.2,1.13,9.7,0,-0.0625,-0.0625,190,,stopped,0,0,0.838,
2026-08-06T13:10:34.589,643.72,guiding_to_goal,35.9191372,139.9092217,20.959,0.0463,TRUE,27,1,35.91912968,139.9091972,2.359257518,,36.49,1009.056289,47.9765625,201.0625,9.1875,-6.25,0.21,1.14,9.7,-0.0625,0,0.0625,190,,stopped,0,0,0.838,
2026-08-06T13:10:35.090,644.222,guiding_to_goal,35.9191372,139.9092217,20.959,0.0463,TRUE,27,1,35.91912968,139.9091972,2.359257518,,36.49,1009.056289,47.9765625,201.0625,1.1875,-6.25,0.23,1.12,9.73,-0.0625,0,-0.0625,190,,stopped,0,0,0.838,
2026-08-06T13:10:35.591,644.722,guiding_to_goal,35.9191372,139.9092217,20.959,0.041155556,TRUE,27,1,35.91912968,139.9091972,2.359257518,,36.51,1009.025547,47.89648438,201.0625,1.1875,-6.25,0.24,1.15,9.73,0,0.125,0.0625,190,,stopped,0,0,0.838,
2026-08-06T13:10:36.091,645.223,guiding_to_goal,35.9191372,139.9092217,20.959,0.041155556,TRUE,27,1,35.91912968,139.9091972,2.359257518,,36.51,1009.025547,47.89648438,201.0625,1.1875,-6.25,0.2,1.13,9.73,0,0.125,0,190,,stopped,0,0,0.838,
2026-08-06T13:10:36.592,645.724,guiding_to_goal,35.9191372,139.9092217,20.96,0.061733333,TRUE,26,1,35.91912968,139.9091972,2.359257518,,34.49,1006.038594,47.74609375,201.0625,1.1875,-6.25,0.23,1.15,9.7,-0.0625,0.0625,0.125,190,,stopped,0,0,0.838,
2026-08-06T13:10:37.094,646.226,guiding_to_goal,35.9191372,139.9092217,20.96,0.061733333,TRUE,26,1,35.91912968,139.9091972,2.359257518,,34.49,1006.038594,47.74609375,201.0625,1.1875,-6.25,0.21,1.14,9.75,-0.0625,0.125,-0.0625,190,,stopped,0,0,0.838,
2026-08-06T13:10:37.599,646.73,guiding_to_goal,35.9191372,139.9092218,20.958,0.061733333,TRUE,25,1,35.91912968,139.9091972,2.367680699,,36.5,1009.154453,47.69824219,201.0625,1.1875,-6.25,0.23,1.14,9.72,-0.0625,-0.0625,-0.125,190,,stopped,0,0,0.838,
2026-08-06T13:10:38.102,647.234,guiding_to_goal,35.9191372,139.9092218,20.958,0.061733333,TRUE,25,1,35.91912968,139.9091972,2.367680699,,36.5,1009.154453,47.69824219,201.0625,1.1875,-6.25,0.2,1.15,9.72,-0.0625,0,0.125,190,,stopped,0,0,0.838,
2026-08-06T13:10:38.603,647.734,guiding_to_goal,35.9191372,139.9092219,20.955,0.020577778,TRUE,25,1,35.91912968,139.9091972,2.377513136,,36.52,1009.104219,47.78125,201.0625,1.1875,-6.25,0.23,1.14,9.72,0.0625,-0.0625,0.0625,190,,stopped,0,0,0.838,
2026-08-06T13:10:39.103,648.235,guiding_to_goal,35.9191372,139.9092219,20.955,0.020577778,TRUE,25,1,35.91912968,139.9091972,2.377513136,,36.54,1009.053984,47.72558594,201.0625,1.1875,-6.25,0.22,1.13,9.71,0,-0.1875,0,190,,stopped,0,0,0.838,
2026-08-06T13:10:39.604,648.735,guiding_to_goal,35.9191372,139.9092219,20.955,0.025722222,TRUE,26,1,35.91912968,139.9091972,2.377513136,,36.54,1009.053984,47.72558594,201.0625,1.1875,-6.25,0.22,1.11,9.72,0,-0.125,-0.0625,190,,stopped,0,0,0.838,
2026-08-06T13:10:40.104,649.236,guiding_to_goal,35.9191372,139.9092219,20.955,0.025722222,TRUE,26,1,35.91912968,139.9091972,2.377513136,,36.56,1009.167969,47.58789063,201.0625,1.1875,-6.25,0.23,1.14,9.72,-0.0625,-0.0625,0.125,190,,stopped,0,0,0.839,
2026-08-06T13:10:40.614,649.746,guiding_to_goal,35.9191372,139.9092219,20.955,0.118322222,TRUE,27,1,35.91912968,139.9091972,2.377513136,,36.56,1009.085703,47.66992188,201.0625,1.1875,-6.25,0.22,1.16,9.72,0,0.125,0.0625,190,,stopped,0,0,0.838,
2026-08-06T13:10:41.118,650.249,guiding_to_goal,35.9191372,139.9092219,20.955,0.118322222,TRUE,27,1,35.91912968,139.9091972,2.377513136,,36.56,1009.085703,47.66992188,201.0625,1.1875,-6.25,0.22,1.15,9.74,0,-0.0625,0,190,,stopped,0,0,0.838,
2026-08-06T13:10:41.618,650.75,guiding_to_goal,35.9191372,139.909222,20.956,0.087455556,TRUE,25,1,35.91912968,139.9091972,2.384539822,,36.56,1009.085703,47.61132813,218.1875,1.5,-7.8125,0.55,1.41,8.9,-5.8125,-23.0625,-82.5,190,,stopped,0,0,1.94,
2026-08-06T13:10:42.119,651.25,guiding_to_goal,35.9191372,139.909222,20.956,0.087455556,TRUE,25,1,35.91912968,139.9091972,2.384539822,,36.56,1009.085703,47.61132813,222.875,2.0625,-6.8125,0.55,-0.25,9.74,-23.1875,-0.8125,-2.5625,190,,stopped,0,0,5.218,
2026-08-06T13:10:42.619,651.751,guiding_to_goal,35.9191372,139.9092221,20.953,0.056588889,TRUE,26,1,35.91912968,139.9091972,2.392975672,,36.53,1009.065234,47.49121094,223.0625,1.75,-6.75,0.2,1.11,9.7,0,0.125,-0.0625,126,,stopped,0,0,5.21,
2026-08-06T13:10:43.120,652.251,guiding_to_goal,35.9191372,139.9092221,20.953,0.056588889,TRUE,26,1,35.91912968,139.9091972,2.392975672,,36.53,1009.065234,47.49121094,223.0625,1.75,-6.75,0.2,1.13,9.73,-0.0625,0.125,0.1875,126,,stopped,0,0,5.198,
2026-08-06T13:10:43.620,652.752,guiding_to_goal,35.91913728,139.9092221,20.952,0.041155556,TRUE,27,1,35.91912968,139.9091972,2.396227902,,36.59,1009.188438,47.61425781,223.0625,1.6875,-6.75,0.17,1.11,9.73,0,-0.125,0.0625,126,,stopped,0,0,5.209,
2026-08-06T13:10:44.124,653.256,guiding_to_goal,35.91913728,139.9092221,20.952,0.041155556,TRUE,27,1,35.91912968,139.9091972,2.396227902,,36.59,1009.188438,47.61425781,223.0625,1.6875,-6.75,0.19,1.12,9.74,0,0,0,126,,stopped,0,0,5.239,
2026-08-06T13:10:44.626,653.757,guiding_to_goal,35.91913728,139.9092222,20.952,0.036011111,TRUE,27,1,35.91912968,139.9091972,2.404656472,,36.6,1009.114102,47.41601563,223.0625,1.6875,-6.75,0.18,1.12,9.73,-0.0625,0.0625,-0.0625,126,,stopped,0,0,5.225,
2026-08-06T13:10:45.152,654.284,guiding_to_goal,35.91913728,139.9092222,20.952,0.036011111,TRUE,27,1,35.91912968,139.9091972,2.404656472,,36.6,1009.114102,47.41601563,223.0625,1.6875,-6.75,0.21,1.12,9.73,0,-0.0625,0,126,,stopped,0,0,5.209,
2026-08-06T13:10:45.659,654.791,guiding_to_goal,35.91913728,139.9092222,20.951,0.061733333,TRUE,25,1,35.91912968,139.9091972,2.404656472,,36.61,1009.055938,47.640625,223.0625,1.6875,-6.75,1.47,1.11,9.73,0.0625,0.0625,0.0625,190,,stopped,0,0,5.214,
2026-08-06T13:10:46.161,655.292,guiding_to_goal,35.91913728,139.9092222,20.951,0.061733333,TRUE,25,1,35.91912968,139.9091972,2.404656472,,36.61,1009.055938,47.640625,223.0625,1.6875,-6.75,0.2,1.11,9.73,0,-0.0625,0,190,,stopped,0,0,5.227,
2026-08-06T13:10:46.661,655.793,guiding_to_goal,35.91913728,139.9092222,20.954,0.025722222,TRUE,25,1,35.91912968,139.9091972,2.404656472,,36.61,1009.055938,47.37207031,223.0625,1.6875,-6.75,0.2,1.13,9.72,0,0.125,-0.0625,190,,stopped,0,0,5.238,
2026-08-06T13:10:47.162,656.293,guiding_to_goal,35.91913728,139.9092222,20.954,0.025722222,TRUE,25,1,35.91912968,139.9091972,2.404656472,,36.61,1009.055938,47.37207031,223.0625,1.6875,-6.75,0.2,1.12,9.71,0.0625,-0.0625,0,190,,stopped,0,0,5.223,
2026-08-06T13:10:47.662,656.794,guiding_to_goal,35.91913728,139.9092222,20.956,0.030866667,TRUE,26,1,35.91912968,139.9091972,2.404656472,,36.6,1009.08668,47.42773438,223.0625,1.6875,-6.75,0.2,1.13,9.73,0,0,0,190,,stopped,0,0,5.215,
2026-08-06T13:10:48.162,657.294,guiding_to_goal,35.91913728,139.9092222,20.956,0.030866667,TRUE,26,1,35.91912968,139.9091972,2.404656472,,36.6,1009.08668,47.42773438,223.0625,1.6875,-6.75,0.17,1.13,9.74,-0.0625,0.0625,0,190,,stopped,0,0,5.229,
2026-08-06T13:10:48.663,657.794,guiding_to_goal,35.91913728,139.9092222,20.955,0.010288889,TRUE,26,1,35.91912968,139.9091972,2.404656472,,36.59,1009.133594,47.46289063,223.0625,1.6875,-6.75,0.18,1.12,9.72,0,-0.125,0.125,190,,stopped,0,0,5.205,
2026-08-06T13:10:49.163,658.295,guiding_to_goal,35.91913728,139.9092222,20.955,0.010288889,TRUE,26,1,35.91912968,139.9091972,2.404656472,,36.59,1009.133594,47.46289063,223.0625,1.6875,-6.75,0.19,1.1,9.72,0,0.0625,0.125,190,,stopped,0,0,5.205,
2026-08-06T13:10:49.664,658.795,guiding_to_goal,35.91913728,139.9092222,20.955,0.051444444,TRUE,27,1,35.91912968,139.9091972,2.404656472,,36.6,1009.122031,47.46386719,223.0625,1.6875,-6.75,0.17,1.12,9.7,0.0625,0.0625,0,190,,stopped,0,0,5.218,
2026-08-06T13:10:50.164,659.296,guiding_to_goal,35.91913728,139.9092222,20.955,0.051444444,TRUE,27,1,35.91912968,139.9091972,2.404656472,,36.6,1009.122031,47.46386719,223.0625,1.6875,-6.75,0.16,1.11,9.72,-0.0625,-0.0625,0.0625,190,,stopped,0,0,5.21,
2026-08-06T13:10:50.664,659.796,guiding_to_goal,35.91913728,139.9092222,20.955,0.0463,TRUE,27,1,35.91912968,139.9091972,2.404656472,,36.6,1009.122031,47.45214844,210.0625,1.75,-7.75,-0.02,1.6,10.58,1.9375,4,69.125,190,,stopped,0,0,0.919,
2026-08-06T13:10:51.165,660.296,guiding_to_goal,35.91913728,139.9092222,20.955,0.0463,TRUE,27,1,35.91912968,139.9091972,2.404656472,,36.6,1009.122031,47.45214844,207,1.8125,-7.1875,-0.24,0.83,11.46,-15.8125,15.125,78.5,190,,stopped,0,0,0.863,
2026-08-06T13:10:51.665,660.797,guiding_to_goal,35.9191372,139.9092222,20.955,0.056588889,TRUE,32,1,35.91912968,139.9091972,2.401415656,,36.59,1009.125664,47.73046875,204.5,1.625,-6.9375,0.34,1.19,9.69,0.0625,0.0625,0.125,190,,stopped,0,0,0.859,
2026-08-06T13:10:52.166,661.297,guiding_to_goal,35.9191372,139.9092222,20.955,0.056588889,TRUE,32,1,35.91912968,139.9091972,2.401415656,,36.59,1009.125664,47.73046875,204.5,1.625,-6.9375,0.36,1.18,9.69,0,-0.125,-0.1875,190,,stopped,0,0,0.859,
2026-08-06T13:10:52.666,661.798,guiding_to_goal,35.9191372,139.9092222,20.954,0.041155556,TRUE,31,1,35.91912968,139.9091972,2.401415656,,36.58,1009.082344,47.3671875,204.5,1.625,-6.9375,0.32,1.2,9.69,0.0625,0.0625,-0.125,190,,stopped,0,0,0.859,
2026-08-06T13:10:53.175,662.306,guiding_to_goal,35.9191372,139.9092222,20.954,0.041155556,TRUE,31,1,35.91912968,139.9091972,2.401415656,,36.58,1009.082344,47.3671875,204.5,1.625,-6.9375,0.32,1.19,9.71,0.0625,-0.25,0,190,,stopped,0,0,0.86,
2026-08-06T13:10:53.677,662.809,guiding_to_goal,35.9191372,139.9092221,20.953,0.102888889,TRUE,26,1,35.91912968,139.9091972,2.392975672,,36.59,1009.07082,47.24121094,204.5,1.625,-6.9375,0.3,1.2,9.71,-0.0625,0,-0.125,190,,stopped,0,0,0.859,
2026-08-06T13:10:54.579,663.711,guiding_to_goal,35.9191372,139.9092221,20.953,0.102888889,TRUE,26,1,35.91912968,139.9091972,2.392975672,,36.59,1009.07082,47.24121094,204.5,1.625,-6.9375,0.33,1.19,9.69,0,0,0,190,,stopped,0,0,0.859,
2026-08-06T13:10:55.084,664.215,guiding_to_goal,,,,,FALSE,,,35.91912968,139.9091972,,,36.59,1009.07082,47.24121094,204.5,1.625,-6.9375,0.32,1.2,9.68,0,0,0.0625,190,,stopped,0,0,0.859,
2026-08-06T13:10:55.584,664.716,guiding_to_goal,,,,,FALSE,,,35.91912968,139.9091972,,,36.6,1009.08668,47.34570313,204.5,1.625,-6.9375,0.33,1.2,9.7,0,0,0.125,190,,stopped,0,0,0.859,
2026-08-06T13:10:56.085,665.216,guiding_to_goal,35.9191372,139.9092221,20.948,0.030866667,TRUE,25,1,35.91912968,139.9091972,2.392975672,,36.6,1009.08668,47.34570313,204.5,1.625,-6.9375,0.33,1.19,9.69,-0.125,0.0625,0.0625,190,,stopped,0,0,0.859,
2026-08-06T13:10:56.585,665.717,guiding_to_goal,35.9191372,139.9092221,20.948,0.030866667,TRUE,25,1,35.91912968,139.9091972,2.392975672,,36.43,1008.850508,47.38769531,204.5,1.625,-6.9375,0.34,1.19,9.71,-0.0625,-0.0625,0.125,190,,stopped,0,0,0.86,
2026-08-06T13:10:57.092,666.223,guiding_to_goal,35.9191372,139.9092221,20.95,0.056588889,TRUE,26,1,35.91912968,139.9091972,2.392975672,,36.59,1009.051328,47.38085938,204.5,1.625,-6.9375,0.32,1.21,9.7,0,0.0625,0,190,,stopped,0,0,0.858,
2026-08-06T13:10:57.844,666.976,guiding_to_goal,35.9191372,139.9092221,20.95,0.056588889,TRUE,26,1,35.91912968,139.9091972,2.392975672,,36.59,1009.051328,47.38085938,204.5,1.625,-6.9375,0.31,1.2,9.69,0.125,0.0625,0,190,,stopped,0,0,0.858,
2026-08-06T13:10:58.345,667.476,guiding_to_goal,35.9191372,139.9092221,20.951,0.041155556,TRUE,26,1,35.91912968,139.9091972,2.392975672,,36.61,1009.083359,47.38378906,204.5,1.625,-6.9375,0.32,1.22,9.71,0,0.0625,0.0625,190,,stopped,0,0,0.859,
2026-08-06T13:10:58.845,667.977,guiding_to_goal,35.9191372,139.9092221,20.951,0.041155556,TRUE,26,1,35.91912968,139.9091972,2.392975672,,36.61,1009.083359,47.38378906,204.5,1.625,-6.9375,0.34,1.21,9.7,0,-0.0625,0,190,,stopped,0,0,0.859,
2026-08-06T13:10:59.345,668.477,guiding_to_goal,35.9191372,139.9092221,20.952,0.036011111,TRUE,26,1,35.91912968,139.9091972,2.392975672,,36.61,1009.138203,47.43066406,204.5,1.625,-6.9375,0.32,1.2,9.7,0.0625,-0.0625,-0.0625,190,,turn_left,-5,5,0.859,
2026-08-06T13:10:59.846,668.977,guiding_to_goal,35.9191372,139.9092221,20.952,0.036011111,TRUE,26,1,35.91912968,139.9091972,2.392975672,,36.61,1009.138203,47.43066406,204.0625,1.625,-6.9375,0.65,2.12,9.72,-0.9375,2.5,20.125,190,,turn_left,-25,25,0.851,
2026-08-06T13:11:00.346,669.478,guiding_to_goal,35.9191371,139.9092221,20.96,0.051444444,TRUE,25,1,35.91912968,139.9091972,2.389114592,,36.61,1009.083359,47.39550781,198.0625,0.625,-6.375,0.23,1.14,9.72,0,0,0.0625,62,,stopped,0,0,0.84,
2026-08-06T13:11:00.847,669.978,guiding_to_goal,35.9191371,139.9092221,20.96,0.051444444,TRUE,25,1,35.91912968,139.9091972,2.389114592,,36.61,1009.083359,47.39550781,198.0625,0.625,-6.375,0.21,1.11,9.73,-0.0625,-0.1875,0.0625,62,,stopped,0,0,0.84,
2026-08-06T13:11:01.347,670.479,guiding_to_goal,35.91913698,139.9092221,20.96,0.020577778,TRUE,27,1,35.91912968,139.9091972,2.38466763,,36.63,1009.126641,47.38378906,198.0625,0.625,-6.375,0.2,1.13,9.71,8,0,0.125,62,,stopped,0,0,0.84,
2026-08-06T13:11:01.847,670.979,guiding_to_goal,35.91913698,139.9092221,20.96,0.020577778,TRUE,27,1,35.91912968,139.9091972,2.38466763,,36.63,1009.126641,47.38378906,198.0625,0.625,-6.375,1.51,1.15,9.74,0,0.0625,-0.125,62,,stopped,0,0,0.84,
2026-08-06T13:11:02.348,671.479,guiding_to_goal,35.91913698,139.9092221,20.96,0.020577778,TRUE,27,1,35.91912968,139.9091972,2.38466763,,36.63,1009.154102,47.39550781,198.0625,0.625,-6.375,0.23,1.14,9.72,-0.0625,-0.125,0.125,62,,stopped,0,0,0.84,
2026-08-06T13:11:02.856,671.988,guiding_to_goal,35.91913698,139.9092221,20.96,0.020577778,TRUE,27,1,35.91912968,139.9091972,2.38466763,,36.63,1009.154102,47.39550781,198.0625,0.625,-6.375,0.21,1.12,9.72,0,-0.0625,0,62,,stopped,0,0,0.84,
2026-08-06T13:11:03.356,672.488,guiding_to_goal,35.91913698,139.9092221,20.96,0.020577778,TRUE,26,1,35.91912968,139.9091972,2.38466763,,36.64,1009.087656,47.37402344,198.0625,0.625,-6.375,0.21,1.13,9.74,0,-0.125,0.0625,62,,stopped,0,0,0.84,
2026-08-06T13:11:03.857,672.989,guiding_to_goal,35.91913698,139.9092221,20.96,0.020577778,TRUE,26,1,35.91912968,139.9091972,2.38466763,,36.64,1009.087656,47.37402344,198.0625,0.625,-6.375,0.22,1.13,9.73,-0.0625,-0.0625,0.125,62,,stopped,0,0,0.84,
2026-08-06T13:11:04.358,673.49,guiding_to_goal,35.9191371,139.9092221,20.96,0.0463,TRUE,26,1,35.91912968,139.9091972,2.389114592,,36.64,1009.115117,47.35058594,198.0625,0.625,-6.375,0.24,1.13,9.72,0.0625,0.1875,0,62,,stopped,0,0,0.84,
2026-08-06T13:11:04.859,673.99,guiding_to_goal,35.9191371,139.9092221,20.96,0.0463,TRUE,26,1,35.91912968,139.9091972,2.389114592,,36.64,1009.115117,47.35058594,198.0625,0.625,-6.375,0.22,1.11,9.71,0,0.0625,0,62,,stopped,0,0,0.84,
2026-08-06T13:11:05.361,674.493,guiding_to_goal,35.91913698,139.9092221,20.96,0.036011111,TRUE,25,1,35.91912968,139.9091972,2.38466763,,36.65,1009.076406,47.32714844,198.0625,0.625,-6.375,0.2,1.14,9.72,0,0.0625,0.0625,62,,stopped,0,0,0.84,
2026-08-06T13:11:05.866,674.998,guiding_to_goal,35.91913698,139.9092221,20.96,0.036011111,TRUE,25,1,35.91912968,139.9091972,2.38466763,,36.65,1009.076406,47.32714844,198.0625,0.625,-6.375,0.21,1.14,9.76,0.0625,0.0625,-0.0625,62,,stopped,0,0,0.84,
2026-08-06T13:11:06.367,675.498,guiding_to_goal,35.91913698,139.9092221,20.96,0.020577778,TRUE,26,1,35.91912968,139.9091972,2.38466763,,36.66,1009.092266,47.31738281,198.0625,0.625,-6.375,0.22,1.15,9.74,0,0,0,62,,stopped,0,0,0.84,
2026-08-06T13:11:06.867,675.998,guiding_to_goal,35.91913698,139.9092221,20.96,0.020577778,TRUE,26,1,35.91912968,139.9091972,2.38466763,,36.66,1009.092266,47.31738281,198.0625,0.625,-6.375,0.21,1.13,9.69,-0.0625,-0.0625,0,62,,stopped,0,0,0.84,
2026-08-06T13:11:07.367,676.499,guiding_to_goal,35.91913698,139.9092221,20.96,0.0463,TRUE,25,1,35.91912968,139.9091972,2.38466763,,36.55,1008.932695,47.31933594,198.0625,0.625,-6.375,0.21,1.12,9.71,0,0.1875,0.0625,62,,stopped,0,0,0.84,
2026-08-06T13:11:07.868,676.999,guiding_to_goal,35.91913698,139.9092221,20.96,0.0463,TRUE,25,1,35.91912968,139.9091972,2.38466763,,36.55,1008.932695,47.31933594,198.0625,0.625,-6.375,0.23,1.16,9.69,0,-0.0625,0.0625,62,,stopped,0,0,0.84,
2026-08-06T13:11:08.368,677.5,guiding_to_goal,35.91913698,139.9092221,20.967,0.102888889,TRUE,25,1,35.91912968,139.9091972,2.38466763,,36.68,1009.151406,47.34277344,198.0625,0.625,-6.375,0.22,1.14,9.72,0.0625,-0.0625,0,62,,stopped,0,0,0.84,
2026-08-06T13:11:08.869,678,guiding_to_goal,35.91913698,139.9092221,20.967,0.102888889,TRUE,25,1,35.91912968,139.9091972,2.38466763,,36.68,1009.151406,47.34277344,198.0625,0.625,-6.375,0.23,1.13,9.72,-0.0625,0.0625,0.125,62,,stopped,0,0,0.84,
2026-08-06T13:11:09.369,678.501,guiding_to_goal,35.9191372,139.9092222,20.987,0.025722222,TRUE,25,1,35.91912968,139.9091972,2.401415656,,36.68,1009.104805,47.27441406,198.0625,0.625,-6.375,0.21,1.12,9.72,-0.0625,0,0,62,,stopped,0,0,0.839,
2026-08-06T13:11:09.870,679.001,guiding_to_goal,35.9191372,139.9092222,20.987,0.025722222,TRUE,25,1,35.91912968,139.9091972,2.401415656,,36.68,1009.104805,47.27441406,198.0625,0.625,-6.375,0.23,1.12,9.73,0.0625,0.0625,0.1875,62,,stopped,0,0,0.839,
2026-08-06T13:11:10.370,679.502,guiding_to_goal,35.9191372,139.9092222,20.983,0.010288889,TRUE,26,1,35.91912968,139.9091972,2.401415656,,36.7,1009.183438,47.21679688,198.0625,0.625,-6.375,0.23,1.12,9.7,0,0.25,-0.0625,62,,stopped,0,0,0.84,
2026-08-06T13:11:10.870,680.002,guiding_to_goal,35.9191372,139.9092222,20.983,0.010288889,TRUE,26,1,35.91912968,139.9091972,2.401415656,,36.7,1009.183438,47.21679688,198.0625,0.625,-6.375,0.21,1.14,9.69,0,0.125,-0.0625,62,,stopped,0,0,0.84,
2026-08-06T13:11:11.371,680.503,guiding_to_goal,35.9191372,139.9092222,20.981,0.0463,TRUE,27,1,35.91912968,139.9091972,2.401415656,,36.7,1009.128594,47.18164063,198.0625,0.625,-6.375,0.23,1.13,9.72,0.0625,0,0,62,,stopped,0,0,0.84,
2026-08-06T13:11:11.872,681.004,guiding_to_goal,35.9191372,139.9092222,20.981,0.0463,TRUE,27,1,35.91912968,139.9091972,2.401415656,,36.7,1009.128594,47.18164063,198.0625,0.625,-6.375,0.21,1.12,9.74,0.0625,-0.0625,-0.0625,62,,stopped,0,0,0.84,
2026-08-06T13:11:12.373,681.504,guiding_to_goal,35.9191372,139.9092222,20.982,0.087455556,TRUE,27,1,35.91912968,139.9091972,2.401415656,,36.7,1009.24625,46.984375,198.0625,0.625,-6.375,0.21,1.12,9.71,0.0625,0,0.0625,62,,stopped,0,0,0.84,
2026-08-06T13:11:12.873,682.005,guiding_to_goal,35.9191372,139.9092222,20.982,0.087455556,TRUE,27,1,35.91912968,139.9091972,2.401415656,,36.71,1009.062148,47.18261719,198.0625,0.625,-6.375,0.21,1.15,9.71,0.0625,0.125,-0.0625,62,,stopped,0,0,0.84,
2026-08-06T13:11:13.374,682.506,guiding_to_goal,35.9191372,139.9092221,20.981,0.066877778,TRUE,24,1,35.91912968,139.9091972,2.392975672,,36.71,1009.062148,47.18261719,206.0625,0.625,-6.375,0.22,1.15,9.72,0.0625,0.0625,-0.0625,62,,stopped,0,0,0.839,
2026-08-06T13:11:13.877,683.008,guiding_to_goal,35.9191372,139.9092221,20.981,0.066877778,TRUE,24,1,35.91912968,139.9091972,2.392975672,,36.71,1009.034766,47.49707031,198.0625,0.625,-6.375,0.2,1.14,9.71,0,0.125,0.0625,62,,stopped,0,0,0.839,
2026-08-06T13:11:14.377,683.509,guiding_to_goal,35.9191372,139.909222,20.98,0.030866667,TRUE,23,1,35.91912968,139.9091972,2.384539822,,36.71,1009.034766,47.49707031,198.0625,0.625,-6.375,0.21,1.14,9.7,0.0625,-0.125,-0.0625,62,,stopped,0,0,0.84,
2026-08-06T13:11:14.877,684.009,guiding_to_goal,35.9191372,139.909222,20.98,0.030866667,TRUE,23,1,35.91912968,139.9091972,2.384539822,,36.72,1009.105781,47.16015625,198.0625,0.625,-6.375,0.23,1.14,9.73,0.0625,0,0,62,,stopped,0,0,0.84,
2026-08-06T13:11:15.378,684.509,guiding_to_goal,35.9191371,139.909222,20.981,0.015433333,TRUE,24,1,35.91912968,139.9091972,2.380665061,,36.71,1009.015234,47.21875,198.0625,0.625,-6.375,0.21,1.11,9.71,0,-0.0625,-0.0625,62,,stopped,0,0,0.84,
2026-08-06T13:11:15.878,685.01,guiding_to_goal,35.9191371,139.909222,20.981,0.015433333,TRUE,24,1,35.91912968,139.9091972,2.380665061,,36.71,1009.015234,47.21875,198.0625,0.625,-6.375,0.21,1.14,9.73,0,0.0625,0,62,,stopped,0,0,0.84,
2026-08-06T13:11:16.379,685.51,guiding_to_goal,35.9191372,139.909222,20.981,0.010288889,TRUE,24,1,35.91912968,139.9091972,2.384539822,,36.72,1009.160625,47.41699219,198.0625,0.625,-6.375,0.21,1.13,9.73,0,-0.125,0,62,,stopped,0,0,0.839,
2026-08-06T13:11:16.886,686.017,guiding_to_goal,35.9191372,139.909222,20.981,0.010288889,TRUE,24,1,35.91912968,139.9091972,2.384539822,,36.72,1009.160625,47.41699219,198.0625,0.625,-6.375,0.21,1.12,9.72,0.0625,0,0.125,62,,stopped,0,0,0.839,
2026-08-06T13:11:17.387,686.518,guiding_to_goal,35.9191372,139.909222,20.982,0.077166667,TRUE,24,1,35.91912968,139.9091972,2.384539822,,36.56,1008.811445,47.57617188,198.0625,8.625,-6.375,0.22,1.11,9.7,0,0.125,0.0625,62,,turn_right,5,-5,0.84,
2026-08-06T13:11:17.886,687.018,guiding_to_goal,35.9191372,139.909222,20.982,0.077166667,TRUE,24,1,35.91912968,139.9091972,2.384539822,,36.56,1008.811445,47.57617188,198.125,0.625,-6.6875,0.23,1.42,9.32,6.1875,5.125,-7,62,,turn_right,25,-25,0.841,
2026-08-06T13:11:18.387,687.518,guiding_to_goal,35.91913728,139.9092219,20.989,0.030866667,TRUE,25,1,35.91912968,139.9091972,2.380786489,,36.75,1009.372813,47.49023438,238.625,2.4375,-8.9375,-0.76,2.74,9.68,1.8125,-4.0625,-51.125,62,,stopped,0,0,7.614,
2026-08-06T13:11:18.887,688.019,guiding_to_goal,35.91913728,139.9092219,20.989,0.030866667,TRUE,25,1,35.91912968,139.9091972,2.380786489,,36.75,1009.372813,47.49023438,242.6875,2.4375,-8.9375,0.71,1.59,10.25,-11.5625,-7.25,-9.3125,62,,stopped,0,0,7.429,
2026-08-06T13:11:19.388,688.519,guiding_to_goal,35.91913728,139.9092219,20.989,0.020577778,TRUE,26,1,35.91912968,139.9091972,2.380786489,,36.76,1009.114648,47.89941406,243,2,-8.5,0.19,1.32,9.71,-0.0625,0,0.0625,62,,stopped,0,0,7.398,
2026-08-06T13:11:19.888,689.02,guiding_to_goal,35.91913728,139.9092219,20.989,0.020577778,TRUE,26,1,35.91912968,139.9091972,2.380786489,,36.76,1009.114648,47.89941406,243,1.9375,-8.5,0.19,1.31,9.67,0.0625,-0.0625,-0.0625,62,,stopped,0,0,7.397,
2026-08-06T13:11:20.388,689.52,guiding_to_goal,35.91913728,139.9092219,20.99,0.041155556,TRUE,26,1,35.91912968,139.9091972,2.380786489,,36.76,1009.095156,47.77148438,243,1.625,-8.1875,1.47,1.32,9.66,0,0,0.0625,62,,stopped,0,0,7.398,
2026-08-06T13:11:20.889,690.02,guiding_to_goal,35.91913728,139.9092219,20.99,0.041155556,TRUE,26,1,35.91912968,139.9091972,2.380786489,,36.76,1009.095156,47.77148438,243,1.625,-8.1875,0.19,1.31,9.68,0,0.0625,0,62,,stopped,0,0,7.393,
2026-08-06T13:11:21.393,690.525,guiding_to_goal,35.91913728,139.9092219,20.988,0.041155556,TRUE,27,1,35.91912968,139.9091972,2.380786489,,36.77,1009.130508,48.18066406,243,1.625,-8.1875,0.17,1.31,9.67,0.0625,0.0625,0,62,,stopped,0,0,7.392,
2026-08-06T13:11:21.896,691.027,guiding_to_goal,35.91913728,139.9092219,20.988,0.041155556,TRUE,27,1,35.91912968,139.9091972,2.380786489,,36.77,1009.130508,48.18066406,243,1.625,-8.1875,0.17,1.32,9.68,0,0,-0.0625,62,,stopped,0,0,7.397,
2026-08-06T13:11:22.396,691.528,guiding_to_goal,35.91913728,139.9092219,20.988,0.041155556,TRUE,25,1,35.91912968,139.9091972,2.380786489,,36.78,1009.154336,48.17089844,243,1.625,-8.1875,0.17,1.3,9.69,0,-0.0625,0,62,,stopped,0,0,7.41,
2026-08-06T13:11:22.897,692.028,guiding_to_goal,35.91913728,139.9092219,20.988,0.041155556,TRUE,25,1,35.91912968,139.9091972,2.380786489,,36.78,1009.154336,48.17089844,243,1.625,-8.1875,0.19,1.32,9.66,0,-0.0625,-0.0625,62,,stopped,0,0,7.391,
2026-08-06T13:11:23.397,692.529,guiding_to_goal,35.91913728,139.9092219,20.988,0.020577778,TRUE,24,1,35.91912968,139.9091972,2.380786489,,36.79,1009.107695,48.99804688,243,1.625,-8.1875,0.19,1.31,9.67,-0.0625,0.1875,-0.0625,62,,stopped,0,0,7.393,
2026-08-06T13:11:23.898,693.029,guiding_to_goal,35.91913728,139.9092219,20.988,0.020577778,TRUE,24,1,35.91912968,139.9091972,2.380786489,,36.79,1009.107695,48.99804688,243,1.625,-8.1875,0.19,1.31,9.68,-0.0625,0,0,62,,stopped,0,0,7.425,
2026-08-06T13:11:24.398,693.53,guiding_to_goal,35.9191372,139.9092219,20.992,0.077166667,TRUE,24,1,35.91912968,139.9091972,2.377513136,,36.8,1009.096094,48.74316406,243,1.625,-8.1875,0.19,1.32,9.71,0,0.125,-0.0625,62,,stopped,0,0,7.407,
2026-08-06T13:11:24.898,694.03,guiding_to_goal,35.9191372,139.9092219,20.992,0.077166667,TRUE,24,1,35.91912968,139.9091972,2.377513136,,36.8,1009.096094,48.74316406,243,1.625,-8.1875,0.18,1.32,9.71,-0.0625,-0.0625,-0.0625,62,,stopped,0,0,7.403,
2026-08-06T13:11:25.399,694.53,guiding_to_goal,35.9191371,139.909222,20.995,0.066877778,TRUE,24,1,35.91912968,139.9091972,2.380665061,,36.81,1009.449102,48.62792969,243,1.625,-8.1875,0.17,1.32,9.68,0.0625,-0.125,0.0625,62,,stopped,0,0,7.404,
2026-08-06T13:11:25.899,695.031,guiding_to_goal,35.9191371,139.909222,20.995,0.066877778,TRUE,24,1,35.91912968,139.9091972,2.380665061,,36.81,1009.449102,48.62792969,243,1.625,-8.1875,0.18,1.33,9.66,0.0625,0.125,-0.0625,62,,stopped,0,0,7.412,
2026-08-06T13:11:26.400,695.531,guiding_to_goal,35.9191371,139.909222,20.996,0.0463,TRUE,24,1,35.91912968,139.9091972,2.380665061,,36.82,1009.108633,48.37304688,243,1.625,-8.1875,0.2,1.28,9.69,0.0625,0.0625,-0.0625,62,,turn_left,-5,5,7.394,
2026-08-06T13:11:26.900,696.032,guiding_to_goal,35.9191371,139.909222,20.996,0.0463,TRUE,24,1,35.91912968,139.9091972,2.380665061,,36.82,1009.108633,48.37304688,242.875,1.75,-8.0625,-0.36,0.9,8.13,-10.0625,-5.875,5.25,62,,turn_left,-25,25,7.412,
2026-08-06T13:11:27.400,696.532,guiding_to_goal,35.91913678,139.9092221,20.999,0.015433333,TRUE,24,1,35.91912968,139.9091972,2.377189623,,36.83,1009.097031,48.05859375,242.8125,1.625,-7.6875,0.23,1.26,9.65,0,0,0.0625,190,,stopped,0,0,7.415,
2026-08-06T13:11:27.901,697.032,guiding_to_goal,35.91913678,139.9092221,20.999,0.015433333,TRUE,24,1,35.91912968,139.9091972,2.377189623,,36.83,1009.097031,48.05859375,242.8125,1.625,-7.6875,0.23,1.25,9.66,0.125,-0.0625,0,190,,stopped,0,0,7.42,
2026-08-06T13:11:28.404,697.536,guiding_to_goal,35.91913668,139.9092222,20.999,0.010288889,TRUE,25,1,35.91912968,139.9091972,2.382028844,,35.15,1006.473398,47.93066406,242.8125,1.625,-7.6875,0.23,1.25,9.7,0,-0.0625,-0.125,190,,stopped,0,0,7.439,
2026-08-06T13:11:28.914,698.046,guiding_to_goal,35.91913668,139.9092222,20.999,0.010288889,TRUE,25,1,35.91912968,139.9091972,2.382028844,,35.15,1006.473398,47.93066406,242.8125,1.625,-7.6875,0.23,1.25,9.71,0,-0.125,0.125,190,,stopped,0,0,7.431,
2026-08-06T13:11:29.424,698.556,guiding_to_goal,35.9191366,139.9092221,21.002,0.051444444,TRUE,25,1,35.91912968,139.9091972,2.370497346,,36.88,1009.031523,47.97070313,242.8125,1.625,-7.6875,0.22,1.26,9.67,0.0625,0,0,190,,stopped,0,0,7.418,
2026-08-06T13:11:29.929,699.061,guiding_to_goal,35.9191366,139.9092221,21.002,0.051444444,TRUE,25,1,35.91912968,139.9091972,2.370497346,,36.88,1009.031523,47.97070313,242.8125,1.625,-7.6875,0.21,1.26,9.69,0,-0.0625,-0.0625,190,,stopped,0,0,7.428,
2026-08-06T13:11:30.430,699.562,guiding_to_goal,35.9191365,139.9092221,21.004,0.030866667,TRUE,25,1,35.91912968,139.9091972,2.366913043,,36.89,1009.012031,48.35546875,242.8125,1.625,-7.6875,0.24,1.25,9.69,-0.0625,0.125,0.0625,190,,stopped,0,0,7.428,
2026-08-06T13:11:30.953,700.084,guiding_to_goal,35.9191365,139.9092221,21.004,0.030866667,TRUE,25,1,35.91912968,139.9091972,2.366913043,,36.89,1009.012031,48.35546875,242.8125,1.625,-7.6875,0.22,2.53,9.66,-0.1875,0.0625,0,190,,stopped,0,0,7.42,
2026-08-06T13:11:31.453,700.585,guiding_to_goal,35.9191365,139.9092221,21.005,0.061733333,TRUE,22,1,35.91912968,139.9091972,2.366913043,,36.9,1009.063594,48.49804688,242.8125,1.625,-7.6875,0.23,1.26,9.68,0,0.125,0.0625,190,,stopped,0,0,7.421,
2026-08-06T13:11:31.956,701.088,guiding_to_goal,35.9191365,139.9092221,21.005,0.061733333,TRUE,22,1,35.91912968,139.9091972,2.366913043,,36.9,1009.063594,48.49804688,242.8125,1.625,-7.6875,0.24,1.25,9.68,0.125,-0.125,0.0625,190,,stopped,0,0,7.424,
2026-08-06T13:11:32.454,701.586,guiding_to_goal,35.91913638,139.909222,21.006,0.102888889,TRUE,22,1,35.91912968,139.9091972,2.354246614,,36.93,1009.158086,48.70996094,242.8125,1.625,-7.6875,0.22,1.25,9.69,0.0625,-0.0625,0,190,,stopped,0,0,7.419,
2026-08-06T13:11:32.955,702.086,guiding_to_goal,35.91913638,139.909222,21.006,0.102888889,TRUE,22,1,35.91912968,139.9091972,2.354246614,,36.93,1009.158086,48.70996094,242.8125,1.625,-7.6875,0.23,1.27,9.69,-0.0625,0.125,8.125,190,,stopped,0,0,7.427,
2026-08-06T13:11:33.458,702.589,guiding_to_goal,35.91913628,139.909222,21.003,0.056588889,TRUE,24,1,35.91912968,139.9091972,2.350751495,,36.93,1009.084023,48.77929688,250.8125,1.625,-7.6875,1.51,1.25,9.68,8.0625,-0.125,-0.0625,190,,stopped,0,0,7.432,
2026-08-06T13:11:33.958,703.09,guiding_to_goal,35.91913628,139.909222,21.003,0.056588889,TRUE,24,1,35.91912968,139.9091972,2.350751495,,36.93,1009.084023,48.77929688,242.8125,1.625,-7.6875,0.21,1.24,9.67,0,0,0.125,190,,stopped,0,0,7.417,
2026-08-06T13:11:34.459,703.59,guiding_to_goal,35.91913618,139.9092221,21.003,0.0463,TRUE,25,1,35.91912968,139.9091972,2.355873035,,36.94,1009.064492,48.6171875,242.8125,1.625,-7.6875,0.22,1.24,9.7,0.125,0.0625,0,190,,stopped,0,0,7.428,
2026-08-06T13:11:34.959,704.091,guiding_to_goal,35.91913618,139.9092221,21.003,0.0463,TRUE,25,1,35.91912968,139.9091972,2.355873035,,36.94,1009.064492,48.6171875,242.8125,1.625,-7.6875,0.23,1.25,9.68,0.0625,-0.0625,0.125,190,,stopped,0,0,7.41,
2026-08-06T13:11:35.459,704.591,guiding_to_goal,35.91913618,139.9092221,21,0.010288889,TRUE,25,1,35.91912968,139.9091972,2.355873035,,36.96,1009.104453,48.31738281,242.8125,1.625,-7.6875,0.21,1.25,9.65,0,-0.0625,0,190,,turn_left,-5,5,7.427,
2026-08-06T13:11:35.960,705.091,guiding_to_goal,35.91913618,139.9092221,21,0.010288889,TRUE,25,1,35.91912968,139.9091972,2.355873035,,36.96,1009.104453,48.31738281,242.6875,1.75,-7.8125,0.4,1.62,9.58,-3,-1,4.375,190,,turn_left,-25,25,7.441,
2026-08-06T13:11:36.460,705.592,guiding_to_goal,35.91913628,139.9092222,20.981,0.020577778,TRUE,25,1,35.91912968,139.9091972,2.367868152,,36.97,1009.057813,48.04980469,242.625,1.625,-7.5625,0.23,1.26,9.72,0,0,0.1875,190,,stopped,0,0,7.44,
2026-08-06T13:11:36.963,706.094,guiding_to_goal,35.91913628,139.9092222,20.981,0.020577778,TRUE,25,1,35.91912968,139.9091972,2.367868152,,36.97,1009.057813,48.04980469,242.625,1.625,-7.5625,0.24,1.24,9.7,-0.0625,0.0625,-0.0625,190,,stopped,0,0,7.435,
2026-08-06T13:11:37.464,706.596,guiding_to_goal,35.91913638,139.9092223,20.962,0.030866667,TRUE,23,1,35.91912968,139.9091972,2.379888838,,36.98,1009.136484,47.78222656,242.625,1.5625,-7.5625,0.22,1.26,9.7,0,0,-0.1875,190,,stopped,0,0,7.446,
2026-08-06T13:11:37.965,707.096,guiding_to_goal,35.91913638,139.9092223,20.962,0.030866667,TRUE,23,1,35.91912968,139.9091972,2.379888838,,36.98,1009.136484,47.78222656,242.625,1.5625,-7.5625,0.22,1.24,9.68,0,0,-0.0625,190,,stopped,0,0,7.447,
2026-08-06T13:11:38.466,707.598,guiding_to_goal,35.91913638,139.9092221,20.943,0.020577778,TRUE,26,1,35.91912968,139.9091972,2.362790622,,37.02,1009.0825,47.64648438,250.625,1.5625,-7.5625,0.24,1.26,9.69,0.0625,0.1875,0,190,,stopped,0,0,7.453,
2026-08-06T13:11:38.981,708.113,guiding_to_goal,35.91913638,139.9092221,20.943,0.020577778,TRUE,26,1,35.91912968,139.9091972,2.362790622,,37.02,1009.0825,47.64648438,242.625,1.5625,-7.5625,0.23,2.53,9.68,-0.0625,0.0625,0.0625,190,,stopped,0,0,7.444,
2026-08-06T13:11:39.486,708.618,guiding_to_goal,35.91913638,139.909222,20.934,0.056588889,TRUE,27,1,35.91912968,139.9091972,2.354246614,,37.06,1009.063906,47.65039063,242.625,1.5625,-7.5625,0.22,1.26,9.7,0.0625,-0.0625,0,190,,stopped,0,0,7.449,
2026-08-06T13:11:39.989,709.121,guiding_to_goal,35.91913638,139.909222,20.934,0.056588889,TRUE,27,1,35.91912968,139.9091972,2.354246614,,37.06,1009.063906,47.65039063,242.625,1.5625,-7.5625,0.24,1.24,9.66,0.0625,-0.125,0,190,,stopped,0,0,7.45,
2026-08-06T13:11:40.490,709.622,guiding_to_goal,35.9191365,139.909222,20.924,0.056588889,TRUE,25,1,35.91912968,139.9091972,2.358383969,,37.05,1009.075469,47.47460938,242.625,1.5625,-7.5625,0.24,1.25,9.69,0.0625,0,0.0625,190,,stopped,0,0,7.44,
2026-08-06T13:11:40.990,710.122,guiding_to_goal,35.9191365,139.909222,20.924,0.056588889,TRUE,25,1,35.91912968,139.9091972,2.358383969,,37.05,1009.075469,47.47460938,242.625,1.5625,-7.5625,0.25,1.24,9.69,0,0,0.125,190,,stopped,0,0,7.462,
2026-08-06T13:11:41.491,710.622,guiding_to_goal,35.91913668,139.9092222,20.909,0.020577778,TRUE,24,1,35.91912968,139.9091972,2.382028844,,37.05,1009.110859,48.05859375,242.625,1.5625,-7.5625,0.23,1.24,9.69,0.0625,-0.0625,0.0625,190,,stopped,0,0,7.428,
2026-08-06T13:11:41.992,711.124,guiding_to_goal,35.91913668,139.9092222,20.909,0.020577778,TRUE,24,1,35.91912968,139.9091972,2.382028844,,37.05,1009.110859,48.05859375,242.625,1.5625,-7.5625,0.24,1.25,9.67,0.125,0.0625,0,190,,stopped,0,0,7.456,
2026-08-06T13:11:42.499,711.63,guiding_to_goal,35.91913668,139.9092223,20.901,0.005144444,TRUE,25,1,35.91912968,139.9091972,2.3905414,,37.06,1009.099258,47.82617188,242.625,1.5625,-7.5625,0.23,1.25,9.68,-0.0625,0.0625,-0.0625,190,,stopped,0,0,7.436,
2026-08-06T13:11:43.000,712.132,guiding_to_goal,35.91913668,139.9092223,20.901,0.005144444,TRUE,25,1,35.91912968,139.9091972,2.3905414,,37.06,1009.099258,47.82617188,242.625,1.5625,-7.5625,0.24,1.24,9.69,-0.0625,0.0625,-0.0625,190,,stopped,0,0,7.455,
2026-08-06T13:11:43.501,712.632,guiding_to_goal,35.91913678,139.9092223,20.9,0.010288889,TRUE,25,1,35.91912968,139.9091972,2.394185009,,37.07,1009.11543,47.47753906,242.625,1.5625,-7.5625,0.24,1.24,9.73,-0.0625,0,0.0625,190,,stopped,0,0,7.447,
2026-08-06T13:11:44.001,713.133,guiding_to_goal,35.91913678,139.9092223,20.9,0.010288889,TRUE,25,1,35.91912968,139.9091972,2.394185009,,37.07,1009.11543,47.47753906,242.625,1.5625,-7.5625,0.24,1.25,9.7,0.0625,0.125,0,190,,stopped,0,0,7.437,
2026-08-06T13:11:44.502,713.633,guiding_to_goal,35.91913678,139.9092223,20.899,0.005144444,TRUE,25,1,35.91912968,139.9091972,2.394185009,,37.09,1009.111758,47.70117188,242.625,1.5625,-7.5625,0.23,1.25,9.69,0.0625,0.0625,0,190,,turn_left,-5,5,7.465,
2026-08-06T13:11:45.002,714.134,guiding_to_goal,35.91913678,139.9092223,20.899,0.005144444,TRUE,25,1,35.91912968,139.9091972,2.394185009,,37.09,1009.111758,47.70117188,242.375,1.75,-7.6875,0.02,0.65,10.03,7.1875,-2.6875,5.625,190,,turn_left,-25,25,7.473,
2026-08-06T13:11:45.502,714.634,guiding_to_goal,35.91913698,139.9092223,20.877,0.010288889,TRUE,25,1,35.91912968,139.9091972,2.401610098,,37.11,1009.061445,47.80761719,240.8125,9.6875,-7.4375,0.24,1.24,9.67,-0.0625,8.0625,0,254,,stopped,0,0,7.59,
2026-08-06T13:11:46.003,715.135,guiding_to_goal,35.91913698,139.9092223,20.877,0.010288889,TRUE,25,1,35.91912968,139.9091972,2.401610098,,37.11,1009.061445,47.80761719,240.8125,1.6875,-7.4375,0.24,1.23,9.68,0,-0.125,0,254,,stopped,0,0,7.613,
2026-08-06T13:11:46.503,715.635,guiding_to_goal,35.91913698,139.9092223,20.877,0.015433333,TRUE,25,1,35.91912968,139.9091972,2.401610098,,37.12,1009.049844,47.61035156,240.8125,1.6875,-7.4375,0.26,1.24,9.69,0.0625,0.125,-0.125,254,,stopped,0,0,7.597,
2026-08-06T13:11:47.004,716.136,guiding_to_goal,35.91913698,139.9092223,20.877,0.015433333,TRUE,25,1,35.91912968,139.9091972,2.401610098,,37.12,1009.049844,47.61035156,240.8125,1.6875,-7.4375,0.26,1.23,9.69,0,0,0.0625,254,,stopped,0,0,7.596,
2026-08-06T13:11:47.505,716.636,guiding_to_goal,35.91913698,139.9092224,20.877,0.015433333,TRUE,26,1,35.91912968,139.9091972,2.411500353,,37.14,1009.109297,47.60058594,240.8125,1.6875,-7.4375,0.25,1.24,9.69,0.0625,0.0625,0.0625,254,,stopped,0,0,7.599,
2026-08-06T13:11:48.006,717.138,guiding_to_goal,35.91913698,139.9092224,20.877,0.015433333,TRUE,26,1,35.91912968,139.9091972,2.411500353,,37.14,1009.109297,47.60058594,248.8125,1.6875,-7.4375,0.27,1.25,9.69,-0.0625,0,0,254,,stopped,0,0,7.601,
2026-08-06T13:11:48.507,717.638,guiding_to_goal,35.91913698,139.9092224,20.878,0.061733333,TRUE,26,1,35.91912968,139.9091972,2.411500353,,37.15,1009.070273,47.79980469,240.8125,1.6875,-7.4375,0.25,1.23,9.71,-0.0625,-0.0625,0,254,,stopped,0,0,7.601,
2026-08-06T13:11:49.011,718.143,guiding_to_goal,35.91913698,139.9092224,20.878,0.061733333,TRUE,26,1,35.91912968,139.9091972,2.411500353,,37.15,1009.070273,47.79980469,240.8125,1.6875,-7.4375,0.27,1.23,9.68,0,0,0.0625,254,,stopped,0,0,7.608,
2026-08-06T13:11:49.511,718.643,guiding_to_goal,35.91913688,139.9092223,20.877,0.1389,TRUE,26,1,35.91912968,139.9091972,2.397874646,,37.17,1009.094063,47.9765625,240.8125,1.6875,-7.4375,0.27,1.23,9.69,0,0,0,254,,stopped,0,0,7.608,
2026-08-06T13:11:50.014,719.145,guiding_to_goal,35.91913688,139.9092223,20.877,0.1389,TRUE,26,1,35.91912968,139.9091972,2.397874646,,37.17,1009.094063,47.9765625,240.8125,1.6875,-7.4375,0.25,1.22,9.7,-0.125,-0.125,-0.125,254,,stopped,0,0,7.6,
2026-08-06T13:11:50.513,719.645,guiding_to_goal,35.91913688,139.9092223,20.865,0.066877778,TRUE,26,1,35.91912968,139.9091972,2.397874646,,37.24,1009.048867,48.0078125,240.8125,1.6875,-7.4375,0.26,1.23,9.71,8.0625,-0.0625,0.0625,254,,stopped,0,0,7.597,
2026-08-06T13:11:51.013,720.145,guiding_to_goal,35.91913688,139.9092223,20.865,0.066877778,TRUE,26,1,35.91912968,139.9091972,2.397874646,,37.24,1009.048867,48.0078125,240.8125,1.6875,-7.4375,0.26,1.25,9.7,8,0,-0.0625,254,,stopped,0,0,7.596,
2026-08-06T13:11:51.524,720.655,guiding_to_goal,35.91913688,139.9092222,20.855,0.051444444,TRUE,26,1,35.91912968,139.9091972,2.389388216,,37.21,1009.102891,48.04003906,240.8125,1.6875,-7.4375,0.26,1.25,9.73,-0.0625,0.0625,0.0625,254,,stopped,0,0,7.599,
2026-08-06T13:11:52.025,721.156,guiding_to_goal,35.91913688,139.9092222,20.855,0.051444444,TRUE,26,1,35.91912968,139.9091972,2.389388216,,37.21,1009.102891,48.04003906,240.8125,1.6875,-7.4375,0.27,1.23,9.71,0,0.0625,-0.0625,254,,stopped,0,0,7.6,
2026-08-06T13:11:52.525,721.657,guiding_to_goal,35.91913688,139.9092222,20.852,0.087455556,TRUE,26,1,35.91912968,139.9091972,2.389388216,,37.22,1009.119023,48.06347656,240.8125,1.6875,-7.4375,0.27,1.24,9.69,0,0,0.125,254,,stopped,0,0,7.608,
2026-08-06T13:11:53.026,722.157,guiding_to_goal,35.91913688,139.9092222,20.852,0.087455556,TRUE,26,1,35.91912968,139.9091972,2.389388216,,37.22,1009.119023,48.06347656,240.8125,1.6875,-7.4375,0.26,1.23,9.7,-0.0625,0,0,254,,stopped,0,0,7.593,
2026-08-06T13:11:53.526,722.658,guiding_to_goal,35.91913698,139.9092222,20.851,0.066877778,TRUE,26,1,35.91912968,139.9091972,2.393136915,,37.24,1009.040938,48.06640625,240.75,1.625,-7.375,0.19,1.25,9.69,-0.25,0.0625,0.3125,190,,stopped,0,0,7.61,
2026-08-06T13:11:54.027,723.158,guiding_to_goal,35.91913698,139.9092222,20.851,0.066877778,TRUE,26,1,35.91912968,139.9091972,2.393136915,,37.24,1009.040938,48.06640625,240.75,1.625,-7.375,1.53,1.25,9.68,0.125,0.25,-0.1875,190,,stopped,0,0,7.612,
2026-08-06T13:11:54.527,723.659,guiding_to_goal,35.9191371,139.9092222,20.844,0.041155556,TRUE,27,1,35.91912968,139.9091972,2.397568168,,37.25,1009.084531,48.07910156,240.75,1.625,-7.375,0.25,1.22,9.69,0.0625,-0.1875,0,190,,stopped,0,0,7.62,
2026-08-06T13:11:55.028,724.159,guiding_to_goal,35.9191371,139.9092222,20.844,0.041155556,TRUE,27,1,35.91912968,139.9091972,2.397568168,,37.25,1009.084531,48.07910156,240.75,1.625,-7.375,0.27,1.22,9.69,8.0625,0,-0.0625,190,,stopped,0,0,7.616,
2026-08-06T13:11:55.528,724.659,guiding_to_goal,35.9191371,139.9092222,20.843,0.036011111,TRUE,28,1,35.91912968,139.9091972,2.397568168,,37.26,1009.07293,48.14941406,240.75,1.625,-7.375,0.25,1.23,9.67,0,-0.0625,0.0625,190,,stopped,0,0,7.607,
2026-08-06T13:11:56.083,725.214,guiding_to_goal,35.9191371,139.9092222,20.843,0.036011111,TRUE,28,1,35.91912968,139.9091972,2.397568168,,37.26,1009.07293,48.14941406,240.75,1.625,-7.375,0.24,1.24,9.7,0,-0.0625,0.0625,190,,stopped,0,0,7.613,
2026-08-06T13:11:56.594,725.726,guiding_to_goal,35.9191371,139.9092222,20.84,0.015433333,TRUE,26,1,35.91912968,139.9091972,2.397568168,,37.26,1009.135781,48.10253906,248.75,1.625,-7.375,0.25,1.23,9.69,0,-0.125,0.125,190,,stopped,0,0,7.604,
2026-08-06T13:11:57.125,726.257,guiding_to_goal,35.9191371,139.9092222,20.84,0.015433333,TRUE,26,1,35.91912968,139.9091972,2.397568168,,37.26,1009.135781,48.10253906,240.75,1.625,-7.375,0.25,1.23,9.7,-0.125,-0.0625,0.0625,190,,stopped,0,0,7.606,
2026-08-06T13:11:57.626,726.757,guiding_to_goal,35.9191371,139.9092222,20.841,0.015433333,TRUE,24,1,35.91912968,139.9091972,2.397568168,,37.27,1009.096719,48.10449219,240.75,1.625,-7.375,0.25,1.22,9.72,0,0,0,190,,stopped,0,0,7.61,
2026-08-06T13:11:58.126,727.258,guiding_to_goal,35.9191371,139.9092222,20.841,0.015433333,TRUE,24,1,35.91912968,139.9091972,2.397568168,,37.27,1009.096719,48.10449219,240.75,1.625,-7.375,0.24,1.24,9.7,0.125,0,0,190,,stopped,0,0,7.616,
2026-08-06T13:11:58.626,727.758,guiding_to_goal,35.9191371,139.9092222,20.836,0.036011111,TRUE,24,1,35.91912968,139.9091972,2.397568168,,37.29,1009.065859,48.05957031,240.75,1.625,-7.375,1.53,1.23,9.7,0.125,0.125,0.0625,190,,stopped,0,0,7.608,
2026-08-06T13:11:59.127,728.258,guiding_to_goal,35.9191371,139.9092222,20.836,0.036011111,TRUE,24,1,35.91912968,139.9091972,2.397568168,,37.29,1009.065859,48.05957031,240.75,1.625,-7.375,0.27,1.23,9.69,0,0.125,0,190,,stopped,0,0,7.603,
2026-08-06T13:11:59.627,728.759,guiding_to_goal,35.9191371,139.9092221,20.834,0.036011111,TRUE,24,1,35.91912968,139.9091972,2.389114592,,37.31,1009.070156,48.10742188,240.75,1.625,-7.375,0.26,1.23,9.68,0,-0.0625,0.0625,190,,stopped,0,0,7.614,
2026-08-06T13:12:00.128,729.259,guiding_to_goal,35.9191371,139.9092221,20.834,0.036011111,TRUE,24,1,35.91912968,139.9091972,2.389114592,,37.31,1009.070156,48.10742188,240.75,1.625,-7.375,0.27,1.24,9.67,0.0625,0.0625,0,190,,stopped,0,0,7.605,
2026-08-06T13:12:00.628,729.76,guiding_to_goal,35.9191371,139.9092221,20.832,0.072022222,TRUE,26,1,35.91912968,139.9091972,2.389114592,,37.3,1009.10918,47.78027344,240.75,1.625,-7.375,0.26,2.53,9.7,0,-0.125,-0.0625,190,,stopped,0,0,7.61,
2026-08-06T13:12:01.129,730.26,guiding_to_goal,35.9191371,139.9092221,20.832,0.072022222,TRUE,26,1,35.91912968,139.9091972,2.389114592,,37.3,1009.10918,47.78027344,240.75,1.625,-7.375,0.26,1.23,9.68,0,-0.125,0.0625,190,,stopped,0,0,7.606,
2026-08-06T13:12:01.629,730.761,guiding_to_goal,35.91913698,139.9092222,20.83,0.072022222,TRUE,25,1,35.91912968,139.9091972,2.393136915,,37.32,1009.058828,47.28027344,240.75,1.5625,-7.3125,0.16,1.25,9.66,0.0625,0.1875,-1.1875,254,,stopped,0,0,7.627,
2026-08-06T13:12:02.131,731.263,guiding_to_goal,35.91913698,139.9092222,20.83,0.072022222,TRUE,25,1,35.91912968,139.9091972,2.393136915,,37.32,1009.176563,47.234375,240.75,1.5625,-7.3125,0.16,1.24,9.71,0,0.0625,-0.125,254,,stopped,0,0,7.615,
2026-08-06T13:12:02.632,731.763,guiding_to_goal,35.91913698,139.9092221,20.834,0.015433333,TRUE,24,1,35.91912968,139.9091972,2.38466763,,37.32,1009.176563,47.234375,240.75,1.5625,-7.3125,0.27,1.24,9.7,0.125,0.125,0.0625,254,,stopped,0,0,7.618,
2026-08-06T13:12:03.132,732.263,guiding_to_goal,35.91913698,139.9092221,20.834,0.015433333,TRUE,24,1,35.91912968,139.9091972,2.38466763,,37.33,1009.074648,47.28222656,240.75,1.5625,-7.3125,0.25,1.25,9.7,0.0625,0.1875,0.125,254,,stopped,0,0,7.606,
2026-08-06T13:12:03.632,732.764,guiding_to_goal,35.91913698,139.9092221,20.833,0.015433333,TRUE,25,1,35.91912968,139.9091972,2.38466763,,35.46,1006.267266,46.77636719,240.75,1.5625,-7.3125,0.26,1.24,9.7,0.0625,0,-0.1875,190,,stopped,0,0,7.601,
2026-08-06T13:12:04.136,733.268,guiding_to_goal,35.91913698,139.9092221,20.833,0.015433333,TRUE,25,1,35.91912968,139.9091972,2.38466763,,35.46,1006.267266,46.77636719,240.75,1.5625,-7.3125,0.24,1.23,9.68,0.0625,0,-0.125,190,,stopped,0,0,7.612,
2026-08-06T13:12:04.643,733.774,guiding_to_goal,35.91913698,139.9092221,20.833,0.0926,TRUE,25,1,35.91912968,139.9091972,2.38466763,,37.32,1009.058828,47.03515625,240.75,1.5625,-7.3125,0.26,1.24,9.69,0.125,0.0625,0,190,,stopped,0,0,7.598,
2026-08-06T13:12:05.154,734.285,guiding_to_goal,35.91913698,139.9092221,20.833,0.0926,TRUE,25,1,35.91912968,139.9091972,2.38466763,,37.32,1009.058828,47.03515625,240.75,1.5625,-7.3125,0.24,1.23,9.69,0.0625,0.0625,0,190,,stopped,0,0,7.602,
2026-08-06T13:12:05.662,734.794,guiding_to_goal,35.91913688,139.9092221,20.834,0.072022222,TRUE,24,1,35.91912968,139.9091972,2.380905597,,37.35,1009.153359,46.92089844,240.75,1.5625,-7.3125,0.25,1.24,9.68,0,0.0625,0.0625,190,,stopped,0,0,7.618,
2026-08-06T13:12:06.163,735.294,guiding_to_goal,35.91913688,139.9092221,20.834,0.072022222,TRUE,24,1,35.91912968,139.9091972,2.380905597,,37.35,1009.153359,46.92089844,240.75,1.5625,-7.3125,0.26,1.24,9.65,0,0.0625,0.0625,190,,stopped,0,0,7.619,
2026-08-06T13:12:06.663,735.795,guiding_to_goal,35.91913688,139.9092221,20.833,0.072022222,TRUE,24,1,35.91912968,139.9091972,2.380905597,,37.36,1009.122539,47.44824219,240.75,1.5625,-7.3125,0.27,1.24,9.73,0,-0.0625,0,190,,stopped,0,0,7.611,
2026-08-06T13:12:07.163,736.295,guiding_to_goal,35.91913688,139.9092221,20.833,0.072022222,TRUE,24,1,35.91912968,139.9091972,2.380905597,,37.36,1009.122539,47.44824219,240.75,1.5625,-7.3125,0.27,1.23,9.72,0.125,0.25,0.125,190,,stopped,0,0,7.625,
2026-08-06T13:12:07.664,736.795,guiding_to_goal,35.91913688,139.9092221,20.833,0.025722222,TRUE,24,1,35.91912968,139.9091972,2.380905597,,37.37,1009.138398,46.99414063,248.75,1.5625,-7.3125,0.24,1.24,9.68,-0.0625,-0.125,0,190,,stopped,0,0,7.616,
2026-08-06T13:12:08.164,737.296,guiding_to_goal,35.91913688,139.9092221,20.833,0.025722222,TRUE,24,1,35.91912968,139.9091972,2.380905597,,37.37,1009.138398,46.99414063,240.75,1.5625,-7.3125,0.23,1.22,9.69,-0.0625,0,0.0625,190,,stopped,0,0,7.617,
2026-08-06T13:12:08.665,737.796,guiding_to_goal,35.91913688,139.9092221,20.833,0.015433333,TRUE,24,1,35.91912968,139.9091972,2.380905597,,37.37,1009.056016,47.13378906,240.75,1.5625,-7.3125,0.25,1.24,9.71,0,-0.0625,0,190,,stopped,0,0,7.606,
2026-08-06T13:12:09.165,738.297,guiding_to_goal,35.91913688,139.9092221,20.833,0.015433333,TRUE,24,1,35.91912968,139.9091972,2.380905597,,37.37,1009.056016,47.13378906,240.75,1.5625,-7.3125,0.26,1.23,9.7,0.0625,0.0625,-0.0625,190,,stopped,0,0,7.606,
2026-08-06T13:12:09.669,738.801,guiding_to_goal,35.91913678,139.9092221,20.833,0.056588889,TRUE,26,1,35.91912968,139.9091972,2.377189623,,37.4,1009.076406,47.23144531,218.25,0.3125,-7.125,0.76,1.34,11.03,10.6875,-6.5625,94,254,,stopped,0,0,4.701,
2026-08-06T13:12:10.170,739.301,guiding_to_goal,35.91913678,139.9092221,20.833,0.056588889,TRUE,26,1,35.91912968,139.9091972,2.377189623,,37.4,1009.076406,47.23144531,213.875,-0.0625,-7,-0.61,0.8,9.23,9,0.375,-13.75,254,,stopped,0,0,4.769,
2026-08-06T13:12:10.670,739.802,guiding_to_goal,35.91913678,139.909222,20.843,0.0926,TRUE,25,1,35.91912968,139.9091972,2.368697553,,37.41,1009.119727,47.3828125,214.1875,0.4375,-7.1875,0.21,1.25,9.7,0.0625,0,0,126,,stopped,0,0,4.733,
2026-08-06T13:12:11.171,740.302,guiding_to_goal,35.91913678,139.909222,20.843,0.0926,TRUE,25,1,35.91912968,139.9091972,2.368697553,,37.41,1009.119727,47.3828125,214.1875,0.5,-7.25,0.24,1.24,9.74,-0.0625,0.125,-0.0625,126,,stopped,0,0,4.714,
2026-08-06T13:12:11.671,740.803,guiding_to_goal,35.91913668,139.909222,20.841,0.056588889,TRUE,26,1,35.91912968,139.9091972,2.365014677,,37.42,1009.155078,47.45410156,214.125,0.6875,-7.25,0.23,1.25,9.7,0.0625,0,0.125,126,,stopped,0,0,4.745,
2026-08-06T13:12:12.180,741.311,guiding_to_goal,35.91913668,139.909222,20.841,0.056588889,TRUE,26,1,35.91912968,139.9091972,2.365014677,,37.42,1009.155078,47.45410156,214.125,0.6875,-7.25,0.21,1.24,9.72,0,0.0625,0,126,,stopped,0,0,4.747,
2026-08-06T13:12:12.681,741.813,guiding_to_goal,35.91913668,139.9092219,20.84,0.030866667,TRUE,26,1,35.91912968,139.9091972,2.357929807,,37.43,1009.171563,47.33789063,214.125,0.6875,-7.25,0.22,1.23,9.69,0.0625,0.0625,-0.0625,126,,stopped,0,0,4.752,
2026-08-06T13:12:13.182,742.313,guiding_to_goal,35.91913668,139.9092219,20.84,0.030866667,TRUE,26,1,35.91912968,139.9091972,2.357929807,,37.43,1009.171563,47.33789063,214.125,0.6875,-7.25,0.24,1.24,9.68,0.125,-0.125,-0.125,126,,stopped,0,0,4.738,
2026-08-06T13:12:13.682,742.814,guiding_to_goal,35.91913668,139.9092219,20.841,0.030866667,TRUE,25,1,35.91912968,139.9091972,2.357929807,,37.42,1009.053164,47.20996094,214.125,0.6875,-7.25,0.24,1.25,9.69,0.125,0,0.0625,126,,stopped,0,0,4.741,
2026-08-06T13:12:14.183,743.314,guiding_to_goal,35.91913668,139.9092219,20.841,0.030866667,TRUE,25,1,35.91912968,139.9091972,2.357929807,,37.42,1009.053164,47.20996094,214.125,0.6875,-7.25,0.23,1.22,9.69,0.0625,0.0625,-8,126,,stopped,0,0,4.72,
2026-08-06T13:12:14.683,743.815,guiding_to_goal,35.91913668,139.9092219,20.842,0.015433333,TRUE,24,1,35.91912968,139.9091972,2.357929807,,37.42,1009.100195,47.11523438,214.125,0.6875,-7.25,0.24,1.24,9.69,0.0625,-0.0625,8.125,126,,stopped,0,0,4.735,
2026-08-06T13:12:15.183,744.316,guiding_to_goal,35.91913668,139.9092219,20.842,0.015433333,TRUE,24,1,35.91912968,139.9091972,2.357929807,,37.42,1009.100195,47.11523438,214.125,0.6875,-7.25,0.25,1.23,9.68,0.1875,0.1875,0.125,126,,stopped,0,0,4.739,
2026-08-06T13:12:15.685,744.816,guiding_to_goal,35.91913668,139.9092219,20.841,0.0463,TRUE,24,1,35.91912968,139.9091972,2.357929807,,37.44,1009.085508,47.18847656,214.125,0.6875,-7.25,0.22,1.23,9.7,0.125,-0.0625,0.0625,126,,stopped,0,0,4.733,
2026-08-06T13:12:16.186,745.317,guiding_to_goal,35.91913668,139.9092219,20.841,0.0463,TRUE,24,1,35.91912968,139.9091972,2.357929807,,37.44,1009.085508,47.18847656,214.125,0.6875,-7.25,0.23,1.23,9.66,0,0.25,-0.0625,126,,stopped,0,0,4.726,
2026-08-06T13:12:16.686,745.818,guiding_to_goal,35.91913668,139.9092219,20.841,0.015433333,TRUE,25,1,35.91912968,139.9091972,2.357929807,,37.44,1009.077578,47.26855469,214.125,0.6875,-7.25,0.22,1.24,9.71,0.125,0,0.0625,126,,stopped,0,0,4.751,
2026-08-06T13:12:17.515,746.646,guiding_to_goal,35.91913668,139.9092219,20.841,0.015433333,TRUE,25,1,35.91912968,139.9091972,2.357929807,,37.44,1009.077578,47.26855469,222.125,0.6875,-7.25,0.23,1.24,9.69,8.0625,-0.125,0.0625,126,,stopped,0,0,4.753,
2026-08-06T13:12:18.015,747.146,guiding_to_goal,,,,,FALSE,,,35.91912968,139.9091972,,,37.45,1009.128789,47.15429688,214.125,0.6875,-7.25,0.24,1.23,9.67,0,-0.125,0.125,126,,stopped,0,0,4.727,
2026-08-06T13:12:18.515,747.647,guiding_to_goal,,,,,FALSE,,,35.91912968,139.9091972,,,37.46,1009.144961,47.00292969,212.375,1.125,-7.1875,1.04,1.67,9.73,2,8.25,36.5,126,,turn_left,-25,25,4.835,
2026-08-06T13:12:19.016,748.147,guiding_to_goal,35.91913668,139.9092219,20.839,0.015433333,TRUE,24,1,35.91912968,139.9091972,2.357929807,,37.48,1009.086367,46.57226563,197.3125,-0.125,-6.6875,0.13,1.19,9.72,0.0625,-0.0625,-0.0625,190,,stopped,0,0,0.844,
2026-08-06T13:12:19.781,748.913,guiding_to_goal,35.91913668,139.9092219,20.839,0.015433333,TRUE,24,1,35.91912968,139.9091972,2.357929807,,37.48,1009.086367,46.57226563,197.3125,-0.125,-6.6875,0.16,1.16,9.75,-0.0625,-0.1875,0,190,,stopped,0,0,0.844,
2026-08-06T13:12:20.282,749.413,guiding_to_goal,35.91913678,139.9092219,20.839,0.015433333,TRUE,26,1,35.91912968,139.9091972,2.361623731,,37.49,1009.11043,47.07714844,197.25,0.125,-6.75,0.17,1.16,9.7,0.125,-0.125,0.0625,190,,stopped,0,0,0.844,
2026-08-06T13:12:20.782,749.914,guiding_to_goal,35.91913678,139.9092219,20.839,0.015433333,TRUE,26,1,35.91912968,139.9091972,2.361623731,,37.49,1009.11043,47.07714844,197.25,0.125,-6.75,0.16,1.19,9.73,-0.0625,-0.0625,0,190,,stopped,0,0,0.844,
2026-08-06T13:12:21.283,750.414,guiding_to_goal,35.91913678,139.9092219,20.84,0.015433333,TRUE,28,1,35.91912968,139.9091972,2.361623731,,37.49,1009.11043,47.03027344,197.25,0.125,-6.75,0.16,1.18,9.71,8,0.0625,-0.125,190,,stopped,0,0,0.843,
2026-08-06T13:12:21.805,750.937,guiding_to_goal,35.91913678,139.9092219,20.84,0.015433333,TRUE,28,1,35.91912968,139.9091972,2.361623731,,37.49,1009.11043,47.03027344,197.25,0.125,-6.75,0.14,1.17,9.72,0,-0.125,-0.125,190,,stopped,0,0,0.843,
2026-08-06T13:12:22.311,751.442,guiding_to_goal,35.91913678,139.9092219,20.84,0.154333333,TRUE,25,1,35.91912968,139.9091972,2.361623731,,37.5,1009.071328,46.66796875,197.25,0.125,-6.75,0.14,1.17,9.71,0,0.125,0,190,,stopped,0,0,0.844,
2026-08-06T13:12:22.832,751.963,guiding_to_goal,35.91913678,139.9092219,20.84,0.154333333,TRUE,25,1,35.91912968,139.9091972,2.361623731,,37.5,1009.071328,46.66796875,197.25,0.125,-6.75,0.16,2.46,9.71,0.0625,0.0625,0.125,190,,stopped,0,0,0.843,
2026-08-06T13:12:23.332,752.464,guiding_to_goal,35.9191372,139.9092219,20.869,0.118322222,TRUE,23,1,35.91912968,139.9091972,2.377513136,,37.49,1009.082969,46.57519531,197.25,0.125,-6.75,0.15,1.18,9.72,0.0625,0.0625,0.125,190,,stopped,0,0,0.843,
2026-08-06T13:12:23.833,752.964,guiding_to_goal,35.9191372,139.9092219,20.869,0.118322222,TRUE,23,1,35.91912968,139.9091972,2.377513136,,37.49,1009.082969,46.57519531,197.25,0.125,-6.75,0.12,1.18,9.73,0,-0.0625,0,190,,stopped,0,0,0.843,
2026-08-06T13:12:24.333,753.465,guiding_to_goal,35.91913748,139.9092217,20.874,0.020577778,TRUE,25,1,35.91912968,139.9091972,2.370601969,,37.51,1009.079258,46.62207031,197.25,0.125,-6.75,0.18,1.18,9.72,0,-0.125,0.125,190,,stopped,0,0,0.843,
2026-08-06T13:12:24.834,753.965,guiding_to_goal,35.91913748,139.9092217,20.874,0.020577778,TRUE,25,1,35.91912968,139.9091972,2.370601969,,37.51,1009.079258,46.62207031,197.25,0.125,-6.75,0.15,1.16,9.71,0.0625,-0.1875,-0.0625,190,,stopped,0,0,0.843,
2026-08-06T13:12:25.334,754.466,guiding_to_goal,35.91913738,139.9092217,20.87,0.036011111,TRUE,26,1,35.91912968,139.9091972,2.366556363,,37.5,1009.071328,46.41113281,197.25,0.125,-6.75,0.16,1.17,9.7,0,0.1875,-0.0625,190,,stopped,0,0,0.843,
2026-08-06T13:12:25.835,754.966,guiding_to_goal,35.91913738,139.9092217,20.87,0.036011111,TRUE,26,1,35.91912968,139.9091972,2.366556363,,37.5,1009.071328,46.41113281,197.25,0.125,-6.75,0.13,1.18,9.7,-0.0625,0.0625,-0.0625,190,,stopped,0,0,0.844,
2026-08-06T13:12:26.344,755.476,guiding_to_goal,35.91913738,139.9092217,20.868,0.041155556,TRUE,24,1,35.91912968,139.9091972,2.366556363,,37.49,1009.137891,46.34082031,197.25,0.125,-6.75,0.14,1.19,9.72,0,-0.0625,0,190,,stopped,0,0,0.843,
2026-08-06T13:12:26.848,755.979,guiding_to_goal,35.91913738,139.9092217,20.868,0.041155556,TRUE,24,1,35.91912968,139.9091972,2.366556363,,37.49,1009.137891,46.34082031,197.25,0.125,-6.75,0.17,1.18,9.71,0.125,-0.0625,-0.1875,190,,stopped,0,0,0.843,
2026-08-06T13:12:27.358,756.49,guiding_to_goal,35.91913738,139.9092217,20.866,0.0926,TRUE,25,1,35.91912968,139.9091972,2.366556363,,37.5,1009.11832,46.37597656,197.25,0.125,-6.75,0.13,1.18,9.68,0,-0.125,0,190,,stopped,0,0,0.843,
2026-08-06T13:12:27.858,756.99,guiding_to_goal,35.91913738,139.9092217,20.866,0.0926,TRUE,25,1,35.91912968,139.9091972,2.366556363,,37.5,1009.11832,46.37597656,197.25,0.125,-6.75,0.13,1.17,9.72,0,-0.125,0.125,190,,stopped,0,0,0.843,
2026-08-06T13:12:28.359,757.49,guiding_to_goal,35.91913758,139.9092215,20.878,0.015433333,TRUE,25,1,35.91912968,139.9091972,2.359362445,,37.5,1009.071328,46.32910156,197.25,0.125,-6.75,0.14,1.17,9.69,0,-0.0625,0.1875,190,,stopped,0,0,0.844,
2026-08-06T13:12:28.859,757.991,guiding_to_goal,35.91913758,139.9092215,20.878,0.015433333,TRUE,25,1,35.91912968,139.9091972,2.359362445,,37.5,1009.071328,46.32910156,197.25,0.125,-6.75,0.13,1.18,9.73,0,-0.0625,0.0625,190,,stopped,0,0,0.843,
2026-08-06T13:12:29.360,758.491,guiding_to_goal,35.91913748,139.9092215,20.878,0.025722222,TRUE,24,1,35.91912968,139.9091972,2.355245036,,35.84,1006.446172,46.27929688,197.25,0.125,-6.75,0.14,1.18,9.71,0.125,-0.0625,0.0625,190,,stopped,0,0,0.843,
2026-08-06T13:12:29.861,758.992,guiding_to_goal,35.91913748,139.9092215,20.878,0.025722222,TRUE,24,1,35.91912968,139.9091972,2.355245036,,35.84,1006.446172,46.27929688,197.25,0.125,-6.75,0.15,1.18,9.72,0,0.0625,0,190,,stopped,0,0,0.844,
2026-08-06T13:12:30.361,759.493,guiding_to_goal,35.91913748,139.9092215,20.878,0.025722222,TRUE,27,1,35.91912968,139.9091972,2.355245036,,37.49,1009.137891,46.23632813,197.25,0.125,-6.75,0.13,1.18,9.7,0.0625,8,0.1875,190,,stopped,0,0,0.843,
2026-08-06T13:12:30.890,760.022,guiding_to_goal,35.91913748,139.9092215,20.878,0.025722222,TRUE,27,1,35.91912968,139.9091972,2.355245036,,37.49,1009.137891,46.23632813,197.25,0.125,-6.75,0.15,1.19,9.75,0.0625,-0.0625,0,190,,stopped,0,0,0.843,
2026-08-06T13:12:31.392,760.524,guiding_to_goal,35.91913748,139.9092215,20.878,0.025722222,TRUE,24,1,35.91912968,139.9091972,2.355245036,,37.5,1009.098828,46.23632813,197.25,0.125,-6.75,0.16,1.17,9.68,0,0.0625,0,190,,stopped,0,0,0.844,
2026-08-06T13:12:31.903,761.034,guiding_to_goal,35.91913748,139.9092215,20.878,0.025722222,TRUE,24,1,35.91912968,139.9091972,2.355245036,,37.5,1009.098828,46.23632813,197.25,0.125,-6.75,0.14,1.19,9.72,0,0,0,190,,stopped,0,0,0.844,
2026-08-06T13:12:32.403,761.535,guiding_to_goal,35.91913748,139.9092215,20.878,0.030866667,TRUE,23,1,35.91912968,139.9091972,2.355245036,,37.51,1009.114648,46.27246094,197.25,0.125,-6.75,0.13,1.18,9.72,-0.0625,0.1875,0.0625,190,,stopped,0,0,0.844,
2026-08-06T13:12:32.903,762.035,guiding_to_goal,35.91913748,139.9092215,20.878,0.030866667,TRUE,23,1,35.91912968,139.9091972,2.355245036,,37.51,1009.114648,46.27246094,197.25,0.125,-6.75,0.15,1.18,9.71,0,-0.0625,0,190,,stopped,0,0,0.843,
2026-08-06T13:12:33.414,762.546,guiding_to_goal,35.91913748,139.9092215,20.876,0.030866667,TRUE,24,1,35.91912968,139.9091972,2.355245036,,37.51,1009.032266,46.28417969,197.25,0.125,-6.75,0.14,1.17,9.69,0,-0.0625,-0.0625,190,,stopped,0,0,0.843,
2026-08-06T13:12:33.924,763.056,guiding_to_goal,35.91913748,139.9092215,20.876,0.030866667,TRUE,24,1,35.91912968,139.9091972,2.355245036,,37.51,1009.032266,46.28417969,197.25,0.125,-6.75,0.17,1.17,9.71,-0.125,0.0625,0.0625,190,,stopped,0,0,0.843,
2026-08-06T13:12:34.434,763.566,guiding_to_goal,35.91913748,139.9092215,20.875,0.030866667,TRUE,24,1,35.91912968,139.9091972,2.355245036,,37.53,1009.138711,46.3671875,197.25,0.125,-6.75,0.14,1.19,9.74,0,-0.0625,-0.0625,190,,stopped,0,0,0.843,
2026-08-06T13:12:34.941,764.073,guiding_to_goal,35.91913748,139.9092215,20.875,0.030866667,TRUE,24,1,35.91912968,139.9091972,2.355245036,,37.52,1009.075547,46.09863281,197.25,0.125,-6.75,0.15,1.19,9.75,0.0625,0.0625,0,190,,stopped,0,0,0.843,
2026-08-06T13:12:35.442,764.573,guiding_to_goal,35.91913748,139.9092214,20.874,0.010288889,TRUE,24,1,35.91912968,139.9091972,2.346875123,,37.52,1009.075547,46.09863281,197.25,0.125,-6.75,0.16,1.18,9.71,0,-0.125,0,190,,stopped,0,0,0.844,
2026-08-06T13:12:35.942,765.074,guiding_to_goal,35.91913748,139.9092214,20.874,0.010288889,TRUE,24,1,35.91912968,139.9091972,2.346875123,,37.53,1009.723398,46.01757813,197.25,0.125,-6.75,0.14,1.18,9.71,-0.0625,0.125,-0.0625,190,,stopped,0,0,0.844,
2026-08-06T13:12:36.444,765.576,guiding_to_goal,35.91913748,139.9092215,20.874,0.061733333,TRUE,23,1,35.91912968,139.9091972,2.355245036,,37.53,1009.723398,46.01757813,218.0625,1.0625,-7.75,-0.6,0.93,10.01,-6.75,0.125,-24.625,62,,stopped,0,0,1.9,
2026-08-06T13:12:36.944,766.076,guiding_to_goal,35.91913748,139.9092215,20.874,0.061733333,TRUE,23,1,35.91912968,139.9091972,2.355245036,,37.52,1009.075547,45.63085938,218.8125,1.5625,-7.5,1.97,0.48,9.53,-3.3125,3.9375,-3.9375,62,,stopped,0,0,1.884,
2026-08-06T13:12:37.445,766.576,guiding_to_goal,35.91913738,139.9092214,20.875,0.0463,TRUE,25,1,35.91912968,139.9091972,2.342788545,,37.53,1009.14668,46.02929688,218.9375,1.4375,-7.5,0.2,1.22,9.7,0.0625,-0.0625,-0.1875,62,,stopped,0,0,1.882,
2026-08-06T13:12:37.945,767.077,guiding_to_goal,35.91913738,139.9092214,20.875,0.0463,TRUE,25,1,35.91912968,139.9091972,2.342788545,,37.53,1009.14668,46.02929688,218.9375,1.4375,-7.5,0.18,1.21,9.69,-0.0625,0.125,-0.0625,62,,stopped,0,0,1.881,
2026-08-06T13:12:38.446,767.577,guiding_to_goal,35.91913738,139.9092214,20.875,0.005144444,TRUE,26,1,35.91912968,139.9091972,2.342788545,,37.54,1009.072148,46.01757813,218.9375,1.4375,-7.4375,0.19,1.22,9.69,0.0625,-0.125,0.0625,62,,stopped,0,0,1.882,
2026-08-06T13:12:38.947,768.079,guiding_to_goal,35.91913738,139.9092214,20.875,0.005144444,TRUE,26,1,35.91912968,139.9091972,2.342788545,,37.54,1009.072148,46.01757813,218.9375,1.4375,-7.4375,0.2,1.23,9.74,-0.0625,-0.125,-0.0625,62,,stopped,0,0,1.883,
2026-08-06T13:12:39.447,768.579,guiding_to_goal,35.91913738,139.9092214,20.875,0.030866667,TRUE,27,1,35.91912968,139.9091972,2.342788545,,37.54,1009.072148,45.95898438,218.9375,1.4375,-7.4375,0.2,1.21,9.7,0.0625,0,0,62,,stopped,0,0,1.882,
2026-08-06T13:12:39.948,769.08,guiding_to_goal,35.91913738,139.9092214,20.875,0.030866667,TRUE,27,1,35.91912968,139.9091972,2.342788545,,37.54,1009.072148,45.95898438,218.9375,1.4375,-7.4375,0.2,1.22,9.7,0,0.0625,0.0625,62,,stopped,0,0,1.882,
2026-08-06T13:12:40.449,769.581,guiding_to_goal,35.91913738,139.9092214,20.876,0.025722222,TRUE,24,1,35.91912968,139.9091972,2.342788545,,37.54,1009.127109,46.02929688,218.9375,1.4375,-7.4375,0.2,1.21,9.69,-0.0625,-0.0625,0,62,,stopped,0,0,1.882,
2026-08-06T13:12:40.955,770.086,guiding_to_goal,35.91913738,139.9092214,20.876,0.025722222,TRUE,24,1,35.91912968,139.9091972,2.342788545,,37.54,1009.127109,46.02929688,218.9375,1.4375,-7.4375,0.19,2.5,9.71,-0.1875,-0.0625,0.125,62,,stopped,0,0,1.882,
2026-08-06T13:12:41.455,770.587,guiding_to_goal,35.91913738,139.9092214,20.876,0.030866667,TRUE,24,1,35.91912968,139.9091972,2.342788545,,37.54,1009.099648,45.90039063,218.9375,1.4375,-7.4375,0.21,1.22,9.72,0.125,-0.0625,0,62,,stopped,0,0,1.88,
2026-08-06T13:12:41.956,771.087,guiding_to_goal,35.91913738,139.9092214,20.876,0.030866667,TRUE,24,1,35.91912968,139.9091972,2.342788545,,37.54,1009.099648,45.90039063,218.9375,1.4375,-7.4375,0.22,1.22,9.72,0.125,0.125,0.125,62,,stopped,0,0,1.881,
2026-08-06T13:12:42.456,771.588,guiding_to_goal,35.91913738,139.9092214,20.877,0.020577778,TRUE,24,1,35.91912968,139.9091972,2.342788545,,37.54,1009.135039,45.98339844,218.9375,1.4375,-7.4375,0.19,1.23,9.69,0,0,0,62,,stopped,0,0,1.882,
2026-08-06T13:12:42.956,772.088,guiding_to_goal,35.91913738,139.9092214,20.877,0.020577778,TRUE,24,1,35.91912968,139.9091972,2.342788545,,37.54,1009.135039,45.98339844,218.9375,1.4375,-7.4375,0.2,1.21,9.72,-0.0625,0,0,62,,stopped,0,0,1.883,
2026-08-06T13:12:43.457,772.588,guiding_to_goal,35.91913738,139.9092214,20.877,0.0926,TRUE,25,1,35.91912968,139.9091972,2.342788545,,37.56,1009.158789,45.85546875,218.9375,1.4375,-7.4375,0.19,2.5,9.69,0.0625,0,-0.0625,62,,stopped,0,0,1.88,
2026-08-06T13:12:43.957,773.089,guiding_to_goal,35.91913738,139.9092214,20.877,0.0926,TRUE,25,1,35.91912968,139.9091972,2.342788545,,37.56,1009.158789,45.85546875,218.9375,1.4375,-7.4375,0.19,1.22,9.72,-0.0625,0,0,62,,stopped,0,0,1.881,
2026-08-06T13:12:44.458,773.589,guiding_to_goal,35.91913748,139.9092215,20.876,0.015433333,TRUE,26,1,35.91912968,139.9091972,2.355245036,,37.55,1009.088008,46.40429688,218.9375,1.4375,-7.4375,0.19,1.21,9.7,-0.0625,-0.0625,8,62,,stopped,0,0,1.882,
2026-08-06T13:12:44.968,774.1,guiding_to_goal,35.91913748,139.9092215,20.876,0.015433333,TRUE,26,1,35.91912968,139.9091972,2.355245036,,37.55,1009.088008,46.40429688,218.9375,1.4375,-7.4375,0.2,1.22,9.7,-0.0625,0.1875,0.125,62,,stopped,0,0,1.884,
2026-08-06T13:12:45.469,774.6,guiding_to_goal,35.91913748,139.9092215,20.876,0.020577778,TRUE,23,1,35.91912968,139.9091972,2.355245036,,37.54,1009.052656,45.92480469,219.8125,1.1875,-9.5,0.9,-0.77,15.22,15.3125,-53,-9.3125,190,,forward,56.79375,63.20625,1.548,
2026-08-06T13:12:45.969,775.101,guiding_to_goal,35.91913748,139.9092215,20.876,0.020577778,TRUE,23,1,35.91912968,139.9091972,2.355245036,,37.54,1009.052656,45.92480469,219.9375,1.5625,-7.3125,3.2,1.21,13.07,12.5,70.5,32.375,190,,forward,17.79375,18.20625,1.397,
2026-08-06T13:12:46.470,775.601,guiding_to_goal,35.91913748,139.9092216,20.878,0.684211111,TRUE,25,1,35.91912968,139.9091972,2.362223533,,37.54,1009.017266,45.375,216.9375,1.25,-7.25,0.15,1.22,9.7,-0.0625,0,0.375,126,,stopped,0,0,1.344,
2026-08-06T13:12:46.970,776.102,guiding_to_goal,35.91913748,139.9092216,20.878,0.684211111,TRUE,25,1,35.91912968,139.9091972,2.362223533,,37.54,1009.017266,45.375,216.9375,1.25,-7.25,0.18,1.22,9.69,-0.0625,0.125,0.1875,126,,stopped,0,0,1.343,
2026-08-06T13:12:47.470,776.602,guiding_to_goal,35.91913248,139.9092178,20.778,0.020577778,TRUE,25,1,35.91912968,139.9091972,1.88099161,,37.36,1008.765586,45.28710938,216.9375,1.25,-7.25,0.2,1.21,9.7,0.0625,0,0,126,,stopped,0,0,1.344,
2026-08-06T13:12:47.971,777.102,guiding_to_goal,35.91913248,139.9092178,20.778,0.020577778,TRUE,25,1,35.91912968,139.9091972,1.88099161,,37.36,1008.765586,45.28710938,216.9375,1.25,-7.25,0.2,1.22,9.71,0,0.0625,-0.0625,126,,stopped,0,0,1.344,
2026-08-06T13:12:48.471,777.603,guiding_to_goal,35.91913208,139.9092179,20.637,0.015433333,TRUE,26,1,35.91912968,139.9091972,1.883056669,,37.54,1009.107578,45.25878906,216.9375,1.25,-7.25,0.19,1.21,9.69,0.0625,0.0625,0.0625,62,,stopped,0,0,1.343,
2026-08-06T13:12:48.972,778.103,guiding_to_goal,35.91913208,139.9092179,20.637,0.015433333,TRUE,26,1,35.91912968,139.9091972,1.883056669,,37.54,1009.107578,45.25878906,216.9375,1.25,-7.25,0.18,1.22,9.69,0.0625,0,0.0625,62,,stopped,0,0,1.342,
2026-08-06T13:12:49.472,778.604,guiding_to_goal,35.91913178,139.9092177,20.474,0.025722222,TRUE,26,1,35.91912968,139.9091972,1.860750206,,37.54,1009.107578,45.21191406,216.9375,1.25,-7.25,0.17,1.22,9.71,0.125,-0.0625,0,62,,stopped,0,0,1.343,
2026-08-06T13:12:49.979,779.11,guiding_to_goal,35.91913178,139.9092177,20.474,0.025722222,TRUE,26,1,35.91912968,139.9091972,1.860750206,,37.54,1009.107578,45.21191406,216.9375,1.25,-7.25,0.2,1.21,9.69,-0.125,0,0.0625,62,,stopped,0,0,1.342,
2026-08-06T13:12:50.479,779.611,guiding_to_goal,35.9191316,139.9092179,20.409,0.025722222,TRUE,25,1,35.91912968,139.9091972,1.876194467,,37.55,1009.150859,45.27148438,216.9375,1.25,-7.25,0.19,1.22,9.69,-0.0625,0.1875,-0.125,62,,stopped,0,0,1.342,
2026-08-06T13:12:50.980,780.111,guiding_to_goal,35.9191316,139.9092179,20.409,0.025722222,TRUE,25,1,35.91912968,139.9091972,1.876194467,,37.55,1009.150859,45.27148438,216.9375,1.25,-7.25,0.17,1.21,9.69,0,0.0625,-0.1875,62,,stopped,0,0,1.342,
2026-08-06T13:12:51.480,780.612,guiding_to_goal,35.9191316,139.9092179,20.409,0.030866667,TRUE,24,1,35.91912968,139.9091972,1.876194467,,37.53,1009.091719,45.328125,216.9375,1.25,-7.25,0.19,1.22,9.71,0.0625,0.0625,0.125,62,,stopped,0,0,1.343,
2026-08-06T13:12:51.981,781.112,guiding_to_goal,35.9191316,139.9092179,20.409,0.030866667,TRUE,24,1,35.91912968,139.9091972,1.876194467,,37.53,1009.091719,45.328125,216.9375,1.25,-7.25,0.21,1.22,9.69,-0.0625,-0.125,0,62,,stopped,0,0,1.342,
2026-08-06T13:12:52.481,781.613,guiding_to_goal,35.9191316,139.9092178,20.397,0.030866667,TRUE,23,1,35.91912968,139.9091972,1.86724796,,37.53,1009.091719,45.31640625,216.9375,1.25,-7.25,0.2,1.22,9.71,-0.0625,0.1875,0.125,62,,stopped,0,0,1.345,
2026-08-06T13:12:52.981,782.113,guiding_to_goal,35.9191316,139.9092178,20.397,0.030866667,TRUE,23,1,35.91912968,139.9091972,1.86724796,,37.53,1009.091719,45.31640625,216.9375,1.25,-7.25,0.18,1.21,9.71,0,0,0.0625,62,,stopped,0,0,1.344,
2026-08-06T13:12:53.483,782.615,guiding_to_goal,35.9191316,139.9092178,20.397,0.030866667,TRUE,24,1,35.91912968,139.9091972,1.86724796,,37.53,1009.083789,45.33886719,216.9375,1.25,-7.25,0.18,1.21,9.69,0,-0.125,0,62,,stopped,0,0,1.344,
2026-08-06T13:12:53.987,783.118,guiding_to_goal,35.9191316,139.9092178,20.397,0.030866667,TRUE,24,1,35.91912968,139.9091972,1.86724796,,37.53,1009.083789,45.33886719,216.9375,1.25,-7.25,0.18,1.23,9.7,0,-0.0625,0.0625,62,,stopped,0,0,1.344,
2026-08-06T13:12:54.487,783.619,guiding_to_goal,35.9191316,139.9092178,20.397,0.005144444,TRUE,25,1,35.91912968,139.9091972,1.86724796,,37.31,1009.132969,45.42285156,216.9375,1.25,-7.25,0.17,1.22,9.72,-0.0625,-0.0625,0.0625,62,,stopped,0,0,1.343,
2026-08-06T13:12:54.989,784.122,guiding_to_goal,35.9191316,139.9092178,20.397,0.005144444,TRUE,25,1,35.91912968,139.9091972,1.86724796,,37.31,1009.132969,45.42285156,216.9375,1.25,-7.25,0.2,1.21,9.71,0,0,-0.125,62,,stopped,0,0,1.343,
2026-08-06T13:12:55.499,784.631,guiding_to_goal,35.9191316,139.9092177,20.396,0.036011111,TRUE,26,1,35.91912968,139.9091972,1.858302019,,37.55,1009.088008,45.44628906,216.9375,1.25,-7.25,0.18,1.22,9.71,0,-0.0625,0.1875,62,,stopped,0,0,1.343,
2026-08-06T13:12:56.000,785.131,guiding_to_goal,35.9191316,139.9092177,20.396,0.036011111,TRUE,26,1,35.91912968,139.9091972,1.858302019,,37.55,1009.088008,45.44628906,216.9375,1.25,-7.25,0.18,1.22,9.71,0.0625,0,0,62,,stopped,0,0,1.344,
2026-08-06T13:12:56.500,785.631,guiding_to_goal,35.91913148,139.9092177,20.389,0.030866667,TRUE,24,1,35.91912968,139.9091972,1.856858933,,37.53,1009.028867,45.28027344,216.4375,2.5625,-6.3125,0.6,2.23,9.29,3.6875,-2.0625,-1.125,190,,stopped,0,0,1.068,
2026-08-06T13:12:57.000,786.132,guiding_to_goal,35.91913148,139.9092177,20.389,0.030866667,TRUE,24,1,35.91912968,139.9091972,1.856858933,,37.53,1009.028867,45.28027344,216.5,2.5625,-6.25,0.43,0.99,9.84,-0.125,0.5,0.5,126,,stopped,0,0,1.068,
2026-08-06T13:12:57.501,786.632,guiding_to_goal,35.91913128,139.9092177,20.378,0.020577778,TRUE,25,1,35.91912968,139.9091972,1.854593587,,37.54,1009.135039,45.515625,216.5,2.5625,-6.25,0.38,1.08,9.72,-0.0625,-0.125,0,62,,stopped,0,0,1.068,
2026-08-06T13:12:58.001,787.133,guiding_to_goal,35.91913128,139.9092177,20.378,0.020577778,TRUE,25,1,35.91912968,139.9091972,1.854593587,,37.54,1009.135039,45.515625,216.5,2.5625,-6.25,0.38,1.09,9.75,0.0625,-0.0625,-0.0625,62,,stopped,0,0,1.068,
2026-08-06T13:12:58.502,787.633,guiding_to_goal,35.91913128,139.9092177,20.378,0.041155556,TRUE,25,1,35.91912968,139.9091972,1.854593587,,37.53,1009.11918,45.4921875,216.5,2.5625,-6.25,0.39,1.07,9.72,0,0,0,62,,stopped,0,0,1.068,
2026-08-06T13:12:59.004,788.136,guiding_to_goal,35.91913128,139.9092177,20.378,0.041155556,TRUE,25,1,35.91912968,139.9091972,1.854593587,,37.53,1009.11918,45.4921875,216.5,2.5625,-6.25,0.39,1.09,9.71,0.0625,-0.125,0.125,62,,stopped,0,0,1.068,
2026-08-06T13:12:59.505,788.636,guiding_to_goal,35.91913138,139.9092177,20.378,0.010288889,TRUE,26,1,35.91912968,139.9091972,1.855693291,,35.49,1006.178203,45.4765625,216.5,2.5625,-6.25,0.37,1.07,9.74,0,0.125,0.125,62,,stopped,0,0,1.067,
2026-08-06T13:13:00.017,789.149,guiding_to_goal,35.91913138,139.9092177,20.378,0.010288889,TRUE,26,1,35.91912968,139.9091972,1.855693291,,37.52,1009.095117,45.43164063,216.5,2.5625,-6.25,0.4,1.08,9.7,0.0625,0,0,62,,stopped,0,0,1.068,
2026-08-06T13:13:00.520,789.652,guiding_to_goal,35.91913138,139.9092177,20.378,0.020577778,TRUE,29,1,35.91912968,139.9091972,1.855693291,,37.52,1009.095117,45.43164063,216.5,2.5625,-6.25,1.66,1.06,9.74,0,0.0625,0,62,,stopped,0,0,1.068,
2026-08-06T13:13:01.021,790.152,guiding_to_goal,35.91913138,139.9092177,20.378,0.020577778,TRUE,29,1,35.91912968,139.9091972,1.855693291,,37.51,1009.079258,45.43066406,216.5,2.5625,-6.25,0.36,1.08,9.76,0,0,-0.0625,62,,stopped,0,0,1.068,
2026-08-06T13:13:01.521,790.653,guiding_to_goal,35.91913138,139.9092176,20.378,0.015433333,TRUE,24,1,35.91912968,139.9091972,1.848228256,,37.51,1009.106719,45.50097656,216.5,2.5625,-6.25,0.39,1.07,9.74,-0.0625,-0.1875,0,62,,stopped,0,0,1.069,
2026-08-06T13:13:02.024,791.155,guiding_to_goal,35.91913138,139.9092176,20.378,0.015433333,TRUE,24,1,35.91912968,139.9091972,1.848228256,,37.51,1009.106719,45.50097656,216.5,2.5625,-6.25,0.39,1.07,9.76,0.0625,0.125,-0.125,62,,stopped,0,0,1.068,
2026-08-06T13:13:02.524,791.656,guiding_to_goal,35.91913138,139.9092176,20.377,0.030866667,TRUE,23,1,35.91912968,139.9091972,1.848228256,,37.5,1009.098828,45.59375,216.5,2.5625,-6.25,1.67,1.1,9.73,0.0625,0,-0.0625,62,,stopped,0,0,1.068,
2026-08-06T13:13:03.025,792.156,guiding_to_goal,35.91913138,139.9092176,20.377,0.030866667,TRUE,23,1,35.91912968,139.9091972,1.848228256,,37.5,1009.098828,45.59375,216.5,2.5625,-6.25,0.39,1.09,9.69,0.0625,0,0,62,,stopped,0,0,1.069,
2026-08-06T13:13:03.525,792.657,guiding_to_goal,35.91913128,139.9092176,20.377,0.041155556,TRUE,23,1,35.91912968,139.9091972,1.847124108,,37.49,1009.055469,45.78027344,216.5,2.5625,-6.25,0.38,1.06,9.75,0,0,-0.0625,62,,stopped,0,0,1.068,
2026-08-06T13:13:04.026,793.157,guiding_to_goal,35.91913128,139.9092176,20.377,0.041155556,TRUE,23,1,35.91912968,139.9091972,1.847124108,,37.49,1009.055469,45.78027344,216.5,2.5625,-6.25,0.39,1.07,9.74,0.0625,0.0625,0,62,,stopped,0,0,1.068,
2026-08-06T13:13:04.526,793.658,guiding_to_goal,35.91913128,139.9092176,20.377,0.025722222,TRUE,24,1,35.91912968,139.9091972,1.847124108,,37.42,1008.990313,45.80664063,216.5,2.5625,-6.25,0.38,1.08,9.76,0,-0.0625,0,62,,stopped,0,0,1.069,
2026-08-06T13:13:05.032,794.163,guiding_to_goal,35.91913128,139.9092176,20.377,0.025722222,TRUE,24,1,35.91912968,139.9091972,1.847124108,,37.42,1008.990313,45.80664063,216.5,2.5625,-6.25,0.4,1.08,9.71,0,0.1875,0.0625,62,,stopped,0,0,1.068,
2026-08-06T13:13:05.532,794.664,guiding_to_goal,35.91913128,139.9092176,20.377,0.030866667,TRUE,22,1,35.91912968,139.9091972,1.847124108,,36.77,1007.923516,45.76660156,216.5,2.5625,-6.25,0.39,1.08,9.72,-0.0625,0.0625,0.125,62,,forward,60,60,1.07,
2026-08-06T13:13:06.033,795.164,guiding_to_goal,35.91913128,139.9092176,20.377,0.030866667,TRUE,22,1,35.91912968,139.9091972,1.847124108,,36.77,1007.923516,45.76660156,215.75,1.875,-13.6875,-4.16,11.54,12.92,-27.125,28.0625,10.4375,62,,forward,61.8,58.2,4.43,
2026-08-06T13:13:06.533,795.665,guiding_to_goal,35.91913128,139.9092176,20.364,0.020577778,TRUE,23,1,35.91912968,139.9091972,1.847124108,,37.5,1009.173281,46.08398438,214.0625,2.25,-7.375,0.38,1.22,9.68,-0.125,-0.0625,-0.25,62,,stopped,0,0,0.963,
2026-08-06T13:13:07.034,796.165,guiding_to_goal,35.91913128,139.9092176,20.364,0.020577778,TRUE,23,1,35.91912968,139.9091972,1.847124108,,37.5,1009.173281,46.08398438,214.0625,2.25,-7.375,0.31,1.22,9.69,-0.125,0.0625,-0.125,62,,stopped,0,0,0.963,
2026-08-06T13:13:07.534,796.666,guiding_to_goal,35.91913128,139.9092176,20.364,0.030866667,TRUE,23,1,35.91912968,139.9091972,1.847124108,,37.48,1009.094258,45.62695313,214.0625,2.25,-7.375,0.34,1.21,9.71,0.0625,-0.125,-0.0625,62,,stopped,0,0,0.963,
2026-08-06T13:13:08.044,797.176,guiding_to_goal,35.91913128,139.9092176,20.364,0.030866667,TRUE,23,1,35.91912968,139.9091972,1.847124108,,37.48,1009.094258,45.62695313,214.0625,2.25,-7.375,0.34,1.23,9.69,0,-0.0625,-0.0625,62,,stopped,0,0,0.963,
2026-08-06T13:13:08.545,797.676,guiding_to_goal,35.91913128,139.9092176,20.364,0.015433333,TRUE,25,1,35.91912968,139.9091972,1.847124108,,37.49,1009.11043,45.39453125,214.0625,2.25,-7.375,0.32,1.21,9.7,0,0,0.0625,62,,stopped,0,0,0.963,
2026-08-06T13:13:09.048,798.179,guiding_to_goal,35.91913128,139.9092176,20.364,0.015433333,TRUE,25,1,35.91912968,139.9091972,1.847124108,,37.49,1009.11043,45.39453125,214.0625,2.25,-7.375,0.34,1.21,9.69,0.0625,0,0.0625,62,,stopped,0,0,0.963,
2026-08-06T13:13:09.549,798.68,guiding_to_goal,35.91913128,139.9092176,20.364,0.082311111,TRUE,26,1,35.91912968,139.9091972,1.847124108,,37.48,1009.094258,45.96582031,214.0625,10.25,-7.375,0.35,1.22,9.68,0,0.0625,0.0625,62,,stopped,0,0,0.962,
2026-08-06T13:13:10.051,799.183,guiding_to_goal,35.91913128,139.9092176,20.364,0.082311111,TRUE,26,1,35.91912968,139.9091972,1.847124108,,37.48,1009.094258,45.96582031,214.0625,2.25,-7.375,0.33,1.22,9.73,-0.0625,-0.0625,0.0625,62,,stopped,0,0,0.962,
2026-08-06T13:13:10.555,799.686,guiding_to_goal,35.91913138,139.9092177,20.363,0.072022222,TRUE,25,1,35.91912968,139.9091972,1.855693291,,37.49,1009.074727,45.72070313,214.0625,2.25,-7.375,0.34,1.22,9.71,0.0625,0,0,62,,stopped,0,0,0.962,
2026-08-06T13:13:11.057,800.189,guiding_to_goal,35.91913138,139.9092177,20.363,0.072022222,TRUE,25,1,35.91912968,139.9091972,1.855693291,,37.49,1009.074727,45.72070313,214.0625,2.25,-7.375,0.34,1.21,9.68,-0.125,0.125,0,62,,stopped,0,0,0.963,
2026-08-06T13:13:11.558,800.689,guiding_to_goal,35.91913138,139.9092176,20.362,0.015433333,TRUE,24,1,35.91912968,139.9091972,1.848228256,,37.5,1009.173281,45.87402344,214.0625,2.25,-7.375,0.33,1.21,9.72,0,0.0625,-0.0625,62,,stopped,0,0,0.963,
2026-08-06T13:13:12.058,801.19,guiding_to_goal,35.91913138,139.9092176,20.362,0.015433333,TRUE,24,1,35.91912968,139.9091972,1.848228256,,37.5,1009.173281,45.87402344,214.0625,2.25,-7.375,0.36,1.21,9.7,0,0.0625,0,62,,stopped,0,0,0.963,
2026-08-06T13:13:12.559,801.69,guiding_to_goal,35.91913138,139.9092176,20.362,0.051444444,TRUE,24,1,35.91912968,139.9091972,1.848228256,,37.48,1009.580664,45.70703125,214.0625,2.25,-7.375,0.33,1.22,9.69,-0.0625,0,0,62,,stopped,0,0,0.963,
2026-08-06T13:13:13.059,802.191,guiding_to_goal,35.91913138,139.9092176,20.362,0.051444444,TRUE,24,1,35.91912968,139.9091972,1.848228256,,37.48,1009.580664,45.70703125,214.0625,2.25,-7.375,0.34,1.22,9.69,0.125,0,0,62,,stopped,0,0,0.963,
2026-08-06T13:13:13.560,802.691,guiding_to_goal,35.91913138,139.9092177,20.362,0.025722222,TRUE,24,1,35.91912968,139.9091972,1.855693291,,37.48,1009.086367,45.671875,214.0625,2.25,-7.375,0.33,1.22,9.7,0.0625,0.0625,-0.0625,62,,stopped,0,0,0.962,
2026-08-06T13:13:14.060,803.192,guiding_to_goal,35.91913138,139.9092177,20.362,0.025722222,TRUE,24,1,35.91912968,139.9091972,1.855693291,,37.48,1009.086367,45.671875,214.0625,2.25,-7.375,0.35,1.22,9.69,-0.0625,-0.0625,-0.125,62,,stopped,0,0,0.963,
2026-08-06T13:13:14.571,803.702,guiding_to_goal,35.91913138,139.9092176,20.365,0.0463,TRUE,26,1,35.91912968,139.9091972,1.848228256,,37.49,1009.074727,45.69726563,222.0625,2.25,-7.375,0.36,1.21,9.66,-0.0625,0,0,62,,turn_right,10,-10,0.963,
2026-08-06T13:13:15.071,804.203,guiding_to_goal,35.91913138,139.9092176,20.365,0.0463,TRUE,26,1,35.91912968,139.9091972,1.848228256,,37.49,1009.074727,45.69726563,214.125,2.1875,-7.25,0.63,0.23,9.49,12.8125,5.1875,-7.4375,62,,turn_right,20,-20,0.962,
2026-08-06T13:13:15.571,804.703,guiding_to_goal,35.91913148,139.9092175,20.366,0.015433333,TRUE,26,1,35.91912968,139.9091972,1.83895474,,37.46,1009.007656,45.70605469,216.75,2.0625,-7.5625,0.3,1.22,9.72,-0.0625,-0.125,0,62,,stopped,0,0,0.935,
2026-08-06T13:13:16.072,805.203,guiding_to_goal,35.91913148,139.9092175,20.366,0.015433333,TRUE,26,1,35.91912968,139.9091972,1.83895474,,37.46,1009.007656,45.70605469,216.75,2.0625,-7.5625,0.31,1.22,9.7,0,0.125,-0.0625,62,,stopped,0,0,0.934,
2026-08-06T13:13:16.572,805.704,guiding_to_goal,35.91913138,139.9092173,20.38,0.030866667,TRUE,26,1,35.91912968,139.9091972,1.819864063,,37.47,1009.015547,45.62597656,216.75,2,-7.5,0.31,1.24,9.71,0,-0.125,-0.125,62,,stopped,0,0,0.935,
2026-08-06T13:13:17.073,806.204,guiding_to_goal,35.91913138,139.9092173,20.38,0.030866667,TRUE,26,1,35.91912968,139.9091972,1.819864063,,37.47,1009.015547,45.62597656,216.75,2,-7.5,0.3,1.22,9.72,-0.0625,-0.1875,0.125,62,,stopped,0,0,0.934,
2026-08-06T13:13:17.573,806.705,guiding_to_goal,35.91913138,139.9092173,20.38,0.010288889,TRUE,26,1,35.91912968,139.9091972,1.819864063,,37.47,1009.078398,45.61425781,216.75,2,-7.5,0.3,1.24,9.72,0,-0.125,-0.0625,190,,stopped,0,0,0.935,
2026-08-06T13:13:18.074,807.206,guiding_to_goal,35.91913138,139.9092173,20.38,0.010288889,TRUE,26,1,35.91912968,139.9091972,1.819864063,,37.47,1009.078398,45.61425781,216.75,2,-7.5,0.31,1.23,9.7,0,0,0.0625,62,,stopped,0,0,0.935,
2026-08-06T13:13:18.575,807.706,guiding_to_goal,35.91913138,139.9092173,20.38,0.072022222,TRUE,26,1,35.91912968,139.9091972,1.819864063,,37.48,1009.14125,45.61425781,216.75,2,-7.5,0.3,1.24,9.73,-0.1875,0,0,62,,stopped,0,0,0.935,
2026-08-06T13:13:19.075,808.207,guiding_to_goal,35.91913138,139.9092173,20.38,0.072022222,TRUE,26,1,35.91912968,139.9091972,1.819864063,,37.48,1009.14125,45.61425781,216.75,2,-7.5,0.3,1.24,9.72,-0.0625,0,0,62,,stopped,0,0,0.935,
2026-08-06T13:13:19.577,808.709,guiding_to_goal,35.91913138,139.9092172,20.383,0.056588889,TRUE,26,1,35.91912968,139.9091972,1.812400594,,37.46,1009.035117,45.70605469,216.75,2,-7.5,0.31,1.23,9.7,0,0,0,62,,stopped,0,0,0.935,
2026-08-06T13:13:20.077,809.209,guiding_to_goal,35.91913138,139.9092172,20.383,0.056588889,TRUE,26,1,35.91912968,139.9091972,1.812400594,,37.46,1009.035117,45.70605469,216.75,2,-7.5,0.3,1.22,9.69,-0.0625,-0.125,-0.0625,62,,stopped,0,0,0.935,
2026-08-06T13:13:20.578,809.709,guiding_to_goal,35.91913138,139.909217,20.394,0.015433333,TRUE,23,1,35.91912968,139.9091972,1.792997166,,37.45,1009.15625,45.71679688,216.75,2,-7.5,0.3,1.22,9.68,0.0625,0.0625,0.0625,62,,stopped,0,0,0.935,
2026-08-06T13:13:21.078,810.21,guiding_to_goal,35.91913138,139.909217,20.394,0.015433333,TRUE,23,1,35.91912968,139.9091972,1.792997166,,37.45,1009.15625,45.71679688,216.75,2,-7.5,0.29,1.22,9.68,-0.0625,0.1875,0.0625,62,,stopped,0,0,0.934,
2026-08-06T13:13:21.579,810.71,guiding_to_goal,35.91913138,139.9092169,20.401,0.020577778,TRUE,23,1,35.91912968,139.9091972,1.78404253,,37.44,1009.105,45.69238281,216.75,2,-7.5,0.29,1.22,9.69,0.0625,-0.125,-0.125,62,,stopped,0,0,0.935,
2026-08-06T13:13:22.079,811.211,guiding_to_goal,35.91913138,139.9092169,20.401,0.020577778,TRUE,23,1,35.91912968,139.9091972,1.78404253,,37.44,1009.105,45.69238281,216.75,2,-7.5,0.29,1.24,9.69,0.0625,0.125,-0.0625,62,,stopped,0,0,0.934,
2026-08-06T13:13:22.579,811.711,guiding_to_goal,35.91913138,139.9092168,20.405,0.144044444,TRUE,23,1,35.91912968,139.9091972,1.775088405,,37.45,1009.101367,45.79882813,216.75,2,-7.5,0.28,1.23,9.7,-0.0625,0.0625,0,62,,stopped,0,0,0.935,
2026-08-06T13:13:23.080,812.211,guiding_to_goal,35.91913138,139.9092168,20.405,0.144044444,TRUE,23,1,35.91912968,139.9091972,1.775088405,,37.45,1009.101367,45.79882813,216.75,2,-7.5,0.29,1.22,9.66,-0.125,0.125,0,62,,stopped,0,0,0.935,
2026-08-06T13:13:23.580,812.712,guiding_to_goal,35.9191316,139.9092167,20.41,0.087455556,TRUE,23,1,35.91912968,139.9091972,1.770365531,,37.46,1009.109258,45.89257813,213.6875,1.125,-8.0625,0.14,1.35,9.76,0.0625,0.0625,-0.0625,62,,stopped,0,0,0.906,
2026-08-06T13:13:24.081,813.212,guiding_to_goal,35.9191316,139.9092167,20.41,0.087455556,TRUE,23,1,35.91912968,139.9091972,1.770365531,,37.46,1009.109258,45.89257813,213.6875,1.125,-8.0625,0.18,1.28,9.68,-0.1875,0.125,-0.125,62,,turn_right,10,-10,0.906,
2026-08-06T13:13:24.581,813.713,guiding_to_goal,35.9191317,139.9092162,20.434,0.030866667,TRUE,24,1,35.91912968,139.9091972,1.727084645,,37.46,1009.054336,45.77539063,219.1875,1.625,-7.4375,0.23,1.23,9.69,0,0.3125,0,62,,stopped,0,0,0.867,
2026-08-06T13:13:25.081,814.213,guiding_to_goal,35.9191317,139.9092162,20.434,0.030866667,TRUE,24,1,35.91912968,139.9091972,1.727084645,,37.45,1009.128789,45.69433594,219.1875,1.625,-7.4375,0.22,1.22,9.69,-0.125,0.0625,-0.0625,62,,stopped,0,0,0.868,
2026-08-06T13:13:25.582,814.714,guiding_to_goal,35.91913178,139.9092162,20.435,0.051444444,TRUE,26,1,35.91912968,139.9091972,1.728312187,,37.45,1009.128789,45.69433594,219.1875,1.5625,-7.375,0.22,1.22,9.68,-0.0625,-0.125,0,62,,stopped,0,0,0.867,
2026-08-06T13:13:26.083,815.214,guiding_to_goal,35.91913178,139.9092162,20.435,0.051444444,TRUE,26,1,35.91912968,139.9091972,1.728312187,,37.29,1008.84625,45.78222656,219.1875,1.5625,-7.375,0.21,1.23,9.7,-0.0625,-0.0625,-0.0625,62,,stopped,0,0,0.868,
2026-08-06T13:13:26.583,815.715,guiding_to_goal,35.91913178,139.9092162,20.436,0.010288889,TRUE,26,1,35.91912968,139.9091972,1.728312187,,37.29,1008.84625,45.78222656,219.1875,1.5625,-7.375,0.24,1.23,9.7,-0.0625,-0.0625,0.0625,62,,stopped,0,0,0.868,
2026-08-06T13:13:27.090,816.221,guiding_to_goal,35.91913178,139.9092162,20.436,0.010288889,TRUE,26,1,35.91912968,139.9091972,1.728312187,,37.44,1009.112969,45.64648438,219.1875,1.5625,-7.375,0.21,1.22,9.72,0.125,-0.0625,0.0625,62,,stopped,0,0,0.868,
2026-08-06T13:13:27.593,816.724,guiding_to_goal,35.91913178,139.9092162,20.437,0.036011111,TRUE,26,1,35.91912968,139.9091972,1.728312187,,37.46,1009.109258,45.68261719,219.1875,1.5625,-7.375,0.22,1.22,9.71,0,-0.125,0,62,,stopped,0,0,0.868,
2026-08-06T13:13:28.095,817.227,guiding_to_goal,35.91913178,139.9092162,20.437,0.036011111,TRUE,26,1,35.91912968,139.9091972,1.728312187,,37.46,1009.109258,45.68261719,219.1875,1.5625,-7.375,0.22,1.23,9.69,0,0.0625,0.0625,62,,stopped,0,0,0.868,
2026-08-06T13:13:28.595,817.727,guiding_to_goal,35.91913178,139.9092162,20.437,0.056588889,TRUE,28,1,35.91912968,139.9091972,1.728312187,,37.46,1009.081797,45.76367188,219.1875,1.5625,-7.375,0.21,1.22,9.69,0,0,0.125,62,,stopped,0,0,0.868,
2026-08-06T13:13:29.096,818.228,guiding_to_goal,35.91913178,139.9092162,20.437,0.056588889,TRUE,28,1,35.91912968,139.9091972,1.728312187,,37.46,1009.081797,45.76367188,219.1875,1.5625,-7.375,0.24,1.21,9.72,0.125,-0.1875,-0.0625,62,,stopped,0,0,0.868,
2026-08-06T13:13:29.596,818.728,guiding_to_goal,35.91913188,139.9092162,20.438,0.051444444,TRUE,25,1,35.91912968,139.9091972,1.729849608,,37.46,1009.062578,45.76464844,219.1875,1.5625,-7.375,0.2,1.21,9.7,-0.0625,-0.1875,0.0625,62,,stopped,0,0,0.868,
2026-08-06T13:13:30.097,819.228,guiding_to_goal,35.91913188,139.9092162,20.438,0.051444444,TRUE,25,1,35.91912968,139.9091972,1.729849608,,37.46,1009.062578,45.76464844,219.1875,1.5625,-7.375,0.22,1.22,9.71,0,0.0625,0.0625,62,,stopped,0,0,0.868,
2026-08-06T13:13:30.597,819.729,guiding_to_goal,35.91913208,139.9092162,20.428,0.010288889,TRUE,25,1,35.91912968,139.9091972,1.733134393,,36.17,1007.093047,46.00976563,219.1875,1.5625,-7.375,0.19,1.22,9.72,-0.0625,-0.0625,0,62,,stopped,0,0,0.868,
2026-08-06T13:13:31.101,820.232,guiding_to_goal,35.91913208,139.9092162,20.428,0.010288889,TRUE,25,1,35.91912968,139.9091972,1.733134393,,36.17,1007.093047,46.00976563,219.1875,1.5625,-7.375,0.22,1.23,9.69,0.0625,0.25,-0.0625,62,,stopped,0,0,0.868,
2026-08-06T13:13:31.601,820.733,guiding_to_goal,35.91913208,139.9092162,20.428,0.010288889,TRUE,27,1,35.91912968,139.9091972,1.733134393,,37.48,1009.121719,46.22265625,219.1875,1.5625,-7.375,0.21,2.5,9.7,0,-0.0625,0,62,,stopped,0,0,0.868,
2026-08-06T13:13:32.102,821.233,guiding_to_goal,35.91913208,139.9092162,20.428,0.010288889,TRUE,27,1,35.91912968,139.9091972,1.733134393,,37.48,1009.121719,46.22265625,219.1875,1.5625,-7.375,0.21,1.23,9.69,0.0625,0.0625,0.125,62,,stopped,0,0,0.868,
2026-08-06T13:13:32.602,821.734,guiding_to_goal,35.91913208,139.9092162,20.428,0.061733333,TRUE,27,1,35.91912968,139.9091972,1.733134393,,37.49,1009.082969,45.73339844,219.1875,1.5625,-7.375,0.22,1.22,9.71,-0.0625,-0.0625,0.125,62,,stopped,0,0,0.868,
2026-08-06T13:13:33.103,822.234,guiding_to_goal,35.91913208,139.9092162,20.428,0.061733333,TRUE,27,1,35.91912968,139.9091972,1.733134393,,37.49,1009.082969,45.73339844,219.1875,1.5625,-7.375,0.24,1.22,9.7,0.0625,0.0625,0.125,62,,stopped,0,0,0.869,
2026-08-06T13:13:33.603,822.734,guiding_to_goal,35.91913218,139.9092161,20.422,0.030866667,TRUE,26,1,35.91912968,139.9091972,1.724512007,,37.5,1009.063398,45.78027344,217.1875,1.1875,-7.9375,-0.02,1.29,9.61,-4.375,-0.375,-1.75,62,,stopped,0,0,0.773,
2026-08-06T13:13:34.103,823.235,guiding_to_goal,35.91913218,139.9092161,20.422,0.030866667,TRUE,26,1,35.91912968,139.9091972,1.724512007,,37.5,1009.063398,45.78027344,217.125,1.1875,-7.875,0.19,1.33,9.67,0.5625,-0.1875,-0.75,62,,stopped,0,0,0.773,
2026-08-06T13:13:34.604,823.736,guiding_to_goal,35.91913248,139.9092163,20.412,0.005144444,TRUE,27,1,35.91912968,139.9091972,1.747921723,,37.51,1009.079258,46.13183594,217.1875,1.1875,-7.8125,0.17,1.28,9.7,0,0,0.0625,62,,stopped,0,0,0.775,
2026-08-06T13:13:35.114,824.246,guiding_to_goal,35.91913248,139.9092163,20.412,0.005144444,TRUE,27,1,35.91912968,139.9091972,1.747921723,,37.51,1009.079258,46.13183594,217.1875,1.1875,-7.8125,0.16,1.27,9.73,0.0625,0.125,-0.0625,62,,stopped,0,0,0.774,
2026-08-06T13:13:35.614,824.746,guiding_to_goal,35.91913248,139.9092163,20.412,0.0463,TRUE,27,1,35.91912968,139.9091972,1.747921723,,37.51,1009.032266,46.00390625,217.1875,1.1875,-7.8125,0.17,1.28,9.71,0.0625,0.0625,-0.0625,62,,stopped,0,0,0.774,
2026-08-06T13:13:36.115,825.247,guiding_to_goal,35.91913248,139.9092163,20.412,0.0463,TRUE,27,1,35.91912968,139.9091972,1.747921723,,37.51,1009.032266,46.00390625,217.1875,1.1875,-7.8125,1.48,1.28,9.68,0,-0.125,0,62,,stopped,0,0,0.774,
2026-08-06T13:13:36.615,825.747,guiding_to_goal,35.91913248,139.9092163,20.412,0.020577778,TRUE,27,1,35.91912968,139.9091972,1.747921723,,37.28,1008.665391,46.09667969,217.1875,1.1875,-7.8125,0.17,1.27,9.68,0,0.0625,0,62,,stopped,0,0,0.774,
2026-08-06T13:13:37.116,826.248,guiding_to_goal,35.91913248,139.9092163,20.412,0.020577778,TRUE,27,1,35.91912968,139.9091972,1.747921723,,37.28,1008.665391,46.09667969,217.1875,1.1875,-7.8125,0.17,1.3,9.68,0.0625,-0.0625,0,62,,stopped,0,0,0.775,
2026-08-06T13:13:37.617,826.749,guiding_to_goal,35.91913248,139.9092163,20.412,0.025722222,TRUE,27,1,35.91912968,139.9091972,1.747921723,,37.51,1009.581563,46.29589844,217.1875,1.1875,-7.8125,0.17,1.29,9.69,0,0.0625,-0.0625,62,,stopped,0,0,0.774,
2026-08-06T13:13:38.122,827.253,guiding_to_goal,35.91913248,139.9092163,20.412,0.025722222,TRUE,27,1,35.91912968,139.9091972,1.747921723,,37.51,1009.581563,46.29589844,217.1875,1.1875,-7.8125,0.18,1.27,9.66,-0.1875,0,0.0625,62,,stopped,0,0,0.774,
2026-08-06T13:13:38.623,827.754,guiding_to_goal,35.91913248,139.9092163,20.413,0.072022222,TRUE,26,1,35.91912968,139.9091972,1.747921723,,37.53,1009.11125,46.484375,217.1875,1.1875,-7.8125,0.17,1.29,9.69,0,0,0,62,,stopped,0,0,0.774,
2026-08-06T13:13:39.123,828.255,guiding_to_goal,35.91913248,139.9092163,20.413,0.072022222,TRUE,26,1,35.91912968,139.9091972,1.747921723,,37.53,1009.11125,46.484375,217.1875,1.1875,-7.8125,0.18,1.3,9.67,0,0,0.0625,62,,stopped,0,0,0.774,
2026-08-06T13:13:39.628,828.76,guiding_to_goal,35.91913248,139.9092163,20.413,0.066877778,TRUE,25,1,35.91912968,139.9091972,1.747921723,,37.53,1009.11125,46.58886719,217.1875,1.1875,-7.8125,0.16,1.27,9.69,0,0.0625,-0.0625,62,,stopped,0,0,0.775,
2026-08-06T13:13:40.128,829.26,guiding_to_goal,35.91913248,139.9092163,20.413,0.066877778,TRUE,25,1,35.91912968,139.9091972,1.747921723,,37.53,1009.11125,46.58886719,217.1875,1.1875,-7.8125,0.17,1.3,9.69,-0.0625,-0.1875,0.125,62,,stopped,0,0,0.775,
2026-08-06T13:13:40.629,829.76,guiding_to_goal,35.91913238,139.9092163,20.412,0.025722222,TRUE,25,1,35.91912968,139.9091972,1.745975367,,37.52,1009.103047,46.4140625,217.1875,1.1875,-7.8125,0.17,1.3,9.71,0,0.125,0.0625,62,,stopped,0,0,0.775,
2026-08-06T13:13:41.132,830.264,guiding_to_goal,35.91913238,139.9092163,20.412,0.025722222,TRUE,25,1,35.91912968,139.9091972,1.745975367,,37.52,1009.103047,46.4140625,217.1875,1.1875,-7.8125,0.16,1.28,9.68,0,0.0625,0.0625,62,,stopped,0,0,0.775,
2026-08-06T13:13:41.633,830.764,guiding_to_goal,35.91913238,139.9092163,20.412,0.082311111,TRUE,25,1,35.91912968,139.9091972,1.745975367,,37.52,1009.103047,46.2265625,217.1875,1.1875,-7.8125,0.16,1.28,9.71,0.125,0,0.125,62,,stopped,0,0,0.774,
2026-08-06T13:13:42.133,831.265,guiding_to_goal,35.91913238,139.9092163,20.412,0.082311111,TRUE,25,1,35.91912968,139.9091972,1.745975367,,37.52,1009.103047,46.2265625,217.1875,1.1875,-7.8125,0.16,1.31,9.67,0.0625,0.1875,0.0625,62,,stopped,0,0,0.774,
2026-08-06T13:13:42.644,831.775,guiding_to_goal,35.91913248,139.9092163,20.411,0.056588889,TRUE,26,1,35.91912968,139.9091972,1.747921723,,37.51,1009.114648,46.26074219,217.1875,1.1875,-7.8125,0.18,1.29,9.68,0,0.125,-0.125,62,,stopped,0,0,0.773,
2026-08-06T13:13:43.134,832.266,guiding_to_goal,35.91913248,139.9092163,20.411,0.056588889,TRUE,26,1,35.91912968,139.9091972,1.747921723,,37.51,1009.114648,46.26074219,217.1875,1.1875,-7.8125,0.17,1.29,9.69,0.0625,0.0625,0,62,,stopped,0,0,0.774,
2026-08-06T13:13:43.644,832.776,guiding_to_goal,35.91913248,139.9092163,20.418,0.015433333,TRUE,27,1,35.91912968,139.9091972,1.747921723,,37.5,1009.063398,45.95507813,217.1875,1.1875,-7.8125,0.19,1.26,9.68,-0.0625,0.0625,0.0625,62,,stopped,0,0,0.774,
2026-08-06T13:13:44.153,833.285,guiding_to_goal,35.91913248,139.9092163,20.418,0.015433333,TRUE,27,1,35.91912968,139.9091972,1.747921723,,37.5,1009.063398,45.95507813,217.1875,1.1875,-7.8125,0.18,1.28,9.69,-0.0625,0.125,0,62,,stopped,0,0,0.774,
2026-08-06T13:13:44.654,833.785,guiding_to_goal,35.91913248,139.9092164,20.418,0.020577778,TRUE,27,1,35.91912968,139.9091972,1.756783522,,37.48,1009.039336,45.81347656,217.1875,1.1875,-7.8125,0.18,1.28,9.68,-0.0625,-0.125,0.0625,62,,stopped,0,0,0.775,
2026-08-06T13:13:45.154,834.286,guiding_to_goal,35.91913248,139.9092164,20.418,0.020577778,TRUE,27,1,35.91912968,139.9091972,1.756783522,,37.48,1009.039336,45.81347656,217.1875,1.1875,-7.8125,0.15,1.3,9.71,0.125,0,0.0625,62,,stopped,0,0,0.775,
2026-08-06T13:13:45.657,834.788,guiding_to_goal,35.91913248,139.9092163,20.418,0.010288889,TRUE,27,1,35.91912968,139.9091972,1.747921723,,37.5,1009.098828,45.88574219,217.1875,1.1875,-7.8125,0.18,1.28,9.7,0,0,0,62,,stopped,0,0,0.775,
2026-08-06T13:13:46.162,835.293,guiding_to_goal,35.91913248,139.9092163,20.418,0.010288889,TRUE,27,1,35.91912968,139.9091972,1.747921723,,37.5,1009.098828,45.88574219,217.1875,9.1875,-7.8125,0.17,1.28,9.67,0.0625,-0.125,0.0625,62,,stopped,0,0,0.775,
2026-08-06T13:13:46.664,835.796,guiding_to_goal,35.91913248,139.9092163,20.418,0.025722222,TRUE,27,1,35.91912968,139.9091972,1.747921723,,37.5,1009.12625,46.04882813,217.1875,1.1875,-7.8125,0.18,1.31,9.69,-0.0625,-0.0625,-0.0625,62,,stopped,0,0,0.774,
2026-08-06T13:13:47.225,836.357,guiding_to_goal,35.91913248,139.9092163,20.418,0.025722222,TRUE,27,1,35.91912968,139.9091972,1.747921723,,37.5,1009.12625,46.04882813,217.1875,1.1875,-7.8125,0.18,1.29,9.66,0.0625,0,-0.1875,62,,stopped,0,0,0.774,
2026-08-06T13:13:47.723,836.854,guiding_to_goal,35.91913248,139.9092163,20.418,0.010288889,TRUE,25,1,35.91912968,139.9091972,1.747921723,,37.27,1008.704453,46.09570313,217.1875,1.1875,-7.8125,0.18,1.29,9.69,0,0.1875,0.0625,62,,stopped,0,0,0.775,
2026-08-06T13:13:48.223,837.355,guiding_to_goal,35.91913248,139.9092163,20.418,0.010288889,TRUE,25,1,35.91912968,139.9091972,1.747921723,,37.5,1009.12625,46.31738281,217.1875,1.1875,-7.8125,0.17,1.28,9.7,-0.0625,-0.0625,0.0625,62,,stopped,0,0,0.774,
2026-08-06T13:13:48.723,837.855,guiding_to_goal,35.91913248,139.9092163,20.418,0.020577778,TRUE,26,1,35.91912968,139.9091972,1.747921723,,37.49,1009.074727,46.16503906,217.1875,1.1875,-7.8125,0.17,1.28,9.66,0.125,0,0.0625,62,,stopped,0,0,0.774,
2026-08-06T13:13:49.551,838.683,guiding_to_goal,35.91913248,139.9092163,20.418,0.020577778,TRUE,26,1,35.91912968,139.9091972,1.747921723,,37.49,1009.074727,46.16503906,217.1875,1.1875,-7.8125,0.18,1.3,9.67,0,-0.1875,0.0625,62,,stopped,0,0,0.774,
2026-08-06T13:13:50.052,839.183,guiding_to_goal,,,,,FALSE,,,35.91912968,139.9091972,,,37.49,1009.074727,46.16503906,217.1875,1.1875,-7.8125,0.17,1.31,9.68,-0.0625,-0.0625,-0.1875,62,,stopped,0,0,0.773,
2026-08-06T13:13:50.552,839.684,guiding_to_goal,,,,,FALSE,,,35.91912968,139.9091972,,,37.48,1009.149219,46.12890625,217.1875,1.1875,-7.8125,0.2,1.28,9.71,0,0,0.125,62,,stopped,0,0,0.773,
2026-08-06T13:13:51.053,840.184,guiding_to_goal,35.91913238,139.9092163,20.418,0.056588889,TRUE,26,1,35.91912968,139.9091972,1.745975367,,37.48,1009.086367,46.23339844,217.1875,1.1875,-7.8125,0.18,1.28,9.69,0.0625,0,0,62,,stopped,0,0,0.773,
2026-08-06T13:13:51.775,840.907,guiding_to_goal,35.91913238,139.9092163,20.418,0.056588889,TRUE,26,1,35.91912968,139.9091972,1.745975367,,37.48,1009.086367,46.23339844,217.1875,1.1875,-7.8125,0.19,1.28,9.67,-0.0625,-0.125,0.1875,62,,stopped,0,0,0.773,
2026-08-06T13:13:52.276,841.407,guiding_to_goal,35.9191323,139.9092166,20.435,0.036011111,TRUE,27,1,35.91912968,139.9091972,1.772528871,,37.47,1009.105859,46.05761719,217.1875,1.1875,-7.8125,0.17,1.28,9.67,-0.0625,0,0,62,,stopped,0,0,0.773,
2026-08-06T13:13:52.776,841.908,guiding_to_goal,35.9191323,139.9092166,20.435,0.036011111,TRUE,27,1,35.91912968,139.9091972,1.772528871,,37.47,1009.105859,46.05761719,217.1875,9.1875,-7.8125,0.18,1.29,9.7,0,0,-0.0625,62,,stopped,0,0,0.773,
2026-08-06T13:13:53.277,842.408,guiding_to_goal,35.91913238,139.9092166,20.436,0.0463,TRUE,27,1,35.91912968,139.9091972,1.774073469,,37.45,1009.093398,46.23144531,217.1875,1.1875,-7.8125,0.18,1.28,9.68,-0.125,0,0,62,,stopped,0,0,0.773,
2026-08-06T13:13:53.777,842.909,guiding_to_goal,35.91913238,139.9092166,20.436,0.0463,TRUE,27,1,35.91912968,139.9091972,1.774073469,,37.45,1009.093398,46.23144531,217.1875,1.1875,-7.8125,0.18,1.28,9.7,-0.0625,0,0.0625,62,,stopped,0,0,0.774,
2026-08-06T13:13:54.280,843.412,guiding_to_goal,35.91913238,139.9092166,20.436,0.010288889,TRUE,28,1,35.91912968,139.9091972,1.774073469,,37.42,1009.108125,46.06542969,217.1875,1.1875,-7.8125,0.2,1.28,9.69,-0.0625,-0.0625,0.0625,62,,stopped,0,0,0.774,
2026-08-06T13:13:54.781,843.912,guiding_to_goal,35.91913238,139.9092166,20.436,0.010288889,TRUE,28,1,35.91912968,139.9091972,1.774073469,,37.42,1009.108125,46.06542969,217.1875,1.1875,-7.8125,0.17,1.28,9.7,0.0625,0.0625,-0.0625,62,,stopped,0,0,0.775,
2026-08-06T13:13:55.285,844.417,guiding_to_goal,35.91913238,139.9092166,20.433,0.020577778,TRUE,28,1,35.91912968,139.9091972,1.774073469,,37.41,1009.174648,45.85253906,217.1875,1.1875,-7.8125,0.17,1.27,9.69,-0.0625,0,-0.1875,62,,stopped,0,0,0.774,
2026-08-06T13:13:55.791,844.922,guiding_to_goal,35.91913238,139.9092166,20.433,0.020577778,TRUE,28,1,35.91912968,139.9091972,1.774073469,,37.41,1009.174648,45.85253906,217.1875,1.1875,-7.8125,0.19,1.27,9.7,-0.0625,0.0625,0.0625,62,,stopped,0,0,0.774,
2026-08-06T13:13:56.291,845.423,guiding_to_goal,35.91913238,139.9092166,20.432,0.061733333,TRUE,26,1,35.91912968,139.9091972,1.774073469,,34.22,1004.148555,45.65332031,217.1875,1.1875,-7.8125,0.18,1.3,9.67,0,-0.0625,0,62,,stopped,0,0,0.775,
2026-08-06T13:13:56.792,845.923,guiding_to_goal,35.91913238,139.9092166,20.432,0.061733333,TRUE,26,1,35.91912968,139.9091972,1.774073469,,34.22,1004.148555,45.65332031,217.1875,1.1875,-7.8125,0.17,1.3,9.69,-0.0625,0.125,-0.125,62,,stopped,0,0,0.775,
2026-08-06T13:13:57.293,846.424,guiding_to_goal,35.91913238,139.9092166,20.434,0.041155556,TRUE,25,1,35.91912968,139.9091972,1.774073469,,37.37,1009.138398,45.93066406,217.1875,1.1875,-7.8125,0.17,1.29,9.68,0.125,0.25,-0.125,62,,stopped,0,0,0.774,
2026-08-06T13:13:57.793,846.925,guiding_to_goal,35.91913238,139.9092166,20.434,0.041155556,TRUE,25,1,35.91912968,139.9091972,1.774073469,,37.37,1009.138398,45.93066406,217.1875,1.1875,-7.8125,0.19,1.29,9.69,0,0.0625,0,62,,stopped,0,0,0.774,
2026-08-06T13:13:58.294,847.426,guiding_to_goal,35.91913248,139.9092166,20.435,0.2315,TRUE,25,1,35.91912968,139.9091972,1.775989032,,37.13,1008.810742,45.859375,217.1875,1.1875,-7.8125,0.16,1.27,9.67,0,0.1875,0.0625,62,,stopped,0,0,0.775,
2026-08-06T13:13:58.804,847.936,guiding_to_goal,35.91913248,139.9092166,20.435,0.2315,TRUE,25,1,35.91912968,139.9091972,1.775989032,,37.13,1008.810742,45.859375,217.1875,9.1875,-7.8125,0.18,1.28,9.69,-0.0625,0.1875,-0.0625,62,,stopped,0,0,0.774,
2026-08-06T13:13:59.305,848.436,guiding_to_goal,35.91913328,139.9092164,20.447,0.072022222,TRUE,26,1,35.91912968,139.9091972,1.774709437,,37.33,1009.1375,45.86914063,217.1875,1.1875,-7.8125,0.16,1.28,9.71,-0.0625,0.125,0,62,,stopped,0,0,0.774,
2026-08-06T13:13:59.805,848.937,guiding_to_goal,35.91913328,139.9092164,20.447,0.072022222,TRUE,26,1,35.91912968,139.9091972,1.774709437,,37.33,1009.1375,45.86914063,217.1875,1.1875,-7.8125,0.17,1.29,9.72,0.0625,0.0625,-0.125,62,,stopped,0,0,0.775,
2026-08-06T13:14:00.305,849.437,guiding_to_goal,35.91913318,139.9092163,20.449,0.030866667,TRUE,27,1,35.91912968,139.9091972,1.763450294,,37.33,1009.074648,46.17285156,208.9375,0.125,-10.1875,-4.33,-1.93,11.45,-19.125,-31.0625,24.375,190,,forward,86.75625,33.24375,3.645,
2026-08-06T13:14:00.806,849.937,guiding_to_goal,35.91913318,139.9092163,20.449,0.030866667,TRUE,27,1,35.91912968,139.9091972,1.763450294,,37.32,1009.113711,46.04199219,207.75,0.4375,-11,0.08,4.27,2.26,108.75,-36.125,-23.6875,254,,forward,25.61,22.39,3.574,
2026-08-06T13:14:01.306,850.438,guiding_to_goal,35.91913338,139.9092165,20.443,0.200633333,TRUE,27,1,35.91912968,139.9091972,1.786012235,,37.32,1009.113711,46.04199219,215.8125,1.375,-7.75,0.24,1.26,9.69,0.125,0.125,-0.1875,62,,turn_left,-5,5,0.35,
2026-08-06T13:14:01.806,850.938,guiding_to_goal,35.91913338,139.9092165,20.443,0.200633333,TRUE,27,1,35.91912968,139.9091972,1.786012235,,37.33,1009.102148,46.21972656,215.8125,1.375,-7.6875,0.12,0.7,9.47,-6.75,-1.5625,2.25,62,,turn_left,-20,20,0.351,
2026-08-06T13:14:02.307,851.438,guiding_to_goal,35.9191329,139.9092163,20.434,0.082311111,TRUE,27,1,35.91912968,139.9091972,1.756766056,,37.33,1009.102148,46.21972656,208.4375,1,-7.125,0.18,1.22,9.72,0,0.0625,0,62,,stopped,0,0,0.443,
2026-08-06T13:14:02.807,851.939,guiding_to_goal,35.9191329,139.9092163,20.434,0.082311111,TRUE,27,1,35.91912968,139.9091972,1.756766056,,37.33,1009.623789,46.37109375,208.4375,1,-7.125,0.2,1.22,9.71,0.0625,0.0625,-0.1875,62,,stopped,0,0,0.443,
2026-08-06T13:14:03.308,852.439,guiding_to_goal,35.91913278,139.9092162,20.434,0.036011111,TRUE,27,1,35.91912968,139.9091972,1.746813499,,37.34,1009.145469,46.32519531,208.4375,1.0625,-7.125,0.24,1.22,9.7,0,0,0.0625,62,,stopped,0,0,0.442,
2026-08-06T13:14:03.808,852.94,guiding_to_goal,35.91913278,139.9092162,20.434,0.036011111,TRUE,27,1,35.91912968,139.9091972,1.746813499,,37.34,1009.145469,46.32519531,208.4375,1.0625,-7.125,0.24,1.21,9.73,0,0.0625,0.125,62,,stopped,0,0,0.442,
2026-08-06T13:14:04.310,853.442,guiding_to_goal,35.91913278,139.9092162,20.434,0.051444444,TRUE,28,1,35.91912968,139.9091972,1.746813499,,37.34,1009.090547,46.89746094,208.4375,1.0625,-7.125,0.24,1.21,9.71,-0.0625,0.1875,-0.0625,62,,stopped,0,0,0.444,
2026-08-06T13:14:04.819,853.951,guiding_to_goal,35.91913278,139.9092162,20.434,0.051444444,TRUE,28,1,35.91912968,139.9091972,1.746813499,,37.34,1009.090547,46.89746094,208.4375,1.0625,-7.125,0.24,1.22,9.71,0.0625,0.125,0,62,,stopped,0,0,0.444,
2026-08-06T13:14:05.320,854.451,guiding_to_goal,35.91913278,139.9092162,20.433,0.030866667,TRUE,29,1,35.91912968,139.9091972,1.746813499,,37.36,1009.087148,46.99316406,208.4375,1.0625,-7.125,0.24,1.22,9.73,-0.0625,0.0625,-0.0625,62,,stopped,0,0,0.443,
2026-08-06T13:14:05.826,854.957,guiding_to_goal,35.91913278,139.9092162,20.433,0.030866667,TRUE,29,1,35.91912968,139.9091972,1.746813499,,37.36,1009.087148,46.99316406,208.4375,1.0625,-7.125,0.22,1.22,9.74,0,0,-0.0625,62,,stopped,0,0,0.442,
2026-08-06T13:14:06.328,855.46,guiding_to_goal,35.91913278,139.9092162,20.432,0.041155556,TRUE,29,1,35.91912968,139.9091972,1.746813499,,37.36,1009.114609,47.07421875,208.4375,1.0625,-7.125,0.23,1.21,9.7,0,0,0.125,62,,stopped,0,0,0.442,
2026-08-06T13:14:06.833,855.964,guiding_to_goal,35.91913278,139.9092162,20.432,0.041155556,TRUE,29,1,35.91912968,139.9091972,1.746813499,,37.36,1009.114609,47.07421875,208.4375,1.0625,-7.125,0.24,1.22,9.68,0,-0.0625,-0.0625,62,,stopped,0,0,0.441,
2026-08-06T13:14:07.333,856.465,guiding_to_goal,35.91913278,139.9092162,20.432,0.041155556,TRUE,27,1,35.91912968,139.9091972,1.746813499,,37.36,1009.114609,46.36230469,208.4375,1.0625,-7.125,0.23,1.22,9.72,-0.0625,0,0,62,,stopped,0,0,0.443,
2026-08-06T13:14:07.848,856.98,guiding_to_goal,35.91913278,139.9092162,20.432,0.041155556,TRUE,27,1,35.91912968,139.9091972,1.746813499,,37.36,1009.114609,46.36230469,208.4375,1.0625,-7.125,0.24,1.2,9.69,0.0625,0.125,0,62,,stopped,0,0,0.443,
2026-08-06T13:14:08.354,857.486,guiding_to_goal,35.91913268,139.909216,20.429,0.072022222,TRUE,27,1,35.91912968,139.9091972,1.725506319,,37.32,1009.011836,46.83691406,208.4375,1.0625,-7.125,0.24,1.22,9.69,0,-0.0625,0.0625,62,,stopped,0,0,0.443,
2026-08-06T13:14:08.864,857.996,guiding_to_goal,35.91913268,139.909216,20.429,0.072022222,TRUE,27,1,35.91912968,139.9091972,1.725506319,,37.32,1009.011836,46.83691406,208.4375,1.0625,-7.125,0.23,1.21,9.68,0.0625,0,-0.0625,62,,stopped,0,0,0.441,
2026-08-06T13:14:09.366,858.497,guiding_to_goal,35.91913278,139.9092158,20.417,0.010288889,TRUE,27,1,35.91912968,139.9091972,1.710046182,,37.37,1009.083477,46.93554688,208.4375,1.0625,-7.125,0.21,1.21,9.69,0,0.125,0,62,,stopped,0,0,0.444,
2026-08-06T13:14:09.876,859.007,guiding_to_goal,35.91913278,139.9092158,20.417,0.010288889,TRUE,27,1,35.91912968,139.9091972,1.710046182,,37.37,1009.083477,46.93554688,208.4375,1.0625,-7.125,0.24,1.21,9.69,0,0,8,62,,stopped,0,0,0.443,
2026-08-06T13:14:10.376,859.508,guiding_to_goal,35.91913278,139.9092158,20.417,0.025722222,TRUE,27,1,35.91912968,139.9091972,1.710046182,,37.37,1009.028555,46.3984375,208.4375,1.0625,-7.125,0.24,1.22,9.71,0,0.125,0.0625,62,,stopped,0,0,0.441,
2026-08-06T13:14:10.877,860.008,guiding_to_goal,35.91913278,139.9092158,20.417,0.025722222,TRUE,27,1,35.91912968,139.9091972,1.710046182,,37.37,1009.028555,46.3984375,208.4375,1.0625,-7.125,0.24,1.22,9.69,0,0,-0.0625,62,,stopped,0,0,0.44,
2026-08-06T13:14:11.377,860.509,guiding_to_goal,35.91913278,139.9092158,20.418,0.025722222,TRUE,27,1,35.91912968,139.9091972,1.710046182,,37.38,1009.17375,46.32910156,208.4375,1.0625,-7.125,0.2,1.21,9.69,0.0625,0.125,-0.0625,62,,stopped,0,0,0.442,
2026-08-06T13:14:11.878,861.009,guiding_to_goal,35.91913278,139.9092158,20.418,0.025722222,TRUE,27,1,35.91912968,139.9091972,1.710046182,,37.38,1009.17375,46.32910156,208.4375,1.0625,-7.125,0.22,1.22,9.7,8,-0.0625,-0.1875,62,,stopped,0,0,0.442,
2026-08-06T13:14:12.378,861.51,guiding_to_goal,35.91913278,139.9092157,20.417,0.030866667,TRUE,27,1,35.91912968,139.9091972,1.702696666,,37.38,1009.126797,46.42285156,208.4375,1.0625,-7.125,0.22,1.22,9.71,0,-0.1875,0,62,,turn_right,5,-5,0.442,
2026-08-06T13:14:12.878,862.01,guiding_to_goal,35.91913278,139.9092157,20.417,0.030866667,TRUE,27,1,35.91912968,139.9091972,1.702696666,,37.38,1009.126797,46.42285156,209.1875,1.0625,-7.25,0.37,1.52,9.01,6.75,-10.5,-30.3125,62,,turn_right,25,-25,0.415,
2026-08-06T13:14:13.379,862.51,guiding_to_goal,35.91913278,139.9092157,20.417,0.051444444,TRUE,27,1,35.91912968,139.9091972,1.702696666,,37.37,1009.028555,46.46777344,213.8125,1.5625,-8.125,0.29,1.33,9.67,0,-0.0625,0,62,,stopped,0,0,0.361,
2026-08-06T13:14:13.882,863.014,guiding_to_goal,35.91913278,139.9092157,20.417,0.051444444,TRUE,27,1,35.91912968,139.9091972,1.702696666,,37.37,1009.028555,46.46777344,213.8125,1.5625,-8.125,0.27,1.33,9.66,-0.0625,-0.0625,0.0625,62,,stopped,0,0,0.361,
2026-08-06T13:14:14.383,863.514,guiding_to_goal,35.91913278,139.9092158,20.417,0.066877778,TRUE,27,1,35.91912968,139.9091972,1.710046182,,37.36,1009.095078,46.45605469,213.8125,1.5625,-8.125,1.55,1.35,9.69,0,0.0625,0,62,,stopped,0,0,0.361,
2026-08-06T13:14:14.883,864.015,guiding_to_goal,35.91913278,139.9092158,20.417,0.066877778,TRUE,27,1,35.91912968,139.9091972,1.710046182,,37.36,1009.095078,46.45605469,213.8125,1.5625,-8.125,0.29,1.33,9.67,0.0625,-0.125,0.0625,62,,stopped,0,0,0.361,
2026-08-06T13:14:15.385,864.516,guiding_to_goal,35.91913278,139.9092158,20.416,0.036011111,TRUE,28,1,35.91912968,139.9091972,1.710046182,,37.38,1009.126797,46.46875,213.8125,1.5625,-8.125,0.28,1.32,9.68,0,-0.125,-0.125,62,,stopped,0,0,0.362,
2026-08-06T13:14:15.916,865.047,guiding_to_goal,35.91913278,139.9092158,20.416,0.036011111,TRUE,28,1,35.91912968,139.9091972,1.710046182,,37.38,1009.126797,46.46875,213.8125,1.5625,-8.125,0.26,1.33,9.66,-0.0625,-0.125,0,62,,stopped,0,0,0.363,
2026-08-06T13:14:16.420,865.552,guiding_to_goal,35.9191329,139.9092158,20.416,0.015433333,TRUE,28,1,35.91912968,139.9091972,1.712708309,,37.38,1009.126797,46.59765625,213.8125,1.5625,-8.125,0.29,1.33,9.65,0,0.125,0,62,,stopped,0,0,0.362,
2026-08-06T13:14:16.923,866.055,guiding_to_goal,35.9191329,139.9092158,20.416,0.015433333,TRUE,28,1,35.91912968,139.9091972,1.712708309,,37.38,1009.126797,46.59765625,213.8125,1.5625,-8.125,0.26,1.32,9.68,-0.125,8,-0.0625,62,,stopped,0,0,0.362,
2026-08-06T13:14:17.423,866.555,guiding_to_goal,35.9191329,139.9092158,20.417,0.005144444,TRUE,28,1,35.91912968,139.9091972,1.712708309,,37.39,1009.115469,46.73828125,213.8125,9.5625,-8.125,0.27,1.33,9.69,0.0625,0,0,62,,stopped,0,0,0.362,
2026-08-06T13:14:17.924,867.056,guiding_to_goal,35.9191329,139.9092158,20.417,0.005144444,TRUE,28,1,35.91912968,139.9091972,1.712708309,,37.39,1009.115469,46.73828125,213.8125,1.5625,-8.125,0.29,1.35,9.66,0.0625,-0.0625,0.0625,62,,stopped,0,0,0.362,
2026-08-06T13:14:18.434,867.566,guiding_to_goal,35.91913278,139.9092156,20.419,0.015433333,TRUE,28,1,35.91912968,139.9091972,1.692409622,,37.37,1009.083477,46.14160156,213.8125,1.5625,-8.125,0.28,1.33,9.66,0,0,-0.0625,62,,stopped,0,0,0.361,
2026-08-06T13:14:18.941,868.073,guiding_to_goal,35.91913278,139.9092156,20.419,0.015433333,TRUE,28,1,35.91912968,139.9091972,1.692409622,,37.37,1009.083477,46.14160156,213.8125,1.5625,-8.125,0.27,1.33,9.68,0.0625,-0.125,0.0625,62,,stopped,0,0,0.361,
2026-08-06T13:14:19.442,868.573,guiding_to_goal,35.91913278,139.9092155,20.418,0.030866667,TRUE,28,1,35.91912968,139.9091972,1.68359431,,37.35,1009.106406,45.87109375,221.8125,1.5625,-8.125,0.28,1.33,9.68,0,0,0.0625,62,,stopped,0,0,0.362,
2026-08-06T13:14:19.943,869.074,guiding_to_goal,35.91913278,139.9092155,20.418,0.030866667,TRUE,28,1,35.91912968,139.9091972,1.68359431,,37.35,1009.106406,45.87109375,213.8125,1.5625,-0.125,0.25,1.33,9.67,-0.125,-0.125,0.125,62,,stopped,0,0,0.362,
2026-08-06T13:14:20.443,869.575,guiding_to_goal,35.91913278,139.9092155,20.418,0.020577778,TRUE,28,1,35.91912968,139.9091972,1.68359431,,37.37,1009.110938,46.00097656,221.8125,1.5625,-8.125,0.28,1.35,9.69,0,-0.0625,-0.0625,62,,stopped,0,0,0.362,
2026-08-06T13:14:20.943,870.083,guiding_to_goal,35.91913278,139.9092155,20.418,0.020577778,TRUE,28,1,35.91912968,139.9091972,1.68359431,,37.37,1009.110938,46.00097656,213.8125,1.5625,-8.125,0.26,1.33,9.67,0,-0.0625,0.0625,62,,stopped,0,0,0.362,
2026-08-06T13:14:21.444,870.575,guiding_to_goal,35.91913278,139.9092155,20.418,0.077166667,TRUE,27,1,35.91912968,139.9091972,1.68359431,,37.39,1009.088008,46.07324219,213.8125,1.5625,-8.125,0.26,1.33,9.67,-0.0625,-0.125,0.1875,62,,turn_right,5,-5,0.362,
2026-08-06T13:14:21.944,871.076,guiding_to_goal,35.91913278,139.9092155,20.418,0.077166667,TRUE,27,1,35.91912968,139.9091972,1.68359431,,37.39,1009.088008,46.07324219,214,1.5,-8.0625,0.67,0.93,9.93,-1.125,2.125,-4.25,62,,turn_right,25,-25,0.361,
2026-08-06T13:14:22.445,871.576,guiding_to_goal,35.91913258,139.9092152,20.421,0.010288889,TRUE,27,1,35.91912968,139.9091972,1.654149894,,37.38,1009.099336,45.93164063,223.875,1.5,-8.25,0.27,1.33,9.68,0.0625,0.0625,-0.0625,62,,stopped,0,0,0.346,
2026-08-06T13:14:22.951,872.083,guiding_to_goal,35.91913258,139.9092152,20.421,0.010288889,TRUE,27,1,35.91912968,139.9091972,1.654149894,,37.38,1009.099336,45.93164063,215.875,1.5,-8.25,0.25,1.33,9.67,0.0625,0,0,62,,stopped,0,0,0.347,
2026-08-06T13:14:23.452,872.583,guiding_to_goal,35.91913258,139.9092152,20.421,0.025722222,TRUE,27,1,35.91912968,139.9091972,1.654149894,,37.38,1009.154258,45.83886719,215.875,1.5,-8.25,0.25,1.35,9.68,-0.0625,0.0625,0,62,,stopped,0,0,0.347,
2026-08-06T13:14:23.952,873.084,guiding_to_goal,35.91913258,139.9092152,20.421,0.025722222,TRUE,27,1,35.91912968,139.9091972,1.654149894,,37.37,1009.138398,45.76757813,215.875,1.5,-8.25,0.24,1.33,9.67,0,0.0625,-0.0625,62,,stopped,0,0,0.345,
2026-08-06T13:14:24.456,873.587,guiding_to_goal,35.91913258,139.9092152,20.421,0.015433333,TRUE,27,1,35.91912968,139.9091972,1.654149894,,37.37,1009.138398,45.76757813,215.875,1.5,-8.25,0.25,1.35,9.67,0,0.0625,0.0625,62,,stopped,0,0,0.346,
2026-08-06T13:14:24.960,874.092,guiding_to_goal,35.91913258,139.9092152,20.421,0.015433333,TRUE,27,1,35.91912968,139.9091972,1.654149894,,37.35,1009.106406,45.6484375,215.875,1.5,-8.25,0.24,1.34,9.69,0,0.0625,0.0625,62,,stopped,0,0,0.346,
2026-08-06T13:14:25.465,874.597,guiding_to_goal,35.91913258,139.9092152,20.421,0.015433333,TRUE,28,1,35.91912968,139.9091972,1.654149894,,37.35,1009.070977,45.74121094,215.875,1.5,-8.25,0.26,1.35,9.69,0,0.125,0.0625,62,,stopped,0,0,0.347,
2026-08-06T13:14:26.096,875.227,guiding_to_goal,35.91913258,139.9092152,20.421,0.015433333,TRUE,28,1,35.91912968,139.9091972,1.654149894,,37.35,1009.070977,45.74121094,215.875,1.5,-8.25,0.24,1.34,9.69,-0.0625,0.0625,0.0625,62,,stopped,0,0,0.347,
2026-08-06T13:14:26.596,875.728,guiding_to_goal,35.91913258,139.9092152,20.421,0.020577778,TRUE,26,1,35.91912968,139.9091972,1.654149894,,37.34,1009.063086,45.95117188,215.875,1.5,-8.25,0.26,1.34,9.69,8.125,0,-0.0625,62,,stopped,0,0,0.347,
2026-08-06T13:14:27.098,876.23,guiding_to_goal,35.91913258,139.9092152,20.421,0.020577778,TRUE,26,1,35.91912968,139.9091972,1.654149894,,37.34,1009.063086,45.95117188,215.875,1.5,-8.25,0.24,1.33,9.67,0.0625,-0.0625,0,62,,stopped,0,0,0.347,
2026-08-06T13:14:27.598,876.73,guiding_to_goal,35.91913248,139.909215,20.422,0.041155556,TRUE,26,1,35.91912968,139.9091972,1.632861005,,36.09,1007.138047,45.96679688,215.875,1.5,-8.25,0.24,1.36,9.68,0,0,0,62,,stopped,0,0,0.347,
2026-08-06T13:14:28.099,877.23,guiding_to_goal,35.91913248,139.909215,20.422,0.041155556,TRUE,26,1,35.91912968,139.9091972,1.632861005,,36.09,1007.138047,45.96679688,223.875,1.5,-8.25,0.24,1.34,9.67,0,0,0,62,,stopped,0,0,0.346,
2026-08-06T13:14:28.599,877.731,guiding_to_goal,35.91913248,139.909215,20.422,0.056588889,TRUE,26,1,35.91912968,139.9091972,1.632861005,,37.32,1009.086289,46.07714844,215.875,1.5,-8.25,0.24,1.33,9.69,0,-0.0625,0,62,,stopped,0,0,0.347,
2026-08-06T13:14:29.100,878.231,guiding_to_goal,35.91913248,139.909215,20.422,0.056588889,TRUE,26,1,35.91912968,139.9091972,1.632861005,,37.32,1009.086289,46.07714844,215.875,1.5,-8.25,0.25,1.33,9.68,0.0625,0.125,-0.1875,62,,stopped,0,0,0.346,
2026-08-06T13:14:29.600,878.732,guiding_to_goal,35.91913248,139.909215,20.422,0.072022222,TRUE,26,1,35.91912968,139.9091972,1.632861005,,37.28,1009.049727,45.45410156,215.875,1.5,-8.25,0.24,1.34,9.69,0,-0.0625,0,62,,stopped,0,0,0.347,
2026-08-06T13:14:30.100,879.232,guiding_to_goal,35.91913248,139.909215,20.422,0.072022222,TRUE,26,1,35.91912968,139.9091972,1.632861005,,37.28,1009.049727,45.45410156,215.875,1.5,-8.25,0.25,1.33,9.68,0.0625,-0.0625,-0.0625,62,,stopped,0,0,0.347,
2026-08-06T13:14:30.601,879.732,guiding_to_goal,35.91913258,139.909215,20.422,0.262366667,TRUE,27,1,35.91912968,139.9091972,1.63501765,,37.3,1009.054258,45.88867188,215.875,1.5,-8.25,0.25,1.35,9.68,0.0625,0.125,0.0625,62,,forward,60,60,0.347,
2026-08-06T13:14:31.101,880.233,guiding_to_goal,35.91913258,139.909215,20.422,0.262366667,TRUE,27,1,35.91912968,139.9091972,1.63501765,,37.3,1009.054258,45.88867188,215.1875,1.5,-16.9375,0.95,10.38,7.31,-34.75,10.9375,14.375,62,,forward,36.8025,35.1975,0.368,
2026-08-06T13:14:31.602,880.733,guiding_to_goal,35.9191335,139.909215,20.441,0.036011111,TRUE,27,1,35.91912968,139.9091972,1.658134213,,37.28,1009.195234,46.14453125,213.125,0.6875,-8,0.12,1.32,9.67,0,0,0.1875,62,,stopped,0,0,0.306,
2026-08-06T13:14:32.102,881.234,guiding_to_goal,35.9191335,139.909215,20.441,0.036011111,TRUE,27,1,35.91912968,139.9091972,1.658134213,,37.28,1009.195234,46.14453125,213.125,0.6875,-8,0.12,1.3,9.69,-0.0625,-0.125,0.125,62,,stopped,0,0,0.306,
2026-08-06T13:14:32.603,881.734,guiding_to_goal,35.9191335,139.909215,20.442,0,TRUE,26,1,35.91912968,139.9091972,1.658134213,,37.28,1009.104648,46.34179688,213.125,0.6875,-8,0.12,1.33,9.7,-0.0625,-0.0625,-0.1875,62,,stopped,0,0,0.307,
2026-08-06T13:14:33.103,882.235,guiding_to_goal,35.9191335,139.909215,20.442,0,TRUE,26,1,35.91912968,139.9091972,1.658134213,,37.28,1009.104648,46.34179688,213.125,0.6875,-8,0.1,1.33,9.66,-0.0625,-0.0625,-0.0625,62,,stopped,0,0,0.307,
2026-08-06T13:14:33.603,882.745,guiding_to_goal,35.9191335,139.909215,20.442,0.020577778,TRUE,27,1,35.91912968,139.9091972,1.658134213,,37.26,1009.100391,46.25878906,213.125,0.6875,-8,0.12,1.32,9.69,8,0,0,62,,stopped,0,0,0.306,
2026-08-06T13:14:34.115,883.247,guiding_to_goal,35.9191335,139.909215,20.442,0.020577778,TRUE,27,1,35.91912968,139.9091972,1.658134213,,37.26,1009.100391,46.25878906,213.125,0.6875,-8,0.13,1.33,9.69,0.125,0.0625,-0.0625,62,,stopped,0,0,0.306,
2026-08-06T13:14:34.616,883.747,guiding_to_goal,35.9191335,139.909215,20.443,0.015433333,TRUE,28,1,35.91912968,139.9091972,1.658134213,,36.85,1008.909297,46.15917969,213.125,0.6875,-8,0.13,1.33,9.69,-0.0625,-0.0625,0,62,,stopped,0,0,0.306,
2026-08-06T13:14:35.116,884.248,guiding_to_goal,35.9191335,139.909215,20.443,0.015433333,TRUE,28,1,35.91912968,139.9091972,1.658134213,,36.85,1008.909297,46.15917969,213.125,0.6875,-8,0.14,1.32,9.69,0.125,-0.0625,0,62,,stopped,0,0,0.306,
2026-08-06T13:14:35.617,884.748,guiding_to_goal,35.9191335,139.909215,20.444,0.025722222,TRUE,28,1,35.91912968,139.9091972,1.658134213,,37.22,1009.064141,46.06738281,213.125,8.6875,-8,0.13,1.31,9.69,-0.0625,0.0625,-0.0625,62,,stopped,0,0,0.307,
2026-08-06T13:14:36.119,885.251,guiding_to_goal,35.9191335,139.909215,20.444,0.025722222,TRUE,28,1,35.91912968,139.9091972,1.658134213,,37.22,1009.064141,46.06738281,213.125,0.6875,-8,1.4,1.3,9.69,0,-0.0625,0.0625,62,,stopped,0,0,0.307,
2026-08-06T13:14:36.620,885.751,guiding_to_goal,35.9191335,139.909215,20.443,0.020577778,TRUE,25,1,35.91912968,139.9091972,1.658134213,,37.2,1009.122383,46.20605469,213.125,0.6875,-8,0.12,1.33,9.69,0,-0.0625,0.125,62,,stopped,0,0,0.306,
2026-08-06T13:14:37.120,886.252,guiding_to_goal,35.9191335,139.909215,20.443,0.020577778,TRUE,25,1,35.91912968,139.9091972,1.658134213,,37.2,1009.122383,46.20605469,213.125,0.6875,-8,0.12,1.34,9.69,-0.0625,0,0.0625,62,,stopped,0,0,0.306,
2026-08-06T13:14:37.624,886.756,guiding_to_goal,35.9191335,139.909215,20.443,0.010288889,TRUE,24,1,35.91912968,139.9091972,1.658134213,,37.2,1009.086992,46.25195313,213.125,0.6875,-8,0.12,1.31,9.66,0,0,0,62,,stopped,0,0,0.306,
2026-08-06T13:14:38.134,887.266,guiding_to_goal,35.9191335,139.909215,20.443,0.010288889,TRUE,24,1,35.91912968,139.9091972,1.658134213,,37.2,1009.086992,46.25195313,213.125,0.6875,-8,0.13,1.33,9.67,0,0.0625,-0.0625,62,,stopped,0,0,0.306,
2026-08-06T13:14:38.635,887.766,guiding_to_goal,35.9191335,139.909215,20.443,0.041155556,TRUE,25,1,35.91912968,139.9091972,1.658134213,,37.19,1009.180977,46.39257813,213.125,0.6875,-8,0.12,1.33,9.65,0,-0.0625,0,62,,stopped,0,0,0.307,
2026-08-06T13:14:39.135,888.267,guiding_to_goal,35.9191335,139.909215,20.443,0.041155556,TRUE,25,1,35.91912968,139.9091972,1.658134213,,37.19,1009.180977,46.39257813,213.125,0.6875,-8,0.13,1.34,9.7,0,-0.0625,0.0625,62,,stopped,0,0,0.307,
2026-08-06T13:14:39.636,888.767,guiding_to_goal,35.9191335,139.9092149,20.443,0.128611111,TRUE,25,1,35.91912968,139.9091972,1.6494307,,37.17,1009.074531,46.61132813,213.125,0.6875,-8,0.13,1.31,9.69,0.0625,-0.125,-0.0625,62,,stopped,0,0,0.306,
2026-08-06T13:14:40.136,889.268,guiding_to_goal,35.9191335,139.9092149,20.443,0.128611111,TRUE,25,1,35.91912968,139.9091972,1.6494307,,37.17,1009.074531,46.61132813,213.125,0.6875,-8,0.12,1.33,9.67,0.0625,0.0625,0.0625,62,,stopped,0,0,0.306,
2026-08-06T13:14:40.640,889.772,guiding_to_goal,35.91913368,139.9092149,20.447,0,TRUE,26,1,35.91912968,139.9091972,1.654793151,,37.09,1008.955,46.63867188,213.125,8.6875,-8,0.11,1.33,9.68,0,0.0625,-0.0625,62,,stopped,0,0,0.307,
2026-08-06T13:14:41.141,890.272,guiding_to_goal,35.91913368,139.9092149,20.447,0,TRUE,26,1,35.91912968,139.9091972,1.654793151,,37.09,1008.955,46.63867188,213.125,0.6875,-8,0.11,1.33,9.67,0,-0.1875,0.0625,62,,stopped,0,0,0.307,
2026-08-06T13:14:41.641,890.773,guiding_to_goal,35.91913368,139.9092149,20.449,0.020577778,TRUE,25,1,35.91912968,139.9091972,1.654793151,,37.16,1009.270352,46.51660156,237.375,1.25,-9.375,-0.37,2.1,7.55,1.375,-14.1875,-46.25,62,,stopped,0,0,0.331,
2026-08-06T13:14:42.141,891.273,guiding_to_goal,35.91913368,139.9092149,20.449,0.020577778,TRUE,25,1,35.91912968,139.9091972,1.654793151,,37.16,1009.270352,46.51660156,239.125,1.5625,-8.6875,0.54,0.78,9.9,-5.75,2,-5.125,62,,stopped,0,0,0.382,
2026-08-06T13:14:42.642,891.774,guiding_to_goal,35.91913368,139.9092149,20.448,0.082311111,TRUE,25,1,35.91912968,139.9091972,1.654793151,,37.14,1009.073633,46.62011719,239.25,1.1875,-8.375,0.05,1.32,9.69,0.0625,0.125,0.1875,62,,stopped,0,0,0.384,
2026-08-06T13:14:43.142,892.274,guiding_to_goal,35.91913368,139.9092149,20.448,0.082311111,TRUE,25,1,35.91912968,139.9091972,1.654793151,,37.14,1009.073633,46.62011719,239.25,1.125,-8.375,0.05,1.32,9.69,0.0625,0,0,62,,stopped,0,0,0.384,
2026-08-06T13:14:43.643,892.774,guiding_to_goal,35.91913378,139.9092149,20.448,0.015433333,TRUE,26,1,35.91912968,139.9091972,1.657816475,,37.12,1009.104727,46.79296875,239.3125,0.9375,-8.1875,0.06,1.3,9.67,0.0625,-0.125,-0.0625,62,,stopped,0,0,0.383,
2026-08-06T13:14:44.146,893.278,guiding_to_goal,35.91913378,139.9092149,20.448,0.015433333,TRUE,26,1,35.91912968,139.9091972,1.657816475,,37.12,1009.104727,46.79296875,239.3125,0.9375,-8.1875,0.07,1.33,9.67,0,0.125,-0.0625,62,,stopped,0,0,0.382,
2026-08-06T13:14:44.647,893.778,guiding_to_goal,35.91913378,139.9092149,20.449,0.015433333,TRUE,26,1,35.91912968,139.9091972,1.657816475,,37.09,1009.092227,46.84863281,239.3125,0.9375,-8.1875,0.06,1.3,9.66,0,-0.0625,0,62,,stopped,0,0,0.384,
2026-08-06T13:14:45.149,894.28,guiding_to_goal,35.91913378,139.9092149,20.449,0.015433333,TRUE,26,1,35.91912968,139.9091972,1.657816475,,37.09,1009.092227,46.84863281,239.3125,0.9375,-8.1875,0.06,1.3,9.68,-0.0625,0.125,0.25,62,,stopped,0,0,0.383,
2026-08-06T13:14:45.649,894.781,guiding_to_goal,35.91913378,139.9092149,20.45,0.020577778,TRUE,27,1,35.91912968,139.9091972,1.657816475,,37.07,1009.11543,46.625,239.3125,0.9375,-8.1875,0.07,1.32,9.66,0.125,-0.0625,0.0625,62,,stopped,0,0,0.386,
2026-08-06T13:14:46.150,895.281,guiding_to_goal,35.91913378,139.9092149,20.45,0.020577778,TRUE,27,1,35.91912968,139.9091972,1.657816475,,37.06,1009.126719,46.77636719,239.3125,0.9375,-8.1875,0.07,1.3,9.7,0.0625,-0.125,0,62,,stopped,0,0,0.385,
2026-08-06T13:14:46.655,895.786,guiding_to_goal,35.91913378,139.9092149,20.45,0.020577778,TRUE,24,1,35.91912968,139.9091972,1.657816475,,37.06,1009.126719,46.77636719,239.3125,0.9375,-8.1875,0.06,1.33,9.67,-0.0625,0,0.0625,62,,stopped,0,0,0.382,
2026-08-06T13:14:47.155,896.287,guiding_to_goal,35.91913378,139.9092149,20.45,0.020577778,TRUE,24,1,35.91912968,139.9091972,1.657816475,,37.04,1009.095,46.83203125,239.3125,0.9375,-8.1875,0.07,1.31,9.66,0.125,0.125,0,62,,stopped,0,0,0.383,
2026-08-06T13:14:47.656,896.787,guiding_to_goal,35.91913378,139.9092149,20.454,0.025722222,TRUE,24,1,35.91912968,139.9091972,1.657816475,,37.04,1009.095,46.83203125,239.3125,0.9375,-8.1875,0.06,1.31,9.69,-0.0625,-0.125,-0.125,62,,stopped,0,0,0.381,
2026-08-06T13:14:48.156,897.288,guiding_to_goal,35.91913378,139.9092149,20.454,0.025722222,TRUE,24,1,35.91912968,139.9091972,1.657816475,,37.01,1009.094102,46.77050781,239.3125,0.9375,-8.1875,0.06,1.3,9.68,0,0.0625,0.0625,62,,stopped,0,0,0.383,
2026-08-06T13:14:48.656,897.788,guiding_to_goal,35.91913378,139.9092149,20.454,0.036011111,TRUE,24,1,35.91912968,139.9091972,1.657816475,,36.99,1009.042578,46.88476563,239.3125,0.9375,-8.1875,0.06,1.31,9.68,0.0625,0,-0.1875,62,,stopped,0,0,0.384,
2026-08-06T13:14:49.157,898.288,guiding_to_goal,35.91913378,139.9092149,20.454,0.036011111,TRUE,24,1,35.91912968,139.9091972,1.657816475,,36.99,1009.042578,46.88476563,239.3125,0.9375,-8.1875,0.07,1.32,9.69,0,-0.1875,0.125,62,,stopped,0,0,0.383,
2026-08-06T13:14:49.657,898.789,guiding_to_goal,35.91913378,139.9092149,20.454,0.015433333,TRUE,24,1,35.91912968,139.9091972,1.657816475,,36.98,1009.081602,47.35058594,239.3125,8.9375,-8.1875,0.08,1.3,9.71,0.125,-0.1875,0.125,62,,stopped,0,0,0.382,
2026-08-06T13:14:50.158,899.289,guiding_to_goal,35.91913378,139.9092149,20.454,0.015433333,TRUE,24,1,35.91912968,139.9091972,1.657816475,,36.98,1009.081602,47.35058594,239.3125,0.9375,-8.1875,0.06,1.3,9.69,0.0625,0,0.0625,62,,stopped,0,0,0.381,
2026-08-06T13:14:50.658,899.79,guiding_to_goal,35.91913378,139.9092149,20.455,0.020577778,TRUE,26,1,35.91912968,139.9091972,1.657816475,,36.99,1009.097422,47.328125,239.3125,0.9375,-8.1875,0.03,1.31,9.69,0.0625,0.1875,-0.0625,62,,turn_left,-5,5,0.383,
2026-08-06T13:14:51.158,900.29,guiding_to_goal,35.91913378,139.9092149,20.455,0.020577778,TRUE,26,1,35.91912968,139.9091972,1.657816475,,36.99,1009.097422,47.328125,238.25,1,-8.3125,0.31,0.89,9.64,8.375,3,31.0625,62,,turn_left,-25,25,0.347,
2026-08-06T13:14:51.659,900.79,guiding_to_goal,35.91913358,139.9092148,20.451,0.030866667,TRUE,26,1,35.91912968,139.9091972,1.644599322,,37.01,1009.019688,47.58691406,236.0625,1,-8.375,0.1,1.35,9.69,0,-0.0625,-0.0625,190,,stopped,0,0,0.325,
2026-08-06T13:14:52.159,901.291,guiding_to_goal,35.91913358,139.9092148,20.451,0.030866667,TRUE,26,1,35.91912968,139.9091972,1.644599322,,37.01,1009.019688,47.58691406,236.0625,1,-8.3125,0.12,1.34,9.66,-0.0625,0.25,-0.0625,190,,stopped,0,0,0.325,
2026-08-06T13:14:52.664,901.796,guiding_to_goal,35.91913368,139.9092148,20.452,0.015433333,TRUE,26,1,35.91912968,139.9091972,1.647566307,,37.02,1009.027617,47.34277344,236.0625,0.9375,-8.3125,0.13,1.36,9.68,0.0625,0,0,190,,stopped,0,0,0.325,
2026-08-06T13:14:53.165,902.296,guiding_to_goal,35.91913368,139.9092148,20.452,0.015433333,TRUE,26,1,35.91912968,139.9091972,1.647566307,,37.02,1009.027617,47.34277344,236.0625,0.9375,-8.3125,0.11,1.34,9.69,-0.0625,-0.125,0,190,,stopped,0,0,0.324,
2026-08-06T13:14:53.666,902.797,guiding_to_goal,35.91913368,139.9092148,20.453,0.015433333,TRUE,27,1,35.91912968,139.9091972,1.647566307,,37.04,1009.040117,47.71875,236.0625,0.9375,-8.3125,0.1,1.35,9.69,0,-0.125,0.1875,190,,stopped,0,0,0.325,
2026-08-06T13:14:54.166,903.298,guiding_to_goal,35.91913368,139.9092148,20.453,0.015433333,TRUE,27,1,35.91912968,139.9091972,1.647566307,,37.04,1009.040117,47.71875,236.0625,0.9375,-8.3125,0.14,1.36,9.64,0.0625,-0.0625,0,190,,stopped,0,0,0.325,
2026-08-06T13:14:54.667,903.799,guiding_to_goal,35.91913368,139.9092148,20.453,0.020577778,TRUE,27,1,35.91912968,139.9091972,1.647566307,,37.04,1009.095,48.734375,236.0625,0.9375,-8.3125,0.11,1.36,9.69,-0.0625,0.1875,-0.0625,190,,stopped,0,0,0.325,
2026-08-06T13:14:55.168,904.3,guiding_to_goal,35.91913368,139.9092148,20.453,0.020577778,TRUE,27,1,35.91912968,139.9091972,1.647566307,,37.04,1009.095,48.734375,236.0625,0.9375,-8.3125,0.13,1.33,9.67,0,0.125,-0.0625,190,,stopped,0,0,0.325,
2026-08-06T13:14:55.669,904.801,guiding_to_goal,35.91913368,139.9092148,20.453,0.072022222,TRUE,25,1,35.91912968,139.9091972,1.647566307,,37.05,1009.083398,48.37304688,236.0625,0.9375,-8.3125,0.12,1.37,9.67,-0.0625,0,0,190,,stopped,0,0,0.325,
2026-08-06T13:14:56.170,905.301,guiding_to_goal,35.91913368,139.9092148,20.453,0.072022222,TRUE,25,1,35.91912968,139.9091972,1.647566307,,37.05,1009.083398,48.37304688,236.0625,0.9375,-8.3125,0.13,1.34,9.64,0.125,0,0,190,,stopped,0,0,0.325,
2026-08-06T13:14:56.670,905.802,guiding_to_goal,35.91913368,139.9092148,20.454,0.061733333,TRUE,24,1,35.91912968,139.9091972,1.647566307,,37.05,1009.110859,48.50195313,236.0625,0.9375,-8.3125,0.11,1.37,9.68,0,0,0.0625,190,,stopped,0,0,0.324,
2026-08-06T13:14:57.171,906.302,guiding_to_goal,35.91913368,139.9092148,20.454,0.061733333,TRUE,24,1,35.91912968,139.9091972,1.647566307,,37.05,1009.110859,48.50195313,236.0625,0.9375,-8.3125,0.11,1.38,9.66,0,0.0625,0,190,,stopped,0,0,0.325,
2026-08-06T13:14:57.671,906.803,guiding_to_goal,35.91913358,139.9092145,20.459,0.005144444,TRUE,24,1,35.91912968,139.9091972,1.617109971,,37.05,1009.055938,48.64160156,236.0625,0.9375,-8.3125,0.12,1.34,9.68,0.0625,-0.125,0.125,190,,stopped,0,0,0.325,
2026-08-06T13:14:58.171,907.303,guiding_to_goal,35.91913358,139.9092145,20.459,0.005144444,TRUE,24,1,35.91912968,139.9091972,1.617109971,,37.05,1009.055938,48.64160156,236.0625,0.9375,-8.3125,0.12,1.36,9.67,0.0625,0,-0.0625,190,,stopped,0,0,0.325,
2026-08-06T13:14:58.672,907.803,guiding_to_goal,35.91913358,139.9092145,20.459,0.015433333,TRUE,25,1,35.91912968,139.9091972,1.617109971,,37.06,1009.15418,48.10644531,236.0625,0.9375,-8.3125,0.13,1.33,9.67,0,-0.0625,0.0625,190,,stopped,0,0,0.325,
2026-08-06T13:14:59.172,908.304,guiding_to_goal,35.91913358,139.9092145,20.459,0.015433333,TRUE,25,1,35.91912968,139.9091972,1.617109971,,37.06,1009.15418,48.10644531,236.0625,8.9375,-8.3125,0.13,1.35,9.66,0,0.0625,0,190,,stopped,0,0,0.325,
2026-08-06T13:14:59.673,908.804,guiding_to_goal,35.91913358,139.9092145,20.46,0.051444444,TRUE,26,1,35.91912968,139.9091972,1.617109971,,37.06,1009.099258,47.72070313,236.0625,0.9375,-8.3125,0.12,1.36,9.68,0,0,-0.0625,190,,stopped,0,0,0.324,
2026-08-06T13:15:00.173,909.305,guiding_to_goal,35.91913358,139.9092145,20.46,0.051444444,TRUE,26,1,35.91912968,139.9091972,1.617109971,,37.06,1009.099258,47.72070313,236.0625,0.9375,-8.3125,0.12,1.36,9.69,0.0625,0,0,190,,stopped,0,0,0.324,
2026-08-06T13:15:00.674,909.815,guiding_to_goal,35.91913358,139.9092144,20.458,0.020577778,TRUE,25,1,35.91912968,139.9091972,1.608436551,,37.06,1009.063906,47.47558594,236.0625,0.9375,-8.3125,0.13,1.36,9.67,0,-0.0625,0,190,,turn_left,-5,5,0.325,
2026-08-06T13:15:01.174,910.305,guiding_to_goal,35.91913358,139.9092144,20.458,0.020577778,TRUE,25,1,35.91912968,139.9091972,1.608436551,,37.06,1009.063906,47.47558594,236,0.9375,-8.4375,-0.43,1.1,9.24,-4.6875,-0.625,2.3125,190,,turn_left,-20,20,0.323,
2026-08-06T13:15:01.674,910.806,guiding_to_goal,35.91913358,139.9092143,20.451,0.020577778,TRUE,26,1,35.91912968,139.9091972,1.601211498,,37.05,1009.13832,47.37011719,232.25,1.0625,-8.0625,0.18,1.34,9.69,0.0625,0,-0.125,62,,stopped,0,0,0.298,
2026-08-06T13:15:02.175,911.307,guiding_to_goal,35.91913358,139.9092143,20.451,0.020577778,TRUE,26,1,35.91912968,139.9091972,1.601211498,,37.05,1009.13832,47.37011719,232.25,1.0625,-8.0625,0.19,1.35,9.72,-0.125,-0.0625,0.0625,62,,stopped,0,0,0.298,
2026-08-06T13:15:02.675,911.807,guiding_to_goal,35.91913338,139.9092143,20.439,0.056588889,TRUE,26,1,35.91912968,139.9091972,1.595332101,,37.07,1009.060547,47.25488281,232.25,1.0625,-8.0625,0.17,1.33,9.69,0.0625,-0.0625,0.0625,62,,stopped,0,0,0.298,
2026-08-06T13:15:03.176,912.307,guiding_to_goal,35.91913338,139.9092143,20.439,0.056588889,TRUE,26,1,35.91912968,139.9091972,1.595332101,,37.07,1009.060547,47.25488281,232.25,1.0625,-8.0625,0.19,1.32,9.65,-0.0625,-0.0625,0.1875,62,,stopped,0,0,0.298,
2026-08-06T13:15:03.676,912.808,guiding_to_goal,35.91913338,139.9092143,20.439,0.015433333,TRUE,28,1,35.91912968,139.9091972,1.595332101,,37.06,1009.099258,47.12597656,232.25,1.0625,-8.0625,0.17,1.34,9.69,0.0625,0.125,0.125,62,,stopped,0,0,0.298,
2026-08-06T13:15:04.638,913.77,guiding_to_goal,35.91913338,139.9092143,20.439,0.015433333,TRUE,28,1,35.91912968,139.9091972,1.595332101,,37.06,1009.099258,47.12597656,232.25,1.0625,-8.0625,0.2,1.32,9.67,0,0,-0.0625,62,,stopped,0,0,0.298,
2026-08-06T13:15:05.139,914.27,guiding_to_goal,35.9191335,139.9092143,20.438,0.030866667,TRUE,26,1,35.91912968,139.9091972,1.598726782,,37.05,1009.055938,47.04394531,232.25,1.0625,-8.0625,0.19,1.34,9.7,-0.125,0,-0.0625,62,,stopped,0,0,0.298,
2026-08-06T13:15:05.639,914.77,guiding_to_goal,35.9191335,139.9092143,20.438,0.030866667,TRUE,26,1,35.91912968,139.9091972,1.598726782,,37.05,1009.055938,47.04394531,232.25,1.0625,-8.0625,0.18,1.32,9.63,0,0.0625,-0.0625,62,,stopped,0,0,0.298,
2026-08-06T13:15:06.139,915.271,guiding_to_goal,35.91913338,139.9092141,20.44,0.041155556,TRUE,25,1,35.91912968,139.9091972,1.576489112,,37.05,1009.083398,47.00878906,232.25,1.0625,-8.0625,0.18,1.33,9.64,-0.0625,-0.0625,0,62,,stopped,0,0,0.298,
2026-08-06T13:15:06.644,915.776,guiding_to_goal,35.91913338,139.9092141,20.44,0.041155556,TRUE,25,1,35.91912968,139.9091972,1.576489112,,37.05,1009.083398,47.00878906,232.25,1.0625,-8.0625,0.17,1.33,9.68,0,0.1875,0.125,62,,stopped,0,0,0.298,
2026-08-06T13:15:07.154,916.286,guiding_to_goal,35.9191335,139.909214,20.443,0.030866667,TRUE,25,1,35.91912968,139.9091972,1.57125203,,37.05,1009.083398,47.171875,232.25,1.0625,-8.0625,1.45,1.33,9.66,0,-0.25,0.0625,62,,stopped,0,0,0.298,
2026-08-06T13:15:07.664,916.796,guiding_to_goal,35.9191335,139.909214,20.443,0.030866667,TRUE,25,1,35.91912968,139.9091972,1.57125203,,37.05,1009.083398,47.171875,232.25,1.0625,-8.0625,0.2,1.33,9.7,8.0625,-0.125,0.0625,62,,stopped,0,0,0.298,
2026-08-06T13:15:08.165,917.296,guiding_to_goal,35.9191335,139.909214,20.443,0.015433333,TRUE,25,1,35.91912968,139.9091972,1.57125203,,37.06,1009.091367,47.49902344,232.25,1.0625,-8.0625,0.18,1.33,9.66,0,-0.0625,0,62,,stopped,0,0,0.298,
2026-08-06T13:15:08.665,917.796,guiding_to_goal,35.9191335,139.909214,20.443,0.015433333,TRUE,25,1,35.91912968,139.9091972,1.57125203,,37.06,1009.091367,47.49902344,232.25,1.0625,-8.0625,0.18,1.33,9.67,0,-0.0625,0,62,,stopped,0,0,0.298,
2026-08-06T13:15:09.166,918.297,guiding_to_goal,35.9191335,139.909214,20.443,0.020577778,TRUE,25,1,35.91912968,139.9091972,1.57125203,,37.06,1009.099258,47.06738281,232.25,1.0625,-8.0625,0.17,1.33,9.65,-0.125,0.0625,0.0625,62,,stopped,0,0,0.299,
2026-08-06T13:15:09.666,918.797,guiding_to_goal,35.9191335,139.909214,20.443,0.020577778,TRUE,25,1,35.91912968,139.9091972,1.57125203,,37.06,1009.099258,47.06738281,232.25,1.0625,-8.0625,0.18,1.32,9.67,0,0.125,-0.0625,62,,stopped,0,0,0.299,
2026-08-06T13:15:10.166,919.298,guiding_to_goal,35.9191335,139.909214,20.443,0.051444444,TRUE,26,1,35.91912968,139.9091972,1.57125203,,37.07,1009.142891,47.32519531,232.25,1.0625,-8.0625,0.18,1.34,9.66,-0.125,-0.0625,0,62,,turn_left,-5,5,0.298,
2026-08-06T13:15:10.667,919.798,guiding_to_goal,35.9191335,139.909214,20.443,0.051444444,TRUE,26,1,35.91912968,139.9091972,1.57125203,,37.07,1009.142891,47.32519531,232.1875,1.125,-8.0625,0.04,1.26,9.67,-1.625,-0.25,2.5625,62,,turn_left,-20,20,0.298,
2026-08-06T13:15:11.167,920.299,guiding_to_goal,35.9191335,139.909214,20.444,0.015433333,TRUE,26,1,35.91912968,139.9091972,1.57125203,,37.08,1009.076406,47.8984375,231.25,0.875,-8,0.14,1.34,9.71,-0.0625,-0.125,8,190,,stopped,0,0,0.293,
2026-08-06T13:15:11.697,920.829,guiding_to_goal,35.9191335,139.909214,20.444,0.015433333,TRUE,26,1,35.91912968,139.9091972,1.57125203,,37.08,1009.076406,47.8984375,231.25,0.875,-8,0.15,1.3,9.7,-0.0625,0.125,0,190,,stopped,0,0,0.293,
2026-08-06T13:15:12.198,921.329,guiding_to_goal,,,,,FALSE,,,35.91912968,139.9091972,,,37.08,1009.076406,47.8984375,231.25,0.875,-8,0.16,1.33,9.69,0,-0.125,0.0625,190,,stopped,0,0,0.293,
2026-08-06T13:15:12.698,921.83,guiding_to_goal,35.9191335,139.9092141,20.443,0.020577778,TRUE,27,1,35.91912968,139.9091972,1.57992428,,37.06,1009.071836,48.2109375,231.25,0.875,-8,0.16,1.33,9.69,0.0625,0,0,190,,stopped,0,0,0.293,
2026-08-06T13:15:13.200,922.332,guiding_to_goal,35.9191335,139.9092141,20.443,0.020577778,TRUE,27,1,35.91912968,139.9091972,1.57992428,,34.71,1005.424609,48.0234375,231.25,0.875,-8,0.18,1.33,9.68,0.0625,0.125,0,190,,stopped,0,0,0.293,
2026-08-06T13:15:13.701,922.833,guiding_to_goal,35.9191335,139.909214,20.445,0.015433333,TRUE,27,1,35.91912968,139.9091972,1.57125203,,37.11,1009.143789,48.02929688,231.25,0.875,-8,0.15,1.34,9.68,-0.0625,-0.25,0,190,,stopped,0,0,0.294,
2026-08-06T13:15:14.561,923.692,guiding_to_goal,35.9191335,139.909214,20.445,0.015433333,TRUE,27,1,35.91912968,139.9091972,1.57125203,,37.11,1009.143789,48.02929688,231.25,0.875,-8,0.17,1.33,9.66,0.125,0.0625,-0.0625,190,,stopped,0,0,0.293,
2026-08-06T13:15:15.061,924.193,guiding_to_goal,,,,,FALSE,,,35.91912968,139.9091972,,,37.13,1009.085234,48.04199219,231.25,0.875,-8,0.15,1.32,9.68,0,-0.0625,0.0625,190,,stopped,0,0,0.294,
2026-08-06T13:15:15.562,924.693,guiding_to_goal,,,,,FALSE,,,35.91912968,139.9091972,,,37.13,1009.085234,48.04199219,231.25,0.875,-8,0.17,1.33,9.7,0,0.0625,0.0625,190,,stopped,0,0,0.294,
2026-08-06T13:15:16.062,925.194,guiding_to_goal,35.91913328,139.9092139,20.452,0.020577778,TRUE,26,1,35.91912968,139.9091972,1.556212897,,37.13,1009.120586,48.14746094,231.25,0.875,-8,0.17,1.3,9.68,0.0625,-0.0625,-0.1875,190,,stopped,0,0,0.293,
2026-08-06T13:15:16.799,925.931,guiding_to_goal,35.91913328,139.9092139,20.452,0.020577778,TRUE,26,1,35.91912968,139.9091972,1.556212897,,37.13,1009.120586,48.14746094,231.25,0.875,-8,0.15,1.33,9.68,-0.0625,-0.0625,-0.0625,190,,stopped,0,0,0.293,
2026-08-06T13:15:17.299,926.431,guiding_to_goal,35.91913328,139.9092138,20.455,0.097744444,TRUE,26,1,35.91912968,139.9091972,1.548962383,,37.14,1009.128516,48.16015625,231.25,0.875,-8,0.16,1.31,9.67,-0.0625,0.0625,0,190,,stopped,0,0,0.293,
2026-08-06T13:15:17.800,926.932,guiding_to_goal,35.91913328,139.9092138,20.455,0.097744444,TRUE,26,1,35.91912968,139.9091972,1.548962383,,37.14,1009.128516,48.16015625,231.25,0.875,-8,0.15,1.31,9.65,0.0625,0.1875,0,190,,stopped,0,0,0.292,
2026-08-06T13:15:18.304,927.436,guiding_to_goal,35.91913318,139.9092137,20.458,0.030866667,TRUE,27,1,35.91912968,139.9091972,1.535960693,,37.13,1009.120586,47.78613281,231.25,0.875,-8,0.16,1.32,9.66,0.125,0.1875,0,190,,stopped,0,0,0.293,
2026-08-06T13:15:18.814,927.946,guiding_to_goal,35.91913318,139.9092137,20.458,0.030866667,TRUE,27,1,35.91912968,139.9091972,1.535960693,,37.13,1009.120586,47.78613281,231.25,0.875,-8,1.43,1.31,9.69,0.125,0,0.125,190,,stopped,0,0,0.294,
2026-08-06T13:15:19.314,928.446,guiding_to_goal,35.91913318,139.9092136,20.458,0.041155556,TRUE,27,1,35.91912968,139.9091972,1.527251189,,37.15,1009.125195,47.72949219,231.25,0.875,-8,0.16,1.29,9.66,0,-0.3125,0.0625,190,,stopped,0,0,0.293,
2026-08-06T13:15:19.815,928.946,guiding_to_goal,35.91913318,139.9092136,20.458,0.041155556,TRUE,27,1,35.91912968,139.9091972,1.527251189,,37.15,1009.125195,47.72949219,231.25,0.875,-8,0.14,1.32,9.68,0,0,0.0625,190,,stopped,0,0,0.293,
2026-08-06T13:15:20.315,929.447,guiding_to_goal,35.9191329,139.9092133,20.465,0.102888889,TRUE,27,1,35.91912968,139.9091972,1.49474289,,34.41,1004.845,47.74902344,230,0.9375,-7.5625,0.2,1.25,9.69,0.1875,0.1875,0,62,,stopped,0,0,0.177,
2026-08-06T13:15:20.816,929.947,guiding_to_goal,35.9191329,139.9092133,20.465,0.102888889,TRUE,27,1,35.91912968,139.9091972,1.49474289,,34.41,1004.845,47.74902344,230,0.9375,-7.5625,0.2,1.27,9.69,8,-0.125,-0.0625,62,,stopped,0,0,0.177,
2026-08-06T13:15:21.316,930.448,guiding_to_goal,35.91913278,139.9092129,20.473,0.010288889,TRUE,27,1,35.91912968,139.9091972,1.455212055,,37.16,1009.141016,47.94140625,230,0.9375,-7.5625,0.18,1.27,9.69,-0.0625,0.125,0,62,,stopped,0,0,0.177,
2026-08-06T13:15:21.816,930.948,guiding_to_goal,35.91913278,139.9092129,20.473,0.010288889,TRUE,27,1,35.91912968,139.9091972,1.455212055,,37.16,1009.141016,47.94140625,230,0.9375,-7.5625,0.15,1.27,9.66,0,-0.0625,0,62,,stopped,0,0,0.177,
2026-08-06T13:15:22.317,931.448,guiding_to_goal,35.91913278,139.9092128,20.473,0.015433333,TRUE,27,1,35.91912968,139.9091972,1.447922488,,37.16,1009.086094,48.01171875,230,0.9375,-7.5625,0.16,1.28,9.69,0,0,-0.0625,62,,stopped,0,0,0.177,
2026-08-06T13:15:22.817,931.949,guiding_to_goal,35.91913278,139.9092128,20.473,0.015433333,TRUE,27,1,35.91912968,139.9091972,1.447922488,,37.18,1009.063242,48.06054688,230,0.9375,-7.5625,0.16,1.26,9.7,-0.0625,-0.0625,-0.0625,62,,stopped,0,0,0.177,
2026-08-06T13:15:23.324,932.455,guiding_to_goal,35.91913248,139.9092126,20.455,0.066877778,TRUE,28,1,35.91912968,139.9091972,1.421301887,,37.2,1009.086992,48.15429688,230,0.9375,-7.5625,0.19,1.26,9.7,0,-0.1875,0,62,,stopped,0,0,0.177,
2026-08-06T13:15:23.827,932.958,guiding_to_goal,35.91913248,139.9092126,20.455,0.066877778,TRUE,28,1,35.91912968,139.9091972,1.421301887,,37.2,1009.086992,48.15429688,230,0.9375,-7.5625,0.17,1.27,9.66,0,-0.1875,0,62,,stopped,0,0,0.177,
2026-08-06T13:15:24.327,933.459,guiding_to_goal,35.91913248,139.9092124,20.477,0.169766667,TRUE,28,1,35.91912968,139.9091972,1.405198214,,37.2,1009.086992,48.30664063,230,0.9375,-7.5625,0.18,1.25,9.69,0.0625,0.0625,0.125,62,,stopped,0,0,0.177,
2026-08-06T13:15:24.832,933.964,guiding_to_goal,35.91913248,139.9092124,20.477,0.169766667,TRUE,28,1,35.91912968,139.9091972,1.405198214,,37.2,1009.086992,48.30664063,230,0.9375,-7.5625,0.18,1.26,9.72,0,-0.125,0.125,62,,stopped,0,0,0.177,
2026-08-06T13:15:25.333,934.464,guiding_to_goal,35.91913218,139.909212,20.452,0.061733333,TRUE,26,1,35.91912968,139.9091972,1.361433895,,37.2,1009.0675,48.58691406,230,0.9375,-7.5625,0.16,1.27,9.7,-0.125,-0.125,-0.125,62,,stopped,0,0,0.178,
2026-08-06T13:15:25.833,934.965,guiding_to_goal,35.91913218,139.909212,20.452,0.061733333,TRUE,26,1,35.91912968,139.9091972,1.361433895,,37.2,1009.0675,48.58691406,230,0.9375,-7.5625,0.17,1.26,9.69,-0.0625,0.0625,0.0625,62,,stopped,0,0,0.178,
2026-08-06T13:15:26.344,935.476,guiding_to_goal,35.91913208,139.9092117,20.461,0.015433333,TRUE,26,1,35.91912968,139.9091972,1.332728189,,37.21,1009.605195,48.80957031,230,0.9375,-7.5625,0.19,1.27,9.67,0.0625,-0.0625,0,62,,stopped,0,0,0.177,
2026-08-06T13:15:26.834,935.966,guiding_to_goal,35.91913208,139.9092117,20.461,0.015433333,TRUE,26,1,35.91912968,139.9091972,1.332728189,,37.21,1009.605195,48.80957031,230,0.9375,-7.5625,0.16,1.25,9.7,-0.125,-0.125,-0.0625,62,,stopped,0,0,0.177,
2026-08-06T13:15:27.344,936.476,guiding_to_goal,35.91913198,139.9092114,20.461,0.015433333,TRUE,26,1,35.91912968,139.9091972,1.3055168,,37.2,1009.040039,48.77441406,230,0.9375,-7.5625,0.17,1.26,9.69,0.0625,-0.0625,0,62,,stopped,0,0,0.177,
2026-08-06T13:15:27.845,936.976,guiding_to_goal,35.91913198,139.9092114,20.461,0.015433333,TRUE,26,1,35.91912968,139.9091972,1.3055168,,37.2,1009.040039,48.77441406,230,0.9375,-7.5625,0.18,1.29,9.7,-0.125,-0.125,0.125,62,,stopped,0,0,0.177,
2026-08-06T13:15:28.345,937.477,guiding_to_goal,35.91913178,139.9092112,20.459,0.020577778,TRUE,28,1,35.91912968,139.9091972,1.282153428,,37.2,1009.114453,49.28613281,230,0.9375,-7.5625,0.18,1.25,9.7,0,-0.125,0.0625,62,,stopped,0,0,0.177,
2026-08-06T13:15:28.845,937.977,guiding_to_goal,35.91913178,139.9092112,20.459,0.020577778,TRUE,28,1,35.91912968,139.9091972,1.282153428,,37.2,1009.114453,49.28613281,230,0.9375,-7.5625,0.16,1.27,9.69,0,0.0625,0,62,,stopped,0,0,0.177,
2026-08-06T13:15:29.346,938.478,guiding_to_goal,35.9191317,139.9092111,20.456,0.061733333,TRUE,28,1,35.91912968,139.9091972,1.271633311,,37.18,1009.035781,48.23535156,230,0.9375,-7.5625,0.18,1.27,9.69,0,-0.0625,0.0625,62,,stopped,0,0,0.177,
2026-08-06T13:15:29.846,938.978,guiding_to_goal,35.9191317,139.9092111,20.456,0.061733333,TRUE,28,1,35.91912968,139.9091972,1.271633311,,37.18,1009.035781,48.23535156,230,0.9375,-7.5625,0.19,1.26,9.68,0,0.125,0,62,,stopped,0,0,0.177,
2026-08-06T13:15:30.347,939.478,guiding_to_goal,35.91913148,139.9092109,20.458,0.041155556,TRUE,29,1,35.91912968,139.9091972,1.251307187,,37.18,1009.055313,48.67773438,230,0.9375,-7.5625,0.16,1.26,9.69,0,-0.0625,-0.0625,62,,stopped,0,0,0.177,
2026-08-06T13:15:30.847,939.979,guiding_to_goal,35.91913148,139.9092109,20.458,0.041155556,TRUE,29,1,35.91912968,139.9091972,1.251307187,,37.18,1009.055313,48.67773438,238,0.9375,-7.5625,1.46,1.26,9.7,0,0.0625,0,62,,turn_right,5,-5,0.177,
2026-08-06T13:15:31.348,940.479,guiding_to_goal,35.91913128,139.9092108,20.451,0.015433333,TRUE,28,1,35.91912968,139.9091972,1.237545383,,37.16,1009.023281,48.86230469,276.1875,2.25,-9.75,0.5,0.8,8.61,-7.1875,-17,-83.6875,62,,turn_right,25,-25,4.065,
2026-08-06T13:15:31.848,940.98,guiding_to_goal,35.91913128,139.9092108,20.451,0.015433333,TRUE,28,1,35.91912968,139.9091972,1.237545383,,37.16,1009.023281,48.86230469,283.125,2.6875,-9.8125,0.14,1.86,8.7,-8.5,-22.3125,-88.875,62,,turn_right,25,-25,3.955,
2026-08-06T13:15:32.348,941.48,guiding_to_goal,35.91913128,139.9092106,20.461,0.056588889,TRUE,28,1,35.91912968,139.9091972,1.219725067,,37.15,1009.125195,48.75683594,350.625,0.75,-13.1875,0.32,1.11,8.38,-24.625,-4.6875,-23.9375,62,,turn_right,25,-25,0.335,
2026-08-06T13:15:32.849,941.98,guiding_to_goal,35.91913128,139.9092106,20.461,0.056588889,TRUE,28,1,35.91912968,139.9091972,1.219725067,,37.15,1009.125195,48.75683594,353.4375,0.6875,-13,-0.5,2.35,11.28,-2.125,-10.8125,-51.25,62,,turn_right,25,-25,0.34,
2026-08-06T13:15:33.349,942.481,guiding_to_goal,35.91913118,139.9092105,20.47,0.030866667,TRUE,28,1,35.91912968,139.9091972,1.210719708,,37.13,1009.065703,48.8125,59.75,-1.3125,-12.5,1.22,-0.49,10.5,-8.75,-15.75,-105.1875,62,,stopped,0,0,0.59,
2026-08-06T13:15:33.850,942.981,guiding_to_goal,35.91913118,139.9092105,20.47,0.030866667,TRUE,28,1,35.91912968,139.9091972,1.210719708,,37.13,1009.065703,48.8125,64.375,-1.5,-12.8125,0.18,1.44,9.52,-1.25,0.9375,-1,62,,stopped,0,0,0.584,
2026-08-06T13:15:34.350,943.482,guiding_to_goal,35.9191311,139.9092104,20.473,0.010288889,TRUE,29,1,35.91912968,139.9091972,1.200550189,,37.22,1009.119023,48.78710938,47.5625,-0.125,-9.375,0.51,2.1,9.84,1.25,12,55.75,62,,stopped,0,0,3.611,
2026-08-06T13:15:34.851,943.982,guiding_to_goal,35.9191311,139.9092104,20.473,0.010288889,TRUE,29,1,35.91912968,139.9091972,1.200550189,,37.22,1009.119023,48.78710938,44.5625,-0.125,-8.5,-0.02,0.2,9.54,-21.3125,-3.1875,-9.3125,62,,stopped,0,0,3.767,
2026-08-06T13:15:35.351,944.483,guiding_to_goal,35.919131,139.9092103,20.472,0.005144444,TRUE,29,1,35.91912968,139.9091972,1.18871522,,37.16,1009.105625,49.11914063,55.4375,-0.375,-9.375,-1.56,0.87,10.19,3.75,3.625,-22.375,62,,stopped,0,0,0.592,
2026-08-06T13:15:35.851,944.983,guiding_to_goal,35.919131,139.9092103,20.472,0.005144444,TRUE,29,1,35.91912968,139.9091972,1.18871522,,37.16,1009.105625,49.11914063,56.25,-0.125,-9.75,-0.15,1.51,10.16,1.25,-3.375,14.5,62,,stopped,0,0,0.587,
2026-08-06T13:15:36.352,945.483,guiding_to_goal,35.919131,139.9092103,20.472,0.041155556,TRUE,29,1,35.91912968,139.9091972,1.18871522,,37.15,1009.144688,48.80175781,48.875,0.4375,-9.5625,0.41,1.79,9.33,7.125,7.875,29.5625,62,,stopped,0,0,3.583,
2026-08-06T13:15:36.852,945.984,guiding_to_goal,35.919131,139.9092103,20.472,0.041155556,TRUE,29,1,35.91912968,139.9091972,1.18871522,,37.15,1009.144688,48.80175781,47.3125,0,-9.4375,1.24,0.88,12.18,1.9375,1.5625,-2,62,,stopped,0,0,3.585,
2026-08-06T13:15:37.352,946.484,guiding_to_goal,35.919131,139.9092103,20.473,0.025722222,TRUE,29,1,35.91912968,139.9091972,1.18871522,,37.15,1009.117227,48.67382813,47.5625,0.4375,-8.3125,0.15,1.22,9.68,0.0625,0.0625,0.0625,62,,stopped,0,0,3.59,
2026-08-06T13:15:37.853,946.984,guiding_to_goal,35.919131,139.9092103,20.473,0.025722222,TRUE,29,1,35.91912968,139.9091972,1.18871522,,37.15,1009.117227,48.67382813,47.5625,0.5,-8.1875,0.14,1.22,9.73,0.0625,0.0625,0.125,62,,stopped,0,0,3.598,
2026-08-06T13:15:38.353,947.485,guiding_to_goal,35.919131,139.9092103,20.474,0.015433333,TRUE,29,1,35.91912968,139.9091972,1.18871522,,37.15,1009.062344,48.91894531,47.5,0.6875,-7.8125,0.15,1.2,9.7,-0.0625,0.0625,-0.0625,62,,stopped,0,0,3.729,
2026-08-06T13:15:38.860,947.991,guiding_to_goal,35.919131,139.9092103,20.474,0.015433333,TRUE,29,1,35.91912968,139.9091972,1.18871522,,37.15,1009.062344,48.91894531,47.5,0.6875,-7.8125,0.15,1.21,9.71,-0.0625,0.125,0.0625,62,,stopped,0,0,3.748,
2026-08-06T13:15:39.360,948.492,guiding_to_goal,35.919131,139.9092103,20.475,0.036011111,TRUE,29,1,35.91912968,139.9091972,1.18871522,,37.15,1009.062344,48.53417969,47.5,0.6875,-7.8125,1.43,1.21,9.69,0.0625,8.0625,0,62,,stopped,0,0,3.782,
2026-08-06T13:15:39.864,948.996,guiding_to_goal,35.919131,139.9092103,20.475,0.036011111,TRUE,29,1,35.91912968,139.9091972,1.18871522,,37.15,1009.062344,48.53417969,47.5,0.6875,-7.8125,0.17,1.22,9.69,0.0625,-0.0625,-0.125,62,,stopped,0,0,3.784,
2026-08-06T13:15:40.367,949.498,guiding_to_goal,35.91913088,139.9092102,20.472,0.030866667,TRUE,29,1,35.91912968,139.9091972,1.178239675,,37.14,1009.128516,48.11425781,47.5,0.6875,-7.8125,0.18,1.23,9.71,0.0625,0.0625,-0.0625,62,,stopped,0,0,3.769,
2026-08-06T13:15:40.874,950.006,guiding_to_goal,35.91913088,139.9092102,20.472,0.030866667,TRUE,29,1,35.91912968,139.9091972,1.178239675,,37.14,1009.128516,48.11425781,47.5,0.6875,-7.8125,0.16,1.22,9.72,-0.0625,-0.0625,-0.125,62,,stopped,0,0,3.772,
2026-08-06T13:15:41.384,950.516,guiding_to_goal,35.91913088,139.9092102,20.472,0.041155556,TRUE,28,1,35.91912968,139.9091972,1.178239675,,37.12,1009.132188,47.85546875,47.5,0.6875,-7.8125,0.16,1.21,9.7,-0.0625,0.0625,0.0625,62,,stopped,0,0,3.737,
2026-08-06T13:15:41.894,951.026,guiding_to_goal,35.91913088,139.9092102,20.472,0.041155556,TRUE,28,1,35.91912968,139.9091972,1.178239675,,37.12,1009.132188,47.85546875,47.5,0.6875,-7.8125,0.15,1.21,9.72,-0.0625,-0.0625,0,62,,stopped,0,0,3.74,
2026-08-06T13:15:42.404,951.536,guiding_to_goal,35.91913078,139.9092103,20.47,0.015433333,TRUE,25,1,35.91912968,139.9091972,1.185988949,,37.09,1009.147148,47.71191406,47.5,0.6875,-7.8125,0.16,1.22,9.71,0.0625,0.125,0,62,,stopped,0,0,3.933,
2026-08-06T13:15:42.914,952.046,guiding_to_goal,35.91913078,139.9092103,20.47,0.015433333,TRUE,25,1,35.91912968,139.9091972,1.185988949,,37.09,1009.147148,47.71191406,47.5,0.6875,-7.8125,0.18,1.22,9.69,-0.0625,0,-0.125,62,,stopped,0,0,3.861,
