timestamp,elapsed_s,phase,latitude_deg,longitude_deg,gnss_altitude_m,ground_speed_mps,gnss_has_fix,satellites,fix_quality,target_latitude_deg,target_longitude_deg,distance_to_target_m,target_heading_deg,temperature_c,pressure_hpa,humidity_percent,heading_deg,roll_deg,pitch_deg,accel_x_mps2,accel_y_mps2,accel_z_mps2,gyro_x_dps,gyro_y_dps,gyro_z_dps,calibration,heading_error_deg,control_mode,left_motor_command_percent,right_motor_command_percent,error
2026-08-03T18:30:11.647,11.686,waiting_for_release,,,,,False,0,0,35.9184062,139.9079523,,,26.2,1012.6098828125,55.4873046875,331.5,5.25,28.6875,0.04,-3.97,8.93,102.0625,-46.0625,-26.0625,55,,,,,
2026-08-03T18:30:12.766,12.805,waiting_for_release,,,,,False,0,0,35.9184062,139.9079523,,,26.2,1012.6098828125,55.4873046875,331.6875,6.875,25.75,0.67,-3.1,8.69,99.5625,-50.6875,-30.0,55,,,,,
2026-08-03T18:30:13.267,13.306,waiting_for_release,,,,,False,0,0,35.9184062,139.9079523,,,26.21,1012.5990234375,55.48828125,12.3125,0.5625,-32.6875,0.41,5.88,9.04,38.375,-6.0,-15.5625,55,,,,,
2026-08-03T18:30:14.386,14.425,waiting_for_release,,,,,False,0,0,35.9184062,139.9079523,,,26.21,1012.5990234375,55.48828125,12.625,0.4375,-33.5625,0.5,5.46,8.5,46.875,6.375,-19.375,55,,,,,
2026-08-03T18:30:14.886,14.925,waiting_for_release,,,,,False,0,0,35.9184062,139.9079523,,,26.21,1012.69890625,55.7041015625,35.125,4.4375,-54.0,0.61,8.48,6.44,-40.75,-19.5625,-9.5625,55,,,,,
2026-08-03T18:30:15.387,15.426,waiting_for_release,,,,,False,0,0,35.9184062,139.9079523,,,26.21,1012.69890625,55.7041015625,39.875,3.1875,-49.4375,0.63,7.98,7.45,-18.125,44.125,-8.75,119,,,,,
2026-08-03T18:30:15.887,15.926,waiting_for_release,,,,,False,,,35.9184062,139.9079523,,,26.22,1012.669453125,55.7626953125,35.9375,-5.6875,-42.75,-1.02,6.7,8.5,-11.5625,36.0625,0.9375,247,,,,,
2026-08-03T18:30:16.388,16.427,waiting_for_release,,,,,False,,,35.9184062,139.9079523,,,26.22,1012.669453125,55.7626953125,40.0,-6.8125,-33.75,-0.51,5.6,9.25,-12.625,-13.3125,-7.4375,247,,,,,
2026-08-03T18:30:16.888,16.927,waiting_for_release,,,,,False,,,35.9184062,139.9079523,,,26.21,1012.752890625,55.8857421875,57.0,-17.4375,-30.1875,-3.44,5.46,8.65,-8.0,-31.25,-25.5625,55,,,,,
2026-08-03T18:30:17.388,17.427,waiting_for_release,,,,,False,,,35.9184062,139.9079523,,,26.21,1012.752890625,55.8857421875,57.5625,-6.375,-27.75,-1.22,4.37,9.17,-12.125,14.8125,25.0,55,,,,,
2026-08-03T18:30:17.889,17.928,waiting_for_release,,,,,False,,,35.9184062,139.9079523,,,26.22,1012.39953125,55.955078125,41.3125,-6.5625,-23.625,-1.04,4.31,9.65,-39.8125,24.125,8.8125,55,,,,,
2026-08-03T18:30:18.389,18.428,waiting_for_release,,,,,False,,,35.9184062,139.9079523,,,26.22,1012.39953125,55.955078125,51.125,-6.6875,-26.9375,-1.6,4.09,8.21,12.375,-5.875,-64.375,55,,,,,
2026-08-03T18:30:18.890,18.929,waiting_for_release,,,,,False,,,35.9184062,139.9079523,,,26.23,1012.1916796875,55.9677734375,61.4375,-5.75,-27.5,0.0,4.8,8.37,-13.75,-23.4375,3.8125,55,,,,,
2026-08-03T18:30:19.390,19.429,waiting_for_release,,,,,False,,,35.9184062,139.9079523,,,26.23,1012.1916796875,55.9677734375,63.5,5.9375,-25.0625,0.9,4.22,8.58,5.5,25.375,-0.5625,55,,,,,
2026-08-03T18:30:19.890,19.929,waiting_for_release,,,,,False,,,35.9184062,139.9079523,,,26.23,1012.029765625,55.9677734375,61.8125,6.5,-25.625,1.52,4.36,8.77,1.1875,-10.75,-6.4375,55,,,,,
2026-08-03T18:30:20.391,20.430,waiting_for_release,,,,,False,,,35.9184062,139.9079523,,,26.23,1012.029765625,55.9677734375,71.0,7.4375,-26.8125,1.09,4.43,8.71,0.875,-4.4375,-4.75,55,,,,,
2026-08-03T18:30:20.891,20.930,waiting_for_release,,,,,False,,,35.9184062,139.9079523,,,26.24,1011.829921875,55.9462890625,71.625,8.875,-26.4375,1.59,4.38,8.82,-6.0625,9.875,-6.25,55,,,,,
2026-08-03T18:30:21.392,21.431,waiting_for_release,,,,,False,,,35.9184062,139.9079523,,,26.24,1011.829921875,55.9462890625,74.6875,7.8125,-25.1875,1.38,3.88,8.87,-6.5,-2.875,-3.375,51,,,,,
2026-08-03T18:30:21.892,21.931,waiting_for_release,,,,,False,,,35.9184062,139.9079523,,,26.24,1011.748984375,55.935546875,83.4375,7.6875,-23.6875,1.38,4.12,8.87,-5.5,-2.0625,-14.6875,51,,,,,
2026-08-03T18:30:22.395,22.434,waiting_for_release,,,,,False,,,35.9184062,139.9079523,,,26.24,1011.748984375,55.935546875,100.9375,3.8125,-23.125,0.91,3.95,9.05,-1.5625,-2.5,-18.125,51,,,,,
2026-08-03T18:30:22.895,22.934,waiting_for_release,,,,,False,,,35.9184062,139.9079523,,,26.26,1011.5385546875,55.9375,120.8125,1.0,-20.0625,-0.07,2.96,8.98,-11.6875,-0.5625,-18.0625,51,,,,,
2026-08-03T18:30:23.395,23.434,waiting_for_release,,,,,False,,,35.9184062,139.9079523,,,26.26,1011.5385546875,55.9375,122.6875,1.0,-10.6875,-0.3,1.84,8.67,-13.375,-41.0625,-36.8125,51,,,,,
2026-08-03T18:30:23.896,23.935,waiting_for_release,,,,,False,,,35.9184062,139.9079523,,,26.26,1011.3685546875,55.9716796875,116.6875,10.75,29.3125,2.35,-5.64,8.35,-88.0,17.0,32.625,51,,,,,
2026-08-03T18:30:24.396,24.435,waiting_for_release,,,,,False,,,35.9184062,139.9079523,,,26.26,1011.3685546875,55.9716796875,105.5,26.25,66.75,3.87,-7.86,3.08,-23.0625,-25.4375,-1.8125,51,,,,,
2026-08-03T18:30:24.897,24.936,waiting_for_release,,,,,False,,,35.9184062,139.9079523,,,26.24,1011.2091796875,56.5029296875,95.3125,25.8125,80.25,3.8,-8.14,1.72,-21.6875,10.625,4.6875,51,,,,,
2026-08-03T18:30:25.397,25.436,waiting_for_release,,,,,False,,,35.9184062,139.9079523,,,26.23,1011.08515625,55.9111328125,96.0625,21.1875,82.5625,2.7,-7.52,0.65,-22.875,32.1875,20.0,51,,,,,
2026-08-03T18:30:25.897,25.936,waiting_for_release,,,,,False,,,35.9184062,139.9079523,,,26.23,1011.08515625,55.9111328125,107.5,19.5,85.875,3.15,-8.22,1.75,3.0,42.1875,-27.625,51,,,,,
2026-08-03T18:30:26.398,26.437,waiting_for_release,,,,,False,,,35.9184062,139.9079523,,,26.2,1010.901640625,55.78125,144.25,29.0625,78.0625,4.5,-7.89,0.74,-16.375,-32.625,-3.8125,51,,,,,
2026-08-03T18:30:26.898,26.937,waiting_for_release,,,,,False,,,35.9184062,139.9079523,,,26.2,1010.901640625,55.78125,154.0625,26.75,88.25,3.8,-8.13,1.01,-41.0625,11.5625,17.4375,51,,,,,
2026-08-03T18:30:27.399,27.438,waiting_for_release,,,,,False,,,35.9184062,139.9079523,,,26.21,1010.67484375,55.806640625,144.75,20.9375,88.6875,2.63,-8.42,-0.67,15.1875,9.0,5.3125,51,,,,,
2026-08-03T18:30:27.899,27.938,waiting_for_release,,,,,False,,,35.9184062,139.9079523,,,26.21,1010.67484375,55.806640625,136.375,26.625,93.9375,2.67,-8.25,-0.72,-8.625,5.0,-7.875,51,,,,,
2026-08-03T18:30:28.399,28.438,waiting_for_release,,,,,False,,,35.9184062,139.9079523,,,26.18,1010.4373828125,55.8134765625,137.5625,20.75,96.375,3.25,-8.4,-1.05,-20.0625,-2.0,-4.625,51,,,,,
2026-08-03T18:30:28.900,28.939,waiting_for_release,,,,,False,,,35.9184062,139.9079523,,,26.18,1010.4373828125,55.8134765625,138.25,18.9375,97.5,3.13,-8.39,-1.23,3.8125,-21.0,-1.75,51,,,,,
2026-08-03T18:30:29.400,29.439,waiting_for_release,,,,,False,,,35.9184062,139.9079523,,,26.21,1010.3320703125,55.8515625,139.625,21.625,99.25,2.78,-7.83,-0.74,-9.25,15.0625,2.9375,51,,,,,
2026-08-03T18:30:29.901,29.940,waiting_for_release,,,,,False,,,35.9184062,139.9079523,,,26.21,1010.3320703125,55.8515625,134.0,20.375,98.125,2.46,-7.97,-0.82,-12.75,41.8125,-27.1875,51,,,,,
2026-08-03T18:30:30.401,30.440,waiting_for_release,,,,,False,,,35.9184062,139.9079523,,,26.23,1010.2215234375,55.876953125,160.4375,22.375,94.8125,3.37,-7.73,-1.21,-6.1875,14.4375,17.75,51,,,,,
2026-08-03T18:30:30.901,30.940,waiting_for_release,,,,,False,,,35.9184062,139.9079523,,,26.23,1010.2215234375,55.876953125,164.6875,23.0,100.125,2.86,-7.97,-0.92,-10.1875,10.0,-12.125,51,,,,,
2026-08-03T18:30:31.402,31.441,waiting_for_release,,,,,False,,,35.9184062,139.9079523,,,26.23,1010.19453125,55.9228515625,163.9375,22.625,98.25,3.82,-7.89,-1.78,-0.625,1.625,1.3125,51,,,,,
2026-08-03T18:30:31.902,31.941,waiting_for_release,,,,,False,,,35.9184062,139.9079523,,,26.23,1010.19453125,55.9228515625,180.5,25.125,98.6875,4.23,-8.66,-1.13,2.1875,15.0,-2.3125,51,,,,,
2026-08-03T18:30:32.403,32.442,waiting_for_release,,,,,False,,,35.9184062,139.9079523,,,26.23,1010.14859375,55.9111328125,182.6875,23.1875,97.25,3.97,-8.59,-1.16,-19.1875,-8.3125,26.0625,51,,,,,
2026-08-03T18:30:32.903,32.942,waiting_for_release,,,,,False,,,35.9184062,139.9079523,,,26.23,1010.14859375,55.9111328125,198.5,27.0,94.375,3.73,-9.54,-1.13,-13.1875,53.5,-9.125,51,,,,,
2026-08-03T18:30:33.403,33.442,waiting_for_release,,,,,False,,,35.9184062,139.9079523,,,26.22,1010.1865234375,55.8984375,210.9375,24.4375,98.0625,3.76,-9.17,-1.02,-47.3125,39.0625,6.5,51,,,,,
2026-08-03T18:30:33.904,33.943,waiting_for_release,,,,,False,,,35.9184062,139.9079523,,,26.22,1010.1865234375,55.8984375,222.75,19.4375,94.6875,4.22,-9.22,-1.65,20.5,16.5625,-2.8125,51,,,,,
2026-08-03T18:30:34.405,34.443,waiting_for_release,,,,,False,,,35.9184062,139.9079523,,,26.09,1009.9763671875,55.8486328125,232.4375,26.1875,93.125,3.34,-8.62,-0.69,-15.75,-5.1875,-6.4375,51,,,,,
2026-08-03T18:30:34.906,34.945,waiting_for_release,,,,,False,,,35.9184062,139.9079523,,,26.09,1009.9763671875,55.8486328125,228.5,23.0625,97.6875,4.31,-9.86,-1.26,6.875,6.3125,-12.5625,51,,,,,
2026-08-03T18:30:35.406,35.445,waiting_for_release,,,,,False,,,35.9184062,139.9079523,,,26.22,1010.1055078125,55.830078125,234.0625,24.75,98.1875,3.92,-9.04,-0.96,-23.9375,-3.5625,24.8125,51,,,,,
2026-08-03T18:30:35.907,35.946,waiting_for_release,,,,,False,,,35.9184062,139.9079523,,,26.22,1010.1055078125,55.830078125,230.375,22.75,96.0,4.39,-9.3,-1.52,28.5,-5.0,-25.625,51,,,,,
2026-08-03T18:30:36.407,36.446,waiting_for_release,,,,,False,,,35.9184062,139.9079523,,,26.22,1010.1865234375,55.841796875,233.6875,24.3125,97.1875,3.99,-9.3,-0.81,-9.75,-5.8125,11.0625,51,,,,,
2026-08-03T18:30:36.907,36.946,waiting_for_release,,,,,False,,,35.9184062,139.9079523,,,26.22,1010.1865234375,55.841796875,232.625,22.25,97.375,3.99,-8.92,-1.05,-2.6875,-2.8125,-1.3125,51,,,,,
2026-08-03T18:30:37.408,37.447,waiting_for_release,,,,,False,,,35.9184062,139.9079523,,,26.23,1010.1675390625,55.876953125,228.75,23.8125,96.1875,3.83,-9.07,-1.04,19.4375,-17.1875,-10.75,51,,,,,
2026-08-03T18:30:37.908,37.947,waiting_for_release,,,,,False,,,35.9184062,139.9079523,,,26.23,1010.1675390625,55.876953125,221.625,23.125,96.0,3.86,-9.46,-0.95,-8.8125,-10.3125,11.8125,51,,,,,
2026-08-03T18:30:38.409,38.447,waiting_for_release,,,,,False,,,35.9184062,139.9079523,,,26.26,1010.100078125,55.8916015625,220.5,21.8125,94.9375,3.58,-9.09,-0.85,-5.25,4.25,-2.5625,51,,,,,
2026-08-03T18:30:38.909,38.948,waiting_for_release,,,,,False,,,35.9184062,139.9079523,,,26.26,1010.100078125,55.8916015625,204.5625,19.0,95.875,3.98,-9.24,-1.23,27.5,-53.5,-9.5625,51,,,,,
2026-08-03T18:30:39.415,39.454,waiting_for_release,,,,,False,,,35.9184062,139.9079523,,,26.27,1010.2780859375,55.8916015625,190.9375,25.3125,96.25,3.0,-8.65,-1.15,27.0625,-25.3125,-21.4375,51,,,,,
2026-08-03T18:30:39.915,39.954,waiting_for_release,,,,,False,,,35.9184062,139.9079523,,,26.27,1010.2780859375,55.8916015625,180.0,13.625,101.9375,4.03,-8.99,-1.05,-1.6875,14.6875,18.875,51,,,,,
2026-08-03T18:30:40.415,40.454,waiting_for_release,,,,,False,,,35.9184062,139.9079523,,,26.26,1010.208046875,55.8916015625,194.4375,24.0625,97.3125,4.01,-9.52,-1.77,17.75,3.4375,-45.0,51,,,,,
2026-08-03T18:30:40.916,40.955,waiting_for_release,,,,,False,,,35.9184062,139.9079523,,,26.26,1010.208046875,55.8916015625,195.6875,26.5,100.25,4.05,-9.25,-1.96,-12.5,1.1875,44.9375,51,,,,,
2026-08-03T18:30:41.416,41.455,waiting_for_release,,,,,False,,,35.9184062,139.9079523,,,26.23,1010.19453125,55.7744140625,167.0,8.3125,105.25,4.07,-10.14,-1.14,8.375,-55.0,25.5625,51,,,,,
2026-08-03T18:30:41.917,41.956,waiting_for_release,,,,,False,,,35.9184062,139.9079523,,,26.24,1010.156640625,56.048828125,156.3125,23.6875,101.75,3.13,-9.4,-0.99,2.875,-32.625,-37.5,51,,,,,
2026-08-03T18:30:42.417,42.456,waiting_for_release,,,,,False,,,35.9184062,139.9079523,,,26.24,1010.156640625,56.048828125,137.5625,13.25,96.0,3.67,-9.18,-1.82,1.125,14.375,25.4375,51,,,,,
2026-08-03T18:30:42.918,42.956,waiting_for_release,,,,,False,,,35.9184062,139.9079523,,,26.26,1010.1270703125,56.05078125,156.3125,23.9375,105.75,3.31,-9.79,-1.72,-32.8125,13.25,-40.75,51,,,,,
2026-08-03T18:30:43.418,43.457,waiting_for_release,,,,,False,,,35.9184062,139.9079523,,,26.26,1010.1270703125,56.05078125,190.0625,23.5625,97.4375,5.06,-7.51,-1.52,-29.9375,85.1875,23.3125,51,,,,,
2026-08-03T18:30:43.918,43.957,waiting_for_release,,,,,False,,,35.9184062,139.9079523,,,26.26,1010.181015625,56.0732421875,234.4375,28.3125,94.0625,4.39,-8.53,-0.54,-10.6875,74.375,12.4375,51,,,,,
2026-08-03T18:30:44.419,44.458,waiting_for_release,,,,,False,,,35.9184062,139.9079523,,,26.26,1010.181015625,56.0732421875,239.0,23.6875,85.875,4.36,-8.46,0.74,-12.625,6.75,-9.1875,51,,,,,
2026-08-03T18:30:44.920,44.959,waiting_for_release,,,,,False,,,35.9184062,139.9079523,,,26.27,1010.2241015625,56.0625,234.9375,21.1875,89.9375,3.84,-8.67,0.0,-20.125,-38.375,12.125,51,,,,,
2026-08-03T18:30:45.421,45.460,waiting_for_release,,,,,False,,,35.9184062,139.9079523,,,26.27,1010.2241015625,56.0625,226.25,20.0,93.375,3.33,-8.75,-0.76,6.1875,-15.5,-0.3125,51,,,,,
2026-08-03T18:30:45.921,45.960,waiting_for_release,,,,,False,,,35.9184062,139.9079523,,,26.27,1010.3590625,56.0732421875,224.25,20.375,94.4375,3.52,-8.93,-0.81,-0.4375,7.5,-3.1875,51,,,,,
2026-08-03T18:30:46.421,46.460,waiting_for_release,,,,,False,,,35.9184062,139.9079523,,,26.27,1010.3590625,56.0732421875,225.0625,21.125,95.25,3.59,-9.18,-0.81,1.625,-9.125,-3.0,51,,,,,
2026-08-03T18:30:46.922,46.961,waiting_for_release,,,,,False,,,35.9184062,139.9079523,,,26.27,1010.493984375,56.05078125,232.9375,21.5,94.6875,3.73,-9.13,-0.79,-0.9375,-3.125,-0.0625,51,,,,,
2026-08-03T18:30:47.422,47.461,waiting_for_release,,,,,False,,,35.9184062,139.9079523,,,26.27,1010.493984375,56.05078125,-1.0,21.5,95.6875,3.66,-9.23,-0.88,-2.6875,-4.125,2.625,51,,,,,
2026-08-03T18:30:47.923,47.962,waiting_for_release,,,,,False,,,35.9184062,139.9079523,,,26.28,1010.6450390625,56.064453125,221.0,21.375,96.125,3.66,-9.27,-0.93,-1.75,-10.3125,-0.875,51,,,,,
2026-08-03T18:30:48.423,48.462,waiting_for_release,,,,,False,,,35.9184062,139.9079523,,,26.28,1010.6450390625,56.064453125,219.875,21.3125,96.9375,3.4,-9.24,-1.13,0.1875,-8.125,-0.75,51,,,,,
2026-08-03T18:30:48.924,48.963,waiting_for_release,,,,,False,,,35.9184062,139.9079523,,,26.29,1010.777421875,56.0546875,216.5,21.125,97.75,3.46,-9.24,-1.44,-2.875,5.875,3.3125,51,,,,,
2026-08-03T18:30:49.424,49.463,waiting_for_release,,,,,False,,,35.9184062,139.9079523,,,26.29,1010.777421875,56.0546875,216.0,21.375,98.3125,3.67,-9.15,-1.45,-0.3125,-0.125,0.5,51,,,,,
2026-08-03T18:30:49.925,49.964,waiting_for_release,,,,,False,,,35.9184062,139.9079523,,,26.29,1011.011953125,56.0419921875,215.5,21.75,98.875,3.67,-9.09,-1.34,-0.25,1.1875,0.0625,51,,,,,
2026-08-03T18:30:50.425,50.464,waiting_for_release,,,,,False,,,35.9184062,139.9079523,,,26.29,1011.011953125,56.0419921875,215.625,22.25,99.4375,3.77,-9.32,-1.34,-3.25,0.0,-2.6875,51,,,,,
2026-08-03T18:30:50.925,50.964,waiting_for_release,,,,,False,,,35.9184062,139.9079523,,,26.3,1011.144375,56.0341796875,219.125,21.75,103.375,4.48,-8.79,-1.29,-7.5,-17.0,13.6875,51,,,,,
2026-08-03T18:30:51.426,51.465,waiting_for_release,,,,,False,,,35.9184062,139.9079523,,,26.3,1011.144375,56.0341796875,208.5625,29.375,100.1875,3.65,-8.82,-1.65,42.625,-69.3125,-47.9375,51,,,,,
2026-08-03T18:30:51.926,51.965,waiting_for_release,,,,,False,,,35.9184062,139.9079523,,,26.29,1011.3628515625,56.0869140625,180.4375,24.9375,106.375,4.86,-8.8,-2.03,-24.625,42.0625,21.0,51,,,,,
2026-08-03T18:30:52.427,52.466,waiting_for_release,,,,,False,,,35.9184062,139.9079523,,,26.29,1011.3628515625,56.0869140625,216.0,20.4375,98.0,3.03,-9.28,-1.25,-9.625,92.0,24.625,51,,,,,
2026-08-03T18:30:52.927,52.966,waiting_for_release,,,,,False,,,35.9184062,139.9079523,,,26.27,1011.4386328125,56.1650390625,248.4375,18.25,97.5625,3.06,-9.49,-0.91,-17.0,17.625,-16.125,51,,,,,
2026-08-03T18:30:53.427,53.466,waiting_for_release,,,,,False,,,35.9184062,139.9079523,,,26.27,1011.4386328125,56.1650390625,233.75,22.0,98.25,4.26,-9.54,-1.36,62.625,-39.375,-26.6875,51,,,,,
2026-08-03T18:30:53.928,53.967,waiting_for_release,,,,,False,,,35.9184062,139.9079523,,,26.28,1011.6247265625,56.2578125,250.8125,24.5625,88.5625,4.81,-9.87,0.45,-63.8125,43.875,29.625,51,,,,,
2026-08-03T18:30:54.428,54.467,waiting_for_release,,,,,False,,,35.9184062,139.9079523,,,26.28,1011.6247265625,56.2578125,258.375,26.5625,95.5,4.51,-8.62,-0.23,7.75,-26.1875,-8.3125,51,,,,,
2026-08-03T18:30:54.929,54.969,waiting_for_release,,,,,False,,,35.9184062,139.9079523,,,26.27,1011.8245703125,56.2568359375,248.625,25.125,89.3125,4.77,-8.91,-0.7,10.375,-8.3125,11.5,51,,,,,
2026-08-03T18:30:55.429,55.468,waiting_for_release,,,,,False,,,35.9184062,139.9079523,,,26.27,1011.8245703125,56.2568359375,253.6875,27.4375,93.5625,4.32,-8.8,-0.43,-12.125,22.8125,-13.6875,51,,,,,
2026-08-03T18:30:55.930,55.969,waiting_for_release,,,,,False,,,35.9184062,139.9079523,,,26.29,1011.9919921875,56.3154296875,264.1875,26.6875,91.375,4.84,-8.92,-0.03,7.1875,10.9375,1.5,51,,,,,
2026-08-03T18:30:56.430,56.469,waiting_for_release,,,,,False,,,35.9184062,139.9079523,,,26.29,1011.9919921875,56.3154296875,263.8125,27.6875,91.8125,5.59,-8.83,0.16,-4.6875,11.25,7.4375,51,,,,,
2026-08-03T18:30:56.931,56.970,waiting_for_release,,,,,False,,,35.9184062,139.9079523,,,26.3,1012.1350390625,56.271484375,260.25,28.875,93.875,4.93,-8.77,-0.43,-10.1875,-49.125,17.125,243,,,,,
2026-08-03T18:30:57.431,57.470,waiting_for_release,,,,,False,,,35.9184062,139.9079523,,,26.3,1012.1350390625,56.271484375,203.0,22.625,106.1875,3.0,-9.26,-1.77,64.875,-243.6875,-55.5,51,,,,,
2026-08-03T18:30:57.931,57.970,waiting_for_landing,,,,,False,,,35.9184062,139.9079523,,,26.29,1012.33453125,56.326171875,108.75,13.6875,106.9375,2.54,-8.34,-2.37,-4.0,42.0625,9.0625,51,,,,,
2026-08-03T18:30:58.432,58.471,waiting_for_landing,,,,,False,,,35.9184062,139.9079523,,,26.29,1012.33453125,56.326171875,130.625,14.0,102.125,3.11,-9.68,-1.93,-8.25,24.0,4.9375,51,,,,,
2026-08-03T18:30:58.932,58.971,waiting_for_landing,,,,,False,,,35.9184062,139.9079523,,,26.29,1012.50484375,56.7587890625,126.9375,18.3125,103.1875,3.47,-9.98,-2.04,-2.9375,-10.25,-22.9375,51,,,,,
2026-08-03T18:30:59.433,59.472,waiting_for_landing,,,,,False,,,35.9184062,139.9079523,,,26.29,1012.50484375,56.7587890625,130.6875,19.375,101.75,3.41,-8.81,-2.23,6.5,-16.625,20.1875,51,,,,,
2026-08-03T18:30:59.933,59.972,waiting_for_landing,,,,,False,,,35.9184062,139.9079523,,,26.28,1012.6423046875,56.4736328125,124.9375,16.0,103.6875,3.34,-10.03,-2.4,-16.3125,9.9375,2.375,51,,,,,
2026-08-03T18:31:00.434,60.473,waiting_for_landing,,,,,False,,,35.9184062,139.9079523,,,26.28,1012.6423046875,56.4736328125,134.875,22.625,104.4375,3.03,-8.7,-2.71,-8.25,-6.3125,-13.1875,51,,,,,
2026-08-03T18:31:00.934,60.973,waiting_for_landing,,,,,False,,,35.9184062,139.9079523,,,26.28,1012.6423046875,56.4287109375,124.75,20.0,107.5625,3.26,-8.89,-2.96,6.8125,22.875,37.3125,51,,,,,
2026-08-03T18:31:01.435,61.473,waiting_for_landing,,,,,False,,,35.9184062,139.9079523,,,26.31,1012.6990234375,56.544921875,125.25,19.0625,106.6875,3.1,-9.31,-2.55,-3.75,7.6875,-13.0,51,,,,,
2026-08-03T18:31:01.938,61.977,waiting_for_landing,,,,,False,,,35.9184062,139.9079523,,,26.31,1012.6990234375,56.544921875,121.8125,19.4375,106.4375,3.49,-9.17,-2.6,12.0,-11.75,16.1875,51,,,,,
2026-08-03T18:31:02.438,62.477,waiting_for_landing,,,,,False,,,35.9184062,139.9079523,,,26.31,1012.67203125,56.568359375,119.0,18.125,104.9375,3.21,-8.8,-2.61,8.3125,-7.3125,2.1875,51,,,,,
2026-08-03T18:31:02.939,62.978,waiting_for_landing,,,,,False,,,35.9184062,139.9079523,,,26.31,1012.67203125,56.568359375,112.6875,16.75,105.25,3.24,-8.93,-2.46,2.5625,-15.875,-7.5,51,,,,,
2026-08-03T18:31:03.439,63.478,waiting_for_landing,,,,,False,,,35.9184062,139.9079523,,,26.31,1012.6990234375,56.6025390625,110.125,18.375,107.5625,3.1,-9.24,-2.38,-17.125,-20.0625,-5.375,51,,,,,
2026-08-03T18:31:03.940,63.979,waiting_for_landing,,,,,False,,,35.9184062,139.9079523,,,26.31,1012.6990234375,56.6025390625,91.5625,14.5625,110.875,2.75,-8.5,-2.29,4.0625,2.3125,-16.6875,51,,,,,
2026-08-03T18:31:04.440,64.479,waiting_for_landing,,,,,False,,,35.9184062,139.9079523,,,26.31,1012.7530078125,56.5908203125,90.875,16.625,101.5,2.82,-9.38,-2.49,-0.75,-24.1875,15.875,51,,,,,
2026-08-03T18:31:04.941,64.980,waiting_for_landing,,,,,False,,,35.9184062,139.9079523,,,26.31,1012.7530078125,56.5908203125,93.25,20.875,103.125,1.68,-8.41,-1.88,2.5625,-56.8125,-34.25,51,,,,,
2026-08-03T18:31:05.441,65.480,waiting_for_landing,,,,,False,,,35.9184062,139.9079523,,,26.27,1012.7071875,55.7666015625,81.0625,12.0,102.5625,1.84,-7.93,-3.01,60.25,76.0625,-13.0625,51,,,,,
2026-08-03T18:31:05.942,65.981,waiting_for_landing,,,,,False,,,35.9184062,139.9079523,,,26.27,1012.7071875,55.7666015625,116.625,8.9375,100.375,2.38,-8.6,-2.71,-0.3125,49.25,-18.5625,51,,,,,
2026-08-03T18:31:06.442,66.481,waiting_for_landing,,,,,False,,,35.9184062,139.9079523,,,26.26,1012.753125,55.244140625,165.5625,16.75,98.0,2.08,-7.18,-1.74,16.6875,196.5625,30.625,51,,,,,
2026-08-03T18:31:06.942,66.981,waiting_for_landing,,,,,False,,,35.9184062,139.9079523,,,26.26,1012.753125,55.244140625,217.875,9.9375,74.875,3.19,-11.39,1.4,17.1875,31.875,-44.8125,51,,,,,
2026-08-03T18:31:07.451,67.490,waiting_for_landing,,,,,False,,,35.9184062,139.9079523,,,26.22,1012.7233984375,54.8193359375,249.0625,-2.5,33.125,-0.69,-3.41,9.93,191.375,26.5625,-5.8125,51,,,,,
2026-08-03T18:31:07.951,67.990,waiting_for_landing,,,,,False,,,35.9184062,139.9079523,,,26.22,1012.7233984375,54.8193359375,250.4375,-3.0,-3.0,0.42,0.13,9.86,-4.875,-0.1875,-0.1875,51,,,,,
2026-08-03T18:31:08.452,68.491,waiting_for_landing,,,,,False,,,35.9184062,139.9079523,,,26.23,1012.7314453125,54.6953125,237.5,-2.0,-6.9375,0.52,0.6,9.92,-1.6875,0.0625,-0.5,51,,,,,
2026-08-03T18:31:08.952,68.991,waiting_for_landing,,,,,False,,,35.9184062,139.9079523,,,26.23,1012.7314453125,54.6953125,206.125,0.75,-6.5625,0.5,1.05,9.79,0.0,-0.0625,-0.125,51,,,,,
2026-08-03T18:31:09.453,69.492,waiting_for_landing,,,,,False,,,35.9184062,139.9079523,,,26.24,1012.747578125,54.6962890625,188.0625,1.625,-6.375,0.51,1.05,9.76,-0.0625,-0.0625,0.0625,51,,,,,
2026-08-03T18:31:09.953,69.992,waiting_for_landing,,,,,False,,,35.9184062,139.9079523,,,26.24,1012.747578125,54.6962890625,181.5625,1.9375,-6.375,0.51,1.05,9.76,-0.0625,0.0625,0.0625,115,,,,,
2026-08-03T18:31:10.454,70.492,waiting_for_landing,,,,,False,,,35.9184062,139.9079523,,,26.21,1012.733984375,54.7724609375,179.875,2.1875,-6.3125,0.53,1.07,9.76,0.0,0.125,-0.0625,243,,,,,
2026-08-03T18:31:10.954,70.993,waiting_for_landing,,,,,False,,,35.9184062,139.9079523,,,26.21,1012.733984375,54.7724609375,179.4375,2.25,-6.3125,0.51,1.04,9.77,-0.125,0.0,0.0625,243,,,,,
2026-08-03T18:31:11.454,71.493,waiting_for_landing,,,,,False,,,35.9184062,139.9079523,,,26.23,1012.73953125,54.8203125,179.125,10.25,-6.3125,0.51,1.06,9.77,0.0,8.0625,-0.125,243,,,,,
2026-08-03T18:31:11.955,71.994,waiting_for_landing,,,,,False,,,35.9184062,139.9079523,,,26.23,1012.73953125,54.8203125,179.125,2.25,-6.3125,0.51,1.06,9.8,0.0,-0.125,-0.0625,243,,,,,
2026-08-03T18:31:12.455,72.494,waiting_for_landing,,,,,False,,,35.9184062,139.9079523,,,26.25,1012.7286328125,54.8330078125,179.125,2.25,-6.3125,0.49,1.06,9.77,0.0625,-0.0625,0.0625,243,,,,,
2026-08-03T18:31:12.956,72.995,waiting_for_landing,,,,,False,,,35.9184062,139.9079523,,,26.25,1012.7286328125,54.8330078125,179.125,2.25,-6.3125,0.51,1.05,9.75,0.0,0.0,0.1875,243,,,,,
2026-08-03T18:31:13.456,73.495,waiting_for_landing,,,,,False,,,35.9184062,139.9079523,,,26.26,1012.7801171875,54.8125,179.125,2.25,-6.3125,0.49,1.05,9.76,0.0625,-0.0625,0.125,243,,,,,
2026-08-03T18:31:13.956,73.995,waiting_for_landing,,,,,False,,,35.9184062,139.9079523,,,26.26,1012.7801171875,54.8125,179.125,2.25,-6.3125,0.48,1.04,9.73,0.125,0.0,-0.0625,243,,,,,
2026-08-03T18:31:14.457,74.496,waiting_for_landing,,,,,False,,,35.9184062,139.9079523,,,26.27,1012.7341796875,54.80078125,179.125,2.25,-6.3125,0.51,1.06,9.76,0.0,0.0625,0.0625,243,,,,,
2026-08-03T18:31:14.957,74.996,waiting_for_landing,,,,,False,,,35.9184062,139.9079523,,,26.27,1012.7341796875,54.80078125,179.125,2.25,-6.3125,0.5,1.05,9.76,0.0,0.125,-0.125,243,,,,,
2026-08-03T18:31:15.458,75.497,waiting_for_landing,,,,,False,,,35.9184062,139.9079523,,,26.27,1012.79625,54.755859375,179.125,2.25,-6.3125,0.49,1.05,9.75,0.0625,-0.0625,-0.125,243,,,,,
2026-08-03T18:31:15.958,75.997,waiting_for_landing,,,,,False,,,35.9184062,139.9079523,,,26.27,1012.79625,54.755859375,179.125,2.25,-6.3125,0.53,1.07,9.74,0.0,-0.0625,0.0,243,,,,,
2026-08-03T18:31:16.459,76.498,waiting_for_landing,,,,,False,,,35.9184062,139.9079523,,,26.27,1012.79625,54.755859375,179.125,2.25,-6.3125,0.51,1.05,9.76,0.125,0.0625,0.0,243,,,,,
2026-08-03T18:31:16.959,76.998,waiting_for_landing,,,,,False,,,35.9184062,139.9079523,,,26.27,1012.79625,54.755859375,179.125,2.25,-6.3125,0.5,1.05,9.78,-0.0625,0.0625,0.125,243,,,,,
2026-08-03T18:31:17.459,77.498,landed,,,,,False,,,35.9184062,139.9079523,,,26.28,1012.7502734375,54.677734375,179.125,2.25,-6.3125,0.52,1.06,9.76,0.0,0.0,0.0625,243,,,,,
2026-08-03T18:31:17.960,77.999,landed,,,,,False,,,35.9184062,139.9079523,,,26.28,1012.7502734375,54.677734375,179.125,2.25,-6.3125,0.5,1.05,9.74,0.0625,0.125,0.0,243,,,,,
2026-08-03T18:31:18.460,78.499,landed,,,,,False,,,35.9184062,139.9079523,,,26.28,1012.7502734375,54.5185546875,187.125,2.25,-6.3125,0.49,1.06,9.72,0.0625,-0.0625,0.0,243,,,,,
2026-08-03T18:31:18.975,79.014,landed,,,,,False,,,35.9184062,139.9079523,,,26.29,1012.774765625,54.4853515625,179.125,2.25,-6.3125,0.49,1.06,9.77,-0.0625,0.1875,0.125,243,,,,,
2026-08-03T18:31:19.476,79.515,landed,,,,,False,,,35.9184062,139.9079523,,,26.29,1012.774765625,54.4853515625,179.125,2.25,-6.3125,0.51,1.07,9.75,-0.0625,0.0625,-0.0625,243,,,,,
2026-08-03T18:31:19.977,80.016,landed,,,,,False,,,35.9184062,139.9079523,,,26.3,1012.76390625,54.408203125,179.125,2.25,-6.3125,0.51,1.06,9.75,-0.0625,0.0625,0.0625,243,,,,,
2026-08-03T18:31:20.479,80.518,landed,,,,,False,,,35.9184062,139.9079523,,,26.3,1012.76390625,54.408203125,179.125,2.25,-6.3125,0.51,1.04,9.77,0.0,0.0625,-0.125,243,,,,,
2026-08-03T18:31:20.999,81.038,landed,,,,,False,,,35.9184062,139.9079523,,,26.29,1012.774765625,54.337890625,179.125,2.25,-6.3125,0.5,1.06,9.76,-0.0625,0.1875,-0.0625,243,,,,,
2026-08-03T18:31:21.514,81.553,landed,,,,,False,,,35.9184062,139.9079523,,,26.29,1012.774765625,54.337890625,179.125,2.25,-6.3125,0.53,1.06,9.79,-0.0625,0.0625,0.0,243,,,,,
2026-08-03T18:31:22.021,82.060,landed,,,,,False,,,35.9184062,139.9079523,,,26.3,1012.76390625,54.419921875,187.125,2.25,-6.3125,0.52,1.06,9.78,-0.0625,0.0,0.0,243,,,,,
2026-08-03T18:31:22.525,82.564,landed,,,,,False,,,35.9184062,139.9079523,,,26.3,1012.76390625,54.419921875,179.125,2.25,-6.3125,0.5,1.04,9.75,-0.0625,0.0625,0.125,243,,,,,
2026-08-03T18:31:23.028,83.067,landed,,,,,False,,,35.9184062,139.9079523,,,24.34,1010.515,54.306640625,179.125,2.25,-6.3125,0.5,1.06,9.75,0.0,0.0,-0.0625,243,,,,,
2026-08-03T18:31:23.579,83.618,landed,,,,,False,,,35.9184062,139.9079523,,,24.34,1010.515,54.306640625,179.6875,2.375,-5.875,1.1,1.28,7.35,-216.1875,-3.6875,-88.25,243,,,,,
2026-08-03T18:31:24.089,84.128,landed,,,,,False,,,35.9184062,139.9079523,,,26.32,1012.8690625,54.2734375,205.75,3.1875,66.125,2.44,-4.57,-2.84,-504.0625,-19.0625,-85.8125,243,,,,,
2026-08-03T18:31:24.590,84.628,landed,,,,,False,,,35.9184062,139.9079523,,,26.32,1012.8690625,54.2734375,221.6875,31.625,105.75,2.02,-6.8,-0.02,-155.8125,23.625,0.5625,115,,,,,
2026-08-03T18:31:25.091,85.130,landed,,,,,False,,,35.9184062,139.9079523,,,26.28,1012.6962890625,54.22265625,215.0625,21.75,95.125,2.34,-7.79,-0.23,-3.9375,32.3125,30.25,51,,,,,
2026-08-03T18:31:25.595,85.634,landed,,,,,False,,,35.9184062,139.9079523,,,26.28,1012.6962890625,54.22265625,194.75,9.1875,97.3125,2.38,-10.19,-0.7,-85.3125,-7.375,-9.1875,115,,,,,
2026-08-03T18:31:26.110,86.149,landed,,,,,False,,,35.9184062,139.9079523,,,26.25,1012.7286328125,54.138671875,197.375,14.25,102.6875,1.8,-7.23,-0.4,64.75,-3.375,35.25,179,,,,,
2026-08-03T18:31:26.610,86.649,landed,,,,,False,,,35.9184062,139.9079523,,,26.25,1012.7286328125,54.138671875,177.25,6.1875,112.4375,1.17,-6.95,-0.59,65.4375,-98.125,-76.6875,179,,,,,
2026-08-03T18:31:27.115,87.154,landed,,,,,False,,,35.9184062,139.9079523,,,26.24,1012.69359375,54.21875,145.4375,6.0625,97.3125,1.89,-5.78,0.23,23.5,-43.3125,4.625,51,,,,,
2026-08-03T18:31:27.639,87.678,landed,,,,,False,,,35.9184062,139.9079523,,,26.24,1012.69359375,54.21875,103.4375,1.875,105.0,1.76,-12.82,-1.58,-11.9375,81.875,-66.625,51,,,,,
2026-08-03T18:31:28.141,88.179,landed,,,,,False,,,35.9184062,139.9079523,,,26.15,1012.7179296875,54.3330078125,155.5625,6.1875,93.25,2.69,-12.9,0.08,-38.25,-0.1875,13.625,51,,,,,
2026-08-03T18:31:28.641,88.680,landed,,,,,False,,,35.9184062,139.9079523,,,26.15,1012.7179296875,54.3330078125,135.25,20.4375,96.625,3.91,-11.34,-1.17,52.0,-40.9375,-11.8125,51,,,,,
2026-08-03T18:31:29.141,89.180,landed,,,,,False,,,35.9184062,139.9079523,,,26.03,1012.73921875,54.5791015625,133.75,18.0,89.6875,4.05,-10.23,-0.41,-16.125,-0.875,62.5625,51,,,,,
2026-08-03T18:31:29.660,89.700,landed,,,,,False,,,35.9184062,139.9079523,,,25.93,1013.8180859375,55.146484375,136.6875,11.8125,100.125,2.52,-8.19,-0.12,34.25,37.5625,20.375,51,,,,,
2026-08-03T18:31:30.165,90.204,landed,,,,,False,,,35.9184062,139.9079523,,,25.93,1013.8180859375,55.146484375,128.0,1.0,99.6875,1.96,-9.18,0.5,-22.75,-59.75,-4.75,51,,,,,
2026-08-03T18:31:30.665,90.704,landed,,,,,False,,,35.9184062,139.9079523,,,25.83,1012.7471484375,54.6796875,141.5,12.75,95.3125,1.82,-4.78,0.43,21.6875,25.4375,47.8125,51,,,,,
2026-08-03T18:31:31.166,91.205,landed,,,,,False,,,35.9184062,139.9079523,,,25.83,1012.7471484375,54.6796875,128.8125,12.625,99.4375,1.6,-3.2,-0.17,-16.125,-62.0,-60.1875,115,,,,,
2026-08-03T18:31:31.666,91.705,landed,,,,,False,,,35.9184062,139.9079523,,,25.44,1012.2304296875,54.99609375,125.0625,7.3125,96.25,2.14,-6.89,-1.17,9.125,-2.25,33.4375,115,,,,,
2026-08-03T18:31:32.167,92.206,landed,,,,,False,,,35.9184062,139.9079523,,,25.44,1012.2304296875,54.99609375,106.6875,2.6875,101.3125,0.35,-6.25,-1.24,-26.75,-92.1875,-47.5625,179,,,,,
2026-08-03T18:31:32.670,92.708,landed,,,,,False,,,35.9184062,139.9079523,,,25.61,1012.71359375,55.1298828125,110.6875,-0.125,99.0625,1.21,-10.45,-2.22,-10.0625,20.375,30.8125,243,,,,,
2026-08-03T18:31:33.170,93.209,landed,,,,,False,,,35.9184062,139.9079523,,,25.61,1012.71359375,55.1298828125,103.0,-4.6875,108.8125,-0.2,-12.11,-2.0,-2.1875,50.0,-51.4375,243,,,,,
2026-08-03T18:31:33.670,93.709,landed,,,,,False,,,35.9184062,139.9079523,,,25.53,1012.726875,55.22265625,123.875,-3.0625,95.75,2.57,-12.77,-2.41,25.375,-9.625,15.5625,243,,,,,
2026-08-03T18:31:34.171,94.210,landed,,,,,False,,,35.9184062,139.9079523,,,25.53,1012.726875,55.22265625,139.5,9.8125,99.25,1.23,-15.26,-2.05,16.1875,14.5,-9.1875,243,,,,,
2026-08-03T18:31:34.671,94.710,landed,,,,,False,,,35.9184062,139.9079523,,,25.47,1012.764296875,55.7490234375,129.9375,-2.5625,96.5,2.13,-15.25,-1.29,-34.0625,34.75,-31.3125,51,,,,,
2026-08-03T18:31:35.171,95.210,landed,,,,,False,,,35.9184062,139.9079523,,,25.47,1012.764296875,55.7490234375,137.1875,8.0,101.0625,1.18,-11.86,-0.97,-12.6875,8.75,-12.625,51,,,,,
2026-08-03T18:31:35.672,95.711,landed,,,,,False,,,35.9184062,139.9079523,,,25.38,1012.86921875,56.1806640625,141.5,8.3125,92.25,2.41,-11.77,-1.25,-14.25,54.25,4.6875,51,,,,,
2026-08-03T18:31:36.172,96.211,landed,,,,,False,,,35.9184062,139.9079523,,,25.38,1012.86921875,56.1806640625,133.5,10.6875,101.3125,1.82,-12.37,-0.89,-36.4375,60.3125,-19.625,179,,,,,
2026-08-03T18:31:36.675,96.714,landed,,,,,False,,,35.9184062,139.9079523,,,25.35,1012.7935546875,59.8154296875,137.8125,4.8125,94.9375,2.79,-11.1,-1.05,-32.6875,3.0,1.1875,51,,,,,
2026-08-03T18:31:37.175,97.214,landed,,,,,False,,,35.9184062,139.9079523,,,25.35,1012.7935546875,59.8154296875,141.0,11.375,100.0625,1.83,-12.67,-1.37,-29.625,22.4375,9.9375,51,,,,,
2026-08-03T18:31:37.675,97.714,landed,,,,,False,,,35.9184062,139.9079523,,,25.38,1012.8341796875,62.931640625,143.25,6.4375,99.0,2.18,-11.2,-1.05,-20.375,56.625,37.375,51,,,,,
2026-08-03T18:31:38.176,98.215,landed,,,,,False,,,35.9184062,139.9079523,,,25.38,1012.8341796875,62.931640625,142.25,7.875,103.6875,1.75,-12.69,-1.62,-21.125,27.5,0.0,51,,,,,
2026-08-03T18:31:38.676,98.715,landed,,,,,False,,,35.9184062,139.9079523,,,25.36,1012.86359375,64.59375,156.5,6.125,98.25,2.4,-10.97,-0.42,-31.25,55.3125,17.875,51,,,,,
2026-08-03T18:31:39.177,99.216,landed,,,,,False,,,35.9184062,139.9079523,,,25.36,1012.86359375,64.59375,163.0625,13.3125,101.3125,1.99,-13.6,-1.11,-71.1875,10.25,5.375,115,,,,,
2026-08-03T18:31:39.677,99.716,landed,,,,,False,,,35.9184062,139.9079523,,,25.37,1012.8716796875,65.3408203125,167.9375,7.75,96.3125,2.69,-10.47,-1.17,-3.9375,59.9375,30.1875,51,,,,,
2026-08-03T18:31:40.178,100.217,landed,,,,,False,,,35.9184062,139.9079523,,,25.37,1012.8716796875,65.3408203125,176.9375,19.375,98.125,2.23,-13.33,-1.33,-17.75,15.8125,-0.875,51,,,,,
2026-08-03T18:31:40.678,100.717,landed,,,,,False,,,35.9184062,139.9079523,,,22.41,1008.179140625,65.72265625,158.8125,5.1875,98.4375,3.26,-14.98,-1.28,-37.8125,11.6875,3.6875,179,,,,,
2026-08-03T18:31:41.179,101.218,landed,,,,,False,,,35.9184062,139.9079523,,,22.41,1008.179140625,65.72265625,169.9375,16.375,99.5625,2.27,-12.06,-0.92,-22.75,24.625,-10.8125,51,,,,,
2026-08-03T18:31:41.679,101.718,landed,,,,,False,,,35.9184062,139.9079523,,,25.41,1012.882890625,66.1611328125,200.125,8.4375,92.375,2.73,-12.96,0.67,-29.875,14.5,-10.25,51,,,,,
2026-08-03T18:31:42.180,102.219,landed,,,,,False,,,35.9184062,139.9079523,,,25.41,1012.882890625,66.1611328125,176.125,20.8125,92.5625,3.18,-11.34,-0.64,-31.5625,-30.3125,-12.1875,51,,,,,
2026-08-03T18:31:42.680,102.719,landed,,,,,False,,,35.9184062,139.9079523,,,25.4,1012.9284375,66.38671875,170.0625,8.0625,98.6875,3.74,-15.24,-0.86,-51.75,-31.75,-34.75,51,,,,,
2026-08-03T18:31:43.181,103.220,landed,,,,,False,,,35.9184062,139.9079523,,,25.4,1012.9284375,66.38671875,180.75,24.4375,92.5,2.61,-11.45,-0.66,-43.6875,21.25,-24.9375,51,,,,,
2026-08-03T18:31:43.681,103.720,landed,,,,,False,,,35.9184062,139.9079523,,,25.42,1012.9070703125,66.55859375,168.625,9.1875,103.375,4.11,-16.43,-0.03,-82.0625,2.5625,50.375,51,,,,,
2026-08-03T18:31:44.182,104.221,landed,,,,,False,,,35.9184062,139.9079523,,,25.42,1012.9070703125,66.55859375,172.0625,22.4375,97.3125,3.28,-12.87,-0.27,-33.0625,50.9375,35.75,51,,,,,
2026-08-03T18:31:44.682,104.721,landed,,,,,False,,,35.9184062,139.9079523,,,25.43,1012.923203125,66.7177734375,158.0,7.125,103.8125,3.6,-13.58,0.48,-41.5625,3.625,0.4375,51,,,,,
2026-08-03T18:31:45.183,105.222,landed,,,,,False,,,35.9184062,139.9079523,,,25.43,1012.923203125,66.7177734375,174.25,17.4375,96.5625,3.86,-7.23,-0.17,42.125,82.4375,78.6875,51,,,,,
2026-08-03T18:31:45.683,105.722,landed,,,,,False,,,35.9184062,139.9079523,,,25.44,1012.9043359375,66.8662109375,169.625,7.625,101.75,2.48,-8.18,-0.1,75.6875,30.25,-49.875,51,,,,,
2026-08-03T18:31:46.184,106.223,landed,,,,,False,,,35.9184062,139.9079523,,,25.44,1012.9043359375,66.8662109375,181.75,26.875,93.0625,1.97,-3.12,0.23,25.625,60.375,79.8125,51,,,,,
2026-08-03T18:31:46.684,106.723,landed,,,,,False,,,35.9184062,139.9079523,,,25.44,1012.9582421875,66.9912109375,162.875,8.6875,98.625,1.24,-5.64,-0.25,40.375,-34.5,-77.3125,51,,,,,
2026-08-03T18:31:47.185,107.224,landed,,,,,False,,,35.9184062,139.9079523,,,25.44,1012.9582421875,66.9912109375,174.375,10.125,96.3125,2.07,-4.31,-0.13,9.5,-30.8125,33.0,51,,,,,
2026-08-03T18:31:47.685,107.724,landed,,,,,False,,,35.9184062,139.9079523,,,25.44,1012.9851953125,67.1044921875,168.5,11.4375,96.9375,1.57,-6.49,-0.3,71.75,-29.0,-126.6875,51,,,,,
2026-08-03T18:31:48.186,108.225,landed,,,,,False,,,35.9184062,139.9079523,,,25.46,1012.909921875,67.15234375,169.1875,11.6875,89.0,2.86,-5.76,-0.14,-10.9375,-8.4375,29.6875,51,,,,,
2026-08-03T18:31:48.686,108.725,landed,,,,,False,,,35.9184062,139.9079523,,,25.46,1012.909921875,67.15234375,176.875,11.9375,102.4375,1.57,-5.71,-0.02,73.625,-25.0625,-74.3125,51,,,,,
2026-08-03T18:31:49.187,109.226,landed,,,,,False,,,35.9184062,139.9079523,,,25.46,1012.936875,67.1630859375,182.75,11.6875,86.1875,2.96,-6.59,0.18,1.8125,-37.0625,39.8125,51,,,,,
2026-08-03T18:31:49.687,109.726,landed,,,,,False,,,35.9184062,139.9079523,,,25.46,1012.936875,67.1630859375,175.0,11.0,96.1875,1.95,-5.87,-0.43,44.375,-110.25,-94.75,51,,,,,
2026-08-03T18:31:50.188,110.227,landed,,,,,False,,,35.9184062,139.9079523,,,25.47,1012.8990625,67.2568359375,188.3125,14.9375,89.25,3.06,-8.01,0.75,-3.0625,-52.625,33.0,51,,,,,
2026-08-03T18:31:50.688,110.727,landed,,,,,False,,,35.9184062,139.9079523,,,25.47,1012.8990625,67.2568359375,181.0,16.875,96.125,2.0,-5.4,0.28,38.125,24.875,-72.4375,51,,,,,
2026-08-03T18:31:51.189,111.228,landed,,,,,False,,,35.9184062,139.9079523,,,22.89,1008.7521875,67.1083984375,192.5625,11.0,90.875,3.3,-7.71,0.47,13.6875,-52.6875,100.8125,51,,,,,
2026-08-03T18:31:51.689,111.728,landed,,,,,False,,,35.9184062,139.9079523,,,22.89,1008.7521875,67.1083984375,200.0,14.5,94.1875,0.14,-7.77,0.02,11.4375,-1.4375,-77.375,51,,,,,
2026-08-03T18:31:52.190,112.229,landed,,,,,False,,,35.9184062,139.9079523,,,21.61,1006.7203515625,67.0283203125,213.875,11.5625,99.75,1.97,-6.51,0.25,-14.1875,81.4375,93.25,51,,,,,
2026-08-03T18:31:52.690,112.729,landed,,,,,False,,,35.9184062,139.9079523,,,21.61,1006.7203515625,67.0283203125,193.9375,15.0625,95.5625,1.19,-7.99,0.23,62.125,-32.6875,-135.5625,51,,,,,
2026-08-03T18:31:53.191,113.230,landed,,,,,False,,,35.9184062,139.9079523,,,25.5,1012.9208203125,67.248046875,203.3125,19.3125,85.875,3.2,-6.75,0.18,-14.125,-8.4375,43.0,51,,,,,
2026-08-03T18:31:53.691,113.730,landed,,,,,False,,,35.9184062,139.9079523,,,25.5,1012.9208203125,67.248046875,193.1875,10.4375,100.25,2.29,-8.0,0.39,63.3125,-51.0,-47.25,51,,,,,
2026-08-03T18:31:54.192,114.231,landed,,,,,False,,,35.9184062,139.9079523,,,25.29,1013.477734375,67.3193359375,200.8125,19.75,93.0,3.04,-10.92,0.18,-18.75,12.75,23.5625,51,,,,,
2026-08-03T18:31:54.692,114.731,landed,,,,,False,,,35.9184062,139.9079523,,,25.29,1013.477734375,67.3193359375,196.125,12.5625,96.1875,3.11,-9.8,0.36,7.0,-21.4375,0.9375,51,,,,,
2026-08-03T18:31:55.193,115.232,landed,,,,,False,,,35.9184062,139.9079523,,,25.5,1012.9208203125,67.361328125,206.375,21.125,92.25,3.18,-10.02,-0.32,-7.875,20.8125,13.375,51,,,,,
2026-08-03T18:31:55.693,115.732,landed,,,,,False,,,35.9184062,139.9079523,,,25.5,1012.9208203125,67.361328125,197.0625,12.0,94.375,3.15,-10.09,0.9,-1.5625,46.0625,22.5625,51,,,,,
2026-08-03T18:31:56.194,116.232,landed,,,,,False,,,35.9184062,139.9079523,,,25.51,1012.883046875,67.3974609375,202.625,20.4375,90.75,2.86,-8.43,0.4,18.5625,20.0625,-1.4375,51,,,,,
2026-08-03T18:31:56.694,116.733,landed,,,,,False,,,35.9184062,139.9079523,,,25.51,1012.883046875,67.3974609375,185.8125,9.375,99.75,3.72,-8.9,0.29,-1.6875,53.1875,34.75,51,,,,,
2026-08-03T18:31:57.195,117.234,landed,,,,,False,,,35.9184062,139.9079523,,,25.51,1012.9453125,67.4326171875,219.9375,23.8125,89.6875,2.96,-13.62,-1.11,19.6875,7.6875,24.1875,51,,,,,
2026-08-03T18:31:57.695,117.734,landed,,,,,False,,,35.9184062,139.9079523,,,25.51,1012.9453125,67.4326171875,193.375,15.625,94.75,3.62,-11.9,-0.39,-37.3125,49.8125,51.875,51,,,,,
2026-08-03T18:31:58.196,118.235,landed,,,,,False,,,35.9184062,139.9079523,,,25.52,1012.8725,67.4326171875,190.9375,24.3125,101.25,3.29,-14.32,-0.88,16.9375,60.5625,8.1875,51,,,,,
2026-08-03T18:31:58.696,118.735,landed,,,,,False,,,35.9184062,139.9079523,,,25.52,1012.8725,67.4326171875,182.125,12.0,94.875,3.89,-13.72,-0.31,-28.375,-19.75,23.4375,51,,,,,
2026-08-03T18:31:59.196,119.235,landed,,,,,False,,,35.9184062,139.9079523,,,25.52,1012.845546875,67.4892578125,194.125,22.1875,94.625,2.1,-10.74,-0.79,-29.3125,11.5625,-13.125,51,,,,,
2026-08-03T18:31:59.697,119.736,landed,,,,,False,,,35.9184062,139.9079523,,,25.52,1012.845546875,67.4892578125,206.1875,17.0,100.0,3.06,-10.03,-0.14,-10.25,-6.25,-34.3125,51,,,,,
2026-08-03T18:32:00.197,120.236,landed,,,,,False,,,35.9184062,139.9079523,,,25.51,1012.883046875,67.533203125,221.375,28.5625,93.1875,2.25,-7.79,-0.86,-6.5,42.3125,-54.4375,51,,,,,
2026-08-03T18:32:00.698,120.737,landed,,,,,False,,,35.9184062,139.9079523,,,25.51,1012.883046875,67.533203125,246.125,16.75,95.8125,3.67,-7.49,0.1,-29.8125,-33.8125,43.9375,51,,,,,
2026-08-03T18:32:01.198,121.237,landed,,,,,False,,,35.9184062,139.9079523,,,25.53,1012.8077734375,67.5810546875,234.875,14.5625,97.625,2.85,-6.5,-0.82,52.8125,-46.6875,-63.0625,51,,,,,
2026-08-03T18:32:01.698,121.737,landed,,,,,False,,,35.9184062,139.9079523,,,25.53,1012.8077734375,67.5810546875,222.125,22.5,95.375,3.78,-9.1,-0.55,110.625,-54.75,54.25,51,,,,,
2026-08-03T18:32:02.199,122.238,landed,,,,,False,,,35.9184062,139.9079523,,,25.6,1012.8673046875,67.546875,187.3125,12.6875,94.9375,3.41,-10.55,-0.14,-24.125,43.125,31.875,51,,,,,
2026-08-03T18:32:02.699,122.738,landed,,,,,False,,,35.9184062,139.9079523,,,25.6,1012.8673046875,67.546875,218.8125,25.0,102.75,1.91,-9.13,-0.53,-62.25,87.875,-5.3125,51,,,,,
2026-08-03T18:32:03.200,123.239,landed,,,,,False,,,35.9184062,139.9079523,,,25.54,1012.7699609375,67.50390625,208.25,8.9375,104.9375,3.28,-15.11,-1.54,8.1875,-15.375,-20.3125,51,,,,,
2026-08-03T18:32:03.700,123.739,landed,,,,,False,,,35.9184062,139.9079523,,,25.54,1012.7699609375,67.50390625,213.75,12.4375,107.0,1.85,-11.27,-0.59,-65.625,-5.5625,-31.375,51,,,,,
2026-08-03T18:32:04.200,124.239,landed,,,,,False,,,35.9184062,139.9079523,,,25.55,1012.813359375,67.470703125,191.0,15.625,94.375,1.6,-9.33,-0.36,42.6875,-72.0625,-66.625,51,,,,,
2026-08-03T18:32:04.705,124.744,landed,,,,,False,,,35.9184062,139.9079523,,,25.55,1012.813359375,67.470703125,163.5625,15.8125,92.625,1.79,-7.38,-0.7,19.25,-99.5625,3.4375,51,,,,,
2026-08-03T18:32:05.205,125.244,landed,,,,,False,,,35.9184062,139.9079523,,,25.56,1012.82140625,67.517578125,161.0,9.3125,94.8125,1.81,-7.52,0.08,47.9375,-71.3125,-57.375,51,,,,,
2026-08-03T18:32:05.706,125.745,landed,,,,,False,,,35.9184062,139.9079523,,,25.56,1012.82140625,67.517578125,137.25,9.9375,98.0,0.92,-6.68,0.27,55.875,-101.0625,-35.0,51,,,,,
2026-08-03T18:32:06.209,126.248,landed,,,,,False,,,35.9184062,139.9079523,,,25.55,1012.7780078125,67.5830078125,126.8125,12.0625,93.375,2.28,-6.69,0.15,53.75,-22.375,32.875,51,,,,,
2026-08-03T18:32:06.715,126.754,landed,,,,,False,,,35.9184062,139.9079523,,,25.55,1012.7780078125,67.5830078125,95.0625,4.5,100.25,1.86,-6.73,0.27,-18.0625,-57.625,-30.0625,51,,,,,
2026-08-03T18:32:07.215,127.254,landed,,,,,False,,,35.9184062,139.9079523,,,25.53,1012.7996875,67.365234375,112.75,13.0,95.5625,2.01,-6.24,0.1,34.3125,41.4375,69.5,51,,,,,
2026-08-03T18:32:07.715,127.754,landed,,,,,False,,,35.9184062,139.9079523,,,25.53,1012.726875,67.716796875,89.875,7.875,96.9375,2.14,-6.08,0.06,87.5,-68.0,-63.0625,51,,,,,
2026-08-03T18:32:08.216,128.255,landed,,,,,False,,,35.9184062,139.9079523,,,25.53,1012.726875,67.716796875,94.625,16.0625,87.75,1.99,-3.64,-0.07,28.6875,89.875,41.875,51,,,,,
2026-08-03T18:32:08.716,128.755,landed,,,,,False,,,35.9184062,139.9079523,,,25.5,1012.7860546875,67.8017578125,68.6875,0.625,99.25,1.26,-5.79,-0.14,22.8125,-32.625,-5.125,51,,,,,
2026-08-03T18:32:09.217,129.256,landed,,,,,False,,,35.9184062,139.9079523,,,25.5,1012.7860546875,67.8017578125,86.875,3.8125,91.5625,2.24,-6.0,0.04,3.75,-22.25,48.375,51,,,,,
2026-08-03T18:32:09.717,129.756,landed,,,,,False,,,35.9184062,139.9079523,,,25.48,1012.8346484375,67.923828125,68.5625,5.75,92.875,1.26,-6.37,-0.78,7.0625,-106.5625,-61.75,51,,,,,
2026-08-03T18:32:10.217,130.256,landed,,,,,False,,,35.9184062,139.9079523,,,25.48,1012.8346484375,67.923828125,74.8125,6.125,94.125,2.46,-5.95,-0.6,-12.875,-63.5625,-38.5625,51,,,,,
2026-08-03T18:32:10.718,130.757,landed,,,,,False,,,35.9184062,139.9079523,,,25.46,1012.8020703125,68.1240234375,53.6875,9.9375,97.625,1.56,-5.92,-0.71,-9.6875,-2.0,-65.5,51,,,,,
2026-08-03T18:32:11.218,131.257,landed,,,,,False,,,35.9184062,139.9079523,,,25.46,1012.8020703125,68.1240234375,67.625,4.9375,92.375,2.43,-6.92,-0.58,-13.875,-21.5625,-11.6875,51,,,,,
2026-08-03T18:32:11.718,131.757,landed,,,,,False,,,35.9184062,139.9079523,,,25.45,1012.8398828125,68.2470703125,70.5625,6.75,97.3125,1.35,-5.1,-0.59,33.1875,-75.875,-40.875,51,,,,,
2026-08-03T18:32:12.219,132.258,landed,,,,,False,,,35.9184062,139.9079523,,,25.45,1012.8398828125,68.2470703125,78.125,7.6875,88.375,1.87,-6.24,-1.02,18.4375,-15.5,19.5,51,,,,,
2026-08-03T18:32:12.719,132.758,landed,,,,,False,,,35.9184062,139.9079523,,,25.45,1012.8398828125,68.4501953125,62.375,2.6875,97.9375,1.34,-7.73,-1.82,15.0,-37.8125,-39.25,51,,,,,
2026-08-03T18:32:13.220,133.259,landed,,,,,False,,,35.9184062,139.9079523,,,25.45,1012.8398828125,68.4501953125,70.9375,10.625,90.875,2.14,-6.47,-1.19,-63.375,20.0625,0.25,51,,,,,
2026-08-03T18:32:13.720,133.759,landed,,,,,False,,,35.9184062,139.9079523,,,25.37,1012.8530859375,68.5302734375,58.1875,8.5625,98.75,1.23,-9.75,-1.32,-69.3125,16.875,-1.0,51,,,,,
2026-08-03T18:32:14.220,134.259,landed,,,,,False,,,35.9184062,139.9079523,,,25.37,1012.8530859375,68.5302734375,90.1875,11.1875,95.4375,3.27,-9.58,-0.71,-34.5,7.3125,3.0,179,,,,,
2026-08-03T18:32:14.721,134.760,landed,,,,,False,,,35.9184062,139.9079523,,,23.68,1010.7259765625,68.498046875,73.375,17.375,95.5625,2.16,-9.17,-0.97,13.125,-20.3125,-28.3125,51,,,,,
2026-08-03T18:32:15.221,135.260,landed,,,,,False,,,35.9184062,139.9079523,,,23.68,1010.7259765625,68.498046875,70.5625,9.4375,92.75,2.3,-7.54,-0.62,-50.8125,-13.75,30.8125,51,,,,,
2026-08-03T18:32:15.722,135.761,landed,,,,,False,,,35.9184062,139.9079523,,,25.35,1012.866328125,68.6611328125,59.25,6.9375,97.6875,1.36,-7.01,-1.04,-32.6875,-63.25,-63.25,51,,,,,
2026-08-03T18:32:16.222,136.261,landed,,,,,False,,,35.9184062,139.9079523,,,25.35,1012.866328125,68.6611328125,65.375,5.6875,94.0,1.31,-6.28,-1.27,47.5,-30.8125,15.8125,51,,,,,
2026-08-03T18:32:16.722,136.761,landed,,,,,False,,,35.9184062,139.9079523,,,23.34,1009.6612890625,68.59375,43.5625,-5.375,97.5,0.83,-4.82,-0.98,19.9375,-7.0625,-39.0,51,,,,,
2026-08-03T18:32:17.223,137.262,landed,,,,,False,,,35.9184062,139.9079523,,,23.34,1009.6612890625,68.59375,57.125,-2.125,99.5,1.23,-7.27,-1.62,83.5,14.3125,-13.375,51,,,,,
2026-08-03T18:32:17.723,137.762,landed,,,,,False,,,35.9184062,139.9079523,,,25.31,1012.8365625,68.7236328125,57.1875,-2.0625,95.9375,0.93,-6.09,-1.1,24.6875,-44.0,-40.0625,51,,,,,
2026-08-03T18:32:18.224,138.263,landed,,,,,False,,,35.9184062,139.9079523,,,25.31,1012.8365625,68.7236328125,55.6875,9.6875,103.125,2.96,-9.49,-1.16,-0.5,20.0,24.0625,51,,,,,
2026-08-03T18:32:18.724,138.763,landed,,,,,False,,,35.9184062,139.9079523,,,25.31,1012.8554296875,68.7451171875,46.3125,1.25,94.75,1.98,-9.04,-1.05,11.375,-35.25,-20.125,51,,,,,
2026-08-03T18:32:19.225,139.263,landed,,,,,False,,,35.9184062,139.9079523,,,25.31,1012.8554296875,68.7451171875,46.0625,7.8125,99.0,2.93,-11.17,-1.6,2.6875,9.625,59.0625,51,,,,,
2026-08-03T18:32:19.725,139.764,landed,,,,,False,,,35.9184062,139.9079523,,,25.3,1012.8204296875,68.7783203125,58.8125,11.25,97.875,3.91,-12.64,-0.66,-23.6875,-14.5625,44.625,51,,,,,
2026-08-03T18:32:20.225,140.264,landed,,,,,False,,,35.9184062,139.9079523,,,25.3,1012.8204296875,68.7783203125,54.0,21.5625,99.5625,2.3,-12.13,-1.7,-42.6875,88.0625,-30.375,51,,,,,
2026-08-03T18:32:20.726,140.765,landed,,,,,False,,,35.9184062,139.9079523,,,25.27,1012.833671875,68.8544921875,59.4375,5.4375,97.9375,3.8,-13.17,-1.2,12.4375,78.0,55.1875,51,,,,,
2026-08-03T18:32:21.226,141.265,landed,,,,,False,,,35.9184062,139.9079523,,,25.27,1012.833671875,68.8544921875,57.0,9.6875,102.75,2.07,-11.83,-1.47,-22.125,-20.125,-22.0625,51,,,,,
2026-08-03T18:32:21.727,141.766,landed,,,,,False,,,35.9184062,139.9079523,,,25.27,1012.887578125,68.8779296875,62.9375,7.1875,96.4375,2.56,-9.64,-0.75,0.5,-11.0625,-0.375,51,,,,,
2026-08-03T18:32:22.227,142.266,landed,,,,,False,,,35.9184062,139.9079523,,,25.27,1012.887578125,68.8779296875,69.375,14.8125,97.5625,1.24,-7.29,-0.71,11.5625,-27.5625,-79.75,51,,,,,
2026-08-03T18:32:22.727,142.766,landed,,,,,False,,,35.9184062,139.9079523,,,25.28,1012.8956640625,68.9111328125,58.125,2.5,97.5625,1.9,-6.7,-1.07,47.875,1.0625,15.4375,51,,,,,
2026-08-03T18:32:23.228,143.267,landed,,,,,False,,,35.9184062,139.9079523,,,25.28,1012.8956640625,68.9111328125,65.125,3.4375,99.125,1.21,-7.82,-0.66,39.5625,-58.6875,-55.0625,51,,,,,
2026-08-03T18:32:23.728,143.767,landed,,,,,False,,,35.9184062,139.9079523,,,25.31,1012.8284765625,68.9140625,58.4375,9.6875,102.125,2.39,-10.63,-0.99,31.4375,36.1875,46.3125,51,,,,,
2026-08-03T18:32:24.229,144.268,landed,,,,,False,,,35.9184062,139.9079523,,,25.31,1012.8284765625,68.9140625,59.25,2.0625,98.4375,2.58,-10.42,-0.63,1.0,3.25,-0.5,51,,,,,
2026-08-03T18:32:24.729,144.768,landed,,,,,False,,,35.9184062,139.9079523,,,25.27,1012.887578125,68.9560546875,72.375,14.1875,101.9375,1.71,-9.81,-0.56,-17.875,63.75,-1.0,51,,,,,
2026-08-03T18:32:25.229,145.268,landed,,,,,False,,,35.9184062,139.9079523,,,25.27,1012.887578125,68.9560546875,60.0625,4.4375,95.875,2.96,-11.57,-1.68,-6.625,74.5625,7.625,51,,,,,
2026-08-03T18:32:25.730,145.769,landed,,,,,False,,,35.9184062,139.9079523,,,25.27,1012.833671875,69.091796875,63.0625,12.1875,105.4375,2.27,-12.07,-1.36,1.25,41.3125,-4.6875,51,,,,,
2026-08-03T18:32:26.230,146.269,landed,,,,,False,,,35.9184062,139.9079523,,,25.27,1012.798671875,69.1474609375,51.5,4.4375,94.25,3.26,-11.92,-1.47,7.125,-28.1875,1.75,51,,,,,
2026-08-03T18:32:26.731,146.770,landed,,,,,False,,,35.9184062,139.9079523,,,25.27,1012.798671875,69.1474609375,58.75,19.75,95.375,1.88,-8.67,-0.69,-11.0,-29.9375,-19.1875,51,,,,,
2026-08-03T18:32:27.231,147.270,landed,,,,,False,,,35.9184062,139.9079523,,,25.26,1012.8441796875,69.236328125,62.0,7.75,91.1875,2.33,-7.49,-0.46,-12.6875,-13.5,10.0,51,,,,,
2026-08-03T18:32:27.732,147.770,landed,,,,,False,,,35.9184062,139.9079523,,,25.26,1012.8441796875,69.236328125,62.125,9.875,97.125,1.62,-6.8,-0.55,21.0,-2.0625,-58.25,51,,,,,
2026-08-03T18:32:28.232,148.271,landed,,,,,False,,,35.9184062,139.9079523,,,25.28,1012.7878515625,69.419921875,54.3125,2.4375,92.1875,1.75,-6.81,-1.28,55.125,-19.5,10.875,51,,,,,
2026-08-03T18:32:28.732,148.771,landed,,,,,False,,,35.9184062,139.9079523,,,25.28,1012.7878515625,69.419921875,73.0,4.5625,98.4375,2.39,-9.89,-0.74,-18.9375,46.125,-29.375,51,,,,,
2026-08-03T18:32:29.233,149.272,landed,,,,,False,,,35.9184062,139.9079523,,,25.28,1012.814765625,69.453125,90.0,17.9375,98.5625,3.08,-8.59,-0.8,-9.75,73.9375,-0.1875,51,,,,,
2026-08-03T18:32:29.733,149.772,landed,,,,,False,,,35.9184062,139.9079523,,,25.28,1012.814765625,69.453125,89.9375,12.5,91.6875,4.01,-12.45,-0.94,-43.3125,-26.5,26.125,51,,,,,
2026-08-03T18:32:30.234,150.273,landed,,,,,False,,,35.9184062,139.9079523,,,25.28,1012.8417578125,69.36328125,69.875,10.375,100.1875,3.61,-11.6,-1.22,-32.625,-38.0625,9.75,51,,,,,
2026-08-03T18:32:30.734,150.773,landed,,,,,False,,,35.9184062,139.9079523,,,25.28,1012.8417578125,69.36328125,91.1875,12.6875,92.625,2.72,-8.27,-0.7,1.5,-67.0,-0.6875,51,,,,,
2026-08-03T18:32:31.234,151.273,landed,,,,,False,,,35.9184062,139.9079523,,,25.27,1012.860625,69.4755859375,75.3125,13.4375,95.9375,1.73,-7.86,-0.58,-14.9375,-5.625,-31.1875,51,,,,,
2026-08-03T18:32:31.735,151.774,landed,,,,,False,,,35.9184062,139.9079523,,,25.27,1012.860625,69.4755859375,85.3125,13.4375,88.6875,2.43,-6.2,-0.77,33.125,23.9375,-17.625,51,,,,,
2026-08-03T18:32:32.235,152.274,landed,,,,,False,,,35.9184062,139.9079523,,,25.26,1012.8630859375,69.5283203125,90.0625,10.4375,95.4375,2.08,-7.06,-0.3,22.1875,-47.75,-40.6875,51,,,,,
2026-08-03T18:32:32.736,152.775,landed,,,,,False,,,35.9184062,139.9079523,,,25.26,1012.8630859375,69.5283203125,97.25,18.125,97.9375,2.64,-8.75,-0.7,4.375,117.625,18.75,51,,,,,
2026-08-03T18:32:33.236,153.275,landed,,,,,False,,,35.9184062,139.9079523,,,22.39,1008.2887890625,69.279296875,85.9375,11.625,95.5625,3.8,-10.08,-0.39,-9.0,-2.75,23.25,51,,,,,
2026-08-03T18:32:33.736,153.775,landed,,,,,False,,,35.9184062,139.9079523,,,22.39,1008.2887890625,69.279296875,90.5625,18.75,97.8125,3.2,-11.8,-0.91,-18.125,10.625,-21.6875,51,,,,,
2026-08-03T18:32:34.237,154.276,landed,,,,,False,,,35.9184062,139.9079523,,,25.28,1012.7878515625,69.3740234375,82.75,14.125,92.9375,3.74,-10.87,-1.07,-1.3125,-40.0625,43.375,51,,,,,
2026-08-03T18:32:34.737,154.776,landed,,,,,False,,,35.9184062,139.9079523,,,25.28,1012.7878515625,69.3740234375,83.25,18.0,94.4375,2.66,-11.19,-1.03,-26.6875,-31.6875,-24.0625,51,,,,,
2026-08-03T18:32:35.238,155.277,landed,,,,,False,,,35.9184062,139.9079523,,,25.27,1013.1031640625,69.318359375,85.6875,11.625,94.875,3.35,-9.24,-0.36,-47.5,-48.4375,4.0,51,,,,,
2026-08-03T18:32:35.738,155.777,landed,,,,,False,,,35.9184062,139.9079523,,,25.27,1013.1031640625,69.318359375,84.5625,19.75,94.125,1.95,-8.71,-0.92,3.125,-33.5625,-45.75,51,,,,,
2026-08-03T18:32:36.238,156.277,landed,,,,,False,,,35.9184062,139.9079523,,,25.25,1012.881953125,69.3701171875,90.75,14.8125,92.5,2.83,-6.41,-0.37,-15.3125,-1.875,2.8125,51,,,,,
2026-08-03T18:32:36.739,156.778,landed,,,,,False,,,35.9184062,139.9079523,,,25.25,1012.881953125,69.3701171875,80.3125,15.5,93.0,1.52,-5.75,-0.74,36.875,-53.875,-42.1875,51,,,,,
2026-08-03T18:32:37.239,157.278,landed,,,,,False,,,35.9184062,139.9079523,,,20.87,1005.8949609375,69.0654296875,86.4375,15.9375,90.375,2.7,-5.19,-0.42,57.9375,43.0625,30.3125,51,,,,,
2026-08-03T18:32:37.740,157.779,landed,,,,,False,,,35.9184062,139.9079523,,,20.87,1005.8949609375,69.0654296875,73.75,10.375,91.6875,2.28,-8.05,-0.32,54.8125,-4.6875,-66.375,51,,,,,
2026-08-03T18:32:38.240,158.279,landed,,,,,False,,,35.9184062,139.9079523,,,25.25,1012.935859375,69.3134765625,96.75,18.375,94.75,3.82,-13.55,-0.61,-41.75,82.625,18.9375,51,,,,,
2026-08-03T18:32:38.741,158.780,landed,,,,,False,,,35.9184062,139.9079523,,,25.25,1012.935859375,69.3134765625,132.25,14.6875,93.1875,3.98,-11.51,-0.76,-43.6875,173.375,11.0,51,,,,,
2026-08-03T18:32:39.241,159.280,landed,,,,,False,,,35.9184062,139.9079523,,,21.46,1006.7616796875,69.0,187.3125,32.125,104.625,5.66,-10.38,-0.65,-39.8125,71.0,-26.9375,51,,,,,
2026-08-03T18:32:39.741,159.780,landed,,,,,False,,,35.9184062,139.9079523,,,21.46,1006.7616796875,69.0,242.625,23.5,83.625,2.8,-7.89,-0.01,-76.1875,181.0,34.625,51,,,,,
2026-08-03T18:32:40.242,160.281,landed,,,,,False,,,35.9184062,139.9079523,,,25.29,1012.911796875,69.18359375,301.375,5.5,104.25,1.47,-11.65,2.69,11.625,60.1875,37.625,51,,,,,
2026-08-03T18:32:40.742,160.781,landed,,,,,False,,,35.9184062,139.9079523,,,25.29,1012.911796875,69.18359375,305.9375,2.3125,47.0625,-0.79,-7.37,6.02,80.875,93.9375,12.75,51,,,,,
2026-08-03T18:32:41.243,161.282,landed,,,,,False,,,35.9184062,139.9079523,,,25.3,1012.9467578125,69.1962890625,309.5,1.0,-8.25,1.95,0.03,10.29,261.75,19.0,-24.375,115,,,,,
2026-08-03T18:32:41.743,161.782,landed,,,,,False,,,35.9184062,139.9079523,,,25.3,1012.9467578125,69.1962890625,309.375,0.625,-12.25,0.46,1.48,9.69,8.5,-0.1875,0.5625,51,,,,,
2026-08-03T18:32:42.244,162.283,landed,,,,,False,,,35.9184062,139.9079523,,,25.32,1012.952421875,69.2109375,317.375,1.875,-10.25,0.53,1.42,9.7,0.0625,0.0625,0.0,51,,,,,
2026-08-03T18:32:42.744,162.783,landed,,,,,False,,,35.9184062,139.9079523,,,25.32,1012.952421875,69.2109375,321.375,2.3125,-9.5625,0.51,1.44,9.69,-0.0625,-0.0625,-0.0625,179,,,,,
2026-08-03T18:32:43.244,163.283,landed,,,,,False,,,35.9184062,139.9079523,,,25.33,1012.8337890625,69.177734375,323.0,2.5,-9.25,0.51,1.42,9.68,-0.0625,-0.125,0.1875,243,,,,,
2026-08-03T18:32:43.745,163.784,landed,,,,,False,,,35.9184062,139.9079523,,,25.33,1012.8337890625,69.177734375,323.75,2.5625,-9.125,0.52,1.43,9.69,-0.0625,0.0,-0.0625,243,,,,,
2026-08-03T18:32:44.245,164.284,landed,,,,,False,,,35.9184062,139.9079523,,,24.98,1012.308984375,69.259765625,323.75,2.625,-9.0625,0.49,1.44,9.69,-0.0625,0.0625,-0.0625,243,,,,,
2026-08-03T18:32:44.746,164.785,landed,,,,,False,,,35.9184062,139.9079523,,,24.98,1012.308984375,69.259765625,323.75,2.625,-9.0625,0.52,1.46,9.73,0.125,-0.0625,0.0,243,,,,,
2026-08-03T18:32:45.248,165.287,landed,,,,,False,,,35.9184062,139.9079523,,,25.37,1012.8716796875,69.353515625,323.75,2.625,-9.0625,0.51,1.46,9.66,0.0,-0.125,-0.0625,243,,,,,
2026-08-03T18:32:45.749,165.788,landed,,,,,False,,,35.9184062,139.9079523,,,25.38,1012.8961328125,69.4462890625,323.75,2.625,-9.0625,0.49,1.45,9.67,-0.0625,0.0,0.0,243,,,,,
2026-08-03T18:32:46.249,166.288,landed,,,,,False,,,35.9184062,139.9079523,,,25.38,1012.8961328125,69.4462890625,323.75,2.625,-9.0625,0.52,1.45,9.7,0.0625,-0.0625,0.0625,243,,,,,
2026-08-03T18:32:46.750,166.789,landed,,,,,False,,,35.9184062,139.9079523,,,25.39,1012.8853515625,69.458984375,323.75,2.625,-9.0625,0.51,1.44,9.7,0.1875,0.0,-0.0625,243,,,,,
2026-08-03T18:32:47.250,167.289,landed,,,,,False,,,35.9184062,139.9079523,,,25.39,1012.8853515625,69.458984375,323.75,2.625,-9.0625,0.5,1.45,9.68,8.0625,0.0,0.0625,243,,,,,
2026-08-03T18:32:47.750,167.789,landed,,,,,False,,,35.9184062,139.9079523,,,25.4,1012.9014453125,69.34765625,323.75,2.625,-9.0625,0.51,1.48,9.69,0.0,0.0625,0.0,243,,,,,
2026-08-03T18:32:48.251,168.290,landed,,,,,False,,,35.9184062,139.9079523,,,25.4,1012.9014453125,69.34765625,323.75,2.625,-9.0625,0.5,1.47,9.66,-0.0625,0.1875,-0.0625,243,,,,,
2026-08-03T18:32:48.751,168.790,landed,,,,,False,,,35.9184062,139.9079523,,,25.41,1012.90984375,69.28125,323.75,2.625,-9.0625,0.52,1.46,9.67,0.0,0.125,0.0,243,,,,,
2026-08-03T18:32:49.252,169.291,landed,,,,,False,,,35.9184062,139.9079523,,,25.41,1012.90984375,69.28125,331.75,2.625,-9.0625,0.5,1.49,9.68,0.0625,0.0625,0.0625,243,,,,,
2026-08-03T18:32:49.752,169.791,landed,,,,,False,,,35.9184062,139.9079523,,,25.42,1012.8720703125,69.21484375,323.75,2.625,-9.0625,0.53,1.47,9.66,0.0,0.0625,-0.0625,243,,,,,
2026-08-03T18:32:50.252,170.291,landed,,,,,False,,,35.9184062,139.9079523,,,25.42,1012.8720703125,69.21484375,323.75,2.625,-9.0625,0.52,1.47,9.7,0.125,-0.0625,-0.0625,243,,,,,
2026-08-03T18:32:50.753,170.792,landed,,,,,False,,,35.9184062,139.9079523,,,25.43,1012.869296875,69.2275390625,323.75,2.625,-9.0625,0.53,1.46,9.66,0.0,-0.1875,-0.125,243,,,,,
2026-08-03T18:32:51.253,171.292,landed,,,,,False,,,35.9184062,139.9079523,,,25.43,1012.869296875,69.2275390625,323.75,2.625,-9.0625,0.51,1.48,9.71,0.0,0.0625,0.0,243,,,,,
2026-08-03T18:32:51.754,171.793,landed,,,,,False,,,35.9184062,139.9079523,,,25.44,1012.85875,69.287109375,323.75,2.625,-9.0625,0.51,1.48,9.65,0.0,0.0625,-0.125,243,,,,,
2026-08-03T18:32:52.254,172.293,landed,,,,,False,,,35.9184062,139.9079523,,,25.44,1012.85875,69.287109375,331.75,2.625,-9.0625,0.51,1.48,9.68,0.0,0.0,0.0625,243,,,,,
2026-08-03T18:32:52.755,172.794,landed,,,,,False,,,35.9184062,139.9079523,,,25.45,1012.8937890625,69.21875,323.75,2.625,-9.0625,0.5,1.48,9.68,0.125,0.0,0.0,243,,,,,
2026-08-03T18:32:53.255,173.294,landed,,,,,False,,,35.9184062,139.9079523,,,25.45,1012.8937890625,69.21875,331.75,2.625,-9.0625,0.5,1.48,9.68,-0.0625,0.0625,-0.125,243,,,,,
2026-08-03T18:32:53.755,173.794,landed,,,,,False,,,35.9184062,139.9079523,,,25.46,1012.8020703125,69.0283203125,323.75,2.625,-9.0625,0.5,1.48,9.66,0.0,0.0625,0.125,243,,,,,
2026-08-03T18:32:54.256,174.295,landed,,,,,False,,,35.9184062,139.9079523,,,25.46,1012.8020703125,69.0283203125,323.75,2.625,-9.0625,0.51,1.47,9.68,0.0625,-0.0625,-0.0625,243,,,,,
2026-08-03T18:32:54.756,174.795,landed,,,,,False,,,35.9184062,139.9079523,,,25.48,1012.8885546875,68.873046875,331.75,2.625,-9.0625,0.52,1.48,9.68,0.0,0.125,-0.1875,243,,,,,
2026-08-03T18:32:55.257,175.296,landed,,,,,False,,,35.9184062,139.9079523,,,25.48,1012.8885546875,68.873046875,323.75,2.625,-9.0625,0.53,1.5,9.68,-0.125,-0.25,-0.125,243,,,,,
2026-08-03T18:32:55.757,175.796,landed,,,,,False,,,35.9184062,139.9079523,,,25.48,1012.8616015625,68.8955078125,323.75,2.625,-9.0625,0.51,1.48,9.66,0.0,-0.125,0.125,243,,,,,
2026-08-03T18:32:56.257,176.296,landed,,,,,False,,,35.9184062,139.9079523,,,25.48,1012.8616015625,68.8955078125,323.75,2.625,-9.0625,0.52,1.48,9.71,-0.0625,0.125,-0.0625,243,,,,,
2026-08-03T18:32:56.758,176.797,landed,,,,,False,,,35.9184062,139.9079523,,,25.47,1012.8532421875,68.9404296875,323.75,2.625,-9.0625,0.51,1.49,9.67,-0.0625,-0.0625,0.0,243,,,,,
2026-08-03T18:32:57.258,177.297,landed,,,,,False,,,35.9184062,139.9079523,,,25.47,1012.8532421875,68.9404296875,323.75,2.625,-9.0625,0.51,1.47,9.71,0.0,0.0,-0.1875,243,,,,,
2026-08-03T18:32:57.759,177.798,landed,,,,,False,,,35.9184062,139.9079523,,,20.19,1004.47140625,68.6826171875,323.75,2.625,-9.0625,0.52,1.47,9.66,0.0625,-0.0625,0.0625,243,,,,,
2026-08-03T18:32:58.259,178.298,landed,,,,,False,,,35.9184062,139.9079523,,,20.19,1004.47140625,68.6826171875,323.75,2.625,-9.0625,0.5,1.48,9.71,0.0625,-0.1875,0.0625,243,,,,,
2026-08-03T18:32:58.760,178.799,landed,,,,,False,,,35.9184062,139.9079523,,,25.5,1012.8669140625,69.0458984375,323.75,2.625,-9.0625,0.51,1.49,9.65,0.0625,-0.0625,-0.0625,243,,,,,
2026-08-03T18:32:59.260,179.299,landed,,,,,False,,,35.9184062,139.9079523,,,25.5,1012.8669140625,69.0458984375,323.75,2.625,-9.0625,0.53,1.48,9.69,0.0,-0.0625,0.0625,243,,,,,
2026-08-03T18:32:59.760,179.799,landed,,,,,False,,,35.9184062,139.9079523,,,25.49,1012.858828125,69.0341796875,323.75,2.625,-9.0625,0.52,1.49,9.68,0.0,0.0,0.0,243,,,,,
2026-08-03T18:33:00.261,180.300,landed,,,,,False,,,35.9184062,139.9079523,,,25.49,1012.858828125,69.0341796875,323.75,2.625,-9.0625,0.51,1.49,9.7,0.0,-0.0625,0.0,243,,,,,
2026-08-03T18:33:00.761,180.800,landed,,,,,False,,,35.9184062,139.9079523,,,25.51,1012.8560546875,69.037109375,323.75,2.625,-9.0625,0.52,1.49,9.67,-0.0625,0.125,0.125,243,,,,,
2026-08-03T18:33:01.262,181.300,landed,,,,,False,,,35.9184062,139.9079523,,,25.51,1012.8560546875,69.037109375,323.75,2.625,-9.0625,0.5,1.49,9.67,0.0625,-0.0625,0.0,243,,,,,
2026-08-03T18:33:01.762,181.801,landed,,,,,False,,,35.9184062,139.9079523,,,25.51,1012.8374609375,69.072265625,323.75,2.625,-9.0625,0.5,1.49,9.67,0.0,0.0,-0.0625,243,,,,,
2026-08-03T18:33:02.262,182.301,landed,,,,,False,,,35.9184062,139.9079523,,,25.51,1012.8374609375,69.072265625,323.75,2.625,-9.0625,0.53,1.5,9.69,0.0625,-0.0625,0.0,243,,,,,
2026-08-03T18:33:02.763,182.802,landed,,,,,False,,,35.9184062,139.9079523,,,25.53,1012.85359375,69.015625,323.75,10.625,-9.0625,0.53,1.49,9.67,0.0625,0.0625,-0.0625,243,,,,,
2026-08-03T18:33:03.263,183.302,landed,,,,,False,,,35.9184062,139.9079523,,,25.53,1012.85359375,69.015625,323.75,2.625,-9.0625,0.52,1.48,9.66,0.0625,0.0625,0.0,243,,,,,
2026-08-03T18:33:03.764,183.803,landed,,,,,False,,,35.9184062,139.9079523,,,25.54,1012.7699609375,68.9619140625,323.75,2.625,-9.0625,0.52,1.49,9.69,0.0625,-0.0625,-0.0625,243,,,,,
2026-08-03T18:33:04.267,184.306,landed,,,,,False,,,35.9184062,139.9079523,,,25.55,1012.831953125,68.951171875,323.75,2.625,-9.0625,0.52,1.49,9.68,0.0,0.0625,0.0,243,,,,,
2026-08-03T18:33:04.767,184.806,landed,,,,,False,,,35.9184062,139.9079523,,,25.55,1012.831953125,68.951171875,323.75,2.625,-9.0625,0.51,1.49,9.69,0.0625,0.125,0.125,243,,,,,
2026-08-03T18:33:05.272,185.311,landed,,,,,False,,,35.9184062,139.9079523,,,25.57,1012.8644921875,69.01171875,331.75,2.625,-9.0625,0.52,1.49,9.68,0.0625,-0.125,-0.125,243,,,,,
2026-08-03T18:33:05.772,185.811,landed,,,,,False,,,35.9184062,139.9079523,,,25.57,1012.8644921875,69.01171875,323.75,10.625,-9.0625,0.51,1.51,9.65,0.0,0.0625,-0.0625,243,,,,,
2026-08-03T18:33:06.273,186.312,landed,,,,,False,,,35.9184062,139.9079523,,,25.56,1012.8294921875,68.9775390625,323.75,2.625,-9.0625,0.53,1.48,9.67,-0.0625,0.0625,-0.0625,243,,,,,
2026-08-03T18:33:06.773,186.812,landed,,,,,False,,,35.9184062,139.9079523,,,25.56,1012.8294921875,68.9775390625,323.75,2.625,-9.0625,0.51,1.5,9.66,0.0,0.125,0.0,243,,,,,
2026-08-03T18:33:07.273,187.312,landed,,,,,False,,,35.9184062,139.9079523,,,25.56,1012.8564453125,68.88671875,323.75,2.625,-9.0625,0.52,1.49,9.71,0.0625,0.0625,-0.1875,243,,,,,
2026-08-03T18:33:07.774,187.813,landed,,,,,False,,,35.9184062,139.9079523,,,25.56,1012.8564453125,68.88671875,323.75,2.625,-9.0625,0.52,1.48,9.63,-0.125,-0.125,-0.125,243,,,,,
2026-08-03T18:33:08.274,188.313,landed,,,,,False,,,35.9184062,139.9079523,,,25.58,1012.9156640625,68.7314453125,323.75,2.625,-9.0625,0.51,1.5,9.67,-0.0625,0.125,0.0625,243,,,,,
2026-08-03T18:33:08.775,188.814,landed,,,,,False,,,35.9184062,139.9079523,,,25.58,1012.9156640625,68.7314453125,323.75,2.625,-9.0625,0.52,1.5,9.65,0.125,0.0625,-0.0625,243,,,,,
2026-08-03T18:33:09.275,189.314,landed,,,,,False,,,35.9184062,139.9079523,,,25.56,1012.8833984375,68.638671875,323.75,2.625,-9.0625,0.51,1.5,9.69,8.0,-0.0625,0.0625,243,,,,,
2026-08-03T18:33:09.776,189.815,landed,,,,,False,,,35.9184062,139.9079523,,,25.56,1012.8833984375,68.638671875,323.75,2.625,-9.0625,0.5,1.5,9.69,0.0625,-0.0625,-0.1875,243,,,,,
2026-08-03T18:33:10.276,190.315,landed,,,,,False,,,35.9184062,139.9079523,,,25.58,1012.888671875,68.6298828125,323.75,2.625,-9.0625,0.52,1.51,9.7,0.0,0.0,-0.0625,243,,,,,
2026-08-03T18:33:10.776,190.815,landed,,,,,False,,,35.9184062,139.9079523,,,25.58,1012.888671875,68.6298828125,323.75,2.625,-9.0625,0.52,1.48,9.65,0.0625,0.0625,0.0625,243,,,,,
2026-08-03T18:33:11.277,191.316,landed,,,,,False,,,35.9184062,139.9079523,,,25.58,1012.888671875,68.6748046875,323.75,2.625,-9.0625,0.53,1.51,9.69,0.0,0.0625,0.0625,243,,,,,
2026-08-03T18:33:11.777,191.816,landed,,,,,False,,,35.9184062,139.9079523,,,25.58,1012.888671875,68.6748046875,323.75,2.625,-9.0625,0.52,1.52,9.67,0.0,0.0,-0.125,243,,,,,
2026-08-03T18:33:12.278,192.317,landed,,,,,False,,,35.9184062,139.9079523,,,25.58,1012.86171875,68.7548828125,323.75,2.625,-9.0625,0.51,1.48,9.68,0.0,-0.0625,0.0625,243,,,,,
2026-08-03T18:33:12.778,192.817,landed,,,,,False,,,35.9184062,139.9079523,,,25.58,1012.86171875,68.7548828125,323.75,2.625,-9.0625,0.51,1.54,9.67,-0.0625,-0.0625,0.0,243,,,,,
2026-08-03T18:33:13.280,193.319,landed,,,,,False,,,35.9184062,139.9079523,,,25.59,1012.9051171875,68.65234375,323.75,2.625,-9.0625,0.5,1.49,9.67,0.0,-0.0625,0.0625,243,,,,,
2026-08-03T18:33:13.780,193.819,landed,,,,,False,,,35.9184062,139.9079523,,,25.59,1012.9051171875,68.65234375,323.75,2.625,-9.0625,0.52,1.5,9.66,0.0625,0.0,-0.0625,243,,,,,
2026-08-03T18:33:14.281,194.320,landed,,,,,False,,,35.9184062,139.9079523,,,25.59,1012.843125,68.6298828125,323.75,2.625,-9.0625,0.54,1.5,9.69,-0.125,0.125,-0.0625,243,,,,,
2026-08-03T18:33:14.781,194.820,landed,,,,,False,,,35.9184062,139.9079523,,,25.59,1012.843125,68.6298828125,323.75,2.625,-9.0625,0.52,1.49,9.65,0.0,0.125,-0.0625,243,,,,,
2026-08-03T18:33:15.281,195.320,landed,,,,,False,,,35.9184062,139.9079523,,,25.59,1012.932109375,68.6748046875,323.75,2.625,-9.0625,0.48,1.53,9.69,0.3125,0.125,0.125,243,,,,,
2026-08-03T18:33:15.782,195.821,landed,,,,,False,,,35.9184062,139.9079523,,,25.59,1012.932109375,68.6748046875,323.75,2.625,-9.0625,0.51,1.53,9.68,-0.0625,0.0625,0.125,243,,,,,
2026-08-03T18:33:16.282,196.321,landed,,,,,False,,,35.9184062,139.9079523,,,25.6,1012.894296875,68.689453125,323.75,2.625,-9.0625,0.49,1.51,9.67,0.0,0.0,-0.1875,243,,,,,
2026-08-03T18:33:16.783,196.822,landed,,,,,False,,,35.9184062,139.9079523,,,25.6,1012.894296875,68.689453125,323.75,2.625,-9.0625,0.54,1.53,9.68,-0.125,-0.0625,0.0625,243,,,,,
2026-08-03T18:33:17.283,197.322,landed,,,,,False,,,35.9184062,139.9079523,,,25.6,1012.92125,68.7685546875,323.75,2.625,-9.0625,0.51,1.53,9.66,0.0,0.0,0.0,243,,,,,
2026-08-03T18:33:17.784,197.823,landed,,,,,False,,,35.9184062,139.9079523,,,25.6,1012.92125,68.7685546875,323.75,2.625,-9.0625,0.52,1.49,9.68,0.0,0.0625,0.0,243,,,,,
2026-08-03T18:33:18.284,198.323,landed,,,,,False,,,35.9184062,139.9079523,,,25.59,1012.9509765625,68.708984375,323.75,2.625,-9.0625,0.51,1.5,9.68,0.0,-0.125,0.0,243,,,,,
2026-08-03T18:33:18.785,198.824,landed,,,,,False,,,35.9184062,139.9079523,,,25.59,1012.9509765625,68.708984375,323.75,2.625,-9.0625,0.53,1.51,9.65,0.125,0.0,0.0,243,,,,,
2026-08-03T18:33:19.285,199.324,landed,,,,,False,,,35.9184062,139.9079523,,,25.59,1012.9051171875,68.6640625,323.75,10.625,-9.0625,0.52,1.49,9.68,0.0625,0.0,-0.125,243,,,,,
2026-08-03T18:33:19.785,199.824,landed,,,,,False,,,35.9184062,139.9079523,,,25.59,1012.9051171875,68.6640625,323.75,2.625,-9.0625,0.52,1.5,9.66,-0.0625,-0.1875,0.0625,243,,,,,
2026-08-03T18:33:20.286,200.325,landed,,,,,False,,,35.9184062,139.9079523,,,25.6,1014.2155078125,68.5537109375,323.75,2.625,-9.0625,0.53,1.53,9.69,0.0625,0.0,-0.0625,243,,,,,
2026-08-03T18:33:20.786,200.825,landed,,,,,False,,,35.9184062,139.9079523,,,25.6,1014.2155078125,68.5537109375,323.75,2.625,-9.0625,0.54,1.51,9.67,0.0,-0.125,0.0,243,,,,,
2026-08-03T18:33:21.287,201.326,landed,,,,,False,,,35.9184062,139.9079523,,,25.58,1012.888671875,68.595703125,323.75,2.625,-9.0625,0.51,1.52,9.68,0.0,0.0625,-0.0625,243,,,,,
2026-08-03T18:33:21.787,201.826,landed,,,,,False,,,35.9184062,139.9079523,,,24.15,1010.6378515625,68.61328125,331.75,2.625,-9.0625,0.52,1.53,9.69,0.0625,0.0,-0.0625,243,,,,,
2026-08-03T18:33:22.288,202.327,landed,,,,,False,,,35.9184062,139.9079523,,,24.15,1010.6378515625,68.61328125,331.75,2.625,-9.0625,1.79,1.52,9.69,-0.0625,0.1875,0.0625,243,,,,,
2026-08-03T18:33:22.788,202.827,landed,,,,,False,,,35.9184062,139.9079523,,,25.58,1013.481875,68.7431640625,323.75,2.625,-9.0625,0.52,1.53,9.68,0.0625,-0.0625,0.0625,243,,,,,
2026-08-03T18:33:23.288,203.327,landed,,,,,False,,,35.9184062,139.9079523,,,25.58,1013.481875,68.7431640625,323.75,2.625,-9.0625,0.53,1.51,9.67,-0.0625,-0.0625,0.0,243,,,,,
2026-08-03T18:33:23.789,203.828,landed,,,,,False,,,35.9184062,139.9079523,,,25.58,1012.853671875,68.900390625,323.75,2.625,-9.0625,0.5,1.51,9.69,0.0625,0.1875,0.0,243,,,,,
2026-08-03T18:33:24.289,204.328,landed,,,,,False,,,35.9184062,139.9079523,,,25.58,1012.853671875,68.900390625,323.75,2.625,-9.0625,0.51,1.52,9.69,0.0625,0.0,0.0,243,,,,,
2026-08-03T18:33:24.790,204.829,landed,,,,,False,,,35.9184062,139.9079523,,,25.57,1012.89953125,68.728515625,323.75,2.625,-9.0625,0.51,1.5,9.68,0.0,0.0625,-0.0625,243,,,,,
2026-08-03T18:33:25.290,205.329,landed,,,,,False,,,35.9184062,139.9079523,,,25.57,1012.89953125,68.728515625,323.75,2.625,-9.0625,0.51,1.52,9.69,0.0625,0.0625,0.0,243,,,,,
2026-08-03T18:33:25.790,205.829,landed,,,,,False,,,35.9184062,139.9079523,,,25.21,1012.3590234375,68.6865234375,323.75,2.625,-9.0625,0.52,1.52,9.65,-0.125,0.0,0.125,243,,,,,
2026-08-03T18:33:26.291,206.330,landed,,,,,False,,,35.9184062,139.9079523,,,25.21,1012.3590234375,68.6865234375,323.75,2.625,-9.0625,0.52,1.54,9.69,0.0,-0.0625,0.125,243,,,,,
2026-08-03T18:33:26.791,206.830,landed,,,,,False,,,35.9184062,139.9079523,,,25.57,1012.8914453125,68.740234375,323.75,2.625,-9.0625,0.53,1.53,9.65,0.0,-0.0625,8.0,243,,,,,
2026-08-03T18:33:27.292,207.331,landed,,,,,False,,,35.9184062,139.9079523,,,25.57,1012.8914453125,68.740234375,323.75,2.625,-9.0625,0.51,1.51,9.69,0.0,0.0,0.1875,243,,,,,
2026-08-03T18:33:27.792,207.831,landed,,,,,False,,,35.9184062,139.9079523,,,25.56,1012.8564453125,68.6162109375,323.75,2.625,-9.0625,0.51,1.52,9.65,0.0625,-0.125,-0.0625,243,,,,,
2026-08-03T18:33:28.292,208.331,landed,,,,,False,,,35.9184062,139.9079523,,,25.56,1012.8564453125,68.6162109375,323.75,2.625,-9.0625,0.52,1.53,9.67,0.0,-0.0625,0.125,243,,,,,
2026-08-03T18:33:28.793,208.832,landed,,,,,False,,,35.9184062,139.9079523,,,25.56,1012.848359375,68.6708984375,323.75,2.625,-9.0625,0.52,1.51,9.64,-0.125,-0.125,-0.0625,243,,,,,
2026-08-03T18:33:29.293,209.332,landed,,,,,False,,,35.9184062,139.9079523,,,25.56,1012.848359375,68.6708984375,323.75,2.625,-9.0625,0.53,1.53,9.7,0.0625,0.0,0.0,243,,,,,
2026-08-03T18:33:29.794,209.833,landed,,,,,False,,,35.9184062,139.9079523,,,25.55,1012.9128125,68.7021484375,323.75,2.625,-9.0625,0.5,1.52,9.69,0.0625,0.25,0.0,243,,,,,
2026-08-03T18:33:30.294,210.333,landed,,,,,False,,,35.9184062,139.9079523,,,25.55,1012.9128125,68.7021484375,323.75,2.625,-9.0625,0.52,1.5,9.7,0.0625,-0.25,0.0625,243,,,,,
2026-08-03T18:33:30.795,210.834,landed,,,,,False,,,35.9184062,139.9079523,,,25.57,1012.8644921875,68.8642578125,323.75,2.625,-9.0625,0.52,1.5,9.67,-0.0625,0.0,-0.0625,243,,,,,
2026-08-03T18:33:31.295,211.334,landed,,,,,False,,,35.9184062,139.9079523,,,25.57,1012.8644921875,68.8642578125,323.75,2.625,-9.0625,0.54,1.55,9.67,0.0,0.0,0.0625,243,,,,,
2026-08-03T18:33:31.795,211.834,landed,,,,,False,,,35.9184062,139.9079523,,,25.56,1012.82140625,68.9765625,323.75,2.625,-9.0625,0.53,1.52,9.67,-0.0625,0.0625,0.0,243,,,,,
2026-08-03T18:33:32.296,212.335,landed,,,,,False,,,35.9184062,139.9079523,,,25.56,1012.82140625,68.9765625,323.75,2.625,-9.0625,0.53,1.53,9.68,-0.0625,-0.1875,0.0625,243,,,,,
2026-08-03T18:33:32.796,212.835,landed,,,,,False,,,35.9184062,139.9079523,,,25.56,1012.848359375,68.919921875,323.75,2.625,-9.0625,0.52,1.51,9.66,0.0,0.25,0.0,243,,,,,
2026-08-03T18:33:33.297,213.336,landed,,,,,False,,,35.9184062,139.9079523,,,25.56,1012.848359375,68.919921875,323.75,2.625,-9.0625,1.82,1.52,9.68,0.0,-0.125,-0.0625,243,,,,,
2026-08-03T18:33:33.797,213.836,landed,,,,,False,,,35.9184062,139.9079523,,,25.56,1012.8753515625,68.86328125,323.75,2.625,-9.0625,0.52,1.52,9.7,0.0625,-0.0625,0.0,243,,,,,
2026-08-03T18:33:34.298,214.337,landed,,,,,False,,,35.9184062,139.9079523,,,25.56,1012.8753515625,68.86328125,323.75,2.625,-9.0625,0.52,1.51,9.67,0.125,0.25,0.0,243,,,,,
2026-08-03T18:33:34.799,214.838,landed,,,,,False,,,35.9184062,139.9079523,,,25.56,1012.8564453125,68.8193359375,323.75,2.625,-9.0625,0.52,1.52,9.67,0.0,-0.0625,-0.0625,243,,,,,
2026-08-03T18:33:35.299,215.338,landed,,,,,False,,,35.9184062,139.9079523,,,25.56,1012.8564453125,68.8193359375,323.75,2.625,-9.0625,0.53,1.52,9.68,0.0,-0.0625,-0.0625,243,,,,,
2026-08-03T18:33:35.799,215.838,landed,,,,,False,,,35.9184062,139.9079523,,,25.56,1012.9103515625,68.7744140625,323.75,2.625,-9.0625,0.52,1.53,9.68,-0.0625,-0.125,0.0625,243,,,,,
2026-08-03T18:33:36.300,216.339,landed,,,,,False,,,35.9184062,139.9079523,,,25.56,1012.9103515625,68.7744140625,323.75,2.625,-9.0625,0.51,1.52,9.67,0.0625,0.125,-0.0625,243,,,,,
2026-08-03T18:33:36.800,216.839,landed,,,,,False,,,35.9184062,139.9079523,,,25.22,1012.28625,68.6416015625,323.75,2.625,-9.0625,0.51,1.52,9.65,-0.0625,0.0625,0.0625,243,,,,,
2026-08-03T18:33:37.301,217.340,landed,,,,,False,,,35.9184062,139.9079523,,,25.22,1012.28625,68.6416015625,323.75,2.625,-9.0625,0.52,1.52,9.69,0.0,0.125,0.0,243,,,,,
2026-08-03T18:33:37.801,217.840,landed,,,,,False,,,35.9184062,139.9079523,,,25.57,1012.8644921875,68.58203125,323.75,2.625,-9.0625,0.51,1.52,9.67,0.0,0.0,0.125,243,,,,,
2026-08-03T18:33:38.301,218.340,landed,,,,,False,,,35.9184062,139.9079523,,,25.57,1012.8644921875,68.58203125,323.75,2.625,-9.0625,0.51,1.53,9.68,-0.0625,0.0,0.1875,243,,,,,
2026-08-03T18:33:38.802,218.841,landed,,,,,False,,,35.9184062,139.9079523,,,25.58,1012.888671875,68.55078125,323.75,2.625,-9.0625,0.52,1.52,9.65,0.0,-0.0625,0.0,243,,,,,
2026-08-03T18:33:39.302,219.341,landed,,,,,False,,,35.9184062,139.9079523,,,25.58,1012.888671875,68.55078125,323.75,10.625,-9.0625,0.51,1.53,9.68,0.0625,-0.125,0.125,243,,,,,
2026-08-03T18:33:39.815,219.854,landed,,,,,False,,,35.9184062,139.9079523,,,25.58,1012.888671875,68.5283203125,323.75,2.625,-9.0625,0.53,1.51,9.64,0.0,-0.0625,0.0625,243,,,,,
2026-08-03T18:33:40.315,220.354,landed,,,,,False,,,35.9184062,139.9079523,,,25.58,1012.888671875,68.5283203125,323.75,2.625,-9.0625,0.51,1.53,9.68,0.0,0.0,0.125,243,,,,,
2026-08-03T18:33:40.816,220.855,landed,,,,,False,,,35.9184062,139.9079523,,,25.58,1012.7997265625,68.5498046875,323.75,2.625,-9.0625,0.51,1.52,9.71,0.0625,0.125,-0.0625,243,,,,,
2026-08-03T18:33:41.316,221.355,landed,,,,,False,,,35.9184062,139.9079523,,,25.58,1012.834765625,68.595703125,323.75,2.625,-9.0625,0.52,1.53,9.66,-0.0625,0.0625,0.125,243,,,,,
2026-08-03T18:33:41.816,221.855,landed,,,,,False,,,35.9184062,139.9079523,,,25.58,1012.834765625,68.595703125,323.75,2.625,-9.0625,0.53,1.53,9.68,0.125,-0.125,0.0625,243,,,,,
2026-08-03T18:33:42.317,222.356,landed,,,,,False,,,35.9184062,139.9079523,,,25.57,1013.0882421875,68.638671875,323.75,2.625,-9.0625,0.53,1.53,9.69,0.0,0.0,0.1875,243,,,,,
2026-08-03T18:33:42.817,222.856,landed,,,,,False,,,35.9184062,139.9079523,,,25.57,1013.0882421875,68.638671875,323.75,2.625,-9.0625,0.51,1.51,9.68,0.0625,0.0,0.0,243,,,,,
2026-08-03T18:33:43.318,223.357,landed,,,,,False,,,35.9184062,139.9079523,,,25.57,1012.8725390625,68.853515625,323.75,2.625,-9.0625,0.53,1.51,9.64,0.0,-0.0625,-0.0625,243,,,,,
2026-08-03T18:33:43.818,223.857,landed,,,,,False,,,35.9184062,139.9079523,,,25.57,1012.8725390625,68.853515625,323.75,2.625,-9.0625,0.52,1.52,9.67,0.0625,0.0625,-0.125,243,,,,,
2026-08-03T18:33:44.319,224.358,landed,,,,,False,,,35.9184062,139.9079523,,,20.26,1004.5311328125,68.513671875,323.75,2.625,-9.0625,1.8,1.5,9.65,0.0,0.0,0.0,243,,,,,
2026-08-03T18:33:44.819,224.858,landed,,,,,False,,,35.9184062,139.9079523,,,20.26,1004.5311328125,68.513671875,323.75,2.625,-9.0625,0.51,1.52,9.69,0.125,0.125,-0.0625,243,,,,,
2026-08-03T18:33:45.319,225.358,landed,,,,,False,,,35.9184062,139.9079523,,,25.58,1012.888671875,68.9013671875,323.75,10.625,-9.0625,0.51,1.53,9.68,0.0625,0.0,-0.0625,243,,,,,
2026-08-03T18:33:45.820,225.859,landed,,,,,False,,,35.9184062,139.9079523,,,25.58,1012.888671875,68.9013671875,323.75,2.625,-9.0625,0.51,1.53,9.67,0.0625,-0.0625,0.0625,243,,,,,
2026-08-03T18:33:46.320,226.359,landed,,,,,False,,,35.9184062,139.9079523,,,25.58,1012.888671875,68.822265625,323.75,2.625,-9.0625,0.53,1.55,9.7,-0.0625,0.0625,0.0,243,,,,,
2026-08-03T18:33:46.821,226.860,landed,,,,,False,,,35.9184062,139.9079523,,,25.58,1012.888671875,68.822265625,323.75,2.625,-9.0625,0.51,1.51,9.66,0.0625,-0.0625,0.1875,243,,,,,
2026-08-03T18:33:47.321,227.360,landed,,,,,False,,,35.9184062,139.9079523,,,25.61,1012.9293359375,68.74609375,323.75,2.625,-9.0625,0.54,1.53,9.66,-0.0625,0.0,0.0,243,,,,,
2026-08-03T18:33:47.821,227.860,landed,,,,,False,,,35.9184062,139.9079523,,,25.61,1012.9293359375,68.74609375,323.75,2.625,-9.0625,0.51,1.53,9.66,0.125,0.0,0.0,243,,,,,
2026-08-03T18:33:48.322,228.361,landed,,,,,False,,,35.9184062,139.9079523,,,25.6,1012.8592578125,68.7333984375,323.75,2.625,-9.0625,0.53,1.52,9.66,0.0625,0.0,0.0,243,,,,,
2026-08-03T18:33:48.822,228.861,landed,,,,,False,,,35.9184062,139.9079523,,,25.6,1012.8592578125,68.7333984375,323.75,2.625,-9.0625,0.53,1.54,9.68,0.0625,0.125,0.0,243,,,,,
2026-08-03T18:33:49.323,229.362,landed,,,,,False,,,35.9184062,139.9079523,,,25.6,1012.92125,68.6552734375,323.75,2.625,-9.0625,0.53,1.53,9.7,0.0,0.0,-0.0625,243,,,,,
2026-08-03T18:33:49.823,229.862,landed,,,,,False,,,35.9184062,139.9079523,,,25.6,1012.92125,68.6552734375,323.75,2.625,-9.0625,0.53,1.54,9.68,0.0,-0.125,0.25,243,,,,,
2026-08-03T18:33:50.324,230.363,landed,,,,,False,,,35.9184062,139.9079523,,,25.6,1012.894296875,68.576171875,323.75,2.625,-9.0625,0.53,1.51,9.67,0.0625,0.125,0.0625,243,,,,,
2026-08-03T18:33:50.824,230.863,landed,,,,,False,,,35.9184062,139.9079523,,,25.6,1012.894296875,68.576171875,323.75,2.625,-9.0625,0.52,1.53,9.69,0.125,-0.0625,0.0625,243,,,,,
2026-08-03T18:33:51.324,231.363,landed,,,,,False,,,35.9184062,139.9079523,,,25.61,1012.9373828125,68.56640625,323.75,2.625,-9.0625,0.52,1.53,9.67,0.0625,0.0625,-0.125,243,,,,,
2026-08-03T18:33:51.825,231.864,landed,,,,,False,,,35.9184062,139.9079523,,,25.61,1012.9373828125,68.56640625,323.75,2.625,-9.0625,0.49,1.55,9.68,0.0,0.0,0.0,243,,,,,
2026-08-03T18:33:52.325,232.364,landed,,,,,False,,,35.9184062,139.9079523,,,25.61,1012.8834375,68.56640625,323.75,2.625,-9.0625,0.5,1.54,9.67,0.1875,-0.0625,0.0,243,,,,,
2026-08-03T18:33:52.826,232.865,landed,,,,,False,,,35.9184062,139.9079523,,,25.61,1012.8834375,68.56640625,323.75,2.625,-9.0625,0.53,1.53,9.72,0.0,-0.0625,0.1875,243,,,,,
2026-08-03T18:33:53.326,233.365,landed,,,,,False,,,35.9184062,139.9079523,,,25.61,1012.856484375,68.578125,323.75,2.625,-9.0625,0.48,1.52,9.69,0.125,8.125,-0.1875,243,,,,,
2026-08-03T18:33:53.827,233.866,landed,,,,,False,,,35.9184062,139.9079523,,,25.61,1012.856484375,68.578125,323.75,2.625,-9.0625,0.51,1.51,9.68,-0.125,0.0625,-0.0625,243,,,,,
2026-08-03T18:33:54.327,234.366,landed,,,,,False,,,35.9184062,139.9079523,,,25.6,1012.8403515625,68.677734375,323.75,2.625,-9.0625,1.8,1.55,9.67,0.125,0.0625,-0.0625,243,,,,,
2026-08-03T18:33:54.827,234.866,landed,,,,,False,,,35.9184062,139.9079523,,,25.6,1012.8403515625,68.677734375,323.75,2.625,-9.0625,0.52,1.5,9.66,-0.0625,-0.0625,0.0625,243,,,,,
2026-08-03T18:33:55.328,235.367,landed,,,,,False,,,35.9184062,139.9079523,,,25.59,1012.843125,68.6865234375,323.75,2.625,-9.0625,0.53,1.54,9.64,0.125,0.0625,-0.1875,243,,,,,
2026-08-03T18:33:55.828,235.867,landed,,,,,False,,,35.9184062,139.9079523,,,25.59,1012.843125,68.6865234375,323.75,2.625,-9.0625,0.53,1.57,9.67,0.3125,0.0,-0.0625,243,,,,,
2026-08-03T18:33:56.329,236.367,landed,,,,,False,,,35.9184062,139.9079523,,,25.6,1012.8592578125,68.7783203125,323.75,2.625,-9.0625,0.55,1.54,9.68,-0.1875,0.125,0.0625,243,,,,,
2026-08-03T18:33:56.829,236.868,landed,,,,,False,,,35.9184062,139.9079523,,,25.6,1012.8592578125,68.7783203125,323.75,2.625,-9.0625,0.53,1.57,9.66,-0.1875,-0.0625,0.0,243,,,,,
2026-08-03T18:33:57.329,237.368,landed,,,,,False,,,35.9184062,139.9079523,,,25.59,1012.78921875,68.7998046875,323.75,2.625,-9.0625,0.53,1.54,9.68,0.0,0.0,0.0625,243,,,,,
2026-08-03T18:33:57.830,237.869,landed,,,,,False,,,35.9184062,139.9079523,,,25.59,1012.78921875,68.7998046875,323.75,2.625,-9.0625,0.54,1.54,9.67,-0.1875,0.0,-0.0625,243,,,,,
2026-08-03T18:33:58.330,238.369,landed,,,,,False,,,35.9184062,139.9079523,,,25.58,1012.86171875,68.7314453125,323.75,2.625,-9.0625,0.52,1.56,9.63,0.0625,-0.1875,0.125,243,,,,,
2026-08-03T18:33:58.831,238.870,landed,,,,,False,,,35.9184062,139.9079523,,,25.58,1012.86171875,68.7314453125,323.75,2.625,-9.0625,0.52,1.54,9.67,-0.0625,-0.0625,0.0625,243,,,,,
2026-08-03T18:33:59.331,239.370,landed,,,,,False,,,35.9184062,139.9079523,,,25.58,1012.834765625,68.65234375,323.75,2.625,-9.0625,0.52,1.55,9.68,0.125,-0.125,-0.0625,243,,,,,
2026-08-03T18:33:59.832,239.871,landed,,,,,False,,,35.9184062,139.9079523,,,25.57,1012.8644921875,68.7744140625,323.75,2.625,-9.0625,0.52,1.52,9.67,-0.0625,-0.0625,0.0,243,,,,,
2026-08-03T18:34:00.332,240.371,landed,,,,,False,,,35.9184062,139.9079523,,,25.57,1012.8644921875,68.7744140625,323.75,2.625,-9.0625,0.51,1.53,9.66,0.0,0.0,0.0,243,,,,,
2026-08-03T18:34:00.832,240.871,landed,,,,,False,,,35.9184062,139.9079523,,,25.56,1012.794453125,68.794921875,323.75,2.625,-9.0625,0.51,1.56,9.67,0.0,0.0,0.0,243,,,,,
2026-08-03T18:34:01.333,241.372,landed,,,,,False,,,35.9184062,139.9079523,,,25.56,1012.794453125,68.794921875,323.75,2.625,-9.0625,0.52,1.55,9.67,0.0,-0.25,0.0,243,,,,,
2026-08-03T18:34:01.833,241.872,landed,,,,,False,,,35.9184062,139.9079523,,,25.55,1012.867265625,68.828125,323.75,2.625,-9.0625,0.52,1.54,9.69,0.0,0.0625,0.0625,243,,,,,
2026-08-03T18:34:02.334,242.373,landed,,,,,False,,,35.9184062,139.9079523,,,25.55,1012.867265625,68.828125,323.75,2.625,-9.0625,0.52,1.53,9.66,-0.0625,0.0625,-0.125,243,,,,,
2026-08-03T18:34:02.834,242.873,landed,,,,,False,,,35.9184062,139.9079523,,,25.56,1012.848359375,68.8291015625,323.75,2.625,-9.0625,0.51,1.56,9.65,0.0625,0.0,0.0,243,,,,,
2026-08-03T18:34:03.335,243.374,landed,,,,,False,,,35.9184062,139.9079523,,,25.56,1012.848359375,68.8291015625,323.75,2.625,-9.0625,0.51,1.55,9.66,8.0,0.0,0.0625,243,,,,,
2026-08-03T18:34:03.835,243.874,landed,,,,,False,,,35.9184062,139.9079523,,,25.56,1012.8753515625,68.8740234375,323.75,2.625,-9.0625,0.5,1.55,9.68,0.0625,-0.1875,0.125,243,,,,,
2026-08-03T18:34:04.335,244.374,landed,,,,,False,,,35.9184062,139.9079523,,,25.56,1012.8753515625,68.8740234375,323.75,2.625,-9.0625,0.52,1.53,9.67,0.125,0.0,-0.0625,243,,,,,
2026-08-03T18:34:04.836,244.875,landed,,,,,False,,,35.9184062,139.9079523,,,25.55,1013.2716796875,68.9404296875,323.75,2.625,-9.0625,0.52,1.55,9.7,0.125,0.125,0.0,243,,,,,
2026-08-03T18:34:05.336,245.375,landed,,,,,False,,,35.9184062,139.9079523,,,25.55,1013.2716796875,68.9404296875,323.75,2.625,-9.0625,0.52,1.52,9.65,-0.0625,-0.0625,-0.125,243,,,,,
2026-08-03T18:34:05.837,245.876,landed,,,,,False,,,35.9184062,139.9079523,,,25.53,1012.8346875,68.84765625,323.75,2.625,-9.0625,0.52,1.54,9.66,0.0625,0.0,0.0,243,,,,,
2026-08-03T18:34:06.337,246.376,landed,,,,,False,,,35.9184062,139.9079523,,,25.53,1012.8346875,68.84765625,323.75,2.625,-9.0625,0.53,1.54,9.68,0.0,0.1875,0.0,243,,,,,
2026-08-03T18:34:06.837,246.876,landed,,,,,False,,,35.9184062,139.9079523,,,21.32,1006.159921875,68.4638671875,323.75,2.625,-9.0625,0.53,1.55,9.69,0.125,0.1875,0.0625,243,,,,,
2026-08-03T18:34:07.345,247.384,landed,,,,,False,,,35.9184062,139.9079523,,,21.32,1006.159921875,68.4638671875,323.75,2.625,-9.0625,0.52,1.55,9.67,0.0,-0.0625,0.0625,243,,,,,
2026-08-03T18:34:07.838,247.877,landed,,,,,False,,,35.9184062,139.9079523,,,25.21,1012.3509375,68.7646484375,323.75,2.625,-9.0625,0.51,1.53,9.67,-0.0625,0.0,0.0625,243,,,,,
2026-08-03T18:34:08.339,248.378,landed,,,,,False,,,35.9184062,139.9079523,,,25.21,1012.3509375,68.7646484375,323.75,2.625,-9.0625,0.53,1.54,9.66,0.0625,-0.0625,0.0625,243,,,,,
2026-08-03T18:34:08.839,248.878,landed,,,,,False,,,35.9184062,139.9079523,,,25.52,1012.845546875,68.90234375,331.75,2.625,-9.0625,0.51,1.54,9.68,0.125,-0.125,0.0625,243,,,,,
2026-08-03T18:34:09.340,249.379,landed,,,,,False,,,35.9184062,139.9079523,,,25.52,1012.845546875,68.90234375,323.75,2.625,-9.0625,0.54,1.56,9.66,-0.0625,0.0,8.0,243,,,,,
2026-08-03T18:34:09.840,249.879,landed,,,,,False,,,35.9184062,139.9079523,,,25.53,1012.8616796875,68.9716796875,323.75,2.625,-9.0625,0.51,1.54,9.66,0.0,0.0625,0.0625,243,,,,,
2026-08-03T18:34:10.340,250.379,landed,,,,,False,,,35.9184062,139.9079523,,,25.53,1012.8616796875,68.9716796875,323.75,2.625,-9.0625,0.53,1.54,9.68,0.0,0.0625,-0.125,243,,,,,
2026-08-03T18:34:10.841,250.880,landed,,,,,False,,,35.9184062,139.9079523,,,25.53,1012.8616796875,68.9833984375,323.75,2.625,-9.0625,0.52,1.53,9.67,0.0,0.125,0.0,243,,,,,
2026-08-03T18:34:11.341,251.380,landed,,,,,False,,,35.9184062,139.9079523,,,25.53,1012.8616796875,68.9833984375,323.75,2.625,-9.0625,0.5,1.53,9.69,0.0,-0.0625,-0.125,243,,,,,
2026-08-03T18:34:11.842,251.881,landed,,,,,False,,,35.9184062,139.9079523,,,25.53,1012.9075390625,68.9365234375,323.75,2.625,-9.0625,0.5,1.56,9.68,0.0,-0.25,-0.0625,243,,,,,
2026-08-03T18:34:12.342,252.381,landed,,,,,False,,,35.9184062,139.9079523,,,25.53,1012.9075390625,68.9365234375,323.75,2.625,-9.0625,0.53,1.56,9.67,0.0,0.0,-0.0625,243,,,,,
2026-08-03T18:34:12.843,252.882,landed,,,,,False,,,35.9184062,139.9079523,,,25.52,1012.8994921875,69.02734375,323.75,2.625,-9.0625,0.52,1.54,9.68,0.0625,0.0625,0.0,243,,,,,
2026-08-03T18:34:13.343,253.382,landed,,,,,False,,,35.9184062,139.9079523,,,25.52,1012.8994921875,69.02734375,323.75,2.625,-9.0625,0.51,1.54,9.66,0.0,0.0625,-0.0625,243,,,,,
2026-08-03T18:34:13.843,253.882,landed,,,,,False,,,35.9184062,139.9079523,,,25.53,1012.9075390625,69.1630859375,323.75,2.625,-9.0625,0.54,1.55,9.67,0.0,0.125,0.0,243,,,,,
2026-08-03T18:34:14.344,254.383,landed,,,,,False,,,35.9184062,139.9079523,,,25.53,1012.9075390625,69.1630859375,323.75,2.625,-9.0625,0.51,1.56,9.63,0.0625,0.0625,-0.0625,243,,,,,
2026-08-03T18:34:14.844,254.883,landed,,,,,False,,,35.9184062,139.9079523,,,25.53,1012.8616796875,69.005859375,323.75,2.625,-9.0625,0.52,1.54,9.69,0.0,0.125,0.0625,243,,,,,
2026-08-03T18:34:15.345,255.384,landed,,,,,False,,,35.9184062,139.9079523,,,25.53,1012.8616796875,69.005859375,323.75,2.625,-9.0625,0.53,1.54,9.67,-0.0625,-0.125,0.125,243,,,,,
2026-08-03T18:34:15.845,255.884,landed,,,,,False,,,35.9184062,139.9079523,,,25.53,1012.9075390625,68.869140625,323.75,2.625,-9.0625,0.51,1.53,9.67,-0.0625,-0.0625,0.0625,243,,,,,
2026-08-03T18:34:16.345,256.384,landed,,,,,False,,,35.9184062,139.9079523,,,25.53,1012.9075390625,68.869140625,323.75,2.625,-9.0625,0.54,1.52,9.7,0.0625,-0.0625,0.0625,243,,,,,
2026-08-03T18:34:16.846,256.885,landed,,,,,False,,,35.9184062,139.9079523,,,25.52,1012.8725,68.8125,323.75,2.625,-9.0625,1.79,1.54,9.68,-0.0625,0.0625,0.0,243,,,,,
2026-08-03T18:34:17.346,257.385,landed,,,,,False,,,35.9184062,139.9079523,,,25.52,1012.8725,68.8125,323.75,2.625,-9.0625,0.51,1.55,9.68,8.0,0.0,0.0625,243,,,,,
2026-08-03T18:34:17.847,257.886,landed,,,,,False,,,35.9184062,139.9079523,,,25.54,1012.8427734375,68.7587890625,323.75,2.625,-9.0625,0.52,1.54,9.69,0.0,-0.0625,0.0,243,,,,,
2026-08-03T18:34:18.347,258.386,landed,,,,,False,,,35.9184062,139.9079523,,,25.54,1012.8427734375,68.7587890625,323.75,2.625,-9.0625,0.52,1.55,9.67,0.0,0.125,0.0625,243,,,,,
2026-08-03T18:34:18.848,258.887,landed,,,,,False,,,35.9184062,139.9079523,,,25.44,1012.723984375,68.8916015625,323.75,2.625,-9.0625,0.53,1.53,9.67,0.0,0.0,0.125,243,,,,,
2026-08-03T18:34:19.348,259.387,landed,,,,,False,,,35.9184062,139.9079523,,,25.54,1012.904765625,68.724609375,323.75,2.625,-9.0625,0.52,1.54,9.7,0.0,0.0625,0.0,243,,,,,
2026-08-03T18:34:19.848,259.887,landed,,,,,False,,,35.9184062,139.9079523,,,25.54,1012.904765625,68.724609375,323.75,2.625,-9.0625,0.5,1.53,9.68,-0.125,-0.0625,0.0,243,,,,,
2026-08-03T18:34:20.349,260.388,landed,,,,,False,,,35.9184062,139.9079523,,,25.54,1012.89671875,68.7138671875,323.75,2.625,-9.0625,0.54,1.57,9.66,0.125,0.0625,-0.0625,243,,,,,
2026-08-03T18:34:20.849,260.888,landed,,,,,False,,,35.9184062,139.9079523,,,25.54,1012.89671875,68.7138671875,323.75,2.625,-9.0625,0.52,1.57,9.67,0.0625,0.125,-0.0625,243,,,,,
2026-08-03T18:34:21.350,261.389,landed,,,,,False,,,35.9184062,139.9079523,,,25.52,1012.8725,68.7900390625,323.75,2.625,-9.0625,0.51,1.54,9.68,0.0625,-0.1875,0.125,243,,,,,
2026-08-03T18:34:21.850,261.889,landed,,,,,False,,,35.9184062,139.9079523,,,25.52,1012.8725,68.7900390625,323.75,2.625,-9.0625,0.54,1.52,9.67,0.0,0.0625,-0.0625,243,,,,,
2026-08-03T18:34:22.350,262.389,landed,,,,,False,,,35.9184062,139.9079523,,,25.54,1012.8778125,68.8154296875,323.75,2.625,-9.0625,0.53,1.54,9.66,0.0,0.0,0.0625,243,,,,,
2026-08-03T18:34:22.851,262.890,landed,,,,,False,,,35.9184062,139.9079523,,,25.54,1012.8778125,68.8154296875,331.75,2.625,-9.0625,0.5,1.54,9.68,0.0625,0.0,0.0625,243,,,,,
2026-08-03T18:34:23.351,263.390,landed,,,,,False,,,35.9184062,139.9079523,,,25.54,1012.8697265625,68.8486328125,323.75,2.625,-9.0625,0.52,1.56,9.65,0.0625,0.0,0.0,243,,,,,
2026-08-03T18:34:23.852,263.891,landed,,,,,False,,,35.9184062,139.9079523,,,25.54,1012.8697265625,68.8486328125,323.75,2.625,-9.0625,0.52,1.54,9.67,0.0,-0.0625,0.0,243,,,,,
2026-08-03T18:34:24.352,264.391,landed,,,,,False,,,35.9184062,139.9079523,,,25.54,1012.8778125,68.99609375,323.75,2.625,-9.0625,0.51,1.55,9.65,0.0,-0.0625,-0.0625,243,,,,,
2026-08-03T18:34:24.853,264.892,landed,,,,,False,,,35.9184062,139.9079523,,,25.54,1012.8778125,68.99609375,323.75,2.625,-9.0625,0.52,1.54,9.7,-0.0625,-0.125,-0.125,243,,,,,
2026-08-03T18:34:25.353,265.392,landed,,,,,False,,,35.9184062,139.9079523,,,25.55,1012.885859375,69.0634765625,323.75,2.625,-9.0625,0.5,1.53,9.68,0.0,0.0625,0.0625,243,,,,,
2026-08-03T18:34:25.853,265.892,landed,,,,,False,,,35.9184062,139.9079523,,,25.55,1012.885859375,69.0634765625,323.75,2.625,-9.0625,0.52,1.55,9.66,-0.0625,0.0,0.125,243,,,,,
2026-08-03T18:34:26.354,266.393,deploying,,,,,False,,,35.9184062,139.9079523,,,25.56,1012.9023046875,68.9990234375,323.75,2.625,-9.0625,0.52,1.54,9.67,0.0625,0.0,-0.0625,243,,,,,
2026-08-03T18:34:26.854,266.893,deploying,,,,,False,,,35.9184062,139.9079523,,,25.56,1012.9023046875,68.9990234375,323.75,2.625,-9.0625,0.52,1.55,9.68,8.0625,-0.0625,0.0,179,,stopped,0.0,0.0,
2026-08-03T18:34:27.355,267.394,deploying,,,,,False,,,35.9184062,139.9079523,,,25.56,1013.8459765625,69.0439453125,320.3125,2.625,-9.0625,0.53,1.54,9.68,0.0,-0.0625,0.0625,179,,stopped,0.0,0.0,
2026-08-03T18:34:27.855,267.894,deploying,,,,,False,,,35.9184062,139.9079523,,,25.56,1013.8459765625,69.0439453125,317.75,2.625,-9.0625,0.51,1.56,9.7,-0.0625,0.0,0.0,243,,stopped,0.0,0.0,
2026-08-03T18:34:28.356,268.395,deploying,,,,,False,,,35.9184062,139.9079523,,,25.56,1012.9103515625,69.01171875,317.3125,2.625,-9.0625,0.51,1.55,9.65,-0.0625,-0.125,0.0625,243,,stopped,0.0,0.0,
2026-08-03T18:34:28.856,268.895,deploying,,,,,False,,,35.9184062,139.9079523,,,25.56,1012.9103515625,69.01171875,317.0,2.625,-9.0625,0.54,1.52,9.68,-0.0625,0.0625,0.0625,243,,stopped,0.0,0.0,
2026-08-03T18:34:29.356,269.395,deploying,,,,,False,,,35.9184062,139.9079523,,,23.64,1009.7819140625,69.021484375,317.0,2.625,-9.0625,0.53,1.53,9.68,-0.125,0.0625,0.125,243,,stopped,0.0,0.0,
2026-08-03T18:34:29.857,269.896,deploying,,,,,False,,,35.9184062,139.9079523,,,23.64,1009.7819140625,69.021484375,313.875,2.3125,-2.25,-0.1,-2.54,9.53,228.375,-0.3125,-5.9375,243,,stopped,0.0,0.0,
2026-08-03T18:34:30.357,270.396,deploying,,,,,False,,,35.9184062,139.9079523,,,25.58,1012.82671875,69.05859375,312.875,2.75,-8.3125,0.44,1.34,9.72,-0.75,0.125,-0.1875,179,,stopped,0.0,0.0,
2026-08-03T18:34:30.858,270.897,deploying,,,,,False,,,35.9184062,139.9079523,,,25.58,1012.82671875,69.05859375,310.9375,2.75,-8.3125,0.58,1.46,9.69,0.0625,-0.0625,0.125,179,,stopped,0.0,0.0,
2026-08-03T18:34:31.358,271.397,deploying,,,,,False,,,35.9184062,139.9079523,,,25.57,1012.89953125,69.0341796875,316.75,2.75,-8.3125,0.56,1.45,9.72,0.0,-0.0625,0.0,243,,stopped,0.0,0.0,
2026-08-03T18:34:31.859,271.898,deploying,,,,,False,,,35.9184062,139.9079523,,,25.57,1012.89953125,69.0341796875,308.1875,2.75,-8.3125,0.56,1.48,9.69,-0.0625,0.0625,0.125,243,,stopped,0.0,0.0,
2026-08-03T18:34:32.359,272.398,deploying,,,,,False,,,35.9184062,139.9079523,,,25.57,1012.8725390625,69.1357421875,307.75,2.75,-8.3125,0.56,1.45,9.71,0.0625,0.1875,0.0,243,,stopped,0.0,0.0,
2026-08-03T18:34:32.865,272.904,deploying,,,,,False,,,35.9184062,139.9079523,,,25.57,1012.8725390625,69.1357421875,307.75,2.75,-8.3125,0.55,1.44,9.7,0.0625,0.0,0.0,243,,stopped,0.0,0.0,
2026-08-03T18:34:33.368,273.407,deploying,,,,,False,,,35.9184062,139.9079523,,,25.57,1012.8725390625,69.1806640625,307.75,2.75,-8.3125,0.56,1.44,9.67,-0.125,-0.125,0.0,243,,stopped,0.0,0.0,
2026-08-03T18:34:33.868,273.907,deploying,,,,,False,,,35.9184062,139.9079523,,,25.57,1012.8725390625,69.1806640625,307.75,2.75,-8.3125,0.56,1.44,9.68,0.0625,-0.125,-0.0625,243,,stopped,0.0,0.0,
2026-08-03T18:34:34.369,274.408,deploying,,,,,False,,,35.9184062,139.9079523,,,25.57,1012.89953125,69.0458984375,307.75,2.75,-8.3125,0.56,1.46,9.69,-0.0625,0.0,-0.125,243,,stopped,0.0,0.0,
2026-08-03T18:34:34.869,274.908,deploying,,,,,False,,,35.9184062,139.9079523,,,25.57,1012.89953125,69.0458984375,315.75,2.75,-8.3125,0.57,1.46,9.71,0.125,-0.0625,0.0,243,,stopped,0.0,0.0,
2026-08-03T18:34:35.369,275.408,deploying,,,,,False,,,35.9184062,139.9079523,,,25.58,1012.834765625,68.8564453125,307.75,2.75,-8.3125,0.57,1.46,9.7,0.0,0.125,-0.1875,243,,stopped,0.0,0.0,
2026-08-03T18:34:35.870,275.909,deploying,,,,,False,,,35.9184062,139.9079523,,,25.58,1012.834765625,68.8564453125,307.75,2.75,-8.3125,0.55,1.48,9.7,0.0625,0.0,0.0625,243,,stopped,0.0,0.0,
2026-08-03T18:34:36.370,276.409,deploying,,,,,False,,,35.9184062,139.9079523,,,25.59,1012.870078125,68.7314453125,307.75,2.75,-8.3125,0.56,1.45,9.69,0.0625,0.0,0.125,243,,stopped,0.0,0.0,
2026-08-03T18:34:36.871,276.910,deploying,,,,,False,,,35.9184062,139.9079523,,,25.59,1012.870078125,68.7314453125,307.75,2.75,-8.3125,0.56,1.46,9.7,0.0625,0.0,-0.0625,243,,stopped,0.0,0.0,
2026-08-03T18:34:37.371,277.410,deploying,,,,,False,,,35.9184062,139.9079523,,,25.6,1012.92125,68.53125,307.75,2.75,-8.3125,0.55,1.44,9.7,-0.0625,-0.0625,0.125,243,,stopped,0.0,0.0,
2026-08-03T18:34:37.871,277.910,deploying,,,,,False,,,35.9184062,139.9079523,,,25.61,1012.8483984375,68.701171875,307.75,2.75,-8.3125,0.56,1.45,9.68,0.0,0.0,0.125,243,,stopped,0.0,0.0,
2026-08-03T18:34:38.372,278.411,deploying,,,,,False,,,35.9184062,139.9079523,,,25.61,1012.8483984375,68.701171875,307.75,2.75,-8.3125,0.57,1.47,9.69,0.0,0.1875,0.0625,243,,stopped,0.0,0.0,
2026-08-03T18:34:38.872,278.911,deploying,,,,,False,,,35.9184062,139.9079523,,,25.6,1012.894296875,68.74609375,315.75,2.75,-8.3125,0.55,1.46,9.69,0.125,-0.0625,-0.125,243,,stopped,0.0,0.0,
2026-08-03T18:34:39.372,279.411,deploying,,,,,False,,,35.9184062,139.9079523,,,25.6,1012.894296875,68.74609375,307.75,2.75,-8.3125,0.56,1.45,9.69,0.0625,0.125,-0.0625,243,,stopped,0.0,0.0,
2026-08-03T18:34:39.873,279.912,deploying,,,,,False,,,35.9184062,139.9079523,,,25.61,1012.856484375,68.8603515625,307.75,2.75,-8.3125,0.56,1.45,9.69,0.0,0.0,0.0625,243,,stopped,0.0,0.0,
2026-08-03T18:34:40.373,280.412,deploying,,,,,False,,,35.9184062,139.9079523,,,25.61,1012.856484375,68.8603515625,307.75,2.75,-8.3125,0.56,1.47,9.68,-0.0625,0.0625,0.0,243,,stopped,0.0,0.0,
2026-08-03T18:34:40.874,280.913,deploying,,,,,False,,,35.9184062,139.9079523,,,25.61,1012.875390625,68.84765625,307.75,2.75,-8.3125,0.55,1.46,9.66,0.125,0.0625,0.0625,243,,stopped,0.0,0.0,
2026-08-03T18:34:41.374,281.413,deploying,,,,,False,,,35.9184062,139.9079523,,,25.61,1012.875390625,68.84765625,307.75,2.75,-8.3125,0.56,1.47,9.69,0.0625,-0.125,-0.0625,243,,stopped,0.0,0.0,
2026-08-03T18:34:41.875,281.914,deploying,,,,,False,,,35.9184062,139.9079523,,,25.61,1012.8483984375,68.7685546875,307.75,2.75,-8.3125,0.57,1.46,9.66,-0.0625,0.0625,-0.125,243,,stopped,0.0,0.0,
2026-08-03T18:34:42.375,282.414,deploying,,,,,False,,,35.9184062,139.9079523,,,25.61,1012.8483984375,68.7685546875,307.75,2.75,-8.3125,0.55,1.47,9.67,-0.0625,-0.0625,0.0,243,,stopped,0.0,0.0,
2026-08-03T18:34:42.875,282.914,deploying,,,,,False,,,35.9184062,139.9079523,,,25.61,1012.910390625,68.7470703125,307.75,2.75,-8.3125,0.55,1.47,9.7,0.0625,0.0625,-0.125,243,,stopped,0.0,0.0,
2026-08-03T18:34:43.376,283.415,deploying,,,,,False,,,35.9184062,139.9079523,,,25.61,1012.910390625,68.7470703125,307.75,2.75,-8.3125,0.55,1.48,9.69,0.0625,0.0,0.0625,243,,stopped,0.0,0.0,
2026-08-03T18:34:43.876,283.915,deploying,,,,,False,,,35.9184062,139.9079523,,,25.61,1012.9373828125,68.6904296875,307.75,2.75,-8.3125,0.55,1.45,9.68,0.125,0.0,0.125,243,,stopped,0.0,0.0,
2026-08-03T18:34:44.377,284.416,deploying,,,,,False,,,35.9184062,139.9079523,,,25.61,1012.9373828125,68.6904296875,307.75,2.75,-8.3125,0.58,1.48,9.69,0.0625,0.0,-0.125,243,,stopped,0.0,0.0,
2026-08-03T18:34:44.877,284.916,deploying,,,,,False,,,35.9184062,139.9079523,,,25.61,1012.8834375,68.6796875,307.75,2.75,-8.3125,0.56,1.49,9.67,0.0625,-0.125,0.0625,243,,stopped,0.0,0.0,
2026-08-03T18:34:45.377,285.416,deploying,,,,,False,,,35.9184062,139.9079523,,,25.61,1012.8834375,68.6796875,315.75,2.75,-8.3125,0.58,1.47,9.68,0.1875,-0.0625,0.0625,243,,stopped,0.0,0.0,
2026-08-03T18:34:45.878,285.917,deploying,,,,,False,,,35.9184062,139.9079523,,,25.62,1012.891484375,68.837890625,307.75,2.75,-8.3125,0.57,1.46,9.71,-0.125,0.1875,-0.125,243,,stopped,0.0,0.0,
2026-08-03T18:34:46.378,286.417,deploying,,,,,False,,,35.9184062,139.9079523,,,25.62,1012.891484375,68.837890625,307.75,2.75,-8.3125,0.56,1.47,9.68,0.0625,0.125,0.0625,243,,stopped,0.0,0.0,
2026-08-03T18:34:46.879,286.918,deploying,,,,,False,,,35.9184062,139.9079523,,,25.62,1012.8998828125,68.861328125,307.75,2.75,-8.3125,0.56,1.48,9.7,0.125,-0.1875,0.0,243,,stopped,0.0,0.0,
2026-08-03T18:34:47.379,287.418,deploying,,,,,False,,,35.9184062,139.9079523,,,25.62,1012.8998828125,68.861328125,307.75,2.75,-8.3125,0.57,1.47,9.67,0.125,0.125,-0.0625,243,,stopped,0.0,0.0,
2026-08-03T18:34:47.879,287.918,deploying,,,,,False,,,35.9184062,139.9079523,,,25.63,1012.8809765625,68.8173828125,307.75,2.75,-8.3125,0.57,1.47,9.66,0.0,-0.0625,0.0,243,,stopped,0.0,0.0,
2026-08-03T18:34:48.380,288.419,deploying,,,,,False,,,35.9184062,139.9079523,,,25.63,1012.8809765625,68.8173828125,307.75,2.75,-8.3125,0.55,1.46,9.68,0.0,-0.1875,-0.1875,243,,stopped,0.0,0.0,
2026-08-03T18:34:48.880,288.919,deploying,,,,,False,,,35.9184062,139.9079523,,,25.62,1012.8998828125,68.759765625,307.75,2.75,-8.3125,0.56,1.47,9.71,0.0,0.0625,-0.125,243,,stopped,0.0,0.0,
2026-08-03T18:34:49.380,289.419,deploying,,,,,False,,,35.9184062,139.9079523,,,25.62,1012.8998828125,68.759765625,307.75,2.75,-8.3125,0.55,1.46,9.69,8.0,0.0625,-0.0625,243,,stopped,0.0,0.0,
2026-08-03T18:34:49.881,289.920,deploying,,,,,False,,,35.9184062,139.9079523,,,25.28,1013.434609375,68.62890625,307.75,2.75,-8.3125,0.56,1.48,9.69,0.0,0.0625,0.0,243,,stopped,0.0,0.0,
2026-08-03T18:34:50.381,290.420,deploying,,,,,False,,,35.9184062,139.9079523,,,25.28,1013.434609375,68.62890625,307.75,2.75,-8.3125,0.55,1.47,9.69,0.0,-0.0625,0.0,243,,stopped,0.0,0.0,
2026-08-03T18:34:50.882,290.921,deploying,,,,,False,,,35.9184062,139.9079523,,,25.63,1012.8620703125,68.6826171875,307.75,2.75,-8.3125,0.58,1.46,9.68,0.0625,0.125,0.0,243,,stopped,0.0,0.0,
2026-08-03T18:34:51.382,291.421,deploying,,,,,False,,,35.9184062,139.9079523,,,25.63,1012.8620703125,68.6826171875,307.75,2.75,-8.3125,0.55,1.47,9.68,-0.0625,-0.0625,0.0,243,,stopped,0.0,0.0,
2026-08-03T18:34:51.882,291.921,deploying,,,,,False,,,35.9184062,139.9079523,,,20.4,1004.5890234375,68.412109375,307.75,2.75,-8.3125,0.55,1.48,9.7,0.0,0.125,-0.0625,243,,stopped,0.0,0.0,
2026-08-03T18:34:52.383,292.422,deploying,,,,,False,,,35.9184062,139.9079523,,,20.4,1004.5890234375,68.412109375,315.75,2.75,-8.3125,0.57,1.48,9.67,-0.0625,0.0,0.0,243,,stopped,0.0,0.0,
2026-08-03T18:34:52.883,292.922,deploying,,,,,False,,,35.9184062,139.9079523,,,25.61,1012.856484375,68.6904296875,307.75,2.75,-8.3125,0.56,1.46,9.69,-0.0625,0.0,0.0,243,,stopped,0.0,0.0,
2026-08-03T18:34:53.384,293.423,deploying,,,,,False,,,35.9184062,139.9079523,,,25.61,1012.856484375,68.6904296875,307.75,2.75,-8.3125,0.55,1.48,9.69,0.0,0.0,-0.0625,243,,stopped,0.0,0.0,
2026-08-03T18:34:53.884,293.923,deploying,,,,,False,,,35.9184062,139.9079523,,,25.62,1012.86453125,68.56640625,307.75,2.75,-8.3125,0.57,1.48,9.69,0.0,0.0625,-0.125,243,,stopped,0.0,0.0,
2026-08-03T18:34:54.385,294.424,deploying,,,,,False,,,35.9184062,139.9079523,,,25.62,1012.86453125,68.56640625,307.75,2.75,-8.3125,0.57,1.47,9.7,8.0,0.0625,-0.0625,243,,stopped,0.0,0.0,
2026-08-03T18:34:54.885,294.924,deploying,,,,,False,,,35.9184062,139.9079523,,,25.62,1012.8459375,68.5673828125,307.75,2.75,-8.3125,0.55,1.48,9.69,0.0625,0.125,0.125,243,,stopped,0.0,0.0,
2026-08-03T18:34:55.385,295.424,deploying,,,,,False,,,35.9184062,139.9079523,,,25.62,1012.8459375,68.5673828125,307.75,2.75,-8.3125,0.58,1.47,9.68,0.0625,0.0625,0.0,243,,stopped,0.0,0.0,
2026-08-03T18:34:55.886,295.925,deploying,,,,,False,,,35.9184062,139.9079523,,,25.62,1012.86453125,68.939453125,307.75,2.75,-8.3125,0.56,1.48,9.68,0.0,0.0625,0.0,243,,stopped,0.0,0.0,
2026-08-03T18:34:56.386,296.425,deploying,,,,,False,,,35.9184062,139.9079523,,,25.62,1012.86453125,68.8037109375,307.75,2.75,-8.3125,0.56,1.46,9.68,0.0625,0.0625,-0.0625,243,,stopped,0.0,0.0,
2026-08-03T18:34:56.887,296.926,deploying,,,,,False,,,35.9184062,139.9079523,,,25.62,1012.86453125,68.8037109375,307.75,2.75,-8.3125,0.56,1.46,9.68,-0.0625,0.125,-0.125,243,,stopped,0.0,0.0,
2026-08-03T18:34:57.387,297.426,deploying,,,,,False,,,35.9184062,139.9079523,,,25.62,1012.8998828125,68.7255859375,307.75,2.75,-8.3125,0.56,1.48,9.69,-0.0625,0.0625,-0.125,243,,stopped,0.0,0.0,
2026-08-03T18:34:57.887,297.926,deploying,,,,,False,,,35.9184062,139.9079523,,,25.62,1012.8998828125,68.7255859375,307.75,2.75,-8.3125,0.56,1.46,9.67,0.0,0.0625,0.0625,243,,stopped,0.0,0.0,
2026-08-03T18:34:58.388,298.427,deploying,,,,,False,,,35.9184062,139.9079523,,,25.61,1012.856484375,68.78125,307.75,2.75,-8.3125,0.55,1.47,9.71,-0.0625,-0.125,0.0625,243,,stopped,0.0,0.0,
2026-08-03T18:34:58.888,298.927,deploying,,,,,False,,,35.9184062,139.9079523,,,25.61,1012.856484375,68.78125,307.75,2.75,-8.3125,0.55,1.47,9.7,0.0,0.0,-0.0625,243,,stopped,0.0,0.0,
2026-08-03T18:34:59.389,299.427,deploying,,,,,False,,,35.9184062,139.9079523,,,25.61,1012.82953125,68.8037109375,307.75,2.75,-8.3125,0.56,1.49,9.69,0.0625,0.0625,0.0,243,,stopped,0.0,0.0,
2026-08-03T18:34:59.889,299.928,deploying,,,,,False,,,35.9184062,139.9079523,,,25.61,1012.82953125,68.8037109375,307.75,2.75,-8.3125,0.57,1.44,9.68,-0.0625,-0.0625,-0.0625,243,,stopped,0.0,0.0,
2026-08-03T18:35:00.389,300.428,deploying,,,,,False,,,35.9184062,139.9079523,,,25.42,1012.6375,68.80859375,307.75,2.75,-8.3125,0.57,1.46,9.69,0.0,0.0,0.0,243,,stopped,0.0,0.0,
2026-08-03T18:35:00.890,300.929,deploying,,,,,False,,,35.9184062,139.9079523,,,25.42,1012.6375,68.80859375,307.75,2.75,-8.3125,0.55,1.48,9.69,0.0,0.0625,-0.0625,243,,stopped,0.0,0.0,
2026-08-03T18:35:01.390,301.429,deploying,,,,,False,,,35.9184062,139.9079523,,,25.62,1012.891484375,68.8828125,307.75,2.75,-8.3125,0.55,1.48,9.69,0.0,0.1875,0.0,243,,stopped,0.0,0.0,
2026-08-03T18:35:01.891,301.930,deploying,,,,,False,,,35.9184062,139.9079523,,,25.62,1012.891484375,68.8828125,307.75,2.75,-8.3125,0.55,1.47,9.66,0.0625,0.0625,0.0625,243,,stopped,0.0,0.0,
2026-08-03T18:35:02.391,302.430,deploying,,,,,False,,,35.9184062,139.9079523,,,25.62,1012.891484375,68.837890625,307.75,2.75,-8.3125,0.55,1.46,9.69,-0.125,-0.0625,0.0,243,,stopped,0.0,0.0,
2026-08-03T18:35:02.891,302.930,deploying,,,,,False,,,35.9184062,139.9079523,,,25.62,1012.891484375,68.837890625,307.75,2.75,-8.3125,0.58,1.48,9.66,-0.0625,0.0625,0.125,243,,stopped,0.0,0.0,
2026-08-03T18:35:03.392,303.431,deploying,,,,,False,,,35.9184062,139.9079523,,,25.61,1012.82953125,68.7470703125,307.75,2.75,-8.3125,0.56,1.46,9.7,-0.125,-0.0625,-0.0625,243,,stopped,0.0,0.0,
2026-08-03T18:35:03.892,303.931,deploying,,,,,False,,,35.9184062,139.9079523,,,25.61,1012.82953125,68.7470703125,307.75,2.75,-8.3125,0.57,1.46,9.68,0.0625,0.125,-0.0625,243,,stopped,0.0,0.0,
2026-08-03T18:35:04.393,304.432,deploying,,,,,False,,,35.9184062,139.9079523,,,25.63,1012.8809765625,68.693359375,307.75,2.75,-8.3125,1.83,1.48,9.68,0.0625,0.0625,-0.0625,243,,stopped,0.0,0.0,
2026-08-03T18:35:04.893,304.932,deploying,,,,,False,,,35.9184062,139.9079523,,,25.63,1012.8809765625,68.693359375,307.75,2.75,-8.3125,0.54,1.48,9.68,-0.0625,0.0,-0.0625,243,,stopped,0.0,0.0,
2026-08-03T18:35:05.393,305.432,deploying,,,,,False,,,35.9184062,139.9079523,,,25.63,1012.8620703125,68.63671875,307.75,2.75,-8.3125,0.55,1.48,9.67,0.0625,0.0,0.125,243,,stopped,0.0,0.0,
2026-08-03T18:35:05.894,305.933,deploying,,,,,False,,,35.9184062,139.9079523,,,25.63,1012.8620703125,68.63671875,307.75,2.75,-8.3125,0.55,1.48,9.68,0.0,0.1875,-0.0625,243,,stopped,0.0,0.0,
2026-08-03T18:35:06.394,306.433,deploying,,,,,False,,,35.9184062,139.9079523,,,25.64,1012.9321484375,68.6162109375,307.75,2.75,-8.3125,0.53,1.47,9.69,0.0625,0.0625,0.0625,243,,stopped,0.0,0.0,
2026-08-03T18:35:06.894,306.933,deploying,,,,,False,,,35.9184062,139.9079523,,,25.64,1012.9321484375,68.6162109375,307.75,2.75,-8.3125,0.56,1.47,9.68,0.125,0.0625,-0.125,243,,stopped,0.0,0.0,
2026-08-03T18:35:07.403,307.442,deploying,,,,,False,,,35.9184062,139.9079523,,,25.64,1012.8701171875,68.751953125,307.75,2.75,-8.3125,0.55,1.47,9.66,-0.125,-0.125,0.0625,243,,stopped,0.0,0.0,
2026-08-03T18:35:07.904,307.943,deploying,,,,,False,,,35.9184062,139.9079523,,,25.64,1012.8701171875,68.751953125,307.75,2.75,-8.3125,0.55,1.47,9.7,0.0,-0.125,0.0,243,,stopped,0.0,0.0,
2026-08-03T18:35:08.411,308.450,deploying,,,,,False,,,35.9184062,139.9079523,,,25.65,1012.9212890625,68.7412109375,307.75,2.75,-8.3125,0.57,1.46,9.66,0.0625,0.0625,0.1875,243,,stopped,0.0,0.0,
2026-08-03T18:35:08.905,308.944,deploying,,,,,False,,,35.9184062,139.9079523,,,25.65,1012.9212890625,68.7412109375,307.75,2.75,-8.3125,0.55,1.45,9.69,0.0625,0.25,0.0,243,,stopped,0.0,0.0,
2026-08-03T18:35:09.406,309.445,deploying,,,,,False,,,35.9184062,139.9079523,,,25.65,1013.0021875,68.6962890625,307.75,2.75,-8.3125,0.56,1.48,9.72,0.0625,0.0,0.0,243,,stopped,0.0,0.0,
2026-08-03T18:35:09.906,309.945,deploying,,,,,False,,,35.9184062,139.9079523,,,25.65,1013.0021875,68.6962890625,307.75,2.75,-8.3125,0.56,1.49,9.69,0.125,-0.125,0.0,243,,stopped,0.0,0.0,
2026-08-03T18:35:10.406,310.445,deploying,,,,,False,,,35.9184062,139.9079523,,,25.64,1012.878203125,68.5478515625,307.75,2.75,-8.3125,0.56,1.46,9.65,0.0625,-0.125,0.0,243,,stopped,0.0,0.0,
2026-08-03T18:35:10.907,310.946,deploying,,,,,False,,,35.9184062,139.9079523,,,25.64,1012.878203125,68.5478515625,307.75,2.75,-8.3125,0.56,1.49,9.7,8.0625,0.125,0.0,243,,stopped,0.0,0.0,
2026-08-03T18:35:11.407,311.446,deploying,,,,,False,,,35.9184062,139.9079523,,,25.46,1012.5864453125,68.4970703125,307.75,2.75,-8.3125,0.55,1.48,9.67,0.0625,-0.25,0.0625,243,,stopped,0.0,0.0,
2026-08-03T18:35:11.908,311.947,deploying,,,,,False,,,35.9184062,139.9079523,,,25.46,1012.5864453125,68.4970703125,307.75,2.75,-8.3125,0.56,1.47,9.72,0.0,-0.0625,0.0625,243,,stopped,0.0,0.0,
2026-08-03T18:35:12.408,312.447,deploying,,,,,False,,,35.9184062,139.9079523,,,25.66,1012.9646875,68.4716796875,307.75,2.75,-8.3125,1.84,1.47,9.68,0.0,0.1875,-0.0625,243,,stopped,0.0,0.0,
2026-08-03T18:35:12.908,312.947,deploying,,,,,False,,,35.9184062,139.9079523,,,25.66,1012.9646875,68.4716796875,307.75,2.75,-8.3125,0.55,1.47,9.7,0.0,-0.1875,0.125,243,,stopped,0.0,0.0,
2026-08-03T18:35:13.409,313.448,deploying,,,,,False,,,35.9184062,139.9079523,,,25.66,1012.9026953125,68.44921875,307.75,2.75,-8.3125,0.54,1.49,9.69,0.0,0.0625,0.0625,243,,stopped,0.0,0.0,
2026-08-03T18:35:13.909,313.948,deploying,,,,,False,,,35.9184062,139.9079523,,,25.66,1012.9026953125,68.44921875,307.75,2.75,-8.3125,0.58,1.48,9.69,0.0,0.0,-0.125,243,,stopped,0.0,0.0,
2026-08-03T18:35:14.410,314.449,deploying,,,,,False,,,35.9184062,139.9079523,,,25.66,1012.8568359375,68.4375,307.75,2.75,-8.3125,0.56,1.47,9.7,0.0,-0.125,0.0,243,,stopped,0.0,0.0,
2026-08-03T18:35:14.910,314.949,deploying,,,,,False,,,35.9184062,139.9079523,,,25.68,1012.9080078125,68.373046875,307.75,2.75,-8.3125,0.55,1.48,9.69,0.0,0.0625,0.0,243,,stopped,0.0,0.0,
2026-08-03T18:35:15.411,315.450,deploying,,,,,False,,,35.9184062,139.9079523,,,25.68,1012.9080078125,68.373046875,307.75,2.75,-8.3125,0.56,1.48,9.7,0.0,-0.125,0.125,243,,stopped,0.0,0.0,
2026-08-03T18:35:15.911,315.950,deploying,,,,,False,,,35.9184062,139.9079523,,,22.02,1007.3410546875,68.166015625,307.75,10.75,-8.3125,0.57,1.47,9.69,0.0,0.0625,-0.0625,243,,stopped,0.0,0.0,
2026-08-03T18:35:16.411,316.450,deploying,,,,,False,,,35.9184062,139.9079523,,,22.02,1007.3410546875,68.166015625,307.75,2.75,-8.3125,0.55,1.48,9.67,0.0,0.0625,-0.125,243,,stopped,0.0,0.0,
2026-08-03T18:35:16.912,316.951,deploying,,,,,False,,,35.9184062,139.9079523,,,25.68,1012.9160546875,68.3291015625,307.75,2.75,-8.3125,0.57,1.47,9.69,8.0,0.0625,-0.0625,243,,stopped,0.0,0.0,
2026-08-03T18:35:17.412,317.451,deploying,,,,,False,,,35.9184062,139.9079523,,,25.68,1012.9160546875,68.3291015625,307.75,2.75,-8.3125,0.58,1.46,9.68,-0.125,0.0,0.0,243,,stopped,0.0,0.0,
2026-08-03T18:35:17.913,317.952,deploying,,,,,False,,,35.9184062,139.9079523,,,25.67,1012.9538671875,68.2919921875,307.75,2.75,-8.3125,0.57,1.48,9.69,0.0625,0.0,0.0625,243,,stopped,0.0,0.0,
2026-08-03T18:35:18.414,318.453,deploying,,,,,False,,,35.9184062,139.9079523,,,25.67,1012.9538671875,68.2919921875,307.75,2.75,-8.3125,0.55,1.46,9.7,0.0625,-0.0625,-0.0625,243,,stopped,0.0,0.0,
2026-08-03T18:35:18.915,318.954,deploying,,,,,False,,,35.9184062,139.9079523,,,25.67,1012.9269140625,68.2802734375,307.75,2.75,-8.3125,0.55,1.47,9.68,0.0,0.0,-0.125,243,,stopped,0.0,0.0,
2026-08-03T18:35:19.415,319.454,deploying,,,,,False,,,35.9184062,139.9079523,,,25.67,1012.9269140625,68.2802734375,307.75,2.75,-8.3125,0.55,1.49,9.67,-0.0625,0.0625,-0.125,243,,stopped,0.0,0.0,
2026-08-03T18:35:19.915,319.954,deploying,,,,,False,,,35.9184062,139.9079523,,,25.67,1012.9808203125,68.2919921875,307.75,2.75,-8.3125,0.56,1.46,9.68,0.0,0.0625,-0.125,243,,stopped,0.0,0.0,
2026-08-03T18:35:20.416,320.455,deploying,,,,,False,,,35.9184062,139.9079523,,,25.67,1012.9808203125,68.2919921875,307.75,2.75,-8.3125,0.56,1.46,9.68,0.0625,0.0,0.0625,243,,stopped,0.0,0.0,
2026-08-03T18:35:20.916,320.955,deploying,,,,,False,,,35.9184062,139.9079523,,,25.69,1012.9594140625,68.240234375,307.75,2.75,-8.3125,0.55,1.47,9.67,0.0,0.0625,0.125,243,,stopped,0.0,0.0,
2026-08-03T18:35:21.428,321.467,deploying,,,,,False,,,35.9184062,139.9079523,,,25.69,1012.9594140625,68.240234375,307.75,2.75,-8.3125,0.55,1.47,9.68,0.0625,-0.0625,-0.0625,243,,stopped,0.0,0.0,
2026-08-03T18:35:21.928,321.967,deploying,,,,,False,,,35.9184062,139.9079523,,,25.71,1012.87578125,68.20703125,307.75,2.75,-8.3125,0.55,1.47,9.7,0.0,0.0625,0.0625,243,,stopped,0.0,0.0,
2026-08-03T18:35:22.429,322.468,deploying,,,,,False,,,35.9184062,139.9079523,,,25.71,1012.87578125,68.20703125,307.75,2.75,-8.3125,0.55,1.48,9.71,0.0625,0.1875,0.0625,243,,stopped,0.0,0.0,
2026-08-03T18:35:22.929,322.968,deploying,,,,,False,,,35.9184062,139.9079523,,,25.7,1012.9216015625,68.251953125,307.75,2.75,-8.3125,0.56,1.46,9.69,0.0,-0.0625,0.0,243,,stopped,0.0,0.0,
2026-08-03T18:35:23.430,323.469,deploying,,,,,False,,,35.9184062,139.9079523,,,25.7,1012.9216015625,68.251953125,307.75,2.75,-8.3125,0.58,1.48,9.65,0.0,0.0625,0.0,243,,stopped,0.0,0.0,
2026-08-03T18:35:23.930,323.969,deploying,,,,,False,,,35.9184062,139.9079523,,,25.7,1012.9216015625,68.3876953125,307.75,2.75,-8.3125,0.57,1.47,9.69,0.0625,8.0625,0.0625,243,,stopped,0.0,0.0,
2026-08-03T18:35:24.431,324.470,deploying,,,,,False,,,35.9184062,139.9079523,,,25.7,1012.9216015625,68.3876953125,307.75,2.75,-8.3125,0.55,1.48,9.69,0.0,0.0625,-0.0625,243,,stopped,0.0,0.0,
2026-08-03T18:35:24.931,324.970,deploying,,,,,False,,,35.9184062,139.9079523,,,25.72,1012.864921875,68.46875,307.75,2.75,-8.3125,0.57,1.49,9.72,0.0,0.0,0.125,243,,stopped,0.0,0.0,
2026-08-03T18:35:25.431,325.470,deploying,,,,,False,,,35.9184062,139.9079523,,,25.72,1012.864921875,68.46875,307.75,2.75,-8.3125,0.56,1.47,9.67,0.1875,0.0625,0.0,243,,stopped,0.0,0.0,
2026-08-03T18:35:25.932,325.971,deploying,,,,,False,,,35.9184062,139.9079523,,,25.72,1012.9272265625,68.4814453125,307.75,2.75,-8.3125,0.56,1.44,9.7,0.0625,-0.125,0.0,243,,stopped,0.0,0.0,
2026-08-03T18:35:26.432,326.471,deploying,,,,,False,,,35.9184062,139.9079523,,,25.72,1012.9272265625,68.4814453125,307.75,2.75,-8.3125,0.55,1.48,9.66,-0.0625,-0.0625,-0.125,243,,stopped,0.0,0.0,
2026-08-03T18:35:26.933,326.972,deploying,,,,,False,,,35.9184062,139.9079523,,,25.72,1012.87328125,68.5263671875,307.75,2.75,-8.3125,0.56,1.46,9.71,-0.0625,-0.0625,0.0,243,,stopped,0.0,0.0,
2026-08-03T18:35:27.433,327.472,deploying,,,,,False,,,35.9184062,139.9079523,,,25.72,1012.87328125,68.5263671875,307.75,2.75,-8.3125,0.54,1.47,9.68,-0.0625,0.1875,-0.1875,243,,stopped,0.0,0.0,
2026-08-03T18:35:27.933,327.972,deploying,,,,,False,,,35.9184062,139.9079523,,,25.73,1012.862421875,68.494140625,307.75,2.75,-8.3125,0.55,1.48,9.68,0.0,0.0,0.0625,243,,stopped,0.0,0.0,
2026-08-03T18:35:28.434,328.473,deploying,,,,,False,,,35.9184062,139.9079523,,,25.73,1012.862421875,68.494140625,307.75,2.75,-8.3125,0.55,1.46,9.69,0.0,0.0625,0.0625,243,,stopped,0.0,0.0,
2026-08-03T18:35:28.934,328.973,deploying,,,,,False,,,35.9184062,139.9079523,,,25.74,1012.8705078125,68.4150390625,307.75,2.75,-8.3125,0.56,1.47,9.71,0.0625,0.125,-0.125,243,,stopped,0.0,0.0,
2026-08-03T18:35:29.436,329.475,deploying,,,,,False,,,35.9184062,139.9079523,,,25.74,1012.8705078125,68.4150390625,307.75,2.75,-8.3125,1.83,1.49,9.69,0.0625,0.0,0.0625,243,,stopped,0.0,0.0,
2026-08-03T18:35:29.936,329.975,deploying,,,,,False,,,35.9184062,139.9079523,,,25.75,1012.8946875,68.349609375,307.75,2.75,-8.3125,0.54,1.47,9.7,0.0,0.0,0.0625,243,,stopped,0.0,0.0,
2026-08-03T18:35:30.437,330.476,deploying,,,,,False,,,35.9184062,139.9079523,,,25.75,1012.8946875,68.349609375,307.75,2.75,-8.3125,0.55,1.48,9.69,0.0625,0.0,0.0,243,,stopped,0.0,0.0,
2026-08-03T18:35:30.937,330.976,deploying,,,,,False,,,35.9184062,139.9079523,,,25.76,1012.849140625,68.349609375,307.75,2.75,-8.3125,0.56,1.47,9.7,0.125,-0.125,0.0,243,,stopped,0.0,0.0,
2026-08-03T18:35:31.437,331.476,deploying,,,,,False,,,35.9184062,139.9079523,,,25.76,1012.849140625,68.349609375,307.75,2.75,-8.3125,0.55,1.48,9.69,-0.0625,0.0625,0.0,243,,stopped,0.0,0.0,
2026-08-03T18:35:31.938,331.977,deploying,,,,,False,,,35.9184062,139.9079523,,,25.78,1012.9352734375,68.5576171875,315.75,2.75,-8.3125,0.55,1.45,9.69,0.0,0.125,-0.25,243,,stopped,0.0,0.0,
2026-08-03T18:35:32.438,332.477,deploying,,,,,False,,,35.9184062,139.9079523,,,25.8,1012.87921875,68.2099609375,307.75,2.75,-8.3125,0.55,1.48,9.67,0.0625,-0.125,0.0,243,,stopped,0.0,0.0,
2026-08-03T18:35:32.939,332.978,deploying,,,,,False,,,35.9184062,139.9079523,,,25.8,1012.87921875,68.2099609375,307.75,2.75,-8.3125,0.55,1.46,9.69,0.0625,0.0625,0.0,243,,stopped,0.0,0.0,
2026-08-03T18:35:33.439,333.478,deploying,,,,,False,,,35.9184062,139.9079523,,,25.8,1012.8522265625,68.1875,307.75,2.75,-8.3125,0.54,1.48,9.7,-0.0625,-0.125,-0.0625,243,,stopped,0.0,0.0,
2026-08-03T18:35:33.940,333.979,deploying,,,,,False,,,35.9184062,139.9079523,,,25.8,1012.8522265625,68.1875,307.75,2.75,-8.3125,0.55,1.45,9.66,-0.0625,-0.0625,-0.0625,243,,stopped,0.0,0.0,
2026-08-03T18:35:34.440,334.479,deploying,,,,,False,,,35.9184062,139.9079523,,,25.8,1012.9412109375,68.279296875,307.75,2.75,-8.3125,0.55,1.5,9.68,0.0625,0.125,0.0,243,,stopped,0.0,0.0,
2026-08-03T18:35:34.940,334.979,deploying,,,,,False,,,35.9184062,139.9079523,,,25.8,1012.9412109375,68.279296875,307.75,2.75,-8.3125,0.55,1.46,9.68,0.0,0.0625,-0.0625,243,,stopped,0.0,0.0,
2026-08-03T18:35:35.441,335.480,deploying,,,,,False,,,35.9184062,139.9079523,,,25.81,1012.8953125,68.42578125,307.75,2.75,-8.3125,0.55,1.46,9.69,0.0625,0.0625,0.0,243,,stopped,0.0,0.0,
2026-08-03T18:35:35.941,335.980,deploying,,,,,False,,,35.9184062,139.9079523,,,25.81,1012.8953125,68.42578125,307.75,2.75,-8.3125,0.55,1.48,9.7,-0.0625,-0.0625,0.0,243,,stopped,0.0,0.0,
2026-08-03T18:35:36.442,336.481,deploying,,,,,False,,,35.9184062,139.9079523,,,25.81,1012.8683203125,68.4482421875,307.75,2.75,-8.3125,0.54,1.48,9.71,0.0625,0.1875,0.0,243,,stopped,0.0,0.0,
2026-08-03T18:35:36.942,336.981,deploying,,,,,False,,,35.9184062,139.9079523,,,25.81,1012.8683203125,68.4482421875,307.75,2.75,-8.3125,1.85,1.48,9.7,-0.0625,0.125,0.0,243,,stopped,0.0,0.0,
2026-08-03T18:35:37.442,337.481,deploying,,,,,False,,,35.9184062,139.9079523,,,25.82,1012.91140625,68.484375,307.75,2.75,-8.3125,0.53,1.5,9.7,0.0,0.0,0.0,243,,stopped,0.0,0.0,
2026-08-03T18:35:37.943,337.982,deploying,,,,,False,,,35.9184062,139.9079523,,,25.82,1012.91140625,68.484375,307.75,2.75,-8.3125,0.55,1.48,9.68,-0.0625,0.0,-0.0625,243,,stopped,0.0,0.0,
2026-08-03T18:35:38.443,338.482,deploying,,,,,False,,,35.9184062,139.9079523,,,25.83,1013.394453125,68.5419921875,307.75,2.75,-8.3125,1.83,1.48,9.69,0.0,0.1875,-0.0625,243,,stopped,0.0,0.0,
2026-08-03T18:35:38.944,338.983,deploying,,,,,False,,,35.9184062,139.9079523,,,25.83,1013.394453125,68.5419921875,307.75,2.75,-8.3125,0.55,1.48,9.68,0.125,0.0625,0.1875,243,,stopped,0.0,0.0,
2026-08-03T18:35:39.444,339.483,deploying,,,,,False,,,35.9184062,139.9079523,,,25.82,1012.8116015625,68.451171875,307.75,2.75,-8.3125,0.55,1.48,9.72,0.0625,0.0625,0.0,243,,stopped,0.0,0.0,
2026-08-03T18:35:39.945,339.984,deploying,,,,,False,,,35.9184062,139.9079523,,,25.82,1012.8116015625,68.451171875,307.75,2.75,-8.3125,0.55,1.47,9.7,0.0,-0.0625,0.0625,243,,stopped,0.0,0.0,
2026-08-03T18:35:40.445,340.484,deploying,,,,,False,,,35.9184062,139.9079523,,,20.08,1003.759140625,67.94921875,315.75,2.75,-8.3125,0.56,1.48,9.7,-0.0625,0.0,0.1875,243,,stopped,0.0,0.0,
2026-08-03T18:35:40.945,340.984,deploying,,,,,False,,,35.9184062,139.9079523,,,20.08,1003.759140625,67.94921875,307.75,2.75,-8.3125,0.54,1.47,9.69,0.0625,0.125,-0.1875,243,,stopped,0.0,0.0,
2026-08-03T18:35:41.446,341.485,deploying,,,,,False,,,35.9184062,139.9079523,,,25.83,1012.9089453125,68.2822265625,307.75,10.75,-8.3125,0.55,1.48,9.7,-0.0625,-0.0625,-0.125,243,,stopped,0.0,0.0,
2026-08-03T18:35:41.946,341.985,deploying,,,,,False,,,35.9184062,139.9079523,,,25.83,1012.9089453125,68.2822265625,307.75,2.75,-8.3125,0.57,1.47,9.68,-0.0625,-0.1875,0.125,243,,stopped,0.0,0.0,
2026-08-03T18:35:42.447,342.486,deploying,,,,,False,,,35.9184062,139.9079523,,,25.85,1012.9331640625,68.2978515625,307.75,2.75,-8.3125,0.56,1.48,9.69,0.0,-0.0625,0.0625,243,,stopped,0.0,0.0,
2026-08-03T18:35:42.947,342.986,deploying,,,,,False,,,35.9184062,139.9079523,,,25.85,1012.9331640625,68.2978515625,307.75,2.75,-8.3125,0.56,1.47,9.71,0.0625,-0.0625,0.0,243,,stopped,0.0,0.0,
2026-08-03T18:35:43.447,343.486,deploying,,,,,False,,,35.9184062,139.9079523,,,25.84,1012.898125,68.3642578125,307.75,2.75,-8.3125,0.54,1.46,9.69,-0.125,0.25,0.125,243,,stopped,0.0,0.0,
2026-08-03T18:35:43.948,343.987,deploying,,,,,False,,,35.9184062,139.9079523,,,25.84,1012.898125,68.3642578125,307.75,2.75,-8.3125,0.55,1.48,9.67,0.0,-0.1875,0.0,243,,stopped,0.0,0.0,
2026-08-03T18:35:44.448,344.487,deploying,,,,,False,,,35.9184062,139.9079523,,,25.83,1012.855,68.3837890625,307.75,2.75,-8.3125,0.57,1.46,9.68,-0.0625,-0.125,0.0625,243,,stopped,0.0,0.0,
2026-08-03T18:35:44.949,344.988,deploying,,,,,False,,,35.9184062,139.9079523,,,25.83,1012.855,68.3837890625,307.75,2.75,-8.3125,0.55,1.46,9.7,0.0625,-0.0625,-0.125,243,,stopped,0.0,0.0,
2026-08-03T18:35:45.449,345.488,deploying,,,,,False,,,35.9184062,139.9079523,,,25.84,1012.8900390625,68.328125,307.75,2.75,-8.3125,0.56,1.48,9.69,0.0625,8.0,0.0625,243,,stopped,0.0,0.0,
2026-08-03T18:35:45.949,345.988,deploying,,,,,False,,,35.9184062,139.9079523,,,25.84,1012.8900390625,68.328125,307.75,2.75,-8.3125,0.56,1.45,9.71,0.0,0.125,-0.0625,243,,stopped,0.0,0.0,
2026-08-03T18:35:46.450,346.489,deploying,,,,,False,,,35.9184062,139.9079523,,,25.84,1012.9709765625,68.328125,307.75,2.75,-8.3125,0.57,1.47,9.67,0.0625,0.1875,-0.125,243,,stopped,0.0,0.0,
2026-08-03T18:35:46.951,346.991,deploying,,,,,False,,,35.9184062,139.9079523,,,25.84,1012.9709765625,68.328125,307.75,2.75,-8.3125,0.56,1.48,9.67,0.0625,0.125,0.0,243,,stopped,0.0,0.0,
2026-08-03T18:35:47.451,347.490,deploying,,,,,False,,,35.9184062,139.9079523,,,25.84,1012.91703125,68.294921875,307.75,2.75,-8.3125,0.55,1.46,9.68,0.0,0.0,0.0625,243,,stopped,0.0,0.0,
2026-08-03T18:35:47.951,347.990,deploying,,,,,False,,,35.9184062,139.9079523,,,25.84,1012.91703125,68.294921875,307.75,2.75,-8.3125,0.55,1.47,9.71,0.0625,8.0,-0.0625,243,,stopped,0.0,0.0,
2026-08-03T18:35:48.452,348.491,deploying,,,,,False,,,35.9184062,139.9079523,,,25.83,1012.9005859375,68.1796875,307.75,2.75,-8.3125,0.56,1.49,9.69,0.0625,-0.125,0.1875,243,,stopped,0.0,0.0,
2026-08-03T18:35:48.952,348.991,deploying,,,,,False,,,35.9184062,139.9079523,,,25.83,1012.9005859375,68.1796875,307.75,2.75,-8.3125,0.56,1.48,9.7,-0.0625,0.125,0.0,243,,stopped,0.0,0.0,
2026-08-03T18:35:49.453,349.492,deploying,,,,,False,,,35.9184062,139.9079523,,,25.83,1012.846640625,67.98828125,307.75,2.75,-8.3125,0.55,1.49,9.72,0.0625,0.125,0.0,243,,stopped,0.0,0.0,
2026-08-03T18:35:49.953,349.992,deploying,,,,,False,,,35.9184062,139.9079523,,,25.83,1012.846640625,67.98828125,307.75,2.75,-8.3125,0.55,1.5,9.66,0.0,-0.0625,0.0625,243,,stopped,0.0,0.0,
2026-08-03T18:35:50.454,350.493,deploying,,,,,False,,,35.9184062,139.9079523,,,25.81,1012.903359375,67.99609375,307.75,2.75,-8.3125,0.56,1.47,9.68,-0.0625,0.0625,-0.0625,243,,stopped,0.0,0.0,
2026-08-03T18:35:50.954,350.993,deploying,,,,,False,,,35.9184062,139.9079523,,,25.81,1012.903359375,67.99609375,307.75,2.75,-8.3125,0.55,1.48,9.71,0.0,0.0,-0.0625,243,,stopped,0.0,0.0,
2026-08-03T18:35:51.455,351.494,deploying,,,,,False,,,35.9184062,139.9079523,,,25.82,1012.884453125,68.0546875,307.75,2.75,-8.3125,0.55,1.46,9.68,-0.0625,0.0,0.0625,243,,stopped,0.0,0.0,
2026-08-03T18:35:51.955,351.994,deploying,,,,,False,,,35.9184062,139.9079523,,,25.82,1012.884453125,68.14453125,307.75,2.75,-8.3125,0.57,1.47,9.71,0.0,8.125,-0.0625,243,,stopped,0.0,0.0,
2026-08-03T18:35:52.456,352.495,deploying,,,,,False,,,35.9184062,139.9079523,,,25.82,1012.884453125,68.14453125,307.75,2.75,-8.3125,0.55,1.45,9.7,0.0625,-0.125,0.0,243,,stopped,0.0,0.0,
2026-08-03T18:35:52.956,352.995,deploying,,,,,False,,,35.9184062,139.9079523,,,25.78,1012.7654296875,68.1396484375,307.75,2.75,-8.3125,0.54,1.46,9.71,-0.0625,-0.1875,-0.0625,243,,stopped,0.0,0.0,
2026-08-03T18:35:53.457,353.496,deploying,,,,,False,,,35.9184062,139.9079523,,,25.78,1012.7654296875,68.1396484375,307.75,2.75,-8.3125,0.55,1.47,9.69,-0.0625,0.1875,-0.0625,243,,stopped,0.0,0.0,
2026-08-03T18:35:53.957,353.996,deploying,,,,,False,,,35.9184062,139.9079523,,,25.83,1012.9275390625,68.203125,307.75,2.75,-8.3125,0.55,1.49,9.69,0.0,-0.1875,0.0,243,,stopped,0.0,0.0,
2026-08-03T18:35:54.458,354.497,deploying,,,,,False,,,35.9184062,139.9079523,,,25.83,1012.9275390625,68.203125,307.75,2.75,-8.3125,0.55,1.47,9.69,-0.0625,0.0,0.0,243,,stopped,0.0,0.0,
2026-08-03T18:35:54.958,354.997,deploying,,,,,False,,,35.9184062,139.9079523,,,25.83,1012.9005859375,68.3271484375,307.75,2.75,-8.3125,0.55,1.5,9.65,0.0625,0.0625,-0.0625,243,,stopped,0.0,0.0,
2026-08-03T18:35:55.458,355.497,deploying,,,,,False,,,35.9184062,139.9079523,,,25.83,1012.9005859375,68.3271484375,307.75,2.75,-8.3125,0.55,1.48,9.7,-0.0625,-0.0625,0.125,243,,stopped,0.0,0.0,
2026-08-03T18:35:55.959,355.998,deploying,,,,,False,,,35.9184062,139.9079523,,,25.81,1012.9223046875,68.2900390625,307.75,2.75,-8.3125,0.55,1.48,9.66,0.0625,0.0,0.0,243,,stopped,0.0,0.0,
2026-08-03T18:35:56.459,356.498,deploying,,,,,False,,,35.9184062,139.9079523,,,25.81,1012.9223046875,68.2900390625,307.75,2.75,-8.3125,0.57,1.48,9.72,0.0625,0.0625,-0.125,243,,stopped,0.0,0.0,
2026-08-03T18:35:56.960,356.999,deploying,,,,,False,,,35.9184062,139.9079523,,,25.79,1012.9787109375,68.140625,315.75,2.75,-8.3125,0.56,1.48,9.65,0.0,-0.0625,-0.1875,243,,stopped,0.0,0.0,
2026-08-03T18:35:57.460,357.499,deploying,,,,,False,,,35.9184062,139.9079523,,,25.79,1012.9787109375,68.140625,307.75,2.75,-8.3125,0.55,1.48,9.7,0.0625,-0.125,0.0625,243,,stopped,0.0,0.0,
2026-08-03T18:35:57.960,357.999,deploying,,,,,False,,,35.9184062,139.9079523,,,25.79,1012.8977734375,68.1064453125,307.75,2.75,-8.3125,0.55,1.48,9.66,0.0,0.125,-0.0625,243,,stopped,0.0,0.0,
2026-08-03T18:35:58.461,358.500,deploying,,,,,False,,,35.9184062,139.9079523,,,25.79,1012.8977734375,68.1064453125,307.75,2.75,-8.3125,0.56,1.49,9.65,0.125,0.0625,0.0,243,,stopped,0.0,0.0,
2026-08-03T18:35:58.961,359.000,deploying,,,,,False,,,35.9184062,139.9079523,,,25.8,1012.9142578125,68.154296875,307.75,2.75,-8.3125,0.55,1.48,9.72,0.0,-0.125,0.0625,243,,stopped,0.0,0.0,
2026-08-03T18:35:59.462,359.501,deploying,,,,,False,,,35.9184062,139.9079523,,,25.8,1012.9142578125,68.154296875,307.75,2.75,-8.3125,0.56,1.46,9.71,-0.0625,-0.125,-0.0625,243,,stopped,0.0,0.0,
2026-08-03T18:35:59.962,360.001,deploying,,,,,False,,,35.9184062,139.9079523,,,25.81,1012.87640625,68.267578125,307.75,2.75,-8.3125,0.54,1.48,9.65,0.0,0.0625,0.125,243,,stopped,0.0,0.0,
2026-08-03T18:36:00.463,360.501,deploying,,,,,False,,,35.9184062,139.9079523,,,25.81,1012.87640625,68.267578125,307.75,2.75,-8.3125,0.54,1.47,9.7,0.1875,0.125,0.0,243,,stopped,0.0,0.0,
2026-08-03T18:36:00.963,361.002,deploying,,,,,False,,,35.9184062,139.9079523,,,25.81,1012.8494140625,68.3701171875,307.75,2.75,-8.3125,0.57,1.48,9.69,-0.0625,0.0,-0.0625,243,,stopped,0.0,0.0,
2026-08-03T18:36:01.463,361.502,deploying,,,,,False,,,35.9184062,139.9079523,,,25.81,1012.8494140625,68.3701171875,307.75,2.75,-8.3125,0.53,1.45,9.69,0.0,0.0625,0.0,243,,stopped,0.0,0.0,
2026-08-03T18:36:01.964,362.003,deploying,,,,,False,,,35.9184062,139.9079523,,,25.8,1012.9331640625,68.2099609375,307.75,2.75,-8.3125,0.55,1.48,9.71,0.0625,0.125,-0.0625,243,,stopped,0.0,0.0,
2026-08-03T18:36:02.464,362.503,deploying,,,,,False,,,35.9184062,139.9079523,,,25.8,1012.9331640625,68.2099609375,307.75,2.75,-8.3125,0.57,1.53,9.69,0.375,-0.125,0.0,243,,stopped,0.0,0.0,
2026-08-03T18:36:02.965,363.004,deploying,,,,,False,,,35.9184062,139.9079523,,,25.8,1012.906171875,68.2099609375,307.75,2.75,-8.3125,0.55,1.46,9.69,-0.0625,0.0,-0.0625,243,,stopped,0.0,0.0,
2026-08-03T18:36:03.465,363.504,deploying,,,,,False,,,35.9184062,139.9079523,,,25.8,1012.906171875,68.2099609375,307.75,2.75,-8.3125,0.55,1.48,9.69,-0.0625,-0.0625,-0.0625,243,,stopped,0.0,0.0,
2026-08-03T18:36:03.965,364.004,deploying,,,,,False,,,35.9184062,139.9079523,,,25.74,1012.824609375,68.201171875,307.75,2.75,-8.3125,0.56,1.5,9.7,0.0,0.0625,-0.0625,243,,stopped,0.0,0.0,
2026-08-03T18:36:04.466,364.505,deploying,,,,,False,,,35.9184062,139.9079523,,,25.74,1012.824609375,68.201171875,307.75,2.75,-8.3125,0.57,1.48,9.65,0.125,0.125,0.0,243,,stopped,0.0,0.0,
2026-08-03T18:36:04.966,365.005,deploying,,,,,False,,,35.9184062,139.9079523,,,25.79,1012.83546875,68.20703125,307.75,2.75,-8.3125,0.58,1.48,9.7,-0.125,0.0,0.0,243,,stopped,0.0,0.0,
2026-08-03T18:36:05.467,365.506,deploying,,,,,False,,,35.9184062,139.9079523,,,25.79,1012.83546875,68.20703125,307.75,2.75,-8.3125,0.56,1.5,9.69,0.0,0.0625,-0.0625,243,,stopped,0.0,0.0,
2026-08-03T18:36:05.967,366.006,deploying,,,,,False,,,35.9184062,139.9079523,,,25.79,1012.8894140625,68.2861328125,307.75,2.75,-8.3125,0.57,1.49,9.69,-0.0625,0.125,0.0625,243,,stopped,0.0,0.0,
2026-08-03T18:36:06.467,366.506,deploying,,,,,False,,,35.9184062,139.9079523,,,25.79,1012.8894140625,68.2861328125,315.75,2.75,-8.3125,0.55,1.5,9.69,0.0,-0.0625,0.0,243,,stopped,0.0,0.0,
2026-08-03T18:36:06.968,367.007,deploying,,,,,False,,,35.9184062,139.9079523,,,21.92,1006.811953125,67.8701171875,307.75,2.75,-8.3125,0.57,1.48,9.69,0.0,-0.125,0.0,243,,stopped,0.0,0.0,
2026-08-03T18:36:07.468,367.507,deploying,,,,,False,,,35.9184062,139.9079523,,,21.92,1006.811953125,67.8701171875,307.75,2.75,-8.3125,0.55,1.48,9.69,0.0,0.0,0.0625,243,,stopped,0.0,0.0,
2026-08-03T18:36:07.972,368.011,deploying,,,,,False,,,35.9184062,139.9079523,,,25.78,1012.9002734375,68.0595703125,307.75,2.75,-8.3125,0.56,1.48,9.69,0.0,0.0,0.0,243,,stopped,0.0,0.0,
2026-08-03T18:36:08.473,368.512,deploying,,,,,False,,,35.9184062,139.9079523,,,25.78,1012.9002734375,68.0595703125,307.75,2.75,-0.3125,0.56,1.48,9.68,0.0625,0.0,0.0,243,,stopped,0.0,0.0,
2026-08-03T18:36:08.973,369.012,deploying,,,,,False,,,35.9184062,139.9079523,,,25.77,1012.8841796875,68.169921875,307.75,2.75,-8.3125,0.56,1.5,9.68,0.0,0.0625,0.0625,243,,stopped,0.0,0.0,
2026-08-03T18:36:09.474,369.513,deploying,,,,,False,,,35.9184062,139.9079523,,,25.77,1012.9111328125,68.3173828125,307.75,2.75,-8.3125,0.55,1.48,9.66,0.0,-0.1875,-0.125,243,,stopped,0.0,0.0,
2026-08-03T18:36:09.974,370.013,deploying,,,,,False,,,35.9184062,139.9079523,,,25.77,1012.9111328125,68.3173828125,307.75,2.75,-8.3125,0.56,1.48,9.68,0.0,-0.0625,0.0625,243,,stopped,0.0,0.0,
2026-08-03T18:36:10.474,370.513,deploying,,,,,False,,,35.9184062,139.9079523,,,25.76,1012.9569921875,68.474609375,307.75,2.75,-8.3125,0.55,1.47,9.68,0.0625,0.0625,0.0,243,,stopped,0.0,0.0,
2026-08-03T18:36:10.975,371.014,deploying,,,,,False,,,35.9184062,139.9079523,,,25.76,1012.9569921875,68.474609375,307.75,2.75,-8.3125,0.55,1.47,9.67,0.0,0.3125,-0.0625,243,,stopped,0.0,0.0,
2026-08-03T18:36:11.475,371.514,deploying,,,,,False,,,35.9184062,139.9079523,,,25.77,1012.965078125,68.611328125,307.75,2.75,-8.3125,0.56,1.48,9.66,0.125,0.0,0.125,243,,stopped,0.0,0.0,
2026-08-03T18:36:11.975,372.014,deploying,,,,,False,,,35.9184062,139.9079523,,,25.77,1012.965078125,68.611328125,315.75,2.75,-8.3125,0.54,1.48,9.7,0.0,-0.0625,0.0625,243,,stopped,0.0,0.0,
2026-08-03T18:36:12.476,372.515,deploying,,,,,False,,,35.9184062,139.9079523,,,25.76,1012.9300390625,68.7685546875,307.75,2.75,-8.3125,0.56,1.48,9.69,0.0,0.125,0.0,243,,stopped,0.0,0.0,
2026-08-03T18:36:12.976,373.015,deploying,,,,,False,,,35.9184062,139.9079523,,,25.76,1012.9300390625,68.7685546875,307.75,2.75,-8.3125,0.57,1.49,9.68,-0.0625,-0.0625,0.0,243,,stopped,0.0,0.0,
2026-08-03T18:36:13.477,373.516,deploying,,,,,False,,,35.9184062,139.9079523,,,25.75,1012.8946875,68.791015625,307.75,2.75,-8.3125,0.55,1.5,9.67,0.0625,-0.0625,-0.125,243,,stopped,0.0,0.0,
2026-08-03T18:36:13.977,374.016,deploying,,,,,False,,,35.9184062,139.9079523,,,25.75,1012.8946875,68.791015625,307.75,2.75,-8.3125,0.56,1.48,9.68,0.0625,-0.0625,0.0625,243,,stopped,0.0,0.0,
2026-08-03T18:36:14.477,374.516,deploying,,,,,False,,,35.9184062,139.9079523,,,25.77,1012.9111328125,68.623046875,307.75,2.75,-8.3125,0.55,1.5,9.68,0.0625,-0.125,0.0625,243,,stopped,0.0,0.0,
2026-08-03T18:36:14.978,375.017,deploying,,,,,False,,,35.9184062,139.9079523,,,25.77,1012.9111328125,68.623046875,307.75,2.75,-8.3125,0.57,1.47,9.68,0.0,0.25,0.0,243,,stopped,0.0,0.0,
2026-08-03T18:36:15.478,375.517,deploying,,,,,False,,,35.9184062,139.9079523,,,25.76,1012.9569921875,68.576171875,315.75,2.75,-8.3125,0.54,1.5,9.7,-0.0625,0.0625,-0.125,243,,stopped,0.0,0.0,
2026-08-03T18:36:15.979,376.018,deploying,,,,,False,,,35.9184062,139.9079523,,,25.76,1012.9569921875,68.576171875,307.75,2.75,-8.3125,0.56,1.48,9.66,-0.0625,0.0,-0.0625,243,,stopped,0.0,0.0,
2026-08-03T18:36:16.479,376.518,deploying,,,,,False,,,35.9184062,139.9079523,,,25.75,1012.921640625,68.62109375,307.75,2.75,-8.3125,0.55,1.47,9.73,0.0625,0.0,0.0625,243,,stopped,0.0,0.0,
2026-08-03T18:36:16.979,377.018,deploying,,,,,False,,,35.9184062,139.9079523,,,25.75,1012.921640625,68.62109375,307.75,2.75,-8.3125,0.57,1.5,9.66,0.1875,-0.25,0.0,243,,stopped,0.0,0.0,
2026-08-03T18:36:17.480,377.519,deploying,,,,,False,,,35.9184062,139.9079523,,,25.75,1012.940546875,68.6435546875,307.75,2.75,-8.3125,0.57,1.46,9.7,-0.1875,0.1875,-0.0625,243,,stopped,0.0,0.0,
2026-08-03T18:36:17.980,378.019,deploying,,,,,False,,,35.9184062,139.9079523,,,25.75,1012.940546875,68.6435546875,307.75,2.75,-8.3125,0.56,1.48,9.67,8.0,0.0625,-0.0625,243,,stopped,0.0,0.0,
2026-08-03T18:36:18.481,378.520,deploying,,,,,False,,,35.9184062,139.9079523,,,25.75,1012.8946875,68.349609375,307.75,2.75,-8.3125,0.57,1.49,9.68,0.0,0.1875,0.0625,243,,stopped,0.0,0.0,
2026-08-03T18:36:18.981,379.020,deploying,,,,,False,,,35.9184062,139.9079523,,,25.75,1012.8946875,68.349609375,307.75,2.75,-8.3125,0.55,1.45,9.71,0.125,-0.0625,0.0,243,,stopped,0.0,0.0,
2026-08-03T18:36:19.482,379.521,deploying,,,,,False,,,35.9184062,139.9079523,,,25.76,1012.9030859375,68.3271484375,307.75,2.75,-8.3125,0.54,1.49,9.69,0.25,-0.1875,0.125,243,,stopped,0.0,0.0,
2026-08-03T18:36:19.982,380.021,deploying,,,,,False,,,35.9184062,139.9079523,,,25.76,1012.9030859375,68.3271484375,307.75,2.75,-8.3125,0.57,1.48,9.67,0.1875,0.125,-0.0625,243,,stopped,0.0,0.0,
2026-08-03T18:36:20.482,380.521,deploying,,,,,False,,,35.9184062,139.9079523,,,25.74,1012.8785546875,68.302734375,307.75,2.75,-8.3125,0.56,1.5,9.65,0.0,0.0625,0.0,243,,stopped,0.0,0.0,
2026-08-03T18:36:20.983,381.022,deploying,,,,,False,,,35.9184062,139.9079523,,,25.74,1012.8785546875,68.302734375,307.75,2.75,-8.3125,0.58,1.49,9.67,0.0,0.0625,-0.0625,243,,stopped,0.0,0.0,
2026-08-03T18:36:21.483,381.522,deploying,,,,,False,,,35.9184062,139.9079523,,,25.73,1012.8894140625,68.267578125,307.75,2.75,-8.3125,0.54,1.49,9.67,-0.0625,-0.0625,0.0,243,,stopped,0.0,0.0,
2026-08-03T18:36:21.984,382.023,deploying,,,,,False,,,35.9184062,139.9079523,,,25.73,1012.8894140625,68.267578125,307.75,2.75,-8.3125,0.56,1.48,9.7,0.0,0.125,0.125,243,,stopped,0.0,0.0,
2026-08-03T18:36:22.484,382.523,deploying,,,,,False,,,35.9184062,139.9079523,,,25.73,1012.9163671875,68.3134765625,307.75,2.75,-8.3125,0.55,1.49,9.69,0.0625,-0.125,-0.0625,243,,stopped,0.0,0.0,
2026-08-03T18:36:22.990,383.029,deploying,,,,,False,,,35.9184062,139.9079523,,,25.73,1012.9163671875,68.3134765625,307.75,2.75,-8.3125,0.56,1.49,9.68,8.1875,-0.125,0.1875,243,,stopped,0.0,0.0,
2026-08-03T18:36:23.491,383.530,deploying,,,,,False,,,35.9184062,139.9079523,,,25.73,1012.9163671875,68.3583984375,307.75,2.75,-8.3125,0.58,1.51,9.69,0.1875,0.0625,0.0,243,,stopped,0.0,0.0,
2026-08-03T18:36:23.991,384.030,deploying,,,,,False,,,35.9184062,139.9079523,,,25.73,1012.9163671875,68.3583984375,307.75,2.75,-8.3125,0.56,1.46,9.72,0.0625,0.0,0.0,243,,stopped,0.0,0.0,
2026-08-03T18:36:24.491,384.530,deploying,,,,,False,,,35.9184062,139.9079523,,,25.72,1012.9541796875,68.2548828125,307.75,2.75,-8.3125,0.56,1.48,9.67,0.0,0.0625,0.0,243,,stopped,0.0,0.0,
2026-08-03T18:36:24.992,385.031,deploying,,,,,False,,,35.9184062,139.9079523,,,25.72,1012.9541796875,68.2548828125,307.75,2.75,-8.3125,0.54,1.47,9.68,0.1875,0.0,-0.0625,243,,stopped,0.0,0.0,
2026-08-03T18:36:25.492,385.531,deploying,,,,,False,,,35.9184062,139.9079523,,,25.72,1012.918828125,68.185546875,307.75,2.75,-8.3125,0.57,1.48,9.69,0.0,-0.3125,0.0625,243,,stopped,0.0,0.0,
2026-08-03T18:36:25.993,386.032,deploying,,,,,False,,,35.9184062,139.9079523,,,25.72,1012.918828125,68.185546875,307.75,2.75,-8.3125,0.55,1.48,9.71,0.0,0.0,0.0,243,,stopped,0.0,0.0,
2026-08-03T18:36:26.493,386.532,deploying,,,,,False,,,35.9184062,139.9079523,,,25.71,1012.9647265625,68.35546875,307.75,2.75,-8.3125,0.57,1.49,9.65,0.0,-0.0625,0.0625,243,,stopped,0.0,0.0,
2026-08-03T18:36:26.993,387.032,deploying,,,,,False,,,35.9184062,139.9079523,,,25.71,1012.9647265625,68.35546875,307.75,2.75,-8.3125,0.55,1.49,9.7,0.0,0.0,-0.125,243,,stopped,0.0,0.0,
2026-08-03T18:36:27.494,387.533,deploying,,,,,False,,,35.9184062,139.9079523,,,25.71,1012.9647265625,68.2880859375,307.75,2.75,-8.3125,1.83,1.48,9.68,0.0,0.0,0.0625,243,,stopped,0.0,0.0,
2026-08-03T18:36:27.994,388.033,deploying,,,,,False,,,35.9184062,139.9079523,,,25.71,1012.9647265625,68.2880859375,307.75,2.75,-8.3125,0.56,1.48,9.67,0.0,0.0,-0.0625,243,,stopped,0.0,0.0,
2026-08-03T18:36:28.495,388.534,deploying,,,,,False,,,35.9184062,139.9079523,,,25.69,1012.9055078125,68.318359375,307.75,2.75,-8.3125,0.56,1.46,9.7,-0.0625,0.0625,0.0625,243,,stopped,0.0,0.0,
2026-08-03T18:36:28.995,389.034,deploying,,,,,False,,,35.9184062,139.9079523,,,25.69,1012.9324609375,68.2958984375,307.75,2.75,-8.3125,0.55,1.48,9.66,0.0625,-0.125,0.0,243,,stopped,0.0,0.0,
2026-08-03T18:36:29.496,389.535,deploying,,,,,False,,,35.9184062,139.9079523,,,25.69,1012.9324609375,68.2958984375,307.75,2.75,-8.3125,0.54,1.48,9.72,0.0,0.125,-0.0625,243,,stopped,0.0,0.0,
2026-08-03T18:36:29.996,390.035,deploying,,,,,False,,,35.9184062,139.9079523,,,25.68,1012.9699609375,68.2724609375,307.75,2.75,-8.3125,0.56,1.48,9.66,0.0,0.0625,-0.0625,243,,stopped,0.0,0.0,
2026-08-03T18:36:30.496,390.535,deploying,,,,,False,,,35.9184062,139.9079523,,,25.68,1012.9699609375,68.2724609375,307.75,2.75,-8.3125,0.56,1.46,9.64,0.0,0.0,-0.125,243,,stopped,0.0,0.0,
2026-08-03T18:36:30.997,391.036,deploying,,,,,False,,,35.9184062,139.9079523,,,25.69,1013.7415234375,68.4091796875,307.75,2.75,-8.3125,0.55,1.48,9.67,-0.0625,-0.125,-0.25,243,,stopped,0.0,0.0,
2026-08-03T18:36:31.497,391.536,deploying,,,,,False,,,35.9184062,139.9079523,,,25.69,1013.7415234375,68.4091796875,307.75,2.75,-8.3125,0.57,1.5,9.69,-0.0625,-0.0625,0.0,243,,stopped,0.0,0.0,
2026-08-03T18:36:31.997,392.036,deploying,,,,,False,,,35.9184062,139.9079523,,,25.67,1012.9538671875,68.2802734375,307.75,2.75,-8.3125,0.53,1.47,9.73,-0.0625,0.0625,0.0,243,,stopped,0.0,0.0,
2026-08-03T18:36:32.498,392.537,deploying,,,,,False,,,35.9184062,139.9079523,,,25.67,1012.9538671875,68.2802734375,307.75,2.75,-8.3125,0.55,1.46,9.68,0.125,-0.0625,0.0,243,,stopped,0.0,0.0,
2026-08-03T18:36:32.998,393.037,deploying,,,,,False,,,35.9184062,139.9079523,,,21.16,1005.7403515625,67.96875,307.75,2.75,-8.3125,0.55,1.48,9.7,0.0625,-0.125,0.0625,243,,stopped,0.0,0.0,
2026-08-03T18:36:33.499,393.538,deploying,,,,,False,,,35.9184062,139.9079523,,,21.16,1005.7403515625,67.96875,307.75,2.75,-8.3125,0.55,1.46,9.68,0.0625,0.0625,0.0625,243,,stopped,0.0,0.0,
2026-08-03T18:36:33.999,394.038,deploying,,,,,False,,,35.9184062,139.9079523,,,25.66,1012.9296875,68.2685546875,307.75,2.75,-8.3125,0.54,1.48,9.66,0.0,-0.0625,0.0625,243,,stopped,0.0,0.0,
2026-08-03T18:36:34.499,394.538,deploying,,,,,False,,,35.9184062,139.9079523,,,25.66,1012.9296875,68.2685546875,307.75,2.75,-8.3125,0.54,1.47,9.68,0.0,0.1875,0.125,243,,stopped,0.0,0.0,
2026-08-03T18:36:35.000,395.039,deploying,,,,,False,,,35.9184062,139.9079523,,,25.66,1012.9296875,68.22265625,307.75,2.75,-8.3125,0.56,1.48,9.68,0.0,-0.1875,-0.0625,243,,stopped,0.0,0.0,
2026-08-03T18:36:35.500,395.539,deploying,,,,,False,,,35.9184062,139.9079523,,,25.66,1012.9296875,68.22265625,307.75,2.75,-8.3125,0.54,1.5,9.67,-0.0625,-0.0625,0.0,243,,stopped,0.0,0.0,
2026-08-03T18:36:36.001,396.040,deploying,,,,,False,,,35.9184062,139.9079523,,,25.65,1012.8943359375,68.2099609375,307.75,2.75,-8.3125,0.57,1.5,9.67,0.0625,-0.125,0.0,243,,stopped,0.0,0.0,
2026-08-03T18:36:36.501,396.540,deploying,,,,,False,,,35.9184062,139.9079523,,,25.65,1012.8943359375,68.2099609375,307.75,2.75,-8.3125,0.57,1.5,9.69,8.0,-0.0625,0.0625,243,,stopped,0.0,0.0,
2026-08-03T18:36:37.002,397.041,deploying,,,,,False,,,35.9184062,139.9079523,,,25.65,1012.94828125,68.1875,307.75,2.75,-8.3125,0.56,1.49,9.65,0.0625,0.0625,0.0,243,,stopped,0.0,0.0,
2026-08-03T18:36:37.502,397.541,deploying,,,,,False,,,35.9184062,139.9079523,,,25.65,1012.94828125,68.1875,307.75,2.75,-8.3125,0.57,1.48,9.68,0.0,-0.1875,-0.0625,243,,stopped,0.0,0.0,
2026-08-03T18:36:38.003,398.042,deploying,,,,,False,,,35.9184062,139.9079523,,,25.66,1012.9296875,68.2119140625,307.75,2.75,-8.3125,0.54,1.48,9.71,0.0,0.125,-0.0625,243,,stopped,0.0,0.0,
2026-08-03T18:36:38.503,398.542,deploying,,,,,False,,,35.9184062,139.9079523,,,25.66,1012.9296875,68.2119140625,307.75,2.75,-8.3125,0.58,1.48,9.69,-0.125,0.0625,0.0625,243,,stopped,0.0,0.0,
2026-08-03T18:36:39.003,399.042,deploying,,,,,False,,,35.9184062,139.9079523,,,25.64,1012.9591015625,68.3447265625,307.75,2.75,-8.3125,0.55,1.51,9.68,0.125,0.0,0.0,243,,stopped,0.0,0.0,
2026-08-03T18:36:39.504,399.543,deploying,,,,,False,,,35.9184062,139.9079523,,,25.64,1012.9591015625,68.3447265625,307.75,2.75,-8.3125,0.56,1.48,9.7,0.0625,-0.0625,-0.0625,243,,stopped,0.0,0.0,
2026-08-03T18:36:40.004,400.043,deploying,,,,,False,,,35.9184062,139.9079523,,,25.64,1012.8701171875,68.423828125,307.75,2.75,-8.3125,0.57,1.51,9.69,-0.0625,0.0,0.0625,243,,stopped,0.0,0.0,
2026-08-03T18:36:40.505,400.544,deploying,,,,,False,,,35.9184062,139.9079523,,,25.64,1012.8701171875,68.423828125,307.75,2.75,-8.3125,0.57,1.48,9.67,0.0,-0.0625,-0.0625,243,,stopped,0.0,0.0,
2026-08-03T18:36:41.005,401.044,deploying,,,,,False,,,35.9184062,139.9079523,,,25.64,1012.8162109375,68.5927734375,307.75,2.75,-8.3125,0.58,1.49,9.67,0.0,0.1875,-0.0625,243,,stopped,0.0,0.0,
2026-08-03T18:36:41.506,401.545,deploying,,,,,False,,,35.9184062,139.9079523,,,25.64,1012.8162109375,68.5927734375,307.75,2.75,-8.3125,0.56,1.48,9.69,-0.0625,0.0,0.125,243,,stopped,0.0,0.0,
2026-08-03T18:36:42.006,402.045,deploying,,,,,False,,,35.9184062,139.9079523,,,25.63,1012.90796875,68.693359375,307.75,2.75,-8.3125,0.53,1.48,9.67,0.125,0.125,0.0625,243,,stopped,0.0,0.0,
2026-08-03T18:36:42.506,402.545,deploying,,,,,False,,,35.9184062,139.9079523,,,25.63,1012.90796875,68.693359375,307.75,2.75,-8.3125,0.55,1.47,9.69,-0.0625,0.0625,0.0625,243,,stopped,0.0,0.0,
2026-08-03T18:36:43.007,403.046,deploying,,,,,False,,,35.9184062,139.9079523,,,25.62,1012.953828125,68.7255859375,307.75,2.75,-8.3125,0.55,1.49,9.69,-0.0625,-0.1875,0.125,243,,stopped,0.0,0.0,
2026-08-03T18:36:43.507,403.546,deploying,,,,,False,,,35.9184062,139.9079523,,,25.62,1012.953828125,68.7255859375,307.75,2.75,-8.3125,0.57,1.5,9.67,-0.0625,-0.0625,-0.0625,243,,stopped,0.0,0.0,
2026-08-03T18:36:44.007,404.046,deploying,,,,,False,,,35.9184062,139.9079523,,,25.62,1012.9454296875,68.6455078125,307.75,2.75,-8.3125,0.56,1.48,9.68,0.0625,-0.0625,0.0,243,,stopped,0.0,0.0,
2026-08-03T18:36:44.508,404.547,deploying,,,,,False,,,35.9184062,139.9079523,,,25.62,1012.9454296875,68.6455078125,315.75,2.75,-8.3125,0.54,1.47,9.68,0.0,0.1875,-0.125,243,,stopped,0.0,0.0,
2026-08-03T18:36:45.008,405.047,deploying,,,,,False,,,35.9184062,139.9079523,,,25.61,1012.910390625,68.6005859375,307.75,10.75,-8.3125,0.58,1.52,9.68,0.0,0.0,0.0,243,,stopped,0.0,0.0,
2026-08-03T18:36:45.509,405.548,deploying,,,,,False,,,35.9184062,139.9079523,,,25.61,1012.910390625,68.6005859375,307.75,2.75,-8.3125,0.55,1.5,9.68,0.0,0.0625,-0.0625,243,,stopped,0.0,0.0,
2026-08-03T18:36:46.009,406.048,deploying,,,,,False,,,35.9184062,139.9079523,,,25.56,1012.8564453125,68.5595703125,307.75,2.75,-8.3125,0.57,1.5,9.68,8.0,8.0625,-0.0625,243,,stopped,0.0,0.0,
2026-08-03T18:36:46.509,406.548,deploying,,,,,False,,,35.9184062,139.9079523,,,25.56,1012.8564453125,68.5595703125,307.75,2.75,-8.3125,0.56,1.49,9.68,0.125,-0.0625,0.0625,243,,stopped,0.0,0.0,
2026-08-03T18:36:47.010,407.049,deploying,,,,,False,,,35.9184062,139.9079523,,,25.61,1012.9373828125,68.6572265625,307.75,2.75,-8.3125,0.56,1.48,9.7,-0.0625,-0.0625,-0.0625,243,,stopped,0.0,0.0,
2026-08-03T18:36:47.510,407.549,deploying,,,,,False,,,35.9184062,139.9079523,,,25.61,1012.910390625,68.6572265625,315.75,10.75,-8.3125,0.55,1.48,9.65,8.0625,0.0,-0.125,243,,stopped,0.0,0.0,
2026-08-03T18:36:48.011,408.050,deploying,,,,,False,,,35.9184062,139.9079523,,,25.61,1012.910390625,68.6572265625,307.75,2.75,-8.3125,0.55,1.48,9.71,0.125,0.0,0.0,243,,stopped,0.0,0.0,
2026-08-03T18:36:48.511,408.550,deploying,,,,,False,,,35.9184062,139.9079523,,,25.61,1012.910390625,68.611328125,307.75,2.75,-8.3125,0.55,1.49,9.7,0.0625,0.125,-0.1875,243,,stopped,0.0,0.0,
2026-08-03T18:36:49.011,409.050,deploying,,,,,False,,,35.9184062,139.9079523,,,25.61,1012.910390625,68.611328125,307.75,2.75,-8.3125,0.56,1.49,9.7,0.0625,0.0,0.0625,243,,stopped,0.0,0.0,
2026-08-03T18:36:49.512,409.551,deploying,,,,,False,,,35.9184062,139.9079523,,,25.62,1012.926875,68.6806640625,307.75,2.75,-8.3125,0.54,1.47,9.68,0.125,0.0,0.0,243,,stopped,0.0,0.0,
2026-08-03T18:36:50.012,410.051,deploying,,,,,False,,,35.9184062,139.9079523,,,25.62,1012.926875,68.6806640625,307.75,2.75,-8.3125,0.56,1.47,9.68,0.0625,0.0,-0.0625,243,,stopped,0.0,0.0,
2026-08-03T18:36:50.513,410.552,deploying,,,,,False,,,35.9184062,139.9079523,,,25.62,1012.891484375,68.8037109375,307.75,2.75,-8.3125,0.53,1.48,9.68,-0.0625,0.0,-0.0625,243,,stopped,0.0,0.0,
2026-08-03T18:36:51.013,411.052,deploying,,,,,False,,,35.9184062,139.9079523,,,25.62,1012.891484375,68.8037109375,307.75,2.75,-8.3125,0.56,1.48,9.71,0.0625,0.0625,-0.125,243,,stopped,0.0,0.0,
2026-08-03T18:36:51.513,411.552,deploying,,,,,False,,,35.9184062,139.9079523,,,25.62,1012.9454296875,68.8154296875,307.75,2.75,-8.3125,0.55,1.48,9.7,0.0,0.0625,-0.125,243,,stopped,0.0,0.0,
2026-08-03T18:36:52.014,412.053,deploying,,,,,False,,,35.9184062,139.9079523,,,25.62,1012.9454296875,68.8154296875,307.75,2.75,-8.3125,0.55,1.48,9.66,0.125,0.125,0.125,243,,stopped,0.0,0.0,
2026-08-03T18:36:52.514,412.553,deploying,,,,,False,,,35.9184062,139.9079523,,,25.62,1012.8998828125,68.861328125,307.75,2.75,-8.3125,0.57,1.49,9.68,-0.0625,-0.0625,0.0625,243,,stopped,0.0,0.0,
2026-08-03T18:36:53.015,413.054,deploying,,,,,False,,,35.9184062,139.9079523,,,25.62,1012.8998828125,68.861328125,307.75,2.75,-8.3125,0.55,1.49,9.65,8.0,0.0,0.0,243,,stopped,0.0,0.0,
2026-08-03T18:36:53.515,413.554,deploying,,,,,False,,,35.9184062,139.9079523,,,25.61,1012.875390625,68.7568359375,307.75,2.75,-8.3125,0.56,1.49,9.67,0.0625,0.0625,-0.0625,243,,stopped,0.0,0.0,
2026-08-03T18:36:54.015,414.054,deploying,,,,,False,,,35.9184062,139.9079523,,,25.61,1012.875390625,68.7568359375,307.75,2.75,-8.3125,0.56,1.49,9.71,-0.0625,-0.0625,0.125,243,,stopped,0.0,0.0,
2026-08-03T18:36:54.516,414.555,deploying,,,,,False,,,35.9184062,139.9079523,,,25.62,1012.9184765625,68.623046875,307.75,2.75,-8.3125,0.55,1.49,9.66,0.0,0.0,0.125,243,,stopped,0.0,0.0,
2026-08-03T18:36:55.016,415.055,deploying,,,,,False,,,35.9184062,139.9079523,,,25.62,1012.9184765625,68.623046875,307.75,2.75,-8.3125,0.56,1.51,9.7,0.0,-0.0625,0.0,243,,stopped,0.0,0.0,
2026-08-03T18:36:55.516,415.555,deploying,,,,,False,,,35.9184062,139.9079523,,,25.61,1013.4496875,68.6337890625,307.75,2.75,-8.3125,0.55,1.48,9.7,0.0,-0.0625,-0.125,243,,stopped,0.0,0.0,
2026-08-03T18:36:56.017,416.056,deploying,,,,,False,,,35.9184062,139.9079523,,,25.61,1013.4496875,68.6337890625,307.75,2.75,-8.3125,0.56,1.48,9.67,0.0,0.125,0.0625,243,,stopped,0.0,0.0,
2026-08-03T18:36:56.517,416.556,deploying,,,,,False,,,35.9184062,139.9079523,,,25.56,1012.8564453125,68.8642578125,307.75,2.75,-8.3125,0.55,1.49,9.68,0.0,0.0,0.0625,243,,stopped,0.0,0.0,
2026-08-03T18:36:57.018,417.057,deploying,,,,,False,,,35.9184062,139.9079523,,,25.56,1012.8564453125,68.8642578125,307.75,2.75,-8.3125,0.53,1.49,9.71,0.0,0.0,0.125,243,,stopped,0.0,0.0,
2026-08-03T18:36:57.518,417.557,deploying,,,,,False,,,35.9184062,139.9079523,,,20.61,1005.05453125,68.5439453125,307.75,2.75,-8.3125,0.55,1.48,9.7,0.0,-0.125,-0.0625,243,,stopped,0.0,0.0,
2026-08-03T18:36:58.018,418.057,deploying,,,,,False,,,35.9184062,139.9079523,,,20.61,1005.05453125,68.5439453125,307.75,2.75,-8.3125,0.58,1.49,9.66,0.1875,0.125,0.125,243,,stopped,0.0,0.0,
2026-08-03T18:36:58.519,418.558,deploying,,,,,False,,,35.9184062,139.9079523,,,25.62,1012.972421875,68.712890625,307.75,2.75,-8.3125,0.56,1.49,9.69,0.0625,0.0,0.0625,243,,stopped,0.0,0.0,
2026-08-03T18:36:59.019,419.058,deploying,,,,,False,,,35.9184062,139.9079523,,,25.62,1012.972421875,68.712890625,307.75,2.75,-8.3125,0.57,1.48,9.68,-0.125,-0.0625,-0.0625,243,,stopped,0.0,0.0,
2026-08-03T18:36:59.520,419.559,deploying,,,,,False,,,35.9184062,139.9079523,,,25.62,1012.9807421875,68.7255859375,307.75,2.75,-8.3125,0.57,1.47,9.7,0.0625,-0.0625,-0.0625,243,,stopped,0.0,0.0,
2026-08-03T18:37:00.020,420.059,deploying,,,,,False,,,35.9184062,139.9079523,,,25.62,1012.9807421875,68.7255859375,307.75,2.75,-8.3125,0.56,1.49,9.66,-0.0625,0.0,0.0,243,,stopped,0.0,0.0,
2026-08-03T18:37:00.520,420.559,deploying,,,,,False,,,35.9184062,139.9079523,,,25.61,1012.9373828125,68.79296875,307.75,2.75,-8.3125,0.56,1.5,9.65,-0.0625,-0.0625,0.125,243,,stopped,0.0,0.0,
2026-08-03T18:37:01.021,421.060,deploying,,,,,False,,,35.9184062,139.9079523,,,25.61,1012.9373828125,68.79296875,313.4375,2.75,3.1875,1.86,0.6,8.66,-264.75,11.6875,-95.6875,243,,stopped,0.0,0.0,
2026-08-03T18:37:01.521,421.560,deploying,,,,,False,,,35.9184062,139.9079523,,,25.6,1012.97515625,68.859375,306.625,17.5625,78.375,4.29,-10.84,2.46,-63.75,-7.5625,38.5,115,,stopped,0.0,0.0,
2026-08-03T18:37:02.022,422.061,deploying,,,,,False,,,35.9184062,139.9079523,,,25.6,1012.97515625,68.859375,303.6875,10.875,82.125,0.96,-7.29,2.46,14.0625,-18.75,-3.8125,51,,stopped,0.0,0.0,
2026-08-03T18:37:02.522,422.561,deploying,,,,,False,,,35.9184062,139.9079523,,,25.59,1012.843125,68.8896484375,311.5625,9.375,79.5,1.39,-9.27,2.7,14.5,31.625,47.625,51,,stopped,0.0,0.0,
2026-08-03T18:37:03.022,423.061,deploying,,,,,False,,,35.9184062,139.9079523,,,25.59,1012.843125,68.8896484375,296.0625,7.6875,82.3125,1.11,-9.62,2.63,-28.25,-65.6875,-8.1875,179,,stopped,0.0,0.0,
2026-08-03T18:37:03.523,423.562,deploying,,,,,False,,,35.9184062,139.9079523,,,25.6,1012.8673046875,68.7685546875,272.6875,2.5,72.75,1.23,-8.31,1.16,26.6875,0.9375,31.875,179,,stopped,0.0,0.0,
2026-08-03T18:37:04.023,424.062,deploying,,,,,False,,,35.9184062,139.9079523,,,25.6,1012.8673046875,68.7685546875,272.5,4.6875,82.4375,1.38,-8.38,2.4,-3.8125,-1.625,1.0,243,,stopped,0.0,0.0,
2026-08-03T18:37:04.524,424.563,deploying,,,,,False,,,35.9184062,139.9079523,,,25.6,1012.8592578125,68.7216796875,273.5,7.3125,81.875,1.59,-10.0,1.98,33.25,56.1875,51.5625,243,,stopped,0.0,0.0,
2026-08-03T18:37:05.024,425.063,deploying,,,,,False,,,35.9184062,139.9079523,,,25.6,1012.8592578125,68.7216796875,286.5625,0.75,72.75,1.2,-11.69,1.34,-28.6875,43.4375,-64.0,243,,stopped,0.0,0.0,
2026-08-03T18:37:05.524,425.563,deploying,,,,,False,,,35.9184062,139.9079523,,,25.61,1012.875390625,68.677734375,330.5,16.875,88.8125,0.87,-9.68,2.56,-15.8125,13.875,4.5,243,,stopped,0.0,0.0,
2026-08-03T18:37:06.025,426.064,deploying,,,,,False,,,35.9184062,139.9079523,,,25.61,1012.875390625,68.677734375,306.0,-3.125,76.625,1.06,-9.58,1.2,60.9375,-44.1875,55.8125,243,,stopped,0.0,0.0,
2026-08-03T18:37:06.525,426.564,deploying,,,,,False,,,35.9184062,139.9079523,,,25.6,1012.92125,68.7236328125,310.75,7.125,74.375,0.54,-8.64,3.36,-9.4375,7.5625,-42.375,243,,stopped,0.0,0.0,
2026-08-03T18:37:07.026,427.065,deploying,,,,,False,,,35.9184062,139.9079523,,,25.64,1012.9591015625,68.5927734375,307.75,5.125,71.875,0.21,-9.28,3.98,-8.8125,-51.625,-5.0,243,,stopped,0.0,0.0,
2026-08-03T18:37:07.526,427.565,deploying,,,,,False,,,35.9184062,139.9079523,,,25.64,1012.9591015625,68.5927734375,281.625,1.625,64.25,1.05,-8.09,2.63,53.125,-49.5,21.625,243,,stopped,0.0,0.0,
2026-08-03T18:37:08.026,428.065,deploying,,,,,False,,,35.9184062,139.9079523,,,25.61,1012.9832421875,68.564453125,293.75,5.0625,66.9375,1.52,-9.87,3.42,-28.3125,38.125,-31.3125,243,,stopped,0.0,0.0,
2026-08-03T18:37:08.527,428.566,deploying,,,,,False,,,35.9184062,139.9079523,,,25.61,1012.9832421875,68.564453125,322.5625,12.625,78.1875,1.97,-11.67,3.61,-23.1875,25.625,-21.4375,243,,stopped,0.0,0.0,
2026-08-03T18:37:09.027,429.066,deploying,,,,,False,,,35.9184062,139.9079523,,,25.6,1012.92125,68.564453125,322.1875,7.125,55.5,2.0,-7.95,3.03,38.0625,17.25,1.9375,243,,stopped,0.0,0.0,
2026-08-03T18:37:09.528,429.567,deploying,,,,,False,,,35.9184062,139.9079523,,,25.6,1012.92125,68.564453125,345.75,5.8125,61.0625,1.54,-9.16,3.48,-26.9375,23.625,-16.75,243,,stopped,0.0,0.0,
2026-08-03T18:37:10.028,430.067,deploying,,,,,False,,,35.9184062,139.9079523,,,25.61,1012.910390625,68.521484375,347.875,18.875,75.375,1.52,-7.14,2.76,37.4375,-23.75,9.75,243,,stopped,0.0,0.0,
2026-08-03T18:37:10.528,430.567,deploying,,,,,False,,,35.9184062,139.9079523,,,25.61,1012.910390625,68.521484375,309.6875,15.5,60.0625,4.36,-11.73,3.78,70.75,-45.0625,3.625,243,,stopped,0.0,0.0,
2026-08-03T18:37:11.029,431.068,deploying,,,,,False,,,35.9184062,139.9079523,,,25.61,1012.9373828125,68.5322265625,315.5625,5.0625,-11.0,0.42,0.97,9.96,316.0,-14.75,-0.8125,179,,stopped,0.0,0.0,
2026-08-03T18:37:11.529,431.568,deploying,,,,,False,,,35.9184062,139.9079523,,,25.61,1012.9373828125,68.5322265625,314.875,6.3125,-13.625,1.22,1.82,9.54,0.1875,-0.1875,0.0625,115,,stopped,0.0,0.0,
2026-08-03T18:37:12.030,432.068,deploying,,,,,False,,,35.9184062,139.9079523,,,25.61,1012.9643359375,68.611328125,311.9375,6.625,-12.25,1.2,1.82,9.59,0.125,-0.0625,-0.0625,179,,stopped,0.0,0.0,
2026-08-03T18:37:12.530,432.569,deploying,,,,,False,,,35.9184062,139.9079523,,,25.61,1012.9643359375,68.611328125,310.0,6.6875,-11.8125,1.18,1.82,9.55,-0.0625,-0.125,-0.0625,179,,stopped,0.0,0.0,
2026-08-03T18:37:13.030,433.069,deploying,,,,,False,,,35.9184062,139.9079523,,,25.62,1012.953828125,68.6357421875,309.0625,6.75,-11.625,1.19,1.85,9.59,0.0,-0.125,0.0625,243,,stopped,0.0,0.0,
2026-08-03T18:37:13.531,433.570,deploying,,,,,False,,,35.9184062,139.9079523,,,25.62,1012.953828125,68.6357421875,316.6875,6.75,-11.5625,1.18,1.85,9.58,0.0,8.0,0.125,243,,stopped,0.0,0.0,
2026-08-03T18:37:14.031,434.070,deploying,,,,,False,,,35.9184062,139.9079523,,,25.63,1013.0508203125,68.6259765625,308.6875,6.75,-11.5625,1.18,1.87,9.6,0.0625,-0.0625,0.1875,243,,stopped,0.0,0.0,
2026-08-03T18:37:14.532,434.572,deploying,,,,,False,,,35.9184062,139.9079523,,,25.63,1013.0508203125,68.6259765625,308.6875,6.75,-11.5625,1.18,1.87,9.55,0.0,0.0,0.0,243,,stopped,0.0,0.0,
2026-08-03T18:37:15.032,435.071,deploying,,,,,False,,,35.9184062,139.9079523,,,25.62,1012.953828125,68.61328125,308.6875,6.75,-11.5625,1.19,1.89,9.58,0.0625,-0.0625,-0.125,243,,stopped,0.0,0.0,
2026-08-03T18:37:15.533,435.572,deploying,,,,,False,,,35.9184062,139.9079523,,,25.62,1012.953828125,68.61328125,308.6875,6.75,-11.5625,1.2,1.88,9.58,0.0,0.0,-0.0625,243,,stopped,0.0,0.0,
2026-08-03T18:37:16.033,436.072,deploying,,,,,False,,,35.9184062,139.9079523,,,25.63,1012.9699609375,68.693359375,308.6875,6.75,-11.5625,1.21,1.9,9.58,0.0,0.0625,-0.125,243,,stopped,0.0,0.0,
2026-08-03T18:37:16.534,436.573,deploying,,,,,False,,,35.9184062,139.9079523,,,25.63,1012.9699609375,68.693359375,308.6875,6.75,-11.5625,1.21,1.89,9.6,-0.125,-0.0625,0.1875,243,,stopped,0.0,0.0,
2026-08-03T18:37:17.034,437.073,deploying,,,,,False,,,35.9184062,139.9079523,,,25.64,1013.0049609375,68.7177734375,308.6875,6.75,-11.5625,1.21,1.89,9.51,-0.125,0.0625,-0.125,243,,stopped,0.0,0.0,
2026-08-03T18:37:17.534,437.573,deploying,,,,,False,,,35.9184062,139.9079523,,,25.64,1013.0049609375,68.7177734375,308.6875,6.75,-11.5625,1.18,1.91,9.59,0.125,0.0625,0.125,243,,stopped,0.0,0.0,
2026-08-03T18:37:18.035,438.074,deploying,,,,,False,,,35.9184062,139.9079523,,,25.63,1012.9699609375,68.603515625,308.6875,6.75,-11.5625,1.19,1.92,9.54,0.0,-0.0625,-0.0625,243,,stopped,0.0,0.0,
2026-08-03T18:37:18.535,438.574,deploying,,,,,False,,,35.9184062,139.9079523,,,25.63,1012.9699609375,68.603515625,308.6875,6.75,-11.5625,1.19,1.91,9.55,8.0625,0.125,0.0,243,,stopped,0.0,0.0,
2026-08-03T18:37:19.036,439.075,deploying,,,,,False,,,35.9184062,139.9079523,,,25.62,1012.953828125,68.6474609375,308.6875,6.75,-11.5625,1.19,1.91,9.55,0.0625,-0.0625,-0.125,243,,stopped,0.0,0.0,
2026-08-03T18:37:19.536,439.575,deploying,,,,,False,,,35.9184062,139.9079523,,,25.62,1012.953828125,68.6474609375,308.6875,6.75,-11.5625,1.18,1.89,9.58,0.0,-0.0625,0.0,243,,stopped,0.0,0.0,
2026-08-03T18:37:20.036,440.075,deploying,,,,,False,,,35.9184062,139.9079523,,,25.62,1012.9807421875,68.6240234375,308.6875,6.75,-11.5625,1.21,1.89,9.53,0.125,0.0,0.0,243,,stopped,0.0,0.0,
2026-08-03T18:37:20.537,440.576,deploying,,,,,False,,,35.9184062,139.9079523,,,25.62,1012.9807421875,68.6240234375,308.6875,6.75,-11.5625,1.18,1.91,9.57,0.0625,0.0625,0.0,243,,stopped,0.0,0.0,
2026-08-03T18:37:21.038,441.077,deploying,,,,,False,,,35.9184062,139.9079523,,,25.61,1012.9912890625,68.6337890625,308.6875,6.75,-11.5625,1.18,1.93,9.56,0.0625,0.0625,-0.0625,243,,stopped,0.0,0.0,
2026-08-03T18:37:21.539,441.578,deploying,,,,,False,,,35.9184062,139.9079523,,,25.61,1012.9912890625,68.6337890625,308.6875,6.75,-11.5625,1.2,1.9,9.58,-0.125,-0.0625,-0.0625,243,,stopped,0.0,0.0,
2026-08-03T18:37:22.039,442.078,deploying,,,,,False,,,35.9184062,139.9079523,,,25.62,1012.9807421875,68.669921875,308.6875,6.75,-11.5625,1.2,1.92,9.56,-0.0625,-0.0625,-0.0625,243,,stopped,0.0,0.0,
2026-08-03T18:37:22.539,442.578,deploying,,,,,False,,,35.9184062,139.9079523,,,25.62,1012.9807421875,68.669921875,308.6875,6.75,-11.5625,2.48,1.93,9.56,0.0,-0.1875,0.0,243,,stopped,0.0,0.0,
2026-08-03T18:37:23.040,443.079,deploying,,,,,False,,,35.9184062,139.9079523,,,25.6,1012.97515625,68.7119140625,308.6875,6.75,-11.5625,1.19,1.93,9.57,0.0,-0.0625,-0.0625,243,,stopped,0.0,0.0,
2026-08-03T18:37:23.540,443.579,deploying,,,,,False,,,35.9184062,139.9079523,,,25.6,1012.97515625,68.7119140625,308.6875,6.75,-11.5625,1.2,1.93,9.55,0.0625,0.0625,0.0625,243,,stopped,0.0,0.0,
2026-08-03T18:37:24.041,444.080,deploying,,,,,False,,,35.9184062,139.9079523,,,25.6,1013.002109375,68.4404296875,308.6875,6.75,-11.5625,1.19,1.92,9.57,0.0625,-0.125,-0.0625,243,,stopped,0.0,0.0,
2026-08-03T18:37:24.541,444.580,deploying,,,,,False,,,35.9184062,139.9079523,,,25.61,1013.045234375,68.7021484375,308.6875,6.75,-11.5625,1.17,1.93,9.57,0.0625,-0.0625,-0.125,243,,stopped,0.0,0.0,
2026-08-03T18:37:25.041,445.080,deploying,,,,,False,,,35.9184062,139.9079523,,,25.61,1013.045234375,68.7021484375,308.6875,6.75,-11.5625,1.18,1.92,9.55,0.0,-0.0625,0.0625,243,,stopped,0.0,0.0,
2026-08-03T18:37:25.542,445.581,deploying,,,,,False,,,35.9184062,139.9079523,,,25.61,1013.045234375,68.6455078125,308.6875,14.75,-11.5625,1.19,1.91,9.58,-0.25,0.125,0.0,243,,stopped,0.0,0.0,
2026-08-03T18:37:26.042,446.081,deploying,,,,,False,,,35.9184062,139.9079523,,,25.61,1013.045234375,68.6455078125,308.6875,6.75,-11.5625,1.21,1.92,9.56,0.0625,-0.0625,-0.0625,243,,stopped,0.0,0.0,
2026-08-03T18:37:26.543,446.582,deploying,,,,,False,,,35.9184062,139.9079523,,,25.61,1013.0371484375,68.689453125,308.6875,6.75,-11.5625,1.18,1.92,9.56,-0.0625,0.125,-0.25,243,,stopped,0.0,0.0,
2026-08-03T18:37:27.043,447.082,deploying,,,,,False,,,35.9184062,139.9079523,,,25.61,1013.0371484375,68.689453125,308.6875,6.75,-11.5625,1.2,1.91,9.53,-0.1875,0.0,0.0,243,,stopped,0.0,0.0,
2026-08-03T18:37:27.543,447.582,deploying,,,,,False,,,35.9184062,139.9079523,,,24.65,1011.3863671875,68.6240234375,308.6875,6.75,-11.5625,1.17,1.93,9.54,0.125,0.0625,-0.0625,243,,stopped,0.0,0.0,
2026-08-03T18:37:28.044,448.083,deploying,,,,,False,,,35.9184062,139.9079523,,,24.65,1011.3863671875,68.6240234375,308.6875,6.75,-11.5625,1.18,1.92,9.57,0.125,0.0625,-0.0625,243,,stopped,0.0,0.0,
2026-08-03T18:37:28.544,448.583,deploying,,,,,False,,,35.9184062,139.9079523,,,25.62,1012.999375,68.712890625,308.6875,14.75,-11.5625,1.2,1.93,9.52,0.0,-0.0625,-0.0625,243,,stopped,0.0,0.0,
2026-08-03T18:37:29.045,449.083,deploying,,,,,False,,,35.9184062,139.9079523,,,25.62,1012.999375,68.712890625,308.6875,6.75,-11.5625,1.2,1.94,9.56,-0.0625,-0.0625,-0.125,243,,stopped,0.0,0.0,
2026-08-03T18:37:29.545,449.584,deploying,,,,,False,,,35.9184062,139.9079523,,,25.61,1012.9832421875,68.74609375,308.6875,6.75,-11.5625,1.18,1.94,9.54,0.1875,0.0625,0.0,243,,stopped,0.0,0.0,
2026-08-03T18:37:30.045,450.084,recovering_gnss,,,,,False,,,35.9184062,139.9079523,,,25.61,1012.9832421875,68.7568359375,308.6875,6.75,-11.5625,1.2,1.94,9.57,0.125,0.0,0.0625,243,,stopped,0.0,0.0,
2026-08-03T18:37:31.560,451.599,recovering_gnss,,,,,False,,,35.9184062,139.9079523,,,25.61,1012.9832421875,68.7568359375,308.6875,6.75,-11.5625,1.18,1.94,9.54,0.0,-0.0625,0.0625,243,,stopped,0.0,0.0,
2026-08-03T18:37:32.060,452.103,recovering_gnss,,,,,False,,,35.9184062,139.9079523,,,25.61,1012.9832421875,68.7568359375,308.6875,6.75,-11.5625,1.16,1.93,9.55,0.0,-0.125,-0.0625,243,,stopped,0.0,0.0,
2026-08-03T18:37:32.561,452.600,recovering_gnss,,,,,False,,,35.9184062,139.9079523,,,25.6,1012.92125,68.7236328125,308.6875,6.75,-11.5625,1.21,1.93,9.54,-0.125,0.0625,-0.125,243,,stopped,0.0,0.0,
2026-08-03T18:37:33.061,453.100,clearing_landing_area,35.91806018333333,139.90831588333333,23.07,0.041155555555555556,True,22,1,35.9184062,139.9079523,50.52071546581069,319.6033224555956,25.6,1012.97515625,68.677734375,308.6875,6.75,-11.5625,1.19,1.93,9.55,8.0,-0.0625,0.125,243,-10.915822455595617,stopped,0.0,0.0,
2026-08-03T18:37:33.757,453.796,clearing_landing_area,35.91806018333333,139.90831588333333,23.07,0.041155555555555556,True,22,1,35.9184062,139.9079523,50.52071546581069,319.6033224555956,25.6,1012.97515625,68.677734375,308.6875,6.75,-11.5625,1.2,1.93,9.52,-0.0625,0.0625,0.0,243,-10.915822455595617,turn_right,5.0,-5.0,
2026-08-03T18:37:34.257,454.296,clearing_landing_area,35.9180603,139.9083161,23.08,0.020577777777777778,True,22,1,35.9184062,139.9079523,50.52348586990775,319.5769372418978,25.61,1012.9832421875,68.677734375,324.0,5.3125,-13.75,0.9,2.2,9.51,0.0,-0.125,-0.125,179,4.423062758102219,stopped,0.0,0.0,
2026-08-03T18:37:34.758,454.797,clearing_landing_area,35.9180603,139.9083161,23.08,0.020577777777777778,True,22,1,35.9184062,139.9079523,50.52348586990775,319.5769372418978,25.61,1012.9832421875,68.677734375,324.0,5.3125,-13.6875,0.89,2.21,9.51,-0.125,0.0,0.125,179,4.423062758102219,stopped,0.0,0.0,
2026-08-03T18:37:35.258,455.297,clearing_landing_area,35.9180603,139.9083161,23.085,0.08231111111111111,True,22,1,35.9184062,139.9079523,50.52348586990775,319.5769372418978,25.61,1012.9912890625,68.7021484375,324.0,5.3125,-13.5625,0.92,2.22,9.49,0.0,0.25,0.0625,179,4.423062758102219,stopped,0.0,0.0,
2026-08-03T18:37:35.758,455.797,clearing_landing_area,35.9180603,139.9083161,23.085,0.08231111111111111,True,22,1,35.9184062,139.9079523,50.52348586990775,319.5769372418978,25.61,1012.9912890625,68.7021484375,324.0,5.3125,-13.5625,0.91,2.18,9.48,0.0,0.0,0.0625,179,4.423062758102219,stopped,0.0,0.0,
2026-08-03T18:37:36.619,456.784,clearing_landing_area,35.918060583333336,139.90831628333333,23.084,0.12861111111111112,True,22,1,35.9184062,139.9079523,50.510217642324434,319.53950734638994,25.6,1012.9482421875,68.474609375,324.0,5.3125,-13.5625,0.91,2.21,9.51,0.0625,0.0,0.0,179,4.460492653610061,stopped,0.0,0.0,
2026-08-03T18:37:37.592,457.631,clearing_landing_area,35.918060583333336,139.90831628333333,23.084,0.12861111111111112,True,22,1,35.9184062,139.9079523,50.510217642324434,319.53950734638994,25.6,1012.9482421875,68.474609375,324.0,5.3125,-13.5625,0.91,2.19,9.51,0.0625,-0.1875,0.0625,179,4.460492653610061,stopped,0.0,0.0,
2026-08-03T18:37:38.093,458.132,clearing_landing_area,,,,,False,,,35.9184062,139.9079523,,,25.6,1012.9482421875,68.474609375,332.0,5.3125,-13.5625,0.92,2.21,9.51,0.0625,0.0,0.0,179,,stopped,0.0,0.0,
2026-08-03T18:37:38.595,458.634,clearing_landing_area,,,,,False,,,35.9184062,139.9079523,,,21.7,1006.705390625,68.3095703125,332.0,5.3125,-13.5625,0.91,2.2,9.54,0.0,0.125,0.125,179,,stopped,0.0,0.0,
2026-08-03T18:37:39.096,459.135,clearing_landing_area,35.91806078333333,139.90831638333333,23.082,0.12346666666666666,True,22,1,35.9184062,139.9079523,50.499145199364904,319.5153599025607,25.63,1012.961875,68.5009765625,324.0,5.3125,-13.5625,0.91,2.2,9.5,0.0625,0.0,-0.0625,179,4.484640097439296,stopped,0.0,0.0,
2026-08-03T18:37:39.793,459.832,clearing_landing_area,35.91806078333333,139.90831638333333,23.082,0.12346666666666666,True,22,1,35.9184062,139.9079523,50.499145199364904,319.5153599025607,25.63,1012.961875,68.5009765625,324.0,5.3125,-13.5625,0.89,2.2,9.49,0.125,0.0625,0.0625,179,4.484640097439296,stopped,0.0,0.0,
2026-08-03T18:37:40.293,460.332,clearing_landing_area,35.9180609,139.90831638333333,23.083,0.1028888888888889,True,22,1,35.9184062,139.9079523,50.48927909341414,319.50580198502155,25.63,1012.8890234375,68.478515625,324.0,5.3125,-13.5625,0.91,2.2,9.52,0.0,-0.0625,0.0,179,4.494198014978451,stopped,0.0,0.0,
2026-08-03T18:37:40.793,460.832,clearing_landing_area,35.9180609,139.90831638333333,23.083,0.1028888888888889,True,22,1,35.9184062,139.9079523,50.48927909341414,319.50580198502155,25.63,1012.8890234375,68.478515625,324.0,5.3125,-13.5625,0.91,2.17,9.5,0.0,0.0625,-0.125,179,4.494198014978451,stopped,0.0,0.0,
2026-08-03T18:37:41.294,461.333,clearing_landing_area,35.91806078333333,139.90831638333333,23.088,0.11317777777777778,True,22,1,35.9184062,139.9079523,50.499145199364904,319.5153599025607,25.64,1013.0130078125,68.48046875,324.0,5.3125,-13.5625,0.9,2.19,9.51,-0.0625,0.125,-0.0625,179,4.484640097439296,stopped,0.0,0.0,
2026-08-03T18:37:41.795,461.834,clearing_landing_area,35.91806078333333,139.90831638333333,23.088,0.11317777777777778,True,22,1,35.9184062,139.9079523,50.499145199364904,319.5153599025607,25.64,1013.0130078125,68.48046875,324.0,5.3125,-13.5625,2.18,2.2,9.52,0.0,-0.0625,0.0,179,4.484640097439296,stopped,0.0,0.0,
2026-08-03T18:37:42.295,462.334,clearing_landing_area,35.91806068333333,139.90831638333333,23.089,0.1852,True,22,1,35.9184062,139.9079523,50.507602979611356,319.52354943162436,25.64,1013.8408984375,68.6162109375,324.0,5.3125,-13.5625,0.92,2.22,9.49,0.125,0.125,-0.0625,179,4.47645056837564,stopped,0.0,0.0,
2026-08-03T18:37:42.797,462.836,clearing_landing_area,35.91806068333333,139.90831638333333,23.089,0.1852,True,22,1,35.9184062,139.9079523,50.507602979611356,319.52354943162436,25.64,1013.8408984375,68.6162109375,324.0,5.3125,-13.5625,0.92,2.2,9.5,0.125,0.0625,-0.0625,179,4.47645056837564,stopped,0.0,0.0,
2026-08-03T18:37:43.298,463.337,clearing_landing_area,35.91805948333333,139.90831488333333,23.126,0.08231111111111111,True,22,1,35.9184062,139.9079523,50.52177354181993,319.7383063379145,25.62,1012.8998828125,68.61328125,318.5625,5.625,-10.875,-1.87,0.73,10.98,16.5,-27.0625,-8.25,179,-1.17580633791448,forward,100.0,87.1625,
2026-08-03T18:37:43.798,463.837,clearing_landing_area,35.91805948333333,139.90831488333333,23.126,0.08231111111111111,True,22,1,35.9184062,139.9079523,50.52177354181993,319.7383063379145,25.62,1012.8998828125,68.61328125,320.6875,4.5625,-11.9375,1.5,1.6,8.83,-23.875,35.25,-22.5625,243,0.9491936620855199,forward,75.0,72.62812500000001,
2026-08-03T18:37:44.298,464.337,clearing_landing_area,35.918058583333334,139.90831438333333,23.215,0.8179666666666667,True,22,1,35.9184062,139.9079523,50.56913876091672,319.85051584478816,23.36,1009.37140625,68.427734375,323.1875,1.75,2.0625,0.99,-2.62,5.7,52.375,-10.1875,-4.5625,51,3.3369841552118373,reverse,-60.0,-60.0,
2026-08-03T18:37:44.799,464.838,clearing_landing_area,35.918058583333334,139.90831438333333,23.215,0.8179666666666667,True,22,1,35.9184062,139.9079523,50.56913876091672,319.85051584478816,23.36,1009.37140625,68.427734375,322.4375,4.5,-10.5,-2.24,6.27,9.88,3.4375,-61.25,11.0625,51,2.5869841552118373,reverse,-60.0,-60.0,
2026-08-03T18:37:45.299,465.338,clearing_landing_area,35.91806018333333,139.90830048333333,23.109,0.14918888888888887,True,22,1,35.9184062,139.9079523,49.63320209627535,320.82261233211204,25.63,1012.916015625,68.580078125,328.875,4.6875,-15.0625,-1.28,8.04,8.8,-29.375,-37.375,3.5,51,8.052387667887956,turn_right,5.0,-5.0,
2026-08-03T18:37:45.800,465.839,clearing_landing_area,35.91806018333333,139.90830048333333,23.109,0.14918888888888887,True,22,1,35.9184062,139.9079523,49.63320209627535,320.82261233211204,25.63,1012.916015625,68.580078125,329.875,12.75,-12.75,-0.14,1.71,9.52,-102.625,-2.3125,-23.625,51,9.052387667887956,turn_right,25.0,-25.0,
2026-08-03T18:37:46.301,466.340,clearing_landing_area,35.918056183333334,139.90830148333333,22.996,0.4321333333333333,True,22,1,35.9184062,139.9079523,50.03532614727972,321.06442581054256,25.64,1012.9860546875,68.853515625,348.9375,2.0,-13.5625,-0.13,1.85,9.52,-0.625,8.6875,-15.0,243,27.87307418945744,turn_right,30.0,-30.0,
2026-08-03T18:37:46.801,466.840,clearing_landing_area,35.918056183333334,139.90830148333333,22.996,0.4321333333333333,True,22,1,35.9184062,139.9079523,50.03532614727972,321.06442581054256,25.64,1012.9860546875,68.853515625,350.6875,1.8125,-13.8125,0.38,2.29,9.62,-1.3125,-1.5,-14.875,243,29.62307418945744,turn_right,30.0,-30.0,
2026-08-03T18:37:47.302,467.341,clearing_landing_area,35.91805218333333,139.90830158333333,22.933,0.3138111111111111,True,22,1,35.9184062,139.9079523,50.38769564194146,321.37430423093554,25.65,1012.994140625,68.515625,29.8125,-1.0625,-12.8125,0.08,0.8,9.84,10.5625,-6.8125,-64.375,179,68.43819576906446,turn_right,30.0,-30.0,
2026-08-03T18:37:47.802,467.841,clearing_landing_area,35.91805218333333,139.90830158333333,22.933,0.3138111111111111,True,22,1,35.9184062,139.9079523,50.38769564194146,321.37430423093554,25.65,1012.994140625,68.515625,37.875,-2.5,-13.6875,-0.94,2.7,9.54,-1.375,-14.375,-61.3125,179,76.50069576906446,turn_right,30.0,-30.0,
2026-08-03T18:37:48.303,468.342,clearing_landing_area,35.918048883333334,139.9083013,22.902,0.1028888888888889,True,22,1,35.9184062,139.9079523,50.65905145341068,321.65591497434997,21.39,1006.185078125,68.25,53.8125,-4.9375,-12.3125,-0.68,3.11,9.24,18.875,0.25,8.4375,179,92.15658502565003,forward,91.5125,100.0,
2026-08-03T18:37:48.803,468.842,clearing_landing_area,35.918048883333334,139.9083013,22.902,0.1028888888888889,True,22,1,35.9184062,139.9079523,50.65905145341068,321.65591497434997,21.39,1006.185078125,68.25,53.3125,-2.625,-12.4375,5.05,-1.9,11.6,-19.9375,-40.9375,-9.6875,179,91.65658502565003,forward,100.0,96.64375,
2026-08-03T18:37:49.304,469.343,clearing_landing_area,35.918050783333335,139.90830488333333,22.8,0.5093,True,22,1,35.9184062,139.9079523,50.69499672585181,321.2217431664217,25.59,1012.816171875,68.5625,60.9375,-2.75,-10.625,0.2,6.86,10.02,141.5,0.6875,-21.5625,179,99.71575683357833,stopped,0.0,0.0,
2026-08-03T18:37:49.805,469.844,clearing_landing_area,35.918050783333335,139.90830488333333,22.8,0.5093,True,22,1,35.9184062,139.9079523,50.69499672585181,321.2217431664217,25.59,1012.816171875,68.5625,61.75,-3.125,-12.1875,0.44,1.67,9.73,-47.9375,-5.5625,12.0625,179,100.52825683357833,turn_left,-25.0,25.0,
2026-08-03T18:37:50.308,470.347,clearing_landing_area,35.9180519,139.90830718333333,22.764,0.40126666666666666,True,22,1,35.9184062,139.9079523,50.72848336176405,320.9515399614294,25.64,1012.9860546875,68.7060546875,1.9375,1.75,-15.125,0.85,2.29,9.56,-5.375,5.5,36.8125,179,40.985960038570624,turn_left,-30.0,30.0,
2026-08-03T18:37:50.808,470.847,clearing_landing_area,35.9180519,139.90830718333333,22.764,0.40126666666666666,True,22,1,35.9184062,139.9079523,50.72848336176405,320.9515399614294,25.64,1012.9860546875,68.7060546875,354.875,1.875,-13.625,0.74,1.65,9.52,-12.875,25.25,96.6875,179,33.923460038570624,turn_left,-30.0,30.0,
2026-08-03T18:37:51.309,471.348,clearing_landing_area,35.9180525,139.9083094,22.717,0.23149999999999998,True,22,1,35.9184062,139.9079523,50.802805327706515,320.72930171496375,25.65,1012.975234375,68.7412109375,321.0,4.8125,-10.75,1.07,1.55,9.66,0.0,0.125,0.0,51,0.2706982850362465,stopped,0.0,0.0,
2026-08-03T18:37:51.809,471.848,clearing_landing_area,35.9180525,139.9083094,22.717,0.23149999999999998,True,22,1,35.9184062,139.9079523,50.802805327706515,320.72930171496375,25.65,1012.975234375,68.7412109375,321.0,5.0,-10.625,1.04,1.57,9.65,8.0,0.0,0.0625,51,0.2706982850362465,stopped,0.0,0.0,
2026-08-03T18:37:52.325,472.364,clearing_landing_area,35.918052683333336,139.9083095,22.642,0.21606666666666666,True,22,1,35.9184062,139.9079523,50.792727467178864,320.7068817412676,25.66,1013.0644921875,68.708984375,320.9375,5.5,-10.0,1.06,1.58,9.63,-0.0625,-0.0625,0.0,51,0.23061825873242014,stopped,0.0,0.0,
2026-08-03T18:37:52.835,472.874,clearing_landing_area,35.918052683333336,139.9083095,22.642,0.21606666666666666,True,22,1,35.9184062,139.9079523,50.792727467178864,320.7068817412676,25.66,1013.0186328125,68.6865234375,320.9375,5.5625,-9.9375,1.05,1.57,9.64,0.0625,0.125,-0.0625,51,0.23061825873242014,stopped,0.0,0.0,
2026-08-03T18:37:53.348,473.387,clearing_landing_area,35.918052683333336,139.9083095,22.587,0.19034444444444445,True,22,1,35.9184062,139.9079523,50.792727467178864,320.7068817412676,25.66,1013.0186328125,68.6865234375,320.875,5.6875,-9.8125,1.05,1.59,9.65,0.0625,0.0625,-0.0625,51,0.16811825873242014,stopped,0.0,0.0,
2026-08-03T18:37:53.858,473.896,clearing_landing_area,35.918052683333336,139.9083095,22.587,0.19034444444444445,True,22,1,35.9184062,139.9079523,50.792727467178864,320.7068817412676,25.67,1012.9538671875,68.6767578125,320.875,5.6875,-9.8125,1.07,1.57,9.63,0.0625,-0.0625,0.0,51,0.16811825873242014,stopped,0.0,0.0,
2026-08-03T18:37:54.358,474.397,clearing_landing_area,35.9180524,139.90830878333333,22.546,0.15947777777777777,True,22,1,35.9184062,139.9079523,50.776287327900754,320.78575434411135,25.68,1012.9430078125,68.6337890625,320.875,5.6875,-9.8125,2.33,1.57,9.66,-0.0625,-0.0625,0.0625,51,0.08924565588864652,stopped,0.0,0.0,
2026-08-03T18:37:54.859,474.898,clearing_landing_area,35.9180524,139.90830878333333,22.546,0.15947777777777777,True,22,1,35.9184062,139.9079523,50.776287327900754,320.78575434411135,25.68,1012.9430078125,68.6337890625,320.875,5.6875,-9.8125,1.08,1.56,9.67,-0.0625,-0.0625,0.0625,51,0.08924565588864652,stopped,0.0,0.0,
2026-08-03T18:37:55.359,475.398,clearing_landing_area,35.918052583333335,139.90830888333332,22.545,0.1028888888888889,True,22,1,35.9184062,139.9079523,50.766189887533116,320.7633338729916,25.71,1012.9916796875,68.5478515625,320.875,5.6875,-9.8125,1.05,1.58,9.63,0.0625,0.1875,-0.0625,51,0.11166612700839096,stopped,0.0,0.0,
2026-08-03T18:37:55.859,475.898,clearing_landing_area,35.918052583333335,139.90830888333332,22.545,0.1028888888888889,True,22,1,35.9184062,139.9079523,50.766189887533116,320.7633338729916,25.71,1012.9916796875,68.5478515625,320.875,5.6875,-9.8125,1.06,1.56,9.64,0.0,0.125,0.0,51,0.11166612700839096,stopped,0.0,0.0,
2026-08-03T18:37:56.360,476.399,clearing_landing_area,35.918052583333335,139.90830888333332,22.542,0.15947777777777777,True,22,1,35.9184062,139.9079523,50.766189887533116,320.7633338729916,25.71,1013.018671875,68.626953125,320.875,5.6875,-9.8125,1.05,1.57,9.62,0.0,0.0625,-0.125,51,0.11166612700839096,stopped,0.0,0.0,
2026-08-03T18:37:56.860,476.899,clearing_landing_area,35.918052583333335,139.90830888333332,22.542,0.15947777777777777,True,22,1,35.9184062,139.9079523,50.766189887533116,320.7633338729916,25.71,1013.018671875,68.626953125,320.875,5.6875,-9.8125,1.06,1.58,9.63,0.0625,0.125,-0.125,51,0.11166612700839096,stopped,0.0,0.0,
2026-08-03T18:37:57.365,477.404,clearing_landing_area,35.91805228333333,139.90830868333333,22.538,0.18005555555555552,True,22,1,35.9184062,139.9079523,50.780647429075174,320.80288047879765,25.72,1013.0351171875,68.673828125,320.875,5.6875,-9.8125,1.08,1.57,9.65,0.0,0.1875,-0.0625,51,0.0721195212023531,stopped,0.0,0.0,
2026-08-03T18:37:57.875,477.914,clearing_landing_area,35.91805228333333,139.90830868333333,22.538,0.18005555555555552,True,22,1,35.9184062,139.9079523,50.780647429075174,320.80288047879765,25.72,1013.0351171875,68.673828125,320.875,5.6875,-9.8125,2.34,1.58,9.66,0.0,0.125,-0.125,51,0.0721195212023531,stopped,0.0,0.0,
2026-08-03T18:37:58.375,478.414,clearing_landing_area,35.918051983333335,139.90830838333332,22.546,0.16462222222222223,True,22,1,35.9184062,139.9079523,50.789443244721156,320.85028175191326,25.73,1013.0242578125,68.5166015625,317.6875,4.0625,-14.0,6.95,0.78,9.71,-26.125,10.6875,-17.875,243,-3.1627817519132577,forward,100.0,97.95,
2026-08-03T18:37:58.876,478.915,clearing_landing_area,35.918051983333335,139.90830838333332,22.546,0.16462222222222223,True,22,1,35.9184062,139.9079523,50.789443244721156,320.85028175191326,25.73,1013.0242578125,68.5166015625,318.875,3.0,-10.0,4.45,0.56,10.08,-60.75,52.6875,23.1875,243,-1.9752817519132577,forward,75.0,72.84375,
2026-08-03T18:37:59.376,479.415,clearing_landing_area,35.9180519,139.908308,22.545,0.7922444444444444,True,22,1,35.9184062,139.9079523,50.77484556728247,320.8870913091291,25.73,1013.0242578125,68.5166015625,323.125,3.375,-3.4375,-0.02,0.29,18.0,-13.5,2.0625,-17.625,179,2.2379086908708814,reverse,-60.0,-60.0,
2026-08-03T18:37:59.877,479.916,clearing_landing_area,35.9180519,139.908308,22.545,0.7922444444444444,True,22,1,35.9184062,139.9079523,50.77484556728247,320.8870913091291,25.73,1012.9703125,68.9462890625,324.4375,4.125,-6.3125,0.89,0.76,3.75,10.25,-73.8125,47.375,179,3.5504086908708814,reverse,-60.0,-60.0,
2026-08-03T18:38:00.377,480.416,clearing_landing_area,35.918056283333335,139.90830068333332,22.4,0.5607444444444445,True,22,1,35.9184062,139.9079523,49.981426632813175,321.12065312204106,25.75,1012.9675390625,68.689453125,325.0625,4.125,-13.75,-0.97,7.07,12.36,-40.0,-38.375,1.875,179,3.9418468779589375,turn_right,5.0,-5.0,
2026-08-03T18:38:00.878,480.917,clearing_landing_area,35.918056283333335,139.90830068333332,22.4,0.5607444444444445,True,22,1,35.9184062,139.9079523,49.981426632813175,321.12065312204106,25.75,1012.9675390625,68.689453125,326.5625,4.1875,-12.3125,0.33,1.25,9.31,-61.5,-1.375,-28.625,115,5.4418468779589375,turn_right,25.0,-25.0,
2026-08-03T18:38:01.379,481.418,clearing_landing_area,35.9180542,139.9083003,22.59,0.2109222222222222,True,22,1,35.9184062,139.9079523,50.14039225039963,321.31751791655927,25.72,1012.9541796875,68.3681640625,14.0625,1.875,-5.6875,0.08,1.13,9.54,0.5,-20.6875,-122.375,179,52.74498208344073,turn_right,30.0,-30.0,
2026-08-03T18:38:01.882,481.921,clearing_landing_area,35.9180542,139.9083003,22.59,0.2109222222222222,True,22,1,35.9184062,139.9079523,50.14039225039963,321.31751791655927,25.72,1012.9541796875,68.3681640625,26.625,0.6875,-15.375,1.29,2.78,9.12,11.25,-18.75,-76.1875,179,65.30748208344073,turn_right,30.0,-30.0,
2026-08-03T18:38:02.383,482.422,clearing_landing_area,35.91805278333333,139.9083008,22.341,0.11832222222222223,True,22,1,35.9184062,139.9079523,50.291541819266975,321.3896412757871,25.72,1012.9458203125,68.6162109375,75.9375,-2.9375,-10.75,1.4,0.48,9.59,15.9375,-5.625,-116.5,51,114.54785872421292,forward,100.0,100.0,
2026-08-03T18:38:02.884,482.923,clearing_landing_area,35.91805278333333,139.9083008,22.341,0.11832222222222223,True,22,1,35.9184062,139.9079523,50.291541819266975,321.3896412757871,25.72,1012.9458203125,68.6162109375,84.0,-4.125,-22.5625,-0.4,7.28,5.55,-37.875,-23.4375,-35.9375,51,122.61035872421292,forward,92.55625,100.0,
2026-08-03T18:38:03.384,483.423,clearing_landing_area,35.918053183333335,139.90830498333332,22.164,0.3446777777777778,True,22,1,35.9184062,139.9079523,50.49289344536046,321.02411641319253,25.73,1012.9163671875,69.0029296875,69.9375,-2.5625,-13.3125,-0.65,-1.18,13.05,26.0,-10.375,5.9375,115,108.91338358680747,forward,100.0,79.575,
2026-08-03T18:38:03.886,483.925,clearing_landing_area,35.918053183333335,139.90830498333332,22.164,0.3446777777777778,True,22,1,35.9184062,139.9079523,50.49289344536046,321.02411641319253,25.73,1012.9163671875,69.0029296875,71.5625,-0.6875,-8.9375,4.21,-1.91,7.7,-58.0625,-2.625,-24.4375,115,110.53838358680747,forward,50.448750000000004,48.3175,
2026-08-03T18:38:04.386,484.425,clearing_landing_area,35.9180555,139.90831388333334,22.138,0.6636333333333333,True,22,1,35.9184062,139.9079523,50.80281237909285,320.13865024500143,25.73,1012.98921875,68.765625,359.375,0.875,-15.625,0.12,2.28,11.4,-40.875,19.0,92.0625,115,39.23634975499857,turn_left,-30.0,30.0,
2026-08-03T18:38:04.887,484.926,clearing_landing_area,35.9180555,139.90831388333334,22.138,0.6636333333333333,True,22,1,35.9184062,139.9079523,50.80281237909285,320.13865024500143,25.73,1012.98921875,68.765625,348.75,1.9375,-13.625,-0.43,2.38,9.06,2.6875,16.3125,64.75,115,28.61134975499857,turn_left,-30.0,30.0,
2026-08-03T18:38:05.387,485.426,clearing_landing_area,35.918056183333334,139.9083162,22.149,0.21606666666666666,True,22,1,35.9184062,139.9079523,50.87862792802432,319.9034744861055,25.72,1012.999765625,68.4912109375,320.4375,2.6875,-11.25,0.57,1.81,9.6,0.0625,0.0,0.0625,115,0.5340255138945054,stopped,0.0,0.0,
2026-08-03T18:38:05.887,485.926,clearing_landing_area,35.918056183333334,139.9083162,22.149,0.21606666666666666,True,22,1,35.9184062,139.9079523,50.87862792802432,319.9034744861055,25.72,1012.999765625,68.4912109375,320.4375,2.75,-11.1875,0.55,1.8,9.61,0.0625,-0.125,-0.125,115,0.5340255138945054,stopped,0.0,0.0,
2026-08-03T18:38:06.395,486.434,clearing_landing_area,35.91805648333333,139.9083166,22.057,0.09774444444444444,True,22,1,35.9184062,139.9079523,50.876333816164745,319.84824706654,23.45,1009.8313671875,68.3505859375,320.4375,2.875,-11.0625,0.56,1.8,9.6,0.0625,0.0,-0.0625,115,0.5892529334599885,stopped,0.0,0.0,
2026-08-03T18:38:06.895,486.934,clearing_landing_area,35.91805648333333,139.9083166,22.057,0.09774444444444444,True,22,1,35.9184062,139.9079523,50.876333816164745,319.84824706654,23.45,1009.8313671875,68.3505859375,320.4375,2.875,-11.0625,0.55,1.79,9.61,0.0,0.0,-0.0625,115,0.5892529334599885,stopped,0.0,0.0,
2026-08-03T18:38:07.396,487.435,clearing_landing_area,35.91805698333334,139.90831718333334,21.975,0.1028888888888889,True,22,1,35.9184062,139.9079523,50.8677675641023,319.762642326402,25.74,1012.9594921875,68.326171875,320.4375,2.875,-11.0625,0.56,1.82,9.63,0.0625,0.0,0.125,115,0.6748576735980123,stopped,0.0,0.0,
2026-08-03T18:38:07.896,487.935,clearing_landing_area,35.91805698333334,139.90831718333334,21.975,0.1028888888888889,True,22,1,35.9184062,139.9079523,50.8677675641023,319.762642326402,25.74,1012.9594921875,68.326171875,320.4375,2.875,-11.0625,0.56,1.82,9.62,0.0625,-0.0625,0.0,115,0.6748576735980123,stopped,0.0,0.0,
2026-08-03T18:38:08.397,488.436,clearing_landing_area,35.918057383333334,139.90831748333332,21.908,0.0926,True,22,1,35.9184062,139.9079523,50.85128901238919,319.7070339633846,25.74,1012.905546875,68.314453125,320.4375,2.875,-11.0625,0.57,1.81,9.62,0.0625,-0.25,-0.0625,115,0.7304660366153826,stopped,0.0,0.0,
2026-08-03T18:38:08.897,488.936,clearing_landing_area,35.918057383333334,139.90831748333332,21.908,0.0926,True,22,1,35.9184062,139.9079523,50.85128901238919,319.7070339633846,25.74,1012.905546875,68.314453125,320.4375,2.875,-11.0625,0.55,1.78,9.63,0.0,0.0625,-0.125,115,0.7304660366153826,stopped,0.0,0.0,
2026-08-03T18:38:09.397,489.436,clearing_landing_area,35.918057383333334,139.90831748333332,21.907,0.05144444444444445,True,22,1,35.9184062,139.9079523,50.85128901238919,319.7070339633846,25.75,1012.940546875,68.40625,320.4375,2.875,-11.0625,0.55,1.79,9.61,0.0625,0.0,0.1875,115,0.7304660366153826,stopped,0.0,0.0,
2026-08-03T18:38:09.898,489.937,clearing_landing_area,35.918057383333334,139.90831748333332,21.907,0.05144444444444445,True,22,1,35.9184062,139.9079523,50.85128901238919,319.7070339633846,25.75,1012.940546875,68.40625,320.4375,2.875,-11.0625,0.56,1.8,9.6,8.0,-0.0625,-0.0625,115,0.7304660366153826,stopped,0.0,0.0,
2026-08-03T18:38:10.398,490.437,clearing_landing_area,35.918057483333335,139.9083176,21.909,0.030866666666666664,True,22,1,35.9184062,139.9079523,50.84960414895338,319.68990216734204,25.72,1012.900234375,68.4248046875,320.4375,2.875,-11.0625,0.55,1.82,9.63,-0.0625,0.0,0.0,115,0.7475978326579593,stopped,0.0,0.0,
2026-08-03T18:38:10.899,490.938,clearing_landing_area,35.918057483333335,139.9083176,21.909,0.030866666666666664,True,22,1,35.9184062,139.9079523,50.84960414895338,319.68990216734204,25.72,1012.900234375,68.4248046875,320.4375,2.875,-11.0625,0.57,1.8,9.6,0.0,0.0,0.0625,115,0.7475978326579593,stopped,0.0,0.0,
2026-08-03T18:38:11.399,491.438,clearing_landing_area,35.918057583333336,139.9083176,21.91,0.11832222222222223,True,22,1,35.9184062,139.9079523,50.84112544050415,319.681795434617,25.75,1012.921640625,68.361328125,320.4375,2.875,-11.0625,0.56,1.8,9.62,0.0,0.0625,0.0,115,0.7557045653829846,forward,100.0,100.0,
2026-08-03T18:38:11.900,491.938,clearing_landing_area,35.918057583333336,139.9083176,21.91,0.11832222222222223,True,22,1,35.9184062,139.9079523,50.84112544050415,319.681795434617,25.75,1012.921640625,68.361328125,319.5,3.25,-17.6875,1.77,1.56,10.53,-255.0625,6.875,-11.0,115,-0.18179543461701542,forward,100.0,98.1625,
2026-08-03T18:38:12.400,492.439,clearing_landing_area,35.91805778333333,139.90831738333333,21.907,0.6739222222222222,True,22,1,35.9184062,139.9079523,50.81154463326736,319.6823447641272,25.77,1012.973125,68.3525390625,320.0,2.0625,-13.5625,-4.13,3.93,16.52,42.3125,-15.625,1.8125,115,0.31765523587279176,forward,93.1125,100.0,
2026-08-03T18:38:12.900,492.939,clearing_landing_area,35.91805778333333,139.90831738333333,21.907,0.6739222222222222,True,22,1,35.9184062,139.9079523,50.81154463326736,319.6823447641272,25.77,1012.973125,68.3525390625,319.75,4.1875,-11.6875,-3.43,0.8,11.55,-46.0625,6.1875,3.1875,115,0.06765523587279176,forward,63.322187500000005,62.20093750000001,
2026-08-03T18:38:13.402,493.441,clearing_landing_area,35.91806378333333,139.90831058333333,21.975,0.8797,True,23,1,35.9184062,139.9079523,49.90665318346895,319.7227813678873,25.77,1012.9111328125,68.44140625,317.8125,1.0,-11.9375,0.14,1.97,9.59,-0.3125,0.0,-0.375,243,-1.9102813678873076,stopped,0.0,0.0,
2026-08-03T18:38:13.902,493.941,clearing_landing_area,35.91806378333333,139.90831058333333,21.975,0.8797,True,23,1,35.9184062,139.9079523,49.90665318346895,319.7227813678873,25.77,1012.9111328125,68.44140625,317.8125,1.0,-11.9375,0.2,1.98,9.6,0.25,-0.0625,0.0625,243,-1.9102813678873076,stopped,0.0,0.0,
2026-08-03T18:38:14.402,494.441,clearing_landing_area,35.9180677,139.90830548333332,22.069,0.6842111111111112,True,23,1,35.9184062,139.9079523,49.27752834782716,319.8028097350579,25.78,1012.9272265625,68.43359375,317.8125,1.0,-11.9375,0.27,1.96,9.59,0.125,0.125,-0.0625,243,-1.990309735057906,stopped,0.0,0.0,
2026-08-03T18:38:14.903,494.942,clearing_landing_area,35.9180677,139.90830548333332,22.069,0.6842111111111112,True,23,1,35.9184062,139.9079523,49.27752834782716,319.8028097350579,25.78,1012.9272265625,68.43359375,317.8125,1.0,-11.9375,0.24,1.97,9.6,0.0,-0.0625,-0.125,243,-1.990309735057906,stopped,0.0,0.0,
2026-08-03T18:38:15.403,495.442,clearing_landing_area,35.91807048333333,139.9083008,22.133,0.5916111111111111,True,22,1,35.9184062,139.9079523,48.76908126844593,319.9465914227084,25.76,1012.9569921875,68.41796875,317.8125,1.0,-11.9375,0.24,1.96,9.61,0.0625,-0.125,0.0625,243,-2.1340914227084227,stopped,0.0,0.0,
2026-08-03T18:38:15.904,495.943,clearing_landing_area,35.91807048333333,139.9083008,22.133,0.5916111111111111,True,22,1,35.9184062,139.9079523,48.76908126844593,319.9465914227084,25.76,1012.9569921875,68.41796875,317.8125,1.0,-11.9375,0.26,1.99,9.59,0.0625,-0.0625,-0.0625,243,-2.1340914227084227,stopped,0.0,0.0,
2026-08-03T18:38:16.405,496.444,clearing_landing_area,35.9180731,139.90829718333333,22.189,0.5556,True,22,1,35.9184062,139.9079523,48.33682659445258,320.02015525967084,25.79,1012.95171875,68.400390625,317.8125,1.0,-11.9375,0.25,1.98,9.59,0.0,0.0,0.0,243,-2.207655259670844,stopped,0.0,0.0,
2026-08-03T18:38:16.905,496.944,clearing_landing_area,35.9180731,139.90829718333333,22.189,0.5556,True,22,1,35.9184062,139.9079523,48.33682659445258,320.02015525967084,25.79,1012.95171875,68.400390625,317.8125,1.0,-11.9375,0.24,1.99,9.57,-0.0625,-0.125,-0.0625,243,-2.207655259670844,stopped,0.0,0.0,
2026-08-03T18:38:17.405,497.444,clearing_landing_area,35.918071383333334,139.9082965,22.216,0.2829444444444445,True,22,1,35.9184062,139.9079523,48.44385576296581,320.22098164756073,25.8,1012.9870703125,68.345703125,317.8125,1.0,-11.9375,1.52,1.99,9.57,0.0625,-0.125,-0.0625,243,-2.408481647560734,stopped,0.0,0.0,
2026-08-03T18:38:17.906,497.945,clearing_landing_area,35.918071383333334,139.9082965,22.216,0.2829444444444445,True,22,1,35.9184062,139.9079523,48.44385576296581,320.22098164756073,25.8,1012.9870703125,68.345703125,317.8125,1.0,-11.9375,1.53,1.97,9.57,0.0,-0.1875,0.125,243,-2.408481647560734,stopped,0.0,0.0,
2026-08-03T18:38:18.408,498.447,clearing_landing_area,35.91807168333333,139.90829548333335,22.179,0.2726555555555556,True,22,1,35.9184062,139.9079523,48.35966593322829,320.27905478389357,25.82,1013.0273828125,68.2255859375,317.8125,1.0,-11.9375,0.24,1.95,9.59,0.0625,0.0,0.0,243,-2.466554783893571,stopped,0.0,0.0,
2026-08-03T18:38:18.909,498.948,clearing_landing_area,35.91807168333333,139.90829548333335,22.179,0.2726555555555556,True,22,1,35.9184062,139.9079523,48.35966593322829,320.27905478389357,25.82,1013.0273828125,68.2255859375,317.8125,1.0,-11.9375,0.25,1.98,9.56,0.0625,-0.1875,0.0,243,-2.466554783893571,stopped,0.0,0.0,
2026-08-03T18:38:19.409,499.448,clearing_landing_area,35.918071983333334,139.90829548333335,22.125,0.2520777777777778,True,22,1,35.9184062,139.9079523,48.33401242713597,320.25378449453046,25.83,1012.981484375,68.236328125,313.75,3.25,-11.6875,1.2,4.63,11.67,25.1875,-42.625,-2.375,115,-6.503784494530464,forward,100.0,89.725,
2026-08-03T18:38:19.914,499.953,clearing_landing_area,35.918071983333334,139.90829548333335,22.125,0.2520777777777778,True,22,1,35.9184062,139.9079523,48.33401242713597,320.25378449453046,25.83,1012.981484375,68.236328125,314.5625,3.4375,-11.0625,-0.85,2.43,6.84,-37.375,11.75,-18.5,115,-5.691284494530464,forward,100.0,98.04375,
2026-08-03T18:38:20.415,500.454,clearing_landing_area,35.91807298333333,139.90829338333333,22.086,0.2880888888888889,True,22,1,35.9184062,139.9079523,48.12765965314956,320.3422445728877,25.83,1013.0084765625,68.2705078125,313.5,1.8125,7.3125,0.0,-4.11,6.9,28.3125,12.0,-0.625,115,-6.842244572887694,reverse,-60.0,-60.0,
2026-08-03T18:38:20.922,500.961,clearing_landing_area,35.91807298333333,139.90829338333333,22.086,0.2880888888888889,True,22,1,35.9184062,139.9079523,48.12765965314956,320.3422445728877,25.83,1013.0084765625,68.2705078125,313.5,1.375,6.25,0.69,0.37,1.41,59.375,14.625,-9.125,115,-6.842244572887694,reverse,-60.0,-60.0,
2026-08-03T18:38:21.423,501.461,clearing_landing_area,35.918064783333335,139.90830788333332,22.112,0.37554444444444446,True,22,1,35.9184062,139.9079523,49.66476277916575,319.85384831800616,21.18,1005.6389453125,67.9267578125,318.0,2.6875,-7.3125,-1.62,0.23,17.83,-70.4375,38.25,9.0,243,-1.8538483180061576,reverse,-60.0,-60.0,
2026-08-03T18:38:21.924,501.963,clearing_landing_area,35.918064783333335,139.90830788333332,22.112,0.37554444444444446,True,22,1,35.9184062,139.9079523,49.66476277916575,319.85384831800616,21.18,1005.6389453125,67.9267578125,316.625,4.1875,-9.0625,3.15,5.54,9.26,302.125,45.125,-29.3125,243,-3.2288483180061576,turn_right,10.0,-10.0,
2026-08-03T18:38:22.424,502.463,clearing_landing_area,35.91806428333334,139.90830838333332,22.14,0.3446777777777778,True,22,1,35.9184062,139.9079523,49.736291659440916,319.8554935640029,25.83,1012.9359375,68.19140625,11.8125,-0.0625,-11.25,0.21,1.07,9.86,-10.8125,-11.6875,-75.25,51,51.95700643599707,turn_right,30.0,-30.0,
2026-08-03T18:38:22.925,502.964,clearing_landing_area,35.91806428333334,139.90830838333332,22.14,0.3446777777777778,True,22,1,35.9184062,139.9079523,49.736291659440916,319.8554935640029,25.83,1012.9359375,68.19140625,21.875,-0.625,-11.125,-0.8,1.41,9.0,13.625,-10.9375,-74.5,51,62.01950643599707,turn_right,30.0,-30.0,
2026-08-03T18:38:23.425,503.464,clearing_landing_area,35.91806388333333,139.90830598333332,22.18,0.12861111111111112,True,22,1,35.9184062,139.9079523,49.63133085296998,320.07932002776676,25.84,1012.9790234375,68.1494140625,36.0625,-1.375,-14.625,3.63,-0.79,9.06,-10.375,-65.0,41.0,51,75.98317997223324,forward,94.53125,100.0,
2026-08-03T18:38:23.927,503.966,clearing_landing_area,35.91806388333333,139.90830598333332,22.18,0.12861111111111112,True,22,1,35.9184062,139.9079523,49.63133085296998,320.07932002776676,25.84,1012.9790234375,68.1494140625,32.625,0.3125,-13.3125,4.29,2.12,15.29,8.0,-68.9375,-44.5625,51,72.54567997223324,forward,100.0,87.99375,
2026-08-03T18:38:24.427,504.466,clearing_landing_area,35.91806568333333,139.90830878333333,22.119,0.23664444444444446,True,22,1,35.9184062,139.9079523,49.64068005750747,319.7078700399787,25.84,1012.925078125,68.1943359375,44.5,-1.375,-12.625,2.49,3.41,9.9,49.25,-62.625,-2.8125,51,84.79212996002133,forward,42.90125,70.0,
2026-08-03T18:38:24.928,504.967,clearing_landing_area,35.91806568333333,139.90830878333333,22.119,0.23664444444444446,True,22,1,35.9184062,139.9079523,49.64068005750747,319.7078700399787,25.84,1012.925078125,68.1943359375,43.875,1.0625,-10.375,1.55,2.32,7.56,-44.75,1.25,-2.875,51,84.16712996002133,forward,31.395,31.036249999999995,
2026-08-03T18:38:25.429,505.468,clearing_landing_area,35.9180664,139.90831048333334,22.083,0.24178888888888886,True,22,1,35.9184062,139.9079523,49.679181186630004,319.5137637669038,25.84,1013.024921875,68.056640625,346.25,2.875,-10.4375,0.67,2.45,9.59,7.6875,14.5,115.875,51,26.73623623309618,turn_left,-30.0,30.0,
2026-08-03T18:38:25.933,505.971,clearing_landing_area,35.9180664,139.90831048333334,22.083,0.24178888888888886,True,22,1,35.9184062,139.9079523,49.679181186630004,319.5137637669038,25.84,1013.024921875,68.056640625,331.9375,2.125,-8.4375,0.79,1.35,10.09,-0.4375,22.25,145.125,51,12.423736233096179,turn_left,-30.0,30.0,
2026-08-03T18:38:26.433,506.472,clearing_landing_area,35.9180665,139.90831168333332,22.065,0.2109222222222222,True,22,1,35.9184062,139.9079523,49.74096561542015,319.41077729499904,25.86,1012.9492578125,68.0263671875,315.5625,1.9375,-7.1875,0.44,1.25,9.72,-0.0625,0.125,0.0625,115,-3.8482772949990363,stopped,0.0,0.0,
2026-08-03T18:38:26.933,506.972,clearing_landing_area,35.9180665,139.90831168333332,22.065,0.2109222222222222,True,22,1,35.9184062,139.9079523,49.74096561542015,319.41077729499904,25.86,1012.9492578125,68.0263671875,315.5625,2.0,-7.1875,0.46,1.23,9.71,-0.0625,0.0,-0.0625,115,-3.8482772949990363,stopped,0.0,0.0,
2026-08-03T18:38:27.434,507.473,clearing_landing_area,35.918066583333335,139.9083123,22.068,0.14918888888888887,True,22,1,35.9184062,139.9079523,49.77008311654244,319.35528983213834,25.85,1012.91421875,67.9462890625,315.5625,2.0625,-7.1875,0.44,1.25,9.73,8.0625,0.0,0.125,115,-3.7927898321383395,stopped,0.0,0.0,
2026-08-03T18:38:27.936,507.975,clearing_landing_area,35.918066583333335,139.9083123,22.068,0.14918888888888887,True,22,1,35.9184062,139.9079523,49.77008311654244,319.35528983213834,25.86,1012.9573046875,68.0390625,315.5625,2.0625,-7.1875,0.43,1.24,9.72,0.0625,-0.0625,0.0625,115,-3.7927898321383395,stopped,0.0,0.0,
2026-08-03T18:38:28.438,508.477,clearing_landing_area,35.918066683333336,139.90831268333332,22.072,0.05658888888888889,True,22,1,35.9184062,139.9079523,49.78414239824683,319.316809888928,25.86,1012.9573046875,68.0390625,315.5625,2.0625,-7.1875,0.43,1.24,9.72,0.0625,0.0625,0.0,115,-3.754309888927992,stopped,0.0,0.0,
2026-08-03T18:38:28.938,508.977,clearing_landing_area,35.918066683333336,139.90831268333332,22.072,0.05658888888888889,True,22,1,35.9184062,139.9079523,49.78414239824683,319.316809888928,25.86,1012.984296875,68.015625,315.5625,2.0625,-7.1875,0.44,1.24,9.72,-0.0625,0.0625,0.0,115,-3.754309888927992,stopped,0.0,0.0,
2026-08-03T18:38:29.439,509.478,clearing_landing_area,35.918066683333336,139.9083128,22.076,0.06173333333333333,True,22,1,35.9184062,139.9079523,49.790991685504586,319.30764210519635,25.86,1012.984296875,68.015625,315.5625,2.0625,-7.1875,0.42,1.25,9.72,0.0,-0.125,0.0,115,-3.7451421051963507,stopped,0.0,0.0,
2026-08-03T18:38:29.940,509.979,clearing_landing_area,35.918066683333336,139.9083128,22.076,0.06173333333333333,True,22,1,35.9184062,139.9079523,49.790991685504586,319.30764210519635,25.87,1012.97375,67.7685546875,315.5625,2.0625,-7.1875,0.43,1.22,9.73,0.0625,0.0,0.125,115,-3.7451421051963507,stopped,0.0,0.0,
2026-08-03T18:38:30.441,510.480,clearing_landing_area,35.91806678333333,139.90831288333334,22.08,0.13375555555555557,True,22,1,35.9184062,139.9079523,49.78745513382556,319.29275090979024,25.87,1012.97375,67.7685546875,315.5625,2.0625,-7.1875,0.44,1.25,9.72,0.0625,0.0625,0.0625,115,-3.730250909790243,stopped,0.0,0.0,
2026-08-03T18:38:30.941,510.980,clearing_landing_area,35.91806678333333,139.90831288333334,22.08,0.13375555555555557,True,22,1,35.9184062,139.9079523,49.78745513382556,319.29275090979024,25.88,1012.9278515625,68.2666015625,315.5625,2.0625,-7.1875,0.42,1.23,9.73,8.0,0.0,0.0625,115,-3.730250909790243,stopped,0.0,0.0,
2026-08-03T18:38:31.442,511.481,clearing_landing_area,35.91806688333333,139.9083128,22.085,0.09774444444444444,True,22,1,35.9184062,139.9079523,49.774131725370715,319.290951207798,25.87,1012.97375,68.3564453125,315.5625,2.0625,-7.1875,0.45,1.26,9.72,8.0,-0.125,-0.0625,115,-3.7284512077980025,stopped,0.0,0.0,
2026-08-03T18:38:31.942,511.981,clearing_landing_area,35.91806688333333,139.9083128,22.085,0.09774444444444444,True,22,1,35.9184062,139.9079523,49.774131725370715,319.290951207798,25.87,1012.97375,68.3564453125,315.5625,2.0625,-7.1875,0.42,1.24,9.72,-0.0625,-0.0625,-0.0625,115,-3.7284512077980025,stopped,0.0,0.0,
2026-08-03T18:38:32.442,512.481,clearing_landing_area,35.918067,139.90831288333334,22.089,0.05144444444444445,True,22,1,35.9184062,139.9079523,49.769194451824376,319.2746618446158,21.54,1006.2937109375,67.9599609375,309.5625,4.6875,-12.875,6.05,4.3,14.76,41.0625,-35.25,32.9375,179,-9.71216184461582,forward,100.0,77.21875,
2026-08-03T18:38:32.943,512.982,clearing_landing_area,35.918067,139.90831288333334,22.089,0.05144444444444445,True,22,1,35.9184062,139.9079523,49.769194451824376,319.2746618446158,21.54,1006.2937109375,67.9599609375,308.5625,3.625,-12.9375,-1.61,2.05,4.38,28.625,93.8125,-25.6875,179,-10.71216184461582,forward,100.0,94.51875,
2026-08-03T18:38:33.443,513.482,clearing_landing_area,35.918067183333335,139.90831308333333,22.084,0.9105666666666666,True,22,1,35.9184062,139.9079523,49.76550308610765,319.24363466116165,25.88,1012.981796875,68.0966796875,313.5625,3.9375,2.125,0.25,-1.2,9.43,211.5,-0.4375,-5.9375,179,-5.68113466116165,forward,4.096875,5.0,
2026-08-03T18:38:33.945,513.984,clearing_landing_area,35.918067183333335,139.90831308333333,22.084,0.9105666666666666,True,22,1,35.9184062,139.9079523,49.76550308610765,319.24363466116165,25.88,1012.981796875,68.0966796875,313.5,3.875,-9.3125,0.98,5.28,10.5,37.0625,0.6875,-10.1875,179,-5.74363466116165,turn_right,15.0,-15.0,
2026-08-03T18:38:34.455,514.494,clearing_landing_area,35.91807478333333,139.90830838333332,21.954,0.11832222222222223,True,22,1,35.9184062,139.9079523,48.84959455085916,318.9725709015201,25.88,1012.981796875,68.232421875,323.1875,4.25,-6.9375,0.63,1.19,9.73,0.125,0.0625,0.125,51,4.2149290984798995,stopped,0.0,0.0,
2026-08-03T18:38:34.965,515.004,clearing_landing_area,35.91807478333333,139.90830838333332,21.954,0.11832222222222223,True,22,1,35.9184062,139.9079523,48.84959455085916,318.9725709015201,25.88,1012.981796875,68.232421875,323.1875,4.25,-6.9375,0.62,1.16,9.71,-0.0625,0.0,0.0625,51,4.2149290984798995,stopped,0.0,0.0,
2026-08-03T18:38:35.469,515.508,clearing_landing_area,35.918076283333335,139.90830968333333,21.94,0.10803333333333333,True,22,1,35.9184062,139.9079523,48.80101350003364,318.7403387837678,25.87,1012.97375,68.0966796875,323.1875,4.25,-6.9375,0.62,1.18,9.72,0.0,-0.125,0.125,51,4.447161216232189,stopped,0.0,0.0,
2026-08-03T18:38:35.969,516.008,clearing_landing_area,35.918076283333335,139.90830968333333,21.94,0.10803333333333333,True,22,1,35.9184062,139.9079523,48.80101350003364,318.7403387837678,25.87,1012.97375,68.0966796875,323.1875,4.25,-6.9375,0.61,1.17,9.73,-0.0625,-0.0625,0.3125,51,4.447161216232189,stopped,0.0,0.0,
2026-08-03T18:38:36.475,516.514,clearing_landing_area,35.9180767,139.90831058333333,21.924,0.0926,True,22,1,35.9184062,139.9079523,48.81971881436285,318.6329773104577,25.89,1012.9790234375,68.2236328125,323.1875,4.25,-6.9375,0.65,1.18,9.74,0.0,0.0625,-0.0625,115,4.554522689542296,stopped,0.0,0.0,
2026-08-03T18:38:36.979,517.018,clearing_landing_area,35.9180767,139.90831058333333,21.924,0.0926,True,22,1,35.9184062,139.9079523,48.81971881436285,318.6329773104577,25.89,1012.9790234375,68.2236328125,323.1875,4.25,-6.9375,0.6,1.17,9.74,-0.0625,-0.1875,-0.0625,115,4.554522689542296,stopped,0.0,0.0,
2026-08-03T18:38:37.480,517.519,clearing_landing_area,35.9180774,139.9083114,21.884,0.08745555555555556,True,22,1,35.9184062,139.9079523,48.81002241183501,318.5078056369356,25.89,1012.9520703125,67.873046875,323.1875,4.25,-6.9375,0.62,1.18,9.74,0.0,-0.25,-0.0625,115,4.679694363064414,stopped,0.0,0.0,
2026-08-03T18:38:37.980,518.019,clearing_landing_area,35.9180774,139.9083114,21.884,0.08745555555555556,True,22,1,35.9184062,139.9079523,48.81002241183501,318.5078056369356,25.89,1012.9520703125,67.873046875,323.1875,4.25,-6.9375,0.62,1.18,9.73,0.0,0.0,0.0625,115,4.679694363064414,stopped,0.0,0.0,
2026-08-03T18:38:38.481,518.520,clearing_landing_area,35.918077483333334,139.9083114,21.88,0.05658888888888889,True,22,1,35.9184062,139.9079523,48.80308195519342,318.50059826712334,25.89,1012.8980859375,67.861328125,323.1875,4.25,-6.9375,0.61,1.18,9.75,-0.0625,-0.0625,-0.25,51,4.686901732876663,stopped,0.0,0.0,
2026-08-03T18:38:38.982,519.021,clearing_landing_area,35.918077483333334,139.9083114,21.88,0.05658888888888889,True,22,1,35.9184062,139.9079523,48.80308195519342,318.50059826712334,25.89,1012.8980859375,67.861328125,323.1875,4.25,-6.9375,0.61,1.18,9.75,0.0625,0.0625,0.0,51,4.686901732876663,stopped,0.0,0.0,
2026-08-03T18:38:39.482,519.521,clearing_landing_area,35.918077483333334,139.90831148333334,21.875,0.20063333333333333,True,22,1,35.9184062,139.9079523,48.80805473874874,318.4940004553881,25.88,1012.981796875,67.791015625,323.1875,4.25,-6.9375,0.59,1.2,9.71,-0.0625,-0.25,-0.0625,51,4.693499544611882,stopped,0.0,0.0,
2026-08-03T18:38:39.983,520.022,clearing_landing_area,35.918077483333334,139.90831148333334,21.875,0.20063333333333333,True,22,1,35.9184062,139.9079523,48.80805473874874,318.4940004553881,25.88,1012.981796875,67.791015625,323.1875,4.25,-6.9375,0.61,1.17,9.74,0.0,0.0,0.0625,51,4.693499544611882,stopped,0.0,0.0,
2026-08-03T18:38:40.483,520.522,clearing_landing_area,35.918077483333334,139.9083123,21.862,0.23664444444444446,True,22,1,35.9184062,139.9079523,48.85682223094239,318.4294130082981,25.87,1012.8578125,67.802734375,320.4375,3.375,-12.125,-2.74,4.15,18.07,50.0,66.375,-11.6875,51,2.008086991701873,forward,92.2,100.0,
2026-08-03T18:38:40.983,521.022,clearing_landing_area,35.918077483333334,139.9083123,21.862,0.23664444444444446,True,22,1,35.9184062,139.9079523,48.85682223094239,318.4294130082981,25.87,1012.8578125,67.802734375,320.5625,4.1875,-12.1875,0.97,3.41,4.87,-11.25,26.3125,1.375,51,2.133086991701873,forward,100.0,97.94375,
2026-08-03T18:38:41.484,521.523,clearing_landing_area,35.9180774,139.90831358333332,21.827,0.4681444444444445,True,22,1,35.9184062,139.9079523,48.94050392366201,318.335391350899,25.87,1012.9467578125,67.51953125,322.125,4.375,21.5,0.29,-4.12,8.59,157.9375,1.1875,-2.625,179,3.7896086491010124,stopped,0.0,0.0,
2026-08-03T18:38:41.984,522.023,clearing_landing_area,35.9180774,139.90831358333332,21.827,0.4681444444444445,True,22,1,35.9184062,139.9079523,48.94050392366201,318.335391350899,25.87,1012.9467578125,67.51953125,320.25,12.3125,-6.9375,-0.33,4.96,12.93,300.625,12.9375,30.9375,179,1.9146086491010124,turn_left,-25.0,25.0,
2026-08-03T18:38:42.485,522.524,clearing_landing_area,35.918084283333336,139.90831158333333,21.613,0.4990111111111111,True,22,1,35.9184062,139.9079523,48.250442880345766,317.89096178994737,25.88,1012.9898828125,67.837890625,313.8125,4.0625,-8.125,0.6,1.52,9.68,-0.0625,0.0,0.0,115,-4.078461789947369,stopped,0.0,0.0,
2026-08-03T18:38:42.986,523.025,clearing_landing_area,35.918084283333336,139.90831158333333,21.613,0.4990111111111111,True,22,1,35.9184062,139.9079523,48.250442880345766,317.89096178994737,25.88,1012.9898828125,67.837890625,313.8125,4.0625,-8.125,0.61,1.5,9.67,0.0,0.125,-0.0625,115,-4.078461789947369,stopped,0.0,0.0,
2026-08-03T18:38:43.487,523.526,clearing_landing_area,35.918087883333335,139.90830918333333,21.558,0.32924444444444445,True,22,1,35.9184062,139.9079523,47.80867216993482,317.76142891774464,25.9,1012.933125,67.6259765625,313.8125,4.0625,-8.125,0.62,1.49,9.69,0.125,0.125,-0.125,115,-3.948928917744638,stopped,0.0,0.0,
2026-08-03T18:38:43.988,524.027,clearing_landing_area,35.918087883333335,139.90830918333333,21.558,0.32924444444444445,True,22,1,35.9184062,139.9079523,47.80867216993482,317.76142891774464,25.9,1012.933125,67.6259765625,313.8125,4.0625,-8.125,0.62,1.51,9.68,0.0625,0.0625,0.0,115,-3.948928917744638,stopped,0.0,0.0,
2026-08-03T18:38:44.495,524.534,clearing_landing_area,35.91809048333333,139.90830738333332,21.517,0.24178888888888886,True,22,1,35.9184062,139.9079523,47.48572714771128,317.67173374311494,25.9,1012.9601171875,67.6025390625,313.8125,4.0625,-8.125,0.63,1.51,9.67,0.0,0.0625,0.125,115,-3.8592337431149417,stopped,0.0,0.0,
2026-08-03T18:38:44.999,525.038,clearing_landing_area,35.91809048333333,139.90830738333332,21.517,0.24178888888888886,True,22,1,35.9184062,139.9079523,47.48572714771128,317.67173374311494,25.9,1012.9601171875,67.6025390625,313.8125,4.0625,-8.125,0.61,1.5,9.67,-0.0625,0.0625,-0.125,115,-3.8592337431149417,stopped,0.0,0.0,
2026-08-03T18:38:45.500,525.539,clearing_landing_area,35.9180919,139.90830668333334,21.493,0.22635555555555556,True,22,1,35.9184062,139.9079523,47.32685834721463,317.59973435173174,25.9,1012.9954296875,67.5458984375,313.8125,4.0625,-8.125,0.63,1.48,9.68,0.0625,-0.0625,0.125,115,-3.7872343517317404,stopped,0.0,0.0,
2026-08-03T18:38:46.000,526.039,clearing_landing_area,35.9180919,139.90830668333334,21.493,0.22635555555555556,True,22,1,35.9184062,139.9079523,47.32685834721463,317.59973435173174,25.9,1012.9954296875,67.5458984375,313.8125,12.0625,-8.125,0.64,1.49,9.65,0.0,0.0,0.0625,115,-3.7872343517317404,stopped,0.0,0.0,
2026-08-03T18:38:46.501,526.540,clearing_landing_area,35.9180925,139.908307,21.483,0.2057777777777778,True,22,1,35.9184062,139.9079523,47.29686598061214,317.5197262985996,25.9,1012.9870703125,67.591796875,313.8125,4.0625,-8.125,0.61,1.5,9.67,-0.0625,0.125,-0.0625,115,-3.7072262985996076,stopped,0.0,0.0,
2026-08-03T18:38:47.001,527.040,clearing_landing_area,35.9180925,139.908307,21.483,0.2057777777777778,True,22,1,35.9184062,139.9079523,47.29686598061214,317.5197262985996,25.9,1012.9870703125,67.591796875,313.8125,4.0625,-8.125,0.6,1.5,9.71,0.0625,0.0625,0.0,115,-3.7072262985996076,stopped,0.0,0.0,
2026-08-03T18:38:47.502,527.541,clearing_landing_area,35.918093283333334,139.908309,21.491,0.1028888888888889,True,22,1,35.9184062,139.9079523,47.35464538185626,317.2878414580121,25.9,1012.9684765625,67.6025390625,313.8125,4.0625,-8.125,1.88,1.51,9.67,0.125,0.1875,0.125,115,-3.4753414580121103,stopped,0.0,0.0,
2026-08-03T18:38:48.003,528.042,clearing_landing_area,35.918093283333334,139.908309,21.491,0.1028888888888889,True,22,1,35.9184062,139.9079523,47.35464538185626,317.2878414580121,25.9,1012.9684765625,67.6025390625,313.8125,4.0625,-8.125,0.63,1.51,9.64,0.0625,0.0625,0.0625,115,-3.4753414580121103,stopped,0.0,0.0,
2026-08-03T18:38:48.503,528.542,clearing_landing_area,35.918093383333336,139.908309,21.491,0.0926,True,22,1,35.9184062,139.9079523,47.346475705481225,317.2787139599214,25.91,1012.9576171875,67.6494140625,316.9375,-0.625,-8.4375,-3.33,1.59,9.14,17.0625,28.625,6.25,115,-0.34121395992139014,forward,87.55625,100.0,
2026-08-03T18:38:49.003,529.042,clearing_landing_area,35.918093383333336,139.908309,21.491,0.0926,True,22,1,35.9184062,139.9079523,47.346475705481225,317.2787139599214,25.91,1012.9576171875,67.6494140625,315.375,-0.25,-7.875,-1.79,-0.27,9.57,24.9375,61.5625,22.75,51,-1.9037139599213901,forward,99.39375,100.0,
2026-08-03T18:38:49.504,529.543,clearing_landing_area,35.91809358333333,139.908309,21.492,0.5195888888888889,True,22,1,35.9184062,139.9079523,47.33013995986175,317.26044951189033,25.9,1012.9601171875,67.76171875,313.125,1.375,10.125,-0.08,-2.39,8.33,39.5625,-13.6875,15.3125,51,-4.135449511890329,reverse,-40.0,-40.0,
2026-08-03T18:38:50.004,530.043,clearing_landing_area,35.91809358333333,139.908309,21.492,0.5195888888888889,True,22,1,35.9184062,139.9079523,47.33013995986175,317.26044951189033,25.9,1012.9601171875,67.76171875,319.5,2.5,6.0625,0.44,-2.9,12.55,14.8125,12.4375,4.375,51,2.2395504881096713,reverse,-60.0,-60.0,
2026-08-03T18:38:50.505,530.544,clearing_landing_area,35.918098783333335,139.90830678333333,21.473,0.5247333333333333,True,22,1,35.9184062,139.9079523,46.770646909395886,316.9593231046329,25.9,1012.9601171875,67.693359375,313.125,-0.125,-3.0625,-0.18,-0.29,7.78,-61.6875,41.8125,-17.625,179,-3.834323104632915,reverse,-60.0,-60.0,
2026-08-03T18:38:51.005,531.044,clearing_landing_area,35.918098783333335,139.90830678333333,21.473,0.5247333333333333,True,22,1,35.9184062,139.9079523,46.770646909395886,316.9593231046329,25.9,1012.9601171875,67.693359375,313.5,0.25,0.875,2.58,0.21,8.95,-1.9375,23.6875,0.875,179,-3.459323104632915,stopped,0.0,0.0,
2026-08-03T18:38:51.506,531.545,clearing_landing_area,35.918102383333334,139.90830588333333,21.39,0.09774444444444444,True,23,1,35.9184062,139.9079523,46.42325599170775,316.6952286679999,25.91,1013.03046875,67.6044921875,11.1875,3.1875,-6.75,-0.08,1.41,9.63,1.9375,-3.5625,-36.5,179,54.49227133200009,turn_right,30.0,-30.0,
2026-08-03T18:38:52.006,532.045,clearing_landing_area,35.918102383333334,139.90830588333333,21.39,0.09774444444444444,True,23,1,35.9184062,139.9079523,46.42325599170775,316.6952286679999,25.91,1013.03046875,67.6044921875,16.75,3.25,-6.8125,2.01,-0.83,9.25,0.5,-1.375,-67.75,179,60.05477133200009,turn_right,30.0,-30.0,
2026-08-03T18:38:52.507,532.546,clearing_landing_area,35.918101883333335,139.908308,21.286,0.2212111111111111,True,23,1,35.9184062,139.9079523,46.594558997170445,316.5715540269177,25.91,1012.9495703125,67.55859375,7.3125,1.5,-10.875,-0.59,-0.93,8.04,-0.4375,-36.5,101.0,51,50.74094597308232,forward,100.0,0.0,
2026-08-03T18:38:53.007,533.046,clearing_landing_area,35.918101883333335,139.908308,21.286,0.2212111111111111,True,23,1,35.9184062,139.9079523,46.594558997170445,316.5715540269177,25.91,1012.9495703125,67.55859375,2.875,0.75,-9.25,1.67,2.03,2.41,41.375,-92.875,-64.0,115,46.30344597308232,forward,100.0,77.2375,
2026-08-03T18:38:53.507,533.546,clearing_landing_area,35.91810748333333,139.90830968333333,21.052,0.40126666666666666,True,23,1,35.9184062,139.9079523,46.24967906237041,315.9048527877122,25.91,1012.9765234375,67.6611328125,24.25,3.25,-12.75,0.35,7.21,10.04,41.875,-0.25,-1.0625,51,68.34514721228783,forward,17.96875,19.153750000000002,
2026-08-03T18:38:54.009,534.048,selfie,35.91810748333333,139.90830968333333,21.052,0.40126666666666666,True,23,1,35.9184062,139.9079523,46.24967906237041,,25.91,1012.9765234375,67.6611328125,24.4375,3.25,-10.9375,0.36,2.06,9.55,0.6875,0.1875,-0.5,51,,stopped,0.0,0.0,
2026-08-03T18:38:54.509,534.548,selfie,35.918112883333336,139.9083109,20.842,0.42698888888888886,True,23,1,35.9184062,139.9079523,45.89736828943826,,25.04,1011.57125,67.576171875,24.4375,2.875,-10.375,0.44,1.71,9.69,0.0625,0.125,0.25,51,,stopped,0.0,0.0,
2026-08-03T18:38:55.010,535.049,selfie,35.918112883333336,139.9083109,20.842,0.42698888888888886,True,23,1,35.9184062,139.9079523,45.89736828943826,,25.04,1011.57125,67.576171875,24.4375,2.875,-10.3125,0.38,1.58,9.67,-0.0625,-0.1875,-0.1875,51,,stopped,0.0,0.0,
2026-08-03T18:38:55.510,535.549,selfie,35.91811548333333,139.90831,20.701,0.23664444444444446,True,23,1,35.9184062,139.9079523,45.63513456750538,,25.93,1013.0087890625,67.6298828125,24.4375,2.75,-10.125,0.36,1.6,9.65,0.25,0.0625,0.0,51,,stopped,0.0,0.0,
2026-08-03T18:38:56.010,536.049,selfie,35.91811548333333,139.90831,20.701,0.23664444444444446,True,23,1,35.9184062,139.9079523,45.63513456750538,,25.93,1013.0087890625,67.6298828125,24.4375,2.75,-10.0625,0.44,1.64,9.7,-0.3125,0.125,-0.25,51,,stopped,0.0,0.0,
2026-08-03T18:38:56.511,536.550,selfie,35.918115183333335,139.9083095,20.611,0.08745555555555556,True,22,1,35.9184062,139.9079523,45.62701673238788,,25.92,1012.9467578125,67.6181640625,24.4375,2.75,-10.0,0.41,1.61,9.62,0.0625,-0.125,-0.0625,48,,stopped,0.0,0.0,
2026-08-03T18:38:57.011,537.050,selfie,35.918115183333335,139.9083095,20.611,0.08745555555555556,True,22,1,35.9184062,139.9079523,45.62701673238788,,25.92,1012.9467578125,67.6181640625,24.4375,2.75,-10.0,0.38,1.6,9.74,0.0625,0.0,0.0625,48,,stopped,0.0,0.0,
2026-08-03T18:38:57.512,537.551,selfie,35.918113983333335,139.90830908333334,20.571,0.05144444444444445,True,22,1,35.9184062,139.9079523,45.69535798204159,,25.93,1013.521328125,67.5732421875,24.4375,2.75,-10.125,0.43,1.58,9.69,-0.9375,0.375,0.25,48,,stopped,0.0,0.0,
2026-08-03T18:38:58.012,538.051,selfie,35.918113983333335,139.90830908333334,20.571,0.05144444444444445,True,22,1,35.9184062,139.9079523,45.69535798204159,,25.93,1013.521328125,67.5732421875,24.4375,2.75,-10.125,0.42,1.71,9.55,0.3125,0.4375,-0.125,48,,stopped,0.0,0.0,
2026-08-03T18:38:58.513,538.552,selfie,35.918114583333335,139.90830778333333,20.551,0.041155555555555556,True,23,1,35.9184062,139.9079523,45.56561995043324,,25.91,1012.9495703125,67.4794921875,24.4375,10.75,-10.0,0.42,1.51,9.53,-0.6875,0.0625,0.0,48,,stopped,0.0,0.0,
2026-08-03T18:38:59.013,539.052,selfie,35.918114583333335,139.90830778333333,20.551,0.041155555555555556,True,23,1,35.9184062,139.9079523,45.56561995043324,,25.91,1012.9495703125,67.4794921875,24.5,2.75,-10.0,0.4,1.56,9.75,-0.75,-0.3125,0.0,48,,stopped,0.0,0.0,
2026-08-03T18:38:59.513,539.552,selfie,35.9181145,139.90830788333332,20.553,0.03601111111111111,True,23,1,35.9184062,139.9079523,45.57854072523377,,21.53,1005.974921875,67.2177734375,24.5,2.75,-9.375,0.4,1.39,9.79,0.1875,0.0,0.0,115,,stopped,0.0,0.0,
2026-08-03T18:39:00.014,540.053,selfie,35.9181145,139.90830788333332,20.553,0.03601111111111111,True,23,1,35.9184062,139.9079523,45.57854072523377,,21.53,1005.974921875,67.2177734375,24.5,2.75,-9.375,0.43,1.45,9.72,-0.25,0.1875,-0.0625,115,,stopped,0.0,0.0,
2026-08-03T18:39:00.515,540.554,selfie,35.9181145,139.90830778333333,20.556,0.030866666666666664,True,23,1,35.9184062,139.9079523,45.572214652167105,,25.91,1012.9306640625,67.525390625,24.5,2.75,-9.4375,0.4,1.48,9.71,0.0625,0.125,-0.0625,115,,stopped,0.0,0.0,
2026-08-03T18:39:01.015,541.054,selfie,35.9181145,139.90830778333333,20.556,0.030866666666666664,True,23,1,35.9184062,139.9079523,45.572214652167105,,25.91,1012.9306640625,67.525390625,24.5,2.75,-9.4375,0.41,1.5,9.68,0.0625,0.0,-0.125,115,,stopped,0.0,0.0,
2026-08-03T18:39:01.515,541.554,selfie,35.9181144,139.90830788333332,20.554,0.06687777777777779,True,24,1,35.9184062,139.9079523,45.58645449620832,,25.93,1012.981796875,67.5390625,24.5,2.75,-9.4375,0.43,1.49,9.66,-0.0625,-0.125,0.0625,51,,stopped,0.0,0.0,
2026-08-03T18:39:02.016,542.055,selfie,35.9181144,139.90830788333332,20.554,0.06687777777777779,True,24,1,35.9184062,139.9079523,45.58645449620832,,25.93,1012.981796875,67.5390625,24.5,2.75,-9.4375,0.41,1.49,9.67,0.0625,0.0,0.0,51,,stopped,0.0,0.0,
2026-08-03T18:39:02.516,542.555,selfie,35.9181144,139.90830788333332,20.551,0.041155555555555556,True,24,1,35.9184062,139.9079523,45.58645449620832,,25.93,1012.95484375,67.5048828125,24.5,2.75,-9.4375,0.41,1.49,9.7,0.0,0.0625,0.0625,51,,stopped,0.0,0.0,
2026-08-03T18:39:03.016,543.055,selfie,35.9181144,139.90830788333332,20.551,0.041155555555555556,True,24,1,35.9184062,139.9079523,45.58645449620832,,25.94,1012.979296875,67.3837890625,24.5,2.75,-9.4375,0.42,1.48,9.69,0.0,0.0625,0.0,51,,stopped,0.0,0.0,
2026-08-03T18:39:03.517,543.556,selfie,35.9181144,139.90830788333332,20.54,0.10803333333333333,True,24,1,35.9184062,139.9079523,45.58645449620832,,25.94,1012.979296875,67.3837890625,24.5,2.75,-9.4375,0.41,1.52,9.7,-0.125,-0.0625,-0.0625,51,,stopped,0.0,0.0,
2026-08-03T18:39:04.017,544.056,selfie,35.9181144,139.90830788333332,20.54,0.10803333333333333,True,24,1,35.9184062,139.9079523,45.58645449620832,,25.93,1012.9358984375,67.314453125,24.5,2.75,-9.4375,0.42,1.49,9.69,0.0,0.0,-0.0625,51,,stopped,0.0,0.0,
2026-08-03T18:39:04.518,544.557,selfie,35.91811428333333,139.90830778333333,20.54,0.06173333333333333,True,24,1,35.9184062,139.9079523,45.58936522685414,,25.93,1012.9358984375,67.314453125,24.5,2.75,-9.4375,0.43,1.48,9.71,0.0,-0.0625,0.0625,51,,stopped,0.0,0.0,
2026-08-03T18:39:05.018,545.057,selfie,35.91811428333333,139.90830778333333,20.54,0.06173333333333333,True,24,1,35.9184062,139.9079523,45.58936522685414,,25.97,1012.99265625,67.28515625,24.5,2.75,-9.4375,0.42,1.48,9.68,-0.0625,0.1875,-0.0625,51,,stopped,0.0,0.0,
2026-08-03T18:39:05.518,545.557,selfie,35.91811428333333,139.90830778333333,20.535,0.025722222222222226,True,24,1,35.9184062,139.9079523,45.58936522685414,,25.97,1012.99265625,67.28515625,24.5,2.75,-9.4375,0.42,1.5,9.66,0.0,0.0,-0.0625,51,,stopped,0.0,0.0,
2026-08-03T18:39:06.019,546.058,selfie,35.91811428333333,139.90830778333333,20.535,0.025722222222222226,True,24,1,35.9184062,139.9079523,45.58936522685414,,25.96,1012.9765234375,67.271484375,24.5,2.75,-9.4375,0.42,1.51,9.67,-0.0625,0.0,0.0,51,,stopped,0.0,0.0,
2026-08-03T18:39:06.519,546.558,selfie,35.91811428333333,139.90830768333333,20.533,0.020577777777777778,True,23,1,35.9184062,139.9079523,45.58304243502844,,25.96,1012.9765234375,67.271484375,24.5,2.75,-9.4375,0.41,1.5,9.71,0.0625,0.0625,0.0625,51,,stopped,0.0,0.0,
2026-08-03T18:39:07.020,547.059,selfie,35.91811428333333,139.90830768333333,20.533,0.020577777777777778,True,23,1,35.9184062,139.9079523,45.58304243502844,,25.97,1013.019609375,67.3193359375,24.5,2.75,-9.4375,0.43,1.49,9.68,8.0,-0.125,0.0625,51,,stopped,0.0,0.0,
2026-08-03T18:39:07.520,547.559,selfie,35.91811418333333,139.90830768333333,20.525,0.05144444444444445,True,23,1,35.9184062,139.9079523,45.59096130059204,,25.97,1012.965625,67.341796875,24.5,2.75,-9.4375,0.41,1.48,9.69,-0.0625,0.0625,0.0625,51,,stopped,0.0,0.0,
2026-08-03T18:39:08.020,548.059,selfie,35.91811418333333,139.90830768333333,20.525,0.05144444444444445,True,23,1,35.9184062,139.9079523,45.59096130059204,,25.97,1012.965625,67.341796875,24.5,2.75,-9.4375,0.43,1.52,9.68,-0.0625,0.0,0.0625,51,,stopped,0.0,0.0,
2026-08-03T18:39:08.521,548.560,selfie,35.918114083333336,139.90830768333333,20.517,0.030866666666666664,True,24,1,35.9184062,139.9079523,45.59888150191264,,25.97,1012.965625,67.365234375,24.5,2.75,-9.4375,0.42,1.52,9.71,-0.0625,0.0,-0.0625,51,,stopped,0.0,0.0,
2026-08-03T18:39:09.021,549.060,selfie,35.918114083333336,139.90830768333333,20.517,0.030866666666666664,True,24,1,35.9184062,139.9079523,45.59888150191264,,25.97,1012.965625,67.365234375,24.5,2.75,-9.4375,0.42,1.5,9.7,0.0,-0.125,0.0625,51,,stopped,0.0,0.0,
2026-08-03T18:39:09.522,549.561,selfie,35.918113983333335,139.9083076,20.505,0.03601111111111111,True,24,1,35.9184062,139.9079523,45.60153748005303,,25.97,1012.920078125,67.353515625,24.5,2.75,-9.4375,0.42,1.48,9.68,-0.0625,0.125,0.0625,51,,stopped,0.0,0.0,
2026-08-03T18:39:10.022,550.061,selfie,35.918113983333335,139.9083076,20.505,0.03601111111111111,True,24,1,35.9184062,139.9079523,45.60153748005303,,25.97,1012.920078125,67.353515625,24.5,2.75,-9.4375,0.43,1.48,9.69,0.0625,-0.0625,-0.0625,51,,stopped,0.0,0.0,
2026-08-03T18:39:10.522,550.561,selfie,35.918113983333335,139.9083075,20.496,0.010288888888888889,True,24,1,35.9184062,139.9079523,45.59521963682304,,25.97,1012.9470703125,67.3994140625,24.5,2.75,-9.4375,0.42,1.52,9.71,0.0625,0.0625,-0.0625,51,,stopped,0.0,0.0,
2026-08-03T18:39:11.023,551.062,selfie,35.918113983333335,139.9083075,20.496,0.010288888888888889,True,24,1,35.9184062,139.9079523,45.59521963682304,,25.97,1012.9470703125,67.3994140625,24.5,2.75,-9.4375,0.44,1.5,9.69,-0.0625,-0.0625,0.125,51,,stopped,0.0,0.0,
2026-08-03T18:39:11.525,551.564,selfie,35.918113983333335,139.90830738333332,20.487,0.015433333333333332,True,24,1,35.9184062,139.9079523,45.58784995985448,,25.97,1012.8930859375,67.4443359375,24.5,2.75,-9.4375,0.44,1.49,9.68,-0.0625,-0.0625,0.0625,51,,stopped,0.0,0.0,
2026-08-03T18:39:12.025,552.064,selfie,35.918113983333335,139.90830738333332,20.487,0.015433333333333332,True,24,1,35.9184062,139.9079523,45.58784995985448,,25.97,1012.8930859375,67.4443359375,24.5,2.75,-9.4375,1.7,1.49,9.67,0.0625,-0.0625,0.0,51,,stopped,0.0,0.0,
2026-08-03T18:39:12.525,552.564,selfie,35.918113983333335,139.90830738333332,20.475,0.03601111111111111,True,24,1,35.9184062,139.9079523,45.58784995985448,,25.96,1012.94953125,67.169921875,24.5,2.75,-9.375,0.4,1.47,9.74,3.5625,-0.0625,0.4375,51,,stopped,0.0,0.0,
2026-08-03T18:39:13.026,553.065,selfie,35.918113983333335,139.90830738333332,20.475,0.03601111111111111,True,24,1,35.9184062,139.9079523,45.58784995985448,,25.96,1012.94953125,67.169921875,24.5,2.75,-9.5,0.39,1.72,9.72,1.625,0.0,-0.1875,51,,stopped,0.0,0.0,
2026-08-03T18:39:13.526,553.565,selfie,35.918113983333335,139.90830738333332,20.473,0.14918888888888887,True,24,1,35.9184062,139.9079523,45.58784995985448,,25.96,1012.94953125,67.44140625,24.5,2.6875,-9.5,0.42,1.6,9.69,0.5,0.1875,0.1875,115,,stopped,0.0,0.0,
2026-08-03T18:39:14.027,554.066,selfie,35.918113983333335,139.90830738333332,20.473,0.14918888888888887,True,24,1,35.9184062,139.9079523,45.58784995985448,,25.96,1012.94953125,67.44140625,24.5,2.6875,-9.5625,0.48,1.62,9.72,1.0625,0.375,0.125,51,,stopped,0.0,0.0,
2026-08-03T18:39:14.527,554.566,selfie,35.9181139,139.9083071,20.456,0.07716666666666668,True,24,1,35.9184062,139.9079523,45.57656493675388,,25.97,1012.9470703125,67.3310546875,24.5,2.6875,-9.5625,0.5,1.74,9.65,2.0,-0.4375,0.0,48,,stopped,0.0,0.0,
2026-08-03T18:39:15.027,555.066,selfie,35.9181139,139.9083071,20.456,0.07716666666666668,True,24,1,35.9184062,139.9079523,45.57656493675388,,25.97,1012.9470703125,67.3310546875,24.5,2.6875,-9.5,0.33,1.74,9.63,-1.3125,0.125,-0.625,48,,stopped,0.0,0.0,
2026-08-03T18:39:15.528,555.567,selfie,35.9181139,139.9083071,20.438,0.06173333333333333,True,24,1,35.9184062,139.9079523,45.57656493675388,,26.01,1012.9684375,67.255859375,24.5,2.6875,-9.375,0.41,1.51,9.69,0.0625,-0.1875,-0.125,48,,stopped,0.0,0.0,
2026-08-03T18:39:16.028,556.067,selfie,35.9181139,139.9083071,20.438,0.06173333333333333,True,24,1,35.9184062,139.9079523,45.57656493675388,,26.01,1012.9684375,67.255859375,24.5,2.6875,-9.375,0.45,1.5,9.61,-7.875,0.0625,0.0625,48,,stopped,0.0,0.0,
2026-08-03T18:39:16.529,556.567,selfie,35.9181139,139.90830688333332,20.419,0.05658888888888889,True,23,1,35.9184062,139.9079523,45.56288919579991,,26.0,1013.0143359375,67.3916015625,24.5,2.75,-9.4375,0.42,1.48,9.72,0.8125,-0.0625,0.125,51,,stopped,0.0,0.0,
2026-08-03T18:39:17.029,557.068,selfie,35.9181139,139.90830688333332,20.419,0.05658888888888889,True,23,1,35.9184062,139.9079523,45.56288919579991,,26.0,1013.0143359375,67.3916015625,24.5,2.75,-9.4375,0.5,1.5,9.74,-0.25,0.0625,0.125,51,,stopped,0.0,0.0,
2026-08-03T18:39:17.532,557.571,selfie,35.9181138,139.908307,20.398,0.015433333333333332,True,23,1,35.9184062,139.9079523,45.57818401554117,,25.99,1012.998203125,67.59375,24.5,2.75,-9.4375,0.44,1.49,9.64,0.5625,0.25,0.25,51,,stopped,0.0,0.0,
2026-08-03T18:39:18.031,558.070,selfie,35.9181138,139.908307,20.398,0.015433333333333332,True,23,1,35.9184062,139.9079523,45.57818401554117,,25.99,1012.998203125,67.59375,24.5,2.75,-9.4375,0.36,1.58,9.7,-1.5625,0.5625,0.125,51,,stopped,0.0,0.0,
2026-08-03T18:39:18.531,558.570,gnss_navigation,35.9181138,139.908307,20.379,0.010288888888888889,True,23,1,35.9184062,139.9079523,45.57818401554117,315.5085993351406,25.99,1013.0062890625,67.1640625,24.5,2.75,-9.375,0.41,1.55,9.71,0.4375,0.125,0.125,51,68.99140066485938,stopped,0.0,0.0,
2026-08-03T18:39:19.031,559.070,gnss_navigation,35.9181138,139.908307,20.379,0.010288888888888889,True,23,1,35.9184062,139.9079523,45.57818401554117,315.5085993351406,25.99,1013.0062890625,67.1640625,21.0625,3.25,-16.3125,1.34,6.06,6.05,-4.875,30.6875,126.125,51,65.55390066485938,forward,18.66937946811249,100.0,
2026-08-03T18:39:19.532,559.571,gnss_navigation,35.9181139,139.908307,20.359,0.06687777777777779,True,23,1,35.9184062,139.9079523,45.57025252893013,315.4988016915446,25.99,1013.0251953125,67.6845703125,319.4375,-0.8125,-7.75,0.85,1.98,3.1,-43.1875,-19.8125,8.625,179,3.9386983084554004,forward,78.8381294681125,61.16187053188751,
2026-08-03T18:39:20.032,560.071,gnss_navigation,35.9181139,139.908307,20.359,0.06687777777777779,True,23,1,35.9184062,139.9079523,45.57025252893013,315.4988016915446,25.99,1013.0251953125,67.6845703125,319.6875,-1.5,-8.375,-0.52,5.13,16.04,17.375,41.0,20.625,179,4.1886983084554,forward,66.56154135323568,73.43845864676432,
2026-08-03T18:39:20.533,560.572,gnss_navigation,35.918113983333335,139.908307,20.342,0.6790666666666667,True,23,1,35.9184062,139.9079523,45.56364397508362,315.490634383341,25.99,1012.998203125,67.4580078125,312.9375,1.125,-9.625,-0.99,0.46,14.68,-65.3125,16.0,-2.4375,115,-2.553134383340989,forward,73.34904135323568,66.65095864676432,
2026-08-03T18:39:21.033,561.072,gnss_navigation,35.918113983333335,139.908307,20.342,0.6790666666666667,True,23,1,35.9184062,139.9079523,45.56364397508362,315.490634383341,25.99,1012.998203125,67.4580078125,313.375,0.9375,-7.25,-0.63,1.09,13.7,8.5,-44.875,-0.0625,115,-2.115634383340989,forward,71.32375750667279,68.67624249332721,
2026-08-03T18:39:21.533,561.572,gnss_navigation,35.918118183333334,139.9083013,20.462,0.7047888888888889,True,23,1,35.9184062,139.9079523,44.8707792015744,315.5399930202544,25.97,1012.9740234375,67.5908203125,318.875,3.125,-0.6875,1.08,1.99,7.18,-9.6875,83.25,-12.5,51,3.3350069797455717,forward,54.48000750667279,85.51999249332721,
2026-08-03T18:39:22.034,562.073,gnss_navigation,35.918118183333334,139.9083013,20.462,0.7047888888888889,True,23,1,35.9184062,139.9079523,44.8707792015744,315.5399930202544,25.97,1012.9740234375,67.5908203125,317.25,1.25,-7.6875,-2.07,2.49,16.57,56.375,1.0,26.375,51,1.7100069797455717,forward,69.38199441620354,70.61800558379646,
2026-08-03T18:39:22.534,562.573,gnss_navigation,35.9181223,139.908296,20.285,0.6687777777777778,True,23,1,35.9184062,139.9079523,44.20977892307404,315.56595534015474,25.98,1012.99015625,67.66015625,315.1875,-0.5,-10.625,0.31,2.67,5.51,-6.375,-0.4375,-13.0625,179,-0.37845534015474414,forward,72.04449441620355,67.95550558379645,
2026-08-03T18:39:23.035,563.074,gnss_navigation,35.9181223,139.908296,20.285,0.6687777777777778,True,23,1,35.9184062,139.9079523,44.20977892307404,315.56595534015474,25.98,1012.99015625,67.66015625,315.75,0.5,-7.5,1.5,4.35,8.8,42.4375,29.5,12.5625,179,0.18404465984525586,forward,69.7527642721238,70.2472357278762,
2026-08-03T18:39:23.535,563.574,gnss_navigation,35.918126283333336,139.9082898,20.11,0.6687777777777778,True,23,1,35.9184062,139.9079523,43.502720257030475,315.682625070198,25.96,1014.3874609375,67.5107421875,317.125,1.125,-12.0,-1.78,5.64,14.62,-32.625,63.5,-21.75,179,1.4423749298019857,forward,72.1715142721238,67.8284857278762,
2026-08-03T18:39:24.037,564.076,gnss_navigation,35.918126283333336,139.9082898,20.11,0.6687777777777778,True,23,1,35.9184062,139.9079523,43.502720257030475,315.682625070198,25.96,1014.3874609375,67.5107421875,318.375,1.0,-10.6875,2.99,0.0,6.06,-45.5625,63.625,13.875,179,2.6923749298019857,forward,66.99402438126658,73.00597561873342,
2026-08-03T18:39:24.537,564.576,gnss_navigation,35.918130383333335,139.9082841,19.97,0.6739222222222222,True,23,1,35.9184062,139.9079523,42.817955846191325,315.7478518464761,25.97,1012.99265625,67.3876953125,314.5,0.0625,-7.9375,1.03,4.87,12.16,-36.1875,-16.0,8.25,179,-1.2478518464761237,forward,71.46485005615841,68.53514994384159,
2026-08-03T18:39:25.037,565.076,gnss_navigation,35.918130383333335,139.9082841,19.97,0.6739222222222222,True,23,1,35.9184062,139.9079523,42.817955846191325,315.7478518464761,25.97,1012.99265625,67.3876953125,314.25,-0.875,-9.0625,-1.22,2.59,13.2,12.25,-2.4375,-8.125,179,-1.4978518464761237,forward,60.47418504773465,58.52581495226534,
2026-08-03T18:39:25.538,565.577,gnss_navigation,35.9181346,139.9082783,19.804,0.6842111111111112,True,23,1,35.9184062,139.9079523,42.117669747505595,315.81168334414355,21.63,1006.0562890625,67.109375,314.0625,0.5,5.1875,0.12,-1.71,6.75,-87.9375,-6.0,2.25,115,-1.749183344143546,reverse,-60.0,-60.0,
2026-08-03T18:39:26.038,566.077,gnss_navigation,35.9181346,139.9082783,19.804,0.6842111111111112,True,23,1,35.9184062,139.9079523,42.117669747505595,315.81168334414355,21.63,1006.0562890625,67.109375,315.8125,-0.75,16.5625,-1.15,-3.53,17.12,10.25,6.25,-0.5625,115,0.0008166558564539628,reverse,-60.0,-60.0,
2026-08-03T18:39:26.539,566.578,gnss_navigation,35.91813548333333,139.90827708333333,19.651,0.19548888888888888,True,23,1,35.9184062,139.9079523,41.97087290912162,315.8254702133426,26.0,1013.041328125,67.3125,315.875,0.375,-10.125,0.94,4.93,4.9,-12.0625,19.125,0.5,243,0.04952978665738783,turn_right,5.0,-5.0,
2026-08-03T18:39:27.039,567.078,gnss_navigation,35.91813548333333,139.90827708333333,19.651,0.19548888888888888,True,23,1,35.9184062,139.9079523,41.97087290912162,315.8254702133426,26.0,1013.041328125,67.3125,317.0,-0.25,-10.4375,0.05,5.45,8.44,-18.75,6.125,-1.25,243,1.1745297866573878,turn_right,20.0,-20.0,
2026-08-03T18:39:27.542,567.581,gnss_navigation,35.9181358,139.90827758333333,19.686,0.16976666666666668,True,23,1,35.9184062,139.9079523,41.97703296887317,315.74790048046776,25.96,1012.94953125,67.1240234375,350.875,0.625,-7.125,1.37,0.67,9.32,0.9375,-1.3125,-38.375,51,35.12709951953224,turn_right,30.0,-30.0,
2026-08-03T18:39:28.043,568.082,gnss_navigation,35.9181358,139.90827758333333,19.686,0.16976666666666668,True,23,1,35.9184062,139.9079523,41.97703296887317,315.74790048046776,25.96,1012.94953125,67.1240234375,7.125,1.75,-7.25,0.59,0.92,9.75,7.5,-10.25,-78.6875,51,51.37709951953224,turn_right,30.0,-30.0,
2026-08-03T18:39:28.543,568.582,gnss_navigation,35.918133983333334,139.9082778,19.676,0.0051444444444444445,True,23,1,35.9184062,139.9079523,42.135530369270036,315.92057663906564,25.96,1012.94953125,67.283203125,52.25,0.625,-12.5,4.57,4.17,11.94,0.375,-91.4375,12.5,51,96.32942336093436,forward,72.85,100.0,
2026-08-03T18:39:29.043,569.082,gnss_navigation,35.918133983333334,139.9082778,19.676,0.0051444444444444445,True,23,1,35.9184062,139.9079523,42.135530369270036,315.92057663906564,25.96,1012.94953125,67.283203125,49.375,0.4375,-8.875,-3.13,-1.05,7.68,-21.375,55.125,32.9375,51,93.45442336093436,forward,97.76875,100.0,
2026-08-03T18:39:29.544,569.583,gnss_navigation,35.91813928333333,139.90828368333334,19.68,0.7562333333333333,True,23,1,35.9184062,139.9079523,42.08815463712212,314.8442892346063,25.96,1013.003515625,67.283203125,43.1875,0.0625,-11.5625,-1.21,-1.56,7.89,12.1875,-15.5625,-8.75,51,88.34321076539368,forward,85.764375,90.0,
2026-08-03T18:39:30.044,570.083,gnss_navigation,35.91813928333333,139.90828368333334,19.68,0.7562333333333333,True,23,1,35.9184062,139.9079523,42.08815463712212,314.8442892346063,25.96,1013.003515625,67.283203125,43.1875,-0.1875,-10.4375,-0.27,4.57,6.18,-22.625,-17.375,8.0,51,88.34321076539368,forward,50.0,49.109375,
2026-08-03T18:39:30.545,570.584,gnss_navigation,35.91814458333333,139.90828968333332,19.562,0.7871,True,23,1,35.9184062,139.9079523,42.06324865170118,313.7560587918568,25.98,1013.036015625,67.240234375,315.25,2.8125,-10.625,1.03,0.84,2.79,-19.5625,30.25,87.75,115,1.4939412081432124,forward,100.0,0.0,
2026-08-03T18:39:31.045,571.084,gnss_navigation,35.91814458333333,139.90828968333332,19.562,0.7871,True,23,1,35.9184062,139.9079523,42.06324865170118,313.7560587918568,25.98,1013.036015625,67.240234375,313.9375,2.375,-10.3125,1.93,0.88,15.28,52.5625,-0.375,-24.0625,115,0.1814412081432124,forward,69.23168138768506,70.76831861231494,
2026-08-03T18:39:31.545,571.584,gnss_navigation,35.9181485,139.90828818333333,19.412,0.48872222222222217,True,23,1,35.9184062,139.9079523,41.665073595372796,313.4519431434274,25.97,1012.99265625,67.353515625,308.8125,-0.4375,-10.0,4.9,4.06,5.78,18.0625,-68.0625,9.875,179,-4.6394431434274,forward,94.84234703348542,45.15765296651457,
2026-08-03T18:39:32.046,572.085,gnss_navigation,35.9181485,139.90828818333333,19.412,0.48872222222222217,True,23,1,35.9184062,139.9079523,41.665073595372796,313.4519431434274,25.97,1012.99265625,67.353515625,310.5625,-1.5,-12.125,-0.31,4.33,15.48,37.1875,-5.75,5.75,179,-2.8894431434273997,forward,70.82984703348544,69.17015296651456,
2026-08-03T18:39:32.546,572.585,gnss_navigation,35.918151,139.90828318333334,19.276,0.5041555555555556,True,23,1,35.9184062,139.9079523,41.14716390364422,313.6021292931796,25.96,1013.003515625,67.396484375,315.125,0.375,-7.1875,-2.13,1.88,13.46,0.125,1.375,-46.9375,115,1.522870706820413,forward,55.52405451474192,84.47594548525808,
2026-08-03T18:39:33.046,573.085,gnss_navigation,35.918151,139.90828318333334,19.276,0.5041555555555556,True,23,1,35.9184062,139.9079523,41.14716390364422,313.6021292931796,25.96,1013.003515625,67.396484375,314.4375,0.0,-7.3125,-0.08,2.04,5.21,15.5,-71.9375,12.75,115,0.835370706820413,forward,71.19905451474192,68.80094548525808,
2026-08-03T18:39:33.548,573.587,gnss_navigation,35.91815368333334,139.90827868333332,19.162,0.5298777777777778,True,24,1,35.9184062,139.9079523,40.6479932134415,313.69149563472854,25.95,1012.9873828125,67.337890625,318.3125,2.125,-5.625,3.18,1.76,10.73,30.5625,18.125,14.0625,115,4.62100436527146,forward,78.93795343454367,61.06204656545633,
2026-08-03T18:39:34.048,574.087,gnss_navigation,35.91815368333334,139.90827868333332,19.162,0.5298777777777778,True,24,1,35.9184062,139.9079523,40.6479932134415,313.69149563472854,25.95,1012.9873828125,67.337890625,308.3125,0.1875,-8.1875,-0.15,0.89,5.61,29.6875,23.5,14.875,115,-5.37899563472854,forward,76.48170343454368,63.51829656545633,
2026-08-03T18:39:34.549,574.590,gnss_navigation,35.91815688333333,139.9082726,19.037,0.6327666666666667,True,24,1,35.9184062,139.9079523,40.006273649867964,313.8649737522254,25.93,1012.95484375,67.3583984375,316.25,0.125,-6.8125,-2.1,2.21,13.4,24.1875,61.25,17.375,51,2.38502624777459,forward,57.38444650778283,82.61555349221717,
2026-08-03T18:39:35.049,575.088,gnss_navigation,35.91815688333333,139.9082726,19.037,0.6327666666666667,True,24,1,35.9184062,139.9079523,40.006273649867964,313.8649737522254,25.93,1012.95484375,67.3583984375,314.9375,1.25,-9.0,-0.46,2.63,13.14,7.6875,22.6875,12.0625,51,1.07252624777459,forward,70.41569650778283,69.58430349221717,
2026-08-03T18:39:35.549,575.588,gnss_navigation,35.91816038333333,139.90826698333333,18.95,0.6327666666666667,True,24,1,35.9184062,139.9079523,39.37198473456762,313.9666964197593,25.95,1012.9873828125,67.9375,313.75,-0.625,-7.3125,0.46,1.73,15.45,13.6875,-22.25,-5.4375,115,-0.21669641975927334,forward,68.57947900178033,71.42052099821967,
2026-08-03T18:39:36.051,576.090,gnss_navigation,35.91816038333333,139.90826698333333,18.95,0.6327666666666667,True,24,1,35.9184062,139.9079523,39.37198473456762,313.9666964197593,25.95,1012.9873828125,67.9375,313.25,-0.1875,-9.25,0.02,3.45,8.21,5.8125,4.25,5.3125,115,-0.7166964197592733,forward,71.48572900178033,68.51427099821967,
2026-08-03T18:39:36.551,576.590,gnss_navigation,35.91816408333333,139.90826088333333,18.85,0.6482,True,24,1,35.9184062,139.9079523,38.69108670727772,314.09292025582283,25.94,1012.9173046875,67.47265625,313.8125,-0.8125,-9.9375,0.51,-0.7,9.65,-12.0625,16.6875,-0.125,179,-0.2804202558228326,forward,67.62335713580742,72.37664286419258,
2026-08-03T18:39:37.051,577.090,gnss_navigation,35.91816408333333,139.90826088333333,18.85,0.6482,True,24,1,35.9184062,139.9079523,38.69108670727772,314.09292025582283,25.94,1012.9173046875,67.47265625,313.5625,-1.875,-9.8125,-0.38,1.59,15.3,25.8125,4.875,-3.25,179,-0.5304202558228326,forward,70.47960713580741,69.52039286419259,
2026-08-03T18:39:37.552,577.591,gnss_navigation,35.91816778333333,139.9082554,18.762,0.6482,True,24,1,35.9184062,139.9079523,38.05019838706926,314.16534453867763,25.95,1012.9954296875,67.5322265625,313.125,-3.125,-9.3125,-0.49,2.8,12.03,-10.875,-1.875,5.5,179,-1.0403445386776298,forward,75.14933620465827,64.85066379534173,
2026-08-03T18:39:38.052,578.091,gnss_navigation,35.91816778333333,139.9082554,18.762,0.6482,True,24,1,35.9184062,139.9079523,38.05019838706926,314.16534453867763,25.95,1012.9954296875,67.5322265625,312.625,-3.375,-6.5,0.83,-0.07,7.99,-8.125,12.8125,-4.75,179,-1.5403445386776298,forward,71.06808620465827,68.93191379534173,
2026-08-03T18:39:38.553,578.592,gnss_navigation,35.918171683333334,139.90824998333332,18.695,0.6687777777777778,True,24,1,35.9184062,139.9079523,37.39816393598653,314.20942411243226,25.94,1012.998203125,67.57421875,312.5,-1.3125,-7.9375,-0.14,1.52,8.64,32.75,2.1875,-6.0625,115,-1.7094241124322593,forward,70.8635256309421,69.1364743690579,
2026-08-03T18:39:39.053,579.092,gnss_navigation,35.918171683333334,139.90824998333332,18.695,0.6687777777777778,True,24,1,35.9184062,139.9079523,37.39816393598653,314.20942411243226,25.94,1012.998203125,67.57421875,313.1875,1.375,-8.5,1.35,-1.1,10.94,-54.5,-37.375,5.5625,115,-1.0219241124322593,forward,70.31352563094211,69.68647436905789,
2026-08-03T18:39:39.553,579.592,gnss_navigation,35.9181759,139.90824368333332,18.661,0.6584888888888889,True,24,1,35.9184062,139.9079523,36.66461840984229,314.3024036551635,25.93,1012.962890625,67.6875,315.0625,-1.3125,-9.8125,1.46,2.92,5.94,-8.4375,-75.625,-2.0625,51,0.7600963448364837,forward,61.13628928994581,78.86371071005419,
2026-08-03T18:39:40.054,580.093,gnss_navigation,35.9181759,139.90824368333332,18.661,0.6584888888888889,True,24,1,35.9184062,139.9079523,36.66461840984229,314.3024036551635,25.93,1012.90890625,67.5517578125,313.75,-1.625,-9.0,-1.33,3.52,8.53,-3.0625,-30.25,32.0625,51,-0.5524036551635163,forward,72.4050392899458,67.5949607100542,
2026-08-03T18:39:40.554,580.593,gnss_navigation,35.9181795,139.90823678333334,18.613,0.6636333333333333,True,24,1,35.9184062,139.9079523,35.940649283928714,314.5375462211931,25.93,1012.90890625,67.5517578125,310.0625,0.625,-8.375,1.66,1.9,8.91,5.9375,14.625,17.375,51,-4.475046221193111,forward,57.573172924130816,82.42682707586918,
2026-08-03T18:39:41.054,581.093,gnss_navigation,35.9181795,139.90823678333334,18.613,0.6636333333333333,True,24,1,35.9184062,139.9079523,35.940649283928714,314.5375462211931,25.93,1012.95484375,67.5166015625,308.1875,0.0625,-7.625,-0.31,0.49,10.66,-58.5,-25.375,-4.9375,51,-6.350046221193111,forward,77.34817292413081,62.651827075869186,
2026-08-03T18:39:41.555,581.594,gnss_navigation,35.9181825,139.908231,18.509,0.6533444444444444,True,24,1,35.9184062,139.9079523,35.33568942581981,314.7442815109538,25.93,1012.95484375,67.5166015625,314.5625,-0.3125,-9.1875,3.07,0.89,10.27,11.875,-52.375,-1.3125,115,-0.18178151095378325,forward,60.86128697695449,79.13871302304551,
2026-08-03T18:39:42.055,582.094,gnss_navigation,35.9181825,139.908231,18.509,0.6533444444444444,True,24,1,35.9184062,139.9079523,35.33568942581981,314.7442815109538,25.94,1012.97125,67.4609375,313.1875,-1.3125,-9.625,-1.26,2.79,11.0,-20.4375,-26.25,18.4375,179,-1.5567815109537833,forward,71.78628697695449,68.21371302304551,
2026-08-03T18:39:42.556,582.595,gnss_navigation,35.918185783333335,139.90822478333334,18.406,0.6584888888888889,True,24,1,35.9184062,139.9079523,34.68133158881603,314.9669371787728,25.94,1012.97125,67.4609375,316.5,-0.875,-7.125,-0.25,1.32,4.47,-33.1875,42.0625,2.0,179,1.5330628212271904,forward,59.220425208763025,80.77957479123697,
2026-08-03T18:39:43.056,583.095,gnss_navigation,35.918185783333335,139.90822478333334,18.406,0.6584888888888889,True,24,1,35.9184062,139.9079523,34.68133158881603,314.9669371787728,25.93,1012.95484375,67.765625,315.1875,-1.375,-8.25,-1.89,1.64,11.06,13.8125,-72.1875,31.9375,179,0.2205628212271904,forward,70.28917520876303,69.71082479123697,
2026-08-03T18:39:43.556,583.595,gnss_navigation,35.9181893,139.90821908333334,18.348,0.6533444444444444,True,24,1,35.9184062,139.9079523,34.041932158977815,315.1118176898821,25.93,1012.95484375,67.765625,315.125,0.6875,-8.8125,1.0,3.21,5.21,-8.0625,-5.0,14.4375,179,0.013182310117883844,forward,68.57354974301825,71.42645025698175,
2026-08-03T18:39:44.057,584.096,gnss_navigation,35.9181893,139.90821908333334,18.348,0.6533444444444444,True,24,1,35.9184062,139.9079523,34.041932158977815,315.1118176898821,25.94,1012.9173046875,67.7099609375,314.375,-0.375,-6.5625,0.11,1.47,5.83,-40.5,-7.625,-8.75,179,-0.7368176898821162,forward,70.83604974301825,69.16395025698175,
2026-08-03T18:39:44.557,584.596,gnss_navigation,35.9181911,139.9082123,18.217,0.6584888888888889,True,23,1,35.9184062,139.9079523,33.47030436919408,315.6108687174398,25.95,1012.9064453125,67.666015625,313.375,-0.6875,-7.5,-0.09,0.04,8.01,-39.25,1.8125,-1.5,115,-2.235868717439814,forward,72.6394541519057,67.3605458480943,
2026-08-03T18:39:45.058,585.097,gnss_navigation,35.9181911,139.9082123,18.217,0.6584888888888889,True,23,1,35.9184062,139.9079523,33.47030436919408,315.6108687174398,25.95,1012.9064453125,67.666015625,313.5,-2.3125,-6.1875,-0.91,-1.38,15.25,-3.625,-3.8125,3.8125,115,-2.110868717439814,forward,71.44570415190569,68.55429584809431,
2026-08-03T18:39:45.558,585.597,gnss_navigation,35.918193683333335,139.90820528333333,18.109,0.6790666666666667,True,23,1,35.9184062,139.9079523,32.82398186473924,316.04828744174927,25.95,1012.9064453125,67.666015625,317.5,-0.25,-11.0,-2.81,0.55,11.47,13.1875,-40.625,-6.1875,115,1.4517125582507333,forward,71.5269541519057,68.4730458480943,
2026-08-03T18:39:46.059,586.098,gnss_navigation,35.918193683333335,139.90820528333333,18.109,0.6790666666666667,True,23,1,35.9184062,139.9079523,32.82398186473924,316.04828744174927,25.94,1012.95234375,67.84765625,315.5625,-0.75,-10.3125,2.02,3.1,9.51,8.0625,53.9375,-8.875,115,-0.4857874417492667,forward,70.75737995339941,69.24262004660059,
2026-08-03T18:39:46.559,586.598,gnss_navigation,35.9181972,139.9081993,18.063,0.6893555555555556,True,23,1,35.9184062,139.9079523,32.1687145167927,316.2557896708424,25.94,1012.95234375,67.84765625,311.0625,-0.0625,-10.625,0.59,2.48,10.82,-7.5625,11.875,15.75,51,-5.1932896708423755,forward,69.88862995339942,70.11137004660058,
2026-08-03T18:39:47.059,587.098,gnss_navigation,35.9181972,139.9081993,18.063,0.6893555555555556,True,23,1,35.9184062,139.9079523,32.1687145167927,316.2557896708424,25.96,1012.94953125,67.9052734375,315.5,1.125,-9.875,2.77,0.82,9.34,-26.0625,20.8125,-17.875,51,-0.7557896708423755,forward,69.0796317366739,70.9203682633261,
2026-08-03T18:39:47.560,587.599,gnss_navigation,35.91819988333334,139.9081936,17.961,0.6790666666666667,True,23,1,35.9184062,139.9079523,31.598675058504508,316.55409142635665,25.97,1012.8847265625,68.1572265625,314.0625,1.375,-6.0,1.3,2.09,10.19,-8.375,-26.6875,22.75,51,-2.491591426356649,forward,68.9858817366739,71.0141182633261,
2026-08-03T18:39:48.061,588.100,gnss_navigation,35.91819988333334,139.9081936,17.961,0.6790666666666667,True,23,1,35.9184062,139.9079523,31.598675058504508,316.55409142635665,25.97,1012.8847265625,68.1572265625,314.0,0.25,-6.6875,-1.7,0.76,9.74,-4.5,18.5,-12.875,51,-2.554091426356649,forward,70.84327314108532,69.15672685891468,
2026-08-03T18:39:48.561,588.600,gnss_navigation,35.91820248333333,139.90818698333334,17.871,0.6790666666666667,True,23,1,35.9184062,139.9079523,30.979915852865616,316.9864672440421,25.97,1012.91171875,67.896484375,315.875,-0.8125,-7.0,-0.38,4.26,12.28,0.8125,-7.875,0.1875,179,-1.1114672440421032,forward,70.43077314108533,69.56922685891467,
2026-08-03T18:39:49.062,589.101,gnss_navigation,35.91820248333333,139.90818698333334,17.871,0.6790666666666667,True,23,1,35.9184062,139.9079523,30.979915852865616,316.9864672440421,25.97,1012.91171875,67.896484375,315.9375,-0.8125,-7.5,-1.69,3.29,10.44,4.75,-67.125,9.1875,179,-1.0489672440421032,forward,70.73292379523369,69.26707620476631,
2026-08-03T18:39:49.562,589.601,gnss_navigation,35.9182056,139.90818098333332,17.785,0.6842111111111112,True,23,1,35.9184062,139.9079523,30.3583457475922,317.28590605735513,25.98,1012.928125,68.021484375,318.625,3.8125,-7.4375,2.43,2.02,10.4,-11.4375,-37.8125,11.625,115,1.3390939426448654,forward,71.61417379523368,68.38582620476632,
2026-08-03T18:39:50.063,590.102,gnss_navigation,35.9182056,139.90818098333332,17.785,0.6842111111111112,True,23,1,35.9184062,139.9079523,30.3583457475922,317.28590605735513,25.98,1012.928125,68.021484375,314.6875,-0.375,-7.375,1.11,2.1,9.48,16.5,-21.25,0.375,115,-2.5984060573551346,forward,72.80997484588411,67.19002515411589,
2026-08-03T18:39:50.563,590.602,gnss_navigation,35.918209383333334,139.9081749,17.732,0.6893555555555556,True,23,1,35.9184062,139.9079523,29.677872608888062,317.5120456672842,25.98,1012.928125,68.224609375,317.0,1.375,-9.75,1.81,0.85,8.03,-37.0,1.6875,-10.75,115,-0.5120456672842124,forward,71.04747484588411,68.95252515411589,
2026-08-03T18:39:51.064,591.103,gnss_navigation,35.918209383333334,139.9081749,17.732,0.6893555555555556,True,23,1,35.9184062,139.9079523,29.677872608888062,317.5120456672842,25.98,1012.928125,68.224609375,318.0625,2.75,-9.25,1.97,2.13,10.56,-23.875,-0.375,6.75,115,0.5504543327157876,forward,69.66588653382738,70.33411346617262,
2026-08-03T18:39:51.565,591.604,gnss_navigation,35.918212483333335,139.9081697,17.662,0.6790666666666667,True,23,1,35.9184062,139.9079523,29.107612774692956,317.7334608965574,25.99,1012.94421875,67.6962890625,313.9375,0.625,-6.125,-0.07,2.98,12.01,31.625,-62.75,-2.1875,115,-3.7959608965574034,forward,68.73463653382737,71.26536346617263,
2026-08-03T18:39:52.065,592.104,gnss_navigation,35.918212483333335,139.9081697,17.662,0.6790666666666667,True,23,1,35.9184062,139.9079523,29.107612774692956,317.7334608965574,25.99,1012.94421875,67.6962890625,314.0625,1.5,-6.9375,0.88,0.84,4.32,15.5,36.3125,-0.9375,115,-3.6709608965574034,forward,72.15551871724593,67.84448128275407,
2026-08-03T18:39:52.565,592.604,gnss_navigation,35.91821648333333,139.90816358333333,17.61,0.6842111111111112,True,23,1,35.9184062,139.9079523,28.408203589979795,317.9522231251469,25.98,1012.9551171875,67.3876953125,318.9375,8.3125,-6.1875,-3.78,2.69,17.83,-6.0,38.6875,-2.3125,115,0.9852768748531275,forward,70.80551871724592,69.19448128275408,
2026-08-03T18:39:53.068,593.107,gnss_navigation,35.91821648333333,139.90816358333333,17.61,0.6842111111111112,True,23,1,35.9184062,139.9079523,28.408203589979795,317.9522231251469,25.98,1012.9551171875,67.3876953125,318.1875,-1.5625,-5.5,2.63,0.85,7.33,-8.75,-63.1875,18.125,115,0.23527687485312754,forward,70.13052850011749,69.86947149988251,
2026-08-03T18:39:53.568,593.607,gnss_navigation,35.9182202,139.9081568,17.615,0.6893555555555556,True,23,1,35.9184062,139.9079523,27.692758327330136,318.31805741431003,23.73,1009.3901953125,67.537109375,319.3125,1.375,-10.375,3.46,2.03,11.52,-2.3125,39.5625,-6.0,115,0.994442585689967,forward,66.68153165435592,73.31846834564408,
2026-08-03T18:39:54.068,594.107,gnss_navigation,35.9182202,139.9081568,17.615,0.6893555555555556,True,23,1,35.9184062,139.9079523,27.692758327330136,318.31805741431003,23.73,1009.3901953125,67.537109375,319.125,-0.125,-10.375,1.42,1.07,8.53,-55.8125,37.9375,1.75,115,0.806942585689967,forward,69.62319593144802,70.37680406855198,
2026-08-03T18:39:54.569,594.608,gnss_navigation,35.918223383333334,139.90815028333333,17.603,0.6893555555555556,True,23,1,35.9184062,139.9079523,27.038913466725383,318.74798309991286,25.99,1012.998203125,67.6279296875,318.1875,3.3125,-4.75,2.81,0.1,3.53,14.6875,-21.1875,-15.75,179,-0.560483099912858,forward,69.43570069393735,70.56429930606265,
2026-08-03T18:39:55.069,595.108,gnss_navigation,35.918223383333334,139.90815028333333,17.603,0.6893555555555556,True,23,1,35.9184062,139.9079523,27.038913466725383,318.74798309991286,25.99,1012.998203125,67.6279296875,317.5,0.4375,-5.5,2.07,3.39,13.22,-35.875,-43.1875,11.875,115,-1.247983099912858,forward,71.26088647993029,68.73911352006971,
2026-08-03T18:39:55.570,595.609,gnss_navigation,35.918227083333335,139.90814348333333,17.623,0.6842111111111112,True,23,1,35.9184062,139.9079523,26.326511291571133,319.15952375133634,21.33,1005.4798046875,67.4462890625,319.8125,2.25,-6.625,1.14,0.89,4.01,-26.8125,11.3125,3.0,179,0.6529762486636628,forward,66.38772062962776,73.61227937037224,
2026-08-03T18:39:56.070,596.109,gnss_navigation,35.918227083333335,139.90814348333333,17.623,0.6842111111111112,True,23,1,35.9184062,139.9079523,26.326511291571133,319.15952375133634,21.33,1005.4798046875,67.4462890625,317.8125,-0.6875,-1.9375,-0.59,1.58,10.89,-40.25,-10.875,11.125,243,-1.3470237513363372,forward,71.39636900106908,68.60363099893092,
2026-08-03T18:39:56.570,596.609,gnss_navigation,35.91823158333333,139.90813738333333,17.607,0.6996444444444445,True,24,1,35.9184062,139.9079523,25.588883906720334,319.3573471755239,25.99,1012.9712109375,67.83203125,312.875,-1.1875,-6.4375,-2.0,-1.53,6.62,-22.8125,-24.25,-6.5,115,-6.482347175523898,forward,84.04011900106907,55.95988099893093,
2026-08-03T18:39:57.071,597.110,gnss_navigation,35.91823158333333,139.90813738333333,17.607,0.6996444444444445,True,24,1,35.9184062,139.9079523,25.588883906720334,319.3573471755239,25.99,1012.9712109375,67.83203125,315.3125,8.0625,-6.125,-0.14,0.93,12.15,-1.1875,-107.25,-39.9375,115,-4.044847175523898,forward,70.61712774041912,69.38287225958088,
2026-08-03T18:39:57.571,597.610,gnss_navigation,35.918234383333335,139.9081309,17.575,0.6893555555555556,True,24,1,35.9184062,139.9079523,24.973519118393057,319.90846765420594,25.91,1012.822734375,67.9208984375,318.5625,-0.625,-5.5,-3.52,-1.64,18.87,-16.9375,-71.5,8.375,115,-1.3459676542059356,forward,72.67337774041911,67.32662225958089,
2026-08-03T18:39:58.072,598.111,gnss_navigation,35.918234383333335,139.9081309,17.575,0.6893555555555556,True,24,1,35.9184062,139.9079523,24.973519118393057,319.90846765420594,25.91,1012.822734375,67.9208984375,319.125,2.375,-6.0625,2.18,0.9,3.18,-1.3125,-19.875,-14.75,115,-0.7834676542059356,forward,70.45802412336475,69.54197587663525,
2026-08-03T18:39:58.574,598.613,gnss_navigation,35.91823708333333,139.90812388333333,17.566,0.6893555555555556,True,24,1,35.9184062,139.9079523,24.338642621979602,320.5912577263678,25.96,1012.9036328125,68.04296875,321.125,0.6875,-5.0,1.46,-1.39,9.07,-6.625,-9.0625,0.125,115,0.5337422736321855,forward,65.90177412336475,74.09822587663525,
2026-08-03T18:39:59.075,599.114,gnss_navigation,35.91823708333333,139.90812388333333,17.566,0.6893555555555556,True,24,1,35.9184062,139.9079523,24.338642621979602,320.5912577263678,25.96,1012.9036328125,68.04296875,320.375,-0.0625,-10.1875,1.86,2.55,6.38,20.5,11.4375,10.8125,115,-0.21625772636781448,forward,70.96675618109425,69.03324381890575,
2026-08-03T18:39:59.575,599.614,gnss_navigation,35.91824128333333,139.90811808333333,17.542,0.6842111111111112,True,24,1,35.9184062,139.9079523,23.64646774203997,320.85066873679705,25.97,1012.9470703125,68.134765625,319.9375,-0.5,-9.6875,1.29,3.35,3.85,-30.6875,7.6875,3.625,179,-0.9131687367970471,forward,67.86675618109425,72.13324381890575,
2026-08-03T18:40:00.075,600.114,gnss_navigation,35.91824128333333,139.90811808333333,17.542,0.6842111111111112,True,24,1,35.9184062,139.9079523,23.64646774203997,320.85066873679705,25.97,1012.9470703125,68.134765625,320.0,-0.4375,-6.8125,0.76,-3.16,12.25,-6.75,-57.9375,-13.625,179,-0.8506687367970471,forward,70.57428498943764,69.42571501056236,
2026-08-03T18:40:00.579,600.618,gnss_navigation,35.9182451,139.90811208333332,17.525,0.6687777777777778,True,24,1,35.9184062,139.9079523,22.97672388382576,321.22739277804897,25.96,1012.9036328125,68.14453125,319.375,-0.9375,-7.125,-0.68,2.54,10.22,-6.8125,4.4375,-12.1875,115,-1.8523927780489657,forward,70.34303498943764,69.65696501056236,
2026-08-03T18:40:01.081,601.119,gnss_navigation,35.9182451,139.90811208333332,17.525,0.6687777777777778,True,24,1,35.9184062,139.9079523,22.97672388382576,321.22739277804897,25.96,1012.9036328125,68.14453125,320.625,0.8125,-8.4375,3.0,5.12,5.52,39.25,-29.625,-8.9375,115,-0.6023927780489657,forward,69.95691422243917,70.04308577756083,
2026-08-03T18:40:01.581,601.620,gnss_navigation,35.918249083333336,139.908106,17.513,0.6687777777777778,True,24,1,35.9184062,139.9079523,22.28884600106652,321.6122694675748,25.97,1012.91171875,67.96484375,323.375,0.25,-6.9375,0.33,0.49,16.26,-1.0,1.75,-0.5625,179,1.7627305324252234,forward,35.63191422243917,100.0,
2026-08-03T18:40:02.081,602.120,gnss_navigation,35.918249083333336,139.908106,17.513,0.6687777777777778,True,24,1,35.9184062,139.9079523,22.28884600106652,321.6122694675748,25.97,1012.91171875,67.96484375,320.9375,1.25,-7.6875,4.05,1.86,15.86,-45.875,-23.3125,8.875,178,-0.6747694675747766,forward,73.45200729787435,66.54799270212565,
2026-08-03T18:40:02.582,602.621,gnss_navigation,35.918253783333334,139.90810038333333,17.461,0.6893555555555556,True,24,1,35.9184062,139.9079523,21.565239706690107,321.8033422117471,25.93,1012.962890625,67.958984375,345.75,2.9375,-7.5,2.98,4.42,12.68,23.3125,-89.375,-85.625,178,23.946657788252878,forward,0.0,100.0,
2026-08-03T18:40:03.082,603.121,gnss_navigation,35.918253783333334,139.90810038333333,17.461,0.6893555555555556,True,24,1,35.9184062,139.9079523,21.565239706690107,321.8033422117471,25.93,1012.962890625,67.958984375,345.25,0.8125,-8.75,2.97,2.87,6.11,49.375,61.25,130.25,178,23.446657788252878,forward,58.95160562982856,81.04839437017144,
2026-08-03T18:40:03.583,603.622,gnss_navigation,35.918258683333335,139.90809528333332,17.452,0.7047888888888889,True,24,1,35.9184062,139.9079523,20.85306412608021,321.86932058403664,25.94,1012.998203125,67.9365234375,318.3125,-2.75,-9.5,-1.64,2.93,9.6,-27.0,0.125,7.4375,178,-3.556820584036643,forward,82.8489237693977,57.1510762306023,
2026-08-03T18:40:04.083,604.122,gnss_navigation,35.918258683333335,139.90809528333332,17.452,0.7047888888888889,True,24,1,35.9184062,139.9079523,20.85306412608021,321.86932058403664,25.94,1012.998203125,67.9365234375,319.0,-0.6875,-8.875,-2.17,-0.7,9.24,-2.3125,-117.1875,-4.0,114,-2.869320584036643,forward,71.04165239795311,68.95834760204689,
2026-08-03T18:40:04.583,604.622,gnss_navigation,35.918262383333335,139.90808768333332,17.51,0.7253666666666666,True,24,1,35.9184062,139.9079523,20.10886483386927,322.6794268451954,25.91,1012.922578125,67.943359375,319.125,-0.875,-9.125,-0.63,5.31,14.92,16.1875,76.0625,-8.0625,114,-3.554426845195394,forward,75.00795646722932,64.99204353277068,
2026-08-03T18:40:05.084,605.123,gnss_navigation,35.918262383333335,139.90808768333332,17.51,0.7253666666666666,True,24,1,35.9184062,139.9079523,20.10886483386927,322.6794268451954,25.91,1012.922578125,67.943359375,320.625,-0.25,-8.625,1.81,1.76,6.08,19.875,-40.25,-23.5625,114,-2.054426845195394,forward,69.52045646722931,70.47954353277069,
2026-08-03T18:40:05.584,605.623,gnss_navigation,35.91826618333333,139.90808128333333,17.499,0.7408,True,24,1,35.9184062,139.9079523,19.42447427420619,323.2757248436832,25.9,1012.9061328125,67.919921875,346.625,1.1875,-5.125,1.66,-0.98,11.83,-2.6875,7.75,-82.5,114,23.34927515631682,forward,0.0,100.0,
2026-08-03T18:40:06.085,606.124,gnss_navigation,35.91826618333333,139.90808128333333,17.499,0.7408,True,24,1,35.9184062,139.9079523,19.42447427420619,323.2757248436832,25.9,1012.9061328125,67.919921875,344.875,1.875,-5.375,-0.32,0.52,12.09,58.5,11.5625,133.3125,114,21.59927515631682,forward,55.97479147615631,84.02520852384369,
2026-08-03T18:40:06.585,606.624,gnss_navigation,35.918270983333336,139.90807738333334,17.493,0.730511111111111,True,25,1,35.9184062,139.9079523,18.78670468650868,323.16086960529276,25.9,1012.9601171875,67.9765625,324.9375,1.875,-6.375,3.96,4.59,11.06,36.875,14.75,8.9375,50,1.7766303947072402,forward,64.71432987494654,75.28567012505346,
2026-08-03T18:40:07.086,607.125,gnss_navigation,35.918270983333336,139.90807738333334,17.493,0.730511111111111,True,25,1,35.9184062,139.9079523,18.78670468650868,323.16086960529276,25.9,1012.9601171875,67.9765625,323.375,-0.4375,-7.0625,-0.12,0.86,6.74,11.8125,-35.5625,26.625,50,0.21413039470724016,forward,70.72057987494654,69.27942012505346,
2026-08-03T18:40:07.586,607.625,gnss_navigation,35.9182744,139.908072,17.432,0.7099333333333333,True,25,1,35.9184062,139.9079523,18.192696043027702,323.6653806474774,25.91,1013.03046875,67.91015625,321.625,0.0625,-5.5625,1.67,2.74,4.46,-28.625,-66.4375,-5.1875,242,-2.0403806474773774,forward,69.5474456842342,70.4525543157658,
2026-08-03T18:40:08.087,608.126,gnss_navigation,35.9182744,139.908072,17.432,0.7099333333333333,True,25,1,35.9184062,139.9079523,18.192696043027702,323.6653806474774,25.91,1013.03046875,67.91015625,321.875,1.25,-3.125,2.94,-1.25,6.1,-15.625,16.625,8.375,242,-1.7903806474773774,forward,71.49744568423421,68.50255431576579,
2026-08-03T18:40:08.590,608.629,gnss_navigation,35.918279483333336,139.9080658,17.395,0.7150777777777777,True,25,1,35.9184062,139.9079523,17.406928669523168,324.04345162543484,25.61,1012.5248828125,67.943359375,318.625,-2.875,-15.0625,0.21,1.62,5.38,-29.6875,-10.9375,4.625,114,-5.418451625434841,forward,81.1135545179819,58.8864454820181,
2026-08-03T18:40:09.092,609.131,gnss_navigation,35.918279483333336,139.9080658,17.395,0.7150777777777777,True,25,1,35.9184062,139.9079523,17.406928669523168,324.04345162543484,25.61,1012.5248828125,67.943359375,321.8125,-1.25,-9.9375,2.56,3.04,10.4,19.625,-127.8125,-58.8125,114,-2.230951625434841,forward,69.2698045179819,70.7301954820181,
2026-08-03T18:40:09.592,609.631,gnss_navigation,35.91828318333334,139.9080615,17.365,0.6945000000000001,True,25,1,35.9184062,139.9079523,16.84668594025443,324.2878708406266,25.89,1012.9979296875,67.884765625,317.125,-3.25,-11.8125,-9.84,-4.31,8.38,-95.9375,-65.5625,93.3125,178,-7.162870840626624,forward,100.0,2.4089886996521273,
2026-08-03T18:40:10.093,610.132,gnss_navigation,35.91828318333334,139.9080615,17.365,0.6945000000000001,True,25,1,35.9184062,139.9079523,16.84668594025443,324.2878708406266,25.89,1012.9979296875,67.884765625,307.375,-2.25,-10.0625,13.53,-13.4,13.01,130.875,130.125,-94.1875,178,-16.912870840626624,forward,80.47226130034787,59.527738699652126,
2026-08-03T18:40:10.594,610.633,gnss_navigation,35.918286083333335,139.9080538,17.342,0.6893555555555556,True,25,1,35.9184062,139.9079523,16.18445145671769,325.61478672189565,25.88,1012.962890625,67.7470703125,324.25,-0.9375,-9.1875,0.68,2.71,6.26,-66.9375,-82.75,29.0,242,-1.3647867218956549,forward,71.4615466725013,68.5384533274987,
2026-08-03T18:40:11.094,611.133,gnss_navigation,35.918286083333335,139.9080538,17.342,0.6893555555555556,True,25,1,35.9184062,139.9079523,16.18445145671769,325.61478672189565,25.88,1012.962890625,67.7470703125,322.0625,-0.9375,-9.375,1.72,2.87,2.13,-61.6875,-11.125,-13.6875,242,-3.552286721895655,forward,71.4677966725013,68.5322033274987,
2026-08-03T18:40:11.595,611.634,gnss_navigation,35.91829168333334,139.90804628333333,17.261,0.8076777777777778,True,24,1,35.9184062,139.9079523,15.289694346697752,326.3902855914447,25.9,1012.9601171875,67.76171875,316.5625,-2.125,-9.9375,0.58,1.19,2.7,-100.0625,0.6875,17.0625,178,-9.827785591444695,forward,100.0,34.67692062248348,
2026-08-03T18:40:12.096,612.135,gnss_navigation,35.91829168333334,139.90804628333333,17.261,0.8076777777777778,True,24,1,35.9184062,139.9079523,15.289694346697752,326.3902855914447,25.9,1012.9601171875,67.76171875,317.3125,-4.625,-8.375,-5.92,9.45,10.3,60.3125,80.0,-60.1875,114,-9.077785591444695,forward,75.56682937751653,64.43317062248347,
2026-08-03T18:40:12.596,612.635,gnss_navigation,35.91829658333333,139.90803978333332,17.232,0.7922444444444444,True,25,1,35.9184062,139.9079523,14.513111887468346,327.12416497017665,25.91,1013.003515625,67.78515625,326.6875,-5.5625,-6.1875,1.93,0.16,0.61,12.9375,-60.5,-10.25,50,-0.4366649701766505,forward,69.54972847315575,70.45027152684425,
2026-08-03T18:40:13.096,613.135,gnss_navigation,35.91829658333333,139.90803978333332,17.232,0.7922444444444444,True,25,1,35.9184062,139.9079523,14.513111887468346,327.12416497017665,25.91,1013.003515625,67.78515625,328.875,-4.5625,-5.6875,5.32,7.26,16.26,-131.875,-3.125,-10.1875,50,1.7508350298233495,forward,66.34347847315576,73.65652152684424,
2026-08-03T18:40:13.597,613.636,gnss_navigation,35.918301283333335,139.90803388333333,17.209,0.7665222222222222,True,24,1,35.9184062,139.9079523,13.786748213190748,327.79962565919305,25.9,1013.041015625,67.6591796875,329.3125,-4.8125,-6.4375,1.44,5.15,9.25,-87.625,5.0,-2.0625,114,1.5128743408069454,forward,43.76808197614132,96.23191802385868,
2026-08-03T18:40:14.097,614.136,gnss_navigation,35.918301283333335,139.90803388333333,17.209,0.7665222222222222,True,24,1,35.9184062,139.9079523,13.786748213190748,327.79962565919305,25.9,1013.041015625,67.6591796875,327.5625,-5.1875,-5.9375,-0.4,2.55,6.67,38.1875,-81.6875,89.25,114,-0.23712565919305462,forward,69.20558197614132,70.79441802385868,
2026-08-03T18:40:14.599,614.638,gnss_navigation,35.91830568333334,139.9080285,17.186,0.7459444444444445,True,24,1,35.9184062,139.9079523,13.115265974083433,328.45273771196065,25.89,1012.9709765625,67.556640625,324.5,-4.0,-14.0625,0.67,4.45,3.74,25.5,43.875,12.75,178,-3.9527377119606513,forward,76.55220052735444,63.447799472645556,
2026-08-03T18:40:15.099,615.138,gnss_navigation,35.91830568333334,139.9080285,17.186,0.7459444444444445,True,24,1,35.9184062,139.9079523,13.115265974083433,328.45273771196065,25.89,1012.9709765625,67.556640625,324.0625,-4.375,-14.6875,1.07,7.22,11.49,-23.5625,35.6875,-12.0625,178,-4.390237711960651,forward,72.10220052735444,67.89779947264556,
2026-08-03T18:40:15.599,615.638,gnss_navigation,35.91830948333333,139.90802428333333,17.2,0.5916111111111111,True,24,1,35.9184062,139.9079523,12.556922504519267,328.92054986168324,25.9,1013.0140625,67.5234375,328.9375,-3.625,-6.875,0.07,1.91,20.23,-20.125,-8.8125,-20.5625,178,0.016950138316758512,forward,61.01219016956852,78.98780983043147,
2026-08-03T18:40:16.100,616.139,gnss_navigation,35.91830948333333,139.90802428333333,17.2,0.5916111111111111,True,24,1,35.9184062,139.9079523,12.556922504519267,328.92054986168324,25.9,1013.0140625,67.5234375,329.3125,-2.875,-6.9375,2.04,1.54,5.3,18.6875,22.25,13.25,178,0.3919501383167585,forward,70.19969016956853,69.80030983043147,
2026-08-03T18:40:16.600,616.639,gnss_navigation,35.918313383333334,139.90801898333333,17.24,0.6070444444444444,True,24,1,35.9184062,139.9079523,11.940563542457705,329.80778777370244,25.91,1013.003515625,67.3896484375,327.9375,-4.75,-10.0625,-0.88,2.08,6.32,6.8125,-8.125,3.0,178,-1.8702877737024437,forward,74.0676898893466,65.9323101106534,
2026-08-03T18:40:17.100,617.139,gnss_navigation,35.918313383333334,139.90801898333333,17.24,0.6070444444444444,True,24,1,35.9184062,139.9079523,11.940563542457705,329.80778777370244,25.9,1012.91453125,67.4892578125,328.4375,-3.5625,-9.8125,1.28,1.88,11.16,-50.0,4.1875,-2.9375,178,-1.3702877737024437,forward,69.9114398893466,70.0885601106534,
2026-08-03T18:40:17.601,617.640,gnss_navigation,35.9183176,139.9080145,17.205,0.6327666666666667,True,24,1,35.9184062,139.9079523,11.332824662133065,330.37993135469225,25.9,1012.91453125,67.4892578125,329.125,-4.375,-7.3125,-0.25,1.66,12.71,-16.6875,-17.1875,-11.0625,114,-1.2549313546922463,forward,66.89623021896196,73.10376978103804,
2026-08-03T18:40:18.101,618.140,gnss_navigation,35.9183176,139.9080145,17.205,0.6327666666666667,True,24,1,35.9184062,139.9079523,11.332824662133065,330.37993135469225,25.91,1013.408125,67.615234375,329.125,-4.9375,-6.9375,-2.53,1.82,9.57,-12.5,-25.0625,5.9375,178,-1.2549313546922463,forward,71.07123021896196,68.92876978103804,
2026-08-03T18:40:18.602,618.641,gnss_navigation,35.918321983333335,139.90800858333333,17.198,0.6739222222222222,True,24,1,35.9184062,139.9079523,10.648096378571188,331.57607890954364,25.91,1013.408125,67.615234375,330.3125,-2.0625,-8.1875,-0.03,1.7,10.4,0.3125,35.1875,-0.5,50,-1.2635789095436394,forward,71.3601950837538,68.6398049162462,
2026-08-03T18:40:19.102,619.141,gnss_navigation,35.918321983333335,139.90800858333333,17.198,0.6739222222222222,True,24,1,35.9184062,139.9079523,10.648096378571188,331.57607890954364,25.69,1012.5819140625,67.73046875,329.875,-5.5,-7.8125,-0.24,1.56,7.8,-1.125,28.75,-0.8125,50,-1.7010789095436394,forward,70.4039450837538,69.5960549162462,
2026-08-03T18:40:19.603,619.642,gnss_navigation,35.91832578333333,139.90800368333333,17.186,0.6533444444444444,True,24,1,35.9184062,139.9079523,10.068195790385372,332.639937013444,25.69,1012.5819140625,67.73046875,334.1875,-0.25,-6.3125,3.45,0.69,5.07,-32.0,21.75,-11.8125,50,1.5475629865559881,forward,56.76086312763491,83.2391368723651,
2026-08-03T18:40:20.103,620.142,gnss_navigation,35.91832578333333,139.90800368333333,17.186,0.6533444444444444,True,24,1,35.9184062,139.9079523,10.068195790385372,332.639937013444,25.91,1012.922578125,67.7744140625,334.375,-1.875,-6.8125,0.62,3.39,11.31,19.9375,109.4375,-0.8125,50,1.7350629865559881,forward,68.23586312763491,71.76413687236509,
2026-08-03T18:40:20.603,620.642,gnss_navigation,35.91833008333333,139.9079987,17.137,0.6636333333333333,True,24,1,35.9184062,139.9079523,9.438997662575051,333.7254228556987,25.91,1012.922578125,67.7744140625,332.3125,-3.9375,-5.5625,-1.46,0.97,14.04,-4.5,-45.9375,12.9375,242,-1.412922855698696,forward,71.30569961075521,68.69430038924479,
2026-08-03T18:40:21.104,621.143,gnss_navigation,35.91833008333333,139.9079987,17.137,0.6636333333333333,True,24,1,35.9184062,139.9079523,9.438997662575051,333.7254228556987,25.93,1012.9278515625,68.1279296875,331.75,-5.3125,-8.125,0.04,4.53,15.01,60.75,19.875,-2.875,242,-1.975422855698696,forward,71.07444961075521,68.92555038924479,
2026-08-03T18:40:21.605,621.644,gnss_navigation,35.9183346,139.90799318333333,17.106,0.6842111111111112,True,24,1,35.9184062,139.9079523,8.771581284874694,335.18308691576794,25.93,1012.9278515625,68.09375,329.625,-3.5625,-7.8125,1.86,3.33,11.42,5.75,12.5625,11.25,242,-5.5580869157679444,forward,84.69283828455896,55.30716171544104,
2026-08-03T18:40:22.105,622.144,gnss_navigation,35.9183346,139.90799318333333,17.106,0.6842111111111112,True,24,1,35.9184062,139.9079523,8.771581284874694,335.18308691576794,25.93,1012.9278515625,68.09375,332.75,-1.625,-7.125,1.35,1.37,4.97,36.375,-20.0,-29.25,242,-2.4330869157679444,forward,66.54908828455896,73.45091171544104,
2026-08-03T18:40:22.605,622.644,gnss_navigation,35.91833868333333,139.90798898333333,17.062,0.6739222222222222,True,24,1,35.9184062,139.9079523,8.202141479206732,336.2499508906389,25.93,1012.881953125,68.0048828125,337.125,-1.3125,-6.9375,2.69,0.93,4.54,5.375,75.375,-7.25,242,0.8750491093611004,forward,64.54021953261436,75.45978046738564,
2026-08-03T18:40:23.106,623.145,gnss_navigation,35.91833868333333,139.90798898333333,17.062,0.6739222222222222,True,24,1,35.9184062,139.9079523,8.202141479206732,336.2499508906389,25.93,1012.881953125,68.0048828125,336.625,-2.4375,-6.0625,0.19,1.61,11.63,-27.375,59.5,11.9375,242,0.37504910936110036,forward,69.58396953261436,70.41603046738564,
2026-08-03T18:40:23.606,623.645,gnss_navigation,35.918343,139.9079854,17.01,0.6533444444444444,True,24,1,35.9184062,139.9079523,7.633521439570762,337.01587879694915,25.94,1012.8903125,67.9931640625,331.9375,-5.4375,-6.8125,-0.36,2.7,3.58,-64.3125,23.75,0.1875,242,-5.078378796949153,forward,83.86871071251112,56.13128928748888,
2026-08-03T18:40:24.109,624.148,gnss_navigation,35.918343,139.9079854,17.01,0.6533444444444444,True,24,1,35.9184062,139.9079523,7.633521439570762,337.01587879694915,25.94,1012.8903125,67.9931640625,333.8125,-4.75,-6.3125,2.2,3.28,6.5,2.1875,17.3125,-36.0,178,-3.2033787969491527,forward,69.84996071251112,70.15003928748888,
2026-08-03T18:40:24.609,624.648,gnss_navigation,35.9183479,139.90798278333332,16.955,0.6430555555555556,True,24,1,35.9184062,139.9079523,7.039912033311528,337.04986381145955,25.94,1012.9253515625,67.9833984375,346.25,-1.5625,-7.625,1.26,6.19,9.32,-15.9375,-32.5,-3.125,114,9.200136188540455,forward,65.67520303755933,74.32479696244067,
2026-08-03T18:40:25.110,625.149,gnss_navigation,35.9183479,139.90798278333332,16.955,0.6430555555555556,True,24,1,35.9184062,139.9079523,7.039912033311528,337.04986381145955,25.94,1012.9253515625,67.9833984375,337.8125,8.25,-4.9375,5.57,1.81,21.13,-22.4375,51.0625,20.0,50,0.7626361885404549,forward,69.94395303755933,70.05604696244067,
2026-08-03T18:40:25.610,625.649,gnss_navigation,35.918353683333336,139.9079801,16.892,0.6379111111111111,True,24,1,35.9184062,139.9079523,6.3535784671254625,336.7951647536188,25.94,1012.9173046875,67.6875,339.4375,-1.6875,-3.875,3.35,-1.12,6.63,-27.75,9.5625,-4.8125,50,2.642335246381208,forward,63.45239104916764,76.54760895083237,
2026-08-03T18:40:26.110,626.149,gnss_navigation,35.918353683333336,139.9079801,16.892,0.6379111111111111,True,24,1,35.9184062,139.9079523,6.3535784671254625,336.7951647536188,25.94,1012.9173046875,67.6875,338.375,-1.8125,-4.0,3.16,4.89,18.55,46.1875,-6.0,27.1875,50,1.579835246381208,forward,69.52739104916763,70.47260895083237,
2026-08-03T18:40:26.611,626.650,gnss_navigation,35.91836038333334,139.90797608333332,16.85,0.7613777777777778,True,24,1,35.9184062,139.9079523,5.526459040981066,337.1984536976603,25.94,1012.979296875,67.72265625,330.0625,-3.3125,-6.0,-0.98,1.74,12.21,-46.875,-17.25,9.6875,114,-7.135953697660284,forward,85.28613180289503,54.713868197104965,
2026-08-03T18:40:27.111,627.150,gnss_navigation,35.91836038333334,139.90797608333332,16.85,0.7613777777777778,True,24,1,35.9184062,139.9079523,5.526459040981066,337.1984536976603,25.94,1012.979296875,67.72265625,331.3125,-2.9375,-4.25,5.16,3.18,12.47,5.8125,-112.0,-33.625,178,-5.885953697660284,forward,72.54863180289503,67.45136819710497,
2026-08-03T18:40:27.612,627.651,gnss_navigation,35.918365683333334,139.90797168333333,16.753,0.6636333333333333,True,24,1,35.9184062,139.9079523,4.831565787413742,338.8217905970278,25.96,1012.94953125,67.6455078125,333.875,-2.1875,-5.9375,-1.41,0.26,2.98,34.4375,14.1875,8.8125,178,-4.946790597027814,forward,78.54626295812822,61.453737041871776,
2026-08-03T18:40:28.112,628.151,gnss_navigation,35.918365683333334,139.90797168333333,16.753,0.6636333333333333,True,24,1,35.9184062,139.9079523,4.831565787413742,338.8217905970278,25.96,1012.94953125,67.6455078125,334.0,-1.625,-5.0,0.54,-1.25,6.76,-8.9375,28.5,-18.5625,178,-4.821790597027814,forward,71.72126295812822,68.27873704187178,
2026-08-03T18:40:28.612,628.651,gnss_navigation,35.918370683333336,139.90796788333333,16.698,0.6584888888888889,True,24,1,35.9184062,139.9079523,4.191183644692252,340.43824016041594,25.95,1012.9064453125,67.4404296875,338.8125,0.625,-5.125,2.27,1.41,8.8,27.3125,51.3125,5.125,178,-1.625740160415944,forward,70.11368247762225,69.88631752237775,
2026-08-03T18:40:29.115,629.154,gnss_navigation,35.918370683333336,139.90796788333333,16.698,0.6584888888888889,True,24,1,35.9184062,139.9079523,4.191183644692252,340.43824016041594,25.95,1012.9064453125,67.4404296875,339.5,0.9375,-4.8125,-3.14,1.58,19.24,-1.25,-0.9375,-9.8125,178,-0.938240160415944,forward,68.41368247762225,71.58631752237775,
2026-08-03T18:40:29.615,629.654,gnss_navigation,35.918376683333335,139.90796348333333,16.651,0.6945000000000001,True,24,1,35.9184062,139.9079523,3.433133823595893,342.9419550055728,25.56,1012.3900390625,67.8681640625,339.3125,-3.625,-7.0625,-1.4,5.17,9.02,41.4375,-6.875,9.25,178,-3.6294550055728223,forward,72.51934212833275,67.48065787166725,
2026-08-03T18:40:30.115,630.154,gnss_navigation,35.918376683333335,139.90796348333333,16.651,0.6945000000000001,True,24,1,35.9184062,139.9079523,3.433133823595893,342.9419550055728,25.56,1012.3900390625,67.8681640625,339.0,-1.6875,-5.375,3.26,-2.73,4.56,1.3125,30.3125,54.5,178,-3.9419550055728223,forward,70.90059212833276,69.09940787166724,
2026-08-03T18:40:30.620,630.659,gnss_navigation,35.9183813,139.90796118333333,16.583,0.5298777777777778,True,24,1,35.9184062,139.9079523,2.8820010565621867,343.8847495199581,25.93,1012.900859375,67.7431640625,346.625,-1.1875,-6.5625,-3.17,1.63,7.94,-1.125,-11.0625,-28.8125,114,2.7402504800418797,forward,48.24106400445826,91.75893599554175,
2026-08-03T18:40:31.121,631.160,gnss_navigation,35.9183813,139.90796118333333,16.583,0.5298777777777778,True,24,1,35.9184062,139.9079523,2.8820010565621867,343.8847495199581,25.93,1012.900859375,67.7431640625,344.5,-0.5,-5.6875,1.62,-0.35,12.12,-70.0,-61.1875,75.125,50,0.6152504800418797,forward,69.60356400445826,70.39643599554174,
2026-08-03T18:40:31.625,631.664,searching_goal,35.91838658333333,139.90795828333333,16.525,0.6482,True,24,1,35.9184062,139.9079523,2.246835591959854,,25.94,1012.95234375,67.8583984375,346.875,2.75,-2.625,0.39,1.04,9.81,-2.125,-0.3125,0.625,114,,stopped,0.0,0.0,
2026-08-03T18:40:32.133,632.172,searching_goal,35.91838658333333,139.90795828333333,16.525,0.6482,True,24,1,35.9184062,139.9079523,2.246835591959854,,25.94,1012.95234375,67.8583984375,346.875,2.875,-3.1875,0.44,0.99,9.8,-0.6875,0.125,-0.4375,114,,stopped,0.0,0.0,
2026-08-03T18:40:32.641,632.680,searching_goal,35.918389483333335,139.90795718333334,16.487,0.37554444444444446,True,24,1,35.9184062,139.9079523,1.910118018248238,,25.95,1012.9334375,67.904296875,346.9375,3.0625,-4.9375,0.55,1.0,9.78,-0.0625,-0.0625,0.0625,178,,stopped,0.0,0.0,
2026-08-03T18:40:33.142,633.181,searching_goal,35.918389483333335,139.90795718333334,16.487,0.37554444444444446,True,24,1,35.9184062,139.9079523,1.910118018248238,,25.95,1012.9334375,67.904296875,346.9375,11.0625,-5.0,0.55,2.29,9.77,0.0,-0.0625,0.0,178,,stopped,0.0,0.0,
2026-08-03T18:40:33.643,633.682,searching_goal,35.918391983333336,139.90795668333334,16.47,0.2932333333333333,True,24,1,35.9184062,139.9079523,1.6293570418578653,,25.95,1012.9334375,67.7451171875,346.9375,3.125,-5.1875,0.55,1.03,9.75,0.0,-0.0625,0.125,178,,stopped,0.0,0.0,
2026-08-03T18:40:34.145,634.184,searching_goal,35.918391983333336,139.90795668333334,16.47,0.2932333333333333,True,24,1,35.9184062,139.9079523,1.6293570418578653,,25.95,1012.9334375,67.7451171875,346.9375,3.125,-5.1875,0.57,1.01,9.78,0.0,0.125,0.0,178,,stopped,0.0,0.0,
2026-08-03T18:40:34.645,634.684,searching_goal,35.9183941,139.90795528333334,16.495,0.2778,True,24,1,35.9184062,139.9079523,1.372018141323702,,25.96,1012.9845703125,67.8046875,346.9375,3.125,-5.1875,0.54,1.02,9.78,0.0,-0.0625,0.125,178,,stopped,0.0,0.0,
2026-08-03T18:40:35.146,635.185,searching_goal,35.9183941,139.90795528333334,16.495,0.2778,True,24,1,35.9184062,139.9079523,1.372018141323702,,25.96,1012.9845703125,67.8046875,346.9375,3.125,-5.1875,0.57,1.01,9.78,0.125,-0.125,-0.0625,178,,stopped,0.0,0.0,
2026-08-03T18:40:35.647,635.686,searching_goal,35.918396,139.90795308333333,16.556,0.26751111111111114,True,24,1,35.9184062,139.9079523,1.1363797508286275,,25.96,1012.9036328125,67.7822265625,346.9375,3.125,-5.1875,0.55,1.02,9.76,0.0,0.0625,0.0,178,,stopped,0.0,0.0,
2026-08-03T18:40:36.148,636.187,searching_goal,35.918396,139.90795308333333,16.556,0.26751111111111114,True,24,1,35.9184062,139.9079523,1.1363797508286275,,25.96,1012.9036328125,67.7822265625,346.9375,3.125,-5.1875,0.57,1.01,9.8,0.0625,0.0,0.0625,178,,stopped,0.0,0.0,
2026-08-03T18:40:36.648,636.687,searching_goal,35.91839578333333,139.90795348333333,16.634,0.08745555555555556,True,24,1,35.9184062,139.9079523,1.1631719296130647,,25.97,1012.8847265625,67.625,346.9375,3.125,-5.1875,0.57,1.01,9.76,0.0,0.0625,0.0625,178,,stopped,0.0,0.0,
2026-08-03T18:40:37.148,637.187,searching_goal,35.91839578333333,139.90795348333333,16.634,0.08745555555555556,True,24,1,35.9184062,139.9079523,1.1631719296130647,,25.97,1012.8847265625,67.625,346.9375,3.125,-5.1875,0.54,1.01,9.76,0.0,0.125,0.0,178,,stopped,0.0,0.0,
2026-08-03T18:40:37.649,637.688,searching_goal,35.91839578333333,139.90795348333333,16.636,0.06173333333333333,True,24,1,35.9184062,139.9079523,1.1631719296130647,,25.98,1012.9631640625,67.5478515625,346.9375,3.125,-5.1875,0.55,1.03,9.75,-0.0625,0.0625,0.0,178,,stopped,0.0,0.0,
2026-08-03T18:40:38.149,638.188,searching_goal,35.91839578333333,139.90795348333333,16.636,0.06173333333333333,True,24,1,35.9184062,139.9079523,1.1631719296130647,,25.98,1012.9631640625,67.5478515625,346.9375,3.125,-5.1875,0.55,1.03,9.78,0.0,0.0,0.0625,178,,stopped,0.0,0.0,
2026-08-03T18:40:38.650,638.689,guiding_to_goal,35.9183959,139.90795338333334,16.638,0.06687777777777779,True,24,1,35.9184062,139.9079523,1.1494550786697912,,25.98,1012.9631640625,67.5810546875,346.9375,3.125,-5.1875,0.56,1.01,9.77,-0.0625,-0.0625,0.0,178,,stopped,0.0,0.0,
2026-08-03T18:40:39.150,639.189,guiding_to_goal,35.9183959,139.90795338333334,16.638,0.06687777777777779,True,24,1,35.9184062,139.9079523,1.1494550786697912,,25.98,1012.9631640625,67.5810546875,346.9375,3.125,-5.1875,0.55,1.02,9.76,0.0625,-0.125,0.0625,178,,stopped,0.0,0.0,
2026-08-03T18:40:39.651,639.690,guiding_to_goal,35.9183959,139.9079533,16.641,0.07716666666666668,True,24,1,35.9184062,139.9079523,1.1488425112578413,,25.99,1013.0062890625,67.560546875,346.9375,3.125,-5.1875,0.54,1.01,9.76,0.0,-0.0625,0.0,178,,stopped,0.0,0.0,
2026-08-03T18:40:40.151,640.190,guiding_to_goal,35.9183959,139.9079533,16.641,0.07716666666666668,True,24,1,35.9184062,139.9079523,1.1488425112578413,,25.99,1013.0062890625,67.560546875,346.9375,3.125,-5.1875,0.55,1.0,9.75,-0.0625,0.0,0.0625,178,,stopped,0.0,0.0,
2026-08-03T18:40:40.655,640.694,guiding_to_goal,35.9183959,139.90795318333332,16.642,0.05658888888888889,True,24,1,35.9184062,139.9079523,1.148066777247866,,25.87,1012.7579296875,67.6103515625,346.9375,3.125,-5.1875,0.55,1.03,9.78,0.0625,-0.0625,0.0,178,,stopped,0.0,0.0,
2026-08-03T18:40:41.161,641.200,guiding_to_goal,35.9183959,139.90795318333332,16.642,0.05658888888888889,True,24,1,35.9184062,139.9079523,1.148066777247866,,25.87,1012.7579296875,67.6103515625,346.9375,3.125,-5.1875,0.54,1.01,9.76,0.0,-0.0625,0.0625,178,,stopped,0.0,0.0,
2026-08-03T18:40:41.664,641.703,guiding_to_goal,35.9183959,139.90795318333332,16.642,0.08231111111111111,True,24,1,35.9184062,139.9079523,1.148066777247866,,25.12,1012.770703125,67.51953125,346.9375,3.125,-5.1875,0.57,1.01,9.74,0.0,-0.25,0.0625,178,,stopped,0.0,0.0,
2026-08-03T18:40:42.175,642.214,guiding_to_goal,35.9183959,139.90795318333332,16.642,0.08231111111111111,True,24,1,35.9184062,139.9079523,1.148066777247866,,25.12,1012.770703125,67.51953125,346.9375,3.125,-5.1875,0.56,1.01,9.76,-0.0625,-0.125,0.0,178,,stopped,0.0,0.0,
2026-08-03T18:40:42.675,642.714,guiding_to_goal,35.91839578333333,139.90795348333333,16.647,0.05144444444444445,True,24,1,35.9184062,139.9079523,1.1631719296130647,,26.01,1012.8605078125,67.470703125,346.9375,3.125,-5.1875,0.55,1.0,9.77,-0.0625,0.0625,0.0,178,,stopped,0.0,0.0,
2026-08-03T18:40:43.448,643.487,guiding_to_goal,35.91839578333333,139.90795348333333,16.647,0.05144444444444445,True,24,1,35.9184062,139.9079523,1.1631719296130647,,26.01,1012.8605078125,67.470703125,346.9375,3.125,-5.1875,0.55,1.02,9.78,0.0,0.0,0.0,178,,stopped,0.0,0.0,
2026-08-03T18:40:43.948,643.987,guiding_to_goal,,,,,False,,,35.9184062,139.9079523,,,26.01,1012.8605078125,67.470703125,346.9375,3.125,-5.1875,0.56,1.0,9.8,0.0,0.0625,0.0,178,,stopped,0.0,0.0,
2026-08-03T18:40:44.449,644.488,guiding_to_goal,,,,,False,,,35.9184062,139.9079523,,,26.03,1013.567578125,67.40625,346.9375,3.125,-5.1875,0.55,1.01,9.78,0.0625,0.0,-0.0625,178,,stopped,0.0,0.0,
2026-08-03T18:40:44.950,644.989,guiding_to_goal,35.91839518333333,139.90795078333332,16.642,0.09774444444444444,True,24,1,35.9184062,139.9079523,1.2325876621785936,,26.02,1012.9929296875,67.3720703125,342.875,2.8125,-9.875,0.13,0.11,7.26,-7.9375,35.6875,-8.3125,50,,forward,68.25,51.75,
2026-08-03T18:40:45.628,645.667,guiding_to_goal,35.91839518333333,139.90795078333332,16.642,0.09774444444444444,True,24,1,35.9184062,139.9079523,1.2325876621785936,,26.02,1012.9929296875,67.3720703125,343.0625,2.3125,-9.875,1.59,2.86,15.03,35.375,-10.875,-11.6875,50,,forward,68.25,51.75,
2026-08-03T18:40:46.128,646.167,guiding_to_goal,35.91839518333333,139.90795048333334,16.644,0.48872222222222217,True,24,1,35.9184062,139.9079523,1.2358728215096784,,21.65,1005.9544921875,67.091796875,347.9375,1.875,-5.6875,3.14,3.0,9.32,-19.5625,-54.125,3.0,242,,forward,56.125,63.875,
2026-08-03T18:40:46.629,646.668,guiding_to_goal,35.91839518333333,139.90795048333334,16.644,0.48872222222222217,True,24,1,35.9184062,139.9079523,1.2358728215096784,,21.65,1005.9544921875,67.091796875,347.5,2.4375,-4.625,0.18,2.97,7.16,12.8125,-42.375,-8.875,242,,forward,23.945,24.055000000000003,
2026-08-03T18:40:47.129,647.168,guiding_to_goal,35.918399683333334,139.907948,16.702,0.4784333333333334,True,24,1,35.9184062,139.9079523,0.8215931084797551,,26.03,1013.0090234375,67.146484375,349.25,2.375,-6.75,0.45,1.19,9.75,0.0,-0.0625,-0.125,178,,stopped,0.0,0.0,
2026-08-03T18:40:47.629,647.668,guiding_to_goal,35.918399683333334,139.907948,16.702,0.4784333333333334,True,24,1,35.9184062,139.9079523,0.8215931084797551,,26.03,1013.0090234375,67.146484375,349.25,2.375,-6.75,0.42,1.2,9.76,-0.0625,0.25,-0.0625,178,,stopped,0.0,0.0,
2026-08-03T18:40:48.130,648.169,guiding_to_goal,35.91840178333333,139.907948,16.775,0.34982222222222226,True,24,1,35.9184062,139.9079523,0.6254043775760569,,26.02,1013.6944140625,66.953125,349.25,2.375,-6.75,0.41,1.19,9.75,0.0,-0.125,0.0625,178,,stopped,0.0,0.0,
2026-08-03T18:40:48.631,648.670,guiding_to_goal,35.91840178333333,139.907948,16.775,0.34982222222222226,True,24,1,35.9184062,139.9079523,0.6254043775760569,,26.02,1013.6944140625,66.953125,349.25,2.375,-6.75,0.44,1.18,9.72,0.0,0.0,-0.0625,178,,stopped,0.0,0.0,
2026-08-03T18:40:49.135,649.174,guiding_to_goal,35.91840428333333,139.90794888333335,16.815,0.3446777777777778,True,24,1,35.9184062,139.9079523,0.3742810678184632,,26.03,1012.874140625,67.3056640625,349.25,2.375,-6.75,0.42,1.19,9.75,8.0,-0.0625,0.0,178,,stopped,0.0,0.0,
2026-08-03T18:40:49.648,649.687,guiding_to_goal,35.91840428333333,139.90794888333335,16.815,0.3446777777777778,True,24,1,35.9184062,139.9079523,0.3742810678184632,,26.03,1012.874140625,67.3056640625,349.25,2.375,-6.75,0.43,1.18,9.74,0.125,0.0625,0.0625,178,,stopped,0.0,0.0,
2026-08-03T18:40:50.154,650.193,guiding_to_goal,35.918407083333335,139.9079495,16.839,0.32924444444444445,True,24,1,35.9184062,139.9079523,0.2706000626499398,,26.04,1012.9981640625,67.0458984375,349.25,10.375,-6.75,0.42,1.17,9.77,8.0,0.0,0.125,178,,stopped,0.0,0.0,
2026-08-03T18:40:50.658,650.697,guiding_to_goal,35.918407083333335,139.9079495,16.839,0.32924444444444445,True,24,1,35.9184062,139.9079523,0.2706000626499398,,26.04,1012.9981640625,67.0458984375,349.25,2.375,-6.75,0.42,1.17,9.74,0.0,0.0625,-0.0625,178,,stopped,0.0,0.0,
2026-08-03T18:40:51.159,651.198,guiding_to_goal,35.918406583333336,139.90795068333333,16.902,0.15947777777777777,True,24,1,35.9184062,139.9079523,0.15169504056966626,,26.0,1012.8794140625,67.2216796875,349.25,2.375,-6.75,0.41,1.19,9.75,0.1875,0.0,-0.0625,242,,stopped,0.0,0.0,
2026-08-03T18:40:51.659,651.698,guiding_to_goal,35.918406583333336,139.90795068333333,16.902,0.15947777777777777,True,24,1,35.9184062,139.9079523,0.15169504056966626,,26.0,1012.8794140625,67.2216796875,349.25,2.375,-6.75,0.42,1.18,9.72,-0.0625,8.125,0.125,242,,stopped,0.0,0.0,
2026-08-03T18:40:52.160,652.199,guiding_to_goal,35.918407083333335,139.90795078333332,16.954,0.16462222222222223,True,24,1,35.9184062,139.9079523,0.16822962498997396,,26.05,1012.933671875,67.2626953125,349.25,2.375,-6.75,0.43,1.16,9.7,-0.0625,-0.125,0.1875,242,,stopped,0.0,0.0,
2026-08-03T18:40:52.660,652.699,guiding_to_goal,35.918407083333335,139.90795078333332,16.954,0.16462222222222223,True,24,1,35.9184062,139.9079523,0.16822962498997396,,26.05,1012.933671875,67.2626953125,349.25,2.375,-6.75,0.41,1.17,9.73,-0.0625,0.0,0.0,242,,stopped,0.0,0.0,
2026-08-03T18:40:53.161,653.200,guiding_to_goal,35.9184069,139.90795078333332,16.98,0.15947777777777777,True,24,1,35.9184062,139.9079523,0.1572008963534764,,26.05,1012.952578125,67.23828125,349.25,2.375,-6.75,0.43,1.16,9.74,-0.0625,-0.125,-0.125,242,,stopped,0.0,0.0,
2026-08-03T18:40:53.661,653.700,guiding_to_goal,35.9184069,139.90795078333332,16.98,0.15947777777777777,True,24,1,35.9184062,139.9079523,0.1572008963534764,,26.05,1012.952578125,67.23828125,349.25,2.375,-6.75,0.42,1.17,9.73,0.0625,0.25,-0.0625,242,,stopped,0.0,0.0,
2026-08-03T18:40:54.162,654.201,guiding_to_goal,35.918405283333335,139.90794918333333,17.064,0.020577777777777778,True,24,1,35.9184062,139.9079523,0.29859655295261434,,26.06,1012.9767578125,67.4462890625,349.25,2.375,-6.75,0.42,1.18,9.74,0.0625,0.0625,-0.125,242,,stopped,0.0,0.0,
2026-08-03T18:40:54.662,654.701,guiding_to_goal,35.918405283333335,139.90794918333333,17.064,0.020577777777777778,True,24,1,35.9184062,139.9079523,0.29859655295261434,,26.06,1012.9767578125,67.4462890625,349.25,2.375,-6.75,0.44,1.17,9.76,-0.0625,-0.1875,0.0,242,,stopped,0.0,0.0,
2026-08-03T18:40:55.162,655.201,guiding_to_goal,35.91840538333334,139.90794918333333,17.071,0.041155555555555556,True,24,1,35.9184062,139.9079523,0.2949860233204197,,26.06,1013.030703125,67.3447265625,349.25,2.375,-6.75,0.41,1.2,9.75,0.0,0.0,-0.125,242,,stopped,0.0,0.0,
2026-08-03T18:40:55.665,655.704,guiding_to_goal,35.91840538333334,139.90794918333333,17.071,0.041155555555555556,True,24,1,35.9184062,139.9079523,0.2949860233204197,,26.06,1013.030703125,67.3447265625,349.25,2.375,-6.75,0.44,1.19,9.74,-0.0625,0.0625,-0.0625,242,,stopped,0.0,0.0,
2026-08-03T18:40:56.165,656.204,guiding_to_goal,35.91840548333333,139.90794918333333,17.073,0.06173333333333333,True,24,1,35.9184062,139.9079523,0.29175485058442474,,26.07,1012.911953125,67.322265625,349.25,2.375,-6.75,0.41,1.16,9.74,0.0,-0.0625,0.0,242,,stopped,0.0,0.0,
2026-08-03T18:40:56.671,656.710,guiding_to_goal,35.91840548333333,139.90794918333333,17.073,0.06173333333333333,True,24,1,35.9184062,139.9079523,0.29175485058442474,,26.07,1012.911953125,67.322265625,349.25,2.375,-6.75,0.43,1.18,9.74,0.0,-0.1875,0.0625,178,,stopped,0.0,0.0,
2026-08-03T18:40:57.171,657.210,guiding_to_goal,35.91840558333333,139.90794918333333,17.079,0.025722222222222226,True,24,1,35.9184062,139.9079523,0.28891576250042117,,26.07,1012.93890625,67.3447265625,349.25,2.375,-6.75,0.44,1.18,9.73,-0.125,0.0625,-0.1875,178,,stopped,0.0,0.0,
2026-08-03T18:40:57.672,657.711,guiding_to_goal,35.91840558333333,139.90794918333333,17.079,0.025722222222222226,True,24,1,35.9184062,139.9079523,0.28891576250042117,,26.07,1012.93890625,67.3447265625,349.25,2.375,-6.75,0.41,1.16,9.74,0.0,0.125,-0.0625,178,,stopped,0.0,0.0,
2026-08-03T18:40:58.172,658.211,guiding_to_goal,35.9184057,139.90794918333333,17.093,0.0926,True,24,1,35.9184062,139.9079523,0.2861145270976005,,26.06,1012.8418359375,67.4130859375,349.25,2.375,-6.75,0.42,1.19,9.75,0.0,0.125,0.0625,178,,stopped,0.0,0.0,
2026-08-03T18:40:58.673,658.712,guiding_to_goal,35.9184057,139.90794918333333,17.093,0.0926,True,24,1,35.9184062,139.9079523,0.2861145270976005,,26.06,1012.8418359375,67.4130859375,349.25,2.375,-6.75,1.72,1.16,9.71,-0.125,0.1875,0.0,178,,stopped,0.0,0.0,
2026-08-03T18:40:59.173,659.212,guiding_to_goal,35.91840558333333,139.90794908333334,17.091,0.05658888888888889,True,24,1,35.9184062,139.9079523,0.297671292289099,,26.07,1012.884921875,67.265625,349.25,2.375,-6.75,0.43,1.17,9.72,0.0,-0.0625,0.0625,178,,forward,60.0,60.0,
2026-08-03T18:40:59.673,659.712,guiding_to_goal,35.91840558333333,139.90794908333334,17.091,0.05658888888888889,True,24,1,35.9184062,139.9079523,0.297671292289099,,26.07,1012.884921875,67.265625,349.25,2.625,-14.625,0.59,7.64,8.23,-34.75,-13.375,-1.5,178,,forward,60.20625,59.79375,
2026-08-03T18:41:00.176,660.215,guiding_to_goal,35.91840558333333,139.907949,17.092,0.09774444444444444,True,24,1,35.9184062,139.9079523,0.30497867255170463,,26.09,1012.9444921875,67.1455078125,351.125,-0.625,-5.3125,-2.67,1.94,11.78,-34.0625,-34.3125,-3.0625,178,,forward,51.9375,68.0625,
2026-08-03T18:41:00.676,660.715,guiding_to_goal,35.91840558333333,139.907949,17.092,0.09774444444444444,True,24,1,35.9184062,139.9079523,0.30497867255170463,,26.09,1012.9444921875,67.1455078125,350.5625,1.0,-4.5625,-0.22,0.13,13.81,-27.875,8.6875,20.3125,178,,forward,38.953125,51.046875,
2026-08-03T18:41:01.177,661.216,guiding_to_goal,35.9184057,139.90794888333335,17.086,0.44756666666666667,True,24,1,35.9184062,139.9079523,0.31265911301628674,,26.09,1012.93640625,67.1220703125,337.3125,0.375,17.5,0.0,-2.35,6.94,-40.3125,10.1875,-5.375,50,,reverse,-60.0,-60.0,
2026-08-03T18:41:01.677,661.716,guiding_to_goal,35.9184057,139.90794888333335,17.086,0.44756666666666667,True,24,1,35.9184062,139.9079523,0.31265911301628674,,26.09,1012.93640625,67.1220703125,337.5,0.125,19.25,0.13,-4.66,8.87,3.75,53.625,-3.75,50,,reverse,-60.0,-60.0,
2026-08-03T18:41:02.178,662.217,guiding_to_goal,35.9184106,139.90794808333334,17.054,0.25722222222222224,True,24,1,35.9184062,139.9079523,0.6193209281666551,,25.08,1011.3935546875,67.0966796875,339.75,2.125,-7.75,0.43,5.64,9.63,-44.3125,-7.375,-6.0,178,,turn_right,5.0,-5.0,
2026-08-03T18:41:02.678,662.717,guiding_to_goal,35.9184106,139.90794808333334,17.054,0.25722222222222224,True,24,1,35.9184062,139.9079523,0.6193209281666551,,25.08,1011.3935546875,67.0966796875,343.0,1.125,-8.25,-0.95,2.7,8.26,-17.3125,-5.0,-21.375,178,,turn_right,25.0,-25.0,
2026-08-03T18:41:03.178,663.217,guiding_to_goal,35.91840908333333,139.90794818333333,17.203,0.34982222222222226,True,24,1,35.9184062,139.9079523,0.49012210909053827,,26.1,1012.9066015625,67.0673828125,40.875,1.75,-7.8125,0.1,1.42,9.56,0.5625,-5.3125,-36.25,50,,turn_right,30.0,-30.0,
2026-08-03T18:41:03.679,663.718,guiding_to_goal,35.91840908333333,139.90794818333333,17.203,0.34982222222222226,True,24,1,35.9184062,139.9079523,0.49012210909053827,,26.1,1012.9066015625,67.0673828125,47.125,2.125,-7.5625,0.24,1.12,9.65,-4.5625,-22.375,-85.5,50,,turn_right,30.0,-30.0,
2026-08-03T18:41:04.180,664.219,guiding_to_goal,35.9184076,139.9079504,17.286,0.23664444444444446,True,24,1,35.9184062,139.9079523,0.23131919603013734,,26.1,1012.987578125,67.0556640625,67.0625,3.5625,-10.25,-3.05,0.06,21.49,-21.4375,61.8125,-7.25,50,,forward,100.0,93.9,
2026-08-03T18:41:04.680,664.719,guiding_to_goal,35.9184076,139.9079504,17.286,0.23664444444444446,True,24,1,35.9184062,139.9079523,0.23131919603013734,,26.1,1012.987578125,67.0556640625,67.1875,3.75,-9.0,1.23,2.41,4.26,-30.25,-17.5625,-4.0,50,,forward,100.0,99.15625,
2026-08-03T18:41:05.181,665.220,guiding_to_goal,35.9184094,139.9079561,17.284,0.4835777777777777,True,24,1,35.9184062,139.9079523,0.4936685397116975,,26.1,1012.9605859375,67.158203125,66.875,1.625,7.0625,0.15,-6.59,12.67,170.1875,4.75,17.0,51,,forward,36.222500000000004,40.0,
2026-08-03T18:41:05.681,665.720,guiding_to_goal,35.9184094,139.9079561,17.284,0.4835777777777777,True,24,1,35.9184062,139.9079523,0.4936685397116975,,26.1,1012.9605859375,67.158203125,66.25,1.5,-6.375,0.51,-2.82,7.76,-83.5625,-22.0625,-8.3125,51,,forward,5.0,4.830937500000001,
2026-08-03T18:41:06.181,666.220,guiding_to_goal,35.91841158333333,139.90796208333333,17.347,0.5093,True,24,1,35.9184062,139.9079523,1.065124458775453,,26.08,1012.98234375,67.109375,68.8125,2.6875,-5.6875,0.53,0.68,9.8,-0.0625,0.0,0.0625,51,,stopped,0.0,0.0,
2026-08-03T18:41:06.682,666.721,guiding_to_goal,35.91841158333333,139.90796208333333,17.347,0.5093,True,24,1,35.9184062,139.9079523,1.065124458775453,,26.08,1012.98234375,67.109375,68.8125,2.75,-5.5,0.53,0.7,9.79,0.125,0.0,0.0,51,,stopped,0.0,0.0,
2026-08-03T18:41:07.182,667.221,guiding_to_goal,35.918413183333335,139.90796508333332,17.406,0.3446777777777778,True,24,1,35.9184062,139.9079523,1.3885737920994883,,26.09,1012.9175,67.04296875,68.8125,2.9375,-4.8125,0.54,0.69,9.79,-0.0625,-0.0625,0.0,51,,stopped,0.0,0.0,
2026-08-03T18:41:07.685,667.724,guiding_to_goal,35.918413183333335,139.90796508333332,17.406,0.3446777777777778,True,24,1,35.9184062,139.9079523,1.3885737920994883,,26.09,1012.9175,67.04296875,68.8125,3.0,-4.75,0.55,0.69,9.8,0.0,0.0,0.0,51,,stopped,0.0,0.0,
2026-08-03T18:41:08.187,668.226,guiding_to_goal,35.9184142,139.9079676,17.442,0.3086666666666667,True,24,1,35.9184062,139.9079523,1.6400055953217727,,26.09,1012.9444921875,67.04296875,68.8125,3.0,-4.75,0.55,0.68,9.82,0.0,0.0625,0.0625,51,,stopped,0.0,0.0,
2026-08-03T18:41:08.688,668.727,guiding_to_goal,35.9184142,139.9079676,17.442,0.3086666666666667,True,24,1,35.9184062,139.9079523,1.6400055953217727,,26.09,1012.9444921875,67.04296875,68.8125,3.0,-4.75,0.53,0.67,9.79,-0.0625,0.0625,-0.0625,51,,stopped,0.0,0.0,
2026-08-03T18:41:09.188,669.227,guiding_to_goal,35.918413783333335,139.90796738333333,17.426,0.13375555555555557,True,24,1,35.9184062,139.9079523,1.5987346017645216,,26.09,1012.93640625,67.0654296875,68.8125,3.0,-4.75,0.55,0.68,9.81,0.0,-0.0625,0.0,51,,stopped,0.0,0.0,
2026-08-03T18:41:09.688,669.727,guiding_to_goal,35.918413783333335,139.90796738333333,17.426,0.13375555555555557,True,24,1,35.9184062,139.9079523,1.5987346017645216,,26.09,1012.93640625,67.0654296875,68.8125,3.0,-4.75,0.54,0.68,9.82,0.0,0.125,0.0,51,,stopped,0.0,0.0,
2026-08-03T18:41:10.189,670.228,guiding_to_goal,35.91841458333333,139.90796458333332,17.427,0.12346666666666666,True,24,1,35.9184062,139.9079523,1.446547042595382,,26.08,1012.9553125,67.0986328125,68.8125,3.0,-4.75,0.55,0.67,9.8,0.0,8.0,-0.0625,51,,stopped,0.0,0.0,
2026-08-03T18:41:10.691,670.730,guiding_to_goal,35.91841458333333,139.90796458333332,17.427,0.12346666666666666,True,24,1,35.9184062,139.9079523,1.446547042595382,,26.08,1012.9553125,67.0986328125,68.8125,3.0,-4.75,0.56,0.69,9.81,-0.125,0.0625,0.0625,51,,stopped,0.0,0.0,
2026-08-03T18:41:11.192,671.231,guiding_to_goal,35.9184148,139.90796488333334,17.396,0.1389,True,24,1,35.9184062,139.9079523,1.4827308724956763,,26.08,1012.9553125,67.3583984375,68.8125,3.0,-4.75,0.55,0.68,9.79,-0.125,0.0625,-0.0625,51,,stopped,0.0,0.0,
2026-08-03T18:41:11.692,671.731,guiding_to_goal,35.9184148,139.90796488333334,17.396,0.1389,True,24,1,35.9184062,139.9079523,1.4827308724956763,,26.08,1012.9739453125,67.0966796875,68.8125,3.0,-4.75,0.55,0.67,9.83,0.0625,-0.0625,0.0,51,,stopped,0.0,0.0,
2026-08-03T18:41:12.192,672.231,guiding_to_goal,35.918414983333335,139.90796498333333,17.397,0.15433333333333335,True,24,1,35.9184062,139.9079523,1.5027922908204758,,26.08,1012.9739453125,67.0966796875,68.8125,3.0,-4.75,0.55,0.67,9.8,-0.0625,0.0625,0.0,51,,stopped,0.0,0.0,
2026-08-03T18:41:12.693,672.732,guiding_to_goal,35.918414983333335,139.90796498333333,17.397,0.15433333333333335,True,24,1,35.9184062,139.9079523,1.5027922908204758,,25.88,1012.666171875,67.169921875,68.8125,3.0,-4.75,0.55,0.67,9.8,0.0625,0.0,-0.0625,51,,stopped,0.0,0.0,
2026-08-03T18:41:13.194,673.233,guiding_to_goal,35.91841528333333,139.90796508333332,17.397,0.0051444444444444445,True,24,1,35.9184062,139.9079523,1.5314401775173843,,25.88,1012.666171875,67.169921875,68.8125,3.0,-4.75,0.54,1.96,9.8,0.0625,0.0,0.0,51,,stopped,0.0,0.0,
2026-08-03T18:41:13.695,673.734,guiding_to_goal,35.91841528333333,139.90796508333332,17.397,0.0051444444444444445,True,24,1,35.9184062,139.9079523,1.5314401775173843,,26.08,1012.98234375,67.22265625,68.8125,3.0,-4.75,0.55,0.67,9.8,0.125,-0.125,0.0625,51,,stopped,0.0,0.0,
2026-08-03T18:41:14.198,674.237,guiding_to_goal,35.91841528333333,139.90796488333334,17.405,0.18005555555555552,True,24,1,35.9184062,139.9079523,1.5179485884299388,,26.09,1012.990390625,67.1455078125,68.8125,3.0,-4.75,0.56,0.68,9.81,0.0,-0.1875,-0.0625,51,,stopped,0.0,0.0,
2026-08-03T18:41:14.702,674.741,guiding_to_goal,35.91841528333333,139.90796488333334,17.405,0.18005555555555552,True,24,1,35.9184062,139.9079523,1.5179485884299388,,26.09,1012.990390625,67.1455078125,76.8125,3.0,-4.75,0.54,0.7,9.79,0.0625,0.125,0.0,51,,stopped,0.0,0.0,
2026-08-03T18:41:15.203,675.242,guiding_to_goal,35.91841578333333,139.90796488333334,17.392,0.18005555555555552,True,24,1,35.9184062,139.9079523,1.5554961109951766,,26.08,1013.0008984375,66.9951171875,68.8125,3.0,-4.75,0.55,0.67,9.82,0.0,-0.0625,-0.125,51,,stopped,0.0,0.0,
2026-08-03T18:41:15.703,675.742,guiding_to_goal,35.91841578333333,139.90796488333334,17.392,0.18005555555555552,True,24,1,35.9184062,139.9079523,1.5554961109951766,,26.08,1013.0008984375,66.9951171875,68.8125,3.0,-4.75,0.55,0.67,9.8,-0.0625,0.0625,-0.0625,51,,stopped,0.0,0.0,
2026-08-03T18:41:16.214,676.253,guiding_to_goal,35.9184161,139.90796508333332,17.388,0.12861111111111112,True,24,1,35.9184062,139.9079523,1.5927942792011658,,26.08,1014.323125,67.5048828125,68.8125,3.0,-4.75,0.56,0.68,9.8,8.0625,0.25,0.0,51,,stopped,0.0,0.0,
2026-08-03T18:41:16.715,676.754,guiding_to_goal,35.9184161,139.90796508333332,17.388,0.12861111111111112,True,24,1,35.9184062,139.9079523,1.5927942792011658,,26.08,1014.323125,67.5048828125,68.8125,3.0,-4.75,0.55,0.7,9.81,0.0,0.0625,-0.125,51,,stopped,0.0,0.0,
2026-08-03T18:41:17.225,677.264,guiding_to_goal,35.918416283333336,139.90796498333333,17.392,0.14404444444444445,True,24,1,35.9184062,139.9079523,1.600512417986192,,26.08,1012.9553125,67.3251953125,68.8125,3.0,-4.75,0.53,0.69,9.82,0.0625,0.0625,0.0,51,,stopped,0.0,0.0,
2026-08-03T18:41:17.735,677.774,guiding_to_goal,35.918416283333336,139.90796498333333,17.392,0.14404444444444445,True,24,1,35.9184062,139.9079523,1.600512417986192,,26.08,1012.9553125,67.3251953125,68.8125,3.0,-4.75,0.54,0.66,9.79,0.125,0.25,-0.0625,51,,stopped,0.0,0.0,
2026-08-03T18:41:18.235,678.274,guiding_to_goal,35.91841638333333,139.90796488333334,17.393,0.08231111111111111,True,25,1,35.9184062,139.9079523,1.6019390994706892,,26.08,1012.9553125,67.3251953125,68.8125,3.0,-4.75,0.56,0.67,9.79,0.0,-0.0625,-0.0625,51,,stopped,0.0,0.0,
2026-08-03T18:41:18.736,678.774,guiding_to_goal,35.91841638333333,139.90796488333334,17.393,0.08231111111111111,True,25,1,35.9184062,139.9079523,1.6019390994706892,,26.08,1012.9553125,67.3251953125,68.8125,3.0,-4.75,0.55,0.69,9.8,-0.0625,-0.1875,0.0,51,,stopped,0.0,0.0,
2026-08-03T18:41:19.236,679.275,guiding_to_goal,35.91841638333333,139.9079648,17.393,0.025722222222222226,True,25,1,35.9184062,139.9079523,1.5966396656093857,,26.07,1012.930859375,67.5029296875,63.5,4.9375,-6.625,3.22,0.25,17.37,29.0,0.4375,-29.8125,179,,forward,70.0875,49.9125,
2026-08-03T18:41:19.736,679.775,guiding_to_goal,35.91841638333333,139.9079648,17.393,0.025722222222222226,True,25,1,35.9184062,139.9079523,1.5966396656093857,,26.07,1012.930859375,67.5029296875,65.875,4.0,-6.1875,2.76,3.82,8.58,-29.5,64.875,40.9375,179,,forward,53.7,66.3,
2026-08-03T18:41:20.239,680.278,guiding_to_goal,35.918416283333336,139.90796458333332,17.402,0.6842111111111112,True,25,1,35.9184062,139.9079523,1.5750096128080542,,26.07,1012.9038671875,67.37890625,57.6875,2.8125,-4.625,-1.81,2.69,12.68,-16.9375,-29.125,12.5625,51,,forward,63.99375,56.00625,
2026-08-03T18:41:20.739,680.778,guiding_to_goal,35.918416283333336,139.90796458333332,17.402,0.6842111111111112,True,25,1,35.9184062,139.9079523,1.5750096128080542,,26.07,1012.9038671875,67.37890625,57.875,3.8125,-3.3125,0.74,1.12,4.29,-54.5,-10.0625,-5.3125,51,,forward,35.955,36.045,
2026-08-03T18:41:21.242,681.281,guiding_to_goal,35.9184196,139.90796978333333,17.393,0.3806888888888889,True,25,1,35.9184062,139.9079523,2.167689056552078,,26.06,1012.949765625,67.5830078125,56.1875,3.9375,-2.3125,0.7,0.52,9.81,-0.0625,0.0625,0.0,51,,stopped,0.0,0.0,
2026-08-03T18:41:21.743,681.782,guiding_to_goal,35.9184196,139.90796978333333,17.393,0.3806888888888889,True,25,1,35.9184062,139.9079523,2.167689056552078,,26.06,1012.949765625,67.5830078125,56.1875,3.9375,-2.3125,0.72,0.47,9.76,-0.0625,0.0,0.0,51,,stopped,0.0,0.0,
2026-08-03T18:41:22.249,682.288,guiding_to_goal,35.91842008333333,139.90797128333332,17.253,0.20063333333333333,True,24,1,35.9184062,139.9079523,2.3033673497363596,,26.06,1013.00375,67.2998046875,56.1875,4.0,-2.4375,0.7,0.48,9.81,0.0,-0.0625,0.125,51,,stopped,0.0,0.0,
2026-08-03T18:41:22.749,682.789,guiding_to_goal,35.91842008333333,139.90797128333332,17.253,0.20063333333333333,True,24,1,35.9184062,139.9079523,2.3033673497363596,,26.06,1013.00375,67.2998046875,56.1875,4.0,-2.4375,0.73,0.51,9.81,0.0625,0.0625,0.0625,51,,stopped,0.0,0.0,
2026-08-03T18:41:23.258,683.297,guiding_to_goal,35.91841938333334,139.90797088333332,17.366,0.18005555555555552,True,24,1,35.9184062,139.9079523,2.2247209207229623,,25.89,1012.647265625,67.3974609375,56.1875,4.0,-2.4375,0.72,0.49,9.78,-0.0625,-0.1875,0.0625,51,,stopped,0.0,0.0,
2026-08-03T18:41:23.761,683.800,guiding_to_goal,35.91841938333334,139.90797088333332,17.366,0.18005555555555552,True,24,1,35.9184062,139.9079523,2.2247209207229623,,25.89,1012.647265625,67.3974609375,56.1875,4.0,-2.4375,0.72,0.47,9.81,-0.0625,-0.0625,-0.0625,51,,stopped,0.0,0.0,
2026-08-03T18:41:24.265,684.304,guiding_to_goal,35.91841888333333,139.90797038333332,17.459,0.15947777777777777,True,24,1,35.9184062,139.9079523,2.1542518933685084,,21.13,1006.315859375,67.080078125,56.1875,4.0,-2.4375,0.74,0.47,9.83,0.125,0.0,0.0625,51,,stopped,0.0,0.0,
2026-08-03T18:41:24.765,684.804,guiding_to_goal,35.91841888333333,139.90797038333332,17.459,0.15947777777777777,True,24,1,35.9184062,139.9079523,2.1542518933685084,,21.13,1006.315859375,67.080078125,56.1875,4.0,-2.4375,0.73,0.5,9.81,0.0,0.0625,0.0,51,,stopped,0.0,0.0,
2026-08-03T18:41:25.266,685.305,guiding_to_goal,35.918418083333336,139.90796978333333,17.543,0.12346666666666666,True,24,1,35.9184062,139.9079523,2.05541946786776,,26.09,1012.9633984375,67.39453125,56.1875,4.0,-2.4375,0.73,0.48,9.79,0.0,-0.1875,0.125,51,,stopped,0.0,0.0,
2026-08-03T18:41:25.767,685.805,guiding_to_goal,35.918418083333336,139.90796978333333,17.543,0.12346666666666666,True,24,1,35.9184062,139.9079523,2.05541946786776,,26.09,1012.9633984375,67.39453125,56.1875,4.0,-2.4375,0.73,0.47,9.77,0.0,0.125,0.0,51,,stopped,0.0,0.0,
2026-08-03T18:41:26.270,686.309,guiding_to_goal,35.918418083333336,139.90796978333333,17.549,0.041155555555555556,True,24,1,35.9184062,139.9079523,2.05541946786776,,26.1,1012.93359375,67.4296875,56.1875,4.0,-2.4375,0.72,0.49,9.79,0.0,-0.1875,0.0,51,,stopped,0.0,0.0,
2026-08-03T18:41:26.770,686.809,guiding_to_goal,35.918418083333336,139.90796978333333,17.549,0.041155555555555556,True,24,1,35.9184062,139.9079523,2.05541946786776,,26.1,1012.93359375,67.4296875,56.1875,4.0,-2.4375,0.74,0.48,9.83,-0.0625,-0.1875,0.125,51,,stopped,0.0,0.0,
2026-08-03T18:41:27.270,687.309,guiding_to_goal,35.918417983333335,139.90796988333332,17.552,0.08745555555555556,True,24,1,35.9184062,139.9079523,2.055218611676243,,26.1,1012.9794921875,67.4052734375,56.1875,4.0,-2.4375,0.72,0.48,9.8,-0.125,0.0,0.125,51,,stopped,0.0,0.0,
2026-08-03T18:41:27.772,687.811,guiding_to_goal,35.918417983333335,139.90796988333332,17.552,0.08745555555555556,True,24,1,35.9184062,139.9079523,2.055218611676243,,26.1,1012.9794921875,67.4052734375,56.1875,4.0,-2.4375,0.71,0.5,9.84,0.0,0.1875,-0.125,51,,stopped,0.0,0.0,
2026-08-03T18:41:28.274,688.313,guiding_to_goal,35.918417983333335,139.90796988333332,17.558,0.041155555555555556,True,24,1,35.9184062,139.9079523,2.055218611676243,,26.09,1012.9175,67.3828125,56.1875,4.0,-2.4375,0.73,0.48,9.77,0.0625,0.0,0.0625,51,,stopped,0.0,0.0,
2026-08-03T18:41:28.775,688.814,guiding_to_goal,35.918417983333335,139.90796988333332,17.558,0.041155555555555556,True,24,1,35.9184062,139.9079523,2.055218611676243,,26.09,1012.9175,67.3828125,56.1875,4.0,-2.4375,0.72,0.48,9.8,0.0625,0.0625,0.0,51,,stopped,0.0,0.0,
2026-08-03T18:41:29.275,689.314,guiding_to_goal,35.918417983333335,139.90797,17.56,0.1389,True,24,1,35.9184062,139.9079523,2.0633236569845663,,26.11,1012.9497265625,67.294921875,56.1875,4.0,-2.4375,0.72,0.49,9.83,0.0625,0.125,-0.125,51,,stopped,0.0,0.0,
2026-08-03T18:41:29.837,689.876,guiding_to_goal,35.918417983333335,139.90797,17.56,0.1389,True,24,1,35.9184062,139.9079523,2.0633236569845663,,26.11,1012.9497265625,67.294921875,56.1875,4.0,-2.4375,0.72,0.51,9.83,0.0,-0.125,-0.0625,51,,stopped,0.0,0.0,
2026-08-03T18:41:30.338,690.377,guiding_to_goal,35.918417983333335,139.90797018333333,17.561,0.07202222222222222,True,24,1,35.9184062,139.9079523,2.076103640828746,,26.11,1012.922734375,67.2158203125,56.1875,4.0,-2.4375,0.72,0.46,9.8,0.0,0.0,-0.0625,51,,stopped,0.0,0.0,
2026-08-03T18:41:30.841,690.880,guiding_to_goal,35.918417983333335,139.90797018333333,17.561,0.07202222222222222,True,24,1,35.9184062,139.9079523,2.076103640828746,,26.11,1012.922734375,67.2158203125,56.1875,4.0,-2.4375,0.71,0.48,9.79,-0.125,0.0625,0.125,51,,stopped,0.0,0.0,
2026-08-03T18:41:31.342,691.381,guiding_to_goal,35.9184179,139.90797028333333,17.564,0.07716666666666668,True,24,1,35.9184062,139.9079523,2.0772807601173713,,26.13,1012.9472265625,67.275390625,56.1875,4.0,-2.4375,0.72,0.47,9.84,-0.0625,-0.125,-0.0625,51,,stopped,0.0,0.0,
2026-08-03T18:41:31.842,691.881,guiding_to_goal,35.9184179,139.90797028333333,17.564,0.07716666666666668,True,24,1,35.9184062,139.9079523,2.0772807601173713,,26.13,1012.9472265625,67.275390625,56.1875,4.0,-2.4375,0.73,0.5,9.8,-0.0625,-0.125,0.0625,51,,stopped,0.0,0.0,
2026-08-03T18:41:32.342,692.381,guiding_to_goal,35.91841768333333,139.90797038333332,17.572,0.030866666666666664,True,24,1,35.9184062,139.9079523,2.0693564750417717,,26.15,1012.9527734375,67.2548828125,56.1875,12.0,-2.4375,0.73,0.48,9.79,0.0,-0.125,-0.125,51,,stopped,0.0,0.0,
2026-08-03T18:41:32.843,692.882,guiding_to_goal,35.91841768333333,139.90797038333332,17.572,0.030866666666666664,True,24,1,35.9184062,139.9079523,2.0693564750417717,,26.15,1012.9527734375,67.2548828125,56.1875,4.0,-2.4375,0.73,0.47,9.81,0.0,0.0,0.0,51,,stopped,0.0,0.0,
2026-08-03T18:41:33.343,693.382,guiding_to_goal,35.91841758333333,139.9079705,17.578,0.015433333333333332,True,24,1,35.9184062,139.9079523,2.0708187316907254,,26.15,1012.92578125,67.1083984375,56.1875,4.0,-2.4375,0.73,0.48,9.8,0.0,0.1875,-0.0625,51,,stopped,0.0,0.0,
2026-08-03T18:41:33.844,693.883,guiding_to_goal,35.91841758333333,139.9079705,17.578,0.015433333333333332,True,24,1,35.9184062,139.9079523,2.0708187316907254,,26.15,1012.92578125,67.1083984375,56.1875,4.0,-2.4375,0.74,0.5,9.8,-0.0625,0.125,-0.0625,51,,stopped,0.0,0.0,
2026-08-03T18:41:34.344,694.383,guiding_to_goal,35.918417383333335,139.90797058333334,17.577,0.05658888888888889,True,24,1,35.9184062,139.9079523,2.063283898008828,,26.1,1012.9066015625,67.0673828125,63.1875,4.5,-8.0,2.08,2.27,12.55,-20.1875,17.9375,7.75,51,,forward,55.5,64.5,
2026-08-03T18:41:34.845,694.884,guiding_to_goal,35.918417383333335,139.90797058333334,17.577,0.05658888888888889,True,24,1,35.9184062,139.9079523,2.063283898008828,,26.1,1012.9066015625,67.0673828125,63.0625,6.5,-4.875,3.79,-0.23,7.0,-19.875,20.875,5.8125,51,,forward,57.94375,62.05625,
2026-08-03T18:41:35.345,695.384,guiding_to_goal,35.91841708333333,139.90797058333334,17.582,0.5916111111111111,True,24,1,35.9184062,139.9079523,2.043352321450804,,26.14,1012.917421875,66.90234375,63.875,3.0,-4.25,0.65,1.56,6.79,-3.4375,1.9375,-1.3125,51,,forward,50.3125,69.6875,
2026-08-03T18:41:35.845,695.884,guiding_to_goal,35.91841708333333,139.90797058333334,17.582,0.5916111111111111,True,24,1,35.9184062,139.9079523,2.043352321450804,,26.14,1012.917421875,66.90234375,63.5,3.8125,-4.375,2.43,-2.74,12.11,-62.8125,21.8125,21.625,51,,forward,41.04625,42.95374999999999,
2026-08-03T18:41:36.346,696.385,guiding_to_goal,35.91841758333333,139.90797688333333,17.664,0.36011111111111105,True,24,1,35.9184062,139.9079523,2.5500858741268746,,26.14,1012.97140625,67.2421875,59.4375,4.0,-5.5625,0.72,1.02,9.77,0.0,0.0625,0.0625,51,,stopped,0.0,0.0,
2026-08-03T18:41:36.846,696.885,guiding_to_goal,35.91841758333333,139.90797688333333,17.664,0.36011111111111105,True,24,1,35.9184062,139.9079523,2.5500858741268746,,26.14,1012.97140625,67.2421875,59.4375,4.0,-5.5625,0.71,1.0,9.75,0.0,-0.0625,0.0625,51,,stopped,0.0,0.0,
2026-08-03T18:41:37.346,697.385,guiding_to_goal,35.9184166,139.90797918333334,17.65,0.08231111111111111,True,24,1,35.9184062,139.9079523,2.6829114863034276,,26.15,1012.9878125,67.119140625,59.4375,4.0,-5.625,0.73,0.99,9.75,0.0625,-0.1875,0.0,51,,stopped,0.0,0.0,
2026-08-03T18:41:37.854,697.893,guiding_to_goal,35.9184166,139.90797918333334,17.65,0.08231111111111111,True,24,1,35.9184062,139.9079523,2.6829114863034276,,26.15,1012.9878125,67.119140625,59.4375,4.0,-5.625,0.71,1.0,9.78,0.125,0.0,0.0,51,,stopped,0.0,0.0,
2026-08-03T18:41:38.355,698.394,guiding_to_goal,35.91841528333333,139.90798018333334,17.714,0.06687777777777779,True,24,1,35.9184062,139.9079523,2.7064645273130563,,26.15,1012.9878125,67.0283203125,59.4375,4.0,-5.625,0.72,1.01,9.77,0.0625,-0.125,0.0625,51,,stopped,0.0,0.0,
2026-08-03T18:41:38.855,698.894,guiding_to_goal,35.91841528333333,139.90798018333334,17.714,0.06687777777777779,True,24,1,35.9184062,139.9079523,2.7064645273130563,,26.15,1012.9878125,67.0283203125,59.4375,4.0,-5.625,0.72,0.99,9.78,-0.0625,0.125,0.0,51,,stopped,0.0,0.0,
2026-08-03T18:41:39.356,699.395,guiding_to_goal,35.91841328333334,139.90798158333334,17.743,0.07202222222222222,True,24,1,35.9184062,139.9079523,2.7521235549879655,,26.15,1012.933828125,67.017578125,59.4375,4.0,-5.625,0.71,1.0,9.76,0.0625,-0.0625,-0.125,51,,stopped,0.0,0.0,
2026-08-03T18:41:39.856,699.895,guiding_to_goal,35.91841328333334,139.90798158333334,17.743,0.07202222222222222,True,24,1,35.9184062,139.9079523,2.7521235549879655,,26.15,1012.933828125,67.017578125,59.4375,4.0,-5.625,0.74,0.97,9.78,0.0,-0.1875,0.0,51,,stopped,0.0,0.0,
2026-08-03T18:41:40.357,700.396,guiding_to_goal,35.91841158333333,139.90798238333332,17.806,0.05144444444444445,True,24,1,35.9184062,139.9079523,2.774397265176085,,26.16,1012.9419140625,67.109375,59.4375,12.0,-5.625,0.72,1.0,9.77,0.0,0.0,-0.0625,51,,stopped,0.0,0.0,
2026-08-03T18:41:40.860,700.899,guiding_to_goal,35.91841158333333,139.90798238333332,17.806,0.05144444444444445,True,24,1,35.9184062,139.9079523,2.774397265176085,,26.16,1012.9419140625,67.109375,59.4375,4.0,-5.625,0.72,1.01,9.77,0.0625,0.0625,0.0625,51,,stopped,0.0,0.0,
2026-08-03T18:41:41.360,701.399,guiding_to_goal,35.91841148333334,139.9079825,17.806,0.0051444444444444445,True,24,1,35.9184062,139.9079523,2.782287665622172,,26.16,1012.976953125,67.1884765625,59.4375,4.0,-5.625,0.73,1.0,9.76,-0.0625,-0.0625,0.125,51,,stopped,0.0,0.0,
2026-08-03T18:41:41.861,701.900,guiding_to_goal,35.91841148333334,139.9079825,17.806,0.0051444444444444445,True,24,1,35.9184062,139.9079523,2.782287665622172,,26.16,1012.976953125,67.1884765625,59.4375,4.0,-5.625,0.72,1.01,9.77,8.0,0.125,-0.0625,51,,stopped,0.0,0.0,
2026-08-03T18:41:42.361,702.400,guiding_to_goal,35.918411383333336,139.90798258333334,17.806,0.05144444444444445,True,24,1,35.9184062,139.9079523,2.7873027101877006,,26.16,1012.8959765625,67.12109375,59.4375,4.0,-5.625,0.72,1.0,9.77,-0.0625,0.0,0.1875,51,,stopped,0.0,0.0,
2026-08-03T18:41:42.862,702.901,guiding_to_goal,35.918411383333336,139.90798258333334,17.806,0.05144444444444445,True,24,1,35.9184062,139.9079523,2.7873027101877006,,24.29,1010.4880078125,67.03515625,59.4375,4.0,-5.625,0.73,1.0,9.76,-0.0625,0.0625,0.0,51,,stopped,0.0,0.0,
2026-08-03T18:41:43.362,703.401,guiding_to_goal,35.9184112,139.90798278333332,17.809,0.0051444444444444445,True,24,1,35.9184062,139.9079523,2.8008084131980455,,24.29,1010.4880078125,67.03515625,59.4375,4.0,-5.625,0.71,0.99,9.76,0.0625,0.25,0.0,51,,stopped,0.0,0.0,
2026-08-03T18:41:43.864,703.903,guiding_to_goal,35.9184112,139.90798278333332,17.809,0.0051444444444444445,True,24,1,35.9184062,139.9079523,2.8008084131980455,,26.18,1012.928515625,67.1357421875,59.4375,4.0,-5.625,0.73,1.0,9.78,0.0625,0.0625,0.0,51,,stopped,0.0,0.0,
2026-08-03T18:41:44.371,704.410,guiding_to_goal,35.9184111,139.9079829,17.807,0.030866666666666664,True,24,1,35.9184062,139.9079523,2.808928093340685,,26.18,1012.928515625,67.1357421875,59.4375,4.0,-5.625,0.72,0.99,9.76,0.0,-0.125,-0.0625,51,,stopped,0.0,0.0,
2026-08-03T18:41:44.873,704.912,guiding_to_goal,35.9184111,139.9079829,17.807,0.030866666666666664,True,24,1,35.9184062,139.9079523,2.808928093340685,,26.17,1012.96609375,66.908203125,59.4375,4.0,-5.625,0.72,0.98,9.77,-0.0625,0.125,-0.0625,179,,stopped,0.0,0.0,
2026-08-03T18:41:45.373,705.412,guiding_to_goal,35.9184111,139.907983,17.806,0.15947777777777777,True,24,1,35.9184062,139.9079523,2.8177627555178217,,26.18,1012.9555078125,67.0224609375,59.4375,4.0,-5.625,0.71,1.0,9.75,-0.0625,0.0625,0.0625,51,,stopped,0.0,0.0,
2026-08-03T18:41:45.875,705.914,guiding_to_goal,35.9184111,139.907983,17.806,0.15947777777777777,True,24,1,35.9184062,139.9079523,2.8177627555178217,,26.18,1012.9555078125,67.0224609375,59.4375,4.0,-5.625,0.73,1.02,9.77,0.0,0.0625,0.0,51,,stopped,0.0,0.0,
2026-08-03T18:41:46.375,706.414,guiding_to_goal,35.9184112,139.90798308333333,17.802,0.14918888888888887,True,24,1,35.9184062,139.9079523,2.8272913586971202,,24.18,1009.6911328125,66.861328125,59.4375,4.0,-5.625,0.73,1.0,9.76,-0.0625,-0.0625,-0.1875,51,,stopped,0.0,0.0,
2026-08-03T18:41:46.876,706.915,guiding_to_goal,35.9184112,139.90798308333333,17.802,0.14918888888888887,True,24,1,35.9184062,139.9079523,2.8272913586971202,,24.18,1009.6911328125,66.861328125,59.4375,4.0,-5.625,0.69,1.0,9.78,0.0625,0.125,0.0,51,,stopped,0.0,0.0,
2026-08-03T18:41:47.376,707.415,guiding_to_goal,35.91841098333333,139.9079835,17.798,0.11832222222222223,True,24,1,35.9184062,139.9079523,2.8595106370979315,,26.19,1012.8906640625,67.1376953125,59.4375,4.0,-5.625,0.71,1.02,9.78,0.125,0.0,0.125,51,,stopped,0.0,0.0,
2026-08-03T18:41:47.877,707.916,guiding_to_goal,35.91841098333333,139.9079835,17.798,0.11832222222222223,True,24,1,35.9184062,139.9079523,2.8595106370979315,,26.19,1012.8906640625,67.1376953125,59.4375,4.0,-5.625,0.7,0.99,9.79,0.125,0.125,-0.0625,51,,stopped,0.0,0.0,
2026-08-03T18:41:48.377,708.416,guiding_to_goal,35.9184111,139.90798358333333,17.791,0.2212111111111111,True,24,1,35.9184062,139.9079523,2.869319415004719,,26.18,1012.92015625,67.123046875,59.4375,4.0,-5.625,0.73,1.0,9.75,0.0625,0.125,0.0625,51,,turn_right,5.0,-5.0,
2026-08-03T18:41:48.878,708.917,guiding_to_goal,35.9184111,139.90798358333333,17.791,0.2212111111111111,True,24,1,35.9184062,139.9079523,2.869319415004719,,26.18,1012.92015625,67.123046875,59.6875,3.9375,-5.6875,0.92,0.79,9.95,4.3125,-1.8125,-17.3125,51,,turn_right,25.0,-25.0,
2026-08-03T18:41:49.379,709.418,guiding_to_goal,35.91841148333334,139.90798448333334,17.779,0.015433333333333332,True,24,1,35.9184062,139.9079523,2.957103596202767,,26.19,1012.9365625,67.0908203125,55.25,4.375,-4.0,0.64,-1.06,12.97,-13.1875,-6.5,10.3125,115,,forward,74.4375,45.5625,
2026-08-03T18:41:49.879,709.918,guiding_to_goal,35.91841148333334,139.90798448333334,17.779,0.015433333333333332,True,24,1,35.9184062,139.9079523,2.957103596202767,,26.19,1012.9365625,67.0908203125,55.875,2.1875,-3.4375,1.21,0.92,3.61,14.125,10.4375,-13.5625,51,,forward,49.181250000000006,40.818749999999994,
2026-08-03T18:41:50.379,710.418,guiding_to_goal,35.918411283333334,139.90798458333333,17.775,0.7202222222222221,True,24,1,35.9184062,139.9079523,2.9616050061942634,,26.16,1012.995859375,67.109375,60.625,2.625,63.0,0.84,-7.27,1.89,-208.4375,-5.9375,-0.5,51,,reverse,-60.0,-60.0,
2026-08-03T18:41:50.885,710.924,guiding_to_goal,35.918411283333334,139.90798458333333,17.775,0.7202222222222221,True,24,1,35.9184062,139.9079523,2.9616050061942634,,26.16,1012.995859375,67.109375,61.5,1.8125,91.25,-0.27,-4.97,-0.12,-243.5,5.5,12.4375,51,,reverse,-60.0,-60.0,
2026-08-03T18:41:51.385,711.424,guiding_to_goal,35.91841578333333,139.90799028333333,17.671,0.7459444444444445,True,24,1,35.9184062,139.9079523,3.5826078291725856,,26.12,1012.985078125,67.2041015625,236.5,4.0625,-150.6875,1.82,2.21,-7.14,-4.6875,-17.9375,13.8125,51,,turn_right,5.0,-5.0,
2026-08-03T18:41:51.886,711.925,guiding_to_goal,35.91841578333333,139.90799028333333,17.671,0.7459444444444445,True,24,1,35.9184062,139.9079523,3.5826078291725856,,26.12,1012.985078125,67.2041015625,238.75,3.4375,-152.0,-0.31,3.03,-9.14,-5.0625,-12.1875,26.4375,115,,turn_right,25.0,-25.0,
2026-08-03T18:41:52.386,712.425,guiding_to_goal,35.918418583333334,139.90799288333332,17.623,0.43727777777777777,True,24,1,35.9184062,139.9079523,3.905390699290082,,26.09,1012.9633984375,67.4052734375,272.625,5.375,-150.0625,1.16,4.7,-8.29,-9.875,-17.0625,33.25,51,,turn_right,30.0,-30.0,
2026-08-03T18:41:52.887,712.926,guiding_to_goal,35.918418583333334,139.90799288333332,17.623,0.43727777777777777,True,24,1,35.9184062,139.9079523,3.905390699290082,,26.09,1012.9633984375,67.4052734375,274.875,5.5,-150.3125,1.23,4.86,-8.53,3.25,-2.25,9.125,51,,turn_right,30.0,-30.0,
2026-08-03T18:41:53.387,713.426,guiding_to_goal,35.91842008333333,139.9079945,17.54,0.40126666666666666,True,24,1,35.9184062,139.9079523,4.101770396828745,,26.1,1012.9605859375,67.259765625,276.4375,5.8125,-151.3125,1.17,4.36,-8.36,0.125,0.25,0.25,51,,turn_right,30.0,-30.0,
2026-08-03T18:41:53.887,713.926,guiding_to_goal,35.91842008333333,139.9079945,17.54,0.40126666666666666,True,24,1,35.9184062,139.9079523,4.101770396828745,,26.1,1012.9605859375,67.259765625,276.4375,5.8125,-151.3125,1.39,4.64,-8.49,-0.0625,-0.125,-0.3125,55,,turn_right,30.0,-30.0,
2026-08-03T18:41:54.388,714.427,guiding_to_goal,35.918420983333334,139.90799458333333,17.469,0.2880888888888889,True,24,1,35.9184062,139.9079523,4.14736194195376,,26.09,1012.9984375,67.0654296875,276.75,6.25,-151.25,1.3,4.6,-8.36,-0.0625,-0.1875,-0.375,55,,turn_right,30.0,-30.0,
2026-08-03T18:41:54.890,714.929,guiding_to_goal,35.918420983333334,139.90799458333333,17.469,0.2880888888888889,True,24,1,35.9184062,139.9079523,4.14736194195376,,26.09,1012.9984375,67.0654296875,276.75,6.25,-151.25,1.41,4.44,-8.51,1.4375,-1.625,-0.25,55,,turn_right,30.0,-30.0,
2026-08-03T18:41:55.390,715.429,guiding_to_goal,35.9184209,139.9079954,17.475,0.26751111111111114,True,24,1,35.9184062,139.9079523,4.211376351544988,,26.08,1013.009296875,67.4150390625,277.0,6.3125,-151.4375,1.05,4.62,-8.37,-0.4375,0.5625,2.4375,55,,turn_right,30.0,-30.0,
2026-08-03T18:41:55.891,715.930,guiding_to_goal,35.9184209,139.9079954,17.475,0.26751111111111114,True,24,1,35.9184062,139.9079523,4.211376351544988,,26.08,1013.009296875,67.4150390625,277.0625,6.375,-151.4375,1.29,4.61,-8.25,0.1875,0.25,0.125,55,,turn_right,30.0,-30.0,
2026-08-03T18:41:56.391,716.430,guiding_to_goal,35.9184196,139.9079944,17.5,0.22635555555555556,True,24,1,35.9184062,139.9079523,4.07346433965287,,26.08,1012.928359375,67.4716796875,277.375,14.5625,-151.5625,0.94,4.44,-8.73,0.0,0.0,1.875,55,,turn_right,30.0,-30.0,
2026-08-03T18:41:56.892,716.931,guiding_to_goal,35.9184196,139.9079944,17.5,0.22635555555555556,True,24,1,35.9184062,139.9079523,4.07346433965287,,26.08,1012.928359375,67.4716796875,277.3125,6.5625,-151.625,1.9,4.04,-9.04,3.125,-1.375,2.625,55,,turn_right,30.0,-30.0,
2026-08-03T18:41:57.392,717.431,guiding_to_goal,35.918417983333335,139.907993,17.517,0.19034444444444445,True,24,1,35.9184062,139.9079523,3.8922608980056306,,26.09,1012.9984375,67.880859375,277.5625,6.875,-151.875,1.08,4.95,-8.3,1.3125,0.25,1.8125,55,,turn_right,30.0,-30.0,
2026-08-03T18:41:57.893,717.932,guiding_to_goal,35.918417983333335,139.907993,17.517,0.19034444444444445,True,24,1,35.9184062,139.9079523,3.8922608980056306,,26.09,1012.9984375,67.880859375,277.6875,14.875,-151.875,0.95,4.61,-8.41,-0.1875,0.125,-0.3125,55,,turn_right,30.0,-30.0,
2026-08-03T18:41:58.393,718.432,guiding_to_goal,35.91841818333333,139.90799318333333,17.512,0.15947777777777777,True,24,1,35.9184062,139.9079523,3.9153233155077647,,26.09,1012.9714453125,67.337890625,278.1875,7.25,-152.125,1.25,5.13,-8.34,9.5625,1.0,-0.875,55,,turn_right,30.0,-30.0,
2026-08-03T18:41:58.893,718.932,guiding_to_goal,35.91841818333333,139.90799318333333,17.512,0.15947777777777777,True,24,1,35.9184062,139.9079523,3.9153233155077647,,26.09,1012.9714453125,67.337890625,286.125,7.1875,-152.125,1.3,4.67,-8.36,0.3125,1.0,0.9375,55,,turn_right,30.0,-30.0,
2026-08-03T18:41:59.394,719.433,guiding_to_goal,35.9184184,139.90799338333332,17.508,0.15947777777777777,True,24,1,35.9184062,139.9079523,3.940492402767104,,26.08,1012.98234375,67.5400390625,278.5,7.375,-152.25,1.03,4.38,-8.48,0.25,-0.3125,1.75,55,,turn_right,30.0,-30.0,
2026-08-03T18:41:59.894,719.933,guiding_to_goal,35.9184184,139.90799338333332,17.508,0.15947777777777777,True,24,1,35.9184062,139.9079523,3.940492402767104,,26.08,1012.98234375,67.5400390625,278.5,7.375,-152.25,1.39,4.35,-8.64,-0.0625,-0.125,0.4375,55,,turn_right,30.0,-30.0,
2026-08-03T18:42:00.395,720.434,guiding_to_goal,35.918418683333336,139.90799328333333,17.507,0.12346666666666666,True,24,1,35.9184062,139.9079523,3.9430193163138108,,26.07,1013.011796875,67.6162109375,278.5625,7.3125,-152.0625,1.65,4.42,-8.62,-0.125,-0.1875,0.0,55,,turn_right,30.0,-30.0,
2026-08-03T18:42:00.895,720.934,guiding_to_goal,35.918418683333336,139.90799328333333,17.507,0.12346666666666666,True,24,1,35.9184062,139.9079523,3.9430193163138108,,26.07,1013.011796875,67.6162109375,278.625,7.3125,-152.125,0.95,4.83,-8.36,0.125,-0.625,-0.3125,55,,turn_right,30.0,-30.0,
2026-08-03T18:42:01.395,721.434,guiding_to_goal,35.91841878333334,139.907993,17.506,0.08745555555555556,True,24,1,35.9184062,139.9079523,3.9231003571969345,,26.07,1012.9658984375,67.650390625,278.6875,15.25,-152.25,1.38,4.63,-8.28,-3.6875,0.5,0.75,55,,forward,100.0,100.0,
2026-08-03T18:42:01.896,721.935,guiding_to_goal,35.91841878333334,139.907993,17.506,0.08745555555555556,True,24,1,35.9184062,139.9079523,3.9231003571969345,,26.07,1012.9658984375,67.650390625,278.125,7.9375,-170.75,-0.68,-2.94,-13.72,243.0,-3.5625,62.625,55,,forward,99.04375,100.0,
2026-08-03T18:42:02.396,722.435,guiding_to_goal,35.918418683333336,139.907993,17.505,0.2880888888888889,True,24,1,35.9184062,139.9079523,3.919148277525104,,26.08,1012.9469921875,67.4931640625,233.0,-2.25,-21.875,6.33,3.12,9.74,-18.4375,-72.0,-123.1875,55,,forward,0.0,100.0,
2026-08-03T18:42:02.900,722.939,guiding_to_goal,35.918418683333336,139.907993,17.505,0.2880888888888889,True,24,1,35.9184062,139.9079523,3.919148277525104,,26.08,1012.9469921875,67.4931640625,240.8125,-4.125,-15.125,-1.64,-0.38,7.01,-78.5625,-7.6875,-66.9375,55,,forward,47.4825,12.517499999999998,
2026-08-03T18:42:03.401,723.440,guiding_to_goal,35.918418583333334,139.90799568333333,17.499,0.05144444444444445,True,24,1,35.9184062,139.9079523,4.142296857125097,,26.08,1012.98234375,67.3701171875,255.1875,0.1875,-13.0625,0.83,2.07,9.5,0.0,0.0,-0.1875,119,,stopped,0.0,0.0,
2026-08-03T18:42:03.901,723.940,guiding_to_goal,35.918418583333334,139.90799568333333,17.499,0.05144444444444445,True,24,1,35.9184062,139.9079523,4.142296857125097,,26.08,1012.98234375,67.3701171875,255.0625,1.0625,-12.9375,0.79,2.07,9.49,0.0,-0.1875,0.0,119,,stopped,0.0,0.0,
2026-08-03T18:42:04.402,724.441,guiding_to_goal,35.9184185,139.90799558333333,17.506,0.14404444444444445,True,24,1,35.9184062,139.9079523,4.130727552014107,,26.08,1012.9553125,67.404296875,254.8125,3.375,-12.5625,0.81,2.12,9.51,0.0,0.0625,-0.0625,127,,stopped,0.0,0.0,
2026-08-03T18:42:04.902,724.941,guiding_to_goal,35.9184185,139.90799558333333,17.506,0.14404444444444445,True,24,1,35.9184062,139.9079523,4.130727552014107,,26.08,1012.9553125,67.404296875,254.8125,3.4375,-12.5625,0.81,2.08,9.53,0.0,0.125,-0.125,127,,stopped,0.0,0.0,
2026-08-03T18:42:05.416,725.455,guiding_to_goal,35.9184184,139.9079954,17.514,0.1389,True,24,1,35.9184062,139.9079523,4.111470696424281,,26.09,1013.0254296875,67.484375,254.75,3.9375,-4.5,0.83,2.1,9.52,0.0,0.0625,-0.125,127,,stopped,0.0,0.0,
2026-08-03T18:42:05.923,725.962,guiding_to_goal,35.9184184,139.9079954,17.514,0.1389,True,24,1,35.9184062,139.9079523,4.111470696424281,,26.09,1013.0254296875,67.484375,254.75,3.9375,-12.5,0.82,2.09,9.49,0.0625,-0.0625,0.0,127,,stopped,0.0,0.0,
2026-08-03T18:42:06.424,726.463,guiding_to_goal,35.9184185,139.90799518333333,17.521,0.025722222222222226,True,24,1,35.9184062,139.9079523,4.096756047907707,,26.08,1012.928359375,67.3017578125,254.75,4.0,-12.5,0.78,2.12,9.52,-0.125,0.125,0.1875,127,,stopped,0.0,0.0,
2026-08-03T18:42:06.925,726.964,guiding_to_goal,35.9184185,139.90799518333333,17.521,0.025722222222222226,True,24,1,35.9184062,139.9079523,4.096756047907707,,26.08,1012.928359375,67.3017578125,254.75,4.0,-12.5,0.81,2.11,9.51,0.0,0.0,0.0,127,,stopped,0.0,0.0,
2026-08-03T18:42:07.425,727.464,guiding_to_goal,35.9184185,139.90799518333333,17.523,0.0926,True,24,1,35.9184062,139.9079523,4.096756047907707,,26.1,1012.925546875,67.224609375,254.75,4.0,-12.5,0.82,2.11,9.52,0.0625,-0.1875,0.0,127,,stopped,0.0,0.0,
2026-08-03T18:42:07.926,727.965,guiding_to_goal,35.9184185,139.90799518333333,17.523,0.0926,True,24,1,35.9184062,139.9079523,4.096756047907707,,26.1,1012.925546875,67.224609375,254.75,4.0,-12.5,0.82,2.1,9.51,0.0,0.0625,0.0,127,,stopped,0.0,0.0,
2026-08-03T18:42:08.426,728.465,guiding_to_goal,35.91841818333333,139.90799528333332,17.521,0.05144444444444445,True,24,1,35.9184062,139.9079523,4.093649199284777,,26.1,1012.9605859375,67.21484375,254.75,4.0,-12.5,0.81,2.11,9.53,0.0,0.0625,0.0,127,,stopped,0.0,0.0,
2026-08-03T18:42:08.926,728.965,guiding_to_goal,35.91841818333333,139.90799528333332,17.521,0.05144444444444445,True,24,1,35.9184062,139.9079523,4.093649199284777,,26.1,1012.9605859375,67.21484375,254.75,4.0,-12.5,0.81,2.1,9.53,0.0625,0.0625,-0.1875,127,,stopped,0.0,0.0,
2026-08-03T18:42:09.427,729.466,guiding_to_goal,35.918418083333336,139.9079954,17.523,0.06687777777777779,True,24,1,35.9184062,139.9079523,4.0999873535240905,,26.12,1012.993125,67.1376953125,254.75,4.0,-12.5,2.11,2.08,9.51,-0.0625,0.0,0.125,127,,stopped,0.0,0.0,
2026-08-03T18:42:09.931,729.970,guiding_to_goal,35.918418083333336,139.9079954,17.523,0.06687777777777779,True,24,1,35.9184062,139.9079523,4.0999873535240905,,26.12,1012.993125,67.1376953125,254.75,4.0,-12.5,0.81,2.11,9.52,0.0,0.0,0.0,127,,stopped,0.0,0.0,
2026-08-03T18:42:10.432,730.471,guiding_to_goal,35.918417983333335,139.90799528333332,17.523,0.22635555555555556,True,24,1,35.9184062,139.9079523,4.086464500162937,,26.14,1012.998359375,67.15234375,254.75,4.0,-12.5,0.82,2.11,9.54,0.0625,0.0625,8.0625,127,,stopped,0.0,0.0,
2026-08-03T18:42:10.932,730.971,guiding_to_goal,35.918417983333335,139.90799528333332,17.523,0.22635555555555556,True,24,1,35.9184062,139.9079523,4.086464500162937,,26.14,1012.998359375,67.15234375,254.75,4.0,-12.5,0.81,2.11,9.54,0.0,0.0,0.0,127,,stopped,0.0,0.0,
2026-08-03T18:42:11.432,731.471,guiding_to_goal,35.91841878333334,139.90799478333332,17.539,0.25722222222222224,True,24,1,35.9184062,139.9079523,4.073533708521755,,26.14,1012.9903125,67.1181640625,254.75,4.0,-12.5,0.82,2.1,9.51,-0.125,0.0,-0.125,127,,stopped,0.0,0.0,
2026-08-03T18:42:11.933,731.972,guiding_to_goal,35.91841878333334,139.90799478333332,17.539,0.25722222222222224,True,24,1,35.9184062,139.9079523,4.073533708521755,,26.14,1012.9903125,67.1181640625,254.75,4.0,-12.5,0.81,2.09,9.52,0.0625,-0.1875,0.0625,127,,stopped,0.0,0.0,
2026-08-03T18:42:12.438,732.477,guiding_to_goal,35.91841878333334,139.90799288333332,17.556,0.2109222222222222,True,24,1,35.9184062,139.9079523,3.9132870596056923,,26.13,1012.92828125,67.263671875,254.75,4.0,-12.5,0.8,2.09,9.53,0.0,-0.0625,0.0,127,,stopped,0.0,0.0,
2026-08-03T18:42:12.942,732.981,guiding_to_goal,35.91841878333334,139.90799288333332,17.556,0.2109222222222222,True,24,1,35.9184062,139.9079523,3.9132870596056923,,26.13,1012.92828125,67.263671875,254.75,4.0,-12.5,0.82,2.12,9.53,0.0625,-0.0625,0.0,127,,stopped,0.0,0.0,
2026-08-03T18:42:13.444,733.483,guiding_to_goal,35.918419,139.9079921,17.557,0.06173333333333333,True,24,1,35.9184062,139.9079523,3.856319362805676,,25.83,1012.4773828125,67.09375,254.75,4.0,-12.5,0.81,2.11,9.52,0.0,-0.0625,0.0625,127,,stopped,0.0,0.0,
2026-08-03T18:42:13.945,733.984,guiding_to_goal,35.918419,139.9079921,17.557,0.06173333333333333,True,24,1,35.9184062,139.9079523,3.856319362805676,,25.83,1012.4773828125,67.09375,254.75,4.0,-12.5,0.82,2.08,9.52,0.0,0.0625,0.0,127,,stopped,0.0,0.0,
2026-08-03T18:42:14.455,734.494,guiding_to_goal,35.91841878333334,139.9079921,17.555,0.030866666666666664,True,24,1,35.9184062,139.9079523,3.847492532066452,,26.14,1012.998359375,66.982421875,254.75,4.0,-12.5,0.81,2.1,9.54,0.0625,0.0,0.125,127,,stopped,0.0,0.0,
2026-08-03T18:42:14.965,735.004,guiding_to_goal,35.91841878333334,139.9079921,17.555,0.030866666666666664,True,24,1,35.9184062,139.9079523,3.847492532066452,,26.14,1012.998359375,66.982421875,254.75,4.0,-12.5,0.81,2.13,9.51,0.0,0.0,0.125,127,,stopped,0.0,0.0,
2026-08-03T18:42:15.465,735.504,guiding_to_goal,35.918418683333336,139.9079921,17.555,0.05144444444444445,True,24,1,35.9184062,139.9079523,3.843462708568098,,26.16,1012.96890625,67.09765625,254.75,4.0,-12.5,0.8,2.1,9.53,0.0,-0.125,0.0625,127,,stopped,0.0,0.0,
2026-08-03T18:42:15.965,736.004,guiding_to_goal,35.918418683333336,139.9079921,17.555,0.05144444444444445,True,24,1,35.9184062,139.9079523,3.843462708568098,,26.16,1012.96890625,67.09765625,254.75,4.0,-12.5,0.82,2.1,9.52,0.0625,-0.125,-0.0625,127,,forward,60.0,60.0,
2026-08-03T18:42:16.466,736.505,guiding_to_goal,35.9184185,139.9079921,17.555,0.08745555555555556,True,24,1,35.9184062,139.9079523,3.8361474160347644,,26.15,1012.960859375,66.9716796875,253.0,3.25,-13.75,2.15,3.07,12.42,29.0,-18.6875,7.5625,63,,forward,56.9475,51.0525,
2026-08-03T18:42:16.966,737.005,guiding_to_goal,35.9184185,139.9079921,17.555,0.08745555555555556,True,24,1,35.9184062,139.9079523,3.8361474160347644,,26.16,1012.9499609375,67.052734375,253.25,2.1875,-12.8125,-0.02,1.69,12.43,1.625,60.9375,-11.375,63,,forward,44.2925,39.707499999999996,
2026-08-03T18:42:17.467,737.506,guiding_to_goal,35.91841828333333,139.9079921,17.558,0.44756666666666667,True,24,1,35.9184062,139.9079523,3.827624026199505,,26.16,1012.9499609375,67.052734375,255.0625,2.9375,2.1875,-1.72,-0.88,15.96,17.0625,47.1875,5.0625,63,,reverse,-60.0,-60.0,
2026-08-03T18:42:17.967,738.006,guiding_to_goal,35.91841828333333,139.9079921,17.558,0.44756666666666667,True,24,1,35.9184062,139.9079523,3.827624026199505,,26.15,1012.933828125,67.1416015625,253.375,3.4375,-6.375,-0.41,1.08,8.8,124.6875,103.5625,1.5,63,,reverse,-60.0,-60.0,
2026-08-03T18:42:18.468,738.507,guiding_to_goal,35.918414383333335,139.9079858,17.771,0.09774444444444444,True,24,1,35.9184062,139.9079523,3.1509751913834316,,26.15,1012.933828125,67.1416015625,252.0625,4.125,-12.3125,0.36,1.8,6.67,-16.8125,20.875,-9.8125,63,,turn_right,5.0,-5.0,
2026-08-03T18:42:18.968,739.007,guiding_to_goal,35.918414383333335,139.9079858,17.771,0.09774444444444444,True,24,1,35.9184062,139.9079523,3.1509751913834316,,26.16,1012.9419140625,67.1435546875,253.5,3.125,-16.125,0.49,4.59,8.58,-24.75,0.5,-13.75,63,,turn_right,25.0,-25.0,
2026-08-03T18:42:19.468,739.507,guiding_to_goal,35.9184149,139.90798598333333,17.702,0.3704,True,24,1,35.9184062,139.9079523,3.1837683297316435,,26.16,1012.9419140625,67.1435546875,295.25,-0.5625,-12.4375,-0.31,1.18,10.19,-8.25,0.4375,-10.5,63,,turn_right,30.0,-30.0,
2026-08-03T18:42:19.977,740.016,guiding_to_goal,35.9184149,139.90798598333333,17.702,0.3704,True,24,1,35.9184062,139.9079523,3.1837683297316435,,26.15,1012.9878125,67.3916015625,296.25,-0.8125,-12.3125,-0.05,1.72,9.64,1.875,-1.5625,-19.1875,63,,turn_right,30.0,-30.0,
2026-08-03T18:42:20.478,740.517,guiding_to_goal,35.9184155,139.90798938333333,17.707,0.36011111111111105,True,24,1,35.9184062,139.9079523,3.495863719663629,,26.15,1012.9878125,67.3916015625,332.1875,-3.375,-11.875,-0.43,1.45,9.32,-1.875,-11.5625,-67.375,63,,turn_right,30.0,-30.0,
2026-08-03T18:42:20.978,741.017,guiding_to_goal,35.9184155,139.90798938333333,17.707,0.36011111111111105,True,24,1,35.9184062,139.9079523,3.495863719663629,,26.15,1012.9878125,67.017578125,341.75,-3.8125,-10.75,-0.76,0.73,8.9,14.125,-8.0625,-45.625,63,,forward,100.0,100.0,
2026-08-03T18:42:21.478,741.517,guiding_to_goal,35.91841588333333,139.90798848333333,17.651,0.18005555555555552,True,24,1,35.9184062,139.9079523,3.4316630505034778,,26.15,1012.960859375,67.27734375,311.25,-0.75,-14.5,0.68,2.46,7.22,18.25,-18.4375,104.3125,191,,forward,100.0,0.0,
2026-08-03T18:42:21.980,742.019,guiding_to_goal,35.91841588333333,139.90798848333333,17.651,0.18005555555555552,True,24,1,35.9184062,139.9079523,3.4316630505034778,,26.15,1012.960859375,67.27734375,310.375,0.75,-14.25,0.64,2.5,22.33,16.3125,60.375,-78.25,191,,forward,95.0,67.80328124999998,
2026-08-03T18:42:22.481,742.520,guiding_to_goal,35.918420483333335,139.90798238333332,17.544,0.3961222222222222,True,24,1,35.9184062,139.9079523,3.1402939438190507,,26.15,1012.933828125,67.2666015625,321.4375,-0.875,-10.375,0.32,0.46,9.46,-12.8125,-1.5,-5.4375,255,,stopped,0.0,0.0,
2026-08-03T18:42:22.981,743.020,guiding_to_goal,35.918420483333335,139.90798238333332,17.544,0.3961222222222222,True,24,1,35.9184062,139.9079523,3.1402939438190507,,26.15,1012.933828125,67.2666015625,321.9375,-0.875,-10.0625,0.47,1.34,9.75,9.75,-0.0625,1.875,255,,stopped,0.0,0.0,
2026-08-03T18:42:23.482,743.521,guiding_to_goal,35.918422283333335,139.90798038333332,17.561,0.3652555555555555,True,24,1,35.9184062,139.9079523,3.0974020033206635,,26.16,1012.9499609375,67.052734375,321.875,0.1875,-8.8125,0.18,1.31,9.64,0.0625,0.0,-0.125,191,,stopped,0.0,0.0,
2026-08-03T18:42:23.982,744.021,guiding_to_goal,35.918422283333335,139.90798038333332,17.561,0.3652555555555555,True,24,1,35.9184062,139.9079523,3.0974020033206635,,26.16,1012.9499609375,67.052734375,321.875,0.25,-8.75,0.16,1.32,9.68,0.0625,-0.0625,0.0,191,,stopped,0.0,0.0,
2026-08-03T18:42:24.483,744.522,guiding_to_goal,35.918421583333334,139.90798118333333,17.631,0.1389,True,24,1,35.9184062,139.9079523,3.1130566567043614,,26.15,1012.933828125,67.1533203125,321.8125,0.5625,-8.375,0.18,1.31,9.66,0.0625,0.0625,-0.125,191,,stopped,0.0,0.0,
2026-08-03T18:42:24.987,745.026,guiding_to_goal,35.918421583333334,139.90798118333333,17.631,0.1389,True,24,1,35.9184062,139.9079523,3.1130566567043614,,26.15,1012.933828125,67.1533203125,321.8125,0.5625,-8.375,0.17,1.32,9.66,0.0,0.125,-0.0625,191,,stopped,0.0,0.0,
2026-08-03T18:42:25.495,745.534,guiding_to_goal,35.9184215,139.90798228333333,17.631,0.14918888888888887,True,24,1,35.9184062,139.9079523,3.1913335840881634,,26.14,1012.9444140625,67.265625,321.8125,0.5625,-8.3125,0.19,1.31,9.64,0.0,0.125,0.0,191,,stopped,0.0,0.0,
2026-08-03T18:42:25.997,746.036,guiding_to_goal,35.9184215,139.90798228333333,17.631,0.14918888888888887,True,24,1,35.9184062,139.9079523,3.1913335840881634,,26.14,1012.9444140625,67.265625,321.8125,0.5625,-8.3125,0.17,1.31,9.64,0.0625,0.125,-0.0625,191,,stopped,0.0,0.0,
2026-08-03T18:42:26.500,746.539,guiding_to_goal,35.91842188333333,139.90798238333332,17.607,0.16462222222222223,True,24,1,35.9184062,139.9079523,3.2218271233132025,,26.14,1012.963359375,67.1181640625,321.8125,0.5625,-8.3125,0.16,1.32,9.69,0.0,0.0,0.0,191,,stopped,0.0,0.0,
2026-08-03T18:42:27.001,747.040,guiding_to_goal,35.91842188333333,139.90798238333332,17.607,0.16462222222222223,True,24,1,35.9184062,139.9079523,3.2218271233132025,,26.14,1012.963359375,67.1181640625,321.8125,0.5625,-8.3125,0.18,1.31,9.67,0.0,0.0,0.125,191,,stopped,0.0,0.0,
2026-08-03T18:42:27.501,747.540,guiding_to_goal,35.918422383333336,139.907982,17.614,0.16976666666666668,True,24,1,35.9184062,139.9079523,3.2235593176806767,,26.11,1012.8957421875,67.0908203125,321.8125,0.5625,-8.3125,0.16,1.32,9.68,-0.0625,-0.0625,0.0,191,,stopped,0.0,0.0,
2026-08-03T18:42:28.002,748.041,guiding_to_goal,35.918422383333336,139.907982,17.614,0.16976666666666668,True,24,1,35.9184062,139.9079523,3.2235593176806767,,26.11,1012.8957421875,67.0908203125,321.8125,0.5625,-8.3125,0.17,1.32,9.67,0.0,0.125,-0.0625,191,,stopped,0.0,0.0,
2026-08-03T18:42:28.502,748.541,guiding_to_goal,35.9184228,139.90798188333332,17.62,0.12346666666666666,True,24,1,35.9184062,139.9079523,3.2410092151977947,,26.12,1012.8851953125,67.3193359375,321.8125,0.5625,-8.3125,0.19,1.34,9.66,0.0,0.0625,0.0,191,,stopped,0.0,0.0,
2026-08-03T18:42:29.003,749.042,guiding_to_goal,35.9184228,139.90798188333332,17.62,0.12346666666666666,True,24,1,35.9184062,139.9079523,3.2410092151977947,,26.12,1012.8851953125,67.3193359375,321.8125,0.5625,-8.3125,0.21,1.31,9.66,0.0625,0.125,0.0,191,,stopped,0.0,0.0,
2026-08-03T18:42:29.503,749.542,guiding_to_goal,35.918422883333335,139.90798188333332,17.62,0.03601111111111111,True,24,1,35.9184062,139.9079523,3.24629550684804,,26.13,1012.9552734375,67.1962890625,321.8125,0.5625,-8.3125,0.17,1.3,9.64,0.0625,-0.0625,-0.0625,191,,stopped,0.0,0.0,
2026-08-03T18:42:30.004,750.043,guiding_to_goal,35.918422883333335,139.90798188333332,17.62,0.03601111111111111,True,24,1,35.9184062,139.9079523,3.24629550684804,,26.13,1012.9552734375,67.1962890625,321.8125,0.5625,-8.3125,0.18,1.31,9.66,0.0,-0.0625,0.1875,191,,stopped,0.0,0.0,
2026-08-03T18:42:30.504,750.543,guiding_to_goal,35.918422983333336,139.90798178333333,17.618,0.08231111111111111,True,24,1,35.9184062,139.9079523,3.2452911898704326,,26.11,1012.9497265625,67.8955078125,321.8125,0.5625,-8.3125,0.18,1.33,9.63,0.0625,-0.0625,-0.0625,191,,stopped,0.0,0.0,
2026-08-03T18:42:31.009,751.048,guiding_to_goal,35.918422983333336,139.90798178333333,17.618,0.08231111111111111,True,24,1,35.9184062,139.9079523,3.2452911898704326,,26.11,1012.9497265625,67.8955078125,321.8125,0.5625,-8.3125,0.18,1.31,9.66,0.0,0.0,0.0,191,,stopped,0.0,0.0,
2026-08-03T18:42:31.510,751.549,guiding_to_goal,35.91842308333333,139.90798178333333,17.615,0.14918888888888887,True,24,1,35.9184062,139.9079523,3.2516982350401267,,26.09,1012.9444921875,67.3828125,321.8125,0.5625,-8.3125,0.18,1.32,9.66,-0.0625,0.0,0.0,191,,stopped,0.0,0.0,
2026-08-03T18:42:32.013,752.052,guiding_to_goal,35.91842308333333,139.90798178333333,17.615,0.14918888888888887,True,24,1,35.9184062,139.9079523,3.2516982350401267,,26.09,1012.9444921875,67.3828125,321.8125,8.5625,-8.3125,1.46,1.31,9.66,0.0,0.1875,0.0625,191,,stopped,0.0,0.0,
2026-08-03T18:42:32.513,752.552,guiding_to_goal,35.9184233,139.90798178333333,17.608,0.05658888888888889,True,24,1,35.9184062,139.9079523,3.265666931585029,,26.09,1012.9633984375,67.4052734375,321.8125,0.5625,-8.3125,0.18,1.33,9.65,0.0,-0.0625,-0.0625,191,,stopped,0.0,0.0,
2026-08-03T18:42:33.015,753.054,guiding_to_goal,35.9184233,139.90798178333333,17.608,0.05658888888888889,True,24,1,35.9184062,139.9079523,3.265666931585029,,26.09,1012.9633984375,67.4052734375,321.8125,0.5625,-8.3125,0.17,1.31,9.65,0.0,-0.125,-0.0625,191,,stopped,0.0,0.0,
2026-08-03T18:42:33.516,753.555,guiding_to_goal,35.9184233,139.90798178333333,17.605,0.0926,True,24,1,35.9184062,139.9079523,3.265666931585029,,26.08,1012.9013671875,67.3017578125,321.8125,0.5625,-8.3125,0.16,1.32,9.66,-0.0625,-0.0625,0.0,191,,stopped,0.0,0.0,
2026-08-03T18:42:34.017,754.056,guiding_to_goal,35.9184233,139.90798178333333,17.605,0.0926,True,24,1,35.9184062,139.9079523,3.265666931585029,,26.08,1012.9013671875,67.3017578125,321.8125,0.5625,-8.3125,0.18,1.32,9.67,0.0,0.1875,-0.0625,191,,stopped,0.0,0.0,
2026-08-03T18:42:34.518,754.557,guiding_to_goal,35.918423483333335,139.90798168333333,17.604,0.06687777777777779,True,24,1,35.9184062,139.9079523,3.2702880085174715,,26.09,1012.9714453125,67.39453125,321.8125,0.5625,-8.3125,0.19,1.32,9.64,-0.0625,0.0,-0.0625,191,,stopped,0.0,0.0,
2026-08-03T18:42:35.018,755.057,guiding_to_goal,35.918423483333335,139.90798168333333,17.604,0.06687777777777779,True,24,1,35.9184062,139.9079523,3.2702880085174715,,26.09,1012.9714453125,67.39453125,321.8125,0.5625,-8.3125,0.19,1.32,9.67,-0.0625,0.0,0.0625,191,,stopped,0.0,0.0,
2026-08-03T18:42:35.519,755.558,guiding_to_goal,35.918423483333335,139.90798168333333,17.602,0.12346666666666666,True,24,1,35.9184062,139.9079523,3.2702880085174715,,26.08,1012.8473828125,67.5517578125,288.6875,1.3125,-7.8125,0.18,0.96,8.92,9.875,3.125,127.625,191,,stopped,0.0,0.0,
2026-08-03T18:42:36.019,756.058,guiding_to_goal,35.918423483333335,139.90798168333333,17.602,0.12346666666666666,True,24,1,35.9184062,139.9079523,3.2702880085174715,,26.08,1012.8473828125,67.5517578125,283.8125,1.6875,-8.1875,0.47,1.09,10.37,6.5625,9.25,97.75,191,,forward,60.0,60.0,
2026-08-03T18:42:36.519,756.558,guiding_to_goal,35.918423583333336,139.90798168333333,17.597,0.07202222222222222,True,24,1,35.9184062,139.9079523,3.2768348444154087,,26.08,1012.9199609375,67.6181640625,282.0625,1.125,-11.4375,-0.8,0.15,16.17,79.5,-12.4375,2.5625,191,,forward,61.32249999999999,52.6775,
2026-08-03T18:42:37.020,757.059,guiding_to_goal,35.918423583333336,139.90798168333333,17.597,0.07202222222222222,True,24,1,35.9184062,139.9079523,3.2768348444154087,,26.08,1012.9199609375,67.6181640625,281.0,1.875,-12.375,0.7,1.07,2.76,-6.875,-14.25,-3.625,191,,forward,41.9575,36.042500000000004,
2026-08-03T18:42:37.520,757.559,guiding_to_goal,35.91842378333333,139.9079815,17.602,0.4167,True,24,1,35.9184062,139.9079523,3.2767389851336914,,26.08,1012.9469921875,67.515625,278.3125,2.75,-4.5625,0.47,-1.43,11.52,112.5625,9.6875,9.4375,191,,reverse,-60.0,-60.0,
2026-08-03T18:42:38.020,758.059,guiding_to_goal,35.91842378333333,139.9079815,17.602,0.4167,True,24,1,35.9184062,139.9079523,3.2767389851336914,,26.08,1012.9469921875,67.515625,277.3125,1.8125,-6.0,2.03,-0.81,5.37,-44.125,71.0,-6.6875,191,,reverse,-60.0,-60.0,
2026-08-03T18:42:38.521,758.560,guiding_to_goal,35.918424783333336,139.90797468333332,17.632,0.6224777777777778,True,24,1,35.9184062,139.9079523,2.886651380180174,,26.06,1012.887734375,67.55859375,275.9375,-1.0,-10.5625,-0.07,3.95,8.83,9.5625,-16.9375,23.875,191,,turn_right,5.0,-5.0,
2026-08-03T18:42:39.021,759.060,guiding_to_goal,35.918424783333336,139.90797468333332,17.632,0.6224777777777778,True,24,1,35.9184062,139.9079523,2.886651380180174,,26.06,1012.887734375,67.55859375,276.4375,-0.0625,-13.75,-0.29,3.86,9.19,-20.5,-1.5,-24.4375,191,,turn_right,25.0,-25.0,
2026-08-03T18:42:39.522,759.561,guiding_to_goal,35.9184258,139.90797648333333,17.54,0.42698888888888886,True,24,1,35.9184062,139.9079523,3.0809828644863444,,26.04,1013.5108203125,67.4423828125,333.875,-1.4375,-8.875,0.11,1.11,8.79,-47.1875,-20.1875,-103.5,63,,turn_right,30.0,-30.0,
2026-08-03T18:42:40.022,760.061,guiding_to_goal,35.9184258,139.90797648333333,17.54,0.42698888888888886,True,24,1,35.9184062,139.9079523,3.0809828644863444,,26.04,1013.5108203125,67.4423828125,346.125,-0.5625,-7.1875,0.29,0.5,8.91,8.125,-4.9375,-117.5625,127,,turn_right,30.0,-30.0,
2026-08-03T18:42:40.522,760.561,guiding_to_goal,35.9184246,139.90797838333333,17.438,0.2829444444444445,True,24,1,35.9184062,139.9079523,3.1149853124296154,,26.04,1013.0170703125,67.4541015625,358.9375,0.4375,-6.875,0.13,-1.01,9.11,95.5,49.9375,21.8125,191,,forward,100.0,73.83125,
2026-08-03T18:42:41.023,761.062,guiding_to_goal,35.9184246,139.90797838333333,17.438,0.2829444444444445,True,24,1,35.9184062,139.9079523,3.1149853124296154,,26.04,1013.0170703125,67.4541015625,357.375,-1.4375,-11.9375,1.7,1.95,4.28,53.4375,11.9375,-25.0,191,,forward,100.0,94.83125,
2026-08-03T18:42:41.523,761.562,guiding_to_goal,35.918425883333335,139.9079805,17.446,0.3086666666666667,True,24,1,35.9184062,139.9079523,3.3524880865129054,,21.3,1005.5115625,67.3193359375,0.9375,-1.0625,20.75,-0.68,-3.84,8.9,174.0,5.75,-6.875,127,,stopped,0.0,0.0,
2026-08-03T18:42:42.024,762.063,guiding_to_goal,35.918425883333335,139.9079805,17.446,0.3086666666666667,True,24,1,35.9184062,139.9079523,3.3524880865129054,,21.3,1005.5115625,67.3193359375,0.75,-1.4375,3.875,0.02,-2.12,10.18,232.5625,-2.0625,4.5625,127,,stopped,0.0,0.0,
2026-08-03T18:42:42.527,762.566,guiding_to_goal,35.91842788333334,139.90798158333334,17.294,0.1852,True,24,1,35.9184062,139.9079523,3.573109467919096,,26.05,1013.0416015625,67.51171875,1.375,-0.625,-5.0,0.02,0.6,9.72,0.0,0.0625,0.125,191,,stopped,0.0,0.0,
2026-08-03T18:42:43.025,763.064,guiding_to_goal,35.91842788333334,139.90798158333334,17.294,0.1852,True,24,1,35.9184062,139.9079523,3.573109467919096,,26.05,1013.0416015625,67.51171875,1.375,-0.625,-4.9375,0.05,0.62,9.73,0.0625,-0.0625,0.0,191,,stopped,0.0,0.0,
2026-08-03T18:42:43.525,763.564,guiding_to_goal,35.918427183333336,139.907981,17.297,0.05658888888888889,True,24,1,35.9184062,139.9079523,3.4818881825034413,,26.04,1013.02515625,67.3515625,1.375,-0.1875,-4.3125,0.02,0.62,9.7,0.0,-0.0625,0.0625,191,,stopped,0.0,0.0,
2026-08-03T18:42:44.027,764.066,guiding_to_goal,35.918427183333336,139.907981,17.297,0.05658888888888889,True,24,1,35.9184062,139.9079523,3.4818881825034413,,26.04,1013.02515625,67.3515625,1.375,-0.1875,-4.3125,1.31,0.59,9.73,0.0625,0.0,-0.125,191,,stopped,0.0,0.0,
2026-08-03T18:42:44.530,764.569,guiding_to_goal,35.91842748333333,139.90798118333333,17.34,0.041155555555555556,True,24,1,35.9184062,139.9079523,3.5165229999500744,,26.03,1012.90109375,67.2255859375,1.375,-0.125,-4.25,0.04,0.61,9.7,-0.0625,0.1875,-0.0625,127,,stopped,0.0,0.0,
2026-08-03T18:42:45.030,765.069,guiding_to_goal,35.91842748333333,139.90798118333333,17.34,0.041155555555555556,True,24,1,35.9184062,139.9079523,3.5165229999500744,,26.03,1012.90109375,67.2255859375,1.375,-0.125,-4.25,0.06,0.62,9.75,0.0625,0.0625,-0.0625,127,,stopped,0.0,0.0,
2026-08-03T18:42:45.531,765.570,guiding_to_goal,35.918427683333334,139.9079805,17.343,0.06173333333333333,True,24,1,35.9184062,139.9079523,3.4864554666872967,,26.04,1013.0170703125,67.1708984375,1.375,-0.125,-4.25,0.03,0.63,9.73,0.0625,0.0,-0.0625,127,,stopped,0.0,0.0,
2026-08-03T18:42:46.031,766.070,guiding_to_goal,35.918427683333334,139.9079805,17.343,0.06173333333333333,True,24,1,35.9184062,139.9079523,3.4864554666872967,,26.04,1013.0170703125,67.1708984375,1.375,-0.125,-4.25,0.04,0.59,9.72,0.0,-0.0625,-0.1875,127,,stopped,0.0,0.0,
2026-08-03T18:42:46.532,766.571,guiding_to_goal,35.918427683333334,139.90798038333332,17.344,0.07716666666666668,True,24,1,35.9184062,139.9079523,3.4788105736245956,,26.04,1012.890234375,67.2841796875,1.375,-0.125,-4.25,0.04,0.62,9.69,0.125,0.0,0.25,191,,stopped,0.0,0.0,
2026-08-03T18:42:47.032,767.071,guiding_to_goal,35.918427683333334,139.90798038333332,17.344,0.07716666666666668,True,24,1,35.9184062,139.9079523,3.4788105736245956,,26.04,1012.890234375,67.2841796875,1.375,-0.125,-4.25,0.04,0.61,9.74,0.0,0.125,0.0625,191,,stopped,0.0,0.0,
2026-08-03T18:42:47.533,767.571,guiding_to_goal,35.918427783333335,139.90798038333332,17.345,0.10803333333333333,True,24,1,35.9184062,139.9079523,3.4864555021980963,,26.05,1012.925625,67.36328125,1.375,-0.125,-4.25,0.06,0.62,9.74,0.0,0.0,0.0,191,,stopped,0.0,0.0,
2026-08-03T18:42:48.035,768.074,guiding_to_goal,35.918427783333335,139.90798038333332,17.345,0.10803333333333333,True,24,1,35.9184062,139.9079523,3.4864555021980963,,26.05,1012.925625,67.36328125,1.375,-0.125,-4.25,0.02,0.62,9.74,8.125,0.125,-0.1875,191,,stopped,0.0,0.0,
2026-08-03T18:42:48.535,768.574,guiding_to_goal,35.918427783333335,139.9079805,17.342,0.0926,True,24,1,35.9184062,139.9079523,3.4940836685419416,,26.06,1012.94171875,67.23046875,1.375,-0.125,-4.25,0.02,0.62,9.72,0.0,0.0,-0.125,191,,stopped,0.0,0.0,
2026-08-03T18:42:49.045,769.084,guiding_to_goal,35.918427783333335,139.9079805,17.342,0.0926,True,24,1,35.9184062,139.9079523,3.4940836685419416,,26.06,1012.94171875,67.23046875,1.375,-0.125,-4.25,0.01,0.61,9.71,-0.0625,-0.125,-0.125,191,,stopped,0.0,0.0,
2026-08-03T18:42:49.545,769.584,guiding_to_goal,35.91842788333334,139.9079806,17.342,0.08745555555555556,True,24,1,35.9184062,139.9079523,3.5082665772748407,,25.74,1012.4740234375,67.341796875,1.375,-0.125,-4.25,0.03,0.6,9.74,0.0625,0.0,0.0,191,,stopped,0.0,0.0,
2026-08-03T18:42:50.047,770.086,guiding_to_goal,35.91842788333334,139.9079806,17.342,0.08745555555555556,True,24,1,35.9184062,139.9079523,3.5082665772748407,,25.74,1012.4740234375,67.341796875,1.375,-0.125,-4.25,0.04,0.63,9.76,0.0625,0.0,0.0625,191,,stopped,0.0,0.0,
2026-08-03T18:42:50.547,770.586,guiding_to_goal,35.91842808333333,139.90798068333334,17.344,0.03601111111111111,True,24,1,35.9184062,139.9079523,3.529018819309529,,26.05,1012.960625,67.5458984375,1.375,-0.125,-4.25,0.02,0.61,9.71,0.0,0.0625,0.0,127,,stopped,0.0,0.0,
2026-08-03T18:42:51.050,771.089,guiding_to_goal,35.91842808333333,139.90798068333334,17.344,0.03601111111111111,True,24,1,35.9184062,139.9079523,3.529018819309529,,26.05,1012.960625,67.5458984375,1.375,-0.125,-4.25,0.03,0.62,9.73,-0.125,0.0,0.0625,127,,stopped,0.0,0.0,
2026-08-03T18:42:51.551,771.590,guiding_to_goal,35.91842808333333,139.90798078333333,17.347,0.05144444444444445,True,24,1,35.9184062,139.9079523,3.535546437809907,,26.04,1012.9981640625,67.5439453125,1.375,-0.125,-4.25,0.03,0.62,9.73,-0.0625,-0.0625,0.0,127,,stopped,0.0,0.0,
2026-08-03T18:42:52.051,772.090,guiding_to_goal,35.91842808333333,139.90798078333333,17.347,0.05144444444444445,True,24,1,35.9184062,139.9079523,3.535546437809907,,26.05,1012.89859375,67.6123046875,1.375,-0.125,-4.25,0.02,0.62,9.72,0.0,0.1875,0.0,127,,stopped,0.0,0.0,
2026-08-03T18:42:52.552,772.591,guiding_to_goal,35.91842808333333,139.90798078333333,17.352,0.15433333333333335,True,24,1,35.9184062,139.9079523,3.535546437809907,,26.05,1012.89859375,67.6123046875,1.375,-0.125,-4.25,0.02,0.62,9.7,0.0,0.0,-0.125,191,,stopped,0.0,0.0,
2026-08-03T18:42:53.052,773.091,guiding_to_goal,35.91842808333333,139.90798078333333,17.352,0.15433333333333335,True,24,1,35.9184062,139.9079523,3.535546437809907,,26.04,1012.9981640625,67.6572265625,1.375,-0.125,-4.25,0.07,0.63,9.71,0.0625,0.0625,-0.0625,191,,stopped,0.0,0.0,
2026-08-03T18:42:53.552,773.591,guiding_to_goal,35.918428283333334,139.9079811,17.349,0.2880888888888889,True,24,1,35.9184062,139.9079523,3.5715419998500137,,26.04,1012.9981640625,67.6572265625,1.375,-0.125,-4.25,0.02,0.6,9.73,0.0625,0.0,0.0625,191,,stopped,0.0,0.0,
2026-08-03T18:42:54.053,774.092,guiding_to_goal,35.918428283333334,139.9079811,17.349,0.2880888888888889,True,24,1,35.9184062,139.9079523,3.5715419998500137,,26.02,1012.885,67.3720703125,9.375,-0.125,-4.25,0.04,0.6,9.72,0.0625,-0.0625,0.0,191,,stopped,0.0,0.0,
2026-08-03T18:42:54.561,774.600,guiding_to_goal,35.918428883333334,139.9079839,17.304,0.12346666666666666,True,24,1,35.9184062,139.9079523,3.8025596058374944,,26.02,1012.885,67.3720703125,0.1875,0.0,-11.875,-0.65,1.93,4.15,-9.3125,14.0,4.0625,255,,forward,64.075,55.925,
2026-08-03T18:42:55.061,775.100,guiding_to_goal,35.918428883333334,139.9079839,17.304,0.12346666666666666,True,24,1,35.9184062,139.9079523,3.8025596058374944,,26.04,1013.079140625,67.23828125,359.625,-1.875,-12.125,-1.44,2.84,12.65,29.375,-13.25,1.0625,255,,forward,61.50625,58.49375,
2026-08-03T18:42:55.562,775.601,guiding_to_goal,35.918429083333336,139.90798418333333,17.297,0.6945000000000001,True,24,1,35.9184062,139.9079523,3.836404677102706,,26.04,1013.0170703125,67.318359375,359.0625,0.4375,2.5,-0.69,-2.28,9.9,-64.1875,-15.4375,21.5625,127,,reverse,-50.0,-50.0,
2026-08-03T18:42:56.062,776.101,guiding_to_goal,35.918429083333336,139.90798418333333,17.297,0.6945000000000001,True,24,1,35.9184062,139.9079523,3.836404677102706,,26.04,1013.0170703125,67.318359375,356.3125,1.1875,13.1875,0.57,-4.31,7.86,-132.125,-5.25,11.75,63,,reverse,-60.0,-60.0,
2026-08-03T18:42:56.563,776.602,guiding_to_goal,35.918438783333336,139.90798428333332,17.347,0.06687777777777779,True,24,1,35.9184062,139.9079523,4.6284036696802655,,26.04,1013.0170703125,67.3857421875,349.1875,0.6875,-7.5625,-3.87,-1.73,12.83,-1.75,-19.1875,24.75,63,,reverse,-60.0,-60.0,
2026-08-03T18:42:57.063,777.102,guiding_to_goal,35.918438783333336,139.90798428333332,17.347,0.06687777777777779,True,24,1,35.9184062,139.9079523,4.6284036696802655,,26.04,1013.0170703125,67.3857421875,347.9375,1.75,-3.75,-0.91,-2.57,9.92,5.3125,-64.625,16.625,63,,turn_right,10.0,-10.0,
2026-08-03T18:42:57.563,777.602,guiding_to_goal,35.91843718333333,139.90798638333334,17.354,0.4784333333333334,True,24,1,35.9184062,139.9079523,4.614072991842103,,26.02,1013.019921875,67.3603515625,34.875,1.5,-5.4375,0.53,1.06,9.75,-0.375,-1.375,-34.4375,63,,turn_right,30.0,-30.0,
2026-08-03T18:42:58.064,778.103,guiding_to_goal,35.91843718333333,139.90798638333334,17.354,0.4784333333333334,True,24,1,35.9184062,139.9079523,4.614072991842103,,26.02,1013.019921875,67.3603515625,39.9375,1.8125,-4.125,-0.02,0.56,9.55,-18.625,-12.625,-61.5,63,,turn_right,30.0,-30.0,
2026-08-03T18:42:58.564,778.603,guiding_to_goal,35.91843838333333,139.90798518333332,17.416,0.14918888888888887,True,24,1,35.9184062,139.9079523,4.644913599849831,,26.04,1012.909140625,67.3408203125,73.5625,2.8125,-11.5,0.21,0.77,10.4,-7.75,43.0625,25.1875,63,,forward,100.0,89.78125,
2026-08-03T18:42:59.064,779.103,guiding_to_goal,35.91843838333333,139.90798518333332,17.416,0.14918888888888887,True,24,1,35.9184062,139.9079523,4.644913599849831,,26.04,1012.909140625,67.3408203125,71.375,1.25,-7.6875,-2.22,2.78,11.92,-9.375,50.25,-5.0,63,,forward,100.0,96.4125,
2026-08-03T18:42:59.565,779.604,guiding_to_goal,35.91844268333333,139.90799288333332,17.296,0.6636333333333333,True,24,1,35.9184062,139.9079523,5.460160939782806,,26.01,1012.976796875,67.529296875,75.3125,-0.5625,-10.125,-1.49,-0.39,11.27,-26.3125,48.1875,-3.9375,63,,forward,92.15,100.0,
2026-08-03T18:43:00.066,780.105,guiding_to_goal,35.91844268333333,139.90799288333332,17.296,0.6636333333333333,True,24,1,35.9184062,139.9079523,5.460160939782806,,26.01,1012.976796875,67.529296875,74.5625,3.0625,-6.5625,2.75,-0.41,3.46,-61.75,47.875,14.8125,63,,forward,38.260000000000005,38.6,
2026-08-03T18:43:00.573,780.612,guiding_to_goal,35.918445983333335,139.90800238333333,17.277,0.8848444444444444,True,24,1,35.9184062,139.9079523,6.317436278050407,,25.99,1012.9523046875,67.763671875,54.4375,0.8125,29.375,0.69,-4.4,8.48,22.8125,-1.25,-1.375,127,,stopped,0.0,0.0,
2026-08-03T18:43:01.086,781.125,guiding_to_goal,35.918445983333335,139.90800238333333,17.277,0.8848444444444444,True,24,1,35.9184062,139.9079523,6.317436278050407,,25.99,1012.9523046875,67.763671875,54.4375,0.875,28.9375,0.69,-4.43,8.47,3.9375,-0.25,0.1875,127,,stopped,0.0,0.0,
2026-08-03T18:43:01.586,781.625,guiding_to_goal,35.91844798333333,139.90801008333332,17.223,0.6842111111111112,True,25,1,35.9184062,139.9079523,6.975842927419744,,26.01,1012.976796875,67.34765625,54.6875,2.0625,32.75,0.51,-5.44,8.06,-0.6875,-0.0625,0.0625,127,,stopped,0.0,0.0,
2026-08-03T18:43:02.087,782.126,guiding_to_goal,35.91844798333333,139.90801008333332,17.223,0.6842111111111112,True,25,1,35.9184062,139.9079523,6.975842927419744,,26.01,1012.976796875,67.34765625,54.6875,2.125,32.875,0.51,-5.42,8.09,0.25,0.0,0.125,127,,stopped,0.0,0.0,
2026-08-03T18:43:02.588,782.627,guiding_to_goal,35.9184501,139.908015,17.169,0.43727777777777777,True,24,1,35.9184062,139.9079523,7.4638166957943755,,25.99,1012.998203125,67.537109375,54.8125,2.5,33.1875,0.53,-5.42,8.05,0.25,0.125,0.0,127,,stopped,0.0,0.0,
2026-08-03T18:43:03.089,783.127,guiding_to_goal,35.9184501,139.908015,17.169,0.43727777777777777,True,24,1,35.9184062,139.9079523,7.4638166957943755,,25.99,1012.998203125,67.537109375,54.8125,2.5,33.25,0.52,-5.4,8.06,0.1875,0.0625,0.125,127,,stopped,0.0,0.0,
2026-08-03T18:43:03.589,783.633,guiding_to_goal,35.918450783333334,139.90801948333333,17.145,0.4167,True,25,1,35.9184062,139.9079523,7.82165377861421,,25.98,1012.9551171875,67.8173828125,54.8125,2.5625,33.1875,0.45,-5.45,8.08,-1.625,0.125,0.375,127,,stopped,0.0,0.0,
2026-08-03T18:43:04.090,784.129,guiding_to_goal,35.918450783333334,139.90801948333333,17.145,0.4167,True,25,1,35.9184062,139.9079523,7.82165377861421,,25.98,1012.9551171875,67.8173828125,54.8125,2.5625,33.25,0.57,-5.45,8.11,-0.0625,0.0,-0.1875,127,,stopped,0.0,0.0,
2026-08-03T18:43:04.591,784.630,guiding_to_goal,35.91845168333333,139.90802348333332,17.126,0.3858333333333333,True,24,1,35.9184062,139.9079523,8.165092469012727,,25.97,1012.920078125,67.681640625,54.8125,2.5625,33.125,0.49,-5.42,8.07,-0.1875,0.0,0.0625,63,,stopped,0.0,0.0,
2026-08-03T18:43:05.178,785.217,guiding_to_goal,35.91845168333333,139.90802348333332,17.126,0.3858333333333333,True,24,1,35.9184062,139.9079523,8.165092469012727,,25.97,1012.920078125,67.681640625,54.8125,2.5625,33.125,0.55,-5.39,8.11,0.0625,0.125,-0.1875,63,,stopped,0.0,0.0,
2026-08-03T18:43:05.679,785.718,guiding_to_goal,35.918453883333335,139.90802758333334,17.04,0.2726555555555556,True,21,1,35.9184062,139.9079523,8.606551961648142,,25.96,1013.003515625,67.712890625,54.8125,10.5625,33.125,0.5,-5.38,8.09,0.25,0.0,-0.125,63,,stopped,0.0,0.0,
2026-08-03T18:43:06.596,786.635,guiding_to_goal,35.918453883333335,139.90802758333334,17.04,0.2726555555555556,True,21,1,35.9184062,139.9079523,8.606551961648142,,25.96,1013.003515625,67.712890625,54.8125,2.5625,33.125,0.52,-5.37,8.09,-0.25,0.0,0.0625,63,,stopped,0.0,0.0,
2026-08-03T18:43:07.099,787.138,guiding_to_goal,35.918455,139.90802878333332,17.01,0.26236666666666664,True,22,1,35.9184062,139.9079523,8.76822249021111,,25.95,1013.022421875,67.66796875,54.8125,2.5625,33.125,0.52,-5.37,8.1,-0.5,-0.0625,0.0,63,,stopped,0.0,0.0,
2026-08-03T18:43:07.600,787.639,guiding_to_goal,35.918455,139.90802878333332,17.01,0.26236666666666664,True,22,1,35.9184062,139.9079523,8.76822249021111,,25.95,1013.022421875,67.66796875,54.8125,2.5625,33.1875,0.52,-5.41,8.1,0.5,0.125,-0.0625,63,,stopped,0.0,0.0,
2026-08-03T18:43:08.100,788.139,guiding_to_goal,,,,,False,,,35.9184062,139.9079523,,,25.96,1013.057421875,67.611328125,54.8125,2.5625,33.1875,0.5,-5.36,8.09,-0.125,0.0,-0.0625,127,,stopped,0.0,0.0,
2026-08-03T18:43:08.600,788.639,guiding_to_goal,,,,,False,,,35.9184062,139.9079523,,,25.96,1013.057421875,67.611328125,54.8125,2.5625,33.1875,0.51,-5.36,8.11,-0.5,-0.1875,0.1875,127,,stopped,0.0,0.0,
2026-08-03T18:43:09.101,789.140,guiding_to_goal,35.91845598333333,139.9080236,16.972,0.08745555555555556,True,22,1,35.9184062,139.9079523,8.47753106197778,,22.02,1006.8665625,67.47265625,54.8125,2.5625,33.1875,0.52,-5.39,8.11,0.4375,-0.0625,0.0,127,,stopped,0.0,0.0,
2026-08-03T18:43:09.845,789.884,guiding_to_goal,35.91845598333333,139.9080236,16.972,0.08745555555555556,True,22,1,35.9184062,139.9079523,8.47753106197778,,22.02,1006.8665625,67.47265625,54.8125,2.5625,33.1875,0.51,-5.38,8.07,0.5625,0.125,-0.0625,127,,stopped,0.0,0.0,
2026-08-03T18:43:10.353,790.392,guiding_to_goal,35.9184561,139.9080237,16.971,0.19034444444444445,True,21,1,35.9184062,139.9079523,8.492823192618781,,25.94,1012.979296875,67.779296875,54.8125,2.5625,33.1875,0.5,-5.37,8.11,0.0,0.125,0.125,127,,stopped,0.0,0.0,
2026-08-03T18:43:10.856,790.895,guiding_to_goal,35.9184561,139.9080237,16.971,0.19034444444444445,True,21,1,35.9184062,139.9079523,8.492823192618781,,25.94,1012.979296875,67.779296875,54.8125,2.5625,33.1875,0.52,-5.37,8.1,-0.0625,0.0625,-0.0625,127,,stopped,0.0,0.0,
2026-08-03T18:43:11.356,791.396,guiding_to_goal,35.918456383333336,139.90802428333333,16.985,0.2469333333333333,True,21,1,35.9184062,139.9079523,8.553181991427758,,25.94,1013.0521875,67.7099609375,54.8125,2.5625,33.1875,0.53,-5.36,8.1,0.0625,-0.1875,0.0625,127,,stopped,0.0,0.0,
2026-08-03T18:43:11.857,791.903,guiding_to_goal,35.918456383333336,139.90802428333333,16.985,0.2469333333333333,True,21,1,35.9184062,139.9079523,8.553181991427758,,25.94,1013.0521875,67.7099609375,62.8125,2.5625,33.1875,0.52,-5.39,8.09,-0.1875,0.1875,0.0,127,,stopped,0.0,0.0,
2026-08-03T18:43:12.357,792.396,guiding_to_goal,35.918456983333336,139.90802578333333,16.99,0.16462222222222223,True,20,1,35.9184062,139.9079523,8.699160693639318,,25.92,1012.97375,67.3125,54.8125,2.5625,33.1875,0.51,-5.36,8.12,0.0,0.0625,0.0,127,,stopped,0.0,0.0,
2026-08-03T18:43:12.858,792.897,guiding_to_goal,35.918456983333336,139.90802578333333,16.99,0.16462222222222223,True,20,1,35.9184062,139.9079523,8.699160693639318,,25.92,1012.97375,67.3125,54.8125,2.5625,33.1875,0.5,-5.39,8.11,0.0,-0.125,-0.125,127,,stopped,0.0,0.0,
2026-08-03T18:43:13.364,793.403,guiding_to_goal,35.91845708333334,139.9080261,16.986,0.025722222222222226,True,20,1,35.9184062,139.9079523,8.728076256064039,,22.61,1007.9660546875,67.2802734375,54.8125,2.5625,33.1875,0.53,-5.39,8.12,0.0,0.0,0.0625,63,,stopped,0.0,0.0,
2026-08-03T18:43:13.867,793.906,guiding_to_goal,35.91845708333334,139.9080261,16.986,0.025722222222222226,True,20,1,35.9184062,139.9079523,8.728076256064039,,22.61,1007.9660546875,67.2802734375,62.8125,2.5625,33.1875,0.5,-5.37,8.1,0.0625,-0.1875,0.0625,63,,stopped,0.0,0.0,
2026-08-03T18:43:14.375,794.414,guiding_to_goal,35.91845708333334,139.90802638333332,16.999,0.03601111111111111,True,20,1,35.9184062,139.9079523,8.747519431528902,,25.91,1013.0115625,67.34375,54.8125,2.5625,33.1875,0.52,-5.37,8.09,0.0,0.0,-0.0625,63,,stopped,0.0,0.0,
2026-08-03T18:43:14.906,794.945,guiding_to_goal,35.91845708333334,139.90802638333332,16.999,0.03601111111111111,True,20,1,35.9184062,139.9079523,8.747519431528902,,25.91,1013.0115625,67.34375,54.8125,2.5625,33.1875,0.53,-5.38,8.09,0.0625,-0.0625,0.0,63,,stopped,0.0,0.0,
2026-08-03T18:43:15.411,795.450,guiding_to_goal,35.91845718333333,139.90802678333333,17.011,0.07716666666666668,True,20,1,35.9184062,139.9079523,8.782195326467795,,25.19,1011.8683984375,67.4169921875,54.8125,2.5625,33.1875,0.52,-5.37,8.1,-0.0625,0.0,0.0,63,,stopped,0.0,0.0,
2026-08-03T18:43:15.913,795.952,guiding_to_goal,35.91845718333333,139.90802678333333,17.011,0.07716666666666668,True,20,1,35.9184062,139.9079523,8.782195326467795,,25.19,1011.8683984375,67.4169921875,54.8125,10.5625,33.1875,0.52,-5.4,8.08,-0.0625,0.0,-0.0625,63,,stopped,0.0,0.0,
2026-08-03T18:43:16.420,796.459,guiding_to_goal,35.918457583333335,139.9080275,17.039,0.0051444444444444445,True,20,1,35.9184062,139.9079523,8.860199723437427,,25.9,1012.9601171875,67.5126953125,54.8125,2.5625,33.1875,0.51,-5.36,8.1,-0.0625,0.0,0.125,127,,stopped,0.0,0.0,
2026-08-03T18:43:16.920,796.959,guiding_to_goal,35.918457583333335,139.9080275,17.039,0.0051444444444444445,True,20,1,35.9184062,139.9079523,8.860199723437427,,25.9,1012.9601171875,67.5126953125,54.8125,2.5625,33.1875,0.5,-5.37,8.1,0.0,0.1875,0.0,127,,stopped,0.0,0.0,
2026-08-03T18:43:17.421,797.460,guiding_to_goal,35.91845768333334,139.9080275,17.06,0.1852,True,21,1,35.9184062,139.9079523,8.86737428080355,,25.94,1013.0251953125,67.5068359375,54.8125,2.5625,33.1875,0.53,-5.39,8.09,0.0,-0.0625,-0.125,127,,stopped,0.0,0.0,
2026-08-03T18:43:17.925,797.964,guiding_to_goal,35.91845768333334,139.9080275,17.06,0.1852,True,21,1,35.9184062,139.9079523,8.86737428080355,,25.94,1013.0251953125,67.5068359375,54.8125,2.5625,33.1875,0.53,-5.38,8.1,0.0,-0.125,0.1875,127,,stopped,0.0,0.0,
2026-08-03T18:43:18.425,798.464,guiding_to_goal,35.91845888333334,139.908026,17.058,0.3652555555555555,True,21,1,35.9184062,139.9079523,8.852381444803783,,25.95,1013.041328125,67.576171875,54.8125,2.5625,33.1875,0.52,-5.4,8.11,0.125,0.0,0.0,127,,stopped,0.0,0.0,
2026-08-03T18:43:18.925,798.964,guiding_to_goal,35.91845888333334,139.908026,17.058,0.3652555555555555,True,21,1,35.9184062,139.9079523,8.852381444803783,,25.95,1013.041328125,67.576171875,54.8125,2.5625,33.1875,0.53,-5.38,8.09,-0.0625,0.125,-0.0625,127,,stopped,0.0,0.0,
2026-08-03T18:43:19.432,799.471,guiding_to_goal,35.9184604,139.9080237,17.059,0.2212111111111111,True,21,1,35.9184062,139.9079523,8.812643212215725,,25.94,1013.0332421875,67.576171875,54.8125,2.5625,33.1875,0.5,-5.39,8.11,-0.125,0.0625,0.0625,127,,turn_right,5.0,-5.0,
2026-08-03T18:43:19.932,799.971,guiding_to_goal,35.9184604,139.9080237,17.059,0.2212111111111111,True,21,1,35.9184062,139.9079523,8.812643212215725,,25.94,1013.0332421875,67.576171875,55.4375,2.625,32.3125,0.94,-6.2,8.3,26.9375,7.0625,-15.4375,63,,turn_right,25.0,-25.0,
2026-08-03T18:43:20.433,800.472,guiding_to_goal,35.91846138333333,139.90802208333332,17.077,0.19548888888888888,True,20,1,35.9184062,139.9079523,8.78303335189699,,25.96,1012.9765234375,67.5771484375,96.25,4.3125,-6.0625,1.17,0.75,9.66,0.125,-8.75,-66.25,63,,turn_right,30.0,-30.0,
2026-08-03T18:43:20.933,800.972,guiding_to_goal,35.91846138333333,139.90802208333332,17.077,0.19548888888888888,True,20,1,35.9184062,139.9079523,8.78303335189699,,25.96,1012.9765234375,67.5771484375,108.25,5.625,-6.5,2.05,0.0,10.91,-14.5625,-17.75,-124.25,63,,turn_right,30.0,-30.0,
2026-08-03T18:43:21.433,801.472,guiding_to_goal,35.9184519,139.90802088333334,16.851,0.15947777777777777,True,21,1,35.9184062,139.9079523,7.997884130964439,,25.96,1013.003515625,67.599609375,122.625,7.875,-5.875,1.66,0.68,9.69,-0.0625,-0.0625,0.0,63,,stopped,0.0,0.0,
2026-08-03T18:43:21.934,801.973,guiding_to_goal,35.9184519,139.90802088333334,16.851,0.15947777777777777,True,21,1,35.9184062,139.9079523,7.997884130964439,,25.96,1013.003515625,67.599609375,122.5625,8.1875,-5.5,1.64,0.69,9.66,0.125,0.0625,-0.0625,63,,stopped,0.0,0.0,
2026-08-03T18:43:22.437,802.476,guiding_to_goal,35.918449683333336,139.90802108333332,16.625,0.15433333333333335,True,21,1,35.9184062,139.9079523,7.857775973976758,,23.43,1008.9309765625,67.46875,122.5,9.0,-4.75,1.65,0.68,9.66,0.0,-0.3125,0.125,63,,stopped,0.0,0.0,
2026-08-03T18:43:22.937,802.976,guiding_to_goal,35.918449683333336,139.90802108333332,16.625,0.15433333333333335,True,21,1,35.9184062,139.9079523,7.857775973976758,,23.43,1008.9309765625,67.46875,122.5,9.0,-4.6875,1.66,0.68,9.67,0.1875,-0.0625,8.0625,63,,stopped,0.0,0.0,
2026-08-03T18:43:23.438,803.477,guiding_to_goal,35.9184494,139.90801958333333,16.634,0.08745555555555556,True,21,1,35.9184062,139.9079523,7.732132192479187,,25.98,1012.9820703125,67.75,122.5,9.1875,-4.5,1.66,0.66,9.69,0.0,0.0625,-0.0625,63,,stopped,0.0,0.0,
2026-08-03T18:43:23.938,803.977,guiding_to_goal,35.9184494,139.90801958333333,16.634,0.08745555555555556,True,21,1,35.9184062,139.9079523,7.732132192479187,,25.98,1012.9820703125,67.75,122.5,9.1875,-4.5,1.67,0.69,9.65,8.0625,-0.0625,0.0625,63,,stopped,0.0,0.0,
2026-08-03T18:43:24.444,804.483,guiding_to_goal,35.91844928333333,139.90801968333332,16.629,0.1389,True,21,1,35.9184062,139.9079523,7.731145406688141,,25.97,1013.019609375,67.7158203125,122.5,9.1875,-4.5,1.64,0.67,9.68,0.0,-0.0625,-0.125,63,,stopped,0.0,0.0,
2026-08-03T18:43:24.964,805.002,guiding_to_goal,35.91844928333333,139.90801968333332,16.629,0.1389,True,21,1,35.9184062,139.9079523,7.731145406688141,,25.97,1013.019609375,67.7158203125,122.5,9.1875,-4.5,1.66,0.68,9.68,0.125,0.125,-0.0625,63,,stopped,0.0,0.0,
2026-08-03T18:43:25.464,805.503,guiding_to_goal,35.9184494,139.9080198,16.617,0.19034444444444445,True,21,1,35.9184062,139.9079523,7.747430802105939,,25.97,1012.938671875,67.693359375,122.5,9.1875,-4.5,1.66,0.67,9.68,-0.0625,0.0625,0.0,63,,stopped,0.0,0.0,
2026-08-03T18:43:25.964,806.003,guiding_to_goal,35.9184494,139.9080198,16.617,0.19034444444444445,True,21,1,35.9184062,139.9079523,7.747430802105939,,25.97,1012.938671875,67.693359375,122.5,9.1875,-4.5,1.67,0.68,9.68,-0.25,-0.125,-0.125,63,,stopped,0.0,0.0,
2026-08-03T18:43:26.465,806.504,guiding_to_goal,35.91844988333333,139.90801988333334,16.592,0.2880888888888889,True,21,1,35.9184062,139.9079523,7.786731767941347,,25.98,1012.9551171875,67.75,122.5,9.1875,-4.5,1.65,0.67,9.67,0.0625,0.1875,0.0,63,,stopped,0.0,0.0,
2026-08-03T18:43:26.965,807.004,guiding_to_goal,35.91844988333333,139.90801988333334,16.592,0.2880888888888889,True,21,1,35.9184062,139.9079523,7.786731767941347,,25.98,1012.9551171875,67.75,122.5,9.1875,-4.5,1.66,0.67,9.69,-0.0625,0.125,-0.0625,63,,stopped,0.0,0.0,
2026-08-03T18:43:27.465,807.504,guiding_to_goal,35.9184519,139.90802138333333,16.523,0.2880888888888889,True,21,1,35.9184062,139.9079523,8.03270436317551,,25.99,1012.94421875,67.6728515625,122.5,9.1875,-4.5,1.63,0.7,9.68,-0.0625,0.0,0.0,63,,forward,60.0,60.0,
2026-08-03T18:43:27.966,808.005,guiding_to_goal,35.9184519,139.90802138333333,16.523,0.2880888888888889,True,21,1,35.9184062,139.9079523,8.03270436317551,,25.99,1012.94421875,67.6728515625,122.6875,9.3125,-12.6875,1.56,4.3,8.26,-48.4375,-1.0,-24.375,63,,forward,59.53125,60.46875,
2026-08-03T18:43:28.466,808.505,guiding_to_goal,35.9184537,139.90802308333335,16.495,0.0926,True,21,1,35.9184062,139.9079523,8.27808831131905,,25.98,1012.9631640625,67.716796875,120.9375,6.9375,-10.25,1.37,2.47,17.41,-12.875,1.875,-0.4375,63,,forward,63.175,56.825,
2026-08-03T18:43:28.967,809.006,guiding_to_goal,35.9184537,139.90802308333335,16.495,0.0926,True,21,1,35.9184062,139.9079523,8.27808831131905,,25.98,1012.9631640625,67.716796875,120.25,5.3125,-7.6875,1.23,0.15,4.5,-50.75,-0.5625,17.375,63,,forward,62.0125,57.9875,
2026-08-03T18:43:29.467,809.506,guiding_to_goal,35.9184537,139.90802298333332,16.483,0.5298777777777778,True,21,1,35.9184062,139.9079523,8.271156314393357,,25.98,1012.99015625,67.7060546875,120.5625,4.625,-6.4375,0.31,7.04,10.22,-54.8125,-3.375,-1.375,63,,stopped,0.0,0.0,
2026-08-03T18:43:29.968,810.007,guiding_to_goal,35.9184537,139.90802298333332,16.483,0.5298777777777778,True,21,1,35.9184062,139.9079523,8.271156314393357,,25.98,1012.99015625,67.7060546875,120.4375,4.6875,-7.6875,0.69,0.54,9.38,-7.3125,0.75,0.0,63,,stopped,0.0,0.0,
2026-08-03T18:43:30.468,810.507,guiding_to_goal,35.918451483333335,139.90802778333332,16.4,0.37554444444444446,True,21,1,35.9184062,139.9079523,8.45922778168202,,25.96,1012.9845703125,67.7138671875,120.5625,4.6875,-7.4375,0.9,1.21,9.69,-0.0625,0.0625,-0.0625,63,,stopped,0.0,0.0,
2026-08-03T18:43:30.969,811.008,guiding_to_goal,35.918451483333335,139.90802778333332,16.4,0.37554444444444446,True,21,1,35.9184062,139.9079523,8.45922778168202,,25.96,1012.9845703125,67.7138671875,120.5625,4.6875,-7.4375,0.89,1.21,9.69,-0.0625,0.125,0.0,63,,stopped,0.0,0.0,
2026-08-03T18:43:31.469,811.508,guiding_to_goal,35.918450283333335,139.90802858333333,16.206,0.2109222222222222,True,20,1,35.9184062,139.9079523,8.439026092908204,,25.98,1013.036015625,67.63671875,120.5625,4.6875,-7.4375,0.9,1.21,9.68,-0.125,-0.0625,-0.1875,63,,stopped,0.0,0.0,
2026-08-03T18:43:31.970,812.009,guiding_to_goal,35.918450283333335,139.90802858333333,16.206,0.2109222222222222,True,20,1,35.9184062,139.9079523,8.439026092908204,,25.98,1013.036015625,67.63671875,120.5625,4.6875,-7.4375,0.92,1.21,9.69,0.125,-0.0625,-0.0625,63,,stopped,0.0,0.0,
2026-08-03T18:43:32.474,812.513,guiding_to_goal,35.918449083333336,139.90802578333333,16.173,0.06173333333333333,True,21,1,35.9184062,139.9079523,8.15636086891691,,25.99,1013.0521484375,67.6162109375,120.5625,4.6875,-7.4375,0.92,1.21,9.7,0.0,-0.125,0.0625,63,,stopped,0.0,0.0,
2026-08-03T18:43:32.980,813.019,guiding_to_goal,35.918449083333336,139.90802578333333,16.173,0.06173333333333333,True,21,1,35.9184062,139.9079523,8.15636086891691,,25.99,1013.0251953125,67.560546875,120.5625,4.6875,-7.4375,0.9,1.22,9.67,0.0,0.125,-0.1875,63,,stopped,0.0,0.0,
2026-08-03T18:43:33.481,813.520,guiding_to_goal,35.91844918333334,139.90802418333334,16.168,0.05144444444444445,True,21,1,35.9184062,139.9079523,8.046507328891524,,25.99,1013.0251953125,67.560546875,120.5625,4.6875,-7.4375,0.89,1.23,9.67,-0.0625,0.125,-0.0625,63,,stopped,0.0,0.0,
2026-08-03T18:43:33.982,814.021,guiding_to_goal,35.91844918333334,139.90802418333334,16.168,0.05144444444444445,True,21,1,35.9184062,139.9079523,8.046507328891524,,25.99,1013.0062890625,67.4130859375,120.5625,4.6875,-7.4375,0.9,1.2,9.68,0.0625,0.0625,0.0,63,,stopped,0.0,0.0,
2026-08-03T18:43:34.483,814.522,guiding_to_goal,35.91844868333333,139.90802478333333,16.098,0.03601111111111111,True,21,1,35.9184062,139.9079523,8.057315812681598,,25.99,1013.0062890625,67.4130859375,120.5625,4.6875,-7.4375,0.89,1.22,9.69,-0.0625,-0.0625,0.125,63,,stopped,0.0,0.0,
2026-08-03T18:43:34.983,815.022,guiding_to_goal,35.91844868333333,139.90802478333333,16.098,0.03601111111111111,True,21,1,35.9184062,139.9079523,8.057315812681598,,25.98,1012.9820703125,67.3994140625,120.5625,4.6875,-7.4375,0.9,1.22,9.69,0.0,0.125,-0.0625,63,,stopped,0.0,0.0,
2026-08-03T18:43:35.484,815.523,guiding_to_goal,35.91844858333333,139.90802478333333,16.087,0.06173333333333333,True,21,1,35.9184062,139.9079523,8.050801597721486,,25.98,1012.9820703125,67.3994140625,120.5625,4.6875,-7.4375,0.9,1.22,9.66,-0.0625,0.0625,-0.0625,63,,stopped,0.0,0.0,
2026-08-03T18:43:35.984,816.023,guiding_to_goal,35.91844858333333,139.90802478333333,16.087,0.06173333333333333,True,21,1,35.9184062,139.9079523,8.050801597721486,,25.99,1013.0251953125,67.6962890625,120.5625,4.6875,-7.4375,0.91,1.22,9.68,0.0,0.0625,-0.0625,63,,stopped,0.0,0.0,
2026-08-03T18:43:36.490,816.529,guiding_to_goal,35.91844858333333,139.90802488333333,16.083,0.03601111111111111,True,21,1,35.9184062,139.9079523,8.058104305264056,,25.99,1013.0251953125,67.423828125,120.5625,4.6875,-7.4375,0.92,1.21,9.66,0.0,0.125,0.0,63,,stopped,0.0,0.0,
2026-08-03T18:43:36.990,817.029,guiding_to_goal,35.91844858333333,139.90802488333333,16.083,0.03601111111111111,True,21,1,35.9184062,139.9079523,8.058104305264056,,25.99,1013.0251953125,67.423828125,120.5625,4.6875,-7.4375,0.9,1.22,9.69,0.0625,0.0625,0.0625,63,,stopped,0.0,0.0,
2026-08-03T18:43:37.491,817.530,guiding_to_goal,35.918448483333336,139.90802498333332,16.075,0.1852,True,21,1,35.9184062,139.9079523,8.058918126107763,,25.99,1013.807578125,67.6396484375,120.5625,4.6875,-7.4375,0.88,1.2,9.67,-0.0625,-0.125,0.0,63,,stopped,0.0,0.0,
2026-08-03T18:43:37.991,818.030,guiding_to_goal,35.918448483333336,139.90802498333332,16.075,0.1852,True,21,1,35.9184062,139.9079523,8.058918126107763,,25.99,1013.807578125,67.6396484375,120.5625,4.6875,-7.4375,0.9,1.21,9.68,0.0625,0.0625,0.0,63,,stopped,0.0,0.0,
2026-08-03T18:43:38.492,818.531,guiding_to_goal,35.9184483,139.90802448333332,16.079,0.1028888888888889,True,21,1,35.9184062,139.9079523,8.010461901432798,,26.0,1012.9603515625,67.4033203125,120.5625,12.6875,-7.4375,0.92,1.23,9.68,0.0625,0.0,-0.0625,63,,stopped,0.0,0.0,
2026-08-03T18:43:38.998,819.037,guiding_to_goal,35.9184483,139.90802448333332,16.079,0.1028888888888889,True,21,1,35.9184062,139.9079523,8.010461901432798,,26.0,1012.9603515625,67.4033203125,120.5625,4.6875,-7.4375,0.91,1.22,9.64,0.0,0.0625,-0.0625,63,,stopped,0.0,0.0,
2026-08-03T18:43:39.499,819.538,guiding_to_goal,35.9184483,139.90802448333332,16.083,0.19034444444444445,True,21,1,35.9184062,139.9079523,8.010461901432798,,26.0,1013.14921875,67.4033203125,120.5625,4.6875,-7.4375,0.91,1.24,9.66,-0.0625,0.0625,0.0625,63,,stopped,0.0,0.0,
2026-08-03T18:43:40.003,820.042,guiding_to_goal,35.9184483,139.90802448333332,16.083,0.19034444444444445,True,21,1,35.9184062,139.9079523,8.010461901432798,,26.0,1013.14921875,67.4033203125,120.5625,4.6875,-7.4375,2.18,1.22,9.67,0.0,0.0,0.0,63,,stopped,0.0,0.0,
2026-08-03T18:43:40.505,820.544,guiding_to_goal,35.918447783333335,139.90802428333333,16.1,0.2057777777777778,True,21,1,35.9184062,139.9079523,7.962354825772625,,25.99,1012.998203125,67.48046875,120.5625,4.6875,-7.4375,0.92,1.21,9.66,-0.125,0.0,0.0,63,,stopped,0.0,0.0,
2026-08-03T18:43:41.005,821.044,guiding_to_goal,35.918447783333335,139.90802428333333,16.1,0.2057777777777778,True,21,1,35.9184062,139.9079523,7.962354825772625,,25.99,1012.998203125,67.48046875,120.5625,4.6875,-7.4375,0.88,1.22,9.68,0.0,-0.125,-0.0625,63,,stopped,0.0,0.0,
2026-08-03T18:43:41.506,821.545,guiding_to_goal,35.918447283333336,139.90802388333333,16.116,0.11832222222222223,True,21,1,35.9184062,139.9079523,7.900781444511644,,25.98,1012.9551171875,67.353515625,120.5625,4.6875,-7.4375,0.9,1.21,9.68,0.0,0.0,0.0,63,,stopped,0.0,0.0,
2026-08-03T18:43:42.006,822.045,guiding_to_goal,35.918447283333336,139.90802388333333,16.116,0.11832222222222223,True,21,1,35.9184062,139.9079523,7.900781444511644,,25.98,1012.9551171875,67.353515625,120.5625,4.6875,-7.4375,0.9,1.22,9.7,0.0,0.0,-0.125,63,,stopped,0.0,0.0,
2026-08-03T18:43:42.508,822.547,guiding_to_goal,35.9184471,139.90802388333333,16.115,0.041155555555555556,True,21,1,35.9184062,139.9079523,7.889011882974685,,26.01,1012.9684375,67.685546875,120.5625,4.6875,-7.4375,0.88,1.21,9.67,0.0,-0.125,0.125,63,,stopped,0.0,0.0,
2026-08-03T18:43:43.008,823.047,guiding_to_goal,35.9184471,139.90802388333333,16.115,0.041155555555555556,True,21,1,35.9184062,139.9079523,7.889011882974685,,26.01,1012.9684375,67.685546875,120.5625,4.6875,-7.4375,0.91,1.24,9.7,0.0,0.125,-0.125,63,,stopped,0.0,0.0,
2026-08-03T18:43:43.508,823.547,guiding_to_goal,35.9184471,139.90802388333333,16.113,0.19034444444444445,True,21,1,35.9184062,139.9079523,7.889011882974685,,26.02,1013.019921875,67.791015625,117.25,6.6875,-17.75,1.36,3.34,9.03,-0.8125,1.4375,0.5,127,,forward,73.5375,46.4625,
2026-08-03T18:43:44.009,824.048,guiding_to_goal,35.9184471,139.90802388333333,16.113,0.19034444444444445,True,21,1,35.9184062,139.9079523,7.889011882974685,,26.02,1013.019921875,67.791015625,117.625,6.6875,-17.875,0.98,2.4,8.94,-18.4375,-0.0625,0.9375,127,,forward,46.678124999999994,43.321875000000006,
2026-08-03T18:43:44.509,824.548,guiding_to_goal,35.918447283333336,139.90802428333333,16.124,0.0926,True,21,1,35.9184062,139.9079523,7.930197754216162,,26.01,1012.976796875,68.0498046875,119.3125,6.125,28.125,0.27,-5.3,7.47,-161.25,-5.625,8.3125,63,,reverse,-60.0,-60.0,
2026-08-03T18:43:45.010,825.049,guiding_to_goal,35.918447283333336,139.90802428333333,16.124,0.0926,True,21,1,35.9184062,139.9079523,7.930197754216162,,26.01,1012.976796875,68.0498046875,120.9375,12.75,44.5,1.99,-7.63,6.04,-92.9375,16.3125,12.125,127,,reverse,-60.0,-60.0,
2026-08-03T18:43:45.510,825.553,guiding_to_goal,35.918447183333335,139.90802438333333,16.122,0.06687777777777779,True,21,1,35.9184062,139.9079523,7.931166017099325,,26.02,1013.046875,67.84765625,118.875,6.1875,95.3125,1.38,-11.28,1.52,-210.875,-92.8125,9.25,63,,turn_right,5.0,-5.0,
2026-08-03T18:43:46.010,826.049,guiding_to_goal,35.918447183333335,139.90802438333333,16.122,0.06687777777777779,True,21,1,35.9184062,139.9079523,7.931166017099325,,26.02,1013.046875,67.84765625,111.125,7.1875,101.3125,1.7,-11.06,0.06,116.8125,-27.875,-44.1875,63,,turn_right,25.0,-25.0,
2026-08-03T18:43:46.511,826.550,guiding_to_goal,35.918447183333335,139.90802428333333,16.114,0.11317777777777778,True,21,1,35.9184062,139.9079523,7.923797491615233,,26.01,1013.049375,67.697265625,103.6875,6.5625,78.1875,1.05,-10.37,2.25,-15.125,-8.75,0.875,63,,turn_right,30.0,-30.0,
2026-08-03T18:43:47.011,827.050,guiding_to_goal,35.918447183333335,139.90802428333333,16.114,0.11317777777777778,True,21,1,35.9184062,139.9079523,7.923797491615233,,26.01,1013.049375,67.697265625,104.1875,6.9375,77.5,1.43,-10.09,2.21,11.5,10.8125,-2.25,63,,turn_right,30.0,-30.0,
2026-08-03T18:43:47.512,827.551,guiding_to_goal,35.918447183333335,139.90802418333334,16.109,0.07202222222222222,True,21,1,35.9184062,139.9079523,7.916432351196283,,25.98,1012.99015625,67.8525390625,112.0,8.3125,67.9375,1.31,-7.57,2.78,-8.125,56.25,17.25,127,,turn_right,30.0,-30.0,
2026-08-03T18:43:48.012,828.051,guiding_to_goal,35.918447183333335,139.90802418333334,16.109,0.07202222222222222,True,21,1,35.9184062,139.9079523,7.916432351196283,,25.98,1012.99015625,67.8525390625,114.625,7.8125,71.8125,1.09,-11.18,2.93,-82.6875,-17.375,-24.0,127,,turn_right,30.0,-30.0,
2026-08-03T18:43:48.512,828.551,guiding_to_goal,35.918447,139.90802418333334,16.104,0.10803333333333333,True,20,1,35.9184062,139.9079523,7.9047147694117434,,25.98,1012.9551171875,67.7275390625,115.6875,8.0,71.4375,1.3,-9.16,2.89,11.0625,4.6875,1.8125,63,,turn_right,30.0,-30.0,
2026-08-03T18:43:49.013,829.052,guiding_to_goal,35.918447,139.90802418333334,16.104,0.10803333333333333,True,20,1,35.9184062,139.9079523,7.9047147694117434,,25.98,1012.9551171875,67.7275390625,115.5625,8.125,70.875,1.5,-8.68,2.85,8.125,-5.0625,-2.4375,63,,turn_right,30.0,-30.0,
2026-08-03T18:43:49.514,829.553,guiding_to_goal,35.91844688333333,139.9080241,16.102,0.041155555555555556,True,20,1,35.9184062,139.9079523,7.891126555264542,,25.97,1013.0466015625,67.6474609375,117.625,7.5,70.125,1.14,-9.26,3.21,14.3125,-4.9375,4.875,63,,turn_right,30.0,-30.0,
2026-08-03T18:43:50.014,830.053,guiding_to_goal,35.91844688333333,139.9080241,16.102,0.041155555555555556,True,20,1,35.9184062,139.9079523,7.891126555264542,,25.97,1013.0466015625,67.6474609375,117.25,7.4375,69.375,1.2,-8.63,3.29,10.25,0.0625,-1.3125,63,,turn_right,30.0,-30.0,
2026-08-03T18:43:50.515,830.554,guiding_to_goal,35.91844688333333,139.90802398333332,16.098,0.19548888888888888,True,21,1,35.9184062,139.9079523,7.882520610710972,,25.96,1012.9845703125,67.6123046875,117.25,6.875,70.1875,1.27,-8.85,3.16,-1.375,6.9375,4.0625,127,,turn_right,30.0,-30.0,
2026-08-03T18:43:51.015,831.054,guiding_to_goal,35.91844688333333,139.90802398333332,16.098,0.19548888888888888,True,21,1,35.9184062,139.9079523,7.882520610710972,,25.96,1012.9845703125,67.6123046875,117.25,6.9375,70.625,1.55,-9.58,3.3,0.9375,-2.5625,-3.0625,191,,turn_right,30.0,-30.0,
2026-08-03T18:43:51.516,831.555,guiding_to_goal,35.918447283333336,139.90802438333333,16.073,0.3138111111111111,True,21,1,35.9184062,139.9079523,7.937560338258265,,25.94,1013.0521875,67.5966796875,176.1875,3.875,-7.0,0.4,0.93,9.56,0.75,-3.6875,-151.5625,63,,turn_right,30.0,-30.0,
2026-08-03T18:43:52.016,832.055,guiding_to_goal,35.918447283333336,139.90802438333333,16.073,0.3138111111111111,True,21,1,35.9184062,139.9079523,7.937560338258265,,25.94,1013.0521875,67.5966796875,182.0,3.25,-7.75,0.66,0.87,9.51,8.375,-2.3125,-34.0625,63,,turn_right,30.0,-30.0,
2026-08-03T18:43:52.517,832.556,guiding_to_goal,35.918444683333334,139.90801988333334,15.77,0.1028888888888889,True,21,1,35.9184062,139.9079523,7.4397806294012145,,25.96,1013.11140625,67.396484375,204.9375,1.8125,-14.75,1.68,1.92,10.01,-20.125,-11.75,-52.3125,63,,turn_right,30.0,-30.0,
2026-08-03T18:43:53.017,833.056,guiding_to_goal,35.918444683333334,139.90801988333334,15.77,0.1028888888888889,True,21,1,35.9184062,139.9079523,7.4397806294012145,,25.96,1013.11140625,67.396484375,211.9375,1.4375,-24.6875,1.73,6.1,8.08,-2.8125,-11.9375,-19.375,63,,forward,91.51875,100.0,
2026-08-03T18:43:53.518,833.556,guiding_to_goal,35.91844258333333,139.908015,15.65,0.13375555555555557,True,21,1,35.9184062,139.9079523,6.946017374660135,,25.96,1013.0115625,67.578125,208.3125,1.75,-32.4375,0.7,7.6,9.0,111.125,-13.0,-9.125,63,,forward,94.24375,100.0,
2026-08-03T18:43:54.018,834.057,guiding_to_goal,35.91844258333333,139.908015,15.65,0.13375555555555557,True,21,1,35.9184062,139.9079523,6.946017374660135,,25.96,1013.0115625,67.578125,208.75,3.1875,-39.4375,2.21,6.16,7.5,41.125,10.75,20.75,63,,forward,64.01078125,64.28703125,
2026-08-03T18:43:54.518,834.557,guiding_to_goal,35.9184397,139.90801228333333,15.661,0.14918888888888887,True,21,1,35.9184062,139.9079523,6.5614820887362715,,25.98,1012.9820703125,67.5908203125,213.3125,1.625,-19.0,2.81,2.17,9.42,-7.125,0.5625,0.75,63,,stopped,0.0,0.0,
2026-08-03T18:43:55.019,835.058,guiding_to_goal,35.9184397,139.90801228333333,15.661,0.14918888888888887,True,21,1,35.9184062,139.9079523,6.5614820887362715,,25.98,1012.9820703125,67.5908203125,213.4375,1.5625,-19.0625,1.19,2.66,9.37,1.0,0.0,0.8125,63,,stopped,0.0,0.0,
2026-08-03T18:43:55.521,835.560,guiding_to_goal,35.91843888333333,139.90801188333333,15.599,0.13375555555555557,True,21,1,35.9184062,139.9079523,6.480503063552096,,25.97,1012.99265625,67.5908203125,212.5625,6.375,-15.75,1.32,2.49,9.38,0.0625,-0.0625,0.125,63,,stopped,0.0,0.0,
2026-08-03T18:43:56.025,836.064,guiding_to_goal,35.91843888333333,139.90801188333333,15.599,0.13375555555555557,True,21,1,35.9184062,139.9079523,6.480503063552096,,25.97,1012.99265625,67.5908203125,212.5,6.5,-15.6875,1.32,2.48,9.37,-0.1875,-0.0625,0.0625,63,,stopped,0.0,0.0,
2026-08-03T18:43:56.535,836.574,guiding_to_goal,35.91843888333333,139.90801178333334,15.592,0.08745555555555556,True,21,1,35.9184062,139.9079523,6.473049161364119,,25.98,1012.9631640625,67.5244140625,212.4375,7.0625,-15.3125,1.31,2.49,9.36,0.0625,0.0625,0.0,63,,stopped,0.0,0.0,
2026-08-03T18:43:57.036,837.075,guiding_to_goal,35.91843888333333,139.90801178333334,15.592,0.08745555555555556,True,21,1,35.9184062,139.9079523,6.473049161364119,,25.98,1012.9631640625,67.5244140625,212.4375,7.0625,-15.3125,1.31,2.47,9.4,0.0,0.0625,-0.0625,63,,stopped,0.0,0.0,
2026-08-03T18:43:57.537,837.576,guiding_to_goal,35.91843898333333,139.9080117,15.587,0.1389,True,21,1,35.9184062,139.9079523,6.47309603142454,,26.0,1013.0143359375,67.4482421875,212.4375,7.125,-15.25,1.32,2.51,9.35,8.0,0.125,-0.0625,63,,stopped,0.0,0.0,
2026-08-03T18:43:58.038,838.077,guiding_to_goal,35.91843898333333,139.9080117,15.587,0.1389,True,21,1,35.9184062,139.9079523,6.47309603142454,,26.0,1013.0143359375,67.4482421875,212.4375,7.125,-15.25,1.31,2.49,9.37,-0.0625,-0.0625,0.0625,63,,stopped,0.0,0.0,
2026-08-03T18:43:58.538,838.577,guiding_to_goal,35.91843888333333,139.90801148333333,15.586,0.2520777777777778,True,21,1,35.9184062,139.9079523,6.450711200949798,,26.0,1013.0143359375,67.482421875,220.4375,7.125,-15.25,1.31,2.5,9.35,0.125,0.125,-0.0625,63,,stopped,0.0,0.0,
2026-08-03T18:43:59.041,839.080,guiding_to_goal,35.91843888333333,139.90801148333333,15.586,0.2520777777777778,True,21,1,35.9184062,139.9079523,6.450711200949798,,26.0,1013.0143359375,67.482421875,212.4375,7.125,-15.25,1.3,2.49,9.37,0.0625,0.1875,0.0,63,,stopped,0.0,0.0,
2026-08-03T18:43:59.542,839.581,guiding_to_goal,35.918437483333335,139.90801138333333,15.602,0.19548888888888888,True,20,1,35.9184062,139.9079523,6.356768393307884,,26.0,1012.9603515625,67.4482421875,212.4375,7.125,-15.25,1.31,2.5,9.36,0.0,0.125,0.0625,63,,stopped,0.0,0.0,
2026-08-03T18:44:00.042,840.081,guiding_to_goal,35.918437483333335,139.90801138333333,15.602,0.19548888888888888,True,20,1,35.9184062,139.9079523,6.356768393307884,,26.0,1012.9603515625,67.4482421875,212.4375,7.125,-15.25,1.33,2.48,9.39,-0.0625,-0.0625,0.1875,63,,stopped,0.0,0.0,
2026-08-03T18:44:00.543,840.582,guiding_to_goal,35.918436983333336,139.90801128333334,15.601,0.14918888888888887,True,20,1,35.9184062,139.9079523,6.318944151820963,,26.01,1012.9684375,67.5048828125,212.4375,7.125,-15.25,1.32,2.49,9.37,0.0,0.125,0.0,63,,stopped,0.0,0.0,
2026-08-03T18:44:01.043,841.082,guiding_to_goal,35.918436983333336,139.90801128333334,15.601,0.14918888888888887,True,20,1,35.9184062,139.9079523,6.318944151820963,,26.01,1012.9684375,67.5048828125,212.4375,7.125,-15.25,1.32,2.5,9.38,0.0625,0.0625,-0.0625,63,,stopped,0.0,0.0,
2026-08-03T18:44:01.544,841.583,guiding_to_goal,35.918436783333334,139.9080112,15.603,0.07716666666666668,True,20,1,35.9184062,139.9079523,6.30060643987483,,26.03,1012.94703125,67.609375,212.4375,7.125,-15.25,1.32,2.47,9.38,0.0,0.0625,0.0625,63,,stopped,0.0,0.0,
2026-08-03T18:44:02.044,842.083,guiding_to_goal,35.918436783333334,139.9080112,15.603,0.07716666666666668,True,20,1,35.9184062,139.9079523,6.30060643987483,,26.03,1012.94703125,67.609375,212.4375,7.125,-15.25,1.31,2.48,9.37,0.125,0.125,-0.125,63,,stopped,0.0,0.0,
2026-08-03T18:44:02.545,842.584,guiding_to_goal,35.9184367,139.9080112,15.601,0.12861111111111112,True,20,1,35.9184062,139.9079523,6.295609879816715,,26.03,1013.036015625,67.599609375,212.4375,7.125,-15.25,1.32,2.46,9.37,0.0,0.1875,0.0,63,,stopped,0.0,0.0,
2026-08-03T18:44:03.055,843.094,guiding_to_goal,35.9184367,139.9080112,15.601,0.12861111111111112,True,20,1,35.9184062,139.9079523,6.295609879816715,,26.03,1013.036015625,67.599609375,212.4375,7.125,-15.25,1.31,2.48,9.37,-0.0625,0.0,-0.0625,63,,stopped,0.0,0.0,
2026-08-03T18:44:03.560,843.599,guiding_to_goal,35.9184355,139.90801098333333,15.606,0.06173333333333333,True,19,1,35.9184062,139.9079523,6.208127409919345,,26.03,1013.0009765625,67.4619140625,212.4375,7.125,-15.25,1.32,2.5,9.39,0.0,-0.0625,0.0625,63,,stopped,0.0,0.0,
2026-08-03T18:44:04.060,844.099,guiding_to_goal,35.9184355,139.90801098333333,15.606,0.06173333333333333,True,19,1,35.9184062,139.9079523,6.208127409919345,,26.03,1013.0009765625,67.4619140625,212.4375,7.125,-15.25,1.32,2.5,9.39,0.0,0.0625,0.125,63,,stopped,0.0,0.0,
2026-08-03T18:44:04.563,844.602,guiding_to_goal,35.918435583333334,139.9080103,15.608,0.05658888888888889,True,20,1,35.9184062,139.9079523,6.160740903027591,,26.04,1013.02515625,67.5439453125,212.4375,7.125,-15.25,1.31,2.5,9.38,0.0,-0.0625,0.0,63,,stopped,0.0,0.0,
2026-08-03T18:44:05.067,845.106,guiding_to_goal,35.918435583333334,139.9080103,15.608,0.05658888888888889,True,20,1,35.9184062,139.9079523,6.160740903027591,,26.04,1013.02515625,67.5439453125,212.4375,7.125,-15.25,1.32,2.5,9.39,0.0625,0.0625,-0.1875,63,,stopped,0.0,0.0,
2026-08-03T18:44:05.567,845.606,guiding_to_goal,35.91843538333333,139.90800968333335,15.591,0.05144444444444445,True,20,1,35.9184062,139.9079523,6.101876845272899,,26.05,1013.0145703125,67.625,212.4375,7.125,-15.25,1.31,2.52,9.37,0.0,-0.0625,-0.0625,63,,stopped,0.0,0.0,
2026-08-03T18:44:06.068,846.107,guiding_to_goal,35.91843538333333,139.90800968333335,15.591,0.05144444444444445,True,20,1,35.9184062,139.9079523,6.101876845272899,,26.05,1013.0145703125,67.625,212.4375,7.125,-15.25,1.33,2.51,9.35,-0.0625,0.0625,0.0625,63,,stopped,0.0,0.0,
2026-08-03T18:44:06.570,846.609,guiding_to_goal,35.91843578333334,139.90800938333334,15.576,0.06173333333333333,True,20,1,35.9184062,139.9079523,6.102874068377881,,24.78,1011.4086328125,67.435546875,212.4375,7.125,-15.25,1.31,2.49,9.36,0.0,0.0625,0.0,63,,stopped,0.0,0.0,
2026-08-03T18:44:07.072,847.111,guiding_to_goal,35.91843578333334,139.90800938333334,15.576,0.06173333333333333,True,20,1,35.9184062,139.9079523,6.102874068377881,,24.78,1011.4086328125,67.435546875,212.4375,7.125,-15.25,1.3,2.5,9.37,0.0625,0.0625,-0.125,63,,stopped,0.0,0.0,
2026-08-03T18:44:07.580,847.619,guiding_to_goal,35.918436183333334,139.90800898333333,15.577,0.12861111111111112,True,20,1,35.9184062,139.9079523,6.0967733831581645,,26.06,1013.0496484375,67.3994140625,212.4375,7.125,-15.25,1.31,2.48,9.37,0.0,0.0,-0.0625,63,,stopped,0.0,0.0,
2026-08-03T18:44:08.080,848.119,guiding_to_goal,35.918436183333334,139.90800898333333,15.577,0.12861111111111112,True,20,1,35.9184062,139.9079523,6.0967733831581645,,26.04,1013.02515625,67.578125,212.4375,7.125,-15.25,1.34,2.51,9.37,0.0625,0.0,0.0625,63,,stopped,0.0,0.0,
2026-08-03T18:44:08.583,848.622,guiding_to_goal,35.91843708333333,139.9080098,15.593,0.20063333333333333,True,20,1,35.9184062,139.9079523,6.213223856507143,,26.04,1013.02515625,67.578125,212.4375,7.125,-15.25,1.32,2.5,9.39,0.125,0.0,-0.125,63,,stopped,0.0,0.0,
2026-08-03T18:44:09.086,849.125,guiding_to_goal,35.91843708333333,139.9080098,15.593,0.20063333333333333,True,20,1,35.9184062,139.9079523,6.213223856507143,,26.07,1012.93890625,67.6162109375,212.4375,7.125,-15.25,1.31,2.5,9.37,0.0,-0.0625,0.0,63,,stopped,0.0,0.0,
2026-08-03T18:44:09.587,849.626,guiding_to_goal,35.918437483333335,139.90800758333333,15.585,0.010288888888888889,True,18,1,35.9184062,139.9079523,6.073241677364248,,26.07,1012.93890625,67.6162109375,212.4375,7.125,-15.25,1.32,2.51,9.36,0.0,-0.125,-0.125,63,,stopped,0.0,0.0,
2026-08-03T18:44:10.087,850.126,guiding_to_goal,35.918437483333335,139.90800758333333,15.585,0.010288888888888889,True,18,1,35.9184062,139.9079523,6.073241677364248,,26.08,1012.9199609375,67.482421875,212.4375,7.125,-15.25,1.31,2.51,9.38,0.0,0.0625,-0.1875,63,,stopped,0.0,0.0,
2026-08-03T18:44:10.588,850.626,guiding_to_goal,35.918437383333334,139.90800758333333,15.605,0.1852,True,21,1,35.9184062,139.9079523,6.066879656650278,,26.08,1012.9553125,67.3583984375,212.4375,7.125,-15.25,1.31,2.51,9.35,8.0,-0.0625,0.0,63,,stopped,0.0,0.0,
2026-08-03T18:44:11.092,851.131,guiding_to_goal,35.918437383333334,139.90800758333333,15.605,0.1852,True,21,1,35.9184062,139.9079523,6.066879656650278,,26.08,1012.9553125,67.3583984375,212.4375,7.125,-15.25,1.33,2.5,9.39,0.0,0.0,-0.0625,63,,stopped,0.0,0.0,
2026-08-03T18:44:11.593,851.632,guiding_to_goal,35.918437483333335,139.90800558333333,15.665,0.1389,True,21,1,35.9184062,139.9079523,5.926505633654172,,26.1,1012.9525390625,67.2578125,188.25,8.125,-22.625,5.47,1.81,7.55,68.9375,-3.125,-43.5,63,,forward,60.0,60.0,
2026-08-03T18:44:12.095,852.134,guiding_to_goal,35.918437483333335,139.90800558333333,15.665,0.1389,True,21,1,35.9184062,139.9079523,5.926505633654172,,26.1,1012.9525390625,67.2578125,189.6875,9.3125,-22.4375,4.3,6.64,7.58,-85.25,-23.4375,10.125,127,,forward,65.275,54.725,
2026-08-03T18:44:12.596,852.635,guiding_to_goal,35.918437383333334,139.908004,15.702,0.3446777777777778,True,20,1,35.9184062,139.9079523,5.805021892272305,,26.1,1012.9794921875,67.28125,194.625,4.9375,-17.375,0.55,2.44,9.33,0.125,-0.8125,7.75,127,,reverse,-25.0,-25.0,
2026-08-03T18:44:13.096,853.135,guiding_to_goal,35.918437383333334,139.908004,15.702,0.3446777777777778,True,20,1,35.9184062,139.9079523,5.805021892272305,,26.1,1012.9794921875,67.28125,193.6875,6.1875,-11.125,1.49,1.86,10.49,-38.5625,2.0,3.75,63,,reverse,-45.0,-45.0,
2026-08-03T18:44:13.597,853.636,guiding_to_goal,35.9184342,139.9079988,15.67,0.3446777777777778,True,20,1,35.9184062,139.9079523,5.218037590963515,,26.11,1012.9686328125,67.2841796875,194.5625,7.125,-7.6875,1.07,1.41,21.65,-30.8125,20.25,-5.0625,255,,reverse,-60.0,-60.0,
2026-08-03T18:44:14.097,854.136,guiding_to_goal,35.9184342,139.9079988,15.67,0.3446777777777778,True,20,1,35.9184062,139.9079523,5.218037590963515,,26.11,1012.9686328125,67.2841796875,195.1875,7.25,-11.0,0.83,2.27,13.81,50.0625,19.1875,-10.9375,255,,reverse,-60.0,-60.0,
2026-08-03T18:44:14.597,854.636,guiding_to_goal,35.91843288333333,139.90799788333334,15.701,0.1028888888888889,True,20,1,35.9184062,139.9079523,5.064897560252894,,26.11,1013.0306640625,67.2607421875,237.5,3.1875,-20.1875,0.8,3.8,9.79,1.0,-12.75,-60.4375,63,,turn_right,30.0,-30.0,
2026-08-03T18:44:15.098,855.137,guiding_to_goal,35.91843288333333,139.90799788333334,15.701,0.1028888888888889,True,20,1,35.9184062,139.9079523,5.064897560252894,,26.11,1013.0306640625,67.2607421875,242.75,2.6875,-20.1875,0.43,2.78,8.99,1.3125,-7.5,-24.125,63,,turn_right,30.0,-30.0,
2026-08-03T18:44:15.598,855.637,guiding_to_goal,35.9184343,139.9079992,15.405,0.06687777777777779,True,20,1,35.9184062,139.9079523,5.25359332862438,,26.1,1013.01453125,67.19140625,277.9375,-1.6875,-19.75,0.38,2.5,9.2,-4.4375,-8.4375,-36.875,63,,turn_right,30.0,-30.0,
2026-08-03T18:44:16.099,856.138,guiding_to_goal,35.9184343,139.9079992,15.405,0.06687777777777779,True,20,1,35.9184062,139.9079523,5.25359332862438,,26.1,1013.01453125,67.19140625,285.25,-2.3125,-20.375,0.81,9.85,6.19,270.3125,-7.8125,-29.375,63,,forward,96.49375,100.0,
2026-08-03T18:44:16.599,856.638,guiding_to_goal,35.91843658333333,139.90800328333333,15.121,0.0463,True,20,1,35.9184062,139.9079523,5.700222450938745,,26.09,1012.9984375,67.6767578125,270.625,-1.375,-29.0,4.37,4.77,6.41,29.0,-15.3125,87.4375,63,,forward,100.0,65.53125,
2026-08-03T18:44:17.099,857.138,guiding_to_goal,35.91843658333333,139.90800328333333,15.121,0.0463,True,20,1,35.9184062,139.9079523,5.700222450938745,,26.09,1012.9984375,67.6767578125,269.375,-0.875,-28.625,0.25,5.46,10.17,13.375,53.6875,46.25,63,,forward,85.0,68.9615625,
2026-08-03T18:44:17.600,857.639,guiding_to_goal,35.91843708333333,139.90800328333333,15.005,0.08231111111111111,True,20,1,35.9184062,139.9079523,5.733349451939628,,26.09,1012.990390625,67.26953125,271.3125,1.4375,-18.125,0.5,2.54,9.34,-0.125,-0.25,0.0625,63,,stopped,0.0,0.0,
2026-08-03T18:44:18.100,858.139,guiding_to_goal,35.91843708333333,139.90800328333333,15.005,0.08231111111111111,True,20,1,35.9184062,139.9079523,5.733349451939628,,26.09,1012.990390625,67.26953125,271.25,1.8125,-17.3125,0.49,2.55,9.42,0.0,-0.0625,0.0,63,,stopped,0.0,0.0,
2026-08-03T18:44:18.605,858.644,guiding_to_goal,35.91843708333333,139.9080031,15.005,0.10803333333333333,True,20,1,35.9184062,139.9079523,5.7201376282440455,,26.07,1012.9578125,67.3447265625,271.125,2.375,-16.0625,0.48,2.54,9.38,0.125,-0.0625,0.0625,63,,stopped,0.0,0.0,
2026-08-03T18:44:19.105,859.144,guiding_to_goal,35.91843708333333,139.9080031,15.005,0.10803333333333333,True,20,1,35.9184062,139.9079523,5.7201376282440455,,26.07,1012.9578125,67.3447265625,271.125,2.4375,-16.0,0.48,2.57,9.39,0.1875,0.0625,0.0,63,,stopped,0.0,0.0,
2026-08-03T18:44:19.615,859.654,guiding_to_goal,35.91843718333333,139.90800298333335,15.006,0.09774444444444444,True,20,1,35.9184062,139.9079523,5.718431314398961,,26.07,1012.9658984375,67.537109375,271.125,2.5625,-15.6875,0.48,2.53,9.4,0.0,0.0,0.0,63,,stopped,0.0,0.0,
2026-08-03T18:44:20.154,860.197,guiding_to_goal,35.91843718333333,139.90800298333335,15.006,0.09774444444444444,True,20,1,35.9184062,139.9079523,5.718431314398961,,26.07,1012.9658984375,67.537109375,271.125,2.5625,-15.6875,0.48,2.51,9.37,0.0,0.0625,0.0,63,,stopped,0.0,0.0,
2026-08-03T18:44:20.659,860.698,guiding_to_goal,35.91843718333333,139.90800298333335,14.994,0.1028888888888889,True,20,1,35.9184062,139.9079523,5.718431314398961,,26.06,1013.00375,67.5712890625,271.125,2.5625,-15.6875,0.48,2.51,9.4,0.0,0.0,-0.0625,63,,stopped,0.0,0.0,
2026-08-03T18:44:21.162,861.201,guiding_to_goal,35.91843718333333,139.90800298333335,14.994,0.1028888888888889,True,20,1,35.9184062,139.9079523,5.718431314398961,,26.06,1013.00375,67.5712890625,271.125,2.5625,-15.6875,0.48,2.47,9.42,0.0625,-0.125,-0.0625,63,,stopped,0.0,0.0,
2026-08-03T18:44:21.662,861.701,guiding_to_goal,35.9184373,139.90800298333335,14.985,0.2880888888888889,True,21,1,35.9184062,139.9079523,5.72625637440036,,26.05,1012.960625,67.5,271.125,2.5625,-15.6875,0.51,2.51,9.4,-0.125,0.125,0.0,63,,stopped,0.0,0.0,
2026-08-03T18:44:22.166,862.205,guiding_to_goal,35.9184373,139.90800298333335,14.985,0.2880888888888889,True,21,1,35.9184062,139.9079523,5.72625637440036,,26.05,1012.960625,67.5,271.125,2.5625,-15.6875,0.49,2.52,9.4,0.0,0.1875,0.0,63,,stopped,0.0,0.0,
2026-08-03T18:44:22.667,862.706,guiding_to_goal,35.918439383333336,139.90800418333333,14.943,0.16976666666666668,True,21,1,35.9184062,139.9079523,5.953484290309859,,26.06,1012.9956640625,67.3544921875,271.125,2.5625,-15.6875,0.47,2.51,9.4,0.0625,-0.0625,-0.125,63,,stopped,0.0,0.0,
2026-08-03T18:44:23.167,863.206,guiding_to_goal,35.918439383333336,139.90800418333333,14.943,0.16976666666666668,True,21,1,35.9184062,139.9079523,5.953484290309859,,26.06,1012.9956640625,67.3544921875,271.125,2.5625,-15.6875,0.47,2.52,9.4,0.1875,0.0,-0.0625,63,,stopped,0.0,0.0,
2026-08-03T18:44:23.670,863.709,guiding_to_goal,35.9184398,139.90800418333333,14.945,0.24178888888888886,True,21,1,35.9184062,139.9079523,5.982309689840398,,26.04,1012.9172265625,67.2275390625,271.125,2.5625,-15.6875,0.47,2.53,9.39,0.0,-0.1875,-0.125,63,,stopped,0.0,0.0,
2026-08-03T18:44:24.171,864.210,guiding_to_goal,35.9184398,139.90800418333333,14.945,0.24178888888888886,True,21,1,35.9184062,139.9079523,5.982309689840398,,26.04,1012.9172265625,67.2275390625,271.125,2.5625,-15.6875,0.49,2.52,9.4,-0.125,0.125,-0.125,63,,stopped,0.0,0.0,
2026-08-03T18:44:24.676,864.715,guiding_to_goal,35.91844078333333,139.90800458333334,14.941,0.19548888888888888,True,22,1,35.9184062,139.9079523,6.079054615182536,,26.03,1012.98203125,67.2255859375,271.125,2.5625,-15.6875,0.48,2.53,9.37,-0.0625,-0.0625,0.0,63,,stopped,0.0,0.0,
2026-08-03T18:44:25.177,865.216,guiding_to_goal,35.91844078333333,139.90800458333334,14.941,0.19548888888888888,True,22,1,35.9184062,139.9079523,6.079054615182536,,26.03,1012.98203125,67.2255859375,271.125,2.5625,-15.6875,0.47,2.52,9.43,8.125,0.125,0.0625,63,,stopped,0.0,0.0,
2026-08-03T18:44:25.677,865.716,guiding_to_goal,35.91844128333334,139.90800458333334,14.927,0.07202222222222222,True,22,1,35.9184062,139.9079523,6.114376098227374,,26.03,1013.036015625,67.2490234375,271.125,2.5625,-15.6875,0.47,2.53,9.4,0.0,0.125,0.0,63,,stopped,0.0,0.0,
2026-08-03T18:44:26.177,866.216,guiding_to_goal,35.91844128333334,139.90800458333334,14.927,0.07202222222222222,True,22,1,35.9184062,139.9079523,6.114376098227374,,26.03,1013.036015625,67.2490234375,271.125,2.5625,-15.6875,0.48,2.51,9.43,0.125,-0.0625,0.125,63,,stopped,0.0,0.0,
2026-08-03T18:44:26.678,866.717,guiding_to_goal,35.91844128333334,139.90800458333334,14.927,0.010288888888888889,True,22,1,35.9184062,139.9079523,6.114376098227374,,26.04,1013.0440625,67.4306640625,271.125,2.5625,-15.6875,0.48,2.53,9.38,-0.0625,0.0,0.0,63,,stopped,0.0,0.0,
2026-08-03T18:44:27.178,867.217,guiding_to_goal,35.91844128333334,139.90800458333334,14.927,0.010288888888888889,True,22,1,35.9184062,139.9079523,6.114376098227374,,26.04,1013.0440625,67.4306640625,271.125,2.5625,-15.6875,0.48,2.51,9.38,0.125,0.0,0.0,63,,stopped,0.0,0.0,
2026-08-03T18:44:27.679,867.718,guiding_to_goal,35.9184398,139.90800568333333,14.995,0.5401666666666667,True,22,1,35.9184062,139.9079523,6.088389345782794,,26.03,1013.0819140625,67.5078125,271.125,2.5625,-15.6875,0.49,2.51,9.43,0.125,0.0,-0.0625,63,,stopped,0.0,0.0,
2026-08-03T18:44:28.181,868.220,guiding_to_goal,35.9184398,139.90800568333333,14.995,0.5401666666666667,True,22,1,35.9184062,139.9079523,6.088389345782794,,26.03,1013.0819140625,67.5078125,271.125,10.5625,-15.6875,0.47,2.48,9.44,0.0,0.125,-0.0625,63,,stopped,0.0,0.0,
2026-08-03T18:44:28.685,868.724,guiding_to_goal,35.91844018333333,139.9080054,14.826,0.15433333333333335,True,22,1,35.9184062,139.9079523,6.094599820571423,,26.03,1013.0090234375,67.54296875,271.125,2.5625,-15.6875,0.49,2.49,9.42,0.0625,0.0625,0.0,63,,stopped,0.0,0.0,
2026-08-03T18:44:29.188,869.227,guiding_to_goal,35.91844018333333,139.9080054,14.826,0.15433333333333335,True,22,1,35.9184062,139.9079523,6.094599820571423,,26.03,1013.0090234375,67.54296875,271.125,2.5625,-15.6875,0.48,2.51,9.4,8.0,-0.0625,0.0,63,,stopped,0.0,0.0,
2026-08-03T18:44:29.691,869.730,guiding_to_goal,35.9184392,139.90800388333332,14.783,0.14404444444444445,True,22,1,35.9184062,139.9079523,5.919648585467152,,26.03,1013.036015625,67.587890625,271.125,2.5625,-15.6875,0.47,2.52,9.41,-0.125,0.0,-0.125,63,,stopped,0.0,0.0,
2026-08-03T18:44:30.193,870.232,guiding_to_goal,35.9184392,139.90800388333332,14.783,0.14404444444444445,True,22,1,35.9184062,139.9079523,5.919648585467152,,26.03,1013.036015625,67.587890625,271.125,2.5625,-15.6875,1.75,2.49,9.39,0.0625,0.1875,0.0,63,,stopped,0.0,0.0,
2026-08-03T18:44:30.694,870.733,guiding_to_goal,35.91843838333333,139.90800198333332,14.762,0.12346666666666666,True,21,1,35.9184062,139.9079523,5.729203224278402,,26.04,1012.9901171875,67.46484375,271.125,2.5625,-15.6875,0.51,2.52,9.39,0.0625,0.125,-0.125,63,,stopped,0.0,0.0,
2026-08-03T18:44:31.196,871.235,guiding_to_goal,35.91843838333333,139.90800198333332,14.762,0.12346666666666666,True,21,1,35.9184062,139.9079523,5.729203224278402,,26.04,1012.9901171875,67.46484375,271.125,2.5625,-15.6875,0.47,2.51,9.42,0.0,-0.1875,-0.0625,63,,stopped,0.0,0.0,
2026-08-03T18:44:31.705,871.744,guiding_to_goal,35.91843768333333,139.90799998333333,14.717,0.0926,True,21,1,35.9184062,139.9079523,5.540179246147876,,26.03,1013.054921875,67.337890625,271.125,2.5625,-15.6875,0.48,2.5,9.43,0.0,-0.0625,0.125,63,,stopped,0.0,0.0,
2026-08-03T18:44:32.206,872.244,guiding_to_goal,35.91843768333333,139.90799998333333,14.717,0.0926,True,21,1,35.9184062,139.9079523,5.540179246147876,,26.03,1013.054921875,67.337890625,271.125,2.5625,-15.6875,0.49,2.5,9.42,8.0625,0.1875,-0.125,63,,stopped,0.0,0.0,
2026-08-03T18:44:32.708,872.747,guiding_to_goal,35.9184379,139.90800058333335,14.703,0.1028888888888889,True,21,1,35.9184062,139.9079523,5.597301358804404,,26.02,1012.9929296875,67.3603515625,271.125,2.5625,-15.6875,0.49,2.5,9.39,8.0,0.0625,0.0625,63,,stopped,0.0,0.0,
2026-08-03T18:44:33.209,873.248,guiding_to_goal,35.9184379,139.90800058333335,14.703,0.1028888888888889,True,21,1,35.9184062,139.9079523,5.597301358804404,,26.02,1012.9929296875,67.3603515625,271.125,2.5625,-15.6875,0.46,2.51,9.41,-0.0625,-0.0625,-0.0625,63,,stopped,0.0,0.0,
2026-08-03T18:44:33.709,873.748,guiding_to_goal,35.918438,139.90800178333333,14.692,0.16976666666666668,True,21,1,35.9184062,139.9079523,5.68855665477321,,26.04,1013.0170703125,67.2724609375,271.125,2.5625,-15.6875,0.49,2.51,9.42,0.0625,0.0,0.0,63,,stopped,0.0,0.0,
2026-08-03T18:44:34.209,874.248,guiding_to_goal,35.918438,139.90800178333333,14.692,0.16976666666666668,True,21,1,35.9184062,139.9079523,5.68855665477321,,26.04,1013.0170703125,67.2724609375,271.125,2.5625,-15.6875,0.49,2.49,9.41,0.0,0.0,0.0,63,,stopped,0.0,0.0,
2026-08-03T18:44:34.710,874.749,guiding_to_goal,35.9184386,139.9080035,14.674,0.16976666666666668,True,21,1,35.9184062,139.9079523,5.851286696132938,,26.03,1014.1071875,67.3154296875,271.125,2.5625,-15.6875,0.47,2.51,9.42,0.0625,-0.125,0.125,63,,stopped,0.0,0.0,
2026-08-03T18:44:35.215,875.254,guiding_to_goal,35.9184386,139.9080035,14.674,0.16976666666666668,True,21,1,35.9184062,139.9079523,5.851286696132938,,26.03,1014.1071875,67.3154296875,271.125,2.5625,-15.6875,1.73,2.52,9.42,0.0625,-0.0625,0.0625,63,,stopped,0.0,0.0,
2026-08-03T18:44:35.715,875.754,guiding_to_goal,35.918438683333335,139.9080054,14.668,0.1389,True,21,1,35.9184062,139.9079523,5.992614248556254,,26.03,1013.0009765625,67.3603515625,271.125,2.5625,-15.6875,0.46,2.52,9.39,0.0625,0.0625,-0.0625,63,,stopped,0.0,0.0,
2026-08-03T18:44:36.215,876.254,guiding_to_goal,35.918438683333335,139.9080054,14.668,0.1389,True,21,1,35.9184062,139.9079523,5.992614248556254,,26.03,1013.0009765625,67.3603515625,271.125,2.5625,-15.6875,0.47,2.52,9.42,0.125,0.0625,-0.25,63,,stopped,0.0,0.0,
2026-08-03T18:44:36.716,876.755,guiding_to_goal,35.918439883333335,139.90800558333333,14.655,0.10803333333333333,True,21,1,35.9184062,139.9079523,6.086978873712377,,26.0,1013.041328125,67.3466796875,257.25,3.5,-16.4375,2.06,3.08,9.02,-9.125,0.4375,15.9375,63,,turn_left,-30.0,30.0,
2026-08-03T18:44:37.217,877.256,guiding_to_goal,35.918439883333335,139.90800558333333,14.655,0.10803333333333333,True,21,1,35.9184062,139.9079523,6.086978873712377,,26.0,1013.041328125,67.3466796875,256.3125,3.625,-16.3125,0.6,3.09,9.4,0.5625,0.5625,9.9375,63,,turn_left,-30.0,30.0,
2026-08-03T18:44:37.717,877.756,guiding_to_goal,35.918440483333335,139.9080064,14.645,0.03601111111111111,True,21,1,35.9184062,139.9079523,6.186007031811638,,26.05,1013.033515625,67.2158203125,255.0625,4.3125,-20.8125,0.26,0.08,9.46,-5.0,-44.0625,23.3125,63,,forward,60.48125,59.51875,
2026-08-03T18:44:38.218,878.257,guiding_to_goal,35.918440483333335,139.9080064,14.645,0.03601111111111111,True,21,1,35.9184062,139.9079523,6.186007031811638,,26.05,1013.033515625,67.2158203125,254.4375,4.375,-21.5625,1.04,11.08,14.85,27.1875,-53.0625,-11.3125,63,,forward,52.747812499999995,49.2521875,
2026-08-03T18:44:38.718,878.757,guiding_to_goal,35.918440483333335,139.9080069,14.646,0.29837777777777774,True,21,1,35.9184062,139.9079523,6.221528948838923,,26.04,1013.079140625,67.2275390625,249.4375,5.875,-0.4375,2.71,-0.41,11.7,-30.4375,11.0625,23.625,63,,reverse,-60.0,-60.0,
2026-08-03T18:44:39.218,879.257,guiding_to_goal,35.918440483333335,139.9080069,14.646,0.29837777777777774,True,21,1,35.9184062,139.9079523,6.221528948838923,,26.04,1013.079140625,67.2275390625,249.625,3.875,-1.1875,-1.11,1.35,5.86,101.6875,-14.5,-14.9375,63,,reverse,-60.0,-60.0,
2026-08-03T18:44:39.719,879.758,guiding_to_goal,35.918439283333335,139.90800408333334,14.618,0.2469333333333333,True,21,1,35.9184062,139.9079523,5.939526482130394,,26.06,1013.02265625,67.287109375,232.5625,2.5,-13.0,-0.3,1.59,9.59,16.75,-6.875,-12.4375,127,,turn_right,5.0,-5.0,
2026-08-03T18:44:40.224,880.263,guiding_to_goal,35.918439283333335,139.90800408333334,14.618,0.2469333333333333,True,21,1,35.9184062,139.9079523,5.939526482130394,,26.04,1013.1330859375,67.5107421875,233.4375,2.5,-12.8125,0.03,1.24,9.43,2.5625,0.375,-2.375,63,,turn_right,20.0,-20.0,
2026-08-03T18:44:40.725,880.764,guiding_to_goal,35.9184391,139.90800138333333,14.611,0.39097777777777776,True,21,1,35.9184062,139.9079523,5.737588573866792,,26.04,1013.1330859375,67.5107421875,266.75,1.5,-13.5625,0.1,1.31,9.41,2.875,-15.6875,-94.25,63,,turn_right,30.0,-30.0,
2026-08-03T18:44:41.225,881.264,guiding_to_goal,35.9184391,139.90800138333333,14.611,0.39097777777777776,True,21,1,35.9184062,139.9079523,5.737588573866792,,26.04,1013.02515625,67.3974609375,274.6875,0.75,-14.1875,0.51,2.4,9.21,4.3125,-8.875,-42.5625,63,,turn_right,30.0,-30.0,
2026-08-03T18:44:41.725,881.764,guiding_to_goal,35.918436383333336,139.90800698333334,14.391,0.2778,True,21,1,35.9184062,139.9079523,5.959297110818772,,26.04,1013.02515625,67.3974609375,322.875,-0.5625,-12.4375,0.79,1.13,9.31,-0.3125,-0.375,-10.8125,63,,stopped,0.0,0.0,
2026-08-03T18:44:42.226,882.265,guiding_to_goal,35.918436383333336,139.90800698333334,14.391,0.2778,True,21,1,35.9184062,139.9079523,5.959297110818772,,26.05,1012.960625,67.240234375,330.375,-0.6875,-23.125,0.77,10.43,8.65,45.1875,-11.5625,-23.6875,63,,forward,100.0,98.775,
2026-08-03T18:44:42.726,882.765,guiding_to_goal,35.918436983333336,139.90801108333332,14.212,0.2726555555555556,True,21,1,35.9184062,139.9079523,6.30381269968835,,26.05,1012.960625,67.240234375,354.375,21.9375,-35.1875,4.43,4.02,7.89,2.4375,-7.4375,2.0625,63,,forward,63.4375,100.0,
2026-08-03T18:44:43.226,883.265,guiding_to_goal,35.918436983333336,139.90801108333332,14.212,0.2726555555555556,True,21,1,35.9184062,139.9079523,6.30381269968835,,26.05,1013.0416015625,67.1611328125,354.5,21.875,-34.5,4.07,2.41,6.91,-47.0,17.0,-5.5625,63,,forward,49.6675,80.0,
2026-08-03T18:44:43.727,883.766,guiding_to_goal,35.91843768333333,139.9080141,14.148,0.22635555555555556,True,21,1,35.9184062,139.9079523,6.574709395832414,,26.05,1013.0874609375,67.2158203125,45.875,-6.0,93.625,-1.08,-6.82,-1.38,59.0625,108.625,60.9375,63,,stopped,0.0,0.0,
2026-08-03T18:44:44.522,884.561,guiding_to_goal,35.91843768333333,139.9080141,14.148,0.22635555555555556,True,21,1,35.9184062,139.9079523,6.574709395832414,,26.05,1013.0874609375,67.2158203125,47.8125,-7.5,92.125,-0.74,-7.67,-1.39,68.625,115.5,51.4375,63,,stopped,0.0,0.0,
2026-08-03T18:44:45.023,885.062,guiding_to_goal,,,,,False,,,35.9184062,139.9079523,,,26.05,1013.0874609375,67.2158203125,104.8125,-9.3125,108.25,0.05,-9.95,-0.5,-7.25,80.875,-11.875,127,,stopped,0.0,0.0,
2026-08-03T18:44:45.525,885.564,guiding_to_goal,,,,,False,,,35.9184062,139.9079523,,,26.02,1012.90390625,67.212890625,143.3125,-9.5,92.8125,1.23,-10.25,0.71,42.5,0.125,-1.5,255,,stopped,0.0,0.0,
2026-08-03T18:44:46.025,886.064,guiding_to_goal,35.91843828333333,139.9080146,14.146,0.7150777777777777,True,21,1,35.9184062,139.9079523,6.648425317352523,,26.02,1012.885,67.15625,220.3125,-9.375,62.0,-2.15,-8.91,2.93,40.5625,34.75,-25.375,191,,stopped,0.0,0.0,
2026-08-03T18:44:46.809,886.849,guiding_to_goal,35.91843828333333,139.9080146,14.146,0.7150777777777777,True,21,1,35.9184062,139.9079523,6.648425317352523,,26.02,1012.885,67.15625,222.5,-9.25,61.5,-2.56,-10.5,2.59,-3.0,36.6875,-18.625,191,,stopped,0.0,0.0,
2026-08-03T18:44:47.311,887.350,guiding_to_goal,35.918436383333336,139.90800698333334,14.11,1.4301555555555554,True,21,1,35.9184062,139.9079523,5.959297110818772,,26.02,1012.849921875,67.123046875,221.625,-4.8125,93.0,0.04,-9.94,0.66,6.125,95.0,44.6875,191,,stopped,0.0,0.0,
2026-08-03T18:44:47.811,887.850,guiding_to_goal,35.918436383333336,139.90800698333334,14.11,1.4301555555555554,True,21,1,35.9184062,139.9079523,5.959297110818772,,26.02,1012.849921875,67.123046875,224.0,-7.0,88.25,-0.1,-10.37,0.36,151.6875,21.875,40.0625,127,,stopped,0.0,0.0,
2026-08-03T18:44:48.311,888.350,guiding_to_goal,35.918426483333334,139.90799478333332,14.117,1.399288888888889,True,21,1,35.9184062,139.9079523,4.441030626825236,,26.02,1012.876953125,67.111328125,237.375,3.75,-12.125,0.98,2.15,9.49,1.3125,-0.0625,0.5,255,,stopped,0.0,0.0,
2026-08-03T18:44:48.814,888.853,guiding_to_goal,35.918426483333334,139.90799478333332,14.117,1.399288888888889,True,21,1,35.9184062,139.9079523,4.441030626825236,,26.02,1012.876953125,67.111328125,237.3125,4.0,-12.125,0.96,2.08,9.52,0.6875,0.0,0.0,255,,stopped,0.0,0.0,
2026-08-03T18:44:49.318,889.357,guiding_to_goal,35.91842308333333,139.90799138333333,14.101,0.7459444444444445,True,21,1,35.9184062,139.9079523,3.988909151883831,,26.03,1012.973984375,67.16796875,237.1875,4.9375,-12.0625,1.0,2.05,9.55,0.0625,0.3125,-0.125,255,,stopped,0.0,0.0,
2026-08-03T18:44:49.818,889.857,guiding_to_goal,35.91842308333333,139.90799138333333,14.101,0.7459444444444445,True,21,1,35.9184062,139.9079523,3.988909151883831,,26.03,1012.973984375,67.16796875,237.1875,5.0,-12.0625,0.99,2.06,9.5,0.125,0.125,0.0,255,,stopped,0.0,0.0,
2026-08-03T18:44:50.318,890.357,guiding_to_goal,35.91843288333333,139.90799978333334,14.007,0.07202222222222222,True,21,1,35.9184062,139.9079523,5.204529248690301,,26.04,1013.0710546875,67.2158203125,237.4375,5.1875,-12.0625,0.99,2.04,9.49,0.0625,-0.125,0.1875,255,,stopped,0.0,0.0,
2026-08-03T18:44:50.819,890.858,guiding_to_goal,35.91843288333333,139.90799978333334,14.007,0.07202222222222222,True,21,1,35.9184062,139.9079523,5.204529248690301,,26.04,1013.0710546875,67.2158203125,237.4375,5.1875,-12.0625,2.27,2.03,9.5,0.0,0.0,0.0625,255,,stopped,0.0,0.0,
2026-08-03T18:44:51.319,891.358,guiding_to_goal,35.91843278333333,139.90800008333332,13.969,0.07202222222222222,True,21,1,35.9184062,139.9079523,5.220443222352002,,26.05,1012.960625,67.28515625,237.4375,5.1875,-12.0625,1.0,2.05,9.52,-0.0625,-0.0625,0.0,255,,stopped,0.0,0.0,
2026-08-03T18:44:51.820,891.859,guiding_to_goal,35.91843278333333,139.90800008333332,13.969,0.07202222222222222,True,21,1,35.9184062,139.9079523,5.220443222352002,,26.05,1012.960625,67.28515625,237.4375,5.1875,-12.0625,1.0,2.02,9.51,-0.0625,0.125,0.0,255,,stopped,0.0,0.0,
2026-08-03T18:44:52.320,892.359,guiding_to_goal,35.9184307,139.90800218333334,13.976,0.1028888888888889,True,21,1,35.9184062,139.9079523,5.253607059901048,,26.07,1013.011796875,67.27734375,237.4375,5.1875,-12.0625,0.98,2.04,9.52,0.0625,0.0,-0.0625,255,,stopped,0.0,0.0,
2026-08-03T18:44:52.821,892.860,guiding_to_goal,35.9184307,139.90800218333334,13.976,0.1028888888888889,True,21,1,35.9184062,139.9079523,5.253607059901048,,26.07,1013.011796875,67.27734375,237.4375,5.1875,-12.0625,0.99,2.03,9.55,-0.0625,0.125,0.0,255,,stopped,0.0,0.0,
2026-08-03T18:44:53.321,893.360,guiding_to_goal,35.918432683333336,139.9080031,14.062,0.09774444444444444,True,21,1,35.9184062,139.9079523,5.4405016791240755,,26.06,1012.94171875,67.173828125,237.4375,5.1875,-12.0625,1.01,2.04,9.52,-0.0625,0.125,0.0625,255,,stopped,0.0,0.0,
2026-08-03T18:44:53.821,893.860,guiding_to_goal,35.918432683333336,139.9080031,14.062,0.09774444444444444,True,21,1,35.9184062,139.9079523,5.4405016791240755,,26.06,1012.94171875,67.173828125,237.4375,5.1875,-12.0625,1.0,2.02,9.53,0.0,0.0625,-0.0625,255,,stopped,0.0,0.0,
2026-08-03T18:44:54.322,894.361,guiding_to_goal,35.918432683333336,139.9080031,14.065,0.05658888888888889,True,21,1,35.9184062,139.9079523,5.4405016791240755,,26.07,1013.0737890625,67.1865234375,237.4375,5.1875,-12.0625,1.01,2.02,9.52,-0.0625,-0.0625,0.0625,255,,stopped,0.0,0.0,
2026-08-03T18:44:54.823,894.862,guiding_to_goal,35.918432683333336,139.9080031,14.065,0.05658888888888889,True,21,1,35.9184062,139.9079523,5.4405016791240755,,26.07,1013.0737890625,67.1865234375,237.4375,5.1875,-12.0625,1.0,2.03,9.51,-0.0625,-0.1875,0.0625,255,,stopped,0.0,0.0,
2026-08-03T18:44:55.323,895.362,guiding_to_goal,35.918432683333336,139.90800318333334,14.069,0.20063333333333333,True,21,1,35.9184062,139.9079523,5.44681314415533,,26.07,1012.930859375,67.25390625,237.4375,5.1875,-12.0625,1.0,2.03,9.52,0.0,0.0,-0.0625,255,,stopped,0.0,0.0,
2026-08-03T18:44:55.823,895.862,guiding_to_goal,35.918432683333336,139.90800318333334,14.069,0.20063333333333333,True,21,1,35.9184062,139.9079523,5.44681314415533,,26.08,1012.98234375,67.279296875,237.4375,5.1875,-12.0625,1.01,2.03,9.51,0.0,-0.1875,0.0,255,,stopped,0.0,0.0,
2026-08-03T18:44:56.324,896.363,guiding_to_goal,35.918432083333336,139.90800338333332,14.075,0.12346666666666666,True,21,1,35.9184062,139.9079523,5.42629359754873,,26.08,1012.98234375,67.279296875,237.4375,5.1875,-12.0625,0.99,2.02,9.55,0.0625,0.0625,-0.0625,255,,stopped,0.0,0.0,
2026-08-03T18:44:56.833,896.872,guiding_to_goal,35.918432083333336,139.90800338333332,14.075,0.12346666666666666,True,21,1,35.9184062,139.9079523,5.42629359754873,,26.09,1012.9984375,67.326171875,237.4375,5.1875,-12.0625,2.27,2.05,9.53,-0.0625,0.0625,-0.125,255,,stopped,0.0,0.0,
2026-08-03T18:44:57.325,897.364,guiding_to_goal,35.9184319,139.90800338333332,14.078,0.08745555555555556,True,21,1,35.9184062,139.9079523,5.415508623045013,,26.09,1012.9984375,67.326171875,237.4375,5.1875,-12.0625,1.01,2.03,9.5,0.0625,0.0625,0.0,255,,forward,60.0,60.0,
2026-08-03T18:44:57.825,897.864,guiding_to_goal,35.9184319,139.90800338333332,14.078,0.08745555555555556,True,21,1,35.9184062,139.9079523,5.415508623045013,,26.1,1012.9605859375,67.3837890625,237.25,5.25,-18.1875,1.61,-0.63,8.58,-24.6875,11.4375,-4.0,255,,forward,60.4125,59.5875,
2026-08-03T18:44:58.327,898.366,guiding_to_goal,35.9184319,139.90800338333332,14.077,0.14918888888888887,True,21,1,35.9184062,139.9079523,5.415508623045013,,26.1,1012.9605859375,67.3837890625,239.3125,5.1875,-15.0,1.32,1.64,4.26,-33.8125,-3.6875,9.0625,191,,forward,52.7071875,61.2928125,
2026-08-03T18:44:58.828,898.867,guiding_to_goal,35.9184319,139.90800338333332,14.077,0.14918888888888887,True,21,1,35.9184062,139.9079523,5.415508623045013,,26.1,1012.9525390625,67.2470703125,237.5,6.5,-14.0,1.6,0.85,13.25,-13.4375,31.8125,31.125,191,,forward,38.836875,45.163124999999994,
2026-08-03T18:44:59.328,899.367,guiding_to_goal,35.918431483333336,139.9080036,14.084,0.4527111111111111,True,21,1,35.9184062,139.9079523,5.407861562156462,,26.1,1012.9525390625,67.2470703125,233.4375,4.625,-4.375,-1.19,-0.58,8.38,65.8125,-41.875,-15.4375,63,,reverse,-60.0,-60.0,
2026-08-03T18:44:59.828,899.867,guiding_to_goal,35.918431483333336,139.9080036,14.084,0.4527111111111111,True,21,1,35.9184062,139.9079523,5.407861562156462,,26.07,1012.911953125,67.2197265625,233.6875,3.9375,-10.3125,-2.46,2.52,10.63,-26.8125,-89.8125,1.5625,63,,reverse,-60.0,-60.0,
2026-08-03T18:45:00.329,900.368,guiding_to_goal,35.9184269,139.90799898333333,14.121,0.19548888888888888,True,21,1,35.9184062,139.9079523,4.792788050579169,,26.11,1013.0226171875,67.1474609375,232.625,4.9375,-13.6875,1.26,5.25,15.45,-2.875,31.6875,9.0,63,,turn_right,5.0,-5.0,
2026-08-03T18:45:00.829,900.868,guiding_to_goal,35.9184269,139.90799898333333,14.121,0.19548888888888888,True,21,1,35.9184062,139.9079523,4.792788050579169,,26.11,1013.0226171875,67.1474609375,234.0625,3.9375,-15.5625,0.18,5.62,10.31,-49.375,5.625,-0.9375,63,,turn_right,25.0,-25.0,
2026-08-03T18:45:01.329,901.368,guiding_to_goal,35.91842798333333,139.9079983,14.22,0.3858333333333333,True,21,1,35.9184062,139.9079523,4.798570323956978,,26.11,1013.0037109375,67.125,284.1875,0.625,-14.375,0.16,2.29,9.69,2.5,-1.125,-4.625,63,,turn_right,30.0,-30.0,
2026-08-03T18:45:01.830,901.869,guiding_to_goal,35.91842798333333,139.9079983,14.22,0.3858333333333333,True,21,1,35.9184062,139.9079523,4.798570323956978,,26.11,1013.0037109375,67.125,284.4375,0.8125,-13.875,0.52,1.84,9.5,-0.875,-0.8125,-12.5625,127,,turn_right,30.0,-30.0,
2026-08-03T18:45:02.330,902.369,guiding_to_goal,35.91842848333334,139.9079992,14.294,0.2726555555555556,True,21,1,35.9184062,139.9079523,4.896603027109412,,26.11,1012.9766796875,67.01171875,327.75,-1.1875,-12.4375,-0.47,1.13,9.79,-2.125,-7.6875,-43.375,63,,stopped,0.0,0.0,
2026-08-03T18:45:02.831,902.870,guiding_to_goal,35.91842848333334,139.9079992,14.294,0.2726555555555556,True,21,1,35.9184062,139.9079523,4.896603027109412,,26.11,1012.9766796875,67.01171875,330.5625,-1.5,-24.0,1.08,3.72,5.29,-25.375,13.375,-25.8125,63,,forward,98.38125,100.0,
2026-08-03T18:45:03.331,903.370,guiding_to_goal,35.9184257,139.9079954,14.318,0.07716666666666668,True,21,1,35.9184062,139.9079523,4.445831223804093,,26.12,1012.9661328125,67.0244140625,327.0,0.5,-17.4375,-0.74,3.47,10.69,-53.25,37.625,-2.125,191,,forward,97.39375,100.0,
2026-08-03T18:45:03.831,903.870,guiding_to_goal,35.9184257,139.9079954,14.318,0.07716666666666668,True,21,1,35.9184062,139.9079523,4.445831223804093,,26.12,1012.9661328125,67.0244140625,326.375,-2.1875,-16.8125,-0.85,1.58,14.29,-28.5,10.875,8.875,191,,forward,65.0,63.00125,
2026-08-03T18:45:04.332,904.371,guiding_to_goal,35.918427,139.90798878333334,14.348,0.5195888888888889,True,21,1,35.9184062,139.9079523,4.017838258303796,,26.11,1012.9686328125,67.1142578125,320.5,-1.0625,-12.875,0.1,0.81,9.85,-11.3125,-0.875,-2.875,127,,stopped,0.0,0.0,
2026-08-03T18:45:04.832,904.871,guiding_to_goal,35.918427,139.90798878333334,14.348,0.5195888888888889,True,21,1,35.9184062,139.9079523,4.017838258303796,,26.11,1012.9686328125,67.1142578125,320.5625,-1.0625,-13.0,0.08,1.57,9.63,-1.3125,-0.0625,-0.75,191,,stopped,0.0,0.0,
2026-08-03T18:45:05.333,905.372,guiding_to_goal,35.91842728333334,139.90798218333333,14.335,0.42698888888888886,True,21,1,35.9184062,139.9079523,3.5689946247788527,,26.12,1012.993125,66.9111328125,328.3125,0.875,-10.3125,0.27,1.55,9.62,-0.0625,0.0625,0.0,255,,stopped,0.0,0.0,
2026-08-03T18:45:05.842,905.881,guiding_to_goal,35.91842728333334,139.90798218333333,14.335,0.42698888888888886,True,21,1,35.9184062,139.9079523,3.5689946247788527,,26.12,1012.993125,66.9111328125,320.3125,0.9375,-10.25,0.28,1.55,9.61,-0.0625,-0.0625,0.0,255,,stopped,0.0,0.0,
2026-08-03T18:45:06.343,906.382,guiding_to_goal,35.918427783333335,139.90797728333334,14.298,0.32924444444444445,True,22,1,35.9184062,139.9079523,3.2895806489771116,,23.7,1009.172265625,67.0146484375,320.3125,1.25,-9.8125,0.29,1.55,9.62,0.0625,-0.1875,0.0625,255,,stopped,0.0,0.0,
2026-08-03T18:45:06.844,906.883,guiding_to_goal,35.918427783333335,139.90797728333334,14.298,0.32924444444444445,True,22,1,35.9184062,139.9079523,3.2895806489771116,,23.7,1009.172265625,67.0146484375,320.3125,9.25,-9.75,0.28,1.54,9.62,0.0,0.0625,0.0,255,,stopped,0.0,0.0,
2026-08-03T18:45:07.345,907.384,guiding_to_goal,35.9184282,139.9079729,14.253,0.3035222222222222,True,22,1,35.9184062,139.9079523,3.0701111086248605,,26.11,1013.0037109375,67.4306640625,320.3125,1.3125,-9.75,0.29,1.54,9.61,0.0,0.0625,0.125,255,,stopped,0.0,0.0,
2026-08-03T18:45:07.845,907.884,guiding_to_goal,35.9184282,139.9079729,14.253,0.3035222222222222,True,22,1,35.9184062,139.9079523,3.0701111086248605,,26.11,1013.0037109375,67.4306640625,320.3125,1.3125,-9.75,0.29,1.56,9.6,-0.0625,0.0,0.0625,255,,stopped,0.0,0.0,
2026-08-03T18:45:08.345,908.384,guiding_to_goal,35.918428383333335,139.9079701,14.132,0.19034444444444445,True,23,1,35.9184062,139.9079523,2.9417386797086134,,26.13,1012.9552734375,67.5126953125,320.3125,9.3125,-9.75,0.28,1.53,9.66,-0.0625,0.0,-0.0625,255,,stopped,0.0,0.0,
2026-08-03T18:45:08.846,908.885,guiding_to_goal,35.918428383333335,139.9079701,14.132,0.19034444444444445,True,23,1,35.9184062,139.9079523,2.9417386797086134,,26.13,1012.9552734375,67.5126953125,320.3125,1.3125,-9.75,0.28,1.56,9.64,0.0625,0.125,-0.125,255,,stopped,0.0,0.0,
2026-08-03T18:45:09.346,909.385,guiding_to_goal,35.918428983333335,139.90796868333334,14.091,0.17491111111111113,True,23,1,35.9184062,139.9079523,2.931673972502984,,26.13,1012.9552734375,67.3544921875,320.3125,1.3125,-9.75,0.3,1.55,9.63,0.0,0.0,0.0625,255,,stopped,0.0,0.0,
2026-08-03T18:45:09.847,909.886,guiding_to_goal,35.918428983333335,139.90796868333334,14.091,0.17491111111111113,True,23,1,35.9184062,139.9079523,2.931673972502984,,26.13,1012.9552734375,67.3544921875,320.3125,1.3125,-9.75,0.29,1.53,9.61,0.0,0.0625,0.0,255,,stopped,0.0,0.0,
2026-08-03T18:45:10.347,910.386,guiding_to_goal,35.918428983333335,139.9079672,14.07,0.16462222222222223,True,22,1,35.9184062,139.9079523,2.866777331395985,,26.13,1012.9741796875,66.822265625,320.3125,1.3125,-9.75,0.28,1.54,9.62,0.0,-0.0625,-0.0625,255,,stopped,0.0,0.0,
2026-08-03T18:45:10.848,910.887,guiding_to_goal,35.918428983333335,139.9079672,14.07,0.16462222222222223,True,22,1,35.9184062,139.9079523,2.866777331395985,,26.13,1012.9741796875,66.822265625,320.3125,1.3125,-9.75,1.56,1.52,9.62,0.0625,-0.0625,0.0625,255,,stopped,0.0,0.0,
2026-08-03T18:45:11.348,911.387,guiding_to_goal,35.918428983333335,139.90796688333333,14.071,0.11317777777777778,True,22,1,35.9184062,139.9079523,2.853541807535721,,26.13,1012.9552734375,67.138671875,320.3125,1.3125,-9.75,0.31,1.53,9.6,-0.0625,0.0,-0.0625,255,,stopped,0.0,0.0,
2026-08-03T18:45:11.848,911.887,guiding_to_goal,35.918428983333335,139.90796688333333,14.071,0.11317777777777778,True,22,1,35.9184062,139.9079523,2.853541807535721,,26.13,1012.9552734375,67.138671875,320.3125,1.3125,-9.75,1.57,1.53,9.63,0.0,-0.125,-0.0625,255,,stopped,0.0,0.0,
2026-08-03T18:45:12.353,912.392,guiding_to_goal,35.918429083333336,139.9079667,14.07,0.16976666666666668,True,22,1,35.9184062,139.9079523,2.8558842696214364,,26.14,1013.0253515625,67.15234375,320.3125,1.3125,-9.75,0.29,1.53,9.65,0.0,0.125,-0.0625,255,,stopped,0.0,0.0,
2026-08-03T18:45:12.857,912.896,guiding_to_goal,35.918429083333336,139.9079667,14.07,0.16976666666666668,True,22,1,35.9184062,139.9079523,2.8558842696214364,,26.14,1013.0253515625,67.15234375,320.3125,1.3125,-9.75,0.28,1.55,9.6,0.0625,0.0625,0.0625,255,,stopped,0.0,0.0,
2026-08-03T18:45:13.360,913.399,guiding_to_goal,35.9184288,139.90796648333333,14.07,0.041155555555555556,True,22,1,35.9184062,139.9079523,2.81895646040957,,26.15,1013.0067578125,67.1650390625,320.3125,1.3125,-9.75,0.29,1.55,9.61,0.0,0.1875,0.0,255,,stopped,0.0,0.0,
2026-08-03T18:45:13.864,913.903,guiding_to_goal,35.9184288,139.90796648333333,14.07,0.041155555555555556,True,22,1,35.9184062,139.9079523,2.81895646040957,,26.15,1013.0067578125,67.1650390625,320.3125,1.3125,-9.75,0.29,1.54,9.6,0.125,0.0,0.0,255,,stopped,0.0,0.0,
2026-08-03T18:45:14.364,914.403,guiding_to_goal,35.918428883333334,139.90796638333333,14.068,0.25722222222222224,True,22,1,35.9184062,139.9079523,2.82316336569886,,26.15,1013.0067578125,67.2548828125,320.3125,1.3125,-9.75,0.29,1.55,9.62,0.0625,-0.0625,-0.0625,255,,stopped,0.0,0.0,
2026-08-03T18:45:14.865,914.903,guiding_to_goal,35.918428883333334,139.90796638333333,14.068,0.25722222222222224,True,22,1,35.9184062,139.9079523,2.82316336569886,,26.15,1013.0067578125,67.2548828125,320.3125,1.3125,-9.75,0.3,1.54,9.64,0.0,0.0625,0.0,255,,stopped,0.0,0.0,
2026-08-03T18:45:15.375,915.414,guiding_to_goal,35.91842788333334,139.90796628333334,14.079,0.0463,True,22,1,35.9184062,139.9079523,2.7200970684318295,,26.15,1013.06875,67.3798828125,320.3125,1.3125,-9.75,0.29,1.54,9.61,0.0,0.0,-0.0625,255,,stopped,0.0,0.0,
2026-08-03T18:45:15.885,915.924,guiding_to_goal,35.91842788333334,139.90796628333334,14.079,0.0463,True,22,1,35.9184062,139.9079523,2.7200970684318295,,26.15,1013.06875,67.3798828125,320.3125,1.3125,-9.75,0.29,1.55,9.63,0.0,0.0625,-0.25,255,,stopped,0.0,0.0,
2026-08-03T18:45:16.385,916.424,guiding_to_goal,35.9184282,139.90796608333332,14.084,0.015433333333333332,True,22,1,35.9184062,139.9079523,2.743160715209302,,26.15,1013.041796875,67.4140625,320.3125,1.3125,-9.75,0.3,1.53,9.62,0.0,-0.125,0.0625,255,,stopped,0.0,0.0,
2026-08-03T18:45:16.892,916.931,guiding_to_goal,35.9184282,139.90796608333332,14.084,0.015433333333333332,True,22,1,35.9184062,139.9079523,2.743160715209302,,26.15,1013.041796875,67.4140625,320.3125,1.3125,-9.75,0.29,1.53,9.64,-0.0625,-0.0625,0.0625,255,,stopped,0.0,0.0,
2026-08-03T18:45:17.392,917.431,guiding_to_goal,35.918428283333334,139.90796608333332,14.086,0.14918888888888887,True,22,1,35.9184062,139.9079523,2.7514273351511305,,26.13,1013.0092578125,67.2412109375,319.75,0.625,-11.9375,1.91,0.72,5.23,11.75,-33.9375,-10.375,191,,forward,61.86875,58.13125,
2026-08-03T18:45:17.893,917.932,guiding_to_goal,35.918428283333334,139.90796608333332,14.086,0.14918888888888887,True,22,1,35.9184062,139.9079523,2.7514273351511305,,26.13,1013.0092578125,67.2412109375,321.125,0.3125,-13.0,3.29,3.33,11.86,3.4375,-58.75,-2.4375,127,,forward,59.45625,60.54375,
2026-08-03T18:45:18.393,918.432,guiding_to_goal,35.91842848333334,139.9079657,14.093,0.44756666666666667,True,22,1,35.9184062,139.9079523,2.7560050906611604,,26.15,1013.0067578125,67.2890625,315.5625,-1.6875,-10.9375,-0.65,1.67,12.24,-11.5,20.4375,14.6875,127,,forward,73.65,46.35,
2026-08-03T18:45:18.894,918.933,guiding_to_goal,35.91842848333334,139.9079657,14.093,0.44756666666666667,True,22,1,35.9184062,139.9079523,2.7560050906611604,,26.15,1013.0067578125,67.2890625,316.375,0.1875,-14.8125,-0.1,3.43,14.32,-22.0625,-38.6875,-41.875,63,,forward,24.965000000000003,23.035,
2026-08-03T18:45:19.394,919.439,guiding_to_goal,35.9184337,139.90795728333333,14.187,0.5453111111111112,True,22,1,35.9184062,139.9079523,3.0906137739521182,,26.16,1013.0039453125,67.291015625,322.125,9.875,-11.875,0.39,1.89,9.55,0.0625,0.0625,0.0,63,,stopped,0.0,0.0,
2026-08-03T18:45:19.905,919.944,guiding_to_goal,35.9184337,139.90795728333333,14.187,0.5453111111111112,True,22,1,35.9184062,139.9079523,3.0906137739521182,,26.16,1013.0039453125,67.291015625,322.125,1.9375,-11.875,0.39,1.89,9.57,0.0625,0.0,0.0625,63,,stopped,0.0,0.0,
2026-08-03T18:45:20.407,920.446,guiding_to_goal,35.918436183333334,139.9079499,14.286,0.5144444444444445,True,23,1,35.9184062,139.9079523,3.340992237271124,,26.15,1013.0148046875,67.2099609375,322.125,1.9375,-11.75,0.38,1.91,9.54,-0.0625,0.125,0.0625,63,,stopped,0.0,0.0,
2026-08-03T18:45:20.908,920.947,guiding_to_goal,35.918436183333334,139.9079499,14.286,0.5144444444444445,True,23,1,35.9184062,139.9079523,3.340992237271124,,26.15,1013.0148046875,67.2099609375,322.125,1.9375,-11.75,0.37,1.89,9.55,0.0625,0.0,-0.0625,63,,stopped,0.0,0.0,
2026-08-03T18:45:21.413,921.452,guiding_to_goal,35.918438183333336,139.90794678333333,14.361,0.3858333333333333,True,23,1,35.9184062,139.9079523,3.590914196472489,,26.14,1013.0253515625,67.095703125,322.125,1.9375,-11.75,0.38,1.89,9.56,0.0625,-0.125,0.0625,63,,stopped,0.0,0.0,
2026-08-03T18:45:21.916,921.955,guiding_to_goal,35.918438183333336,139.90794678333333,14.361,0.3858333333333333,True,23,1,35.9184062,139.9079523,3.590914196472489,,26.14,1013.0253515625,67.095703125,322.125,1.9375,-11.75,0.38,1.91,9.57,-0.0625,0.125,-0.0625,63,,stopped,0.0,0.0,
2026-08-03T18:45:22.416,922.455,guiding_to_goal,35.91844068333333,139.90794718333333,14.419,0.34982222222222226,True,23,1,35.9184062,139.9079523,3.8619567239030994,,26.14,1012.963359375,67.1181640625,322.125,1.9375,-11.75,0.38,1.91,9.57,-0.0625,0.0625,-0.0625,63,,stopped,0.0,0.0,
2026-08-03T18:45:22.917,922.956,guiding_to_goal,35.91844068333333,139.90794718333333,14.419,0.34982222222222226,True,23,1,35.9184062,139.9079523,3.8619567239030994,,26.14,1012.963359375,67.1181640625,322.125,9.9375,-11.75,0.39,1.89,9.52,0.0625,-0.0625,-0.125,63,,stopped,0.0,0.0,
2026-08-03T18:45:23.417,923.456,guiding_to_goal,35.918443483333334,139.90794758333334,14.485,0.32924444444444445,True,23,1,35.9184062,139.9079523,4.1674189194354385,,26.13,1012.9472265625,67.275390625,322.125,1.9375,-11.75,0.38,1.9,9.54,0.0,0.0625,0.0,63,,stopped,0.0,0.0,
2026-08-03T18:45:23.918,923.957,guiding_to_goal,35.918443483333334,139.90794758333334,14.485,0.32924444444444445,True,23,1,35.9184062,139.9079523,4.1674189194354385,,26.13,1012.9472265625,67.275390625,322.125,1.9375,-11.75,0.4,1.89,9.55,-0.0625,0.0,0.0,63,,stopped,0.0,0.0,
2026-08-03T18:45:24.418,924.457,guiding_to_goal,35.91844568333333,139.90794548333332,14.597,0.3086666666666667,True,23,1,35.9184062,139.9079523,4.433052517932564,,26.13,1012.982265625,67.263671875,322.125,1.9375,-11.75,0.38,1.9,9.55,0.0625,-0.0625,0.0625,63,,stopped,0.0,0.0,
2026-08-03T18:45:24.918,924.957,guiding_to_goal,35.91844568333333,139.90794548333332,14.597,0.3086666666666667,True,23,1,35.9184062,139.9079523,4.433052517932564,,26.13,1012.982265625,67.263671875,322.125,1.9375,-11.75,0.39,1.88,9.55,0.125,-0.0625,-0.125,63,,stopped,0.0,0.0,
2026-08-03T18:45:25.419,925.458,guiding_to_goal,35.9184482,139.90794378333334,14.659,0.3086666666666667,True,23,1,35.9184062,139.9079523,4.732741414173021,,26.12,1012.985078125,67.3291015625,322.125,1.9375,-11.75,0.37,1.87,9.56,-0.0625,-0.0625,-0.0625,127,,stopped,0.0,0.0,
2026-08-03T18:45:25.919,925.958,guiding_to_goal,35.9184482,139.90794378333334,14.659,0.3086666666666667,True,23,1,35.9184062,139.9079523,4.732741414173021,,26.12,1012.985078125,67.3291015625,322.125,1.9375,-11.75,0.39,1.88,9.58,-0.125,0.0625,0.0625,127,,stopped,0.0,0.0,
2026-08-03T18:45:26.420,926.459,guiding_to_goal,35.91845108333333,139.90794388333333,14.722,0.33953333333333335,True,22,1,35.9184062,139.9079523,5.048023170502234,,26.1,1012.9605859375,67.373046875,322.125,1.9375,-11.75,0.38,1.91,9.58,-0.125,0.0625,-0.125,127,,stopped,0.0,0.0,
2026-08-03T18:45:26.920,926.959,guiding_to_goal,35.91845108333333,139.90794388333333,14.722,0.33953333333333335,True,22,1,35.9184062,139.9079523,5.048023170502234,,26.1,1012.9605859375,67.373046875,330.125,1.9375,-11.75,0.39,1.91,9.56,-0.0625,-0.0625,-0.0625,127,,stopped,0.0,0.0,
2026-08-03T18:45:27.421,927.460,guiding_to_goal,35.91845358333333,139.90794548333332,14.789,0.4321333333333333,True,22,1,35.9184062,139.9079523,5.304424783741633,,25.96,1012.7337109375,67.3056640625,322.125,1.9375,-11.75,0.4,1.88,9.55,0.0,0.0625,0.0,127,,stopped,0.0,0.0,
2026-08-03T18:45:27.921,927.960,guiding_to_goal,35.91845358333333,139.90794548333332,14.789,0.4321333333333333,True,22,1,35.9184062,139.9079523,5.304424783741633,,25.96,1012.7337109375,67.3056640625,322.125,1.9375,-11.75,1.65,1.89,9.56,0.0625,0.125,0.0,127,,stopped,0.0,0.0,
2026-08-03T18:45:28.425,928.464,guiding_to_goal,35.9184556,139.907947,14.835,0.4424222222222222,True,22,1,35.9184062,139.9079523,5.513724821922215,,26.11,1013.0226171875,67.125,322.125,1.9375,-11.75,0.39,1.89,9.55,0.0,-0.0625,-0.0625,127,,stopped,0.0,0.0,
2026-08-03T18:45:28.936,928.975,guiding_to_goal,35.9184556,139.907947,14.835,0.4424222222222222,True,22,1,35.9184062,139.9079523,5.513724821922215,,26.11,1013.0226171875,67.125,330.125,1.9375,-11.75,0.39,1.9,9.58,0.0,0.0,-0.125,127,,stopped,0.0,0.0,
2026-08-03T18:45:29.437,929.476,guiding_to_goal,35.918458,139.90794638333333,14.902,0.4218444444444444,True,22,1,35.9184062,139.9079523,5.784487606839552,,26.09,1012.9714453125,67.111328125,322.125,1.9375,-11.75,0.4,1.89,9.57,-0.0625,-0.0625,0.0,127,,stopped,0.0,0.0,
2026-08-03T18:45:29.937,929.976,guiding_to_goal,35.918458,139.90794638333333,14.902,0.4218444444444444,True,22,1,35.9184062,139.9079523,5.784487606839552,,26.1,1012.9605859375,66.98828125,322.125,1.9375,-11.75,0.39,1.89,9.56,-0.125,0.0,-0.0625,127,,stopped,0.0,0.0,
2026-08-03T18:45:30.438,930.477,guiding_to_goal,35.91845968333333,139.9079442,15.044,0.3035222222222222,True,22,1,35.9184062,139.9079523,5.991640408797296,,26.1,1012.9605859375,66.98828125,322.125,1.9375,-11.75,0.38,1.92,9.54,0.0625,0.125,0.125,127,,stopped,0.0,0.0,
2026-08-03T18:45:30.938,930.977,guiding_to_goal,35.91845968333333,139.9079442,15.044,0.3035222222222222,True,22,1,35.9184062,139.9079523,5.991640408797296,,26.12,1012.9580859375,66.8876953125,322.125,1.9375,-11.75,0.39,1.9,9.57,-0.125,0.0625,0.0,127,,stopped,0.0,0.0,
2026-08-03T18:45:31.439,931.477,guiding_to_goal,35.918461,139.90794528333333,15.162,0.2932333333333333,True,22,1,35.9184062,139.9079523,6.126154729180112,,26.12,1012.9580859375,66.8876953125,322.125,1.9375,-11.75,0.39,1.88,9.55,0.0625,0.0,-0.125,127,,stopped,0.0,0.0,
2026-08-03T18:45:31.939,931.978,guiding_to_goal,35.918461,139.90794528333333,15.162,0.2932333333333333,True,22,1,35.9184062,139.9079523,6.126154729180112,,26.12,1012.9121875,66.8095703125,322.125,1.9375,-11.75,0.41,1.9,9.54,0.0625,-0.0625,0.0625,255,,stopped,0.0,0.0,
2026-08-03T18:45:32.439,932.478,guiding_to_goal,35.91846378333334,139.90794538333333,15.277,0.2778,True,22,1,35.9184062,139.9079523,6.433197724715563,,26.12,1012.9121875,66.8095703125,322.0,2.6875,-12.0625,-1.1,4.39,17.95,71.8125,7.6875,-11.6875,63,,forward,63.1,56.9,
2026-08-03T18:45:32.942,932.981,guiding_to_goal,35.91846378333334,139.90794538333333,15.277,0.2778,True,22,1,35.9184062,139.9079523,6.433197724715563,,26.12,1012.9041015625,66.80859375,322.3125,1.75,-13.75,0.34,1.8,12.4,10.3125,50.0625,-10.4375,63,,forward,61.5,58.5,
2026-08-03T18:45:33.442,933.481,guiding_to_goal,35.9184617,139.9079437,15.275,0.2880888888888889,True,22,1,35.9184062,139.9079523,6.219721333929955,,26.11,1012.8957421875,66.841796875,323.625,3.0625,-13.0,-1.1,2.2,22.92,32.5625,21.0,12.1875,255,,forward,63.425,56.575,
2026-08-03T18:45:33.943,933.982,guiding_to_goal,35.9184617,139.9079437,15.275,0.2880888888888889,True,22,1,35.9184062,139.9079523,6.219721333929955,,26.11,1012.8957421875,66.841796875,322.375,3.0625,-11.75,0.59,-0.84,5.99,-66.0,6.625,9.9375,255,,forward,12.467500000000001,11.5325,
2026-08-03T18:45:34.449,934.488,guiding_to_goal,35.9184586,139.90793688333332,15.41,0.4527111111111111,True,22,1,35.9184062,139.9079523,5.989724064911413,,26.12,1012.80421875,66.73046875,323.1875,2.8125,-10.375,0.53,1.68,9.61,-0.0625,0.0,0.0625,255,,stopped,0.0,0.0,
2026-08-03T18:45:34.950,934.989,guiding_to_goal,35.9184586,139.90793688333332,15.41,0.4527111111111111,True,22,1,35.9184062,139.9079523,5.989724064911413,,26.12,1012.80421875,66.73046875,323.1875,2.8125,-10.375,0.51,1.68,9.59,0.0625,0.125,0.0625,255,,stopped,0.0,0.0,
2026-08-03T18:45:35.450,935.489,guiding_to_goal,35.91846028333333,139.9079336,15.462,0.4321333333333333,True,22,1,35.9184062,139.9079523,6.2451126212859,,26.14,1012.917421875,66.8125,323.1875,2.8125,-10.3125,0.5,1.67,9.59,0.0,0.0,0.0625,255,,stopped,0.0,0.0,
2026-08-03T18:45:35.956,935.995,guiding_to_goal,35.91846028333333,139.9079336,15.462,0.4321333333333333,True,22,1,35.9184062,139.9079523,6.2451126212859,,26.14,1012.917421875,66.8125,323.1875,2.8125,-10.3125,0.52,1.66,9.58,0.0625,0.1875,0.125,255,,stopped,0.0,0.0,
2026-08-03T18:45:36.456,936.495,guiding_to_goal,35.9184628,139.90793108333332,15.487,0.40641111111111117,True,22,1,35.9184062,139.9079523,6.577247282664041,,26.16,1012.995859375,66.7353515625,323.1875,2.8125,-10.3125,0.5,1.68,9.59,-0.0625,-0.1875,-0.1875,255,,stopped,0.0,0.0,
2026-08-03T18:45:36.958,936.997,guiding_to_goal,35.9184628,139.90793108333332,15.487,0.40641111111111117,True,22,1,35.9184062,139.9079523,6.577247282664041,,26.16,1012.995859375,66.7353515625,323.1875,2.8125,-10.3125,0.53,1.68,9.57,0.0625,0.0625,0.0,255,,stopped,0.0,0.0,
2026-08-03T18:45:37.460,937.499,guiding_to_goal,35.918464783333334,139.90792848333334,15.498,0.3858333333333333,True,22,1,35.9184062,139.9079523,6.858152771285846,,26.14,1012.9903125,66.869140625,323.1875,2.8125,-10.3125,0.52,1.68,9.61,0.0,0.0,0.0625,255,,stopped,0.0,0.0,
2026-08-03T18:45:37.963,938.002,guiding_to_goal,35.918464783333334,139.90792848333334,15.498,0.3858333333333333,True,22,1,35.9184062,139.9079523,6.858152771285846,,26.14,1012.9903125,66.869140625,323.1875,2.8125,-10.3125,0.5,1.66,9.62,-0.0625,8.0,0.125,255,,stopped,0.0,0.0,
2026-08-03T18:45:38.465,938.504,guiding_to_goal,35.9184665,139.90792508333334,15.503,0.37554444444444446,True,22,1,35.9184062,139.9079523,7.138954678168483,,26.15,1013.041796875,66.8251953125,323.1875,2.8125,-10.3125,1.79,1.67,9.62,0.0,0.0625,0.0,255,,stopped,0.0,0.0,
2026-08-03T18:45:38.965,939.004,guiding_to_goal,35.9184665,139.90792508333334,15.503,0.37554444444444446,True,22,1,35.9184062,139.9079523,7.138954678168483,,26.15,1013.041796875,66.8251953125,323.1875,2.8125,-10.3125,0.51,1.66,9.6,0.0,-0.125,-0.125,255,,stopped,0.0,0.0,
2026-08-03T18:45:39.469,939.508,guiding_to_goal,35.91846638333333,139.90792178333334,15.56,0.35496666666666665,True,22,1,35.9184062,139.9079523,7.234352506515982,,26.15,1012.9878125,66.8701171875,323.1875,2.8125,-10.3125,0.48,1.66,9.61,-0.0625,0.125,-0.125,255,,stopped,0.0,0.0,
2026-08-03T18:45:39.969,940.008,guiding_to_goal,35.91846638333333,139.90792178333334,15.56,0.35496666666666665,True,22,1,35.9184062,139.9079523,7.234352506515982,,26.15,1012.9878125,66.8701171875,323.1875,2.8125,-10.3125,1.78,1.65,9.62,0.125,0.0625,-0.125,255,,stopped,0.0,0.0,
2026-08-03T18:45:40.469,940.508,guiding_to_goal,35.918467183333334,139.90792128333334,15.588,0.2520777777777778,True,22,1,35.9184062,139.9079523,7.333748396875335,,26.17,1012.993046875,66.953125,323.1875,2.8125,-10.3125,0.49,1.66,9.61,-0.0625,0.0625,0.0,255,,stopped,0.0,0.0,
2026-08-03T18:45:40.970,941.009,guiding_to_goal,35.918467183333334,139.90792128333334,15.588,0.2520777777777778,True,22,1,35.9184062,139.9079523,7.333748396875335,,26.17,1012.993046875,66.953125,323.1875,2.8125,-10.3125,0.52,1.64,9.61,-0.1875,0.0,0.0,255,,stopped,0.0,0.0,
2026-08-03T18:45:41.470,941.509,guiding_to_goal,35.918465983333334,139.90792338333333,15.609,0.14404444444444445,True,22,1,35.9184062,139.9079523,7.139425449108662,,26.18,1013.036484375,67.1025390625,323.1875,2.8125,-10.3125,0.52,1.66,9.62,0.0,0.0625,-0.0625,255,,stopped,0.0,0.0,
2026-08-03T18:45:41.971,942.010,guiding_to_goal,35.918465983333334,139.90792338333333,15.609,0.14404444444444445,True,22,1,35.9184062,139.9079523,7.139425449108662,,26.18,1013.036484375,67.1025390625,323.1875,2.8125,-10.3125,0.52,1.66,9.62,-0.0625,-0.1875,0.125,255,,stopped,0.0,0.0,
2026-08-03T18:45:42.473,942.512,guiding_to_goal,35.91846518333333,139.90792388333332,15.625,0.12861111111111112,True,21,1,35.9184062,139.9079523,7.04018148444852,,26.16,1012.9499609375,66.3388671875,323.1875,2.8125,-10.3125,0.51,1.66,9.63,0.125,-0.0625,-0.0625,255,,stopped,0.0,0.0,
2026-08-03T18:45:43.014,943.061,guiding_to_goal,35.91846518333333,139.90792388333332,15.625,0.12861111111111112,True,21,1,35.9184062,139.9079523,7.04018148444852,,26.16,1012.9499609375,66.3388671875,323.1875,2.8125,-10.3125,0.51,1.65,9.63,0.125,0.1875,0.0625,255,,stopped,0.0,0.0,
2026-08-03T18:45:43.515,943.554,guiding_to_goal,35.91846498333334,139.9079227,15.65,0.1389,True,21,1,35.9184062,139.9079523,7.059012777895483,,26.17,1012.96609375,66.6591796875,323.1875,2.8125,-10.3125,0.51,1.66,9.61,0.125,0.0,-0.125,255,,stopped,0.0,0.0,
2026-08-03T18:45:44.015,944.054,guiding_to_goal,35.91846498333334,139.9079227,15.65,0.1389,True,21,1,35.9184062,139.9079523,7.059012777895483,,26.17,1012.96609375,66.6591796875,331.1875,2.8125,-10.3125,0.51,1.66,9.61,0.0625,0.0625,0.0625,255,,stopped,0.0,0.0,
2026-08-03T18:45:44.517,944.556,guiding_to_goal,35.91846558333334,139.90792128333334,15.652,0.12346666666666666,True,21,1,35.9184062,139.9079523,7.169565128523853,,26.16,1012.92296875,66.6337890625,323.1875,2.8125,-10.3125,0.51,1.64,9.62,0.125,-0.125,-0.0625,255,,stopped,0.0,0.0,
2026-08-03T18:45:45.019,945.058,guiding_to_goal,35.91846558333334,139.90792128333334,15.652,0.12346666666666666,True,21,1,35.9184062,139.9079523,7.169565128523853,,26.16,1012.92296875,66.6337890625,323.1875,2.8125,-10.3125,0.52,1.66,9.59,0.0,-0.0625,0.0,255,,stopped,0.0,0.0,
2026-08-03T18:45:45.526,945.564,guiding_to_goal,35.918466083333335,139.9079202,15.655,0.06687777777777779,True,21,1,35.9184062,139.9079523,7.259095840837428,,26.17,1012.993046875,66.6474609375,323.1875,2.8125,-10.3125,0.5,1.68,9.59,-0.125,-0.0625,0.0625,255,,stopped,0.0,0.0,
2026-08-03T18:45:46.028,946.067,guiding_to_goal,35.918466083333335,139.9079202,15.655,0.06687777777777779,True,21,1,35.9184062,139.9079523,7.259095840837428,,26.17,1012.993046875,66.6474609375,323.1875,2.8125,-10.3125,0.49,1.67,9.61,-0.0625,-0.0625,-0.1875,255,,stopped,0.0,0.0,
2026-08-03T18:45:46.528,946.567,guiding_to_goal,35.91846628333333,139.90791948333333,15.657,0.17491111111111113,True,21,1,35.9184062,139.9079523,7.3053683277794255,,26.17,1012.985,66.6572265625,323.1875,2.8125,-10.3125,0.49,1.64,9.61,0.0,0.125,0.0,255,,stopped,0.0,0.0,
2026-08-03T18:45:47.029,947.068,guiding_to_goal,35.91846628333333,139.90791948333333,15.657,0.17491111111111113,True,21,1,35.9184062,139.9079523,7.3053683277794255,,26.17,1012.985,66.6572265625,323.1875,2.8125,-10.3125,0.51,1.65,9.61,-0.0625,0.0,-0.125,255,,stopped,0.0,0.0,
2026-08-03T18:45:47.529,947.568,guiding_to_goal,35.91846758333333,139.90792048333333,15.66,0.29837777777777774,True,21,1,35.9184062,139.9079523,7.402478218729242,,26.17,1012.96609375,66.6591796875,323.1875,2.8125,-10.3125,0.52,1.67,9.59,0.0625,0.0625,-0.0625,255,,stopped,0.0,0.0,
2026-08-03T18:45:48.030,948.069,guiding_to_goal,35.91846758333333,139.90792048333333,15.66,0.29837777777777774,True,21,1,35.9184062,139.9079523,7.402478218729242,,26.17,1012.96609375,66.6591796875,323.1875,2.8125,-10.3125,0.49,1.65,9.59,0.125,0.125,-0.125,255,,stopped,0.0,0.0,
2026-08-03T18:45:48.530,948.569,guiding_to_goal,35.9184695,139.9079227,15.664,0.19034444444444445,True,21,1,35.9184062,139.9079523,7.526450868435971,,26.17,1012.912109375,66.6591796875,323.1875,2.8125,-10.3125,0.5,1.65,9.62,0.0625,0.1875,-0.0625,255,,stopped,0.0,0.0,
2026-08-03T18:45:49.031,949.069,guiding_to_goal,35.9184695,139.9079227,15.664,0.19034444444444445,True,21,1,35.9184062,139.9079523,7.526450868435971,,26.17,1012.912109375,66.6591796875,323.1875,2.8125,-10.3125,0.52,1.67,9.6,0.125,0.0,-0.0625,255,,stopped,0.0,0.0,
2026-08-03T18:45:49.532,949.571,guiding_to_goal,35.91847048333333,139.90792428333333,15.656,0.1389,True,21,1,35.9184062,139.9079523,7.580163002004641,,26.19,1012.990546875,66.66015625,323.1875,2.8125,-10.3125,0.5,1.68,9.62,0.0,0.1875,-0.0625,255,,turn_left,-5.0,5.0,
2026-08-03T18:45:50.032,950.071,guiding_to_goal,35.91847048333333,139.90792428333333,15.656,0.1389,True,21,1,35.9184062,139.9079523,7.580163002004641,,26.19,1012.990546875,66.66015625,322.9375,2.8125,-10.25,0.62,2.34,9.4,10.75,5.875,25.75,255,,turn_left,-25.0,25.0,
2026-08-03T18:45:50.532,950.571,guiding_to_goal,35.918470883333335,139.90792578333333,15.66,0.23149999999999998,True,22,1,35.9184062,139.9079523,7.578480437779307,,26.19,1012.990546875,66.66015625,319.9375,0.75,-10.625,-1.28,0.7,10.97,38.5625,-23.5625,-6.1875,191,,forward,59.2375,60.7625,
2026-08-03T18:45:51.033,951.072,guiding_to_goal,35.918470883333335,139.90792578333333,15.66,0.23149999999999998,True,22,1,35.9184062,139.9079523,7.578480437779307,,26.19,1012.990546875,66.66015625,328.25,0.8125,-9.375,-0.07,-1.64,5.12,-66.0625,-1.4375,-2.9375,191,,forward,12.11,11.89,
2026-08-03T18:45:51.533,951.572,guiding_to_goal,35.91847118333333,139.90792848333334,15.663,0.2726555555555556,True,22,1,35.9184062,139.9079523,7.537392551361877,,26.2,1012.987734375,66.6630859375,321.5625,1.0,-9.8125,0.23,1.61,9.62,0.0,0.125,-0.0625,255,,stopped,0.0,0.0,
2026-08-03T18:45:52.034,952.073,guiding_to_goal,35.91847118333333,139.90792848333334,15.663,0.2726555555555556,True,22,1,35.9184062,139.9079523,7.537392551361877,,26.2,1012.987734375,66.6630859375,321.5625,1.0,-9.8125,0.2,1.61,9.64,-0.0625,-0.0625,-0.0625,255,,stopped,0.0,0.0,
2026-08-03T18:45:52.535,952.574,guiding_to_goal,35.91847168333334,139.90792578333333,15.67,0.2829444444444445,True,22,1,35.9184062,139.9079523,7.662956523737221,,26.21,1013.0228125,66.6982421875,321.5625,1.0625,-9.8125,0.2,1.63,9.63,-0.0625,-0.125,-0.125,255,,stopped,0.0,0.0,
2026-08-03T18:45:53.071,953.110,guiding_to_goal,35.91847168333334,139.90792578333333,15.67,0.2829444444444445,True,22,1,35.9184062,139.9079523,7.662956523737221,,26.21,1013.0228125,66.6982421875,321.5625,1.0625,-9.8125,0.21,1.61,9.6,0.0,0.0,0.0,255,,stopped,0.0,0.0,
2026-08-03T18:45:53.575,953.614,guiding_to_goal,35.91847298333333,139.90792318333334,15.675,0.14404444444444445,True,22,1,35.9184062,139.9079523,7.875270462448138,,26.2,1012.9526953125,66.775390625,321.5625,1.0625,-9.8125,0.24,1.61,9.64,-0.0625,0.0,-0.0625,255,,stopped,0.0,0.0,
2026-08-03T18:45:54.083,954.121,guiding_to_goal,35.91847298333333,139.90792318333334,15.675,0.14404444444444445,True,22,1,35.9184062,139.9079523,7.875270462448138,,26.2,1012.9526953125,66.775390625,321.5625,1.0625,-9.8125,0.22,1.61,9.63,0.1875,-0.125,0.0625,255,,stopped,0.0,0.0,
2026-08-03T18:45:54.586,954.625,guiding_to_goal,35.91847308333333,139.90792158333332,15.679,0.16976666666666668,True,22,1,35.9184062,139.9079523,7.934827203426844,,26.19,1012.971640625,66.921875,321.5625,1.0625,-9.8125,0.22,1.64,9.63,-0.125,0.0625,0.125,255,,stopped,0.0,0.0,
2026-08-03T18:45:55.087,955.126,guiding_to_goal,35.91847308333333,139.90792158333332,15.679,0.16976666666666668,True,22,1,35.9184062,139.9079523,7.934827203426844,,26.19,1012.971640625,66.921875,321.5625,1.0625,-9.8125,0.22,1.61,9.6,-0.1875,-0.125,0.0625,255,,stopped,0.0,0.0,
2026-08-03T18:45:55.595,955.634,guiding_to_goal,35.918471483333335,139.90792178333334,15.688,0.3343888888888889,True,22,1,35.9184062,139.9079523,7.761928335396867,,26.19,1013.025625,66.888671875,321.5625,1.0625,-9.8125,0.22,1.62,9.61,0.0,0.0625,-0.125,255,,stopped,0.0,0.0,
2026-08-03T18:45:56.105,956.144,guiding_to_goal,35.918471483333335,139.90792178333334,15.688,0.3343888888888889,True,22,1,35.9184062,139.9079523,7.761928335396867,,26.19,1013.025625,66.888671875,321.5625,1.0625,-9.8125,0.2,1.63,9.61,-0.125,0.0,0.0625,255,,stopped,0.0,0.0,
2026-08-03T18:45:56.615,956.654,guiding_to_goal,35.9184671,139.9079231,15.676,0.3343888888888889,True,22,1,35.9184062,139.9079523,7.2643773725348355,,26.19,1012.9986328125,66.83203125,321.5625,1.0625,-9.8125,0.19,1.62,9.62,0.0,0.0,0.0625,255,,stopped,0.0,0.0,
2026-08-03T18:45:57.120,957.159,guiding_to_goal,35.9184671,139.9079231,15.676,0.3343888888888889,True,22,1,35.9184062,139.9079523,7.2643773725348355,,26.19,1012.9986328125,66.83203125,321.5625,1.0625,-9.8125,0.21,1.61,9.62,0.0625,0.0625,-0.0625,255,,stopped,0.0,0.0,
2026-08-03T18:45:57.620,957.659,guiding_to_goal,35.91846198333333,139.90792778333332,15.644,0.12861111111111112,True,22,1,35.9184062,139.9079523,6.584014066752169,,26.2,1012.987734375,66.798828125,321.5625,1.0625,-9.8125,0.2,1.62,9.61,8.0625,0.0625,-0.0625,255,,stopped,0.0,0.0,
2026-08-03T18:45:58.125,958.164,guiding_to_goal,35.91846198333333,139.90792778333332,15.644,0.12861111111111112,True,22,1,35.9184062,139.9079523,6.584014066752169,,26.2,1012.987734375,66.798828125,321.5625,1.0625,-9.8125,0.21,1.63,9.59,0.0625,0.0,0.0625,255,,stopped,0.0,0.0,
2026-08-03T18:45:58.635,958.674,guiding_to_goal,35.918460683333336,139.90792988333334,15.631,0.12861111111111112,True,22,1,35.9184062,139.9079523,6.385734713807418,,26.22,1013.03921875,66.7099609375,321.5625,1.0625,-9.8125,0.22,1.64,9.6,0.0625,0.125,0.0,255,,stopped,0.0,0.0,
2026-08-03T18:45:59.145,959.184,guiding_to_goal,35.918460683333336,139.90792988333334,15.631,0.12861111111111112,True,22,1,35.9184062,139.9079523,6.385734713807418,,26.22,1013.03921875,66.7099609375,321.5625,1.0625,-9.8125,0.21,1.62,9.61,-0.125,0.0625,-0.1875,255,,stopped,0.0,0.0,
2026-08-03T18:45:59.655,959.694,guiding_to_goal,35.91845538333333,139.90793288333333,15.599,0.12346666666666666,True,22,1,35.9184062,139.9079523,5.741648581571491,,26.1,1012.6826953125,66.669921875,321.5625,1.0625,-1.8125,0.21,1.64,9.61,0.0,-0.0625,0.1875,255,,stopped,0.0,0.0,
2026-08-03T18:46:00.155,960.194,guiding_to_goal,35.91845538333333,139.90793288333333,15.599,0.12346666666666666,True,22,1,35.9184062,139.9079523,5.741648581571491,,26.25,1013.03359375,66.6357421875,321.5625,1.0625,-9.8125,0.21,1.61,9.61,8.0,0.0,0.0,255,,stopped,0.0,0.0,
2026-08-03T18:46:00.659,960.698,guiding_to_goal,35.918448383333335,139.90793238333333,15.582,0.11317777777777778,True,22,1,35.9184062,139.9079523,5.021773551966432,,26.25,1013.03359375,66.6357421875,321.5625,1.0625,-9.8125,0.22,1.62,9.62,0.0625,-0.1875,0.125,255,,stopped,0.0,0.0,
2026-08-03T18:46:01.160,961.199,guiding_to_goal,35.918448383333335,139.90793238333333,15.582,0.11317777777777778,True,22,1,35.9184062,139.9079523,5.021773551966432,,26.25,1012.9715625,66.81640625,321.5625,1.0625,-9.8125,0.23,1.58,9.59,-0.0625,0.125,0.0625,255,,stopped,0.0,0.0,
2026-08-03T18:46:01.663,961.702,guiding_to_goal,35.91844738333333,139.90793248333333,15.581,0.12861111111111112,True,22,1,35.9184062,139.9079523,4.914795755195109,,26.23,1012.9554296875,66.7236328125,321.5625,1.0625,-9.8125,0.24,1.65,9.58,0.0625,0.0625,0.1875,255,,stopped,0.0,0.0,
2026-08-03T18:46:02.164,962.203,guiding_to_goal,35.91844738333333,139.90793248333333,15.581,0.12861111111111112,True,22,1,35.9184062,139.9079523,4.914795755195109,,26.23,1012.9554296875,66.7236328125,321.5625,1.0625,-9.8125,0.2,1.62,9.58,0.125,0.0,-0.0625,255,,stopped,0.0,0.0,
2026-08-03T18:46:02.667,962.706,guiding_to_goal,35.91844628333333,139.90793248333333,15.58,0.2057777777777778,True,22,1,35.9184062,139.9079523,4.80103429718392,,26.25,1014.213125,66.3857421875,321.5625,1.0625,-9.8125,0.21,1.63,9.6,0.0625,-0.1875,0.0625,255,,stopped,0.0,0.0,
2026-08-03T18:46:03.167,963.206,guiding_to_goal,35.91844628333333,139.90793248333333,15.58,0.2057777777777778,True,22,1,35.9184062,139.9079523,4.80103429718392,,26.25,1014.213125,66.3857421875,321.5625,1.0625,-9.8125,0.24,1.62,9.61,-0.125,0.0,0.125,255,,stopped,0.0,0.0,
2026-08-03T18:46:03.674,963.713,guiding_to_goal,35.918444883333336,139.90793398333332,15.585,0.2726555555555556,True,22,1,35.9184062,139.9079523,4.60680210405414,,24.64,1011.3433203125,66.353515625,321.5625,1.0625,-9.8125,0.23,1.63,9.62,0.125,0.0,-0.0625,255,,stopped,0.0,0.0,
2026-08-03T18:46:04.180,964.219,guiding_to_goal,35.918444883333336,139.90793398333332,15.585,0.2726555555555556,True,22,1,35.9184062,139.9079523,4.60680210405414,,24.64,1011.3433203125,66.353515625,321.5625,1.0625,-9.8125,0.21,1.62,9.6,0.0,-0.125,0.0625,255,,stopped,0.0,0.0,
2026-08-03T18:46:04.683,964.722,guiding_to_goal,35.91844248333334,139.90793438333333,15.59,0.06173333333333333,True,22,1,35.9184062,139.9079523,4.345170678242765,,21.23,1005.077109375,66.1650390625,321.5625,1.0625,-9.8125,0.21,1.63,9.61,0.0,0.0625,0.0625,255,,stopped,0.0,0.0,
2026-08-03T18:46:05.186,965.225,guiding_to_goal,35.91844248333334,139.90793438333333,15.59,0.06173333333333333,True,22,1,35.9184062,139.9079523,4.345170678242765,,21.23,1005.077109375,66.1650390625,321.5625,1.0625,-9.8125,0.2,1.61,9.61,0.0,-0.0625,0.0625,255,,stopped,0.0,0.0,
2026-08-03T18:46:05.686,965.725,guiding_to_goal,35.9184421,139.90793388333333,15.585,0.15947777777777777,True,22,1,35.9184062,139.9079523,4.322696254519404,,26.21,1012.922890625,66.6083984375,321.5625,1.0625,-9.8125,0.22,1.6,9.6,0.0,-0.0625,0.0,255,,stopped,0.0,0.0,
2026-08-03T18:46:06.186,966.225,guiding_to_goal,35.9184421,139.90793388333333,15.585,0.15947777777777777,True,22,1,35.9184062,139.9079523,4.322696254519404,,26.21,1012.922890625,66.6083984375,321.5625,1.0625,-9.8125,0.2,1.59,9.62,0.0,0.125,-0.125,255,,stopped,0.0,0.0,
2026-08-03T18:46:06.687,966.726,guiding_to_goal,35.9184434,139.90793338333333,15.584,0.05144444444444445,True,22,1,35.9184062,139.9079523,4.473483727531879,,26.27,1013.0580859375,66.5693359375,321.5625,1.0625,-9.8125,0.21,1.65,9.61,0.0,0.0,0.0,255,,stopped,0.0,0.0,
2026-08-03T18:46:07.187,967.226,guiding_to_goal,35.9184434,139.90793338333333,15.584,0.05144444444444445,True,22,1,35.9184062,139.9079523,4.473483727531879,,26.27,1013.0580859375,66.5693359375,321.5625,1.0625,-9.8125,0.22,1.63,9.6,0.0625,0.0625,-0.0625,255,,stopped,0.0,0.0,
2026-08-03T18:46:07.688,967.727,guiding_to_goal,35.91844378333333,139.90793378333333,15.589,0.13375555555555557,True,22,1,35.9184062,139.9079523,4.499453378383481,,26.26,1012.933984375,66.7392578125,321.5625,1.0625,-9.8125,0.21,1.61,9.59,0.0,-0.0625,-0.0625,255,,forward,60.0,60.0,
2026-08-03T18:46:08.188,968.227,guiding_to_goal,35.91844378333333,139.90793378333333,15.589,0.13375555555555557,True,22,1,35.9184062,139.9079523,4.499453378383481,,26.26,1012.933984375,66.7392578125,321.4375,1.1875,-18.9375,0.58,5.42,7.55,-30.125,-2.75,-4.0625,255,,forward,59.99375,60.00625,
2026-08-03T18:46:08.688,968.727,guiding_to_goal,35.91844448333333,139.9079327,15.594,0.025722222222222226,True,22,1,35.9184062,139.9079523,4.608314775117455,,26.27,1013.0041015625,66.4677734375,320.0,3.9375,-16.875,0.19,4.08,8.04,7.375,-1.8125,6.1875,191,,forward,69.79375,50.20625,
2026-08-03T18:46:09.190,969.229,guiding_to_goal,35.91844448333333,139.9079327,15.594,0.025722222222222226,True,22,1,35.9184062,139.9079523,4.608314775117455,,26.27,1013.0041015625,66.4677734375,321.0625,2.3125,-12.125,0.29,1.12,8.64,-25.9375,-14.6875,-23.5,191,,forward,43.273125,40.726875,
2026-08-03T18:46:09.691,969.730,guiding_to_goal,35.9184446,139.90793258333332,15.599,0.16976666666666668,True,22,1,35.9184062,139.9079523,4.624324581356203,,26.26,1012.961015625,66.5244140625,322.5,2.375,11.9375,0.27,-3.56,8.56,-122.9375,10.1875,9.25,191,,reverse,-60.0,-60.0,
2026-08-03T18:46:10.191,970.230,guiding_to_goal,35.9184446,139.90793258333332,15.599,0.16976666666666668,True,22,1,35.9184062,139.9079523,4.624324581356203,,26.26,1012.961015625,66.5244140625,318.375,3.9375,31.9375,0.69,-4.7,4.19,-36.5,-15.25,16.0,191,,reverse,-60.0,-60.0,
2026-08-03T18:46:10.691,970.730,guiding_to_goal,35.918444683333334,139.9079308,15.6,0.32924444444444445,True,22,1,35.9184062,139.9079523,4.696770405393149,,26.26,1012.961015625,66.818359375,357.0625,2.125,-3.0625,0.37,1.57,8.93,120.75,-9.9375,7.6875,191,,turn_right,5.0,-5.0,
2026-08-03T18:46:11.192,971.231,guiding_to_goal,35.918444683333334,139.9079308,15.6,0.32924444444444445,True,22,1,35.9184062,139.9079523,4.696770405393149,,26.26,1012.961015625,66.818359375,357.125,2.0,-5.375,-0.4,1.3,9.59,-3.125,1.875,-18.4375,191,,turn_right,20.0,-20.0,
                                                                                                                                                                                                                                                                                                                                                                                                                                                                                                                                                                                                