timestamp,elapsed_s,phase,latitude_deg,longitude_deg,gnss_altitude_m,ground_speed_mps,gnss_has_fix,satellites,fix_quality,target_latitude_deg,target_longitude_deg,distance_to_target_m,target_heading_deg,temperature_c,pressure_hpa,humidity_percent,heading_deg,roll_deg,pitch_deg,accel_x_mps2,accel_y_mps2,accel_z_mps2,gyro_x_dps,gyro_y_dps,gyro_z_dps,calibration,heading_error_deg,control_mode,left_motor_command_percent,right_motor_command_percent,error
2026-08-05T08:28:24.781,11.584,waiting_for_release,,,,,False,0,0,35.9184062,139.9079523,,,30.94,1010.9745703125,44.12890625,30.875,-9.75,-1.9375,-1.68,0.08,9.59,-40.9375,-22.875,18.75,134,,,,,
2026-08-05T08:28:25.893,12.696,waiting_for_release,,,,,False,0,0,35.9184062,139.9079523,,,30.94,1010.9665625,43.724609375,22.4375,-9.25,-0.8125,-1.57,-0.09,9.49,-40.875,-23.4375,18.25,134,,,,,
2026-08-05T08:28:26.394,13.197,waiting_for_release,,,,,False,0,0,35.9184062,139.9079523,,,30.94,1010.8114453125,44.12890625,31.625,-3.875,5.3125,-0.78,-0.95,9.27,0.375,-8.8125,-10.9375,6,,,,,
2026-08-05T08:28:27.513,14.316,waiting_for_release,,,,,False,0,0,35.9184062,139.9079523,,,30.95,1010.792265625,44.1298828125,31.8125,-3.6875,5.3125,-0.63,-1.03,9.23,2.1875,-8.1875,-12.75,6,,,,,
2026-08-05T08:28:28.014,14.817,waiting_for_release,,,,,False,0,0,35.9184062,139.9079523,,,30.94,1010.6211328125,44.208984375,38.9375,0.375,1.9375,0.15,-0.15,9.68,1.6875,-3.9375,-9.875,2,,,,,
2026-08-05T08:28:28.514,15.317,waiting_for_release,,,,,False,0,0,35.9184062,139.9079523,,,30.95,1010.583046875,44.234375,40.875,0.75,0.625,0.24,0.1,9.65,6.75,-0.125,-8.875,2,,,,,
2026-08-05T08:28:29.015,15.818,waiting_for_release,,,,,False,,,35.9184062,139.9079523,,,30.95,1010.4659765625,44.255859375,47.25,0.75,-3.625,0.41,1.22,10.13,7.625,11.0,-17.3125,2,,,,,
2026-08-05T08:28:29.515,16.318,waiting_for_release,,,,,False,,,35.9184062,139.9079523,,,30.96,1010.400703125,44.337890625,42.5,0.75,-6.0625,0.29,1.2,9.31,5.0625,4.625,31.625,2,,,,,
2026-08-05T08:28:30.016,16.819,waiting_for_release,,,,,False,,,35.9184062,139.9079523,,,30.95,1010.365546875,44.3720703125,14.625,-15.1875,1.5625,-3.14,-0.47,10.12,-48.375,46.5625,53.5625,2,,,,,
2026-08-05T08:28:30.516,17.319,waiting_for_release,,,,,False,,,35.9184062,139.9079523,,,30.97,1010.19125,44.3720703125,6.0625,-1.375,13.75,-0.23,-1.54,8.35,6.0,-48.375,-17.3125,2,,,,,
2026-08-05T08:28:31.016,17.819,waiting_for_release,,,,,False,,,35.9184062,139.9079523,,,30.97,1010.0824609375,44.453125,11.9375,0.4375,15.125,-0.09,-2.81,8.6,-34.6875,6.1875,-10.875,2,,,,,
2026-08-05T08:28:31.517,18.320,waiting_for_release,,,,,False,,,35.9184062,139.9079523,,,30.97,1010.0904296875,44.603515625,25.9375,3.625,9.625,-0.02,-2.35,10.81,-7.25,-0.75,-20.125,2,,,,,
2026-08-05T08:28:32.017,18.820,waiting_for_release,,,,,False,,,35.9184062,139.9079523,,,30.97,1010.03609375,44.4541015625,32.25,3.6875,10.5625,2.01,-1.93,9.34,-4.125,-11.4375,24.5,2,,,,,
2026-08-05T08:28:32.518,19.321,waiting_for_release,,,,,False,,,35.9184062,139.9079523,,,30.97,1009.92734375,44.4541015625,21.4375,4.4375,14.8125,0.43,-2.07,9.35,6.0625,5.875,34.6875,2,,,,,
2026-08-05T08:28:33.018,19.821,waiting_for_release,,,,,False,,,35.9184062,139.9079523,,,30.98,1009.799375,44.5009765625,350.9375,-5.75,31.1875,-1.7,-4.99,7.97,-38.25,-6.125,71.6875,2,,,,,
2026-08-05T08:28:33.519,20.321,waiting_for_release,,,,,False,,,35.9184062,139.9079523,,,30.97,1009.7369921875,44.5234375,340.875,-10.25,33.75,-2.96,-5.52,8.22,29.5625,12.875,-89.8125,3,,,,,
2026-08-05T08:28:34.019,20.822,waiting_for_release,,,,,False,,,35.9184062,139.9079523,,,30.96,1009.585078125,44.4755859375,4.8125,-0.1875,23.5,0.48,-4.18,8.92,55.25,-2.3125,3.6875,3,,,,,
2026-08-05T08:28:34.519,21.322,waiting_for_release,,,,,False,,,35.9184062,139.9079523,,,30.96,1009.530703125,44.46484375,0.4375,2.4375,17.125,0.71,-3.28,7.46,7.0,-10.875,23.125,3,,,,,
2026-08-05T08:28:35.020,21.823,waiting_for_release,,,,,False,,,35.9184062,139.9079523,,,30.97,1009.4843359375,44.46484375,2.375,-6.5625,24.0,-1.49,-3.72,8.66,-37.3125,-15.6875,-24.375,3,,,,,
2026-08-05T08:28:35.520,22.323,waiting_for_release,,,,,False,,,35.9184062,139.9079523,,,30.98,1009.4459375,44.53515625,355.1875,-10.9375,27.375,-2.53,-4.4,8.3,-13.6875,-13.1875,35.875,3,,,,,
2026-08-05T08:28:36.021,22.824,waiting_for_release,,,,,False,,,35.9184062,139.9079523,,,30.98,1009.3371875,44.5810546875,348.5625,-2.1875,25.125,-0.27,-3.76,8.45,13.0625,-7.4375,4.375,3,,,,,
2026-08-05T08:28:36.521,23.324,waiting_for_release,,,,,False,,,35.9184062,139.9079523,,,30.98,1009.2636328125,44.60546875,337.5625,-1.0625,22.375,0.18,-3.59,8.06,-0.5625,-5.4375,18.1875,3,,,,,
2026-08-05T08:28:37.021,23.824,waiting_for_release,,,,,False,,,35.9184062,139.9079523,,,30.89,1009.2087890625,44.6083984375,335.5625,-2.5,18.125,-0.73,-3.05,8.78,13.75,4.875,6.0,3,,,,,
2026-08-05T08:28:37.522,24.325,waiting_for_release,,,,,False,,,35.9184062,139.9079523,,,30.99,1009.2716015625,44.60546875,334.4375,-3.75,16.5625,-0.6,-2.58,9.26,3.125,6.8125,-1.3125,3,,,,,
2026-08-05T08:28:38.022,24.825,waiting_for_release,,,,,False,,,35.9184062,139.9079523,,,30.98,1009.29078125,44.62890625,333.75,-7.4375,9.375,-1.41,-1.56,9.6,24.5625,6.375,-4.4375,3,,,,,
2026-08-05T08:28:38.523,25.326,waiting_for_release,,,,,False,,,35.9184062,139.9079523,,,30.99,1009.3259765625,44.744140625,333.625,-7.1875,0.625,-0.79,0.26,9.59,5.9375,-3.4375,9.75,3,,,,,
2026-08-05T08:28:39.023,25.826,waiting_for_release,,,,,False,,,35.9184062,139.9079523,,,30.99,1009.2716015625,44.6630859375,333.625,-7.1875,-1.3125,-1.21,0.67,9.27,5.5,6.4375,-11.6875,3,,,,,
2026-08-05T08:28:39.524,26.326,waiting_for_release,,,,,False,,,35.9184062,139.9079523,,,30.99,1009.3070703125,44.6748046875,327.75,-11.5625,-5.6875,-2.28,0.5,9.61,19.875,3.375,15.0625,3,,,,,
2026-08-05T08:28:40.024,26.827,waiting_for_release,,,,,False,,,35.9184062,139.9079523,,,30.99,1009.2526953125,44.6630859375,325.9375,-12.8125,-14.125,-2.07,2.43,8.58,14.625,-0.8125,12.3125,3,,,,,
2026-08-05T08:28:40.524,27.327,waiting_for_release,,,,,False,,,35.9184062,139.9079523,,,30.99,1009.3614453125,44.6630859375,324.4375,-14.625,-19.1875,-2.42,2.92,8.62,-0.5625,-0.1875,-13.0,3,,,,,
2026-08-05T08:28:41.025,27.828,waiting_for_release,,,,,False,,,35.9184062,139.9079523,,,30.98,1009.2636328125,44.744140625,327.1875,-15.875,-20.4375,-3.03,2.83,8.96,6.75,-9.875,-8.4375,3,,,,,
2026-08-05T08:28:41.525,28.328,waiting_for_release,,,,,False,,,35.9184062,139.9079523,,,30.99,1009.3614453125,44.7548828125,333.4375,-16.5625,-22.4375,-2.09,4.25,8.89,20.0625,-14.8125,15.9375,3,,,,,
2026-08-05T08:28:42.026,28.829,waiting_for_release,,,,,False,,,35.9184062,139.9079523,,,31.0,1009.287890625,44.779296875,328.625,-14.9375,-18.0,-2.4,4.26,9.5,-17.625,-10.5,13.625,3,,,,,
2026-08-05T08:28:42.527,29.330,waiting_for_release,,,,,False,,,35.9184062,139.9079523,,,30.99,1009.2255078125,44.8017578125,325.9375,-9.9375,-13.4375,-1.68,2.23,8.98,3.875,-2.125,-10.0,3,,,,,
2026-08-05T08:28:43.027,29.830,waiting_for_release,,,,,False,,,35.9184062,139.9079523,,,30.99,1009.3070703125,44.8125,326.0,-9.6875,-14.75,-1.68,2.23,9.23,0.4375,-1.0625,14.375,3,,,,,
2026-08-05T08:28:43.528,30.331,waiting_for_release,,,,,False,,,35.9184062,139.9079523,,,31.0,1009.323046875,44.814453125,327.3125,-9.8125,-16.75,-1.61,2.89,9.36,10.9375,4.3125,9.5,3,,,,,
2026-08-05T08:28:44.028,30.831,waiting_for_release,,,,,False,,,35.9184062,139.9079523,,,31.01,1009.276640625,44.7919921875,321.125,-6.375,-19.875,-1.29,2.84,9.11,7.0625,-5.4375,12.6875,3,,,,,
2026-08-05T08:28:44.529,31.331,waiting_for_release,,,,,False,,,35.9184062,139.9079523,,,31.0,1009.315078125,44.8251953125,321.5625,-7.6875,-19.9375,-1.2,3.03,8.4,-22.125,12.625,-10.8125,3,,,,,
2026-08-05T08:28:45.029,31.832,waiting_for_release,,,,,False,,,35.9184062,139.9079523,,,31.0,1009.268671875,44.849609375,313.125,-9.6875,1.6875,-2.54,-1.18,10.01,-34.5,10.3125,2.625,3,,,,,
2026-08-05T08:28:45.529,32.332,waiting_for_release,,,,,False,,,35.9184062,139.9079523,,,31.01,1009.4941796875,44.8603515625,313.6875,-13.4375,13.8125,-2.06,-2.71,9.09,-41.1875,4.125,21.9375,3,,,,,
2026-08-05T08:28:46.030,32.833,waiting_for_release,,,,,False,,,35.9184062,139.9079523,,,31.01,1009.3038671875,44.96484375,331.6875,-11.875,28.625,-2.61,-4.73,7.37,-19.3125,20.3125,-58.0,3,,,,,
2026-08-05T08:28:46.530,33.333,waiting_for_release,,,,,False,,,35.9184062,139.9079523,,,31.02,1009.3198046875,44.9189453125,350.25,-7.875,32.125,-1.99,-4.86,8.64,68.25,25.3125,-108.4375,3,,,,,
2026-08-05T08:28:47.031,33.834,waiting_for_release,,,,,False,,,35.9184062,139.9079523,,,31.01,1009.3390234375,44.9072265625,13.625,-3.875,26.4375,-0.43,-4.81,8.94,-32.5,-17.4375,12.875,3,,,,,
2026-08-05T08:28:47.531,34.334,waiting_for_release,,,,,False,,,35.9184062,139.9079523,,,31.01,1009.2574609375,44.8837890625,13.75,-2.8125,30.9375,-1.19,-4.65,7.73,-12.5625,-5.0625,49.4375,3,,,,,
2026-08-05T08:28:48.031,34.834,waiting_for_release,,,,,False,,,35.9184062,139.9079523,,,31.02,1009.3278125,44.9091796875,350.9375,-13.25,42.9375,-2.42,-6.61,6.42,-5.375,3.5,-12.0625,3,,,,,
2026-08-05T08:28:48.532,35.335,waiting_for_release,,,,,False,,,35.9184062,139.9079523,,,31.02,1009.2926171875,44.9189453125,2.75,-11.5,42.9375,-2.27,-6.23,7.61,24.5,4.5,-17.6875,3,,,,,
2026-08-05T08:28:49.032,35.835,waiting_for_release,,,,,False,,,35.9184062,139.9079523,,,31.01,1009.276640625,44.8720703125,8.9375,-3.625,33.75,-0.62,-4.65,7.52,-11.375,-3.75,9.8125,3,,,,,
2026-08-05T08:28:49.533,36.336,waiting_for_release,,,,,False,,,35.9184062,139.9079523,,,31.01,1009.284609375,44.9296875,355.5625,-8.875,40.5625,-1.63,-6.15,6.57,-14.875,-4.5625,31.25,3,,,,,
2026-08-05T08:28:50.033,36.836,waiting_for_release,,,,,False,,,35.9184062,139.9079523,,,31.02,1009.37421875,44.76953125,351.5,-11.4375,44.75,-2.05,-6.08,6.09,0.0,14.0,2.5,3,,,,,
2026-08-05T08:28:50.534,37.336,waiting_for_release,,,,,False,,,35.9184062,139.9079523,,,31.01,1009.3933984375,44.814453125,353.1875,-13.9375,45.6875,-2.63,-6.39,6.14,0.0625,3.875,6.5,3,,,,,
2026-08-05T08:28:51.034,37.837,waiting_for_release,,,,,False,,,35.9184062,139.9079523,,,31.01,1009.4205859375,44.814453125,349.8125,-14.6875,42.5,-2.51,-6.11,6.42,21.75,-17.5625,-16.5625,3,,,,,
2026-08-05T08:28:51.534,38.337,waiting_for_release,,,,,False,,,35.9184062,139.9079523,,,31.02,1009.4909375,44.81640625,353.6875,-5.875,32.3125,-1.14,-5.28,7.92,13.8125,-14.75,-5.625,3,,,,,
2026-08-05T08:28:52.035,38.838,waiting_for_release,,,,,False,,,35.9184062,139.9079523,,,31.02,1009.61890625,44.79296875,356.625,-2.5625,26.875,0.08,-4.8,8.55,11.3125,-11.375,-8.3125,3,,,,,
2026-08-05T08:28:52.535,39.338,waiting_for_release,,,,,False,,,35.9184062,139.9079523,,,31.03,1009.7439453125,44.7705078125,12.25,-1.0,23.3125,0.06,-3.21,9.59,2.9375,18.9375,-19.125,3,,,,,
2026-08-05T08:28:53.036,39.839,waiting_for_release,,,,,False,,,35.9184062,139.9079523,,,31.02,1009.7628515625,44.7470703125,13.0625,-0.125,23.3125,1.36,-3.82,8.93,2.8125,-9.125,-0.5625,3,,,,,
2026-08-05T08:28:53.536,40.339,waiting_for_release,,,,,False,,,35.9184062,139.9079523,,,31.02,1009.8908203125,44.654296875,15.5,0.0,23.125,0.1,-3.83,8.96,-4.4375,9.25,-8.3125,7,,,,,
2026-08-05T08:28:54.037,40.839,waiting_for_release,,,,,False,,,35.9184062,139.9079523,,,31.03,1009.961484375,44.701171875,11.4375,0.5,31.0,0.0,-5.2,8.3,-14.9375,-17.75,27.75,7,,,,,
2026-08-05T08:28:54.537,41.340,waiting_for_release,,,,,False,,,35.9184062,139.9079523,,,31.02,1009.9995703125,44.666015625,8.6875,-1.4375,32.1875,-0.27,-5.4,8.35,16.875,14.5625,-21.6875,7,,,,,
2026-08-05T08:28:55.037,41.840,waiting_for_release,,,,,False,,,35.9184062,139.9079523,,,31.02,1010.1162890625,44.59765625,19.0625,-1.5,26.875,-0.21,-4.14,8.96,4.375,9.375,-14.5625,7,,,,,
2026-08-05T08:28:55.538,42.341,waiting_for_release,,,,,False,,,35.9184062,139.9079523,,,31.02,1010.143515625,44.5859375,20.1875,-1.875,26.3125,-0.37,-4.38,8.82,-4.0625,-2.75,7.0625,7,,,,,
2026-08-05T08:28:56.038,42.841,waiting_for_release,,,,,False,,,35.9184062,139.9079523,,,31.02,1010.252265625,44.5517578125,19.1875,-2.75,25.875,-0.57,-4.08,8.88,2.3125,-1.25,1.9375,7,,,,,
2026-08-05T08:28:56.539,43.342,waiting_for_release,,,,,False,,,35.9184062,139.9079523,,,31.03,1010.3965234375,44.5400390625,15.3125,-3.375,26.0,-0.6,-4.33,8.64,-2.0,-0.6875,-0.125,7,,,,,
2026-08-05T08:28:57.039,43.842,waiting_for_release,,,,,False,,,35.9184062,139.9079523,,,31.03,1010.5596484375,44.5517578125,15.6875,-3.75,26.6875,-0.7,-4.5,8.86,0.0,1.125,-8.0,135,,,,,
2026-08-05T08:28:57.539,44.342,waiting_for_release,,,,,False,,,35.9184062,139.9079523,,,31.02,1010.597734375,44.55078125,17.75,-2.9375,26.6875,-0.68,-4.49,8.86,0.0625,0.3125,-3.0,7,,,,,
2026-08-05T08:28:58.040,44.843,waiting_for_release,,,,,False,,,35.9184062,139.9079523,,,31.03,1010.6683984375,44.5517578125,18.75,-2.75,24.1875,-0.5,-4.01,8.94,10.0,4.0625,8.5,7,,,,,
2026-08-05T08:28:58.540,45.343,waiting_for_release,,,,,False,,,35.9184062,139.9079523,,,31.03,1010.7308203125,44.5751953125,15.125,-2.0,20.9375,-0.27,-3.35,8.99,-7.375,-5.5,29.875,7,,,,,
2026-08-05T08:28:59.041,45.844,waiting_for_release,,,,,False,,,35.9184062,139.9079523,,,31.03,1010.7851953125,44.6103515625,352.5625,-5.875,29.5625,-1.32,-5.16,8.34,-26.1875,-9.9375,63.0,7,,,,,
2026-08-05T08:28:59.541,46.344,waiting_for_release,,,,,False,,,35.9184062,139.9079523,,,31.03,1010.8859375,44.609375,340.125,-11.9375,34.125,-2.39,-5.41,8.48,3.125,8.75,-19.8125,7,,,,,
2026-08-05T08:29:00.042,46.845,waiting_for_release,,,,,False,,,35.9184062,139.9079523,,,31.04,1011.010703125,44.62109375,347.0,-3.6875,36.875,-0.58,-5.77,7.55,-16.125,-27.0,-4.8125,7,,,,,
2026-08-05T08:29:00.553,47.356,waiting_for_release,,,,,False,,,35.9184062,139.9079523,,,31.03,1011.111484375,44.5986328125,346.5625,-4.9375,32.5625,-0.85,-5.4,7.94,3.8125,-7.9375,-2.25,7,,,,,
2026-08-05T08:29:01.054,47.857,waiting_for_release,,,,,False,,,35.9184062,139.9079523,,,31.04,1011.173828125,44.6328125,348.5,-5.1875,31.5625,-0.82,-5.25,8.49,-0.9375,1.6875,-0.9375,7,,,,,
2026-08-05T08:29:01.554,48.357,waiting_for_release,,,,,False,,,35.9184062,139.9079523,,,31.03,1011.2394140625,44.3671875,350.9375,-5.1875,31.4375,-0.86,-5.03,8.52,2.0625,4.3125,-5.375,7,,,,,
2026-08-05T08:29:02.054,48.857,waiting_for_release,,,,,False,,,35.9184062,139.9079523,,,31.04,1011.3098046875,44.529296875,352.3125,-4.6875,30.4375,-0.81,-4.98,8.64,0.3125,-1.625,0.125,7,,,,,
2026-08-05T08:29:02.555,49.358,waiting_for_release,,,,,False,,,35.9184062,139.9079523,,,31.04,1011.41859375,44.517578125,351.375,-3.875,30.5,-0.64,-5.03,8.34,-2.125,0.9375,-0.625,7,,,,,
2026-08-05T08:29:03.055,49.858,waiting_for_release,,,,,False,,,35.9184062,139.9079523,,,31.04,1011.52734375,44.541015625,351.25,-5.25,30.0,-0.85,-4.96,8.72,1.4375,3.5,2.8125,7,,,,,
2026-08-05T08:29:03.556,50.359,waiting_for_landing,,,,,False,,,35.9184062,139.9079523,,,30.43,1010.7405859375,44.5166015625,348.5625,-5.5625,29.5,-1.02,-5.19,9.01,7.3125,0.0625,1.9375,7,,,,,
2026-08-05T08:29:04.056,50.859,waiting_for_landing,,,,,False,,,35.9184062,139.9079523,,,31.07,1011.719609375,44.4873046875,351.0625,-5.625,28.5625,-0.97,-4.89,9.33,4.0625,-3.375,-0.625,7,,,,,
2026-08-05T08:29:04.556,51.359,waiting_for_landing,,,,,False,,,35.9184062,139.9079523,,,31.05,1011.79609375,44.4853515625,352.0625,-4.0,26.875,-0.53,-4.42,9.08,1.3125,0.5625,-2.6875,7,,,,,
2026-08-05T08:29:05.057,51.860,waiting_for_landing,,,,,False,,,35.9184062,139.9079523,,,31.05,1011.7880859375,44.4853515625,355.125,-5.125,26.5,-0.79,-4.5,9.56,2.8125,18.75,-16.375,6,,,,,
2026-08-05T08:29:05.557,52.360,waiting_for_landing,,,,,False,,,35.9184062,139.9079523,,,31.05,1011.8424609375,44.4853515625,356.8125,-5.875,27.8125,-1.12,-4.67,8.92,0.0,5.625,2.4375,6,,,,,
2026-08-05T08:29:06.058,52.861,waiting_for_landing,,,,,False,,,35.9184062,139.9079523,,,31.04,1011.8536328125,44.4716796875,347.4375,-23.6875,18.375,-4.21,-3.26,8.64,10.4375,37.25,26.875,7,,,,,
2026-08-05T08:29:06.558,53.361,waiting_for_landing,,,,,False,,,35.9184062,139.9079523,,,31.04,1011.780078125,44.47265625,344.1875,-41.8125,2.3125,-6.66,-0.74,7.73,59.125,20.4375,-6.125,7,,,,,
2026-08-05T08:29:07.059,53.861,waiting_for_landing,,,,,False,,,35.9184062,139.9079523,,,31.05,1011.8424609375,44.4619140625,356.6875,-40.6875,-49.75,-5.78,6.77,6.73,134.875,-62.4375,68.75,7,,,,,
2026-08-05T08:29:07.559,54.362,waiting_for_landing,,,,,False,,,35.9184062,139.9079523,,,31.04,1011.861640625,44.5185546875,356.0625,-11.0625,-84.5625,-1.67,9.1,0.65,0.0,-42.6875,36.25,7,,,,,
2026-08-05T08:29:08.059,54.862,waiting_for_landing,,,,,False,,,35.9184062,139.9079523,,,31.04,1011.888828125,44.5419921875,354.1875,-0.9375,-89.625,-0.05,9.3,0.08,36.875,-4.5,12.125,7,,,,,
2026-08-05T08:29:08.560,55.363,waiting_for_landing,,,,,False,,,35.9184062,139.9079523,,,31.05,1011.9048828125,44.6005859375,0.0,3.125,-94.0,0.71,8.98,-0.92,17.4375,-33.6875,-0.5625,7,,,,,
2026-08-05T08:29:09.060,55.863,waiting_for_landing,,,,,False,,,35.9184062,139.9079523,,,31.05,1011.8696484375,44.7275390625,25.0625,0.0,-93.25,0.32,8.68,-0.94,-3.625,-47.3125,9.5625,7,,,,,
2026-08-05T08:29:09.562,56.365,waiting_for_landing,,,,,False,,,35.9184062,139.9079523,,,30.65,1011.3230859375,44.8251953125,41.5625,0.1875,-96.0625,0.78,9.47,-0.81,2.125,-47.25,7.0625,7,,,,,
2026-08-05T08:29:10.067,56.870,waiting_for_landing,,,,,False,,,35.9184062,139.9079523,,,31.05,1011.95125,44.98046875,35.5625,6.75,-96.9375,1.66,8.83,-0.81,-1.75,21.6875,-9.4375,7,,,,,
2026-08-05T08:29:10.567,57.370,waiting_for_landing,,,,,False,,,35.9184062,139.9079523,,,30.86,1011.552734375,45.06640625,41.0,8.8125,-98.4375,-0.47,8.57,-0.92,-4.6875,-47.9375,7.625,7,,,,,
2026-08-05T08:29:11.072,57.875,waiting_for_landing,,,,,False,,,35.9184062,139.9079523,,,31.06,1011.8856640625,45.00390625,50.875,11.0,-101.9375,1.5,9.3,-1.6,-12.8125,3.4375,13.875,7,,,,,
2026-08-05T08:29:11.568,58.371,waiting_for_landing,,,,,False,,,35.9184062,139.9079523,,,31.06,1011.8856640625,44.646484375,60.125,9.0625,-104.9375,0.41,11.17,-4.0,-1.875,-36.75,2.875,7,,,,,
2026-08-05T08:29:12.069,58.872,waiting_for_landing,,,,,False,,,35.9184062,139.9079523,,,31.05,1011.8968359375,44.439453125,76.875,7.4375,-108.5,0.03,8.8,-3.87,9.9375,-23.0625,28.4375,7,,,,,
2026-08-05T08:29:12.569,59.372,waiting_for_landing,,,,,False,,,35.9184062,139.9079523,,,31.05,1011.9048828125,44.05859375,86.375,6.3125,-127.6875,-0.76,6.73,-6.23,54.75,-33.5,-11.25,7,,,,,
2026-08-05T08:29:13.070,59.873,waiting_for_landing,,,,,False,,,35.9184062,139.9079523,,,31.04,1011.9704296875,43.7001953125,285.5625,-0.375,-145.0,-1.05,5.15,-8.86,34.8125,-2.0,11.25,7,,,,,
2026-08-05T08:29:13.570,60.373,waiting_for_landing,,,,,False,,,35.9184062,139.9079523,,,31.04,1012.016796875,43.50390625,287.25,0.25,-169.8125,-0.48,1.38,-9.41,30.125,-0.375,-0.375,7,,,,,
2026-08-05T08:29:14.071,60.873,waiting_for_landing,,,,,False,,,35.9184062,139.9079523,,,31.05,1011.9784375,43.5048828125,287.125,-1.0,-169.125,-0.47,1.66,-9.37,13.8125,0.3125,-0.1875,7,,,,,
2026-08-05T08:29:14.571,61.374,waiting_for_landing,,,,,False,,,35.9184062,139.9079523,,,31.09,1011.9883984375,43.3818359375,287.0625,-1.75,-170.875,-0.46,1.38,-9.44,3.875,0.0,0.0,7,,,,,
2026-08-05T08:29:15.071,61.875,waiting_for_landing,,,,,False,,,35.9184062,139.9079523,,,31.07,1011.9916015625,43.4951171875,287.0625,-2.1875,-171.125,-0.64,1.38,-9.52,-0.375,0.0,0.0,15,,,,,
2026-08-05T08:29:15.572,62.375,waiting_for_landing,,,,,False,,,35.9184062,139.9079523,,,31.06,1012.0027734375,43.541015625,287.0,-2.8125,-171.25,-0.65,1.38,-9.5,0.0,-0.0625,-0.0625,15,,,,,
2026-08-05T08:29:16.072,62.875,waiting_for_landing,,,,,False,,,35.9184062,139.9079523,,,31.06,1012.0027734375,43.529296875,287.0,-3.0625,-171.375,-0.63,1.4,-9.5,0.0,-0.0625,0.0,63,,,,,
2026-08-05T08:29:16.573,63.376,waiting_for_landing,,,,,False,,,35.9184062,139.9079523,,,31.07,1011.9291796875,43.552734375,286.9375,-3.125,-171.375,-0.63,1.38,-9.53,0.0625,0.0625,0.0,63,,,,,
2026-08-05T08:29:17.073,63.876,waiting_for_landing,,,,,False,,,35.9184062,139.9079523,,,31.07,1012.01078125,43.5185546875,286.9375,-3.125,-171.375,-0.64,1.4,-9.52,0.0,0.0,-0.0625,63,,,,,
2026-08-05T08:29:17.574,64.377,waiting_for_landing,,,,,False,,,35.9184062,139.9079523,,,31.07,1011.9371875,43.5185546875,286.9375,-3.125,-171.375,-0.66,1.39,-9.51,0.0,-0.0625,0.0,63,,,,,
2026-08-05T08:29:18.074,64.877,waiting_for_landing,,,,,False,,,35.9184062,139.9079523,,,31.08,1011.9451953125,43.5078125,286.9375,-3.125,-171.375,-0.64,1.39,-9.5,-0.0625,0.0625,0.0,63,,,,,
2026-08-05T08:29:18.575,65.377,waiting_for_landing,,,,,False,,,35.9184062,139.9079523,,,31.09,1012.0155859375,43.451171875,286.9375,-3.125,-171.375,-0.65,1.4,-9.54,-0.0625,0.125,0.0,63,,,,,
2026-08-05T08:29:19.075,65.878,waiting_for_landing,,,,,False,,,35.9184062,139.9079523,,,31.08,1011.980390625,43.53125,286.9375,-3.125,-171.375,-0.66,1.39,-9.5,0.0625,0.0,0.0,63,,,,,
2026-08-05T08:29:19.575,66.378,waiting_for_landing,,,,,False,,,35.9184062,139.9079523,,,31.08,1012.007578125,43.5537109375,286.9375,-3.125,-171.375,-0.66,1.4,-9.48,0.0,-0.0625,-0.0625,63,,,,,
2026-08-05T08:29:20.076,66.879,waiting_for_landing,,,,,False,,,35.9184062,139.9079523,,,31.08,1011.953203125,43.54296875,286.9375,-3.125,-171.375,-0.64,1.4,-9.51,-0.0625,0.0,0.0,63,,,,,
2026-08-05T08:29:20.576,67.379,waiting_for_landing,,,,,False,,,35.9184062,139.9079523,,,31.09,1011.99640625,43.5087890625,286.9375,-3.125,-171.375,-0.64,1.41,-9.53,0.0,0.0625,0.0625,63,,,,,
2026-08-05T08:29:21.077,67.879,waiting_for_landing,,,,,False,,,35.9184062,139.9079523,,,31.09,1012.124375,43.4853515625,286.9375,-3.125,-171.375,-0.63,1.4,-9.52,0.0625,0.0625,0.125,63,,,,,
2026-08-05T08:29:21.577,68.380,waiting_for_landing,,,,,False,,,35.9184062,139.9079523,,,31.09,1012.0971875,43.4169921875,286.9375,-3.125,-171.375,-0.64,1.38,-9.52,-0.0625,0.0625,-0.125,63,,,,,
2026-08-05T08:29:22.077,68.880,waiting_for_landing,,,,,False,,,35.9184062,139.9079523,,,31.09,1011.9340234375,43.6474609375,286.9375,-3.125,-171.375,-0.64,1.4,-9.53,-0.0625,0.0,0.0625,63,,,,,
2026-08-05T08:29:22.578,69.381,waiting_for_landing,,,,,False,,,35.9184062,139.9079523,,,31.1,1011.9503515625,43.359375,286.9375,-3.125,-171.375,-0.63,1.39,-9.5,0.125,0.0625,0.0625,63,,,,,
2026-08-05T08:29:23.078,69.881,waiting_for_landing,,,,,False,,,35.9184062,139.9079523,,,31.1,1012.0047265625,43.359375,286.9375,-3.125,-171.375,-0.66,1.39,-9.5,0.0625,0.125,0.125,63,,,,,
2026-08-05T08:29:23.582,70.385,landed,,,,,False,,,35.9184062,139.9079523,,,31.1,1011.9503515625,43.4169921875,286.9375,-3.125,-171.375,-0.65,1.4,-9.5,0.125,-0.125,0.125,63,,,,,
2026-08-05T08:29:24.082,70.885,landed,,,,,False,,,35.9184062,139.9079523,,,31.1,1012.039921875,43.4638671875,286.9375,-3.125,-171.375,-0.64,1.4,-9.53,0.125,-0.0625,0.0625,63,,,,,
2026-08-05T08:29:24.583,71.386,landed,,,,,False,,,35.9184062,139.9079523,,,31.1,1011.985546875,43.4755859375,286.9375,-3.125,-171.375,-0.65,1.4,-9.51,0.0,0.125,-0.0625,63,,,,,
2026-08-05T08:29:25.084,71.887,landed,,,,,False,,,35.9184062,139.9079523,,,31.14,1011.9603125,43.4326171875,286.9375,-3.125,-171.375,-0.64,1.39,-9.51,0.0,0.0625,-0.125,63,,,,,
2026-08-05T08:29:25.592,72.395,landed,,,,,False,,,35.9184062,139.9079523,,,31.12,1011.9903515625,43.3974609375,286.9375,-3.125,-171.375,-0.64,1.38,-9.52,0.0,-0.125,0.0,63,,,,,
2026-08-05T08:29:26.107,72.910,landed,,,,,False,,,35.9184062,139.9079523,,,31.12,1011.9903515625,43.3623046875,286.9375,-3.125,-171.375,-0.65,1.39,-9.52,0.0,-0.25,0.0,63,,,,,
2026-08-05T08:29:26.616,73.419,landed,,,,,False,,,35.9184062,139.9079523,,,27.96,1006.9743359375,43.32421875,286.9375,-3.125,-171.375,-0.66,1.41,-9.51,-0.0625,0.125,0.0625,63,,,,,
2026-08-05T08:29:27.134,73.937,landed,,,,,False,,,35.9184062,139.9079523,,,31.12,1012.0095703125,43.3037109375,286.9375,-3.125,-171.375,-0.64,1.39,-9.49,-0.0625,-0.0625,-0.0625,63,,,,,
2026-08-05T08:29:27.638,74.441,landed,,,,,False,,,35.9184062,139.9079523,,,31.13,1011.971171875,43.29296875,286.9375,-3.125,-171.375,-0.66,1.4,-9.51,0.0,0.0625,0.0625,63,,,,,
2026-08-05T08:29:28.139,74.942,landed,,,,,False,,,35.9184062,139.9079523,,,31.13,1011.943984375,43.2470703125,286.9375,-3.125,-171.375,-0.67,1.4,-9.51,-0.0625,0.0,0.0625,63,,,,,
2026-08-05T08:29:28.642,75.445,landed,,,,,False,,,35.9184062,139.9079523,,,22.97,668.6895703125,75.1494140625,286.9375,-3.125,-163.375,-0.64,1.4,-9.5,0.0625,-0.0625,0.125,63,,,,,
2026-08-05T08:29:29.142,75.945,landed,,,,,False,,,35.9184062,139.9079523,,,22.97,668.6895703125,75.1494140625,286.9375,-3.125,-171.375,-0.66,1.39,-9.54,0.0,0.0,0.125,63,,,,,
2026-08-05T08:29:29.643,76.446,landed,,,,,False,,,35.9184062,139.9079523,,,22.97,668.6895703125,75.1494140625,286.9375,-3.125,-171.375,-0.64,1.41,-9.54,0.0,-0.125,0.125,63,,,,,
2026-08-05T08:29:30.144,76.947,landed,,,,,False,,,35.9184062,139.9079523,,,22.97,668.6895703125,75.1494140625,286.9375,-3.125,-171.375,-0.64,1.39,-9.53,0.0,-0.1875,0.0625,63,,,,,
2026-08-05T08:29:30.652,77.455,landed,,,,,False,,,35.9184062,139.9079523,,,22.97,668.6895703125,75.1494140625,286.9375,-3.125,-171.375,-0.65,1.41,-9.53,0.0625,-0.0625,0.0625,63,,,,,
2026-08-05T08:29:31.174,77.977,landed,,,,,False,,,35.9184062,139.9079523,,,22.97,668.6895703125,75.1494140625,286.9375,-3.125,-171.375,-0.65,1.41,-9.53,0.0,0.125,-0.125,63,,,,,
2026-08-05T08:29:31.676,78.479,landed,,,,,False,,,35.9184062,139.9079523,,,22.97,668.6895703125,75.1494140625,286.9375,-3.125,-171.375,-0.64,1.4,-9.5,0.0,-0.0625,0.0,63,,,,,
2026-08-05T08:29:32.182,78.985,landed,,,,,False,,,35.9184062,139.9079523,,,22.97,668.6895703125,75.1494140625,286.9375,-3.125,-171.375,-0.66,1.39,-9.5,-0.125,0.0625,0.0,63,,,,,
2026-08-05T08:29:32.692,79.495,landed,,,,,False,,,35.9184062,139.9079523,,,22.97,668.6895703125,75.1494140625,286.9375,-3.125,-171.375,-0.65,1.39,-9.5,-0.0625,0.0,0.0,63,,,,,
2026-08-05T08:29:33.196,79.999,landed,,,,,False,,,35.9184062,139.9079523,,,22.97,668.6895703125,75.1494140625,286.9375,-3.125,-163.375,-0.63,1.39,-9.53,0.0625,-0.125,0.125,63,,,,,
2026-08-05T08:29:33.696,80.499,landed,,,,,False,,,35.9184062,139.9079523,,,22.97,668.6895703125,75.1494140625,286.9375,-3.125,-171.375,-0.64,1.39,-9.53,-0.0625,0.0,0.125,63,,,,,
2026-08-05T08:29:34.212,81.015,landed,,,,,False,,,35.9184062,139.9079523,,,22.97,668.6895703125,75.1494140625,286.9375,2.875,-164.0,2.59,5.29,-11.75,-91.0625,77.5,82.9375,63,,,,,
2026-08-05T08:29:34.782,81.585,landed,,,,,False,,,35.9184062,139.9079523,,,22.97,668.6895703125,75.1494140625,41.3125,31.5625,-137.875,5.1,5.11,-7.39,-68.0625,22.6875,-23.8125,63,,,,,
2026-08-05T08:29:35.282,82.085,landed,,,,,False,,,35.9184062,139.9079523,,,22.97,668.6895703125,75.1494140625,71.8125,22.25,-114.25,3.74,7.66,-2.82,-13.0625,-29.8125,-16.0,63,,,,,
2026-08-05T08:29:35.788,82.591,landed,,,,,False,,,35.9184062,139.9079523,,,22.97,668.6895703125,75.1494140625,88.25,18.0625,-122.625,2.98,8.19,-3.29,-15.8125,-5.9375,29.25,63,,,,,
2026-08-05T08:29:36.294,83.098,landed,,,,,False,,,35.9184062,139.9079523,,,22.97,668.6895703125,75.1494140625,94.0,20.0,-110.6875,2.65,7.11,-2.54,-45.25,4.75,-27.875,63,,,,,
2026-08-05T08:29:36.795,83.598,landed,,,,,False,,,35.9184062,139.9079523,,,22.97,668.6895703125,75.1494140625,111.9375,17.75,-96.1875,1.55,7.62,-0.19,-77.0625,-19.3125,10.25,63,,,,,
2026-08-05T08:29:37.295,84.098,landed,,,,,False,,,35.9184062,139.9079523,,,22.97,668.6895703125,75.1494140625,112.625,13.0,-95.3125,3.07,11.21,-1.52,36.6875,32.5625,-53.8125,63,,,,,
2026-08-05T08:29:37.796,84.599,landed,,,,,False,,,35.9184062,139.9079523,,,22.97,668.6895703125,75.1494140625,110.25,7.625,-87.4375,1.02,10.81,-0.67,-7.875,-7.625,3.8125,63,,,,,
2026-08-05T08:29:38.296,85.099,landed,,,,,False,,,35.9184062,139.9079523,,,22.97,668.6895703125,75.1494140625,110.5625,9.5625,-91.4375,2.02,8.78,0.41,-2.125,-7.8125,12.4375,63,,,,,
2026-08-05T08:29:38.796,85.599,landed,,,,,False,,,35.9184062,139.9079523,,,22.97,668.6895703125,75.1494140625,103.125,9.3125,-97.625,1.85,9.08,-0.31,7.875,17.75,-3.9375,191,,,,,
2026-08-05T08:29:39.297,86.100,landed,,,,,False,,,35.9184062,139.9079523,,,22.97,668.6895703125,75.1494140625,109.125,7.25,-101.0625,1.11,8.05,-1.64,-13.625,3.1875,-1.5,63,,,,,
2026-08-05T08:29:39.797,86.600,landed,,,,,False,,,35.9184062,139.9079523,,,22.97,668.6895703125,75.1494140625,103.0,6.125,-101.5,0.27,7.94,-1.28,-3.9375,22.4375,-19.4375,63,,,,,
2026-08-05T08:29:40.298,87.101,landed,,,,,False,,,35.9184062,139.9079523,,,22.97,668.6895703125,75.1494140625,105.4375,4.5625,-99.0,-0.12,7.91,-1.22,12.1875,-29.8125,11.5625,63,,,,,
2026-08-05T08:29:40.798,87.601,landed,,,,,False,,,35.9184062,139.9079523,,,22.97,668.6895703125,75.1494140625,104.1875,8.4375,-100.25,1.59,9.46,-2.38,2.0,11.375,1.25,63,,,,,
2026-08-05T08:29:41.298,88.101,landed,,,,,False,,,35.9184062,139.9079523,,,22.97,668.6895703125,75.1494140625,105.5625,5.1875,-100.0625,1.15,11.23,-2.36,30.125,-20.8125,3.9375,63,,,,,
2026-08-05T08:29:41.799,88.602,landed,,,,,False,,,35.9184062,139.9079523,,,22.97,668.6895703125,75.1494140625,109.625,7.6875,-103.375,2.19,10.62,-3.72,40.9375,1.5625,-0.875,63,,,,,
2026-08-05T08:29:42.299,89.102,landed,,,,,False,,,35.9184062,139.9079523,,,22.97,668.6895703125,75.1494140625,105.375,4.25,-103.75,1.06,10.14,-2.69,-11.0,-10.3125,-5.875,63,,,,,
2026-08-05T08:29:42.800,89.602,landed,,,,,False,,,35.9184062,139.9079523,,,22.97,668.6895703125,75.1494140625,108.875,6.625,-102.125,1.77,9.41,-2.52,-8.125,-15.1875,25.3125,63,,,,,
2026-08-05T08:29:43.300,90.103,landed,,,,,False,,,35.9184062,139.9079523,,,22.97,668.6895703125,75.1494140625,107.9375,5.375,-105.75,1.32,9.3,-1.87,-15.1875,-8.5625,0.375,63,,,,,
2026-08-05T08:29:43.801,90.604,landed,,,,,False,,,35.9184062,139.9079523,,,22.97,668.6895703125,75.1494140625,117.375,4.0,-104.125,1.47,8.27,-1.81,0.0,-8.9375,6.8125,63,,,,,
2026-08-05T08:29:44.301,91.104,landed,,,,,False,,,35.9184062,139.9079523,,,22.97,668.6895703125,75.1494140625,110.125,4.9375,-106.8125,0.26,7.7,-1.89,-8.875,17.375,-16.125,63,,,,,
2026-08-05T08:29:44.806,91.608,landed,,,,,False,,,35.9184062,139.9079523,,,22.97,668.6895703125,75.1494140625,112.9375,4.75,-105.5625,1.21,7.19,-1.65,-19.0,16.625,2.375,63,,,,,
2026-08-05T08:29:45.306,92.109,landed,,,,,False,,,35.9184062,139.9079523,,,22.97,668.6895703125,75.1494140625,105.875,4.75,-105.375,0.05,7.45,-1.67,-7.0,25.8125,-20.4375,63,,,,,
2026-08-05T08:29:45.806,92.609,landed,,,,,False,,,35.9184062,139.9079523,,,22.97,668.6895703125,75.1494140625,111.25,2.625,-104.9375,-0.42,8.91,-2.1,28.75,-19.125,-0.8125,63,,,,,
2026-08-05T08:29:46.307,93.110,landed,,,,,False,,,35.9184062,139.9079523,,,22.97,668.6895703125,75.1494140625,106.5625,4.75,-105.8125,0.89,8.69,-2.8,8.5625,29.5625,-13.75,63,,,,,
2026-08-05T08:29:46.812,93.615,landed,,,,,False,,,35.9184062,139.9079523,,,22.97,668.6895703125,75.1494140625,110.6875,2.3125,-104.375,0.15,9.49,-2.13,-8.5,-17.0,0.4375,63,,,,,
2026-08-05T08:29:47.312,94.115,landed,,,,,False,,,35.9184062,139.9079523,,,22.97,668.6895703125,75.1494140625,111.625,4.4375,-105.5625,1.2,10.94,-3.44,16.0,17.9375,-6.0,63,,,,,
2026-08-05T08:29:47.822,94.625,landed,,,,,False,,,35.9184062,139.9079523,,,22.97,668.6895703125,75.1494140625,108.9375,3.5625,-104.75,0.96,10.67,-4.38,14.5,-19.25,8.3125,63,,,,,
2026-08-05T08:29:48.322,95.125,landed,,,,,False,,,35.9184062,139.9079523,,,22.97,668.6895703125,75.1494140625,114.6875,5.3125,-104.8125,1.25,10.05,-3.73,10.125,-23.875,16.5,63,,,,,
2026-08-05T08:29:48.823,95.626,landed,,,,,False,,,35.9184062,139.9079523,,,22.97,668.6895703125,75.1494140625,119.625,2.375,-108.0,0.84,9.91,-3.73,-9.25,-26.5625,1.75,63,,,,,
2026-08-05T08:29:49.323,96.126,landed,,,,,False,,,35.9184062,139.9079523,,,22.97,668.6895703125,75.1494140625,125.9375,4.3125,-105.25,1.28,8.59,-1.88,8.6875,2.5625,5.5,127,,,,,
2026-08-05T08:29:49.824,96.626,landed,,,,,False,,,35.9184062,139.9079523,,,22.97,668.6895703125,75.1494140625,119.625,7.0,-108.1875,0.72,7.9,-2.31,1.4375,4.3125,-19.125,255,,,,,
2026-08-05T08:29:50.324,97.127,landed,,,,,False,,,35.9184062,139.9079523,,,22.97,668.6895703125,75.1494140625,125.5,4.625,-107.1875,0.61,9.06,-3.47,4.625,-17.5625,13.5,191,,,,,
2026-08-05T08:29:50.824,97.627,landed,,,,,False,,,35.9184062,139.9079523,,,22.97,668.6895703125,75.1494140625,122.25,8.375,-106.875,2.23,8.29,-3.79,20.0,40.5625,-28.75,63,,,,,
2026-08-05T08:29:51.325,98.128,landed,,,,,False,,,35.9184062,139.9079523,,,22.97,668.6895703125,75.1494140625,119.0625,4.875,-104.625,-0.21,8.82,-1.74,-14.125,-22.8125,15.9375,63,,,,,
2026-08-05T08:29:51.825,98.628,landed,,,,,False,,,35.9184062,139.9079523,,,22.97,668.6895703125,75.1494140625,119.5,5.5625,-105.8125,1.79,11.34,-4.55,58.25,15.5625,-16.4375,63,,,,,
2026-08-05T08:29:52.326,99.129,landed,,,,,False,,,35.9184062,139.9079523,,,22.97,668.6895703125,75.1494140625,121.3125,4.9375,-102.875,1.83,10.23,-3.98,10.8125,-19.4375,4.375,63,,,,,
2026-08-05T08:29:52.826,99.629,landed,,,,,False,,,35.9184062,139.9079523,,,22.97,668.6895703125,75.1494140625,127.125,5.4375,-104.4375,1.8,9.49,-2.65,-9.0,-14.625,18.5,63,,,,,
2026-08-05T08:29:53.327,100.130,landed,,,,,False,,,35.9184062,139.9079523,,,22.97,668.6895703125,75.1494140625,125.125,6.375,-104.1875,1.57,8.25,-2.26,-23.5625,-8.125,4.3125,63,,,,,
2026-08-05T08:29:53.827,100.630,landed,,,,,False,,,35.9184062,139.9079523,,,22.97,668.6895703125,75.1494140625,134.625,5.75,-105.1875,0.98,7.49,-2.62,-4.0,-8.4375,4.625,63,,,,,
2026-08-05T08:29:54.327,101.130,landed,,,,,False,,,35.9184062,139.9079523,,,22.97,668.6895703125,75.1494140625,128.75,9.375,-109.0,0.14,7.68,-2.95,0.6875,10.125,-3.25,191,,,,,
2026-08-05T08:29:54.828,101.631,landed,,,,,False,,,35.9184062,139.9079523,,,22.97,668.6895703125,75.1494140625,125.9375,9.3125,-109.5625,2.08,8.14,-3.54,4.8125,15.75,-14.5625,127,,,,,
2026-08-05T08:29:55.328,102.131,landed,,,,,False,,,35.9184062,139.9079523,,,22.97,668.6895703125,75.1494140625,125.9375,2.4375,-115.5,0.72,9.32,-3.77,9.5625,-8.375,-17.6875,63,,,,,
2026-08-05T08:29:55.829,102.632,landed,,,,,False,,,35.9184062,139.9079523,,,22.97,668.6895703125,75.1494140625,130.875,1.25,-113.25,0.94,8.72,-2.91,-43.375,5.4375,19.125,63,,,,,
2026-08-05T08:29:56.329,103.132,landed,,,,,False,,,35.9184062,139.9079523,,,22.97,668.6895703125,75.1494140625,127.5,5.5,-106.6875,1.6,9.76,-3.26,-0.125,-10.4375,15.5,63,,,,,
2026-08-05T08:29:56.829,103.632,landed,,,,,False,,,35.9184062,139.9079523,,,22.97,668.6895703125,75.1494140625,118.25,4.625,-106.1875,0.79,9.38,-2.45,-25.6875,-15.0,19.4375,63,,,,,
2026-08-05T08:29:57.330,104.133,landed,,,,,False,,,35.9184062,139.9079523,,,22.97,668.6895703125,75.1494140625,131.0,4.125,-106.5,1.49,7.94,-2.14,0.0625,-18.125,3.5,63,,,,,
2026-08-05T08:29:57.830,104.633,landed,,,,,False,,,35.9184062,139.9079523,,,22.97,668.6895703125,75.1494140625,124.0625,5.875,-106.6875,1.24,7.92,-2.51,-9.125,11.5,3.875,63,,,,,
2026-08-05T08:29:58.331,105.134,landed,,,,,False,,,35.9184062,139.9079523,,,22.97,668.6895703125,75.1494140625,133.5,5.375,-106.5,1.33,7.81,-1.76,-27.75,5.4375,12.375,63,,,,,
2026-08-05T08:29:58.831,105.634,landed,,,,,False,,,35.9184062,139.9079523,,,22.97,668.6895703125,75.1494140625,126.8125,7.75,-107.6875,0.95,7.69,-2.08,5.6875,14.125,-11.75,63,,,,,
2026-08-05T08:29:59.331,106.134,landed,,,,,False,,,35.9184062,139.9079523,,,22.97,668.6895703125,75.1494140625,128.875,10.0625,-106.3125,1.08,8.58,-2.23,14.3125,-18.5,-1.75,63,,,,,
2026-08-05T08:29:59.840,106.643,landed,,,,,False,,,35.9184062,139.9079523,,,22.97,668.6895703125,75.1494140625,131.875,10.0,-107.5625,0.81,7.18,-1.65,-14.875,7.3125,-13.5625,63,,,,,
2026-08-05T08:30:00.340,107.143,landed,,,,,False,,,35.9184062,139.9079523,,,22.97,668.6895703125,75.1494140625,134.3125,8.75,-104.375,0.98,10.66,-3.07,48.25,-27.375,-14.5,63,,,,,
2026-08-05T08:30:00.840,107.643,landed,,,,,False,,,35.9184062,139.9079523,,,22.97,668.6895703125,75.1494140625,130.0625,11.3125,-106.5625,2.96,9.54,-4.39,23.8125,45.0625,-5.0,63,,,,,
2026-08-05T08:30:01.341,108.144,landed,,,,,False,,,35.9184062,139.9079523,,,22.97,668.6895703125,75.1494140625,129.125,9.4375,-100.6875,1.38,10.47,-2.46,18.4375,-28.8125,-16.4375,63,,,,,
2026-08-05T08:30:01.841,108.644,landed,,,,,False,,,35.9184062,139.9079523,,,22.97,668.6895703125,75.1494140625,134.5625,3.875,-107.375,0.59,12.51,-4.51,9.4375,12.5,-0.625,63,,,,,
2026-08-05T08:30:02.342,109.145,landed,,,,,False,,,35.9184062,139.9079523,,,22.97,668.6895703125,75.1494140625,137.9375,4.9375,-105.125,0.89,10.49,-2.96,7.875,-39.6875,1.0625,63,,,,,
2026-08-05T08:30:02.842,109.645,landed,,,,,False,,,35.9184062,139.9079523,,,22.97,668.6895703125,75.1494140625,142.0,5.3125,-106.5,2.0,11.68,-4.61,46.5625,16.6875,-3.8125,63,,,,,
2026-08-05T08:30:03.343,110.146,landed,,,,,False,,,35.9184062,139.9079523,,,22.97,668.6895703125,75.1494140625,139.9375,6.1875,-102.4375,1.05,10.02,-3.46,-35.3125,-2.6875,8.75,63,,,,,
2026-08-05T08:30:03.843,110.646,landed,,,,,False,,,35.9184062,139.9079523,,,22.97,668.6895703125,75.1494140625,140.6875,9.8125,-102.4375,2.72,10.65,-4.19,28.4375,-9.125,1.125,63,,,,,
2026-08-05T08:30:04.343,111.146,landed,,,,,False,,,35.9184062,139.9079523,,,22.97,668.6895703125,75.1494140625,136.375,7.5625,-104.1875,2.06,10.12,-3.58,-23.4375,-21.75,-7.75,63,,,,,
2026-08-05T08:30:04.844,111.647,landed,,,,,False,,,35.9184062,139.9079523,,,22.97,668.6895703125,75.1494140625,139.4375,8.625,-107.125,2.58,9.57,-3.02,-15.3125,9.5625,9.625,63,,,,,
2026-08-05T08:30:05.344,112.147,landed,,,,,False,,,35.9184062,139.9079523,,,22.97,668.6895703125,75.1494140625,137.1875,7.375,-108.6875,1.61,10.04,-2.75,-21.3125,-15.375,-1.625,63,,,,,
2026-08-05T08:30:05.845,112.648,landed,,,,,False,,,35.9184062,139.9079523,,,22.97,668.6895703125,75.1494140625,147.875,11.0625,-109.0,3.3,9.18,-4.27,-2.4375,5.75,4.1875,63,,,,,
2026-08-05T08:30:06.345,113.148,landed,,,,,False,,,35.9184062,139.9079523,,,22.97,668.6895703125,75.1494140625,135.875,8.875,-112.875,2.23,7.22,-3.81,-4.8125,16.75,-18.6875,63,,,,,
2026-08-05T08:30:06.845,113.648,landed,,,,,False,,,35.9184062,139.9079523,,,22.97,668.6895703125,75.1494140625,135.25,8.25,-112.875,1.36,6.1,-2.53,-18.4375,-1.125,3.125,63,,,,,
2026-08-05T08:30:07.346,114.149,landed,,,,,False,,,35.9184062,139.9079523,,,22.97,668.6895703125,75.1494140625,130.1875,8.5625,-111.375,0.84,6.85,-2.59,-22.625,-15.125,3.9375,63,,,,,
2026-08-05T08:30:07.846,114.649,landed,,,,,False,,,35.9184062,139.9079523,,,22.97,668.6895703125,75.1494140625,142.1875,6.25,-108.0,0.08,6.54,-2.12,-27.125,2.4375,19.625,63,,,,,
2026-08-05T08:30:08.347,115.150,landed,,,,,False,,,35.9184062,139.9079523,,,22.97,668.6895703125,75.1494140625,134.3125,11.8125,-112.5625,0.92,6.65,-2.26,-13.3125,14.5625,-22.6875,63,,,,,
2026-08-05T08:30:08.847,115.650,landed,,,,,False,,,35.9184062,139.9079523,,,22.97,668.6895703125,75.1494140625,135.125,9.125,-110.375,0.86,9.9,-3.9,34.8125,-24.6875,-2.375,63,,,,,
2026-08-05T08:30:09.347,116.150,landed,,,,,False,,,35.9184062,139.9079523,,,22.97,668.6895703125,75.1494140625,127.75,10.6875,-113.0625,0.91,7.59,-3.76,30.0,45.4375,-24.5,63,,,,,
2026-08-05T08:30:09.848,116.651,landed,,,,,False,,,35.9184062,139.9079523,,,22.97,668.6895703125,75.1494140625,133.875,8.1875,-113.625,0.44,8.69,-4.22,32.625,-41.1875,10.0,63,,,,,
2026-08-05T08:30:10.348,117.151,landed,,,,,False,,,35.9184062,139.9079523,,,22.97,668.6895703125,75.1494140625,133.75,7.5,-114.875,1.36,8.22,-5.41,25.375,24.3125,-18.6875,63,,,,,
2026-08-05T08:30:10.849,117.652,landed,,,,,False,,,35.9184062,139.9079523,,,22.97,668.6895703125,75.1494140625,135.875,7.0,-111.875,1.77,8.18,-3.84,-9.875,-15.1875,11.8125,63,,,,,
2026-08-05T08:30:11.352,118.155,landed,,,,,False,,,35.9184062,139.9079523,,,22.97,668.6895703125,75.1494140625,137.125,6.875,-116.4375,1.08,10.01,-6.1,19.6875,22.6875,-26.875,63,,,,,
2026-08-05T08:30:11.860,118.663,landed,,,,,False,,,35.9184062,139.9079523,,,22.97,668.6895703125,75.1494140625,143.0,2.8125,-114.75,-1.29,7.42,-3.72,-34.0,-21.0,19.0,63,,,,,
2026-08-05T08:30:12.360,119.163,landed,,,,,False,,,35.9184062,139.9079523,,,22.97,668.6895703125,75.1494140625,138.9375,7.8125,-118.75,3.0,9.18,-4.72,31.25,16.5,-17.4375,63,,,,,
2026-08-05T08:30:12.861,119.664,landed,,,,,False,,,35.9184062,139.9079523,,,22.97,668.6895703125,75.1494140625,136.375,2.375,-119.0,0.69,9.83,-7.29,6.5625,-6.4375,-8.5,63,,,,,
2026-08-05T08:30:13.361,120.164,landed,,,,,False,,,35.9184062,139.9079523,,,22.97,668.6895703125,75.1494140625,139.625,5.5,-116.8125,1.41,9.62,-7.48,52.3125,2.25,-7.0625,63,,,,,
2026-08-05T08:30:13.862,120.665,landed,,,,,False,,,35.9184062,139.9079523,,,22.97,668.6895703125,75.1494140625,137.4375,4.6875,-120.125,1.03,9.87,-7.15,-13.6875,-39.75,-14.0625,63,,,,,
2026-08-05T08:30:14.372,121.175,landed,,,,,False,,,35.9184062,139.9079523,,,22.97,668.6895703125,75.1494140625,151.125,3.5,-115.4375,1.16,8.76,-5.63,19.875,-0.3125,4.4375,63,,,,,
2026-08-05T08:30:14.873,121.675,landed,,,,,False,,,35.9184062,139.9079523,,,22.97,668.6895703125,75.1494140625,139.5625,2.6875,-122.6875,0.89,9.53,-5.53,-6.5625,2.375,-1.125,63,,,,,
2026-08-05T08:30:15.373,122.176,landed,,,,,False,,,35.9184062,139.9079523,,,22.97,668.6895703125,75.1494140625,144.25,4.125,-117.5625,1.24,7.79,-4.6,-5.1875,-9.25,22.875,63,,,,,
2026-08-05T08:30:15.873,122.676,landed,,,,,False,,,35.9184062,139.9079523,,,22.97,668.6895703125,75.1494140625,136.5,6.875,-120.375,1.41,6.87,-4.24,-33.75,-1.0,-6.375,63,,,,,
2026-08-05T08:30:16.374,123.177,landed,,,,,False,,,35.9184062,139.9079523,,,22.97,668.6895703125,75.1494140625,145.0,3.6875,-116.75,1.12,6.33,-3.44,-29.625,-3.0,6.1875,63,,,,,
2026-08-05T08:30:16.874,123.677,landed,,,,,False,,,35.9184062,139.9079523,,,22.97,668.6895703125,75.1494140625,136.4375,6.5,-120.0625,0.43,5.95,-3.16,-13.625,7.5,-9.5625,63,,,,,
2026-08-05T08:30:17.375,124.177,landed,,,,,False,,,35.9184062,139.9079523,,,22.97,668.6895703125,75.1494140625,147.875,2.625,-118.0,0.12,6.65,-3.49,-21.5625,-4.6875,17.6875,63,,,,,
2026-08-05T08:30:17.875,124.678,landed,,,,,False,,,35.9184062,139.9079523,,,22.97,668.6895703125,75.1494140625,138.875,7.625,-120.625,1.04,7.23,-4.15,-1.375,10.75,7.3125,63,,,,,
2026-08-05T08:30:18.375,125.178,landed,,,,,False,,,35.9184062,139.9079523,,,22.97,668.6895703125,75.1494140625,146.3125,6.625,-113.9375,-0.1,8.07,-4.32,6.875,9.625,5.75,63,,,,,
2026-08-05T08:30:18.876,125.679,landed,,,,,False,,,35.9184062,139.9079523,,,22.97,668.6895703125,75.1494140625,148.0,3.6875,-112.3125,0.15,8.2,-4.58,32.5625,-0.25,-28.8125,63,,,,,
2026-08-05T08:30:19.376,126.179,landed,,,,,False,,,35.9184062,139.9079523,,,22.97,668.6895703125,75.1494140625,156.125,-0.0625,-115.6875,0.55,9.8,-4.23,-6.625,-16.1875,16.9375,63,,,,,
2026-08-05T08:30:19.877,126.679,landed,,,,,False,,,35.9184062,139.9079523,,,22.97,668.6895703125,75.1494140625,152.8125,5.25,-113.5625,1.99,9.04,-3.96,24.6875,34.75,15.625,63,,,,,
2026-08-05T08:30:20.377,127.180,landed,,,,,False,,,35.9184062,139.9079523,,,22.97,668.6895703125,75.1494140625,152.625,1.0,-115.6875,-0.63,10.8,-4.9,-12.9375,-27.1875,2.625,63,,,,,
2026-08-05T08:30:20.877,127.680,landed,,,,,False,,,35.9184062,139.9079523,,,22.97,668.6895703125,75.1494140625,164.5,0.1875,-112.125,0.93,9.86,-6.52,59.125,19.75,-35.4375,63,,,,,
2026-08-05T08:30:21.378,128.181,landed,,,,,False,,,35.9184062,139.9079523,,,22.97,668.6895703125,75.1494140625,153.0,1.125,-114.875,-0.38,9.78,-5.62,-23.0625,-31.75,-3.5625,63,,,,,
2026-08-05T08:30:21.878,128.681,landed,,,,,False,,,35.9184062,139.9079523,,,22.97,668.6895703125,75.1494140625,156.1875,6.4375,-118.1875,2.91,7.95,-6.25,-17.875,-11.0625,57.375,63,,,,,
2026-08-05T08:30:22.379,129.181,landed,,,,,False,,,35.9184062,139.9079523,,,22.97,668.6895703125,75.1494140625,137.1875,16.3125,-123.125,2.04,8.44,-4.64,2.375,12.375,21.5,63,,,,,
2026-08-05T08:30:22.879,129.682,landed,,,,,False,,,35.9184062,139.9079523,,,22.97,668.6895703125,75.1494140625,133.9375,24.5625,-134.8125,4.36,5.68,-5.5,5.5,16.1875,58.75,63,,,,,
2026-08-05T08:30:23.379,130.182,landed,,,,,False,,,35.9184062,139.9079523,,,22.97,668.6895703125,75.1494140625,130.4375,30.5,-135.5625,4.49,3.86,-5.7,1.875,18.4375,23.375,63,,,,,
2026-08-05T08:30:23.880,130.683,landed,,,,,False,,,35.9184062,139.9079523,,,22.97,668.6895703125,75.1494140625,131.0625,26.875,-141.625,4.0,4.21,-5.79,14.3125,26.375,-8.6875,63,,,,,
2026-08-05T08:30:24.380,131.183,landed,,,,,False,,,35.9184062,139.9079523,,,22.97,668.6895703125,75.1494140625,15.0,22.1875,-140.0625,3.2,5.56,-6.89,28.25,14.0625,-13.375,63,,,,,
2026-08-05T08:30:24.881,131.684,landed,,,,,False,,,35.9184062,139.9079523,,,22.97,668.6895703125,75.1494140625,24.4375,20.3125,-145.625,2.84,4.96,-8.15,-19.5625,-6.75,5.1875,63,,,,,
2026-08-05T08:30:25.381,132.184,landed,,,,,False,,,35.9184062,139.9079523,,,22.97,668.6895703125,75.1494140625,114.4375,32.875,-144.125,3.69,4.17,-6.75,-12.0,-34.625,-13.75,63,,,,,
2026-08-05T08:30:25.881,132.684,landed,,,,,False,,,35.9184062,139.9079523,,,22.97,668.6895703125,75.1494140625,123.625,31.9375,-145.625,4.76,3.94,-6.65,21.25,-34.0,12.5,63,,,,,
2026-08-05T08:30:26.382,133.185,landed,,,,,False,,,35.9184062,139.9079523,,,22.97,668.6895703125,75.1494140625,120.0625,33.1875,-146.0,4.35,3.87,-7.33,17.5625,-53.875,1.5,63,,,,,
2026-08-05T08:30:26.882,133.685,landed,,,,,False,,,35.9184062,139.9079523,,,22.97,668.6895703125,75.1494140625,122.0625,33.8125,-145.0625,4.47,4.09,-5.99,10.8125,-28.5625,-1.8125,63,,,,,
2026-08-05T08:30:27.383,134.186,landed,,,,,False,,,35.9184062,139.9079523,,,22.97,668.6895703125,75.1494140625,125.5625,32.3125,-146.1875,5.16,4.26,-7.28,35.375,-26.375,15.25,63,,,,,
2026-08-05T08:30:27.883,134.686,landed,,,,,False,,,35.9184062,139.9079523,,,22.97,668.6895703125,75.1494140625,50.5,34.5,-149.375,4.88,3.29,-6.93,-52.875,-2.5,31.6875,63,,,,,
2026-08-05T08:30:28.384,135.186,landed,,,,,False,,,35.9184062,139.9079523,,,22.97,668.6895703125,75.1494140625,53.375,30.875,-148.9375,4.5,3.26,-7.64,29.0,-29.3125,14.25,63,,,,,
2026-08-05T08:30:28.884,135.687,landed,,,,,False,,,35.9184062,139.9079523,,,22.97,668.6895703125,75.1494140625,52.0,28.9375,-148.1875,4.82,3.83,-8.06,-27.625,-24.125,12.0625,63,,,,,
2026-08-05T08:30:29.384,136.187,landed,,,,,False,,,35.9184062,139.9079523,,,22.97,668.6895703125,75.1494140625,62.6875,35.5,-151.6875,5.56,3.19,-5.9,-26.0,-10.3125,-5.3125,63,,,,,
2026-08-05T08:30:29.885,136.688,landed,,,,,False,,,35.9184062,139.9079523,,,22.97,668.6895703125,75.1494140625,60.5,32.5625,-154.0,4.7,3.22,-8.63,-15.5,-12.75,36.4375,63,,,,,
2026-08-05T08:30:30.385,137.188,landed,,,,,False,,,35.9184062,139.9079523,,,22.97,668.6895703125,75.1494140625,61.4375,31.0,-149.5,5.48,3.93,-7.82,-2.25,31.8125,-6.875,63,,,,,
2026-08-05T08:30:30.886,137.689,landed,,,,,False,,,35.9184062,139.9079523,,,22.97,668.6895703125,75.1494140625,126.375,36.6875,-150.0,5.87,4.2,-7.01,-4.0,4.375,20.5,63,,,,,
2026-08-05T08:30:31.386,138.189,landed,,,,,False,,,35.9184062,139.9079523,,,22.97,668.6895703125,75.1494140625,131.5625,37.3125,-147.1875,5.8,3.53,-6.85,-11.9375,23.4375,-5.75,63,,,,,
2026-08-05T08:30:31.887,138.689,landed,,,,,False,,,35.9184062,139.9079523,,,22.97,668.6895703125,75.1494140625,55.1875,29.8125,-149.5625,5.38,4.53,-8.24,-14.5625,19.9375,-9.5,63,,,,,
2026-08-05T08:30:32.387,139.190,landed,,,,,False,,,35.9184062,139.9079523,,,22.97,668.6895703125,75.1494140625,57.4375,32.5625,-152.9375,5.48,3.94,-7.27,4.3125,6.4375,20.8125,63,,,,,
2026-08-05T08:30:32.887,139.690,landed,,,,,False,,,35.9184062,139.9079523,,,22.97,668.6895703125,75.1494140625,58.1875,33.1875,-153.5625,4.55,3.2,-6.73,-0.25,30.875,9.875,63,,,,,
2026-08-05T08:30:33.388,140.191,landed,,,,,False,,,35.9184062,139.9079523,,,22.97,668.6895703125,75.1494140625,57.0625,28.6875,-147.1875,5.28,4.02,-7.08,21.1875,25.375,0.3125,63,,,,,
2026-08-05T08:30:33.888,140.691,landed,,,,,False,,,35.9184062,139.9079523,,,22.97,668.6895703125,75.1494140625,48.5625,31.75,-155.8125,4.52,4.1,-6.41,13.0625,2.5,31.0625,63,,,,,
2026-08-05T08:30:34.389,141.191,landed,,,,,False,,,35.9184062,139.9079523,,,22.97,668.6895703125,75.1494140625,58.5,32.0,-154.0625,5.19,3.22,-6.46,-32.375,11.5625,0.0,63,,,,,
2026-08-05T08:30:34.889,141.692,landed,,,,,False,,,35.9184062,139.9079523,,,22.97,668.6895703125,75.1494140625,60.5625,26.75,-149.0625,4.17,3.58,-7.33,-17.875,16.3125,8.375,63,,,,,
2026-08-05T08:30:35.390,142.192,landed,,,,,False,,,35.9184062,139.9079523,,,22.97,668.6895703125,75.1494140625,68.125,29.3125,-149.9375,4.67,3.51,-6.15,0.9375,38.5625,-4.5625,63,,,,,
2026-08-05T08:30:35.890,142.693,landed,,,,,False,,,35.9184062,139.9079523,,,22.97,668.6895703125,75.1494140625,68.625,26.6875,-152.5,4.02,3.6,-8.16,-6.5,55.25,9.375,63,,,,,
2026-08-05T08:30:36.392,143.195,landed,,,,,False,,,35.9184062,139.9079523,,,22.97,668.6895703125,75.1494140625,68.625,31.375,-151.5625,4.71,3.33,-5.85,-13.5,35.8125,-5.375,63,,,,,
2026-08-05T08:30:36.899,143.702,landed,,,,,False,,,35.9184062,139.9079523,,,22.97,668.6895703125,75.1494140625,67.5625,30.5625,-153.375,5.55,3.07,-7.01,22.0625,10.9375,31.3125,63,,,,,
2026-08-05T08:30:37.399,144.202,landed,,,,,False,,,35.9184062,139.9079523,,,22.97,668.6895703125,75.1494140625,69.5625,31.3125,-152.1875,7.58,3.47,-7.42,-52.0,-7.9375,-53.0,63,,,,,
2026-08-05T08:30:37.900,144.703,landed,,,,,False,,,35.9184062,139.9079523,,,22.97,668.6895703125,75.1494140625,56.5,27.5,-147.0,3.34,4.07,-6.64,21.25,29.5625,-4.375,63,,,,,
2026-08-05T08:30:38.400,145.203,landed,,,,,False,,,35.9184062,139.9079523,,,22.97,668.6895703125,75.1494140625,52.1875,28.1875,-146.75,4.03,4.27,-5.56,-11.375,55.5625,24.1875,63,,,,,
2026-08-05T08:30:38.900,145.703,landed,,,,,False,,,35.9184062,139.9079523,,,22.97,668.6895703125,75.1494140625,58.5,27.25,-155.625,4.96,2.89,-7.63,31.4375,-23.0,47.75,63,,,,,
2026-08-05T08:30:39.401,146.204,landed,,,,,False,,,35.9184062,139.9079523,,,22.97,668.6895703125,75.1494140625,64.9375,26.25,-145.5,5.03,4.43,-5.22,14.75,-3.3125,31.125,63,,,,,
2026-08-05T08:30:39.901,146.704,landed,,,,,False,,,35.9184062,139.9079523,,,22.97,668.6895703125,75.1494140625,69.3125,26.375,-149.625,3.06,4.15,-6.21,2.1875,31.8125,15.25,63,,,,,
2026-08-05T08:30:40.402,147.205,landed,,,,,False,,,35.9184062,139.9079523,,,22.97,668.6895703125,75.1494140625,70.0625,26.9375,-147.75,3.4,4.25,-6.91,4.875,13.1875,-12.1875,63,,,,,
2026-08-05T08:30:40.902,147.705,landed,,,,,False,,,35.9184062,139.9079523,,,22.97,668.6895703125,75.1494140625,68.25,33.5,-152.3125,5.85,2.95,-6.9,21.9375,-23.25,-19.4375,63,,,,,
2026-08-05T08:30:41.403,148.205,landed,,,,,False,,,35.9184062,139.9079523,,,22.97,668.6895703125,75.1494140625,64.5625,26.6875,-147.4375,4.78,4.36,-7.35,-27.375,-48.1875,-20.3125,63,,,,,
2026-08-05T08:30:41.903,148.706,landed,,,,,False,,,35.9184062,139.9079523,,,22.97,668.6895703125,75.1494140625,182.0625,21.0625,-121.5625,3.31,7.48,-4.42,-147.125,-11.5625,-130.125,63,,,,,
2026-08-05T08:30:42.403,149.206,landed,,,,,False,,,35.9184062,139.9079523,,,22.97,668.6895703125,75.1494140625,194.875,15.125,-107.875,1.36,9.86,-3.25,-50.1875,1.4375,-28.9375,63,,,,,
2026-08-05T08:30:42.904,149.707,landed,,,,,False,,,35.9184062,139.9079523,,,22.97,668.6895703125,75.1494140625,223.75,-4.6875,-91.25,0.29,10.12,0.38,-53.9375,-26.75,-72.4375,63,,,,,
2026-08-05T08:30:43.404,150.207,landed,,,,,False,,,35.9184062,139.9079523,,,22.97,668.6895703125,75.1494140625,251.4375,-51.0625,-36.5,-4.5,-1.03,1.05,-70.3125,-52.8125,16.1875,63,,,,,
2026-08-05T08:30:43.905,150.707,landed,,,,,False,,,35.9184062,139.9079523,,,22.97,668.6895703125,75.1494140625,234.5625,4.25,-25.625,-0.86,-0.48,-0.16,-182.5,-15.0,31.25,60,,,,,
2026-08-05T08:30:44.405,151.208,landed,,,,,False,,,35.9184062,139.9079523,,,22.97,668.6895703125,75.1494140625,232.1875,-1.625,8.0,-0.62,-2.09,9.43,9.375,-0.625,-0.0625,60,,,,,
2026-08-05T08:30:44.905,151.708,landed,,,,,False,,,35.9184062,139.9079523,,,22.97,668.6895703125,75.1494140625,232.3125,-1.5,1.9375,-0.3,-0.69,9.69,-1.125,-0.125,-0.0625,63,,,,,
2026-08-05T08:30:45.406,152.209,landed,,,,,False,,,35.9184062,139.9079523,,,22.97,668.6895703125,75.1494140625,232.3125,-1.5625,2.0625,-0.3,-0.52,9.67,-0.1875,0.0625,0.0,63,,,,,
2026-08-05T08:30:45.906,152.709,landed,,,,,False,,,35.9184062,139.9079523,,,22.97,668.6895703125,75.1494140625,232.3125,-1.625,2.25,-0.31,-0.49,9.71,-0.0625,0.0,0.0,63,,,,,
2026-08-05T08:30:46.407,153.209,landed,,,,,False,,,35.9184062,139.9079523,,,22.97,668.6895703125,75.1494140625,232.3125,-1.625,2.25,-0.29,-0.49,9.71,0.0,-0.0625,0.0,63,,,,,
2026-08-05T08:30:46.907,153.710,landed,,,,,False,,,35.9184062,139.9079523,,,22.97,668.6895703125,75.1494140625,238.3125,-3.0625,35.5625,1.0,-8.22,7.5,-223.125,42.75,-39.375,191,,,,,
2026-08-05T08:30:47.407,154.210,landed,,,,,False,,,35.9184062,139.9079523,,,22.97,668.6895703125,75.1494140625,337.0,1.3125,106.6875,2.01,-13.81,-4.03,-240.9375,128.625,-55.8125,63,,,,,
2026-08-05T08:30:47.908,154.711,landed,,,,,False,,,35.9184062,139.9079523,,,22.97,668.6895703125,75.1494140625,154.875,2.125,146.1875,-0.37,-5.95,-7.74,40.0625,0.25,0.3125,63,,,,,
2026-08-05T08:30:48.408,155.211,landed,,,,,False,,,35.9184062,139.9079523,,,22.97,668.6895703125,75.1494140625,336.1875,8.0,111.75,-0.56,-9.29,-3.3,109.875,-2.75,13.0,63,,,,,
2026-08-05T08:30:48.909,155.711,landed,,,,,False,,,35.9184062,139.9079523,,,22.97,668.6895703125,75.1494140625,334.0625,-1.9375,101.5625,-0.7,-9.69,-2.19,-40.0625,1.0625,-2.0625,63,,,,,
2026-08-05T08:30:49.409,156.212,landed,,,,,False,,,35.9184062,139.9079523,,,22.97,668.6895703125,75.1494140625,333.3125,-2.5625,101.8125,-0.71,-9.65,-1.8,1.25,-0.0625,0.0625,191,,,,,
2026-08-05T08:30:49.909,156.712,landed,,,,,False,,,35.9184062,139.9079523,,,22.97,668.6895703125,75.1494140625,332.8125,-3.0,101.625,-0.71,-9.65,-1.95,0.0,0.0625,0.0,63,,,,,
2026-08-05T08:30:50.410,157.213,landed,,,,,False,,,35.9184062,139.9079523,,,22.97,668.6895703125,75.1494140625,332.5,-3.25,101.5625,-0.71,-9.62,-1.91,-0.0625,0.0625,0.0625,63,,,,,
2026-08-05T08:30:50.910,157.713,landed,,,,,False,,,35.9184062,139.9079523,,,22.97,668.6895703125,75.1494140625,332.375,-3.375,101.5,-0.69,-9.62,-1.92,-0.0625,0.125,0.0,63,,,,,
2026-08-05T08:30:51.411,158.213,landed,,,,,False,,,35.9184062,139.9079523,,,22.97,668.6895703125,75.1494140625,332.375,-3.375,101.5,-0.69,-9.61,-1.94,0.0,0.0,-0.0625,191,,,,,
2026-08-05T08:30:51.911,158.714,landed,,,,,False,,,35.9184062,139.9079523,,,22.97,668.6895703125,75.1494140625,332.375,-3.375,101.5,-0.68,-9.62,-1.91,0.0,-0.1875,0.0625,63,,,,,
2026-08-05T08:30:52.411,159.214,landed,,,,,False,,,35.9184062,139.9079523,,,22.97,668.6895703125,75.1494140625,332.375,-3.375,101.5,-0.69,-9.62,-1.9,0.0,0.0,0.0,63,,,,,
2026-08-05T08:30:52.912,159.715,landed,,,,,False,,,35.9184062,139.9079523,,,22.97,668.6895703125,75.1494140625,332.375,-3.375,101.5,-0.7,-9.62,-1.89,0.0,0.0625,0.1875,63,,,,,
2026-08-05T08:30:53.412,160.215,landed,,,,,False,,,35.9184062,139.9079523,,,22.97,668.6895703125,75.1494140625,332.375,-3.375,101.5,-0.69,-9.61,-1.91,-0.0625,-0.1875,-0.0625,63,,,,,
2026-08-05T08:30:53.913,160.716,landed,,,,,False,,,35.9184062,139.9079523,,,22.97,668.6895703125,75.1494140625,332.375,-3.375,101.5,-0.68,-9.61,-1.91,0.0,0.0625,-0.0625,63,,,,,
2026-08-05T08:30:54.413,161.216,landed,,,,,False,,,35.9184062,139.9079523,,,22.97,668.6895703125,75.1494140625,332.375,-3.375,101.5,-0.68,-9.62,-1.95,8.0625,0.0625,-0.0625,63,,,,,
2026-08-05T08:30:54.913,161.716,landed,,,,,False,,,35.9184062,139.9079523,,,22.97,668.6895703125,75.1494140625,332.375,-3.375,101.5,-0.7,-9.64,-1.92,-0.0625,0.0,0.0625,63,,,,,
2026-08-05T08:30:55.414,162.217,landed,,,,,False,,,35.9184062,139.9079523,,,22.97,668.6895703125,75.1494140625,332.375,-3.375,101.5,-0.7,-9.6,-1.89,0.125,0.0625,0.125,63,,,,,
2026-08-05T08:30:55.914,162.717,landed,,,,,False,,,35.9184062,139.9079523,,,22.97,668.6895703125,75.1494140625,332.375,-3.375,101.5,-0.71,-9.62,-1.93,0.0,0.125,0.0,63,,,,,
2026-08-05T08:30:56.415,163.218,landed,,,,,False,,,35.9184062,139.9079523,,,22.97,668.6895703125,75.1494140625,332.375,-3.375,101.5,-0.68,-9.62,-1.92,-0.125,-0.125,-0.0625,63,,,,,
2026-08-05T08:30:56.915,163.718,landed,,,,,False,,,35.9184062,139.9079523,,,22.97,668.6895703125,75.1494140625,332.375,-3.375,101.5,-0.7,-9.62,-1.91,-0.0625,0.0625,0.0,63,,,,,
2026-08-05T08:30:57.415,164.218,landed,,,,,False,,,35.9184062,139.9079523,,,22.97,668.6895703125,75.1494140625,332.375,-3.375,101.5,-0.73,-9.6,-1.88,0.0,0.125,0.0,63,,,,,
2026-08-05T08:30:57.916,164.719,landed,,,,,False,,,35.9184062,139.9079523,,,22.97,668.6895703125,75.1494140625,332.375,-3.375,101.5,-0.72,-8.35,-1.9,-0.125,-0.1875,0.0625,63,,,,,
2026-08-05T08:30:58.416,165.219,landed,,,,,False,,,35.9184062,139.9079523,,,22.97,668.6895703125,75.1494140625,332.375,-3.375,101.5,-0.69,-9.61,-1.93,0.0625,0.0625,0.0,63,,,,,
2026-08-05T08:30:58.917,165.720,landed,,,,,False,,,35.9184062,139.9079523,,,22.97,668.6895703125,75.1494140625,332.375,-3.375,101.5,-0.71,-9.6,-1.9,0.0,0.0,0.0625,63,,,,,
2026-08-05T08:30:59.418,166.221,landed,,,,,False,,,35.9184062,139.9079523,,,22.97,668.6895703125,75.1494140625,332.375,-3.375,101.5,-0.68,-9.61,-1.91,-0.0625,0.0625,0.0,63,,,,,
2026-08-05T08:30:59.918,166.721,landed,,,,,False,,,35.9184062,139.9079523,,,22.97,668.6895703125,75.1494140625,332.375,-3.375,101.5,-0.68,-9.61,-1.9,-0.0625,0.0,0.0,63,,,,,
2026-08-05T08:31:00.419,167.221,landed,,,,,False,,,35.9184062,139.9079523,,,22.97,668.6895703125,75.1494140625,332.375,-3.375,101.5,-0.68,-9.61,-1.9,0.0,0.0,0.0,63,,,,,
2026-08-05T08:31:00.919,167.722,landed,,,,,False,,,35.9184062,139.9079523,,,22.97,668.6895703125,75.1494140625,332.375,-3.375,101.5,-0.69,-9.6,-1.91,0.0,0.0625,0.1875,63,,,,,
2026-08-05T08:31:01.419,168.222,landed,,,,,False,,,35.9184062,139.9079523,,,22.97,668.6895703125,75.1494140625,332.375,-3.375,101.5,-0.69,-9.61,-1.89,0.0,0.0,0.0,63,,,,,
2026-08-05T08:31:01.920,168.723,landed,,,,,False,,,35.9184062,139.9079523,,,22.97,668.6895703125,75.1494140625,332.375,-3.375,101.5,-0.7,-9.62,-1.92,0.0,0.0,0.0,63,,,,,
2026-08-05T08:31:02.420,169.223,landed,,,,,False,,,35.9184062,139.9079523,,,22.97,668.6895703125,75.1494140625,332.375,-3.375,101.5,-0.7,-9.61,-1.9,0.0625,0.125,-0.0625,63,,,,,
2026-08-05T08:31:02.921,169.724,landed,,,,,False,,,35.9184062,139.9079523,,,22.97,668.6895703125,75.1494140625,332.375,-3.375,101.5,-0.71,-9.61,-1.91,0.0,0.0625,0.0,63,,,,,
2026-08-05T08:31:03.421,170.224,landed,,,,,False,,,35.9184062,139.9079523,,,22.97,668.6895703125,75.1494140625,332.375,-3.375,101.5,-0.7,-9.61,-1.92,0.0625,-0.0625,-0.125,63,,,,,
2026-08-05T08:31:03.922,170.725,landed,,,,,False,,,35.9184062,139.9079523,,,22.97,668.6895703125,75.1494140625,332.375,-3.375,101.5,-0.69,-9.62,-1.93,0.0,-0.0625,-0.0625,63,,,,,
2026-08-05T08:31:04.422,171.225,landed,,,,,False,,,35.9184062,139.9079523,,,22.97,668.6895703125,75.1494140625,332.375,-3.375,101.5,-0.69,-9.61,-1.92,0.0625,0.0,0.0625,63,,,,,
2026-08-05T08:31:04.923,171.726,landed,,,,,False,,,35.9184062,139.9079523,,,22.97,668.6895703125,75.1494140625,332.375,-3.375,101.5,-0.69,-9.62,-1.91,0.0,0.0,0.0625,63,,,,,
2026-08-05T08:31:05.423,172.226,landed,,,,,False,,,35.9184062,139.9079523,,,22.97,668.6895703125,75.1494140625,332.375,-3.375,101.5,-0.7,-9.63,-1.91,0.0,-0.1875,-0.0625,63,,,,,
2026-08-05T08:31:05.924,172.727,landed,,,,,False,,,35.9184062,139.9079523,,,22.97,668.6895703125,75.1494140625,332.375,-3.375,101.5,-0.71,-9.6,-1.92,0.0625,-0.0625,0.0,63,,,,,
2026-08-05T08:31:06.424,173.227,landed,,,,,False,,,35.9184062,139.9079523,,,22.97,668.6895703125,75.1494140625,332.375,-3.375,101.5,-0.69,-9.6,-1.89,0.0,0.0625,0.0625,63,,,,,
2026-08-05T08:31:06.926,173.729,landed,,,,,False,,,35.9184062,139.9079523,,,22.97,668.6895703125,75.1494140625,332.375,-3.375,101.5,-0.68,-9.62,-1.9,-0.0625,-0.125,0.0,63,,,,,
2026-08-05T08:31:07.426,174.229,landed,,,,,False,,,35.9184062,139.9079523,,,22.97,668.6895703125,75.1494140625,332.375,-3.375,101.5,-0.7,-9.61,-1.92,-0.125,0.125,0.0,63,,,,,
2026-08-05T08:31:07.926,174.729,landed,,,,,False,,,35.9184062,139.9079523,,,22.97,668.6895703125,75.1494140625,332.375,-3.375,101.5,-0.69,-9.61,-1.9,0.0625,0.0,-0.0625,63,,,,,
2026-08-05T08:31:08.427,175.230,landed,,,,,False,,,35.9184062,139.9079523,,,22.97,668.6895703125,75.1494140625,332.375,-3.375,101.5,-0.68,-9.62,-1.88,-0.0625,0.0625,0.0,63,,,,,
2026-08-05T08:31:08.927,175.730,landed,,,,,False,,,35.9184062,139.9079523,,,22.97,668.6895703125,75.1494140625,332.375,-3.375,101.5,-0.7,-9.63,-1.9,0.0,0.0,0.0,63,,,,,
2026-08-05T08:31:09.428,176.231,landed,,,,,False,,,35.9184062,139.9079523,,,22.97,668.6895703125,75.1494140625,332.375,-3.375,101.5,-0.69,-9.62,-1.95,0.0625,0.0,-0.0625,63,,,,,
2026-08-05T08:31:09.928,176.731,landed,,,,,False,,,35.9184062,139.9079523,,,22.97,668.6895703125,75.1494140625,332.375,-3.375,101.5,-0.7,-9.6,-1.92,0.0,-0.1875,-0.0625,63,,,,,
2026-08-05T08:31:10.432,177.235,landed,,,,,False,,,35.9184062,139.9079523,,,22.97,668.6895703125,75.1494140625,332.375,-3.375,101.5,-0.71,-9.59,-1.9,0.0625,0.0625,0.0,63,,,,,
2026-08-05T08:31:10.932,177.735,landed,,,,,False,,,35.9184062,139.9079523,,,22.97,668.6895703125,75.1494140625,332.375,-3.375,101.5,-0.71,-9.61,-1.89,0.0,-0.1875,-0.125,63,,,,,
2026-08-05T08:31:11.433,178.236,landed,,,,,False,,,35.9184062,139.9079523,,,22.97,668.6895703125,75.1494140625,332.375,-3.375,101.5,-0.71,-9.63,-1.89,0.0,-0.0625,-0.0625,63,,,,,
2026-08-05T08:31:11.933,178.736,landed,,,,,False,,,35.9184062,139.9079523,,,22.97,668.6895703125,75.1494140625,332.375,-3.375,101.5,-0.68,-9.63,-1.9,-0.0625,0.125,0.0625,63,,,,,
2026-08-05T08:31:12.434,179.236,landed,,,,,False,,,35.9184062,139.9079523,,,22.97,668.6895703125,75.1494140625,332.375,-3.375,101.5,-0.72,-9.63,-1.87,0.0,0.0625,0.0625,63,,,,,
2026-08-05T08:31:12.934,179.737,landed,,,,,False,,,35.9184062,139.9079523,,,22.97,668.6895703125,75.1494140625,332.375,-3.375,101.5,-0.7,-9.63,-1.91,0.0625,-0.0625,-0.0625,63,,,,,
2026-08-05T08:31:13.434,180.237,landed,,,,,False,,,35.9184062,139.9079523,,,22.97,668.6895703125,75.1494140625,332.375,-3.375,101.5,-0.69,-9.6,-1.87,0.0,0.0625,0.1875,63,,,,,
2026-08-05T08:31:13.936,180.739,landed,,,,,False,,,35.9184062,139.9079523,,,22.97,668.6895703125,75.1494140625,332.375,-3.375,101.5,-0.68,-9.62,-1.92,0.0625,-0.0625,0.0625,63,,,,,
2026-08-05T08:31:14.436,181.239,landed,,,,,False,,,35.9184062,139.9079523,,,22.97,668.6895703125,75.1494140625,332.375,-3.375,101.5,-0.7,-9.61,-1.89,-0.0625,0.0625,0.0625,63,,,,,
2026-08-05T08:31:14.936,181.739,landed,,,,,False,,,35.9184062,139.9079523,,,22.97,668.6895703125,75.1494140625,332.375,-3.375,101.5,-0.69,-9.6,-1.89,0.0,0.0,-0.0625,63,,,,,
2026-08-05T08:31:15.437,182.239,landed,,,,,False,,,35.9184062,139.9079523,,,22.97,668.6895703125,75.1494140625,332.375,-3.375,101.5,-0.7,-9.61,-1.89,0.0,0.0,0.125,63,,,,,
2026-08-05T08:31:15.937,182.740,landed,,,,,False,,,35.9184062,139.9079523,,,22.97,668.6895703125,75.1494140625,332.375,-3.375,101.5,-0.7,-9.64,-1.88,0.0625,0.0625,-0.0625,63,,,,,
2026-08-05T08:31:16.437,183.240,landed,,,,,False,,,35.9184062,139.9079523,,,22.97,668.6895703125,75.1494140625,332.375,-3.375,101.5,-0.67,-9.62,-1.92,0.0,0.0625,0.0,63,,,,,
2026-08-05T08:31:16.938,183.741,landed,,,,,False,,,35.9184062,139.9079523,,,22.97,668.6895703125,75.1494140625,332.375,-3.375,101.5,-0.7,-9.62,-1.9,0.0,0.1875,0.0,63,,,,,
2026-08-05T08:31:17.438,184.241,landed,,,,,False,,,35.9184062,139.9079523,,,22.97,668.6895703125,75.1494140625,332.375,-3.375,101.5,-0.7,-9.61,-1.91,0.0,-0.0625,0.0,63,,,,,
2026-08-05T08:31:17.939,184.742,landed,,,,,False,,,35.9184062,139.9079523,,,22.97,668.6895703125,75.1494140625,332.375,-3.375,101.5,-0.7,-9.6,-1.88,0.0,0.0625,-0.125,63,,,,,
2026-08-05T08:31:18.439,185.242,landed,,,,,False,,,35.9184062,139.9079523,,,22.97,668.6895703125,75.1494140625,332.375,-3.375,101.5,-0.7,-9.62,-1.9,0.0,0.0,0.0,63,,,,,
2026-08-05T08:31:18.939,185.742,landed,,,,,False,,,35.9184062,139.9079523,,,22.97,668.6895703125,75.1494140625,332.375,-3.375,101.5,-0.69,-9.63,-1.88,-0.0625,0.0,-0.0625,63,,,,,
2026-08-05T08:31:19.440,186.243,landed,,,,,False,,,35.9184062,139.9079523,,,22.97,668.6895703125,75.1494140625,332.375,-3.375,101.5,-0.7,-9.61,-1.88,-0.125,0.1875,-0.0625,63,,,,,
2026-08-05T08:31:19.940,186.743,landed,,,,,False,,,35.9184062,139.9079523,,,22.97,668.6895703125,75.1494140625,332.375,-3.375,101.5,-0.71,-9.6,-1.88,-0.0625,0.0,-0.0625,63,,,,,
2026-08-05T08:31:20.441,187.244,landed,,,,,False,,,35.9184062,139.9079523,,,22.97,668.6895703125,75.1494140625,332.375,-3.375,101.5,-0.7,-9.63,-1.9,0.125,0.125,-0.125,63,,,,,
2026-08-05T08:31:20.941,187.744,landed,,,,,False,,,35.9184062,139.9079523,,,22.97,668.6895703125,75.1494140625,332.375,-3.375,101.5,-0.69,-9.62,-1.9,0.0,0.0,0.0,63,,,,,
2026-08-05T08:31:21.441,188.244,landed,,,,,False,,,35.9184062,139.9079523,,,22.97,668.6895703125,75.1494140625,332.375,-3.375,101.5,-0.71,-9.63,-1.91,0.0625,-0.0625,0.0,63,,,,,
2026-08-05T08:31:21.942,188.745,landed,,,,,False,,,35.9184062,139.9079523,,,22.97,668.6895703125,75.1494140625,332.375,-3.375,101.5,-0.72,-9.61,-1.9,-0.125,-0.125,-0.0625,63,,,,,
2026-08-05T08:31:22.442,189.245,landed,,,,,False,,,35.9184062,139.9079523,,,22.97,668.6895703125,75.1494140625,332.375,-3.375,101.5,-0.69,-9.61,-1.92,0.125,-0.125,-0.0625,63,,,,,
2026-08-05T08:31:22.943,189.745,landed,,,,,False,,,35.9184062,139.9079523,,,22.97,668.6895703125,75.1494140625,332.375,-3.375,101.5,-0.71,-9.61,-1.91,-0.0625,-0.0625,0.0,63,,,,,
2026-08-05T08:31:23.443,190.246,landed,,,,,False,,,35.9184062,139.9079523,,,22.97,668.6895703125,75.1494140625,332.375,-3.375,101.5,-0.7,-9.63,-1.91,0.125,0.125,-0.0625,63,,,,,
2026-08-05T08:31:23.951,190.765,landed,,,,,False,,,35.9184062,139.9079523,,,22.97,668.6895703125,75.1494140625,332.375,-3.375,101.5,-0.69,-9.61,-1.9,0.0625,0.0,-0.0625,63,,,,,
2026-08-05T08:31:24.450,191.253,landed,,,,,False,,,35.9184062,139.9079523,,,22.97,668.6895703125,75.1494140625,332.375,-3.375,101.5,-0.69,-9.62,-1.89,-0.125,-0.0625,0.0625,63,,,,,
2026-08-05T08:31:24.951,191.753,landed,,,,,False,,,35.9184062,139.9079523,,,22.97,668.6895703125,75.1494140625,332.375,-3.375,101.5,-0.69,-9.61,-1.9,0.0,0.0,0.0625,63,,,,,
2026-08-05T08:31:25.451,192.254,landed,,,,,False,,,35.9184062,139.9079523,,,22.97,668.6895703125,75.1494140625,332.375,-3.375,101.5,-0.68,-9.62,-1.89,0.0,-0.1875,-0.125,63,,,,,
2026-08-05T08:31:25.951,192.754,landed,,,,,False,,,35.9184062,139.9079523,,,22.97,668.6895703125,75.1494140625,332.375,-3.375,101.5,-0.68,-9.61,-1.88,0.125,-0.125,0.0,63,,,,,
2026-08-05T08:31:26.453,193.256,landed,,,,,False,,,35.9184062,139.9079523,,,22.97,668.6895703125,75.1494140625,332.375,-3.375,101.5,-0.68,-9.61,-1.87,-0.125,0.125,0.0,63,,,,,
2026-08-05T08:31:26.954,193.756,landed,,,,,False,,,35.9184062,139.9079523,,,22.97,668.6895703125,75.1494140625,332.375,-3.375,101.5,-0.71,-9.62,-1.88,0.0,0.0,0.0625,63,,,,,
2026-08-05T08:31:27.454,194.257,landed,,,,,False,,,35.9184062,139.9079523,,,22.97,668.6895703125,75.1494140625,332.375,-3.375,101.5,-0.67,-9.6,-1.89,0.125,0.0,0.0625,63,,,,,
2026-08-05T08:31:27.954,194.757,landed,,,,,False,,,35.9184062,139.9079523,,,22.97,668.6895703125,75.1494140625,332.375,-3.375,101.5,-0.7,-9.63,-1.89,0.0,0.0,0.0,63,,,,,
2026-08-05T08:31:28.455,195.258,landed,,,,,False,,,35.9184062,139.9079523,,,22.97,668.6895703125,75.1494140625,332.375,-3.375,101.5,-0.67,-9.61,-1.9,0.0,-0.0625,0.0625,63,,,,,
2026-08-05T08:31:28.955,195.758,landed,,,,,False,,,35.9184062,139.9079523,,,22.97,668.6895703125,75.1494140625,332.375,-3.375,101.5,-0.7,-9.62,-1.91,-0.0625,-0.125,0.0,63,,,,,
2026-08-05T08:31:29.456,196.259,landed,,,,,False,,,35.9184062,139.9079523,,,22.97,668.6895703125,75.1494140625,332.375,-3.375,101.5,-0.68,-9.61,-1.88,0.0,-0.0625,0.0625,63,,,,,
2026-08-05T08:31:29.961,196.763,landed,,,,,False,,,35.9184062,139.9079523,,,22.97,668.6895703125,75.1494140625,332.375,-3.375,101.5,-0.7,-9.6,-1.88,0.0625,-0.0625,0.0625,63,,,,,
2026-08-05T08:31:30.471,197.274,landed,,,,,False,,,35.9184062,139.9079523,,,22.97,668.6895703125,75.1494140625,332.375,-3.375,101.5,-0.68,-9.62,-1.88,0.125,-0.125,0.0625,63,,,,,
2026-08-05T08:31:30.971,197.774,landed,,,,,False,,,35.9184062,139.9079523,,,22.97,668.6895703125,75.1494140625,332.375,-3.375,101.5,-0.69,-9.61,-1.9,-0.0625,-0.0625,-0.0625,63,,,,,
2026-08-05T08:31:31.472,198.275,landed,,,,,False,,,35.9184062,139.9079523,,,22.97,668.6895703125,75.1494140625,332.375,-3.375,101.5,-0.7,-9.62,-1.9,0.0,-0.0625,0.0625,63,,,,,
2026-08-05T08:31:31.979,198.782,landed,,,,,False,,,35.9184062,139.9079523,,,22.97,668.6895703125,75.1494140625,332.375,-3.375,101.5,-0.7,-9.59,-1.89,0.0,0.0,-0.0625,63,,,,,
2026-08-05T08:31:32.481,199.284,landed,,,,,False,,,35.9184062,139.9079523,,,22.97,668.6895703125,75.1494140625,332.375,-3.375,101.5,-0.69,-9.61,-1.87,0.0,0.0,0.0625,63,,,,,
2026-08-05T08:31:32.981,199.784,landed,,,,,False,,,35.9184062,139.9079523,,,22.97,668.6895703125,75.1494140625,332.375,-3.375,101.5,-0.73,-9.61,-1.87,0.0,-0.125,-0.125,63,,,,,
2026-08-05T08:31:33.482,200.285,landed,,,,,False,,,35.9184062,139.9079523,,,22.97,668.6895703125,75.1494140625,332.375,-3.375,101.5,-0.7,-9.6,-1.89,-0.0625,-0.0625,0.0625,63,,,,,
2026-08-05T08:31:33.982,200.785,landed,,,,,False,,,35.9184062,139.9079523,,,22.97,668.6895703125,75.1494140625,332.375,-3.375,101.5,-0.7,-9.6,-1.91,0.0,0.0,-0.0625,63,,,,,
2026-08-05T08:31:34.483,201.285,landed,,,,,False,,,35.9184062,139.9079523,,,22.97,668.6895703125,75.1494140625,332.375,-3.375,101.5,-0.68,-9.6,-1.9,-0.0625,0.0,-0.0625,63,,,,,
2026-08-05T08:31:34.983,201.786,landed,,,,,False,,,35.9184062,139.9079523,,,22.97,668.6895703125,75.1494140625,332.375,-3.375,101.5,-0.7,-9.6,-1.87,0.125,0.0625,-0.0625,63,,,,,
2026-08-05T08:31:35.483,202.286,landed,,,,,False,,,35.9184062,139.9079523,,,22.97,668.6895703125,75.1494140625,332.375,-3.375,101.5,-0.69,-9.61,-1.87,-0.0625,0.0,0.0,63,,,,,
2026-08-05T08:31:35.984,202.787,landed,,,,,False,,,35.9184062,139.9079523,,,22.97,668.6895703125,75.1494140625,332.375,-3.375,101.5,-0.69,-9.61,-1.88,0.125,0.0,0.0,63,,,,,
2026-08-05T08:31:36.484,203.287,landed,,,,,False,,,35.9184062,139.9079523,,,22.97,668.6895703125,75.1494140625,332.375,-3.375,101.5,-0.7,-9.61,-1.9,-0.0625,0.0,0.0625,63,,,,,
2026-08-05T08:31:36.985,203.788,landed,,,,,False,,,35.9184062,139.9079523,,,22.97,668.6895703125,75.1494140625,332.375,-3.375,101.5,-0.72,-9.62,-1.87,0.0625,-0.125,0.1875,63,,,,,
2026-08-05T08:31:37.485,204.288,landed,,,,,False,,,35.9184062,139.9079523,,,22.97,668.6895703125,75.1494140625,332.375,-3.375,101.5,-0.71,-8.33,-1.9,-0.0625,-0.125,0.0625,63,,,,,
2026-08-05T08:31:37.986,204.789,landed,,,,,False,,,35.9184062,139.9079523,,,22.97,668.6895703125,75.1494140625,332.375,-3.375,101.5,-0.69,-9.61,-1.9,0.0625,0.0625,0.1875,63,,,,,
2026-08-05T08:31:38.486,205.289,landed,,,,,False,,,35.9184062,139.9079523,,,22.97,668.6895703125,75.1494140625,332.375,-3.375,101.5,-0.69,-9.61,-1.9,0.0625,-0.0625,0.125,63,,,,,
2026-08-05T08:31:38.986,205.789,landed,,,,,False,,,35.9184062,139.9079523,,,22.97,668.6895703125,75.1494140625,332.375,-3.375,101.5,-0.69,-9.62,-1.86,0.0,-0.0625,0.0,63,,,,,
2026-08-05T08:31:39.487,206.290,landed,,,,,False,,,35.9184062,139.9079523,,,22.97,668.6895703125,75.1494140625,332.375,-3.375,101.5,-0.72,-9.62,-1.88,-0.0625,-0.0625,0.1875,63,,,,,
2026-08-05T08:31:39.987,206.790,landed,,,,,False,,,35.9184062,139.9079523,,,22.97,668.6895703125,75.1494140625,332.375,-3.375,101.5,-0.7,-9.6,-1.89,0.0,0.125,-0.125,63,,,,,
2026-08-05T08:31:40.488,207.291,landed,,,,,False,,,35.9184062,139.9079523,,,22.97,668.6895703125,75.1494140625,332.375,-3.375,101.5,-0.69,-9.6,-1.87,0.0,-0.0625,0.0625,63,,,,,
2026-08-05T08:31:40.988,207.791,landed,,,,,False,,,35.9184062,139.9079523,,,22.97,668.6895703125,75.1494140625,332.375,-3.375,101.5,-0.7,-9.6,-1.9,-0.0625,0.0625,-0.125,63,,,,,
2026-08-05T08:31:41.489,208.292,landed,,,,,False,,,35.9184062,139.9079523,,,22.97,668.6895703125,75.1494140625,332.375,-3.375,101.5,-0.68,-9.61,-1.88,0.0625,0.0625,-0.0625,63,,,,,
2026-08-05T08:31:41.989,208.792,landed,,,,,False,,,35.9184062,139.9079523,,,22.97,668.6895703125,75.1494140625,332.375,-3.375,101.5,-0.7,-9.6,-1.9,0.0,0.125,0.0,63,,,,,
2026-08-05T08:31:42.491,209.294,landed,,,,,False,,,35.9184062,139.9079523,,,22.97,668.6895703125,75.1494140625,332.375,-3.375,101.5,-0.69,-9.61,-1.89,0.0625,-0.0625,0.0625,63,,,,,
2026-08-05T08:31:42.991,209.793,landed,,,,,False,,,35.9184062,139.9079523,,,22.97,668.6895703125,75.1494140625,332.375,-3.375,101.5,-0.69,-9.6,-1.88,0.0625,0.25,0.125,63,,,,,
2026-08-05T08:31:43.492,210.295,landed,,,,,False,,,35.9184062,139.9079523,,,22.97,668.6895703125,75.1494140625,332.375,-3.375,101.5,-0.71,-9.59,-1.91,0.0625,0.0625,0.0625,63,,,,,
2026-08-05T08:31:43.992,210.795,landed,,,,,False,,,35.9184062,139.9079523,,,22.97,668.6895703125,75.1494140625,332.375,-3.375,101.5,-0.69,-9.61,-1.89,0.0,0.0625,0.0625,63,,,,,
2026-08-05T08:31:44.493,211.296,landed,,,,,False,,,35.9184062,139.9079523,,,22.97,668.6895703125,75.1494140625,332.375,-3.375,101.5,-0.69,-9.61,-1.9,-0.0625,0.0,0.0625,63,,,,,
2026-08-05T08:31:44.993,211.796,landed,,,,,False,,,35.9184062,139.9079523,,,22.97,668.6895703125,75.1494140625,332.375,-3.375,101.5,-0.7,-8.33,-1.9,0.0625,0.125,0.125,63,,,,,
2026-08-05T08:31:45.494,212.297,landed,,,,,False,,,35.9184062,139.9079523,,,22.97,668.6895703125,75.1494140625,332.375,-3.375,101.5,-0.7,-9.62,-1.87,-0.0625,0.0,-0.0625,63,,,,,
2026-08-05T08:31:45.994,212.797,landed,,,,,False,,,35.9184062,139.9079523,,,22.97,668.6895703125,75.1494140625,332.375,-3.375,101.5,-0.7,-9.6,-1.88,0.0,0.0625,0.125,63,,,,,
2026-08-05T08:31:46.495,213.297,landed,,,,,False,,,35.9184062,139.9079523,,,22.97,668.6895703125,75.1494140625,332.375,-3.375,101.5,-0.68,-9.61,-1.9,0.0,0.0625,0.0625,63,,,,,
2026-08-05T08:31:46.995,213.798,landed,,,,,False,,,35.9184062,139.9079523,,,22.97,668.6895703125,75.1494140625,332.375,-3.375,101.5,-0.7,-9.62,-1.9,-0.125,0.0625,-0.0625,63,,,,,
2026-08-05T08:31:47.495,214.298,landed,,,,,False,,,35.9184062,139.9079523,,,22.97,668.6895703125,75.1494140625,332.375,-3.375,101.5,-0.68,-9.62,-1.88,0.0625,0.125,-0.0625,63,,,,,
2026-08-05T08:31:47.996,214.799,landed,,,,,False,,,35.9184062,139.9079523,,,22.97,668.6895703125,75.1494140625,332.375,-3.375,101.5,-0.69,-9.61,-1.87,0.0625,-0.0625,0.0625,63,,,,,
2026-08-05T08:31:48.496,215.299,landed,,,,,False,,,35.9184062,139.9079523,,,22.97,668.6895703125,75.1494140625,332.375,-3.375,101.5,-0.68,-9.61,-1.88,0.0,0.0,0.0625,63,,,,,
2026-08-05T08:31:48.997,215.800,landed,,,,,False,,,35.9184062,139.9079523,,,22.97,668.6895703125,75.1494140625,332.375,-3.375,101.5,-0.7,-9.6,-1.86,-0.0625,0.125,0.0625,63,,,,,
2026-08-05T08:31:49.501,216.304,landed,,,,,False,,,35.9184062,139.9079523,,,22.97,668.6895703125,75.1494140625,332.375,-3.375,101.5,-0.68,-9.6,-1.91,0.0625,-0.0625,-0.125,63,,,,,
2026-08-05T08:31:50.001,216.804,landed,,,,,False,,,35.9184062,139.9079523,,,22.97,668.6895703125,75.1494140625,332.375,-3.375,101.5,-0.7,-9.6,-1.88,0.0,-0.1875,-0.0625,63,,,,,
2026-08-05T08:31:50.502,217.305,landed,,,,,False,,,35.9184062,139.9079523,,,22.97,668.6895703125,75.1494140625,332.375,-3.375,101.5,-0.7,-9.64,-1.89,0.0,0.1875,0.0,63,,,,,
2026-08-05T08:31:51.007,217.809,landed,,,,,False,,,35.9184062,139.9079523,,,22.97,668.6895703125,75.1494140625,332.375,-3.375,101.5,-0.69,-9.62,-1.92,0.0,-0.0625,-0.0625,63,,,,,
2026-08-05T08:31:51.507,218.310,landed,,,,,False,,,35.9184062,139.9079523,,,22.97,668.6895703125,75.1494140625,332.375,-3.375,101.5,-0.68,-9.62,-1.87,0.0,0.0,0.0625,63,,,,,
2026-08-05T08:31:52.007,218.810,landed,,,,,False,,,35.9184062,139.9079523,,,22.97,668.6895703125,75.1494140625,332.375,-3.375,101.5,-0.69,-9.6,-1.86,0.0,0.125,-0.125,63,,,,,
2026-08-05T08:31:52.508,219.311,landed,,,,,False,,,35.9184062,139.9079523,,,22.97,668.6895703125,75.1494140625,332.375,-3.375,101.5,-0.69,-9.61,-1.89,0.0625,0.0,0.125,63,,,,,
2026-08-05T08:31:53.008,219.811,landed,,,,,False,,,35.9184062,139.9079523,,,22.97,668.6895703125,75.1494140625,332.375,-3.375,101.5,-0.69,-9.62,-1.88,-0.0625,-0.0625,-0.0625,63,,,,,
2026-08-05T08:31:53.509,220.311,landed,,,,,False,,,35.9184062,139.9079523,,,22.97,668.6895703125,75.1494140625,332.375,-3.375,101.5,-0.69,-9.6,-1.88,0.0,-0.125,0.0625,63,,,,,
2026-08-05T08:31:54.009,220.812,landed,,,,,False,,,35.9184062,139.9079523,,,22.97,668.6895703125,75.1494140625,332.375,-3.375,101.5,-0.7,-8.32,-1.9,0.0625,-0.1875,0.125,63,,,,,
2026-08-05T08:31:54.509,221.312,landed,,,,,False,,,35.9184062,139.9079523,,,22.97,668.6895703125,75.1494140625,332.375,-3.375,101.5,-0.68,-9.61,-1.88,0.0625,0.125,-0.125,63,,,,,
2026-08-05T08:31:55.010,221.813,landed,,,,,False,,,35.9184062,139.9079523,,,22.97,668.6895703125,75.1494140625,332.375,-3.375,101.5,-0.7,-9.61,-1.9,-0.125,0.0,0.0,63,,,,,
2026-08-05T08:31:55.510,222.313,landed,,,,,False,,,35.9184062,139.9079523,,,22.97,668.6895703125,75.1494140625,332.375,-3.375,101.5,-0.7,-9.6,-1.88,-0.0625,0.1875,0.0,63,,,,,
2026-08-05T08:31:56.011,222.814,landed,,,,,False,,,35.9184062,139.9079523,,,22.97,668.6895703125,75.1494140625,332.375,-3.375,101.5,-0.68,-9.61,-0.63,0.125,-0.1875,-0.0625,63,,,,,
2026-08-05T08:31:56.511,223.314,landed,,,,,False,,,35.9184062,139.9079523,,,22.97,668.6895703125,75.1494140625,332.375,-3.375,101.5,-0.67,-9.62,-1.88,-0.25,-0.0625,0.0,63,,,,,
2026-08-05T08:31:57.012,223.814,landed,,,,,False,,,35.9184062,139.9079523,,,22.97,668.6895703125,75.1494140625,332.375,-3.375,101.5,-0.7,-9.6,-1.93,0.125,0.0,0.0,63,,,,,
2026-08-05T08:31:57.512,224.315,landed,,,,,False,,,35.9184062,139.9079523,,,22.97,668.6895703125,75.1494140625,332.375,-3.375,101.5,-0.7,-9.61,-1.9,0.0,0.0625,-0.0625,63,,,,,
2026-08-05T08:31:58.012,224.815,landed,,,,,False,,,35.9184062,139.9079523,,,22.97,668.6895703125,75.1494140625,332.375,-3.375,101.5,-0.7,-9.64,-1.94,0.0625,0.0,-0.0625,63,,,,,
2026-08-05T08:31:58.513,225.316,landed,,,,,False,,,35.9184062,139.9079523,,,22.97,668.6895703125,75.1494140625,332.375,-3.375,101.5,-0.69,-9.61,-1.87,0.0625,-0.0625,-0.125,63,,,,,
2026-08-05T08:31:59.013,225.816,landed,,,,,False,,,35.9184062,139.9079523,,,22.97,668.6895703125,75.1494140625,332.375,-3.375,101.5,-0.7,-9.6,-1.89,-0.1875,0.0625,0.125,63,,,,,
2026-08-05T08:31:59.514,226.316,landed,,,,,False,,,35.9184062,139.9079523,,,22.97,668.6895703125,75.1494140625,332.375,-3.375,101.5,-0.69,-9.61,-1.87,0.0625,0.0625,0.0625,63,,,,,
2026-08-05T08:32:00.014,226.817,landed,,,,,False,,,35.9184062,139.9079523,,,22.97,668.6895703125,75.1494140625,332.375,-3.375,101.5,-0.71,-9.61,-1.86,-0.0625,0.0625,0.0625,63,,,,,
2026-08-05T08:32:00.514,227.317,landed,,,,,False,,,35.9184062,139.9079523,,,22.97,668.6895703125,75.1494140625,332.375,-3.375,101.5,-0.69,-9.61,-1.91,-0.125,-0.0625,0.0625,63,,,,,
2026-08-05T08:32:01.015,227.818,landed,,,,,False,,,35.9184062,139.9079523,,,22.97,668.6895703125,75.1494140625,332.375,-3.375,101.5,-0.71,-9.62,-1.87,-0.0625,-0.0625,0.125,63,,,,,
2026-08-05T08:32:01.515,228.318,landed,,,,,False,,,35.9184062,139.9079523,,,22.97,668.6895703125,75.1494140625,332.375,-3.375,101.5,-0.69,-8.33,-1.88,0.0,-0.0625,0.0625,63,,,,,
2026-08-05T08:32:02.016,228.819,landed,,,,,False,,,35.9184062,139.9079523,,,22.97,668.6895703125,75.1494140625,332.375,-3.375,101.5,-0.71,-9.61,-1.88,0.0,0.0,0.0,63,,,,,
2026-08-05T08:32:02.516,229.319,landed,,,,,False,,,35.9184062,139.9079523,,,22.97,668.6895703125,75.1494140625,332.375,-3.375,101.5,-0.68,-9.63,-1.89,0.0,-0.1875,0.125,63,,,,,
2026-08-05T08:32:03.017,229.820,landed,,,,,False,,,35.9184062,139.9079523,,,22.97,668.6895703125,75.1494140625,332.375,-3.375,101.5,-0.69,-9.62,-1.87,0.0,0.0,0.0,63,,,,,
2026-08-05T08:32:03.517,230.320,landed,,,,,False,,,35.9184062,139.9079523,,,22.97,668.6895703125,75.1494140625,332.375,-3.375,101.5,-0.68,-9.63,-1.87,0.0,-0.0625,-0.0625,63,,,,,
2026-08-05T08:32:04.017,230.820,landed,,,,,False,,,35.9184062,139.9079523,,,22.97,668.6895703125,75.1494140625,332.375,-3.375,101.5,-0.68,-9.6,-1.88,0.0,-0.0625,0.0,63,,,,,
2026-08-05T08:32:04.518,231.321,landed,,,,,False,,,35.9184062,139.9079523,,,22.97,668.6895703125,75.1494140625,332.375,-3.375,101.5,-0.72,-9.61,-1.89,0.0,0.0625,-0.0625,63,,,,,
2026-08-05T08:32:05.018,231.821,landed,,,,,False,,,35.9184062,139.9079523,,,22.97,668.6895703125,75.1494140625,332.375,-3.375,101.5,-0.7,-9.63,-1.89,0.0,0.0,0.0,63,,,,,
2026-08-05T08:32:05.519,232.322,landed,,,,,False,,,35.9184062,139.9079523,,,22.97,668.6895703125,75.1494140625,332.375,-3.375,101.5,-0.71,-9.62,-1.87,-0.0625,-0.0625,0.0,63,,,,,
2026-08-05T08:32:06.019,232.822,landed,,,,,False,,,35.9184062,139.9079523,,,22.97,668.6895703125,75.1494140625,332.375,-3.375,101.5,-0.7,-9.6,-1.88,-0.0625,-0.0625,0.0,63,,,,,
2026-08-05T08:32:06.520,233.322,landed,,,,,False,,,35.9184062,139.9079523,,,22.97,668.6895703125,75.1494140625,332.375,-3.375,101.5,-0.7,-9.62,-1.88,-0.0625,-0.0625,0.125,63,,,,,
2026-08-05T08:32:07.020,233.823,landed,,,,,False,,,35.9184062,139.9079523,,,22.97,668.6895703125,75.1494140625,332.375,-3.375,101.5,-0.69,-9.63,-1.87,0.0,0.0,0.125,63,,,,,
2026-08-05T08:32:07.520,234.323,landed,,,,,False,,,35.9184062,139.9079523,,,22.97,668.6895703125,75.1494140625,332.375,-3.375,101.5,-0.68,-9.62,-1.88,-0.0625,0.0,-0.0625,63,,,,,
2026-08-05T08:32:08.021,234.824,landed,,,,,False,,,35.9184062,139.9079523,,,22.97,668.6895703125,75.1494140625,332.375,-3.375,101.5,-0.69,-9.62,-1.88,0.0,0.0625,0.0625,63,,,,,
2026-08-05T08:32:08.521,235.324,landed,,,,,False,,,35.9184062,139.9079523,,,22.97,668.6895703125,75.1494140625,332.375,-3.375,101.5,-0.7,-9.63,-1.88,0.0,0.0,-0.125,63,,,,,
2026-08-05T08:32:09.022,235.825,landed,,,,,False,,,35.9184062,139.9079523,,,22.97,668.6895703125,75.1494140625,332.375,-3.375,101.5,-0.67,-9.61,-1.88,-0.0625,0.0625,-0.0625,63,,,,,
2026-08-05T08:32:09.522,236.325,landed,,,,,False,,,35.9184062,139.9079523,,,22.97,668.6895703125,75.1494140625,332.375,-3.375,101.5,-0.71,-9.61,-1.89,0.0625,0.0,0.0625,63,,,,,
2026-08-05T08:32:10.023,236.825,landed,,,,,False,,,35.9184062,139.9079523,,,22.97,668.6895703125,75.1494140625,332.375,-3.375,101.5,-0.71,-9.63,-1.89,0.0,-0.0625,0.125,63,,,,,
2026-08-05T08:32:10.523,237.326,landed,,,,,False,,,35.9184062,139.9079523,,,22.97,668.6895703125,75.1494140625,332.375,-3.375,109.5,-0.67,-9.62,-1.85,0.0,0.3125,-0.1875,63,,,,,
2026-08-05T08:32:11.024,237.826,landed,,,,,False,,,35.9184062,139.9079523,,,22.97,668.6895703125,75.1494140625,332.375,-3.375,101.5,-0.69,-9.63,-1.88,-0.0625,0.1875,0.0,63,,,,,
2026-08-05T08:32:11.524,238.327,landed,,,,,False,,,35.9184062,139.9079523,,,22.97,668.6895703125,75.1494140625,332.375,-3.375,101.5,-0.7,-9.61,-1.89,0.0625,0.0625,-0.0625,63,,,,,
2026-08-05T08:32:12.024,238.827,landed,,,,,False,,,35.9184062,139.9079523,,,22.97,668.6895703125,75.1494140625,332.375,-3.375,101.5,-0.69,-9.61,-1.87,0.0625,0.0,0.0,63,,,,,
2026-08-05T08:32:12.525,239.328,landed,,,,,False,,,35.9184062,139.9079523,,,22.97,668.6895703125,75.1494140625,332.375,-3.375,101.5,-0.7,-9.62,-1.87,0.0,-0.125,0.0,63,,,,,
2026-08-05T08:32:13.025,239.828,landed,,,,,False,,,35.9184062,139.9079523,,,22.97,668.6895703125,75.1494140625,332.375,-3.375,101.5,-0.69,-9.63,-1.91,0.0,0.125,-0.0625,63,,,,,
2026-08-05T08:32:13.526,240.329,landed,,,,,False,,,35.9184062,139.9079523,,,22.97,668.6895703125,75.1494140625,332.375,-3.375,101.5,-0.69,-9.62,-1.86,0.0,0.0,0.0625,63,,,,,
2026-08-05T08:32:14.026,240.829,landed,,,,,False,,,35.9184062,139.9079523,,,22.97,668.6895703125,75.1494140625,332.375,-3.375,101.5,-0.7,-9.61,-1.89,0.125,0.125,-0.0625,63,,,,,
2026-08-05T08:32:14.527,241.330,landed,,,,,False,,,35.9184062,139.9079523,,,22.97,668.6895703125,75.1494140625,332.375,-3.375,101.5,-0.71,-9.63,-1.89,-0.0625,-0.0625,8.0,63,,,,,
2026-08-05T08:32:15.032,241.835,landed,,,,,False,,,35.9184062,139.9079523,,,22.97,668.6895703125,75.1494140625,332.375,-3.375,101.5,-0.71,-9.6,-1.87,0.0625,0.0,0.0625,63,,,,,
2026-08-05T08:32:15.533,242.335,landed,,,,,False,,,35.9184062,139.9079523,,,22.97,668.6895703125,75.1494140625,332.375,-3.375,101.5,-0.7,-9.6,-1.87,-0.0625,0.0625,-0.125,63,,,,,
2026-08-05T08:32:16.033,242.836,landed,,,,,False,,,35.9184062,139.9079523,,,22.97,668.6895703125,75.1494140625,332.375,-3.375,101.5,-0.71,-9.61,-1.89,-0.0625,0.1875,-0.125,63,,,,,
2026-08-05T08:32:16.533,243.336,landed,,,,,False,,,35.9184062,139.9079523,,,22.97,668.6895703125,75.1494140625,332.375,-3.375,101.5,-0.71,-9.6,-1.88,0.0625,0.1875,0.0625,63,,,,,
2026-08-05T08:32:17.034,243.837,landed,,,,,False,,,35.9184062,139.9079523,,,22.97,668.6895703125,75.1494140625,332.375,-3.375,101.5,-0.68,-9.63,-1.87,0.0,0.0625,0.0,63,,,,,
2026-08-05T08:32:17.534,244.337,landed,,,,,False,,,35.9184062,139.9079523,,,22.97,668.6895703125,75.1494140625,332.375,-3.375,101.5,-0.71,-9.6,-1.9,0.0,0.0,0.0625,63,,,,,
2026-08-05T08:32:18.042,244.845,landed,,,,,False,,,35.9184062,139.9079523,,,22.97,668.6895703125,75.1494140625,332.375,-3.375,101.5,-0.7,-9.61,-1.88,-0.0625,-0.0625,0.0625,63,,,,,
2026-08-05T08:32:18.542,245.345,landed,,,,,False,,,35.9184062,139.9079523,,,22.97,668.6895703125,75.1494140625,332.375,-3.375,101.5,-0.67,-9.6,-1.85,0.0625,0.125,0.0,63,,,,,
2026-08-05T08:32:19.043,245.846,landed,,,,,False,,,35.9184062,139.9079523,,,22.97,668.6895703125,75.1494140625,332.375,-3.375,101.5,-0.7,-9.63,-1.89,0.0625,0.0625,0.0625,63,,,,,
2026-08-05T08:32:19.543,246.346,landed,,,,,False,,,35.9184062,139.9079523,,,22.97,668.6895703125,75.1494140625,332.375,-3.375,101.5,-0.7,-9.64,-1.87,-0.125,0.0625,0.0625,63,,,,,
2026-08-05T08:32:20.044,246.847,landed,,,,,False,,,35.9184062,139.9079523,,,22.97,668.6895703125,75.1494140625,332.375,-3.375,101.5,-0.69,-9.6,-1.89,-0.0625,-0.1875,-0.0625,63,,,,,
2026-08-05T08:32:20.544,247.347,landed,,,,,False,,,35.9184062,139.9079523,,,22.97,668.6895703125,75.1494140625,332.375,-3.375,101.5,-0.72,-9.61,-1.86,0.0,0.1875,0.0,63,,,,,
2026-08-05T08:32:21.045,247.847,landed,,,,,False,,,35.9184062,139.9079523,,,22.97,668.6895703125,75.1494140625,332.375,-3.375,101.5,-0.72,-9.64,-1.85,0.0,0.0,-0.0625,63,,,,,
2026-08-05T08:32:21.545,248.348,landed,,,,,False,,,35.9184062,139.9079523,,,22.97,668.6895703125,75.1494140625,332.375,-3.375,101.5,-0.69,-9.62,-1.86,0.0,-0.0625,0.0,63,,,,,
2026-08-05T08:32:22.045,248.848,landed,,,,,False,,,35.9184062,139.9079523,,,22.97,668.6895703125,75.1494140625,332.375,-3.375,101.5,-0.68,-9.62,-1.85,-0.0625,-0.125,0.0,63,,,,,
2026-08-05T08:32:22.546,249.349,landed,,,,,False,,,35.9184062,139.9079523,,,22.97,668.6895703125,75.1494140625,332.375,-3.375,101.5,-0.69,-9.61,-1.87,0.0625,0.0625,0.0,63,,,,,
2026-08-05T08:32:23.046,249.849,landed,,,,,False,,,35.9184062,139.9079523,,,22.97,668.6895703125,75.1494140625,332.375,-3.375,101.5,-0.68,-9.63,-1.86,-0.125,-0.0625,0.0625,63,,,,,
2026-08-05T08:32:23.547,250.349,landed,,,,,False,,,35.9184062,139.9079523,,,22.97,668.6895703125,75.1494140625,332.375,-3.375,101.5,-0.7,-9.62,-1.87,0.0625,-0.125,8.125,63,,,,,
2026-08-05T08:32:24.047,250.850,landed,,,,,False,,,35.9184062,139.9079523,,,22.97,668.6895703125,75.1494140625,332.375,-3.375,101.5,-0.71,-9.62,-1.89,0.0625,0.0,0.0,63,,,,,
2026-08-05T08:32:24.547,251.350,landed,,,,,False,,,35.9184062,139.9079523,,,22.97,668.6895703125,75.1494140625,332.375,-3.375,101.5,-0.7,-9.61,-1.86,0.0,0.0625,0.125,63,,,,,
2026-08-05T08:32:25.048,251.851,landed,,,,,False,,,35.9184062,139.9079523,,,22.97,668.6895703125,75.1494140625,332.375,-3.375,101.5,-0.7,-9.64,-1.87,0.0,0.0625,0.125,63,,,,,
2026-08-05T08:32:25.552,252.355,landed,,,,,False,,,35.9184062,139.9079523,,,22.97,668.6895703125,75.1494140625,332.375,-3.375,101.5,-0.69,-9.61,-1.88,0.125,0.125,0.0625,63,,,,,
2026-08-05T08:32:26.053,252.855,landed,,,,,False,,,35.9184062,139.9079523,,,22.97,668.6895703125,75.1494140625,332.375,-3.375,101.5,-0.69,-9.61,-1.84,0.0625,0.0,0.0,63,,,,,
2026-08-05T08:32:26.553,253.356,landed,,,,,False,,,35.9184062,139.9079523,,,22.97,668.6895703125,75.1494140625,332.375,-3.375,101.5,-0.69,-9.63,-1.86,-0.0625,0.0,-0.0625,63,,,,,
2026-08-05T08:32:27.053,253.856,landed,,,,,False,,,35.9184062,139.9079523,,,22.97,668.6895703125,75.1494140625,332.375,-3.375,101.5,-0.7,-9.61,-1.87,0.0,-0.0625,0.0625,63,,,,,
2026-08-05T08:32:27.554,254.357,landed,,,,,False,,,35.9184062,139.9079523,,,22.97,668.6895703125,75.1494140625,332.375,-3.375,101.5,-0.7,-9.61,-1.89,0.0625,0.1875,0.0625,63,,,,,
2026-08-05T08:32:28.054,254.857,landed,,,,,False,,,35.9184062,139.9079523,,,22.97,668.6895703125,75.1494140625,332.375,-3.375,101.5,-0.69,-9.62,-1.88,0.0,-0.0625,0.0,63,,,,,
2026-08-05T08:32:28.555,255.358,landed,,,,,False,,,35.9184062,139.9079523,,,22.97,668.6895703125,75.1494140625,332.375,-3.375,101.5,-0.69,-9.61,-1.86,8.0,-0.0625,-0.0625,63,,,,,
2026-08-05T08:32:29.055,255.858,landed,,,,,False,,,35.9184062,139.9079523,,,22.97,668.6895703125,75.1494140625,332.375,-3.375,101.5,-0.7,-9.62,-1.87,0.0,-0.0625,0.0,63,,,,,
2026-08-05T08:32:29.556,256.359,landed,,,,,False,,,35.9184062,139.9079523,,,22.97,668.6895703125,75.1494140625,332.375,-3.375,101.5,-0.69,-9.63,-1.89,0.0625,0.0,0.0625,63,,,,,
2026-08-05T08:32:30.056,256.859,landed,,,,,False,,,35.9184062,139.9079523,,,22.97,668.6895703125,75.1494140625,332.375,-3.375,101.5,-0.71,-9.6,-1.84,0.125,0.0625,0.0625,63,,,,,
2026-08-05T08:32:30.557,257.360,landed,,,,,False,,,35.9184062,139.9079523,,,22.97,668.6895703125,75.1494140625,332.375,-3.375,101.5,-0.7,-9.63,-1.83,0.0625,0.0625,0.0625,63,,,,,
2026-08-05T08:32:31.058,257.861,landed,,,,,False,,,35.9184062,139.9079523,,,22.97,668.6895703125,75.1494140625,332.375,-3.375,101.5,-0.71,-9.62,-1.86,-0.125,-0.0625,0.0,63,,,,,
2026-08-05T08:32:31.564,258.367,deploying,,,,,False,,,35.9184062,139.9079523,,,22.97,668.6895703125,75.1494140625,332.375,-3.375,101.5,-0.7,-9.6,-1.82,-0.125,-0.0625,-0.0625,63,,stopped,0.0,0.0,
2026-08-05T08:32:32.065,258.868,deploying,,,,,False,,,35.9184062,139.9079523,,,22.97,668.6895703125,75.1494140625,332.5,-3.5,101.875,-2.58,-13.73,-1.08,29.75,-7.5625,4.0,63,,stopped,0.0,0.0,
2026-08-05T08:32:32.565,259.368,deploying,,,,,False,,,35.9184062,139.9079523,,,22.97,668.6895703125,75.1494140625,332.125,-3.6875,100.6875,-0.72,-9.64,-1.68,-0.375,0.0,-0.125,63,,stopped,0.0,0.0,
2026-08-05T08:32:33.065,259.868,deploying,,,,,False,,,35.9184062,139.9079523,,,22.97,668.6895703125,75.1494140625,331.875,-3.8125,100.875,-0.65,-9.74,-1.78,-1.0,-0.0625,0.125,63,,stopped,0.0,0.0,
2026-08-05T08:32:33.566,260.369,deploying,,,,,False,,,35.9184062,139.9079523,,,22.97,668.6895703125,75.1494140625,331.8125,-3.875,100.875,-0.73,-9.72,-1.81,0.0625,0.0625,0.0,63,,stopped,0.0,0.0,
2026-08-05T08:32:34.068,260.872,deploying,,,,,False,,,35.9184062,139.9079523,,,22.97,668.6895703125,75.1494140625,331.8125,-3.875,101.0,-0.73,-9.73,-1.82,-0.5,0.0625,0.0625,63,,stopped,0.0,0.0,
2026-08-05T08:32:34.568,261.371,deploying,,,,,False,,,35.9184062,139.9079523,,,22.97,668.6895703125,75.1494140625,331.8125,-3.875,101.0625,-0.72,-9.72,-1.84,-0.1875,0.125,-0.0625,63,,reverse,-100.0,-100.0,
2026-08-05T08:32:35.072,261.875,deploying,,,,,False,,,35.9184062,139.9079523,,,22.97,668.6895703125,75.1494140625,342.75,-3.5625,-48.0,-0.33,7.18,2.44,412.4375,-19.4375,-22.1875,63,,forward,100.0,100.0,
2026-08-05T08:32:35.573,262.376,deploying,,,,,False,,,35.9184062,139.9079523,,,22.97,668.6895703125,75.1494140625,331.0,-3.1875,19.875,-0.53,-6.94,8.1,16.125,-4.0,3.375,63,,stopped,0.0,0.0,
2026-08-05T08:32:36.073,262.876,deploying,,,,,False,,,35.9184062,139.9079523,,,22.97,668.6895703125,75.1494140625,332.0625,-2.5,-22.625,0.05,2.07,8.97,-50.9375,-1.625,1.625,63,,stopped,0.0,0.0,
2026-08-05T08:32:36.574,263.376,deploying,,,,,False,,,35.9184062,139.9079523,,,22.97,668.6895703125,75.1494140625,332.125,-2.5,-20.875,-0.41,3.08,9.12,-0.625,0.125,-0.125,63,,stopped,0.0,0.0,
2026-08-05T08:32:37.074,263.877,deploying,,,,,False,,,35.9184062,139.9079523,,,22.97,668.6895703125,75.1494140625,332.125,-2.5,-20.0,-0.43,3.07,9.15,-0.25,0.0625,0.0,63,,stopped,0.0,0.0,
2026-08-05T08:32:37.574,264.377,deploying,,,,,False,,,35.9184062,139.9079523,,,22.97,668.6895703125,75.1494140625,332.125,-2.5,-19.5625,-0.43,3.08,9.17,0.0,-0.0625,-0.0625,63,,stopped,0.0,0.0,
2026-08-05T08:32:38.075,264.878,deploying,,,,,False,,,35.9184062,139.9079523,,,22.97,668.6895703125,75.1494140625,332.125,-2.5,-19.3125,-0.42,3.06,9.2,-0.0625,-0.125,0.0,63,,stopped,0.0,0.0,
2026-08-05T08:32:38.575,265.378,deploying,,,,,False,,,35.9184062,139.9079523,,,22.97,668.6895703125,75.1494140625,332.125,-2.5,-19.25,-0.43,3.05,9.18,0.0625,0.125,0.0625,63,,stopped,0.0,0.0,
2026-08-05T08:32:39.075,265.878,deploying,,,,,False,,,35.9184062,139.9079523,,,22.97,668.6895703125,75.1494140625,332.125,-2.5,-19.25,-0.43,3.07,9.2,-0.125,-0.0625,0.0,63,,stopped,0.0,0.0,
2026-08-05T08:32:39.576,266.379,deploying,,,,,False,,,35.9184062,139.9079523,,,22.97,668.6895703125,75.1494140625,332.125,-2.5,-19.25,-0.43,3.04,9.22,0.0,-0.125,0.125,63,,stopped,0.0,0.0,
2026-08-05T08:32:40.076,266.879,deploying,,,,,False,,,35.9184062,139.9079523,,,22.97,668.6895703125,75.1494140625,332.125,-2.5,-19.25,-0.44,3.05,9.18,8.0,-0.0625,0.0,63,,stopped,0.0,0.0,
2026-08-05T08:32:40.577,267.380,deploying,,,,,False,,,35.9184062,139.9079523,,,22.97,668.6895703125,75.1494140625,332.125,-2.5,-19.25,-0.43,3.04,9.19,0.0,0.1875,-0.0625,63,,stopped,0.0,0.0,
2026-08-05T08:32:41.077,267.880,deploying,,,,,False,,,35.9184062,139.9079523,,,22.97,668.6895703125,75.1494140625,332.125,-2.5,-19.25,-0.44,3.01,9.19,0.0,0.0625,0.0,63,,stopped,0.0,0.0,
2026-08-05T08:32:41.577,268.380,deploying,,,,,False,,,35.9184062,139.9079523,,,22.97,668.6895703125,75.1494140625,332.125,-2.5,-19.25,-0.45,3.02,9.19,0.0625,-0.125,0.125,63,,stopped,0.0,0.0,
2026-08-05T08:32:42.078,268.881,deploying,,,,,False,,,35.9184062,139.9079523,,,22.97,668.6895703125,75.1494140625,332.125,-2.5,-19.25,-0.45,3.02,9.2,0.0,0.0,-0.0625,63,,stopped,0.0,0.0,
2026-08-05T08:32:42.578,269.381,deploying,,,,,False,,,35.9184062,139.9079523,,,22.97,668.6895703125,75.1494140625,332.1875,-2.5,-19.0,-0.44,2.98,9.21,0.0,-0.0625,0.0625,63,,stopped,0.0,0.0,
2026-08-05T08:32:43.079,269.882,deploying,,,,,False,,,35.9184062,139.9079523,,,22.97,668.6895703125,75.1494140625,332.1875,-2.5,-18.8125,-0.43,2.99,9.23,0.0,0.0,0.0625,63,,stopped,0.0,0.0,
2026-08-05T08:32:43.579,270.382,deploying,,,,,False,,,35.9184062,139.9079523,,,22.97,668.6895703125,75.1494140625,332.1875,-2.5625,-18.75,-0.43,2.97,9.19,-0.0625,-0.0625,0.0,63,,stopped,0.0,0.0,
2026-08-05T08:32:44.079,270.882,deploying,,,,,False,,,35.9184062,139.9079523,,,22.97,668.6895703125,75.1494140625,332.1875,-2.5625,-18.75,-0.43,2.98,9.18,0.125,0.0625,0.0,63,,stopped,0.0,0.0,
2026-08-05T08:32:44.580,271.383,deploying,,,,,False,,,35.9184062,139.9079523,,,22.97,668.6895703125,75.1494140625,332.1875,-2.5625,-18.75,-0.43,2.97,9.2,-0.25,-0.0625,-0.0625,63,,stopped,0.0,0.0,
2026-08-05T08:32:45.080,271.883,deploying,,,,,False,,,35.9184062,139.9079523,,,22.97,668.6895703125,75.1494140625,332.1875,-2.5625,-18.75,-0.45,2.95,9.22,0.0,0.0625,0.0,63,,stopped,0.0,0.0,
2026-08-05T08:32:45.581,272.384,deploying,,,,,False,,,35.9184062,139.9079523,,,22.97,668.6895703125,75.1494140625,332.1875,-2.5625,-18.75,-0.44,2.98,9.21,0.0625,0.0625,0.125,63,,stopped,0.0,0.0,
2026-08-05T08:32:46.081,272.884,deploying,,,,,False,,,35.9184062,139.9079523,,,22.97,668.6895703125,75.1494140625,332.1875,-2.5625,-18.75,-0.42,2.96,9.22,0.0,0.0625,-0.0625,63,,stopped,0.0,0.0,
2026-08-05T08:32:46.582,273.385,deploying,,,,,False,,,35.9184062,139.9079523,,,22.97,668.6895703125,75.1494140625,332.1875,-2.5625,-18.75,-0.45,2.98,9.22,0.0625,-0.125,0.125,63,,stopped,0.0,0.0,
2026-08-05T08:32:47.082,273.885,deploying,,,,,False,,,35.9184062,139.9079523,,,22.97,668.6895703125,75.1494140625,332.1875,-2.5625,-18.75,-0.43,2.94,9.22,0.0625,0.0625,0.0625,191,,stopped,0.0,0.0,
2026-08-05T08:32:47.582,274.385,deploying,,,,,False,,,35.9184062,139.9079523,,,22.97,668.6895703125,75.1494140625,332.1875,-2.5625,-18.75,-0.43,2.95,9.23,-0.0625,0.0625,-0.125,63,,stopped,0.0,0.0,
2026-08-05T08:32:48.083,274.886,deploying,,,,,False,,,35.9184062,139.9079523,,,22.97,668.6895703125,75.1494140625,332.1875,-2.5625,-18.75,-0.43,2.92,9.22,-0.0625,-0.125,0.0625,63,,stopped,0.0,0.0,
2026-08-05T08:32:48.583,275.386,deploying,,,,,False,,,35.9184062,139.9079523,,,22.97,668.6895703125,75.1494140625,332.1875,-2.5625,-18.75,-0.45,2.96,9.24,0.0,0.0625,0.0,63,,stopped,0.0,0.0,
2026-08-05T08:32:49.084,275.886,deploying,,,,,False,,,35.9184062,139.9079523,,,22.97,668.6895703125,75.1494140625,332.1875,-2.5625,-18.75,-0.43,2.93,9.2,0.0625,-0.0625,0.0,63,,stopped,0.0,0.0,
2026-08-05T08:32:49.584,276.387,deploying,,,,,False,,,35.9184062,139.9079523,,,22.97,668.6895703125,75.1494140625,332.1875,-2.5625,-18.75,-0.45,2.93,9.23,0.0,0.0,0.0,63,,stopped,0.0,0.0,
2026-08-05T08:32:50.084,276.887,deploying,,,,,False,,,35.9184062,139.9079523,,,22.97,668.6895703125,75.1494140625,332.1875,-2.5625,-18.75,-0.44,2.93,9.24,0.0625,0.0625,0.0,63,,stopped,0.0,0.0,
2026-08-05T08:32:50.585,277.388,deploying,,,,,False,,,35.9184062,139.9079523,,,22.97,668.6895703125,75.1494140625,332.1875,-2.5625,-18.625,-0.44,2.91,9.24,0.0625,-0.0625,0.0625,63,,stopped,0.0,0.0,
2026-08-05T08:32:51.085,277.888,deploying,,,,,False,,,35.9184062,139.9079523,,,22.97,668.6895703125,75.1494140625,332.1875,-2.5625,-18.375,-0.43,2.92,9.23,0.0625,-0.0625,-0.0625,63,,stopped,0.0,0.0,
2026-08-05T08:32:51.586,278.389,deploying,,,,,False,,,35.9184062,139.9079523,,,22.97,668.6895703125,75.1494140625,332.1875,-2.5625,-18.25,-0.44,2.89,9.25,0.0625,0.125,0.0,191,,stopped,0.0,0.0,
2026-08-05T08:32:52.086,278.889,deploying,,,,,False,,,35.9184062,139.9079523,,,22.97,668.6895703125,75.1494140625,332.1875,-2.5625,-18.25,-0.46,2.92,9.23,-0.0625,0.0,0.1875,63,,stopped,0.0,0.0,
2026-08-05T08:32:52.586,279.389,deploying,,,,,False,,,35.9184062,139.9079523,,,22.97,668.6895703125,75.1494140625,332.1875,-2.5625,-18.25,-0.44,2.91,9.24,0.125,-0.125,0.0625,63,,stopped,0.0,0.0,
2026-08-05T08:32:53.087,279.890,deploying,,,,,False,,,35.9184062,139.9079523,,,22.97,668.6895703125,75.1494140625,332.1875,-2.5625,-18.25,-0.45,2.93,9.24,0.0,0.0625,0.0,63,,stopped,0.0,0.0,
2026-08-05T08:32:53.587,280.390,deploying,,,,,False,,,35.9184062,139.9079523,,,22.97,668.6895703125,75.1494140625,332.1875,-2.5625,-18.25,-0.43,2.92,9.22,0.0625,0.0,0.0,63,,stopped,0.0,0.0,
2026-08-05T08:32:54.088,280.891,deploying,,,,,False,,,35.9184062,139.9079523,,,22.97,668.6895703125,75.1494140625,332.1875,-2.5625,-18.25,-0.43,2.89,9.24,0.0625,0.0,0.1875,63,,stopped,0.0,0.0,
2026-08-05T08:32:54.588,281.391,deploying,,,,,False,,,35.9184062,139.9079523,,,22.97,668.6895703125,75.1494140625,332.1875,-2.5625,-18.25,-0.45,2.9,9.24,-0.0625,-0.0625,0.0625,63,,stopped,0.0,0.0,
2026-08-05T08:32:55.088,281.891,deploying,,,,,False,,,35.9184062,139.9079523,,,22.97,668.6895703125,75.1494140625,332.1875,-2.5625,-18.25,-0.44,2.89,9.23,-0.0625,0.0625,-0.0625,63,,stopped,0.0,0.0,
2026-08-05T08:32:55.589,282.392,deploying,,,,,False,,,35.9184062,139.9079523,,,22.97,668.6895703125,75.1494140625,332.1875,-2.5625,-18.25,-0.45,2.89,9.22,0.0,0.0,-0.0625,63,,stopped,0.0,0.0,
2026-08-05T08:32:56.089,282.892,deploying,,,,,False,,,35.9184062,139.9079523,,,22.97,668.6895703125,75.1494140625,332.1875,-2.5625,-18.25,-0.45,2.9,9.24,8.0,8.0,0.0,63,,stopped,0.0,0.0,
2026-08-05T08:32:56.589,283.392,deploying,,,,,False,,,35.9184062,139.9079523,,,22.97,668.6895703125,75.1494140625,332.1875,-2.5625,-18.25,-0.43,2.89,9.25,-0.0625,0.0625,-0.0625,63,,stopped,0.0,0.0,
2026-08-05T08:32:57.090,283.893,deploying,,,,,False,,,35.9184062,139.9079523,,,22.97,668.6895703125,75.1494140625,332.1875,-2.5625,-18.25,-0.44,2.88,9.28,-0.0625,-0.1875,0.0,63,,stopped,0.0,0.0,
2026-08-05T08:32:57.590,284.393,deploying,,,,,False,,,35.9184062,139.9079523,,,22.97,668.6895703125,75.1494140625,332.1875,-2.5625,-18.25,-0.42,2.88,9.26,0.0,-0.0625,0.0,63,,stopped,0.0,0.0,
2026-08-05T08:32:58.091,284.894,deploying,,,,,False,,,35.9184062,139.9079523,,,22.97,668.6895703125,75.1494140625,332.1875,-2.5625,-18.25,-0.42,2.88,9.23,-0.0625,0.1875,0.0,63,,stopped,0.0,0.0,
2026-08-05T08:32:58.591,285.394,deploying,,,,,False,,,35.9184062,139.9079523,,,22.97,668.6895703125,75.1494140625,332.1875,-2.5625,-18.25,-0.22,2.88,9.27,0.0625,0.0,0.0,63,,stopped,0.0,0.0,
2026-08-05T08:32:59.091,285.894,deploying,,,,,False,,,35.9184062,139.9079523,,,22.97,668.6895703125,75.1494140625,332.1875,-2.5625,-18.25,-0.44,2.86,9.27,-0.0625,0.0625,-0.125,63,,stopped,0.0,0.0,
2026-08-05T08:32:59.592,286.395,deploying,,,,,False,,,35.9184062,139.9079523,,,22.97,668.6895703125,75.1494140625,332.1875,-2.5625,-18.25,-0.45,2.89,9.28,0.0625,0.0625,-0.0625,63,,stopped,0.0,0.0,
2026-08-05T08:33:00.092,286.895,deploying,,,,,False,,,35.9184062,139.9079523,,,22.97,668.6895703125,75.1494140625,332.1875,-2.5625,-18.25,-0.44,2.88,9.22,0.125,0.0625,0.0625,63,,stopped,0.0,0.0,
2026-08-05T08:33:00.593,287.396,deploying,,,,,False,,,35.9184062,139.9079523,,,22.97,668.6895703125,75.1494140625,332.1875,-2.5625,-18.25,-0.46,2.86,9.24,-0.0625,0.0625,0.0625,63,,stopped,0.0,0.0,
2026-08-05T08:33:01.093,287.896,deploying,,,,,False,,,35.9184062,139.9079523,,,22.97,668.6895703125,75.1494140625,332.1875,-2.5625,-18.25,-0.44,2.87,9.26,-0.0625,-0.0625,0.0625,63,,stopped,0.0,0.0,
2026-08-05T08:33:01.593,288.396,deploying,,,,,False,,,35.9184062,139.9079523,,,22.97,668.6895703125,75.1494140625,332.1875,-2.5625,-18.25,-0.43,2.86,9.27,-0.0625,0.0625,0.0,63,,stopped,0.0,0.0,
2026-08-05T08:33:02.094,288.897,deploying,,,,,False,,,35.9184062,139.9079523,,,22.97,668.6895703125,75.1494140625,332.1875,-2.5625,-18.25,-0.45,2.86,9.25,0.125,0.0,0.125,63,,stopped,0.0,0.0,
2026-08-05T08:33:02.594,289.397,deploying,,,,,False,,,35.9184062,139.9079523,,,22.97,668.6895703125,75.1494140625,332.1875,-2.5625,-18.25,-0.42,2.85,9.27,0.0625,0.0,-0.125,63,,stopped,0.0,0.0,
2026-08-05T08:33:03.095,289.898,deploying,,,,,False,,,35.9184062,139.9079523,,,22.97,668.6895703125,75.1494140625,332.1875,-2.5625,-18.25,-0.45,2.85,9.26,-0.125,-0.125,0.0625,63,,stopped,0.0,0.0,
2026-08-05T08:33:03.595,290.398,deploying,,,,,False,,,35.9184062,139.9079523,,,22.97,668.6895703125,75.1494140625,332.1875,-2.5625,-18.25,-0.44,4.13,9.27,-0.125,0.0625,0.125,63,,stopped,0.0,0.0,
2026-08-05T08:33:04.096,290.898,deploying,,,,,False,,,35.9184062,139.9079523,,,22.97,668.6895703125,75.1494140625,332.1875,-2.5625,-18.25,-0.45,2.85,9.25,0.0,0.0,0.0,63,,stopped,0.0,0.0,
2026-08-05T08:33:04.596,291.399,deploying,,,,,False,,,35.9184062,139.9079523,,,22.97,668.6895703125,75.1494140625,332.1875,-2.5625,-18.25,-0.42,2.84,9.28,8.0,-0.1875,0.0625,63,,stopped,0.0,0.0,
2026-08-05T08:33:05.096,291.899,deploying,,,,,False,,,35.9184062,139.9079523,,,22.97,668.6895703125,75.1494140625,332.1875,-2.5625,-18.25,-0.46,2.86,9.24,0.0,-0.0625,-0.0625,63,,stopped,0.0,0.0,
2026-08-05T08:33:05.597,292.400,deploying,,,,,False,,,35.9184062,139.9079523,,,22.97,668.6895703125,75.1494140625,332.1875,-2.5625,-18.25,-0.44,2.85,9.27,0.0625,-0.0625,0.125,63,,stopped,0.0,0.0,
2026-08-05T08:33:06.097,292.900,deploying,,,,,False,,,35.9184062,139.9079523,,,22.97,668.6895703125,75.1494140625,332.1875,-2.5625,-18.0,-0.45,2.86,9.29,0.125,-0.0625,0.0,63,,stopped,0.0,0.0,
2026-08-05T08:33:06.597,293.400,deploying,,,,,False,,,35.9184062,139.9079523,,,22.97,668.6895703125,75.1494140625,332.1875,-2.5625,-17.8125,-0.45,2.82,9.23,0.0,-0.0625,0.0625,63,,stopped,0.0,0.0,
2026-08-05T08:33:07.098,293.901,deploying,,,,,False,,,35.9184062,139.9079523,,,22.97,668.6895703125,75.1494140625,332.1875,-2.5625,-17.75,-0.44,2.84,9.26,-0.125,0.0625,0.125,63,,stopped,0.0,0.0,
2026-08-05T08:33:07.598,294.401,deploying,,,,,False,,,35.9184062,139.9079523,,,22.97,668.6895703125,75.1494140625,332.1875,-2.5625,-17.75,-0.45,4.12,9.23,-0.0625,0.1875,0.0,63,,stopped,0.0,0.0,
2026-08-05T08:33:08.099,294.902,deploying,,,,,False,,,35.9184062,139.9079523,,,22.97,668.6895703125,75.1494140625,332.1875,-2.5625,-17.75,-0.43,2.84,9.26,0.0,-0.0625,0.0625,63,,stopped,0.0,0.0,
2026-08-05T08:33:08.599,295.402,recovering_gnss,,,,,False,,,35.9184062,139.9079523,,,22.97,668.6895703125,75.1494140625,332.1875,-2.5625,-17.75,-0.45,2.83,9.27,0.0,0.125,0.0,63,,stopped,0.0,0.0,
2026-08-05T08:33:09.737,296.540,recovering_gnss,,,,,False,,,35.9184062,139.9079523,,,22.97,668.6895703125,75.1494140625,332.1875,-2.5625,-17.75,-0.44,2.84,9.27,-0.0625,-0.0625,-0.125,63,,stopped,0.0,0.0,
2026-08-05T08:33:10.237,297.040,recovering_gnss,35.91819628333333,139.90773908333333,31.478,0.030866666666666664,True,17,1,35.9184062,139.9079523,30.224054859101855,,22.97,668.6895703125,75.1494140625,332.1875,-2.5625,-17.75,-0.45,2.84,9.27,-0.125,-0.25,0.0,63,,stopped,0.0,0.0,
2026-08-05T08:33:10.738,297.541,clearing_landing_area,35.91819628333333,139.90773908333333,31.478,0.030866666666666664,True,17,1,35.9184062,139.9079523,30.224054859101855,39.44016074574375,22.97,668.6895703125,75.1494140625,332.1875,-2.5625,-17.75,-0.4,2.86,9.24,-0.25,0.3125,-0.25,63,-67.25266074574375,turn_right,10.0,-10.0,
2026-08-05T08:33:11.238,298.041,clearing_landing_area,35.91819638333333,139.9077393,31.464,0.06687777777777779,True,17,1,35.9184062,139.9079523,30.203073527945005,39.42497639460868,22.97,668.6895703125,75.1494140625,22.125,-3.3125,-12.4375,0.02,1.49,10.03,17.25,-9.3125,-109.0625,63,-17.299976394608677,turn_right,30.0,-30.0,
2026-08-05T08:33:11.739,298.542,clearing_landing_area,35.91819638333333,139.9077393,31.464,0.06687777777777779,True,17,1,35.9184062,139.9079523,30.203073527945005,39.42497639460868,22.97,668.6895703125,75.1494140625,29.375,-3.4375,-13.375,-0.9,3.04,9.05,7.5,-13.4375,-76.125,63,-10.049976394608677,turn_right,30.0,-30.0,
2026-08-05T08:33:12.240,299.043,clearing_landing_area,35.91819638333333,139.90773938333334,31.457,0.06173333333333333,True,17,1,35.9184062,139.9079523,30.198308337690158,39.4139781469766,22.97,668.6895703125,75.1494140625,41.125,-5.0625,-13.5625,-1.12,2.44,9.42,0.0,0.0,-0.0625,63,1.7110218530233965,stopped,0.0,0.0,
2026-08-05T08:33:12.761,299.564,clearing_landing_area,35.91819638333333,139.90773938333334,31.457,0.06173333333333333,True,17,1,35.9184062,139.9079523,30.198308337690158,39.4139781469766,22.97,668.6895703125,75.1494140625,41.125,-5.125,-13.625,-1.14,2.44,9.43,0.125,0.1875,-0.0625,63,1.7110218530233965,stopped,0.0,0.0,
2026-08-05T08:33:13.261,300.064,clearing_landing_area,35.9181965,139.90773948333333,31.453,0.16462222222222223,True,17,1,35.9184062,139.9079523,30.18256834064912,39.41640695494192,22.97,668.6895703125,75.1494140625,41.1875,-5.875,-14.0625,-1.14,2.42,9.4,0.0,0.25,-0.125,63,1.7710930450580804,stopped,0.0,0.0,
2026-08-05T08:33:13.787,300.590,clearing_landing_area,35.9181965,139.90773948333333,31.453,0.16462222222222223,True,17,1,35.9184062,139.9079523,30.18256834064912,39.41640695494192,22.97,668.6895703125,75.1494140625,41.1875,-5.9375,-14.0625,-1.13,2.42,9.4,0.0625,0.125,-0.0625,63,1.7710930450580804,stopped,0.0,0.0,
2026-08-05T08:33:14.288,301.106,clearing_landing_area,35.918196683333335,139.9077398,31.43,0.06687777777777779,True,17,1,35.9184062,139.9079523,30.148714130051207,39.399138917308505,22.97,668.6895703125,75.1494140625,41.1875,-6.0625,-14.125,-1.13,2.42,9.43,0.0,0.0,0.0,63,1.7883610826914946,stopped,0.0,0.0,
2026-08-05T08:33:14.836,301.639,clearing_landing_area,35.918196683333335,139.9077398,31.43,0.06687777777777779,True,17,1,35.9184062,139.9079523,30.148714130051207,39.399138917308505,22.97,668.6895703125,75.1494140625,41.1875,-6.0625,-14.125,-1.15,2.43,9.42,-0.0625,0.0,0.0,63,1.7883610826914946,stopped,0.0,0.0,
2026-08-05T08:33:15.337,302.140,clearing_landing_area,35.918196683333335,139.90773988333333,31.422,0.020577777777777778,True,19,1,35.9184062,139.9079523,30.14395155575918,39.38811675384761,22.97,668.6895703125,75.1494140625,41.1875,-6.0625,-14.125,-1.13,2.41,9.42,-0.0625,-0.125,0.0,63,1.799383246152388,stopped,0.0,0.0,
2026-08-05T08:33:15.868,302.671,clearing_landing_area,35.918196683333335,139.90773988333333,31.422,0.020577777777777778,True,19,1,35.9184062,139.9079523,30.14395155575918,39.38811675384761,22.97,668.6895703125,75.1494140625,41.1875,-6.0625,-14.125,-1.14,2.42,9.42,-0.0625,-0.0625,0.0625,63,1.799383246152388,stopped,0.0,0.0,
2026-08-05T08:33:16.372,303.175,clearing_landing_area,35.918196783333336,139.90773988333333,31.422,0.12346666666666666,True,19,1,35.9184062,139.9079523,30.13535851280607,39.401532380416484,22.97,668.6895703125,75.1494140625,41.1875,-6.0625,-14.125,-1.16,2.43,9.41,0.0625,0.125,0.0625,63,1.7859676195835164,stopped,0.0,0.0,
2026-08-05T08:33:16.886,303.688,clearing_landing_area,35.918196783333336,139.90773988333333,31.422,0.12346666666666666,True,19,1,35.9184062,139.9079523,30.13535851280607,39.401532380416484,22.97,668.6895703125,75.1494140625,41.1875,-6.0625,-14.125,-1.15,2.4,9.41,0.0625,0.0625,-0.125,63,1.7859676195835164,stopped,0.0,0.0,
2026-08-05T08:33:17.386,304.189,clearing_landing_area,35.91819688333333,139.90773998333333,31.401,0.16462222222222223,True,19,1,35.9184062,139.9079523,30.121050248112628,39.40172200715341,22.97,668.6895703125,75.1494140625,41.1875,-6.0625,-14.125,-1.13,2.41,9.39,-0.125,-0.125,0.125,63,1.7857779928465902,stopped,0.0,0.0,
2026-08-05T08:33:17.886,304.689,clearing_landing_area,35.91819688333333,139.90773998333333,31.401,0.16462222222222223,True,19,1,35.9184062,139.9079523,30.121050248112628,39.40172200715341,22.97,668.6895703125,75.1494140625,41.1875,-6.0625,-14.125,-1.13,2.42,9.38,0.0625,-0.0625,0.0625,63,1.7857779928465902,stopped,0.0,0.0,
2026-08-05T08:33:18.387,305.190,clearing_landing_area,35.9181971,139.90774038333333,31.358,0.12346666666666666,True,19,1,35.9184062,139.9079523,30.07957215457542,39.377833866346975,22.97,668.6895703125,75.1494140625,41.1875,-6.0625,-14.125,-1.13,2.41,9.4,0.0,0.0625,0.0,63,1.8096661336530246,stopped,0.0,0.0,
2026-08-05T08:33:18.888,305.691,clearing_landing_area,35.9181971,139.90774038333333,31.358,0.12346666666666666,True,19,1,35.9184062,139.9079523,30.07957215457542,39.377833866346975,22.97,668.6895703125,75.1494140625,41.1875,-6.0625,-6.125,-1.15,2.41,9.4,0.125,8.0,-0.0625,63,1.8096661336530246,stopped,0.0,0.0,
2026-08-05T08:33:19.391,306.210,clearing_landing_area,35.9181972,139.9077403,31.331,0.13375555555555557,True,19,1,35.9184062,139.9079523,30.075740742089128,39.40232368376968,22.97,668.6895703125,75.1494140625,41.1875,-6.0625,-14.125,-1.13,2.42,9.39,-0.0625,0.125,0.0,63,1.78517631623032,stopped,0.0,0.0,
2026-08-05T08:33:19.890,306.693,clearing_landing_area,35.9181972,139.9077403,31.331,0.13375555555555557,True,19,1,35.9184062,139.9079523,30.075740742089128,39.40232368376968,22.97,668.6895703125,75.1494140625,41.1875,-6.0625,-14.125,-1.14,2.4,9.4,0.0625,-0.125,-0.125,63,1.78517631623032,stopped,0.0,0.0,
2026-08-05T08:33:20.391,307.194,clearing_landing_area,35.918197283333335,139.90774038333333,31.317,0.05658888888888889,True,19,1,35.9184062,139.9079523,30.063817188650617,39.40248232130182,22.97,668.6895703125,75.1494140625,41.1875,-6.0625,-14.125,-1.14,2.42,9.38,0.125,-0.0625,0.125,63,1.785017678698182,forward,100.0,100.0,
2026-08-05T08:33:20.891,307.694,clearing_landing_area,35.918197283333335,139.90774038333333,31.317,0.05658888888888889,True,19,1,35.9184062,139.9079523,30.063817188650617,39.40248232130182,22.97,668.6895703125,75.1494140625,41.5625,-5.5625,-31.8125,-1.26,8.59,4.48,364.25,17.6875,36.3125,63,2.160017678698182,forward,99.2875,100.0,
2026-08-05T08:33:21.391,308.194,clearing_landing_area,35.918197283333335,139.90774058333332,31.315,0.14404444444444445,True,19,1,35.9184062,139.9079523,30.05238808258936,39.375949802890545,22.97,668.6895703125,75.1494140625,34.5,-6.375,-17.25,-5.27,2.68,17.53,11.8125,67.0,-15.875,63,-4.8759498028905455,forward,100.0,88.86875,
2026-08-05T08:33:21.892,308.695,clearing_landing_area,35.918197283333335,139.90774058333332,31.315,0.14404444444444445,True,19,1,35.9184062,139.9079523,30.05238808258936,39.375949802890545,22.97,668.6895703125,75.1494140625,36.5,-5.6875,-17.625,-0.27,4.11,8.29,-28.0625,100.25,-35.9375,63,-2.8759498028905455,forward,72.76640625,68.88515625,
2026-08-05T08:33:22.392,309.195,clearing_landing_area,35.918197383333336,139.90774088333333,31.292,0.8025333333333333,True,19,1,35.9184062,139.9079523,30.0266570742909,39.34956247839534,22.97,668.6895703125,75.1494140625,81.625,-4.375,-6.6875,-0.43,0.95,10.27,8.8125,-17.8125,-105.1875,63,42.27543752160466,turn_left,-5.0,5.0,
2026-08-05T08:33:22.893,309.696,clearing_landing_area,35.918197383333336,139.90774088333333,31.292,0.8025333333333333,True,19,1,35.9184062,139.9079523,30.0266570742909,39.34956247839534,22.97,668.6895703125,75.1494140625,85.625,-3.9375,-6.125,-1.82,0.75,10.47,-5.3125,5.3125,11.5625,63,46.27543752160466,turn_left,-15.0,15.0,
2026-08-05T08:33:23.393,310.196,clearing_landing_area,35.91820368333333,139.90773608333333,31.161,0.2932333333333333,True,19,1,35.9184062,139.9079523,29.769190698183777,40.847937947080595,22.97,668.6895703125,75.1494140625,1.1875,-6.3125,-13.5,-0.75,1.26,8.84,-8.6875,11.25,105.1875,63,-39.660437947080595,stopped,0.0,0.0,
2026-08-05T08:33:23.903,310.706,clearing_landing_area,35.91820368333333,139.90773608333333,31.161,0.2932333333333333,True,19,1,35.9184062,139.9079523,29.769190698183777,40.847937947080595,22.97,668.6895703125,75.1494140625,357.0625,-5.75,-14.5,-1.43,2.98,8.65,1.6875,-1.625,-7.625,63,-43.785437947080595,stopped,0.0,0.0,
2026-08-05T08:33:24.404,311.207,clearing_landing_area,35.918205883333336,139.90773478333332,30.829,0.15947777777777777,True,19,1,35.9184062,139.9079523,29.661751435628975,41.328062686768476,22.97,668.6895703125,75.1494140625,356.875,-5.5625,-13.3125,-0.95,1.96,9.53,0.0,0.0625,-0.0625,63,-44.453062686768476,stopped,0.0,0.0,
2026-08-05T08:33:24.904,311.707,clearing_landing_area,35.918205883333336,139.90773478333332,30.829,0.15947777777777777,True,19,1,35.9184062,139.9079523,29.661751435628975,41.328062686768476,22.97,668.6895703125,75.1494140625,356.875,-5.5625,-13.25,-0.94,2.02,9.55,0.0,0.125,-0.0625,63,-44.453062686768476,stopped,0.0,0.0,
2026-08-05T08:33:25.405,312.207,clearing_landing_area,35.9182057,139.90773478333332,30.663,0.14404444444444445,True,21,1,35.9184062,139.9079523,29.677062970035816,41.30207215545835,22.97,668.6895703125,75.1494140625,356.875,-5.5625,-12.6875,-0.94,2.0,9.54,0.0625,-0.0625,-0.0625,63,-44.42707215545835,stopped,0.0,0.0,
2026-08-05T08:33:25.909,312.712,clearing_landing_area,35.9182057,139.90773478333332,30.663,0.14404444444444445,True,21,1,35.9184062,139.9079523,29.677062970035816,41.30207215545835,22.97,668.6895703125,75.1494140625,356.875,-5.5625,-12.6875,-0.95,1.99,9.55,-0.0625,-0.0625,0.125,63,-44.42707215545835,stopped,0.0,0.0,
2026-08-05T08:33:26.417,313.220,clearing_landing_area,35.918205283333336,139.90773648333334,30.503,0.05658888888888889,True,21,1,35.9184062,139.9079523,29.611184207221818,41.020372543874714,22.97,668.6895703125,75.1494140625,356.875,-5.5625,-12.5625,-0.95,2.01,9.5,0.0625,-0.0625,0.0625,63,-44.145372543874714,stopped,0.0,0.0,
2026-08-05T08:33:26.971,313.774,clearing_landing_area,35.918205283333336,139.90773648333334,30.503,0.05658888888888889,True,21,1,35.9184062,139.9079523,29.611184207221818,41.020372543874714,22.97,668.6895703125,75.1494140625,356.875,-5.5625,-12.5625,-0.94,2.02,9.54,0.0,0.0,0.0,63,-44.145372543874714,stopped,0.0,0.0,
2026-08-05T08:33:27.474,314.277,clearing_landing_area,35.918205283333336,139.9077364,30.496,0.03601111111111111,True,21,1,35.9184062,139.9079523,29.616110036527736,41.03132595584151,22.97,668.6895703125,75.1494140625,356.875,-5.5625,-12.5625,-0.94,2.0,9.5,0.125,-0.125,0.0,63,-44.15632595584151,stopped,0.0,0.0,
2026-08-05T08:33:27.977,314.780,clearing_landing_area,35.918205283333336,139.9077364,30.496,0.03601111111111111,True,21,1,35.9184062,139.9079523,29.616110036527736,41.03132595584151,22.97,668.6895703125,75.1494140625,356.875,-5.5625,-12.5625,-0.93,2.0,9.52,0.0,0.0,-0.0625,63,-44.15632595584151,stopped,0.0,0.0,
2026-08-05T08:33:28.477,315.280,clearing_landing_area,35.9182056,139.90773648333334,30.44,0.015433333333333332,True,21,1,35.9184062,139.9079523,29.58462682202786,41.06512989684791,22.97,668.6895703125,75.1494140625,356.875,-5.5625,-12.5625,-0.96,2.0,9.5,0.0,-0.125,-0.0625,63,-44.19012989684791,stopped,0.0,0.0,
2026-08-05T08:33:29.005,315.808,clearing_landing_area,35.9182056,139.90773648333334,30.44,0.015433333333333332,True,21,1,35.9184062,139.9079523,29.58462682202786,41.06512989684791,22.97,668.6895703125,75.1494140625,356.875,-5.5625,-12.5625,-0.92,2.04,9.53,8.0,0.125,-0.0625,63,-44.19012989684791,stopped,0.0,0.0,
2026-08-05T08:33:29.505,316.308,clearing_landing_area,35.918205883333336,139.90773598333334,30.275,0.025722222222222226,True,21,1,35.9184062,139.9079523,29.590501745722587,41.17093662286618,22.97,668.6895703125,75.1494140625,356.875,-5.5625,-12.5625,-0.94,2.01,9.55,0.0,0.0625,0.125,63,-44.29593662286618,stopped,0.0,0.0,
2026-08-05T08:33:30.006,316.809,clearing_landing_area,35.918205883333336,139.90773598333334,30.275,0.025722222222222226,True,21,1,35.9184062,139.9079523,29.590501745722587,41.17093662286618,22.97,668.6895703125,75.1494140625,356.875,-5.5625,-12.5625,-0.96,2.0,9.55,-0.125,-0.1875,0.0,63,-44.29593662286618,stopped,0.0,0.0,
2026-08-05T08:33:30.506,317.309,clearing_landing_area,35.918205883333336,139.9077359,30.255,0.15433333333333335,True,21,1,35.9184062,139.9079523,29.595442434242763,41.18187258879408,22.97,668.6895703125,75.1494140625,356.875,-5.5625,-12.5625,-0.95,1.99,9.52,0.0625,0.0625,0.0625,63,-44.30687258879408,forward,100.0,100.0,
2026-08-05T08:33:31.007,317.809,clearing_landing_area,35.918205883333336,139.9077359,30.255,0.15433333333333335,True,21,1,35.9184062,139.9079523,29.595442434242763,41.18187258879408,22.97,668.6895703125,75.1494140625,356.875,-6.0,-26.5625,-0.15,9.4,4.83,178.75,28.25,4.6875,63,-44.30687258879408,forward,73.6,100.0,
2026-08-05T08:33:31.507,318.310,clearing_landing_area,35.918205883333336,139.907735,30.099,0.15433333333333335,True,22,1,35.9184062,139.9079523,29.648870437773265,41.29974858743685,22.97,668.6895703125,75.1494140625,351.5625,-6.5,-19.75,-1.56,2.95,5.85,2.0,34.875,-12.625,63,-49.73724858743685,forward,93.675,100.0,
2026-08-05T08:33:32.007,318.810,clearing_landing_area,35.918205883333336,139.907735,30.099,0.15433333333333335,True,22,1,35.9184062,139.9079523,29.648870437773265,41.29974858743685,22.97,668.6895703125,75.1494140625,351.75,-7.875,-20.3125,-3.84,3.64,8.97,-28.0625,11.125,5.6875,63,-49.54974858743685,forward,75.0,69.31875000000001,
2026-08-05T08:33:32.508,319.311,clearing_landing_area,35.918205783333335,139.90773458333334,30.046,0.6739222222222222,True,22,1,35.9184062,139.9079523,29.6819956523341,41.33999530918419,22.97,668.6895703125,75.1494140625,34.4375,-7.9375,-10.125,-2.1,2.51,9.43,0.75,-9.1875,-51.8125,63,-6.902495309184189,turn_left,-5.0,5.0,
2026-08-05T08:33:33.008,319.811,clearing_landing_area,35.918205783333335,139.90773458333334,30.046,0.6739222222222222,True,22,1,35.9184062,139.9079523,29.6819956523341,41.33999530918419,22.97,668.6895703125,75.1494140625,35.1875,-7.625,-9.75,-1.09,1.39,9.6,3.5,10.25,19.375,63,-6.152495309184189,turn_left,-20.0,20.0,
2026-08-05T08:33:33.508,320.311,clearing_landing_area,35.91820548333333,139.90772948333333,29.545,0.1852,True,22,1,35.9184062,139.9079523,30.012133019461277,41.95622489948124,22.97,668.6895703125,75.1494140625,357.8125,-5.9375,-13.5,-0.8,2.24,9.46,0.625,-0.125,0.3125,63,-44.14372489948124,stopped,0.0,0.0,
2026-08-05T08:33:34.009,320.812,clearing_landing_area,35.91820548333333,139.90772948333333,29.545,0.1852,True,22,1,35.9184062,139.9079523,30.012133019461277,41.95622489948124,22.97,668.6895703125,75.1494140625,357.875,-6.0,-13.4375,-0.94,2.22,9.39,1.875,0.5,-1.0,63,-44.08122489948124,turn_right,15.0,-15.0,
2026-08-05T08:33:34.509,321.312,clearing_landing_area,35.9182051,139.9077321,29.213,0.07716666666666668,True,22,1,35.9184062,139.9079523,29.88698840393173,41.56565832602365,22.97,668.6895703125,75.1494140625,48.25,-6.375,-8.1875,-0.61,1.78,8.88,15.125,-11.25,-46.5625,63,6.684341673976348,stopped,0.0,0.0,
2026-08-05T08:33:35.013,321.816,clearing_landing_area,35.9182051,139.9077321,29.213,0.07716666666666668,True,22,1,35.9184062,139.9079523,29.88698840393173,41.56565832602365,22.97,668.6895703125,75.1494140625,48.25,-6.5,-8.4375,-1.66,2.24,9.3,2.0,3.0625,13.0,63,6.684341673976348,stopped,0.0,0.0,
2026-08-05T08:33:35.514,322.316,clearing_landing_area,35.91820538333333,139.907733,28.924,0.06687777777777779,True,22,1,35.9184062,139.9079523,29.80967016506661,41.48928464228237,22.97,668.6895703125,75.1494140625,47.25,-7.625,-9.25,-1.48,1.7,9.57,0.0625,-0.125,0.0625,63,5.760715357717629,stopped,0.0,0.0,
2026-08-05T08:33:36.014,322.817,clearing_landing_area,35.91820538333333,139.907733,28.924,0.06687777777777779,True,22,1,35.9184062,139.9079523,29.80967016506661,41.48928464228237,22.97,668.6895703125,75.1494140625,47.25,-7.625,-9.3125,-1.5,1.71,9.55,8.0,0.0625,-0.125,63,5.760715357717629,stopped,0.0,0.0,
2026-08-05T08:33:36.514,323.317,clearing_landing_area,35.91820548333333,139.90773388333332,28.79,0.06687777777777779,True,23,1,35.9184062,139.9079523,29.74868914300039,41.38871038237164,22.97,668.6895703125,75.1494140625,47.3125,-8.0625,-9.625,-1.49,1.71,9.57,0.0625,-0.0625,0.0,63,5.923789617628358,stopped,0.0,0.0,
2026-08-05T08:33:37.016,323.819,clearing_landing_area,35.91820548333333,139.90773388333332,28.79,0.06687777777777779,True,23,1,35.9184062,139.9079523,29.74868914300039,41.38871038237164,22.97,668.6895703125,75.1494140625,47.3125,-8.0625,-9.625,-1.48,1.71,9.55,0.0,0.0,-0.0625,63,5.923789617628358,stopped,0.0,0.0,
2026-08-05T08:33:37.517,324.320,clearing_landing_area,35.91820538333333,139.90773458333334,28.689,0.07716666666666668,True,23,1,35.9184062,139.9079523,29.715404380105156,41.28334844205057,22.97,668.6895703125,75.1494140625,47.3125,-8.125,-9.6875,-1.47,1.7,9.58,-0.0625,0.0,0.0,63,6.029151557949433,stopped,0.0,0.0,
2026-08-05T08:33:38.018,324.821,clearing_landing_area,35.91820538333333,139.90773458333334,28.689,0.07716666666666668,True,23,1,35.9184062,139.9079523,29.715404380105156,41.28334844205057,22.97,668.6895703125,75.1494140625,47.3125,-8.125,-9.6875,-1.47,1.68,9.58,0.0625,0.125,-0.125,63,6.029151557949433,stopped,0.0,0.0,
2026-08-05T08:33:38.519,325.322,clearing_landing_area,35.918205283333336,139.90773468333333,28.674,0.07716666666666668,True,23,1,35.9184062,139.9079523,29.717822067740254,41.256157133331726,22.97,668.6895703125,75.1494140625,47.3125,-8.125,-9.6875,-1.49,1.72,9.57,0.0,-0.0625,-0.0625,63,6.056342866668274,stopped,0.0,0.0,
2026-08-05T08:33:39.054,325.857,clearing_landing_area,35.918205283333336,139.90773468333333,28.674,0.07716666666666668,True,23,1,35.9184062,139.9079523,29.717822067740254,41.256157133331726,22.97,668.6895703125,75.1494140625,47.3125,-8.125,-9.6875,-1.48,1.7,9.58,0.0,-0.1875,-0.0625,63,6.056342866668274,stopped,0.0,0.0,
2026-08-05T08:33:39.562,326.365,clearing_landing_area,35.918205183333335,139.90773478333332,28.662,0.07202222222222222,True,22,1,35.9184062,139.9079523,29.720246448057893,41.22897025466216,22.97,668.6895703125,75.1494140625,47.3125,-8.125,-9.6875,-1.48,1.72,9.58,-0.125,-0.1875,0.0,63,6.083529745337842,stopped,0.0,0.0,
2026-08-05T08:33:40.072,326.875,clearing_landing_area,35.918205183333335,139.90773478333332,28.662,0.07202222222222222,True,22,1,35.9184062,139.9079523,29.720246448057893,41.22897025466216,22.97,668.6895703125,75.1494140625,47.3125,-8.125,-9.6875,-1.5,1.71,9.57,0.0625,0.1875,-0.0625,63,6.083529745337842,stopped,0.0,0.0,
2026-08-05T08:33:40.577,327.380,clearing_landing_area,35.9182051,139.907735,28.644,0.11317777777777778,True,22,1,35.9184062,139.9079523,29.714363428932057,41.188899809165605,22.97,668.6895703125,75.1494140625,47.3125,-8.125,-9.6875,-1.47,1.71,9.58,0.125,0.0625,-0.125,63,6.123600190834395,stopped,0.0,0.0,
2026-08-05T08:33:41.079,327.882,clearing_landing_area,35.9182051,139.907735,28.644,0.11317777777777778,True,22,1,35.9184062,139.9079523,29.714363428932057,41.188899809165605,22.97,668.6895703125,75.1494140625,47.3125,-8.125,-9.6875,-1.49,1.72,9.57,-0.0625,-0.0625,-0.0625,63,6.123600190834395,stopped,0.0,0.0,
2026-08-05T08:33:41.592,328.395,clearing_landing_area,35.91820488333333,139.90773518333333,28.632,0.11317777777777778,True,22,1,35.9184062,139.9079523,29.72163509878446,41.13436417647665,22.97,668.6895703125,75.1494140625,47.3125,-8.125,-9.6875,-1.52,1.71,9.57,0.0625,-0.1875,0.0,63,6.178135823523348,stopped,0.0,0.0,
2026-08-05T08:33:42.102,328.905,clearing_landing_area,35.91820488333333,139.90773518333333,28.632,0.11317777777777778,True,22,1,35.9184062,139.9079523,29.72163509878446,41.13436417647665,22.97,668.6895703125,75.1494140625,47.3125,-8.125,-9.6875,-1.51,1.67,9.57,0.125,0.0625,0.0625,63,6.178135823523348,stopped,0.0,0.0,
2026-08-05T08:33:42.602,329.405,clearing_landing_area,35.91820478333333,139.9077355,28.625,0.11317777777777778,True,22,1,35.9184062,139.9079523,29.711265043965902,41.07884058161437,22.97,668.6895703125,75.1494140625,45.625,-6.75,-13.125,1.84,8.51,9.68,-33.125,-40.75,10.1875,63,4.546159418385628,forward,100.0,98.7,
2026-08-05T08:33:43.105,329.908,clearing_landing_area,35.91820478333333,139.9077355,28.625,0.11317777777777778,True,22,1,35.9184062,139.9079523,29.711265043965902,41.07884058161437,22.97,668.6895703125,75.1494140625,45.9375,-5.5,-14.5,-0.94,0.14,1.31,-33.5,63.5,-20.4375,63,4.858659418385628,forward,100.0,99.475,
2026-08-05T08:33:43.605,330.408,clearing_landing_area,35.91820488333333,139.90773568333333,28.598,1.0340333333333331,True,22,1,35.9184062,139.9079523,29.69203520816201,41.06892532970841,22.97,668.6895703125,75.1494140625,46.0625,-5.375,-11.5,-1.16,0.07,8.89,-6.625,-12.8125,-16.75,63,4.9935746702915935,forward,30.0,28.847812499999996,
2026-08-05T08:33:44.106,330.909,clearing_landing_area,35.91820488333333,139.90773568333333,28.598,1.0340333333333331,True,22,1,35.9184062,139.9079523,29.69203520816201,41.06892532970841,22.97,668.6895703125,75.1494140625,47.1875,-4.625,-10.0,-0.53,0.43,9.97,-34.3125,-1.5,3.8125,63,6.1185746702915935,forward,4.964218750000001,5.0,
2026-08-05T08:33:44.606,331.409,clearing_landing_area,35.9182123,139.90773368333333,28.375,0.31895555555555555,True,22,1,35.9184062,139.9079523,29.196466372782716,42.39874335043595,22.97,668.6895703125,75.1494140625,90.8125,-4.8125,-5.5,-1.73,1.82,9.41,-0.625,-12.75,-61.8125,63,48.41375664956405,turn_left,-5.0,5.0,
2026-08-05T08:33:45.107,331.909,clearing_landing_area,35.9182123,139.90773368333333,28.375,0.31895555555555555,True,22,1,35.9184062,139.9079523,29.196466372782716,42.39874335043595,22.97,668.6895703125,75.1494140625,93.25,-4.3125,-4.9375,-0.68,1.32,9.67,-11.4375,0.75,18.1875,63,50.85125664956405,turn_left,-20.0,20.0,
2026-08-05T08:33:45.607,332.410,clearing_landing_area,35.918212583333336,139.90773728333335,28.056,0.030866666666666664,True,22,1,35.9184062,139.9079523,28.95542809834209,41.967058615312226,22.97,668.6895703125,75.1494140625,58.3125,-5.625,-8.5625,-1.03,1.55,9.59,0.0,8.0625,-0.4375,63,16.345441384687774,stopped,0.0,0.0,
2026-08-05T08:33:46.107,332.910,clearing_landing_area,35.918212583333336,139.90773728333335,28.056,0.030866666666666664,True,22,1,35.9184062,139.9079523,28.95542809834209,41.967058615312226,22.97,668.6895703125,75.1494140625,58.1875,-5.6875,-8.6875,-1.0,1.0,9.76,-11.625,-0.1875,12.25,63,16.220441384687774,turn_left,-25.0,25.0,
2026-08-05T08:33:46.608,333.411,clearing_landing_area,35.918212583333336,139.90773958333332,27.887,0.05144444444444445,True,22,1,35.9184062,139.9079523,28.817338360093114,41.66087126002185,22.97,668.6895703125,75.1494140625,42.4375,-5.75,-10.6875,-0.98,1.73,9.57,0.0,-0.1875,0.0,63,0.7766287399781504,stopped,0.0,0.0,
2026-08-05T08:33:47.108,333.911,clearing_landing_area,35.918212583333336,139.90773958333332,27.887,0.05144444444444445,True,22,1,35.9184062,139.9079523,28.817338360093114,41.66087126002185,22.97,668.6895703125,75.1494140625,42.4375,-5.75,-10.6875,-1.0,1.78,9.58,0.0625,0.0,-0.0625,63,0.7766287399781504,stopped,0.0,0.0,
2026-08-05T08:33:47.610,334.413,clearing_landing_area,35.918213083333335,139.90774128333334,27.825,0.0463,True,22,1,35.9184062,139.9079523,28.67414569203832,41.5061855665748,22.97,668.6895703125,75.1494140625,42.4375,-5.75,-10.625,-0.99,1.74,9.58,0.0,0.125,0.0,63,0.9313144334252001,stopped,0.0,0.0,
2026-08-05T08:33:48.111,334.914,clearing_landing_area,35.918213083333335,139.90774128333334,27.825,0.0463,True,22,1,35.9184062,139.9079523,28.67414569203832,41.5061855665748,22.97,668.6895703125,75.1494140625,42.4375,-5.75,-10.625,-1.0,1.76,9.58,0.0625,0.125,-0.0625,63,0.9313144334252001,stopped,0.0,0.0,
2026-08-05T08:33:48.611,335.414,clearing_landing_area,35.9182136,139.9077421,27.816,0.03601111111111111,True,22,1,35.9184062,139.9079523,28.582390273926613,41.4721040743587,22.97,668.6895703125,75.1494140625,42.4375,-5.75,-10.625,-0.99,1.77,9.58,0.0625,-0.0625,-0.0625,63,0.9653959256413032,stopped,0.0,0.0,
2026-08-05T08:33:49.121,335.924,clearing_landing_area,35.9182136,139.9077421,27.816,0.03601111111111111,True,22,1,35.9184062,139.9079523,28.582390273926613,41.4721040743587,22.97,668.6895703125,75.1494140625,42.4375,-5.75,-10.625,-0.98,1.74,9.57,0.0,0.0,0.0625,63,0.9653959256413032,stopped,0.0,0.0,
2026-08-05T08:33:49.623,336.426,clearing_landing_area,35.9182136,139.90774228333333,27.811,0.041155555555555556,True,23,1,35.9184062,139.9079523,28.57145945142217,41.44729758925513,22.97,668.6895703125,75.1494140625,42.4375,-5.75,-10.625,-1.01,1.75,9.55,0.0,0.125,-0.0625,63,0.990202410744871,stopped,0.0,0.0,
2026-08-05T08:33:50.150,336.953,clearing_landing_area,35.9182136,139.90774228333333,27.811,0.041155555555555556,True,23,1,35.9184062,139.9079523,28.57145945142217,41.44729758925513,22.97,668.6895703125,75.1494140625,42.4375,-5.75,-10.625,-1.0,1.74,9.6,0.0,0.0,0.0625,63,0.990202410744871,stopped,0.0,0.0,
2026-08-05T08:33:50.653,337.456,clearing_landing_area,35.9182136,139.90774228333333,27.813,0.025722222222222226,True,23,1,35.9184062,139.9079523,28.57145945142217,41.44729758925513,22.97,668.6895703125,75.1494140625,42.4375,-5.75,-10.625,-1.0,1.75,9.58,0.0,0.0,0.0,63,0.990202410744871,stopped,0.0,0.0,
2026-08-05T08:33:51.160,337.963,clearing_landing_area,35.9182136,139.90774228333333,27.813,0.025722222222222226,True,23,1,35.9184062,139.9079523,28.57145945142217,41.44729758925513,22.97,668.6895703125,75.1494140625,42.4375,-5.75,-10.625,-1.0,1.75,9.57,0.0,8.0,-0.125,63,0.990202410744871,stopped,0.0,0.0,
2026-08-05T08:33:51.661,338.463,clearing_landing_area,35.918213783333336,139.90774228333333,27.799,0.015433333333333332,True,22,1,35.9184062,139.9079523,28.556182206938562,41.474372158199,22.97,668.6895703125,75.1494140625,42.4375,-5.75,-10.625,-0.99,1.74,9.6,0.0,-0.0625,0.0,63,0.963127841800997,stopped,0.0,0.0,
2026-08-05T08:33:52.482,339.285,clearing_landing_area,35.918213783333336,139.90774228333333,27.799,0.015433333333333332,True,22,1,35.9184062,139.9079523,28.556182206938562,41.474372158199,22.97,668.6895703125,75.1494140625,42.4375,-5.75,-10.625,-1.01,1.73,9.61,0.0,-0.0625,0.0,63,0.963127841800997,stopped,0.0,0.0,
2026-08-05T08:33:52.983,339.786,clearing_landing_area,35.918213783333336,139.90774228333333,,0.010288888888888889,True,,,35.9184062,139.9079523,28.556182206938562,41.474372158199,22.97,668.6895703125,75.1494140625,40.3125,-6.25,-23.75,-1.4,4.74,8.08,-100.6875,3.0,-0.125,63,-1.161872158199003,forward,100.0,92.9875,
2026-08-05T08:33:53.483,340.286,clearing_landing_area,35.918213783333336,139.90774228333333,,0.010288888888888889,True,,,35.9184062,139.9079523,28.556182206938562,41.474372158199,22.97,668.6895703125,75.1494140625,38.8125,-9.5625,-14.1875,0.07,3.19,7.93,-20.0,2.25,7.625,63,-2.661872158199003,forward,100.0,96.99375,
2026-08-05T08:33:53.988,340.791,clearing_landing_area,35.91821448333334,139.90774198333332,27.796,1.054611111111111,True,23,1,35.9184062,139.9079523,28.515845445390354,41.61861971815631,22.97,668.6895703125,75.1494140625,46.8125,-8.6875,-7.5,-4.09,-0.61,11.4,-77.6875,0.9375,-14.0,63,5.19388028184369,forward,35.126406249999995,65.0,
2026-08-05T08:33:54.797,341.600,clearing_landing_area,35.91821448333334,139.90774198333332,27.796,1.054611111111111,True,23,1,35.9184062,139.9079523,28.515845445390354,41.61861971815631,22.97,668.6895703125,75.1494140625,47.0625,-7.8125,-6.9375,-0.64,1.14,9.28,12.3125,0.25,-10.25,63,5.44388028184369,forward,55.89937499999999,60.0,
2026-08-05T08:33:55.297,342.100,clearing_landing_area,35.918223383333334,139.90773558333333,27.66,0.5556,True,23,1,35.9184062,139.9079523,28.17981014683391,43.83159540513441,22.97,668.6895703125,75.1494140625,85.75,-4.1875,-0.5625,-1.9,-0.02,9.9,18.125,-7.4375,-62.5,63,41.91840459486559,turn_left,-5.0,5.0,
2026-08-05T08:33:55.798,342.601,clearing_landing_area,35.918223383333334,139.90773558333333,27.66,0.5556,True,23,1,35.9184062,139.9079523,28.17981014683391,43.83159540513441,22.97,668.6895703125,75.1494140625,87.1875,-3.8125,-1.0625,-0.92,0.91,9.6,-2.1875,4.6875,34.625,63,43.35590459486559,turn_left,-20.0,20.0,
2026-08-05T08:33:56.298,343.101,clearing_landing_area,35.9182264,139.90773278333333,27.705,0.2880888888888889,True,22,1,35.9184062,139.9079523,28.11550426153788,44.675703589481486,22.97,668.6895703125,75.1494140625,17.375,-7.75,-8.375,-1.45,1.42,9.99,-3.75,11.1875,82.625,63,-27.300703589481486,stopped,0.0,0.0,
2026-08-05T08:33:56.798,343.601,clearing_landing_area,35.9182264,139.90773278333333,27.705,0.2880888888888889,True,22,1,35.9184062,139.9079523,28.11550426153788,44.675703589481486,22.97,668.6895703125,75.1494140625,15.625,-7.75,-8.875,-1.53,2.29,9.56,-1.4375,-0.5,0.75,63,-29.050703589481486,stopped,0.0,0.0,
2026-08-05T08:33:57.299,344.102,clearing_landing_area,35.918227783333336,139.90773168333334,27.68,0.18005555555555552,True,22,1,35.9184062,139.9079523,28.07633772683208,45.04015392859594,22.97,668.6895703125,75.1494140625,15.625,-7.625,-8.5,-1.25,1.35,9.68,-0.125,-0.0625,0.125,63,-29.41515392859594,stopped,0.0,0.0,
2026-08-05T08:33:57.801,344.604,clearing_landing_area,35.918227783333336,139.90773168333334,27.68,0.18005555555555552,True,22,1,35.9184062,139.9079523,28.07633772683208,45.04015392859594,22.97,668.6895703125,75.1494140625,15.625,-7.625,-8.5,-1.24,1.35,9.68,-0.0625,0.0,0.0,63,-29.41515392859594,stopped,0.0,0.0,
2026-08-05T08:33:58.311,345.114,clearing_landing_area,35.91822858333333,139.90773228333333,27.557,0.15433333333333335,True,22,1,35.9184062,139.9079523,27.975258941703782,45.09087818636351,22.97,668.6895703125,75.1494140625,15.625,-7.625,-8.4375,-1.24,1.36,9.64,0.125,8.0625,-0.0625,63,-29.46587818636351,stopped,0.0,0.0,
2026-08-05T08:33:58.804,345.607,clearing_landing_area,35.91822858333333,139.90773228333333,27.557,0.15433333333333335,True,22,1,35.9184062,139.9079523,27.975258941703782,45.09087818636351,22.97,668.6895703125,75.1494140625,15.625,-7.625,-8.4375,-1.27,1.35,9.68,0.0,0.0,-0.0625,63,-29.46587818636351,stopped,0.0,0.0,
2026-08-05T08:33:59.305,346.107,clearing_landing_area,35.9182294,139.90773278333333,27.449,0.1389,True,22,1,35.9184062,139.9079523,27.87927948123656,45.157723912728386,22.97,668.6895703125,75.1494140625,15.625,-7.625,-8.4375,-1.26,1.37,9.67,0.0,-0.0625,0.0625,63,-29.532723912728386,stopped,0.0,0.0,
2026-08-05T08:33:59.854,346.657,clearing_landing_area,35.9182294,139.90773278333333,27.449,0.1389,True,22,1,35.9184062,139.9079523,27.87927948123656,45.157723912728386,22.97,668.6895703125,75.1494140625,15.625,-7.625,-8.4375,-1.26,1.37,9.66,0.0,0.0625,0.0,63,-29.532723912728386,stopped,0.0,0.0,
2026-08-05T08:34:00.354,347.157,clearing_landing_area,35.918229583333336,139.90773268333334,27.443,0.1389,True,22,1,35.9184062,139.9079523,27.871297215408273,45.20049241076413,22.97,668.6895703125,75.1494140625,15.625,-7.625,-8.4375,-1.25,1.35,9.65,-0.0625,0.0625,-0.0625,63,-29.575492410764127,stopped,0.0,0.0,
2026-08-05T08:34:00.856,347.659,clearing_landing_area,35.918229583333336,139.90773268333334,27.443,0.1389,True,22,1,35.9184062,139.9079523,27.871297215408273,45.20049241076413,22.97,668.6895703125,75.1494140625,15.625,-7.625,-8.4375,-1.25,1.38,9.66,0.0,0.0625,-0.0625,63,-29.575492410764127,stopped,0.0,0.0,
2026-08-05T08:34:01.357,348.160,clearing_landing_area,35.91822968333334,139.90773248333332,27.445,0.14404444444444445,True,22,1,35.9184062,139.9079523,27.876249435894852,45.242793159120936,22.97,668.6895703125,75.1494140625,15.625,-7.625,-8.4375,-1.25,1.36,9.7,-0.0625,0.0625,-0.0625,63,-29.617793159120936,stopped,0.0,0.0,
2026-08-05T08:34:01.857,348.660,clearing_landing_area,35.91822968333334,139.90773248333332,27.445,0.14404444444444445,True,22,1,35.9184062,139.9079523,27.876249435894852,45.242793159120936,22.97,668.6895703125,75.1494140625,15.625,-7.625,-8.4375,-1.26,1.37,9.68,0.0,0.0625,0.0,63,-29.617793159120936,stopped,0.0,0.0,
2026-08-05T08:34:02.358,349.161,clearing_landing_area,35.9182299,139.9077326,27.433,0.06173333333333333,True,22,1,35.9184062,139.9079523,27.85182738276719,45.26276926210738,22.97,668.6895703125,75.1494140625,15.625,-7.625,-8.4375,-1.25,1.35,9.67,-0.0625,0.0,-0.0625,63,-29.637769262107383,stopped,0.0,0.0,
2026-08-05T08:34:02.858,349.661,clearing_landing_area,35.9182299,139.9077326,27.433,0.06173333333333333,True,22,1,35.9184062,139.9079523,27.85182738276719,45.26276926210738,22.97,668.6895703125,75.1494140625,15.625,-7.625,-8.4375,-1.26,1.35,9.65,0.0,0.0625,0.0625,63,-29.637769262107383,stopped,0.0,0.0,
2026-08-05T08:34:03.358,350.161,clearing_landing_area,35.9182299,139.90773268333334,27.428,0.06687777777777779,True,22,1,35.9184062,139.9079523,27.846497252193792,45.25190137256095,22.97,668.6895703125,75.1494140625,11.1875,-8.625,-17.875,2.57,3.28,6.68,14.5625,103.6875,-1.125,63,-34.06440137256095,forward,100.0,82.175,
2026-08-05T08:34:03.859,350.662,clearing_landing_area,35.9182299,139.90773268333334,27.428,0.06687777777777779,True,22,1,35.9184062,139.9079523,27.846497252193792,45.25190137256095,22.97,668.6895703125,75.1494140625,10.6875,-9.1875,-17.125,-3.68,1.11,9.57,9.625,70.25,-24.375,63,-34.56440137256095,forward,100.0,95.95,
2026-08-05T08:34:04.359,351.162,clearing_landing_area,35.918230083333334,139.90773278333333,27.417,0.8797,True,22,1,35.9184062,139.9079523,27.82575150899907,45.26865948312707,22.97,668.6895703125,75.1494140625,12.9375,-7.0625,-12.9375,-0.2,3.13,9.92,20.5625,13.75,12.5625,63,-32.33115948312707,forward,33.49609375,35.0,
2026-08-05T08:34:04.860,351.662,clearing_landing_area,35.918230083333334,139.90773278333333,27.417,0.8797,True,22,1,35.9184062,139.9079523,27.82575150899907,45.26865948312707,22.97,668.6895703125,75.1494140625,12.4375,-7.6875,-5.125,-0.82,2.92,11.76,-2.375,0.3125,4.0,63,-32.83115948312707,forward,15.0,14.494218749999998,
2026-08-05T08:34:05.360,352.163,clearing_landing_area,35.9182343,139.90772578333332,27.21,0.14918888888888887,True,22,1,35.9184062,139.9079523,27.9543789447441,46.860863792955854,22.97,668.6895703125,75.1494140625,53.0625,-6.8125,-4.125,-0.57,1.89,9.72,-1.75,-15.1875,-63.6875,63,6.201636207044146,turn_left,-5.0,5.0,
2026-08-05T08:34:05.860,352.663,clearing_landing_area,35.9182343,139.90772578333332,27.21,0.14918888888888887,True,22,1,35.9184062,139.9079523,27.9543789447441,46.860863792955854,22.97,668.6895703125,75.1494140625,56.0625,-6.375,-3.75,-1.32,0.41,9.5,-16.0625,-0.0625,31.8125,63,9.201636207044146,turn_left,-20.0,20.0,
2026-08-05T08:34:06.361,353.164,clearing_landing_area,35.918235083333336,139.90772578333332,27.02,0.06173333333333333,True,22,1,35.9184062,139.9079523,27.894892940359377,46.99141217525687,22.97,668.6895703125,75.1494140625,58.3125,-6.0625,-3.5,-0.42,1.51,9.5,3.375,-29.75,-103.4375,63,11.321087824743131,stopped,0.0,0.0,
2026-08-05T08:34:06.910,353.713,clearing_landing_area,35.918235083333336,139.90772578333332,27.02,0.06173333333333333,True,22,1,35.9184062,139.9079523,27.894892940359377,46.99141217525687,22.97,668.6895703125,75.1494140625,61.5625,-5.6875,-3.3125,-1.04,-0.37,10.45,-29.5625,5.3125,25.5625,63,14.571087824743131,stopped,0.0,0.0,
2026-08-05T08:34:07.412,354.215,clearing_landing_area,35.918235683333336,139.9077259,26.915,0.05144444444444445,True,22,1,35.9184062,139.9079523,27.84173332446852,47.077063758526776,22.97,668.6895703125,75.1494140625,59.8125,-6.4375,-4.1875,-1.25,0.86,9.74,0.0,-0.0625,-0.125,63,12.735436241473224,stopped,0.0,0.0,
2026-08-05T08:34:07.922,354.725,clearing_landing_area,35.918235683333336,139.9077259,26.915,0.05144444444444445,True,22,1,35.9184062,139.9079523,27.84173332446852,47.077063758526776,22.97,668.6895703125,75.1494140625,59.8125,-6.5,-4.1875,-1.25,0.85,9.74,-0.0625,0.0,0.0,63,12.735436241473224,stopped,0.0,0.0,
2026-08-05T08:34:08.422,355.225,clearing_landing_area,35.91823578333333,139.90772598333334,26.9,0.030866666666666664,True,22,1,35.9184062,139.9079523,27.82866577291702,47.08330617886145,22.97,668.6895703125,75.1494140625,59.8125,-6.75,-4.5,-1.26,0.87,9.71,0.0625,0.0,0.0625,63,12.729193821138551,stopped,0.0,0.0,
2026-08-05T08:34:08.926,355.729,clearing_landing_area,35.91823578333333,139.90772598333334,26.9,0.030866666666666664,True,22,1,35.9184062,139.9079523,27.82866577291702,47.08330617886145,22.97,668.6895703125,75.1494140625,59.8125,-6.8125,-4.5,-1.23,0.85,9.77,0.0625,0.25,-0.0625,63,12.729193821138551,stopped,0.0,0.0,
2026-08-05T08:34:09.427,356.230,clearing_landing_area,35.91823588333333,139.90772598333334,26.898,0.020577777777777778,True,22,1,35.9184062,139.9079523,27.82109532093046,47.10007678789225,22.97,668.6895703125,75.1494140625,59.8125,-6.8125,-4.5,-1.23,0.87,9.78,0.0,0.125,0.0,63,12.712423212107751,stopped,0.0,0.0,
2026-08-05T08:34:09.952,356.755,clearing_landing_area,35.91823588333333,139.90772598333334,26.898,0.020577777777777778,True,22,1,35.9184062,139.9079523,27.82109532093046,47.10007678789225,22.97,668.6895703125,75.1494140625,59.8125,-6.8125,-4.5,-1.26,0.86,9.76,0.0,-0.1875,-0.125,63,12.712423212107751,stopped,0.0,0.0,
2026-08-05T08:34:10.454,357.257,clearing_landing_area,35.91823588333333,139.9077259,26.905,0.05658888888888889,True,22,1,35.9184062,139.9079523,27.82659302834108,47.11059495340635,22.97,668.6895703125,75.1494140625,59.8125,-6.8125,-4.5,-1.26,0.85,9.77,0.0,0.0625,0.0,63,12.701905046593652,stopped,0.0,0.0,
2026-08-05T08:34:10.960,357.763,clearing_landing_area,35.91823588333333,139.9077259,26.905,0.05658888888888889,True,22,1,35.9184062,139.9079523,27.82659302834108,47.11059495340635,22.97,668.6895703125,75.1494140625,59.8125,-6.8125,-4.5,-1.27,0.88,9.74,0.0,8.0,0.0625,63,12.701905046593652,stopped,0.0,0.0,
2026-08-05T08:34:11.460,358.263,clearing_landing_area,35.918236,139.9077259,26.906,0.07716666666666668,True,22,1,35.9184062,139.9079523,27.81776559353131,47.13017166984508,22.97,668.6895703125,75.1494140625,59.8125,-6.8125,-4.5,-1.28,0.86,9.73,-0.0625,0.0625,0.0,63,12.682328330154917,stopped,0.0,0.0,
2026-08-05T08:34:11.961,358.763,clearing_landing_area,35.918236,139.9077259,26.906,0.07716666666666668,True,22,1,35.9184062,139.9079523,27.81776559353131,47.13017166984508,22.97,668.6895703125,75.1494140625,59.8125,-6.8125,-4.5,-1.26,0.85,9.76,-0.0625,-0.0625,-0.0625,63,12.682328330154917,stopped,0.0,0.0,
2026-08-05T08:34:12.461,359.264,clearing_landing_area,35.9182361,139.90772558333333,26.919,0.041155555555555556,True,22,1,35.9184062,139.9079523,27.831113949095162,47.1868889359302,22.97,668.6895703125,75.1494140625,59.8125,-6.8125,-4.5,-1.24,0.84,9.76,0.0,-0.0625,0.0,63,12.625611064069801,stopped,0.0,0.0,
2026-08-05T08:34:12.961,359.764,clearing_landing_area,35.9182361,139.90772558333333,26.919,0.041155555555555556,True,22,1,35.9184062,139.9079523,27.831113949095162,47.1868889359302,22.97,668.6895703125,75.1494140625,59.8125,-6.8125,-4.5,-1.23,0.84,9.74,0.0,0.125,-0.0625,63,12.625611064069801,stopped,0.0,0.0,
2026-08-05T08:34:13.472,360.275,clearing_landing_area,35.9182361,139.90772558333333,26.92,0.08231111111111111,True,22,1,35.9184062,139.9079523,27.831113949095162,47.1868889359302,22.97,668.6895703125,75.1494140625,59.8125,-6.8125,-4.5,-1.24,0.86,9.77,0.0625,-0.125,-0.0625,63,12.625611064069801,forward,100.0,100.0,
2026-08-05T08:34:13.972,360.775,clearing_landing_area,35.9182361,139.90772558333333,26.92,0.08231111111111111,True,22,1,35.9184062,139.9079523,27.831113949095162,47.1868889359302,22.97,668.6895703125,75.1494140625,60.5625,-7.0,-16.9375,-1.23,11.77,6.64,295.0625,13.6875,12.5,63,13.375611064069801,forward,98.45625,100.0,
2026-08-05T08:34:14.473,361.276,clearing_landing_area,35.918236283333336,139.9077254,26.934,0.010288888888888889,True,22,1,35.9184062,139.9079523,27.829382862431608,47.240777412092086,22.97,668.6895703125,75.1494140625,60.3125,-6.625,-6.75,-2.01,1.63,4.34,1.8125,5.0,11.5625,63,13.071722587907914,forward,99.7625,100.0,
2026-08-05T08:34:14.973,361.776,clearing_landing_area,35.918236283333336,139.9077254,26.934,0.010288888888888889,True,22,1,35.9184062,139.9079523,27.829382862431608,47.240777412092086,22.97,668.6895703125,75.1494140625,59.6875,-6.5,-6.625,-1.68,-2.55,11.77,17.3125,20.3125,2.125,63,12.446722587907914,forward,74.9484375,74.8734375,
2026-08-05T08:34:15.473,362.276,clearing_landing_area,35.91823648333333,139.90772528333332,26.949,0.8745555555555555,True,22,1,35.9184062,139.9079523,27.82200796028162,47.28909201234586,22.97,668.6895703125,75.1494140625,96.375,-6.5,-2.75,-0.86,1.17,9.68,4.9375,-10.25,-56.1875,63,49.08590798765414,turn_left,-5.0,5.0,
2026-08-05T08:34:15.974,362.777,clearing_landing_area,35.91823648333333,139.90772528333332,26.949,0.8745555555555555,True,22,1,35.9184062,139.9079523,27.82200796028162,47.28909201234586,22.97,668.6895703125,75.1494140625,98.375,-6.0625,-2.25,-1.28,1.32,10.21,-3.625,3.125,38.1875,63,51.08590798765414,turn_left,-20.0,20.0,
2026-08-05T08:34:16.474,363.277,selfie,35.918244783333336,139.9077244,26.905,0.3035222222222222,True,22,1,35.9184062,139.9079523,27.26427319574826,,22.97,668.6895703125,75.1494140625,61.375,-7.9375,-5.6875,-1.38,0.98,9.71,0.0,0.125,-0.125,63,,stopped,0.0,0.0,
2026-08-05T08:34:16.975,363.777,selfie,35.918244783333336,139.9077244,26.905,0.3035222222222222,True,22,1,35.9184062,139.9079523,27.26427319574826,,22.97,668.6895703125,75.1494140625,61.375,-8.0,-5.6875,-1.41,0.97,9.72,-0.0625,8.0,-0.125,63,,stopped,0.0,0.0,
2026-08-05T08:34:17.475,364.278,selfie,35.91824608333334,139.90772258333334,26.802,0.08231111111111111,True,22,1,35.9184062,139.9079523,27.293111735547356,,22.97,668.6895703125,75.1494140625,61.375,-8.0,-5.6875,-1.44,0.96,9.72,0.0625,-0.0625,0.0625,63,,stopped,0.0,0.0,
2026-08-05T08:34:17.985,364.788,selfie,35.91824608333334,139.90772258333334,26.802,0.08231111111111111,True,22,1,35.9184062,139.9079523,27.293111735547356,,22.97,668.6895703125,75.1494140625,61.375,-8.0,-5.6875,-1.45,1.01,9.74,-0.0625,0.0,0.0,63,,stopped,0.0,0.0,
2026-08-05T08:34:18.485,365.288,selfie,35.9182452,139.90772128333333,26.775,0.06687777777777779,True,22,1,35.9184062,139.9079523,27.44591447133259,,22.97,668.6895703125,75.1494140625,61.375,-8.0,-5.625,-1.42,1.0,9.79,-0.25,-0.25,-0.0625,63,,stopped,0.0,0.0,
2026-08-05T08:34:18.986,365.789,selfie,35.9182452,139.90772128333333,26.775,0.06687777777777779,True,22,1,35.9184062,139.9079523,27.44591447133259,,22.97,668.6895703125,75.1494140625,61.375,-8.0,-5.625,-1.42,1.02,9.74,0.6875,-0.25,0.0625,63,,stopped,0.0,0.0,
2026-08-05T08:34:19.486,366.289,selfie,35.918244683333334,139.90771978333333,26.73,0.06687777777777779,True,22,1,35.9184062,139.9079523,27.585810328306977,,22.97,668.6895703125,75.1494140625,61.375,-8.0,-5.5625,-1.42,0.92,9.77,-0.4375,-0.125,-0.1875,63,,stopped,0.0,0.0,
2026-08-05T08:34:19.987,366.790,selfie,35.918244683333334,139.90771978333333,26.73,0.06687777777777779,True,22,1,35.9184062,139.9079523,27.585810328306977,,22.97,668.6895703125,75.1494140625,61.375,-8.0,-5.5625,-1.38,0.97,9.66,-0.1875,-0.0625,0.125,63,,stopped,0.0,0.0,
2026-08-05T08:34:20.487,367.290,selfie,35.918244783333336,139.90771898333333,26.683,0.06173333333333333,True,22,1,35.9184062,139.9079523,27.633308028415815,,22.97,668.6895703125,75.1494140625,61.375,-8.0625,-5.5625,-1.48,1.06,9.77,0.1875,-0.1875,0.125,60,,stopped,0.0,0.0,
2026-08-05T08:34:21.038,367.841,selfie,35.918244783333336,139.90771898333333,26.683,0.06173333333333333,True,22,1,35.9184062,139.9079523,27.633308028415815,,22.97,668.6895703125,75.1494140625,61.375,-8.0625,-5.5625,-1.45,0.86,9.8,0.875,-0.125,0.0625,60,,stopped,0.0,0.0,
2026-08-05T08:34:21.538,368.341,selfie,35.918244783333336,139.90771888333333,26.683,0.025722222222222226,True,22,1,35.9184062,139.9079523,27.640155584202148,,22.97,668.6895703125,75.1494140625,61.375,-8.0625,-5.6875,-1.43,1.07,9.67,-0.625,0.0625,-0.1875,60,,stopped,0.0,0.0,
2026-08-05T08:34:22.038,368.841,selfie,35.918244783333336,139.90771888333333,26.683,0.025722222222222226,True,22,1,35.9184062,139.9079523,27.640155584202148,,22.97,668.6895703125,75.1494140625,61.375,-8.0625,-5.6875,-1.38,0.99,9.69,-0.375,-0.125,0.25,60,,stopped,0.0,0.0,
2026-08-05T08:34:22.539,369.342,selfie,35.918244783333336,139.90771878333334,26.673,0.05144444444444445,True,23,1,35.9184062,139.9079523,27.647004377156485,,22.97,668.6895703125,75.1494140625,61.375,-8.0625,-5.625,-1.46,0.98,9.75,0.5,-0.375,-0.1875,63,,stopped,0.0,0.0,
2026-08-05T08:34:23.039,369.842,selfie,35.918244783333336,139.90771878333334,26.673,0.05144444444444445,True,23,1,35.9184062,139.9079523,27.647004377156485,,22.97,668.6895703125,75.1494140625,61.375,-8.0625,-5.625,-0.15,1.0,9.74,0.0625,-0.3125,-0.0625,63,,stopped,0.0,0.0,
2026-08-05T08:34:23.540,370.343,selfie,35.918244783333336,139.90771878333334,26.658,0.041155555555555556,True,23,1,35.9184062,139.9079523,27.647004377156485,,22.97,668.6895703125,75.1494140625,61.375,-8.0625,-5.5625,-1.44,0.85,9.71,0.5,-0.125,-0.125,63,,stopped,0.0,0.0,
2026-08-05T08:34:24.040,370.843,selfie,35.918244783333336,139.90771878333334,26.658,0.041155555555555556,True,23,1,35.9184062,139.9079523,27.647004377156485,,22.97,668.6895703125,75.1494140625,61.375,-8.0625,-5.625,-1.44,1.08,9.76,0.6875,-0.0625,0.125,63,,stopped,0.0,0.0,
2026-08-05T08:34:24.541,371.343,selfie,35.918244783333336,139.90771888333333,26.649,0.03601111111111111,True,23,1,35.9184062,139.9079523,27.640155584202148,,22.97,668.6895703125,75.1494140625,61.375,-8.0625,-5.625,-1.44,0.99,9.71,0.0,-0.125,0.0625,63,,stopped,0.0,0.0,
2026-08-05T08:34:25.041,371.844,selfie,35.918244783333336,139.90771888333333,26.649,0.03601111111111111,True,23,1,35.9184062,139.9079523,27.640155584202148,,22.97,668.6895703125,75.1494140625,61.375,-8.0625,-5.625,-1.44,2.25,9.7,0.0,-0.0625,0.0,63,,stopped,0.0,0.0,
2026-08-05T08:34:25.541,372.344,selfie,35.918244783333336,139.90771898333333,26.634,0.05658888888888889,True,23,1,35.9184062,139.9079523,27.633308028415815,,22.97,668.6895703125,75.1494140625,61.375,-8.0625,-5.625,-1.43,0.97,9.72,-0.125,-0.1875,0.0625,63,,stopped,0.0,0.0,
2026-08-05T08:34:26.042,372.845,selfie,35.918244783333336,139.90771898333333,26.634,0.05658888888888889,True,23,1,35.9184062,139.9079523,27.633308028415815,,22.97,668.6895703125,75.1494140625,61.375,-8.0625,-5.625,-1.42,0.97,9.73,0.0,0.0,0.0,63,,stopped,0.0,0.0,
2026-08-05T08:34:26.542,373.345,selfie,35.918244783333336,139.90771908333335,26.632,0.015433333333333332,True,23,1,35.9184062,139.9079523,27.626461708771775,,22.97,668.6895703125,75.1494140625,61.375,-8.0625,-5.625,-1.45,0.99,9.72,0.0625,0.0625,-0.0625,63,,stopped,0.0,0.0,
2026-08-05T08:34:27.043,373.845,selfie,35.918244783333336,139.90771908333335,26.632,0.015433333333333332,True,23,1,35.9184062,139.9079523,27.626461708771775,,22.97,668.6895703125,75.1494140625,61.375,-8.0625,-5.625,-1.44,0.98,9.7,0.0,-0.0625,0.0,63,,stopped,0.0,0.0,
2026-08-05T08:34:27.543,374.346,selfie,35.918244783333336,139.90771908333335,26.629,0.030866666666666664,True,23,1,35.9184062,139.9079523,27.626461708771775,,22.97,668.6895703125,75.1494140625,61.375,-8.0625,-5.625,-1.44,0.96,9.74,0.0,0.0625,8.0625,63,,stopped,0.0,0.0,
2026-08-05T08:34:28.043,374.846,selfie,35.918244783333336,139.90771908333335,26.629,0.030866666666666664,True,23,1,35.9184062,139.9079523,27.626461708771775,,22.97,668.6895703125,75.1494140625,61.375,-8.0625,-5.625,-1.44,0.96,9.74,-0.0625,0.0,-0.0625,63,,stopped,0.0,0.0,
2026-08-05T08:34:28.544,375.347,selfie,35.918244783333336,139.9077192,26.618,0.041155555555555556,True,23,1,35.9184062,139.9079523,27.618475904482217,,22.97,668.6895703125,75.1494140625,61.375,-8.0625,-5.625,-1.44,0.98,9.72,0.0,-0.125,0.0625,63,,stopped,0.0,0.0,
2026-08-05T08:34:29.044,375.847,selfie,35.918244783333336,139.9077192,26.618,0.041155555555555556,True,23,1,35.9184062,139.9079523,27.618475904482217,,22.97,668.6895703125,75.1494140625,61.375,-8.0625,-5.625,-1.45,0.96,9.72,0.1875,-0.0625,0.0625,63,,stopped,0.0,0.0,
2026-08-05T08:34:29.544,376.347,selfie,35.91824488333334,139.9077192,26.608,0.010288888888888889,True,23,1,35.9184062,139.9079523,27.611250844020915,,22.97,668.6895703125,75.1494140625,61.375,-8.0625,-5.625,-0.18,0.97,9.7,0.0,-0.1875,0.0625,63,,stopped,0.0,0.0,
2026-08-05T08:34:30.045,376.848,selfie,35.91824488333334,139.9077192,26.608,0.010288888888888889,True,23,1,35.9184062,139.9079523,27.611250844020915,,22.97,668.6895703125,75.1494140625,61.375,-8.0625,-5.625,-1.46,0.97,9.72,0.0,0.125,0.0625,63,,stopped,0.0,0.0,
2026-08-05T08:34:30.545,377.348,selfie,35.91824488333334,139.90771928333334,26.611,0.08231111111111111,True,25,1,35.9184062,139.9079523,27.605546238221944,,22.97,668.6895703125,75.1494140625,61.375,-8.0625,-5.625,-1.44,0.96,9.69,0.0,-0.0625,0.0,63,,stopped,0.0,0.0,
2026-08-05T08:34:31.045,377.848,selfie,35.91824488333334,139.90771928333334,26.611,0.08231111111111111,True,25,1,35.9184062,139.9079523,27.605546238221944,,22.97,668.6895703125,75.1494140625,61.375,-8.0625,-5.625,-1.45,0.95,9.72,0.0,0.0,0.0625,63,,stopped,0.0,0.0,
2026-08-05T08:34:31.546,378.349,selfie,35.91824488333334,139.90771928333334,26.613,0.015433333333333332,True,25,1,35.9184062,139.9079523,27.605546238221944,,22.97,668.6895703125,75.1494140625,61.375,-8.0625,-5.625,-1.45,0.95,9.73,-0.0625,0.0,0.0625,63,,stopped,0.0,0.0,
2026-08-05T08:34:32.046,378.849,selfie,35.91824488333334,139.90771928333334,26.613,0.015433333333333332,True,25,1,35.9184062,139.9079523,27.605546238221944,,22.97,668.6895703125,75.1494140625,61.375,-8.0625,-5.625,-1.45,0.98,9.74,0.0,0.0,0.0,63,,stopped,0.0,0.0,
2026-08-05T08:34:32.547,379.349,selfie,35.91824498333333,139.90771928333334,26.616,0.015433333333333332,True,25,1,35.9184062,139.9079523,27.59832227347445,,22.97,668.6895703125,75.1494140625,61.375,-8.0625,-5.625,-1.48,0.96,9.73,-0.0625,-0.0625,0.0,63,,stopped,0.0,0.0,
2026-08-05T08:34:33.047,379.850,selfie,35.91824498333333,139.90771928333334,26.616,0.015433333333333332,True,25,1,35.9184062,139.9079523,27.59832227347445,,22.97,668.6895703125,75.1494140625,61.375,-8.0625,-5.625,-1.45,0.98,9.7,0.0,0.0625,0.125,63,,stopped,0.0,0.0,
2026-08-05T08:34:33.547,380.350,selfie,35.9182451,139.90771928333334,26.612,0.025722222222222226,True,25,1,35.9184062,139.9079523,27.589897587372526,,22.97,668.6895703125,75.1494140625,61.375,-8.0625,-5.625,-1.44,0.96,9.73,0.0625,-0.0625,0.0625,63,,stopped,0.0,0.0,
2026-08-05T08:34:34.048,380.851,selfie,35.9182451,139.90771928333334,26.612,0.025722222222222226,True,25,1,35.9184062,139.9079523,27.589897587372526,,22.97,668.6895703125,75.1494140625,61.375,-8.0625,-5.625,-1.43,0.98,9.73,0.0625,0.0,-0.0625,63,,stopped,0.0,0.0,
2026-08-05T08:34:34.548,381.351,selfie,35.9182452,139.90771938333333,26.609,0.05144444444444445,True,25,1,35.9184062,139.9079523,27.575829170864072,,22.97,668.6895703125,75.1494140625,61.375,-8.0625,-5.625,-1.44,0.98,9.72,0.0,-0.0625,0.0,63,,stopped,0.0,0.0,
2026-08-05T08:34:35.049,381.852,selfie,35.9182452,139.90771938333333,26.609,0.05144444444444445,True,25,1,35.9184062,139.9079523,27.575829170864072,,22.97,668.6895703125,75.1494140625,61.375,-8.0625,-5.625,-1.43,0.98,9.69,-0.0625,0.0625,0.0,63,,stopped,0.0,0.0,
2026-08-05T08:34:35.549,382.352,selfie,35.918245283333334,139.90771938333333,26.615,0.020577777777777778,True,25,1,35.9184062,139.9079523,27.569814365782623,,22.97,668.6895703125,75.1494140625,61.375,-8.0625,-5.625,-1.44,0.96,9.73,0.0625,0.1875,0.0,191,,stopped,0.0,0.0,
2026-08-05T08:34:36.049,382.852,selfie,35.918245283333334,139.90771938333333,26.615,0.020577777777777778,True,25,1,35.9184062,139.9079523,27.569814365782623,,22.97,668.6895703125,75.1494140625,61.375,-8.0625,-5.625,-1.44,0.97,9.72,-0.0625,0.0,0.0,63,,stopped,0.0,0.0,
2026-08-05T08:34:36.551,383.354,selfie,35.918245383333335,139.90771928333334,26.617,0.010288888888888889,True,25,1,35.9184062,139.9079523,27.569452331509268,,22.97,668.6895703125,75.1494140625,61.375,-8.0625,-5.625,-1.45,0.99,9.72,-0.0625,0.0,0.0,63,,stopped,0.0,0.0,
2026-08-05T08:34:37.052,383.855,selfie,35.918245383333335,139.90771928333334,26.617,0.010288888888888889,True,25,1,35.9184062,139.9079523,27.569452331509268,,22.97,668.6895703125,75.1494140625,61.375,-8.0625,-5.625,-1.44,0.97,9.71,-0.0625,0.0625,-0.0625,63,,stopped,0.0,0.0,
2026-08-05T08:34:37.552,384.355,selfie,35.91824548333334,139.90771938333333,26.612,0.025722222222222226,True,25,1,35.9184062,139.9079523,27.555386190072397,,22.97,668.6895703125,75.1494140625,61.375,-8.0625,-5.625,-1.43,0.98,9.72,0.0,-0.0625,-0.0625,63,,stopped,0.0,0.0,
2026-08-05T08:34:38.052,384.855,selfie,35.91824548333334,139.90771938333333,26.612,0.025722222222222226,True,25,1,35.9184062,139.9079523,27.555386190072397,,22.97,668.6895703125,75.1494140625,61.375,-8.0625,-5.625,-1.46,0.98,9.72,-0.0625,0.0625,0.0625,63,,stopped,0.0,0.0,
2026-08-05T08:34:38.553,385.356,selfie,35.91824558333333,139.90771938333333,26.605,0.030866666666666664,True,25,1,35.9184062,139.9079523,27.548176001357575,,22.97,668.6895703125,75.1494140625,61.375,-8.0625,-5.625,-1.45,0.97,9.75,8.0625,-0.125,0.0,63,,stopped,0.0,0.0,
2026-08-05T08:34:39.053,385.856,selfie,35.91824558333333,139.90771938333333,26.605,0.030866666666666664,True,25,1,35.9184062,139.9079523,27.548176001357575,,22.97,668.6895703125,75.1494140625,61.375,-8.0625,-5.625,-1.44,0.96,9.72,0.125,0.0625,0.1875,63,,stopped,0.0,0.0,
2026-08-05T08:34:39.554,386.356,selfie,35.9182458,139.90771938333333,26.598,0.03601111111111111,True,25,1,35.9184062,139.9079523,27.532562852983993,,22.97,668.6895703125,75.1494140625,61.375,-8.0625,-5.625,-1.45,1.0,9.73,0.0,0.0625,-0.125,63,,stopped,0.0,0.0,
2026-08-05T08:34:40.054,386.857,selfie,35.9182458,139.90771938333333,26.598,0.03601111111111111,True,25,1,35.9184062,139.9079523,27.532562852983993,,22.97,668.6895703125,75.1494140625,61.375,-8.0625,-5.625,-1.44,0.95,9.73,0.0,0.0625,0.0,63,,stopped,0.0,0.0,
2026-08-05T08:34:40.554,387.357,selfie,35.918245883333334,139.90771938333333,26.594,0.05144444444444445,True,25,1,35.9184062,139.9079523,27.526561052694515,,22.97,668.6895703125,75.1494140625,61.375,-8.0625,-5.625,-1.44,0.97,9.75,0.0625,-0.0625,0.0,63,,stopped,0.0,0.0,
2026-08-05T08:34:41.055,387.858,selfie,35.918245883333334,139.90771938333333,26.594,0.05144444444444445,True,25,1,35.9184062,139.9079523,27.526561052694515,,22.97,668.6895703125,75.1494140625,61.375,-8.0625,-5.625,-1.43,0.96,9.74,0.0,0.125,-0.0625,63,,stopped,0.0,0.0,
2026-08-05T08:34:41.555,388.358,selfie,35.91824608333334,139.90771938333333,26.588,0.0463,True,25,1,35.9184062,139.9079523,27.512164123217957,,22.97,668.6895703125,75.1494140625,61.375,-0.0625,-5.625,-1.45,0.98,9.75,0.0,-0.0625,0.0,63,,stopped,0.0,0.0,
2026-08-05T08:34:42.058,388.861,selfie,35.91824608333334,139.90771938333333,26.588,0.0463,True,25,1,35.9184062,139.9079523,27.512164123217957,,22.97,668.6895703125,75.1494140625,61.375,-8.0625,-5.625,-1.44,0.97,9.71,0.0,-0.0625,0.125,63,,stopped,0.0,0.0,
2026-08-05T08:34:42.556,389.359,selfie,35.91824628333333,139.90771938333333,26.585,0.07202222222222222,True,25,1,35.9184062,139.9079523,27.497777642404188,,22.97,668.6895703125,75.1494140625,61.375,-8.0625,-5.625,-1.43,0.96,9.72,0.0,-0.0625,0.0,63,,stopped,0.0,0.0,
2026-08-05T08:34:43.091,389.894,selfie,35.91824628333333,139.90771938333333,26.585,0.07202222222222222,True,25,1,35.9184062,139.9079523,27.497777642404188,,22.97,668.6895703125,75.1494140625,61.375,-8.0625,-5.625,-1.44,0.97,9.73,-0.0625,0.0625,-0.0625,63,,stopped,0.0,0.0,
2026-08-05T08:34:43.592,390.395,selfie,35.918246583333335,139.90771928333334,26.584,0.09774444444444444,True,25,1,35.9184062,139.9079523,27.483092439551122,,22.97,668.6895703125,75.1494140625,61.375,-8.0625,-5.625,-1.45,0.96,9.7,0.0,-0.0625,0.0625,63,,stopped,0.0,0.0,
2026-08-05T08:34:44.092,390.895,selfie,35.918246583333335,139.90771928333334,26.584,0.09774444444444444,True,25,1,35.9184062,139.9079523,27.483092439551122,,22.97,668.6895703125,75.1494140625,61.375,-8.0625,-5.625,-1.45,0.98,9.7,0.0625,0.0,0.0,63,,stopped,0.0,0.0,
2026-08-05T08:34:44.593,391.395,selfie,35.91824668333334,139.9077192,26.599,0.041155555555555556,True,25,1,35.9184062,139.9079523,27.481644294550986,,22.97,668.6895703125,75.1494140625,61.375,-0.0625,-5.625,-1.44,0.95,9.72,0.125,-0.0625,0.0,63,,stopped,0.0,0.0,
2026-08-05T08:34:45.093,391.896,selfie,35.91824668333334,139.9077192,26.599,0.041155555555555556,True,25,1,35.9184062,139.9079523,27.481644294550986,,22.97,668.6895703125,75.1494140625,61.375,-8.0625,-5.625,-1.47,0.96,9.72,0.0,0.0,-0.0625,63,,stopped,0.0,0.0,
2026-08-05T08:34:45.593,392.396,selfie,35.91824688333333,139.9077192,26.609,0.05144444444444445,True,25,1,35.9184062,139.9079523,27.467295846031806,,22.97,668.6895703125,75.1494140625,61.375,-8.0625,-5.625,-1.44,0.99,9.73,0.0625,-0.0625,-0.0625,63,,stopped,0.0,0.0,
2026-08-05T08:34:46.094,392.896,selfie,35.91824688333333,139.9077192,26.609,0.05144444444444445,True,25,1,35.9184062,139.9079523,27.467295846031806,,22.97,668.6895703125,75.1494140625,61.375,-8.0625,-5.625,-1.44,0.97,9.71,0.0,0.125,0.0625,63,,stopped,0.0,0.0,
2026-08-05T08:34:46.594,393.397,selfie,35.918247083333334,139.9077192,26.603,0.025722222222222226,True,25,1,35.9184062,139.9079523,27.452957912975016,,22.97,668.6895703125,75.1494140625,61.375,-8.0625,-5.625,-1.45,0.96,9.72,0.0,-0.0625,-0.0625,63,,stopped,0.0,0.0,
2026-08-05T08:34:47.094,393.897,selfie,35.918247083333334,139.9077192,26.603,0.025722222222222226,True,25,1,35.9184062,139.9079523,27.452957912975016,,22.97,668.6895703125,75.1494140625,61.375,-8.0625,-5.625,-1.45,0.99,9.73,-0.0625,0.0625,0.0625,63,,stopped,0.0,0.0,
2026-08-05T08:34:47.595,394.398,selfie,35.918247283333336,139.90771928333334,26.596,0.015433333333333332,True,25,1,35.9184062,139.9079523,27.43289001077722,,22.97,668.6895703125,75.1494140625,61.375,-8.0625,-5.625,-1.44,0.96,9.73,0.0,0.0,-0.1875,63,,stopped,0.0,0.0,
2026-08-05T08:34:48.102,394.905,selfie,35.918247283333336,139.90771928333334,26.596,0.015433333333333332,True,25,1,35.9184062,139.9079523,27.43289001077722,,22.97,668.6895703125,75.1494140625,61.375,-8.0625,-5.625,-1.45,0.96,9.73,0.0,-0.0625,0.0,63,,stopped,0.0,0.0,
2026-08-05T08:34:48.602,395.405,selfie,35.91824738333333,139.90771938333333,26.579,0.041155555555555556,True,25,1,35.9184062,139.9079523,27.41883949118854,,22.97,668.6895703125,75.1494140625,61.375,-8.0625,-5.625,-1.47,0.97,9.7,0.0,0.0625,0.0,63,,stopped,0.0,0.0,
2026-08-05T08:34:49.103,395.906,selfie,35.91824738333333,139.90771938333333,26.579,0.041155555555555556,True,25,1,35.9184062,139.9079523,27.41883949118854,,22.97,668.6895703125,75.1494140625,61.375,-8.0625,-5.625,-1.44,0.99,9.7,0.0,0.1875,-0.0625,63,,stopped,0.0,0.0,
2026-08-05T08:34:49.603,396.406,selfie,35.918247683333334,139.90771948333332,26.55,0.0463,True,25,1,35.9184062,139.9079523,27.39047275431181,,22.97,668.6895703125,75.1494140625,61.375,-0.0625,-5.625,-1.45,0.97,9.74,0.0625,-0.1875,0.0625,63,,stopped,0.0,0.0,
2026-08-05T08:34:50.104,396.906,selfie,35.918247683333334,139.90771948333332,26.55,0.0463,True,25,1,35.9184062,139.9079523,27.39047275431181,,22.97,668.6895703125,75.1494140625,61.375,-8.0625,-5.625,-1.44,0.97,9.72,0.0,0.125,-0.0625,63,,stopped,0.0,0.0,
2026-08-05T08:34:50.604,397.407,selfie,35.918247883333336,139.90771948333332,26.537,0.041155555555555556,True,25,1,35.9184062,139.9079523,27.376166849384717,,22.97,668.6895703125,75.1494140625,61.375,-8.0625,-5.625,-1.44,0.97,9.69,0.0,0.0,0.0,63,,stopped,0.0,0.0,
2026-08-05T08:34:51.112,397.915,selfie,35.918247883333336,139.90771948333332,26.537,0.041155555555555556,True,25,1,35.9184062,139.9079523,27.376166849384717,,22.97,668.6895703125,75.1494140625,61.375,-8.0625,-5.625,-1.47,0.97,9.74,0.0625,-0.0625,-0.0625,63,,stopped,0.0,0.0,
2026-08-05T08:34:51.613,398.416,selfie,35.91824808333333,139.90771948333332,26.517,0.030866666666666664,True,25,1,35.9184062,139.9079523,27.36187154049858,,22.97,668.6895703125,75.1494140625,61.375,-8.0625,-5.625,-1.46,0.96,9.73,0.0,0.0,0.1875,63,,stopped,0.0,0.0,
2026-08-05T08:34:52.113,398.916,selfie,35.91824808333333,139.90771948333332,26.517,0.030866666666666664,True,25,1,35.9184062,139.9079523,27.36187154049858,,22.97,668.6895703125,75.1494140625,61.375,-8.0625,-5.625,-1.44,0.99,9.73,-0.0625,0.1875,0.0,63,,stopped,0.0,0.0,
2026-08-05T08:34:52.614,399.416,selfie,35.918248383333335,139.90771948333332,26.501,0.020577777777777778,True,25,1,35.9184062,139.9079523,27.34044847938515,,22.97,668.6895703125,75.1494140625,61.375,-8.0625,-5.625,-1.42,0.98,9.69,0.0,0.0625,0.0,63,,stopped,0.0,0.0,
2026-08-05T08:34:53.114,399.917,selfie,35.918248383333335,139.90771948333332,26.501,0.020577777777777778,True,25,1,35.9184062,139.9079523,27.34044847938515,,22.97,668.6895703125,75.1494140625,61.375,-8.0625,-5.625,-1.44,0.99,9.7,0.0625,0.0,0.0,63,,stopped,0.0,0.0,
2026-08-05T08:34:53.614,400.417,selfie,35.91824868333333,139.90771938333333,26.477,0.041155555555555556,True,25,1,35.9184062,139.9079523,27.32596081915058,,22.97,668.6895703125,75.1494140625,61.375,-8.0625,-5.625,-1.44,2.27,9.73,0.0,0.0625,-0.0625,63,,stopped,0.0,0.0,
2026-08-05T08:34:54.115,400.918,selfie,35.91824868333333,139.90771938333333,26.477,0.041155555555555556,True,25,1,35.9184062,139.9079523,27.32596081915058,,22.97,668.6895703125,75.1494140625,61.375,-8.0625,-5.625,-1.45,0.95,9.73,8.0,-0.1875,-0.0625,63,,stopped,0.0,0.0,
2026-08-05T08:34:54.619,401.422,selfie,35.9182489,139.90771938333333,26.455,0.025722222222222226,True,25,1,35.9184062,139.9079523,27.31052471729256,,22.97,668.6895703125,75.1494140625,61.375,-8.0625,-5.625,-1.45,0.96,9.72,0.0,-0.125,-0.0625,63,,stopped,0.0,0.0,
2026-08-05T08:34:55.120,401.923,selfie,35.9182489,139.90771938333333,26.455,0.025722222222222226,True,25,1,35.9184062,139.9079523,27.31052471729256,,22.97,668.6895703125,75.1494140625,61.375,-8.0625,-5.625,-0.17,0.98,9.72,8.0625,0.0,0.125,63,,stopped,0.0,0.0,
2026-08-05T08:34:55.620,402.423,selfie,35.91824918333333,139.90771928333334,26.436,0.020577777777777778,True,25,1,35.9184062,139.9079523,27.297279666400247,,22.97,668.6895703125,75.1494140625,61.375,-8.0625,-5.625,-1.44,0.97,9.76,-0.0625,0.0625,0.0,63,,stopped,0.0,0.0,
2026-08-05T08:34:56.120,402.923,selfie,35.91824918333333,139.90771928333334,26.436,0.020577777777777778,True,25,1,35.9184062,139.9079523,27.297279666400247,,22.97,668.6895703125,75.1494140625,61.375,-8.0625,-5.625,-1.43,0.97,9.75,0.0,-0.0625,0.0625,63,,stopped,0.0,0.0,
2026-08-05T08:34:56.621,403.424,selfie,35.9182495,139.90771908333335,26.418,0.025722222222222226,True,25,1,35.9184062,139.9079523,27.28862996387943,,22.97,668.6895703125,75.1494140625,61.375,-8.0625,-5.625,-1.44,0.97,9.74,0.0625,0.0625,0.0,63,,stopped,0.0,0.0,
2026-08-05T08:34:57.121,403.924,selfie,35.9182495,139.90771908333335,26.418,0.025722222222222226,True,25,1,35.9184062,139.9079523,27.28862996387943,,22.97,668.6895703125,75.1494140625,61.375,-8.0625,-5.625,-1.43,0.95,9.72,0.0625,0.125,0.0625,63,,stopped,0.0,0.0,
2026-08-05T08:34:57.621,404.424,selfie,35.918249683333336,139.90771898333333,26.408,0.020577777777777778,True,25,1,35.9184062,139.9079523,27.282552185322796,,22.97,668.6895703125,75.1494140625,61.375,-8.0625,-5.625,-1.45,0.98,9.72,0.0,0.0,0.0625,63,,stopped,0.0,0.0,
2026-08-05T08:34:58.122,404.925,selfie,35.918249683333336,139.90771898333333,26.408,0.020577777777777778,True,25,1,35.9184062,139.9079523,27.282552185322796,,22.97,668.6895703125,75.1494140625,61.375,-8.0625,-5.625,-1.45,0.98,9.7,0.0,-0.0625,0.0,63,,stopped,0.0,0.0,
2026-08-05T08:34:58.622,405.425,selfie,35.91824988333333,139.90771898333333,26.401,0.015433333333333332,True,25,1,35.9184062,139.9079523,27.268371034546544,,22.97,668.6895703125,75.1494140625,61.375,-8.0625,-5.625,-1.44,0.95,9.75,0.0625,-0.0625,0.0,63,,stopped,0.0,0.0,
2026-08-05T08:34:59.123,405.926,selfie,35.91824988333333,139.90771898333333,26.401,0.015433333333333332,True,25,1,35.9184062,139.9079523,27.268371034546544,,22.97,668.6895703125,75.1494140625,61.375,-0.0625,-5.625,-1.45,0.96,9.74,0.0625,-0.0625,0.0625,63,,stopped,0.0,0.0,
2026-08-05T08:34:59.623,406.426,selfie,35.9182501,139.90771888333333,26.395,0.010288888888888889,True,25,1,35.9184062,139.9079523,27.25996335397389,,22.97,668.6895703125,75.1494140625,61.375,-8.0625,-5.625,-1.44,0.96,9.71,0.0,-0.0625,0.0,63,,stopped,0.0,0.0,
2026-08-05T08:35:00.123,406.926,selfie,35.9182501,139.90771888333333,26.395,0.010288888888888889,True,25,1,35.9184062,139.9079523,27.25996335397389,,22.97,668.6895703125,75.1494140625,61.375,-8.0625,-5.625,-1.44,0.98,9.73,0.0625,-0.125,0.0,63,,stopped,0.0,0.0,
2026-08-05T08:35:00.624,407.427,selfie,35.91825038333333,139.90771878333334,26.388,0.010288888888888889,True,25,1,35.9184062,139.9079523,27.24686289394077,,22.97,668.6895703125,75.1494140625,61.375,-8.0625,-5.625,-1.44,0.94,9.73,0.125,0.0625,0.0625,63,,stopped,0.0,0.0,
2026-08-05T08:35:01.124,407.927,selfie,35.91825038333333,139.90771878333334,26.388,0.010288888888888889,True,25,1,35.9184062,139.9079523,27.24686289394077,,22.97,668.6895703125,75.1494140625,61.375,-8.0625,-5.625,-1.43,0.98,9.72,-0.125,0.125,0.0,63,,stopped,0.0,0.0,
2026-08-05T08:35:01.625,408.428,selfie,35.9182506,139.9077187,26.38,0.03601111111111111,True,25,1,35.9184062,139.9079523,27.23734453629241,,22.97,668.6895703125,75.1494140625,61.375,-8.0625,-5.625,-1.44,0.97,9.75,-0.0625,0.0,-0.0625,63,,stopped,0.0,0.0,
2026-08-05T08:35:02.125,408.928,selfie,35.9182506,139.9077187,26.38,0.03601111111111111,True,25,1,35.9184062,139.9079523,27.23734453629241,,22.97,668.6895703125,75.1494140625,61.375,-8.0625,-5.625,-1.44,0.95,9.71,0.0625,-0.0625,-0.0625,63,,stopped,0.0,0.0,
2026-08-05T08:35:02.625,409.428,selfie,35.918250783333335,139.9077187,26.371,0.020577777777777778,True,25,1,35.9184062,139.9079523,27.22439947437031,,22.97,668.6895703125,75.1494140625,61.375,-8.0625,-5.625,-1.44,0.98,9.73,0.0,-0.0625,-0.0625,63,,stopped,0.0,0.0,
2026-08-05T08:35:03.126,409.929,selfie,35.918250783333335,139.9077187,26.371,0.020577777777777778,True,25,1,35.9184062,139.9079523,27.22439947437031,,22.97,668.6895703125,75.1494140625,61.375,-8.0625,-5.625,-1.44,0.96,9.73,-0.0625,0.0,-0.1875,63,,stopped,0.0,0.0,
2026-08-05T08:35:03.626,410.429,selfie,35.91825098333333,139.9077187,26.368,0.025722222222222226,True,25,1,35.9184062,139.9079523,27.210287983908476,,22.97,668.6895703125,75.1494140625,61.375,-8.0625,-5.625,-1.46,0.97,9.73,-0.0625,0.0625,0.0,63,,stopped,0.0,0.0,
2026-08-05T08:35:04.127,410.929,selfie,35.91825098333333,139.9077187,26.368,0.025722222222222226,True,25,1,35.9184062,139.9079523,27.210287983908476,,22.97,668.6895703125,75.1494140625,61.375,-8.0625,-5.625,-1.44,0.97,9.74,0.0625,0.0,0.0,63,,stopped,0.0,0.0,
2026-08-05T08:35:04.627,411.430,selfie,35.91825108333333,139.9077187,26.372,0.025722222222222226,True,25,1,35.9184062,139.9079523,27.20323631108088,,22.97,668.6895703125,75.1494140625,61.375,-8.0625,-5.625,-1.45,0.95,9.74,-0.0625,-0.125,0.0,63,,stopped,0.0,0.0,
2026-08-05T08:35:05.127,411.930,selfie,35.91825108333333,139.9077187,26.372,0.025722222222222226,True,25,1,35.9184062,139.9079523,27.20323631108088,,22.97,668.6895703125,75.1494140625,61.375,-8.0625,-5.625,-0.17,0.97,9.78,-0.0625,-0.1875,0.0625,63,,stopped,0.0,0.0,
2026-08-05T08:35:05.628,412.431,selfie,35.9182512,139.9077187,26.371,0.0463,True,25,1,35.9184062,139.9079523,27.195012794661263,,22.97,668.6895703125,75.1494140625,61.375,-8.0625,-5.625,-1.43,0.95,9.72,0.0625,0.0,-0.0625,63,,stopped,0.0,0.0,
2026-08-05T08:35:06.148,412.951,selfie,35.9182512,139.9077187,26.371,0.0463,True,25,1,35.9184062,139.9079523,27.195012794661263,,22.97,668.6895703125,75.1494140625,61.375,-8.0625,-5.625,-1.44,0.97,9.7,-0.0625,0.0,0.0,63,,stopped,0.0,0.0,
2026-08-05T08:35:06.649,413.452,selfie,35.9182512,139.90771858333332,26.374,0.030866666666666664,True,25,1,35.9184062,139.9079523,27.203140302519188,,22.97,668.6895703125,75.1494140625,61.375,-8.0625,-5.625,-1.44,0.97,9.73,0.0,0.0625,-0.0625,63,,stopped,0.0,0.0,
2026-08-05T08:35:07.149,413.952,selfie,35.9182512,139.90771858333332,26.374,0.030866666666666664,True,25,1,35.9184062,139.9079523,27.203140302519188,,22.97,668.6895703125,75.1494140625,61.375,-8.0625,-5.625,-1.43,0.95,9.72,-0.0625,0.0,0.0625,63,,stopped,0.0,0.0,
2026-08-05T08:35:07.649,414.452,selfie,35.9182512,139.90771858333332,26.375,0.025722222222222226,True,25,1,35.9184062,139.9079523,27.203140302519188,,22.97,668.6895703125,75.1494140625,61.375,-8.0625,-5.625,-1.45,0.96,9.76,-0.0625,0.0,0.0,63,,stopped,0.0,0.0,
2026-08-05T08:35:08.150,414.952,selfie,35.9182512,139.90771858333332,26.375,0.025722222222222226,True,25,1,35.9184062,139.9079523,27.203140302519188,,22.97,668.6895703125,75.1494140625,61.375,-8.0625,-5.625,-1.46,0.96,9.71,0.0,0.125,0.0625,63,,stopped,0.0,0.0,
2026-08-05T08:35:08.650,415.453,selfie,35.9182512,139.90771858333332,26.381,0.025722222222222226,True,26,1,35.9184062,139.9079523,27.203140302519188,,22.97,668.6895703125,75.1494140625,61.375,-8.0625,-5.625,-1.45,0.96,9.72,0.0625,0.1875,0.0,63,,stopped,0.0,0.0,
2026-08-05T08:35:09.150,415.953,selfie,35.9182512,139.90771858333332,26.381,0.025722222222222226,True,26,1,35.9184062,139.9079523,27.203140302519188,,22.97,668.6895703125,75.1494140625,61.375,-8.0625,-5.625,-1.43,0.96,9.74,0.0,-0.0625,0.0,63,,stopped,0.0,0.0,
2026-08-05T08:35:09.651,416.454,selfie,35.9182512,139.90771858333332,26.381,0.015433333333333332,True,26,1,35.9184062,139.9079523,27.203140302519188,,22.97,668.6895703125,75.1494140625,61.375,-8.0625,-5.625,-1.45,0.97,9.72,0.0625,0.1875,0.0,63,,stopped,0.0,0.0,
2026-08-05T08:35:10.151,416.954,selfie,35.9182512,139.90771858333332,26.381,0.015433333333333332,True,26,1,35.9184062,139.9079523,27.203140302519188,,22.97,668.6895703125,75.1494140625,61.375,-8.0625,-5.625,-1.46,0.97,9.73,0.0625,0.0625,-0.0625,63,,stopped,0.0,0.0,
2026-08-05T08:35:10.652,417.455,selfie,35.9182512,139.90771858333332,26.381,0.041155555555555556,True,26,1,35.9184062,139.9079523,27.203140302519188,,22.97,668.6895703125,75.1494140625,61.375,-8.0625,-5.625,-1.43,0.97,9.75,0.0625,0.0625,0.0,63,,stopped,0.0,0.0,
2026-08-05T08:35:11.152,417.955,selfie,35.9182512,139.90771858333332,26.381,0.041155555555555556,True,26,1,35.9184062,139.9079523,27.203140302519188,,22.97,668.6895703125,75.1494140625,61.375,-8.0625,-5.625,-1.42,0.96,9.73,-0.0625,0.0,0.125,63,,stopped,0.0,0.0,
2026-08-05T08:35:11.653,418.456,selfie,35.91825108333333,139.90771848333333,26.385,0.025722222222222226,True,26,1,35.9184062,139.9079523,27.218326988509524,,22.97,668.6895703125,75.1494140625,61.375,-8.0625,-5.625,-1.45,0.98,9.73,0.0625,0.0,0.0,63,,stopped,0.0,0.0,
2026-08-05T08:35:12.153,418.956,selfie,35.91825108333333,139.90771848333333,26.385,0.025722222222222226,True,26,1,35.9184062,139.9079523,27.218326988509524,,22.97,668.6895703125,75.1494140625,61.375,-8.0625,-5.625,-1.44,0.97,9.7,0.0,0.125,-0.0625,63,,stopped,0.0,0.0,
2026-08-05T08:35:12.653,419.456,selfie,35.91825108333333,139.90771848333333,26.384,0.015433333333333332,True,26,1,35.9184062,139.9079523,27.218326988509524,,22.97,668.6895703125,75.1494140625,61.375,-8.0625,-5.625,-1.45,0.97,9.73,0.0,0.0625,0.125,63,,stopped,0.0,0.0,
2026-08-05T08:35:13.154,419.957,selfie,35.91825108333333,139.90771848333333,26.384,0.015433333333333332,True,26,1,35.9184062,139.9079523,27.218326988509524,,22.97,668.6895703125,75.1494140625,61.375,-8.0625,-5.625,-1.45,0.97,9.71,-0.0625,-0.0625,-0.0625,63,,stopped,0.0,0.0,
2026-08-05T08:35:13.660,420.463,selfie,35.91825108333333,139.90771848333333,26.383,0.025722222222222226,True,26,1,35.9184062,139.9079523,27.218326988509524,,22.97,668.6895703125,75.1494140625,61.375,-8.0625,-5.625,-1.45,0.96,9.72,0.0,0.0,0.0625,63,,stopped,0.0,0.0,
2026-08-05T08:35:14.161,420.964,selfie,35.91825108333333,139.90771848333333,26.383,0.025722222222222226,True,26,1,35.9184062,139.9079523,27.218326988509524,,22.97,668.6895703125,75.1494140625,61.375,-8.0625,-5.625,-1.45,0.97,9.69,0.125,0.0,0.0625,63,,stopped,0.0,0.0,
2026-08-05T08:35:14.661,421.464,selfie,35.91825098333333,139.90771848333333,26.376,0.025722222222222226,True,26,1,35.9184062,139.9079523,27.2253747527043,,22.97,668.6895703125,75.1494140625,61.375,-8.0625,-5.625,-1.45,0.97,9.73,0.0,0.0625,-0.0625,63,,stopped,0.0,0.0,
2026-08-05T08:35:15.161,421.964,selfie,35.91825098333333,139.90771848333333,26.376,0.025722222222222226,True,26,1,35.9184062,139.9079523,27.2253747527043,,22.97,668.6895703125,75.1494140625,61.375,-8.0625,-5.625,-1.44,0.97,9.72,0.0,0.0625,0.0625,63,,stopped,0.0,0.0,
2026-08-05T08:35:15.662,422.465,selfie,35.91825098333333,139.90771848333333,26.376,0.010288888888888889,True,26,1,35.9184062,139.9079523,27.2253747527043,,22.97,668.6895703125,75.1494140625,61.375,-8.0625,-5.625,-1.45,0.96,9.75,0.0625,-0.125,0.1875,63,,stopped,0.0,0.0,
2026-08-05T08:35:16.162,422.965,selfie,35.91825098333333,139.90771848333333,26.376,0.010288888888888889,True,26,1,35.9184062,139.9079523,27.2253747527043,,22.97,668.6895703125,75.1494140625,61.375,-8.0625,-5.625,-1.43,0.94,9.73,0.0,-0.0625,0.0,63,,stopped,0.0,0.0,
2026-08-05T08:35:16.663,423.466,selfie,35.91825098333333,139.90771848333333,26.376,0.015433333333333332,True,26,1,35.9184062,139.9079523,27.2253747527043,,22.97,668.6895703125,75.1494140625,61.375,-8.0625,-5.625,-1.43,0.94,9.7,-0.0625,0.0625,0.0,63,,stopped,0.0,0.0,
2026-08-05T08:35:17.163,423.966,selfie,35.91825098333333,139.90771848333333,26.376,0.015433333333333332,True,26,1,35.9184062,139.9079523,27.2253747527043,,22.97,668.6895703125,75.1494140625,61.375,-8.0625,-5.625,-1.45,0.94,9.71,0.0625,-0.1875,0.125,63,,stopped,0.0,0.0,
2026-08-05T08:35:17.663,424.466,selfie,35.918250883333336,139.90771858333332,26.368,0.010288888888888889,True,26,1,35.9184062,139.9079523,27.225463213973644,,22.97,668.6895703125,75.1494140625,61.375,-8.0625,-5.625,-1.46,2.27,9.72,0.0625,0.0,-0.125,63,,stopped,0.0,0.0,
2026-08-05T08:35:18.164,424.967,selfie,35.918250883333336,139.90771858333332,26.368,0.010288888888888889,True,26,1,35.9184062,139.9079523,27.225463213973644,,22.97,668.6895703125,75.1494140625,61.375,-8.0625,-5.625,-1.46,0.96,9.73,0.0625,0.125,-0.0625,63,,stopped,0.0,0.0,
2026-08-05T08:35:18.664,425.467,selfie,35.918250883333336,139.9077187,26.357,0.0051444444444444445,True,26,1,35.9184062,139.9079523,27.217342372041177,,22.97,668.6895703125,75.1494140625,61.375,-8.0625,-5.625,-1.44,0.96,9.71,0.0625,-0.125,0.0,63,,stopped,0.0,0.0,
2026-08-05T08:35:19.165,425.967,selfie,35.918250883333336,139.9077187,26.357,0.0051444444444444445,True,26,1,35.9184062,139.9079523,27.217342372041177,,22.97,668.6895703125,75.1494140625,61.375,-8.0625,-5.625,-1.44,0.98,9.71,0.125,-0.0625,0.125,63,,stopped,0.0,0.0,
2026-08-05T08:35:19.665,426.468,selfie,35.918250783333335,139.90771878333334,26.346,0.030866666666666664,True,26,1,35.9184062,139.9079523,27.218601377140146,,22.97,668.6895703125,75.1494140625,61.375,-8.0625,-5.625,-1.45,0.96,9.72,0.0,0.0625,0.0,63,,stopped,0.0,0.0,
2026-08-05T08:35:20.165,426.968,selfie,35.918250783333335,139.90771878333334,26.346,0.030866666666666664,True,26,1,35.9184062,139.9079523,27.218601377140146,,22.97,668.6895703125,75.1494140625,61.375,-8.0625,-5.625,-1.44,0.96,9.74,0.0,0.0,-0.125,63,,stopped,0.0,0.0,
2026-08-05T08:35:20.666,427.469,selfie,35.918250783333335,139.90771878333334,26.346,0.030866666666666664,True,26,1,35.9184062,139.9079523,27.218601377140146,,22.97,668.6895703125,75.1494140625,61.375,-8.0625,-5.625,-1.45,0.96,9.73,0.0,0.0625,-0.0625,63,,stopped,0.0,0.0,
2026-08-05T08:35:21.166,427.969,selfie,35.918250783333335,139.90771878333334,26.346,0.030866666666666664,True,26,1,35.9184062,139.9079523,27.218601377140146,,22.97,668.6895703125,75.1494140625,61.375,-8.0625,-5.625,-1.44,2.23,9.72,-0.0625,-0.0625,0.0,63,,stopped,0.0,0.0,
2026-08-05T08:35:21.666,428.469,selfie,35.9182507,139.90771888333333,26.336,0.05658888888888889,True,26,1,35.9184062,139.9079523,27.217530508687794,,22.97,668.6895703125,75.1494140625,61.375,-8.0625,-5.625,-1.44,0.97,9.75,-0.0625,0.0625,0.1875,63,,stopped,0.0,0.0,
2026-08-05T08:35:22.167,428.970,selfie,35.9182507,139.90771888333333,26.336,0.05658888888888889,True,26,1,35.9184062,139.9079523,27.217530508687794,,22.97,668.6895703125,75.1494140625,61.375,-8.0625,-5.625,-1.45,0.95,9.73,0.125,0.0,-0.0625,63,,stopped,0.0,0.0,
2026-08-05T08:35:22.667,429.470,selfie,35.9182507,139.90771888333333,26.325,0.015433333333333332,True,26,1,35.9184062,139.9079523,27.217530508687794,,22.97,668.6895703125,75.1494140625,61.375,-8.0625,-5.625,-1.44,0.96,9.73,-0.0625,0.0,0.125,63,,stopped,0.0,0.0,
2026-08-05T08:35:23.168,429.971,selfie,35.9182507,139.90771888333333,26.325,0.015433333333333332,True,26,1,35.9184062,139.9079523,27.217530508687794,,22.97,668.6895703125,75.1494140625,61.375,-8.0625,-5.625,-1.46,0.97,9.72,0.0,-0.125,0.0625,63,,stopped,0.0,0.0,
2026-08-05T08:35:23.668,430.471,selfie,35.9182506,139.90771908333335,26.317,0.010288888888888889,True,26,1,35.9184062,139.9079523,27.210692883033136,,22.97,668.6895703125,75.1494140625,61.375,-8.0625,-5.625,-1.45,0.97,9.73,0.0,-0.125,0.0,63,,stopped,0.0,0.0,
2026-08-05T08:35:24.168,430.971,selfie,35.9182506,139.90771908333335,26.317,0.010288888888888889,True,26,1,35.9184062,139.9079523,27.210692883033136,,22.97,668.6895703125,75.1494140625,61.375,-8.0625,-5.625,-1.43,0.95,9.71,0.0,0.0625,0.0625,63,,stopped,0.0,0.0,
2026-08-05T08:35:24.669,431.472,selfie,35.9182506,139.90771908333335,26.316,0.010288888888888889,True,26,1,35.9184062,139.9079523,27.210692883033136,,22.97,668.6895703125,75.1494140625,61.375,-8.0625,-5.625,-1.44,0.96,9.73,0.0,-0.0625,0.0,63,,stopped,0.0,0.0,
2026-08-05T08:35:25.169,431.972,selfie,35.9182506,139.90771908333335,26.316,0.010288888888888889,True,26,1,35.9184062,139.9079523,27.210692883033136,,22.97,668.6895703125,75.1494140625,61.375,-8.0625,-5.625,-1.42,2.24,9.72,0.0,-0.125,0.0625,63,,stopped,0.0,0.0,
2026-08-05T08:35:25.670,432.472,selfie,35.9182506,139.90771908333335,26.316,0.015433333333333332,True,26,1,35.9184062,139.9079523,27.210692883033136,,22.97,668.6895703125,75.1494140625,61.375,-8.0625,-5.625,-1.46,0.96,9.75,0.0,-0.125,0.0625,63,,stopped,0.0,0.0,
2026-08-05T08:35:26.170,432.973,selfie,35.9182506,139.90771908333335,26.316,0.015433333333333332,True,26,1,35.9184062,139.9079523,27.210692883033136,,22.97,668.6895703125,75.1494140625,61.375,-8.0625,-5.625,-1.46,0.96,9.73,0.0,0.0625,-0.0625,63,,stopped,0.0,0.0,
2026-08-05T08:35:26.670,433.473,selfie,35.91825048333333,139.90771928333334,26.305,0.05658888888888889,True,26,1,35.9184062,139.9079523,27.205049490940006,,22.97,668.6895703125,75.1494140625,61.375,-8.0625,-5.625,-1.46,0.95,9.75,0.0,0.0625,0.0,63,,stopped,0.0,0.0,
2026-08-05T08:35:27.171,433.974,selfie,35.91825048333333,139.90771928333334,26.305,0.05658888888888889,True,26,1,35.9184062,139.9079523,27.205049490940006,,22.97,668.6895703125,75.1494140625,61.375,-8.0625,-5.625,-1.45,0.97,9.72,-0.0625,-0.125,0.0625,63,,stopped,0.0,0.0,
2026-08-05T08:35:27.671,434.474,selfie,35.918250283333336,139.90771948333332,26.29,0.06173333333333333,True,26,1,35.9184062,139.9079523,27.20532721195712,,22.97,668.6895703125,75.1494140625,61.375,-8.0625,-5.625,-1.44,0.94,9.75,-0.0625,0.0,0.0,63,,stopped,0.0,0.0,
2026-08-05T08:35:28.470,435.273,selfie,35.918250283333336,139.90771948333332,26.29,0.06173333333333333,True,26,1,35.9184062,139.9079523,27.20532721195712,,22.97,668.6895703125,75.1494140625,61.375,-8.0625,-5.625,-1.44,0.97,9.75,-0.0625,0.0,0.0625,63,,stopped,0.0,0.0,
2026-08-05T08:35:28.971,435.774,selfie,35.918250283333336,139.90771948333332,,0.03601111111111111,True,,,35.9184062,139.9079523,27.20532721195712,,22.97,668.6895703125,75.1494140625,61.375,-8.0625,-5.625,-1.44,0.95,9.74,0.0,0.0,0.0625,63,,stopped,0.0,0.0,
2026-08-05T08:35:29.471,436.274,selfie,35.918250283333336,139.90771948333332,,0.03601111111111111,True,,,35.9184062,139.9079523,27.20532721195712,,22.97,668.6895703125,75.1494140625,61.375,-8.0625,-5.625,-1.45,0.97,9.72,0.0625,0.0625,0.0625,63,,stopped,0.0,0.0,
2026-08-05T08:35:29.972,436.775,selfie,35.918250283333336,139.9077197,26.282,0.0051444444444444445,True,26,1,35.9184062,139.9079523,27.190293938741327,,22.97,668.6895703125,75.1494140625,61.375,-8.0625,-5.625,-1.45,0.95,9.69,0.0,-0.0625,0.0625,63,,stopped,0.0,0.0,
2026-08-05T08:35:30.735,437.538,selfie,35.918250283333336,139.9077197,26.282,0.0051444444444444445,True,26,1,35.9184062,139.9079523,27.190293938741327,,22.97,668.6895703125,75.1494140625,61.375,-8.0625,-5.625,-1.44,0.94,9.74,0.0,0.125,-0.0625,63,,stopped,0.0,0.0,
2026-08-05T08:35:31.236,438.038,selfie,35.918250283333336,139.9077197,26.282,0.015433333333333332,True,26,1,35.9184062,139.9079523,27.190293938741327,,22.97,668.6895703125,75.1494140625,61.375,-8.0625,-5.625,-1.44,0.95,9.69,0.0625,0.0,0.0,63,,stopped,0.0,0.0,
2026-08-05T08:35:31.736,438.539,selfie,35.918250283333336,139.9077197,26.282,0.015433333333333332,True,26,1,35.9184062,139.9079523,27.190293938741327,,22.97,668.6895703125,75.1494140625,61.375,-8.0625,-5.625,-1.45,0.95,9.74,0.0625,0.125,0.125,63,,stopped,0.0,0.0,
2026-08-05T08:35:32.237,439.040,selfie,35.918250283333336,139.90771978333333,26.268,0.025722222222222226,True,26,1,35.9184062,139.9079523,27.184513426046916,,22.97,668.6895703125,75.1494140625,61.375,-8.0625,-5.625,-1.44,0.97,9.74,0.0625,0.125,-0.0625,63,,stopped,0.0,0.0,
2026-08-05T08:35:32.737,439.540,selfie,35.918250283333336,139.90771978333333,26.268,0.025722222222222226,True,26,1,35.9184062,139.9079523,27.184513426046916,,22.97,668.6895703125,75.1494140625,61.375,-8.0625,-5.625,-0.17,0.94,9.73,-0.0625,-0.1875,0.0,63,,stopped,0.0,0.0,
2026-08-05T08:35:33.238,440.041,selfie,35.918250283333336,139.90771988333333,26.269,0.020577777777777778,True,26,1,35.9184062,139.9079523,27.177577923461115,,22.97,668.6895703125,75.1494140625,61.375,-8.0625,-5.625,-1.45,0.98,9.74,-0.0625,0.0,-0.125,63,,stopped,0.0,0.0,
2026-08-05T08:35:33.738,440.541,selfie,35.918250283333336,139.90771988333333,26.269,0.020577777777777778,True,26,1,35.9184062,139.9079523,27.177577923461115,,22.97,668.6895703125,75.1494140625,61.375,-8.0625,-5.625,-1.44,0.94,9.72,0.0625,-0.125,-0.125,63,,stopped,0.0,0.0,
2026-08-05T08:35:34.239,441.042,selfie,35.918250283333336,139.90771988333333,26.27,0.015433333333333332,True,26,1,35.9184062,139.9079523,27.177577923461115,,22.97,668.6895703125,75.1494140625,61.375,-8.0625,-5.625,-1.45,0.97,9.74,0.0625,0.0625,0.0625,63,,stopped,0.0,0.0,
2026-08-05T08:35:34.739,441.542,selfie,35.918250283333336,139.90771988333333,26.27,0.015433333333333332,True,26,1,35.9184062,139.9079523,27.177577923461115,,22.97,668.6895703125,75.1494140625,61.375,-8.0625,-5.625,-1.42,0.95,9.72,0.0625,-0.125,0.0625,63,,stopped,0.0,0.0,
2026-08-05T08:35:35.240,442.042,selfie,35.918250283333336,139.90771988333333,26.27,0.010288888888888889,True,26,1,35.9184062,139.9079523,27.177577923461115,,22.97,668.6895703125,75.1494140625,61.375,-8.0625,-5.625,-1.46,0.96,9.71,-0.0625,0.0,-0.0625,63,,stopped,0.0,0.0,
2026-08-05T08:35:35.740,442.543,selfie,35.918250283333336,139.90771988333333,26.27,0.010288888888888889,True,26,1,35.9184062,139.9079523,27.177577923461115,,22.97,668.6895703125,75.1494140625,61.375,-8.0625,-5.625,-1.44,0.96,9.75,0.0,0.0625,0.125,63,,stopped,0.0,0.0,
2026-08-05T08:35:36.240,443.043,selfie,35.918250283333336,139.90771988333333,26.27,0.010288888888888889,True,26,1,35.9184062,139.9079523,27.177577923461115,,22.97,668.6895703125,75.1494140625,61.375,-8.0625,-5.625,-1.44,2.25,9.73,0.125,0.1875,-0.0625,63,,stopped,0.0,0.0,
2026-08-05T08:35:36.741,443.544,selfie,35.918250283333336,139.90771988333333,26.27,0.010288888888888889,True,26,1,35.9184062,139.9079523,27.177577923461115,,22.97,668.6895703125,75.1494140625,61.375,-8.0625,-5.625,-1.44,0.96,9.71,0.0625,0.0,0.125,63,,stopped,0.0,0.0,
2026-08-05T08:35:37.241,444.044,selfie,35.918250283333336,139.90771988333333,26.27,0.05658888888888889,True,26,1,35.9184062,139.9079523,27.177577923461115,,22.97,668.6895703125,75.1494140625,61.375,-8.0625,-5.625,-1.45,0.97,9.73,-0.0625,0.0625,-0.0625,63,,stopped,0.0,0.0,
2026-08-05T08:35:37.741,444.544,selfie,35.918250283333336,139.90771988333333,26.27,0.05658888888888889,True,26,1,35.9184062,139.9079523,27.177577923461115,,22.97,668.6895703125,75.1494140625,61.375,-8.0625,-5.625,-1.45,0.95,9.72,-0.0625,0.0,0.0,63,,stopped,0.0,0.0,
2026-08-05T08:35:38.242,445.045,selfie,35.918250183333335,139.90771988333333,26.27,0.05144444444444445,True,26,1,35.9184062,139.9079523,27.184672638101727,,22.97,668.6895703125,75.1494140625,61.375,-8.0625,-5.625,-1.44,0.94,9.71,0.0625,0.125,-0.0625,63,,stopped,0.0,0.0,
2026-08-05T08:35:38.742,445.545,selfie,35.918250183333335,139.90771988333333,26.27,0.05144444444444445,True,26,1,35.9184062,139.9079523,27.184672638101727,,22.97,668.6895703125,75.1494140625,61.375,-8.0625,-5.625,-1.46,0.96,9.73,0.1875,0.0625,-0.0625,63,,stopped,0.0,0.0,
2026-08-05T08:35:39.243,446.046,selfie,35.918250183333335,139.90771998333332,26.271,0.0051444444444444445,True,26,1,35.9184062,139.9079523,27.177740159939024,,22.97,668.6895703125,75.1494140625,61.375,-8.0625,-5.625,-1.46,0.95,9.74,0.0,-0.0625,0.0,63,,stopped,0.0,0.0,
2026-08-05T08:35:39.744,446.547,selfie,35.918250183333335,139.90771998333332,26.271,0.0051444444444444445,True,26,1,35.9184062,139.9079523,27.177740159939024,,22.97,668.6895703125,75.1494140625,61.375,-8.0625,-5.625,-0.16,0.95,9.73,0.0625,0.0,-0.0625,63,,stopped,0.0,0.0,
2026-08-05T08:35:40.245,447.047,selfie,35.918250183333335,139.90771998333332,26.271,0.06173333333333333,True,26,1,35.9184062,139.9079523,27.177740159939024,,22.97,668.6895703125,75.1494140625,61.375,-8.0625,-5.625,-1.45,0.94,9.75,-0.0625,0.0,0.0625,63,,stopped,0.0,0.0,
2026-08-05T08:35:40.745,447.548,selfie,35.918250183333335,139.90771998333332,26.271,0.06173333333333333,True,26,1,35.9184062,139.9079523,27.177740159939024,,22.97,668.6895703125,75.1494140625,61.375,-8.0625,-5.625,-1.45,0.96,9.73,-0.0625,0.125,0.0625,63,,stopped,0.0,0.0,
2026-08-05T08:35:41.245,448.048,selfie,35.91825038333333,139.90771988333333,26.248,0.0463,True,26,1,35.9184062,139.9079523,27.170485907404444,,22.97,668.6895703125,75.1494140625,61.375,-8.0625,-5.625,-1.44,0.95,9.75,8.0625,0.0,-0.0625,63,,stopped,0.0,0.0,
2026-08-05T08:35:41.754,448.557,selfie,35.91825038333333,139.90771988333333,26.248,0.0463,True,26,1,35.9184062,139.9079523,27.170485907404444,,22.97,668.6895703125,75.1494140625,61.375,-8.0625,-5.625,-1.45,0.97,9.72,0.0,-0.0625,0.0625,63,,stopped,0.0,0.0,
2026-08-05T08:35:42.254,449.057,selfie,35.91825038333333,139.90771978333333,26.248,0.020577777777777778,True,26,1,35.9184062,139.9079523,27.17742321981815,,22.97,668.6895703125,75.1494140625,61.375,-8.0625,-5.625,-1.46,0.96,9.73,0.1875,0.0625,0.0,63,,stopped,0.0,0.0,
2026-08-05T08:35:42.755,449.557,selfie,35.91825038333333,139.90771978333333,26.248,0.020577777777777778,True,26,1,35.9184062,139.9079523,27.17742321981815,,22.97,668.6895703125,75.1494140625,61.375,-8.0625,-5.625,-1.44,0.95,9.73,-0.0625,-0.0625,-0.0625,63,,stopped,0.0,0.0,
2026-08-05T08:35:43.255,450.058,selfie,35.91825038333333,139.90771978333333,26.247,0.025722222222222226,True,26,1,35.9184062,139.9079523,27.17742321981815,,22.97,668.6895703125,75.1494140625,61.375,-8.0625,-5.625,-1.46,0.96,9.74,-0.0625,0.125,-0.0625,63,,stopped,0.0,0.0,
2026-08-05T08:35:43.756,450.558,selfie,35.91825038333333,139.90771978333333,26.247,0.025722222222222226,True,26,1,35.9184062,139.9079523,27.17742321981815,,22.97,668.6895703125,75.1494140625,61.375,-8.0625,-5.625,-1.46,0.96,9.73,-0.0625,0.0,0.0625,63,,stopped,0.0,0.0,
2026-08-05T08:35:44.256,451.059,selfie,35.91825038333333,139.90771978333333,26.245,0.015433333333333332,True,26,1,35.9184062,139.9079523,27.17742321981815,,22.97,668.6895703125,75.1494140625,61.375,-8.0625,-5.625,-1.44,0.96,9.75,0.0,0.1875,0.0625,63,,stopped,0.0,0.0,
2026-08-05T08:35:44.756,451.559,selfie,35.91825038333333,139.90771978333333,26.245,0.015433333333333332,True,26,1,35.9184062,139.9079523,27.17742321981815,,22.97,668.6895703125,75.1494140625,61.375,-8.0625,-5.625,-1.44,0.98,9.73,0.125,0.0625,0.0625,63,,stopped,0.0,0.0,
2026-08-05T08:35:45.257,452.060,selfie,35.91825048333333,139.90771978333333,26.244,0.015433333333333332,True,26,1,35.9184062,139.9079523,27.170335713534,,22.97,668.6895703125,75.1494140625,61.375,-8.0625,-5.625,-1.44,0.94,9.75,0.0,-0.0625,-0.125,63,,stopped,0.0,0.0,
2026-08-05T08:35:45.757,452.560,selfie,35.91825048333333,139.90771978333333,26.244,0.015433333333333332,True,26,1,35.9184062,139.9079523,27.170335713534,,22.97,668.6895703125,75.1494140625,61.375,-8.0625,-5.625,-1.47,0.95,9.73,-0.0625,-0.0625,0.0625,63,,stopped,0.0,0.0,
2026-08-05T08:35:46.258,453.061,selfie,35.91825048333333,139.90771978333333,26.244,0.0051444444444444445,True,26,1,35.9184062,139.9079523,27.170335713534,,22.97,668.6895703125,75.1494140625,61.375,-8.0625,-5.625,-1.45,0.97,9.74,-0.0625,-0.125,0.0,63,,stopped,0.0,0.0,
2026-08-05T08:35:46.758,453.561,selfie,35.91825048333333,139.90771978333333,26.244,0.0051444444444444445,True,26,1,35.9184062,139.9079523,27.170335713534,,22.97,668.6895703125,75.1494140625,61.375,-8.0625,-5.625,-1.45,0.98,9.73,0.0,-0.0625,0.0,63,,stopped,0.0,0.0,
2026-08-05T08:35:47.258,454.061,selfie,35.91825048333333,139.90771978333333,26.243,0.015433333333333332,True,26,1,35.9184062,139.9079523,27.170335713534,,22.97,668.6895703125,75.1494140625,61.375,-8.0625,-5.625,-1.44,0.96,9.71,0.0,-0.0625,-0.0625,63,,stopped,0.0,0.0,
2026-08-05T08:35:47.759,454.562,selfie,35.91825048333333,139.90771978333333,26.243,0.015433333333333332,True,26,1,35.9184062,139.9079523,27.170335713534,,22.97,668.6895703125,75.1494140625,61.375,-8.0625,-5.625,-1.45,0.93,9.75,-0.0625,0.125,-0.1875,63,,stopped,0.0,0.0,
2026-08-05T08:35:48.260,455.063,selfie,35.91825038333333,139.90771988333333,26.243,0.010288888888888889,True,26,1,35.9184062,139.9079523,27.170485907404444,,22.97,668.6895703125,75.1494140625,61.375,-8.0625,-5.625,-1.45,0.96,9.72,-0.0625,-0.0625,-0.125,63,,stopped,0.0,0.0,
2026-08-05T08:35:48.761,455.564,selfie,35.91825038333333,139.90771988333333,26.243,0.010288888888888889,True,26,1,35.9184062,139.9079523,27.170485907404444,,22.97,668.6895703125,75.1494140625,61.375,-8.0625,-5.625,-1.43,0.95,9.74,0.0,0.0625,-0.0625,63,,stopped,0.0,0.0,
2026-08-05T08:35:49.261,456.064,selfie,35.91825038333333,139.90771978333333,26.243,0.010288888888888889,True,26,1,35.9184062,139.9079523,27.17742321981815,,22.97,668.6895703125,75.1494140625,61.375,-8.0625,-5.625,-0.16,0.97,9.72,0.0,0.0,0.0,63,,stopped,0.0,0.0,
2026-08-05T08:35:49.762,456.565,selfie,35.91825038333333,139.90771978333333,26.243,0.010288888888888889,True,26,1,35.9184062,139.9079523,27.17742321981815,,22.97,668.6895703125,75.1494140625,61.375,-8.0625,-5.625,-1.44,0.95,9.75,0.0,0.125,0.0,63,,stopped,0.0,0.0,
2026-08-05T08:35:50.262,457.065,selfie,35.91825038333333,139.90771978333333,26.244,0.015433333333333332,True,26,1,35.9184062,139.9079523,27.17742321981815,,22.97,668.6895703125,75.1494140625,61.375,-8.0625,-5.625,-1.44,0.94,9.72,0.0,0.0625,-0.0625,63,,stopped,0.0,0.0,
2026-08-05T08:35:50.769,457.572,selfie,35.91825038333333,139.90771978333333,26.244,0.015433333333333332,True,26,1,35.9184062,139.9079523,27.17742321981815,,22.97,668.6895703125,75.1494140625,61.375,-8.0625,-5.625,-1.44,0.96,9.71,0.0625,0.0,-0.0625,63,,stopped,0.0,0.0,
2026-08-05T08:35:51.270,458.073,selfie,35.91825038333333,139.90771978333333,26.243,0.041155555555555556,True,26,1,35.9184062,139.9079523,27.17742321981815,,22.97,668.6895703125,75.1494140625,61.375,-8.0625,-5.625,-1.45,0.96,9.74,-0.0625,0.0,-0.0625,63,,stopped,0.0,0.0,
2026-08-05T08:35:51.770,458.573,selfie,35.91825038333333,139.90771978333333,26.243,0.041155555555555556,True,26,1,35.9184062,139.9079523,27.17742321981815,,22.97,668.6895703125,75.1494140625,61.375,-8.0625,-5.625,-1.46,0.95,9.72,-0.125,-0.0625,0.0625,63,,stopped,0.0,0.0,
2026-08-05T08:35:52.270,459.073,selfie,35.91825038333333,139.90771978333333,26.229,0.06173333333333333,True,26,1,35.9184062,139.9079523,27.17742321981815,,22.97,668.6895703125,75.1494140625,61.375,-8.0625,-5.625,-1.46,0.96,9.73,0.0,0.125,-0.0625,63,,stopped,0.0,0.0,
2026-08-05T08:35:52.771,459.574,selfie,35.91825038333333,139.90771978333333,26.229,0.06173333333333333,True,26,1,35.9184062,139.9079523,27.17742321981815,,22.97,668.6895703125,75.1494140625,61.375,-8.0625,-5.625,-1.44,0.96,9.71,0.0,0.125,0.0,63,,stopped,0.0,0.0,
2026-08-05T08:35:53.271,460.074,selfie,35.91825038333333,139.9077196,26.208,0.010288888888888889,True,26,1,35.9184062,139.9079523,27.190144775241784,,22.97,668.6895703125,75.1494140625,61.375,-8.0625,-5.625,-1.43,0.95,9.76,0.0,0.0,-0.0625,63,,stopped,0.0,0.0,
2026-08-05T08:35:53.772,460.574,selfie,35.91825038333333,139.9077196,26.208,0.010288888888888889,True,26,1,35.9184062,139.9079523,27.190144775241784,,22.97,668.6895703125,75.1494140625,61.375,-8.0625,-5.625,-1.45,0.95,9.73,0.0625,-0.125,-0.0625,63,,stopped,0.0,0.0,
2026-08-05T08:35:54.272,461.075,selfie,35.91825038333333,139.9077196,26.207,0.12861111111111112,True,26,1,35.9184062,139.9079523,27.190144775241784,,22.97,668.6895703125,75.1494140625,61.375,-8.0625,-5.625,-1.45,0.96,9.77,-0.0625,0.125,-0.125,63,,stopped,0.0,0.0,
2026-08-05T08:35:54.773,461.575,selfie,35.91825038333333,139.9077196,26.207,0.12861111111111112,True,26,1,35.9184062,139.9079523,27.190144775241784,,22.97,668.6895703125,75.1494140625,61.375,-8.0625,-5.625,-1.44,0.96,9.74,0.0,0.0625,-0.0625,63,,stopped,0.0,0.0,
2026-08-05T08:35:55.273,462.076,selfie,35.918250183333335,139.9077196,26.188,0.05658888888888889,True,26,1,35.9184062,139.9079523,27.204321254124373,,22.97,668.6895703125,75.1494140625,61.375,-8.0625,-5.625,-1.45,0.96,9.74,0.0,0.0,0.0625,63,,stopped,0.0,0.0,
2026-08-05T08:35:55.773,462.576,selfie,35.918250183333335,139.9077196,26.188,0.05658888888888889,True,26,1,35.9184062,139.9079523,27.204321254124373,,22.97,668.6895703125,75.1494140625,61.375,-8.0625,-5.625,-1.44,0.94,9.74,-0.0625,0.0,0.0625,63,,stopped,0.0,0.0,
2026-08-05T08:35:56.277,463.080,selfie,35.918250183333335,139.9077197,26.187,0.015433333333333332,True,26,1,35.9184062,139.9079523,27.197385336296257,,22.97,668.6895703125,75.1494140625,61.375,-8.0625,-5.625,-1.47,0.97,9.7,0.0,-0.1875,-0.0625,63,,stopped,0.0,0.0,
2026-08-05T08:35:56.777,463.580,selfie,35.918250183333335,139.9077197,26.187,0.015433333333333332,True,26,1,35.9184062,139.9079523,27.197385336296257,,22.97,668.6895703125,75.1494140625,61.375,-8.0625,-5.625,-1.45,2.23,9.74,0.0625,8.0,0.0,63,,stopped,0.0,0.0,
2026-08-05T08:35:57.278,464.081,selfie,35.91825,139.90771948333332,26.163,0.025722222222222226,True,26,1,35.9184062,139.9079523,27.225415408343082,,22.97,668.6895703125,75.1494140625,61.375,-8.0625,-5.625,-1.46,0.94,9.74,-0.125,0.0,0.0,63,,stopped,0.0,0.0,
2026-08-05T08:35:57.778,464.581,selfie,35.91825,139.90771948333332,26.163,0.025722222222222226,True,26,1,35.9184062,139.9079523,27.225415408343082,,22.97,668.6895703125,75.1494140625,61.375,-8.0625,-5.625,-1.45,0.93,9.78,0.0625,-0.125,0.125,63,,stopped,0.0,0.0,
2026-08-05T08:35:58.278,465.081,selfie,35.91825,139.90771948333332,26.164,0.06687777777777779,True,26,1,35.9184062,139.9079523,27.225415408343082,,22.97,668.6895703125,75.1494140625,61.375,-8.0625,-5.625,-1.45,0.95,9.75,0.0625,-0.125,0.0625,63,,stopped,0.0,0.0,
2026-08-05T08:35:58.779,465.582,selfie,35.91825,139.90771948333332,26.164,0.06687777777777779,True,26,1,35.9184062,139.9079523,27.225415408343082,,22.97,668.6895703125,75.1494140625,61.375,-8.0625,-5.625,-1.45,0.96,9.73,0.0,0.0625,-0.0625,63,,stopped,0.0,0.0,
2026-08-05T08:35:59.279,466.082,selfie,35.91824988333333,139.90771928333334,26.144,0.05658888888888889,True,26,1,35.9184062,139.9079523,27.247560763906307,,22.97,668.6895703125,75.1494140625,61.375,-8.0625,-5.625,-1.44,0.95,9.73,0.0,0.0,0.0,63,,stopped,0.0,0.0,
2026-08-05T08:35:59.780,466.582,selfie,35.91824988333333,139.90771928333334,26.144,0.05658888888888889,True,26,1,35.9184062,139.9079523,27.247560763906307,,22.97,668.6895703125,75.1494140625,61.375,-8.0625,-5.625,-1.44,0.96,9.77,0.0625,8.0625,0.0,63,,stopped,0.0,0.0,
2026-08-05T08:36:00.280,467.083,selfie,35.91824978333333,139.90771908333335,26.125,0.03601111111111111,True,26,1,35.9184062,139.9079523,27.268524101218755,,22.97,668.6895703125,75.1494140625,61.375,-8.0625,-5.625,-1.43,0.97,9.72,0.0,-0.0625,0.0,63,,stopped,0.0,0.0,
2026-08-05T08:36:00.782,467.585,selfie,35.91824978333333,139.90771908333335,26.125,0.03601111111111111,True,26,1,35.9184062,139.9079523,27.268524101218755,,22.97,668.6895703125,75.1494140625,61.375,-8.0625,-5.625,-1.44,0.94,9.71,-0.0625,0.125,-0.0625,63,,stopped,0.0,0.0,
2026-08-05T08:36:01.283,468.086,selfie,35.918249583333335,139.90771898333333,26.113,0.010288888888888889,True,26,1,35.9184062,139.9079523,27.289646793638376,,22.97,668.6895703125,75.1494140625,61.375,-8.0625,-5.625,-1.46,0.95,9.74,0.0625,0.0,0.0,63,,stopped,0.0,0.0,
2026-08-05T08:36:01.783,468.586,selfie,35.918249583333335,139.90771898333333,26.113,0.010288888888888889,True,26,1,35.9184062,139.9079523,27.289646793638376,,22.97,668.6895703125,75.1494140625,61.375,-8.0625,-5.625,-1.45,0.96,9.72,-0.0625,0.125,-0.0625,63,,stopped,0.0,0.0,
2026-08-05T08:36:02.283,469.086,selfie,35.9182495,139.90771888333333,26.1,0.0,True,26,1,35.9184062,139.9079523,27.30249328235568,,22.97,668.6895703125,75.1494140625,61.375,-8.0625,-5.625,-1.47,0.95,9.75,0.0625,-0.0625,0.0,63,,stopped,0.0,0.0,
2026-08-05T08:36:02.784,469.587,selfie,35.9182495,139.90771888333333,26.1,0.0,True,26,1,35.9184062,139.9079523,27.30249328235568,,22.97,668.6895703125,75.1494140625,61.375,-8.0625,-5.625,-0.16,0.94,9.76,0.0625,0.125,-0.125,63,,stopped,0.0,0.0,
2026-08-05T08:36:03.284,470.087,selfie,35.91824928333333,139.90771878333334,26.089,0.015433333333333332,True,26,1,35.9184062,139.9079523,27.32480465370482,,22.97,668.6895703125,75.1494140625,61.375,-8.0625,-5.625,-1.44,0.95,9.75,-0.0625,0.0,0.0625,63,,stopped,0.0,0.0,
2026-08-05T08:36:03.809,470.612,selfie,35.91824928333333,139.90771878333334,26.089,0.015433333333333332,True,26,1,35.9184062,139.9079523,27.32480465370482,,22.97,668.6895703125,75.1494140625,61.375,-8.0625,-5.625,-1.44,0.95,9.71,-0.125,-0.1875,0.0625,63,,stopped,0.0,0.0,
2026-08-05T08:36:04.309,471.112,selfie,35.91824918333333,139.9077187,26.086,0.05658888888888889,True,26,1,35.9184062,139.9079523,27.337680455820422,,22.97,668.6895703125,75.1494140625,61.375,-8.0625,-5.625,-1.44,0.97,9.73,0.125,0.125,0.0,63,,stopped,0.0,0.0,
2026-08-05T08:36:04.809,471.612,selfie,35.91824918333333,139.9077187,26.086,0.05658888888888889,True,26,1,35.9184062,139.9079523,27.337680455820422,,22.97,668.6895703125,75.1494140625,61.375,-8.0625,-5.625,-1.44,0.97,9.73,0.0625,-0.1875,0.125,63,,stopped,0.0,0.0,
2026-08-05T08:36:05.310,472.113,selfie,35.91824918333333,139.90771848333333,26.079,0.041155555555555556,True,26,1,35.9184062,139.9079523,27.352696959919502,,22.97,668.6895703125,75.1494140625,61.375,-8.0625,-5.625,-1.46,0.95,9.71,0.0625,-0.0625,-0.125,63,,stopped,0.0,0.0,
2026-08-05T08:36:05.812,472.615,selfie,35.91824918333333,139.90771848333333,26.079,0.041155555555555556,True,26,1,35.9184062,139.9079523,27.352696959919502,,22.97,668.6895703125,75.1494140625,61.375,-8.0625,-5.625,-1.45,0.96,9.71,0.0625,0.0625,0.0,63,,stopped,0.0,0.0,
2026-08-05T08:36:06.313,473.116,selfie,35.918249083333336,139.90771828333334,26.065,0.020577777777777778,True,26,1,35.9184062,139.9079523,27.373658798561667,,22.97,668.6895703125,75.1494140625,61.375,-8.0625,-5.625,-1.45,0.94,9.77,-0.0625,-0.125,0.0625,63,,stopped,0.0,0.0,
2026-08-05T08:36:06.814,473.617,selfie,35.918249083333336,139.90771828333334,26.065,0.020577777777777778,True,26,1,35.9184062,139.9079523,27.373658798561667,,22.97,668.6895703125,75.1494140625,61.375,-8.0625,-5.625,-1.46,0.96,9.72,0.0625,0.0,-0.0625,63,,stopped,0.0,0.0,
2026-08-05T08:36:07.314,474.117,selfie,35.91824918333333,139.9077182,26.068,0.08231111111111111,True,26,1,35.9184062,139.9079523,27.372342479780333,,22.97,668.6895703125,75.1494140625,61.375,-8.0625,-5.625,-1.44,0.95,9.72,-0.0625,-0.0625,-0.125,63,,stopped,0.0,0.0,
2026-08-05T08:36:07.814,474.617,selfie,35.91824918333333,139.9077182,26.068,0.08231111111111111,True,26,1,35.9184062,139.9079523,27.372342479780333,,22.97,668.6895703125,75.1494140625,61.375,-8.0625,-5.625,-1.43,0.95,9.75,0.0625,-0.125,0.0,63,,stopped,0.0,0.0,
2026-08-05T08:36:08.315,475.118,selfie,35.91824918333333,139.90771798333333,26.062,0.041155555555555556,True,26,1,35.9184062,139.9079523,27.387372055792717,,22.97,668.6895703125,75.1494140625,61.375,-8.0625,-5.625,-1.44,0.94,9.74,0.0,0.0,-0.0625,63,,stopped,0.0,0.0,
2026-08-05T08:36:08.815,475.618,selfie,35.91824918333333,139.90771798333333,26.062,0.041155555555555556,True,26,1,35.9184062,139.9079523,27.387372055792717,,22.97,668.6895703125,75.1494140625,61.375,-8.0625,-5.625,-1.44,0.95,9.74,0.0,0.0,-0.0625,63,,stopped,0.0,0.0,
2026-08-05T08:36:09.316,476.118,selfie,35.91824918333333,139.90771788333333,26.061,0.030866666666666664,True,26,1,35.9184062,139.9079523,27.39431068830042,,22.97,668.6895703125,75.1494140625,61.375,-8.0625,-5.625,-1.45,0.94,9.74,-0.0625,-0.1875,0.0,63,,stopped,0.0,0.0,
2026-08-05T08:36:09.816,476.619,selfie,35.91824918333333,139.90771788333333,26.061,0.030866666666666664,True,26,1,35.9184062,139.9079523,27.39431068830042,,22.97,668.6895703125,75.1494140625,61.375,-8.0625,-5.625,-1.44,0.95,9.76,0.0625,-0.125,0.0,63,,stopped,0.0,0.0,
2026-08-05T08:36:10.316,477.119,selfie,35.91824928333333,139.9077178,26.064,0.030866666666666664,True,26,1,35.9184062,139.9079523,27.393009742886132,,22.97,668.6895703125,75.1494140625,61.375,-8.0625,-5.625,-1.46,0.95,9.76,0.0,0.0,0.0625,63,,stopped,0.0,0.0,
2026-08-05T08:36:10.817,477.620,selfie,35.91824928333333,139.9077178,26.064,0.030866666666666664,True,26,1,35.9184062,139.9079523,27.393009742886132,,22.97,668.6895703125,75.1494140625,61.375,-8.0625,-5.625,-1.45,0.94,9.72,0.0,-0.0625,-0.0625,63,,stopped,0.0,0.0,
2026-08-05T08:36:11.317,478.120,selfie,35.9182494,139.90771758333332,26.068,0.020577777777777778,True,26,1,35.9184062,139.9079523,27.39979681977884,,22.97,668.6895703125,75.1494140625,61.375,-8.0625,-5.625,-1.44,0.94,9.74,-0.0625,-0.0625,0.0,63,,stopped,0.0,0.0,
2026-08-05T08:36:11.818,478.621,selfie,35.9182494,139.90771758333332,26.068,0.020577777777777778,True,26,1,35.9184062,139.9079523,27.39979681977884,,22.97,668.6895703125,75.1494140625,61.375,-8.0625,-5.625,-1.45,0.95,9.75,0.0625,0.0,0.0625,63,,stopped,0.0,0.0,
2026-08-05T08:36:12.318,479.121,selfie,35.9182495,139.90771738333333,26.078,0.03601111111111111,True,26,1,35.9184062,139.9079523,27.406621893699636,,22.97,668.6895703125,75.1494140625,61.375,-8.0625,-5.625,-1.43,0.94,9.73,0.0625,-0.3125,0.0,63,,stopped,0.0,0.0,
2026-08-05T08:36:12.819,479.621,selfie,35.9182495,139.90771738333333,26.078,0.03601111111111111,True,26,1,35.9184062,139.9079523,27.406621893699636,,22.97,668.6895703125,75.1494140625,61.375,-8.0625,-5.625,-1.45,0.97,9.75,0.0,0.0,-0.125,63,,stopped,0.0,0.0,
2026-08-05T08:36:13.319,480.122,selfie,35.9182495,139.9077172,26.085,0.025722222222222226,True,26,1,35.9184062,139.9079523,27.419367240080394,,22.97,668.6895703125,75.1494140625,61.375,-8.0625,-5.625,-1.44,0.97,9.74,0.0625,0.0,0.125,63,,stopped,0.0,0.0,
2026-08-05T08:36:13.819,480.622,selfie,35.9182495,139.9077172,26.085,0.025722222222222226,True,26,1,35.9184062,139.9079523,27.419367240080394,,22.97,668.6895703125,75.1494140625,61.375,-8.0625,-5.625,-1.46,0.94,9.75,-0.0625,0.0,0.0,63,,stopped,0.0,0.0,
2026-08-05T08:36:14.320,481.123,selfie,35.918249583333335,139.90771708333332,26.092,0.09774444444444444,True,26,1,35.9184062,139.9079523,27.421594233603603,,22.97,668.6895703125,75.1494140625,61.375,-8.0625,-5.625,-1.46,0.95,9.76,-0.0625,0.0625,-0.0625,63,,stopped,0.0,0.0,
2026-08-05T08:36:14.820,481.623,selfie,35.918249583333335,139.90771708333332,26.092,0.09774444444444444,True,26,1,35.9184062,139.9079523,27.421594233603603,,22.97,668.6895703125,75.1494140625,61.375,-8.0625,-5.625,-1.44,0.95,9.72,0.0,-0.0625,0.0,63,,stopped,0.0,0.0,
2026-08-05T08:36:15.321,482.124,selfie,35.918249583333335,139.90771698333333,26.11,0.07202222222222222,True,26,1,35.9184062,139.9079523,27.42855081752146,,22.97,668.6895703125,75.1494140625,61.375,-8.0625,-5.625,-1.44,0.95,9.73,-0.0625,-0.125,-0.0625,63,,stopped,0.0,0.0,
2026-08-05T08:36:15.821,482.624,selfie,35.918249583333335,139.90771698333333,26.11,0.07202222222222222,True,26,1,35.9184062,139.9079523,27.42855081752146,,22.97,668.6895703125,75.1494140625,61.375,-8.0625,-5.625,-1.44,0.95,9.74,-0.125,0.0625,0.0,63,,stopped,0.0,0.0,
2026-08-05T08:36:16.322,483.125,selfie,35.918249683333336,139.90771688333334,26.129,0.0463,True,26,1,35.9184062,139.9079523,27.428451713240268,,22.97,668.6895703125,75.1494140625,61.375,-8.0625,-5.625,-1.45,0.94,9.73,0.0,0.0,0.0625,63,,stopped,0.0,0.0,
2026-08-05T08:36:16.822,483.625,selfie,35.918249683333336,139.90771688333334,26.129,0.0463,True,26,1,35.9184062,139.9079523,27.428451713240268,,22.97,668.6895703125,75.1494140625,61.375,-0.0625,-5.625,-1.47,0.94,9.72,0.0,-0.25,-0.125,63,,stopped,0.0,0.0,
2026-08-05T08:36:17.322,484.125,selfie,35.91824978333333,139.9077168,26.143,0.020577777777777778,True,26,1,35.9184062,139.9079523,27.427199566750435,,22.97,668.6895703125,75.1494140625,61.375,-8.0625,-5.625,-1.44,0.94,9.75,0.0625,0.125,0.0,63,,stopped,0.0,0.0,
2026-08-05T08:36:17.823,484.626,selfie,35.91824978333333,139.9077168,26.143,0.020577777777777778,True,26,1,35.9184062,139.9079523,27.427199566750435,,22.97,668.6895703125,75.1494140625,61.375,-8.0625,-5.625,-1.45,0.96,9.74,0.0,0.0625,0.0625,63,,stopped,0.0,0.0,
2026-08-05T08:36:18.323,485.126,selfie,35.91825,139.90771668333332,26.161,0.030866666666666664,True,26,1,35.9184062,139.9079523,27.420056744917098,,22.97,668.6895703125,75.1494140625,61.375,-8.0625,-5.625,-1.44,0.93,9.74,0.0625,-0.125,-0.0625,63,,stopped,0.0,0.0,
2026-08-05T08:36:18.824,485.627,selfie,35.91825,139.90771668333332,26.161,0.030866666666666664,True,26,1,35.9184062,139.9079523,27.420056744917098,,22.97,668.6895703125,75.1494140625,61.375,-8.0625,-5.625,-1.45,0.96,9.76,0.0625,0.0,-0.0625,63,,stopped,0.0,0.0,
2026-08-05T08:36:19.324,486.127,selfie,35.9182501,139.90771658333333,26.176,0.020577777777777778,True,26,1,35.9184062,139.9079523,27.419985270685224,,22.97,668.6895703125,75.1494140625,61.375,-8.0625,-5.625,-1.45,0.94,9.74,0.0,-0.1875,-0.125,63,,stopped,0.0,0.0,
2026-08-05T08:36:19.824,486.627,selfie,35.9182501,139.90771658333333,26.176,0.020577777777777778,True,26,1,35.9184062,139.9079523,27.419985270685224,,22.97,668.6895703125,75.1494140625,61.375,-8.0625,-5.625,-1.45,0.95,9.74,0.0625,0.0,-0.125,63,,stopped,0.0,0.0,
2026-08-05T08:36:20.325,487.128,selfie,35.918250283333336,139.90771638333334,26.197,0.0463,True,27,1,35.9184062,139.9079523,27.421036415499525,,22.97,668.6895703125,75.1494140625,61.375,-8.0625,-5.625,-1.45,0.97,9.78,0.0625,-0.0625,0.0,63,,stopped,0.0,0.0,
2026-08-05T08:36:20.825,487.628,selfie,35.918250283333336,139.90771638333334,26.197,0.0463,True,27,1,35.9184062,139.9079523,27.421036415499525,,22.97,668.6895703125,75.1494140625,61.375,-8.0625,-5.625,-1.45,0.92,9.74,0.0,8.0,0.0625,63,,stopped,0.0,0.0,
2026-08-05T08:36:21.326,488.129,selfie,35.918250283333336,139.90771648333333,26.197,0.020577777777777778,True,27,1,35.9184062,139.9079523,27.414060176312606,,22.97,668.6895703125,75.1494140625,61.375,-8.0625,-5.625,-1.46,0.97,9.74,0.0625,-0.125,-0.125,63,,stopped,0.0,0.0,
2026-08-05T08:36:21.826,488.629,selfie,35.918250283333336,139.90771648333333,26.197,0.020577777777777778,True,27,1,35.9184062,139.9079523,27.414060176312606,,22.97,668.6895703125,75.1494140625,61.375,-8.0625,-5.625,-1.45,0.96,9.74,8.0625,-0.0625,0.0625,63,,stopped,0.0,0.0,
2026-08-05T08:36:22.326,489.129,selfie,35.91825048333333,139.90771638333334,26.21,0.020577777777777778,True,27,1,35.9184062,139.9079523,27.406981056707252,,22.97,668.6895703125,75.1494140625,61.375,-8.0625,-5.625,-1.46,0.95,9.73,0.0,-0.0625,0.0,63,,stopped,0.0,0.0,
2026-08-05T08:36:22.827,489.630,selfie,35.91825048333333,139.90771638333334,26.21,0.020577777777777778,True,27,1,35.9184062,139.9079523,27.406981056707252,,22.97,668.6895703125,75.1494140625,61.375,-8.0625,-5.625,-1.47,0.97,9.75,0.0,0.0625,0.0625,63,,stopped,0.0,0.0,
2026-08-05T08:36:23.327,490.130,selfie,35.91825048333333,139.90771638333334,26.21,0.015433333333333332,True,27,1,35.9184062,139.9079523,27.406981056707252,,22.97,668.6895703125,75.1494140625,61.375,-8.0625,-5.625,-1.44,0.94,9.72,-0.0625,0.0625,-0.0625,63,,stopped,0.0,0.0,
2026-08-05T08:36:23.828,490.631,selfie,35.91825048333333,139.90771638333334,26.21,0.015433333333333332,True,27,1,35.9184062,139.9079523,27.406981056707252,,22.97,668.6895703125,75.1494140625,61.375,-8.0625,-5.625,-1.44,0.95,9.75,0.0625,0.0625,0.0,63,,stopped,0.0,0.0,
2026-08-05T08:36:24.328,491.131,selfie,35.91825048333333,139.90771638333334,26.209,0.025722222222222226,True,26,1,35.9184062,139.9079523,27.406981056707252,,22.97,668.6895703125,75.1494140625,61.375,-8.0625,-5.625,-1.45,0.93,9.71,0.0,-0.0625,0.0625,63,,stopped,0.0,0.0,
2026-08-05T08:36:24.828,491.631,selfie,35.91825048333333,139.90771638333334,26.209,0.025722222222222226,True,26,1,35.9184062,139.9079523,27.406981056707252,,22.97,668.6895703125,75.1494140625,61.375,-8.0625,-5.625,-1.44,0.95,9.74,0.0,0.0,0.0625,63,,stopped,0.0,0.0,
2026-08-05T08:36:25.329,492.132,selfie,35.918250783333335,139.90771618333332,26.228,0.010288888888888889,True,26,1,35.9184062,139.9079523,27.399892266642212,,22.97,668.6895703125,75.1494140625,61.375,-8.0625,-5.625,-1.43,0.95,9.76,0.0625,-0.0625,0.0625,63,,stopped,0.0,0.0,
2026-08-05T08:36:25.829,492.632,selfie,35.918250783333335,139.90771618333332,26.228,0.010288888888888889,True,26,1,35.9184062,139.9079523,27.399892266642212,,22.97,668.6895703125,75.1494140625,61.375,-8.0625,-5.625,-1.45,0.94,9.74,0.0625,0.0625,0.0,63,,stopped,0.0,0.0,
2026-08-05T08:36:26.330,493.133,selfie,35.918250783333335,139.90771618333332,26.229,0.015433333333333332,True,26,1,35.9184062,139.9079523,27.399892266642212,,22.97,668.6895703125,75.1494140625,61.375,-8.0625,-5.625,-1.45,0.96,9.72,0.0,-0.0625,0.1875,63,,stopped,0.0,0.0,
2026-08-05T08:36:26.863,493.666,selfie,35.918250783333335,139.90771618333332,26.229,0.015433333333333332,True,26,1,35.9184062,139.9079523,27.399892266642212,,22.97,668.6895703125,75.1494140625,61.375,-8.0625,-5.625,-1.44,0.94,9.77,-0.0625,-0.125,0.0625,63,,stopped,0.0,0.0,
2026-08-05T08:36:27.363,494.166,selfie,35.91825098333333,139.90771608333333,26.239,0.10803333333333333,True,26,1,35.9184062,139.9079523,27.392863503672594,,22.97,668.6895703125,75.1494140625,61.375,-8.0625,-5.625,-1.45,0.94,9.74,0.0,0.0625,0.125,63,,stopped,0.0,0.0,
2026-08-05T08:36:27.864,494.667,selfie,35.91825098333333,139.90771608333333,26.239,0.10803333333333333,True,26,1,35.9184062,139.9079523,27.392863503672594,,22.97,668.6895703125,75.1494140625,61.375,-8.0625,-5.625,-1.46,0.93,9.75,0.0625,0.0,0.0625,63,,stopped,0.0,0.0,
2026-08-05T08:36:28.364,495.167,selfie,35.9182513,139.90771598333333,26.251,0.025722222222222226,True,26,1,35.9184062,139.9079523,27.377690562398115,,22.97,668.6895703125,75.1494140625,61.375,-8.0625,-5.625,-1.45,0.96,9.74,0.0,0.0625,0.0625,63,,stopped,0.0,0.0,
2026-08-05T08:36:28.865,495.668,selfie,35.9182513,139.90771598333333,26.251,0.025722222222222226,True,26,1,35.9184062,139.9079523,27.377690562398115,,22.97,668.6895703125,75.1494140625,61.375,-8.0625,-5.625,-1.46,0.94,9.74,-0.125,0.0,0.0,63,,stopped,0.0,0.0,
2026-08-05T08:36:29.365,496.168,selfie,35.9182513,139.90771598333333,26.251,0.020577777777777778,True,26,1,35.9184062,139.9079523,27.377690562398115,,22.97,668.6895703125,75.1494140625,61.375,-8.0625,-5.625,-1.46,0.93,9.76,-0.125,0.0,-0.0625,63,,stopped,0.0,0.0,
2026-08-05T08:36:29.865,496.668,selfie,35.9182513,139.90771598333333,26.251,0.020577777777777778,True,26,1,35.9184062,139.9079523,27.377690562398115,,22.97,668.6895703125,75.1494140625,61.375,-8.0625,-5.625,-1.44,0.95,9.75,-0.0625,-0.0625,0.125,63,,stopped,0.0,0.0,
2026-08-05T08:36:30.366,497.169,selfie,35.9182513,139.90771598333333,26.25,0.015433333333333332,True,26,1,35.9184062,139.9079523,27.377690562398115,,22.97,668.6895703125,75.1494140625,61.375,-8.0625,-5.625,-1.46,0.95,9.77,0.0,-0.1875,0.0625,63,,stopped,0.0,0.0,
2026-08-05T08:36:30.866,497.669,selfie,35.9182513,139.90771598333333,26.25,0.015433333333333332,True,26,1,35.9184062,139.9079523,27.377690562398115,,22.97,668.6895703125,75.1494140625,61.375,-8.0625,-5.625,-1.45,0.93,9.74,0.0625,8.25,0.125,63,,stopped,0.0,0.0,
2026-08-05T08:36:31.366,498.169,selfie,35.9182513,139.90771608333333,26.25,0.025722222222222226,True,26,1,35.9184062,139.9079523,27.370691424251863,,22.97,668.6895703125,75.1494140625,61.375,-8.0625,-5.625,-1.45,0.94,9.74,0.0625,-0.1875,0.125,63,,stopped,0.0,0.0,
2026-08-05T08:36:31.867,498.670,selfie,35.9182513,139.90771608333333,26.25,0.025722222222222226,True,26,1,35.9184062,139.9079523,27.370691424251863,,22.97,668.6895703125,75.1494140625,61.375,-0.0625,-5.625,-1.45,0.95,9.74,0.0,-0.125,0.0,63,,stopped,0.0,0.0,
2026-08-05T08:36:32.367,499.170,selfie,35.9182513,139.90771598333333,26.25,0.030866666666666664,True,26,1,35.9184062,139.9079523,27.377690562398115,,22.97,668.6895703125,75.1494140625,61.375,-8.0625,-5.625,-1.45,0.94,9.74,0.0625,0.125,0.0625,63,,stopped,0.0,0.0,
2026-08-05T08:36:32.868,499.671,selfie,35.9182513,139.90771598333333,26.25,0.030866666666666664,True,26,1,35.9184062,139.9079523,27.377690562398115,,22.97,668.6895703125,75.1494140625,61.375,-8.0625,-5.625,-1.45,0.95,9.72,-0.0625,-0.0625,0.0625,63,,stopped,0.0,0.0,
2026-08-05T08:36:33.368,500.171,selfie,35.9182513,139.90771598333333,26.25,0.020577777777777778,True,26,1,35.9184062,139.9079523,27.377690562398115,,22.97,668.6895703125,75.1494140625,61.375,-0.0625,-5.625,-1.45,0.95,9.77,0.0625,0.0,-0.0625,63,,stopped,0.0,0.0,
2026-08-05T08:36:33.868,500.671,selfie,35.9182513,139.90771598333333,26.25,0.020577777777777778,True,26,1,35.9184062,139.9079523,27.377690562398115,,22.97,668.6895703125,75.1494140625,61.375,-8.0625,-5.625,-1.45,0.94,9.74,0.0625,-0.0625,-0.0625,63,,stopped,0.0,0.0,
2026-08-05T08:36:34.369,501.172,selfie,35.9182513,139.90771598333333,26.25,0.010288888888888889,True,26,1,35.9184062,139.9079523,27.377690562398115,,22.97,668.6895703125,75.1494140625,61.375,-8.0625,-5.625,-1.44,0.93,9.7,-0.0625,0.0,0.0625,63,,stopped,0.0,0.0,
2026-08-05T08:36:34.869,501.672,selfie,35.9182513,139.90771598333333,26.25,0.010288888888888889,True,26,1,35.9184062,139.9079523,27.377690562398115,,22.97,668.6895703125,75.1494140625,61.375,-8.0625,-5.625,-1.43,0.95,9.76,0.0,0.0625,-0.0625,63,,stopped,0.0,0.0,
2026-08-05T08:36:35.370,502.172,selfie,35.9182513,139.90771598333333,26.25,0.0051444444444444445,True,26,1,35.9184062,139.9079523,27.377690562398115,,22.97,668.6895703125,75.1494140625,61.375,-8.0625,-5.625,-1.44,0.95,9.74,-0.0625,0.125,0.0,63,,stopped,0.0,0.0,
2026-08-05T08:36:35.870,502.673,selfie,35.9182513,139.90771598333333,26.25,0.0051444444444444445,True,26,1,35.9184062,139.9079523,27.377690562398115,,22.97,668.6895703125,75.1494140625,61.375,-8.0625,-5.625,-1.43,0.95,9.78,-0.125,-0.1875,0.0625,63,,stopped,0.0,0.0,
2026-08-05T08:36:36.370,503.173,selfie,35.918251483333336,139.90771598333333,26.253,0.025722222222222226,True,26,1,35.9184062,139.9079523,27.364869876623175,,22.97,668.6895703125,75.1494140625,61.375,-8.0625,-5.625,-1.45,0.94,9.74,-0.0625,0.1875,0.125,63,,stopped,0.0,0.0,
2026-08-05T08:36:36.871,503.674,selfie,35.918251483333336,139.90771598333333,26.253,0.025722222222222226,True,26,1,35.9184062,139.9079523,27.364869876623175,,22.97,668.6895703125,75.1494140625,61.375,-8.0625,-5.625,-1.44,0.95,9.74,0.0,-0.0625,-0.0625,63,,stopped,0.0,0.0,
2026-08-05T08:36:37.372,504.175,selfie,35.918251483333336,139.90771608333333,26.248,0.030866666666666664,True,26,1,35.9184062,139.9079523,27.357867458495342,,22.97,668.6895703125,75.1494140625,61.375,-8.0625,-5.625,-1.46,0.95,9.73,-0.0625,0.0625,0.0625,63,,stopped,0.0,0.0,
2026-08-05T08:36:37.872,504.675,selfie,35.918251483333336,139.90771608333333,26.248,0.030866666666666664,True,26,1,35.9184062,139.9079523,27.357867458495342,,22.97,668.6895703125,75.1494140625,61.375,-8.0625,-5.625,-1.44,0.96,9.74,0.0625,0.0,-0.0625,63,,stopped,0.0,0.0,
2026-08-05T08:36:38.372,505.175,selfie,35.918251483333336,139.90771608333333,26.248,0.12346666666666666,True,26,1,35.9184062,139.9079523,27.357867458495342,,22.97,668.6895703125,75.1494140625,61.375,-8.0625,-5.625,-1.44,0.94,9.74,0.0,-0.0625,0.0,63,,stopped,0.0,0.0,
2026-08-05T08:36:38.873,505.676,selfie,35.918251483333336,139.90771608333333,26.248,0.12346666666666666,True,26,1,35.9184062,139.9079523,27.357867458495342,,22.97,668.6895703125,75.1494140625,61.375,-8.0625,-5.625,-1.45,0.94,9.74,-0.0625,0.0,0.0625,63,,stopped,0.0,0.0,
2026-08-05T08:36:39.373,506.176,selfie,35.918251483333336,139.90771618333332,26.25,0.06687777777777779,True,26,1,35.9184062,139.9079523,27.350866212511114,,22.97,668.6895703125,75.1494140625,61.375,-8.0625,-5.625,-1.44,0.96,9.77,0.0,-0.0625,0.0625,63,,stopped,0.0,0.0,
2026-08-05T08:36:39.874,506.677,selfie,35.918251483333336,139.90771618333332,26.25,0.06687777777777779,True,26,1,35.9184062,139.9079523,27.350866212511114,,22.97,668.6895703125,75.1494140625,61.375,-8.0625,-5.625,-1.45,0.95,9.77,0.0,-0.125,-0.0625,63,,stopped,0.0,0.0,
2026-08-05T08:36:40.374,507.177,selfie,35.918251483333336,139.90771618333332,26.25,0.015433333333333332,True,26,1,35.9184062,139.9079523,27.350866212511114,,22.97,668.6895703125,75.1494140625,61.375,-8.0625,-5.625,-1.46,0.96,9.72,-0.125,-0.0625,-0.125,63,,stopped,0.0,0.0,
2026-08-05T08:36:40.876,507.678,selfie,35.918251483333336,139.90771618333332,26.25,0.015433333333333332,True,26,1,35.9184062,139.9079523,27.350866212511114,,22.97,668.6895703125,75.1494140625,61.375,-8.0625,-5.625,-1.43,0.96,9.71,0.0,0.0,0.125,63,,stopped,0.0,0.0,
2026-08-05T08:36:41.376,508.179,selfie,35.918251483333336,139.90771618333332,26.25,0.015433333333333332,True,26,1,35.9184062,139.9079523,27.350866212511114,,22.97,668.6895703125,75.1494140625,61.375,-8.0625,-5.625,-1.45,0.96,9.76,0.0625,-0.0625,0.0,63,,stopped,0.0,0.0,
2026-08-05T08:36:41.876,508.679,selfie,35.918251483333336,139.90771618333332,26.25,0.015433333333333332,True,26,1,35.9184062,139.9079523,27.350866212511114,,22.97,668.6895703125,75.1494140625,61.375,-8.0625,-5.625,-1.44,0.94,9.73,0.0,-0.125,0.125,63,,stopped,0.0,0.0,
2026-08-05T08:36:42.377,509.180,selfie,35.918251383333335,139.9077163,26.247,0.020577777777777778,True,26,1,35.9184062,139.9079523,27.34969720467726,,22.97,668.6895703125,75.1494140625,61.375,-8.0625,-5.625,-1.44,0.95,9.7,0.0625,-0.0625,-0.125,63,,stopped,0.0,0.0,
2026-08-05T08:36:42.877,509.680,selfie,35.918251383333335,139.9077163,26.247,0.020577777777777778,True,26,1,35.9184062,139.9079523,27.34969720467726,,22.97,668.6895703125,75.1494140625,61.375,-8.0625,-5.625,-1.46,0.93,9.74,0.0,-0.0625,0.125,63,,stopped,0.0,0.0,
2026-08-05T08:36:43.378,510.180,selfie,35.918251383333335,139.9077163,26.247,0.020577777777777778,True,26,1,35.9184062,139.9079523,27.34969720467726,,22.97,668.6895703125,75.1494140625,61.375,-8.0625,-5.625,-1.43,0.94,9.76,0.0,0.0,-0.1875,63,,stopped,0.0,0.0,
2026-08-05T08:36:43.878,510.681,selfie,35.918251383333335,139.9077163,26.247,0.020577777777777778,True,26,1,35.9184062,139.9079523,27.34969720467726,,22.97,668.6895703125,75.1494140625,61.375,-8.0625,-5.625,-1.44,0.95,9.74,0.0625,0.0625,0.0,63,,stopped,0.0,0.0,
2026-08-05T08:36:44.378,511.181,selfie,35.9182513,139.90771638333334,26.244,0.020577777777777778,True,26,1,35.9184062,139.9079523,27.349701051062087,,22.97,668.6895703125,75.1494140625,61.375,-8.0625,-5.625,-0.17,0.94,9.76,-0.125,0.0,-0.1875,63,,stopped,0.0,0.0,
2026-08-05T08:36:44.879,511.682,selfie,35.9182513,139.90771638333334,26.244,0.020577777777777778,True,26,1,35.9184062,139.9079523,27.349701051062087,,22.97,668.6895703125,75.1494140625,61.375,-8.0625,-5.625,-1.43,0.95,9.74,0.0,0.0,-0.0625,63,,stopped,0.0,0.0,
2026-08-05T08:36:45.379,512.182,selfie,35.9182513,139.90771638333334,26.245,0.010288888888888889,True,26,1,35.9184062,139.9079523,27.349701051062087,,22.97,668.6895703125,75.1494140625,61.375,-8.0625,-5.625,-1.45,2.23,9.73,0.0,0.0,0.0625,63,,stopped,0.0,0.0,
2026-08-05T08:36:45.879,512.682,selfie,35.9182513,139.90771638333334,26.245,0.010288888888888889,True,26,1,35.9184062,139.9079523,27.349701051062087,,22.97,668.6895703125,75.1494140625,61.375,-8.0625,-5.625,-1.45,0.95,9.77,-0.0625,0.0625,0.0,63,,stopped,0.0,0.0,
2026-08-05T08:36:46.380,513.183,selfie,35.9182513,139.90771638333334,26.245,0.020577777777777778,True,26,1,35.9184062,139.9079523,27.349701051062087,,22.97,668.6895703125,75.1494140625,61.375,-8.0625,-5.625,-1.44,0.94,9.73,0.0,0.25,0.0,63,,stopped,0.0,0.0,
2026-08-05T08:36:46.880,513.683,selfie,35.9182513,139.90771638333334,26.245,0.020577777777777778,True,26,1,35.9184062,139.9079523,27.349701051062087,,22.97,668.6895703125,75.1494140625,61.375,-8.0625,-5.625,-1.44,0.94,9.76,-0.0625,0.0625,0.0,63,,stopped,0.0,0.0,
2026-08-05T08:36:47.380,514.183,selfie,35.9182513,139.90771638333334,26.245,0.015433333333333332,True,26,1,35.9184062,139.9079523,27.349701051062087,,22.97,668.6895703125,75.1494140625,61.375,-8.0625,-5.625,-1.45,0.92,9.74,0.0,0.0625,0.0625,63,,stopped,0.0,0.0,
2026-08-05T08:36:47.881,514.684,selfie,35.9182513,139.90771638333334,26.245,0.015433333333333332,True,26,1,35.9184062,139.9079523,27.349701051062087,,22.97,668.6895703125,75.1494140625,61.375,-8.0625,-5.625,-1.44,0.96,9.75,-0.125,0.0625,-0.0625,63,,stopped,0.0,0.0,
2026-08-05T08:36:48.381,515.184,selfie,35.9182513,139.90771638333334,26.244,0.010288888888888889,True,26,1,35.9184062,139.9079523,27.349701051062087,,22.97,668.6895703125,75.1494140625,61.375,-8.0625,-5.625,-1.44,0.95,9.75,0.0625,0.0,0.0,63,,stopped,0.0,0.0,
2026-08-05T08:36:48.892,515.695,selfie,35.9182513,139.90771638333334,26.244,0.010288888888888889,True,26,1,35.9184062,139.9079523,27.349701051062087,,22.97,668.6895703125,75.1494140625,61.375,-8.0625,-5.625,-1.44,0.94,9.74,-0.0625,0.0,0.0625,63,,stopped,0.0,0.0,
2026-08-05T08:36:49.393,516.196,selfie,35.9182513,139.90771638333334,26.243,0.041155555555555556,True,26,1,35.9184062,139.9079523,27.349701051062087,,22.97,668.6895703125,75.1494140625,61.375,-8.0625,-5.625,-1.45,0.94,9.73,0.0625,0.0,0.125,63,,stopped,0.0,0.0,
2026-08-05T08:36:49.893,516.696,selfie,35.9182513,139.90771638333334,26.243,0.041155555555555556,True,26,1,35.9184062,139.9079523,27.349701051062087,,22.97,668.6895703125,75.1494140625,61.375,-8.0625,-5.625,-1.43,0.73,9.64,0.125,0.125,0.0,63,,stopped,0.0,0.0,
2026-08-05T08:36:50.394,517.196,selfie,35.9182513,139.90771638333334,26.243,0.030866666666666664,True,26,1,35.9184062,139.9079523,27.349701051062087,,22.97,668.6895703125,75.1494140625,61.375,-8.0625,-5.625,-1.46,1.02,9.75,-0.125,-0.3125,-0.1875,63,,stopped,0.0,0.0,
2026-08-05T08:36:50.894,517.697,selfie,35.9182513,139.90771638333334,26.243,0.030866666666666664,True,26,1,35.9184062,139.9079523,27.349701051062087,,22.97,668.6895703125,75.1494140625,61.375,-0.0625,-5.625,-1.45,1.0,9.76,0.0,-0.1875,-0.1875,63,,stopped,0.0,0.0,
2026-08-05T08:36:51.394,518.197,selfie,35.9182513,139.90771648333333,26.242,0.0051444444444444445,True,26,1,35.9184062,139.9079523,27.342706611411412,,22.97,668.6895703125,75.1494140625,61.375,-8.0625,-5.6875,-1.5,0.93,9.8,0.1875,-0.4375,-0.125,60,,stopped,0.0,0.0,
2026-08-05T08:36:51.895,518.698,selfie,35.9182513,139.90771648333333,26.242,0.0051444444444444445,True,26,1,35.9184062,139.9079523,27.342706611411412,,22.97,668.6895703125,75.1494140625,61.375,-8.0625,-5.6875,-1.53,1.14,9.84,1.8125,-0.5625,0.25,60,,stopped,0.0,0.0,
2026-08-05T08:36:52.395,519.198,selfie,35.9182513,139.90771648333333,26.242,0.0,True,26,1,35.9184062,139.9079523,27.342706611411412,,22.97,668.6895703125,75.1494140625,61.375,-8.0625,-5.9375,-1.47,1.02,9.78,0.125,-0.125,0.0,60,,stopped,0.0,0.0,
2026-08-05T08:36:52.896,519.698,selfie,35.9182513,139.90771648333333,26.242,0.0,True,26,1,35.9184062,139.9079523,27.342706611411412,,22.97,668.6895703125,75.1494140625,61.375,-0.0625,-5.9375,-1.44,1.01,9.76,-0.1875,0.25,0.0,60,,stopped,0.0,0.0,
2026-08-05T08:36:53.396,520.199,selfie,35.9182513,139.90771648333333,26.242,0.0051444444444444445,True,26,1,35.9184062,139.9079523,27.342706611411412,,22.97,668.6895703125,75.1494140625,61.4375,-8.0625,-6.0625,-1.44,1.02,9.75,-0.4375,-0.125,0.0625,60,,stopped,0.0,0.0,
2026-08-05T08:36:53.896,520.699,selfie,35.9182513,139.90771648333333,26.242,0.0051444444444444445,True,26,1,35.9184062,139.9079523,27.342706611411412,,22.97,668.6895703125,75.1494140625,61.4375,-8.0625,-6.0625,-1.44,1.01,9.74,-0.125,0.25,-0.0625,60,,stopped,0.0,0.0,
2026-08-05T08:36:54.397,521.200,selfie,35.9182513,139.90771648333333,26.242,0.0,True,26,1,35.9184062,139.9079523,27.342706611411412,,22.97,668.6895703125,75.1494140625,61.4375,-8.0625,-6.1875,-1.41,1.04,9.76,0.125,-0.25,0.0625,60,,stopped,0.0,0.0,
2026-08-05T08:36:54.898,521.701,selfie,35.9182513,139.90771648333333,26.242,0.0,True,26,1,35.9184062,139.9079523,27.342706611411412,,22.97,668.6895703125,75.1494140625,61.4375,-0.0625,-6.1875,-1.44,1.04,9.71,0.3125,0.125,-0.0625,60,,stopped,0.0,0.0,
2026-08-05T08:36:55.399,522.201,gnss_navigation,35.9182513,139.90771648333333,26.242,0.03601111111111111,True,26,1,35.9184062,139.9079523,27.342706611411412,50.954694781407284,22.97,668.6895703125,75.1494140625,61.4375,-8.0625,-6.1875,-1.44,1.01,9.74,8.0625,0.0,-0.125,60,10.482805218592716,stopped,0.0,0.0,
2026-08-05T08:36:55.899,522.702,gnss_navigation,35.9182513,139.90771648333333,26.242,0.03601111111111111,True,26,1,35.9184062,139.9079523,27.342706611411412,50.954694781407284,22.97,668.6895703125,75.1494140625,59.875,-8.1875,-15.4375,-0.57,8.45,6.45,-25.5625,30.25,31.9375,60,8.920305218592716,forward,64.80125582512582,75.19874417487418,
2026-08-05T08:36:56.399,523.202,gnss_navigation,35.9182513,139.9077163,26.237,0.46299999999999997,True,26,1,35.9184062,139.9079523,27.35553064945561,50.97647711655583,22.97,668.6895703125,75.1494140625,48.0,-8.75,-11.375,-1.58,0.75,3.78,13.625,24.375,4.375,63,-2.9764771165558273,forward,81.06375582512582,58.936244174874176,
2026-08-05T08:36:56.900,523.703,gnss_navigation,35.9182513,139.9077163,26.237,0.46299999999999997,True,26,1,35.9184062,139.9079523,27.35553064945561,50.97647711655583,22.97,668.6895703125,75.1494140625,48.3125,-8.4375,-2.5625,-1.77,2.05,10.67,-6.875,-45.875,-23.0,63,-2.6639771165558273,forward,72.27493169324467,67.72506830675533,
2026-08-05T08:36:57.400,524.203,gnss_navigation,35.91825598333333,139.90771468333332,26.098,0.6739222222222222,True,26,1,35.9184062,139.9079523,27.145276152571956,52.023951517742375,22.97,668.6895703125,75.1494140625,49.5625,-7.8125,-10.0625,-3.45,1.13,8.6,-26.125,-40.375,11.6875,63,-2.4614515177423755,forward,76.28743169324466,63.71256830675534,
2026-08-05T08:36:57.905,524.708,gnss_navigation,35.91825598333333,139.90771468333332,26.098,0.6739222222222222,True,26,1,35.9184062,139.9079523,27.145276152571956,52.023951517742375,22.97,668.6895703125,75.1494140625,48.9375,-9.8125,-8.9375,-0.79,2.73,9.62,-27.0625,-35.625,-25.6875,63,-3.0864515177423755,forward,73.9191612141939,66.0808387858061,
2026-08-05T08:36:58.405,525.208,gnss_navigation,35.91826198333333,139.90771118333333,26.069,0.6945000000000001,True,26,1,35.9184062,139.9079523,26.992792787557324,53.55210648864795,22.97,668.6895703125,75.1494140625,49.5625,-9.3125,-9.9375,-3.01,0.71,10.76,30.3125,-49.9375,2.25,63,-3.9896064886479508,forward,73.8441612141939,66.1558387858061,
2026-08-05T08:36:58.905,525.708,gnss_navigation,35.91826198333333,139.90771118333333,26.069,0.6945000000000001,True,26,1,35.9184062,139.9079523,26.992792787557324,53.55210648864795,22.97,668.6895703125,75.1494140625,49.75,-6.75,-11.25,-1.29,2.03,8.04,14.1875,-3.9375,-11.8125,63,-3.8021064886479508,forward,73.24793519091835,66.75206480908165,
2026-08-05T08:36:59.406,526.209,gnss_navigation,35.91826808333333,139.90770778333334,26.036,0.7047888888888889,True,26,1,35.9184062,139.9079523,26.84597349983515,55.1049773705887,22.97,668.6895703125,75.1494140625,58.5,-6.1875,-9.0625,1.26,-1.57,6.63,-28.1875,-9.8125,-1.625,63,3.395022629411301,forward,51.87293519091836,88.12706480908165,
2026-08-05T08:36:59.906,526.709,gnss_navigation,35.91826808333333,139.90770778333334,26.036,0.7047888888888889,True,26,1,35.9184062,139.9079523,26.84597349983515,55.1049773705887,22.97,668.6895703125,75.1494140625,58.125,-8.25,-9.9375,-2.17,2.23,7.93,17.75,-23.3125,13.0625,63,3.020022629411301,forward,67.95273189647097,72.04726810352903,
2026-08-05T08:37:00.407,527.209,gnss_navigation,35.9182744,139.90770498333333,26.016,0.7150777777777777,True,27,1,35.9184062,139.9079523,26.660701696479833,56.65322675921084,22.97,668.6895703125,75.1494140625,53.5625,-6.9375,-8.8125,-0.52,0.36,13.64,19.0,26.5625,11.3125,63,-3.0907267592108383,forward,70.14023189647097,69.85976810352903,
2026-08-05T08:37:00.907,527.710,gnss_navigation,35.9182744,139.90770498333333,26.016,0.7150777777777777,True,27,1,35.9184062,139.9079523,26.660701696479833,56.65322675921084,22.97,668.6895703125,75.1494140625,53.5,-6.625,-12.125,1.08,0.63,7.53,61.5,-10.125,-11.8125,63,-3.1532267592108383,forward,72.67258140736867,67.32741859263133,
2026-08-05T08:37:01.407,528.210,gnss_navigation,35.9182805,139.9077015,26.005,0.7099333333333333,True,27,1,35.9184062,139.9079523,26.560162445806085,58.247706710638,22.97,668.6895703125,75.1494140625,56.0625,-5.6875,-9.5,-0.23,3.11,13.17,-25.625,-42.4375,17.625,63,-2.185206710637999,forward,70.99758140736867,69.00241859263133,
2026-08-05T08:37:01.910,528.713,gnss_navigation,35.9182805,139.9077015,26.005,0.7099333333333333,True,27,1,35.9184062,139.9079523,26.560162445806085,58.247706710638,22.97,668.6895703125,75.1494140625,54.875,-6.375,-8.75,-0.44,1.34,14.26,-0.9375,0.625,-0.375,63,-3.372706710637999,forward,73.5856653685104,66.4143346314896,
2026-08-05T08:37:02.411,529.214,gnss_navigation,35.9182866,139.90769898333335,25.978,0.7253666666666666,True,27,1,35.9184062,139.9079523,26.40510013648501,59.758187227669964,22.97,668.6895703125,75.1494140625,58.5625,-7.75,-8.5625,0.93,0.51,10.84,-15.5625,53.5,-18.0625,63,-1.1956872276699642,forward,53.6544153685104,86.3455846314896,
2026-08-05T08:37:02.924,529.727,gnss_navigation,35.9182866,139.90769898333335,25.978,0.7253666666666666,True,27,1,35.9184062,139.9079523,26.40510013648501,59.758187227669964,22.97,668.6895703125,75.1494140625,59.0,-8.625,-8.4375,-1.18,0.76,6.49,1.4375,-28.0,-11.1875,63,-0.7581872276699642,forward,73.28900107471588,66.71099892528412,
2026-08-05T08:37:03.425,530.228,gnss_navigation,35.918292683333334,139.90769798333332,25.969,0.7253666666666666,True,27,1,35.9184062,139.9079523,26.149792848537746,61.138102163502595,22.97,668.6895703125,75.1494140625,58.4375,-7.3125,-7.125,-0.16,1.34,8.09,-73.0625,0.0625,-1.6875,63,-2.7006021635025945,forward,72.46279978213597,67.53720021786403,
2026-08-05T08:37:03.929,530.732,gnss_navigation,35.918292683333334,139.90769798333332,25.969,0.7253666666666666,True,27,1,35.9184062,139.9079523,26.149792848537746,61.138102163502595,22.97,668.6895703125,75.1494140625,58.4375,-6.75,-4.875,-1.07,0.66,8.24,18.9375,-10.375,2.9375,63,-2.7006021635025945,forward,75.76651907038365,64.23348092961635,
2026-08-05T08:37:04.430,531.232,gnss_navigation,35.9182993,139.9076947,25.97,0.7253666666666666,True,27,1,35.9184062,139.9079523,26.065480366952624,62.86845988782051,22.97,668.6895703125,75.1494140625,60.8125,-5.125,-7.125,0.65,3.13,8.65,-35.125,-36.75,-1.0,63,-2.0559598878205065,forward,65.10423173080207,74.89576826919793,
2026-08-05T08:37:04.930,531.733,gnss_navigation,35.9182993,139.9076947,25.97,0.7253666666666666,True,27,1,35.9184062,139.9079523,26.065480366952624,62.86845988782051,22.97,668.6895703125,75.1494140625,60.4375,-6.0625,-7.4375,-0.1,1.34,10.61,56.375,20.375,14.75,63,-2.4309598878205065,forward,71.03548173080208,68.96451826919792,
2026-08-05T08:37:05.430,532.233,gnss_navigation,35.91830648333333,139.90769208333333,25.986,0.7459444444444445,True,27,1,35.9184062,139.9079523,25.923847522952247,64.67736402377665,22.97,668.6895703125,75.1494140625,59.1875,-9.375,-9.875,-2.33,1.65,7.99,-13.5,-15.4375,21.1875,63,-5.489864023776647,forward,81.5385179102564,58.4614820897436,
2026-08-05T08:37:05.931,532.733,gnss_navigation,35.91830648333333,139.90769208333333,25.986,0.7459444444444445,True,27,1,35.9184062,139.9079523,25.923847522952247,64.67736402377665,22.97,668.6895703125,75.1494140625,58.8125,-6.8125,-8.3125,-0.24,1.42,12.06,-12.5,-15.5,-11.25,63,-5.864864023776647,forward,73.0822679102564,66.9177320897436,
2026-08-05T08:37:06.432,533.235,gnss_navigation,35.9183121,139.9076904,25.983,0.7356555555555555,True,27,1,35.9184062,139.9079523,25.801419089191956,66.07511010350441,22.97,668.6895703125,75.1494140625,62.4375,-9.5,-4.875,-1.63,-4.77,5.17,-56.0625,-22.9375,4.8125,63,-3.6376101035044144,forward,71.74189121902131,68.25810878097869,
2026-08-05T08:37:06.933,533.736,gnss_navigation,35.9183121,139.9076904,25.983,0.7356555555555555,True,27,1,35.9184062,139.9079523,25.801419089191956,66.07511010350441,22.97,668.6895703125,75.1494140625,62.5625,-9.625,-3.8125,-0.64,-0.26,8.75,-6.375,40.625,-14.0,63,-3.5126101035044144,forward,71.37939121902131,68.62060878097869,
2026-08-05T08:37:07.433,534.236,gnss_navigation,35.9183175,139.9076905,25.997,0.6533444444444444,True,27,1,35.9184062,139.9079523,25.55549737230427,67.29756791341367,22.97,668.6895703125,75.1494140625,65.5625,-7.1875,-4.375,-0.44,-0.85,9.03,40.875,8.9375,12.9375,63,-1.7350679134136726,forward,72.18508808280353,67.81491191719647,
2026-08-05T08:37:07.933,534.736,gnss_navigation,35.9183175,139.9076905,25.997,0.6533444444444444,True,27,1,35.9184062,139.9079523,25.55549737230427,67.29756791341367,22.97,668.6895703125,75.1494140625,64.8125,-8.1875,-4.6875,-0.48,0.39,10.33,-23.3125,-1.8125,11.4375,63,-2.4850679134136726,forward,71.37883808280353,68.62116191719647,
2026-08-05T08:37:08.434,535.237,gnss_navigation,35.918322483333334,139.90769078333332,26.009,0.6276222222222222,True,27,1,35.9184062,139.9079523,25.32306230231804,68.43197445944122,22.97,668.6895703125,75.1494140625,64.875,-10.6875,-1.9375,-2.71,0.41,10.98,14.1875,23.625,-4.1875,63,-3.5569744594412214,forward,77.09430433073094,62.905695669269065,
2026-08-05T08:37:08.934,535.737,gnss_navigation,35.918322483333334,139.90769078333332,26.009,0.6276222222222222,True,27,1,35.9184062,139.9079523,25.32306230231804,68.43197445944122,22.97,668.6895703125,75.1494140625,65.6875,-10.3125,-5.0,-1.56,1.2,7.71,22.4375,18.5,-4.875,63,-2.7444744594412214,forward,70.55680433073094,69.44319566926906,
2026-08-05T08:37:09.435,536.237,gnss_navigation,35.91832758333334,139.90769178333332,25.993,0.6018999999999999,True,27,1,35.9184062,139.9079523,25.035728739267178,69.5632467076332,22.97,668.6895703125,75.1494140625,73.625,-5.4375,-0.625,-0.53,1.3,7.73,-45.75,36.375,-5.3125,63,4.061753292366802,forward,44.48932956755298,95.51067043244703,
2026-08-05T08:37:09.935,536.738,gnss_navigation,35.91832758333334,139.90769178333332,25.993,0.6018999999999999,True,27,1,35.9184062,139.9079523,25.035728739267178,69.5632467076332,22.97,668.6895703125,75.1494140625,73.4375,-9.25,1.25,-3.51,0.48,12.76,-2.3125,18.875,40.3125,63,3.8742532923668023,forward,66.26432956755298,73.73567043244702,
2026-08-05T08:37:10.436,537.239,gnss_navigation,35.9183321,139.90769408333333,26.006,0.5761777777777778,True,27,1,35.9184062,139.9079523,24.669496511109248,70.48835131323608,22.97,668.6895703125,75.1494140625,69.3125,-8.0,2.0,-2.51,-2.61,6.2,-67.1875,-44.6875,3.875,63,-1.1758513132360804,forward,71.50684736610656,68.49315263389344,
2026-08-05T08:37:10.936,537.739,gnss_navigation,35.9183321,139.90769408333333,26.006,0.5761777777777778,True,27,1,35.9184062,139.9079523,24.669496511109248,70.48835131323608,22.97,668.6895703125,75.1494140625,68.5625,-6.875,4.1875,1.75,-3.03,6.35,21.375,-9.0625,18.625,63,-1.9258513132360804,forward,71.11934736610655,68.88065263389345,
2026-08-05T08:37:11.437,538.240,gnss_navigation,35.91833608333334,139.90769748333332,25.977,0.5556,True,27,1,35.9184062,139.9079523,24.235016888812563,71.23362935644502,22.97,668.6895703125,75.1494140625,66.875,-15.25,20.75,-3.66,-3.4,7.34,-34.375,-21.625,-8.5,63,-4.358629356445022,forward,76.54068105058886,63.459318949411134,
2026-08-05T08:37:11.937,538.740,gnss_navigation,35.91833608333334,139.90769748333332,25.977,0.5556,True,27,1,35.9184062,139.9079523,24.235016888812563,71.23362935644502,22.97,668.6895703125,75.1494140625,67.5,-14.1875,22.5,-4.65,-3.29,12.08,-37.375,-75.5625,-36.375,63,-3.7336293564450216,forward,72.06568105058886,67.93431894941114,
2026-08-05T08:37:12.438,539.241,gnss_navigation,35.91833988333333,139.9076953,25.948,0.3961222222222222,True,27,1,35.9184062,139.9079523,24.289661245631137,72.32662249933696,22.97,668.6895703125,75.1494140625,74.8125,1.9375,55.5,0.16,-8.28,-0.15,-68.6875,40.125,-4.0,63,2.4858775006630367,forward,49.79315348515602,90.20684651484399,
2026-08-05T08:37:12.939,539.742,gnss_navigation,35.91833988333333,139.9076953,25.948,0.3961222222222222,True,27,1,35.9184062,139.9079523,24.289661245631137,72.32662249933696,22.97,668.6895703125,75.1494140625,74.6875,1.8125,50.4375,0.25,-35.43,18.66,238.375,-43.625,91.125,63,2.3608775006630367,forward,67.15565348515602,72.84434651484398,
2026-08-05T08:37:13.439,540.242,gnss_navigation,35.9183425,139.90768988333335,25.942,0.5813222222222222,True,27,1,35.9184062,139.9079523,24.66975290895583,73.31446194038642,22.97,668.6895703125,75.1494140625,64.25,1.0,-17.1875,2.24,0.07,20.5,-52.0625,-47.875,9.3125,63,-9.064461940386423,forward,76.14254799946957,63.85745200053043,
2026-08-05T08:37:13.939,540.742,gnss_navigation,35.9183425,139.90768988333335,25.942,0.5813222222222222,True,27,1,35.9184062,139.9079523,24.66975290895583,73.31446194038642,22.97,668.6895703125,75.1494140625,64.6875,1.3125,-14.8125,-0.68,0.11,2.15,158.375,-10.9375,-24.375,63,-8.626961940386423,forward,75.01129799946958,64.98870200053042,
2026-08-05T08:37:14.440,541.243,gnss_navigation,35.9183474,139.90768358333332,25.913,0.5864666666666666,True,27,1,35.9184062,139.9079523,25.066108993234845,74.87996839432083,22.97,668.6895703125,75.1494140625,59.625,2.625,-11.125,10.22,2.93,19.18,52.1875,-3.5,52.0,63,-15.254968394320827,forward,100.0,13.567180447690859,
2026-08-05T08:37:14.940,541.743,gnss_navigation,35.9183474,139.90768358333332,25.913,0.5864666666666666,True,27,1,35.9184062,139.9079523,25.066108993234845,74.87996839432083,22.97,668.6895703125,75.1494140625,55.5,1.6875,-11.875,0.69,-2.49,-0.19,-67.375,-34.625,0.0,63,-19.379968394320827,forward,86.60781955230914,53.39218044769086,
2026-08-05T08:37:15.443,542.246,gnss_navigation,35.918352383333335,139.90768098333334,25.88,0.5607444444444445,True,27,1,35.9184062,139.9079523,25.154661585767297,76.23765109015693,22.97,668.6895703125,75.1494140625,78.875,1.875,-13.625,-0.57,10.77,12.0,-9.625,73.375,-0.75,63,2.6373489098430696,forward,81.32897471545667,58.67102528454334,
2026-08-05T08:37:15.943,542.746,gnss_navigation,35.918352383333335,139.90768098333334,25.88,0.5607444444444445,True,27,1,35.9184062,139.9079523,25.154661585767297,76.23765109015693,22.97,668.6895703125,75.1494140625,70.75,1.125,-12.625,11.15,10.28,21.74,35.5,-83.4375,6.5,63,-5.48765109015693,forward,73.35397471545666,66.64602528454334,
2026-08-05T08:37:16.444,543.246,gnss_navigation,35.918354,139.90768048333334,25.824,0.3035222222222222,True,27,1,35.9184062,139.9079523,25.156312056548167,76.65972779303513,22.97,668.6895703125,75.1494140625,62.375,1.875,-11.875,-1.6,4.04,1.39,45.3125,99.25,75.625,63,-14.284727793035131,forward,100.0,5.628629127874461,
2026-08-05T08:37:16.944,543.747,gnss_navigation,35.918354,139.90768048333334,25.824,0.3035222222222222,True,27,1,35.9184062,139.9079523,25.156312056548167,76.65972779303513,22.97,668.6895703125,75.1494140625,58.125,3.5,-9.9375,0.2,-6.12,-0.56,-11.125,-78.375,-27.5625,63,-18.53472779303513,forward,87.18387087212554,52.816129127874454,
2026-08-05T08:37:17.444,544.247,gnss_navigation,35.918358483333336,139.9076799,25.777,0.4115555555555556,True,27,1,35.9184062,139.9079523,25.097323795342916,77.7948646617773,22.97,668.6895703125,75.1494140625,70.6875,9.1875,-27.875,0.92,1.62,8.57,-43.0625,-35.75,-20.0625,63,-7.1073646617772965,forward,82.2777822344281,57.7222177655719,
2026-08-05T08:37:17.945,544.748,gnss_navigation,35.918358483333336,139.9076799,25.777,0.4115555555555556,True,27,1,35.9184062,139.9079523,25.097323795342916,77.7948646617773,22.97,668.6895703125,75.1494140625,72.5,9.875,-27.9375,1.21,3.82,5.68,9.875,2.875,-13.875,63,-5.2948646617772965,forward,72.37778223442811,67.62221776557189,
2026-08-05T08:37:18.445,545.248,gnss_navigation,35.918362683333335,139.90767968333333,25.784,0.3858333333333333,True,27,1,35.9184062,139.9079523,25.021899889367315,78.84958913134983,22.97,668.6895703125,75.1494140625,75.1875,9.6875,-30.625,0.08,3.27,7.81,19.0,-12.625,2.25,63,-3.6620891313498305,forward,71.41089172942183,68.58910827057817,
2026-08-05T08:37:18.946,545.748,gnss_navigation,35.918362683333335,139.90767968333333,25.784,0.3858333333333333,True,27,1,35.9184062,139.9079523,25.021899889367315,78.84958913134983,22.97,668.6895703125,75.1494140625,73.875,10.3125,-31.8125,1.49,3.94,6.35,6.125,15.5625,20.625,63,-4.9745891313498305,forward,74.35464172942184,65.64535827057816,
2026-08-05T08:37:19.446,546.249,gnss_navigation,35.918366383333336,139.9076789,25.794,0.36011111111111105,True,27,1,35.9184062,139.9079523,25.015026790219622,79.80543110583386,22.97,668.6895703125,75.1494140625,75.1875,3.25,-29.25,-1.28,4.06,9.23,-32.8125,-17.1875,1.1875,63,-4.617931105833861,forward,72.46092130507986,67.53907869492014,
2026-08-05T08:37:19.947,546.750,gnss_navigation,35.918366383333336,139.9076789,25.794,0.36011111111111105,True,27,1,35.9184062,139.9079523,25.015026790219622,79.80543110583386,22.97,668.6895703125,75.1494140625,75.5625,4.5,-28.0625,1.08,2.91,8.75,-7.75,-1.8125,-1.1875,63,-4.242931105833861,forward,72.52342130507986,67.47657869492014,
2026-08-05T08:37:20.447,547.250,gnss_navigation,35.918369983333335,139.90767778333333,25.802,0.32924444444444445,True,27,1,35.9184062,139.9079523,25.046532055934005,80.7474493212946,22.97,668.6895703125,75.1494140625,75.1875,0.6875,-22.4375,0.29,4.72,9.71,-27.5,-2.1875,-9.875,63,-5.559949321294596,forward,72.17559488466709,67.82440511533291,
2026-08-05T08:37:20.947,547.750,gnss_navigation,35.918369983333335,139.90767778333333,25.802,0.32924444444444445,True,27,1,35.9184062,139.9079523,25.046532055934005,80.7474493212946,22.97,668.6895703125,75.1494140625,75.0625,-1.0,-21.6875,0.02,3.2,7.79,0.8125,-0.875,-11.875,63,-5.684949321294596,forward,74.4693448846671,65.5306551153329,
2026-08-05T08:37:21.448,548.251,gnss_navigation,35.918374283333335,139.907677,25.794,0.33953333333333335,True,27,1,35.9184062,139.9079523,25.04393955373461,81.8531227426223,22.97,668.6895703125,75.1494140625,76.5,-1.5625,-21.8125,-0.19,4.56,10.34,5.6875,16.4375,-5.9375,63,-5.353122742622304,forward,72.46045945703568,67.53954054296432,
2026-08-05T08:37:21.948,548.751,gnss_navigation,35.918374283333335,139.907677,25.794,0.33953333333333335,True,27,1,35.9184062,139.9079523,25.04393955373461,81.8531227426223,22.97,668.6895703125,75.1494140625,77.3125,-1.4375,-20.0625,-0.7,2.31,11.97,-4.375,-4.375,-13.4375,63,-4.540622742622304,forward,72.22295945703567,67.77704054296433,
2026-08-05T08:37:22.449,549.252,gnss_navigation,35.9183783,139.90767678333333,25.796,0.32924444444444445,True,27,1,35.9184062,139.9079523,25.003919188035123,82.87263053865661,22.97,668.6895703125,75.1494140625,48.25,0.75,-17.8125,-2.19,-0.82,9.39,13.0625,-37.125,116.9375,63,-34.62263053865661,forward,100.0,0.0,
2026-08-05T08:37:22.949,549.752,gnss_navigation,35.9183783,139.90767678333333,25.796,0.32924444444444445,True,27,1,35.9184062,139.9079523,25.003919188035123,82.87263053865661,22.97,668.6895703125,75.1494140625,44.125,1.5625,-16.5,-0.44,3.04,7.55,46.5,-18.8125,-88.875,63,-38.74763053865661,forward,96.51374819409784,43.48625180590216,
2026-08-05T08:37:23.449,550.252,gnss_navigation,35.918380983333336,139.90767598333332,25.769,0.20063333333333333,True,27,1,35.9184062,139.9079523,25.040240659698437,83.57054627108266,22.97,668.6895703125,75.1494140625,77.75,-3.8125,-17.0,-0.3,2.23,6.75,-19.8125,17.0,-25.125,63,-5.820546271082662,forward,33.78560443092529,100.0,
2026-08-05T08:37:23.950,550.753,gnss_navigation,35.918380983333336,139.90767598333332,25.769,0.20063333333333333,True,27,1,35.9184062,139.9079523,25.040240659698437,83.57054627108266,22.97,668.6895703125,75.1494140625,78.0,-4.1875,-15.875,-2.32,2.06,10.02,-16.125,13.5,22.75,63,-5.570546271082662,forward,73.66060443092529,66.33939556907471,
2026-08-05T08:37:24.450,551.253,gnss_navigation,35.918386383333335,139.90767568333334,25.78,0.46299999999999997,True,26,1,35.9184062,139.9079523,25.007039513039324,84.94470492093006,22.97,668.6895703125,75.1494140625,81.5,-4.5625,-16.8125,-2.97,3.26,8.02,0.0,-49.75,-12.75,63,-3.4447049209300644,forward,69.88143701686613,70.11856298313387,
2026-08-05T08:37:24.950,551.753,gnss_navigation,35.918386383333335,139.90767568333334,25.78,0.46299999999999997,True,26,1,35.9184062,139.9079523,25.007039513039324,84.94470492093006,22.97,668.6895703125,75.1494140625,82.375,-3.125,-15.5625,-0.64,3.46,7.22,10.8125,15.875,7.0,63,-2.5697049209300644,forward,70.59393701686614,69.40606298313386,
2026-08-05T08:37:25.451,552.254,gnss_navigation,35.91839158333333,139.9076756,25.788,0.46299999999999997,True,26,1,35.9184062,139.9079523,24.97022286944668,86.26792717257348,22.97,668.6895703125,75.1494140625,82.5625,-3.3125,-15.5,-1.81,0.58,8.06,2.75,-13.5,-15.4375,63,-3.7054271725734793,forward,69.55576393674406,70.44423606325594,
2026-08-05T08:37:25.952,552.755,gnss_navigation,35.91839158333333,139.9076756,25.788,0.46299999999999997,True,26,1,35.9184062,139.9079523,24.97022286944668,86.26792717257348,22.97,668.6895703125,75.1494140625,82.875,-2.6875,-13.625,-1.48,1.08,7.69,10.875,9.375,9.0625,63,-3.3929271725734793,forward,71.66201393674405,68.33798606325595,
2026-08-05T08:37:26.452,553.255,gnss_navigation,35.9183966,139.90767538333333,25.789,0.44756666666666667,True,26,1,35.9184062,139.9079523,24.95961937833465,87.54874917016264,22.97,668.6895703125,75.1494140625,81.9375,-4.1875,-13.875,-2.99,3.91,8.88,-4.9375,-50.6875,17.625,63,-5.611249170162637,forward,75.65809173805879,64.34190826194121,
2026-08-05T08:37:26.952,553.755,gnss_navigation,35.9183966,139.90767538333333,25.789,0.44756666666666667,True,26,1,35.9184062,139.9079523,24.95961937833465,87.54874917016264,22.97,668.6895703125,75.1494140625,82.1875,-1.6875,-12.0625,0.22,0.83,10.84,-1.5,-17.9375,-13.375,63,-5.361249170162637,forward,72.78934173805878,67.21065826194122,
2026-08-05T08:37:27.454,554.257,gnss_navigation,35.91840248333333,139.90767498333332,25.777,0.4732888888888889,True,26,1,35.9184062,139.9079523,24.9762212650059,89.05181831351831,22.97,668.6895703125,75.1494140625,88.0625,-3.375,-10.4375,0.07,3.65,11.57,-6.6875,-12.625,-6.0625,63,-0.9893183135183108,forward,61.15149933613011,78.84850066386988,
2026-08-05T08:37:27.954,554.757,gnss_navigation,35.91840248333333,139.90767498333332,25.777,0.4732888888888889,True,26,1,35.9184062,139.9079523,24.9762212650059,89.05181831351831,22.97,668.6895703125,75.1494140625,87.8125,-2.3125,-10.3125,1.62,0.38,5.63,-6.0625,-1.5,16.1875,63,-1.2393183135183108,forward,70.1639993361301,69.8360006638699,
2026-08-05T08:37:28.455,555.258,gnss_navigation,35.918405183333334,139.90767788333332,25.708,0.2726555555555556,True,25,1,35.9184062,139.9079523,24.711910460489584,89.73781084366277,22.97,668.6895703125,75.1494140625,82.5625,-3.625,-7.1875,0.66,3.29,10.6,-19.8125,11.3125,12.125,63,-7.175310843662771,forward,85.29770465081465,54.70229534918535,
2026-08-05T08:37:28.955,555.758,gnss_navigation,35.918405183333334,139.90767788333332,25.708,0.2726555555555556,True,25,1,35.9184062,139.9079523,24.711910460489584,89.73781084366277,22.97,668.6895703125,75.1494140625,82.0,-4.5625,-6.8125,-3.01,0.8,9.23,3.0,-20.8125,-12.375,63,-7.737810843662771,forward,76.62895465081465,63.37104534918535,
2026-08-05T08:37:29.455,556.258,gnss_navigation,35.91840798333333,139.90767908333333,25.703,0.4167,True,25,1,35.9184062,139.9079523,24.604388656889075,90.46169681597729,22.97,668.6895703125,75.1494140625,87.375,-1.5625,-8.25,-0.52,0.64,7.34,-10.875,16.0,-8.625,63,-3.086696815977291,forward,61.15899867493022,78.84100132506978,
2026-08-05T08:37:29.958,556.761,gnss_navigation,35.91840798333333,139.90767908333333,25.703,0.4167,True,25,1,35.9184062,139.9079523,24.604388656889075,90.46169681597729,22.97,668.6895703125,75.1494140625,87.0,-2.5,-8.5625,-0.73,0.39,5.37,-11.625,16.9375,20.5625,63,-3.461696815977291,forward,73.59649867493022,66.40350132506978,
2026-08-05T08:37:30.459,557.262,gnss_navigation,35.918413,139.9076804,25.689,0.44756666666666667,True,26,1,35.9184062,139.9079523,24.4966931126506,91.76871744646962,22.97,668.6895703125,75.1494140625,86.9375,0.5,0.0,0.53,0.09,3.9,-36.0,43.125,2.5625,63,-4.831217446469623,forward,72.81935745278183,67.18064254721817,
2026-08-05T08:37:30.959,557.762,gnss_navigation,35.918413,139.9076804,25.689,0.44756666666666667,True,26,1,35.9184062,139.9079523,24.4966931126506,91.76871744646962,22.97,668.6895703125,75.1494140625,86.8125,1.0,3.875,-1.2,0.2,5.99,-69.625,4.9375,-6.75,63,-4.956217446469623,forward,46.72560745278183,93.27439254721817,
2026-08-05T08:37:31.459,558.262,gnss_navigation,35.91841998333334,139.9076818,25.674,0.6276222222222222,True,26,1,35.9184062,139.9079523,24.407115853960217,93.60015882472953,22.97,668.6895703125,75.1494140625,85.75,3.25,12.125,-0.68,-5.59,16.81,14.75,-2.625,10.375,63,-7.850158824729533,forward,87.0024739571757,52.997526042824305,
2026-08-05T08:37:31.962,558.765,gnss_navigation,35.91841998333334,139.9076818,25.674,0.6276222222222222,True,26,1,35.9184062,139.9079523,24.407115853960217,93.60015882472953,22.97,668.6895703125,75.1494140625,93.1875,3.6875,12.875,-1.43,-5.01,5.95,-40.9375,-43.0625,-24.375,63,-0.4126588247295331,forward,76.0962239571757,63.903776042824305,
2026-08-05T08:37:32.463,559.266,gnss_navigation,35.91842608333333,139.90768398333333,25.658,0.6379111111111111,True,26,1,35.9184062,139.9079523,24.263276414198582,95.22809732843956,22.97,668.6895703125,75.1494140625,88.9375,6.875,19.125,-2.42,-2.84,7.53,-40.5625,70.875,25.9375,63,-6.29059732843956,forward,83.99887705978362,56.001122940216376,
2026-08-05T08:37:32.963,559.766,gnss_navigation,35.91842608333333,139.90768398333333,25.658,0.6379111111111111,True,26,1,35.9184062,139.9079523,24.263276414198582,95.22809732843956,22.97,668.6895703125,75.1494140625,87.875,5.75,18.3125,-1.11,-3.16,3.52,36.875,-38.6875,-15.6875,63,-7.35309732843956,forward,75.51762705978362,64.48237294021638,
2026-08-05T08:37:33.463,560.266,gnss_navigation,35.918431383333335,139.90768598333332,25.667,0.6070444444444444,True,26,1,35.9184062,139.9079523,24.145161308799825,96.65984353190731,22.97,668.6895703125,75.1494140625,95.1875,6.0,6.5,-2.14,0.43,13.37,74.75,74.75,-2.5,63,-1.4723435319073133,forward,64.09497786275165,75.90502213724835,
2026-08-05T08:37:33.964,560.767,gnss_navigation,35.918431383333335,139.90768598333332,25.667,0.6070444444444444,True,26,1,35.9184062,139.9079523,24.145161308799825,96.65984353190731,22.97,668.6895703125,75.1494140625,95.0,4.0,6.75,4.19,2.04,16.35,10.8125,42.0625,19.875,63,-1.6598435319073133,forward,70.60122786275164,69.39877213724836,
2026-08-05T08:37:34.464,561.267,gnss_navigation,35.91843518333334,139.90768988333335,25.668,0.5864666666666666,True,26,1,35.9184062,139.9079523,23.849778776341196,97.7660093786211,22.97,668.6895703125,75.1494140625,81.9375,-2.5625,-18.625,-7.56,-0.85,16.03,-125.5,14.4375,27.875,63,-15.828509378621106,forward,100.0,17.28462517447415,
2026-08-05T08:37:34.965,561.767,gnss_navigation,35.91843518333334,139.90768988333335,25.668,0.5864666666666666,True,26,1,35.9184062,139.9079523,23.849778776341196,97.7660093786211,22.97,668.6895703125,75.1494140625,80.0625,-2.0,-18.1875,8.86,9.75,12.35,46.0,-65.1875,-14.0625,63,-17.703509378621106,forward,85.26537482552585,54.73462517447415,
2026-08-05T08:37:35.466,562.268,gnss_navigation,35.918440583333336,139.90768968333333,25.679,0.37554444444444446,True,26,1,35.9184062,139.9079523,23.9560902163921,99.18326390097604,22.97,668.6895703125,75.1494140625,102.75,-1.4375,-14.3125,-3.73,1.62,18.93,44.1875,63.3125,-8.5,63,3.566736099023956,forward,31.325307502896884,100.0,
2026-08-05T08:37:35.966,562.769,gnss_navigation,35.918440583333336,139.90768968333333,25.679,0.37554444444444446,True,26,1,35.9184062,139.9079523,23.9560902163921,99.18326390097604,22.97,668.6895703125,75.1494140625,101.875,-2.3125,-13.875,-4.54,2.48,5.93,-28.0625,12.3125,57.75,63,2.691736099023956,forward,67.46280750289688,72.53719249710312,
2026-08-05T08:37:36.466,563.269,gnss_navigation,35.918447,139.90768748333332,25.667,0.48872222222222217,True,26,1,35.9184062,139.9079523,24.27485766698745,100.77132555393786,22.97,668.6895703125,75.1494140625,100.25,-1.875,-14.125,-0.51,4.74,4.74,-13.75,-57.0625,-55.8125,63,-0.5213255539378565,forward,53.502861120780835,86.49713887921916,
2026-08-05T08:37:36.967,563.770,gnss_navigation,35.918447,139.90768748333332,25.667,0.48872222222222217,True,26,1,35.9184062,139.9079523,24.27485766698745,100.77132555393786,22.97,668.6895703125,75.1494140625,104.375,-1.3125,-12.1875,6.11,10.19,17.21,40.0,91.0,-46.3125,63,3.6036744460621435,forward,63.627861120780835,76.37213887921916,
2026-08-05T08:37:37.468,564.271,gnss_navigation,35.918453883333335,139.90768768333334,25.668,0.5093,True,26,1,35.9184062,139.9079523,24.411894880324272,102.5442652500733,22.97,668.6895703125,75.1494140625,97.5625,-1.25,-14.875,3.74,-6.45,12.27,46.5,-95.75,50.75,63,-4.981765250073295,forward,83.03581044315028,56.96418955684972,
2026-08-05T08:37:37.968,564.771,gnss_navigation,35.918453883333335,139.90768768333334,25.668,0.5093,True,26,1,35.9184062,139.9079523,24.411894880324272,102.5442652500733,22.97,668.6895703125,75.1494140625,92.875,-1.75,-15.0,-0.47,-1.05,4.43,2.625,47.0,34.0625,63,-9.669265250073295,forward,78.47331044315028,61.52668955684972,
2026-08-05T08:37:38.468,565.271,gnss_navigation,35.91846198333333,139.90768498333333,25.72,0.5350222222222223,True,26,1,35.9184062,139.9079523,24.858590977947,104.44928882253168,22.97,668.6895703125,75.1494140625,107.0,-1.1875,-14.625,4.58,-2.41,7.17,33.875,105.3125,-14.25,63,2.5507111774683153,forward,50.54791220005863,89.45208779994137,
2026-08-05T08:37:38.972,565.775,gnss_navigation,35.91846198333333,139.90768498333333,25.72,0.5350222222222223,True,26,1,35.9184062,139.9079523,24.858590977947,104.44928882253168,22.97,668.6895703125,75.1494140625,106.8125,-2.0,-15.0,-1.44,7.56,18.87,34.625,-37.5625,28.0625,63,2.3632111774683153,forward,66.80416220005864,73.19583779994136,
2026-08-05T08:37:39.473,566.275,gnss_navigation,35.91846698333333,139.9076876,25.765,0.5093,True,26,1,35.9184062,139.9079523,24.77633610958667,105.8304261248337,22.97,668.6895703125,75.1494140625,142.8125,-3.75,-13.0625,-10.38,10.94,20.23,-39.25,-82.375,-120.1875,63,36.98207387516629,forward,0.0,100.0,
2026-08-05T08:37:39.980,566.783,gnss_navigation,35.91846698333333,139.9076876,25.765,0.5093,True,26,1,35.9184062,139.9079523,24.77633610958667,105.8304261248337,22.97,668.6895703125,75.1494140625,151.8125,-2.0625,-13.625,15.13,13.15,6.9,-10.1875,24.375,-14.4375,63,45.98207387516629,forward,26.921931058025343,100.0,
2026-08-05T08:37:40.480,567.283,gnss_navigation,35.91847108333333,139.90769348333333,25.806,0.4938666666666666,True,26,1,35.9184062,139.9079523,24.397961839645895,107.19998251641209,22.97,668.6895703125,75.1494140625,48.5,1.0,-14.5,2.92,0.89,0.6,-68.25,24.3125,184.5,63,-58.69998251641209,forward,100.0,0.0,
2026-08-05T08:37:41.001,567.804,gnss_navigation,35.91847108333333,139.90769348333333,25.806,0.4938666666666666,True,26,1,35.9184062,139.9079523,24.397961839645895,107.19998251641209,22.97,668.6895703125,75.1494140625,45.0,0.9375,-13.0,4.97,9.36,21.57,-19.375,13.125,189.8125,63,-62.19998251641209,forward,100.0,14.141909100133034,
2026-08-05T08:37:41.503,568.306,gnss_navigation,35.918478283333336,139.90769398333333,25.842,0.5247333333333333,True,26,1,35.9184062,139.9079523,24.60400156840359,109.01229234004757,22.97,668.6895703125,75.1494140625,105.6875,-0.5,-12.9375,1.33,2.85,-0.79,44.75,-39.6875,-11.0,63,-3.3247923400475656,forward,61.36623601312967,78.63376398687032,
2026-08-05T08:37:42.003,568.806,gnss_navigation,35.918478283333336,139.90769398333333,25.842,0.5247333333333333,True,26,1,35.9184062,139.9079523,24.60400156840359,109.01229234004757,22.97,668.6895703125,75.1494140625,106.125,-0.6875,-13.75,-0.23,-0.24,-0.28,-80.125,17.8125,-2.0625,63,-2.8872923400475656,forward,71.21623601312967,68.78376398687033,
2026-08-05T08:37:42.504,569.306,gnss_navigation,35.91848458333333,139.90769638333333,25.877,0.5350222222222223,True,26,1,35.9184062,139.9079523,24.638776960197198,110.71643517847463,22.97,668.6895703125,75.1494140625,108.875,-0.375,-12.3125,8.14,9.88,16.53,37.25,-72.375,20.6875,191,-1.841435178474626,forward,49.12858387203805,90.87141612796195,
2026-08-05T08:37:43.004,569.807,gnss_navigation,35.91848458333333,139.90769638333333,25.877,0.5350222222222223,True,26,1,35.9184062,139.9079523,24.638776960197198,110.71643517847463,22.97,668.6895703125,75.1494140625,106.8125,-1.6875,-12.0625,-2.48,9.52,10.51,48.75,-68.75,49.8125,63,-3.903935178474626,forward,71.90358387203806,68.09641612796194,
2026-08-05T08:37:43.504,570.307,gnss_navigation,35.918490283333334,139.90769828333333,25.929,0.5298777777777778,True,26,1,35.9184062,139.9079523,24.711586845121715,112.23146879435052,22.97,668.6895703125,75.1494140625,112.0,-1.0,-10.25,-5.45,2.21,8.18,-18.75,-10.3125,42.0,63,-0.23146879435051915,forward,58.0168981427797,81.9831018572203,
2026-08-05T08:37:44.005,570.808,gnss_navigation,35.918490283333334,139.90769828333333,25.929,0.5298777777777778,True,26,1,35.9184062,139.9079523,24.711586845121715,112.23146879435052,22.97,668.6895703125,75.1494140625,106.375,-1.1875,-10.0625,-4.15,-5.8,7.69,-40.875,49.25,64.4375,63,-5.856468794350519,forward,79.2543981427797,60.7456018572203,
2026-08-05T08:37:44.505,571.308,gnss_navigation,35.9184963,139.90770398333333,25.958,0.5504555555555556,True,26,1,35.9184062,139.9079523,24.503082069618646,114.13402165281474,22.97,668.6895703125,75.1494140625,116.0625,-0.6875,-10.3125,3.21,-9.07,24.17,-29.625,-18.4375,-5.375,63,1.928478347185262,forward,41.15392503548041,98.84607496451959,
2026-08-05T08:37:45.007,571.810,gnss_navigation,35.9184963,139.90770398333333,25.958,0.5504555555555556,True,26,1,35.9184062,139.9079523,24.503082069618646,114.13402165281474,22.97,668.6895703125,75.1494140625,116.3125,-0.75,-10.3125,-3.02,-3.36,6.52,53.25,-90.75,31.5,63,2.178478347185262,forward,67.26642503548041,72.73357496451959,
2026-08-05T08:37:45.507,572.310,gnss_navigation,35.9185017,139.9077072,25.983,0.5556,True,26,1,35.9184062,139.9079523,24.493311568629714,115.69309659174303,22.97,668.6895703125,75.1494140625,103.125,-1.6875,-9.9375,-6.59,-4.09,8.43,-57.25,-27.6875,20.8125,63,-12.568096591743029,forward,96.77596732225179,43.22403267774821,
2026-08-05T08:37:46.007,572.810,gnss_navigation,35.9185017,139.9077072,25.983,0.5556,True,26,1,35.9184062,139.9079523,24.493311568629714,115.69309659174303,22.97,668.6895703125,75.1494140625,103.375,-1.0625,-11.5,-2.22,8.32,10.11,122.5625,-4.5,-42.125,63,-12.318096591743029,forward,78.2697173222518,61.73028267774821,
2026-08-05T08:37:46.508,573.311,gnss_navigation,35.91850818333333,139.90771128333333,26.03,0.5504555555555556,True,26,1,35.9184062,139.9079523,24.487878686126184,117.58644439355828,22.97,668.6895703125,75.1494140625,108.375,-2.125,-10.125,-2.62,3.32,18.95,44.6875,-17.3125,-17.6875,63,-9.211444393558281,forward,89.29197727339442,50.70802272660558,
2026-08-05T08:37:47.008,573.811,gnss_navigation,35.91850818333333,139.90771128333333,26.03,0.5504555555555556,True,26,1,35.9184062,139.9079523,24.487878686126184,117.58644439355828,22.97,668.6895703125,75.1494140625,112.3125,-0.25,-9.3125,-5.55,-10.77,8.6,-14.6875,20.4375,-67.5625,63,-5.273944393558281,forward,70.21697727339442,69.78302272660558,
2026-08-05T08:37:47.509,574.312,gnss_navigation,35.91851498333333,139.9077158,26.1,0.5710333333333334,True,26,1,35.9184062,139.9079523,24.492588855470768,119.5951948217492,22.97,668.6895703125,75.1494140625,109.5,-19.0625,-24.375,-1.64,1.99,1.39,27.875,41.8125,-7.0,63,-10.095194821749203,forward,90.42540551484663,49.574594485153376,
2026-08-05T08:37:48.009,574.812,gnss_navigation,35.91851498333333,139.9077158,26.1,0.5710333333333334,True,26,1,35.9184062,139.9079523,24.492588855470768,119.5951948217492,22.97,668.6895703125,75.1494140625,115.0,-16.0625,-23.5,-8.78,9.53,23.19,102.75,144.6875,0.625,63,-4.595194821749203,forward,67.52540551484663,72.47459448515337,
2026-08-05T08:37:48.509,575.312,gnss_navigation,35.918515883333335,139.90771648333333,26.175,0.2520777777777778,True,25,1,35.9184062,139.9079523,24.488787408557975,119.86989630107809,22.97,668.6895703125,75.1494140625,125.5625,-15.875,-20.1875,-5.28,13.54,16.12,305.125,61.8125,58.3125,63,5.692603698921914,forward,38.81990585739936,100.0,
2026-08-05T08:37:49.010,575.813,gnss_navigation,35.918515883333335,139.90771648333333,26.175,0.2520777777777778,True,25,1,35.9184062,139.9079523,24.488787408557975,119.86989630107809,22.97,668.6895703125,75.1494140625,121.0,-25.5625,-28.75,1.37,-0.29,10.49,58.0,52.625,-42.8125,63,1.1301036989219142,forward,70.85115585739936,69.14884414260064,
2026-08-05T08:37:49.510,576.313,gnss_navigation,35.91851798333333,139.90771908333335,26.216,0.2469333333333333,True,25,1,35.9184062,139.9079523,24.404137753058137,120.61908889539262,22.97,668.6895703125,75.1494140625,234.125,-83.3125,173.3125,-11.95,15.15,6.19,548.5,-88.9375,16.25,63,113.50591110460738,forward,0.0,100.0,
2026-08-05T08:37:50.010,576.813,gnss_navigation,35.91851798333333,139.90771908333335,26.216,0.2469333333333333,True,25,1,35.9184062,139.9079523,24.404137753058137,120.61908889539262,22.97,668.6895703125,75.1494140625,229.125,-72.75,-19.375,-1.88,-2.67,-2.44,203.375,-7.9375,170.5,63,108.50591110460738,forward,0.0,100.0,
2026-08-05T08:37:50.511,577.314,gnss_navigation,35.9185164,139.90772028333333,26.25,0.09774444444444444,True,25,1,35.9184062,139.9079523,24.22166331182837,120.39088598614853,22.97,668.6895703125,75.1494140625,16.6875,3.9375,172.875,-10.27,17.27,7.7,29.5,-2.5625,-265.25,63,-103.70338598614853,forward,100.0,0.0,
2026-08-05T08:37:51.011,577.814,gnss_navigation,35.9185164,139.90772028333333,26.25,0.09774444444444444,True,25,1,35.9184062,139.9079523,24.22166331182837,120.39088598614853,22.97,668.6895703125,75.1494140625,353.4375,4.0625,-171.5625,3.53,18.55,-3.36,35.5625,-40.0625,-58.3125,63,-126.95338598614853,forward,100.0,0.0,
2026-08-05T08:37:51.512,578.315,gnss_navigation,35.918521383333335,139.90772238333332,26.297,0.23664444444444446,True,26,1,35.9184062,139.9079523,24.34562728846841,121.74106073913413,22.97,668.6895703125,75.1494140625,143.9375,-1.6875,-171.4375,7.3,4.76,-11.24,8.5,41.1875,69.25,63,22.196439260865873,forward,0.0,100.0,
2026-08-05T08:37:52.012,578.815,gnss_navigation,35.918521383333335,139.90772238333332,26.297,0.23664444444444446,True,26,1,35.9184062,139.9079523,24.34562728846841,121.74106073913413,22.97,668.6895703125,75.1494140625,146.5625,-1.125,-171.5,-0.51,-8.64,-20.3,-81.9375,91.4375,-68.3125,191,24.821439260865873,forward,50.38770878891883,89.61229121108117,
2026-08-05T08:37:52.513,579.316,gnss_navigation,35.918522083333336,139.90772338333332,26.3,0.18005555555555552,True,26,1,35.9184062,139.9079523,24.310258031149374,122.00872846630483,22.97,668.6895703125,75.1494140625,122.375,0.3125,-170.5625,3.08,-11.76,-19.44,80.0,-60.1875,7.125,63,0.3662715336951692,forward,53.9678485913073,86.0321514086927,
2026-08-05T08:37:53.013,579.816,gnss_navigation,35.918522083333336,139.90772338333332,26.3,0.18005555555555552,True,26,1,35.9184062,139.9079523,24.310258031149374,122.00872846630483,22.97,668.6895703125,75.1494140625,122.25,-0.0625,-169.5625,2.99,-16.34,-26.39,120.375,30.0,3.0,63,0.24127153369516918,forward,69.7553485913073,70.2446514086927,
2026-08-05T08:37:53.514,580.316,gnss_navigation,35.9185224,139.90772378333332,26.302,0.4681444444444445,True,25,1,35.9184062,139.9079523,24.298426987810426,122.12415552050498,22.97,668.6895703125,75.1494140625,106.5,0.25,-174.0,-0.16,-1.38,0.1,-103.5,17.375,-55.0,63,-15.624155520504985,forward,100.0,27.318017226956137,
2026-08-05T08:37:54.015,580.818,gnss_navigation,35.9185224,139.90772378333332,26.302,0.4681444444444445,True,25,1,35.9184062,139.9079523,24.298426987810426,122.12415552050498,22.97,668.6895703125,75.1494140625,107.0625,0.6875,-174.125,-2.61,-5.99,-11.7,39.8125,-43.4375,52.8125,63,-15.061655520504985,forward,80.10073277304386,59.899267226956134,
2026-08-05T08:37:54.515,581.318,gnss_navigation,35.91851908333334,139.90772188333332,26.301,0.4938666666666666,True,25,1,35.9184062,139.9079523,24.250573686255354,121.17121525523021,22.97,668.6895703125,75.1494140625,118.3125,0.6875,-172.0,2.16,13.55,-11.56,160.625,-41.0,-31.75,63,-2.8587152552302086,forward,84.25568917649761,55.74431082350239,
2026-08-05T08:37:55.016,581.819,gnss_navigation,35.91851908333334,139.90772188333332,26.301,0.4938666666666666,True,25,1,35.9184062,139.9079523,24.250573686255354,121.17121525523021,22.97,668.6895703125,75.1494140625,118.125,0.8125,-171.6875,13.84,-9.82,-16.11,40.25,-19.875,-13.4375,63,-3.0462152552302086,forward,91.65572220418417,48.344277795815835,
2026-08-05T08:37:55.516,582.319,gnss_navigation,35.918516483333335,139.90771988333333,26.323,0.46299999999999997,True,25,1,35.9184062,139.9079523,24.257424369942445,120.36672335769202,22.97,668.6895703125,75.1494140625,123.0,0.0625,-171.625,-0.6,-1.57,-19.25,1.9375,-16.6875,-15.0,63,2.633276642307976,forward,67.90572220418417,72.09427779581583,
2026-08-05T08:37:56.017,582.820,gnss_navigation,35.918516483333335,139.90771988333333,26.323,0.46299999999999997,True,25,1,35.9184062,139.9079523,24.257424369942445,120.36672335769202,22.97,668.6895703125,75.1494140625,118.3125,-0.25,-176.75,0.22,3.11,-12.04,44.1875,30.4375,10.375,63,-2.054223357692024,forward,70.32462868615362,69.67537131384638,
2026-08-05T08:37:56.517,583.320,gnss_navigation,35.9185151,139.9077178,26.343,0.37554444444444446,True,25,1,35.9184062,139.9079523,24.342596016824622,119.83110463798238,22.97,668.6895703125,75.1494140625,138.5,-1.625,-174.5625,1.38,3.65,-8.58,100.1875,23.25,27.6875,63,18.668895362017622,forward,69.83712868615362,70.16287131384638,
2026-08-05T08:37:57.017,583.820,gnss_navigation,35.9185151,139.9077178,26.343,0.37554444444444446,True,25,1,35.9184062,139.9079523,24.342596016824622,119.83110463798238,22.97,668.6895703125,75.1494140625,130.8125,-1.3125,-174.4375,1.3,-1.06,-23.05,150.3125,-24.8125,-112.0,63,10.981395362017622,forward,66.5273837103859,73.4726162896141,
2026-08-05T08:37:57.518,584.321,gnss_navigation,35.918514,139.90771378333332,26.361,0.3652555555555555,True,24,1,35.9184062,139.9079523,24.597193416321154,119.16480489555204,22.97,668.6895703125,75.1494140625,98.0625,0.1875,-172.3125,-2.65,-3.06,-30.55,-78.0625,-37.5,-225.5625,63,-21.102304895552038,forward,30.5648837103859,100.0,
2026-08-05T08:37:58.018,584.821,gnss_navigation,35.918514,139.90771378333332,26.361,0.3652555555555555,True,24,1,35.9184062,139.9079523,24.597193416321154,119.16480489555204,22.97,668.6895703125,75.1494140625,83.6875,0.375,-174.5625,0.08,7.49,4.01,-25.25,56.875,113.9375,63,-35.47730489555204,forward,97.11934391644164,42.880656083558364,
2026-08-05T08:37:58.519,585.322,gnss_navigation,35.9185115,139.9077172,26.361,0.3343888888888889,True,24,1,35.9184062,139.9079523,24.19323257119915,118.94501576480377,22.97,668.6895703125,75.1494140625,111.8125,0.0,-171.75,-5.53,-2.33,-9.41,12.125,15.0,13.0,63,-7.13251576480377,forward,71.18184391644164,68.81815608355836,
2026-08-05T08:37:59.027,585.830,gnss_navigation,35.9185115,139.9077172,26.361,0.3343888888888889,True,24,1,35.9184062,139.9079523,24.19323257119915,118.94501576480377,22.97,668.6895703125,75.1494140625,113.6875,0.0,-171.5,3.44,9.78,-16.08,-31.375,-39.25,-23.0625,63,-5.25751576480377,forward,74.37476261184301,65.62523738815699,
2026-08-05T08:37:59.528,586.331,gnss_navigation,35.9185073,139.90771638333334,26.368,0.35496666666666665,True,25,1,35.9184062,139.9079523,24.035671292910425,117.88590542614656,22.97,668.6895703125,75.1494140625,121.9375,0.9375,-173.0,-19.16,6.47,-12.68,115.0,27.1875,9.5625,63,4.051594573853436,forward,71.12476261184301,68.87523738815699,
2026-08-05T08:38:00.028,586.832,gnss_navigation,35.9185073,139.90771638333334,26.368,0.35496666666666665,True,25,1,35.9184062,139.9079523,24.035671292910425,117.88590542614656,22.97,668.6895703125,75.1494140625,115.6875,0.375,-173.4375,-5.96,8.62,3.42,-75.875,39.5,-9.25,63,-2.1984054261465644,forward,73.38372434091725,66.61627565908275,
2026-08-05T08:38:00.529,587.331,gnss_navigation,35.918498383333336,139.9077197,26.379,0.5916111111111111,True,25,1,35.9184062,139.9079523,23.31958927868501,116.07563402764453,22.97,668.6895703125,75.1494140625,315.0625,0.8125,130.0625,-0.97,-11.62,-8.48,255.25,29.75,27.6875,63,-161.01313402764453,forward,65.15872434091725,74.84127565908275,
2026-08-05T08:38:01.029,587.832,gnss_navigation,35.918498383333336,139.9077197,26.379,0.5916111111111111,True,25,1,35.9184062,139.9079523,23.31958927868501,116.07563402764453,22.97,668.6895703125,75.1494140625,318.25,5.6875,105.375,0.18,-10.39,-5.63,88.4375,-17.0,-11.6875,63,-157.82563402764453,forward,100.0,0.0,
2026-08-05T08:38:01.529,588.332,gnss_navigation,35.918494083333336,139.90772028333333,26.423,0.6121888888888889,True,25,1,35.9184062,139.9079523,23.06581709831801,115.06612727491495,22.97,668.6895703125,75.1494140625,189.125,41.1875,39.375,4.6,-3.66,3.33,14.4375,37.0,-40.25,63,74.05887272508505,forward,59.64175722211562,80.35824277788439,
2026-08-05T08:38:02.030,588.833,gnss_navigation,35.918494083333336,139.90772028333333,26.423,0.6121888888888889,True,25,1,35.9184062,139.9079523,23.06581709831801,115.06612727491495,22.97,668.6895703125,75.1494140625,191.25,35.3125,34.25,4.74,-4.11,5.07,6.625,73.5625,20.0625,63,76.18387272508505,forward,8.952901819931952,100.0,
2026-08-05T08:38:02.530,589.333,gnss_navigation,35.9184908,139.90772048333332,26.42,0.5916111111111111,True,25,1,35.9184062,139.9079523,22.8971069257763,114.2576642975614,22.97,668.6895703125,75.1494140625,192.0,16.3125,57.9375,3.02,-8.44,5.68,-82.75,-66.0,30.8125,63,77.7423357024386,forward,1.384151819931958,100.0,
2026-08-05T08:38:03.031,589.833,gnss_navigation,35.9184908,139.90772048333332,26.42,0.5916111111111111,True,25,1,35.9184062,139.9079523,22.8971069257763,114.2576642975614,22.97,668.6895703125,75.1494140625,190.125,12.875,67.8125,2.59,-11.64,3.38,-47.75,41.75,29.1875,63,75.8673357024386,forward,8.937381438049123,100.0,
2026-08-05T08:38:03.531,590.334,gnss_navigation,35.91848998333333,139.90771038333332,26.407,0.4527111111111111,True,25,1,35.9184062,139.9079523,23.69341187088283,113.15377321484152,22.97,668.6895703125,75.1494140625,175.4375,10.25,91.625,1.4,-9.22,0.51,-2.75,-34.6875,-7.5,63,62.28372678515848,forward,22.54988143804912,100.0,
2026-08-05T08:38:04.031,590.834,gnss_navigation,35.91848998333333,139.90771038333332,26.407,0.4527111111111111,True,25,1,35.9184062,139.9079523,23.69341187088283,113.15377321484152,22.97,668.6895703125,75.1494140625,172.5625,10.4375,92.4375,1.36,-7.67,-0.15,4.125,9.875,1.125,63,59.40872678515848,forward,23.09801857187321,100.0,
2026-08-05T08:38:04.532,591.335,gnss_navigation,35.918491583333335,139.9077,26.434,0.3343888888888889,True,25,1,35.9184062,139.9079523,24.623932664596392,112.67891530856349,22.97,668.6895703125,75.1494140625,179.75,10.625,91.6875,1.04,-10.16,0.03,-19.5,-37.875,22.75,63,67.07108469143651,forward,20.966768571873217,100.0,
2026-08-05T08:38:05.034,591.837,gnss_navigation,35.918491583333335,139.9077,26.434,0.3343888888888889,True,25,1,35.9184062,139.9079523,24.623932664596392,112.67891530856349,22.97,668.6895703125,75.1494140625,173.25,8.5625,90.125,2.06,-7.74,-0.46,21.4375,-0.3125,-2.0625,63,60.57108469143651,forward,22.89938224685079,100.0,
2026-08-05T08:38:05.542,592.345,gnss_navigation,35.9184908,139.90769928333333,26.448,0.23664444444444446,True,25,1,35.9184062,139.9079523,24.650120384816,112.43427240227874,22.97,668.6895703125,75.1494140625,244.625,35.4375,46.4375,3.14,-5.43,4.58,53.1875,9.5625,-17.5,63,132.19072759772126,forward,0.0,100.0,
2026-08-05T08:38:06.042,592.845,gnss_navigation,35.9184908,139.90769928333333,26.448,0.23664444444444446,True,25,1,35.9184062,139.9079523,24.650120384816,112.43427240227874,22.97,668.6895703125,75.1494140625,243.5625,34.1875,42.875,3.47,-4.63,4.69,-17.3125,2.0625,16.125,63,131.12822759772126,forward,0.0,100.0,
2026-08-05T08:38:06.543,593.346,gnss_navigation,35.91849178333333,139.90769448333333,26.467,0.23664444444444446,True,25,1,35.9184062,139.9079523,25.09146277789835,112.2883801594466,22.97,668.6895703125,75.1494140625,235.9375,26.1875,63.0,3.4,-5.28,4.38,-35.8125,2.4375,-9.1875,63,123.6491198405534,forward,0.0,100.0,
2026-08-05T08:38:07.045,593.847,gnss_navigation,35.91849178333333,139.90769448333333,26.467,0.23664444444444446,True,25,1,35.9184062,139.9079523,25.09146277789835,112.2883801594466,22.97,668.6895703125,75.1494140625,237.0,26.3125,64.0625,3.11,-7.66,4.16,-18.625,-3.8125,6.75,63,124.7116198405534,forward,0.0,100.0,
2026-08-05T08:38:07.545,594.348,gnss_navigation,35.91849128333333,139.90769918333334,26.477,0.11832222222222223,True,25,1,35.9184062,139.9079523,24.678997369309055,112.5416254860429,22.97,668.6895703125,75.1494140625,222.5,18.5,81.875,2.3,-10.02,1.75,-46.5,-1.125,18.125,63,109.9583745139571,forward,0.0,100.0,
2026-08-05T08:38:08.046,594.848,gnss_navigation,35.91849128333333,139.90769918333334,26.477,0.11832222222222223,True,25,1,35.9184062,139.9079523,24.678997369309055,112.5416254860429,22.97,668.6895703125,75.1494140625,221.5625,16.625,84.1875,1.06,-9.17,1.01,-4.1875,-16.8125,0.9375,63,109.0208745139571,forward,0.0,100.0,
2026-08-05T08:38:08.546,595.349,gnss_navigation,35.91849298333333,139.907701,26.491,0.0926,True,25,1,35.9184062,139.9079523,24.601512766620296,113.09430494510787,22.97,668.6895703125,75.1494140625,179.0,15.875,49.875,2.81,-6.22,5.04,15.3125,-87.375,-9.1875,63,65.90569505489213,forward,83.82589260374868,56.17410739625131,
2026-08-05T08:38:09.046,595.849,gnss_navigation,35.91849298333333,139.907701,26.491,0.0926,True,25,1,35.9184062,139.9079523,24.601512766620296,113.09430494510787,22.97,668.6895703125,75.1494140625,178.5,21.1875,65.9375,3.76,-4.08,2.21,-240.0,-39.875,21.8125,63,65.40569505489213,forward,17.194193956086288,100.0,
2026-08-05T08:38:09.547,596.350,gnss_navigation,35.9184932,139.90770178333332,26.496,0.06173333333333333,True,25,1,35.9184062,139.9079523,24.546126170611366,113.21062057333785,22.97,668.6895703125,75.1494140625,170.4375,12.5,61.6875,0.47,-8.43,4.22,-19.1875,-25.0625,-6.125,63,57.22687942666215,forward,22.600443956086288,100.0,
2026-08-05T08:38:10.047,596.850,gnss_navigation,35.9184932,139.90770178333332,26.496,0.06173333333333333,True,25,1,35.9184062,139.9079523,24.546126170611366,113.21062057333785,22.97,668.6895703125,75.1494140625,168.75,12.25,64.1875,1.14,-7.66,3.58,-35.625,4.125,18.5,63,55.53937942666215,forward,26.624746458670273,100.0,
2026-08-05T08:38:10.548,597.350,gnss_navigation,35.918493383333335,139.9077024,26.5,0.16462222222222223,True,25,1,35.9184062,139.9079523,24.50315698071421,113.30560631829087,22.97,668.6895703125,75.1494140625,159.6875,10.1875,64.6875,2.19,-8.19,3.4,-17.5625,-47.6875,-15.125,63,46.38189368170913,forward,59.90694941701525,80.09305058298474,
2026-08-05T08:38:11.049,597.852,gnss_navigation,35.918493383333335,139.9077024,26.5,0.16462222222222223,True,25,1,35.9184062,139.9079523,24.50315698071421,113.30560631829087,22.97,668.6895703125,75.1494140625,154.9375,9.75,63.5625,1.53,-9.7,3.57,7.6875,-45.625,73.3125,63,41.63189368170913,forward,41.513235054632695,98.4867649453673,
2026-08-05T08:38:11.549,598.352,gnss_navigation,35.918492,139.90770298333334,26.506,0.25722222222222224,True,25,1,35.9184062,139.9079523,24.394354058425584,113.02261532496959,22.97,668.6895703125,75.1494140625,141.875,12.6875,94.375,0.88,-11.11,-0.84,-52.375,57.6875,22.75,63,28.852384675030407,forward,0.0,100.0,
2026-08-05T08:38:12.050,598.852,gnss_navigation,35.918492,139.90770298333334,26.506,0.25722222222222224,True,25,1,35.9184062,139.9079523,24.394354058425584,113.02261532496959,22.97,668.6895703125,75.1494140625,144.875,13.4375,94.5,1.42,-9.65,0.34,40.6875,-6.1875,-30.6875,63,31.852384675030407,forward,43.88059225997567,96.11940774002433,
2026-08-05T08:38:12.550,599.353,gnss_navigation,35.91849008333333,139.90770408333333,26.519,0.15433333333333335,True,25,1,35.9184062,139.9079523,24.220347287169073,112.65024830939177,22.97,668.6895703125,75.1494140625,170.4375,8.0,92.625,1.58,-11.85,-0.83,5.625,37.125,-13.4375,63,57.78725169060823,forward,0.0,100.0,
2026-08-05T08:38:13.050,599.853,gnss_navigation,35.91849008333333,139.90770408333333,26.519,0.15433333333333335,True,25,1,35.9184062,139.9079523,24.220347287169073,112.65024830939177,22.97,668.6895703125,75.1494140625,177.0,9.875,91.375,0.82,-9.9,-0.72,-20.4375,46.625,1.4375,63,64.34975169060823,forward,14.61394864751341,100.0,
2026-08-05T08:38:13.551,600.354,gnss_navigation,35.918489083333334,139.90770518333332,26.53,0.15433333333333335,True,25,1,35.9184062,139.9079523,24.086195203876567,112.49688498360547,22.97,668.6895703125,75.1494140625,188.5,1.25,90.25,-0.84,-9.28,-0.35,40.375,0.3125,-9.9375,63,76.00311501639453,forward,6.138948647513416,100.0,
2026-08-05T08:38:14.051,600.854,gnss_navigation,35.918489083333334,139.90770518333332,26.53,0.15433333333333335,True,25,1,35.9184062,139.9079523,24.086195203876567,112.49688498360547,22.97,668.6895703125,75.1494140625,188.75,2.75,83.75,-0.71,-9.08,1.15,23.1875,-15.375,-13.625,63,76.25311501639453,forward,9.04750798688437,100.0,
2026-08-05T08:38:14.554,601.356,gnss_navigation,35.91848888333333,139.90770688333333,26.539,0.3086666666666667,True,25,1,35.9184062,139.9079523,23.936278438362017,112.5879170752188,22.97,668.6895703125,75.1494140625,175.25,-1.0625,88.0625,0.55,-11.09,-0.04,-32.6875,-5.75,-11.0625,63,62.6620829247812,forward,37.61000798688437,100.0,
2026-08-05T08:38:15.054,601.857,gnss_navigation,35.91848888333333,139.90770688333333,26.539,0.3086666666666667,True,25,1,35.9184062,139.9079523,23.936278438362017,112.5879170752188,22.97,668.6895703125,75.1494140625,177.4375,9.125,89.125,0.08,-10.53,-0.57,3.25,-5.4375,-45.75,63,64.8495829247812,forward,16.701583660175032,100.0,
2026-08-05T08:38:15.554,602.357,gnss_navigation,35.918487383333336,139.90771268333333,26.57,0.34982222222222226,True,25,1,35.9184062,139.9079523,23.390026144228983,112.70211335743323,22.97,668.6895703125,75.1494140625,163.5,10.875,92.6875,1.3,-13.23,-2.41,-9.9375,-60.3125,-12.0625,63,50.797886642566766,forward,21.489083660175034,100.0,
2026-08-05T08:38:16.055,602.858,gnss_navigation,35.918487383333336,139.90771268333333,26.57,0.34982222222222226,True,25,1,35.9184062,139.9079523,23.390026144228983,112.70211335743323,22.97,668.6895703125,75.1494140625,157.5,11.75,95.4375,0.82,-10.4,-1.79,-70.375,-63.0625,-3.0,63,44.797886642566766,forward,35.96794068594659,100.0,
2026-08-05T08:38:16.555,603.358,gnss_navigation,35.91848888333333,139.90771878333334,26.588,0.43727777777777777,True,25,1,35.9184062,139.9079523,22.950559253161966,113.61555107519843,22.97,668.6895703125,75.1494140625,147.25,13.875,100.25,1.27,-8.23,-1.37,-16.3125,10.0625,14.5625,63,33.634448924801575,forward,63.142940685946584,76.85705931405342,
2026-08-05T08:38:17.055,603.858,gnss_navigation,35.91848888333333,139.90771878333334,26.588,0.43727777777777777,True,25,1,35.9184062,139.9079523,22.950559253161966,113.61555107519843,22.97,668.6895703125,75.1494140625,146.375,11.25,97.4375,1.23,-10.69,-2.1,23.0,31.0625,34.5625,63,32.759448924801575,forward,44.62994086015874,95.37005913984126,
2026-08-05T08:38:17.556,604.359,gnss_navigation,35.918490283333334,139.90772738333334,26.599,0.6121888888888889,True,24,1,35.9184062,139.9079523,22.307932663978818,114.77880431436955,22.97,668.6895703125,75.1494140625,147.5625,12.5625,100.8125,0.59,-8.47,-2.13,34.875,8.375,-22.125,63,32.78369568563045,forward,20.023690860158737,100.0,
2026-08-05T08:38:18.056,604.859,gnss_navigation,35.918490283333334,139.90772738333334,26.599,0.6121888888888889,True,24,1,35.9184062,139.9079523,22.307932663978818,114.77880431436955,22.97,668.6895703125,75.1494140625,151.0,14.875,97.75,1.15,-13.64,-3.8,14.375,21.75,-9.9375,63,36.22119568563045,forward,42.243676549423455,97.75632345057655,
2026-08-05T08:38:18.557,605.359,gnss_navigation,35.918492883333336,139.90773808333333,26.619,0.7202222222222221,True,24,1,35.9184062,139.9079523,21.56455992970383,116.54949057104182,22.97,668.6895703125,75.1494140625,192.375,6.9375,101.75,0.65,-8.49,-1.92,32.0,89.3125,6.0,63,75.82550942895818,forward,0.0,100.0,
2026-08-05T08:38:19.057,605.860,gnss_navigation,35.918492883333336,139.90773808333333,26.619,0.7202222222222221,True,24,1,35.9184062,139.9079523,21.56455992970383,116.54949057104182,22.97,668.6895703125,75.1494140625,202.0625,7.875,96.25,1.79,-10.06,-2.78,23.0625,89.5,-13.125,63,85.51300942895818,forward,0.0,100.0,
2026-08-05T08:38:19.561,606.364,gnss_navigation,35.91849488333333,139.90774658333333,26.644,0.7202222222222221,True,24,1,35.9184062,139.9079523,20.98621669074485,118.02685912892957,22.97,668.6895703125,75.1494140625,298.5625,12.9375,127.8125,0.56,-9.32,-1.51,-49.375,85.0,67.3125,63,-179.46435912892957,forward,100.0,0.0,
2026-08-05T08:38:20.062,606.865,gnss_navigation,35.91849488333333,139.90774658333333,26.644,0.7202222222222221,True,24,1,35.9184062,139.9079523,20.98621669074485,118.02685912892957,22.97,668.6895703125,75.1494140625,308.25,11.25,129.1875,1.51,-10.11,-2.05,-28.375,67.6875,87.4375,63,-169.77685912892957,forward,100.0,0.0,
2026-08-05T08:38:20.562,607.365,gnss_navigation,35.918503,139.90775858333333,26.669,0.8436888888888888,True,23,1,35.9184062,139.9079523,20.49796154154425,121.67554035511034,22.97,668.6895703125,75.1494140625,305.1875,14.6875,101.5625,2.46,-11.62,-2.84,-47.4375,8.375,7.0,63,-176.48804035511034,forward,100.0,0.0,
2026-08-05T08:38:21.066,607.869,gnss_navigation,35.918503,139.90775858333333,26.669,0.8436888888888888,True,23,1,35.9184062,139.9079523,20.49796154154425,121.67554035511034,22.97,668.6895703125,75.1494140625,309.875,14.1875,107.5,0.67,-7.31,-1.18,-50.5,43.4375,31.125,63,-171.80054035511034,forward,100.0,0.0,
2026-08-05T08:38:21.567,608.369,gnss_navigation,35.918505483333334,139.9077608,26.686,0.32924444444444445,True,23,1,35.9184062,139.9079523,20.47590325043697,122.62646826641895,22.97,668.6895703125,75.1494140625,321.3125,10.875,104.5,0.47,-10.02,-1.88,61.3125,-32.9375,-61.875,63,-161.31396826641895,forward,100.0,0.0,
2026-08-05T08:38:22.067,608.870,gnss_navigation,35.918505483333334,139.9077608,26.686,0.32924444444444445,True,23,1,35.9184062,139.9079523,20.47590325043697,122.62646826641895,22.97,668.6895703125,75.1494140625,319.0,13.375,99.4375,0.4,-9.41,-1.95,52.3125,-17.6875,-36.1875,63,-163.62646826641895,forward,100.0,0.0,
2026-08-05T08:38:22.567,609.370,gnss_navigation,35.91850388333334,139.90775718333333,26.706,0.33953333333333335,True,23,1,35.9184062,139.9079523,20.656837920725053,121.7237715124889,22.97,668.6895703125,75.1494140625,303.9375,1.5,110.25,1.03,-8.56,-1.52,-41.625,18.0,2.5,63,-177.7862715124889,forward,100.0,0.0,
2026-08-05T08:38:23.068,609.871,gnss_navigation,35.91850388333334,139.90775718333333,26.706,0.33953333333333335,True,23,1,35.9184062,139.9079523,20.656837920725053,121.7237715124889,22.97,668.6895703125,75.1494140625,307.1875,2.5625,112.0625,0.88,-10.19,-2.19,-6.1875,5.9375,-24.5,63,-174.5362715124889,forward,100.0,0.0,
2026-08-05T08:38:23.568,610.371,gnss_navigation,35.91850028333333,139.90775138333333,26.716,0.22635555555555556,True,24,1,35.9184062,139.9079523,20.89966728872939,120.03716161421107,22.97,668.6895703125,75.1494140625,320.25,5.3125,109.25,1.27,-7.93,-1.96,-7.75,-19.125,2.1875,63,-159.78716161421107,forward,100.0,0.0,
2026-08-05T08:38:24.069,610.871,gnss_navigation,35.91850028333333,139.90775138333333,26.716,0.22635555555555556,True,24,1,35.9184062,139.9079523,20.89966728872939,120.03716161421107,22.97,668.6895703125,75.1494140625,319.0625,3.8125,110.0,1.64,-11.84,-3.19,-19.0625,28.1875,20.5625,63,-160.97466161421107,forward,100.0,0.0,
2026-08-05T08:38:24.570,611.373,gnss_navigation,35.918495283333336,139.90775188333333,26.738,0.40126666666666666,True,24,1,35.9184062,139.9079523,20.587501141799493,118.76028339641994,22.97,668.6895703125,75.1494140625,306.5625,15.8125,99.75,1.46,-10.1,-2.82,11.6875,24.25,41.375,63,-172.19778339641994,forward,100.0,0.0,
2026-08-05T08:38:25.073,611.876,gnss_navigation,35.918495283333336,139.90775188333333,26.738,0.40126666666666666,True,24,1,35.9184062,139.9079523,20.587501141799493,118.76028339641994,22.97,668.6895703125,75.1494140625,303.125,10.6875,100.6875,1.62,-7.91,-1.87,-17.6875,-9.0625,42.125,63,-175.63528339641994,forward,100.0,0.0,
2026-08-05T08:38:25.573,612.376,gnss_navigation,35.918489,139.90774828333332,26.753,0.6687777777777778,True,24,1,35.9184062,139.9079523,20.549903935454275,116.61719645506241,22.97,668.6895703125,75.1494140625,311.4375,14.5625,100.3125,1.25,-10.77,-3.13,19.1875,26.3125,-23.625,63,-165.1796964550624,forward,100.0,0.0,
2026-08-05T08:38:26.074,612.877,gnss_navigation,35.918489,139.90774828333332,26.753,0.6687777777777778,True,24,1,35.9184062,139.9079523,20.549903935454275,116.61719645506241,22.97,668.6895703125,75.1494140625,316.8125,16.6875,100.25,1.19,-7.8,-1.88,-34.0,35.8125,11.0625,63,-159.8046964550624,forward,100.0,0.0,
2026-08-05T08:38:26.574,613.377,gnss_navigation,35.91848338333333,139.90774968333332,26.764,0.6893555555555556,True,24,1,35.9184062,139.9079523,20.163626530637863,115.19096075612515,22.97,668.6895703125,75.1494140625,6.0625,8.125,110.625,1.18,-8.32,-2.43,41.0,75.9375,-0.8125,63,-109.12846075612515,forward,57.21250716404994,82.78749283595006,
2026-08-05T08:38:27.075,613.877,gnss_navigation,35.91848338333333,139.90774968333332,26.764,0.6893555555555556,True,24,1,35.9184062,139.9079523,20.163626530637863,115.19096075612515,22.97,668.6895703125,75.1494140625,20.9375,12.875,107.0,1.34,-9.34,-2.65,-19.375,61.8125,-15.0,63,-94.25346075612515,forward,100.0,0.0,
2026-08-05T08:38:27.575,614.378,gnss_navigation,35.918479383333334,139.9077489,26.773,0.4990111111111111,True,24,1,35.9184062,139.9079523,20.04281060210651,113.95448065615528,22.97,668.6895703125,75.1494140625,96.875,8.8125,113.875,1.13,-8.63,-1.85,7.125,91.375,16.375,63,-17.079480656155283,forward,0.0,100.0,
2026-08-05T08:38:28.075,614.878,gnss_navigation,35.918479383333334,139.9077489,26.773,0.4990111111111111,True,24,1,35.9184062,139.9079523,20.04281060210651,113.95448065615528,22.97,668.6895703125,75.1494140625,109.6875,11.6875,110.6875,1.27,-11.59,-2.96,-7.25,65.75,-15.4375,63,-4.266980656155283,forward,71.16526860490012,68.83473139509988,
2026-08-05T08:38:28.576,615.378,gnss_navigation,35.91847718333333,139.90774388333332,26.787,0.19034444444444445,True,24,1,35.9184062,139.9079523,20.36040414137601,112.8091354113194,22.97,668.6895703125,75.1494140625,147.8125,11.1875,115.75,1.87,-8.65,-2.41,-34.375,48.25,34.0625,63,35.0033645886806,forward,55.569834524924225,84.43016547507577,
2026-08-05T08:38:29.076,615.879,gnss_navigation,35.91847718333333,139.90774388333332,26.787,0.19034444444444445,True,24,1,35.9184062,139.9079523,20.36040414137601,112.8091354113194,22.97,668.6895703125,75.1494140625,159.75,4.4375,117.6875,1.53,-10.54,-2.2,-18.4375,89.8125,19.75,63,46.9408645886806,forward,25.669834524924227,100.0,
2026-08-05T08:38:29.576,616.379,gnss_navigation,35.9184763,139.90773718333332,26.791,0.7150777777777777,True,24,1,35.9184062,139.9079523,20.881011896209596,111.91887108343633,22.97,668.6895703125,75.1494140625,166.375,17.1875,93.8125,0.51,-8.57,-1.63,-5.125,-13.0,-5.4375,63,54.45612891656367,forward,37.09730832905552,100.0,
2026-08-05T08:38:30.077,616.880,gnss_navigation,35.9184763,139.90773718333332,26.791,0.7150777777777777,True,24,1,35.9184062,139.9079523,20.881011896209596,111.91887108343633,22.97,668.6895703125,75.1494140625,164.75,16.375,95.0,0.59,-9.62,-1.85,-9.25,-9.3125,9.125,63,52.83112891656367,forward,29.078558329055518,100.0,
2026-08-05T08:38:30.577,617.380,gnss_navigation,35.918475283333336,139.90773048333332,26.794,0.9825888888888888,True,24,1,35.9184062,139.9079523,21.401088950863894,111.0350737180209,22.97,668.6895703125,75.1494140625,181.5,5.0625,106.6875,1.33,-10.04,-2.43,25.75,27.3125,-10.125,63,70.4649262819791,forward,0.0,100.0,
2026-08-05T08:38:31.084,617.887,gnss_navigation,35.918475283333336,139.90773048333332,26.794,0.9825888888888888,True,24,1,35.9184062,139.9079523,21.401088950863894,111.0350737180209,22.97,668.6895703125,75.1494140625,182.375,5.375,105.875,1.14,-8.73,-2.22,26.875,23.5,-11.75,63,71.3399262819791,forward,10.510096866749059,100.0,
2026-08-05T08:38:31.585,618.388,gnss_navigation,35.918478783333335,139.9077216,26.805,0.9928777777777776,True,23,1,35.9184062,139.9079523,22.28756067548066,111.23073215184291,22.97,668.6895703125,75.1494140625,169.25,7.6875,103.4375,0.99,-9.11,-2.23,2.75,-39.9375,-23.6875,63,58.019267848157085,forward,57.13430897441671,82.86569102558329,
2026-08-05T08:38:32.088,618.891,gnss_navigation,35.918478783333335,139.9077216,26.805,0.9928777777777776,True,23,1,35.9184062,139.9079523,22.28756067548066,111.23073215184291,22.97,668.6895703125,75.1494140625,166.3125,9.6875,103.5,0.54,-8.07,-1.75,15.5625,-28.1875,-24.9375,63,55.081767848157085,forward,27.034308974416717,100.0,
2026-08-05T08:38:32.589,619.392,gnss_navigation,35.91848338333333,139.90770988333333,26.809,1.3272666666666666,True,23,1,35.9184062,139.9079523,23.45647042667429,111.46205021569222,22.97,668.6895703125,75.1494140625,151.875,9.5625,103.0625,1.13,-9.48,-2.35,-23.4375,19.8125,9.25,63,40.412949784307784,forward,46.39083572147433,93.60916427852567,
2026-08-05T08:38:33.089,619.892,gnss_navigation,35.91848338333333,139.90770988333333,26.809,1.3272666666666666,True,23,1,35.9184062,139.9079523,23.45647042667429,111.46205021569222,22.97,668.6895703125,75.1494140625,154.375,9.0,105.0,1.23,-9.37,-2.48,-25.0625,28.875,12.0,63,42.912949784307784,forward,34.68458572147433,100.0,
2026-08-05T08:38:33.589,620.392,gnss_navigation,35.9184823,139.90770948333332,26.824,0.7819555555555555,True,23,1,35.9184062,139.9079523,23.44625318264211,111.15588181977887,22.97,668.6895703125,75.1494140625,83.8125,-15.5,109.375,0.24,-9.22,-2.08,-8.5625,-140.5,-58.6875,63,-27.34338181977887,forward,40.40089017255377,99.59910982744623,
2026-08-05T08:38:34.091,620.894,gnss_navigation,35.9184823,139.90770948333332,26.824,0.7819555555555555,True,23,1,35.9184062,139.9079523,23.44625318264211,111.15588181977887,22.97,668.6895703125,75.1494140625,76.4375,-7.25,111.25,-0.43,-12.29,-2.6,-70.625,-54.1875,-134.125,63,-34.71838181977887,forward,97.96339017255377,42.03660982744623,
2026-08-05T08:38:34.591,621.394,gnss_navigation,35.91848018333334,139.90770748333333,26.832,0.5864666666666666,True,24,1,35.9184062,139.9079523,23.5309935920635,110.4631328318282,22.97,668.6895703125,75.1494140625,48.5625,6.375,94.6875,0.26,-10.29,-2.3,-15.6875,-30.75,17.9375,63,-61.900632831828204,forward,100.0,0.0,
2026-08-05T08:38:35.091,621.894,gnss_navigation,35.91848018333334,139.90770748333333,26.832,0.5864666666666666,True,24,1,35.9184062,139.9079523,23.5309935920635,110.4631328318282,22.97,668.6895703125,75.1494140625,42.6875,3.5,97.25,0.09,-9.49,-1.88,-11.6875,-22.75,25.5625,63,-67.7756328318282,forward,100.0,12.381544544176904,
2026-08-05T08:38:35.592,622.395,gnss_navigation,35.91847908333333,139.90770568333335,26.843,0.3446777777777778,True,24,1,35.9184062,139.9079523,23.64071647174264,110.0480507426098,22.97,668.6895703125,75.1494140625,41.875,-8.625,105.3125,-0.19,-8.71,-1.89,9.0625,24.75,7.125,63,-68.1730507426098,forward,100.0,4.879493734537434,
2026-08-05T08:38:36.092,622.895,gnss_navigation,35.91847908333333,139.90770568333335,26.843,0.3446777777777778,True,24,1,35.9184062,139.9079523,23.64071647174264,110.0480507426098,22.97,668.6895703125,75.1494140625,45.25,-7.8125,103.9375,-0.19,-8.68,-2.3,6.1875,14.125,-8.8125,63,-64.7980507426098,forward,100.0,19.360743734537436,
2026-08-05T08:38:36.593,623.396,gnss_navigation,35.9184793,139.9077,26.837,0.6173333333333334,True,24,1,35.9184062,139.9079523,24.130240151609947,109.68519686916557,22.97,668.6895703125,75.1494140625,118.3125,-3.5,107.3125,0.14,-10.14,-2.03,-14.8125,-32.5,-31.5625,63,8.627303130834434,forward,6.6696905940878395,100.0,
2026-08-05T08:38:37.094,623.897,gnss_navigation,35.9184793,139.9077,26.837,0.6173333333333334,True,24,1,35.9184062,139.9079523,24.130240151609947,109.68519686916557,22.97,668.6895703125,75.1494140625,117.6875,-0.1875,107.1875,0.14,-7.92,-1.56,21.125,-26.375,-44.875,63,8.002303130834434,forward,63.938440594087844,76.06155940591216,
2026-08-05T08:38:37.595,624.398,gnss_navigation,35.9184774,139.90769448333333,26.844,0.5864666666666666,True,24,1,35.9184062,139.9079523,24.529558734877426,108.82964336938448,22.97,668.6895703125,75.1494140625,110.625,4.75,100.5625,0.89,-8.33,-2.01,26.1875,6.1875,-8.875,63,1.7953566306155153,forward,99.40440749533245,40.59559250466755,
2026-08-05T08:38:38.095,624.898,gnss_navigation,35.9184774,139.90769448333333,26.844,0.5864666666666666,True,24,1,35.9184062,139.9079523,24.529558734877426,108.82964336938448,22.97,668.6895703125,75.1494140625,112.875,5.375,99.625,0.72,-7.13,-1.29,17.9375,14.5625,1.5625,63,4.045356630615515,forward,66.96065749533246,73.03934250466754,
2026-08-05T08:38:38.596,625.398,gnss_navigation,35.9184774,139.90768548333332,26.863,0.4218444444444444,True,24,1,35.9184062,139.9079523,25.29800050721551,108.23718894843785,22.97,668.6895703125,75.1494140625,114.25,1.75,105.125,1.16,-8.25,-1.99,8.125,-9.6875,-2.5625,63,6.012811051562153,forward,71.03246469550758,68.96753530449242,
2026-08-05T08:38:39.097,625.900,gnss_navigation,35.9184774,139.90768548333332,26.863,0.4218444444444444,True,24,1,35.9184062,139.9079523,25.29800050721551,108.23718894843785,22.97,668.6895703125,75.1494140625,115.125,2.375,105.0625,1.06,-9.65,-2.56,-3.4375,14.875,-4.625,63,6.887811051562153,forward,64.3824646955076,75.6175353044924,
2026-08-05T08:38:39.598,626.401,gnss_navigation,35.91847848333333,139.90767648333335,26.879,0.4218444444444444,True,24,1,35.9184062,139.9079523,26.105823375270447,107.93161724141743,22.97,668.6895703125,75.1494140625,128.0,3.4375,106.25,0.78,-9.29,-2.46,-10.375,8.5625,5.6875,63,20.068382758582572,forward,49.658501158750276,90.34149884124972,
2026-08-05T08:38:40.098,626.901,gnss_navigation,35.91847848333333,139.90767648333335,26.879,0.4218444444444444,True,24,1,35.9184062,139.9079523,26.105823375270447,107.93161724141743,22.97,668.6895703125,75.1494140625,129.3125,3.3125,107.125,0.79,-8.68,-2.32,-12.6875,11.0,4.3125,63,21.380882758582572,forward,52.76475115875027,87.23524884124973,
2026-08-05T08:38:40.599,627.402,gnss_navigation,35.91848138333334,139.9076637,26.863,0.5195888888888889,True,24,1,35.9184062,139.9079523,27.300386322925583,107.83167086760614,22.97,668.6895703125,75.1494140625,141.875,4.0,106.5625,0.77,-8.47,-2.44,-1.25,16.125,15.75,63,34.043329132393865,forward,33.051543793133945,100.0,
2026-08-05T08:38:41.099,627.902,gnss_navigation,35.91848138333334,139.9076637,26.863,0.5195888888888889,True,24,1,35.9184062,139.9079523,27.300386322925583,107.83167086760614,22.97,668.6895703125,75.1494140625,141.125,2.0625,107.25,1.24,-9.88,-2.95,-25.9375,-0.6875,27.0,63,33.293329132393865,forward,44.18279379313394,95.81720620686606,
2026-08-05T08:38:41.600,628.403,gnss_navigation,35.91848328333333,139.90765438333332,26.869,0.32924444444444445,True,24,1,35.9184062,139.9079523,28.16381242749346,107.71816215592202,22.97,668.6895703125,75.1494140625,168.75,12.25,104.0625,0.13,-10.33,-2.53,4.1875,-22.0625,-46.8125,63,61.031837844077984,forward,0.0,100.0,
2026-08-05T08:38:42.101,628.904,gnss_navigation,35.91848328333333,139.90765438333332,26.869,0.32924444444444445,True,24,1,35.9184062,139.9079523,28.16381242749346,107.71816215592202,22.97,668.6895703125,75.1494140625,168.375,13.5,103.25,0.09,-9.57,-2.68,-5.0,6.375,-4.5625,63,60.656837844077984,forward,21.040336694084907,100.0,
2026-08-05T08:38:42.601,629.404,gnss_navigation,35.9184847,139.90765038333333,26.892,0.24178888888888886,True,24,1,35.9184062,139.9079523,28.55490135222933,107.79928441926859,22.97,668.6895703125,75.1494140625,145.875,16.25,90.8125,0.77,-8.54,-2.51,60.625,11.25,-38.9375,63,38.07571558073141,forward,0.0,100.0,
2026-08-05T08:38:43.102,629.905,gnss_navigation,35.9184847,139.90765038333333,26.892,0.24178888888888886,True,24,1,35.9184062,139.9079523,28.55490135222933,107.79928441926859,22.97,668.6895703125,75.1494140625,148.625,18.4375,86.75,0.91,-7.09,-2.04,20.4375,18.5,-7.0625,63,40.82571558073141,forward,35.08702972473761,100.0,
2026-08-05T08:38:43.602,630.405,gnss_navigation,35.918484283333335,139.90765048333333,26.918,0.24178888888888886,True,24,1,35.9184062,139.9079523,28.53219454552573,107.7162274850948,22.97,668.6895703125,75.1494140625,136.1875,-4.625,111.0625,1.28,-8.97,-2.47,6.625,-63.8125,-49.3125,63,28.471272514905195,forward,50.220677535414865,89.77932246458514,
2026-08-05T08:38:44.103,630.905,gnss_navigation,35.918484283333335,139.90765048333333,26.918,0.24178888888888886,True,24,1,35.9184062,139.9079523,28.53219454552573,107.7162274850948,22.97,668.6895703125,75.1494140625,134.3125,1.625,109.5625,0.18,-9.99,-2.65,-2.6875,-74.0625,-109.5,63,26.596272514905195,forward,48.83942753541487,91.16057246458513,
2026-08-05T08:38:44.603,631.406,gnss_navigation,35.9184871,139.90764628333332,26.933,0.0926,True,24,1,35.9184062,139.9079523,28.988360580198734,108.07842960837286,22.97,668.6895703125,75.1494140625,103.4375,2.8125,92.625,0.09,-8.17,-1.49,37.1875,-55.625,19.8125,63,-4.640929608372858,forward,100.0,30.614518011924154,
2026-08-05T08:38:45.103,631.906,gnss_navigation,35.9184871,139.90764628333332,26.933,0.0926,True,24,1,35.9184062,139.9079523,28.988360580198734,108.07842960837286,22.97,668.6895703125,75.1494140625,95.4375,2.3125,89.3125,0.09,-6.47,-1.15,41.1875,-90.5,-9.375,63,-12.640929608372858,forward,85.11048198807585,54.88951801192415,
2026-08-05T08:38:45.605,632.408,gnss_navigation,35.91848828333333,139.90764458333334,26.95,0.06173333333333333,True,23,1,35.9184062,139.9079523,29.174825629168932,108.23078438751503,22.97,668.6895703125,75.1494140625,52.1875,-1.9375,95.625,-0.06,-8.45,-1.6,-24.8125,-15.6875,-15.6875,63,-56.04328438751503,forward,100.0,7.368506313301708,
2026-08-05T08:38:46.105,632.908,gnss_navigation,35.91848828333333,139.90764458333334,26.95,0.06173333333333333,True,23,1,35.9184062,139.9079523,29.174825629168932,108.23078438751503,22.97,668.6895703125,75.1494140625,52.4375,0.0,97.5,-0.13,-9.29,-1.56,0.8125,-9.1875,-18.625,63,-55.79328438751503,forward,100.0,25.699756313301712,
2026-08-05T08:38:46.608,633.411,gnss_navigation,35.91848818333333,139.90764438333332,26.952,0.0926,True,23,1,35.9184062,139.9079523,29.188457695382766,108.19899260410068,22.97,668.6895703125,75.1494140625,87.1875,-0.5,94.125,0.21,-9.47,-0.61,5.3125,30.5,11.8125,63,-21.01149260410068,forward,34.640877510012025,100.0,
2026-08-05T08:38:47.106,633.909,gnss_navigation,35.91848818333333,139.90764438333332,26.952,0.0926,True,23,1,35.9184062,139.9079523,29.188457695382766,108.19899260410068,22.97,668.6895703125,75.1494140625,89.0,-1.1875,93.5625,0.31,-8.67,-0.5,16.9375,8.3125,2.8125,63,-19.19899260410068,forward,84.75337751001203,55.24662248998798,
2026-08-05T08:38:47.607,634.410,gnss_navigation,35.918487283333334,139.90764438333332,26.951,0.16462222222222223,True,23,1,35.9184062,139.9079523,29.157357304876605,108.01217574793094,22.97,668.6895703125,75.1494140625,120.25,3.0625,83.875,1.19,-8.94,1.08,56.5,63.4375,-5.9375,63,12.23782425206906,forward,0.0,100.0,
2026-08-05T08:38:48.107,634.910,gnss_navigation,35.918487283333334,139.90764438333332,26.951,0.16462222222222223,True,23,1,35.9184062,139.9079523,29.157357304876605,108.01217574793094,22.97,668.6895703125,75.1494140625,126.1875,2.25,79.375,1.54,-8.23,1.96,41.8125,85.1875,1.875,63,18.17532425206906,forward,53.14044408328054,86.85955591671946,
2026-08-05T08:38:48.607,635.410,gnss_navigation,35.91848818333333,139.9076459,26.95,0.0926,True,23,1,35.9184062,139.9079523,29.058742899280432,108.2830989704517,22.97,668.6895703125,75.1494140625,132.375,-0.3125,29.4375,0.42,-5.58,4.87,109.3125,30.25,1.75,63,24.091901029548296,forward,90.04099059834475,49.95900940165525,
2026-08-05T08:38:49.108,635.911,gnss_navigation,35.91848818333333,139.9076459,26.95,0.0926,True,23,1,35.9184062,139.9079523,29.058742899280432,108.2830989704517,22.97,668.6895703125,75.1494140625,136.5,-0.9375,28.0625,0.17,-0.7,7.23,74.625,44.0625,-31.875,63,28.216901029548296,forward,44.434740598344746,95.56525940165525,
2026-08-05T08:38:49.608,636.411,gnss_navigation,35.918487983333335,139.90764698333334,26.951,0.23664444444444446,True,23,1,35.9184062,139.9079523,28.95913684690702,108.30187192337326,22.97,668.6895703125,75.1494140625,121.125,3.875,106.0625,1.63,-10.8,-1.93,328.4375,41.1875,-8.0625,63,12.823128076626745,forward,100.0,26.836020823638634,
2026-08-05T08:38:50.110,636.912,gnss_navigation,35.918487983333335,139.90764698333334,26.951,0.23664444444444446,True,23,1,35.9184062,139.9079523,28.95913684690702,108.30187192337326,22.97,668.6895703125,75.1494140625,122.1875,3.0625,70.5,0.13,-9.59,-1.83,367.9375,7.25,32.9375,63,13.885628076626745,forward,60.24522917636136,79.75477082363864,
2026-08-05T08:38:50.610,637.413,gnss_navigation,35.91848998333333,139.90764818333332,26.998,0.29837777777777774,True,24,1,35.9184062,139.9079523,28.92741515199769,108.78729061893927,22.97,668.6895703125,75.1494140625,133.75,-4.875,14.8125,-4.66,11.89,12.26,381.4375,-39.0625,-21.0625,63,24.962709381060733,forward,20.5352475386986,100.0,
2026-08-05T08:38:51.111,637.914,gnss_navigation,35.91848998333333,139.90764818333332,26.998,0.29837777777777774,True,24,1,35.9184062,139.9079523,28.92741515199769,108.78729061893927,22.97,668.6895703125,75.1494140625,136.6875,-3.5625,16.9375,-1.95,-0.29,8.28,-40.75,-23.0625,-31.0625,63,27.900209381060733,forward,45.2539975386986,94.7460024613014,
2026-08-05T08:38:51.612,638.415,gnss_navigation,35.91849238333333,139.90765008333332,26.995,0.19548888888888888,True,24,1,35.9184062,139.9079523,28.853020948538347,109.39843202111734,22.97,668.6895703125,75.1494140625,145.0,-4.4375,-2.375,0.84,-3.02,3.52,-44.0,34.625,5.0625,63,35.601567978882656,forward,42.75483249515141,97.24516750484858,
2026-08-05T08:38:52.112,638.915,gnss_navigation,35.91849238333333,139.90765008333332,26.995,0.19548888888888888,True,24,1,35.9184062,139.9079523,28.853020948538347,109.39843202111734,22.97,668.6895703125,75.1494140625,143.8125,-4.75,-4.5625,2.19,-0.33,8.44,-18.4375,70.5,3.125,63,34.414067978882656,forward,42.242332495151416,97.75766750484858,
2026-08-05T08:38:52.613,639.416,gnss_navigation,35.91849358333333,139.90765178333334,26.995,0.19548888888888888,True,24,1,35.9184062,139.9079523,28.753485048487033,109.75054710090393,22.97,668.6895703125,75.1494140625,154.625,-4.5625,-55.4375,-0.45,7.18,4.83,46.6875,3.25,12.875,63,44.87445289909607,forward,8.662495616893871,100.0,
2026-08-05T08:38:53.113,639.916,gnss_navigation,35.91849358333333,139.90765178333334,26.995,0.19548888888888888,True,24,1,35.9184062,139.9079523,28.753485048487033,109.75054710090393,22.97,668.6895703125,75.1494140625,155.0625,-2.125,-61.3125,-0.11,8.12,3.97,57.5625,-36.0,20.5625,63,45.31195289909607,forward,32.837495616893875,100.0,
2026-08-05T08:38:53.613,640.416,gnss_navigation,35.91849488333333,139.90765078333334,26.978,0.3138111111111111,True,24,1,35.9184062,139.9079523,28.887280437300863,109.96003448798791,22.97,668.6895703125,75.1494140625,168.125,-8.625,-44.4375,-1.37,5.8,7.35,-39.25,-23.625,-25.3125,63,58.16496551201209,forward,0.0,100.0,
2026-08-05T08:38:54.114,640.917,gnss_navigation,35.91849488333333,139.90765078333334,26.978,0.3138111111111111,True,24,1,35.9184062,139.9079523,28.887280437300863,109.96003448798791,22.97,668.6895703125,75.1494140625,170.125,-8.75,-41.5,-1.66,4.97,7.59,8.1875,-12.4375,-0.0625,63,60.16496551201209,forward,21.437937680723138,100.0,
2026-08-05T08:38:54.614,641.417,gnss_navigation,35.9184853,139.90766278333334,27.158,0.07716666666666668,True,24,1,35.9184062,139.9079523,27.51508593765224,108.64238126811983,22.97,668.6895703125,75.1494140625,172.0625,-6.8125,-46.125,-1.06,7.16,6.62,-1.0,-11.25,-2.0625,63,63.420118731880166,forward,18.493027590390327,100.0,
2026-08-05T08:38:55.114,641.917,gnss_navigation,35.9184853,139.90766278333334,27.158,0.07716666666666668,True,24,1,35.9184062,139.9079523,27.51508593765224,108.64238126811983,22.97,668.6895703125,75.1494140625,172.5625,-7.375,-45.6875,-1.07,6.09,6.37,-14.9375,13.0625,-7.875,63,63.920118731880166,forward,19.761777590390324,100.0,
2026-08-05T08:38:55.615,642.418,gnss_navigation,35.91848218333333,139.90767158333333,27.334,0.06173333333333333,True,24,1,35.9184062,139.9079523,26.65353615880364,108.48103644282025,22.97,668.6895703125,75.1494140625,172.375,-5.5625,-36.0625,-0.76,5.88,7.85,-9.125,12.5625,-5.3125,63,63.893963557179745,forward,22.032655014495866,100.0,
2026-08-05T08:38:56.115,642.918,gnss_navigation,35.91848218333333,139.90767158333333,27.334,0.06173333333333333,True,24,1,35.9184062,139.9079523,26.65353615880364,108.48103644282025,22.97,668.6895703125,75.1494140625,172.75,-6.5,-34.75,-1.15,5.78,7.74,-15.9375,1.4375,-6.0625,63,64.26896355717975,stopped,0.0,0.0,
2026-08-05T08:38:56.616,643.419,gnss_navigation,35.91848148333333,139.90767618333334,27.412,0.041155555555555556,True,25,1,35.9184062,139.9079523,26.236051641297898,108.60658249333244,22.97,668.6895703125,75.1494140625,166.625,6.9375,-35.375,1.8,5.29,8.23,8.4375,33.5625,5.8125,63,58.01841750666756,stopped,0.0,0.0,
2026-08-05T08:38:57.116,643.919,gnss_navigation,35.91848148333333,139.90767618333334,27.412,0.041155555555555556,True,25,1,35.9184062,139.9079523,26.236051641297898,108.60658249333244,22.97,668.6895703125,75.1494140625,166.125,5.8125,-38.0625,1.35,6.12,7.16,26.5625,-7.0,8.5625,63,57.51841750666756,forward,24.19151599466595,100.0,
2026-08-05T08:38:57.616,644.419,gnss_navigation,35.918481283333335,139.90767998333334,27.527,0.05658888888888889,True,25,1,35.9184062,139.9079523,25.904796047768645,108.80145898732184,22.97,668.6895703125,75.1494140625,154.5625,12.0625,-48.5625,2.77,4.19,5.65,-70.25,-32.875,16.25,63,45.76104101267816,forward,33.59776599466595,100.0,
2026-08-05T08:38:58.117,644.920,gnss_navigation,35.918481283333335,139.90767998333334,27.527,0.05658888888888889,True,25,1,35.9184062,139.9079523,25.904796047768645,108.80145898732184,22.97,668.6895703125,75.1494140625,155.1875,10.5625,-45.75,2.29,6.45,6.46,-40.0,53.1875,-16.75,63,46.38604101267816,forward,32.78491718985747,100.0,
2026-08-05T08:38:58.617,645.420,gnss_navigation,35.91848138333334,139.90768008333333,27.532,0.030866666666666664,True,25,1,35.9184062,139.9079523,25.899858585323148,108.83116548954393,22.97,668.6895703125,75.1494140625,165.0625,14.5,-36.5,2.0,5.24,7.38,23.5625,-4.375,16.375,63,56.231334510456065,forward,18.48491718985747,100.0,
2026-08-05T08:38:59.118,645.920,gnss_navigation,35.91848138333334,139.90768008333333,27.532,0.030866666666666664,True,25,1,35.9184062,139.9079523,25.899858585323148,108.83116548954393,22.97,668.6895703125,75.1494140625,162.875,16.9375,-39.0625,2.78,4.45,6.27,-3.625,22.625,6.5625,63,54.043834510456065,forward,27.446182391635148,100.0,
2026-08-05T08:38:59.618,646.421,gnss_navigation,35.91848148333333,139.90768018333333,27.534,0.12346666666666666,True,25,1,35.9184062,139.9079523,25.89492808761294,108.86088331371144,22.97,668.6895703125,75.1494140625,155.625,12.25,-30.875,1.8,4.53,8.38,-6.375,36.375,2.0625,63,46.76411668628856,forward,36.158682391635146,100.0,
2026-08-05T08:39:00.118,646.921,gnss_navigation,35.91848148333333,139.90768018333333,27.534,0.12346666666666666,True,25,1,35.9184062,139.9079523,25.89492808761294,108.86088331371144,22.97,668.6895703125,75.1494140625,155.8125,10.6875,-30.125,1.62,4.77,8.71,11.875,-0.4375,-4.25,63,46.95161668628856,forward,31.96370665096915,100.0,
2026-08-05T08:39:00.619,647.422,gnss_navigation,35.91848138333334,139.9076804,27.53,0.20063333333333333,True,25,1,35.9184062,139.9079523,25.87287028735841,108.85154917048936,22.97,668.6895703125,75.1494140625,155.3125,12.8125,-36.0,2.26,5.79,7.55,17.125,-13.6875,-0.9375,63,46.46095082951064,forward,36.43245665096915,100.0,
2026-08-05T08:39:01.119,647.922,gnss_navigation,35.91848138333334,139.9076804,27.53,0.20063333333333333,True,25,1,35.9184062,139.9079523,25.87287028735841,108.85154917048936,22.97,668.6895703125,75.1494140625,154.75,12.6875,-36.5625,2.05,6.72,8.52,-3.375,20.375,6.6875,63,45.89845082951064,forward,33.476653978336294,100.0,
2026-08-05T08:39:01.619,648.422,gnss_navigation,35.91848158333333,139.90768108333333,27.529,0.2880888888888889,True,25,1,35.9184062,139.9079523,25.8218541573553,108.94236675510422,22.97,668.6895703125,75.1494140625,159.0,13.4375,-39.5625,2.11,5.65,7.05,-7.1875,-1.4375,13.25,63,50.05763324489578,forward,41.43748933639149,98.56251066360852,
2026-08-05T08:39:02.120,648.923,gnss_navigation,35.91848158333333,139.90768108333333,27.529,0.2880888888888889,True,25,1,35.9184062,139.9079523,25.8218541573553,108.94236675510422,22.97,668.6895703125,75.1494140625,149.8125,14.625,-38.9375,2.66,2.24,6.8,2.5,-10.125,8.625,63,40.87013324489578,forward,38.262187365620505,100.0,
2026-08-05T08:39:02.620,649.423,gnss_navigation,35.918481983333336,139.9076837,27.528,0.1028888888888889,True,25,1,35.9184062,139.9079523,25.61369279979747,109.207579149901,22.97,668.6895703125,75.1494140625,145.125,6.6875,-41.5,1.45,6.87,6.24,-18.6875,-63.6875,-3.125,63,35.917420850099006,forward,45.63514340408337,94.36485659591662,
2026-08-05T08:39:03.125,649.927,gnss_navigation,35.918481983333336,139.9076837,27.528,0.1028888888888889,True,25,1,35.9184062,139.9079523,25.61369279979747,109.207579149901,22.97,668.6895703125,75.1494140625,148.25,12.875,-40.3125,1.49,8.41,6.72,-18.9375,-63.4375,9.6875,63,39.042420850099006,stopped,0.0,0.0,
2026-08-05T08:39:03.625,650.428,gnss_navigation,35.918481883333335,139.9076838,27.524,0.06687777777777779,True,24,1,35.9184062,139.9079523,25.6015318331,109.1907095544833,22.97,668.6895703125,75.1494140625,145.3125,-19.5,118.25,-4.62,-15.08,-1.85,19.4375,21.0625,51.75,63,36.121790445516694,reverse,-100.0,-100.0,
2026-08-05T08:39:04.125,650.928,gnss_navigation,35.918481883333335,139.9076838,27.524,0.06687777777777779,True,24,1,35.9184062,139.9079523,25.6015318331,109.1907095544833,22.97,668.6895703125,75.1494140625,151.8125,-19.3125,108.9375,-4.67,-9.16,-1.36,45.25,-13.5,-99.875,63,42.621790445516694,reverse,-100.0,-100.0,
2026-08-05T08:39:04.626,651.429,gnss_navigation,35.918481783333334,139.9076837,27.526,0.06687777777777779,True,24,1,35.9184062,139.9079523,25.606384973038534,109.16058817176497,22.97,668.6895703125,75.1494140625,158.0625,-0.8125,87.1875,-0.31,-10.67,1.11,34.875,-6.4375,2.5,63,48.90191182823503,turn_right,5.0,-5.0,
2026-08-05T08:39:05.126,651.929,gnss_navigation,35.918481783333334,139.9076837,27.526,0.06687777777777779,True,24,1,35.9184062,139.9079523,25.606384973038534,109.16058817176497,22.97,668.6895703125,75.1494140625,155.375,-2.125,84.1875,-0.46,-7.26,2.78,29.3125,-44.1875,-1.5,63,46.21441182823503,turn_right,25.0,-25.0,
2026-08-05T08:39:05.626,652.429,gnss_navigation,35.918481783333334,139.90768358333332,27.524,0.14404444444444445,True,25,1,35.9184062,139.9079523,25.616309205103658,109.15287543172826,22.97,668.6895703125,75.1494140625,137.875,-4.25,89.0625,-1.32,-10.88,1.37,40.0,-24.6875,-49.6875,63,28.722124568271738,turn_right,100.0,-100.0,
2026-08-05T08:39:06.127,652.930,gnss_navigation,35.918481783333334,139.90768358333332,27.524,0.14404444444444445,True,25,1,35.9184062,139.9079523,25.616309205103658,109.15287543172826,22.97,668.6895703125,75.1494140625,140.6875,3.1875,82.375,1.1,-10.71,0.2,58.3125,18.5625,-2.6875,63,31.534624568271738,turn_right,100.0,-100.0,
2026-08-05T08:39:06.627,653.430,gnss_navigation,35.9184817,139.9076833,27.525,0.08231111111111111,True,25,1,35.9184062,139.9079523,25.637377029464105,109.11460473806017,22.97,668.6895703125,75.1494140625,141.8125,1.9375,81.0,0.0,-9.5,1.55,-2.875,7.0625,2.25,63,32.697895261939834,turn_right,100.0,-100.0,
2026-08-05T08:39:07.128,653.931,gnss_navigation,35.9184817,139.9076833,27.525,0.08231111111111111,True,25,1,35.9184062,139.9079523,25.637377029464105,109.11460473806017,22.97,668.6895703125,75.1494140625,141.375,0.5,81.25,-0.13,-10.94,0.66,-6.375,9.875,12.625,63,32.260395261939834,turn_right,100.0,-100.0,
2026-08-05T08:39:07.629,654.431,gnss_navigation,35.9184817,139.90768318333335,27.528,0.07202222222222222,True,25,1,35.9184062,139.9079523,25.64730402201029,109.10691911612383,22.97,668.6895703125,75.1494140625,142.0625,-3.3125,77.125,-1.04,-8.4,1.43,197.3125,-11.4375,-25.375,63,32.955580883876166,turn_right,100.0,-100.0,
2026-08-05T08:39:08.129,654.932,gnss_navigation,35.9184817,139.90768318333335,27.528,0.07202222222222222,True,25,1,35.9184062,139.9079523,25.64730402201029,109.10691911612383,22.97,668.6895703125,75.1494140625,147.75,-0.125,49.3125,-0.54,-4.55,2.87,171.625,49.0625,-48.4375,63,38.643080883876166,turn_right,100.0,-100.0,
2026-08-05T08:39:08.629,655.432,gnss_navigation,35.91848218333333,139.90768258333333,27.536,0.0463,True,25,1,35.9184062,139.9079523,25.715971819812168,109.18066049570734,22.97,668.6895703125,75.1494140625,249.4375,-0.625,103.25,-1.84,2.23,1.36,-99.0625,156.0,42.0625,63,140.25683950429266,turn_right,100.0,-100.0,
2026-08-05T08:39:09.130,655.933,gnss_navigation,35.91848218333333,139.90768258333333,27.536,0.0463,True,25,1,35.9184062,139.9079523,25.715971819812168,109.18066049570734,22.97,668.6895703125,75.1494140625,271.25,0.875,108.375,-3.56,-18.88,1.72,200.375,313.8125,86.5625,63,162.06933950429266,turn_right,100.0,-100.0,
2026-08-05T08:39:09.630,656.433,gnss_navigation,35.918482483333335,139.90768268333332,27.536,0.3035222222222222,True,25,1,35.9184062,139.9079523,25.718449522207475,109.25744262318705,22.97,668.6895703125,75.1494140625,181.875,-7.125,70.4375,-0.94,-9.36,3.89,21.625,-119.75,-3.125,63,72.61755737681295,turn_right,100.0,-100.0,
2026-08-05T08:39:10.130,656.933,gnss_navigation,35.918482483333335,139.90768268333332,27.536,0.3035222222222222,True,25,1,35.9184062,139.9079523,25.718449522207475,109.25744262318705,22.97,668.6895703125,75.1494140625,173.4375,-2.9375,62.875,-0.83,-6.76,3.36,59.3125,-110.5625,8.4375,63,64.18005737681295,turn_right,100.0,-100.0,
2026-08-05T08:39:10.631,657.434,gnss_navigation,35.91848018333334,139.90768928333333,27.524,0.08231111111111111,True,24,1,35.9184062,139.9079523,25.073057238441624,109.15366149947215,22.97,668.6895703125,75.1494140625,167.875,-4.8125,91.3125,-0.85,-8.94,0.02,7.0625,-13.125,-18.875,63,58.72133850052785,turn_right,100.0,-100.0,
2026-08-05T08:39:11.131,657.934,gnss_navigation,35.91848018333334,139.90768928333333,27.524,0.08231111111111111,True,24,1,35.9184062,139.9079523,25.073057238441624,109.15366149947215,22.97,668.6895703125,75.1494140625,168.5,-1.4375,90.8125,-0.62,-9.36,-0.27,-0.9375,-29.75,-39.0,63,59.34633850052785,turn_right,100.0,-100.0,
2026-08-05T08:39:11.632,658.435,gnss_navigation,35.91847908333333,139.90769218333332,27.544,0.06687777777777779,True,23,1,35.9184062,139.9079523,24.786250907456402,109.08464004398485,22.97,668.6895703125,75.1494140625,160.875,-1.6875,97.3125,-0.79,-10.35,-0.58,22.3125,-18.125,-1.9375,63,51.79035995601515,turn_right,100.0,-100.0,
2026-08-05T08:39:12.136,658.939,gnss_navigation,35.91847908333333,139.90769218333332,27.544,0.06687777777777779,True,23,1,35.9184062,139.9079523,24.786250907456402,109.08464004398485,22.97,668.6895703125,75.1494140625,158.0625,-2.875,94.125,-0.18,-9.89,-0.91,25.1875,-2.5625,19.25,63,48.97785995601515,turn_right,100.0,-100.0,
2026-08-05T08:39:12.636,659.439,gnss_navigation,35.91848028333333,139.90769638333333,27.58,0.06687777777777779,True,22,1,35.9184062,139.9079523,24.47372537599049,109.66937687505913,22.97,668.6895703125,75.1494140625,171.5625,3.5625,96.8125,0.15,-9.77,-0.91,5.1875,-31.75,0.3125,63,61.89312312494087,turn_right,100.0,-100.0,
2026-08-05T08:39:13.137,659.940,gnss_navigation,35.91848028333333,139.90769638333333,27.58,0.06687777777777779,True,22,1,35.9184062,139.9079523,24.47372537599049,109.66937687505913,22.97,668.6895703125,75.1494140625,168.6875,2.6875,95.6875,0.42,-10.01,-0.58,27.3125,-5.4375,15.0,63,59.01812312494087,turn_right,100.0,-100.0,
2026-08-05T08:39:13.637,660.440,gnss_navigation,35.918480083333336,139.90769888333332,27.589,0.06687777777777779,True,23,1,35.9184062,139.9079523,24.254309314607326,109.79891519712879,22.97,668.6895703125,75.1494140625,163.75,-0.8125,93.5625,-0.22,-9.9,-0.63,12.0,7.125,-3.375,63,53.95108480287121,turn_right,100.0,-100.0,
2026-08-05T08:39:14.138,660.940,gnss_navigation,35.918480083333336,139.90769888333332,27.589,0.06687777777777779,True,23,1,35.9184062,139.9079523,24.254309314607326,109.79891519712879,22.97,668.6895703125,75.1494140625,163.875,-0.9375,92.9375,-0.27,-9.85,-0.52,2.3125,-3.3125,1.9375,63,54.07608480287121,turn_right,100.0,-100.0,
2026-08-05T08:39:14.638,661.441,gnss_navigation,35.918479483333336,139.90769898333335,27.594,0.0926,True,23,1,35.9184062,139.9079523,24.223311733257074,109.65765159157422,22.97,668.6895703125,75.1494140625,161.125,-1.9375,92.1875,-0.49,-9.49,-0.55,0.5625,-0.875,-1.6875,63,51.46734840842578,reverse,-5.0,-5.0,
2026-08-05T08:39:15.138,661.941,gnss_navigation,35.918479483333336,139.90769898333335,27.594,0.0926,True,23,1,35.9184062,139.9079523,24.223311733257074,109.65765159157422,22.97,668.6895703125,75.1494140625,161.1875,-1.8125,92.375,-0.35,-9.33,-0.32,2.375,1.0,-1.1875,63,51.52984840842578,reverse,-20.0,-20.0,
2026-08-05T08:39:15.639,662.442,gnss_navigation,35.9184787,139.90769888333332,27.598,0.05144444444444445,True,22,1,35.9184062,139.9079523,24.20264022980407,109.45629588165417,22.97,668.6895703125,75.1494140625,160.375,-2.3125,91.75,-0.37,-9.63,-0.6,10.6875,-0.6875,-1.3125,63,50.91870411834583,reverse,-100.0,-100.0,
2026-08-05T08:39:16.139,662.942,gnss_navigation,35.9184787,139.90769888333332,27.598,0.05144444444444445,True,22,1,35.9184062,139.9079523,24.20264022980407,109.45629588165417,22.97,668.6895703125,75.1494140625,160.25,-2.25,91.5,-0.31,-6.09,1.21,4.875,-3.3125,0.0625,63,50.79370411834583,reverse,-100.0,-100.0,
2026-08-05T08:39:16.640,663.442,gnss_navigation,35.918478283333336,139.90769868333334,27.603,0.15947777777777777,True,22,1,35.9184062,139.9079523,24.20424069690602,109.33868350294148,22.97,668.6895703125,75.1494140625,158.1875,-2.0,91.375,-0.15,-9.53,-0.29,-12.6875,9.5,-2.0,63,48.84881649705852,turn_right,5.0,-5.0,
2026-08-05T08:39:17.140,663.943,gnss_navigation,35.918478283333336,139.90769868333334,27.603,0.15947777777777777,True,22,1,35.9184062,139.9079523,24.20424069690602,109.33868350294148,22.97,668.6895703125,75.1494140625,160.0625,-1.1875,93.4375,-0.25,-12.41,-1.32,-20.875,5.25,-9.5,63,50.72381649705852,turn_right,25.0,-25.0,
2026-08-05T08:39:17.640,664.443,gnss_navigation,35.9184792,139.90769728333333,27.6,0.20063333333333333,True,22,1,35.9184062,139.9079523,24.357014141171796,109.4667170528499,22.97,668.6895703125,75.1494140625,160.5625,-0.5625,93.5,-0.19,-9.71,-0.59,6.5,0.125,2.4375,63,51.0957829471501,turn_right,100.0,-100.0,
2026-08-05T08:39:18.141,664.943,gnss_navigation,35.9184792,139.90769728333333,27.6,0.20063333333333333,True,22,1,35.9184062,139.9079523,24.357014141171796,109.4667170528499,22.97,668.6895703125,75.1494140625,160.375,-0.75,92.9375,-0.1,-9.69,-0.59,5.375,-0.75,0.6875,63,50.9082829471501,turn_right,100.0,-100.0,
2026-08-05T08:39:18.641,665.444,gnss_navigation,35.918479483333336,139.90769508333332,27.601,0.31895555555555555,True,22,1,35.9184062,139.9079523,24.554328584434646,109.38196831882942,22.97,668.6895703125,75.1494140625,160.25,-0.8125,93.75,-0.12,-10.11,-0.63,6.8125,-0.875,1.5,63,50.86803168117058,turn_right,100.0,-100.0,
2026-08-05T08:39:19.141,665.944,gnss_navigation,35.918479483333336,139.90769508333332,27.601,0.31895555555555555,True,22,1,35.9184062,139.9079523,24.554328584434646,109.38196831882942,22.97,668.6895703125,75.1494140625,160.3125,-0.75,92.875,-0.18,-9.67,-0.61,9.0,2.875,-4.3125,63,50.93053168117058,turn_right,100.0,-100.0,
2026-08-05T08:39:19.642,666.445,gnss_navigation,35.9184799,139.90769498333333,27.634,0.17491111111111113,True,22,1,35.9184062,139.9079523,24.578232787960026,109.47688614648155,22.97,668.6895703125,75.1494140625,161.1875,-0.0625,92.1875,0.16,-9.78,-0.52,3.875,4.3125,-1.9375,63,51.71061385351845,turn_right,100.0,-100.0,
2026-08-05T08:39:20.142,666.945,gnss_navigation,35.9184799,139.90769498333333,27.634,0.17491111111111113,True,22,1,35.9184062,139.9079523,24.578232787960026,109.47688614648155,22.97,668.6895703125,75.1494140625,161.5625,0.0625,92.4375,0.38,-10.16,-0.48,-4.5625,-2.8125,-0.5625,63,52.08561385351845,turn_right,100.0,-100.0,
2026-08-05T08:39:20.643,667.446,gnss_navigation,35.918481783333334,139.90769688333333,27.662,0.16462222222222223,True,22,1,35.9184062,139.9079523,24.488073418276407,110.07232026406206,22.97,668.6895703125,75.1494140625,161.75,0.6875,91.5,0.23,-9.85,-0.39,-3.6875,2.125,-4.5,63,51.67767973593794,turn_right,100.0,-100.0,
2026-08-05T08:39:21.143,667.946,gnss_navigation,35.918481783333334,139.90769688333333,27.662,0.16462222222222223,True,22,1,35.9184062,139.9079523,24.488073418276407,110.07232026406206,22.97,668.6895703125,75.1494140625,163.1875,1.1875,91.6875,0.0,-8.48,-0.25,-0.25,9.1875,-3.5,63,53.11517973593794,turn_right,100.0,-100.0,
2026-08-05T08:39:21.643,668.446,gnss_navigation,35.9184853,139.90770008333334,27.683,0.14404444444444445,True,21,1,35.9184062,139.9079523,24.356079349531097,111.16905048627234,22.97,668.6895703125,75.1494140625,165.125,0.375,91.25,0.14,-10.18,-0.4,14.625,3.8125,-7.875,63,53.95594951372766,turn_right,100.0,-100.0,
2026-08-05T08:39:22.144,668.947,gnss_navigation,35.9184853,139.90770008333334,27.683,0.14404444444444445,True,21,1,35.9184062,139.9079523,24.356079349531097,111.16905048627234,22.97,668.6895703125,75.1494140625,166.375,1.4375,90.875,-0.22,-9.57,-0.02,-20.8125,1.0,-5.1875,63,55.20594951372766,turn_right,100.0,-100.0,
2026-08-05T08:39:22.644,669.447,gnss_navigation,35.918487383333336,139.9077029,27.714,0.12346666666666666,True,21,1,35.9184062,139.9079523,24.205161262769433,111.89723630365404,22.97,668.6895703125,75.1494140625,154.0,-0.125,88.9375,-0.07,-9.92,-0.69,-102.0625,33.4375,8.0,63,42.10276369634596,turn_right,100.0,-100.0,
2026-08-05T08:39:23.145,669.947,gnss_navigation,35.918487383333336,139.9077029,27.714,0.12346666666666666,True,21,1,35.9184062,139.9079523,24.205161262769433,111.89723630365404,22.97,668.6895703125,75.1494140625,156.8125,-0.9375,99.125,-0.2,-10.33,-0.79,-51.3125,20.8125,10.9375,63,44.91526369634596,turn_right,100.0,-100.0,
2026-08-05T08:39:23.645,670.448,gnss_navigation,35.91848818333333,139.90770258333333,27.715,0.06173333333333333,True,21,1,35.9184062,139.9079523,24.264902266093294,112.06701860334817,22.97,668.6895703125,75.1494140625,141.4375,2.5,94.25,0.68,-9.87,-0.68,-157.75,20.8125,30.5,63,29.370481396651826,turn_right,100.0,-100.0,
2026-08-05T08:39:24.145,670.948,gnss_navigation,35.91848818333333,139.90770258333333,27.715,0.06173333333333333,True,21,1,35.9184062,139.9079523,24.264902266093294,112.06701860334817,22.97,668.6895703125,75.1494140625,146.125,1.5625,106.3125,-0.24,-9.99,-0.74,7.4375,47.8125,5.8125,63,34.057981396651826,turn_right,100.0,-100.0,
2026-08-05T08:39:24.646,671.449,gnss_navigation,35.918489,139.90770308333333,27.721,0.18005555555555552,True,23,1,35.9184062,139.9079523,24.257501638203266,112.30575153550114,22.97,668.6895703125,75.1494140625,134.9375,13.125,96.8125,0.96,-10.66,-0.62,11.1875,-34.875,-0.75,63,22.631748464498855,turn_right,100.0,-100.0,
2026-08-05T08:39:25.146,671.949,gnss_navigation,35.918489,139.90770308333333,27.721,0.18005555555555552,True,23,1,35.9184062,139.9079523,24.257501638203266,112.30575153550114,22.97,668.6895703125,75.1494140625,133.0625,5.5,92.5625,0.8,-9.01,-0.93,40.0,0.125,-0.875,63,20.756748464498855,turn_right,100.0,-100.0,
2026-08-05T08:39:25.663,672.465,gnss_navigation,35.91848948333333,139.90770508333333,27.715,0.015433333333333332,True,23,1,35.9184062,139.9079523,24.11156320175577,112.58634599487266,22.97,668.6895703125,75.1494140625,133.0625,14.6875,93.875,0.82,-9.04,-0.66,6.375,-12.875,-1.5625,63,20.47615400512734,turn_right,100.0,-100.0,
2026-08-05T08:39:26.163,672.966,gnss_navigation,35.91848948333333,139.90770508333333,27.715,0.015433333333333332,True,23,1,35.9184062,139.9079523,24.11156320175577,112.58634599487266,22.97,668.6895703125,75.1494140625,131.625,6.375,94.75,1.16,-9.53,-1.18,-20.1875,-3.125,7.375,63,19.03865400512734,turn_right,100.0,-100.0,
2026-08-05T08:39:26.669,673.471,gnss_navigation,35.9184896,139.90770538333334,27.717,0.06687777777777779,True,23,1,35.9184062,139.9079523,24.09161267522908,112.6395088223058,22.97,668.6895703125,75.1494140625,133.875,6.6875,95.0,0.84,-9.82,-0.71,4.5,-6.5,-2.875,63,21.2354911776942,reverse,-5.0,-5.0,
2026-08-05T08:39:27.169,673.972,gnss_navigation,35.9184896,139.90770538333334,27.717,0.06687777777777779,True,23,1,35.9184062,139.9079523,24.09161267522908,112.6395088223058,22.97,668.6895703125,75.1494140625,132.5625,6.4375,95.3125,0.85,-9.16,-0.12,19.1875,-11.0625,10.4375,63,19.9229911776942,reverse,-25.0,-25.0,
2026-08-05T08:39:27.669,674.472,gnss_navigation,35.9184896,139.90770468333332,27.702,0.07716666666666668,True,23,1,35.9184062,139.9079523,24.149803657921645,112.5819403227685,22.97,668.6895703125,75.1494140625,127.25,6.625,91.5625,0.7,-8.35,-0.15,15.375,-1.125,-5.0,63,14.668059677231497,reverse,-100.0,-100.0,
2026-08-05T08:39:28.170,674.973,gnss_navigation,35.9184896,139.90770468333332,27.702,0.07716666666666668,True,23,1,35.9184062,139.9079523,24.149803657921645,112.5819403227685,22.97,668.6895703125,75.1494140625,125.75,6.5625,90.6875,0.85,-9.48,-0.32,4.125,-20.5625,0.0,63,13.168059677231497,reverse,-100.0,-100.0,
2026-08-05T08:39:28.670,675.473,gnss_navigation,35.91848888333333,139.90770488333334,27.691,0.0926,True,23,1,35.9184062,139.9079523,24.102665190986123,112.42346964591479,22.97,668.6895703125,75.1494140625,122.6875,5.125,89.1875,0.51,-8.98,0.03,0.8125,9.5,0.5,63,10.264030354085207,turn_right,70.0,-70.0,
2026-08-05T08:39:29.171,675.974,gnss_navigation,35.91848888333333,139.90770488333334,27.691,0.0926,True,23,1,35.9184062,139.9079523,24.102665190986123,112.42346964591479,22.97,668.6895703125,75.1494140625,122.3125,5.0625,90.3125,0.67,-9.61,0.19,-8.25,-11.8125,-3.3125,63,9.889030354085207,turn_right,85.0,-85.0,
2026-08-05T08:39:29.673,676.476,gnss_navigation,35.918489183333335,139.90770588333334,27.696,0.05144444444444445,True,24,1,35.9184062,139.9079523,24.032235487957877,112.57888248617076,22.97,668.6895703125,75.1494140625,121.6875,5.5,91.4375,0.98,-9.61,-0.32,-4.0,0.9375,-1.375,63,9.108617513829245,turn_right,100.0,-100.0,
2026-08-05T08:39:30.174,676.977,gnss_navigation,35.918489183333335,139.90770588333334,27.696,0.05144444444444445,True,24,1,35.9184062,139.9079523,24.032235487957877,112.57888248617076,22.97,668.6895703125,75.1494140625,122.0625,5.5625,91.5625,0.97,-9.54,-0.3,0.3125,5.9375,1.5625,63,9.483617513829245,turn_right,100.0,-100.0,
2026-08-05T08:39:30.674,677.477,gnss_navigation,35.91848948333333,139.90770638333333,27.694,0.14918888888888887,True,23,1,35.9184062,139.9079523,24.00351721974689,112.69367118528908,22.97,668.6895703125,75.1494140625,125.4375,6.375,92.375,1.13,-9.54,-0.36,-0.25,-1.4375,-0.4375,63,12.743828814710923,turn_right,100.0,-100.0,
2026-08-05T08:39:31.175,677.977,gnss_navigation,35.91848948333333,139.90770638333333,27.694,0.14918888888888887,True,23,1,35.9184062,139.9079523,24.00351721974689,112.69367118528908,22.97,668.6895703125,75.1494140625,125.625,6.5,92.75,1.04,-9.45,-0.28,1.0625,2.6875,-0.8125,63,12.931328814710923,turn_right,100.0,-100.0,
2026-08-05T08:39:31.675,678.478,gnss_navigation,35.918489883333336,139.90770788333333,27.689,0.0926,True,24,1,35.9184062,139.9079523,23.89623892172135,112.91701236318437,22.97,668.6895703125,75.1494140625,128.3125,7.375,93.5,0.99,-9.84,-0.36,-4.125,7.3125,3.0625,63,15.39548763681563,turn_right,100.0,-100.0,
2026-08-05T08:39:32.175,678.978,gnss_navigation,35.918489883333336,139.90770788333333,27.689,0.0926,True,24,1,35.9184062,139.9079523,23.89623892172135,112.91701236318437,22.97,668.6895703125,75.1494140625,128.625,6.9375,92.8125,0.77,-9.99,-0.53,8.125,1.75,-2.25,63,15.70798763681563,turn_right,100.0,-100.0,
2026-08-05T08:39:32.676,679.479,gnss_navigation,35.9184896,139.90770898333332,27.703,0.0926,True,24,1,35.9184062,139.9079523,23.79273471843935,112.94001990878468,22.97,668.6895703125,75.1494140625,119.25,3.1875,88.875,0.61,-9.3,-0.25,2.625,-28.0,0.375,63,6.309980091215323,turn_right,100.0,-100.0,
2026-08-05T08:39:33.176,679.979,gnss_navigation,35.9184896,139.90770898333332,27.703,0.0926,True,24,1,35.9184062,139.9079523,23.79273471843935,112.94001990878468,22.97,668.6895703125,75.1494140625,116.3125,2.875,89.3125,0.94,-9.38,-0.48,-7.6875,-10.5,9.6875,63,3.3724800912153228,turn_right,100.0,-100.0,
2026-08-05T08:39:33.676,680.479,gnss_navigation,35.918489,139.90770828333333,27.716,0.05144444444444445,True,24,1,35.9184062,139.9079523,23.824936609276026,112.73317671591553,22.97,668.6895703125,75.1494140625,118.0625,5.1875,91.625,0.89,-9.46,-0.31,0.8125,-3.25,1.5,63,5.329323284084467,turn_right,100.0,-100.0,
2026-08-05T08:39:34.177,680.980,gnss_navigation,35.918489,139.90770828333333,27.716,0.05144444444444445,True,24,1,35.9184062,139.9079523,23.824936609276026,112.73317671591553,22.97,668.6895703125,75.1494140625,117.875,5.3125,91.8125,0.93,-9.42,-0.36,-3.1875,0.0625,-2.5625,63,5.141823284084467,turn_right,100.0,-100.0,
2026-08-05T08:39:34.677,681.480,gnss_navigation,35.918489,139.90770828333333,27.718,0.0463,True,24,1,35.9184062,139.9079523,23.824936609276026,112.73317671591553,22.97,668.6895703125,75.1494140625,117.6875,6.0,91.5625,1.05,-9.75,-0.39,-4.8125,-3.0625,0.1875,63,4.954323284084467,turn_right,100.0,-100.0,
2026-08-05T08:39:35.178,681.981,gnss_navigation,35.918489,139.90770828333333,27.718,0.0463,True,24,1,35.9184062,139.9079523,23.824936609276026,112.73317671591553,22.97,668.6895703125,75.1494140625,117.9375,5.9375,92.3125,0.91,-9.62,-0.32,-5.5,4.1875,9.0625,63,5.204323284084467,turn_right,100.0,-100.0,
2026-08-05T08:39:35.678,682.481,gnss_navigation,35.918489,139.90770838333333,27.718,0.18005555555555552,True,23,1,35.9184062,139.9079523,23.816631285998923,112.74154850794065,22.97,668.6895703125,75.1494140625,119.625,5.6875,92.625,0.84,-9.82,-0.31,-5.0,8.8125,8.875,63,6.883451492059351,turn_right,100.0,-100.0,
2026-08-05T08:39:36.178,682.981,gnss_navigation,35.918489,139.90770838333333,27.718,0.18005555555555552,True,23,1,35.9184062,139.9079523,23.816631285998923,112.74154850794065,22.97,668.6895703125,75.1494140625,119.5625,4.75,92.4375,0.87,-10.1,-0.42,3.3125,1.3125,15.875,63,6.820951492059351,turn_right,100.0,-100.0,
2026-08-05T08:39:36.679,683.482,gnss_navigation,35.91848868333334,139.9077082,27.714,0.14918888888888887,True,24,1,35.9184062,139.9079523,23.818276970231885,112.64807772291425,22.97,668.6895703125,75.1494140625,117.25,5.125,93.375,-0.02,-9.39,0.54,-33.0,22.1875,31.875,63,4.601922277085748,turn_right,100.0,-100.0,
2026-08-05T08:39:37.179,683.982,gnss_navigation,35.91848868333334,139.9077082,27.714,0.14918888888888887,True,24,1,35.9184062,139.9079523,23.818276970231885,112.64807772291425,22.97,668.6895703125,75.1494140625,125.375,1.4375,95.6875,0.25,-8.23,1.27,8.75,53.5625,20.25,63,12.726922277085748,turn_right,100.0,-100.0,
2026-08-05T08:39:37.680,684.483,gnss_navigation,35.91848928333334,139.90770998333332,27.71,0.43727777777777777,True,24,1,35.9184062,139.9079523,23.6960808811788,112.94648164829567,22.97,668.6895703125,75.1494140625,153.75,4.1875,96.6875,-0.17,-11.38,-0.82,-1.375,53.125,-17.25,63,40.80351835170433,turn_right,100.0,-100.0,
2026-08-05T08:39:38.180,684.983,gnss_navigation,35.91848928333334,139.90770998333332,27.71,0.43727777777777777,True,24,1,35.9184062,139.9079523,23.6960808811788,112.94648164829567,22.97,668.6895703125,75.1494140625,160.25,5.75,97.3125,0.03,-11.36,-0.71,-17.8125,42.75,-12.125,63,47.30351835170433,turn_right,100.0,-100.0,
2026-08-05T08:39:38.680,685.483,gnss_navigation,35.91849068333333,139.90771978333333,27.752,0.06173333333333333,True,24,1,35.9184062,139.9079523,22.949278597646543,114.16347832013037,22.97,668.6895703125,75.1494140625,202.625,11.625,108.125,0.59,-10.31,-1.24,-36.1875,13.0,-30.25,63,88.46152167986963,reverse,-70.0,-70.0,
2026-08-05T08:39:39.181,685.984,gnss_navigation,35.91849068333333,139.90771978333333,27.752,0.06173333333333333,True,24,1,35.9184062,139.9079523,22.949278597646543,114.16347832013037,22.97,668.6895703125,75.1494140625,206.5625,13.8125,112.8125,0.89,-10.48,-1.23,-29.8125,-4.1875,-5.0625,63,92.39902167986963,reverse,-90.0,-90.0,
2026-08-05T08:39:39.681,686.484,gnss_navigation,35.9184909,139.90772288333332,27.755,0.05658888888888889,True,24,1,35.9184062,139.9079523,22.704849437567148,114.50731698212235,22.97,668.6895703125,75.1494140625,182.1875,14.0625,95.25,0.63,-9.48,-1.43,21.4375,-57.9375,-1.9375,63,67.68018301787765,reverse,-100.0,-100.0,
2026-08-05T08:39:40.182,686.985,gnss_navigation,35.9184909,139.90772288333332,27.755,0.05658888888888889,True,24,1,35.9184062,139.9079523,22.704849437567148,114.50731698212235,22.97,668.6895703125,75.1494140625,175.6875,5.8125,94.0625,0.68,-9.6,-1.48,19.375,-33.0625,-8.8125,63,61.18018301787765,reverse,-100.0,-100.0,
2026-08-05T08:39:40.682,687.485,gnss_navigation,35.918489683333334,139.90772458333333,27.766,0.041155555555555556,True,24,1,35.9184062,139.9079523,22.509514345195786,114.35562003392823,22.97,668.6895703125,75.1494140625,188.375,6.6875,95.1875,0.86,-9.26,-1.02,-20.8125,46.0,-17.375,63,74.01937996607177,turn_right,100.0,-100.0,
2026-08-05T08:39:41.182,687.985,gnss_navigation,35.918489683333334,139.90772458333333,27.766,0.041155555555555556,True,24,1,35.9184062,139.9079523,22.509514345195786,114.35562003392823,22.97,668.6895703125,75.1494140625,196.5,9.25,98.25,0.62,-9.2,-0.85,-36.5625,48.5625,-20.5,63,82.14437996607177,turn_right,100.0,-100.0,
2026-08-05T08:39:41.683,688.486,gnss_navigation,35.918489183333335,139.90772608333333,27.771,0.030866666666666664,True,25,1,35.9184062,139.9079523,22.363530787616654,114.36857504381226,22.97,668.6895703125,75.1494140625,215.625,15.3125,92.875,-0.58,-8.78,-1.22,62.0625,-65.9375,-48.375,63,101.25642495618774,turn_right,100.0,-100.0,
2026-08-05T08:39:42.183,688.986,gnss_navigation,35.918489183333335,139.90772608333333,27.771,0.030866666666666664,True,25,1,35.9184062,139.9079523,22.363530787616654,114.36857504381226,22.97,668.6895703125,75.1494140625,210.75,19.125,92.1875,-0.51,-11.35,-0.96,5.25,-75.0625,-24.8125,63,96.38142495618774,turn_right,100.0,-100.0,
2026-08-05T08:39:42.683,689.486,gnss_navigation,35.918489083333334,139.90772618333332,27.767,0.12861111111111112,True,25,1,35.9184062,139.9079523,22.35074087128434,114.35213473241566,22.97,668.6895703125,75.1494140625,134.375,-22.75,67.125,-1.84,-6.66,0.78,-81.1875,-32.4375,-8.0,63,20.022865267584336,turn_right,100.0,-100.0,
2026-08-05T08:39:43.184,689.987,gnss_navigation,35.918489083333334,139.90772618333332,27.767,0.12861111111111112,True,25,1,35.9184062,139.9079523,22.35074087128434,114.35213473241566,22.97,668.6895703125,75.1494140625,131.5,-20.3125,77.3125,-1.79,-10.48,0.07,-90.8125,7.375,-30.625,63,17.147865267584336,turn_right,100.0,-100.0,
2026-08-05T08:39:43.684,690.487,gnss_navigation,35.91848808333334,139.9077259,27.766,0.5350222222222223,True,25,1,35.9184062,139.9079523,22.32841488868575,114.06519145148576,22.97,668.6895703125,75.1494140625,140.125,16.4375,91.25,0.76,-8.74,-1.02,-5.375,-36.75,-28.75,63,26.05980854851424,turn_right,100.0,-100.0,
2026-08-05T08:39:44.185,690.988,gnss_navigation,35.91848808333334,139.9077259,27.766,0.5350222222222223,True,25,1,35.9184062,139.9079523,22.32841488868575,114.06519145148576,22.97,668.6895703125,75.1494140625,138.5625,17.0625,92.125,0.85,-9.56,-1.62,-0.375,-23.6875,-15.8125,63,24.49730854851424,turn_right,100.0,-100.0,
2026-08-05T08:39:44.686,691.489,gnss_navigation,35.918490283333334,139.90773028333334,27.856,0.7819555555555555,True,25,1,35.9184062,139.9079523,22.071098119195213,115.06294040130524,22.97,668.6895703125,75.1494140625,128.5625,17.8125,92.1875,1.51,-9.56,-1.8,38.6875,-40.625,-23.5,63,13.49955959869476,turn_right,100.0,-100.0,
2026-08-05T08:39:45.186,691.989,gnss_navigation,35.918490283333334,139.90773028333334,27.856,0.7819555555555555,True,25,1,35.9184062,139.9079523,22.071098119195213,115.06294040130524,22.97,668.6895703125,75.1494140625,123.0,17.5625,91.9375,1.67,-9.19,-1.7,30.25,-30.1875,1.3125,63,7.937059598694759,turn_right,100.0,-100.0,
2026-08-05T08:39:45.686,692.489,gnss_navigation,35.91848888333333,139.90773558333333,27.866,0.7716666666666666,True,24,1,35.9184062,139.9079523,21.57290543561849,115.22539022834496,22.97,668.6895703125,75.1494140625,131.375,14.1875,102.875,2.0,-9.67,-1.44,-7.25,27.25,-3.4375,63,16.149609771655037,turn_right,100.0,-100.0,
2026-08-05T08:39:46.187,692.990,gnss_navigation,35.91848888333333,139.90773558333333,27.866,0.7716666666666666,True,24,1,35.9184062,139.9079523,21.57290543561849,115.22539022834496,22.97,668.6895703125,75.1494140625,132.125,14.4375,102.9375,1.91,-9.54,-1.43,-7.3125,29.1875,-3.5625,63,16.899609771655037,turn_right,100.0,-100.0,
2026-08-05T08:39:46.687,693.490,gnss_navigation,35.918490383333335,139.9077397,27.869,0.6224777777777778,True,25,1,35.9184062,139.9079523,21.31086740423484,116.05585910442079,22.97,668.6895703125,75.1494140625,96.0,11.5,76.3125,1.45,-8.86,-1.02,104.25,-22.3125,0.375,63,-20.05585910442079,turn_right,100.0,-100.0,
2026-08-05T08:39:47.188,693.991,gnss_navigation,35.918490383333335,139.9077397,27.869,0.6224777777777778,True,25,1,35.9184062,139.9079523,21.31086740423484,116.05585910442079,22.97,668.6895703125,75.1494140625,93.1875,10.9375,69.9375,1.27,-7.89,-0.5,56.375,4.8125,25.1875,63,-22.86835910442079,turn_right,100.0,-100.0,
2026-08-05T08:39:47.688,694.491,gnss_navigation,35.91849298333333,139.90773938333334,27.855,0.44756666666666667,True,24,1,35.9184062,139.9079523,21.464898301835447,116.71571391782919,22.97,668.6895703125,75.1494140625,167.875,15.375,90.6875,0.98,-7.54,-0.44,-42.0,61.75,-1.75,63,51.15928608217081,turn_right,100.0,-100.0,
2026-08-05T08:39:48.188,694.991,gnss_navigation,35.91849298333333,139.90773938333334,27.855,0.44756666666666667,True,24,1,35.9184062,139.9079523,21.464898301835447,116.71571391782919,22.97,668.6895703125,75.1494140625,176.125,15.8125,98.8125,1.05,-9.99,-0.65,-82.3125,39.75,7.75,63,59.40928608217081,turn_right,100.0,-100.0,
2026-08-05T08:39:48.689,695.492,gnss_navigation,35.9184939,139.90773898333333,27.835,0.4115555555555556,True,23,1,35.9184062,139.9079523,21.543027136804923,116.91479570921018,22.97,668.6895703125,75.1494140625,132.375,16.9375,113.6875,0.02,-10.21,-0.13,3.4375,-3.5,-20.375,255,15.460204290789818,turn_right,100.0,-100.0,
2026-08-05T08:39:49.189,695.992,gnss_navigation,35.9184939,139.90773898333333,27.835,0.4115555555555556,True,23,1,35.9184062,139.9079523,21.543027136804923,116.91479570921018,22.97,668.6895703125,75.1494140625,124.4375,15.0,108.875,0.98,-11.12,-0.46,49.3125,-37.125,7.4375,255,7.522704290789818,turn_right,100.0,-100.0,
2026-08-05T08:39:49.690,696.493,gnss_navigation,35.9184926,139.9077345,27.836,0.2778,True,24,1,35.9184062,139.9079523,21.83981550302292,116.0971648370438,22.97,668.6895703125,75.1494140625,53.125,4.125,61.5,0.94,-7.56,2.88,14.5,-16.4375,10.3125,255,-62.972164837043806,turn_right,100.0,-100.0,
2026-08-05T08:39:50.190,696.993,gnss_navigation,35.9184926,139.9077345,27.836,0.2778,True,24,1,35.9184062,139.9079523,21.83981550302292,116.0971648370438,22.97,668.6895703125,75.1494140625,51.8125,3.8125,62.0625,0.77,-8.69,3.03,-18.5625,2.875,-4.125,255,-64.2846648370438,turn_right,100.0,-100.0,
2026-08-05T08:39:50.690,697.493,gnss_navigation,35.918494083333336,139.907733,27.859,0.24178888888888886,True,25,1,35.9184062,139.9079523,22.033855910328825,116.32782551343536,22.97,668.6895703125,75.1494140625,63.9375,18.3125,69.3125,1.92,-9.64,0.21,-19.9375,100.6875,14.3125,191,-52.39032551343536,reverse,-100.0,-100.0,
2026-08-05T08:39:51.191,697.994,gnss_navigation,35.918494083333336,139.907733,27.859,0.24178888888888886,True,25,1,35.9184062,139.9079523,22.033855910328825,116.32782551343536,22.97,668.6895703125,75.1494140625,67.375,11.875,78.125,2.32,-10.14,1.8,-146.4375,44.1875,45.9375,191,-48.95282551343536,reverse,-100.0,-100.0,
2026-08-05T08:39:51.691,698.494,gnss_navigation,35.91849608333333,139.90773188333333,27.882,0.13375555555555557,True,25,1,35.9184062,139.9079523,22.22315264257431,116.72673709282509,22.97,668.6895703125,75.1494140625,104.125,28.1875,93.9375,2.92,-8.1,-0.81,4.25,-50.0625,-10.8125,255,-12.60173709282509,turn_right,10.0,-10.0,
2026-08-05T08:39:52.192,698.995,gnss_navigation,35.91849608333333,139.90773188333333,27.882,0.13375555555555557,True,25,1,35.9184062,139.9079523,22.22315264257431,116.72673709282509,22.97,668.6895703125,75.1494140625,90.125,27.6875,98.5625,3.56,-8.43,-0.02,-26.3125,-108.0,13.4375,127,-26.60173709282509,turn_right,25.0,-25.0,
2026-08-05T08:39:52.692,699.495,gnss_navigation,35.9184987,139.90772908333332,27.893,0.1028888888888889,True,24,1,35.9184062,139.9079523,22.579688350443273,117.09842004227033,22.97,668.6895703125,75.1494140625,79.625,18.0,94.1875,2.96,-9.0,-0.5,-19.6875,-8.4375,-4.75,191,-37.473420042270334,turn_right,100.0,-100.0,
2026-08-05T08:39:53.194,699.997,gnss_navigation,35.9184987,139.90772908333332,27.893,0.1028888888888889,True,24,1,35.9184062,139.9079523,22.579688350443273,117.09842004227033,22.97,668.6895703125,75.1494140625,80.6875,18.5625,95.375,2.97,-9.74,-0.77,-9.1875,2.3125,-3.0,255,-36.410920042270334,turn_right,100.0,-100.0,
2026-08-05T08:39:53.694,700.497,gnss_navigation,35.918498283333335,139.90772948333333,27.892,0.05144444444444445,True,24,1,35.9184062,139.9079523,22.526530789310048,117.03524755874889,22.97,668.6895703125,75.1494140625,70.5,17.8125,97.0625,4.29,-9.28,-0.93,-17.3125,-7.375,3.875,255,-46.53524755874889,turn_right,100.0,-100.0,
2026-08-05T08:39:54.195,700.998,gnss_navigation,35.918498283333335,139.90772948333333,27.892,0.05144444444444445,True,24,1,35.9184062,139.9079523,22.526530789310048,117.03524755874889,22.97,668.6895703125,75.1494140625,70.0,17.8125,98.25,2.98,-9.32,-1.01,-4.0625,-9.1875,-4.75,255,-47.03524755874889,turn_right,100.0,-100.0,
2026-08-05T08:39:54.695,701.498,gnss_navigation,35.91849798333333,139.9077297,27.892,0.16462222222222223,True,23,1,35.9184062,139.9079523,22.493998622084465,116.98215285108279,22.97,668.6895703125,75.1494140625,69.875,17.9375,94.0,3.03,-8.82,-0.76,4.0,5.6875,4.75,255,-47.10715285108279,turn_right,100.0,-100.0,
2026-08-05T08:39:55.195,701.998,gnss_navigation,35.91849798333333,139.9077297,27.892,0.16462222222222223,True,23,1,35.9184062,139.9079523,22.493998622084465,116.98215285108279,22.97,668.6895703125,75.1494140625,70.0,17.625,93.5,2.66,-8.75,-0.69,13.625,5.0625,5.6875,255,-46.98215285108279,turn_right,100.0,-100.0,
2026-08-05T08:39:55.696,702.499,gnss_navigation,35.918498383333336,139.90773138333333,27.915,0.10803333333333333,True,22,1,35.9184062,139.9079523,22.379355342374325,117.25971531844164,22.97,668.6895703125,75.1494140625,68.9375,11.75,93.6875,2.04,-9.29,-0.7,-16.25,22.625,23.25,255,-48.322215318441636,turn_right,100.0,-100.0,
2026-08-05T08:39:56.196,702.999,gnss_navigation,35.918498383333336,139.90773138333333,27.915,0.10803333333333333,True,22,1,35.9184062,139.9079523,22.379355342374325,117.25971531844164,22.97,668.6895703125,75.1494140625,69.6875,9.6875,94.1875,1.25,-8.88,-1.04,-3.4375,24.625,20.0625,255,-47.572215318441636,turn_right,100.0,-100.0,
2026-08-05T08:39:56.697,703.500,gnss_navigation,35.918498283333335,139.9077326,27.931,0.0926,True,23,1,35.9184062,139.9079523,22.276904252484318,117.36336133346867,22.97,668.6895703125,75.1494140625,27.375,-17.4375,103.625,-0.25,-11.37,-1.86,34.0,-144.75,-12.5625,255,-89.98836133346867,turn_right,100.0,-100.0,
2026-08-05T08:39:57.197,704.000,gnss_navigation,35.918498283333335,139.9077326,27.931,0.0926,True,23,1,35.9184062,139.9079523,22.276904252484318,117.36336133346867,22.97,668.6895703125,75.1494140625,6.6875,-14.6875,92.5,-0.92,-8.07,-1.48,35.4375,-240.625,-85.0,255,-110.67586133346867,turn_right,100.0,-100.0,
2026-08-05T08:39:57.698,704.500,gnss_navigation,35.91849908333333,139.9077331,27.946,0.20063333333333333,True,24,1,35.9184062,139.9079523,22.278026549920806,117.61977064286827,22.97,668.6895703125,75.1494140625,337.6875,0.25,98.9375,-0.94,-8.44,-0.53,-42.5625,-9.3125,-26.4375,255,-139.93227064286827,turn_right,100.0,-100.0,
2026-08-05T08:39:58.198,705.001,gnss_navigation,35.91849908333333,139.9077331,27.946,0.20063333333333333,True,24,1,35.9184062,139.9079523,22.278026549920806,117.61977064286827,22.97,668.6895703125,75.1494140625,347.5,1.4375,101.25,-0.94,-8.93,-0.84,-23.0625,3.3125,-5.125,255,-130.11977064286827,turn_right,100.0,-100.0,
2026-08-05T08:39:58.698,705.501,gnss_navigation,35.9184993,139.90773088333333,27.955,0.08231111111111111,True,24,1,35.9184062,139.9079523,22.466175351215632,117.4382003344009,22.97,668.6895703125,75.1494140625,342.3125,4.0625,92.75,0.53,-10.82,-1.48,-12.625,-36.75,45.0,255,-135.1257003344009,turn_right,100.0,-100.0,
2026-08-05T08:39:59.199,706.002,gnss_navigation,35.9184993,139.90773088333333,27.955,0.08231111111111111,True,24,1,35.9184062,139.9079523,22.466175351215632,117.4382003344009,22.97,668.6895703125,75.1494140625,346.0625,0.8125,92.875,0.23,-9.31,-1.5,-12.5625,17.375,4.125,255,-131.3757003344009,turn_right,100.0,-100.0,
2026-08-05T08:39:59.699,706.502,gnss_navigation,35.9185,139.90773148333332,27.956,0.4167,True,25,1,35.9184062,139.9079523,22.454285540052528,117.67800027263024,22.97,668.6895703125,75.1494140625,334.75,6.4375,96.375,-0.26,-9.2,-1.43,52.125,-35.25,-0.1875,255,-142.92800027263024,turn_right,100.0,-100.0,
2026-08-05T08:40:00.199,707.002,gnss_navigation,35.9185,139.90773148333332,27.956,0.4167,True,25,1,35.9184062,139.9079523,22.454285540052528,117.67800027263024,22.97,668.6895703125,75.1494140625,329.9375,6.0625,94.0625,0.14,-11.57,-2.13,-14.875,-45.1875,9.75,255,-147.74050027263024,turn_right,100.0,-100.0,
2026-08-05T08:40:00.700,707.503,gnss_navigation,35.91850088333333,139.9077426,27.994,0.9054222222222222,True,25,1,35.9184062,139.9079523,21.62043589177943,119.14096193332921,22.97,668.6895703125,75.1494140625,317.0625,11.5,93.0,-0.94,-8.5,-1.36,14.3125,44.25,-7.0625,255,-162.0784619333292,turn_right,100.0,-100.0,
2026-08-05T08:40:01.200,708.003,gnss_navigation,35.91850088333333,139.9077426,27.994,0.9054222222222222,True,25,1,35.9184062,139.9079523,21.62043589177943,119.14096193332921,22.97,668.6895703125,75.1494140625,317.8125,10.3125,90.75,-0.07,-9.06,-1.47,32.3125,5.125,25.5625,255,-161.3284619333292,turn_right,100.0,-100.0,
2026-08-05T08:40:01.701,708.504,gnss_navigation,35.91850148333333,139.90774538333332,27.958,0.9414333333333335,True,26,1,35.9184062,139.9079523,21.434765015346894,119.62298460903543,22.97,668.6895703125,75.1494140625,323.375,1.5,89.5625,-0.02,-7.73,-1.41,51.0,1.8125,-12.3125,255,-156.24798460903543,reverse,-5.0,-5.0,
2026-08-05T08:40:02.201,709.004,gnss_navigation,35.91850148333333,139.90774538333332,27.958,0.9414333333333335,True,26,1,35.9184062,139.9079523,21.434765015346894,119.62298460903543,22.97,668.6895703125,75.1494140625,326.0,3.1875,86.6875,-0.09,-6.41,-1.11,-1.875,31.4375,-16.0625,127,-153.62298460903543,reverse,-25.0,-25.0,
2026-08-05T08:40:02.702,709.504,gnss_navigation,35.918504983333335,139.9077512,27.991,0.9157111111111111,True,25,1,35.9184062,139.9079523,21.180218849911284,121.2387856733273,22.97,668.6895703125,75.1494140625,346.4375,6.0,98.625,0.02,-7.97,-1.34,84.125,54.25,38.5625,191,-134.8012856733273,reverse,-100.0,-100.0,
2026-08-05T08:40:03.202,710.005,gnss_navigation,35.918504983333335,139.9077512,27.991,0.9157111111111111,True,25,1,35.9184062,139.9079523,21.180218849911284,121.2387856733273,22.97,668.6895703125,75.1494140625,355.25,2.875,90.1875,-0.32,-6.62,-1.06,-46.75,78.4375,10.5,255,-125.9887856733273,reverse,-100.0,-100.0,
2026-08-05T08:40:03.702,710.505,gnss_navigation,35.9185066,139.90775398333332,28.01,0.8076777777777778,True,25,1,35.9184062,139.9079523,21.061053483106306,122.01056918828323,22.97,668.6895703125,75.1494140625,27.0625,2.375,94.625,-0.04,-14.55,-2.89,63.375,-14.625,74.3125,255,-94.94806918828323,turn_right,5.0,-5.0,
2026-08-05T08:40:04.203,711.006,gnss_navigation,35.9185066,139.90775398333332,28.01,0.8076777777777778,True,25,1,35.9184062,139.9079523,21.061053483106306,122.01056918828323,22.97,668.6895703125,75.1494140625,16.75,-5.5,88.875,-0.52,-8.5,-1.77,68.3125,-12.0625,54.375,127,-105.26056918828323,turn_right,25.0,-25.0,
2026-08-05T08:40:04.703,711.506,gnss_navigation,35.91851378333333,139.9077565,28.049,0.7922444444444444,True,26,1,35.9184062,139.9079523,21.30720835207156,124.15539036632367,22.97,668.6895703125,75.1494140625,44.25,1.8125,92.375,-0.94,-6.65,-1.26,-39.8125,-9.5625,-16.75,127,-79.90539036632367,turn_right,100.0,-100.0,
2026-08-05T08:40:05.203,712.006,gnss_navigation,35.91851378333333,139.9077565,28.049,0.7922444444444444,True,26,1,35.9184062,139.9079523,21.30720835207156,124.15539036632367,22.97,668.6895703125,75.1494140625,42.125,1.75,97.8125,-1.79,-7.35,-1.03,7.4375,-64.625,27.4375,127,-82.03039036632367,turn_right,100.0,-100.0,
2026-08-05T08:40:05.704,712.507,gnss_navigation,35.91852098333333,139.90776008333333,28.073,0.6224777777777778,True,26,1,35.9184062,139.9079523,21.506226528824573,126.4036618540407,22.97,668.6895703125,75.1494140625,79.375,-3.125,104.4375,-0.02,-10.73,-2.19,-10.0,-52.3125,21.375,255,-47.028661854040706,turn_right,100.0,-100.0,
2026-08-05T08:40:06.204,713.007,gnss_navigation,35.91852098333333,139.90776008333333,28.073,0.6224777777777778,True,26,1,35.9184062,139.9079523,21.506226528824573,126.4036618540407,22.97,668.6895703125,75.1494140625,68.4375,-3.0,105.0,-0.44,-10.31,-2.55,-0.8125,-134.25,-56.6875,255,-57.966161854040706,turn_right,100.0,-100.0,
2026-08-05T08:40:06.705,713.508,gnss_navigation,35.918525583333334,139.90776498333332,28.104,0.43727777777777777,True,25,1,35.9184062,139.9079523,21.465210535264816,128.2018287973106,22.97,668.6895703125,75.1494140625,53.0625,1.9375,98.875,-0.2,-9.7,-1.69,-6.0,13.25,9.9375,255,-75.13932879731061,turn_right,100.0,-100.0,
2026-08-05T08:40:07.205,714.008,gnss_navigation,35.918525583333334,139.90776498333332,28.104,0.43727777777777777,True,25,1,35.9184062,139.9079523,21.465210535264816,128.2018287973106,22.97,668.6895703125,75.1494140625,47.8125,-1.5,97.125,0.49,-13.2,-2.55,10.3125,-67.4375,15.0,255,-80.38932879731061,turn_right,100.0,-100.0,
2026-08-05T08:40:07.705,714.508,gnss_navigation,35.918524983333334,139.9077656,28.12,0.4321333333333333,True,25,1,35.9184062,139.9079523,21.380319297337138,128.1533616459169,22.97,668.6895703125,75.1494140625,53.5,-8.9375,97.8125,-0.04,-8.09,-1.75,57.6875,51.5,54.875,255,-74.6533616459169,turn_right,100.0,-100.0,
2026-08-05T08:40:08.206,715.009,gnss_navigation,35.918524983333334,139.9077656,28.12,0.4321333333333333,True,25,1,35.9184062,139.9079523,21.380319297337138,128.1533616459169,22.97,668.6895703125,75.1494140625,54.6875,-13.5625,96.3125,1.49,-10.47,-1.79,7.1875,48.0625,33.625,255,-73.4658616459169,turn_right,100.0,-100.0,
2026-08-05T08:40:08.707,715.510,gnss_navigation,35.9185248,139.9077742,28.153,0.5761777777777778,True,25,1,35.9184062,139.9079523,20.76388439581187,129.42940471639974,22.97,668.6895703125,75.1494140625,79.6875,6.0,105.4375,0.33,-7.71,-1.6,37.8125,29.375,34.1875,255,-49.741904716399745,turn_right,100.0,-100.0,
2026-08-05T08:40:09.207,716.010,gnss_navigation,35.9185248,139.9077742,28.153,0.5761777777777778,True,25,1,35.9184062,139.9079523,20.76388439581187,129.42940471639974,22.97,668.6895703125,75.1494140625,78.875,4.8125,102.5625,0.16,-7.39,-0.21,5.875,-11.4375,-11.125,255,-50.554404716399745,turn_right,100.0,-100.0,
2026-08-05T08:40:09.708,716.510,gnss_navigation,35.918524383333335,139.90778128333332,28.163,0.6842111111111112,True,26,1,35.9184062,139.9079523,20.245136121272754,130.47473151258293,22.97,668.6895703125,75.1494140625,54.5625,-12.375,105.25,-0.61,-9.9,-2.01,93.9375,-4.0625,4.625,255,-75.91223151258293,turn_right,100.0,-100.0,
2026-08-05T08:40:10.209,717.012,gnss_navigation,35.918524383333335,139.90778128333332,28.163,0.6842111111111112,True,26,1,35.9184062,139.9079523,20.245136121272754,130.47473151258293,22.97,668.6895703125,75.1494140625,58.5,-11.4375,96.5,-0.96,-7.99,-2.12,107.875,37.0,-32.3125,255,-71.97473151258293,turn_right,100.0,-100.0,
2026-08-05T08:40:10.710,717.513,gnss_navigation,35.918515983333336,139.90779398333333,28.149,0.9568666666666668,True,26,1,35.9184062,139.9079523,18.76889940725311,130.5719516894045,22.97,668.6895703125,75.1494140625,70.3125,-17.9375,107.0,-0.09,-9.28,-1.85,13.875,-81.875,51.1875,191,-60.2594516894045,turn_right,100.0,-100.0,
2026-08-05T08:40:11.210,718.013,gnss_navigation,35.918515983333336,139.90779398333333,28.149,0.9568666666666668,True,26,1,35.9184062,139.9079523,18.76889940725311,130.5719516894045,22.97,668.6895703125,75.1494140625,64.25,-20.875,99.3125,-0.46,-8.47,-2.39,117.1875,-45.375,-50.625,191,-66.3219516894045,turn_right,100.0,-100.0,
2026-08-05T08:40:11.711,718.513,gnss_navigation,35.91850768333333,139.90779558333332,28.179,0.9208555555555555,True,26,1,35.9184062,139.9079523,18.069397162526688,128.64583091548184,22.97,668.6895703125,75.1494140625,79.0,11.375,108.875,1.05,-11.06,-2.59,17.5,72.8125,-28.5,255,-49.64583091548184,turn_right,100.0,-100.0,
2026-08-05T08:40:12.211,719.014,gnss_navigation,35.91850768333333,139.90779558333332,28.179,0.9208555555555555,True,26,1,35.9184062,139.9079523,18.069397162526688,128.64583091548184,22.97,668.6895703125,75.1494140625,87.875,14.4375,106.3125,1.73,-10.67,-2.49,8.4375,88.4375,-0.0625,255,-40.77083091548184,turn_right,100.0,-100.0,
2026-08-05T08:40:12.711,719.514,gnss_navigation,35.9184981,139.90779638333333,28.18,1.1575,True,26,1,35.9184062,139.9079523,17.365503373948506,126.04738666616532,22.97,668.6895703125,75.1494140625,138.0,10.375,88.5625,1.46,-10.08,1.44,37.375,97.25,62.0625,191,11.952613333834677,turn_right,100.0,-100.0,
2026-08-05T08:40:13.212,720.015,gnss_navigation,35.9184981,139.90779638333333,28.18,1.1575,True,26,1,35.9184062,139.9079523,17.365503373948506,126.04738666616532,22.97,668.6895703125,75.1494140625,139.3125,2.5625,81.6875,0.6,-11.19,2.72,96.8125,73.5625,48.375,191,13.265113333834677,turn_right,100.0,-100.0,
2026-08-05T08:40:13.712,720.515,gnss_navigation,35.918483083333335,139.90781218333333,28.243,1.3272666666666666,True,26,1,35.9184062,139.9079523,15.241157360839713,124.11925311790844,22.97,668.6895703125,75.1494140625,42.9375,-2.75,-9.8125,-1.2,3.63,8.86,46.0,-65.875,-585.0625,191,-81.18175311790844,reverse,-5.0,-5.0,
2026-08-05T08:40:14.212,721.015,gnss_navigation,35.918483083333335,139.90781218333333,28.243,1.3272666666666666,True,26,1,35.9184062,139.9079523,15.241157360839713,124.11925311790844,22.97,668.6895703125,75.1494140625,89.5,-5.125,-6.75,0.01,0.34,5.9,-15.125,10.4375,-130.625,191,-34.61925311790844,reverse,-20.0,-20.0,
2026-08-05T08:40:14.713,721.516,gnss_navigation,35.918460083333336,139.9078202,28.635,0.3858333333333333,True,25,1,35.9184062,139.9079523,13.319495775830243,116.73295309557506,22.97,668.6895703125,75.1494140625,168.0,-5.375,42.9375,-3.81,-4.88,3.6,180.5625,66.6875,-205.8125,127,51.267046904424944,reverse,-100.0,-100.0,
2026-08-05T08:40:15.213,722.016,gnss_navigation,35.918460083333336,139.9078202,28.635,0.3858333333333333,True,25,1,35.9184062,139.9079523,13.319495775830243,116.73295309557506,22.97,668.6895703125,75.1494140625,197.0625,1.0625,13.75,-3.3,-2.5,9.6,390.5625,59.625,-266.4375,127,80.32954690442494,reverse,-100.0,-100.0,
2026-08-05T08:40:15.714,722.517,gnss_navigation,35.91844368333334,139.90783158333332,28.649,0.1028888888888889,True,25,1,35.9184062,139.9079523,11.642356967680431,110.97734602393473,22.97,668.6895703125,75.1494140625,244.3125,1.375,-8.6875,-1.1,4.75,8.66,-5.4375,-4.3125,-33.625,191,133.33515397606527,turn_right,5.0,-5.0,
2026-08-05T08:40:16.214,723.017,gnss_navigation,35.91844368333334,139.90783158333332,28.649,0.1028888888888889,True,25,1,35.9184062,139.9079523,11.642356967680431,110.97734602393473,22.97,668.6895703125,75.1494140625,246.5,1.3125,-7.875,-1.46,0.37,8.73,-41.875,3.375,-5.6875,127,135.52265397606527,turn_right,25.0,-25.0,
2026-08-05T08:40:16.714,723.517,gnss_navigation,35.918439383333336,139.9078341,28.754,0.6121888888888889,True,25,1,35.9184062,139.9079523,11.26549966764289,109.11904749542225,22.97,668.6895703125,75.1494140625,159.375,-2.0625,-5.4375,-4.89,-1.05,8.27,37.875,-8.5625,-615.0625,191,50.25595250457775,turn_right,100.0,-100.0,
2026-08-05T08:40:17.215,724.018,gnss_navigation,35.918439383333336,139.9078341,28.754,0.6121888888888889,True,25,1,35.9184062,139.9079523,11.26549966764289,109.11904749542225,22.97,668.6895703125,75.1494140625,216.9375,1.0625,-6.375,-1.63,0.66,11.83,40.5,-79.6875,-562.125,191,107.81845250457775,turn_right,100.0,-100.0,
2026-08-05T08:40:17.715,724.518,gnss_navigation,35.91843828333333,139.90783328333333,29.04,0.29837777777777774,True,25,1,35.9184062,139.9079523,11.295786630955337,108.41065515622893,22.97,668.6895703125,75.1494140625,31.4375,-0.5625,-11.6875,2.84,7.3,9.75,73.4375,-40.8125,-500.4375,191,-76.97315515622893,turn_right,100.0,-100.0,
2026-08-05T08:40:18.215,725.018,gnss_navigation,35.91843828333333,139.90783328333333,29.04,0.29837777777777774,True,25,1,35.9184062,139.9079523,11.295786630955337,108.41065515622893,22.97,668.6895703125,75.1494140625,91.75,-1.25,-4.6875,-1.63,-3.02,7.4,89.625,-18.5625,-660.0625,191,-16.660655156228927,turn_right,100.0,-100.0,
2026-08-05T08:40:18.716,725.519,gnss_navigation,35.9184325,139.9078345,29.278,0.12346666666666666,True,25,1,35.9184062,139.9079523,11.003794250059359,105.41239685666176,22.97,668.6895703125,75.1494140625,227.75,0.125,-2.25,-5.85,1.91,15.4,64.3125,-99.0,-565.0,191,122.33760314333824,turn_right,100.0,-100.0,
2026-08-05T08:40:19.216,726.019,gnss_navigation,35.9184325,139.9078345,29.278,0.12346666666666666,True,25,1,35.9184062,139.9079523,11.003794250059359,105.41239685666176,22.97,668.6895703125,75.1494140625,290.625,1.375,-10.3125,-5.81,-1.71,8.14,64.125,-70.75,-584.9375,255,-174.78739685666176,turn_right,100.0,-100.0,
2026-08-05T08:40:19.717,726.519,gnss_navigation,35.9184263,139.9078336,29.355,0.10803333333333333,True,25,1,35.9184062,139.9079523,10.920283534189354,101.80995189336875,22.97,668.6895703125,75.1494140625,201.875,-0.4375,-10.8125,-4.23,2.53,9.79,27.625,-30.4375,-8.6875,63,100.06504810663125,forward,85.0,85.0,
2026-08-05T08:40:20.217,727.020,gnss_navigation,35.9184263,139.9078336,29.355,0.10803333333333333,True,25,1,35.9184062,139.9079523,10.920283534189354,101.80995189336875,22.97,668.6895703125,75.1494140625,202.5625,2.25,-11.9375,0.77,1.81,4.56,-28.625,74.5625,-17.0,63,100.75254810663125,forward,100.0,100.0,
2026-08-05T08:40:20.717,727.520,gnss_navigation,35.91842138333333,139.90783328333333,29.346,0.12346666666666666,True,25,1,35.9184062,139.9079523,10.849798409768537,98.95199406332142,22.97,668.6895703125,75.1494140625,194.6875,1.3125,-7.125,-6.81,4.81,14.23,-26.375,-27.75,1.6875,191,95.73550593667858,forward,100.0,100.0,
2026-08-05T08:40:21.218,728.021,gnss_navigation,35.91842138333333,139.90783328333333,29.346,0.12346666666666666,True,25,1,35.9184062,139.9079523,10.849798409768537,98.95199406332142,22.97,668.6895703125,75.1494140625,195.125,4.0625,-7.25,0.0,1.56,3.99,6.625,-24.625,-8.8125,191,96.17300593667858,forward,5.0,5.0,
2026-08-05T08:40:21.718,728.521,gnss_navigation,35.918420483333335,139.90783318333334,29.318,0.7253666666666666,True,25,1,35.9184062,139.9079523,10.843584940500877,98.4222407804865,22.97,668.6895703125,75.1494140625,198.3125,2.1875,-7.3125,0.55,2.32,2.16,1.75,-22.375,7.75,127,99.8902592195135,forward,100.0,100.0,
2026-08-05T08:40:22.219,729.021,gnss_navigation,35.918420483333335,139.90783318333334,29.318,0.7253666666666666,True,25,1,35.9184062,139.9079523,10.843584940500877,98.4222407804865,22.97,668.6895703125,75.1494140625,197.1875,1.125,-6.1875,-1.55,4.38,8.79,-7.875,2.1875,7.75,127,98.7652592195135,forward,100.0,100.0,
2026-08-05T08:40:22.719,729.522,gnss_navigation,35.918410083333335,139.9078312,29.153,0.9517222222222222,True,25,1,35.9184062,139.9079523,10.913790506317913,92.26747878615902,22.97,668.6895703125,75.1494140625,194.25,4.5625,24.3125,-1.12,-2.86,5.42,-14.625,2.625,-1.125,127,101.98252121384098,forward,45.0,45.0,
2026-08-05T08:40:23.219,730.022,gnss_navigation,35.918410083333335,139.9078312,29.153,0.9517222222222222,True,25,1,35.9184062,139.9079523,10.913790506317913,92.26747878615902,22.97,668.6895703125,75.1494140625,193.0,4.125,3.625,1.43,-0.49,8.21,359.0625,7.3125,4.25,63,100.73252121384098,forward,65.0,65.0,
2026-08-05T08:40:23.720,730.523,gnss_navigation,35.91839888333333,139.90783048333333,29.002,1.0700444444444446,True,26,1,35.9184062,139.9079523,10.99991076936467,85.75837638649307,22.97,668.6895703125,75.1494140625,186.5625,-1.1875,-8.5625,-2.28,1.01,7.54,-7.4375,8.5,6.1875,127,100.80412361350693,forward,100.0,100.0,
2026-08-05T08:40:24.220,731.023,gnss_navigation,35.91839888333333,139.90783048333333,29.002,1.0700444444444446,True,26,1,35.9184062,139.9079523,10.99991076936467,85.75837638649307,22.97,668.6895703125,75.1494140625,186.375,-2.375,-7.25,-0.68,1.29,15.52,-75.625,73.125,9.0625,127,100.61662361350693,forward,100.0,100.0,
2026-08-05T08:40:24.720,731.523,gnss_navigation,35.91838898333334,139.90783078333334,28.818,0.9054222222222222,True,26,1,35.9184062,139.9079523,11.108965660484344,80.07665727018536,22.97,668.6895703125,75.1494140625,184.25,-0.75,-9.5,-0.58,2.52,2.66,-37.6875,-33.3125,11.625,63,104.17334272981464,forward,100.0,100.0,
2026-08-05T08:40:25.221,732.024,gnss_navigation,35.91838898333334,139.90783078333334,28.818,0.9054222222222222,True,26,1,35.9184062,139.9079523,11.108965660484344,80.07665727018536,22.97,668.6895703125,75.1494140625,184.1875,-0.625,-8.5625,-0.8,2.19,4.0,-41.8125,-65.9375,-0.875,63,104.11084272981464,forward,100.0,100.0,
2026-08-05T08:40:25.721,732.524,gnss_navigation,35.918380983333336,139.90783288333333,28.589,0.7665222222222222,True,26,1,35.9184062,139.9079523,11.113209552810089,75.38576198294112,22.97,668.6895703125,75.1494140625,180.625,-3.1875,-4.0625,-3.98,0.17,14.86,-115.6875,-17.6875,7.0625,127,105.23923801705888,forward,10.0,10.0,
2026-08-05T08:40:26.222,733.025,gnss_navigation,35.918380983333336,139.90783288333333,28.589,0.7665222222222222,True,26,1,35.9184062,139.9079523,11.113209552810089,75.38576198294112,22.97,668.6895703125,75.1494140625,180.375,-1.9375,11.875,-1.86,-0.13,2.91,-134.75,2.6875,18.5625,63,104.98923801705888,forward,30.0,30.0,
2026-08-05T08:40:26.722,733.525,gnss_navigation,35.9183717,139.90783588333332,28.331,1.0031666666666668,True,26,1,35.9184062,139.9079523,11.163356052337843,69.900898035203,22.97,668.6895703125,75.1494140625,171.3125,-0.25,-7.4375,-2.0,-0.43,4.98,-39.9375,71.25,1.8125,63,101.411601964797,forward,100.0,100.0,
2026-08-05T08:40:27.222,734.025,gnss_navigation,35.9183717,139.90783588333332,28.331,1.0031666666666668,True,26,1,35.9184062,139.9079523,11.163356052337843,69.900898035203,22.97,668.6895703125,75.1494140625,171.0,-1.5,-6.0,-6.27,-1.49,13.68,-51.125,62.25,7.0625,63,101.099101964797,forward,100.0,100.0,
2026-08-05T08:40:27.723,734.526,gnss_navigation,35.91836298333333,139.90783848333334,28.22,0.7819555555555555,True,26,1,35.9184062,139.9079523,11.319991813658909,64.88017851191194,22.97,668.6895703125,75.1494140625,171.0625,0.75,-11.0,-0.09,9.94,9.18,163.5625,-21.75,5.0,127,106.18232148808806,forward,80.0,80.0,
2026-08-05T08:40:28.223,735.026,gnss_navigation,35.91836298333333,139.90783848333334,28.22,0.7819555555555555,True,26,1,35.9184062,139.9079523,11.319991813658909,64.88017851191194,22.97,668.6895703125,75.1494140625,170.6875,0.875,-12.0,0.0,8.5,3.55,-44.875,-18.625,5.625,127,105.80732148808806,forward,90.0,90.0,
2026-08-05T08:40:28.724,735.526,gnss_navigation,35.918357,139.90784068333335,28.01,0.4424222222222222,True,26,1,35.9184062,139.9079523,11.443660226486022,61.440998373641435,22.97,668.6895703125,75.1494140625,159.8125,-1.9375,-4.125,-1.71,1.32,13.05,-4.0625,17.0625,6.0625,63,98.37150162635857,forward,100.0,100.0,
2026-08-05T08:40:29.224,736.027,gnss_navigation,35.918357,139.90784068333335,28.01,0.4424222222222222,True,26,1,35.9184062,139.9079523,11.443660226486022,61.440998373641435,22.97,668.6895703125,75.1494140625,159.875,-0.375,-6.4375,-0.93,2.44,6.79,54.0,-5.0,-7.5625,63,98.43400162635857,forward,100.0,100.0,
2026-08-05T08:40:29.724,736.527,gnss_navigation,35.91834898333333,139.907848,27.708,1.028888888888889,True,26,1,35.9184062,139.9079523,11.344358531608949,55.8870788033617,22.97,668.6895703125,75.1494140625,157.625,-1.375,-3.9375,4.87,-1.24,14.43,21.1875,88.0625,16.0,127,101.7379211966383,forward,100.0,100.0,
2026-08-05T08:40:30.225,737.028,gnss_navigation,35.91834898333333,139.907848,27.708,1.028888888888889,True,26,1,35.9184062,139.9079523,11.344358531608949,55.8870788033617,22.97,668.6895703125,75.1494140625,157.0,-1.0,-5.5625,-2.53,-1.91,11.47,31.6875,-29.8125,11.875,63,101.1129211966383,forward,100.0,100.0,
2026-08-05T08:40:30.725,737.528,gnss_navigation,35.9183424,139.90785388333333,27.449,0.8848444444444444,True,26,1,35.9184062,139.9079523,11.352246229702153,51.32371595499404,22.97,668.6895703125,75.1494140625,150.125,-2.25,-3.3125,-0.54,-0.51,5.25,18.75,36.0625,20.75,63,98.80128404500596,forward,0.0,100.0,
2026-08-05T08:40:31.225,738.028,gnss_navigation,35.9183424,139.90785388333333,27.449,0.8848444444444444,True,26,1,35.9184062,139.9079523,11.352246229702153,51.32371595499404,22.97,668.6895703125,75.1494140625,146.875,-3.875,-3.8125,-3.2,0.19,14.66,10.875,32.625,152.0625,63,95.55128404500596,forward,0.0,100.0,
2026-08-05T08:40:31.728,738.531,gnss_navigation,35.9183345,139.9078623,27.248,1.1832222222222222,True,27,1,35.9184062,139.9079523,11.368765846075295,45.47026853140636,22.97,668.6895703125,75.1494140625,49.9375,-4.5625,-9.75,-3.47,1.22,20.68,-20.4375,29.8125,18.125,191,4.4672314685936385,forward,100.0,36.85977723600477,
2026-08-05T08:40:32.229,739.032,gnss_navigation,35.9183345,139.9078623,27.248,1.1832222222222222,True,27,1,35.9184062,139.9079523,11.368765846075295,45.47026853140636,22.97,668.6895703125,75.1494140625,48.875,-4.8125,-10.1875,-3.37,3.07,1.51,-45.5625,-51.875,-40.5,191,3.4047314685936385,forward,68.57621482512509,71.42378517487491,
2026-08-05T08:40:32.729,739.532,gnss_navigation,35.91833258333333,139.90787068333333,27.22,0.8436888888888888,True,26,1,35.9184062,139.9079523,11.001163196372172,41.91941381124684,22.97,668.6895703125,75.1494140625,43.1875,-5.25,-14.125,-7.96,-4.55,12.53,-49.25,-64.8125,-0.5,63,1.2680861887531591,forward,74.9012148251251,65.0987851748749,
2026-08-05T08:40:33.229,740.032,gnss_navigation,35.91833258333333,139.90787068333333,27.22,0.8436888888888888,True,26,1,35.9184062,139.9079523,11.001163196372172,41.91941381124684,22.97,668.6895703125,75.1494140625,43.4375,-4.0,-14.375,-0.14,-0.24,1.78,-43.8125,20.8125,-2.0,63,1.5180861887531591,forward,68.47303104899747,71.52696895100253,
2026-08-05T08:40:33.731,740.534,gnss_navigation,35.91833798333333,139.90787608333332,27.204,0.7099333333333333,True,26,1,35.9184062,139.9079523,10.229575349849766,42.1396501118611,22.97,668.6895703125,75.1494140625,36.8125,-2.25,-16.4375,-2.19,-1.17,2.92,9.6875,74.125,5.0625,191,-5.327150111861101,forward,85.96053104899747,54.039468951002526,
2026-08-05T08:40:34.232,741.035,gnss_navigation,35.91833798333333,139.90787608333332,27.204,0.7099333333333333,True,26,1,35.9184062,139.9079523,10.229575349849766,42.1396501118611,22.97,668.6895703125,75.1494140625,36.1875,-2.125,-15.3125,4.0,3.48,9.36,-26.5625,57.5,-22.8125,191,-5.952150111861101,forward,50.05606084102453,89.94393915897547,
2026-08-05T08:40:34.732,741.535,gnss_navigation,35.91834288333333,139.90788178333332,27.163,0.7099333333333333,True,26,1,35.9184062,139.9079523,9.481181133951042,42.04871251306474,22.97,668.6895703125,75.1494140625,41.625,-4.875,-12.5,-4.13,0.47,21.12,25.1875,-38.8125,-7.4375,191,-0.4237125130647428,forward,60.72422008948888,79.27577991051112,
2026-08-05T08:40:35.233,742.035,gnss_navigation,35.91834288333333,139.90788178333332,27.163,0.7099333333333333,True,26,1,35.9184062,139.9079523,9.481181133951042,42.04871251306474,22.97,668.6895703125,75.1494140625,41.9375,-3.875,-13.125,-2.29,4.23,13.88,26.0625,-27.1875,4.8125,191,-0.11121251306474278,forward,69.9741260134609,70.0258739865391,
2026-08-05T08:40:35.733,742.536,gnss_navigation,35.9183474,139.90788748333333,27.127,0.7047888888888889,True,26,1,35.9184062,139.9079523,8.764566324289662,41.755946251621424,22.97,668.6895703125,75.1494140625,43.125,-3.75,-14.8125,0.44,2.08,5.95,-34.6875,3.0,-6.625,63,1.369053748378576,forward,67.4702200104518,72.5297799895482,
2026-08-05T08:40:36.236,743.039,gnss_navigation,35.9183474,139.90788748333333,27.127,0.7047888888888889,True,26,1,35.9184062,139.9079523,8.764566324289662,41.755946251621424,22.97,668.6895703125,75.1494140625,43.3125,-4.5,-14.6875,-2.92,3.39,5.18,-6.8125,-8.75,2.875,63,1.556553748378576,forward,67.81659134768884,72.18340865231116,
2026-08-05T08:40:36.738,743.541,gnss_navigation,35.9183528,139.90789188333332,27.066,0.7047888888888889,True,26,1,35.9184062,139.9079523,8.05344000358541,42.49797840939391,22.97,668.6895703125,75.1494140625,37.3125,0.0,-14.8125,0.15,8.55,10.17,-6.75,-6.8125,2.25,127,-5.185478409393909,forward,82.92975700129713,57.07024299870286,
2026-08-05T08:40:37.238,744.041,gnss_navigation,35.9183528,139.90789188333332,27.066,0.7047888888888889,True,26,1,35.9184062,139.9079523,8.05344000358541,42.49797840939391,22.97,668.6895703125,75.1494140625,37.25,0.6875,-14.8125,-2.71,0.93,5.01,-3.0,85.5625,-1.5,191,-5.247978409393909,forward,73.29225700129714,66.70774299870286,
2026-08-05T08:40:37.739,744.542,gnss_navigation,35.91836288333333,139.907904,26.975,0.7356555555555555,True,26,1,35.9184062,139.9079523,6.489811598147909,42.082730067724526,22.97,668.6895703125,75.1494140625,44.8125,-0.375,-13.9375,-2.5,-1.01,7.39,-48.8125,81.1875,-19.0625,191,2.729769932275474,forward,57.260882727515124,82.73911727248488,
2026-08-05T08:40:38.559,745.361,gnss_navigation,35.91836288333333,139.907904,26.975,0.7356555555555555,True,26,1,35.9184062,139.9079523,6.489811598147909,42.082730067724526,22.97,668.6895703125,75.1494140625,45.0625,-0.8125,-13.4375,-2.49,2.3,10.44,10.3125,-96.125,-3.75,191,2.979769932275474,forward,57.260882727515124,82.73911727248488,
2026-08-05T08:40:39.059,745.862,gnss_navigation,,,,,False,,,35.9184062,139.9079523,,,22.97,668.6895703125,75.1494140625,42.1875,0.25,-14.8125,-3.58,2.07,12.71,9.125,88.4375,-1.1875,127,,forward,69.34743405417962,70.65256594582038,
2026-08-05T08:40:39.559,746.362,gnss_navigation,,,,,False,,,35.9184062,139.9079523,,,22.97,668.6895703125,75.1494140625,39.75,-2.5625,-13.6875,-2.49,-2.44,3.18,-30.75,59.9375,-3.1875,63,,forward,71.86618405417963,68.13381594582037,
2026-08-05T08:40:40.061,746.864,gnss_navigation,35.9183723,139.907915,26.831,0.7408,True,26,1,35.9184062,139.9079523,5.048917016065035,41.703506670367744,22.97,668.6895703125,75.1494140625,42.4375,-0.8125,-12.4375,3.07,2.03,9.37,-15.5,-32.75,-8.125,127,0.7339933296322556,forward,62.99118405417962,77.00881594582037,
2026-08-05T08:40:40.759,747.561,gnss_navigation,35.9183723,139.907915,26.831,0.7408,True,26,1,35.9184062,139.9079523,5.048917016065035,41.703506670367744,22.97,668.6895703125,75.1494140625,42.9375,-0.9375,-13.25,3.11,0.36,3.83,-16.0625,-102.25,-17.3125,127,1.2339933296322556,forward,67.17099684290224,72.82900315709776,
2026-08-05T08:40:41.262,748.065,gnss_navigation,35.91837628333333,139.9079203,26.758,0.6482,True,26,1,35.9184062,139.9079523,4.401142593901099,40.90073308881,22.97,668.6895703125,75.1494140625,42.125,-0.8125,-13.8125,-1.38,3.49,22.14,-26.75,26.5625,1.625,191,1.22426691119,forward,68.3065553362942,71.6934446637058,
2026-08-05T08:40:41.762,748.565,gnss_navigation,35.91837628333333,139.9079203,26.758,0.6482,True,26,1,35.9184062,139.9079523,4.401142593901099,40.90073308881,22.97,668.6895703125,75.1494140625,41.4375,-2.375,-14.625,3.05,2.01,6.7,8.625,-31.8125,9.1875,191,0.53676691119,forward,70.8940553362942,69.1059446637058,
2026-08-05T08:40:42.262,749.065,gnss_navigation,35.9183801,139.90792608333334,26.607,0.6327666666666667,True,26,1,35.9184062,139.9079523,3.7411651634324565,39.12742928264697,22.97,668.6895703125,75.1494140625,35.125,-1.875,-13.3125,-6.38,-2.66,13.94,-0.0625,-78.5625,12.6875,63,-4.002429282646972,forward,89.314336471048,50.685663528952,
2026-08-05T08:40:42.763,749.566,gnss_navigation,35.9183801,139.90792608333334,26.607,0.6327666666666667,True,26,1,35.9184062,139.9079523,3.7411651634324565,39.12742928264697,22.97,668.6895703125,75.1494140625,42.5625,-1.625,-12.625,-5.72,0.08,10.72,-36.75,-29.375,-9.6875,63,3.435070717353028,forward,75.689336471048,64.310663528952,
2026-08-05T08:40:43.264,750.067,gnss_navigation,35.9183851,139.90792968333332,26.537,0.6276222222222222,True,26,1,35.9184062,139.9079523,3.1068836690929267,40.960115671241056,22.97,668.6895703125,75.1494140625,41.5625,-0.3125,-13.5,-7.9,-4.99,15.36,-28.625,91.4375,-11.1875,127,0.6023843287589443,forward,53.676943426117575,86.32305657388243,
2026-08-05T08:40:43.766,750.569,gnss_navigation,35.9183851,139.90792968333332,26.537,0.6276222222222222,True,26,1,35.9184062,139.9079523,3.1068836690929267,40.960115671241056,22.97,668.6895703125,75.1494140625,40.1875,-2.5,-13.3125,-1.15,5.48,6.67,32.6875,-58.0,17.9375,127,-0.7726156712410557,forward,70.67069342611758,69.32930657388242,
2026-08-05T08:40:44.267,751.070,gnss_navigation,35.918390683333335,139.9079341,26.411,0.7202222222222221,True,26,1,35.9184062,139.9079523,2.379713793273764,43.52827636589899,22.97,668.6895703125,75.1494140625,41.6875,-3.3125,-13.5,-2.58,1.41,2.9,23.125,-88.1875,-13.125,191,-1.8407763658989893,forward,61.18059253699285,78.81940746300715,
2026-08-05T08:40:44.768,751.571,gnss_navigation,35.918390683333335,139.9079341,26.411,0.7202222222222221,True,26,1,35.9184062,139.9079523,2.379713793273764,43.52827636589899,22.97,668.6895703125,75.1494140625,41.3125,-3.125,-13.5,0.84,-1.03,2.54,34.8125,21.3125,20.375,191,-2.2157763658989893,forward,70.34934253699285,69.65065746300715,
2026-08-05T08:40:45.268,752.071,searching_goal,35.91839518333333,139.90793868333333,26.353,0.6224777777777778,True,26,1,35.9184062,139.9079523,1.7332601694563825,,22.97,668.6895703125,75.1494140625,39.4375,-3.3125,-6.75,-1.03,0.61,9.84,-0.5,-0.0625,0.25,63,,stopped,0.0,0.0,
2026-08-05T08:40:45.769,752.572,searching_goal,35.91839518333333,139.90793868333333,26.353,0.6224777777777778,True,26,1,35.9184062,139.9079523,1.7332601694563825,,22.97,668.6895703125,75.1494140625,39.5625,-4.375,-5.5625,-1.04,0.62,9.8,0.0,0.0,-0.3125,63,,stopped,0.0,0.0,
2026-08-05T08:40:46.269,753.072,searching_goal,35.9183948,139.9079403,26.309,0.1028888888888889,True,26,1,35.9184062,139.9079523,1.6657140210423125,,22.97,668.6895703125,75.1494140625,39.625,-5.1875,-4.4375,-0.97,0.64,9.78,0.0625,0.0,0.0625,127,,stopped,0.0,0.0,
2026-08-05T08:40:46.869,753.672,searching_goal,35.9183948,139.9079403,26.309,0.1028888888888889,True,26,1,35.9184062,139.9079523,1.6657140210423125,,22.97,668.6895703125,75.1494140625,39.625,-5.1875,-4.4375,-0.97,1.94,9.77,0.0625,0.125,-0.125,127,,stopped,0.0,0.0,
2026-08-05T08:40:47.370,754.172,searching_goal,35.91839388333333,139.90794048333333,26.303,0.015433333333333332,True,26,1,35.9184062,139.9079523,1.7343582353279916,,22.97,668.6895703125,75.1494140625,39.625,-5.25,-4.375,-0.96,0.66,9.78,0.0,0.0625,0.0625,127,,stopped,0.0,0.0,
2026-08-05T08:40:47.881,754.684,searching_goal,35.91839388333333,139.90794048333333,26.303,0.015433333333333332,True,26,1,35.9184062,139.9079523,1.7343582353279916,,22.97,668.6895703125,75.1494140625,39.625,-5.25,-4.375,-0.98,0.66,9.78,0.125,-0.125,0.0625,127,,stopped,0.0,0.0,
2026-08-05T08:40:48.384,755.187,searching_goal,35.91839388333333,139.90794018333332,26.321,0.015433333333333332,True,26,1,35.9184062,139.9079523,1.7510634391816122,,22.97,668.6895703125,75.1494140625,39.625,-5.25,-4.375,-0.97,0.66,9.79,0.0625,0.125,0.0,127,,stopped,0.0,0.0,
2026-08-05T08:40:48.885,755.688,searching_goal,35.91839388333333,139.90794018333332,26.321,0.015433333333333332,True,26,1,35.9184062,139.9079523,1.7510634391816122,,22.97,668.6895703125,75.1494140625,39.625,-5.25,-4.375,-0.95,0.65,9.8,-0.0625,-0.1875,0.0625,127,,stopped,0.0,0.0,
2026-08-05T08:40:49.386,756.189,searching_goal,35.9183935,139.90794168333332,26.39,0.030866666666666664,True,26,1,35.9184062,139.9079523,1.7053641296695254,,22.97,668.6895703125,75.1494140625,39.625,-5.25,-4.375,-0.97,0.64,9.8,0.0,-0.0625,-0.125,127,,stopped,0.0,0.0,
2026-08-05T08:40:49.886,756.689,searching_goal,35.9183935,139.90794168333332,26.39,0.030866666666666664,True,26,1,35.9184062,139.9079523,1.7053641296695254,,22.97,668.6895703125,75.1494140625,39.625,-5.25,-4.375,-0.98,0.67,9.8,-0.0625,0.0625,0.0625,127,,stopped,0.0,0.0,
2026-08-05T08:40:50.387,757.190,searching_goal,35.91839328333333,139.90794208333332,26.382,0.12861111111111112,True,26,1,35.9184062,139.9079523,1.7056713615444048,,22.97,668.6895703125,75.1494140625,39.625,-5.25,-4.375,-0.97,0.67,9.79,0.0625,0.0,-0.125,127,,stopped,0.0,0.0,
2026-08-05T08:40:50.887,757.690,searching_goal,35.91839328333333,139.90794208333332,26.382,0.12861111111111112,True,26,1,35.9184062,139.9079523,1.7056713615444048,,22.97,668.6895703125,75.1494140625,39.625,-5.25,-4.375,-0.97,0.66,9.82,0.0,-0.0625,0.0,127,,stopped,0.0,0.0,
2026-08-05T08:40:51.388,758.191,guiding_to_goal,35.91839328333333,139.9079423,26.385,0.14404444444444445,True,26,1,35.9184062,139.9079523,1.6952267883141152,,22.97,668.6895703125,75.1494140625,39.625,-5.25,-4.375,-0.98,0.64,9.79,0.0625,0.125,0.0,127,,stopped,0.0,0.0,
2026-08-05T08:40:51.888,758.691,guiding_to_goal,35.91839328333333,139.9079423,26.385,0.14404444444444445,True,26,1,35.9184062,139.9079523,1.6952267883141152,,22.97,668.6895703125,75.1494140625,39.625,-5.25,-4.375,-0.97,0.64,9.78,-0.1875,0.0,0.0625,127,,stopped,0.0,0.0,
2026-08-05T08:40:52.392,759.195,guiding_to_goal,35.91839328333333,139.90794248333333,26.389,0.05144444444444445,True,26,1,35.9184062,139.9079523,1.6865148608845593,,22.97,668.6895703125,75.1494140625,39.625,-5.25,-4.375,-0.98,0.66,9.77,0.0,-0.0625,0.125,127,,stopped,0.0,0.0,
2026-08-05T08:40:52.893,759.696,guiding_to_goal,35.91839328333333,139.90794248333333,26.389,0.05144444444444445,True,26,1,35.9184062,139.9079523,1.6865148608845593,,22.97,668.6895703125,75.1494140625,39.625,-5.25,-4.375,-0.97,0.67,9.78,-0.0625,-0.125,0.0625,127,,stopped,0.0,0.0,
2026-08-05T08:40:53.393,760.196,guiding_to_goal,35.918393083333335,139.9079427,26.382,0.07202222222222222,True,26,1,35.9184062,139.9079523,1.6954627409585739,,22.97,668.6895703125,75.1494140625,39.625,-5.25,-4.375,-0.95,0.66,9.75,0.0,-0.125,-0.0625,127,,stopped,0.0,0.0,
2026-08-05T08:40:53.945,760.748,guiding_to_goal,35.918393083333335,139.9079427,26.382,0.07202222222222222,True,26,1,35.9184062,139.9079523,1.6954627409585739,,22.97,668.6895703125,75.1494140625,39.625,-5.25,-4.375,-0.97,0.66,9.79,0.0625,0.0,0.0625,127,,stopped,0.0,0.0,
2026-08-05T08:40:54.447,761.250,guiding_to_goal,35.918393083333335,139.9079427,26.382,0.06687777777777779,True,26,1,35.9184062,139.9079523,1.6954627409585739,,22.97,668.6895703125,75.1494140625,39.625,-5.25,-4.375,-0.99,0.63,9.82,-0.125,0.125,0.0,127,,stopped,0.0,0.0,
2026-08-05T08:40:55.056,761.859,guiding_to_goal,35.918393083333335,139.9079427,26.382,0.06687777777777779,True,26,1,35.9184062,139.9079523,1.6954627409585739,,22.97,668.6895703125,75.1494140625,39.625,-5.25,-4.375,-0.96,0.66,9.79,0.0,0.0,0.0,127,,stopped,0.0,0.0,
2026-08-05T08:40:55.563,762.366,guiding_to_goal,35.918393083333335,139.9079428,26.384,0.08231111111111111,True,26,1,35.9184062,139.9079523,1.6908888696228805,,22.97,668.6895703125,75.1494140625,39.625,-5.25,-4.375,-1.01,0.65,9.79,-0.0625,-0.125,0.0,127,,stopped,0.0,0.0,
2026-08-05T08:40:56.064,762.867,guiding_to_goal,35.918393083333335,139.9079428,26.384,0.08231111111111111,True,26,1,35.9184062,139.9079523,1.6908888696228805,,22.97,668.6895703125,75.1494140625,39.625,-5.25,-4.375,-0.98,0.68,9.77,0.0,0.0625,-0.125,127,,stopped,0.0,0.0,
2026-08-05T08:40:56.564,763.367,guiding_to_goal,35.918393083333335,139.9079427,26.388,0.030866666666666664,True,26,1,35.9184062,139.9079523,1.6954627409585739,,22.97,668.6895703125,75.1494140625,39.625,-5.25,-4.375,-0.96,0.64,9.8,0.0,-0.125,-0.125,127,,stopped,0.0,0.0,
2026-08-05T08:40:57.065,763.868,guiding_to_goal,35.918393083333335,139.9079427,26.388,0.030866666666666664,True,26,1,35.9184062,139.9079523,1.6954627409585739,,22.97,668.6895703125,75.1494140625,39.625,-5.25,-4.375,-0.97,0.66,9.8,0.0,0.0,0.0625,127,,stopped,0.0,0.0,
2026-08-05T08:40:57.565,764.368,guiding_to_goal,35.9183929,139.9079428,26.382,0.0926,True,26,1,35.9184062,139.9079523,1.7085040883599194,,22.97,668.6895703125,75.1494140625,39.625,-5.25,-4.375,-0.97,0.66,9.78,0.0625,-0.0625,-0.125,127,,stopped,0.0,0.0,
2026-08-05T08:40:58.065,764.868,guiding_to_goal,35.9183929,139.9079428,26.382,0.0926,True,26,1,35.9184062,139.9079523,1.7085040883599194,,22.97,668.6895703125,75.1494140625,39.625,-5.25,-4.375,-0.98,0.65,9.77,0.0625,-0.0625,0.0,127,,stopped,0.0,0.0,
2026-08-05T08:40:58.566,765.369,guiding_to_goal,35.91839278333333,139.90794288333333,26.385,0.06173333333333333,True,26,1,35.9184062,139.9079523,1.716024972191718,,22.97,668.6895703125,75.1494140625,64.4375,-3.3125,-1.8125,-0.61,-0.09,9.71,1.375,-15.3125,-87.875,127,,turn_right,30.0,-30.0,
2026-08-05T08:40:59.067,765.870,guiding_to_goal,35.91839278333333,139.90794288333333,26.385,0.06173333333333333,True,26,1,35.9184062,139.9079523,1.716024972191718,,22.97,668.6895703125,75.1494140625,71.4375,-2.6875,-6.4375,-0.33,5.9,8.78,246.0,-12.75,-4.625,63,,forward,49.8625,70.1375,
2026-08-05T08:40:59.567,766.370,guiding_to_goal,35.918392483333335,139.90794288333333,26.382,0.08231111111111111,True,25,1,35.9184062,139.9079523,1.7451037803052634,,22.97,668.6895703125,75.1494140625,63.25,-3.8125,-6.5,-0.18,3.36,8.24,-21.4375,-98.75,21.5625,191,,forward,76.10625,43.89375,
2026-08-05T08:41:00.068,766.871,guiding_to_goal,35.918392483333335,139.90794288333333,26.382,0.08231111111111111,True,25,1,35.9184062,139.9079523,1.7451037803052634,,22.97,668.6895703125,75.1494140625,62.3125,-3.75,-6.6875,-1.14,0.44,4.8,-42.1875,-2.5625,-5.8125,191,,forward,63.61875,56.38125,
2026-08-05T08:41:00.568,767.371,guiding_to_goal,35.91839208333333,139.90794328333334,26.361,0.5607444444444445,True,26,1,35.9184062,139.9079523,1.7672721177136093,,22.97,668.6895703125,75.1494140625,72.5,-3.75,-5.625,-0.14,2.83,11.31,-9.875,13.0,21.3125,127,,forward,40.154999999999994,31.845,
2026-08-05T08:41:01.068,767.871,guiding_to_goal,35.91839208333333,139.90794328333334,26.361,0.5607444444444445,True,26,1,35.9184062,139.9079523,1.7672721177136093,,22.97,668.6895703125,75.1494140625,63.25,-5.75,-6.375,-1.93,0.8,7.56,-26.5625,11.6875,-1.5,127,,forward,12.595,11.405000000000001,
2026-08-05T08:41:01.569,768.372,guiding_to_goal,35.918392583333336,139.90795208333333,26.394,0.37554444444444446,True,26,1,35.9184062,139.9079523,1.5142299588497952,,22.97,668.6895703125,75.1494140625,122.0,0.375,-2.4375,-0.35,1.1,10.15,1.5625,-20.25,-94.0625,63,,turn_left,-5.0,5.0,
2026-08-05T08:41:02.069,768.872,guiding_to_goal,35.918392583333336,139.90795208333333,26.394,0.37554444444444446,True,26,1,35.9184062,139.9079523,1.5142299588497952,,22.97,668.6895703125,75.1494140625,117.375,0.8125,-2.25,-0.67,2.29,10.18,13.375,-1.5,11.125,63,,turn_left,-25.0,25.0,
2026-08-05T08:41:02.570,769.373,guiding_to_goal,35.91839028333333,139.9079562,26.338,0.13375555555555557,True,26,1,35.9184062,139.9079523,1.804361498805567,,22.97,668.6895703125,75.1494140625,83.8125,-2.75,-5.0,-0.67,1.08,9.73,-0.125,0.0,-0.4375,255,,stopped,0.0,0.0,
2026-08-05T08:41:03.072,769.875,guiding_to_goal,35.91839028333333,139.9079562,26.338,0.13375555555555557,True,26,1,35.9184062,139.9079523,1.804361498805567,,22.97,668.6895703125,75.1494140625,83.8125,-2.875,-5.0625,-0.78,1.06,9.72,0.0625,-0.0625,0.0,255,,stopped,0.0,0.0,
2026-08-05T08:41:03.574,770.377,guiding_to_goal,35.9183886,139.90795818333334,26.257,0.14918888888888887,True,26,1,35.9184062,139.9079523,2.027476486987883,,22.97,668.6895703125,75.1494140625,83.875,-3.75,-5.75,-0.76,1.07,9.73,-0.0625,0.0,0.0625,255,,stopped,0.0,0.0,
2026-08-05T08:41:04.075,770.878,guiding_to_goal,35.9183886,139.90795818333334,26.257,0.14918888888888887,True,26,1,35.9184062,139.9079523,2.027476486987883,,22.97,668.6895703125,75.1494140625,83.875,-3.75,-5.8125,-0.76,1.09,9.74,-0.0625,-0.0625,0.125,255,,stopped,0.0,0.0,
2026-08-05T08:41:04.575,771.378,guiding_to_goal,35.918387583333335,139.90795818333334,26.189,0.12861111111111112,True,26,1,35.9184062,139.9079523,2.13680095004367,,22.97,668.6895703125,75.1494140625,83.875,-3.875,-5.875,-0.77,1.11,9.73,0.0625,0.0625,0.0,255,,stopped,0.0,0.0,
2026-08-05T08:41:05.087,771.890,guiding_to_goal,35.918387583333335,139.90795818333334,26.189,0.12861111111111112,True,26,1,35.9184062,139.9079523,2.13680095004367,,22.97,668.6895703125,75.1494140625,83.875,-3.875,-5.875,-0.75,1.1,9.76,-0.0625,0.0,0.125,255,,stopped,0.0,0.0,
2026-08-05T08:41:05.587,772.390,guiding_to_goal,35.9183868,139.9079586,26.124,0.12346666666666666,True,25,1,35.9184062,139.9079523,2.2305358027258864,,22.97,668.6895703125,75.1494140625,83.875,-3.875,-5.875,-0.75,1.09,9.7,0.0,-0.0625,0.125,255,,stopped,0.0,0.0,
2026-08-05T08:41:06.093,772.896,guiding_to_goal,35.9183868,139.9079586,26.124,0.12346666666666666,True,25,1,35.9184062,139.9079523,2.2305358027258864,,22.97,668.6895703125,75.1494140625,83.875,-3.875,-5.875,-0.76,1.09,9.75,0.0,0.125,0.0,255,,stopped,0.0,0.0,
2026-08-05T08:41:06.595,773.398,guiding_to_goal,35.91838668333333,139.90795868333333,26.118,0.13375555555555557,True,25,1,35.9184062,139.9079523,2.244994085687786,,22.97,668.6895703125,75.1494140625,83.875,-3.875,-5.875,-0.77,1.09,9.75,0.0625,0.0,0.0625,255,,stopped,0.0,0.0,
2026-08-05T08:41:07.107,773.910,guiding_to_goal,35.91838668333333,139.90795868333333,26.118,0.13375555555555557,True,25,1,35.9184062,139.9079523,2.244994085687786,,22.97,668.6895703125,75.1494140625,83.875,-3.875,-5.875,-0.75,1.08,9.75,0.0,0.1875,-0.125,255,,stopped,0.0,0.0,
2026-08-05T08:41:07.607,774.410,guiding_to_goal,35.918386383333335,139.90795888333332,26.112,0.2212111111111111,True,25,1,35.9184062,139.9079523,2.2818692789732387,,22.97,668.6895703125,75.1494140625,83.875,-3.875,-5.875,-0.76,1.09,9.75,-0.125,-0.0625,0.0625,255,,stopped,0.0,0.0,
2026-08-05T08:41:08.108,774.910,guiding_to_goal,35.918386383333335,139.90795888333332,26.112,0.2212111111111111,True,25,1,35.9184062,139.9079523,2.2818692789732387,,22.97,668.6895703125,75.1494140625,83.875,-3.875,-5.875,-0.76,1.09,9.73,0.0,0.0,-0.0625,255,,stopped,0.0,0.0,
2026-08-05T08:41:08.608,775.411,guiding_to_goal,35.918385883333336,139.90795968333333,26.104,0.12861111111111112,True,26,1,35.9184062,139.9079523,2.3549194681422025,,22.97,668.6895703125,75.1494140625,83.875,-3.875,-5.875,-0.76,1.1,9.72,0.0625,0.125,0.0625,255,,stopped,0.0,0.0,
2026-08-05T08:41:09.108,775.911,guiding_to_goal,35.918385883333336,139.90795968333333,26.104,0.12861111111111112,True,26,1,35.9184062,139.9079523,2.3549194681422025,,22.97,668.6895703125,75.1494140625,83.875,-3.875,-5.875,-0.77,1.08,9.71,-0.0625,0.0,0.0,255,,stopped,0.0,0.0,
2026-08-05T08:41:09.609,776.412,guiding_to_goal,35.918385783333335,139.90795988333332,26.101,0.020577777777777778,True,26,1,35.9184062,139.9079523,2.370713703587717,,22.97,668.6895703125,75.1494140625,83.875,-3.875,-5.875,-0.77,1.1,9.73,-0.0625,0.0,0.0,255,,stopped,0.0,0.0,
2026-08-05T08:41:10.110,776.913,guiding_to_goal,35.918385783333335,139.90795988333332,26.101,0.020577777777777778,True,26,1,35.9184062,139.9079523,2.370713703587717,,22.97,668.6895703125,75.1494140625,83.875,-3.875,-5.875,-0.75,1.09,9.74,0.0,0.0625,0.0,255,,stopped,0.0,0.0,
2026-08-05T08:41:10.610,777.413,guiding_to_goal,35.9183856,139.90795978333333,26.09,0.041155555555555556,True,26,1,35.9184062,139.9079523,2.3876854196489754,,22.97,668.6895703125,75.1494140625,83.875,-3.875,-5.875,-0.75,1.09,9.74,-0.0625,-0.0625,0.125,255,,stopped,0.0,0.0,
2026-08-05T08:41:11.111,777.913,guiding_to_goal,35.9183856,139.90795978333333,26.09,0.041155555555555556,True,26,1,35.9184062,139.9079523,2.3876854196489754,,22.97,668.6895703125,75.1494140625,83.875,-3.875,-5.875,-0.75,1.09,9.71,0.0625,0.0,0.125,255,,stopped,0.0,0.0,
2026-08-05T08:41:11.614,778.417,guiding_to_goal,35.9183856,139.90795968333333,26.08,0.030866666666666664,True,26,1,35.9184062,139.9079523,2.385159503399872,,22.97,668.6895703125,75.1494140625,83.875,-3.875,-5.875,-0.75,1.09,9.77,0.0,-0.0625,0.0,255,,stopped,0.0,0.0,
2026-08-05T08:41:12.154,778.957,guiding_to_goal,35.9183856,139.90795968333333,26.08,0.030866666666666664,True,26,1,35.9184062,139.9079523,2.385159503399872,,22.97,668.6895703125,75.1494140625,83.875,-3.875,-5.875,-0.77,1.1,9.76,-0.0625,0.0,0.0,255,,stopped,0.0,0.0,
2026-08-05T08:41:12.655,779.458,guiding_to_goal,35.9183856,139.90795958333334,26.081,0.03601111111111111,True,26,1,35.9184062,139.9079523,2.3826649440997825,,22.97,668.6895703125,75.1494140625,83.875,-3.875,-5.875,-0.76,1.07,9.73,0.0625,-0.125,-0.125,255,,stopped,0.0,0.0,
2026-08-05T08:41:13.166,779.968,guiding_to_goal,35.9183856,139.90795958333334,26.081,0.03601111111111111,True,26,1,35.9184062,139.9079523,2.3826649440997825,,22.97,668.6895703125,75.1494140625,83.875,-3.875,-5.875,-0.75,1.09,9.73,0.0,-0.0625,0.0,255,,stopped,0.0,0.0,
2026-08-05T08:41:13.666,780.469,guiding_to_goal,35.9183857,139.9079595,26.082,0.13375555555555557,True,26,1,35.9184062,139.9079523,2.369912963428932,,22.97,668.6895703125,75.1494140625,83.875,-3.875,-5.875,-0.76,1.09,9.71,0.0,0.0,-0.1875,255,,stopped,0.0,0.0,
2026-08-05T08:41:14.166,780.969,guiding_to_goal,35.9183857,139.9079595,26.082,0.13375555555555557,True,26,1,35.9184062,139.9079523,2.369912963428932,,22.97,668.6895703125,75.1494140625,83.875,-3.875,-5.875,-0.76,1.11,9.72,0.0,0.0625,0.0625,255,,stopped,0.0,0.0,
2026-08-05T08:41:14.667,781.470,guiding_to_goal,35.918385883333336,139.90795918333333,26.088,0.2057777777777778,True,26,1,35.9184062,139.9079523,2.342605270137216,,22.97,668.6895703125,75.1494140625,83.875,-3.875,-5.875,-0.75,1.1,9.71,-0.125,0.0,-0.0625,255,,stopped,0.0,0.0,
2026-08-05T08:41:15.171,781.974,guiding_to_goal,35.918385883333336,139.90795918333333,26.088,0.2057777777777778,True,26,1,35.9184062,139.9079523,2.342605270137216,,22.97,668.6895703125,75.1494140625,83.875,-3.875,-5.875,-0.75,1.1,9.73,0.0625,0.0,0.0,255,,stopped,0.0,0.0,
2026-08-05T08:41:15.672,782.475,guiding_to_goal,35.91838658333333,139.90795838333332,26.093,0.1852,True,26,1,35.9184062,139.9079523,2.249012090536413,,22.97,668.6895703125,75.1494140625,83.875,-3.875,-5.875,-0.76,1.09,9.75,0.0,-0.125,0.0,255,,turn_left,-5.0,5.0,
2026-08-05T08:41:16.172,782.975,guiding_to_goal,35.91838658333333,139.90795838333332,26.093,0.1852,True,26,1,35.9184062,139.9079523,2.249012090536413,,22.97,668.6895703125,75.1494140625,83.8125,-3.875,-5.875,-1.02,1.02,9.72,-0.125,-0.8125,1.625,255,,turn_left,-15.0,15.0,
2026-08-05T08:41:16.672,783.475,guiding_to_goal,35.91838718333333,139.907958,26.096,0.020577777777777778,True,26,1,35.9184062,139.9079523,2.175964484412306,,22.97,668.6895703125,75.1494140625,75.3125,-7.125,-7.6875,1.07,5.33,15.06,-20.1875,15.375,-3.9375,127,,forward,49.43125,70.56875,
2026-08-05T08:41:17.173,783.976,guiding_to_goal,35.91838718333333,139.907958,26.096,0.020577777777777778,True,26,1,35.9184062,139.9079523,2.175964484412306,,22.97,668.6895703125,75.1494140625,74.875,-7.875,-5.8125,-1.35,0.32,8.78,-23.5,7.375,15.875,191,,forward,58.75625,61.24375,
2026-08-05T08:41:17.673,784.476,guiding_to_goal,35.918387683333336,139.90795788333332,26.102,0.19034444444444445,True,26,1,35.9184062,139.9079523,2.119459728211698,,22.97,668.6895703125,75.1494140625,100.4375,-2.75,-3.8125,-1.21,0.99,9.68,-7.0625,-16.75,-74.1875,63,,stopped,0.0,0.0,
2026-08-05T08:41:18.173,784.976,guiding_to_goal,35.918387683333336,139.90795788333332,26.102,0.19034444444444445,True,26,1,35.9184062,139.9079523,2.119459728211698,,22.97,668.6895703125,75.1494140625,103.1875,-2.0,-3.125,-0.28,0.77,9.78,-0.4375,0.9375,27.75,63,,turn_left,-20.0,20.0,
2026-08-05T08:41:18.674,785.477,guiding_to_goal,35.9183886,139.90795818333334,26.105,0.31895555555555555,True,26,1,35.9184062,139.9079523,2.027476486987883,,22.97,668.6895703125,75.1494140625,63.875,-4.6875,-8.3125,-0.62,1.42,9.7,1.5625,1.5,11.9375,191,,stopped,0.0,0.0,
2026-08-05T08:41:19.175,785.977,guiding_to_goal,35.9183886,139.90795818333334,26.105,0.31895555555555555,True,26,1,35.9184062,139.9079523,2.027476486987883,,22.97,668.6895703125,75.1494140625,65.375,-5.0,-8.1875,-1.84,1.64,9.91,1.125,-0.3125,-14.375,191,,stopped,0.0,0.0,
2026-08-05T08:41:19.682,786.485,guiding_to_goal,35.918393,139.90795838333332,25.957,0.14404444444444445,True,26,1,35.9184062,139.9079523,1.5666708623345034,,22.97,668.6895703125,75.1494140625,66.125,-5.0,-7.8125,-0.85,1.2,9.71,0.0,-0.125,-0.0625,127,,stopped,0.0,0.0,
2026-08-05T08:41:20.183,786.985,guiding_to_goal,35.918393,139.90795838333332,25.957,0.14404444444444445,True,26,1,35.9184062,139.9079523,1.5666708623345034,,22.97,668.6895703125,75.1494140625,66.125,-5.0,-7.8125,-0.84,1.2,9.73,0.0,0.0,0.0625,127,,stopped,0.0,0.0,
2026-08-05T08:41:20.683,787.486,guiding_to_goal,35.91839278333333,139.90795828333333,25.859,0.10803333333333333,True,26,1,35.9184062,139.9079523,1.586183055750961,,22.97,668.6895703125,75.1494140625,66.125,-4.9375,-7.6875,-0.83,1.23,9.72,-0.0625,0.0,-0.0625,127,,stopped,0.0,0.0,
2026-08-05T08:41:21.183,787.986,guiding_to_goal,35.91839278333333,139.90795828333333,25.859,0.10803333333333333,True,26,1,35.9184062,139.9079523,1.586183055750961,,22.97,668.6895703125,75.1494140625,66.125,-4.9375,-7.6875,-0.84,1.21,9.71,-0.0625,0.0,0.125,127,,stopped,0.0,0.0,
2026-08-05T08:41:21.691,788.494,guiding_to_goal,35.918392483333335,139.90795828333333,25.772,0.08231111111111111,True,26,1,35.9184062,139.9079523,1.617597658126204,,22.97,668.6895703125,75.1494140625,66.125,-4.9375,-7.6875,-0.84,1.19,9.72,0.0,0.125,0.1875,127,,stopped,0.0,0.0,
2026-08-05T08:41:22.682,789.492,guiding_to_goal,35.918392483333335,139.90795828333333,25.772,0.08231111111111111,True,26,1,35.9184062,139.9079523,1.617597658126204,,22.97,668.6895703125,75.1494140625,66.125,-4.9375,-7.6875,-0.84,1.21,9.74,0.0,8.0,0.0,127,,stopped,0.0,0.0,
2026-08-05T08:41:23.188,789.991,guiding_to_goal,35.918392483333335,139.90795828333333,25.773,0.041155555555555556,True,26,1,35.9184062,139.9079523,1.617597658126204,,22.97,668.6895703125,75.1494140625,66.125,-4.9375,-7.6875,-0.83,1.21,9.68,0.0625,-0.0625,-0.1875,127,,stopped,0.0,0.0,
2026-08-05T08:41:23.689,790.491,guiding_to_goal,35.918392483333335,139.90795828333333,25.773,0.041155555555555556,True,26,1,35.9184062,139.9079523,1.617597658126204,,22.97,668.6895703125,75.1494140625,66.125,-4.9375,-7.6875,-0.83,1.2,9.71,-0.0625,0.0,0.125,127,,stopped,0.0,0.0,
2026-08-05T08:41:24.198,791.001,guiding_to_goal,35.9183924,139.90795828333333,25.771,0.11317777777777778,True,25,1,35.9184062,139.9079523,1.6263376763348014,,22.97,668.6895703125,75.1494140625,66.125,-4.9375,-7.6875,-0.84,1.18,9.75,0.0625,0.0,-0.0625,127,,stopped,0.0,0.0,
2026-08-05T08:41:24.698,791.501,guiding_to_goal,35.9183924,139.90795828333333,25.771,0.11317777777777778,True,25,1,35.9184062,139.9079523,1.6263376763348014,,22.97,668.6895703125,75.1494140625,66.125,-4.9375,-7.6875,-0.82,1.2,9.71,-0.0625,-0.0625,0.0,127,,stopped,0.0,0.0,
2026-08-05T08:41:25.199,792.002,guiding_to_goal,35.9183923,139.9079585,25.766,0.010288888888888889,True,26,1,35.9184062,139.9079523,1.643359256853446,,22.97,668.6895703125,75.1494140625,66.125,-4.9375,-7.6875,-0.85,1.21,9.72,-0.0625,0.1875,-0.0625,127,,stopped,0.0,0.0,
2026-08-05T08:41:25.702,792.505,guiding_to_goal,35.9183923,139.9079585,25.766,0.010288888888888889,True,26,1,35.9184062,139.9079523,1.643359256853446,,22.97,668.6895703125,75.1494140625,66.125,-4.9375,-7.6875,-0.83,1.2,9.73,0.0,0.0,0.0,127,,stopped,0.0,0.0,
2026-08-05T08:41:26.204,793.007,guiding_to_goal,35.9183923,139.9079586,25.759,0.03601111111111111,True,26,1,35.9184062,139.9079523,1.6464404802121722,,22.97,668.6895703125,75.1494140625,66.125,-4.9375,-7.6875,-0.83,1.22,9.7,-0.0625,-0.0625,-0.1875,127,,stopped,0.0,0.0,
2026-08-05T08:41:26.705,793.508,guiding_to_goal,35.9183923,139.9079586,25.759,0.03601111111111111,True,26,1,35.9184062,139.9079523,1.6464404802121722,,22.97,668.6895703125,75.1494140625,74.125,-4.9375,-7.6875,-0.84,1.19,9.73,0.0625,-0.0625,-0.0625,127,,stopped,0.0,0.0,
2026-08-05T08:41:27.205,794.008,guiding_to_goal,35.91839218333333,139.9079586,25.756,0.05658888888888889,True,26,1,35.9184062,139.9079523,1.6586247714821811,,22.97,668.6895703125,75.1494140625,66.125,-4.9375,-7.6875,-0.84,1.18,9.76,0.0625,0.0625,0.0625,127,,stopped,0.0,0.0,
2026-08-05T08:41:27.706,794.509,guiding_to_goal,35.91839218333333,139.9079586,25.756,0.05658888888888889,True,26,1,35.9184062,139.9079523,1.6586247714821811,,22.97,668.6895703125,75.1494140625,66.125,-4.9375,-7.6875,-0.83,1.21,9.73,0.125,-0.0625,-0.0625,127,,stopped,0.0,0.0,
2026-08-05T08:41:28.206,795.009,guiding_to_goal,35.91839208333333,139.90795868333333,25.75,0.1028888888888889,True,28,1,35.9184062,139.9079523,1.6716435413140924,,22.97,668.6895703125,75.1494140625,66.125,-4.9375,-7.6875,-0.84,1.19,9.72,0.0,-0.0625,-0.0625,127,,stopped,0.0,0.0,
2026-08-05T08:41:28.728,795.531,guiding_to_goal,35.91839208333333,139.90795868333333,25.75,0.1028888888888889,True,28,1,35.9184062,139.9079523,1.6716435413140924,,22.97,668.6895703125,75.1494140625,66.125,-4.9375,-7.6875,-0.84,2.52,9.69,0.0,0.0,0.0625,127,,stopped,0.0,0.0,
2026-08-05T08:41:29.230,796.033,guiding_to_goal,35.918391983333336,139.90795888333332,25.746,0.07716666666666668,True,28,1,35.9184062,139.9079523,1.6883288857421483,,22.97,668.6895703125,75.1494140625,66.125,-4.9375,-7.6875,-0.84,1.2,9.69,0.0625,-0.0625,0.0,127,,stopped,0.0,0.0,
2026-08-05T08:41:29.733,796.536,guiding_to_goal,35.918391983333336,139.90795888333332,25.746,0.07716666666666668,True,28,1,35.9184062,139.9079523,1.6883288857421483,,22.97,668.6895703125,75.1494140625,66.125,-4.9375,-7.6875,-0.82,1.21,9.68,0.0625,0.0,-0.125,127,,stopped,0.0,0.0,
2026-08-05T08:41:30.234,797.037,guiding_to_goal,35.918391983333336,139.907959,25.742,0.14404444444444445,True,26,1,35.9184062,139.9079523,1.6920465626297756,,22.97,668.6895703125,75.1494140625,66.125,-4.9375,-7.6875,-0.84,1.21,9.73,0.0,-0.125,-0.125,127,,stopped,0.0,0.0,
2026-08-05T08:41:30.734,797.537,guiding_to_goal,35.918391983333336,139.907959,25.742,0.14404444444444445,True,26,1,35.9184062,139.9079523,1.6920465626297756,,22.97,668.6895703125,75.1494140625,66.125,-4.9375,-7.6875,-0.85,1.2,9.68,-0.0625,-0.0625,0.0,127,,stopped,0.0,0.0,
2026-08-05T08:41:31.235,798.038,guiding_to_goal,35.918391783333334,139.90795928333333,25.738,0.09774444444444444,True,25,1,35.9184062,139.9079523,1.721995097703095,,22.97,668.6895703125,75.1494140625,66.125,-4.9375,-7.6875,-0.83,1.21,9.75,0.125,-0.1875,0.0,127,,stopped,0.0,0.0,
2026-08-05T08:41:31.735,798.538,guiding_to_goal,35.918391783333334,139.90795928333333,25.738,0.09774444444444444,True,25,1,35.9184062,139.9079523,1.721995097703095,,22.97,668.6895703125,75.1494140625,66.125,-4.9375,-7.6875,-0.81,1.2,9.71,-0.0625,-0.0625,0.0,127,,stopped,0.0,0.0,
2026-08-05T08:41:32.236,799.039,guiding_to_goal,35.9183917,139.90795938333332,25.738,0.09774444444444444,True,25,1,35.9184062,139.9079523,1.7339171653371521,,22.97,668.6895703125,75.1494140625,66.125,-4.9375,-7.6875,-0.84,1.2,9.74,0.0625,0.0,-0.0625,127,,stopped,0.0,0.0,
2026-08-05T08:41:32.736,799.539,guiding_to_goal,35.9183917,139.90795938333332,25.738,0.09774444444444444,True,25,1,35.9184062,139.9079523,1.7339171653371521,,22.97,668.6895703125,75.1494140625,66.125,-4.9375,-7.6875,-0.84,1.22,9.7,0.0,0.0625,-0.0625,127,,stopped,0.0,0.0,
2026-08-05T08:41:33.237,800.039,guiding_to_goal,35.9183917,139.9079595,25.739,0.025722222222222226,True,26,1,35.9184062,139.9079523,1.7378095302889451,,22.97,668.6895703125,75.1494140625,66.125,-4.9375,-7.6875,-0.84,1.2,9.71,0.125,-0.0625,0.0625,127,,forward,60.0,60.0,
2026-08-05T08:41:33.737,800.540,guiding_to_goal,35.9183917,139.9079595,25.739,0.025722222222222226,True,26,1,35.9184062,139.9079523,1.7378095302889451,,22.97,668.6895703125,75.1494140625,66.125,-4.9375,-8.625,-0.9,0.7,10.52,85.4375,-2.9375,10.375,127,,forward,60.0,60.0,
2026-08-05T08:41:34.237,801.040,guiding_to_goal,35.918391783333334,139.9079595,25.732,0.5967555555555555,True,26,1,35.9184062,139.9079523,1.7292158357196954,,22.97,668.6895703125,75.1494140625,64.9375,-5.375,-8.625,-0.42,-1.31,2.15,-34.75,4.4375,-1.625,255,,forward,47.04,36.959999999999994,
2026-08-05T08:41:34.738,801.541,guiding_to_goal,35.918391783333334,139.9079595,25.732,0.5967555555555555,True,26,1,35.9184062,139.9079523,1.7292158357196954,,22.97,668.6895703125,75.1494140625,65.1875,-5.0,-7.75,-2.0,0.2,11.34,-20.8125,15.0,-8.4375,255,,forward,18.27,17.73,
2026-08-05T08:41:35.238,802.041,guiding_to_goal,35.918396,139.9079657,25.667,0.11317777777777778,True,26,1,35.9184062,139.9079523,1.6560454237157962,,22.97,668.6895703125,75.1494140625,83.8125,-4.625,-5.0625,-1.43,0.61,9.87,1.125,-0.6875,-11.25,63,,turn_right,30.0,-30.0,
2026-08-05T08:41:35.738,802.541,guiding_to_goal,35.918396,139.9079657,25.667,0.11317777777777778,True,26,1,35.9184062,139.9079523,1.6560454237157962,,22.97,668.6895703125,75.1494140625,84.4375,-4.5625,-5.0,-0.59,0.28,9.84,-2.9375,-0.8125,-9.4375,63,,turn_right,30.0,-30.0,
2026-08-05T08:41:36.239,803.042,guiding_to_goal,35.918399183333335,139.90796358333333,25.608,0.08231111111111111,True,26,1,35.9184062,139.9079523,1.2810785292052522,,22.97,668.6895703125,75.1494140625,93.875,-3.6875,-5.4375,-1.14,1.54,9.76,2.75,-1.5,-12.9375,63,,stopped,0.0,0.0,
2026-08-05T08:41:36.739,803.542,guiding_to_goal,35.918399183333335,139.90796358333333,25.608,0.08231111111111111,True,26,1,35.9184062,139.9079523,1.2810785292052522,,22.97,668.6895703125,75.1494140625,93.6875,-3.3125,-5.0,-0.02,1.15,10.03,-3.1875,-2.875,8.5625,63,,turn_left,-15.0,15.0,
2026-08-05T08:41:37.240,804.042,guiding_to_goal,35.918402283333336,139.9079604,25.535,0.0463,True,26,1,35.9184062,139.9079523,0.8495423537101711,,22.97,668.6895703125,75.1494140625,57.75,-5.75,-7.5,-0.93,1.01,9.75,-0.125,-0.25,0.1875,127,,stopped,0.0,0.0,
2026-08-05T08:41:37.740,804.543,guiding_to_goal,35.918402283333336,139.9079604,25.535,0.0463,True,26,1,35.9184062,139.9079523,0.8495423537101711,,22.97,668.6895703125,75.1494140625,57.75,-5.75,-7.4375,-0.96,1.02,9.72,0.0,-0.125,-0.25,127,,stopped,0.0,0.0,
2026-08-05T08:41:38.242,805.045,guiding_to_goal,35.918404083333336,139.90795838333332,25.53,0.041155555555555556,True,26,1,35.9184062,139.9079523,0.5962343731858591,,22.97,668.6895703125,75.1494140625,57.75,-5.75,-6.75,-0.99,1.02,9.76,-0.0625,-0.0625,0.0,127,,stopped,0.0,0.0,
2026-08-05T08:41:38.745,805.548,guiding_to_goal,35.918404083333336,139.90795838333332,25.53,0.041155555555555556,True,26,1,35.9184062,139.9079523,0.5962343731858591,,22.97,668.6895703125,75.1494140625,57.75,-5.75,-6.75,-0.98,1.02,9.76,0.0,0.1875,0.0,127,,stopped,0.0,0.0,
2026-08-05T08:41:39.249,806.052,guiding_to_goal,35.9184045,139.9079585,25.541,0.025722222222222226,True,26,1,35.9184062,139.9079523,0.5894521137074705,,22.97,668.6895703125,75.1494140625,57.75,-5.75,-6.6875,-0.98,1.02,9.71,0.0625,-0.125,-0.0625,127,,stopped,0.0,0.0,
2026-08-05T08:41:39.891,806.694,guiding_to_goal,35.9184045,139.9079585,25.541,0.025722222222222226,True,26,1,35.9184062,139.9079523,0.5894521137074705,,22.97,668.6895703125,75.1494140625,57.75,-5.75,-6.6875,-0.99,1.03,9.74,0.0625,0.0,-0.125,127,,stopped,0.0,0.0,
2026-08-05T08:41:40.392,807.195,guiding_to_goal,35.918404583333334,139.9079585,25.545,0.08231111111111111,True,26,1,35.9184062,139.9079523,0.5865461922656863,,22.97,668.6895703125,75.1494140625,57.75,-5.75,-6.6875,-0.97,1.02,9.77,0.0,0.1875,0.0,127,,stopped,0.0,0.0,
2026-08-05T08:41:40.894,807.696,guiding_to_goal,35.918404583333334,139.9079585,25.545,0.08231111111111111,True,26,1,35.9184062,139.9079523,0.5865461922656863,,22.97,668.6895703125,75.1494140625,57.75,-5.75,-6.6875,-1.0,1.01,9.74,0.0,0.0,-0.125,127,,stopped,0.0,0.0,
2026-08-05T08:41:41.394,808.197,guiding_to_goal,35.91840478333334,139.90795838333332,25.552,0.0926,True,27,1,35.9184062,139.9079523,0.5700125970699284,,22.97,668.6895703125,75.1494140625,57.75,-5.75,-6.6875,-0.98,1.03,9.76,0.0,0.0625,-0.0625,127,,stopped,0.0,0.0,
2026-08-05T08:41:41.896,808.699,guiding_to_goal,35.91840478333334,139.90795838333332,25.552,0.0926,True,27,1,35.9184062,139.9079523,0.5700125970699284,,22.97,668.6895703125,75.1494140625,57.75,-5.75,-6.6875,-0.98,1.02,9.76,0.0625,0.0,0.125,127,,stopped,0.0,0.0,
2026-08-05T08:41:42.397,809.200,guiding_to_goal,35.91840498333333,139.90795838333332,25.557,0.08745555555555556,True,26,1,35.9184062,139.9079523,0.5642716450310307,,22.97,668.6895703125,75.1494140625,57.75,-5.75,-6.6875,-0.99,1.02,9.74,0.0,-0.0625,0.0,127,,stopped,0.0,0.0,
2026-08-05T08:41:42.903,809.706,guiding_to_goal,35.91840498333333,139.90795838333332,25.557,0.08745555555555556,True,26,1,35.9184062,139.9079523,0.5642716450310307,,22.97,668.6895703125,75.1494140625,57.75,-5.75,-6.6875,-0.98,1.01,9.75,0.125,0.0,0.0625,127,,stopped,0.0,0.0,
2026-08-05T08:41:43.404,810.207,guiding_to_goal,35.9184051,139.90795838333332,25.56,0.15947777777777777,True,25,1,35.9184062,139.9079523,0.5613026725194858,,22.97,668.6895703125,75.1494140625,57.75,-5.75,-6.6875,-0.97,1.01,9.77,0.0,0.0,0.0625,127,,stopped,0.0,0.0,
2026-08-05T08:41:43.905,810.708,guiding_to_goal,35.9184051,139.90795838333332,25.56,0.15947777777777777,True,25,1,35.9184062,139.9079523,0.5613026725194858,,22.97,668.6895703125,75.1494140625,57.75,-5.75,-6.6875,-0.99,1.0,9.73,-0.0625,0.0,-0.125,127,,stopped,0.0,0.0,
2026-08-05T08:41:44.407,811.210,guiding_to_goal,35.91840548333333,139.90795838333332,25.56,0.11317777777777778,True,24,1,35.9184062,139.9079523,0.5535795512018743,,22.97,668.6895703125,75.1494140625,57.75,-5.75,-6.6875,-1.0,1.0,9.72,0.125,0.0625,-0.0625,127,,stopped,0.0,0.0,
2026-08-05T08:41:44.908,811.711,guiding_to_goal,35.91840548333333,139.90795838333332,25.56,0.11317777777777778,True,24,1,35.9184062,139.9079523,0.5535795512018743,,22.97,668.6895703125,75.1494140625,57.75,-5.75,-6.6875,-1.0,1.0,9.75,-0.0625,0.125,0.0625,127,,stopped,0.0,0.0,
2026-08-05T08:41:45.408,812.211,guiding_to_goal,35.918405783333334,139.90795828333333,25.565,0.0926,True,24,1,35.9184062,139.9079523,0.540796864477121,,22.97,668.6895703125,75.1494140625,57.75,-5.75,-6.6875,-0.98,1.02,9.76,0.0625,0.0625,-0.0625,127,,stopped,0.0,0.0,
2026-08-05T08:41:45.911,812.714,guiding_to_goal,35.918405783333334,139.90795828333333,25.565,0.0926,True,24,1,35.9184062,139.9079523,0.540796864477121,,22.97,668.6895703125,75.1494140625,57.75,-5.75,-6.6875,-0.98,1.02,9.77,8.125,0.125,0.0,127,,stopped,0.0,0.0,
2026-08-05T08:41:46.422,813.225,guiding_to_goal,35.91840598333334,139.9079581,25.568,0.11832222222222223,True,24,1,35.9184062,139.9079523,0.5228544668253701,,22.97,668.6895703125,75.1494140625,57.75,-5.75,-6.6875,-0.98,1.03,9.78,0.0,0.125,-0.0625,127,,forward,60.0,60.0,
2026-08-05T08:41:46.922,813.725,guiding_to_goal,35.91840598333334,139.9079581,25.568,0.11832222222222223,True,24,1,35.9184062,139.9079523,0.5228544668253701,,22.97,668.6895703125,75.1494140625,57.75,-5.75,-7.9375,-1.43,-0.56,10.61,115.5,0.0625,4.0625,127,,forward,60.0,60.0,
2026-08-05T08:41:47.423,814.226,completed,35.918406383333334,139.9079581,25.564,0.18005555555555552,True,24,1,35.9184062,139.9079523,0.5226967903409335,,22.97,668.6895703125,75.1494140625,62.9375,-6.4375,-8.5,-1.13,1.38,9.73,-0.6875,0.0625,-0.1875,63,,stopped,0.0,0.0,
