timestamp,elapsed_s,phase,latitude_deg,longitude_deg,gnss_altitude_m,ground_speed_mps,gnss_has_fix,satellites,fix_quality,target_latitude_deg,target_longitude_deg,distance_to_target_m,target_heading_deg,temperature_c,pressure_hpa,humidity_percent,heading_deg,roll_deg,pitch_deg,accel_x_mps2,accel_y_mps2,accel_z_mps2,gyro_x_dps,gyro_y_dps,gyro_z_dps,calibration,heading_error_deg,control_mode,left_motor_command_percent,right_motor_command_percent,distance_m,error
2026-08-06T18:23:55.332,11.579,waiting_for_release,35.91943848333333,139.90934408333334,23.641,0.44756666666666667,True,14,1,35.91912968333333,139.90919718333333,36.79701675048018,,34.3,1008.28484375,54.6875,5.3125,-0.25,-73.1875,-0.71,10.33,3.72,-197.5625,-3.4375,11.5,4,,,,,0.037,
2026-08-06T18:23:56.454,12.697,waiting_for_release,35.91943848333333,139.90934408333334,23.641,0.44756666666666667,True,14,1,35.91912968333333,139.90919718333333,36.79701675048018,,34.31,1008.3007421875,54.7470703125,5.125,0.0,-69.3125,0.31,8.3,4.9,-204.25,-0.4375,13.5625,4,,,,,0.037,
2026-08-06T18:23:56.955,13.198,waiting_for_release,35.91945808333333,139.90937918333333,20.983,0.1028888888888889,True,23,1,35.91912968333333,139.90919718333333,40.02567203482334,,34.29,1008.2689453125,54.189453125,5.8125,0.4375,1.0,1.35,2.01,10.25,20.375,0.6875,-7.875,4,,,,,0.037,
2026-08-06T18:23:58.083,14.326,waiting_for_release,35.91945808333333,139.90937918333333,20.983,0.1028888888888889,True,23,1,35.91912968333333,139.90919718333333,40.02567203482334,,34.3,1008.2769140625,54.0166015625,5.9375,0.375,0.625,-0.07,0.56,8.76,9.75,1.125,0.75,4,,,,,0.037,
2026-08-06T18:23:58.583,14.826,waiting_for_release,35.919457183333336,139.90937908333333,,0.14404444444444445,True,,,35.91912968333333,139.90919718333333,39.93069693637954,,34.3,1008.148203125,53.912109375,9.75,5.875,-22.25,-1.41,3.12,9.44,18.875,-100.625,42.25,4,,,,,0.037,
2026-08-06T18:23:59.084,15.327,waiting_for_release,35.919457183333336,139.90937908333333,,0.14404444444444445,True,,,35.91912968333333,139.90919718333333,39.93069693637954,,34.3,1008.05828125,53.8662109375,8.3125,22.3125,-30.75,1.9,3.31,4.27,15.4375,-60.9375,145.5,5,,,,,0.037,
2026-08-06T18:23:59.584,15.827,waiting_for_release,,,,,False,,,35.91912968333333,139.90919718333333,,,34.3,1008.175546875,53.796875,256.625,15.625,35.0625,-1.49,-4.59,9.73,69.6875,54.8125,3.0,7,,,,,0.037,
2026-08-06T18:24:00.085,16.328,waiting_for_release,,,,,False,,,35.91912968333333,139.90919718333333,,,34.31,1008.128828125,53.76171875,320.1875,-16.75,14.3125,1.79,-0.36,9.52,-7.4375,91.0,-231.4375,7,,,,,0.037,
2026-08-06T18:24:00.585,16.828,waiting_for_release,,,,,False,,,35.91912968333333,139.90919718333333,,,34.29,1008.1516796875,53.759765625,74.25,-21.3125,43.25,-0.32,-6.18,7.24,-10.4375,118.5,-222.125,7,,,,,0.037,
2026-08-06T18:24:01.085,17.328,waiting_for_release,,,,,False,,,35.91912968333333,139.90919718333333,,,34.29,1008.1516796875,53.7138671875,188.875,-8.25,9.125,-7.08,-2.89,9.98,80.75,-153.8125,235.4375,7,,,,,0.037,
2026-08-06T18:24:01.586,17.829,waiting_for_release,,,,,False,,,35.91912968333333,139.90919718333333,,,34.28,1008.14375,53.7021484375,68.1875,32.6875,7.375,1.19,-1.7,9.11,73.8125,-76.125,180.6875,199,,,,,0.037,
2026-08-06T18:24:02.086,18.329,waiting_for_release,,,,,False,,,35.91912968333333,139.90919718333333,,,34.28,1008.080859375,53.6904296875,326.5625,14.0625,35.5625,-0.22,-5.79,8.15,53.9375,-25.75,107.5625,199,,,,,0.037,
2026-08-06T18:24:02.587,18.830,waiting_for_release,,,,,False,,,35.91912968333333,139.90919718333333,,,34.3,1008.1676171875,53.7158203125,356.25,-2.9375,-2.75,2.74,3.29,10.63,105.625,33.6875,-268.875,199,,,,,0.037,
2026-08-06T18:24:03.087,19.330,waiting_for_release,,,,,False,,,35.91912968333333,139.90919718333333,,,34.3,1008.1676171875,53.6923828125,125.4375,-30.75,37.75,-1.59,-2.99,8.75,-18.6875,132.1875,-182.5625,135,,,,,0.036,
2026-08-06T18:24:03.588,19.831,waiting_for_release,,,,,False,,,35.91912968333333,139.90919718333333,,,34.28,1008.1355078125,53.7138671875,186.875,-7.875,17.375,0.35,-4.88,13.17,197.5,-50.9375,98.6875,135,,,,,0.036,
2026-08-06T18:24:04.088,20.331,waiting_for_release,,,,,False,,,35.91912968333333,139.90919718333333,,,34.28,1008.14375,53.736328125,85.4375,26.25,2.1875,1.85,0.52,9.74,82.3125,-51.5,219.1875,199,,,,,0.037,
2026-08-06T18:24:04.588,20.832,waiting_for_release,,,,,False,,,35.91912968333333,139.90919718333333,,,34.27,1008.127578125,53.7822265625,325.125,13.875,34.5,-2.91,-4.54,8.12,38.25,-26.75,172.625,199,,,,,0.037,
2026-08-06T18:24:05.089,21.332,waiting_for_release,,,,,False,,,35.91912968333333,139.90919718333333,,,34.28,1008.19015625,53.7021484375,308.5625,-4.8125,7.5,-0.28,-3.68,12.68,87.1875,76.3125,-152.0,199,,,,,0.037,
2026-08-06T18:24:05.589,21.833,waiting_for_release,,,,,False,,,35.91912968333333,139.90919718333333,,,34.28,1008.11640625,53.6904296875,75.5625,-32.75,19.4375,-1.85,-2.13,8.1,31.5,82.375,-216.125,135,,,,,0.037,
2026-08-06T18:24:06.090,22.333,waiting_for_release,,,,,False,,,35.91912968333333,139.90919718333333,,,34.29,1008.1516796875,53.7021484375,179.375,-5.75,40.75,3.42,-5.5,7.93,98.625,32.9375,-135.4375,135,,,,,0.036,
2026-08-06T18:24:06.590,22.833,waiting_for_release,,,,,False,,,35.91912968333333,139.90919718333333,,,34.29,1008.1596484375,53.7265625,181.125,7.0,1.625,-3.05,1.15,12.75,76.5,-92.3125,272.0,135,,,,,0.037,
2026-08-06T18:24:07.091,23.334,waiting_for_release,,,,,False,,,35.91912968333333,139.90919718333333,,,34.28,1008.14375,53.771484375,73.625,31.1875,7.125,-1.13,0.55,8.43,106.6875,-54.0625,158.8125,135,,,,,0.037,
2026-08-06T18:24:07.591,23.834,waiting_for_release,,,,,False,,,35.91912968333333,139.90919718333333,,,34.3,1008.0935546875,53.8203125,316.875,3.25,33.8125,-3.44,-5.03,9.32,90.125,-69.375,136.8125,199,,,,,0.037,
2026-08-06T18:24:08.092,24.335,waiting_for_release,,,,,False,,,35.91912968333333,139.90919718333333,,,34.3,1008.1676171875,53.8544921875,307.9375,-2.5,0.8125,-0.37,-3.27,10.21,140.5625,23.25,-171.75,199,,,,,0.037,
2026-08-06T18:24:08.592,24.835,waiting_for_release,,,,,False,,,35.91912968333333,139.90919718333333,,,34.3,1008.1676171875,53.8779296875,68.8125,-27.125,14.5625,-1.76,-0.39,9.21,51.9375,104.375,-208.5,135,,,,,0.036,
2026-08-06T18:24:09.093,25.336,waiting_for_release,,,,,False,,,35.91912968333333,139.90919718333333,,,34.3,1008.194921875,53.8310546875,161.6875,-9.6875,29.625,1.98,-5.56,10.08,22.75,22.875,-124.4375,135,,,,,0.037,
2026-08-06T18:24:09.593,25.836,waiting_for_release,,,,,False,,,35.91912968333333,139.90919718333333,,,34.28,1008.14375,53.736328125,134.1875,14.375,-4.625,-0.87,0.95,11.13,78.0,-67.0625,221.1875,199,,,,,0.037,
2026-08-06T18:24:10.094,26.337,waiting_for_release,,,,,False,,,35.91912968333333,139.90919718333333,,,34.29,1008.1790234375,53.7021484375,28.75,28.8125,10.0,-0.79,-0.38,6.86,46.3125,32.6875,239.5625,199,,,,,0.037,
2026-08-06T18:24:10.594,26.837,waiting_for_release,,,,,False,,,35.91912968333333,139.90919718333333,,,34.3,1008.1402734375,53.76171875,296.25,-5.5,7.3125,-4.14,-1.92,10.91,9.375,7.5625,110.0,199,,,,,0.036,
2026-08-06T18:24:11.094,27.337,waiting_for_release,,,,,False,,,35.91912968333333,139.90919718333333,,,34.31,1008.1834765625,53.76171875,325.1875,-9.5,-16.0625,2.11,3.59,10.05,84.0625,-32.5625,-241.8125,199,,,,,0.036,
2026-08-06T18:24:11.595,27.838,waiting_for_release,,,,,False,,,35.91912968333333,139.90919718333333,,,34.3,1008.1676171875,53.8310546875,88.125,-18.8125,28.5,-0.07,-2.99,8.21,-7.625,49.4375,-188.875,135,,,,,0.037,
2026-08-06T18:24:12.095,28.338,waiting_for_release,,,,,False,,,35.91912968333333,139.90919718333333,,,34.29,1008.1790234375,53.6904296875,149.375,-1.9375,19.25,0.86,-5.43,8.89,62.4375,-2.9375,-26.375,135,,,,,0.037,
2026-08-06T18:24:12.596,28.839,waiting_for_release,,,,,False,,,35.91912968333333,139.90919718333333,,,34.29,1008.186953125,53.6220703125,90.375,7.6875,-6.625,-1.73,2.36,9.37,57.75,-22.875,185.5625,199,,,,,0.037,
2026-08-06T18:24:13.096,29.339,waiting_for_release,,,,,False,,,35.91912968333333,139.90919718333333,,,34.29,1008.105,53.5869140625,353.375,19.8125,8.625,0.41,1.43,7.58,-29.9375,-21.75,244.9375,199,,,,,0.037,
2026-08-06T18:24:13.597,29.840,waiting_for_release,,,,,False,,,35.91912968333333,139.90919718333333,,,34.31,1008.1834765625,53.599609375,296.125,-1.5,8.0625,-1.78,-2.58,10.28,5.4375,21.3125,27.625,199,,,,,0.037,
2026-08-06T18:24:14.097,30.340,waiting_for_release,,,,,False,,,35.91912968333333,139.90919718333333,,,34.31,1008.156171875,53.623046875,8.375,-11.375,-10.6875,0.36,5.35,8.04,8.75,-17.625,-225.25,199,,,,,0.037,
2026-08-06T18:24:14.597,30.840,waiting_for_release,,,,,False,,,35.91912968333333,139.90919718333333,,,34.31,1008.1641015625,53.6357421875,129.3125,-5.1875,16.0625,0.33,-1.31,9.58,-6.4375,5.875,-183.5625,199,,,,,0.037,
2026-08-06T18:24:15.098,31.341,waiting_for_release,,,,,False,,,35.91912968333333,139.90919718333333,,,34.31,1008.1834765625,53.6923828125,186.875,0.3125,1.1875,0.79,-1.09,10.65,68.8125,19.0,41.75,199,,,,,0.037,
2026-08-06T18:24:15.598,31.841,waiting_for_release,,,,,False,,,35.91912968333333,139.90919718333333,,,34.31,1008.1641015625,53.7626953125,87.8125,24.0,8.25,0.28,0.76,-316.79,70.375,-31.875,200.4375,135,,,,,0.037,
2026-08-06T18:24:16.099,32.342,waiting_for_release,,,,,False,,,35.91912968333333,139.90919718333333,,,34.32,1008.1450390625,53.7646484375,336.0625,9.3125,25.5625,-3.26,-1.44,8.19,-38.25,-20.875,295.6875,135,,,,,0.037,
2026-08-06T18:24:16.599,32.842,waiting_for_release,,,,,False,,,35.91912968333333,139.90919718333333,,,34.31,1008.1367578125,53.751953125,253.6875,-11.4375,16.625,-2.47,-4.42,9.43,52.1875,-46.5625,37.6875,135,,,,,0.037,
2026-08-06T18:24:17.100,33.343,waiting_for_release,,,,,False,,,35.91912968333333,139.90919718333333,,,34.32,1008.15296875,53.75390625,315.875,-1.4375,-0.375,1.79,-0.53,8.09,18.5,42.5625,-261.875,199,,,,,0.036,
2026-08-06T18:24:17.600,33.843,waiting_for_release,,,,,False,,,35.91912968333333,139.90919718333333,,,34.33,1008.1608984375,53.7421875,96.4375,-16.625,10.625,-1.14,0.6,9.17,12.25,18.4375,-242.9375,135,,,,,0.037,
2026-08-06T18:24:18.100,34.343,waiting_for_release,,,,,False,,,35.91912968333333,139.90919718333333,,,34.32,1008.2269921875,53.7294921875,171.25,-2.25,17.4375,2.88,-4.52,10.05,73.0,21.3125,-19.375,135,,,,,0.037,
2026-08-06T18:24:18.601,34.844,waiting_for_release,,,,,False,,,35.91912968333333,139.90919718333333,,,34.33,1008.223515625,53.8466796875,128.0625,13.0625,9.875,-1.43,-0.64,11.4,48.875,-63.5625,204.8125,199,,,,,0.037,
2026-08-06T18:24:19.101,35.344,waiting_for_release,,,,,False,,,35.91912968333333,139.90919718333333,,,34.33,1008.1882421875,53.7880859375,20.875,17.0,28.4375,-1.46,-2.7,7.41,12.25,-83.4375,229.25,199,,,,,0.037,
2026-08-06T18:24:19.602,35.845,waiting_for_release,,,,,False,,,35.91912968333333,139.90919718333333,,,34.33,1008.1688671875,53.765625,275.5625,-13.6875,18.875,-3.26,-3.72,10.44,18.3125,-43.125,90.1875,199,,,,,0.037,
2026-08-06T18:24:20.102,36.345,waiting_for_release,,,,,False,,,35.91912968333333,139.90919718333333,,,34.33,1008.086875,53.7421875,335.0625,-9.375,12.6875,2.74,-1.9,9.25,17.8125,100.875,-192.1875,199,,,,,0.036,
2026-08-06T18:24:20.603,36.846,waiting_for_release,,,,,False,,,35.91912968333333,139.90919718333333,,,34.33,1008.1962109375,53.71875,123.0625,-15.25,32.625,-1.3,-4.0,7.12,34.5625,114.25,-265.0625,135,,,,,0.036,
2026-08-06T18:24:21.103,37.346,waiting_for_release,,,,,False,,,35.91912968333333,139.90919718333333,,,34.33,1008.1962109375,53.603515625,205.8125,5.0625,24.3125,2.82,-4.91,8.98,70.9375,6.125,26.5625,135,,,,,0.037,
2026-08-06T18:24:21.603,37.846,waiting_for_release,,,,,False,,,35.91912968333333,139.90919718333333,,,34.33,1008.1608984375,53.603515625,111.6875,19.3125,20.3125,-0.51,-1.03,10.38,46.6875,-40.6875,199.9375,199,,,,,0.037,
2026-08-06T18:24:22.104,38.347,waiting_for_release,,,,,False,,,35.91912968333333,139.90919718333333,,,34.34,1008.1221484375,53.6162109375,6.0625,15.4375,45.125,-1.93,-4.53,6.85,14.25,-137.8125,206.75,199,,,,,0.037,
2026-08-06T18:24:22.604,38.847,waiting_for_release,,,,,False,,,35.91912968333333,139.90919718333333,,,34.34,1008.149453125,53.626953125,277.5,2.25,33.8125,1.12,-5.62,6.13,15.5625,-46.9375,128.0625,199,,,,,0.037,
2026-08-06T18:24:23.105,39.348,waiting_for_release,,,,,False,,,35.91912968333333,139.90919718333333,,,34.33,1008.1141796875,53.6259765625,315.375,-15.25,17.75,4.74,-4.7,11.3,48.1875,107.125,-237.625,199,,,,,0.037,
2026-08-06T18:24:23.605,39.848,waiting_for_release,,,,,False,,,35.91912968333333,139.90919718333333,,,34.34,1008.1847265625,53.6171875,110.0625,-11.6875,35.5,-0.78,-2.8,7.42,76.875,79.0625,-253.3125,135,,,,,0.037,
2026-08-06T18:24:24.106,40.349,waiting_for_release,,,,,False,,,35.91912968333333,139.90919718333333,,,34.35,1008.1926953125,53.6171875,202.4375,7.0,25.3125,3.86,-4.48,9.99,16.625,15.625,-66.8125,135,,,,,0.037,
2026-08-06T18:24:24.606,40.849,waiting_for_release,,,,,False,,,35.91912968333333,139.90919718333333,,,34.35,1008.0833984375,53.6748046875,122.375,8.5625,15.6875,-1.13,-1.37,9.46,43.6875,-2.0,176.1875,199,,,,,0.037,
2026-08-06T18:24:25.106,41.349,waiting_for_release,,,,,False,,,35.91912968333333,139.90919718333333,,,34.35,1008.138046875,53.6865234375,14.625,19.4375,36.9375,-0.76,-3.75,7.15,56.0625,-119.6875,190.1875,199,,,,,0.037,
2026-08-06T18:24:25.607,41.850,waiting_for_release,,,,,False,,,35.91912968333333,139.90919718333333,,,34.35,1008.2009375,53.6630859375,281.1875,-4.75,28.8125,-2.76,-5.48,10.35,29.0,3.9375,65.5,199,,,,,0.036,
2026-08-06T18:24:26.107,42.350,waiting_for_release,,,,,False,,,35.91912968333333,139.90919718333333,,,34.35,1008.1736328125,53.6513671875,340.625,-17.6875,27.625,0.38,-4.85,9.55,13.1875,96.4375,-208.875,199,,,,,0.036,
2026-08-06T18:24:26.608,42.851,waiting_for_release,,,,,False,,,35.91912968333333,139.90919718333333,,,34.36,1008.15421875,53.6181640625,103.9375,-22.1875,36.4375,-3.24,-5.38,6.06,145.5,175.5625,-229.75,199,,,,,0.036,
2026-08-06T18:24:27.108,43.351,waiting_for_release,,,,,False,,,35.91912968333333,139.90919718333333,,,34.35,1008.1189453125,53.55859375,193.5,0.0,31.0625,2.22,-5.93,9.59,1.0625,0.6875,-76.1875,199,,,,,0.036,
2026-08-06T18:24:27.609,43.852,waiting_for_release,,,,,False,,,35.91912968333333,139.90919718333333,,,34.35,1008.1107421875,53.58203125,141.8125,15.0,21.625,-2.87,-3.48,11.11,70.5625,-105.4375,175.1875,199,,,,,0.037,
2026-08-06T18:24:28.109,44.352,waiting_for_release,,,,,False,,,35.91912968333333,139.90919718333333,,,34.35,1008.1736328125,53.58203125,26.3125,15.3125,47.4375,-2.11,-5.69,6.27,-11.75,-145.25,208.1875,135,,,,,0.037,
2026-08-06T18:24:28.609,44.853,waiting_for_release,,,,,False,,,35.91912968333333,139.90919718333333,,,34.36,1008.1269140625,53.5947265625,298.75,-2.25,63.5,-2.39,-10.93,3.24,54.25,-56.125,81.8125,199,,,,,0.037,
2026-08-06T18:24:29.110,45.353,waiting_for_release,,,,,False,,,35.91912968333333,139.90919718333333,,,34.36,1008.1894921875,53.595703125,329.8125,-6.0,34.3125,0.98,-5.65,8.58,83.3125,73.9375,-179.25,199,,,,,0.037,
2026-08-06T18:24:29.610,45.853,waiting_for_release,,,,,False,,,35.91912968333333,139.90919718333333,,,34.37,1008.1428125,53.515625,88.75,-12.8125,28.0,-0.49,-1.89,6.65,38.625,129.4375,-308.0625,199,,,,,0.037,
2026-08-06T18:24:30.111,46.354,waiting_for_release,,,,,False,,,35.91912968333333,139.90919718333333,,,34.37,1008.252109375,53.52734375,204.4375,5.5625,16.375,4.6,-2.97,10.51,13.25,-3.875,-103.5625,199,,,,,0.037,
2026-08-06T18:24:30.611,46.854,waiting_for_release,,,,,False,,,35.91912968333333,139.90919718333333,,,34.36,1008.052890625,53.46875,160.5,21.625,27.4375,-0.53,-6.61,5.95,76.6875,-99.0,243.9375,199,,,,,0.036,
2026-08-06T18:24:31.112,47.355,waiting_for_release,,,,,False,,,35.91912968333333,139.90919718333333,,,34.36,1008.1894921875,53.48046875,42.5625,17.375,24.3125,-1.35,-2.95,8.5,32.3125,-106.3125,268.4375,199,,,,,0.037,
2026-08-06T18:24:31.612,47.855,waiting_for_release,,,,,False,,,35.91912968333333,139.90919718333333,,,34.37,1008.17015625,53.4697265625,280.125,-12.0,29.25,-5.16,-5.22,9.74,-5.1875,4.9375,163.5,199,,,,,0.037,
2026-08-06T18:24:32.113,48.356,waiting_for_release,,,,,False,,,35.91912968333333,139.90919718333333,,,34.36,1008.1348828125,53.5263671875,286.1875,-21.0625,34.1875,-0.63,-6.15,8.82,108.625,27.375,-186.6875,199,,,,,0.037,
2026-08-06T18:24:32.613,48.856,waiting_for_release,,,,,False,,,35.91912968333333,139.90919718333333,,,34.37,1008.1974609375,53.515625,39.9375,-12.4375,28.3125,-0.37,-5.21,7.54,30.5625,155.875,-229.5625,199,,,,,0.037,
2026-08-06T18:24:33.113,49.356,waiting_for_release,,,,,False,,,35.91912968333333,139.90919718333333,,,34.37,1008.306796875,53.4697265625,166.9375,-6.6875,33.4375,0.55,-3.38,7.77,35.6875,30.125,-214.75,135,,,,,0.036,
2026-08-06T18:24:33.614,49.857,waiting_for_release,,,,,False,,,35.91912968333333,139.90919718333333,,,34.38,1008.1587109375,53.3310546875,235.75,8.0,28.5625,3.0,-6.27,8.6,8.375,-52.125,12.875,199,,,,,0.036,
2026-08-06T18:24:34.114,50.357,waiting_for_release,,,,,False,,,35.91912968333333,139.90919718333333,,,34.38,1008.1040234375,53.4462890625,162.875,19.1875,15.8125,1.35,-2.26,8.41,151.0,-61.8125,181.375,199,,,,,0.036,
2026-08-06T18:24:34.615,50.858,waiting_for_release,,,,,False,,,35.91912968333333,139.90919718333333,,,34.38,1008.1587109375,53.4580078125,29.125,10.125,43.25,-0.5,-3.94,6.96,23.5625,-22.125,179.375,199,,,,,0.037,
2026-08-06T18:24:35.115,51.358,waiting_for_release,,,,,False,,,35.91912968333333,139.90919718333333,,,34.39,1008.120234375,53.4716796875,325.0,-16.1875,38.1875,-5.93,-7.23,6.95,-14.6875,-23.3125,88.9375,199,,,,,0.037,
2026-08-06T18:24:35.616,51.859,waiting_for_release,,,,,False,,,35.91912968333333,139.90919718333333,,,34.39,1008.1748828125,53.4833984375,3.3125,-6.25,39.1875,1.58,-5.31,7.79,39.8125,119.4375,-151.125,199,,,,,0.037,
2026-08-06T18:24:36.116,52.359,waiting_for_release,,,,,False,,,35.91912968333333,139.90919718333333,,,34.38,1008.1313671875,53.4931640625,111.125,0.0,25.9375,1.74,-3.99,6.89,82.25,144.6875,-243.625,135,,,,,0.037,
2026-08-06T18:24:36.616,52.859,waiting_for_release,,,,,False,,,35.91912968333333,139.90919718333333,,,34.38,1008.193984375,53.447265625,207.625,6.75,13.0,1.53,-2.97,9.79,10.6875,12.1875,-20.375,135,,,,,0.036,
2026-08-06T18:24:37.117,53.360,waiting_for_release,,,,,False,,,35.91912968333333,139.90919718333333,,,34.39,1008.1748828125,53.4599609375,143.25,22.875,18.375,0.99,-3.29,9.92,112.4375,-21.375,172.5,199,,,,,0.037,
2026-08-06T18:24:37.617,53.860,waiting_for_release,,,,,False,,,35.91912968333333,139.90919718333333,,,34.4,1008.1087890625,53.47265625,1.3125,3.3125,31.0625,-3.73,-2.29,8.23,-22.25,-14.25,294.9375,199,,,,,0.037,
2026-08-06T18:24:38.118,54.361,waiting_for_release,,,,,False,,,35.91912968333333,139.90919718333333,,,34.4,1008.218125,53.484375,273.5625,-22.9375,19.1875,-7.1,-5.67,7.91,2.8125,-54.5,108.125,199,,,,,0.037,
2026-08-06T18:24:38.618,54.861,waiting_for_release,,,,,False,,,35.91912968333333,139.90919718333333,,,34.41,1008.1793359375,53.3466796875,327.6875,-11.0,23.1875,-0.63,-3.24,10.01,63.375,27.875,-235.3125,199,,,,,0.036,
2026-08-06T18:24:39.119,55.362,waiting_for_release,,,,,False,,,35.91912968333333,139.90919718333333,,,34.41,1008.1519921875,53.4970703125,98.5,-11.125,35.4375,0.0,-2.34,6.92,99.125,180.8125,-309.9375,135,,,,,0.037,
2026-08-06T18:24:39.619,55.862,waiting_for_release,,,,,False,,,35.91912968333333,139.90919718333333,,,34.4,1008.17140625,53.4384765625,225.1875,18.0,29.3125,6.49,-3.72,6.91,3.625,58.375,-91.5,135,,,,,0.037,
2026-08-06T18:24:40.119,56.362,waiting_for_release,,,,,False,,,35.91912968333333,139.90919718333333,,,34.39,1008.1828515625,53.4599609375,178.8125,27.0625,16.0625,0.13,-6.5,6.5,52.25,-151.8125,255.0,199,,,,,0.037,
2026-08-06T18:24:40.620,56.863,waiting_for_release,,,,,False,,,35.91912968333333,139.90919718333333,,,34.4,1008.19875,53.5654296875,50.75,14.5625,55.75,-4.79,-5.11,5.71,-50.3125,-94.375,139.5,135,,,,,0.037,
2026-08-06T18:24:41.120,57.363,waiting_for_release,,,,,False,,,35.91912968333333,139.90919718333333,,,34.4,1008.24546875,53.49609375,65.25,-20.75,51.75,3.88,-6.56,8.11,-33.25,137.0,-83.875,199,,,,,0.037,
2026-08-06T18:24:41.621,57.864,waiting_for_release,,,,,False,,,35.91912968333333,139.90919718333333,,,34.4,1008.2260546875,53.51953125,119.4375,13.1875,29.375,-8.79,-4.98,6.13,82.625,66.25,9.3125,199,,,,,0.037,
2026-08-06T18:24:42.121,58.364,waiting_for_release,,,,,False,,,35.91912968333333,139.90919718333333,,,34.39,1008.2022265625,53.529296875,93.0625,-9.125,30.4375,8.27,0.8,9.11,8.125,-0.5,-14.75,199,,,,,0.037,
2026-08-06T18:24:42.622,58.865,waiting_for_release,,,,,False,,,35.91912968333333,139.90919718333333,,,34.4,1008.2727734375,53.5654296875,110.75,7.9375,27.4375,-5.31,-2.73,8.63,-50.9375,-93.4375,60.8125,199,,,,,0.036,
2026-08-06T18:24:43.122,59.365,waiting_for_release,,,,,False,,,35.91912968333333,139.90919718333333,,,34.39,1008.2921484375,53.587890625,96.4375,13.5,31.1875,5.84,-6.37,7.1,-52.8125,-2.5,-37.1875,199,,,,,0.037,
2026-08-06T18:24:43.622,59.865,waiting_for_release,,,,,False,,,35.91912968333333,139.90919718333333,,,34.41,1008.316015625,53.58984375,96.25,12.5625,32.5,10.92,-7.07,9.16,-30.75,75.75,44.6875,199,,,,,0.037,
2026-08-06T18:24:44.123,60.366,waiting_for_release,,,,,False,,,35.91912968333333,139.90919718333333,,,34.4,1008.2533984375,53.6005859375,107.0,12.0,34.25,-4.88,-4.87,8.1,-25.0625,-11.4375,-50.5625,199,,,,,0.037,
2026-08-06T18:24:44.623,60.866,waiting_for_release,,,,,False,,,35.91912968333333,139.90919718333333,,,34.42,1008.2855078125,53.6142578125,94.3125,2.625,41.5,6.41,-6.29,5.08,87.1875,-0.625,27.25,199,,,,,0.037,
2026-08-06T18:24:45.124,61.367,waiting_for_release,,,,,False,,,35.91912968333333,139.90919718333333,,,34.41,1008.1793359375,53.6708984375,114.1875,6.25,47.375,-8.81,-5.37,8.42,-5.625,19.0625,9.375,199,,,,,0.036,
2026-08-06T18:24:45.624,61.867,waiting_for_release,,,,,False,,,35.91912968333333,139.90919718333333,,,34.42,1008.3045703125,53.68359375,101.0625,3.1875,39.3125,7.56,-6.57,7.88,-36.75,-15.8125,-35.125,199,,,,,0.036,
2026-08-06T18:24:46.125,62.368,waiting_for_release,,,,,False,,,35.91912968333333,139.90919718333333,,,34.42,1008.2498828125,53.7060546875,109.3125,1.875,43.5,5.99,-7.34,7.64,-80.9375,-13.625,19.9375,199,,,,,0.037,
2026-08-06T18:24:46.625,62.868,waiting_for_release,,,,,False,,,35.91912968333333,139.90919718333333,,,34.41,1008.241953125,53.740234375,111.3125,8.125,45.6875,-6.56,-4.58,7.42,10.4375,3.625,-24.1875,199,,,,,0.037,
2026-08-06T18:24:47.125,63.368,waiting_for_release,,,,,False,,,35.91912968333333,139.90919718333333,,,34.41,1008.2966015625,53.716796875,105.5625,-3.875,40.875,5.15,-3.87,6.39,17.8125,-12.9375,5.5,199,,,,,0.037,
2026-08-06T18:24:47.626,63.869,waiting_for_release,,,,,False,,,35.91912968333333,139.90919718333333,,,34.42,1008.2855078125,53.7177734375,113.3125,9.3125,54.5625,-5.05,-9.09,7.71,21.8125,70.3125,-11.5,199,,,,,0.037,
2026-08-06T18:24:48.126,64.369,waiting_for_release,,,,,False,,,35.91912968333333,139.90919718333333,,,34.43,1008.26609375,53.7421875,107.375,4.625,46.5625,4.44,-9.85,6.24,-17.5,-30.375,-16.9375,199,,,,,0.037,
2026-08-06T18:24:48.627,64.870,waiting_for_release,,,,,False,,,35.91912968333333,139.90919718333333,,,34.43,1008.26609375,53.7421875,112.0,-0.6875,42.9375,4.61,-7.26,9.3,-17.25,-34.5625,30.125,199,,,,,0.037,
2026-08-06T18:24:49.127,65.370,waiting_for_release,,,,,False,,,35.91912968333333,139.90919718333333,,,34.42,1008.2581640625,53.7646484375,105.0,11.625,48.375,-4.07,-10.0,8.18,24.75,-117.5,-7.0625,199,,,,,0.037,
2026-08-06T18:24:49.628,65.871,waiting_for_release,,,,,False,,,35.91912968333333,139.90919718333333,,,34.43,1008.24671875,53.7548828125,98.6875,-20.625,29.25,4.24,-1.64,7.4,92.4375,95.125,79.125,199,,,,,0.036,
2026-08-06T18:24:50.128,66.371,waiting_for_release,,,,,False,,,35.91912968333333,139.90919718333333,,,34.43,1008.2114453125,53.7421875,108.1875,19.125,43.6875,-4.54,-7.91,10.27,-49.5625,-187.1875,-50.6875,199,,,,,0.036,
2026-08-06T18:24:50.628,66.871,waiting_for_release,,,,,False,,,35.91912968333333,139.90919718333333,,,34.43,1008.2934375,53.7421875,106.3125,-14.625,38.25,4.52,-1.85,7.94,16.0625,90.1875,32.5625,199,,,,,0.037,
2026-08-06T18:24:51.129,67.372,waiting_for_release,,,,,False,,,35.91912968333333,139.90919718333333,,,34.43,1008.2114453125,53.7197265625,114.625,24.125,50.6875,-5.42,-5.72,9.14,-51.375,-88.0625,-30.5,199,,,,,0.037,
2026-08-06T18:24:51.629,67.872,waiting_for_release,,,,,False,,,35.91912968333333,139.90919718333333,,,34.41,1008.241953125,53.716796875,112.4375,-1.6875,36.9375,5.9,-0.71,6.47,-32.5625,5.375,1.125,199,,,,,0.037,
2026-08-06T18:24:52.130,68.373,waiting_for_release,,,,,False,,,35.91912968333333,139.90919718333333,,,34.43,1008.2934375,53.7080078125,126.5,5.8125,41.5625,-8.95,-6.61,8.22,-23.6875,67.125,10.9375,199,,,,,0.037,
2026-08-06T18:24:52.630,68.873,waiting_for_release,,,,,False,,,35.91912968333333,139.90919718333333,,,34.42,1008.2581640625,53.6953125,111.125,-8.4375,39.375,1.67,-5.94,6.92,-33.6875,47.6875,-47.6875,199,,,,,0.037,
2026-08-06T18:24:53.131,69.374,waiting_for_release,,,,,False,,,35.91912968333333,139.90919718333333,,,34.43,1008.2740234375,53.685546875,125.0,-5.9375,38.125,-6.21,-8.73,6.92,32.5,-87.6875,38.3125,199,,,,,0.037,
2026-08-06T18:24:53.631,69.874,waiting_for_release,,,,,False,,,35.91912968333333,139.90919718333333,,,34.43,1008.2934375,53.6728515625,110.4375,8.625,43.75,2.66,-11.66,8.91,-98.625,-108.5,-58.6875,199,,,,,0.037,
2026-08-06T18:24:54.131,70.374,waiting_for_release,,,,,False,,,35.91912968333333,139.90919718333333,,,34.44,1008.2546484375,53.662109375,113.875,26.5625,50.1875,6.65,-8.59,7.98,128.9375,28.125,-13.875,199,,,,,0.036,
2026-08-06T18:24:54.632,70.875,waiting_for_release,,,,,False,,,35.91912968333333,139.90919718333333,,,34.45,1008.270546875,53.791015625,98.125,12.75,52.0625,0.49,-11.48,10.45,-164.4375,-83.125,-61.9375,199,,,,,0.037,
2026-08-06T18:24:55.132,71.375,waiting_for_release,,,,,False,,,35.91912968333333,139.90919718333333,,,34.45,1008.243203125,53.7099609375,97.0,12.625,54.75,2.13,-9.4,6.18,-5.8125,104.25,74.4375,199,,,,,0.037,
2026-08-06T18:24:55.633,71.876,waiting_for_release,,,,,False,,,35.91912968333333,139.90919718333333,,,34.44,1008.289921875,53.7216796875,104.25,22.125,66.125,-1.36,-8.46,6.52,-85.625,-64.5625,-13.5625,199,,,,,0.037,
2026-08-06T18:24:56.133,72.376,waiting_for_release,,,,,False,,,35.91912968333333,139.90919718333333,,,34.44,1008.2352734375,53.7099609375,101.25,-1.3125,40.75,4.2,-8.17,7.69,44.0,123.25,30.125,199,,,,,0.037,
2026-08-06T18:24:56.634,72.877,waiting_for_release,,,,,False,,,35.91912968333333,139.90919718333333,,,34.45,1008.270546875,53.791015625,110.9375,11.75,59.875,-8.11,-5.91,6.71,-70.1875,-63.5625,-7.0625,199,,,,,0.036,
2026-08-06T18:24:57.134,73.377,waiting_for_release,,,,,False,,,35.91912968333333,139.90919718333333,,,34.44,1008.2352734375,53.7099609375,93.25,-1.125,38.0,7.57,-3.39,6.35,54.875,1.8125,25.3125,199,,,,,0.037,
2026-08-06T18:24:57.634,73.877,waiting_for_release,,,,,False,,,35.91912968333333,139.90919718333333,,,34.44,1008.262578125,53.6748046875,102.625,21.1875,55.6875,-4.31,-5.64,7.13,4.4375,15.9375,17.0625,199,,,,,0.037,
2026-08-06T18:24:58.135,74.378,waiting_for_release,,,,,False,,,35.91912968333333,139.90919718333333,,,34.44,1008.2352734375,53.65234375,99.9375,1.4375,43.125,7.7,-4.06,6.23,-5.9375,53.6875,12.4375,199,,,,,0.036,
2026-08-06T18:24:58.635,74.878,waiting_for_release,,,,,False,,,35.91912968333333,139.90919718333333,,,34.45,1008.270546875,53.65234375,101.1875,19.25,63.4375,-3.16,-4.84,9.14,7.5,38.6875,6.8125,199,,,,,0.037,
2026-08-06T18:24:59.136,75.379,waiting_for_release,,,,,False,,,35.91912968333333,139.90919718333333,,,34.45,1008.2978515625,53.6630859375,104.6875,3.75,44.8125,5.65,-6.12,5.74,-24.0625,-10.125,-17.5,199,,,,,0.037,
2026-08-06T18:24:59.636,75.879,waiting_for_landing,,,,,False,,,35.91912968333333,139.90919718333333,,,34.24,1007.8965625,53.6630859375,102.9375,17.25,59.5625,0.05,-10.43,7.48,112.25,67.875,-36.0625,199,,,,,0.037,
2026-08-06T18:25:00.137,76.380,waiting_for_landing,,,,,False,,,35.91912968333333,139.90919718333333,,,34.46,1008.32203125,53.6767578125,103.0625,16.4375,40.9375,2.65,-8.58,8.51,-53.875,53.1875,24.0625,199,,,,,0.037,
2026-08-06T18:25:00.637,76.880,waiting_for_landing,,,,,False,,,35.91912968333333,139.90919718333333,,,34.45,1008.3061328125,53.6650390625,110.0625,21.3125,38.0,10.26,-3.25,3.66,180.25,60.25,37.3125,199,,,,,0.036,
2026-08-06T18:25:01.137,77.380,waiting_for_landing,,,,,False,,,35.91912968333333,139.90919718333333,,,34.46,1008.2047265625,53.6650390625,108.9375,15.375,60.125,-6.46,-5.74,10.81,-102.3125,-46.875,-10.375,199,,,,,0.037,
2026-08-06T18:25:01.638,77.881,waiting_for_landing,,,,,False,,,35.91912968333333,139.90919718333333,,,34.45,1008.2514453125,53.69921875,88.75,10.9375,29.0,8.43,-2.78,2.76,-6.875,50.3125,66.5,199,,,,,0.037,
2026-08-06T18:25:02.138,78.381,waiting_for_landing,,,,,False,,,35.91912968333333,139.90919718333333,,,34.45,1008.1421484375,53.6875,120.375,12.1875,37.1875,-8.51,-2.99,4.78,24.3125,-18.8125,24.0,199,,,,,0.037,
2026-08-06T18:25:02.639,78.882,waiting_for_landing,,,,,False,,,35.91912968333333,139.90919718333333,,,34.47,1008.220625,53.6767578125,86.8125,13.0,24.1875,7.95,0.88,3.92,13.25,-15.25,24.8125,199,,,,,0.036,
2026-08-06T18:25:03.139,79.382,waiting_for_landing,,,,,False,,,35.91912968333333,139.90919718333333,,,34.47,1008.220625,53.666015625,80.6875,-27.625,30.0,-2.17,5.47,8.21,67.375,46.125,166.8125,199,,,,,0.037,
2026-08-06T18:25:03.639,79.882,waiting_for_landing,,,,,False,,,35.91912968333333,139.90919718333333,,,34.47,1008.19328125,53.6767578125,25.0625,-48.625,15.125,-6.99,-1.6,6.82,-9.8125,12.6875,-22.0,199,,,,,0.037,
2026-08-06T18:25:04.140,80.383,waiting_for_landing,,,,,False,,,35.91912968333333,139.90919718333333,,,34.47,1008.1659375,53.630859375,72.8125,10.375,43.875,11.81,-4.95,6.09,-19.0625,-29.5,46.1875,199,,,,,0.037,
2026-08-06T18:25:04.640,80.883,waiting_for_landing,,,,,False,,,35.91912968333333,139.90919718333333,,,34.47,1008.20125,53.6552734375,99.1875,1.9375,42.3125,-9.82,-2.39,6.11,54.6875,39.0,-106.25,199,,,,,0.037,
2026-08-06T18:25:05.141,81.384,waiting_for_landing,,,,,False,,,35.91912968333333,139.90919718333333,,,34.47,1008.1465625,53.736328125,103.6875,6.6875,36.5,6.55,-2.23,4.66,-53.125,47.625,-17.4375,199,,,,,0.037,
2026-08-06T18:25:05.641,81.884,waiting_for_landing,,,,,False,,,35.91912968333333,139.90919718333333,,,34.48,1008.1818359375,53.6669921875,119.9375,-5.25,48.9375,-9.54,-10.06,7.82,6.0625,-84.0625,18.5625,199,,,,,0.036,
2026-08-06T18:25:06.142,82.385,waiting_for_landing,,,,,False,,,35.91912968333333,139.90919718333333,,,34.48,1008.1818359375,53.6435546875,83.625,-1.75,42.875,0.41,-9.21,5.66,-1.5625,94.375,26.1875,199,,,,,0.037,
2026-08-06T18:25:06.642,82.885,waiting_for_landing,,,,,False,,,35.91912968333333,139.90919718333333,,,34.48,1008.1351171875,53.65625,105.375,6.3125,56.4375,-2.74,-8.85,6.38,-37.0625,-24.9375,-28.8125,199,,,,,0.037,
2026-08-06T18:25:07.142,83.385,waiting_for_landing,,,,,False,,,35.91912968333333,139.90919718333333,,,34.48,1008.2091796875,53.5859375,99.6875,3.75,63.375,0.97,-9.03,4.26,-30.4375,43.375,-2.625,199,,,,,0.037,
2026-08-06T18:25:07.643,83.886,waiting_for_landing,,,,,False,,,35.91912968333333,139.90919718333333,,,34.48,1008.1351171875,53.62109375,111.0,9.875,65.3125,0.65,-9.48,2.74,-31.4375,-75.875,-11.875,199,,,,,0.036,
2026-08-06T18:25:08.143,84.386,waiting_for_landing,,,,,False,,,35.91912968333333,139.90919718333333,,,34.48,1008.053125,53.65625,96.75,-1.6875,64.1875,-2.35,-10.75,4.11,48.1875,76.5625,38.0,199,,,,,0.037,
2026-08-06T18:25:08.644,84.887,waiting_for_landing,,,,,False,,,35.91912968333333,139.90919718333333,,,34.48,1008.1077734375,53.66796875,99.0,12.875,56.1875,3.72,-7.63,2.92,-18.75,-70.9375,45.9375,199,,,,,0.037,
2026-08-06T18:25:09.144,85.387,waiting_for_landing,,,,,False,,,35.91912968333333,139.90919718333333,,,34.48,1008.1271875,53.724609375,103.3125,4.25,60.25,-4.89,-7.59,5.12,13.25,33.0,-25.1875,199,,,,,0.036,
2026-08-06T18:25:09.645,85.888,waiting_for_landing,,,,,False,,,35.91912968333333,139.90919718333333,,,34.49,1008.0887109375,53.76171875,95.875,16.6875,57.8125,8.95,-6.28,3.79,22.875,-16.375,46.625,199,,,,,0.037,
2026-08-06T18:25:10.145,86.388,waiting_for_landing,,,,,False,,,35.91912968333333,139.90919718333333,,,34.24,1007.759921875,53.6630859375,100.9375,-1.25,60.1875,-8.96,-10.22,6.03,-76.5625,8.875,77.9375,199,,,,,0.036,
2026-08-06T18:25:10.645,86.888,waiting_for_landing,,,,,False,,,35.91912968333333,139.90919718333333,,,34.5,1008.1592578125,53.8427734375,58.125,26.9375,79.0625,1.72,-7.34,2.45,-24.25,-171.3125,19.5,199,,,,,0.037,
2026-08-06T18:25:11.146,87.389,waiting_for_landing,,,,,False,,,35.91912968333333,139.90919718333333,,,34.5,1008.104609375,53.8662109375,47.8125,31.5625,127.75,1.27,-7.08,-3.87,-48.125,-0.25,-30.5,199,,,,,0.037,
2026-08-06T18:25:11.646,87.889,waiting_for_landing,,,,,False,,,35.91912968333333,139.90919718333333,,,34.51,1008.14015625,53.7978515625,119.3125,46.875,151.1875,7.66,-5.12,-5.34,-113.25,8.6875,27.75,199,,,,,0.037,
2026-08-06T18:25:12.147,88.390,waiting_for_landing,,,,,False,,,35.91912968333333,139.90919718333333,,,34.49,1007.7333203125,53.552734375,194.8125,-0.3125,163.0625,-5.69,2.0,-3.36,5.4375,-208.4375,175.9375,199,,,,,0.036,
2026-08-06T18:25:12.647,88.890,waiting_for_landing,,,,,False,,,35.91912968333333,139.90919718333333,,,34.47,1008.20125,53.3193359375,192.125,-37.0625,-10.0,-0.52,0.29,-0.09,-30.375,-319.5625,28.75,7,,,,,0.037,
2026-08-06T18:25:13.147,89.390,waiting_for_landing,,,,,False,,,35.91912968333333,139.90919718333333,,,34.48,1007.9984375,53.146484375,272.3125,8.3125,-142.875,-20.78,-1.45,-8.86,-108.25,228.8125,241.9375,7,,,,,0.036,
2026-08-06T18:25:13.648,89.891,waiting_for_landing,,,,,False,,,35.91912968333333,139.90919718333333,,,34.48,1008.2091796875,53.052734375,74.9375,5.3125,74.0,2.16,-8.81,1.85,-230.0,-3.5625,-13.3125,7,,,,,0.033,
2026-08-06T18:25:14.148,90.391,waiting_for_landing,,,,,False,,,35.91912968333333,139.90919718333333,,,34.49,1008.3073828125,52.9970703125,80.1875,5.25,125.4375,-0.44,-8.83,-3.64,28.75,-0.25,0.625,7,,,,,0.036,
2026-08-06T18:25:14.649,90.892,waiting_for_landing,,,,,False,,,35.91912968333333,139.90919718333333,,,34.48,1008.291171875,52.9482421875,73.75,1.3125,115.5,-0.24,-8.64,-3.95,-2.875,0.125,0.0625,7,,,,,0.035,
2026-08-06T18:25:15.149,91.392,waiting_for_landing,,,,,False,,,35.91912968333333,139.90919718333333,,,34.48,1008.2365234375,52.9482421875,71.875,0.125,115.25,-0.23,-8.63,-3.93,0.125,0.125,0.0,7,,,,,0.035,
2026-08-06T18:25:15.650,91.893,waiting_for_landing,,,,,False,,,35.91912968333333,139.90919718333333,,,34.49,1008.2606640625,52.927734375,71.0,-0.375,115.25,-0.27,-8.72,-4.28,0.0,-0.0625,0.125,3,,,,,0.035,
2026-08-06T18:25:16.150,92.393,waiting_for_landing,,,,,False,,,35.91912968333333,139.90919718333333,,,34.49,1008.3153125,52.927734375,70.375,-0.75,115.5625,-0.27,-8.72,-4.3,0.0625,-0.0625,-0.0625,51,,,,,0.035,
2026-08-06T18:25:16.650,92.893,waiting_for_landing,,,,,False,,,35.91912968333333,139.90919718333333,,,34.49,1008.225390625,52.927734375,70.0,-1.0,115.75,-0.28,-8.73,-4.31,-0.0625,0.0,-0.125,51,,,,,0.034,
2026-08-06T18:25:17.151,93.394,waiting_for_landing,,,,,False,,,35.91912968333333,139.90919718333333,,,34.5,1008.26859375,52.916015625,69.875,-1.0625,115.75,-0.26,-8.74,-4.31,0.125,-0.0625,0.125,51,,,,,0.033,
2026-08-06T18:25:17.651,93.894,waiting_for_landing,,,,,False,,,35.91912968333333,139.90919718333333,,,34.5,1008.26859375,52.892578125,69.875,-1.0625,115.75,-0.28,-8.75,-4.3,8.0625,0.0,-0.0625,51,,,,,0.034,
2026-08-06T18:25:18.152,94.395,waiting_for_landing,,,,,False,,,35.91912968333333,139.90919718333333,,,34.5,1008.26859375,52.916015625,69.875,-1.0625,115.75,-0.25,-8.74,-4.3,0.0,-0.125,0.0625,51,,,,,0.034,
2026-08-06T18:25:18.652,94.895,waiting_for_landing,,,,,False,,,35.91912968333333,139.90919718333333,,,34.5,1008.2959375,52.880859375,69.875,-1.0625,115.75,-0.26,-8.74,-4.25,0.0,-0.125,0.0,51,,,,,0.033,
2026-08-06T18:25:19.153,95.396,waiting_for_landing,,,,,False,,,35.91912968333333,139.90919718333333,,,34.5,1008.24125,52.8583984375,69.875,-1.0625,115.75,-0.28,-8.75,-4.29,0.0625,0.0,-0.125,51,,,,,0.035,
2026-08-06T18:25:19.653,95.896,waiting_for_landing,,,,,False,,,35.91912968333333,139.90919718333333,,,34.49,1008.2880078125,52.7998046875,69.875,-1.0625,115.75,-0.26,-8.73,-4.28,0.0625,0.0,-0.0625,51,,,,,0.034,
2026-08-06T18:25:20.154,96.397,waiting_for_landing,,,,,False,,,35.91912968333333,139.90919718333333,,,34.51,1008.2221875,52.87109375,69.875,-1.0625,115.75,-0.27,-8.75,-4.26,0.0625,-0.0625,0.0,51,,,,,0.034,
2026-08-06T18:25:20.654,96.897,waiting_for_landing,,,,,False,,,35.91912968333333,139.90919718333333,,,34.18,1007.7926953125,52.8447265625,69.875,-1.0625,115.75,-0.29,-8.76,-4.26,0.0,0.125,-0.0625,51,,,,,0.034,
2026-08-06T18:25:21.154,97.397,waiting_for_landing,,,,,False,,,35.91912968333333,139.90919718333333,,,34.52,1008.273359375,52.7802734375,69.875,-1.0625,115.75,-0.28,-8.73,-4.27,0.125,0.0,0.0625,51,,,,,0.033,
2026-08-06T18:25:21.655,97.898,waiting_for_landing,,,,,False,,,35.91912968333333,139.90919718333333,,,34.51,1008.3588671875,52.82421875,69.875,-1.0625,115.75,-0.28,-8.76,-4.24,0.0,0.0,-0.0625,51,,,,,0.034,
2026-08-06T18:25:22.155,98.398,waiting_for_landing,,,,,False,,,35.91912968333333,139.90919718333333,,,34.5,1008.2959375,52.8115234375,69.875,-1.0625,115.75,-0.26,-8.75,-4.28,0.0625,-0.125,0.0,51,,,,,0.034,
2026-08-06T18:25:22.656,98.899,waiting_for_landing,,,,,False,,,35.91912968333333,139.90919718333333,,,34.5,1008.2959375,52.8115234375,69.875,-1.0625,115.75,-0.3,-8.76,-4.23,0.0,0.0,0.125,51,,,,,0.032,
2026-08-06T18:25:23.156,99.399,waiting_for_landing,,,,,False,,,35.91912968333333,139.90919718333333,,,34.51,1008.2848046875,52.90625,77.875,-1.0625,115.75,-0.28,-8.78,-4.23,8.0,0.0625,0.0625,51,,,,,0.034,
2026-08-06T18:25:23.656,99.900,waiting_for_landing,,,,,False,,,35.91912968333333,139.90919718333333,,,34.52,1008.3280078125,52.7568359375,69.875,-1.0625,115.75,-0.27,-8.77,-4.23,0.0625,0.0,0.0625,51,,,,,0.033,
2026-08-06T18:25:24.157,100.400,landed,,,,,False,,,35.91912968333333,139.90919718333333,,,34.52,1008.320078125,52.755859375,69.875,-1.0625,115.75,-0.27,-8.77,-4.23,0.125,-0.125,0.0625,51,,,,,0.034,
2026-08-06T18:25:24.658,100.901,landed,,,,,False,,,35.91912968333333,139.90919718333333,,,34.51,1008.2848046875,52.744140625,69.875,-1.0625,115.75,-0.29,-8.76,-4.21,0.0625,0.0625,0.0625,51,,,,,0.033,
2026-08-06T18:25:25.158,101.401,landed,,,,,False,,,35.91912968333333,139.90919718333333,,,34.51,1008.2848046875,52.802734375,69.875,-1.0625,115.75,-0.26,-8.77,-4.21,0.1875,-0.0625,0.1875,51,,,,,0.034,
2026-08-06T18:25:25.671,101.914,landed,,,,,False,,,35.91912968333333,139.90919718333333,,,34.52,1008.320078125,52.744140625,69.875,-1.0625,115.75,-0.27,-8.77,-4.21,0.0625,0.0,-0.0625,51,,,,,0.033,
2026-08-06T18:25:26.172,102.415,landed,,,,,False,,,35.91912968333333,139.90919718333333,,,34.51,1008.2848046875,52.744140625,69.875,-1.0625,115.75,-0.29,-8.79,-4.16,0.0625,0.0625,0.0625,51,,,,,0.034,
2026-08-06T18:25:26.673,102.916,landed,,,,,False,,,35.91912968333333,139.90919718333333,,,34.52,1008.273359375,52.7109375,69.875,-1.0625,115.75,-0.27,-8.79,-4.15,0.0625,8.0625,0.0,51,,,,,0.033,
2026-08-06T18:25:27.182,103.425,landed,,,,,False,,,35.91912968333333,139.90919718333333,,,34.5,1008.4052734375,52.71875,69.9375,-1.0625,115.5,-0.26,-8.83,-4.06,0.75,0.125,0.0,51,,,,,0.033,
2026-08-06T18:25:27.683,103.926,landed,,,,,False,,,35.91912968333333,139.90919718333333,,,34.52,1008.273359375,52.7333984375,69.9375,-1.0625,115.4375,-0.27,-8.87,-4.0,0.3125,0.0,0.0625,51,,,,,0.033,
2026-08-06T18:25:28.193,104.436,landed,,,,,False,,,35.91912968333333,139.90919718333333,,,34.53,1008.2621875,52.7353515625,69.6875,-1.1875,114.875,-0.28,-8.9,-3.88,-0.4375,0.0625,0.0625,51,,,,,0.032,
2026-08-06T18:25:28.697,104.940,landed,,,,,False,,,35.91912968333333,139.90919718333333,,,34.53,1008.3715625,52.74609375,69.5,-1.3125,114.625,-0.26,-8.9,-3.9,-0.5625,0.0,0.0625,51,,,,,0.032,
2026-08-06T18:25:29.198,105.441,landed,,,,,False,,,35.91912968333333,139.90919718333333,,,34.53,1008.2621875,52.7353515625,69.375,-1.375,114.4375,-0.27,-8.9,-3.9,-0.4375,0.0625,-0.0625,51,,,,,0.033,
2026-08-06T18:25:29.699,105.942,landed,,,,,False,,,35.91912968333333,139.90919718333333,,,32.54,1005.290625,52.6455078125,69.375,-1.375,114.4375,-0.26,-8.9,-3.85,-0.1875,0.0,0.0625,51,,,,,0.033,
2026-08-06T18:25:30.202,106.450,landed,,,,,False,,,35.91912968333333,139.90919718333333,,,34.54,1008.3601171875,52.724609375,69.375,-1.375,114.4375,-0.26,-8.9,-3.84,0.0,-0.0625,-0.0625,51,,,,,0.033,
2026-08-06T18:25:30.707,106.950,landed,,,,,False,,,35.91912968333333,139.90919718333333,,,34.53,1008.2895703125,52.7001953125,69.375,-1.375,114.4375,-0.29,-8.93,-3.82,0.125,0.1875,0.0625,51,,,,,0.031,
2026-08-06T18:25:31.211,107.454,landed,,,,,False,,,35.91912968333333,139.90919718333333,,,34.19,1007.7266015625,52.71875,69.3125,-1.4375,114.1875,-0.27,-8.91,-3.81,0.625,-0.125,0.1875,51,,,,,0.032,
2026-08-06T18:25:31.711,107.954,landed,,,,,False,,,35.91912968333333,139.90919718333333,,,34.55,1008.2860546875,52.724609375,69.25,-1.5,113.6875,-0.27,-8.94,-3.77,-0.375,-0.0625,-0.125,51,,,,,0.032,
2026-08-06T18:25:32.222,108.465,landed,,,,,False,,,35.91912968333333,139.90919718333333,,,34.55,1008.293984375,52.6904296875,69.25,-1.5,113.5625,-0.28,-8.94,-3.73,-0.25,0.0625,-0.125,51,,,,,0.032,
2026-08-06T18:25:32.732,108.975,landed,,,,,False,,,35.91912968333333,139.90919718333333,,,34.55,1008.2860546875,52.6552734375,69.25,-1.5,113.5625,-0.29,-8.98,-3.72,0.1875,0.0625,0.0625,51,,,,,0.032,
2026-08-06T18:25:33.265,109.508,landed,,,,,False,,,35.91912968333333,139.90919718333333,,,34.53,1008.23484375,52.6533203125,69.25,-1.5,113.5625,-0.29,-8.95,-3.71,-0.1875,0.0,0.0,51,,,,,0.032,
2026-08-06T18:25:33.765,110.008,landed,,,,,False,,,35.91912968333333,139.90919718333333,,,34.54,1008.3054296875,52.52734375,70.5625,-1.375,94.5,0.35,-10.53,-0.81,151.8125,-0.375,3.625,51,,,,,0.032,
2026-08-06T18:25:34.266,110.509,landed,,,,,False,,,35.91912968333333,139.90919718333333,,,34.54,1008.27015625,52.6201171875,74.25,-0.625,6.4375,-0.03,-0.46,8.78,197.625,-1.5,-0.75,51,,,,,0.033,
2026-08-06T18:25:34.777,111.020,landed,,,,,False,,,35.91912968333333,139.90919718333333,,,31.73,1003.8496875,52.5400390625,75.75,0.0625,-60.375,0.15,8.96,3.73,26.75,-0.625,-0.25,179,,,,,0.033,
2026-08-06T18:25:35.277,111.520,landed,,,,,False,,,35.91912968333333,139.90919718333333,,,34.56,1008.3292578125,52.5986328125,72.0,0.3125,-39.4375,0.1,6.19,6.78,-93.0,0.25,0.875,115,,,,,0.033,
2026-08-06T18:25:35.778,112.021,landed,,,,,False,,,35.91912968333333,139.90919718333333,,,34.55,1008.321328125,52.5166015625,71.0625,-0.5625,-3.0625,-0.51,-0.23,9.28,66.5,0.625,-0.25,179,,,,,0.032,
2026-08-06T18:25:36.281,112.524,landed,,,,,False,,,35.91912968333333,139.90919718333333,,,34.55,1008.2393359375,52.3310546875,71.1875,-0.25,-18.1875,-0.13,2.85,8.59,-79.625,0.9375,0.5625,243,,,,,0.032,
2026-08-06T18:25:36.781,113.024,landed,,,,,False,,,35.91912968333333,139.90919718333333,,,34.56,1008.274609375,52.4482421875,71.6875,-0.3125,-19.0625,-0.01,3.55,8.61,2.5625,0.25,-0.25,243,,,,,0.032,
2026-08-06T18:25:37.282,113.525,landed,,,,,False,,,35.91912968333333,139.90919718333333,,,34.56,1008.2555078125,52.4267578125,79.9375,-0.375,-16.5625,-0.07,2.81,8.8,-0.375,0.0,-0.0625,243,,,,,0.032,
2026-08-06T18:25:37.782,114.025,landed,,,,,False,,,35.91912968333333,139.90919718333333,,,34.57,1008.29078125,52.4375,72.1875,-0.375,-15.8125,-0.08,2.47,8.86,-3.1875,0.0625,0.0625,243,,,,,0.032,
2026-08-06T18:25:38.283,114.526,landed,,,,,False,,,35.91912968333333,139.90919718333333,,,34.57,1008.29078125,52.5185546875,72.1875,-0.4375,-15.75,-0.14,2.49,9.33,0.75,0.0,0.0625,243,,,,,0.032,
2026-08-06T18:25:38.783,115.026,landed,,,,,False,,,35.91912968333333,139.90919718333333,,,34.57,1008.2713671875,52.4150390625,72.1875,-0.5,-15.5625,-0.14,2.44,9.32,0.0,0.0,0.125,243,,,,,0.032,
2026-08-06T18:25:39.283,115.526,landed,,,,,False,,,35.91912968333333,139.90919718333333,,,34.57,1008.23609375,52.3916015625,72.1875,-0.5,-15.4375,-0.14,2.47,9.35,0.0,0.0,0.125,243,,,,,0.032,
2026-08-06T18:25:39.784,116.027,landed,,,,,False,,,35.91912968333333,139.90919718333333,,,34.56,1008.2281640625,52.3447265625,72.1875,-0.5,-15.4375,-0.15,2.47,9.31,0.0625,0.0,0.0,243,,,,,0.032,
2026-08-06T18:25:40.284,116.527,landed,,,,,False,,,35.91912968333333,139.90919718333333,,,34.23,1008.0716015625,52.2958984375,72.1875,-0.5,-15.4375,-0.12,2.47,9.33,-0.375,0.25,0.0,243,,,,,0.032,
2026-08-06T18:25:40.785,117.028,landed,,,,,False,,,35.91912968333333,139.90919718333333,,,34.56,1008.2555078125,52.322265625,72.1875,-0.5,-15.4375,-0.15,2.5,9.35,-0.125,-0.0625,0.0625,243,,,,,0.032,
2026-08-06T18:25:41.285,117.528,landed,,,,,False,,,35.91912968333333,139.90919718333333,,,34.58,1008.259921875,52.34765625,72.1875,-0.5,-15.4375,-0.13,2.48,9.34,-0.0625,-0.0625,0.0625,243,,,,,0.032,
2026-08-06T18:25:41.786,118.029,landed,,,,,False,,,35.91912968333333,139.90919718333333,,,34.26,1007.78375,52.35546875,72.1875,-0.5,-15.4375,-0.14,2.53,9.35,-0.625,-0.125,0.0625,243,,,,,0.032,
2026-08-06T18:25:42.286,118.529,landed,,,,,False,,,35.91912968333333,139.90919718333333,,,34.59,1008.2484765625,52.32421875,72.1875,-0.5,-15.375,-0.15,2.51,9.33,-0.5,-0.0625,0.0,243,,,,,0.032,
2026-08-06T18:25:42.786,119.029,landed,,,,,False,,,35.91912968333333,139.90919718333333,,,34.58,1008.232578125,52.3359375,72.1875,-0.5,-15.25,-0.12,2.54,9.32,-0.4375,-0.125,-0.0625,243,,,,,0.032,
2026-08-06T18:25:43.287,119.530,landed,,,,,False,,,35.91912968333333,139.90919718333333,,,34.58,1008.232578125,52.3818359375,72.1875,-0.5,-15.125,-0.13,2.51,9.32,-0.25,0.0625,0.125,243,,,,,0.032,
2026-08-06T18:25:43.787,120.030,deploying,,,,,False,,,35.91912968333333,139.90919718333333,,,34.57,1008.708828125,52.298828125,72.1875,-0.5,-15.0625,-0.13,2.48,9.34,-0.1875,0.0625,0.0,243,,stopped,0.0,0.0,0.033,
2026-08-06T18:25:44.288,120.531,deploying,,,,,False,,,35.91912968333333,139.90919718333333,,,34.57,1008.2713671875,52.275390625,72.4375,-1.125,-8.6875,-0.49,1.61,9.74,-25.75,0.3125,-0.4375,179,,stopped,0.0,0.0,0.034,
2026-08-06T18:25:44.788,121.031,deploying,,,,,False,,,35.91912968333333,139.90919718333333,,,34.57,1008.2713671875,52.287109375,74.6875,-0.8125,0.5,0.35,-1.72,10.11,-26.1875,2.875,4.625,51,,stopped,0.0,0.0,0.039,
2026-08-06T18:25:45.288,121.531,deploying,,,,,False,,,35.91912968333333,139.90919718333333,,,34.56,1008.274609375,52.2626953125,76.125,-1.125,-13.75,1.13,1.15,9.23,134.375,4.1875,0.8125,51,,stopped,0.0,0.0,0.102,
2026-08-06T18:25:45.789,122.032,deploying,,,,,False,,,35.91912968333333,139.90919718333333,,,34.55,1008.348671875,52.2275390625,78.9375,-0.6875,-17.125,-0.11,3.52,8.34,12.0,-18.625,3.0625,179,,stopped,0.0,0.0,20.0,
2026-08-06T18:25:46.289,122.532,deploying,,,,,False,,,35.91912968333333,139.90919718333333,,,34.52,1008.300703125,52.2353515625,78.5625,-0.1875,-16.1875,-0.02,2.59,9.47,2.6875,0.625,-0.0625,179,,stopped,0.0,0.0,20.0,
2026-08-06T18:25:46.790,123.033,deploying,,,,,False,,,35.91912968333333,139.90919718333333,,,34.51,1008.24953125,52.2451171875,79.125,-0.3125,11.375,-0.41,-6.85,11.99,-302.3125,0.0625,-23.375,179,,stopped,-0.0,-0.0,0.108,
2026-08-06T18:25:47.292,123.535,deploying,,,,,False,,,35.91912968333333,139.90919718333333,,,34.51,1008.3121484375,52.2001953125,75.25,-0.125,-17.0,-0.39,2.79,9.32,-2.25,0.5625,0.75,115,,stopped,0.0,0.0,0.092,
2026-08-06T18:25:47.792,124.035,deploying,,,,,False,,,35.91912968333333,139.90919718333333,,,34.49,1008.2526953125,52.208984375,75.125,-0.125,-16.5625,-0.02,2.76,9.31,0.9375,0.1875,0.4375,179,,stopped,0.0,0.0,0.094,
2026-08-06T18:25:48.311,124.554,deploying,,,,,False,,,35.91912968333333,139.90919718333333,,,34.49,1008.2526953125,52.220703125,75.1875,-0.25,-16.6875,-0.09,2.71,9.18,-0.8125,-0.0625,0.6875,115,,stopped,0.0,0.0,0.09,
2026-08-06T18:25:48.793,125.036,deploying,,,,,False,,,35.91912968333333,139.90919718333333,,,34.48,1008.263828125,52.23046875,75.125,-0.25,-16.5625,-0.04,2.71,9.24,0.0,0.25,0.25,179,,stopped,0.0,0.0,0.094,
2026-08-06T18:25:49.294,125.537,deploying,,,,,False,,,35.91912968333333,139.90919718333333,,,33.39,1006.5538671875,52.2333984375,75.125,-0.25,-16.4375,-0.12,2.72,9.22,-1.25,-0.375,0.6875,179,,stopped,0.0,0.0,0.096,
2026-08-06T18:25:49.794,126.037,deploying,,,,,False,,,35.91912968333333,139.90919718333333,,,34.47,1008.2752734375,52.287109375,73.625,-0.4375,-16.5,-0.27,3.07,9.16,4.125,-1.25,-1.125,179,,stopped,0.0,0.0,0.097,
2026-08-06T18:25:50.295,126.537,deploying,,,,,False,,,35.91912968333333,139.90919718333333,,,34.45,1008.3251953125,52.30859375,73.375,-0.25,-15.0625,0.27,2.5,9.18,-3.5625,0.6875,-2.0625,115,,stopped,0.0,0.0,0.098,
2026-08-06T18:25:50.795,127.038,deploying,,,,,False,,,35.91912968333333,139.90919718333333,,,34.46,1008.2320703125,52.3330078125,72.875,-0.375,-14.25,-0.1,2.37,9.35,-0.125,0.0,-0.125,179,,stopped,0.0,0.0,0.115,
2026-08-06T18:25:51.305,127.548,deploying,,,,,False,,,35.91912968333333,139.90919718333333,,,34.45,1008.2514453125,52.34375,72.9375,-0.4375,-14.25,-0.11,2.36,9.35,-0.0625,0.125,0.125,179,,stopped,0.0,0.0,0.115,
2026-08-06T18:25:51.806,128.049,deploying,,,,,False,,,35.91912968333333,139.90919718333333,,,34.46,1008.2594140625,52.34375,72.9375,-0.4375,-14.25,-0.13,2.35,9.36,0.0,-0.0625,-0.5,179,,stopped,0.0,0.0,0.113,
2026-08-06T18:25:52.306,128.549,deploying,,,,,False,,,35.91912968333333,139.90919718333333,,,32.89,1005.8256640625,52.3037109375,72.9375,-0.4375,-14.25,-0.11,2.32,9.36,-0.0625,-0.125,0.0,179,,stopped,0.0,0.0,0.114,
2026-08-06T18:25:52.806,129.049,deploying,,,,,False,,,35.91912968333333,139.90919718333333,,,34.47,1008.24796875,52.3798828125,72.9375,-0.4375,-14.25,-0.1,2.33,9.32,-0.125,0.0,-0.625,179,,stopped,0.0,0.0,0.113,
2026-08-06T18:25:53.307,129.550,deploying,,,,,False,,,35.91912968333333,139.90919718333333,,,34.44,1008.262578125,52.3779296875,72.9375,-0.4375,-14.25,-0.11,2.34,9.35,0.0625,-0.0625,0.375,179,,stopped,0.0,0.0,0.113,
2026-08-06T18:25:53.807,130.050,deploying,,,,,False,,,35.91912968333333,139.90919718333333,,,34.43,1008.26609375,52.3984375,72.9375,-0.4375,-14.25,-0.09,2.34,9.35,0.0625,0.125,-0.3125,179,,stopped,0.0,0.0,0.118,
2026-08-06T18:25:54.308,130.551,deploying,,,,,False,,,35.91912968333333,139.90919718333333,,,34.23,1008.3642578125,52.365234375,72.9375,-0.4375,-14.25,-0.11,2.32,9.32,-0.0625,-0.125,0.0625,179,,stopped,0.0,0.0,0.118,
2026-08-06T18:25:54.808,131.051,deploying,,,,,False,,,35.91912968333333,139.90919718333333,,,34.43,1008.3754296875,52.421875,72.9375,-0.4375,-14.25,-0.1,2.33,9.34,8.0,-0.25,0.0,179,,stopped,0.0,0.0,0.12,
2026-08-06T18:25:55.308,131.551,deploying,,,,,False,,,35.91912968333333,139.90919718333333,,,34.43,1008.2934375,52.43359375,72.9375,-0.4375,-14.25,-0.08,2.32,9.35,-0.0625,0.0625,0.125,179,,stopped,0.0,0.0,0.122,
2026-08-06T18:25:55.809,132.052,deploying,,,,,False,,,35.91912968333333,139.90919718333333,,,34.42,1008.2498828125,52.4443359375,72.9375,-0.4375,-14.25,-0.12,2.32,9.36,-0.0625,-0.0625,0.0625,179,,stopped,0.0,0.0,0.122,
2026-08-06T18:25:56.309,132.552,deploying,,,,,False,,,35.91912968333333,139.90919718333333,,,34.44,1008.336640625,52.388671875,72.9375,-0.4375,-14.25,-0.13,2.31,9.35,0.0,-0.0625,0.0625,179,,stopped,0.0,0.0,0.122,
2026-08-06T18:25:56.810,133.053,deploying,,,,,False,,,35.91912968333333,139.90919718333333,,,34.43,1008.26609375,52.4453125,72.9375,-0.4375,-14.1875,-0.11,2.32,9.35,0.0,0.0,0.375,179,,stopped,0.0,0.0,0.122,
2026-08-06T18:25:57.310,133.553,deploying,,,,,False,,,35.91912968333333,139.90919718333333,,,34.43,1008.2934375,52.421875,72.9375,-0.4375,-14.1875,-0.1,2.3,9.36,0.0625,0.0625,0.0,179,,stopped,0.0,0.0,0.122,
2026-08-06T18:25:57.810,134.053,deploying,,,,,False,,,35.91912968333333,139.90919718333333,,,34.42,1008.2855078125,52.4443359375,72.9375,-0.4375,-14.1875,-0.12,2.3,9.35,0.0625,0.0625,0.125,179,,stopped,0.0,0.0,0.123,
2026-08-06T18:25:58.311,134.554,deploying,,,,,False,,,35.91912968333333,139.90919718333333,,,34.39,1008.2022265625,52.4521484375,72.9375,-0.4375,-14.1875,-0.1,2.29,9.37,0.0,0.0625,-0.1875,179,,stopped,0.0,0.0,0.123,
2026-08-06T18:25:58.811,135.054,deploying,,,,,False,,,35.91912968333333,139.90919718333333,,,34.41,1008.269296875,52.4775390625,72.9375,-0.4375,-14.1875,-0.13,2.3,9.37,0.0625,-0.0625,-0.0625,179,,stopped,0.0,0.0,0.122,
2026-08-06T18:25:59.312,135.555,deploying,,,,,False,,,35.91912968333333,139.90919718333333,,,34.41,1008.2066796875,52.466796875,72.9375,-0.4375,-14.1875,-0.11,2.31,9.37,-0.0625,0.0,0.0625,179,,stopped,0.0,0.0,0.122,
2026-08-06T18:25:59.812,136.055,deploying,,,,,False,,,35.91912968333333,139.90919718333333,,,34.43,1008.2114453125,52.46875,72.9375,-0.4375,-14.1875,-0.08,2.29,9.37,-0.0625,0.125,-0.0625,179,,stopped,0.0,0.0,0.123,
2026-08-06T18:26:00.312,136.555,deploying,,,,,False,,,35.91912968333333,139.90919718333333,,,34.43,1008.32078125,52.46875,72.9375,-0.4375,-14.1875,-0.13,2.29,9.36,0.125,-0.0625,0.125,179,,stopped,0.0,0.0,0.122,
2026-08-06T18:26:00.813,137.056,deploying,,,,,False,,,35.91912968333333,139.90919718333333,,,34.44,1008.2273046875,52.4462890625,72.9375,-0.4375,-14.1875,-0.11,2.29,9.36,-0.0625,0.125,-0.0625,179,,stopped,0.0,0.0,0.123,
2026-08-06T18:26:01.313,137.556,deploying,,,,,False,,,35.91912968333333,139.90919718333333,,,34.41,1008.269296875,52.443359375,72.9375,-0.4375,-14.1875,-0.08,2.3,9.34,-0.125,-0.0625,0.25,179,,stopped,0.0,0.0,0.124,
2026-08-06T18:26:01.814,138.057,deploying,,,,,False,,,35.91912968333333,139.90919718333333,,,32.85,1005.987890625,52.4150390625,72.9375,-0.4375,-14.1875,-0.12,2.29,9.35,0.0,0.125,-0.0625,179,,stopped,0.0,0.0,0.123,
2026-08-06T18:26:02.314,138.557,deploying,,,,,False,,,35.91912968333333,139.90919718333333,,,34.39,1008.28421875,52.4873046875,72.9375,-0.4375,-14.1875,-0.11,2.29,9.36,0.125,-0.1875,-0.25,179,,stopped,0.0,0.0,0.123,
2026-08-06T18:26:02.814,139.057,deploying,,,,,False,,,35.91912968333333,139.90919718333333,,,32.89,1005.9074609375,52.4306640625,72.9375,-0.4375,-14.1875,-0.11,2.29,9.38,0.0625,0.0,-0.0625,179,,stopped,0.0,0.0,0.124,
2026-08-06T18:26:03.315,139.558,deploying,,,,,False,,,35.91912968333333,139.90919718333333,,,34.41,1008.261328125,52.455078125,72.9375,-0.4375,-14.1875,-0.1,2.27,9.33,0.0625,-0.1875,-0.125,179,,stopped,0.0,0.0,0.123,
2026-08-06T18:26:03.815,140.058,deploying,,,,,False,,,35.91912968333333,139.90919718333333,,,34.4,1008.24546875,52.48828125,72.9375,-0.4375,-14.1875,-0.11,2.28,9.37,-0.0625,-0.0625,0.0625,179,,stopped,0.0,0.0,0.123,
2026-08-06T18:26:04.316,140.559,deploying,,,,,False,,,35.91912968333333,139.90919718333333,,,34.39,1008.22953125,52.4990234375,72.9375,-0.4375,-14.1875,-0.12,2.28,9.37,0.0,0.0,-0.0625,179,,stopped,0.0,0.0,0.124,
2026-08-06T18:26:04.816,141.059,deploying,,,,,False,,,35.91912968333333,139.90919718333333,,,34.39,1008.256875,52.4990234375,72.9375,-0.4375,-14.1875,-0.13,2.26,9.36,0.0625,0.0625,-0.0625,179,,stopped,0.0,0.0,0.125,
2026-08-06T18:26:05.316,141.559,deploying,,,,,False,,,35.91912968333333,139.90919718333333,,,34.38,1008.30328125,52.498046875,72.9375,-0.4375,-14.1875,-0.1,2.28,9.36,0.0625,-0.0625,-0.0625,179,,stopped,0.0,0.0,0.125,
2026-08-06T18:26:05.817,142.060,deploying,,,,,False,,,35.91912968333333,139.90919718333333,,,34.37,1008.232734375,52.53125,72.9375,-0.4375,-14.1875,-0.12,2.26,9.37,0.0,0.125,-0.125,179,,stopped,0.0,0.0,0.126,
2026-08-06T18:26:06.317,142.560,deploying,,,,,False,,,35.91912968333333,139.90919718333333,,,34.37,1008.279453125,52.5546875,72.9375,-0.4375,-14.1875,-0.11,2.27,9.32,0.0625,0.0625,8.125,179,,stopped,0.0,0.0,0.126,
2026-08-06T18:26:06.818,143.061,deploying,,,,,False,,,35.91912968333333,139.90919718333333,,,34.36,1008.271484375,52.5537109375,72.9375,-0.4375,-14.1875,-0.12,2.25,9.38,-0.0625,0.0625,0.0,179,,stopped,0.0,0.0,0.127,
2026-08-06T18:26:07.318,143.561,deploying,,,,,False,,,35.91912968333333,139.90919718333333,,,34.36,1008.2635546875,52.5869140625,72.9375,-0.4375,-14.1875,-0.12,2.27,9.37,-0.0625,0.0,-0.0625,179,,stopped,0.0,0.0,0.126,
2026-08-06T18:26:07.819,144.062,deploying,,,,,False,,,35.91912968333333,139.90919718333333,,,34.35,1008.1926953125,52.609375,72.9375,-0.4375,-14.1875,-0.11,2.28,9.35,0.0,0.0625,0.0625,179,,stopped,0.0,0.0,0.127,
2026-08-06T18:26:08.319,144.562,deploying,,,,,False,,,35.91912968333333,139.90919718333333,,,34.35,1008.2746875,52.609375,72.9375,-0.4375,-14.1875,-0.09,2.27,9.37,0.0625,0.125,-0.0625,179,,stopped,0.0,0.0,0.128,
2026-08-06T18:26:08.819,145.062,deploying,,,,,False,,,35.91912968333333,139.90919718333333,,,34.35,1008.24734375,52.6328125,72.9375,-0.4375,-14.1875,-0.09,2.27,9.38,-0.125,0.0,0.0,179,,stopped,0.0,0.0,0.128,
2026-08-06T18:26:09.320,145.563,deploying,,,,,False,,,35.91912968333333,139.90919718333333,,,34.35,1008.30203125,52.7021484375,72.9375,-0.4375,-14.1875,-0.13,2.28,9.37,-0.0625,-0.125,0.125,179,,stopped,0.0,0.0,0.127,
2026-08-06T18:26:09.820,146.063,deploying,,,,,False,,,35.91912968333333,139.90919718333333,,,34.34,1008.2667578125,52.64453125,72.9375,-0.4375,-14.1875,-0.12,2.27,9.36,-0.0625,-0.0625,0.0,179,,stopped,0.0,0.0,0.126,
2026-08-06T18:26:10.320,146.563,deploying,,,,,False,,,35.91912968333333,139.90919718333333,,,34.34,1008.231484375,52.666015625,72.9375,-0.4375,-14.1875,-0.1,2.27,9.38,0.0,0.3125,0.0,179,,stopped,0.0,0.0,0.127,
2026-08-06T18:26:10.821,147.064,deploying,,,,,False,,,35.91912968333333,139.90919718333333,,,32.77,1005.8329296875,52.66015625,72.9375,-0.4375,-14.1875,-0.11,2.28,9.39,0.0,0.0625,0.0,179,,stopped,0.0,0.0,0.127,
2026-08-06T18:26:11.321,147.564,deploying,,,,,False,,,35.91912968333333,139.90919718333333,,,34.33,1008.270234375,52.7119140625,72.9375,-0.4375,-14.1875,-0.11,2.22,9.37,-0.0625,-0.1875,0.0,179,,stopped,0.0,0.0,0.128,
2026-08-06T18:26:11.822,148.065,deploying,,,,,False,,,35.91912968333333,139.90919718333333,,,34.32,1008.308984375,52.7216796875,72.9375,-0.4375,-14.1875,-0.11,2.25,9.35,-0.125,0.125,0.0,179,,stopped,0.0,0.0,0.128,
2026-08-06T18:26:12.323,148.566,deploying,,,,,False,,,35.91912968333333,139.90919718333333,,,31.7,1004.155546875,52.5830078125,72.9375,-0.4375,-14.1875,-0.12,2.26,9.38,-0.0625,0.0,0.0,179,,stopped,0.0,0.0,0.128,
2026-08-06T18:26:12.823,149.066,deploying,,,,,False,,,35.91912968333333,139.90919718333333,,,34.32,1008.308984375,52.7109375,72.9375,-0.4375,-14.1875,-0.09,2.25,9.36,-0.0625,-0.0625,-0.0625,179,,stopped,0.0,0.0,0.128,
2026-08-06T18:26:13.323,149.566,deploying,,,,,False,,,35.91912968333333,139.90919718333333,,,32.85,1006.0230859375,52.693359375,72.9375,-0.4375,-14.1875,-0.1,2.26,9.37,0.0,-0.0625,0.0,179,,stopped,0.0,0.0,0.128,
2026-08-06T18:26:13.824,150.067,deploying,,,,,False,,,35.91912968333333,139.90919718333333,,,34.34,1008.2861328125,52.724609375,72.9375,-0.4375,-14.1875,-0.11,2.25,9.34,0.0,-0.125,0.0,179,,stopped,0.0,0.0,0.128,
2026-08-06T18:26:14.324,150.567,deploying,,,,,False,,,35.91912968333333,139.90919718333333,,,34.32,1008.2269921875,52.7333984375,72.9375,-0.4375,-14.1875,-0.1,2.26,9.36,0.0,0.0625,0.0,179,,stopped,0.0,0.0,0.128,
2026-08-06T18:26:14.824,151.067,deploying,,,,,False,,,35.91912968333333,139.90919718333333,,,34.3,1008.2301953125,52.7431640625,72.9375,-0.4375,-14.1875,-0.09,2.26,9.36,-0.0625,-0.125,0.0,179,,stopped,0.0,0.0,0.128,
2026-08-06T18:26:15.325,151.568,deploying,,,,,False,,,35.91912968333333,139.90919718333333,,,34.3,1008.2222265625,52.7890625,72.9375,-0.4375,-14.1875,-0.13,2.23,9.41,-0.0625,0.0,0.0,179,,stopped,0.0,0.0,0.128,
2026-08-06T18:26:15.825,152.068,deploying,,,,,False,,,35.91912968333333,139.90919718333333,,,34.3,1008.2222265625,52.7666015625,72.9375,-0.4375,-14.1875,-0.11,2.25,9.35,0.0,-0.1875,0.0,179,,stopped,0.0,0.0,0.128,
2026-08-06T18:26:16.326,152.569,deploying,,,,,False,,,35.91912968333333,139.90919718333333,,,34.14,1008.31046875,52.771484375,72.9375,-0.4375,-14.1875,-0.13,2.26,9.4,0.125,0.0625,0.0625,179,,stopped,0.0,0.0,0.127,
2026-08-06T18:26:16.826,153.069,deploying,,,,,False,,,35.91912968333333,139.90919718333333,,,34.28,1008.2174609375,52.798828125,72.9375,-0.4375,-14.1875,-0.15,2.24,9.37,-0.0625,0.0625,-0.0625,179,,stopped,0.0,0.0,0.127,
2026-08-06T18:26:17.326,153.569,deploying,,,,,False,,,35.91912968333333,139.90919718333333,,,34.28,1008.2448046875,52.8447265625,72.9375,-0.4375,-14.25,-0.09,2.32,9.38,0.125,0.0,-0.1875,179,,stopped,0.0,0.0,0.128,
2026-08-06T18:26:17.827,154.070,recovering_gnss,,,,,False,,,35.91912968333333,139.90919718333333,,,34.26,1008.275625,52.841796875,73.125,-0.5,-14.1875,-0.12,2.23,9.37,0.0,-0.1875,0.0,115,,stopped,0.0,0.0,0.146,
2026-08-06T18:26:18.833,155.076,recovering_gnss,,,,,False,,,35.91912968333333,139.90919718333333,,,34.26,1008.275625,52.4716796875,73.125,-0.5,-14.1875,-0.13,2.21,9.38,0.0625,-0.1875,0.0625,115,,stopped,0.0,0.0,0.146,
2026-08-06T18:26:19.334,155.577,recovering_gnss,35.919445583333335,139.9093828,22.494,0.025722222222222226,True,25,1,35.91912968333333,139.90919718333333,38.900601847280726,,34.26,1008.25625,52.970703125,73.125,-0.5,-14.1875,-0.13,2.23,9.37,-0.0625,-0.0625,0.0625,115,,stopped,0.0,0.0,0.145,
2026-08-06T18:26:19.834,156.077,clearing_landing_area,35.919445583333335,139.9093828,22.494,0.025722222222222226,True,25,1,35.91912968333333,139.90919718333333,38.900601847280726,205.44743131721694,34.27,1008.291484375,52.9140625,73.125,-0.5,-14.1875,-0.05,2.3,9.49,1.625,0.4375,-0.4375,115,-132.32243131721694,turn_right,10.0,-10.0,0.147,
2026-08-06T18:26:20.335,156.578,clearing_landing_area,35.919445583333335,139.9093828,22.493,0.025722222222222226,True,24,1,35.91912968333333,139.90919718333333,38.900601847280726,205.44743131721694,34.25,1008.2870703125,53.1201171875,88.75,-2.375,-11.75,-0.42,2.42,9.26,-5.0625,-4.625,-15.3125,179,-116.69743131721694,turn_right,40.0,-40.0,0.093,
2026-08-06T18:26:20.835,157.078,clearing_landing_area,35.919445583333335,139.9093828,22.493,0.025722222222222226,True,24,1,35.91912968333333,139.90919718333333,38.900601847280726,205.44743131721694,34.25,1008.26765625,52.9345703125,90.4375,-2.125,-11.5625,0.03,1.98,9.32,2.0625,-5.1875,-11.0625,179,-115.00993131721694,turn_right,40.0,-40.0,0.092,
2026-08-06T18:26:21.335,157.578,clearing_landing_area,35.919445583333335,139.9093828,22.493,0.010288888888888889,True,24,1,35.91912968333333,139.90919718333333,38.900601847280726,205.44743131721694,34.25,1008.2403515625,52.9580078125,93.5625,-1.625,-12.4375,0.09,2.28,9.59,0.125,-0.875,-1.25,51,-111.88493131721694,turn_right,40.0,-40.0,0.091,
2026-08-06T18:26:21.836,158.079,clearing_landing_area,35.919445583333335,139.9093828,22.493,0.010288888888888889,True,24,1,35.91912968333333,139.90919718333333,38.900601847280726,205.44743131721694,34.25,1008.2403515625,53.015625,93.6875,-1.6875,-12.4375,-0.14,2.56,9.58,0.25,0.0625,-1.5625,51,-111.75993131721694,turn_right,40.0,-40.0,0.091,
2026-08-06T18:26:22.336,158.579,clearing_landing_area,35.919445583333335,139.9093828,22.493,0.030866666666666664,True,24,1,35.91912968333333,139.90919718333333,38.900601847280726,205.44743131721694,34.24,1008.251796875,52.9912109375,96.3125,-2.25,-12.3125,-0.27,1.35,9.3,1.25,-0.5625,-3.1875,51,-109.13493131721694,turn_right,40.0,-40.0,0.091,
2026-08-06T18:26:22.836,159.079,clearing_landing_area,35.919445583333335,139.9093828,22.493,0.030866666666666664,True,24,1,35.91912968333333,139.90919718333333,38.900601847280726,205.44743131721694,34.24,1008.30640625,52.9912109375,96.625,-2.3125,-12.3125,-0.48,1.41,9.66,0.8125,-0.3125,-1.875,51,-108.82243131721694,turn_right,40.0,-40.0,0.092,
2026-08-06T18:26:23.337,159.580,clearing_landing_area,35.919445583333335,139.9093828,22.492,0.07716666666666668,True,24,1,35.91912968333333,139.90919718333333,38.900601847280726,205.44743131721694,34.24,1008.270859375,52.875,98.5625,-2.3125,-12.25,-0.39,1.52,9.2,0.75,-0.375,-0.4375,179,-106.88493131721694,turn_right,40.0,-40.0,0.092,
2026-08-06T18:26:23.837,160.080,clearing_landing_area,35.919445583333335,139.9093828,22.492,0.07716666666666668,True,24,1,35.91912968333333,139.90919718333333,38.900601847280726,205.44743131721694,34.24,1008.30640625,53.22265625,98.5,-2.3125,-12.25,-0.43,1.52,9.38,0.4375,-0.625,-0.0625,179,-106.94743131721694,turn_right,40.0,-40.0,0.092,
2026-08-06T18:26:24.337,160.580,clearing_landing_area,35.919445583333335,139.9093828,22.493,0.03601111111111111,True,24,1,35.91912968333333,139.90919718333333,38.900601847280726,205.44743131721694,34.24,1008.2791015625,53.0380859375,99.125,-2.25,-12.125,-0.55,2.36,9.46,-1.125,-1.75,-4.4375,115,-106.32243131721694,turn_right,40.0,-40.0,0.092,
2026-08-06T18:26:24.838,161.081,clearing_landing_area,35.919445583333335,139.9093828,22.493,0.03601111111111111,True,24,1,35.91912968333333,139.90919718333333,38.900601847280726,205.44743131721694,34.24,1008.298203125,53.013671875,99.375,-2.1875,-12.0625,-0.36,2.43,9.54,0.625,-0.4375,-0.625,51,-106.07243131721694,turn_right,40.0,-40.0,0.092,
2026-08-06T18:26:25.338,161.581,clearing_landing_area,35.919445683333336,139.9093828,22.496,0.010288888888888889,True,24,1,35.91912968333333,139.90919718333333,38.91064281907483,205.44039594373515,34.23,1008.282265625,53.001953125,100.4375,-2.0,-12.5,-0.16,1.79,9.26,-3.75,-1.5,-3.75,51,-105.00289594373515,turn_right,40.0,-40.0,0.093,
2026-08-06T18:26:25.839,162.082,clearing_landing_area,35.919445683333336,139.9093828,22.496,0.010288888888888889,True,24,1,35.91912968333333,139.90919718333333,38.91064281907483,205.44039594373515,34.21,1008.23109375,53.0341796875,100.5625,-2.0,-12.5,-0.43,2.14,9.27,-1.0,0.1875,-1.1875,51,-104.87789594373515,turn_right,40.0,-40.0,0.093,
2026-08-06T18:26:26.339,162.582,clearing_landing_area,35.919445583333335,139.9093828,22.498,0.015433333333333332,True,24,1,35.91912968333333,139.90919718333333,38.900601847280726,205.44743131721694,34.21,1008.1958203125,52.9755859375,100.625,-2.0,-12.3125,-0.54,1.48,9.47,-0.8125,1.4375,1.0625,179,-104.82243131721694,turn_right,40.0,-40.0,0.094,
2026-08-06T18:26:26.839,163.082,clearing_landing_area,35.919445583333335,139.9093828,22.498,0.015433333333333332,True,24,1,35.91912968333333,139.90919718333333,38.900601847280726,205.44743131721694,34.2,1008.187578125,53.044921875,100.625,-2.0,-12.375,-0.26,1.61,9.47,-1.0625,0.1875,0.8125,179,-104.82243131721694,turn_right,40.0,-40.0,0.094,
2026-08-06T18:26:27.340,163.583,clearing_landing_area,35.919445583333335,139.9093828,22.499,0.020577777777777778,True,24,1,35.91912968333333,139.90919718333333,38.900601847280726,205.44743131721694,34.18,1008.6396484375,53.099609375,100.625,-2.0,-12.25,-0.96,2.2,9.37,-1.25,2.4375,1.3125,115,-104.82243131721694,turn_right,40.0,-40.0,0.094,
2026-08-06T18:26:27.840,164.083,clearing_landing_area,35.919445583333335,139.9093828,22.499,0.020577777777777778,True,24,1,35.91912968333333,139.90919718333333,38.900601847280726,205.44743131721694,34.21,1008.3051171875,53.091796875,108.5625,-2.0,-12.1875,-0.18,2.02,9.24,0.8125,0.25,-0.8125,115,-96.88493131721694,turn_right,40.0,-40.0,0.095,
2026-08-06T18:26:28.341,164.584,clearing_landing_area,35.919445583333335,139.90938268333332,22.499,0.020577777777777778,True,24,1,35.91912968333333,139.90919718333333,38.8960888082672,205.43345704032376,34.21,1008.3130859375,53.0458984375,100.5625,-2.0,-12.3125,-0.78,1.73,9.18,0.4375,-0.125,0.375,51,-104.87095704032376,turn_right,40.0,-40.0,0.095,
2026-08-06T18:26:28.841,165.084,clearing_landing_area,35.919445583333335,139.90938268333332,22.499,0.020577777777777778,True,24,1,35.91912968333333,139.90919718333333,38.8960888082672,205.43345704032376,34.21,1008.49640625,53.091796875,100.5625,-2.0,-12.3125,-0.1,2.11,9.33,-0.5,0.3125,0.6875,51,-104.87095704032376,turn_right,40.0,-40.0,0.095,
2026-08-06T18:26:29.342,165.585,clearing_landing_area,35.919445583333335,139.90938268333332,22.499,0.010288888888888889,True,24,1,35.91912968333333,139.90919718333333,38.8960888082672,205.43345704032376,34.19,1008.253671875,53.1015625,101.0,-1.875,-12.3125,0.0,1.89,9.11,-1.1875,-1.1875,-1.0,51,-104.43345704032376,turn_right,40.0,-40.0,0.095,
2026-08-06T18:26:29.842,166.085,clearing_landing_area,35.919445583333335,139.90938268333332,22.499,0.010288888888888889,True,24,1,35.91912968333333,139.90919718333333,38.8960888082672,205.43345704032376,34.2,1008.2695703125,53.1025390625,101.0625,-1.875,-12.3125,-0.82,3.18,9.62,-2.125,-0.5,6.0625,115,-104.37095704032376,reverse,-10.0,-10.0,0.095,
2026-08-06T18:26:30.342,166.585,clearing_landing_area,35.919445583333335,139.90938268333332,22.5,0.0463,True,24,1,35.91912968333333,139.90919718333333,38.8960888082672,205.43345704032376,34.19,1008.1990234375,53.125,85.125,-1.25,61.9375,0.77,-25.13,12.9,-160.3125,-20.3125,-12.8125,51,-120.30845704032376,reverse,-100.0,-100.0,0.052,
2026-08-06T18:26:30.843,167.086,clearing_landing_area,35.919445583333335,139.90938268333332,22.5,0.0463,True,24,1,35.91912968333333,139.90919718333333,38.8960888082672,205.43345704032376,34.19,1008.273046875,53.1123046875,84.125,-1.25,67.3125,2.19,-10.18,-4.49,-42.1875,-33.625,-28.0625,51,-121.30845704032376,reverse,-100.0,-100.0,0.047,
2026-08-06T18:26:31.343,167.586,clearing_landing_area,35.919445583333335,139.90938268333332,22.5,0.9054222222222222,True,24,1,35.91912968333333,139.90919718333333,38.8960888082672,205.43345704032376,34.19,1008.2809765625,52.998046875,75.1875,-0.5,-12.875,-4.76,1.91,13.78,-20.0,98.1875,-33.9375,51,-130.24595704032376,turn_right,5.0,-5.0,20.0,
2026-08-06T18:26:31.843,168.086,clearing_landing_area,35.919445583333335,139.90938268333332,22.5,0.9054222222222222,True,24,1,35.91912968333333,139.90919718333333,38.8960888082672,205.43345704032376,34.2,1008.28890625,53.13671875,76.8125,-0.4375,-17.375,1.8,-4.95,1.62,-215.8125,13.25,-40.0,51,-128.62095704032376,turn_right,25.0,-25.0,20.0,
2026-08-06T18:26:32.344,168.587,clearing_landing_area,35.91944278333333,139.90937008333333,22.524,0.015433333333333332,True,24,1,35.91912968333333,139.90919718333333,38.13804253805531,204.09481523936938,34.19,1008.2263671875,53.1708984375,33.5625,-1.4375,-12.4375,-2.04,1.48,1.55,-35.8125,-196.125,-616.75,115,-170.53231523936938,turn_right,100.0,-100.0,2.753,
2026-08-06T18:26:32.852,169.095,clearing_landing_area,35.91944278333333,139.90937008333333,22.524,0.015433333333333332,True,24,1,35.91912968333333,139.90919718333333,38.13804253805531,204.09481523936938,34.2,1008.34359375,53.1708984375,122.25,-1.25,-10.4375,3.79,-1.41,0.31,43.75,-56.9375,-655.0625,179,-81.84481523936938,turn_right,100.0,-100.0,20.0,
2026-08-06T18:26:33.352,169.595,clearing_landing_area,35.919443083333334,139.90936758333334,22.556,0.15947777777777777,True,24,1,35.91912968333333,139.90919718333333,38.07721787286232,203.76508205450907,34.19,1008.3083203125,53.287109375,350.625,0.6875,-11.3125,5.98,3.27,4.16,2.625,-216.1875,-700.125,179,146.8599179454909,turn_right,100.0,-100.0,15.474,
2026-08-06T18:26:33.852,170.095,clearing_landing_area,35.919443083333334,139.90936758333334,22.556,0.15947777777777777,True,24,1,35.91912968333333,139.90919718333333,38.07721787286232,203.76508205450907,34.19,1008.3083203125,53.1943359375,64.6875,-0.5,-12.3125,-2.53,-1.61,0.24,-77.0625,-205.6875,-685.75,179,-139.07758205450907,turn_right,100.0,-100.0,20.0,
2026-08-06T18:26:34.353,170.596,clearing_landing_area,35.919442483333334,139.9093607,22.59,0.5195888888888889,True,24,1,35.91912968333333,139.90919718333333,37.770233684725966,202.94528538507703,32.19,1005.1480859375,53.1240234375,256.625,-0.1875,-10.25,4.12,2.69,-1.32,-56.125,-145.6875,-671.9375,243,53.67971461492297,turn_right,100.0,-100.0,0.752,
2026-08-06T18:26:34.853,171.096,clearing_landing_area,35.919442483333334,139.9093607,22.59,0.5195888888888889,True,24,1,35.91912968333333,139.90919718333333,37.770233684725966,202.94528538507703,33.95,1007.8970703125,53.1884765625,351.25,0.6875,-11.375,-13.28,7.28,19.9,9.25,-100.25,-689.3125,243,148.304714614923,forward,5.0,5.0,15.478,
2026-08-06T18:26:35.354,171.597,clearing_landing_area,35.919440683333335,139.90935518333333,22.574,0.2829444444444445,True,24,1,35.91912968333333,139.90919718333333,37.394174571021814,202.3638860283238,34.18,1008.2571484375,53.1806640625,54.0625,0.4375,-12.6875,-1.06,-6.58,5.9,19.5,5.0625,7.0625,115,-148.3013860283238,forward,100.0,100.0,2.415,
2026-08-06T18:26:35.854,172.097,clearing_landing_area,35.919440683333335,139.90935518333333,22.574,0.2829444444444445,True,24,1,35.91912968333333,139.90919718333333,37.394174571021814,202.3638860283238,34.18,1008.265078125,53.2734375,54.125,-0.6875,-11.9375,-0.3,-2.04,1.85,-36.1875,-24.4375,-2.9375,115,-148.2388860283238,forward,100.0,100.0,2.267,
2026-08-06T18:26:36.354,172.597,clearing_landing_area,35.91944038333333,139.90935228333333,22.581,0.25722222222222224,True,25,1,35.91912968333333,139.90919718333333,37.26466474399404,202.01207560850983,34.16,1008.6155078125,53.212890625,40.625,1.1875,-9.625,-2.0,-3.18,8.87,-74.4375,23.5,-10.0625,115,-161.38707560850983,stopped,0.0,0.0,2.233,
2026-08-06T18:26:36.855,173.098,clearing_landing_area,35.91944038333333,139.90935228333333,22.581,0.25722222222222224,True,25,1,35.91912968333333,139.90919718333333,37.26466474399404,202.01207560850983,34.16,1008.2250390625,53.224609375,39.875,0.5,-11.125,-0.18,2.84,6.45,5.25,-20.625,-11.5,115,-162.13707560850983,stopped,0.0,0.0,2.086,
2026-08-06T18:26:37.361,173.604,clearing_landing_area,35.91944038333333,139.9093507,22.57,0.2212111111111111,True,25,1,35.91912968333333,139.90919718333333,37.21146033954711,201.8085422267305,34.15,1008.2170703125,53.142578125,40.75,0.6875,-11.0625,-0.02,1.8,9.47,0.0625,0.0625,-0.0625,51,-161.0585422267305,stopped,0.0,0.0,2.823,
2026-08-06T18:26:37.861,174.104,clearing_landing_area,35.91944038333333,139.9093507,22.57,0.2212111111111111,True,25,1,35.91912968333333,139.90919718333333,37.21146033954711,201.8085422267305,34.16,1008.25234375,53.212890625,40.75,0.625,-11.0625,-0.05,1.81,9.47,0.0625,-0.1875,0.0,51,-161.0585422267305,stopped,0.0,0.0,2.837,
2026-08-06T18:26:38.362,174.605,clearing_landing_area,35.9194405,139.9093502,22.571,0.1389,True,25,1,35.91912968333333,139.90919718333333,37.206806696003405,201.73674708562177,34.14,1008.31046875,53.3505859375,40.8125,0.3125,-11.0,-0.06,1.83,9.43,0.0,-0.1875,0.0625,51,-160.92424708562177,stopped,0.0,0.0,3.234,
2026-08-06T18:26:38.872,175.115,clearing_landing_area,35.9194405,139.9093502,22.571,0.1389,True,25,1,35.91912968333333,139.90919718333333,37.206806696003405,201.73674708562177,34.13,1008.5128125,53.0361328125,40.8125,0.3125,-11.0,-0.03,1.83,9.48,0.0625,-0.1875,0.0625,51,-160.92424708562177,stopped,0.0,0.0,3.248,
2026-08-06T18:26:39.572,176.162,clearing_landing_area,35.9194406,139.9093497,22.574,0.06687777777777779,True,25,1,35.91912968333333,139.90919718333333,37.20048916086888,201.66598786018722,34.13,1008.185,53.3720703125,40.8125,0.3125,-11.0,-0.06,1.83,9.45,0.125,0.0625,0.0625,51,-160.85348786018722,stopped,0.0,0.0,3.287,
2026-08-06T18:26:40.928,177.171,clearing_landing_area,35.9194406,139.9093497,22.574,0.06687777777777779,True,25,1,35.91912968333333,139.90919718333333,37.20048916086888,201.66598786018722,34.14,1008.2831640625,53.2802734375,40.8125,0.3125,-11.0,-0.07,1.84,9.44,0.0,-0.0625,0.125,51,-160.85348786018722,stopped,0.0,0.0,3.287,
2026-08-06T18:26:41.433,177.676,clearing_landing_area,35.9194406,139.90934958333332,22.571,0.030866666666666664,True,25,1,35.91912968333333,139.90919718333333,37.19661172225552,201.65094834339237,34.14,1008.2831640625,53.26953125,40.8125,0.3125,-11.0,-0.04,1.83,9.48,0.125,0.0,0.0,51,-160.83844834339237,stopped,0.0,0.0,3.295,
2026-08-06T18:26:41.934,178.177,clearing_landing_area,35.9194406,139.90934958333332,22.571,0.030866666666666664,True,25,1,35.91912968333333,139.90919718333333,37.19661172225552,201.65094834339237,34.15,1008.29109375,53.2822265625,40.8125,0.3125,-11.0,-0.07,1.83,9.45,-0.0625,-0.0625,0.125,51,-160.83844834339237,stopped,0.0,0.0,3.286,
2026-08-06T18:26:42.439,178.682,clearing_landing_area,35.919440683333335,139.90934938333334,22.569,0.0463,True,26,1,35.91912968333333,139.90919718333333,37.198584843945845,201.61989914446474,34.14,1008.2831640625,53.2578125,40.8125,0.3125,-11.0,-0.07,1.83,9.47,0.0,0.0,0.0,51,-160.80739914446474,stopped,0.0,0.0,3.287,
2026-08-06T18:26:42.939,179.182,clearing_landing_area,35.919440683333335,139.90934938333334,22.569,0.0463,True,26,1,35.91912968333333,139.90919718333333,37.198584843945845,201.61989914446474,34.14,1008.2831640625,53.2919921875,40.8125,0.3125,-11.0,-0.05,1.83,9.45,0.125,0.0625,8.0,51,-160.80739914446474,stopped,0.0,0.0,3.287,
2026-08-06T18:26:43.440,179.683,clearing_landing_area,35.919440683333335,139.90934918333335,22.565,0.06173333333333333,True,26,1,35.91912968333333,139.90919718333333,37.19195284560232,201.59410565923318,34.13,1008.2396484375,53.2451171875,40.8125,0.3125,-11.0,-0.05,1.81,9.47,0.0625,0.0625,0.0625,51,-160.78160565923318,stopped,0.0,0.0,3.291,
2026-08-06T18:26:43.942,180.185,clearing_landing_area,35.919440683333335,139.90934918333335,22.565,0.06173333333333333,True,26,1,35.91912968333333,139.90919718333333,37.19195284560232,201.59410565923318,34.13,1008.2396484375,53.2568359375,40.8125,0.3125,-11.0,-0.06,1.8,9.47,0.0,0.0,0.0,51,-160.78160565923318,stopped,0.0,0.0,3.291,
2026-08-06T18:26:44.442,180.685,clearing_landing_area,35.919440683333335,139.90934918333335,22.565,0.08745555555555556,True,26,1,35.91912968333333,139.90919718333333,37.19195284560232,201.59410565923318,34.13,1008.2396484375,53.302734375,40.8125,0.3125,-11.0,-0.07,1.83,9.47,0.0,-0.0625,-0.0625,51,-160.78160565923318,stopped,0.0,0.0,3.294,
2026-08-06T18:26:44.942,181.185,clearing_landing_area,35.919440683333335,139.90934918333335,22.565,0.08745555555555556,True,26,1,35.91912968333333,139.90919718333333,37.19195284560232,201.59410565923318,34.14,1008.2751953125,53.2333984375,40.8125,0.3125,-11.0,-0.05,1.83,9.44,0.0625,-0.125,0.0625,51,-160.78160565923318,stopped,0.0,0.0,3.296,
2026-08-06T18:26:45.443,181.686,clearing_landing_area,35.919440783333336,139.90934908333332,22.562,0.06173333333333333,True,26,1,35.91912968333333,139.90919718333333,37.19897988272336,201.57490588760882,33.95,1008.396640625,53.3271484375,40.8125,0.3125,-11.0,-0.09,1.82,9.47,-0.125,-0.0625,0.0625,51,-160.76240588760882,forward,100.0,100.0,3.301,
2026-08-06T18:26:45.943,182.186,clearing_landing_area,35.919440783333336,139.90934908333332,22.562,0.06173333333333333,True,26,1,35.91912968333333,139.90919718333333,37.19897988272336,201.57490588760882,34.13,1008.54015625,53.2099609375,41.3125,0.0,-27.9375,-1.27,9.87,3.03,239.5,-61.125,-30.125,115,-160.26240588760882,forward,99.21875,100.0,3.274,
2026-08-06T18:26:46.444,182.687,clearing_landing_area,35.91944098333333,139.90934868333332,22.559,0.05144444444444445,True,25,1,35.91912968333333,139.90919718333333,37.20643885578455,201.51072982737793,34.13,1008.2316796875,53.2216796875,32.8125,8.125,-17.75,-0.89,6.07,5.27,-66.3125,-17.3125,14.625,51,-168.69822982737793,forward,100.0,78.75625,2.596,
2026-08-06T18:26:46.944,183.187,clearing_landing_area,35.91944098333333,139.90934868333332,22.559,0.05144444444444445,True,25,1,35.91912968333333,139.90919718333333,37.20643885578455,201.51072982737793,34.13,1008.185,53.267578125,32.375,0.875,-14.25,7.92,4.38,21.61,-52.1875,-67.25,0.25,115,-169.13572982737793,forward,62.41828125000001,53.77328125,2.564,
2026-08-06T18:26:47.448,183.691,clearing_landing_area,35.9194412,139.90934848333333,22.553,0.8591222222222221,True,25,1,35.91912968333333,139.90919718333333,37.22225798294712,201.4713398055196,34.12,1008.2237109375,53.232421875,35.9375,0.5625,-13.1875,-1.72,2.21,9.87,14.9375,12.3125,189.375,51,-165.5338398055196,turn_left,-40.0,40.0,2.385,
2026-08-06T18:26:47.948,184.191,clearing_landing_area,35.9194412,139.90934848333333,22.553,0.8591222222222221,True,25,1,35.91912968333333,139.90919718333333,37.22225798294712,201.4713398055196,34.13,1008.2396484375,52.9208984375,22.8125,1.875,-13.4375,-0.45,2.24,8.5,10.0,65.6875,174.0625,51,-178.6588398055196,turn_right,5.0,-5.0,13.17,
2026-08-06T18:26:48.449,184.692,clearing_landing_area,35.9194484,139.9093498,22.537,0.3241,True,25,1,35.91912968333333,139.90919718333333,38.01113885169687,201.195930705821,34.13,1008.266953125,53.2568359375,140.125,-2.875,-11.125,-1.17,1.97,9.1,16.0625,-42.25,-209.5,51,-61.07093070582101,turn_right,40.0,-40.0,20.0,
2026-08-06T18:26:48.949,185.192,clearing_landing_area,35.9194484,139.9093498,22.537,0.3241,True,25,1,35.91912968333333,139.90919718333333,38.01113885169687,201.195930705821,34.12,1008.2237109375,53.2783203125,159.8125,-3.0625,-10.625,0.77,0.41,9.25,30.25,-22.9375,-158.9375,51,-41.38343070582101,turn_right,40.0,-40.0,20.0,
2026-08-06T18:26:49.449,185.692,clearing_landing_area,35.91945008333333,139.90934708333333,22.565,0.2109222222222222,True,25,1,35.91912968333333,139.90919718333333,38.098351821584025,200.75112943057977,34.1,1008.2466015625,53.7744140625,220.375,-1.0,-8.875,-0.25,1.79,9.47,0.125,0.0,-0.0625,115,19.623870569420234,stopped,0.0,0.0,20.0,
2026-08-06T18:26:49.950,186.193,clearing_landing_area,35.91945008333333,139.90934708333333,22.565,0.2109222222222222,True,25,1,35.91912968333333,139.90919718333333,38.098351821584025,200.75112943057977,34.11,1008.2272265625,53.2998046875,220.375,-1.0,-9.0,-0.19,1.77,9.47,0.0625,-0.0625,-0.125,115,19.623870569420234,stopped,0.0,0.0,20.0,
2026-08-06T18:26:50.450,186.693,clearing_landing_area,35.919449183333334,139.90934408333334,22.525,0.08745555555555556,True,25,1,35.91912968333333,139.90919718333333,37.90967338968495,200.42290288108356,34.08,1008.2144921875,53.34375,220.375,-1.125,-9.6875,-0.22,1.77,9.48,0.0625,8.1875,0.0625,115,19.95209711891644,stopped,0.0,0.0,20.0,
2026-08-06T18:26:50.950,187.193,clearing_landing_area,35.919449183333334,139.90934408333334,22.525,0.08745555555555556,True,25,1,35.91912968333333,139.90919718333333,37.90967338968495,200.42290288108356,34.08,1008.269140625,53.3203125,220.375,-1.125,-9.75,-0.22,1.77,9.44,-0.0625,-0.125,0.0,115,19.95209711891644,stopped,0.0,0.0,20.0,
2026-08-06T18:26:51.451,187.694,clearing_landing_area,35.91944938333334,139.90934238333332,22.521,0.08231111111111111,True,25,1,35.91912968333333,139.90919718333333,37.877397637769775,200.19415121525228,34.08,1008.3158203125,53.3662109375,220.375,-1.125,-9.8125,-0.22,1.74,9.47,0.0,-0.0625,0.125,115,20.180848784747724,stopped,0.0,0.0,20.0,
2026-08-06T18:26:51.955,188.198,clearing_landing_area,35.91944938333334,139.90934238333332,22.521,0.08231111111111111,True,25,1,35.91912968333333,139.90919718333333,37.877397637769775,200.19415121525228,34.07,1008.190625,53.375,220.375,-1.125,-9.8125,-0.23,1.76,9.48,0.0625,0.125,-0.0625,115,20.180848784747724,stopped,0.0,0.0,20.0,
2026-08-06T18:26:52.456,188.699,clearing_landing_area,35.9194496,139.90934178333333,22.522,0.07716666666666668,True,25,1,35.91912968333333,139.90919718333333,37.88140350182629,200.10487437244507,34.05,1008.27578125,53.4208984375,220.375,-1.125,-9.8125,-0.22,1.76,9.46,-0.0625,0.0,0.0,115,20.270125627554933,stopped,0.0,0.0,20.0,
2026-08-06T18:26:53.010,189.253,clearing_landing_area,35.9194496,139.90934178333333,22.522,0.07716666666666668,True,25,1,35.91912968333333,139.90919718333333,37.88140350182629,200.10487437244507,32.48,1005.8955859375,53.318359375,220.375,-1.125,-9.8125,-0.19,1.77,9.47,0.0625,-0.0625,-0.0625,115,20.270125627554933,stopped,0.0,0.0,20.0,
2026-08-06T18:26:53.510,189.753,clearing_landing_area,35.9194496,139.90934168333334,22.519,0.05658888888888889,True,25,1,35.91912968333333,139.90919718333333,37.878309057839004,200.0920830560458,34.04,1008.25984375,53.53515625,220.375,-1.125,-9.8125,-0.2,1.76,9.47,0.0625,0.0625,0.0,115,20.282916943954206,stopped,0.0,0.0,20.0,
2026-08-06T18:26:54.013,190.256,clearing_landing_area,35.9194496,139.90934168333334,22.519,0.05658888888888889,True,25,1,35.91912968333333,139.90919718333333,37.878309057839004,200.0920830560458,34.04,1008.2871875,53.4541015625,220.375,-1.125,-9.8125,-0.22,1.76,9.47,0.0,0.0,-0.0625,115,20.282916943954206,stopped,0.0,0.0,20.0,
2026-08-06T18:26:54.524,190.767,clearing_landing_area,35.9194497,139.90934168333334,22.519,0.09774444444444444,True,26,1,35.91912968333333,139.90919718333333,37.88875203008328,200.0863065948114,34.04,1008.25984375,53.4541015625,220.375,-1.125,-9.8125,-0.21,1.75,9.46,0.0,8.1875,-0.0625,115,20.28869340518861,stopped,0.0,0.0,20.0,
2026-08-06T18:26:55.025,191.267,clearing_landing_area,35.9194497,139.90934168333334,22.519,0.09774444444444444,True,26,1,35.91912968333333,139.90919718333333,37.88875203008328,200.0863065948114,34.04,1008.27921875,53.48828125,220.375,-1.125,-9.8125,-0.22,1.76,9.44,-0.0625,0.0625,0.0625,115,20.28869340518861,stopped,0.0,0.0,20.0,
2026-08-06T18:26:55.525,191.768,clearing_landing_area,35.919449783333334,139.90934148333332,22.517,0.06687777777777779,True,26,1,35.91912968333333,139.90919718333333,37.891274701313016,200.0559176074946,34.03,1008.29859375,53.7880859375,220.375,-1.125,-9.8125,-0.2,1.79,9.46,0.0625,-0.125,0.0,115,20.319082392505408,stopped,0.0,0.0,20.0,
2026-08-06T18:26:56.026,192.269,clearing_landing_area,35.919449783333334,139.90934148333332,22.517,0.06687777777777779,True,26,1,35.91912968333333,139.90919718333333,37.891274701313016,200.0559176074946,34.03,1008.29859375,53.4755859375,220.375,-1.125,-9.8125,-0.24,1.78,9.47,0.0,-0.1875,0.125,115,20.319082392505408,stopped,0.0,0.0,20.0,
2026-08-06T18:26:56.526,192.769,clearing_landing_area,35.9194497,139.90934138333333,22.516,0.08745555555555556,True,26,1,35.91912968333333,139.90919718333333,37.87948258441388,200.04792927857557,34.02,1008.2823828125,53.5322265625,280.8125,0.1875,-9.25,-1.08,3.19,10.19,27.25,12.125,-196.5625,51,80.76457072142443,turn_right,40.0,-40.0,15.988,
2026-08-06T18:26:57.027,193.270,clearing_landing_area,35.9194497,139.90934138333333,22.516,0.08745555555555556,True,26,1,35.91912968333333,139.90919718333333,37.87948258441388,200.04792927857557,34.03,1008.3259375,53.5107421875,303.5625,0.375,-9.6875,-0.57,1.68,4.18,10.4375,-53.0,-215.4375,51,103.51457072142443,turn_right,40.0,-40.0,16.876,
2026-08-06T18:26:57.528,193.771,clearing_landing_area,35.9194497,139.90934088333333,22.513,0.041155555555555556,True,26,1,35.91912968333333,139.90919718333333,37.86407129886126,199.98392538686534,34.01,1008.3290625,53.54296875,307.6875,1.0625,-12.6875,-5.59,6.41,1.06,67.5,26.375,41.125,179,107.70357461313466,forward,100.0,61.5625,20.0,
2026-08-06T18:26:58.028,194.271,clearing_landing_area,35.9194497,139.90934088333333,22.513,0.041155555555555556,True,26,1,35.91912968333333,139.90919718333333,37.86407129886126,199.98392538686534,34.01,1008.2937890625,53.5205078125,305.4375,0.5,-11.0625,-7.3,3.52,14.59,30.5625,-30.4375,-18.625,179,105.45357461313466,forward,100.0,97.175,16.152,
2026-08-06T18:26:58.528,194.771,clearing_landing_area,35.9194496,139.9093406,22.503,1.1523555555555556,True,26,1,35.91912968333333,139.90919718333333,37.84490703734277,199.95337668521333,34.01,1008.274453125,53.3583984375,20.5625,2.75,-11.1875,-4.87,1.15,14.45,17.75,-28.0625,-148.4375,179,-179.39087668521333,turn_left,-5.0,5.0,2.219,
2026-08-06T18:26:59.029,195.272,clearing_landing_area,35.9194496,139.9093406,22.503,1.1523555555555556,True,26,1,35.91912968333333,139.90919718333333,37.84490703734277,199.95337668521333,34.0,1008.258515625,53.5654296875,27.75,3.25,-11.875,1.61,2.06,9.47,-4.1875,4.6875,15.6875,179,-172.20337668521333,turn_left,-20.0,20.0,2.186,
2026-08-06T18:26:59.529,195.772,clearing_landing_area,35.91945318333333,139.90932828333334,22.526,0.26236666666666664,True,25,1,35.91912968333333,139.90919718333333,37.859290932524,198.16953380110508,34.01,1008.266484375,53.56640625,332.875,2.3125,-9.0,-0.26,1.96,9.43,-0.3125,-0.125,0.375,51,134.7054661988949,stopped,0.0,0.0,16.254,
2026-08-06T18:27:00.030,196.273,clearing_landing_area,35.91945318333333,139.90932828333334,22.526,0.26236666666666664,True,25,1,35.91912968333333,139.90919718333333,37.859290932524,198.16953380110508,34.0,1008.3051953125,53.552734375,332.0625,2.375,-9.1875,0.7,2.1,8.89,-1.375,2.375,28.5,115,133.8929661988949,turn_left,-35.0,35.0,20.0,
2026-08-06T18:27:00.530,196.773,clearing_landing_area,35.919451783333336,139.9093249,22.493,0.23149999999999998,True,24,1,35.91912968333333,139.90919718333333,37.61714649194275,197.80255332356396,34.0,1008.2779296875,53.5185546875,165.5,-2.3125,-12.1875,-0.38,0.2,5.64,10.1875,4.0625,195.3125,51,-32.302553323563956,stopped,0.0,0.0,20.0,
2026-08-06T18:27:01.030,197.273,clearing_landing_area,35.919451783333336,139.9093249,22.493,0.23149999999999998,True,24,1,35.91912968333333,139.90919718333333,37.61714649194275,197.80255332356396,33.99,1008.2699609375,53.5068359375,148.375,-1.375,-12.625,-0.73,2.24,9.12,-4.875,3.75,26.25,51,-49.427553323563956,stopped,0.0,0.0,20.0,
2026-08-06T18:27:01.531,197.784,clearing_landing_area,35.919449183333334,139.909323,22.44,0.22635555555555556,True,26,1,35.91912968333333,139.90919718333333,37.28964736615026,197.68806385064684,33.98,1008.3080859375,53.59765625,146.9375,-1.25,-10.4375,-0.22,1.55,9.47,-0.0625,-0.1875,0.0625,243,-50.75056385064684,stopped,0.0,0.0,20.0,
2026-08-06T18:27:02.032,198.274,clearing_landing_area,35.919449183333334,139.909323,22.44,0.22635555555555556,True,26,1,35.91912968333333,139.90919718333333,37.28964736615026,197.68806385064684,33.99,1008.343359375,53.5986328125,146.9375,-1.25,-10.375,-0.19,1.54,9.5,0.0625,-0.1875,0.0,243,-50.75056385064684,stopped,0.0,0.0,20.0,
2026-08-06T18:27:02.533,198.776,clearing_landing_area,35.919447983333335,139.90932088333332,22.428,0.1852,True,24,1,35.91912968333333,139.90919718333333,37.104876786892625,197.4702527140674,34.0,1008.586328125,53.6806640625,146.9375,-1.25,-10.0,-0.21,1.56,9.53,-0.0625,0.125,0.0625,243,-50.53275271406741,stopped,0.0,0.0,20.0,
2026-08-06T18:27:03.034,199.277,clearing_landing_area,35.919447983333335,139.90932088333332,22.428,0.1852,True,24,1,35.91912968333333,139.90919718333333,37.104876786892625,197.4702527140674,33.99,1008.2341015625,53.6103515625,146.9375,-1.25,-10.0,-0.18,1.54,9.51,0.0625,0.25,0.0,243,-50.53275271406741,stopped,0.0,0.0,20.0,
2026-08-06T18:27:03.540,199.783,clearing_landing_area,35.9194478,139.9093206,22.428,0.08745555555555556,True,25,1,35.91912968333333,139.90919718333333,37.077776203956525,197.44210150711686,34.0,1008.20390625,53.623046875,146.9375,-1.25,-10.0,-0.19,1.55,9.51,-0.0625,0.0,0.0,179,-50.50460150711686,stopped,0.0,0.0,20.0,
2026-08-06T18:27:04.041,200.284,clearing_landing_area,35.9194478,139.9093206,22.428,0.08745555555555556,True,25,1,35.91912968333333,139.90919718333333,37.077776203956525,197.44210150711686,34.0,1008.3131640625,53.634765625,146.9375,-1.25,-10.0,-0.2,1.55,9.51,0.0,0.1875,-0.1875,179,-50.50460150711686,stopped,0.0,0.0,20.0,
2026-08-06T18:27:04.541,200.784,clearing_landing_area,35.9194478,139.90932038333332,22.422,0.1028888888888889,True,25,1,35.91912968333333,139.90919718333333,37.07193263753164,197.41333317618842,34.0,1008.3131640625,53.634765625,146.9375,-1.25,-10.0,-0.21,1.54,9.51,0.0,0.0,0.0,179,-50.47583317618842,stopped,0.0,0.0,20.0,
2026-08-06T18:27:05.049,201.292,clearing_landing_area,35.9194478,139.90932038333332,22.422,0.1028888888888889,True,25,1,35.91912968333333,139.90919718333333,37.07193263753164,197.41333317618842,34.01,1008.2937890625,53.6015625,146.9375,-1.25,-10.0,-0.18,1.54,9.47,0.0,0.0,0.0,179,-50.47583317618842,stopped,0.0,0.0,20.0,
2026-08-06T18:27:05.550,201.793,clearing_landing_area,35.91944768333333,139.90932018333334,22.421,0.06173333333333333,True,25,1,35.91912968333333,139.90919718333333,37.05416706860327,197.39276390250308,34.01,1008.2937890625,53.6240234375,146.9375,-1.25,-10.0,-0.2,1.54,9.51,0.0,0.0625,0.0,179,-50.45526390250308,stopped,0.0,0.0,20.0,
2026-08-06T18:27:06.050,202.293,clearing_landing_area,35.91944768333333,139.90932018333334,22.421,0.06173333333333333,True,25,1,35.91912968333333,139.90919718333333,37.05416706860327,197.39276390250308,34.01,1008.3757421875,53.6240234375,146.9375,-1.25,-10.0,-0.18,1.54,9.49,-0.0625,0.0,-0.1875,179,-50.45526390250308,stopped,0.0,0.0,20.0,
2026-08-06T18:27:06.551,202.794,clearing_landing_area,35.91944758333333,139.90931998333335,22.415,0.0463,True,25,1,35.91912968333333,139.90919718333333,37.03817499777363,197.37131891787996,34.02,1008.2277734375,53.61328125,146.9375,-1.25,-10.0,-0.21,1.54,9.51,0.0,0.125,0.0,179,-50.43381891787996,stopped,0.0,0.0,20.0,
2026-08-06T18:27:07.051,203.294,clearing_landing_area,35.91944758333333,139.90931998333335,22.415,0.0463,True,25,1,35.91912968333333,139.90919718333333,37.03817499777363,197.37131891787996,33.88,1008.112890625,53.6083984375,146.9375,-1.25,-10.0,-0.18,1.55,9.5,0.0625,0.0,-0.125,179,-50.43381891787996,stopped,0.0,0.0,20.0,
2026-08-06T18:27:07.552,203.795,clearing_landing_area,35.919447483333336,139.90931978333333,22.412,0.07202222222222222,True,26,1,35.91912968333333,139.90919718333333,37.022188120048696,197.34985540560834,34.0,1008.3131640625,53.78515625,139.9375,-1.25,-16.0,-5.15,-0.09,10.52,-2.5,24.0,-8.625,51,-57.41235540560834,forward,100.0,76.9,20.0,
2026-08-06T18:27:08.052,204.295,clearing_landing_area,35.919447483333336,139.90931978333333,22.412,0.07202222222222222,True,26,1,35.91912968333333,139.90919718333333,37.022188120048696,197.34985540560834,34.0,1008.285859375,53.611328125,141.8125,-1.6875,-14.625,-1.62,5.36,1.61,-4.25,1.5625,-7.9375,51,-55.53735540560834,forward,100.0,97.36875,20.0,
2026-08-06T18:27:08.553,204.796,clearing_landing_area,35.9194472,139.90931968333334,22.408,1.0391777777777778,True,26,1,35.91912968333333,139.90919718333333,36.98943098206536,197.35109407964015,33.99,1008.2887109375,53.6220703125,147.625,-1.375,-12.8125,-3.95,2.67,16.0,-121.0625,-6.375,0.4375,51,-49.72609407964015,forward,79.34875,95.0,20.0,
2026-08-06T18:27:09.054,205.297,clearing_landing_area,35.9194472,139.90931968333334,22.408,1.0391777777777778,True,26,1,35.91912968333333,139.90919718333333,36.98943098206536,197.35109407964015,33.98,1008.2181640625,53.6435546875,147.75,-1.5,-11.3125,-1.68,-8.6,18.54,61.0625,-15.9375,3.0625,51,-49.60109407964015,forward,64.14687500000001,64.650625,20.0,
2026-08-06T18:27:09.554,205.797,clearing_landing_area,35.9194381,139.9093253,22.391,1.1986555555555556,True,26,1,35.91912968333333,139.90919718333333,36.182946307469216,198.59350736746438,33.99,1008.2341015625,53.6455078125,248.25,-0.25,-10.0,1.28,1.16,11.07,-21.25,-49.9375,-215.125,115,49.65649263253562,turn_left,-5.0,5.0,20.0,
2026-08-06T18:27:10.054,206.297,clearing_landing_area,35.9194381,139.9093253,22.391,1.1986555555555556,True,26,1,35.91912968333333,139.90919718333333,36.182946307469216,198.59350736746438,33.99,1008.324609375,53.6572265625,260.0625,-0.5625,-10.25,0.15,2.81,8.15,-4.25,12.625,36.75,51,61.46899263253562,turn_left,-20.0,20.0,20.0,
2026-08-06T18:27:10.555,206.798,selfie,35.919431683333336,139.90932708333332,22.388,0.4681444444444445,True,25,1,35.91912968333333,139.90919718333333,35.55991874054604,,33.99,1008.343359375,53.6796875,203.3125,-1.0625,-9.9375,-0.04,1.71,9.47,0.3125,0.0,-0.3125,243,,stopped,0.0,0.0,20.0,
2026-08-06T18:27:11.055,207.298,selfie,35.919431683333336,139.90932708333332,22.388,0.4681444444444445,True,25,1,35.91912968333333,139.90919718333333,35.55991874054604,,33.98,1008.2455078125,53.666015625,203.3125,-1.0625,-10.0,-0.12,1.72,9.44,-0.25,0.0625,0.0,243,,stopped,0.0,0.0,20.0,
2026-08-06T18:27:11.556,207.799,selfie,35.91943068333333,139.9093297,22.328,0.15947777777777777,True,24,1,35.91912968333333,139.90919718333333,35.53336905780698,,31.32,1004.1363671875,53.62109375,203.3125,-1.0625,-10.0,-0.12,1.68,9.43,1.4375,0.3125,-0.0625,243,,stopped,0.0,0.0,20.0,
2026-08-06T18:27:12.056,208.299,selfie,35.91943068333333,139.9093297,22.328,0.15947777777777777,True,24,1,35.91912968333333,139.90919718333333,35.53336905780698,,33.98,1008.3080859375,53.6904296875,203.3125,-1.0625,-10.0625,-0.1,1.73,9.36,-1.25,-1.625,-1.0,243,,stopped,0.0,0.0,20.0,
2026-08-06T18:27:12.557,208.800,selfie,35.9194314,139.90933038333333,22.253,0.12861111111111112,True,24,1,35.91912968333333,139.90919718333333,35.62910940693151,,33.98,1008.2727734375,53.8046875,203.3125,-1.0625,-10.0625,-0.13,1.83,9.59,0.375,0.125,0.125,243,,stopped,0.0,0.0,20.0,
2026-08-06T18:27:13.057,209.300,selfie,35.9194314,139.90933038333333,22.253,0.12861111111111112,True,24,1,35.91912968333333,139.90919718333333,35.62910940693151,,33.97,1008.2295703125,53.7001953125,203.3125,-1.0625,-10.0625,-0.17,1.66,9.43,-0.0625,0.0625,-0.0625,243,,stopped,0.0,0.0,20.0,
2026-08-06T18:27:13.557,209.800,selfie,35.919432283333336,139.90933048333332,22.117,0.041155555555555556,True,25,1,35.91912968333333,139.90919718333333,35.72463819570676,,33.97,1008.28421875,53.72265625,203.3125,-1.0625,-10.0625,-0.17,1.74,9.52,0.3125,0.0625,0.0625,51,,stopped,0.0,0.0,20.0,
2026-08-06T18:27:14.058,210.301,selfie,35.919432283333336,139.90933048333332,22.117,0.041155555555555556,True,25,1,35.91912968333333,139.90919718333333,35.72463819570676,,33.97,1008.3115234375,53.734375,203.3125,-1.0625,-10.0625,-0.12,1.79,9.47,-0.5625,0.1875,0.0,51,,stopped,0.0,0.0,20.0,
2026-08-06T18:27:14.558,210.801,selfie,35.91943308333333,139.90933118333334,21.996,0.041155555555555556,True,24,1,35.91912968333333,139.90919718333333,35.82961464857243,,33.94,1008.2714453125,53.767578125,203.3125,-1.0625,-10.0,-0.09,1.66,9.4,-0.0625,0.1875,0.0625,48,,stopped,0.0,0.0,20.0,
2026-08-06T18:27:15.059,211.302,selfie,35.91943308333333,139.90933118333334,21.996,0.041155555555555556,True,24,1,35.91912968333333,139.90919718333333,35.82961464857243,,33.93,1008.22828125,53.7880859375,203.3125,-1.0625,-10.0,-0.14,1.88,9.33,0.4375,0.375,-0.0625,48,,stopped,0.0,0.0,20.0,
2026-08-06T18:27:15.559,211.802,selfie,35.91943308333333,139.90933128333333,21.977,0.06173333333333333,True,24,1,35.91912968333333,139.90919718333333,35.832648394723776,,33.91,1008.305390625,53.9365234375,203.3125,-1.0625,-10.125,-0.19,1.97,9.43,-0.125,0.1875,0.0625,48,,stopped,0.0,0.0,20.0,
2026-08-06T18:27:16.059,212.302,selfie,35.91943308333333,139.90933128333333,21.977,0.06173333333333333,True,24,1,35.91912968333333,139.90919718333333,35.832648394723776,,33.92,1008.3406640625,53.8447265625,203.3125,-1.0625,-10.125,-0.11,1.43,9.42,-1.1875,-0.25,-0.0625,48,,stopped,0.0,0.0,20.0,
2026-08-06T18:27:16.560,212.803,selfie,35.91943308333333,139.90933128333333,21.956,0.05144444444444445,True,24,1,35.91912968333333,139.90919718333333,35.832648394723776,,33.5,1008.1300390625,53.900390625,204.0,-0.5,-8.5625,0.08,1.45,9.58,0.375,0.0,-0.4375,51,,stopped,0.0,0.0,20.0,
2026-08-06T18:27:17.060,213.303,selfie,35.91943308333333,139.90933128333333,21.956,0.05144444444444445,True,24,1,35.91912968333333,139.90919718333333,35.832648394723776,,33.87,1008.3234375,53.943359375,204.0,-0.5,-8.5625,0.07,1.46,9.53,-0.0625,0.125,0.0,51,,stopped,0.0,0.0,20.0,
2026-08-06T18:27:17.561,213.804,selfie,35.91943298333333,139.90933138333332,21.933,0.025722222222222226,True,24,1,35.91912968333333,139.90919718333333,35.82521619838523,,33.85,1008.2912890625,53.9169921875,204.0,-0.5,-8.5625,-0.09,1.48,9.48,0.0,-0.125,0.125,179,,stopped,0.0,0.0,20.0,
2026-08-06T18:27:18.061,214.304,selfie,35.91943298333333,139.90933138333332,21.933,0.025722222222222226,True,24,1,35.91912968333333,139.90919718333333,35.82521619838523,,33.68,1008.055,53.978515625,204.0,-0.5,-8.625,-0.07,1.5,9.51,0.0625,-0.0625,0.0625,179,,stopped,0.0,0.0,20.0,
2026-08-06T18:27:18.563,214.806,selfie,35.919432883333336,139.9093316,21.911,0.05144444444444445,True,24,1,35.91912968333333,139.90919718333333,35.82133683465986,,33.84,1008.3220703125,54.04296875,204.0,-0.5,-8.625,-0.06,1.49,9.51,0.0,0.1875,0.0,115,,stopped,0.0,0.0,20.0,
2026-08-06T18:27:19.063,215.306,selfie,35.919432883333336,139.9093316,21.911,0.05144444444444445,True,24,1,35.91912968333333,139.90919718333333,35.82133683465986,,33.83,1008.2788671875,54.0419921875,204.0,-0.5,-8.625,-0.1,1.49,9.51,0.1875,-0.0625,0.0625,115,,stopped,0.0,0.0,20.0,
2026-08-06T18:27:19.563,215.806,selfie,35.919432783333335,139.90933178333333,21.899,0.025722222222222226,True,24,1,35.91912968333333,139.90919718333333,35.81645520448998,,33.82,1008.3445703125,54.076171875,204.0,-0.5,-8.625,-0.08,1.49,9.49,0.0625,0.1875,-0.0625,115,,stopped,0.0,0.0,20.0,
2026-08-06T18:27:20.064,216.307,selfie,35.919432783333335,139.90933178333333,21.899,0.025722222222222226,True,24,1,35.91912968333333,139.90919718333333,35.81645520448998,,33.84,1008.294765625,54.0546875,204.0,-0.5,-8.625,-0.07,1.49,9.49,0.0625,-0.0625,0.125,115,,stopped,0.0,0.0,20.0,
2026-08-06T18:27:20.564,216.807,selfie,35.9194327,139.90933188333332,21.882,0.05144444444444445,True,24,1,35.91912968333333,139.90919718333333,35.81078502113536,,33.82,1008.2899609375,54.0986328125,204.0,-0.5,-8.625,-0.07,1.48,9.51,0.0,0.0,-0.0625,51,,stopped,0.0,0.0,20.0,
2026-08-06T18:27:21.065,217.308,selfie,35.9194327,139.90933188333332,21.882,0.05144444444444445,True,24,1,35.91912968333333,139.90919718333333,35.81078502113536,,33.77,1008.1441015625,54.0947265625,204.0,-0.5,-8.625,-0.07,1.49,9.5,8.0,0.0625,-0.125,51,,stopped,0.0,0.0,20.0,
2026-08-06T18:27:21.565,217.808,selfie,35.91943248333333,139.9093321,21.863,0.0463,True,24,1,35.91912968333333,139.90919718333333,35.79473551275473,,33.69,1008.1528125,54.095703125,204.0,-0.5,-8.625,-0.07,1.5,9.51,-0.125,0.0625,-0.0625,115,,stopped,0.0,0.0,20.0,
2026-08-06T18:27:22.065,218.308,selfie,35.91943248333333,139.9093321,21.863,0.0463,True,24,1,35.91912968333333,139.90919718333333,35.79473551275473,,33.63,1008.0294921875,54.0654296875,204.0,-0.5,-8.625,-0.1,1.49,9.52,0.0,0.0625,0.125,51,,stopped,0.0,0.0,20.0,
2026-08-06T18:27:22.566,218.809,selfie,35.91943238333333,139.90933238333332,21.844,0.0463,True,24,1,35.91912968333333,139.90919718333333,35.79294687726452,,33.81,1008.2740234375,54.142578125,204.0,-0.5,-8.625,-0.09,1.5,9.49,0.0625,0.0625,0.0625,51,,stopped,0.0,0.0,20.0,
2026-08-06T18:27:23.066,219.309,selfie,35.91943238333333,139.90933238333332,21.844,0.0463,True,24,1,35.91912968333333,139.90919718333333,35.79294687726452,,33.8,1008.26609375,54.1318359375,204.0,-0.5,-8.625,-0.06,1.5,9.49,-0.0625,0.0625,0.1875,51,,stopped,0.0,0.0,20.0,
2026-08-06T18:27:23.567,219.810,selfie,35.9194321,139.90933238333332,21.837,0.020577777777777778,True,24,1,35.91912968333333,139.90919718333333,35.76332183842119,,33.79,1008.3594140625,54.2578125,204.0,-0.5,-8.625,-0.08,1.49,9.51,0.0625,0.0,0.125,115,,stopped,0.0,0.0,20.0,
2026-08-06T18:27:24.067,220.310,selfie,35.9194321,139.90933238333332,21.837,0.020577777777777778,True,24,1,35.91912968333333,139.90919718333333,35.76332183842119,,33.78,1008.296875,54.1982421875,204.0,-0.5,-8.625,-0.09,1.49,9.51,0.0625,-0.0625,0.0,115,,stopped,0.0,0.0,20.0,
2026-08-06T18:27:24.568,220.811,selfie,35.91943188333333,139.9093325,21.828,0.025722222222222226,True,24,1,35.91912968333333,139.90919718333333,35.744249701197184,,33.75,1008.248828125,54.2646484375,204.0,-0.5,-8.625,-0.09,1.49,9.48,0.0625,0.0625,0.0,115,,stopped,0.0,0.0,20.0,
2026-08-06T18:27:25.072,221.315,selfie,35.91943188333333,139.9093325,21.828,0.025722222222222226,True,24,1,35.91912968333333,139.90919718333333,35.744249701197184,,33.75,1008.248828125,54.2646484375,204.0,-0.5,-8.625,-0.08,1.5,9.52,0.0,-0.0625,0.0625,115,,stopped,0.0,0.0,20.0,
2026-08-06T18:27:25.572,221.815,selfie,35.91943178333333,139.9093325,21.817,0.0051444444444444445,True,24,1,35.91912968333333,139.90919718333333,35.73379648909148,,33.73,1008.2986328125,54.296875,204.0,-0.5,-8.625,-0.07,1.49,9.53,0.0,-0.0625,0.0625,51,,stopped,0.0,0.0,20.0,
2026-08-06T18:27:26.072,222.315,selfie,35.91943178333333,139.9093325,21.817,0.0051444444444444445,True,24,1,35.91912968333333,139.90919718333333,35.73379648909148,,33.73,1008.2440625,54.30859375,204.0,-0.5,-8.625,-0.05,1.49,9.51,0.125,0.0,0.1875,51,,stopped,0.0,0.0,20.0,
2026-08-06T18:27:26.573,222.816,selfie,35.919431583333335,139.90933268333333,21.802,0.015433333333333332,True,24,1,35.91912968333333,139.90919718333333,35.71852765620052,,33.73,1008.271328125,54.4013671875,204.0,-0.5,-8.625,-0.07,1.5,9.52,-0.0625,-0.25,0.0,51,,stopped,0.0,0.0,20.0,
2026-08-06T18:27:27.073,223.316,selfie,35.919431583333335,139.90933268333333,21.802,0.015433333333333332,True,24,1,35.91912968333333,139.90919718333333,35.71852765620052,,33.55,1008.038125,54.3330078125,204.0,-0.5,-8.625,-0.1,1.49,9.53,0.0,-0.0625,-0.0625,51,,stopped,0.0,0.0,20.0,
2026-08-06T18:27:27.573,223.817,selfie,35.919431583333335,139.90933268333333,21.789,0.03601111111111111,True,24,1,35.91912968333333,139.90919718333333,35.71852765620052,,33.52,1007.9434765625,54.341796875,204.0,-0.5,-8.625,-0.08,1.49,9.51,0.0625,0.0,-0.125,115,,stopped,0.0,0.0,20.0,
2026-08-06T18:27:28.074,224.317,selfie,35.919431583333335,139.90933268333333,21.789,0.03601111111111111,True,24,1,35.91912968333333,139.90919718333333,35.71852765620052,,33.49,1007.89546875,54.361328125,204.0,-0.5,-8.625,-0.08,1.49,9.49,0.0,0.0625,0.125,115,,stopped,0.0,0.0,20.0,
2026-08-06T18:27:28.574,224.817,selfie,35.919431683333336,139.90933268333333,21.777,0.11832222222222223,True,24,1,35.91912968333333,139.90919718333333,35.72897841432803,,33.7,1008.215390625,54.3623046875,204.0,-0.5,-8.625,-0.06,1.5,9.51,0.0,0.0625,-0.0625,51,,stopped,0.0,0.0,20.0,
2026-08-06T18:27:29.075,225.318,selfie,35.919431683333336,139.90933268333333,21.777,0.11832222222222223,True,24,1,35.91912968333333,139.90919718333333,35.72897841432803,,33.66,1008.17875,54.369140625,204.0,-0.5,-8.625,-0.07,1.5,9.5,0.0625,-0.125,-0.125,51,,stopped,0.0,0.0,20.0,
2026-08-06T18:27:29.575,225.818,selfie,35.91943178333333,139.90933258333334,21.762,0.0463,True,24,1,35.91912968333333,139.90919718333333,35.73635614750914,,33.72,1008.2474609375,54.3994140625,204.0,-0.5,-8.625,-0.09,1.5,9.53,0.0,0.0625,0.0,115,,stopped,0.0,0.0,20.0,
2026-08-06T18:27:30.076,226.319,selfie,35.91943178333333,139.90933258333334,21.762,0.0463,True,24,1,35.91912968333333,139.90919718333333,35.73635614750914,,33.73,1008.544375,54.4130859375,204.0,-0.5,-8.625,-0.08,1.49,9.52,0.0,-0.125,0.125,115,,stopped,0.0,0.0,20.0,
2026-08-06T18:27:30.576,226.819,selfie,35.919432,139.9093325,21.745,0.06173333333333333,True,24,1,35.91912968333333,139.90919718333333,35.75644562350592,,33.72,1008.274765625,54.330078125,204.0,-0.5,-8.625,-0.08,1.49,9.52,0.0,0.0625,0.0,51,,stopped,0.0,0.0,20.0,
2026-08-06T18:27:31.076,227.319,selfie,35.919432,139.9093325,21.745,0.06173333333333333,True,24,1,35.91912968333333,139.90919718333333,35.75644562350592,,33.72,1008.302109375,54.421875,204.0,-0.5,-8.625,-0.08,1.49,9.51,0.1875,0.0,0.0625,51,,stopped,0.0,0.0,20.0,
2026-08-06T18:27:31.577,227.820,selfie,35.919432183333335,139.90933238333332,21.727,0.030866666666666664,True,24,1,35.91912968333333,139.90919718333333,35.77203475173872,,33.71,1008.2858984375,54.4443359375,204.0,-0.5,-8.625,-0.07,1.49,9.5,0.125,-0.125,0.0625,51,,stopped,0.0,0.0,20.0,
2026-08-06T18:27:32.077,228.320,selfie,35.919432183333335,139.90933238333332,21.727,0.030866666666666664,True,24,1,35.91912968333333,139.90919718333333,35.77203475173872,,33.71,1008.2941015625,54.4443359375,204.0,-0.5,-8.625,-0.06,1.49,9.49,0.0,0.0,-0.0625,51,,stopped,0.0,0.0,20.0,
2026-08-06T18:27:32.578,228.821,selfie,35.91943248333333,139.90933218333333,21.711,0.030866666666666664,True,24,1,35.91912968333333,139.90919718333333,35.79728326280065,,33.55,1007.9289453125,54.4599609375,204.0,-0.5,-8.625,-0.08,1.49,9.51,0.0,-0.1875,-0.0625,115,,stopped,0.0,0.0,20.0,
2026-08-06T18:27:33.080,229.325,selfie,35.91943248333333,139.90933218333333,21.711,0.030866666666666664,True,24,1,35.91912968333333,139.90919718333333,35.79728326280065,,33.72,1008.302109375,54.45703125,204.0,-0.5,-8.625,-0.12,1.5,9.53,0.0,0.0,0.0,115,,stopped,0.0,0.0,20.0,
2026-08-06T18:27:33.580,229.823,selfie,35.9194327,139.909332,21.693,0.07202222222222222,True,24,1,35.91912968333333,139.90919718333333,35.81434493940062,,32.32,1006.0912890625,54.3720703125,204.0,-0.5,-8.625,-0.07,1.49,9.49,0.0,0.0,-0.0625,115,,stopped,0.0,0.0,20.0,
2026-08-06T18:27:34.081,230.324,selfie,35.9194327,139.909332,21.693,0.07202222222222222,True,24,1,35.91912968333333,139.90919718333333,35.81434493940062,,33.72,1008.302109375,54.46875,204.0,-0.5,-8.625,-0.05,1.49,9.5,-0.0625,0.0625,0.0625,115,,stopped,0.0,0.0,20.0,
2026-08-06T18:27:34.581,230.824,selfie,35.91943298333333,139.90933178333333,21.675,0.07716666666666668,True,24,1,35.91912968333333,139.90919718333333,35.83738281086348,,33.72,1008.302109375,54.4912109375,204.0,-0.5,-8.625,-0.08,1.5,9.52,0.125,0.125,-0.125,51,,stopped,0.0,0.0,20.0,
2026-08-06T18:27:35.082,231.324,selfie,35.91943298333333,139.90933178333333,21.675,0.07716666666666668,True,24,1,35.91912968333333,139.90919718333333,35.83738281086348,,33.72,1008.3100390625,54.4814453125,204.0,-0.5,-8.625,-0.09,1.48,9.49,-0.0625,0.125,0.0625,51,,stopped,0.0,0.0,20.0,
2026-08-06T18:27:35.582,231.825,selfie,35.9194333,139.9093316,21.66,0.06687777777777779,True,25,1,35.91912968333333,139.90919718333333,35.864946226784525,,31.52,1004.8911328125,54.4267578125,204.0,-0.5,-8.625,-0.11,1.49,9.5,0.125,0.0,0.125,51,,stopped,0.0,0.0,20.0,
2026-08-06T18:27:36.082,232.325,selfie,35.9194333,139.9093316,21.66,0.06687777777777779,True,25,1,35.91912968333333,139.90919718333333,35.864946226784525,,33.7,1008.3325390625,54.490234375,204.0,-0.5,-8.625,-0.06,1.49,9.52,0.0,-0.0625,-0.0625,51,,stopped,0.0,0.0,20.0,
2026-08-06T18:27:36.584,232.827,selfie,35.919433483333336,139.90933118333334,21.628,0.03601111111111111,True,25,1,35.91912968333333,139.90919718333333,35.87149744842596,,33.71,1008.3677734375,54.478515625,204.0,-0.5,-8.625,-0.07,1.49,9.52,0.0,0.0,0.0,51,,stopped,0.0,0.0,20.0,
2026-08-06T18:27:37.084,233.327,selfie,35.919433483333336,139.90933118333334,21.628,0.03601111111111111,True,25,1,35.91912968333333,139.90919718333333,35.87149744842596,,33.7,1008.2779296875,54.466796875,204.0,-0.5,-8.625,-0.08,1.49,9.5,0.0,0.0,0.0,51,,stopped,0.0,0.0,20.0,
2026-08-06T18:27:37.585,233.828,selfie,35.91943358333333,139.90933078333333,21.6,0.020577777777777778,True,25,1,35.91912968333333,139.90919718333333,35.86987189121957,,33.71,1008.34046875,54.375,204.0,-0.5,-8.625,-0.09,1.5,9.52,0.0,0.125,0.0625,51,,stopped,0.0,0.0,20.0,
2026-08-06T18:27:38.085,234.328,selfie,35.91943358333333,139.90933078333333,21.6,0.020577777777777778,True,25,1,35.91912968333333,139.90919718333333,35.86987189121957,,33.7,1008.2779296875,54.5595703125,204.0,-0.5,-8.625,-0.08,1.49,9.53,-0.0625,0.125,0.0,51,,stopped,0.0,0.0,20.0,
2026-08-06T18:27:38.586,234.829,selfie,35.9194338,139.90933028333333,21.569,0.020577777777777778,True,25,1,35.91912968333333,139.90919718333333,35.877502651627736,,33.69,1008.2893359375,54.5,204.0,-0.5,-8.625,-0.09,1.5,9.51,0.125,0.0,0.0,51,,stopped,0.0,0.0,20.0,
2026-08-06T18:27:39.086,235.329,selfie,35.9194338,139.90933028333333,21.569,0.020577777777777778,True,25,1,35.91912968333333,139.90919718333333,35.877502651627736,,33.63,1008.4935546875,54.458984375,204.0,-0.5,-8.625,-0.08,1.49,9.53,-0.0625,-0.1875,-0.0625,51,,stopped,0.0,0.0,20.0,
2026-08-06T18:27:39.586,235.829,selfie,35.9194338,139.90932988333333,21.549,0.020577777777777778,True,25,1,35.91912968333333,139.90919718333333,35.86548530805401,,33.69,1008.26203125,54.3837890625,204.0,-0.5,-8.625,-0.08,1.49,9.55,0.0,0.125,0.0,51,,stopped,0.0,0.0,20.0,
2026-08-06T18:27:40.087,236.330,selfie,35.9194338,139.90932988333333,21.549,0.020577777777777778,True,25,1,35.91912968333333,139.90919718333333,35.86548530805401,,33.69,1008.308671875,54.3955078125,204.0,-0.5,-8.625,-0.08,1.49,9.51,-0.0625,0.125,-0.0625,115,,stopped,0.0,0.0,20.0,
2026-08-06T18:27:40.587,236.830,selfie,35.919433983333334,139.90932938333333,21.518,0.0463,True,26,1,35.91912968333333,139.90919718333333,35.869738472880925,,33.67,1008.2844921875,54.4169921875,204.0,-0.5,-0.625,-0.1,1.49,9.52,0.0625,0.0,0.0,51,,stopped,0.0,0.0,20.0,
2026-08-06T18:27:41.088,237.331,selfie,35.919433983333334,139.90932938333333,21.518,0.0463,True,26,1,35.91912968333333,139.90919718333333,35.869738472880925,,33.68,1008.292734375,54.4296875,204.0,-0.5,-8.625,-0.08,1.49,9.54,0.0,0.0,-0.0625,51,,stopped,0.0,0.0,20.0,
2026-08-06T18:27:41.588,237.831,selfie,35.9194339,139.90932938333333,21.518,0.020577777777777778,True,26,1,35.91912968333333,139.90919718333333,35.86099758025992,,33.48,1007.9262109375,54.4287109375,204.0,-0.5,-8.625,-0.08,1.49,9.52,0.0,-0.0625,-0.0625,51,,stopped,0.0,0.0,20.0,
2026-08-06T18:27:42.089,238.332,selfie,35.9194339,139.90932938333333,21.518,0.020577777777777778,True,26,1,35.91912968333333,139.90919718333333,35.86099758025992,,33.59,1008.1839453125,54.4072265625,204.0,-0.5,-8.625,-0.1,1.49,9.51,0.125,-0.125,0.0,51,,stopped,0.0,0.0,20.0,
2026-08-06T18:27:42.589,238.832,selfie,35.9194339,139.90932928333334,21.517,0.0463,True,26,1,35.91912968333333,139.90919718333333,35.85800920016272,,32.14,1005.93984375,54.4072265625,204.0,-0.5,-8.625,-0.07,1.49,9.52,0.0,0.0625,0.0625,115,,stopped,0.0,0.0,20.0,
2026-08-06T18:27:43.094,239.337,selfie,35.9194339,139.90932928333334,21.517,0.0463,True,26,1,35.91912968333333,139.90919718333333,35.85800920016272,,33.66,1008.26859375,54.4501953125,204.0,-0.5,-8.625,-0.09,1.49,9.5,0.0,-0.125,0.0625,115,,stopped,0.0,0.0,20.0,
2026-08-06T18:27:43.594,239.837,selfie,35.9194339,139.90932898333332,21.492,0.030866666666666664,True,26,1,35.91912968333333,139.90919718333333,35.84905613643708,,33.65,1008.3073046875,54.4951171875,204.0,-0.5,-8.625,-0.09,1.49,9.52,0.0,-0.0625,0.0,115,,stopped,0.0,0.0,20.0,
2026-08-06T18:27:44.094,240.337,selfie,35.9194339,139.90932898333332,21.492,0.030866666666666664,True,26,1,35.91912968333333,139.90919718333333,35.84905613643708,,33.65,1008.2447265625,54.4951171875,204.0,-0.5,-8.625,-0.07,1.49,9.48,-0.0625,0.0,0.0,115,,stopped,0.0,0.0,20.0,
2026-08-06T18:27:44.595,240.838,selfie,35.9194338,139.90932858333332,21.47,0.010288888888888889,True,26,1,35.91912968333333,139.90919718333333,35.82665121221585,,33.64,1008.283125,54.6201171875,204.25,-0.4375,-9.0625,-0.11,1.54,9.47,0.0625,0.1875,-0.3125,51,,stopped,0.0,0.0,20.0,
2026-08-06T18:27:45.095,241.338,selfie,35.9194338,139.90932858333332,21.47,0.010288888888888889,True,26,1,35.91912968333333,139.90919718333333,35.82665121221585,,33.63,1008.3024609375,54.5283203125,204.25,-0.4375,-9.0625,-0.04,1.52,9.5,8.0625,0.125,0.0,51,,stopped,0.0,0.0,20.0,
2026-08-06T18:27:45.596,241.839,selfie,35.91943358333333,139.90932788333333,21.433,0.025722222222222226,True,26,1,35.91912968333333,139.90919718333333,35.78312903004695,,32.77,1007.449296875,54.5068359375,204.1875,-0.4375,-8.9375,-0.12,1.39,9.48,1.3125,-0.0625,0.0,51,,stopped,0.0,0.0,20.0,
2026-08-06T18:27:46.096,242.339,selfie,35.91943358333333,139.90932788333333,21.433,0.025722222222222226,True,26,1,35.91912968333333,139.90919718333333,35.78312903004695,,33.62,1008.231953125,54.595703125,204.1875,-0.4375,-8.9375,-0.07,1.5,9.58,-0.3125,-0.4375,-0.0625,51,,stopped,0.0,0.0,20.0,
2026-08-06T18:27:46.597,242.840,selfie,35.91943358333333,139.90932788333333,21.433,0.0,True,26,1,35.91912968333333,139.90919718333333,35.78312903004695,,33.56,1008.2723828125,54.634765625,204.1875,-0.4375,-9.0,-0.03,1.56,9.44,0.0,0.0625,0.1875,51,,stopped,0.0,0.0,20.0,
2026-08-06T18:27:47.097,243.340,selfie,35.91943358333333,139.90932788333333,21.433,0.0,True,26,1,35.91912968333333,139.90919718333333,35.78312903004695,,33.54,1008.3031640625,54.6552734375,204.1875,-0.4375,-9.0,-0.17,1.46,9.47,0.0,0.1875,-0.0625,51,,stopped,0.0,0.0,20.0,
2026-08-06T18:27:47.597,243.840,selfie,35.91943358333333,139.90932788333333,21.432,0.015433333333333332,True,26,1,35.91912968333333,139.90919718333333,35.78312903004695,,33.5,1008.266484375,54.673828125,204.1875,-0.4375,-9.0,-0.15,1.35,9.45,-0.125,-0.125,-0.5,240,,stopped,0.0,0.0,20.0,
2026-08-06T18:27:48.098,244.341,selfie,35.91943358333333,139.90932788333333,21.432,0.015433333333333332,True,26,1,35.91912968333333,139.90919718333333,35.78312903004695,,33.49,1008.6596875,54.765625,204.1875,-0.4375,-9.0,-0.08,1.6,9.57,-0.8125,0.125,0.1875,240,,stopped,0.0,0.0,20.0,
2026-08-06T18:27:48.598,244.841,selfie,35.91943358333333,139.90932788333333,21.432,0.010288888888888889,True,26,1,35.91912968333333,139.90919718333333,35.78312903004695,,33.46,1008.275859375,54.876953125,204.1875,-0.4375,-9.0625,-0.09,1.6,9.44,0.1875,-0.1875,0.0,240,,stopped,0.0,0.0,20.0,
2026-08-06T18:27:49.099,245.342,selfie,35.91943358333333,139.90932788333333,21.432,0.010288888888888889,True,26,1,35.91912968333333,139.90919718333333,35.78312903004695,,33.45,1008.259921875,54.88671875,204.1875,-0.4375,-9.0625,-0.09,1.58,9.48,0.1875,0.0625,0.125,243,,stopped,0.0,0.0,20.0,
2026-08-06T18:27:49.599,245.842,selfie,35.91943358333333,139.90932788333333,21.432,0.0051444444444444445,True,26,1,35.91912968333333,139.90919718333333,35.78312903004695,,33.46,1008.3031640625,54.830078125,204.1875,-0.4375,-9.125,-0.07,1.57,9.46,0.0,0.0625,-0.125,243,,stopped,0.0,0.0,20.0,
2026-08-06T18:27:50.109,246.352,selfie,35.91943358333333,139.90932788333333,21.432,0.0051444444444444445,True,26,1,35.91912968333333,139.90919718333333,35.78312903004695,,33.31,1007.989375,54.9169921875,204.1875,-0.4375,-9.125,-0.1,1.56,9.52,0.125,0.0625,-0.125,243,,stopped,0.0,0.0,20.0,
2026-08-06T18:27:50.609,246.852,selfie,35.91943358333333,139.90932788333333,21.432,0.0051444444444444445,True,26,1,35.91912968333333,139.90919718333333,35.78312903004695,,33.46,1008.2837890625,54.923828125,204.1875,-0.4375,-9.125,-0.05,1.52,9.49,0.0625,-0.0625,0.125,243,,stopped,0.0,0.0,20.0,
2026-08-06T18:27:51.109,247.352,selfie,35.91943358333333,139.90932788333333,21.432,0.0051444444444444445,True,26,1,35.91912968333333,139.90919718333333,35.78312903004695,,33.46,1008.2485546875,54.9228515625,204.1875,-0.4375,-9.125,-0.06,1.52,9.49,-0.0625,0.0,0.0625,243,,stopped,0.0,0.0,20.0,
2026-08-06T18:27:51.610,247.853,selfie,35.91943358333333,139.90932778333334,21.431,0.19548888888888888,True,26,1,35.91912968333333,139.90919718333333,35.78016814185289,,33.47,1008.273046875,54.923828125,204.1875,-0.4375,-9.125,-0.08,1.53,9.47,0.0,-0.0625,-0.0625,243,,stopped,0.0,0.0,20.0,
2026-08-06T18:27:52.111,248.354,selfie,35.91943358333333,139.90932778333334,21.431,0.19548888888888888,True,26,1,35.91912968333333,139.90919718333333,35.78016814185289,,33.46,1008.2837890625,54.923828125,204.1875,-0.4375,-9.125,-0.06,1.52,9.52,0.0,0.0625,-0.0625,243,,stopped,0.0,0.0,20.0,
2026-08-06T18:27:52.615,248.858,selfie,35.91943358333333,139.9093277,21.413,0.20063333333333333,True,26,1,35.91912968333333,139.90919718333333,35.777702279076486,,33.46,1008.3383984375,54.935546875,204.1875,-0.4375,-9.125,-0.07,1.53,9.51,0.0,-0.0625,0.0,243,,stopped,0.0,0.0,20.0,
2026-08-06T18:27:53.115,249.358,selfie,35.91943358333333,139.9093277,21.413,0.20063333333333333,True,26,1,35.91912968333333,139.90919718333333,35.777702279076486,,32.16,1006.29875,54.89453125,204.1875,-0.4375,-9.125,-0.09,1.53,9.5,0.0625,-0.125,0.0625,243,,stopped,0.0,0.0,20.0,
2026-08-06T18:27:53.619,249.862,selfie,35.919433483333336,139.90932688333334,21.411,0.3241,True,26,1,35.91912968333333,139.90919718333333,35.743101894391856,,33.45,1008.731875,54.9560546875,204.1875,-0.4375,-9.125,-0.08,1.51,9.47,0.0,0.1875,0.0625,243,,stopped,0.0,0.0,20.0,
2026-08-06T18:27:54.121,250.364,selfie,35.919433483333336,139.90932688333334,21.411,0.3241,True,26,1,35.91912968333333,139.90919718333333,35.743101894391856,,33.47,1008.264765625,54.947265625,204.1875,-0.4375,-9.125,-0.04,1.51,9.49,0.0,-0.0625,0.0625,243,,stopped,0.0,0.0,20.0,
2026-08-06T18:27:54.622,250.865,selfie,35.919432,139.90932498333333,21.356,0.2057777777777778,True,26,1,35.91912968333333,139.90919718333333,35.53147247127476,,33.45,1008.259921875,54.9677734375,204.1875,-0.4375,-9.125,-0.06,1.53,9.53,0.125,-0.0625,0.0625,243,,stopped,0.0,0.0,20.0,
2026-08-06T18:27:55.122,251.365,selfie,35.919432,139.90932498333333,21.356,0.2057777777777778,True,26,1,35.91912968333333,139.90919718333333,35.53147247127476,,33.45,1008.259921875,54.9443359375,204.1875,-0.4375,-9.125,-0.06,1.53,9.51,0.0,0.0,-0.0625,243,,stopped,0.0,0.0,20.0,
2026-08-06T18:27:55.623,251.866,selfie,35.9194314,139.90932508333333,21.277,0.1852,True,26,1,35.91912968333333,139.90919718333333,35.47128152407679,,33.44,1008.3065625,54.966796875,204.1875,-0.4375,-9.125,-0.06,1.53,9.5,0.0,-0.0625,0.0,243,,stopped,0.0,0.0,20.0,
2026-08-06T18:27:56.123,252.366,selfie,35.9194314,139.90932508333333,21.277,0.1852,True,26,1,35.91912968333333,139.90919718333333,35.47128152407679,,33.44,1008.279296875,55.0703125,204.1875,-0.4375,-9.125,-0.06,1.51,9.5,-0.0625,-0.0625,-0.0625,243,,stopped,0.0,0.0,20.0,
2026-08-06T18:27:56.624,252.867,selfie,35.9194309,139.90932568333332,21.224,0.15947777777777777,True,26,1,35.91912968333333,139.90919718333333,35.43630752255383,,33.45,1008.2053515625,55.0029296875,204.1875,-0.4375,-9.125,-0.06,1.53,9.5,0.0625,-0.0625,0.0,243,,stopped,0.0,0.0,20.0,
2026-08-06T18:27:57.128,253.371,selfie,35.9194309,139.90932568333332,21.224,0.15947777777777777,True,26,1,35.91912968333333,139.90919718333333,35.43630752255383,,33.44,1008.279296875,55.0126953125,204.1875,-0.4375,-9.125,-0.05,1.52,9.5,0.0,0.0,0.0625,243,,stopped,0.0,0.0,20.0,
2026-08-06T18:27:57.629,253.872,selfie,35.91943008333333,139.9093268,21.156,0.12861111111111112,True,26,1,35.91912968333333,139.90919718333333,35.38353211695418,,33.45,1008.3225,55.013671875,204.1875,-0.4375,-9.125,-0.05,1.53,9.51,0.125,-0.0625,0.0,243,,stopped,0.0,0.0,20.0,
2026-08-06T18:27:58.129,254.372,selfie,35.91943008333333,139.9093268,21.156,0.12861111111111112,True,26,1,35.91912968333333,139.90919718333333,35.38353211695418,,33.45,1008.31453125,55.0029296875,204.1875,-0.4375,-9.125,-0.06,1.53,9.5,0.0625,0.0625,0.0625,243,,stopped,0.0,0.0,20.0,
2026-08-06T18:27:58.630,254.873,selfie,35.91943008333333,139.9093268,21.151,0.08231111111111111,True,26,1,35.91912968333333,139.90919718333333,35.38353211695418,,33.45,1008.2872265625,55.037109375,204.1875,-0.4375,-9.125,-0.08,1.53,9.48,0.125,0.0,-0.0625,243,,stopped,0.0,0.0,20.0,
2026-08-06T18:27:59.130,255.373,selfie,35.91943008333333,139.9093268,21.151,0.08231111111111111,True,26,1,35.91912968333333,139.90919718333333,35.38353211695418,,33.45,1008.31453125,55.025390625,204.1875,-0.4375,-9.125,-0.07,1.52,9.52,0.0,0.0625,0.0,243,,stopped,0.0,0.0,20.0,
2026-08-06T18:27:59.630,255.873,selfie,35.91943008333333,139.90932668333335,21.145,0.08745555555555556,True,26,1,35.91912968333333,139.90919718333333,35.38006789937806,,33.46,1008.3383984375,55.0390625,204.1875,-0.4375,-9.125,-0.08,1.53,9.5,0.0,0.0625,0.0,243,,stopped,0.0,0.0,20.0,
2026-08-06T18:28:00.131,256.374,selfie,35.91943008333333,139.90932668333335,21.145,0.08745555555555556,True,26,1,35.91912968333333,139.90919718333333,35.38006789937806,,33.46,1008.3383984375,55.0283203125,204.1875,-0.4375,-9.125,-0.06,1.52,9.48,0.0,-0.1875,0.1875,243,,stopped,0.0,0.0,20.0,
2026-08-06T18:28:00.632,256.875,selfie,35.9194302,139.90932638333334,21.143,0.05144444444444445,True,26,1,35.91912968333333,139.90919718333333,35.383423813243226,,33.45,1008.2951953125,55.0029296875,204.1875,-0.4375,-9.125,-0.05,1.52,9.47,0.0,0.0625,-0.0625,243,,stopped,0.0,0.0,20.0,
2026-08-06T18:28:01.133,257.376,selfie,35.9194302,139.90932638333334,21.143,0.05144444444444445,True,26,1,35.91912968333333,139.90919718333333,35.383423813243226,,33.47,1008.264765625,55.0048828125,204.1875,-0.4375,-9.125,-0.06,1.52,9.51,-0.0625,-0.0625,-0.1875,243,,stopped,0.0,0.0,20.0,
2026-08-06T18:28:01.633,257.876,selfie,35.9194302,139.9093263,21.14,0.0926,True,26,1,35.91912968333333,139.90919718333333,35.38095703872033,,33.45,1008.2872265625,54.9912109375,204.1875,-0.4375,-9.125,-0.08,1.52,9.51,-0.0625,0.125,0.125,243,,stopped,0.0,0.0,20.0,
2026-08-06T18:28:02.134,258.377,selfie,35.9194302,139.9093263,21.14,0.0926,True,26,1,35.91912968333333,139.90919718333333,35.38095703872033,,33.44,1008.2440625,55.001953125,204.1875,-0.4375,-9.125,-0.06,1.54,9.47,0.0625,0.0,0.0625,243,,stopped,0.0,0.0,20.0,
2026-08-06T18:28:02.634,258.877,selfie,35.9194302,139.90932638333334,21.14,0.025722222222222226,True,26,1,35.91912968333333,139.90919718333333,35.383423813243226,,33.46,1008.2837890625,55.0048828125,204.1875,-0.4375,-9.125,-0.06,1.53,9.49,0.0625,0.0,0.0,243,,stopped,0.0,0.0,20.0,
2026-08-06T18:28:03.134,259.377,selfie,35.9194302,139.90932638333334,21.14,0.025722222222222226,True,26,1,35.91912968333333,139.90919718333333,35.383423813243226,,33.47,1008.3003125,54.9931640625,204.1875,-0.4375,-9.125,-0.06,1.52,9.49,0.0,0.0,0.0,243,,stopped,0.0,0.0,20.0,
2026-08-06T18:28:03.635,259.878,selfie,35.9194303,139.9093263,21.136,0.08745555555555556,True,26,1,35.91912968333333,139.90919718333333,35.39145915054788,,33.47,1008.264765625,54.9814453125,204.1875,-0.4375,-9.125,-0.06,1.53,9.48,0.0625,0.0625,0.0,243,,stopped,0.0,0.0,20.0,
2026-08-06T18:28:04.135,260.378,selfie,35.9194303,139.9093263,21.136,0.08745555555555556,True,26,1,35.91912968333333,139.90919718333333,35.39145915054788,,33.46,1008.22921875,54.9814453125,204.1875,-0.4375,-9.125,-0.08,1.52,9.52,0.0,0.125,0.0,243,,stopped,0.0,0.0,20.0,
2026-08-06T18:28:04.636,260.879,selfie,35.919430383333335,139.90932598333333,21.123,0.020577777777777778,True,26,1,35.91912968333333,139.90919718333333,35.39085549822793,,33.47,1008.264765625,54.912109375,204.1875,-0.4375,-9.125,-0.08,1.52,9.48,-0.0625,-0.1875,-0.25,243,,stopped,0.0,0.0,20.0,
2026-08-06T18:28:05.847,262.090,selfie,35.919430383333335,139.90932598333333,21.123,0.020577777777777778,True,26,1,35.91912968333333,139.90919718333333,35.39085549822793,,33.46,1008.2837890625,55.0859375,204.1875,-0.4375,-9.125,-0.08,1.52,9.48,-0.125,-0.0625,0.125,243,,stopped,0.0,0.0,20.0,
2026-08-06T18:28:06.353,262.596,selfie,35.919430383333335,139.9093258,21.113,0.025722222222222226,True,26,1,35.91912968333333,139.90919718333333,35.38544841334821,,32.28,1006.5098046875,54.9423828125,204.1875,-0.4375,-9.125,-0.06,1.54,9.51,0.0,0.0,0.0,243,,stopped,0.0,0.0,20.0,
2026-08-06T18:28:06.865,263.108,selfie,35.919430383333335,139.9093258,21.113,0.025722222222222226,True,26,1,35.91912968333333,139.90919718333333,35.38544841334821,,33.27,1007.98796875,55.0966796875,204.1875,-0.4375,-9.125,-0.06,1.53,9.5,-0.125,0.125,-0.125,243,,stopped,0.0,0.0,20.0,
2026-08-06T18:28:07.365,263.608,selfie,35.919430383333335,139.90932558333333,21.091,0.010288888888888889,True,26,1,35.91912968333333,139.90919718333333,35.37906708845313,,33.47,1008.2920703125,55.0048828125,204.1875,-0.4375,-9.125,-0.06,1.52,9.53,0.125,0.0625,0.0,243,,stopped,0.0,0.0,20.0,
2026-08-06T18:28:07.865,264.108,selfie,35.919430383333335,139.90932558333333,21.091,0.010288888888888889,True,26,1,35.91912968333333,139.90919718333333,35.37906708845313,,32.78,1007.3755078125,54.9794921875,204.1875,-0.4375,-9.125,-0.07,1.51,9.51,-0.0625,0.0,-0.0625,243,,stopped,0.0,0.0,20.0,
2026-08-06T18:28:08.366,264.609,selfie,35.919430483333336,139.9093253,21.075,0.015433333333333332,True,26,1,35.91912968333333,139.90919718333333,35.38124833416871,,33.47,1008.3003125,54.9814453125,204.1875,-0.4375,-9.125,-0.08,1.53,9.51,0.125,0.0,0.0,243,,stopped,0.0,0.0,20.0,
2026-08-06T18:28:08.866,265.109,selfie,35.919430483333336,139.9093253,21.075,0.015433333333333332,True,26,1,35.91912968333333,139.90919718333333,35.38124833416871,,33.47,1008.319375,54.9814453125,204.1875,-0.4375,-9.125,-0.06,1.52,9.52,-0.0625,-0.125,0.0625,243,,stopped,0.0,0.0,20.0,
2026-08-06T18:28:09.367,265.610,selfie,35.919430483333336,139.90932508333333,21.064,0.0051444444444444445,True,26,1,35.91912968333333,139.90919718333333,35.37489108525002,,33.31,1008.0439453125,54.9970703125,204.1875,-0.4375,-9.125,-0.09,1.52,9.5,0.0,-0.0625,0.0,243,,stopped,0.0,0.0,20.0,
2026-08-06T18:28:09.867,266.110,selfie,35.919430483333336,139.90932508333333,21.064,0.0051444444444444445,True,26,1,35.91912968333333,139.90919718333333,35.37489108525002,,33.31,1008.0791796875,55.009765625,204.1875,-0.4375,-9.125,-0.08,1.52,9.47,0.0625,-0.3125,-0.0625,243,,stopped,0.0,0.0,20.0,
2026-08-06T18:28:10.368,266.611,selfie,35.91943058333333,139.9093249,21.054,0.0051444444444444445,True,26,1,35.91912968333333,139.90919718333333,35.38003479704738,,33.45,1008.2679296875,54.9677734375,204.1875,-0.4375,-9.125,-0.07,1.52,9.49,-0.0625,0.0,-0.0625,243,,stopped,0.0,0.0,20.0,
2026-08-06T18:28:10.868,267.111,selfie,35.91943058333333,139.9093249,21.054,0.0051444444444444445,True,26,1,35.91912968333333,139.90919718333333,35.38003479704738,,33.46,1008.22921875,54.9931640625,204.1875,-0.4375,-9.125,-0.06,1.54,9.48,0.125,0.25,0.0,243,,stopped,0.0,0.0,20.0,
2026-08-06T18:28:11.368,267.611,selfie,35.919430383333335,139.90932468333332,21.037,0.0051444444444444445,True,26,1,35.91912968333333,139.90919718333333,35.35266298049099,,33.45,1008.2133203125,55.0029296875,204.1875,-0.4375,-9.125,-0.06,1.54,9.49,-0.0625,0.125,-0.125,243,,stopped,0.0,0.0,20.0,
2026-08-06T18:28:11.869,268.112,selfie,35.919430383333335,139.90932468333332,21.037,0.0051444444444444445,True,26,1,35.91912968333333,139.90919718333333,35.35266298049099,,33.46,1008.2485546875,55.00390625,204.1875,-0.4375,-9.125,-0.07,1.53,9.48,0.0625,-0.0625,-0.125,243,,stopped,0.0,0.0,20.0,
2026-08-06T18:28:12.369,268.612,selfie,35.9194302,139.90932458333333,21.019,0.0051444444444444445,True,26,1,35.91912968333333,139.90919718333333,35.33045777782616,,33.45,1008.23265625,54.9794921875,204.1875,-0.4375,-9.125,-0.08,1.52,9.51,0.0625,0.125,-0.0625,243,,stopped,0.0,0.0,20.0,
2026-08-06T18:28:12.869,269.112,selfie,35.9194302,139.90932458333333,21.019,0.0051444444444444445,True,26,1,35.91912968333333,139.90919718333333,35.33045777782616,,33.3,1008.0359765625,55.03125,204.1875,-0.4375,-9.125,-0.07,1.53,9.48,0.0,-0.0625,0.0625,243,,stopped,0.0,0.0,20.0,
2026-08-06T18:28:13.370,269.613,selfie,35.919429183333335,139.9093244,20.972,0.14918888888888887,True,26,1,35.91912968333333,139.90919718333333,35.218181072088576,,33.44,1008.271328125,55.08203125,204.1875,-0.4375,-9.125,-0.06,1.53,9.48,0.125,0.0625,0.125,243,,stopped,0.0,0.0,20.0,
2026-08-06T18:28:13.870,270.113,selfie,35.919429183333335,139.9093244,20.972,0.14918888888888887,True,26,1,35.91912968333333,139.90919718333333,35.218181072088576,,33.45,1008.2133203125,55.048828125,204.1875,-0.4375,-9.125,-0.08,1.52,9.49,0.0625,0.0,0.0625,243,,stopped,0.0,0.0,20.0,
2026-08-06T18:28:14.370,270.613,selfie,35.91942868333334,139.90932428333332,20.948,0.1389,True,26,1,35.91912968333333,139.90919718333333,35.16219076102743,,33.3,1008.0553125,55.01953125,204.1875,-0.4375,-9.125,-0.06,1.52,9.52,0.0,0.0625,0.0625,243,,stopped,0.0,0.0,20.0,
2026-08-06T18:28:14.871,271.114,selfie,35.91942868333334,139.90932428333332,20.948,0.1389,True,26,1,35.91912968333333,139.90919718333333,35.16219076102743,,33.44,1008.2440625,55.0478515625,204.1875,-0.4375,-9.125,-0.05,1.51,9.49,-0.0625,0.0,-0.0625,243,,stopped,0.0,0.0,20.0,
2026-08-06T18:28:15.374,271.617,selfie,35.91942828333333,139.90932418333333,20.928,0.12861111111111112,True,26,1,35.91912968333333,139.90919718333333,35.11720436326898,,33.44,1008.2519921875,55.0595703125,204.1875,-0.4375,-9.125,-0.05,1.5,9.5,0.0,-0.0625,-0.0625,243,,stopped,0.0,0.0,20.0,
2026-08-06T18:28:15.874,272.117,selfie,35.91942828333333,139.90932418333333,20.928,0.12861111111111112,True,26,1,35.91912968333333,139.90919718333333,35.11720436326898,,33.45,1008.2872265625,55.048828125,204.1875,-0.4375,-9.125,-0.07,1.52,9.5,-0.0625,-0.0625,0.0625,243,,stopped,0.0,0.0,20.0,
2026-08-06T18:28:16.374,272.617,selfie,35.9194278,139.90932418333333,20.904,0.11317777777777778,True,26,1,35.91912968333333,139.90919718333333,35.06639437110343,,33.44,1008.4077734375,55.1630859375,204.1875,-0.4375,-9.125,-0.04,1.53,9.51,0.0,0.125,-0.125,243,,stopped,0.0,0.0,20.0,
2026-08-06T18:28:16.875,273.118,selfie,35.9194278,139.90932418333333,20.904,0.11317777777777778,True,26,1,35.91912968333333,139.90919718333333,35.06639437110343,,33.44,1008.2440625,54.990234375,204.1875,-0.4375,-9.125,-0.06,1.53,9.51,-0.0625,-0.25,0.0625,243,,stopped,0.0,0.0,20.0,
2026-08-06T18:28:17.375,273.618,selfie,35.919427383333336,139.90932418333333,20.89,0.09774444444444444,True,26,1,35.91912968333333,139.90919718333333,35.02259968421556,,32.79,1007.5905078125,55.109375,204.1875,-0.4375,-9.125,-0.05,1.53,9.5,0.0,0.125,-0.0625,243,,stopped,0.0,0.0,20.0,
2026-08-06T18:28:17.875,274.118,selfie,35.919427383333336,139.90932418333333,20.89,0.09774444444444444,True,26,1,35.91912968333333,139.90919718333333,35.02259968421556,,33.29,1008.0746484375,55.1005859375,204.1875,-0.4375,-9.125,-0.06,1.52,9.5,-0.0625,0.1875,0.0625,243,,stopped,0.0,0.0,20.0,
2026-08-06T18:28:18.376,274.619,selfie,35.919427283333334,139.90932418333333,20.887,0.08745555555555556,True,26,1,35.91912968333333,139.90919718333333,35.01208993078507,,33.43,1008.1815234375,55.05859375,204.1875,-0.4375,-9.125,-0.05,1.52,9.49,-0.0625,-0.0625,0.0,243,,stopped,0.0,0.0,20.0,
2026-08-06T18:28:18.876,275.119,selfie,35.919427283333334,139.90932418333333,20.887,0.08745555555555556,True,26,1,35.91912968333333,139.90919718333333,35.01208993078507,,33.44,1008.2440625,55.09375,204.1875,-0.4375,-9.125,-0.09,1.51,9.51,0.0,0.0,0.0,243,,stopped,0.0,0.0,20.0,
2026-08-06T18:28:19.377,275.620,selfie,35.9194272,139.90932418333333,20.885,0.07716666666666668,True,26,1,35.91912968333333,139.90919718333333,35.003332090861136,,33.44,1008.2246875,55.08203125,204.1875,-0.4375,-9.125,-0.05,1.52,9.5,0.0625,0.0,-0.125,243,,stopped,0.0,0.0,20.0,
2026-08-06T18:28:19.877,276.120,selfie,35.9194272,139.90932418333333,20.885,0.07716666666666668,True,26,1,35.91912968333333,139.90919718333333,35.003332090861136,,33.44,1008.279296875,55.2666015625,204.1875,-0.4375,-9.125,-0.07,1.51,9.5,0.125,0.125,0.0625,243,,stopped,0.0,0.0,20.0,
2026-08-06T18:28:20.377,276.620,selfie,35.9194272,139.90932418333333,20.883,0.06173333333333333,True,26,1,35.91912968333333,139.90919718333333,35.003332090861136,,33.31,1007.99734375,55.0908203125,204.1875,-0.4375,-9.125,-0.08,1.53,9.49,0.0,-0.125,0.0,243,,stopped,0.0,0.0,20.0,
2026-08-06T18:28:20.878,277.121,selfie,35.9194272,139.90932418333333,20.883,0.06173333333333333,True,26,1,35.91912968333333,139.90919718333333,35.003332090861136,,33.3,1007.9814453125,55.0654296875,204.1875,-0.4375,-9.125,-0.07,1.5,9.52,0.0,0.0,0.0625,243,,stopped,0.0,0.0,20.0,
2026-08-06T18:28:21.378,277.621,selfie,35.9194272,139.90932428333332,20.883,0.03601111111111111,True,26,1,35.91912968333333,139.90919718333333,35.00627529237606,,33.43,1008.2278515625,55.0234375,204.1875,-0.4375,-9.125,-0.07,1.54,9.48,0.0625,-0.0625,0.0,243,,stopped,0.0,0.0,20.0,
2026-08-06T18:28:21.878,278.121,selfie,35.9194272,139.90932428333332,20.883,0.03601111111111111,True,26,1,35.91912968333333,139.90919718333333,35.00627529237606,,33.42,1008.21984375,55.0107421875,204.1875,-0.4375,-9.125,-0.08,1.53,9.5,8.0625,0.1875,-0.25,243,,stopped,0.0,0.0,20.0,
2026-08-06T18:28:22.379,278.622,selfie,35.9194272,139.90932428333332,20.882,0.030866666666666664,True,26,1,35.91912968333333,139.90919718333333,35.00627529237606,,33.43,1008.2551171875,55.03515625,204.1875,-0.4375,-9.125,-0.07,1.52,9.47,0.0,0.0625,0.0625,243,,stopped,0.0,0.0,20.0,
2026-08-06T18:28:22.879,279.122,selfie,35.9194272,139.90932428333332,20.882,0.030866666666666664,True,26,1,35.91912968333333,139.90919718333333,35.00627529237606,,33.42,1008.2119140625,55.0224609375,204.1875,-0.4375,-9.125,-0.08,1.52,9.49,0.0,8.0625,0.125,243,,stopped,0.0,0.0,20.0,
2026-08-06T18:28:23.380,279.623,selfie,35.9194271,139.90932428333332,20.881,0.025722222222222226,True,26,1,35.91912968333333,139.90919718333333,34.99576711381747,,33.28,1008.0584375,55.005859375,204.1875,-0.4375,-9.125,-0.07,1.52,9.49,0.0625,0.0,0.0,243,,stopped,0.0,0.0,20.0,
2026-08-06T18:28:23.880,280.123,selfie,35.9194271,139.90932428333332,20.881,0.025722222222222226,True,26,1,35.91912968333333,139.90919718333333,34.99576711381747,,33.28,1008.0311328125,55.005859375,204.1875,-0.4375,-9.125,-0.08,1.52,9.47,0.0625,0.0625,-0.0625,243,,stopped,0.0,0.0,20.0,
2026-08-06T18:28:24.380,280.623,selfie,35.9194271,139.90932428333332,20.881,0.015433333333333332,True,26,1,35.91912968333333,139.90919718333333,34.99576711381747,,33.41,1008.277890625,54.9853515625,204.1875,-0.4375,-9.125,-0.06,1.52,9.47,0.0625,-0.0625,0.0,243,,stopped,0.0,0.0,20.0,
2026-08-06T18:28:24.881,281.124,selfie,35.9194271,139.90932428333332,20.881,0.015433333333333332,True,26,1,35.91912968333333,139.90919718333333,34.99576711381747,,33.41,1008.2585546875,54.986328125,204.1875,-0.4375,-9.125,-0.07,1.52,9.47,0.0625,0.0625,-0.0625,243,,stopped,0.0,0.0,20.0,
2026-08-06T18:28:25.381,281.624,selfie,35.9194271,139.90932428333332,20.881,0.015433333333333332,True,26,1,35.91912968333333,139.90919718333333,34.99576711381747,,33.42,1008.2937890625,54.9873046875,204.1875,-0.4375,-9.125,-0.06,1.53,9.5,-0.0625,-0.0625,-0.0625,243,,stopped,0.0,0.0,20.0,
2026-08-06T18:28:25.881,282.124,selfie,35.9194271,139.90932428333332,20.881,0.015433333333333332,True,26,1,35.91912968333333,139.90919718333333,34.99576711381747,,33.42,1008.2937890625,55.0458984375,204.1875,-0.4375,-9.125,-0.07,1.52,9.5,0.0625,0.1875,0.0,243,,stopped,0.0,0.0,20.0,
2026-08-06T18:28:26.382,282.625,selfie,35.9194271,139.90932428333332,20.88,0.025722222222222226,True,26,1,35.91912968333333,139.90919718333333,34.99576711381747,,33.27,1008.061875,55.0048828125,204.1875,-0.4375,-9.125,-0.07,1.52,9.52,0.0625,0.0625,0.0,243,,stopped,0.0,0.0,20.0,
2026-08-06T18:28:26.882,283.125,selfie,35.9194271,139.90932428333332,20.88,0.025722222222222226,True,26,1,35.91912968333333,139.90919718333333,34.99576711381747,,33.28,1008.0777734375,54.9931640625,204.1875,-0.4375,-9.125,-0.07,1.55,9.52,-0.0625,-0.0625,0.0,243,,stopped,0.0,0.0,20.0,
2026-08-06T18:28:27.382,283.625,selfie,35.9194271,139.9093244,20.88,0.06687777777777779,True,26,1,35.91912968333333,139.90919718333333,34.999204496104575,,33.41,1008.340390625,54.986328125,204.1875,-0.4375,-9.125,-0.09,1.54,9.49,-0.0625,0.3125,-0.125,243,,stopped,0.0,0.0,20.0,
2026-08-06T18:28:27.883,284.126,selfie,35.9194271,139.9093244,20.88,0.06687777777777779,True,26,1,35.91912968333333,139.90919718333333,34.999204496104575,,33.41,1008.277890625,54.9970703125,204.1875,-0.4375,-9.125,-0.07,1.52,9.51,0.0,0.125,-0.0625,243,,stopped,0.0,0.0,20.0,
2026-08-06T18:28:28.385,284.628,selfie,35.9194271,139.9093244,20.88,0.025722222222222226,True,26,1,35.91912968333333,139.90919718333333,34.999204496104575,,33.41,1008.277890625,54.951171875,204.1875,-0.4375,-9.125,-0.07,1.52,9.49,0.0625,0.0625,0.0625,243,,stopped,0.0,0.0,20.0,
2026-08-06T18:28:28.886,285.129,selfie,35.9194271,139.9093244,20.88,0.025722222222222226,True,26,1,35.91912968333333,139.90919718333333,34.999204496104575,,33.41,1008.2505859375,55.0087890625,204.1875,-0.4375,-9.125,-0.09,1.53,9.5,0.0,0.0,-0.0625,243,,stopped,0.0,0.0,20.0,
2026-08-06T18:28:29.386,285.629,selfie,35.9194271,139.9093244,20.881,0.020577777777777778,True,26,1,35.91912968333333,139.90919718333333,34.999204496104575,,33.22,1008.0366015625,55.0205078125,204.1875,-0.4375,-9.125,-0.07,1.52,9.51,0.0,0.0,0.0,243,,stopped,0.0,0.0,20.0,
2026-08-06T18:28:29.887,286.130,selfie,35.9194271,139.9093244,20.881,0.020577777777777778,True,26,1,35.91912968333333,139.90919718333333,34.999204496104575,,33.26,1007.9993359375,55.0263671875,204.1875,-0.4375,-9.125,-0.08,1.52,9.5,0.0,0.0625,0.0625,243,,stopped,0.0,0.0,20.0,
2026-08-06T18:28:30.387,286.630,selfie,35.9194271,139.9093244,20.881,0.0,True,26,1,35.91912968333333,139.90919718333333,34.999204496104575,,33.41,1008.2585546875,55.0673828125,204.1875,-0.4375,-9.125,-0.05,1.51,9.5,0.0625,0.1875,0.0625,243,,stopped,0.0,0.0,20.0,
2026-08-06T18:28:30.887,287.130,selfie,35.9194271,139.9093244,20.881,0.0,True,26,1,35.91912968333333,139.90919718333333,34.999204496104575,,33.41,1008.277890625,55.078125,204.1875,-0.4375,-9.125,-0.06,1.52,9.47,0.0625,0.0,0.125,243,,stopped,0.0,0.0,20.0,
2026-08-06T18:28:31.387,287.631,selfie,35.9194271,139.9093244,20.881,0.0051444444444444445,True,26,1,35.91912968333333,139.90919718333333,34.999204496104575,,33.41,1008.2585546875,55.0556640625,204.1875,-0.4375,-9.125,-0.06,1.52,9.53,-0.1875,0.0625,-0.0625,243,,stopped,0.0,0.0,20.0,
2026-08-06T18:28:31.888,288.131,selfie,35.9194271,139.9093244,20.881,0.0051444444444444445,True,26,1,35.91912968333333,139.90919718333333,34.999204496104575,,33.42,1008.274453125,55.103515625,204.1875,-0.4375,-9.125,-0.09,1.53,9.49,0.0,-0.125,-0.125,243,,stopped,0.0,0.0,20.0,
2026-08-06T18:28:32.388,288.631,selfie,35.9194272,139.9093244,20.881,0.0,True,26,1,35.91912968333333,139.90919718333333,35.009711642927215,,33.41,1008.2858203125,55.0791015625,204.1875,-0.4375,-9.125,-0.08,1.52,9.48,0.0625,0.0625,0.0625,243,,stopped,0.0,0.0,20.0,
2026-08-06T18:28:32.889,289.132,selfie,35.9194272,139.9093244,20.881,0.0,True,26,1,35.91912968333333,139.90919718333333,35.009711642927215,,33.27,1008.124375,55.1435546875,204.1875,-0.4375,-9.125,-0.06,1.52,9.51,0.0,0.1875,-0.0625,243,,stopped,0.0,0.0,20.0,
2026-08-06T18:28:33.389,289.632,selfie,35.9194271,139.9093244,20.88,0.0,True,26,1,35.91912968333333,139.90919718333333,34.999204496104575,,33.41,1008.3676953125,55.1484375,204.1875,-0.4375,-9.125,-0.07,1.53,9.5,8.0,-0.0625,0.0,243,,stopped,0.0,0.0,20.0,
2026-08-06T18:28:33.889,290.132,selfie,35.9194271,139.9093244,20.88,0.0,True,26,1,35.91912968333333,139.90919718333333,34.999204496104575,,33.41,1008.277890625,55.1591796875,204.1875,-0.4375,-9.125,-0.06,1.52,9.47,0.0,0.0,0.0625,243,,stopped,0.0,0.0,20.0,
2026-08-06T18:28:34.390,290.633,selfie,35.9194271,139.9093244,20.88,0.0051444444444444445,True,26,1,35.91912968333333,139.90919718333333,34.999204496104575,,32.54,1006.9530078125,55.1357421875,204.1875,-0.4375,-9.125,-0.06,1.5,9.5,8.0625,0.0625,0.0625,243,,stopped,0.0,0.0,20.0,
2026-08-06T18:28:34.890,291.133,selfie,35.9194271,139.9093244,20.88,0.0051444444444444445,True,26,1,35.91912968333333,139.90919718333333,34.999204496104575,,33.4,1008.3165234375,55.1572265625,204.1875,-0.4375,-9.125,-0.05,1.51,9.51,0.0625,0.125,0.0,243,,stopped,0.0,0.0,20.0,
2026-08-06T18:28:35.391,291.634,selfie,35.9194271,139.9093244,20.88,0.0051444444444444445,True,26,1,35.91912968333333,139.90919718333333,34.999204496104575,,33.39,1008.2457421875,55.15625,204.1875,-0.4375,-9.125,-0.05,1.52,9.5,-0.0625,0.0,0.0625,243,,stopped,0.0,0.0,20.0,
2026-08-06T18:28:35.891,292.134,selfie,35.9194271,139.9093244,20.88,0.0051444444444444445,True,26,1,35.91912968333333,139.90919718333333,34.999204496104575,,33.4,1008.343828125,55.1806640625,204.1875,-0.4375,-9.125,-0.06,1.53,9.49,-0.0625,0.125,0.0,243,,stopped,0.0,0.0,20.0,
2026-08-06T18:28:36.391,292.635,selfie,35.9194271,139.9093244,20.88,0.0051444444444444445,True,26,1,35.91912968333333,139.90919718333333,34.999204496104575,,33.39,1008.335546875,55.1572265625,204.1875,-0.4375,-9.125,-0.09,1.53,9.47,0.0,0.0625,0.0,243,,stopped,0.0,0.0,20.0,
2026-08-06T18:28:36.892,293.135,selfie,35.9194271,139.9093244,20.88,0.0051444444444444445,True,26,1,35.91912968333333,139.90919718333333,34.999204496104575,,33.39,1008.335546875,55.146484375,204.1875,-0.4375,-9.125,-0.07,1.54,9.47,-0.0625,0.125,-0.0625,243,,stopped,0.0,0.0,20.0,
2026-08-06T18:28:37.393,293.636,gnss_navigation,35.9194271,139.9093244,20.879,0.015433333333333332,True,26,1,35.91912968333333,139.90919718333333,34.999204496104575,199.10621892557884,33.26,1008.400625,55.1181640625,204.1875,-0.4375,-9.125,-0.06,1.52,9.51,0.0,-0.125,-0.0625,243,5.081281074421156,forward,53.231772454410184,86.76822754558981,20.0,
2026-08-06T18:28:37.893,294.136,gnss_navigation,35.9194271,139.9093244,20.879,0.015433333333333332,True,26,1,35.91912968333333,139.90919718333333,34.999204496104575,199.10621892557884,33.4,1008.343828125,55.146484375,203.25,-1.25,-17.1875,-2.5,-8.36,8.93,-77.625,19.125,-13.375,179,4.143781074421156,forward,67.88497514046307,72.11502485953693,20.0,
2026-08-06T18:28:38.394,294.637,gnss_navigation,35.9194271,139.9093244,20.879,0.42698888888888886,True,26,1,35.91912968333333,139.90919718333333,34.999204496104575,199.10621892557884,33.38,1008.4015234375,55.2373046875,192.3125,-0.9375,-12.375,0.53,-1.42,5.81,-119.6875,56.0,-37.75,51,-6.793718925578844,forward,83.19122514046308,56.808774859536925,20.0,
2026-08-06T18:28:38.894,295.137,gnss_navigation,35.9194271,139.9093244,20.879,0.42698888888888886,True,26,1,35.91912968333333,139.90919718333333,34.999204496104575,199.10621892557884,33.38,1008.22984375,55.1435546875,198.25,-0.5,-11.375,1.72,2.59,5.3,-55.0625,96.75,-64.375,51,-0.8562189255788439,forward,62.909975140463075,77.09002485953692,20.0,
2026-08-06T18:28:39.394,295.637,gnss_navigation,35.9194229,139.9093248,20.758,0.6379111111111111,True,26,1,35.91912968333333,139.90919718333333,34.570207652662745,199.41598513531716,33.39,1008.273046875,55.052734375,199.625,1.125,-11.5625,-0.38,1.5,3.28,-55.75,72.1875,-5.9375,115,0.20901486468284247,forward,71.98497514046308,68.01502485953692,20.0,
2026-08-06T18:28:39.895,296.138,gnss_navigation,35.9194229,139.9093248,20.758,0.6379111111111111,True,26,1,35.91912968333333,139.90919718333333,34.570207652662745,199.41598513531716,33.39,1008.335546875,55.146484375,199.1875,-1.25,-11.25,1.57,3.94,3.04,-20.3125,37.25,11.375,115,-0.22848513531715753,forward,71.22028810825373,68.77971189174627,20.0,
2026-08-06T18:28:40.395,296.638,gnss_navigation,35.919416383333335,139.90932448333334,20.718,0.6739222222222222,True,26,1,35.91912968333333,139.90919718333333,33.87799299332417,199.7778906693617,33.37,1008.3310546875,55.1552734375,195.125,-0.4375,-12.9375,-0.39,3.43,1.39,-16.6875,55.125,57.5,51,-4.65289066936171,forward,88.03903810825372,51.96096189174627,20.0,
2026-08-06T18:28:40.895,297.138,gnss_navigation,35.919416383333335,139.90932448333334,20.718,0.6739222222222222,True,26,1,35.91912968333333,139.90919718333333,33.87799299332417,199.7778906693617,33.39,1008.3003125,55.14453125,190.25,-1.0625,-12.0625,0.13,0.56,0.32,-33.75,20.625,7.0625,51,-9.52789066936171,forward,79.75981253548937,60.24018746451063,20.0,
2026-08-06T18:28:41.396,297.639,gnss_navigation,35.919410283333335,139.90932588333334,20.598,0.6687777777777778,True,27,1,35.91912968333333,139.90919718333333,33.28419523072855,200.3772113330543,33.37,1008.30375,55.0283203125,192.0,-2.625,-11.3125,-6.31,-9.52,30.83,-48.25,-6.6875,-16.125,51,-8.377211333054305,forward,81.47856253548937,58.52143746451063,20.0,
2026-08-06T18:28:41.897,298.140,gnss_navigation,35.919410283333335,139.90932588333334,20.598,0.6687777777777778,True,27,1,35.91912968333333,139.90919718333333,33.28419523072855,200.3772113330543,33.37,1008.323046875,55.166015625,196.4375,-3.25,-11.875,-6.62,4.79,11.71,14.625,-21.125,-34.8125,51,-3.939711333054305,forward,70.08926906644345,69.91073093355655,20.0,
2026-08-06T18:28:42.397,298.640,gnss_navigation,35.919404183333334,139.90932608333333,20.554,0.6739222222222222,True,27,1,35.91912968333333,139.90919718333333,32.65560479068537,200.82122627381037,33.37,1008.3503515625,55.3505859375,188.5,-2.25,-13.25,-0.15,1.17,0.95,-148.1875,-20.3125,-1.625,51,-12.321226273810368,forward,100.0,23.360730933556553,20.0,
2026-08-06T18:28:42.898,299.141,gnss_navigation,35.919404183333334,139.90932608333333,20.554,0.6739222222222222,True,27,1,35.91912968333333,139.90919718333333,32.65560479068537,200.82122627381037,33.37,1008.29578125,55.1884765625,189.6875,-3.25,-12.9375,-5.93,-2.14,-2.21,-65.9375,-111.0,-64.875,51,-11.133726273810368,forward,78.62573101904829,61.374268980951705,20.0,
2026-08-06T18:28:43.398,299.641,gnss_navigation,35.91939958333333,139.9093258,20.463,0.565888888888889,True,27,1,35.91912968333333,139.90919718333333,32.16883060865574,201.1025782692658,33.37,1008.3503515625,55.2470703125,195.9375,-2.6875,-12.3125,1.56,3.37,9.73,-7.125,55.4375,38.6875,51,-5.165078269265791,forward,82.3069810190483,57.693018980951706,20.0,
2026-08-06T18:28:43.899,300.142,gnss_navigation,35.91939958333333,139.9093258,20.463,0.565888888888889,True,27,1,35.91912968333333,139.90919718333333,32.16883060865574,201.1025782692658,33.36,1008.3614453125,55.2451171875,191.9375,-2.5,-11.8125,-0.15,-6.84,25.84,-9.875,-1.25,2.625,51,-9.165078269265791,forward,79.40419260405119,60.59580739594881,20.0,
2026-08-06T18:28:44.399,300.642,gnss_navigation,35.9193937,139.9093254,20.394,0.5967555555555555,True,27,1,35.91912968333333,139.90919718333333,31.546183615050946,201.46933906908163,33.36,1008.306875,55.314453125,187.125,-2.1875,-14.0,-1.58,5.9,10.49,179.1875,7.375,25.9375,51,-14.344339069081627,forward,100.0,8.942937384587367,20.0,
2026-08-06T18:28:44.899,301.142,gnss_navigation,35.9193937,139.9093254,20.394,0.5967555555555555,True,27,1,35.91912968333333,139.90919718333333,31.546183615050946,201.46933906908163,33.36,1008.2878125,55.2470703125,184.6875,-2.5,-11.25,-6.15,-3.13,16.75,129.1875,-5.875,-37.0,51,-16.781839069081627,forward,86.72362325480489,53.27637674519511,20.0,
2026-08-06T18:28:45.400,301.643,gnss_navigation,35.9193894,139.90932418333333,20.292,0.5813222222222222,True,27,1,35.91912968333333,139.90919718333333,31.061207789920285,201.6040702486925,33.36,1008.3697265625,55.26953125,207.6875,-1.5625,-11.875,-3.46,4.02,8.47,-14.5625,-103.5625,15.5625,115,6.083429751307506,forward,66.45672125526531,73.54327874473469,20.0,
2026-08-06T18:28:45.900,302.143,gnss_navigation,35.9193894,139.90932418333333,20.292,0.5813222222222222,True,27,1,35.91912968333333,139.90919718333333,31.061207789920285,201.6040702486925,33.37,1008.323046875,55.2578125,197.0,-1.8125,-12.125,7.17,-6.73,10.4,-5.0,-6.75,28.375,115,-4.604070248692494,forward,76.11383414798117,63.886165852018834,20.0,
2026-08-06T18:28:46.400,302.643,gnss_navigation,35.91938378333333,139.909323,20.267,0.6121888888888889,True,27,1,35.91912968333333,139.90919718333333,30.441584079531726,201.8504022735348,33.35,1008.3807421875,55.4638671875,201.9375,-4.4375,-11.375,-0.92,1.2,13.12,-89.5625,15.3125,32.9375,51,0.08709772646520264,forward,69.795756198954,70.204243801046,20.0,
2026-08-06T18:28:46.901,303.144,gnss_navigation,35.91938378333333,139.909323,20.267,0.6121888888888889,True,27,1,35.91912968333333,139.90919718333333,30.441584079531726,201.8504022735348,33.37,1008.3503515625,55.130859375,196.375,-3.5625,-10.5,0.36,3.59,-0.12,83.75,46.3125,46.9375,51,-5.475402273534797,forward,81.9961518809336,58.003848119066404,20.0,
2026-08-06T18:28:47.402,303.645,gnss_navigation,35.9193779,139.90932178333333,20.218,0.7099333333333333,True,27,1,35.91912968333333,139.90919718333333,29.79394590833464,202.12307730249253,33.35,1008.3262109375,55.1865234375,209.5625,-3.8125,-10.125,-4.61,5.44,14.45,55.25,30.0,-21.0,51,7.439422697507467,forward,43.774071818827835,96.22592818117216,20.0,
2026-08-06T18:28:47.902,304.145,gnss_navigation,35.9193779,139.90932178333333,20.218,0.7099333333333333,True,27,1,35.91912968333333,139.90919718333333,29.79394590833464,202.12307730249253,31.76,1005.8380078125,55.353515625,209.1875,-3.875,-9.0625,1.21,7.73,7.97,141.3125,-44.125,30.6875,51,7.064422697507467,forward,64.83032181882784,75.16967818117216,20.0,
2026-08-06T18:28:48.403,304.646,gnss_navigation,35.9193719,139.9093186,20.239,0.7202222222222221,True,27,1,35.91912968333333,139.90919718333333,29.06794321583819,202.09488572468229,33.35,1008.3182421875,55.4287109375,208.0,-2.8125,-11.5625,-4.27,4.31,8.2,46.75,46.8125,-27.8125,51,5.905114275317715,forward,34.56096184199403,100.0,20.0,
2026-08-06T18:28:48.903,305.146,gnss_navigation,35.9193719,139.9093186,20.239,0.7202222222222221,True,27,1,35.91912968333333,139.90919718333333,29.06794321583819,202.09488572468229,33.34,1008.3648828125,55.4404296875,208.375,-3.4375,-9.875,-6.02,3.47,9.31,-67.1875,-11.375,-17.4375,51,6.280114275317715,forward,64.05471184199402,75.94528815800598,20.0,
2026-08-06T18:28:49.403,305.646,gnss_navigation,35.9193651,139.90931648333333,20.284,0.7356555555555555,True,27,1,35.91912968333333,139.90919718333333,28.295856096384902,202.31316960124246,33.33,1008.2670703125,55.4619140625,185.875,-4.5,-12.1875,-0.95,3.94,15.93,46.375,-35.125,3.0625,51,-16.438169601242464,forward,100.0,21.242841420254173,20.0,
2026-08-06T18:28:49.904,306.147,gnss_navigation,35.9193651,139.90931648333333,20.284,0.7356555555555555,True,27,1,35.91912968333333,139.90919718333333,28.295856096384902,202.31316960124246,33.33,1008.3489453125,55.4736328125,187.4375,-3.625,-11.125,5.05,-1.47,6.49,-7.625,49.6875,-89.875,51,-14.875669601242464,forward,79.98215857974583,60.01784142025417,20.0,
2026-08-06T18:28:50.404,306.647,gnss_navigation,35.919358583333334,139.9093157,20.326,0.7202222222222221,True,27,1,35.91912968333333,139.90919718333333,27.599509790426684,202.74883243899347,33.33,1008.37625,55.5419921875,210.875,-4.625,-13.5625,1.86,6.6,-0.63,89.4375,-66.6875,-28.0,51,8.126167561006525,forward,45.33803568099397,94.66196431900603,20.0,
2026-08-06T18:28:50.904,307.147,gnss_navigation,35.919358583333334,139.9093157,20.326,0.7202222222222221,True,27,1,35.91912968333333,139.90919718333333,27.599509790426684,202.74883243899347,33.33,1008.28640625,55.529296875,213.0,-3.625,-11.9375,0.77,-0.5,0.05,62.5625,5.9375,20.5,51,10.251167561006525,forward,60.73178568099397,79.26821431900603,20.0,
2026-08-06T18:28:51.405,307.648,gnss_navigation,35.91935208333334,139.9093138,20.356,0.730511111111111,True,27,1,35.91912968333333,139.90919718333333,26.86708183031431,203.0083698925516,33.31,1008.2622265625,55.6669921875,186.0,-3.4375,-13.875,2.34,2.36,0.32,-7.5625,-87.3125,-8.3125,51,-17.0083698925516,forward,100.0,9.413434048805222,20.0,
2026-08-06T18:28:51.906,308.149,gnss_navigation,35.91935208333334,139.9093138,20.356,0.730511111111111,True,27,1,35.91912968333333,139.90919718333333,26.86708183031431,203.0083698925516,33.31,1008.324765625,55.6220703125,189.0625,-4.8125,-13.1875,-2.58,2.32,16.97,-17.75,-83.125,-65.8125,51,-13.945869892551599,forward,78.94906595119478,61.05093404880522,20.0,
2026-08-06T18:28:52.406,308.649,gnss_navigation,35.919345783333334,139.90931268333333,20.36,0.6996444444444445,True,27,1,35.91912968333333,139.90919718333333,26.183605705184018,203.40500110225335,33.3,1008.27359375,55.5390625,195.9375,-4.5625,-12.375,-4.82,7.71,14.45,-0.5,-79.8125,19.875,115,-7.467501102253351,forward,84.56919591404127,55.43080408595872,20.0,
2026-08-06T18:28:52.909,309.152,gnss_navigation,35.919345783333334,139.90931268333333,20.36,0.6996444444444445,True,27,1,35.91912968333333,139.90919718333333,26.183605705184018,203.40500110225335,33.31,1008.3441015625,55.6787109375,196.1875,-3.5625,-12.0625,6.37,-5.71,10.54,-30.875,-39.5,-20.0,115,-7.217501102253351,forward,75.03169591404128,64.96830408595872,20.0,
2026-08-06T18:28:53.409,309.652,gnss_navigation,35.91933938333333,139.90931208333333,20.384,0.6996444444444445,True,27,1,35.91912968333333,139.90919718333333,25.51011523338696,203.92855486128207,33.29,1008.3395703125,55.74609375,192.875,-3.5,-13.625,-0.03,6.64,21.92,162.8125,4.375,29.6875,51,-11.053554861282066,forward,100.0,24.27599911819732,20.0,
2026-08-06T18:28:53.910,310.153,gnss_navigation,35.91933938333333,139.90931208333333,20.384,0.6996444444444445,True,27,1,35.91912968333333,139.90919718333333,25.51011523338696,203.92855486128207,33.29,1008.2656640625,55.7119140625,196.1875,-4.375,-14.25,-6.87,6.43,17.62,130.875,-117.25,-94.5625,51,-7.741054861282066,forward,67.73650088180268,72.26349911819732,20.0,
2026-08-06T18:28:54.410,310.653,gnss_navigation,35.919333083333335,139.9093115,20.408,0.6893555555555556,True,27,1,35.91912968333333,139.90919718333333,24.849612229462473,204.47297918377186,33.28,1008.303984375,55.7333984375,205.875,-3.6875,-13.5625,0.52,3.78,3.05,-84.1875,-33.6875,-24.25,51,1.402020816228145,forward,45.361593889025656,94.63840611097434,20.0,
2026-08-06T18:28:54.910,311.153,gnss_navigation,35.919333083333335,139.9093115,20.408,0.6893555555555556,True,27,1,35.91912968333333,139.90919718333333,24.849612229462473,204.47297918377186,33.29,1008.2576953125,55.72265625,208.3125,-3.6875,-12.8125,1.31,4.36,-0.49,-67.875,20.1875,3.9375,51,3.839520816228145,forward,66.86159388902566,73.13840611097434,20.0,
2026-08-06T18:28:55.411,311.654,gnss_navigation,35.91932668333333,139.90931028333333,20.437,0.6842111111111112,True,27,1,35.91912968333333,139.90919718333333,24.157301838365598,204.93569831766445,33.28,1008.249453125,55.640625,217.875,-4.875,-11.3125,0.08,6.62,3.93,46.75,-100.0625,-76.25,115,12.939301682335554,forward,4.122133347017481,100.0,20.0,
2026-08-06T18:28:55.911,312.154,gnss_navigation,35.91932668333333,139.90931028333333,20.437,0.6842111111111112,True,27,1,35.91912968333333,139.90919718333333,24.157301838365598,204.93569831766445,33.28,1008.27671875,55.65234375,220.9375,-3.625,-10.625,2.97,-3.54,16.19,-33.25,55.125,56.3125,115,16.001801682335554,forward,53.984633347017486,86.01536665298252,20.0,
2026-08-06T18:28:56.411,312.654,gnss_navigation,35.9193208,139.90930778333333,20.445,0.6790666666666667,True,27,1,35.91912968333333,139.90919718333333,23.469284240472973,205.1106646769244,33.28,1008.3312890625,55.6171875,211.6875,-4.5625,-12.125,-4.64,-6.54,9.12,-110.75,24.1875,12.5625,115,6.576835323075613,forward,35.07355865413156,100.0,20.0,
2026-08-06T18:28:56.912,313.155,gnss_navigation,35.9193208,139.90930778333333,20.445,0.6790666666666667,True,27,1,35.91912968333333,139.90919718333333,23.469284240472973,205.1106646769244,32.43,1007.1233984375,55.5595703125,209.5625,-4.125,-12.5,2.51,8.56,-1.37,-12.5625,-38.75,24.1875,179,4.451835323075613,forward,67.86730865413156,72.13269134586844,20.0,
2026-08-06T18:28:57.413,313.656,gnss_navigation,35.919314883333335,139.9093047,20.458,0.6842111111111112,True,27,1,35.91912968333333,139.90919718333333,22.75574820447416,205.18060544139516,33.28,1008.249453125,55.6064453125,214.5625,-4.3125,-11.6875,-0.98,7.78,2.5,106.375,-45.6875,-11.375,51,9.381894558604841,forward,33.47603174153951,100.0,20.0,
2026-08-06T18:28:57.913,314.156,gnss_navigation,35.919314883333335,139.9093047,20.458,0.6842111111111112,True,27,1,35.91912968333333,139.90919718333333,22.75574820447416,205.18060544139516,33.29,1008.2849609375,55.560546875,213.4375,-3.9375,-12.3125,0.21,2.78,-1.05,-61.25,57.5625,43.0,51,8.256894558604841,forward,84.7197817415395,55.28021825846049,20.0,
2026-08-06T18:28:58.413,314.656,gnss_navigation,35.919308283333336,139.90930068333333,20.468,0.7819555555555555,True,27,1,35.91912968333333,139.90919718333333,21.937712426974652,205.14121294905706,33.29,1008.2849609375,55.1220703125,198.25,-3.4375,-12.25,1.54,6.99,13.43,121.8125,-1.8125,49.3125,51,-6.8912129490570635,forward,100.0,35.54301564688387,20.0,
2026-08-06T18:28:58.914,315.157,gnss_navigation,35.919308283333336,139.90930068333333,20.468,0.7819555555555555,True,27,1,35.91912968333333,139.90919718333333,21.937712426974652,205.14121294905706,33.28,1008.303984375,55.490234375,195.75,-3.9375,-13.6875,1.42,7.09,0.45,93.4375,8.0,-5.5625,51,-9.391212949057063,forward,78.43198435311612,61.56801564688387,20.0,
2026-08-06T18:28:59.414,315.657,gnss_navigation,35.919302,139.90929918333333,20.47,0.6790666666666667,True,27,1,35.91912968333333,139.90919718333333,21.24855760371749,205.61189237503254,33.28,1008.27671875,55.4560546875,212.9375,-3.5625,-10.5,-4.03,0.36,4.15,23.8125,85.3125,9.0,115,7.325607624967461,forward,32.51297035924565,100.0,20.0,
2026-08-06T18:28:59.914,316.157,gnss_navigation,35.919302,139.90929918333333,20.47,0.6790666666666667,True,27,1,35.91912968333333,139.90919718333333,21.24855760371749,205.61189237503254,33.3,1008.3008984375,55.435546875,208.0625,-3.625,-9.4375,2.31,0.59,29.02,8.625,89.75,70.0,115,2.4506076249674607,forward,70.36922035924565,69.63077964075435,20.0,
2026-08-06T18:29:00.415,316.658,gnss_navigation,35.919295483333336,139.90929628333333,20.483,0.7099333333333333,True,27,1,35.91912968333333,139.90919718333333,20.48239742074002,205.82937325912934,33.28,1008.2221484375,55.4208984375,214.3125,-3.4375,-10.0,1.03,7.23,5.75,-14.4375,-42.0625,-22.4375,51,8.48312674087066,forward,31.989513900026033,100.0,20.0,
2026-08-06T18:29:00.915,317.158,gnss_navigation,35.919295483333336,139.90929628333333,20.483,0.7099333333333333,True,27,1,35.91912968333333,139.90919718333333,20.48239742074002,205.82937325912934,33.29,1008.3475,55.388671875,216.25,-3.75,-9.5,2.26,1.01,-0.7,86.875,-28.3125,26.25,51,10.42062674087066,forward,79.82076390002604,60.17923609997397,20.0,
2026-08-06T18:29:01.416,317.659,gnss_navigation,35.9192892,139.90929268333332,20.488,0.7253666666666666,True,27,1,35.91912968333333,139.90919718333333,19.712283694651955,205.8660310644572,33.28,1008.2960546875,55.455078125,198.375,-5.3125,-11.5,-0.19,2.65,0.56,-117.125,54.125,40.75,51,-7.491031064457189,forward,94.20724860730347,45.79275139269653,20.0,
2026-08-06T18:29:01.917,318.160,gnss_navigation,35.9192892,139.90929268333332,20.488,0.7253666666666666,True,27,1,35.91912968333333,139.90919718333333,19.712283694651955,205.8660310644572,33.28,1008.2960546875,55.3623046875,195.75,-4.8125,-10.75,1.17,2.59,18.29,66.125,-0.3125,-0.1875,51,-10.11603106445719,forward,77.75099860730347,62.24900139269653,20.0,
2026-08-06T18:29:02.417,318.660,gnss_navigation,35.91928228333333,139.9092918,20.494,0.7150777777777777,True,27,1,35.91912968333333,139.90919718333333,18.987368338078085,206.66256777897792,33.27,1008.3699609375,55.3623046875,211.125,-4.875,-9.0,-5.73,0.46,18.74,-19.75,-47.3125,-16.875,179,4.462432221022084,forward,36.46157485156575,100.0,20.0,
2026-08-06T18:29:02.918,319.161,gnss_navigation,35.91928228333333,139.9092918,20.494,0.7150777777777777,True,27,1,35.91912968333333,139.90919718333333,18.987368338078085,206.66256777897792,33.28,1008.21421875,55.3505859375,210.625,-3.5625,-10.0,0.73,0.58,4.89,-15.875,6.875,32.9375,179,3.962432221022084,forward,67.93657485156575,72.06342514843425,20.0,
2026-08-06T18:29:03.418,319.661,gnss_navigation,35.919275883333334,139.90928908333333,20.508,0.7253666666666666,True,27,1,35.91912968333333,139.90919718333333,18.241894647591952,206.97891036029583,33.27,1008.3153515625,55.212890625,200.0,-3.875,-9.4375,1.1,-2.11,1.43,-89.75,-0.5625,36.5625,51,-6.978910360295828,forward,100.0,34.04494577681767,20.0,
2026-08-06T18:29:03.918,320.161,gnss_navigation,35.919275883333334,139.90928908333333,20.508,0.7253666666666666,True,27,1,35.91912968333333,139.90919718333333,18.241894647591952,206.97891036029583,33.28,1008.26875,55.2353515625,200.875,-5.125,-10.4375,-15.5,1.38,22.66,68.5625,-99.25,-73.9375,51,-6.103910360295828,forward,72.56130422318233,67.43869577681767,20.0,
2026-08-06T18:29:04.419,320.662,gnss_navigation,35.919269183333334,139.90928638333332,20.524,0.7202222222222221,True,27,1,35.91912968333333,139.90919718333333,17.468084227656767,207.37679358859987,33.27,1008.307421875,55.166015625,203.375,-2.3125,-11.875,-0.99,-5.35,27.77,-173.375,14.3125,-5.0625,51,-4.001793588599867,forward,70.74562828823666,69.25437171176334,20.0,
2026-08-06T18:29:04.919,321.162,gnss_navigation,35.919269183333334,139.90928638333332,20.524,0.7202222222222221,True,27,1,35.91912968333333,139.90919718333333,17.468084227656767,207.37679358859987,33.27,1008.34265625,55.166015625,203.875,-2.4375,-10.25,-10.22,-1.51,2.07,152.875,-45.6875,-16.5625,51,-3.501793588599867,forward,71.70812828823667,68.29187171176333,20.0,
2026-08-06T18:29:05.420,321.663,gnss_navigation,35.91926278333333,139.9092842,20.528,0.7150777777777777,True,27,1,35.91912968333333,139.90919718333333,16.74642640021614,207.8990848059854,32.95,1008.1579296875,55.126953125,202.0625,-2.9375,-10.375,-2.54,4.98,15.13,-17.375,-5.125,-4.0625,115,-5.83658480598541,forward,85.97018487087989,54.02981512912011,20.0,
2026-08-06T18:29:05.922,322.165,gnss_navigation,35.91926278333333,139.9092842,20.528,0.7150777777777777,True,27,1,35.91912968333333,139.90919718333333,16.74642640021614,207.8990848059854,33.14,1008.571015625,55.2080078125,205.375,-2.3125,-10.9375,-9.25,-2.88,28.86,38.5625,89.875,-61.5625,115,-2.52408480598541,forward,66.4451848708799,73.5548151291201,20.0,
2026-08-06T18:29:06.422,322.665,gnss_navigation,35.91925678333333,139.9092823,20.55,0.6945000000000001,True,27,1,35.91912968333333,139.90919718333333,16.077547150797965,208.47274053491273,33.26,1008.32671875,54.95703125,198.0,-2.125,-11.25,-1.9,7.78,6.75,4.625,54.25,10.8125,51,-10.472740534912731,forward,97.30051784478833,42.69948215521167,16.328,
2026-08-06T18:29:06.922,323.165,gnss_navigation,35.91925678333333,139.9092823,20.55,0.6945000000000001,True,27,1,35.91912968333333,139.90919718333333,16.077547150797965,208.47274053491273,33.26,1008.299453125,55.2001953125,198.875,-1.875,-12.375,-1.74,7.07,11.72,63.5625,-66.5625,-73.0,115,-9.597740534912731,forward,71.46301784478833,68.53698215521167,20.0,
2026-08-06T18:29:07.423,323.666,gnss_navigation,35.91925058333333,139.90928138333334,20.574,0.6842111111111112,True,27,1,35.91912968333333,139.90919718333333,15.43429845696823,209.42351407722788,33.26,1008.3540234375,55.1884765625,203.625,-2.1875,-10.9375,1.23,-4.47,4.57,-20.3125,27.8125,1.0,114,-5.798514077227878,forward,94.04069242793018,45.95930757206982,20.0,
2026-08-06T18:29:07.923,324.166,gnss_navigation,35.91925058333333,139.90928138333334,20.574,0.6842111111111112,True,27,1,35.91912968333333,139.90919718333333,15.43429845696823,209.42351407722788,33.26,1008.299453125,55.24609375,206.875,-2.625,-12.0,-2.16,-0.41,-0.11,-17.1875,50.6875,-29.1875,114,-2.5485140772278783,forward,68.75319242793019,71.24680757206981,18.641,
2026-08-06T18:29:08.424,324.667,gnss_navigation,35.9192448,139.9092798,20.601,0.6687777777777778,True,27,1,35.91912968333333,139.90919718333333,14.805367622789017,210.16551582724378,33.26,1008.26421875,55.291015625,212.9375,-0.3125,-10.3125,-1.16,-3.78,10.67,6.875,-53.1875,12.9375,114,2.7719841727562198,forward,42.6638112617823,97.3361887382177,16.397,
2026-08-06T18:29:08.924,325.167,gnss_navigation,35.9192448,139.9092798,20.601,0.6687777777777778,True,27,1,35.91912968333333,139.90919718333333,14.805367622789017,210.16551582724378,33.26,1008.291484375,55.267578125,212.625,-0.125,-10.75,-4.94,2.56,9.94,-101.0,14.4375,30.625,114,2.4594841727562198,forward,67.1825612617823,72.8174387382177,18.133,
2026-08-06T18:29:09.425,325.668,gnss_navigation,35.919238283333335,139.90927728333332,20.637,0.6842111111111112,True,27,1,35.91912968333333,139.90919718333333,14.066002632642896,210.85060544194133,33.25,1008.3380859375,55.2451171875,216.5625,0.4375,-11.5,-0.11,5.9,1.68,99.0625,-20.3125,0.25,50,5.711894558058674,forward,54.77616266179503,85.22383733820497,15.903,
2026-08-06T18:29:09.925,326.168,gnss_navigation,35.919238283333335,139.90927728333332,20.637,0.6842111111111112,True,27,1,35.91912968333333,139.90919718333333,14.066002632642896,210.85060544194133,33.02,1007.923359375,55.2978515625,213.25,0.625,-10.1875,-1.6,4.15,2.02,74.875,61.9375,45.9375,50,2.399394558058674,forward,70.15116266179503,69.84883733820497,15.743,
2026-08-06T18:29:10.426,326.669,gnss_navigation,35.919232,139.90927478333333,20.667,0.6945000000000001,True,27,1,35.91912968333333,139.90919718333333,13.351759688865535,211.5587154293575,33.27,1008.3153515625,55.443359375,221.4375,0.5,-12.0,-4.58,1.45,-1.06,-23.9375,13.5,-24.0,242,9.878784570642495,forward,16.630484353553058,100.0,16.635,
2026-08-06T18:29:10.927,327.170,gnss_navigation,35.919232,139.90927478333333,20.667,0.6945000000000001,True,27,1,35.91912968333333,139.90919718333333,13.351759688865535,211.5587154293575,33.26,1008.299453125,55.3271484375,219.5625,0.625,-11.1875,-4.85,-4.89,10.91,-38.8125,38.625,67.1875,242,8.003784570642495,forward,70.59298435355306,69.40701564644694,14.865,
2026-08-06T18:29:11.427,327.670,gnss_navigation,35.919226183333336,139.9092712,20.708,0.7099333333333333,True,27,1,35.91912968333333,139.90919718333333,12.631909842425408,211.84696597550354,33.26,1008.299453125,55.3154296875,216.0,8.0625,-12.125,-1.19,11.45,16.86,136.25,7.4375,-8.0625,242,4.153034024496463,forward,50.040722343486,89.95927765651399,14.369,
2026-08-06T18:29:11.928,328.170,gnss_navigation,35.919226183333336,139.9092712,20.708,0.7099333333333333,True,27,1,35.91912968333333,139.90919718333333,12.631909842425408,211.84696597550354,33.27,1008.3153515625,55.05078125,216.0625,-0.25,-12.25,-4.18,5.03,9.95,44.3125,51.3125,28.0,242,4.215534024496463,forward,68.521972343486,71.478027656514,14.313,
2026-08-06T18:29:12.428,328.671,gnss_navigation,35.91921968333333,139.90926808333333,20.744,0.7253666666666666,True,27,1,35.91912968333333,139.90919718333333,11.870718983068675,212.53700771582677,33.26,1008.2721875,55.3154296875,217.75,0.625,-11.125,1.7,6.15,0.59,17.9375,-24.625,-64.4375,50,5.212992284173225,forward,25.433822780402828,100.0,14.291,
2026-08-06T18:29:12.928,329.171,gnss_navigation,35.91921968333333,139.90926808333333,20.744,0.7253666666666666,True,27,1,35.91912968333333,139.90919718333333,11.870718983068675,212.53700771582677,33.27,1008.307421875,55.31640625,222.6875,1.0625,-11.75,4.43,3.66,3.69,-61.4375,1.5625,-11.4375,50,10.150492284173225,forward,60.48382278040283,79.51617721959717,17.167,
2026-08-06T18:29:13.429,329.672,gnss_navigation,35.9192144,139.90926378333333,20.776,0.7202222222222221,True,27,1,35.91912968333333,139.90919718333333,11.167189528745759,212.48329128875383,33.27,1008.3699609375,55.58203125,217.4375,-0.375,-9.75,-0.95,7.19,0.29,164.3125,16.0,12.875,178,4.954208711246167,forward,58.79210617266142,81.20789382733858,13.019,
2026-08-06T18:29:13.929,330.172,gnss_navigation,35.9192144,139.90926378333333,20.776,0.7202222222222221,True,27,1,35.91912968333333,139.90919718333333,11.167189528745759,212.48329128875383,33.27,1008.3153515625,55.6044921875,217.1875,-0.875,-7.875,-6.04,-1.57,18.73,-137.8125,-19.0625,9.4375,178,4.704208711246167,forward,66.80460617266142,73.19539382733858,12.991,
2026-08-06T18:29:14.429,330.672,gnss_navigation,35.91920858333334,139.90925998333333,20.781,0.7150777777777777,True,26,1,35.91912968333333,139.90919718333333,10.437985613651284,212.80551419974876,33.27,1008.2880859375,55.29296875,203.9375,-1.4375,-8.375,-2.65,-7.19,11.46,-57.875,-34.625,34.0625,178,-8.868014199748757,forward,95.13038303100306,44.86961696899694,13.937,
2026-08-06T18:29:14.930,331.173,gnss_navigation,35.91920858333334,139.90925998333333,20.781,0.7150777777777777,True,26,1,35.91912968333333,139.90919718333333,10.437985613651284,212.80551419974876,33.0,1008.3003125,55.365234375,202.0625,-1.6875,-7.875,5.66,-3.84,16.99,46.125,-14.875,-36.875,178,-10.743014199748757,forward,78.01788303100307,61.982116968996934,13.978,
2026-08-06T18:29:15.430,331.673,gnss_navigation,35.91920208333333,139.90925898333333,20.776,0.6996444444444445,True,27,1,35.91912968333333,139.90919718333333,9.786800621271261,214.65522844050474,33.27,1008.3153515625,55.29296875,211.4375,-0.875,-9.5,-1.71,-4.53,5.02,-3.125,-46.25,-24.1875,178,-3.217728440504743,forward,58.79441135979901,81.205588640201,11.039,
2026-08-06T18:29:15.930,332.173,gnss_navigation,35.91920208333333,139.90925898333333,20.776,0.6996444444444445,True,27,1,35.91912968333333,139.90919718333333,9.786800621271261,214.65522844050474,33.27,1008.2528515625,55.31640625,212.0,-0.1875,-1.4375,7.07,8.73,5.83,24.9375,-91.4375,26.5,178,-2.655228440504743,forward,72.763161359799,67.236838640201,10.82,
2026-08-06T18:29:16.431,332.674,gnss_navigation,35.919195683333335,139.90925708333333,20.781,0.7047888888888889,True,27,1,35.91912968333333,139.90919718333333,9.107940601359616,216.3157599061075,33.27,1008.2608203125,55.3857421875,221.1875,0.4375,-9.1875,0.88,2.57,-1.09,-60.4375,-51.6875,-39.9375,178,4.871740093892498,forward,25.699182752403793,100.0,11.105,
2026-08-06T18:29:16.931,333.174,gnss_navigation,35.919195683333335,139.90925708333333,20.781,0.7047888888888889,True,27,1,35.91912968333333,139.90919718333333,9.107940601359616,216.3157599061075,33.27,1008.3153515625,55.29296875,224.3125,0.25,-9.125,-0.83,-1.33,1.96,-60.0,-12.6875,27.0625,178,7.996740093892498,forward,62.9054327524038,77.0945672475962,11.384,
2026-08-06T18:29:17.433,333.676,gnss_navigation,35.9191901,139.90925288333332,20.796,0.7099333333333333,True,27,1,35.91912968333333,139.90919718333333,8.383935913148754,216.74583341054068,33.27,1008.2880859375,55.3623046875,218.375,1.0625,-10.3125,-0.3,2.62,0.97,-59.9375,21.0,24.25,242,1.6291665894593166,forward,64.090107924886,75.909892075114,10.128,
2026-08-06T18:29:17.933,334.176,gnss_navigation,35.9191901,139.90925288333332,20.796,0.7099333333333333,True,27,1,35.91912968333333,139.90919718333333,8.383935913148754,216.74583341054068,33.27,1008.307421875,55.2236328125,215.6875,0.5625,-9.0,-1.66,-0.68,0.57,-46.125,45.625,43.0625,242,-1.0583334105406834,forward,71.715107924886,68.284892075114,9.981,
2026-08-06T18:29:18.434,334.677,gnss_navigation,35.9191839,139.90924938333333,20.802,0.7202222222222221,True,27,1,35.91912968333333,139.90919718333333,7.6446271234218495,217.94434796557752,33.28,1008.377890625,55.2705078125,226.3125,2.625,-9.3125,4.63,-5.68,15.33,-11.875,87.875,-31.125,178,8.36815203442248,forward,34.002916728432545,100.0,10.542,
2026-08-06T18:29:18.934,335.177,gnss_navigation,35.9191839,139.90924938333333,20.802,0.7202222222222221,True,27,1,35.91912968333333,139.90919718333333,7.6446271234218495,217.94434796557752,33.27,1008.3699609375,55.3046875,227.1875,2.4375,-7.75,-4.14,-0.39,28.44,-99.0625,78.75,40.4375,178,9.24315203442248,forward,64.64666672843255,75.35333327156745,10.434,
2026-08-06T18:29:19.435,335.678,gnss_navigation,35.9191779,139.90924508333333,20.801,0.7356555555555555,True,27,1,35.91912968333333,139.90919718333333,6.881192183512761,218.81762550489427,33.28,1008.2960546875,55.3857421875,209.5625,-0.125,-8.1875,-6.3,-6.6,2.49,35.875,-101.3125,-16.5,50,-9.255125504894266,forward,91.13047837246202,48.869521627537985,7.923,
2026-08-06T18:29:19.935,336.178,gnss_navigation,35.9191779,139.90924508333333,20.801,0.7356555555555555,True,27,1,35.91912968333333,139.90919718333333,6.881192183512761,218.81762550489427,33.27,1008.3153515625,55.3046875,212.9375,0.4375,-7.6875,-6.15,1.0,12.03,-23.875,-119.8125,-33.125,50,-5.880125504894266,forward,71.32422837246202,68.67577162753798,7.786,
2026-08-06T18:29:20.435,336.678,gnss_navigation,35.91917158333333,139.90924128333333,20.805,0.7459444444444445,True,27,1,35.91912968333333,139.90919718333333,6.12189770845259,220.44320248460483,33.21,1008.1919921875,55.30859375,222.1875,2.1875,-8.5,1.86,5.33,10.34,75.0,39.375,37.6875,178,1.744297515395175,forward,66.21035040391541,73.78964959608459,8.028,
2026-08-06T18:29:20.936,337.179,gnss_navigation,35.91917158333333,139.90924128333333,20.805,0.7459444444444445,True,27,1,35.91912968333333,139.90919718333333,6.12189770845259,220.44320248460483,33.28,1008.26875,55.3046875,217.375,1.0625,-8.5625,-2.52,3.97,9.52,-31.0,89.4375,47.1875,242,-3.068202484604825,forward,73.06035040391541,66.93964959608459,7.056,
2026-08-06T18:29:21.436,337.679,gnss_navigation,35.919164683333335,139.90923758333332,20.831,0.7665222222222222,True,27,1,35.91912968333333,139.90919718333333,5.327446381325854,223.06974988062623,33.27,1008.3699609375,55.3046875,219.625,2.4375,-7.0,0.0,-11.51,24.34,-58.875,-23.375,-15.5,242,-3.444749880626233,forward,68.8611108438309,71.1388891561691,7.135,
2026-08-06T18:29:21.936,338.179,gnss_navigation,35.919164683333335,139.90923758333332,20.831,0.7665222222222222,True,27,1,35.91912968333333,139.90919718333333,5.327446381325854,223.06974988062623,33.28,1008.303984375,55.3056640625,225.75,3.25,-10.3125,-1.33,9.06,6.96,36.9375,-48.0625,-0.4375,242,2.680250119373767,forward,65.45579990450099,74.54420009549901,7.476,
2026-08-06T18:29:22.437,338.680,gnss_navigation,35.9191591,139.90923308333333,20.831,0.7665222222222222,True,27,1,35.91912968333333,139.90919718333333,4.598963995947584,224.66381540378418,32.25,1006.8783203125,55.3427734375,229.8125,1.25,-10.5625,-3.2,9.86,15.03,84.125,-115.0625,-57.125,242,5.148684596215816,forward,46.834966130922226,93.16503386907777,6.951,
2026-08-06T18:29:22.937,339.180,gnss_navigation,35.9191591,139.90923308333333,20.831,0.7665222222222222,True,27,1,35.91912968333333,139.90919718333333,4.598963995947584,224.66381540378418,33.28,1008.323359375,55.431640625,234.4375,2.5,-11.5,1.54,3.71,-0.46,14.6875,16.9375,16.0,242,9.773684596215816,forward,62.812302323027346,77.18769767697265,7.616,
2026-08-06T18:29:23.438,339.681,gnss_navigation,35.9191542,139.9092282,20.849,0.6790666666666667,True,27,1,35.91912968333333,139.90919718333333,3.902952593303975,225.69493832937985,33.26,1008.299453125,55.5576171875,219.0625,0.625,-11.4375,3.07,7.16,3.3,132.6875,-50.1875,-21.9375,50,-6.632438329379852,forward,75.96230232302734,64.03769767697266,5.802,
2026-08-06T18:29:23.938,340.181,gnss_navigation,35.9191542,139.9092282,20.849,0.6790666666666667,True,27,1,35.91912968333333,139.90919718333333,3.902952593303975,225.69493832937985,33.26,1008.299453125,55.5341796875,226.625,1.25,-10.9375,1.32,7.73,4.41,35.5,-84.5,-19.25,50,0.9300616706201481,forward,68.36220066350388,71.63779933649612,6.0,
2026-08-06T18:29:24.438,340.682,gnss_navigation,35.91914908333333,139.90922448333333,20.86,0.6739222222222222,True,26,1,35.91912968333333,139.90919718333333,3.2706405409594255,228.73373239398745,33.27,1008.3153515625,55.6396484375,217.25,0.4375,-9.75,5.29,12.42,25.35,39.4375,96.25,27.3125,178,-11.483732393987452,forward,100.0,19.997278923291034,1.637,
2026-08-06T18:29:24.939,341.182,gnss_navigation,35.91914908333333,139.90922448333333,20.86,0.6739222222222222,True,26,1,35.91912968333333,139.90919718333333,3.2706405409594255,228.73373239398745,33.27,1008.2880859375,55.673828125,220.4375,0.0,-10.6875,1.93,7.9,9.66,-1.5,-114.375,-32.25,178,-8.296232393987452,forward,72.88698591518997,67.11301408481003,4.982,
2026-08-06T18:29:25.439,341.682,searching_goal,35.9191439,139.9092215,20.835,0.6533444444444444,True,27,1,35.91912968333333,139.90919718333333,2.7007276349773526,,33.27,1008.34265625,55.708984375,231.4375,0.3125,-10.125,-0.14,-0.57,17.3,-63.3125,-30.625,26.1875,242,,stopped,0.0,0.0,4.732,
2026-08-06T18:29:25.940,342.183,searching_goal,35.9191439,139.9092215,20.835,0.6533444444444444,True,27,1,35.91912968333333,139.90919718333333,2.7007276349773526,,33.26,1008.34609375,55.7294921875,227.1875,1.0,-8.4375,4.27,0.24,8.55,10.9375,40.8125,15.875,178,,stopped,0.0,0.0,4.407,
2026-08-06T18:29:26.440,342.683,searching_goal,35.91913938333333,139.90921728333333,20.824,0.6379111111111111,True,27,1,35.91912968333333,139.90919718333333,2.1070192465346285,,33.27,1008.307421875,55.7431640625,223.3125,0.3125,-9.0,-0.17,1.67,9.47,0.0,0.0625,8.0625,114,,stopped,0.0,0.0,3.872,
2026-08-06T18:29:26.941,343.184,searching_goal,35.91913938333333,139.90921728333333,20.824,0.6379111111111111,True,27,1,35.91912968333333,139.90919718333333,2.1070192465346285,,33.27,1008.34265625,55.7666015625,223.3125,0.25,-9.0625,-0.19,1.69,9.47,0.0,-0.0625,0.1875,114,,stopped,0.0,0.0,3.869,
2026-08-06T18:29:27.452,343.695,searching_goal,35.919136783333336,139.90921578333334,20.804,0.44756666666666667,True,27,1,35.91912968333333,139.90919718333333,1.8516807829449022,,33.28,1008.26875,55.986328125,223.375,-0.3125,-9.5,-0.2,1.71,9.47,0.0625,8.0,0.125,114,,stopped,0.0,0.0,3.866,
2026-08-06T18:29:27.957,344.200,searching_goal,35.919136783333336,139.90921578333334,20.804,0.44756666666666667,True,27,1,35.91912968333333,139.90919718333333,1.8516807829449022,,33.28,1008.323359375,55.84765625,223.375,-0.375,-9.5,-0.18,1.65,9.47,0.0625,0.0,0.125,114,,stopped,0.0,0.0,3.869,
2026-08-06T18:29:28.458,344.701,searching_goal,35.9191353,139.90921498333333,20.798,0.3086666666666667,True,27,1,35.91912968333333,139.90919718333333,1.720277600123077,,32.07,1006.435,55.7822265625,223.375,-0.5,-9.625,-0.16,1.67,9.47,0.0,0.1875,0.0,114,,stopped,0.0,0.0,3.867,
2026-08-06T18:29:28.993,345.236,searching_goal,35.9191353,139.90921498333333,20.798,0.3086666666666667,True,27,1,35.91912968333333,139.90919718333333,1.720277600123077,,33.29,1008.3475,55.896484375,223.375,-0.5,-9.625,-0.19,1.65,9.48,-0.0625,0.0625,-0.1875,114,,stopped,0.0,0.0,3.866,
2026-08-06T18:29:29.497,345.740,searching_goal,35.919133583333334,139.90921438333334,20.795,0.2778,True,27,1,35.91912968333333,139.90919718333333,1.6084365508691902,,33.27,1008.2880859375,55.685546875,223.375,-0.5,-9.625,-0.18,1.67,9.5,0.0625,0.0625,0.0625,114,,stopped,0.0,0.0,3.872,
2026-08-06T18:29:30.023,346.266,searching_goal,35.919133583333334,139.90921438333334,20.795,0.2778,True,27,1,35.91912968333333,139.90919718333333,1.6084365508691902,,33.28,1008.35859375,55.7099609375,223.375,-0.5,-9.625,-0.2,1.68,9.47,0.0,0.125,-0.125,114,,stopped,0.0,0.0,3.873,
2026-08-06T18:29:30.524,346.767,searching_goal,35.919134283333335,139.90921738333333,20.824,0.13375555555555557,True,27,1,35.91912968333333,139.90919718333333,1.8895716133511042,,33.27,1008.3699609375,55.673828125,223.375,-0.5,-9.625,-0.18,1.66,9.48,0.0,0.125,0.0625,114,,stopped,0.0,0.0,3.869,
2026-08-06T18:29:31.024,347.267,searching_goal,35.919134283333335,139.90921738333333,20.824,0.13375555555555557,True,27,1,35.91912968333333,139.90919718333333,1.8895716133511042,,33.27,1008.3153515625,55.5703125,223.375,-0.5,-9.625,-0.21,1.67,9.47,0.0,0.0625,0.0625,114,,stopped,0.0,0.0,3.868,
2026-08-06T18:29:31.525,347.768,searching_goal,35.919134983333336,139.90921818333334,20.857,0.1028888888888889,True,27,1,35.91912968333333,139.90919718333333,1.9807682025047308,,33.27,1008.34265625,55.6162109375,223.375,-0.5,-9.625,-0.19,1.67,9.46,0.0625,0.0,0.1875,114,,stopped,0.0,0.0,3.868,
2026-08-06T18:29:32.026,348.269,searching_goal,35.919134983333336,139.90921818333334,20.857,0.1028888888888889,True,27,1,35.91912968333333,139.90919718333333,1.9807682025047308,,33.28,1008.3312890625,55.6171875,223.375,-0.5,-9.625,-0.17,1.67,9.46,0.0,0.0625,0.0,114,,stopped,0.0,0.0,3.868,
2026-08-06T18:29:32.526,348.769,selfie,35.9191348,139.9092186,20.876,0.08231111111111111,True,27,1,35.91912968333333,139.90919718333333,2.0107580666510474,,33.28,1008.4404296875,55.4677734375,223.375,-0.5,-9.625,-0.18,1.68,9.47,0.0,0.0625,0.0625,114,,stopped,0.0,0.0,3.866,
2026-08-06T18:29:33.027,349.270,selfie,35.9191348,139.9092186,20.876,0.08231111111111111,True,27,1,35.91912968333333,139.90919718333333,2.0107580666510474,,33.28,1008.2960546875,55.6044921875,223.375,-0.5,-9.625,-0.17,1.67,9.47,0.0,0.0,0.0625,114,,stopped,0.0,0.0,3.868,
2026-08-06T18:29:33.527,349.770,selfie,35.9191348,139.90921868333334,20.88,0.06687777777777779,True,27,1,35.91912968333333,139.90919718333333,2.0179567458033287,,33.27,1008.3699609375,55.5009765625,223.375,-0.5625,-9.6875,-0.23,1.66,9.38,-0.625,0.0625,0.3125,114,,stopped,0.0,0.0,3.87,
2026-08-06T18:29:34.028,350.271,selfie,35.9191348,139.90921868333334,20.88,0.06687777777777779,True,27,1,35.91912968333333,139.90919718333333,2.0179567458033287,,33.28,1008.3312890625,55.490234375,223.375,-0.5625,-9.6875,-0.15,1.75,9.48,-0.4375,-0.0625,-0.0625,114,,stopped,0.0,0.0,3.867,
2026-08-06T18:29:34.528,350.771,selfie,35.9191347,139.90921878333333,20.889,0.0463,True,27,1,35.91912968333333,139.90919718333333,2.0235045439203816,,33.28,1008.27671875,55.41015625,223.4375,-0.6875,-9.75,-0.16,1.72,9.53,-0.1875,0.1875,0.0625,242,,stopped,0.0,0.0,3.877,
2026-08-06T18:29:35.028,351.271,selfie,35.9191347,139.90921878333333,20.889,0.0463,True,27,1,35.91912968333333,139.90919718333333,2.0235045439203816,,33.28,1008.26875,55.408203125,223.4375,-0.6875,-9.75,-0.29,1.7,9.53,-0.25,0.25,-0.125,242,,stopped,0.0,0.0,3.872,
2026-08-06T18:29:35.528,351.771,selfie,35.9191348,139.909219,20.893,0.041155555555555556,True,27,1,35.91912968333333,139.90919718333333,2.045331758780686,,33.28,1008.2960546875,55.3974609375,223.4375,-0.6875,-9.8125,-0.2,1.72,9.45,-0.0625,0.125,0.1875,48,,stopped,0.0,0.0,3.874,
2026-08-06T18:29:36.030,352.273,selfie,35.9191348,139.909219,20.893,0.041155555555555556,True,27,1,35.91912968333333,139.90919718333333,2.045331758780686,,33.27,1008.3699609375,55.3974609375,223.4375,-0.6875,-9.8125,-0.2,1.67,9.46,0.0625,0.0625,-0.125,48,,stopped,0.0,0.0,3.874,
2026-08-06T18:29:36.530,352.773,selfie,35.919134883333335,139.909219,20.894,0.0463,True,27,1,35.91912968333333,139.90919718333333,2.047928678673339,,33.27,1008.2880859375,55.3857421875,223.375,-0.6875,-10.0,-0.12,1.47,9.56,-0.1875,0.3125,0.1875,48,,stopped,0.0,0.0,3.867,
2026-08-06T18:29:37.031,353.274,selfie,35.919134883333335,139.909219,20.894,0.0463,True,27,1,35.91912968333333,139.90919718333333,2.047928678673339,,33.27,1008.2608203125,55.3740234375,223.375,-0.6875,-10.0,-0.13,1.49,9.5,-0.375,0.0,0.0,48,,stopped,0.0,0.0,3.864,
2026-08-06T18:29:37.531,353.774,selfie,35.91913508333333,139.9092191,20.896,0.041155555555555556,True,27,1,35.91912968333333,139.90919718333333,2.0629319324158066,,33.28,1008.323359375,55.33984375,223.4375,-0.75,-10.0625,-0.25,1.83,9.56,0.125,-0.25,0.0,48,,stopped,0.0,0.0,3.868,
2026-08-06T18:29:38.032,354.275,selfie,35.91913508333333,139.9092191,20.896,0.041155555555555556,True,27,1,35.91912968333333,139.90919718333333,2.0629319324158066,,33.28,1008.35859375,55.38671875,223.4375,-0.75,-10.0625,-0.31,2.17,9.55,-2.5,0.125,0.5,48,,stopped,0.0,0.0,3.863,
2026-08-06T18:29:38.532,354.775,selfie,35.9191353,139.909219,20.894,0.06687777777777779,True,27,1,35.91912968333333,139.90919718333333,2.06148905368719,,33.29,1008.2929296875,55.30859375,223.375,-0.8125,-9.9375,-0.05,2.75,9.01,0.375,0.6875,0.1875,50,,stopped,0.0,0.0,3.878,
2026-08-06T18:29:39.034,355.278,selfie,35.9191353,139.909219,20.894,0.06687777777777779,True,27,1,35.91912968333333,139.90919718333333,2.06148905368719,,33.29,1008.2929296875,55.2734375,222.75,-0.9375,-9.5,-0.29,0.83,9.58,16.0,3.8125,9.0,50,,stopped,0.0,0.0,3.865,
2026-08-06T18:29:39.533,355.776,selfie,35.9191354,139.909219,20.896,0.06687777777777779,True,29,1,35.91912968333333,139.90919718333333,2.0648849847802624,,33.28,1008.303984375,55.224609375,223.25,-1.25,-9.0,-0.27,1.52,9.51,0.0,8.0,0.0,50,,stopped,0.0,0.0,3.899,
2026-08-06T18:29:40.034,356.277,selfie,35.9191354,139.909219,20.896,0.06687777777777779,True,29,1,35.91912968333333,139.90919718333333,2.0648849847802624,,33.3,1008.3008984375,55.2158203125,223.25,-1.25,-9.0,-0.25,1.52,9.52,0.0625,0.0625,-0.0625,50,,stopped,0.0,0.0,3.894,
2026-08-06T18:29:40.534,356.777,selfie,35.9191354,139.909219,20.898,0.06173333333333333,True,28,1,35.91912968333333,139.90919718333333,2.0648849847802624,,33.28,1008.2221484375,55.1904296875,223.25,-1.25,-9.0,-0.26,1.52,9.51,-0.0625,0.0625,0.125,50,,stopped,0.0,0.0,3.899,
2026-08-06T18:29:41.035,357.278,selfie,35.9191354,139.909219,20.898,0.06173333333333333,True,28,1,35.91912968333333,139.90919718333333,2.0648849847802624,,33.28,1008.303984375,55.1787109375,223.25,-1.25,-9.0,-0.26,1.52,9.53,0.0,0.0,0.0,50,,stopped,0.0,0.0,3.885,
2026-08-06T18:29:41.542,357.785,selfie,35.9191354,139.909219,20.898,0.020577777777777778,True,28,1,35.91912968333333,139.90919718333333,2.0648849847802624,,33.27,1008.2880859375,55.166015625,223.25,-1.25,-9.0,-0.24,1.52,9.5,0.0,0.0,-0.0625,50,,stopped,0.0,0.0,3.887,
2026-08-06T18:29:42.071,358.314,selfie,35.9191354,139.909219,20.898,0.020577777777777778,True,28,1,35.91912968333333,139.90919718333333,2.0648849847802624,,33.16,1008.6225,54.9443359375,223.25,-1.25,-9.0,-0.27,1.52,9.52,-0.125,0.0,0.0625,50,,stopped,0.0,0.0,3.887,
2026-08-06T18:29:42.571,358.814,selfie,35.9191354,139.909219,20.898,0.07202222222222222,True,28,1,35.91912968333333,139.90919718333333,2.0648849847802624,,33.29,1008.2849609375,55.1455078125,223.25,-1.25,-9.0,-0.25,1.52,9.5,0.0,-0.0625,0.0625,50,,stopped,0.0,0.0,3.885,
2026-08-06T18:29:43.072,359.315,selfie,35.9191354,139.909219,20.898,0.07202222222222222,True,28,1,35.91912968333333,139.90919718333333,2.0648849847802624,,33.29,1008.3395703125,55.1455078125,223.25,-1.25,-9.0,-0.25,1.53,9.5,0.0,0.0625,0.0,50,,stopped,0.0,0.0,3.888,
2026-08-06T18:29:43.572,359.815,selfie,35.9191354,139.909219,20.899,0.05658888888888889,True,28,1,35.91912968333333,139.90919718333333,2.0648849847802624,,33.29,1008.3475,55.158203125,223.25,-1.25,-9.0,-0.25,1.52,9.5,0.0625,0.125,-0.1875,50,,stopped,0.0,0.0,3.898,
2026-08-06T18:29:44.072,360.315,selfie,35.9191354,139.909219,20.899,0.05658888888888889,True,28,1,35.91912968333333,139.90919718333333,2.0648849847802624,,33.3,1008.4452734375,55.134765625,223.25,-1.25,-9.0,-0.23,1.52,9.51,0.0625,0.125,0.0,50,,stopped,0.0,0.0,3.894,
2026-08-06T18:29:44.573,360.816,selfie,35.9191353,139.909219,20.9,0.020577777777777778,True,28,1,35.91912968333333,139.90919718333333,2.06148905368719,,33.3,1008.328203125,55.146484375,223.25,-1.25,-9.0,-0.27,1.51,9.49,0.0625,-0.125,-0.0625,50,,stopped,0.0,0.0,3.89,
2026-08-06T18:29:45.073,361.316,selfie,35.9191353,139.909219,20.9,0.020577777777777778,True,28,1,35.91912968333333,139.90919718333333,2.06148905368719,,33.3,1008.2815625,55.123046875,223.25,-1.25,-9.0,-0.24,1.52,9.52,0.0625,-0.125,0.0625,50,,stopped,0.0,0.0,3.909,
2026-08-06T18:29:45.574,361.816,selfie,35.9191354,139.909219,20.901,0.030866666666666664,True,28,1,35.91912968333333,139.90919718333333,2.0648849847802624,,33.28,1008.732578125,55.1083984375,223.25,-1.25,-9.0,-0.27,1.52,9.48,0.0,0.0625,-0.125,50,,stopped,0.0,0.0,3.901,
2026-08-06T18:29:46.079,362.322,selfie,35.9191354,139.909219,20.901,0.030866666666666664,True,28,1,35.91912968333333,139.90919718333333,2.0648849847802624,,33.29,1008.2656640625,55.134765625,223.25,-1.25,-9.0,-0.27,1.52,9.48,0.0625,0.0,-0.125,50,,stopped,0.0,0.0,3.906,
2026-08-06T18:29:46.582,362.834,selfie,35.9191354,139.909219,20.901,0.025722222222222226,True,28,1,35.91912968333333,139.90919718333333,2.0648849847802624,,33.28,1008.2960546875,55.1318359375,223.25,-1.25,-9.0,-0.28,1.51,9.47,0.0,-0.0625,0.0,50,,stopped,0.0,0.0,3.9,
2026-08-06T18:29:47.082,363.325,selfie,35.9191354,139.909219,20.901,0.025722222222222226,True,28,1,35.91912968333333,139.90919718333333,2.0648849847802624,,33.18,1008.3898046875,55.0625,223.25,-1.25,-9.0,-0.26,1.52,9.48,-0.0625,0.0625,0.0,50,,stopped,0.0,0.0,3.901,
2026-08-06T18:29:47.582,363.826,selfie,35.9191353,139.909219,20.902,0.020577777777777778,True,28,1,35.91912968333333,139.90919718333333,2.06148905368719,,33.01,1007.981328125,55.158203125,223.25,-1.25,-9.0,-0.24,1.52,9.48,0.0625,-0.0625,0.1875,50,,stopped,0.0,0.0,3.902,
2026-08-06T18:29:48.083,364.326,selfie,35.9191353,139.909219,20.902,0.020577777777777778,True,28,1,35.91912968333333,139.90919718333333,2.06148905368719,,33.04,1008.001796875,55.2197265625,223.25,-1.25,-9.0,-0.26,1.51,9.47,8.0,0.0625,-0.0625,50,,stopped,0.0,0.0,3.899,
2026-08-06T18:29:48.583,364.826,selfie,35.9191353,139.909219,20.903,0.030866666666666664,True,28,1,35.91912968333333,139.90919718333333,2.06148905368719,,33.26,1008.34609375,55.12890625,223.25,-1.25,-9.0,-0.27,1.52,9.5,-0.125,0.125,0.0625,50,,stopped,0.0,0.0,3.89,
2026-08-06T18:29:49.084,365.327,selfie,35.9191353,139.909219,20.903,0.030866666666666664,True,28,1,35.91912968333333,139.90919718333333,2.06148905368719,,33.0,1007.88328125,55.2255859375,223.25,-1.25,-9.0,-0.25,1.52,9.5,0.0,0.0625,0.0,50,,stopped,0.0,0.0,3.895,
2026-08-06T18:29:49.585,365.828,selfie,35.9191353,139.909219,20.903,0.025722222222222226,True,28,1,35.91912968333333,139.90919718333333,2.06148905368719,,33.24,1008.294609375,55.2900390625,223.25,-1.25,-9.0,-0.27,1.52,9.51,0.0,0.0,0.0,50,,stopped,0.0,0.0,3.902,
2026-08-06T18:29:50.085,366.328,selfie,35.9191353,139.909219,20.903,0.025722222222222226,True,28,1,35.91912968333333,139.90919718333333,2.06148905368719,,33.24,1008.3764453125,55.2900390625,223.25,-1.25,-9.0,-0.25,1.53,9.52,0.0625,0.0,0.0,50,,stopped,0.0,0.0,3.919,
2026-08-06T18:29:50.586,366.829,selfie,35.9191353,139.909219,20.903,0.0,True,28,1,35.91912968333333,139.90919718333333,2.06148905368719,,33.26,1008.291484375,55.314453125,223.25,-1.25,-9.0,-0.25,1.52,9.5,8.125,0.0,0.0625,50,,stopped,0.0,0.0,3.904,
2026-08-06T18:29:51.086,367.329,selfie,35.9191353,139.909219,20.903,0.0,True,28,1,35.91912968333333,139.90919718333333,2.06148905368719,,33.25,1008.2480078125,55.3251953125,223.25,-1.25,-9.0,-0.25,1.52,9.51,0.0625,-0.125,0.1875,50,,stopped,0.0,0.0,3.916,
2026-08-06T18:29:51.586,367.829,selfie,35.9191353,139.909219,20.903,0.020577777777777778,True,28,1,35.91912968333333,139.90919718333333,2.06148905368719,,33.25,1008.310859375,55.3486328125,223.25,-1.25,-9.0,-0.26,1.52,9.5,0.0625,0.0,0.125,50,,stopped,0.0,0.0,3.897,
2026-08-06T18:29:52.087,368.330,selfie,35.9191353,139.909219,20.903,0.020577777777777778,True,28,1,35.91912968333333,139.90919718333333,2.06148905368719,,33.04,1007.9472265625,55.345703125,223.25,-1.25,-9.0,-0.25,1.52,9.49,0.0,-0.125,0.0,50,,stopped,0.0,0.0,3.912,
2026-08-06T18:29:52.587,368.830,selfie,35.9191354,139.9092191,20.904,0.03601111111111111,True,28,1,35.91912968333333,139.90919718333333,2.0734545943004403,,33.26,1008.3187890625,55.2568359375,223.25,-1.25,-9.0,-0.27,1.51,9.5,8.0625,0.0625,0.0625,50,,stopped,0.0,0.0,3.883,
2026-08-06T18:29:53.088,369.331,selfie,35.9191354,139.9092191,20.904,0.03601111111111111,True,28,1,35.91912968333333,139.90919718333333,2.0734545943004403,,33.11,1008.1137890625,55.365234375,223.25,-1.25,-9.0,-0.27,1.51,9.48,0.0625,0.0625,-0.0625,50,,stopped,0.0,0.0,3.896,
2026-08-06T18:29:53.588,369.831,selfie,35.9191354,139.909219,20.904,0.12861111111111112,True,28,1,35.91912968333333,139.90919718333333,2.0648849847802624,,32.39,1007.148828125,55.3251953125,223.25,-1.25,-9.0,-0.24,1.53,9.51,0.0,0.0,0.0625,50,,stopped,0.0,0.0,3.893,
2026-08-06T18:29:54.088,370.331,selfie,35.9191354,139.909219,20.904,0.12861111111111112,True,28,1,35.91912968333333,139.90919718333333,2.0648849847802624,,33.02,1007.923359375,55.3671875,223.25,-1.25,-9.0,-0.27,1.51,9.51,-0.0625,0.0625,0.125,50,,stopped,0.0,0.0,3.91,
2026-08-06T18:29:54.589,370.832,selfie,35.9191354,139.9092191,20.936,0.03601111111111111,True,28,1,35.91912968333333,139.90919718333333,2.0734545943004403,,32.63,1007.416171875,55.296875,223.25,-1.25,-9.0,-0.26,1.53,9.48,-0.0625,-0.0625,0.0625,50,,stopped,0.0,0.0,3.901,
2026-08-06T18:29:55.089,371.332,selfie,35.9191354,139.9092191,20.936,0.03601111111111111,True,28,1,35.91912968333333,139.90919718333333,2.0734545943004403,,33.27,1008.2608203125,55.3505859375,223.25,-1.25,-9.0,-0.26,1.53,9.5,0.0625,-0.0625,0.0625,50,,stopped,0.0,0.0,3.909,
2026-08-06T18:29:55.590,371.833,selfie,35.919135483333335,139.9092191,20.938,0.07716666666666668,True,28,1,35.91912968333333,139.90919718333333,2.0763141032155774,,33.28,1008.3312890625,55.5595703125,223.25,-1.25,-9.0,-0.25,1.51,9.51,0.0625,0.0625,0.0625,50,,stopped,0.0,0.0,3.894,
2026-08-06T18:29:56.090,372.333,selfie,35.919135483333335,139.9092191,20.938,0.07716666666666668,True,28,1,35.91912968333333,139.90919718333333,2.0763141032155774,,33.28,1008.3312890625,55.3515625,223.25,-1.25,-9.0,-0.26,1.51,9.5,0.125,-0.125,0.125,50,,stopped,0.0,0.0,3.907,
2026-08-06T18:29:56.591,372.834,selfie,35.919135483333335,139.9092191,20.939,0.03601111111111111,True,28,1,35.91912968333333,139.90919718333333,2.0763141032155774,,33.28,1008.3505859375,55.408203125,223.25,-1.25,-9.0,-0.25,1.53,9.51,0.0625,0.0,-0.0625,50,,stopped,0.0,0.0,3.896,
2026-08-06T18:29:57.091,373.334,selfie,35.919135483333335,139.9092191,20.939,0.03601111111111111,True,28,1,35.91912968333333,139.90919718333333,2.0763141032155774,,33.27,1008.3699609375,55.419921875,223.25,-1.25,-9.0,-0.26,1.54,9.49,0.0,0.0625,0.0625,50,,stopped,0.0,0.0,3.903,
2026-08-06T18:29:57.591,373.834,selfie,35.919135483333335,139.9092191,20.94,0.015433333333333332,True,28,1,35.91912968333333,139.90919718333333,2.0763141032155774,,33.27,1008.3153515625,55.419921875,223.25,-1.25,-9.0,-0.26,1.52,9.5,0.0,-0.3125,0.0625,50,,stopped,0.0,0.0,3.9,
2026-08-06T18:29:58.092,374.335,selfie,35.919135483333335,139.9092191,20.94,0.015433333333333332,True,28,1,35.91912968333333,139.90919718333333,2.0763141032155774,,33.27,1008.3347265625,55.431640625,223.25,-1.25,-9.0,-0.26,1.52,9.51,0.0,-0.0625,0.0,50,,stopped,0.0,0.0,3.905,
2026-08-06T18:29:58.592,374.835,selfie,35.919135483333335,139.9092191,20.941,0.010288888888888889,True,28,1,35.91912968333333,139.90919718333333,2.0763141032155774,,33.28,1008.323359375,55.466796875,223.25,-1.25,-9.0,-0.26,1.52,9.51,0.0625,-0.0625,0.125,50,,stopped,0.0,0.0,3.915,
2026-08-06T18:29:59.093,375.336,selfie,35.919135483333335,139.9092191,20.941,0.010288888888888889,True,28,1,35.91912968333333,139.90919718333333,2.0763141032155774,,33.28,1008.385859375,55.4326171875,223.25,-1.25,-9.0,-0.25,1.52,9.52,0.0625,-0.0625,-0.0625,50,,stopped,0.0,0.0,3.899,
2026-08-06T18:29:59.593,375.836,selfie,35.919135483333335,139.9092191,20.942,0.015433333333333332,True,28,1,35.91912968333333,139.90919718333333,2.0763141032155774,,33.28,1008.3312890625,55.36328125,223.25,-1.25,-9.0,-0.26,1.53,9.52,0.0,0.0,0.0,50,,stopped,0.0,0.0,3.907,
2026-08-06T18:30:00.094,376.337,selfie,35.919135483333335,139.9092191,20.942,0.015433333333333332,True,28,1,35.91912968333333,139.90919718333333,2.0763141032155774,,31.13,1005.1999609375,55.3564453125,223.25,-1.25,-9.0,-0.26,1.52,9.5,0.0625,0.125,0.0625,50,,stopped,0.0,0.0,3.902,
2026-08-06T18:30:00.594,376.837,selfie,35.919135483333335,139.9092191,20.942,0.020577777777777778,True,28,1,35.91912968333333,139.90919718333333,2.0763141032155774,,32.85,1007.6510546875,55.4384765625,223.25,-1.25,-9.0,-0.25,1.51,9.5,0.125,0.1875,0.0,50,,stopped,0.0,0.0,3.897,
2026-08-06T18:30:01.095,377.338,selfie,35.919135483333335,139.9092191,20.942,0.020577777777777778,True,28,1,35.91912968333333,139.90919718333333,2.0763141032155774,,33.08,1007.9921875,55.4091796875,223.25,-1.25,-9.0,-0.25,1.5,9.51,0.0,-0.125,0.0625,50,,stopped,0.0,0.0,3.911,
2026-08-06T18:30:01.595,377.838,selfie,35.919135483333335,139.9092191,20.943,0.03601111111111111,True,28,1,35.91912968333333,139.90919718333333,2.0763141032155774,,33.28,1008.385859375,55.4443359375,223.25,-1.25,-9.0,-0.26,1.52,9.52,0.0,0.25,0.0,50,,stopped,0.0,0.0,3.902,
2026-08-06T18:30:02.096,378.339,selfie,35.919135483333335,139.9092191,20.943,0.03601111111111111,True,28,1,35.91912968333333,139.90919718333333,2.0763141032155774,,33.29,1008.3395703125,55.3994140625,223.25,-1.25,-9.0,-0.24,1.54,9.5,0.0,-0.1875,0.0625,50,,stopped,0.0,0.0,3.901,
2026-08-06T18:30:02.596,378.839,selfie,35.919135583333336,139.9092191,20.943,0.03601111111111111,True,28,1,35.91912968333333,139.90919718333333,2.0797948204497727,,32.69,1007.9131640625,55.39453125,223.25,-1.25,-9.0,-0.25,1.52,9.52,0.0,0.125,0.0625,50,,stopped,0.0,0.0,3.902,
2026-08-06T18:30:03.096,379.339,selfie,35.919135583333336,139.9092191,20.943,0.03601111111111111,True,28,1,35.91912968333333,139.90919718333333,2.0797948204497727,,33.3,1008.3008984375,55.435546875,223.25,-1.25,-9.0,-0.26,1.52,9.47,0.0625,0.0625,0.0,50,,stopped,0.0,0.0,3.899,
2026-08-06T18:30:03.597,379.840,selfie,35.919135583333336,139.90921918333333,20.943,0.03601111111111111,True,28,1,35.91912968333333,139.90919718333333,2.086917267543645,,33.15,1008.0609765625,55.416015625,223.25,-1.25,-9.0,-0.26,1.52,9.49,0.0625,0.0,0.0,50,,stopped,0.0,0.0,3.918,
2026-08-06T18:30:04.097,380.340,selfie,35.919135583333336,139.90921918333333,20.943,0.03601111111111111,True,28,1,35.91912968333333,139.90919718333333,2.086917267543645,,33.31,1008.324765625,55.4140625,223.25,-1.25,-9.0,-0.25,1.51,9.5,0.0625,-0.1875,-0.0625,50,,stopped,0.0,0.0,3.908,
2026-08-06T18:30:04.598,380.841,selfie,35.919135583333336,139.90921918333333,20.944,0.025722222222222226,True,27,1,35.91912968333333,139.90919718333333,2.086917267543645,,32.75,1008.2623046875,55.4150390625,223.25,-1.25,-9.0,-0.25,1.52,9.51,0.0625,0.0,0.0625,50,,stopped,0.0,0.0,3.923,
2026-08-06T18:30:05.098,381.341,selfie,35.919135583333336,139.90921918333333,20.944,0.025722222222222226,True,27,1,35.91912968333333,139.90919718333333,2.086917267543645,,33.31,1008.3793359375,55.4716796875,223.25,-1.25,-9.0,-0.26,1.52,9.49,8.0625,0.0,-0.125,50,,stopped,0.0,0.0,3.901,
2026-08-06T18:30:05.598,381.841,selfie,35.919135583333336,139.90921918333333,20.944,0.030866666666666664,True,27,1,35.91912968333333,139.90919718333333,2.086917267543645,,33.18,1008.0814453125,55.478515625,223.25,-1.25,-9.0,-0.26,1.52,9.48,0.0,-0.1875,0.125,50,,stopped,0.0,0.0,3.896,
2026-08-06T18:30:06.099,382.342,selfie,35.919135583333336,139.90921918333333,20.944,0.030866666666666664,True,27,1,35.91912968333333,139.90919718333333,2.086917267543645,,33.31,1008.316796875,55.482421875,223.25,-1.25,-9.0,-0.26,1.52,9.5,0.0,0.125,-0.0625,50,,stopped,0.0,0.0,3.901,
2026-08-06T18:30:06.599,382.842,selfie,35.919135583333336,139.90921918333333,20.945,0.020577777777777778,True,27,1,35.91912968333333,139.90919718333333,2.086917267543645,,33.06,1007.979375,55.625,223.25,-1.25,-9.0,-0.26,1.52,9.48,0.0,-0.0625,0.0,50,,stopped,0.0,0.0,3.895,
2026-08-06T18:30:07.100,383.343,selfie,35.919135583333336,139.90921918333333,20.945,0.020577777777777778,True,27,1,35.91912968333333,139.90919718333333,2.086917267543645,,33.32,1008.332734375,55.552734375,223.25,-1.25,-9.0,-0.27,1.52,9.5,0.0,-0.0625,0.0625,50,,stopped,0.0,0.0,3.892,
2026-08-06T18:30:07.600,383.843,selfie,35.919135583333336,139.90921918333333,20.945,0.07202222222222222,True,27,1,35.91912968333333,139.90919718333333,2.086917267543645,,33.31,1008.2974609375,55.4833984375,223.25,-1.25,-9.0,-0.27,1.51,9.51,0.0625,0.0,0.0625,50,,stopped,0.0,0.0,3.906,
2026-08-06T18:30:08.100,384.343,selfie,35.919135583333336,139.90921918333333,20.945,0.07202222222222222,True,27,1,35.91912968333333,139.90919718333333,2.086917267543645,,33.07,1008.0305078125,55.546875,223.25,-1.25,-9.0,-0.27,1.51,9.51,0.0,-0.0625,0.0,50,,stopped,0.0,0.0,3.886,
2026-08-06T18:30:08.601,384.844,selfie,35.919135583333336,139.90921928333333,20.945,0.05144444444444445,True,27,1,35.91912968333333,139.90919718333333,2.095467721229762,,33.31,1008.324765625,55.587890625,223.25,-1.25,-9.0,-0.26,1.53,9.5,0.0,0.0,0.0,50,,stopped,0.0,0.0,3.895,
2026-08-06T18:30:09.101,385.344,selfie,35.919135583333336,139.90921928333333,20.945,0.05144444444444445,True,27,1,35.91912968333333,139.90919718333333,2.095467721229762,,33.31,1008.324765625,55.529296875,223.25,-1.25,-9.0,-0.27,1.53,9.51,0.0625,0.0625,0.0,50,,stopped,0.0,0.0,3.901,
2026-08-06T18:30:09.602,385.845,selfie,35.91913568333333,139.90921928333333,20.945,0.05144444444444445,True,27,1,35.91912968333333,139.90919718333333,2.0989755824631877,,33.32,1008.332734375,55.4833984375,223.25,-1.25,-9.0,-0.28,1.53,9.51,0.0625,0.0625,0.0625,50,,stopped,0.0,0.0,3.892,
2026-08-06T18:30:10.102,386.345,selfie,35.91913568333333,139.90921928333333,20.945,0.05144444444444445,True,27,1,35.91912968333333,139.90919718333333,2.0989755824631877,,33.33,1008.3137109375,55.5185546875,223.25,-1.25,-9.0,-0.24,1.52,9.49,-0.1875,-0.125,0.0625,178,,stopped,0.0,0.0,3.903,
2026-08-06T18:30:10.602,386.845,selfie,35.91913568333333,139.90921928333333,20.946,0.03601111111111111,True,27,1,35.91912968333333,139.90919718333333,2.0989755824631877,,33.26,1008.1903125,55.5,223.25,-1.25,-9.0,-0.27,1.51,9.5,0.125,-0.0625,-0.0625,50,,stopped,0.0,0.0,3.887,
2026-08-06T18:30:11.103,387.346,selfie,35.91913568333333,139.90921928333333,20.946,0.03601111111111111,True,27,1,35.91912968333333,139.90919718333333,2.0989755824631877,,33.23,1008.1616015625,55.4951171875,223.25,-1.25,-9.0,-0.26,1.54,9.5,-0.1875,0.0,0.0625,50,,stopped,0.0,0.0,3.907,
2026-08-06T18:30:11.603,387.846,selfie,35.91913568333333,139.90921928333333,20.946,0.05658888888888889,True,27,1,35.91912968333333,139.90919718333333,2.0989755824631877,,33.35,1008.3262109375,55.4521484375,223.25,-1.25,-9.0,-0.25,1.53,9.49,0.0,0.125,0.0625,50,,stopped,0.0,0.0,3.9,
2026-08-06T18:30:12.104,388.347,selfie,35.91913568333333,139.90921928333333,20.946,0.05658888888888889,True,27,1,35.91912968333333,139.90919718333333,2.0989755824631877,,33.1,1007.961484375,55.4580078125,223.25,-1.25,-9.0,-0.27,1.52,9.49,-0.0625,0.0,-0.0625,50,,stopped,0.0,0.0,3.892,
2026-08-06T18:30:12.604,388.847,selfie,35.91913568333333,139.90921938333332,20.947,0.041155555555555556,True,27,1,35.91912968333333,139.90919718333333,2.1075155913024384,,33.1,1007.961484375,55.4580078125,223.25,-1.25,-9.0,-0.27,1.52,9.51,0.0,-0.1875,-0.0625,50,,stopped,0.0,0.0,3.899,
2026-08-06T18:30:13.105,389.348,selfie,35.91913568333333,139.90921938333332,20.947,0.041155555555555556,True,27,1,35.91912968333333,139.90919718333333,2.1075155913024384,,33.35,1008.3182421875,55.4638671875,223.25,-1.25,-9.0,-0.26,1.52,9.51,-0.0625,-0.0625,0.0,50,,stopped,0.0,0.0,3.901,
2026-08-06T18:30:13.605,389.848,selfie,35.91913568333333,139.90921938333332,20.947,0.03601111111111111,True,27,1,35.91912968333333,139.90919718333333,2.1075155913024384,,33.36,1008.3614453125,55.4306640625,223.25,-1.25,-9.0,-0.26,1.53,9.5,-0.0625,-0.125,0.0,178,,stopped,0.0,0.0,3.914,
2026-08-06T18:30:14.105,390.348,selfie,35.91913568333333,139.90921938333332,20.947,0.03601111111111111,True,27,1,35.91912968333333,139.90919718333333,2.1075155913024384,,33.35,1008.3262109375,55.4521484375,223.25,-1.25,-9.0,-0.25,1.53,9.5,0.0,0.0625,-0.0625,50,,stopped,0.0,0.0,3.906,
2026-08-06T18:30:14.606,390.849,selfie,35.91913568333333,139.90921938333332,20.947,0.015433333333333332,True,27,1,35.91912968333333,139.90919718333333,2.1075155913024384,,33.37,1008.323046875,55.431640625,223.25,-1.25,-9.0,-0.28,1.51,9.74,-0.6875,-0.125,0.0625,50,,stopped,0.0,0.0,3.893,
2026-08-06T18:30:15.106,391.349,selfie,35.91913568333333,139.90921938333332,20.947,0.015433333333333332,True,27,1,35.91912968333333,139.90919718333333,2.1075155913024384,,33.37,1008.323046875,55.419921875,223.125,-1.25,-9.875,-0.39,2.19,9.42,-1.75,0.75,1.0625,50,,stopped,0.0,0.0,3.871,
2026-08-06T18:30:15.608,391.851,selfie,35.91913568333333,139.90921938333332,20.947,0.020577777777777778,True,27,1,35.91912968333333,139.90919718333333,2.1075155913024384,,33.37,1008.323046875,55.3388671875,223.0625,-1.25,-9.9375,-0.18,1.63,9.44,0.0,0.125,0.0625,48,,stopped,0.0,0.0,3.86,
2026-08-06T18:30:16.109,392.352,selfie,35.91913568333333,139.90921938333332,20.947,0.020577777777777778,True,27,1,35.91912968333333,139.90919718333333,2.1075155913024384,,33.37,1008.3310546875,55.375,223.0625,-1.25,-9.9375,-0.31,1.59,9.46,0.0625,0.0625,0.0625,48,,stopped,0.0,0.0,3.863,
2026-08-06T18:30:16.609,392.852,selfie,35.91913568333333,139.90921938333332,20.947,0.015433333333333332,True,27,1,35.91912968333333,139.90919718333333,2.1075155913024384,,33.38,1008.338984375,55.3974609375,223.0,-1.25,-9.75,-0.33,1.74,9.38,-0.5625,-0.1875,-0.125,50,,stopped,0.0,0.0,3.857,
2026-08-06T18:30:17.109,393.352,selfie,35.91913568333333,139.90921938333332,20.947,0.015433333333333332,True,27,1,35.91912968333333,139.90919718333333,2.1075155913024384,,33.37,1008.30375,55.38671875,223.0,-1.25,-9.75,-0.16,1.39,9.33,-1.5625,0.0625,0.25,50,,stopped,0.0,0.0,3.856,
2026-08-06T18:30:17.610,393.853,selfie,35.91913568333333,139.90921938333332,20.946,0.015433333333333332,True,27,1,35.91912968333333,139.90919718333333,2.1075155913024384,,33.38,1008.3469140625,55.318359375,223.0,-1.25,-9.75,-0.25,1.69,9.44,-0.3125,0.0625,-0.125,50,,stopped,0.0,0.0,3.86,
2026-08-06T18:30:18.110,394.353,selfie,35.91913568333333,139.90921938333332,20.946,0.015433333333333332,True,27,1,35.91912968333333,139.90919718333333,2.1075155913024384,,32.03,1006.5072265625,55.3623046875,223.0,-1.25,-9.75,-0.23,1.58,9.46,-0.5625,-0.0625,0.125,50,,stopped,0.0,0.0,3.858,
2026-08-06T18:30:18.611,394.854,selfie,35.91913568333333,139.90921938333332,20.946,0.010288888888888889,True,27,1,35.91912968333333,139.90919718333333,2.1075155913024384,,33.39,1008.30828125,55.353515625,223.0,-1.25,-9.75,-0.26,1.64,9.5,0.125,-0.0625,-0.0625,240,,stopped,0.0,0.0,3.859,
2026-08-06T18:30:19.111,395.354,selfie,35.91913568333333,139.90921938333332,20.946,0.010288888888888889,True,27,1,35.91912968333333,139.90919718333333,2.1075155913024384,,33.39,1008.30828125,55.3427734375,223.0,-1.25,-9.8125,-0.14,1.8,9.5,8.625,-0.0625,-0.0625,240,,stopped,0.0,0.0,3.858,
2026-08-06T18:30:19.612,395.855,selfie,35.91913568333333,139.90921928333333,20.945,0.0051444444444444445,True,27,1,35.91912968333333,139.90919718333333,2.0989755824631877,,33.4,1008.3165234375,55.3193359375,223.0,-1.3125,-9.875,-0.27,1.7,9.51,0.125,0.125,0.0,178,,stopped,0.0,0.0,3.86,
2026-08-06T18:30:20.112,396.355,selfie,35.91913568333333,139.90921928333333,20.945,0.0051444444444444445,True,27,1,35.91912968333333,139.90919718333333,2.0989755824631877,,33.41,1008.3676953125,55.3447265625,223.0,-1.3125,-9.875,-0.24,1.71,9.51,-0.0625,0.125,0.0,178,,stopped,0.0,0.0,3.862,
2026-08-06T18:30:20.622,396.865,selfie,35.91913568333333,139.90921928333333,20.945,0.0463,True,27,1,35.91912968333333,139.90919718333333,2.0989755824631877,,33.42,1008.348359375,55.333984375,223.0,-1.3125,-9.875,-0.25,1.65,9.47,-0.0625,-0.0625,0.0,178,,stopped,0.0,0.0,3.856,
2026-08-06T18:30:21.136,397.379,selfie,35.91913568333333,139.90921928333333,20.945,0.0463,True,27,1,35.91912968333333,139.90919718333333,2.0989755824631877,,33.41,1008.277890625,55.33203125,223.0,-1.3125,-9.875,-0.29,1.66,9.49,0.0,-0.0625,0.0625,178,,stopped,0.0,0.0,3.864,
2026-08-06T18:30:21.636,397.879,selfie,35.91913568333333,139.90921938333332,20.944,0.03601111111111111,True,27,1,35.91912968333333,139.90919718333333,2.1075155913024384,,33.41,1008.2505859375,55.33203125,223.0,-1.3125,-9.875,-0.26,1.66,9.52,-0.125,0.0,0.125,178,,stopped,0.0,0.0,3.861,
2026-08-06T18:30:22.137,398.380,selfie,35.91913568333333,139.90921938333332,20.944,0.03601111111111111,True,27,1,35.91912968333333,139.90919718333333,2.1075155913024384,,33.41,1008.3676953125,55.3330078125,223.0,-1.3125,-9.875,-0.25,1.68,9.47,0.0,0.125,0.0625,178,,stopped,0.0,0.0,3.857,
2026-08-06T18:30:22.637,398.880,selfie,35.91913578333333,139.90921938333332,20.944,0.12861111111111112,True,27,1,35.91912968333333,139.90919718333333,2.111062002849504,,33.43,1008.39984375,55.30078125,223.0,-1.3125,-9.875,-0.26,1.64,9.48,0.0,-0.0625,0.0625,178,,stopped,0.0,0.0,3.86,
2026-08-06T18:30:23.138,399.381,selfie,35.91913578333333,139.90921938333332,20.944,0.12861111111111112,True,27,1,35.91912968333333,139.90919718333333,2.111062002849504,,33.43,1008.2823828125,55.3232421875,223.0,-1.3125,-9.875,-0.26,1.64,9.49,0.0,-0.1875,0.0625,178,,stopped,0.0,0.0,3.858,
2026-08-06T18:30:23.638,399.881,selfie,,,,,False,,,35.91912968333333,139.90919718333333,,,33.45,1008.2872265625,55.4873046875,223.0,-1.3125,-9.875,-0.26,1.69,9.5,0.0625,-0.125,-0.0625,178,,stopped,0.0,0.0,3.858,
2026-08-06T18:30:26.117,402.360,selfie,,,,,False,,,35.91912968333333,139.90919718333333,,,33.45,1008.31453125,55.2685546875,223.0,-1.3125,-9.875,-0.24,1.67,9.47,-0.0625,-0.25,0.125,178,,stopped,0.0,0.0,3.859,
2026-08-06T18:30:26.618,402.861,selfie,35.91913518333333,139.9092195,20.97,0.1028888888888889,True,27,1,35.91912968333333,139.90919718333333,2.1006291694529597,,31.7,1005.578984375,55.2529296875,223.0,-1.3125,-9.875,-0.27,1.66,9.44,0.0,0.0625,0.0,178,,stopped,0.0,0.0,3.857,
2026-08-06T18:30:27.118,403.361,selfie,35.91913518333333,139.9092195,20.97,0.1028888888888889,True,27,1,35.91912968333333,139.90919718333333,2.1006291694529597,,33.44,1008.2986328125,55.3017578125,223.0,-1.3125,-9.875,-0.26,1.67,9.49,-0.0625,-0.0625,-0.125,178,,stopped,0.0,0.0,3.855,
2026-08-06T18:30:27.619,403.862,selfie,35.919134983333336,139.9092196,20.972,0.13375555555555557,True,27,1,35.91912968333333,139.90919718333333,2.102905340981093,,33.44,1008.2986328125,55.3134765625,223.0,-1.3125,-9.875,-0.26,1.69,9.46,-0.0625,0.0,0.125,178,,stopped,0.0,0.0,3.859,
2026-08-06T18:30:28.138,404.381,selfie,35.919134983333336,139.9092196,20.972,0.13375555555555557,True,27,1,35.91912968333333,139.90919718333333,2.102905340981093,,33.44,1008.2986328125,55.4052734375,223.0,-1.3125,-9.875,-0.26,1.67,9.47,0.0625,0.125,0.0,178,,stopped,0.0,0.0,3.86,
2026-08-06T18:30:28.639,404.882,selfie,35.919134883333335,139.90921968333333,20.967,0.21606666666666666,True,26,1,35.91912968333333,139.90919718333333,2.1070313948415587,,33.43,1008.3179296875,55.3125,223.0,-1.3125,-9.875,-0.23,1.69,9.48,0.0,-0.0625,0.0625,178,,stopped,0.0,0.0,3.858,
2026-08-06T18:30:29.139,405.382,selfie,35.919134883333335,139.90921968333333,20.967,0.21606666666666666,True,26,1,35.91912968333333,139.90919718333333,2.1070313948415587,,33.44,1008.2986328125,55.3134765625,223.0,-1.3125,-9.875,-0.25,1.67,9.47,-0.0625,0.0,0.0,178,,stopped,0.0,0.0,3.856,
2026-08-06T18:30:29.640,405.883,selfie,35.919135483333335,139.90922018333333,20.959,0.030866666666666664,True,26,1,35.91912968333333,139.90919718333333,2.1692553046145537,,32.56,1007.094140625,55.3115234375,223.0,-1.3125,-9.875,-0.26,1.67,9.47,0.0625,0.1875,-0.0625,178,,stopped,0.0,0.0,3.86,
2026-08-06T18:30:30.140,406.383,selfie,35.919135483333335,139.90922018333333,20.959,0.030866666666666664,True,26,1,35.91912968333333,139.90919718333333,2.1692553046145537,,33.46,1008.275859375,55.3271484375,223.0,-1.3125,-9.875,-0.25,1.67,9.47,0.0625,0.0625,-0.0625,178,,stopped,0.0,0.0,3.86,
2026-08-06T18:30:30.641,406.884,selfie,35.919135583333336,139.90922008333334,20.958,0.0051444444444444445,True,26,1,35.91912968333333,139.90919718333333,2.1640041318012275,,33.43,1008.2823828125,55.3125,223.0,-1.3125,-9.875,-0.25,1.66,9.47,0.0,0.1875,0.125,178,,stopped,0.0,0.0,3.857,
2026-08-06T18:30:31.151,407.394,selfie,35.919135583333336,139.90922008333334,20.958,0.0051444444444444445,True,26,1,35.91912968333333,139.90919718333333,2.1640041318012275,,33.43,1008.2823828125,55.3466796875,223.0,-1.3125,-9.875,-0.26,1.64,9.47,-0.0625,0.0625,0.0625,178,,stopped,0.0,0.0,3.861,
2026-08-06T18:30:31.642,407.885,selfie,35.919135583333336,139.90922018333333,20.961,0.010288888888888889,True,26,1,35.91912968333333,139.90919718333333,2.1725871250786013,,33.44,1008.3065625,55.359375,223.0,-1.3125,-9.875,-0.26,1.67,9.49,0.0625,-0.0625,0.0,178,,stopped,0.0,0.0,3.858,
2026-08-06T18:30:32.142,408.385,selfie,35.919135583333336,139.90922018333333,20.961,0.010288888888888889,True,26,1,35.91912968333333,139.90919718333333,2.1725871250786013,,33.44,1008.7159375,55.3359375,223.0,-1.3125,-9.875,-0.26,1.66,9.49,0.0625,0.0625,0.125,178,,stopped,0.0,0.0,3.862,
2026-08-06T18:30:32.642,408.885,selfie,35.919135583333336,139.90922008333334,20.964,0.1028888888888889,True,26,1,35.91912968333333,139.90919718333333,2.1640041318012275,,33.46,1008.22125,55.3505859375,223.0,-1.3125,-9.875,-0.25,1.65,9.49,-0.0625,-0.25,0.0,178,,stopped,0.0,0.0,3.857,
2026-08-06T18:30:33.143,409.386,selfie,35.919135583333336,139.90922008333334,20.964,0.1028888888888889,True,26,1,35.91912968333333,139.90919718333333,2.1640041318012275,,33.45,1008.2951953125,55.3486328125,223.0,-1.3125,-9.875,-0.26,1.67,9.47,0.0,0.125,0.0625,178,,stopped,0.0,0.0,3.857,
2026-08-06T18:30:33.643,409.886,selfie,35.919135583333336,139.90922018333333,20.963,0.05658888888888889,True,26,1,35.91912968333333,139.90919718333333,2.1725871250786013,,33.47,1008.2920703125,55.36328125,223.0,-1.3125,-9.875,-0.26,1.67,9.47,0.0625,0.0625,0.0625,178,,stopped,0.0,0.0,3.855,
2026-08-06T18:30:34.144,410.387,selfie,35.919135583333336,139.90922018333333,20.963,0.05658888888888889,True,26,1,35.91912968333333,139.90919718333333,2.1725871250786013,,33.47,1008.2920703125,55.31640625,223.0,-1.3125,-9.875,-0.26,1.66,9.49,0.125,-0.0625,0.0,178,,stopped,0.0,0.0,3.863,
2026-08-06T18:30:34.644,410.887,selfie,35.91913568333333,139.90922018333333,20.967,0.07716666666666668,True,26,1,35.91912968333333,139.90919718333333,2.1759706663238796,,33.22,1007.90015625,55.2177734375,223.0,-1.3125,-9.875,-0.24,1.68,9.46,0.0625,0.0625,-0.0625,178,,stopped,0.0,0.0,3.859,
2026-08-06T18:30:35.144,411.387,selfie,35.91913568333333,139.90922018333333,20.967,0.07716666666666668,True,26,1,35.91912968333333,139.90919718333333,2.1759706663238796,,33.47,1008.3003125,55.2705078125,223.0,-1.3125,-9.875,-0.25,1.65,9.45,0.0625,0.0,0.1875,178,,stopped,0.0,0.0,3.86,
2026-08-06T18:30:35.645,411.888,selfie,35.91913568333333,139.90922018333333,20.969,0.05144444444444445,True,26,1,35.91912968333333,139.90919718333333,2.1759706663238796,,33.48,1008.30828125,55.2138671875,223.0,-1.3125,-9.875,-0.25,1.67,9.47,8.0,0.125,-0.0625,178,,stopped,0.0,0.0,3.859,
2026-08-06T18:30:36.145,412.388,selfie,35.91913568333333,139.90922018333333,20.969,0.05144444444444445,True,26,1,35.91912968333333,139.90919718333333,2.1759706663238796,,33.48,1008.281015625,55.2138671875,223.0,-1.3125,-9.875,-0.27,1.65,9.49,0.0625,-0.0625,-0.0625,178,,stopped,0.0,0.0,3.858,
2026-08-06T18:30:36.646,412.889,selfie,35.91913568333333,139.90922018333333,20.968,0.07716666666666668,True,26,1,35.91912968333333,139.90919718333333,2.1759706663238796,,33.49,1008.269609375,55.2275390625,223.0,-1.3125,-9.875,-0.24,1.65,9.5,0.125,0.0,0.0625,178,,stopped,0.0,0.0,3.855,
2026-08-06T18:30:37.146,413.389,selfie,35.91913568333333,139.90922018333333,20.968,0.07716666666666668,True,26,1,35.91912968333333,139.90919718333333,2.1759706663238796,,33.34,1008.0646875,55.255859375,223.0,-1.3125,-9.875,-0.25,1.67,9.47,0.0625,0.0,-0.0625,178,,stopped,0.0,0.0,3.859,
2026-08-06T18:30:37.647,413.890,selfie,35.91913568333333,139.90922008333334,20.971,0.11317777777777778,True,26,1,35.91912968333333,139.90919718333333,2.167401072054853,,33.5,1008.2937890625,55.2744140625,223.0,-1.3125,-9.875,-0.26,1.66,9.49,-0.0625,0.0,-0.0625,178,,stopped,0.0,0.0,3.861,
2026-08-06T18:30:38.147,414.390,selfie,35.91913568333333,139.90922008333334,20.971,0.11317777777777778,True,26,1,35.91912968333333,139.90919718333333,2.167401072054853,,33.49,1008.2502734375,55.296875,223.0,-1.3125,-9.875,-0.25,1.67,9.49,-0.0625,-0.0625,0.0625,178,,stopped,0.0,0.0,3.861,
2026-08-06T18:30:38.648,414.891,selfie,35.91913578333333,139.90922018333333,20.971,0.09774444444444444,True,26,1,35.91912968333333,139.90919718333333,2.179405687939571,,33.52,1008.263046875,55.298828125,223.0,-1.3125,-9.875,-0.24,1.67,9.5,-0.0625,-0.0625,0.0625,178,,stopped,0.0,0.0,3.862,
2026-08-06T18:30:39.153,415.396,selfie,35.91913578333333,139.90922018333333,20.971,0.09774444444444444,True,26,1,35.91912968333333,139.90919718333333,2.179405687939571,,33.51,1008.30171875,55.298828125,223.0,-1.3125,-9.875,-0.26,1.65,9.45,0.0625,0.0,0.125,178,,stopped,0.0,0.0,3.857,
2026-08-06T18:30:39.662,415.905,selfie,35.919136083333335,139.90921988333332,20.965,0.030866666666666664,True,26,1,35.91912968333333,139.90919718333333,2.1644858612095255,,33.54,1008.349765625,55.314453125,223.0,-1.3125,-9.875,-0.25,1.67,9.51,0.0,0.0625,0.0,178,,stopped,0.0,0.0,3.86,
2026-08-06T18:30:40.784,417.027,selfie,35.919136083333335,139.90921988333332,20.965,0.030866666666666664,True,26,1,35.91912968333333,139.90919718333333,2.1644858612095255,,33.53,1008.3415234375,55.3251953125,223.0,-1.3125,-9.875,-0.27,1.67,9.46,0.125,0.0,0.0,178,,stopped,0.0,0.0,3.856,
2026-08-06T18:30:41.287,417.530,selfie,35.919136183333336,139.9092196,20.963,0.0463,True,26,1,35.91912968333333,139.90919718333333,2.144129069170032,,33.52,1008.7076953125,55.3349609375,223.0,-1.3125,-9.875,-0.26,1.68,9.47,0.125,0.0,0.0625,178,,stopped,0.0,0.0,3.856,
2026-08-06T18:30:41.970,418.213,selfie,35.919136183333336,139.9092196,20.963,0.0463,True,26,1,35.91912968333333,139.90919718333333,2.144129069170032,,33.1,1007.92625,55.318359375,223.0,-1.3125,-9.875,-0.25,1.66,9.49,0.0,0.0625,0.0625,178,,stopped,0.0,0.0,3.858,
2026-08-06T18:30:42.476,418.719,selfie,35.91913628333333,139.9092191,20.955,0.030866666666666664,True,26,1,35.91912968333333,139.90919718333333,2.105643414083971,,33.53,1008.2516796875,55.0703125,223.0,-1.3125,-9.875,-0.26,1.67,9.48,0.0625,0.0,0.0,178,,stopped,0.0,0.0,3.858,
2026-08-06T18:30:43.848,420.091,selfie,35.91913628333333,139.9092191,20.955,0.030866666666666664,True,26,1,35.91912968333333,139.90919718333333,2.105643414083971,,33.53,1008.3335546875,55.046875,223.0,-1.3125,-9.875,-0.26,1.66,9.49,-0.125,-0.0625,0.0,178,,stopped,0.0,0.0,3.858,
2026-08-06T18:30:44.357,420.600,selfie,35.91913628333333,139.90921888333332,20.952,0.07202222222222222,True,26,1,35.91912968333333,139.90919718333333,2.0873669042998655,,32.12,1006.125625,54.9697265625,223.0,-1.3125,-9.875,-0.27,1.65,9.49,0.0,0.125,0.0,178,,stopped,0.0,0.0,3.861,
2026-08-06T18:30:45.047,421.290,selfie,35.91913628333333,139.90921888333332,20.952,0.07202222222222222,True,26,1,35.91912968333333,139.90919718333333,2.0873669042998655,,33.52,1008.57125,54.69921875,223.0,-1.3125,-9.875,-0.25,1.66,9.46,-0.125,0.0625,0.0625,178,,stopped,0.0,0.0,3.856,
2026-08-06T18:30:45.555,421.798,selfie,35.91913638333333,139.90921868333334,20.949,0.05658888888888889,True,26,1,35.91912968333333,139.90919718333333,2.074483595979282,,33.29,1007.883671875,54.916015625,223.0,-1.3125,-9.875,-0.23,1.65,9.49,0.0,-0.125,0.125,178,,stopped,0.0,0.0,3.854,
2026-08-06T18:30:46.055,422.298,selfie,35.91913638333333,139.90921868333334,20.949,0.05658888888888889,True,26,1,35.91912968333333,139.90919718333333,2.074483595979282,,33.35,1008.080625,54.9208984375,223.0,-1.3125,-9.875,-0.24,1.66,9.48,0.0,0.0625,0.0,178,,stopped,0.0,0.0,3.854,
2026-08-06T18:30:46.556,422.799,selfie,35.91913638333333,139.90921868333334,20.952,0.0926,True,26,1,35.91912968333333,139.90919718333333,2.074483595979282,,33.53,1008.30625,54.8857421875,223.0,-1.3125,-9.875,-0.24,1.66,9.49,0.0625,0.25,0.0,178,,stopped,0.0,0.0,3.857,
2026-08-06T18:30:47.056,423.299,selfie,35.91913638333333,139.90921868333334,20.952,0.0926,True,26,1,35.91912968333333,139.90919718333333,2.074483595979282,,33.52,1008.271015625,54.9423828125,223.0,-1.3125,-9.875,-0.25,1.67,9.46,-0.0625,0.0,0.0,178,,stopped,0.0,0.0,3.859,
2026-08-06T18:30:47.556,423.799,selfie,35.91913638333333,139.90921848333332,20.952,0.07202222222222222,True,26,1,35.91912968333333,139.90919718333333,2.0576851017281017,,33.52,1008.31765625,54.9638671875,223.0,-1.3125,-9.875,-0.25,1.64,9.47,0.0625,0.1875,-0.0625,178,,stopped,0.0,0.0,3.86,
2026-08-06T18:30:48.057,424.300,selfie,35.91913638333333,139.90921848333332,20.952,0.07202222222222222,True,26,1,35.91912968333333,139.90919718333333,2.0576851017281017,,33.52,1008.3449609375,54.9521484375,223.0,-1.3125,-9.875,-0.24,1.65,9.49,0.0,0.0,0.0,178,,stopped,0.0,0.0,3.861,
2026-08-06T18:30:48.557,424.800,selfie,35.91913638333333,139.90921818333334,20.949,0.08745555555555556,True,26,1,35.91912968333333,139.90919718333333,2.0325262716294876,,33.36,1008.0422265625,55.0732421875,223.0,-1.3125,-9.875,-0.25,1.67,9.47,0.0,0.0625,0.0,178,,stopped,0.0,0.0,3.859,
2026-08-06T18:30:49.057,425.300,selfie,35.91913638333333,139.90921818333334,20.949,0.08745555555555556,True,26,1,35.91912968333333,139.90919718333333,2.0325262716294876,,33.36,1008.06125,54.9453125,223.0,-1.3125,-9.875,-0.26,1.66,9.48,0.0,0.0,-0.0625,178,,stopped,0.0,0.0,3.858,
2026-08-06T18:30:49.558,425.801,selfie,35.91913628333333,139.9092181,20.947,0.07716666666666668,True,25,1,35.91912968333333,139.90919718333333,2.021482834748655,,31.65,1005.3900390625,54.9716796875,223.0,-1.3125,-9.875,-0.25,1.66,9.5,0.0,0.0,-0.0625,178,,stopped,0.0,0.0,3.857,
2026-08-06T18:30:50.058,426.301,selfie,35.91913628333333,139.9092181,20.947,0.07716666666666668,True,25,1,35.91912968333333,139.90919718333333,2.021482834748655,,33.54,1008.3224609375,54.9443359375,223.0,-1.3125,-9.875,-0.24,1.66,9.47,0.0625,-0.0625,-0.0625,178,,stopped,0.0,0.0,3.858,
2026-08-06T18:30:50.559,426.802,selfie,35.91913638333333,139.9092181,20.95,0.05144444444444445,True,25,1,35.91912968333333,139.90919718333333,2.0255461933674406,,33.38,1008.046796875,54.9140625,223.0,-1.3125,-9.875,-0.26,1.66,9.47,0.0,0.0625,0.0625,178,,stopped,0.0,0.0,3.859,
2026-08-06T18:30:51.059,427.302,selfie,35.91913638333333,139.9092181,20.95,0.05144444444444445,True,25,1,35.91912968333333,139.90919718333333,2.0255461933674406,,33.54,1008.3304296875,54.9208984375,223.0,-1.3125,-9.875,-0.26,1.69,9.49,0.0625,-0.0625,0.125,178,,stopped,0.0,0.0,3.855,
2026-08-06T18:30:51.559,427.802,selfie,35.91913638333333,139.90921788333333,20.95,0.030866666666666664,True,25,1,35.91912968333333,139.90919718333333,2.007415688557356,,33.55,1008.31109375,54.9111328125,223.0,-1.3125,-9.875,-0.27,1.65,9.48,0.0,0.0625,-0.0625,178,,stopped,0.0,0.0,3.857,
2026-08-06T18:30:52.060,428.303,selfie,35.91913638333333,139.90921788333333,20.95,0.030866666666666664,True,25,1,35.91912968333333,139.90919718333333,2.007415688557356,,33.37,1007.9762890625,54.9130859375,223.0,-1.3125,-9.875,-0.26,1.66,9.49,0.0,-0.1875,0.0,178,,stopped,0.0,0.0,3.855,
2026-08-06T18:30:52.560,428.803,selfie,35.9191365,139.90921788333333,20.95,0.0463,True,25,1,35.91912968333333,139.90919718333333,2.012266278262808,,33.54,1008.275859375,54.9208984375,223.0,-1.3125,-9.875,-0.26,1.67,9.48,0.125,0.0,0.0625,178,,stopped,0.0,0.0,3.857,
2026-08-06T18:30:53.061,429.303,selfie,35.9191365,139.90921788333333,20.95,0.0463,True,25,1,35.91912968333333,139.90919718333333,2.012266278262808,,33.53,1008.2869140625,54.9208984375,223.0,-1.3125,-9.875,-0.23,1.69,9.47,0.125,-0.125,0.0625,178,,stopped,0.0,0.0,3.861,
2026-08-06T18:30:53.561,429.804,selfie,35.9191365,139.90921768333334,20.951,0.025722222222222226,True,25,1,35.91912968333333,139.90919718333333,1.9955942212575941,,33.37,1008.0501953125,54.853515625,223.0,-1.3125,-9.875,-0.28,1.64,9.46,-0.125,0.125,-0.0625,178,,stopped,0.0,0.0,3.861,
2026-08-06T18:30:54.061,430.304,selfie,35.9191365,139.90921768333334,20.951,0.025722222222222226,True,25,1,35.91912968333333,139.90919718333333,1.9955942212575941,,33.53,1008.30625,54.943359375,223.0,-1.3125,-9.875,-0.26,1.64,9.47,0.0,0.0625,0.0,178,,stopped,0.0,0.0,3.861,
2026-08-06T18:30:54.562,430.805,selfie,35.9191366,139.9092176,20.953,0.041155555555555556,True,25,1,35.91912968333333,139.90919718333333,1.9929191431817805,,33.51,1008.3642578125,55.021484375,223.0,-1.3125,-9.875,-0.27,1.66,9.49,0.0,-0.0625,0.0,178,,stopped,0.0,0.0,3.861,
2026-08-06T18:30:55.062,431.305,selfie,35.9191366,139.9092176,20.953,0.041155555555555556,True,25,1,35.91912968333333,139.90919718333333,1.9929191431817805,,33.51,1008.30171875,55.021484375,223.0,-1.3125,-9.875,-0.25,1.67,9.47,0.0,-0.25,0.125,178,,stopped,0.0,0.0,3.859,
2026-08-06T18:30:55.562,431.805,selfie,35.919136683333335,139.90921748333332,20.954,0.030866666666666664,True,25,1,35.91912968333333,139.90919718333333,1.9868430284169656,,33.52,1008.263046875,55.033203125,223.0,-1.3125,-9.875,-0.26,1.65,9.49,0.0625,0.125,0.0625,178,,stopped,0.0,0.0,3.859,
2026-08-06T18:30:56.063,432.306,selfie,35.919136683333335,139.90921748333332,20.954,0.030866666666666664,True,25,1,35.91912968333333,139.90919718333333,1.9868430284169656,,33.51,1008.255078125,55.033203125,223.0,-1.3125,-9.875,-0.26,1.64,9.48,0.0625,0.125,0.0,178,,stopped,0.0,0.0,3.861,
2026-08-06T18:30:56.563,432.806,selfie,35.91913688333333,139.90921748333332,20.964,0.03601111111111111,True,25,1,35.91912968333333,139.90919718333333,1.9956602555417602,,33.37,1008.0775,55.02734375,223.0,-1.3125,-9.875,-0.26,1.69,9.49,0.0625,-0.0625,-0.0625,178,,stopped,0.0,0.0,3.858,
2026-08-06T18:30:57.064,433.307,selfie,35.91913688333333,139.90921748333332,20.964,0.03601111111111111,True,25,1,35.91912968333333,139.90919718333333,1.9956602555417602,,33.36,1008.06125,55.048828125,223.0,-1.3125,-9.875,-0.27,1.65,9.48,0.0,0.0,0.0625,178,,stopped,0.0,0.0,3.85,
2026-08-06T18:30:57.567,433.810,selfie,35.91913688333333,139.90921748333332,20.964,0.03601111111111111,True,25,1,35.91912968333333,139.90919718333333,1.9956602555417602,,33.5,1008.2937890625,55.11328125,223.0,-1.3125,-9.875,-0.23,1.66,9.49,0.0,-0.25,0.0,178,,stopped,0.0,0.0,3.859,
2026-08-06T18:30:58.074,434.317,selfie,35.91913688333333,139.90921748333332,20.964,0.03601111111111111,True,25,1,35.91912968333333,139.90919718333333,1.9956602555417602,,33.51,1008.2471484375,55.322265625,223.0,-1.3125,-9.875,-0.25,1.66,9.46,0.0,0.0,0.0625,178,,stopped,0.0,0.0,3.858,
2026-08-06T18:30:58.575,434.818,selfie,35.91913698333333,139.90921738333333,20.966,0.030866666666666664,True,26,1,35.91912968333333,139.90919718333333,1.9919202051970457,,33.11,1007.895546875,55.0771484375,223.0,-1.3125,-9.875,-0.26,1.66,9.47,0.0625,0.125,-0.0625,178,,stopped,0.0,0.0,3.859,
2026-08-06T18:30:59.099,435.342,selfie,35.91913698333333,139.90921738333333,20.966,0.030866666666666664,True,26,1,35.91912968333333,139.90919718333333,1.9919202051970457,,33.51,1008.274453125,55.1953125,223.0,-1.3125,-9.875,-0.26,1.67,9.49,-0.1875,0.0625,0.0,178,,stopped,0.0,0.0,3.863,
2026-08-06T18:30:59.600,435.843,selfie,35.9191372,139.90921728333333,20.984,0.03601111111111111,True,27,1,35.91912968333333,139.90919718333333,1.9936798022191808,,33.37,1008.104765625,55.2236328125,223.0,-1.3125,-9.875,-0.26,1.66,9.52,0.125,0.0625,-0.125,178,,stopped,0.0,0.0,3.859,
2026-08-06T18:31:00.100,436.343,selfie,35.9191372,139.90921728333333,20.984,0.03601111111111111,True,27,1,35.91912968333333,139.90919718333333,1.9936798022191808,,31.3,1005.1182421875,55.1708984375,223.0,-1.3125,-9.875,-0.26,1.66,9.47,0.0,0.125,0.0,178,,stopped,0.0,0.0,3.862,
2026-08-06T18:31:00.600,436.843,selfie,35.9191372,139.90921728333333,20.984,0.030866666666666664,True,27,1,35.91912968333333,139.90919718333333,1.9936798022191808,,33.53,1008.2516796875,55.208984375,223.0,-1.3125,-9.875,-0.23,1.62,9.48,-0.0625,-0.25,0.0,178,,stopped,0.0,0.0,3.863,
2026-08-06T18:31:01.101,437.344,selfie,35.9191372,139.90921728333333,20.984,0.030866666666666664,True,27,1,35.91912968333333,139.90919718333333,1.9936798022191808,,33.52,1008.271015625,55.2080078125,223.0,-1.3125,-9.875,-0.26,1.65,9.48,0.0,0.0625,0.0,178,,stopped,0.0,0.0,3.861,
2026-08-06T18:31:01.601,437.844,selfie,35.919137283333335,139.90921728333333,20.985,0.025722222222222226,True,27,1,35.91912968333333,139.90919718333333,1.9975822257215476,,33.52,1008.31765625,55.2294921875,223.0,-1.3125,-9.875,-0.26,1.67,9.48,-0.125,-0.1875,0.1875,178,,stopped,0.0,0.0,3.859,
2026-08-06T18:31:02.102,438.345,selfie,35.919137283333335,139.90921728333333,20.985,0.025722222222222226,True,27,1,35.91912968333333,139.90919718333333,1.9975822257215476,,33.52,1008.31765625,55.2412109375,223.0,-1.3125,-9.875,-0.24,1.68,9.47,0.0625,0.0,0.0,178,,stopped,0.0,0.0,3.856,
2026-08-06T18:31:02.602,438.845,selfie,35.919137283333335,139.90921728333333,20.985,0.030866666666666664,True,27,1,35.91912968333333,139.90919718333333,1.9975822257215476,,33.37,1008.0854296875,55.1435546875,223.0,-1.3125,-9.875,-0.26,1.65,9.47,-0.125,0.0,-0.0625,178,,stopped,0.0,0.0,3.856,
2026-08-06T18:31:03.102,439.345,selfie,35.919137283333335,139.90921728333333,20.985,0.030866666666666664,True,27,1,35.91912968333333,139.90919718333333,1.9975822257215476,,33.38,1008.1206640625,55.1787109375,223.0,-1.3125,-9.875,-0.26,1.67,9.47,-0.0625,0.125,-0.0625,178,,stopped,0.0,0.0,3.859,
2026-08-06T18:31:03.603,439.846,selfie,35.919137283333335,139.90921728333333,20.986,0.025722222222222226,True,27,1,35.91912968333333,139.90919718333333,1.9975822257215476,,33.51,1008.3642578125,55.1494140625,223.0,-1.3125,-9.875,-0.26,1.66,9.47,0.0625,-0.0625,0.0,178,,stopped,0.0,0.0,3.856,
2026-08-06T18:31:04.103,440.346,selfie,35.919137283333335,139.90921728333333,20.986,0.025722222222222226,True,27,1,35.91912968333333,139.90919718333333,1.9975822257215476,,33.51,1008.356328125,55.1494140625,223.0,-1.3125,-9.875,-0.26,1.65,9.47,-0.0625,0.0,-0.0625,178,,stopped,0.0,0.0,3.862,
2026-08-06T18:31:04.604,440.847,selfie,35.919137283333335,139.90921728333333,20.986,0.025722222222222226,True,27,1,35.91912968333333,139.90919718333333,1.9975822257215476,,33.5,1008.2582421875,55.04296875,223.0,-1.3125,-9.875,-0.26,1.67,9.47,0.0,0.0625,0.0,178,,stopped,0.0,0.0,3.859,
2026-08-06T18:31:05.104,441.347,selfie,35.919137283333335,139.90921728333333,20.986,0.025722222222222226,True,27,1,35.91912968333333,139.90919718333333,1.9975822257215476,,33.5,1008.3128125,55.03125,223.0,-1.3125,-9.875,-0.24,1.67,9.46,8.125,0.0,0.1875,178,,stopped,0.0,0.0,3.861,
2026-08-06T18:31:05.604,441.847,selfie,35.919137283333335,139.90921728333333,20.987,0.020577777777777778,True,27,1,35.91912968333333,139.90919718333333,1.9975822257215476,,33.34,1008.13859375,54.9658203125,223.0,-1.3125,-9.875,-0.25,1.65,9.46,-0.0625,-0.0625,0.0,178,,stopped,0.0,0.0,3.864,
2026-08-06T18:31:06.105,442.348,selfie,35.919137283333335,139.90921728333333,20.987,0.020577777777777778,True,27,1,35.91912968333333,139.90919718333333,1.9975822257215476,,33.34,1008.0646875,54.9208984375,223.0,-1.3125,-9.875,-0.26,1.66,9.47,0.0625,-0.125,0.0,178,,stopped,0.0,0.0,3.856,
2026-08-06T18:31:06.605,442.848,selfie,35.919137283333335,139.90921728333333,20.987,0.020577777777777778,True,27,1,35.91912968333333,139.90919718333333,1.9975822257215476,,33.47,1008.319375,54.923828125,223.0,-1.3125,-9.875,-0.27,1.66,9.48,-0.0625,-0.0625,0.0,178,,stopped,0.0,0.0,3.859,
2026-08-06T18:31:07.105,443.348,selfie,35.919137283333335,139.90921728333333,20.987,0.020577777777777778,True,27,1,35.91912968333333,139.90919718333333,1.9975822257215476,,33.47,1008.346640625,54.923828125,223.0,-1.3125,-9.875,-0.24,1.64,9.47,0.0,-0.0625,-0.0625,178,,stopped,0.0,0.0,3.86,
2026-08-06T18:31:07.606,443.849,selfie,35.919137283333335,139.90921728333333,20.988,0.020577777777777778,True,26,1,35.91912968333333,139.90919718333333,1.9975822257215476,,33.48,1008.39015625,54.9130859375,223.0,-1.3125,-9.875,-0.25,1.68,9.47,-0.0625,0.0,-0.0625,178,,stopped,0.0,0.0,3.859,
2026-08-06T18:31:08.111,444.354,selfie,35.919137283333335,139.90921728333333,20.988,0.020577777777777778,True,26,1,35.91912968333333,139.90919718333333,1.9975822257215476,,33.48,1008.3628515625,54.9248046875,223.0,-1.3125,-9.875,-0.27,1.65,9.47,0.0625,0.0,0.0,178,,stopped,0.0,0.0,3.858,
2026-08-06T18:31:08.612,444.855,selfie,35.919137283333335,139.90921728333333,20.988,0.020577777777777778,True,28,1,35.91912968333333,139.90919718333333,1.9975822257215476,,33.31,1008.0791796875,55.0791015625,223.0,-1.3125,-9.875,-0.25,1.66,9.49,-0.0625,0.0,-0.0625,178,,stopped,0.0,0.0,3.862,
2026-08-06T18:31:09.112,445.355,selfie,35.919137283333335,139.90921728333333,20.988,0.020577777777777778,True,28,1,35.91912968333333,139.90919718333333,1.9975822257215476,,33.32,1008.1144140625,54.9296875,223.0,-1.3125,-9.875,-0.26,1.67,9.48,0.0,0.0,0.0,178,,stopped,0.0,0.0,3.857,
2026-08-06T18:31:09.613,445.856,selfie,35.919137283333335,139.9092172,20.989,0.07716666666666668,True,27,1,35.91912968333333,139.90919718333333,1.9907851355354693,,33.46,1008.4123046875,54.9345703125,223.0,-1.3125,-9.875,-0.28,1.65,9.49,0.0625,-0.125,0.0,178,,stopped,0.0,0.0,3.86,
2026-08-06T18:31:10.113,446.356,selfie,35.919137283333335,139.9092172,20.989,0.07716666666666668,True,27,1,35.91912968333333,139.90919718333333,1.9907851355354693,,33.45,1008.3225,54.93359375,223.0,-1.3125,-9.875,-0.28,1.65,9.46,-0.0625,0.0,-0.0625,178,,stopped,0.0,0.0,3.859,
2026-08-06T18:31:10.613,446.856,selfie,35.919137283333335,139.9092172,20.989,0.05658888888888889,True,27,1,35.91912968333333,139.90919718333333,1.9907851355354693,,33.45,1008.259921875,54.9560546875,223.0,-1.3125,-9.875,-0.26,1.68,9.47,0.0625,-0.0625,0.0,178,,stopped,0.0,0.0,3.858,
2026-08-06T18:31:11.114,447.357,selfie,35.919137283333335,139.9092172,20.989,0.05658888888888889,True,27,1,35.91912968333333,139.90919718333333,1.9907851355354693,,33.45,1008.31453125,54.9560546875,223.0,-1.3125,-9.875,-0.23,1.66,9.49,0.0,0.0625,0.0,178,,stopped,0.0,0.0,3.857,
2026-08-06T18:31:11.614,447.857,selfie,35.919137383333336,139.90921728333333,20.989,0.05144444444444445,True,27,1,35.91912968333333,139.90919718333333,2.0023116993930965,,33.44,1008.279296875,54.966796875,223.0,-1.3125,-9.875,-0.27,1.68,9.47,0.0625,-0.0625,0.0625,178,,stopped,0.0,0.0,3.859,
2026-08-06T18:31:12.114,448.357,selfie,35.919137383333336,139.90921728333333,20.989,0.05144444444444445,True,27,1,35.91912968333333,139.90919718333333,2.0023116993930965,,33.3,1008.0553125,54.9501953125,223.0,-1.3125,-9.875,-0.26,1.65,9.49,0.0,-0.0625,0.0625,178,,stopped,0.0,0.0,3.857,
2026-08-06T18:31:12.615,448.858,selfie,35.919137383333336,139.90921728333333,20.989,0.03601111111111111,True,27,1,35.91912968333333,139.90919718333333,2.0023116993930965,,32.42,1006.70671875,54.90234375,223.0,-1.3125,-9.875,-0.25,1.65,9.48,-0.125,0.0,0.0,178,,stopped,0.0,0.0,3.86,
2026-08-06T18:31:13.115,449.358,selfie,35.919137383333336,139.90921728333333,20.989,0.03601111111111111,True,27,1,35.91912968333333,139.90919718333333,2.0023116993930965,,33.44,1008.3259375,54.966796875,223.0,-1.3125,-9.875,-0.25,1.68,9.45,0.0,0.0,0.0625,178,,stopped,0.0,0.0,3.86,
2026-08-06T18:31:13.616,449.858,selfie,35.919137383333336,139.9092172,20.988,0.020577777777777778,True,27,1,35.91912968333333,139.90919718333333,1.9955307186087288,,33.28,1008.0505078125,54.9697265625,223.0,-1.3125,-9.875,-0.25,1.68,9.45,0.0,0.0625,0.0,178,,stopped,0.0,0.0,3.855,
2026-08-06T18:31:14.116,450.359,selfie,35.919137383333336,139.9092172,20.988,0.020577777777777778,True,27,1,35.91912968333333,139.90919718333333,1.9955307186087288,,33.43,1008.2906640625,54.9541015625,223.0,-1.3125,-9.875,-0.26,1.68,9.5,-0.0625,0.0,0.0,178,,stopped,0.0,0.0,3.854,
2026-08-06T18:31:14.616,450.859,selfie,35.919137383333336,139.9092172,20.987,0.020577777777777778,True,27,1,35.91912968333333,139.90919718333333,1.9955307186087288,,33.42,1008.23921875,55.0107421875,223.0,-1.3125,-9.875,-0.27,1.65,9.5,8.0,0.0625,0.0625,178,,stopped,0.0,0.0,3.857,
2026-08-06T18:31:15.117,451.360,selfie,35.919137383333336,139.9092172,20.987,0.020577777777777778,True,27,1,35.91912968333333,139.90919718333333,1.9955307186087288,,33.27,1008.0425390625,54.9931640625,223.0,-1.3125,-9.875,-0.27,1.66,9.46,0.0625,0.25,-0.0625,178,,stopped,0.0,0.0,3.861,
2026-08-06T18:31:15.617,451.860,selfie,35.919137383333336,139.9092172,20.986,0.015433333333333332,True,27,1,35.91912968333333,139.90919718333333,1.9955307186087288,,33.42,1008.2119140625,55.0341796875,223.0,-1.3125,-9.875,-0.26,1.66,9.47,0.0625,0.0625,0.0,178,,stopped,0.0,0.0,3.855,
2026-08-06T18:31:16.118,452.361,selfie,35.919137383333336,139.9092172,20.986,0.015433333333333332,True,27,1,35.91912968333333,139.90919718333333,1.9955307186087288,,33.41,1008.2858203125,55.033203125,223.0,-1.3125,-9.875,-0.26,1.66,9.47,0.0,0.0,8.0,178,,stopped,0.0,0.0,3.86,
2026-08-06T18:31:16.618,452.861,selfie,35.919137383333336,139.9092172,20.985,0.015433333333333332,True,27,1,35.91912968333333,139.90919718333333,1.9955307186087288,,33.28,1008.0505078125,55.0625,223.0,-1.3125,-9.875,-0.23,1.66,9.48,-0.0625,0.0,0.0,178,,stopped,0.0,0.0,3.859,
2026-08-06T18:31:17.119,453.362,selfie,35.919137383333336,139.9092172,20.985,0.015433333333333332,True,27,1,35.91912968333333,139.90919718333333,1.9955307186087288,,33.43,1008.3369921875,55.0927734375,223.0,-1.3125,-9.875,-0.27,1.64,9.47,0.0625,0.125,0.0,178,,stopped,0.0,0.0,3.86,
2026-08-06T18:31:17.619,453.862,selfie,35.919137383333336,139.9092172,20.984,0.010288888888888889,True,27,1,35.91912968333333,139.90919718333333,1.9955307186087288,,33.43,1008.3096875,55.0927734375,223.0,-1.3125,-9.875,-0.24,1.65,9.47,0.0,-0.125,-0.0625,178,,stopped,0.0,0.0,3.856,
2026-08-06T18:31:18.119,454.362,selfie,35.919137383333336,139.9092172,20.984,0.010288888888888889,True,27,1,35.91912968333333,139.90919718333333,1.9955307186087288,,33.43,1008.609921875,55.1962890625,223.0,-1.3125,-9.875,-0.24,1.67,9.48,0.1875,-0.125,0.0625,178,,stopped,0.0,0.0,3.861,
2026-08-06T18:31:18.620,454.863,selfie,35.919137383333336,139.9092172,20.984,0.025722222222222226,True,27,1,35.91912968333333,139.90919718333333,1.9955307186087288,,33.42,1008.356328125,55.18359375,223.0,-1.3125,-9.875,-0.26,1.64,9.47,0.0,0.0,0.0,178,,stopped,0.0,0.0,3.857,
2026-08-06T18:31:19.120,455.363,selfie,35.919137383333336,139.9092172,20.984,0.025722222222222226,True,27,1,35.91912968333333,139.90919718333333,1.9955307186087288,,33.42,1008.2937890625,55.18359375,223.0,-1.3125,-9.875,-0.26,1.66,9.49,0.0625,-0.0625,0.0625,178,,stopped,0.0,0.0,3.854,
2026-08-06T18:31:19.621,455.864,selfie,35.919137383333336,139.9092172,20.985,0.0926,True,27,1,35.91912968333333,139.90919718333333,1.9955307186087288,,33.27,1008.1437109375,55.2705078125,223.0,-1.3125,-1.875,-0.26,1.67,9.46,0.125,-0.0625,0.125,178,,stopped,0.0,0.0,3.857,
2026-08-06T18:31:20.121,456.364,selfie,35.919137383333336,139.9092172,20.985,0.0926,True,27,1,35.91912968333333,139.90919718333333,1.9955307186087288,,33.27,1008.0698046875,55.1435546875,223.0,-1.3125,-9.875,-0.25,1.65,9.49,0.125,-0.125,0.125,178,,stopped,0.0,0.0,3.861,
2026-08-06T18:31:20.621,456.864,selfie,35.919137383333336,139.9092172,20.984,0.015433333333333332,True,27,1,35.91912968333333,139.90919718333333,1.9955307186087288,,33.41,1008.395,55.1025390625,223.0,-1.3125,-9.875,-0.25,1.66,9.47,0.0625,0.0625,0.125,178,,stopped,0.0,0.0,3.859,
2026-08-06T18:31:21.122,457.365,selfie,35.919137383333336,139.9092172,20.984,0.015433333333333332,True,27,1,35.91912968333333,139.90919718333333,1.9955307186087288,,33.42,1008.348359375,55.1259765625,223.0,-1.3125,-9.875,-0.25,1.67,9.5,-0.0625,0.0625,0.125,178,,stopped,0.0,0.0,3.856,
2026-08-06T18:31:21.622,457.865,selfie,35.919137383333336,139.9092171,20.984,0.0051444444444444445,True,27,1,35.91912968333333,139.90919718333333,1.9874004043232416,,33.41,1008.340390625,55.1025390625,223.0,-1.3125,-9.875,-0.26,1.65,9.47,-0.0625,-0.0625,0.0,178,,stopped,0.0,0.0,3.86,
2026-08-06T18:31:22.123,458.366,selfie,35.919137383333336,139.9092171,20.984,0.0051444444444444445,True,27,1,35.91912968333333,139.90919718333333,1.9874004043232416,,33.41,1008.359765625,55.1357421875,223.0,-1.3125,-9.875,-0.27,1.66,9.48,8.0,0.1875,0.0,178,,stopped,0.0,0.0,3.856,
2026-08-06T18:31:22.623,458.866,selfie,35.919137383333336,139.9092172,20.984,0.0051444444444444445,True,27,1,35.91912968333333,139.90919718333333,1.9955307186087288,,33.26,1008.1084765625,55.0732421875,223.0,-1.3125,-9.875,-0.26,1.68,9.47,-0.0625,0.1875,0.0,178,,stopped,0.0,0.0,3.857,
2026-08-06T18:31:23.123,459.366,selfie,35.919137383333336,139.9092172,20.984,0.0051444444444444445,True,27,1,35.91912968333333,139.90919718333333,1.9955307186087288,,33.28,1008.1869140625,55.1201171875,223.0,-1.3125,-9.875,-0.25,1.65,9.45,0.0,0.0625,-0.0625,178,,stopped,0.0,0.0,3.861,
2026-08-06T18:31:23.624,459.867,selfie,35.919137383333336,139.9092172,20.983,0.020577777777777778,True,27,1,35.91912968333333,139.90919718333333,1.9955307186087288,,33.41,1008.359765625,55.181640625,223.0,-1.3125,-9.875,-0.24,1.66,9.49,0.0,-0.125,-0.0625,178,,stopped,0.0,0.0,3.858,
2026-08-06T18:31:24.140,460.383,selfie,35.919137383333336,139.9092172,20.983,0.020577777777777778,True,27,1,35.91912968333333,139.90919718333333,1.9955307186087288,,33.41,1008.359765625,55.33203125,223.0,-1.3125,-9.875,-0.23,1.68,9.5,0.0,-0.125,0.0625,178,,stopped,0.0,0.0,3.86,
2026-08-06T18:31:24.640,460.883,selfie,35.919137383333336,139.9092172,20.983,0.025722222222222226,True,27,1,35.91912968333333,139.90919718333333,1.9955307186087288,,33.41,1008.359765625,55.1240234375,223.0,-1.3125,-9.875,-0.27,1.65,9.5,0.0,-0.125,-0.0625,178,,stopped,0.0,0.0,3.858,
2026-08-06T18:31:25.141,461.384,selfie,35.919137383333336,139.9092172,20.983,0.025722222222222226,True,27,1,35.91912968333333,139.90919718333333,1.9955307186087288,,33.4,1008.3711328125,55.134765625,223.0,-1.3125,-9.875,-0.25,1.66,9.48,0.0,-0.0625,0.0,178,,stopped,0.0,0.0,3.856,
2026-08-06T18:31:25.641,461.884,selfie,35.919137383333336,139.9092172,20.983,0.030866666666666664,True,27,1,35.91912968333333,139.90919718333333,1.9955307186087288,,33.24,1008.021796875,55.08203125,223.0,-1.3125,-9.875,-0.25,1.68,9.49,0.0,0.0,0.0625,178,,stopped,0.0,0.0,3.859,
2026-08-06T18:31:26.141,462.384,selfie,35.919137383333336,139.9092172,20.983,0.030866666666666664,True,27,1,35.91912968333333,139.90919718333333,1.9955307186087288,,33.25,1008.0380078125,55.1064453125,223.0,-1.3125,-9.875,-0.26,1.67,9.47,-0.0625,0.0625,0.0,178,,stopped,0.0,0.0,3.859,
2026-08-06T18:31:26.642,462.885,selfie,35.919137383333336,139.9092172,20.983,0.025722222222222226,True,27,1,35.91912968333333,139.90919718333333,1.9955307186087288,,33.39,1008.744921875,55.1572265625,223.0,-1.3125,-9.875,-0.26,1.68,9.48,0.0625,0.0,0.0625,178,,stopped,0.0,0.0,3.858,
2026-08-06T18:31:27.142,463.385,selfie,35.919137383333336,139.9092172,20.983,0.025722222222222226,True,27,1,35.91912968333333,139.90919718333333,1.9955307186087288,,33.39,1008.335546875,55.1572265625,223.0,-1.3125,-9.875,-0.26,1.65,9.48,0.0625,-0.1875,-0.0625,178,,stopped,0.0,0.0,3.857,
2026-08-06T18:31:27.643,463.886,selfie,35.919137383333336,139.9092172,20.984,0.015433333333333332,True,27,1,35.91912968333333,139.90919718333333,1.9955307186087288,,33.38,1008.3196484375,55.1796875,223.0,-1.3125,-9.875,-0.25,1.68,9.46,0.0625,-0.0625,0.0625,178,,stopped,0.0,0.0,3.855,
2026-08-06T18:31:28.143,464.386,selfie,35.919137383333336,139.9092172,20.984,0.015433333333333332,True,27,1,35.91912968333333,139.90919718333333,1.9955307186087288,,33.39,1008.2537109375,55.1689453125,223.0,-1.3125,-9.875,-0.25,1.66,9.51,0.0625,-0.125,0.0625,178,,stopped,0.0,0.0,3.856,
2026-08-06T18:31:28.651,464.894,selfie,35.919137383333336,139.9092172,20.98,0.010288888888888889,True,27,1,35.91912968333333,139.90919718333333,1.9955307186087288,,33.23,1008.079765625,55.171875,223.0,-1.3125,-9.875,-0.26,1.66,9.48,0.0,-0.0625,0.0,178,,stopped,0.0,0.0,3.854,
2026-08-06T18:31:29.151,465.394,selfie,35.919137383333336,139.9092172,20.98,0.010288888888888889,True,27,1,35.91912968333333,139.90919718333333,1.9955307186087288,,33.24,1008.076328125,55.185546875,223.0,-1.3125,-9.875,-0.25,1.66,9.48,0.0,0.0,-0.0625,178,,stopped,0.0,0.0,3.859,
2026-08-06T18:31:29.651,465.894,selfie,35.91913748333333,139.90921738333333,20.98,0.07716666666666668,True,27,1,35.91912968333333,139.90919718333333,2.015216275275232,,33.37,1008.30375,55.1787109375,223.0,-1.3125,-9.875,-0.26,1.65,9.49,0.0,0.0,0.0,178,,stopped,0.0,0.0,3.855,
2026-08-06T18:31:30.152,466.395,selfie,35.91913748333333,139.90921738333333,20.98,0.07716666666666668,True,27,1,35.91912968333333,139.90919718333333,2.015216275275232,,33.38,1008.3196484375,55.19140625,223.0,-1.3125,-9.875,-0.24,1.65,9.49,-0.0625,0.0,0.0625,178,,stopped,0.0,0.0,3.86,
2026-08-06T18:31:30.652,466.895,selfie,35.91913748333333,139.90921738333333,20.981,0.03601111111111111,True,27,1,35.91912968333333,139.90919718333333,2.015216275275232,,33.38,1008.2844140625,55.201171875,223.0,-1.3125,-9.875,-0.25,1.66,9.53,0.0,-0.0625,0.0,178,,stopped,0.0,0.0,3.859,
2026-08-06T18:31:31.153,467.396,selfie,35.91913748333333,139.90921738333333,20.981,0.03601111111111111,True,27,1,35.91912968333333,139.90919718333333,2.015216275275232,,33.38,1008.3662890625,55.212890625,223.0,-1.3125,-9.875,-0.27,1.65,9.52,0.0625,-0.125,-0.0625,178,,stopped,0.0,0.0,3.859,
2026-08-06T18:31:31.653,467.896,selfie,35.91913748333333,139.90921738333333,20.981,0.030866666666666664,True,27,1,35.91912968333333,139.90919718333333,2.015216275275232,,33.22,1008.1263671875,55.18359375,223.0,-1.3125,-9.875,-0.28,1.66,9.47,0.0625,-0.125,-0.0625,178,,stopped,0.0,0.0,3.855,
2026-08-06T18:31:32.154,468.397,selfie,35.91913748333333,139.90921738333333,20.981,0.030866666666666664,True,27,1,35.91912968333333,139.90919718333333,2.015216275275232,,33.24,1008.150234375,55.2080078125,223.0,-1.3125,-9.875,-0.28,1.63,9.49,0.0,-0.125,-0.125,178,,stopped,0.0,0.0,3.857,
2026-08-06T18:31:32.654,468.897,selfie,35.91913748333333,139.90921738333333,20.982,0.020577777777777778,True,27,1,35.91912968333333,139.90919718333333,2.015216275275232,,33.39,1008.2184375,55.2138671875,223.0,-1.3125,-9.875,-0.26,1.66,9.52,-0.125,0.0625,0.0625,178,,stopped,0.0,0.0,3.856,
2026-08-06T18:31:33.154,469.397,selfie,35.91913748333333,139.90921738333333,20.982,0.020577777777777778,True,27,1,35.91912968333333,139.90919718333333,2.015216275275232,,33.37,1008.30375,55.224609375,223.0,-1.3125,-9.875,-0.26,1.66,9.47,0.0,0.0,0.0,178,,stopped,0.0,0.0,3.86,
2026-08-06T18:31:33.655,469.898,selfie,35.91913748333333,139.90921738333333,20.982,0.010288888888888889,True,27,1,35.91912968333333,139.90919718333333,2.015216275275232,,33.4,1008.343828125,55.2041015625,223.0,-1.3125,-9.875,-0.27,1.66,9.48,-0.0625,0.0,0.0,178,,stopped,0.0,0.0,3.858,
2026-08-06T18:31:34.155,470.398,selfie,35.91913748333333,139.90921738333333,20.982,0.010288888888888889,True,27,1,35.91912968333333,139.90919718333333,2.015216275275232,,33.39,1008.3276171875,55.2255859375,223.0,-1.3125,-9.875,-0.23,1.67,9.49,0.0625,0.0625,0.125,178,,stopped,0.0,0.0,3.858,
2026-08-06T18:31:34.655,470.898,selfie,35.91913748333333,139.90921738333333,20.983,0.010288888888888889,True,27,1,35.91912968333333,139.90919718333333,2.015216275275232,,33.39,1008.3821875,55.203125,223.0,-1.3125,-9.875,-0.26,1.67,9.44,-0.0625,0.0,-0.1875,178,,stopped,0.0,0.0,3.857,
2026-08-06T18:31:35.156,471.399,selfie,35.91913748333333,139.90921738333333,20.983,0.010288888888888889,True,27,1,35.91912968333333,139.90919718333333,2.015216275275232,,33.25,1008.1115625,55.1982421875,223.0,-1.3125,-9.875,-0.24,1.65,9.5,8.0,-0.125,0.0,178,,stopped,0.0,0.0,3.859,
2026-08-06T18:31:35.656,471.899,selfie,35.91913748333333,139.90921738333333,20.984,0.010288888888888889,True,27,1,35.91912968333333,139.90919718333333,2.015216275275232,,33.4,1008.4063671875,55.296875,223.0,-1.3125,-9.875,-0.25,1.68,9.47,0.0,-0.0625,0.0,178,,stopped,0.0,0.0,3.855,
2026-08-06T18:31:36.156,472.399,selfie,35.91913748333333,139.90921738333333,20.984,0.010288888888888889,True,27,1,35.91912968333333,139.90919718333333,2.015216275275232,,33.4,1008.261953125,55.2041015625,223.0,-1.3125,-9.875,-0.24,1.66,9.45,-0.0625,-0.3125,0.125,178,,stopped,0.0,0.0,3.862,
2026-08-06T18:31:36.657,472.900,selfie,35.91913748333333,139.90921738333333,20.984,0.041155555555555556,True,27,1,35.91912968333333,139.90919718333333,2.015216275275232,,33.23,1008.005859375,55.21875,223.0,-1.3125,-9.875,-0.27,1.66,9.5,0.0,-0.0625,0.0,178,,stopped,0.0,0.0,3.863,
2026-08-06T18:31:37.157,473.400,selfie,35.91913748333333,139.90921738333333,20.984,0.041155555555555556,True,27,1,35.91912968333333,139.90919718333333,2.015216275275232,,33.4,1008.269921875,55.216796875,223.0,-1.3125,-9.875,-0.24,1.64,9.47,0.125,0.25,-0.125,178,,stopped,0.0,0.0,3.857,
2026-08-06T18:31:37.658,473.901,selfie,35.9191377,139.90921768333334,21.001,0.07202222222222222,True,27,1,35.91912968333333,139.90919718333333,2.049995364073073,,33.4,1008.3165234375,55.111328125,223.0,-1.3125,-9.875,-0.25,1.68,9.49,0.0625,-0.125,0.125,178,,stopped,0.0,0.0,3.857,
2026-08-06T18:31:38.158,474.401,selfie,35.9191377,139.90921768333334,21.001,0.07202222222222222,True,27,1,35.91912968333333,139.90919718333333,2.049995364073073,,33.39,1008.2264453125,55.1923828125,223.0,-1.3125,-9.875,-0.26,1.66,9.49,-0.0625,-0.0625,0.0,178,,stopped,0.0,0.0,3.854,
2026-08-06T18:31:38.659,474.902,selfie,35.9191377,139.90921768333334,21.001,0.05658888888888889,True,27,1,35.91912968333333,139.90919718333333,2.049995364073073,,33.39,1008.335546875,55.2265625,223.0,-1.3125,-9.875,-0.25,1.69,9.49,8.0,0.0625,0.0,178,,stopped,0.0,0.0,3.859,
2026-08-06T18:31:39.159,475.402,selfie,35.9191377,139.90921768333334,21.001,0.05658888888888889,True,27,1,35.91912968333333,139.90919718333333,2.049995364073073,,33.38,1008.3116796875,55.224609375,223.0,-1.3125,-9.875,-0.23,1.68,9.46,0.0625,-0.0625,0.0625,178,,stopped,0.0,0.0,3.855,
2026-08-06T18:31:39.659,475.902,selfie,35.9191377,139.9092181,21.017,0.06173333333333333,True,27,1,35.91912968333333,139.90919718333333,2.083847380209555,,33.23,1008.005859375,55.2646484375,223.0,-1.3125,-9.875,-0.25,1.67,9.49,0.125,0.0625,0.0625,178,,stopped,0.0,0.0,3.859,
2026-08-06T18:31:40.160,476.403,selfie,35.9191377,139.9092181,21.017,0.06173333333333333,True,27,1,35.91912968333333,139.90919718333333,2.083847380209555,,33.24,1008.1036328125,55.2548828125,223.0,-1.3125,-9.875,-0.28,1.65,9.46,0.0,0.0625,0.125,178,,stopped,0.0,0.0,3.856,
2026-08-06T18:31:40.660,476.903,guiding_to_goal,35.9191377,139.90921868333334,21.026,0.05658888888888889,True,27,1,35.91912968333333,139.90919718333333,2.131446623584081,,33.25,1008.0297265625,55.2333984375,223.0,-1.3125,-9.875,-0.26,1.65,9.48,0.0625,0.0,0.0625,178,,stopped,0.0,0.0,3.854,
2026-08-06T18:31:41.438,477.681,guiding_to_goal,35.9191377,139.90921868333334,21.026,0.05658888888888889,True,27,1,35.91912968333333,139.90919718333333,2.131446623584081,,33.19,1007.9965234375,55.0751953125,223.0,-1.3125,-9.875,-0.25,1.65,9.47,0.0625,0.0625,-0.0625,178,,stopped,0.0,0.0,3.857,
2026-08-06T18:31:41.939,478.182,guiding_to_goal,,,,,False,,,35.91912968333333,139.90919718333333,,,33.4,1008.2346875,55.23828125,223.0,-1.3125,-9.875,-0.25,1.66,9.46,0.1875,0.125,0.0,178,,stopped,0.0,0.0,3.86,
2026-08-06T18:31:42.439,478.682,guiding_to_goal,,,,,False,,,35.91912968333333,139.90919718333333,,,33.4,1008.188046875,55.228515625,223.0,-1.3125,-9.875,-0.26,1.66,9.46,0.0625,0.125,8.1875,178,,stopped,0.0,0.0,3.858,
2026-08-06T18:31:42.940,479.183,guiding_to_goal,35.91913758333333,139.90921918333333,21.024,0.06173333333333333,True,27,1,35.91912968333333,139.90919718333333,2.1671360328384934,,33.4,1008.343828125,55.1572265625,223.0,-1.3125,-9.875,-0.26,1.69,9.46,-0.125,0.0625,-0.0625,178,,stopped,0.0,0.0,3.858,
2026-08-06T18:31:43.704,479.947,guiding_to_goal,35.91913758333333,139.90921918333333,21.024,0.06173333333333333,True,27,1,35.91912968333333,139.90919718333333,2.1671360328384934,,33.4,1008.261953125,55.2041015625,223.0,-1.3125,-9.875,-0.26,1.66,9.49,0.0,-0.125,-0.0625,178,,stopped,0.0,0.0,3.859,
2026-08-06T18:31:44.205,480.448,guiding_to_goal,35.9191377,139.90921928333333,21.022,0.041155555555555556,True,27,1,35.91912968333333,139.90919718333333,2.1806420402422177,,33.41,1008.2505859375,55.205078125,223.0,-1.3125,-9.875,-0.26,1.66,9.47,0.0,0.0625,0.0625,178,,stopped,0.0,0.0,3.857,
2026-08-06T18:31:44.705,480.948,guiding_to_goal,35.9191377,139.90921928333333,21.022,0.041155555555555556,True,27,1,35.91912968333333,139.90919718333333,2.1806420402422177,,33.4,1008.269921875,55.228515625,223.0,-1.3125,-9.875,-0.24,1.66,9.49,-0.0625,0.0,0.0625,178,,stopped,0.0,0.0,3.858,
2026-08-06T18:31:45.206,481.449,guiding_to_goal,35.9191378,139.90921938333332,21.023,0.03601111111111111,True,27,1,35.91912968333333,139.90919718333333,2.193415357377128,,33.4,1008.3711328125,55.23828125,223.0,-1.3125,-9.875,-0.27,1.68,9.49,0.0,8.0625,-0.125,178,,stopped,0.0,0.0,3.857,
2026-08-06T18:31:45.709,481.952,guiding_to_goal,35.9191378,139.90921938333332,21.023,0.03601111111111111,True,27,1,35.91912968333333,139.90919718333333,2.193415357377128,,33.4,1008.3165234375,55.23828125,223.0,-1.3125,-9.875,-0.26,1.64,9.49,0.0,-0.25,-0.0625,178,,stopped,0.0,0.0,3.855,
2026-08-06T18:31:46.209,482.452,guiding_to_goal,35.919137883333335,139.9092196,21.024,0.06687777777777779,True,28,1,35.91912968333333,139.90919718333333,2.215010954207754,,33.41,1008.277890625,55.181640625,223.0,-1.3125,-9.875,-0.27,1.67,9.48,0.0,0.0,-0.0625,178,,stopped,0.0,0.0,3.858,
2026-08-06T18:31:46.710,482.953,guiding_to_goal,35.919137883333335,139.9092196,21.024,0.06687777777777779,True,28,1,35.91912968333333,139.90919718333333,2.215010954207754,,33.39,1008.2264453125,55.1689453125,223.0,-1.3125,-9.875,-0.27,1.66,9.5,-0.0625,-0.0625,-0.0625,178,,stopped,0.0,0.0,3.857,
2026-08-06T18:31:47.210,483.453,guiding_to_goal,35.919137983333336,139.90921968333333,21.024,0.06173333333333333,True,28,1,35.91912968333333,139.90919718333333,2.226438317924035,,33.41,1008.2858203125,55.16015625,223.0,-1.3125,-9.875,-0.26,1.65,9.48,0.0,0.1875,0.0,178,,stopped,0.0,0.0,3.855,
2026-08-06T18:31:47.711,483.954,guiding_to_goal,35.919137983333336,139.90921968333333,21.024,0.06173333333333333,True,28,1,35.91912968333333,139.90919718333333,2.226438317924035,,33.41,1008.313125,55.16015625,223.0,-1.3125,-9.875,-0.25,1.65,9.48,0.0,0.0,0.0,178,,stopped,0.0,0.0,3.86,
2026-08-06T18:31:48.217,484.460,guiding_to_goal,35.91913808333334,139.90921968333333,21.022,0.16976666666666668,True,28,1,35.91912968333333,139.90919718333333,2.2310705903539936,,33.42,1008.32109375,55.1142578125,223.0,-1.3125,-9.875,-0.26,1.66,9.46,0.0,0.1875,-0.125,178,,stopped,0.0,0.0,3.859,
2026-08-06T18:31:48.717,484.960,guiding_to_goal,35.91913808333334,139.90921968333333,21.022,0.16976666666666668,True,28,1,35.91912968333333,139.90919718333333,2.2310705903539936,,33.43,1008.2278515625,55.138671875,223.0,-1.3125,-9.875,-0.27,1.65,9.48,-0.0625,0.0625,0.125,178,,stopped,0.0,0.0,3.857,
2026-08-06T18:31:49.217,485.460,guiding_to_goal,35.91913808333334,139.90921938333332,21.026,0.14404444444444445,True,28,1,35.91912968333333,139.90919718333333,2.206565761632284,,33.41,1008.2585546875,55.6103515625,223.0,-1.3125,-9.875,-0.25,1.68,9.48,0.0,0.0,0.0625,178,,stopped,0.0,0.0,3.857,
2026-08-06T18:31:49.718,485.961,guiding_to_goal,35.91913808333334,139.90921938333332,21.026,0.14404444444444445,True,28,1,35.91912968333333,139.90919718333333,2.206565761632284,,33.41,1008.2585546875,55.1025390625,223.0,-1.3125,-9.875,-0.24,1.65,9.47,0.0625,-0.0625,-0.0625,178,,stopped,0.0,0.0,3.86,
2026-08-06T18:31:50.218,486.461,guiding_to_goal,35.9191383,139.90921938333332,21.036,0.11317777777777778,True,28,1,35.91912968333333,139.90919718333333,2.2168714394712024,,33.41,1008.340390625,55.16015625,223.0,-1.3125,-9.875,-0.27,1.65,9.47,-0.0625,-0.125,-0.0625,178,,stopped,0.0,0.0,3.862,
2026-08-06T18:31:50.719,486.962,guiding_to_goal,35.9191383,139.90921938333332,21.036,0.11317777777777778,True,28,1,35.91912968333333,139.90919718333333,2.2168714394712024,,33.41,1008.2505859375,55.08984375,223.0,-1.3125,-9.875,-0.26,1.66,9.47,8.0625,-0.125,0.0625,178,,stopped,0.0,0.0,3.854,
2026-08-06T18:31:51.219,487.462,guiding_to_goal,35.919138483333334,139.9092195,21.045,0.06687777777777779,True,28,1,35.91912968333333,139.90919718333333,2.2351990089051736,,33.4,1008.5701171875,55.1123046875,223.0,-1.3125,-9.875,-0.26,1.63,9.49,-0.0625,-0.125,0.0,178,,stopped,0.0,0.0,3.856,
2026-08-06T18:31:51.722,487.965,guiding_to_goal,35.919138483333334,139.9092195,21.045,0.06687777777777779,True,28,1,35.91912968333333,139.90919718333333,2.2351990089051736,,33.42,1008.2471484375,55.091796875,223.0,-1.3125,-9.875,-0.26,1.65,9.49,0.0,0.0625,-0.0625,178,,stopped,0.0,0.0,3.855,
2026-08-06T18:31:52.225,488.468,guiding_to_goal,35.919138483333334,139.9092196,21.052,0.11317777777777778,True,28,1,35.91912968333333,139.90919718333333,2.243298793258966,,33.41,1008.2858203125,54.998046875,223.0,-1.3125,-9.875,-0.24,1.66,9.5,0.0,0.0625,-0.0625,178,,stopped,0.0,0.0,3.855,
2026-08-06T18:31:52.725,488.968,guiding_to_goal,35.919138483333334,139.9092196,21.052,0.11317777777777778,True,28,1,35.91912968333333,139.90919718333333,2.243298793258966,,33.41,1008.277890625,54.9853515625,223.0,-1.3125,-9.875,-0.27,1.62,9.51,0.0625,0.125,0.0625,178,,stopped,0.0,0.0,3.855,
2026-08-06T18:31:53.231,489.474,guiding_to_goal,35.919138583333336,139.90921968333333,21.058,0.07716666666666668,True,28,1,35.91912968333333,139.90919718333333,2.2549118052131054,,33.41,1008.340390625,54.986328125,223.0,-1.3125,-9.875,-0.26,1.65,9.46,-0.0625,-0.0625,-0.0625,178,,stopped,0.0,0.0,3.856,
2026-08-06T18:31:53.731,489.974,guiding_to_goal,35.919138583333336,139.90921968333333,21.058,0.07716666666666668,True,28,1,35.91912968333333,139.90919718333333,2.2549118052131054,,33.4,1008.3244921875,54.9853515625,223.0,-1.3125,-9.875,-0.26,1.66,9.47,0.0,0.0625,0.125,178,,stopped,0.0,0.0,3.855,
2026-08-06T18:31:54.232,490.475,guiding_to_goal,35.919138483333334,139.90921988333332,21.062,0.24178888888888886,True,28,1,35.91912968333333,139.90919718333333,2.2662852882990694,,33.4,1008.343828125,55.0078125,223.0,-1.3125,-9.875,-0.25,1.66,9.47,0.0,0.1875,-0.0625,178,,stopped,0.0,0.0,3.86,
2026-08-06T18:31:54.741,490.984,guiding_to_goal,35.919138483333334,139.90921988333332,21.062,0.24178888888888886,True,28,1,35.91912968333333,139.90919718333333,2.2662852882990694,,33.39,1008.335546875,55.21484375,223.0,-1.3125,-9.875,-0.24,1.66,9.48,0.0,-0.125,0.0,178,,stopped,0.0,0.0,3.852,
2026-08-06T18:31:55.242,491.485,guiding_to_goal,35.91913758333333,139.9092191,21.064,0.08745555555555556,True,28,1,35.91912968333333,139.90919718333333,2.16027808376034,,33.4,1008.3244921875,54.9736328125,223.0,-1.3125,-9.875,-0.23,1.66,9.47,-0.0625,-0.0625,0.0625,178,,stopped,0.0,0.0,3.857,
2026-08-06T18:31:55.748,491.991,guiding_to_goal,35.91913758333333,139.9092191,21.064,0.08745555555555556,True,28,1,35.91912968333333,139.90919718333333,2.16027808376034,,33.4,1008.2073828125,54.99609375,223.0,-1.3125,-9.875,-0.26,1.68,9.45,0.0,-0.125,0.0,178,,stopped,0.0,0.0,3.855,
2026-08-06T18:31:56.249,492.492,guiding_to_goal,35.91913748333333,139.90921928333333,21.067,0.05658888888888889,True,28,1,35.91912968333333,139.90919718333333,2.1709048593758675,,33.39,1008.2457421875,55.041015625,223.0,-1.3125,-9.875,-0.25,1.64,9.47,0.0625,0.0,0.0,178,,stopped,0.0,0.0,3.859,
2026-08-06T18:31:56.749,492.992,guiding_to_goal,35.91913748333333,139.90921928333333,21.067,0.05658888888888889,True,28,1,35.91912968333333,139.90919718333333,2.1709048593758675,,33.39,1008.2537109375,55.01953125,223.0,-1.3125,-9.875,-0.27,1.66,9.47,0.0625,0.0,0.0,178,,stopped,0.0,0.0,3.86,
2026-08-06T18:31:57.250,493.493,guiding_to_goal,35.91913748333333,139.90921938333332,21.071,0.07202222222222222,True,28,1,35.91912968333333,139.90919718333333,2.179162999743347,,33.39,1008.3821875,55.017578125,223.0,-1.3125,-9.875,-0.26,1.67,9.49,0.0,-0.0625,0.0,178,,turn_left,-5.0,5.0,3.859,
2026-08-06T18:31:57.750,493.993,guiding_to_goal,35.91913748333333,139.90921938333332,21.071,0.07202222222222222,True,28,1,35.91912968333333,139.90919718333333,2.179162999743347,,33.39,1008.7096484375,54.9951171875,223.0,-1.3125,-9.875,-0.34,1.65,9.55,-0.4375,0.0625,1.25,178,,turn_left,-15.0,15.0,3.86,
2026-08-06T18:31:58.251,494.493,guiding_to_goal,35.91913758333333,139.9092195,21.073,0.06173333333333333,True,28,1,35.91912968333333,139.90919718333333,2.193234836856224,,33.4,1008.261953125,55.0537109375,212.0,-1.0,-10.375,-0.24,1.72,9.46,0.0625,0.0625,-0.0625,114,,stopped,0.0,0.0,0.686,
2026-08-06T18:31:58.752,494.995,guiding_to_goal,35.91913758333333,139.9092195,21.073,0.06173333333333333,True,28,1,35.91912968333333,139.90919718333333,2.193234836856224,,33.39,1008.3276171875,55.005859375,212.0,-1.0,-10.375,-0.18,1.72,9.48,-0.0625,0.0,0.0625,114,,stopped,0.0,0.0,0.686,
2026-08-06T18:31:59.260,495.503,guiding_to_goal,35.91913758333333,139.90921968333333,21.079,0.05144444444444445,True,28,1,35.91912968333333,139.90919718333333,2.208371993897778,,33.28,1008.1403125,55.0869140625,212.0,-1.0,-10.3125,-0.21,1.71,9.47,0.0,-0.0625,0.0,114,,stopped,0.0,0.0,0.686,
2026-08-06T18:31:59.761,496.004,guiding_to_goal,35.91913758333333,139.90921968333333,21.079,0.05144444444444445,True,28,1,35.91912968333333,139.90919718333333,2.208371993897778,,33.38,1008.3116796875,55.0166015625,212.0,-1.0,-10.3125,-0.18,1.68,9.47,0.1875,0.0625,-0.0625,114,,stopped,0.0,0.0,0.686,
2026-08-06T18:32:00.272,496.515,guiding_to_goal,35.9191377,139.90921988333332,21.087,0.03601111111111111,True,28,1,35.91912968333333,139.90919718333333,2.230061273603406,,33.4,1008.3165234375,55.0302734375,212.0,-1.0,-10.3125,-0.15,1.73,9.45,0.0625,-0.0625,-0.0625,114,,stopped,0.0,0.0,0.686,
2026-08-06T18:32:00.774,497.017,guiding_to_goal,35.9191377,139.90921988333332,21.087,0.03601111111111111,True,28,1,35.91912968333333,139.90919718333333,2.230061273603406,,33.39,1008.3628515625,55.0302734375,212.0,-1.0,-10.3125,-0.19,1.69,9.48,-0.125,0.0,0.0,114,,stopped,0.0,0.0,0.686,
2026-08-06T18:32:01.274,497.517,guiding_to_goal,35.9191377,139.90922008333334,21.089,0.0463,True,28,1,35.91912968333333,139.90919718333333,2.2465815390491355,,33.39,1008.2537109375,55.0419921875,212.0,-1.0,-10.3125,-0.21,1.7,9.48,0.0,0.125,0.125,114,,stopped,0.0,0.0,0.686,
2026-08-06T18:32:01.774,498.017,guiding_to_goal,35.9191377,139.90922008333334,21.089,0.0463,True,28,1,35.91912968333333,139.90919718333333,2.2465815390491355,,33.39,1008.3003125,55.017578125,212.0,-1.0,-10.3125,-0.19,1.7,9.45,0.0,-0.0625,0.0625,114,,stopped,0.0,0.0,0.686,
2026-08-06T18:32:02.275,498.518,guiding_to_goal,35.9191377,139.90922008333334,21.093,0.12346666666666666,True,28,1,35.91912968333333,139.90919718333333,2.2465815390491355,,33.39,1008.3003125,54.9951171875,212.0,-1.0,-10.3125,-0.19,1.68,9.48,0.0625,0.0,8.0,114,,stopped,0.0,0.0,0.686,
2026-08-06T18:32:02.841,499.084,guiding_to_goal,35.9191377,139.90922008333334,21.093,0.12346666666666666,True,28,1,35.91912968333333,139.90919718333333,2.2465815390491355,,33.38,1008.2923828125,54.9140625,212.0,-1.0,-10.3125,-0.2,1.7,9.49,0.0625,-0.125,0.125,114,,stopped,0.0,0.0,0.686,
2026-08-06T18:32:03.341,499.584,guiding_to_goal,35.9191377,139.90922008333334,21.099,0.06173333333333333,True,28,1,35.91912968333333,139.90919718333333,2.2465815390491355,,33.41,1008.359765625,54.9736328125,212.0,-1.0,-10.3125,-0.2,1.71,9.47,0.0625,-0.125,0.0,114,,stopped,0.0,0.0,0.685,
2026-08-06T18:32:03.842,500.085,guiding_to_goal,35.9191377,139.90922008333334,21.099,0.06173333333333333,True,28,1,35.91912968333333,139.90919718333333,2.2465815390491355,,33.4,1008.3244921875,54.9853515625,212.0,-1.0,-10.3125,-0.19,1.7,9.46,0.0625,-0.0625,0.0625,114,,stopped,0.0,0.0,0.686,
2026-08-06T18:32:04.342,500.585,guiding_to_goal,35.91913758333333,139.90922018333333,21.105,0.08745555555555556,True,28,1,35.91912968333333,139.90919718333333,2.249753255378313,,33.42,1008.266484375,54.8603515625,212.0,-1.0,-10.3125,-0.16,1.68,9.49,0.0,0.0,0.0625,114,,stopped,0.0,0.0,0.686,
2026-08-06T18:32:04.849,501.092,guiding_to_goal,35.91913758333333,139.90922018333333,21.105,0.08745555555555556,True,28,1,35.91912968333333,139.90919718333333,2.249753255378313,,33.42,1008.266484375,54.953125,212.0,-1.0,-10.3125,-0.2,1.7,9.47,-0.0625,-0.0625,0.0625,114,,stopped,0.0,0.0,0.686,
2026-08-06T18:32:05.350,501.593,guiding_to_goal,35.91913758333333,139.90922028333333,21.114,0.14404444444444445,True,29,1,35.91912968333333,139.90919718333333,2.258046240769253,,33.42,1008.2937890625,54.94140625,212.0,-1.0,-10.3125,-0.2,1.71,9.49,0.0,0.0625,0.125,114,,stopped,0.0,0.0,0.686,
2026-08-06T18:32:05.850,502.093,guiding_to_goal,35.91913758333333,139.90922028333333,21.114,0.14404444444444445,True,29,1,35.91912968333333,139.90919718333333,2.258046240769253,,33.4,1008.2153515625,54.951171875,212.0,-1.0,-10.3125,-0.19,1.7,9.47,-0.0625,-0.0625,-0.125,114,,stopped,0.0,0.0,0.686,
2026-08-06T18:32:06.350,502.593,guiding_to_goal,35.91913748333333,139.90922018333333,21.117,0.16976666666666668,True,29,1,35.91912968333333,139.90919718333333,2.2454348678811624,,33.43,1008.3096875,54.9423828125,212.0,-1.0,-10.3125,-0.18,1.7,9.48,0.0,-0.0625,-0.0625,114,,stopped,0.0,0.0,0.685,
2026-08-06T18:32:06.851,503.094,guiding_to_goal,35.91913748333333,139.90922018333333,21.117,0.16976666666666668,True,29,1,35.91912968333333,139.90919718333333,2.2454348678811624,,33.42,1008.6019140625,54.9296875,212.0,-1.0,-10.3125,-0.18,1.71,9.48,0.125,0.1875,-0.0625,114,,stopped,0.0,0.0,0.686,
2026-08-06T18:32:07.361,503.604,guiding_to_goal,35.919137283333335,139.90921988333332,21.121,0.05144444444444445,True,29,1,35.91912968333333,139.90919718333333,2.2119492346817977,,33.42,1008.30171875,54.8955078125,212.0,-1.0,-10.3125,-0.2,1.69,9.48,0.0625,0.0,0.125,114,,forward,60.0,60.0,0.685,
2026-08-06T18:32:07.862,504.105,guiding_to_goal,35.919137283333335,139.90921988333332,21.121,0.05144444444444445,True,29,1,35.91912968333333,139.90919718333333,2.2119492346817977,,33.43,1008.2551171875,54.919921875,211.75,-0.625,-17.8125,3.55,7.61,9.46,-17.6875,2.5,2.375,114,,forward,60.40625,59.59375,0.722,
2026-08-06T18:32:08.362,504.605,guiding_to_goal,35.9191371,139.90922008333334,21.131,0.11832222222222223,True,29,1,35.91912968333333,139.90919718333333,2.2209536504363956,,33.43,1008.3096875,54.908203125,210.5625,-1.1875,-11.25,-0.21,1.87,9.47,0.0625,-0.0625,-0.0625,50,,stopped,0.0,0.0,0.544,
2026-08-06T18:32:08.862,505.105,guiding_to_goal,35.9191371,139.90922008333334,21.131,0.11832222222222223,True,29,1,35.91912968333333,139.90919718333333,2.2209536504363956,,33.43,1008.2278515625,54.884765625,218.5625,-1.1875,-11.3125,-0.21,1.8,9.47,1.0,0.125,-0.75,50,,turn_right,15.0,-15.0,0.544,
2026-08-06T18:32:09.363,505.606,guiding_to_goal,35.919136783333336,139.90922008333334,21.145,0.10803333333333333,True,28,1,35.91912968333333,139.90919718333333,2.2081207124498903,,33.41,1008.313125,54.8828125,223.875,-1.0625,-10.3125,-0.22,1.73,9.45,0.0625,-0.1875,0.125,50,,turn_left,-5.0,5.0,3.708,
2026-08-06T18:32:09.863,506.106,guiding_to_goal,35.919136783333336,139.90922008333334,21.145,0.10803333333333333,True,28,1,35.91912968333333,139.90919718333333,2.2081207124498903,,33.41,1008.2858203125,54.859375,223.6875,-1.0625,-10.0,-0.51,0.59,9.51,15.875,0.625,14.5,50,,turn_left,-15.0,15.0,3.721,
2026-08-06T18:32:10.364,506.607,guiding_to_goal,35.9191365,139.90922018333333,21.163,0.0463,True,28,1,35.91912968333333,139.90919718333333,2.2055078464561766,,33.4,1008.2972265625,54.904296875,220.0,-1.125,-2.4375,-0.21,1.74,9.45,0.0,-0.0625,-0.125,114,,stopped,0.0,0.0,0.58,
2026-08-06T18:32:10.864,507.107,guiding_to_goal,35.9191365,139.90922018333333,21.163,0.0463,True,28,1,35.91912968333333,139.90919718333333,2.2055078464561766,,33.4,1008.2426171875,54.8935546875,220.0,-1.125,-10.4375,-0.22,1.73,9.45,0.0625,-0.125,0.1875,114,,stopped,0.0,0.0,0.58,
2026-08-06T18:32:11.364,507.607,guiding_to_goal,35.91913628333333,139.90922018333333,21.185,0.025722222222222226,True,28,1,35.91912968333333,139.90919718333333,2.197344421038874,,33.38,1008.3196484375,54.92578125,220.0,-1.125,-10.4375,-0.19,1.71,9.46,0.0,0.1875,0.0,114,,stopped,0.0,0.0,0.581,
2026-08-06T18:32:11.865,508.109,guiding_to_goal,35.91913628333333,139.90922018333333,21.185,0.025722222222222226,True,28,1,35.91912968333333,139.90919718333333,2.197344421038874,,33.38,1008.2844140625,54.9130859375,220.0,-1.125,-10.4375,-0.2,1.72,9.46,0.125,0.125,0.0,114,,stopped,0.0,0.0,0.581,
2026-08-06T18:32:12.366,508.609,guiding_to_goal,35.919136083333335,139.90922,21.198,0.030866666666666664,True,28,1,35.91912968333333,139.90919718333333,2.174410452467186,,33.37,1008.30375,54.84375,220.0,-1.125,-10.4375,-0.22,1.75,9.47,0.0,-0.125,0.125,114,,stopped,0.0,0.0,0.58,
2026-08-06T18:32:12.866,509.109,guiding_to_goal,35.919136083333335,139.90922,21.198,0.030866666666666664,True,28,1,35.91912968333333,139.90919718333333,2.174410452467186,,33.36,1008.3151171875,54.9814453125,220.0,-1.125,-10.4375,-0.22,1.75,9.48,0.0625,-0.125,-0.0625,114,,stopped,0.0,0.0,0.58,
2026-08-06T18:32:13.369,509.612,guiding_to_goal,35.919136,139.90922,21.203,0.0463,True,28,1,35.91912968333333,139.90919718333333,2.1713954233138613,,33.36,1008.2878125,55.0849609375,220.0,-1.125,-10.4375,-0.22,1.76,9.48,0.0,-0.1875,0.125,114,,stopped,0.0,0.0,0.58,
2026-08-06T18:32:13.877,510.120,guiding_to_goal,35.919136,139.90922,21.203,0.0463,True,28,1,35.91912968333333,139.90919718333333,2.1713954233138613,,33.36,1008.2795703125,54.8994140625,220.0,-1.125,-10.4375,-0.23,1.74,9.48,0.0625,-0.125,0.125,114,,stopped,0.0,0.0,0.58,
2026-08-06T18:32:14.378,510.621,guiding_to_goal,35.919136,139.90921988333332,21.207,0.19034444444444445,True,29,1,35.91912968333333,139.90919718333333,2.1614569882189194,,33.37,1008.268515625,55.177734375,220.0,-1.125,-10.4375,-0.25,1.74,9.48,0.0625,0.0625,0.0625,114,,stopped,0.0,0.0,0.58,
2026-08-06T18:32:14.882,511.125,guiding_to_goal,35.919136,139.90921988333332,21.207,0.19034444444444445,True,29,1,35.91912968333333,139.90919718333333,2.1614569882189194,,33.37,1008.2491796875,55.1552734375,220.0,-1.125,-10.4375,-0.23,1.75,9.48,0.0,-0.125,0.0625,114,,stopped,0.0,0.0,0.58,
2026-08-06T18:32:15.383,511.626,guiding_to_goal,35.91913578333333,139.90921928333333,21.21,0.16462222222222223,True,29,1,35.91912968333333,139.90919718333333,2.1025363987608374,,33.37,1008.268515625,55.142578125,220.0,-1.125,-10.4375,-0.21,1.74,9.46,0.0625,-0.0625,0.125,114,,stopped,0.0,0.0,0.58,
2026-08-06T18:32:15.883,512.126,guiding_to_goal,35.91913578333333,139.90921928333333,21.21,0.16462222222222223,True,29,1,35.91912968333333,139.90919718333333,2.1025363987608374,,33.38,1008.3662890625,55.1787109375,220.0,-1.125,-10.4375,-0.22,1.73,9.46,0.0625,0.125,0.0,114,,stopped,0.0,0.0,0.58,
2026-08-06T18:32:16.384,512.627,guiding_to_goal,35.919135483333335,139.90921888333332,21.227,0.10803333333333333,True,29,1,35.91912968333333,139.90919718333333,2.0577771162902962,,33.19,1008.2886328125,55.259765625,220.0,-1.125,-10.4375,-0.21,1.75,9.47,0.0,0.125,-0.125,114,,stopped,0.0,0.0,0.58,
2026-08-06T18:32:16.884,513.127,guiding_to_goal,35.919135483333335,139.90921888333332,21.227,0.10803333333333333,True,29,1,35.91912968333333,139.90919718333333,2.0577771162902962,,33.37,1008.268515625,55.0849609375,220.0,-1.125,-10.4375,-0.24,1.75,9.47,0.0625,0.0625,0.0,114,,stopped,0.0,0.0,0.58,
2026-08-06T18:32:17.392,513.635,guiding_to_goal,35.919135583333336,139.90921888333332,21.238,0.14918888888888887,True,29,1,35.91912968333333,139.90919718333333,2.061289135561213,,33.37,1008.7130859375,55.3173828125,220.0,-1.125,-10.4375,-0.23,1.74,9.47,0.0,0.0625,0.0625,114,,stopped,0.0,0.0,0.58,
2026-08-06T18:32:17.892,514.135,guiding_to_goal,35.919135583333336,139.90921888333332,21.238,0.14918888888888887,True,29,1,35.91912968333333,139.90919718333333,2.061289135561213,,33.38,1008.3116796875,55.33984375,220.0,-1.125,-10.4375,-0.21,1.71,9.47,0.0,0.125,-0.0625,114,,stopped,0.0,0.0,0.58,
2026-08-06T18:32:18.392,514.635,guiding_to_goal,35.919135583333336,139.90921868333334,21.245,0.05658888888888889,True,29,1,35.91912968333333,139.90919718333333,2.044223560806195,,33.37,1008.221875,55.375,220.0,-1.125,-10.4375,-0.23,1.75,9.48,0.125,-0.1875,0.0,114,,stopped,0.0,0.0,0.58,
2026-08-06T18:32:18.893,515.136,guiding_to_goal,35.919135583333336,139.90921868333334,21.245,0.05658888888888889,True,29,1,35.91912968333333,139.90919718333333,2.044223560806195,,33.38,1008.3116796875,55.1552734375,220.0,-1.125,-10.4375,-0.22,1.74,9.46,0.0,0.0,-0.0625,114,,stopped,0.0,0.0,0.58,
2026-08-06T18:32:19.393,515.636,guiding_to_goal,35.919135583333336,139.9092186,21.25,0.09774444444444444,True,28,1,35.91912968333333,139.90919718333333,2.0371177043832,,33.37,1008.29578125,55.4892578125,220.0,-1.125,-10.4375,-0.23,1.72,9.45,0.0625,-0.1875,0.0,114,,stopped,0.0,0.0,0.58,
2026-08-06T18:32:19.894,516.137,guiding_to_goal,35.919135583333336,139.9092186,21.25,0.09774444444444444,True,28,1,35.91912968333333,139.90919718333333,2.0371177043832,,33.38,1008.3662890625,55.36328125,220.0,-1.125,-10.4375,-0.23,1.76,9.47,-0.0625,0.0625,0.0,114,,stopped,0.0,0.0,0.58,
2026-08-06T18:32:20.394,516.637,guiding_to_goal,35.919135583333336,139.9092186,21.254,0.11832222222222223,True,28,1,35.91912968333333,139.90919718333333,2.0371177043832,,33.37,1008.30375,55.224609375,220.25,-1.1875,-10.1875,-0.17,1.69,9.45,0.0,-0.0625,-0.25,114,,stopped,0.0,0.0,0.583,
2026-08-06T18:32:20.895,517.138,guiding_to_goal,35.919135583333336,139.9092186,21.254,0.11832222222222223,True,28,1,35.91912968333333,139.90919718333333,2.0371177043832,,33.38,1008.3196484375,55.294921875,220.25,-1.1875,-10.1875,-0.18,1.68,9.47,0.0,-0.0625,0.25,114,,stopped,0.0,0.0,0.582,
2026-08-06T18:32:21.395,517.638,guiding_to_goal,35.919135583333336,139.9092186,21.267,0.05144444444444445,True,28,1,35.91912968333333,139.90919718333333,2.0371177043832,,33.39,1008.2457421875,55.19140625,220.25,-1.1875,-10.1875,-0.23,1.69,9.49,-0.0625,-0.1875,-0.0625,114,,stopped,0.0,0.0,0.583,
2026-08-06T18:32:21.927,518.170,guiding_to_goal,35.919135583333336,139.9092186,21.267,0.05144444444444445,True,28,1,35.91912968333333,139.90919718333333,2.0371177043832,,33.38,1008.3196484375,55.2724609375,220.25,-1.1875,-10.1875,-0.23,1.7,9.49,-0.0625,0.0,-0.0625,114,,stopped,0.0,0.0,0.583,
2026-08-06T18:32:22.428,518.671,guiding_to_goal,35.919135483333335,139.90921838333333,21.275,0.015433333333333332,True,28,1,35.91912968333333,139.90919718333333,2.015069647946203,,33.39,1008.3276171875,55.14453125,220.25,-1.1875,-10.1875,-0.24,1.68,9.46,0.0625,-0.125,0.125,114,,stopped,0.0,0.0,0.585,
2026-08-06T18:32:22.982,519.225,guiding_to_goal,35.919135483333335,139.90921838333333,21.275,0.015433333333333332,True,28,1,35.91912968333333,139.90919718333333,2.015069647946203,,33.38,1008.2923828125,55.14453125,220.25,-1.1875,-10.1875,-0.21,1.7,9.46,-0.0625,-0.0625,-0.125,114,,stopped,0.0,0.0,0.584,
2026-08-06T18:32:23.489,519.732,guiding_to_goal,35.919135483333335,139.90921838333333,21.283,0.06687777777777779,True,28,1,35.91912968333333,139.90919718333333,2.015069647946203,,33.38,1008.39359375,55.236328125,220.25,-1.1875,-10.1875,-0.24,1.69,9.45,0.0625,-0.125,0.0,114,,stopped,0.0,0.0,0.584,
2026-08-06T18:32:24.003,520.246,guiding_to_goal,35.919135483333335,139.90921838333333,21.283,0.06687777777777779,True,28,1,35.91912968333333,139.90919718333333,2.015069647946203,,33.38,1008.3116796875,55.12109375,220.25,-1.1875,-10.1875,-0.23,1.69,9.47,0.0,-0.0625,0.125,114,,stopped,0.0,0.0,0.585,
2026-08-06T18:32:24.506,520.749,guiding_to_goal,35.919135483333335,139.90921828333333,21.293,0.10803333333333333,True,28,1,35.91912968333333,139.90919718333333,2.006540316402128,,33.39,1008.3821875,55.1103515625,220.25,-1.1875,-10.1875,-0.23,1.69,9.46,-0.0625,0.0,0.0625,114,,stopped,0.0,0.0,0.584,
2026-08-06T18:32:25.007,521.250,guiding_to_goal,35.919135483333335,139.90921828333333,21.293,0.10803333333333333,True,28,1,35.91912968333333,139.90919718333333,2.006540316402128,,33.38,1008.2844140625,55.1318359375,220.25,-1.1875,-10.1875,-0.2,1.7,9.48,8.0,0.0,0.0,114,,stopped,0.0,0.0,0.584,
2026-08-06T18:32:25.507,521.750,guiding_to_goal,35.9191354,139.90921788333333,21.303,0.07716666666666668,True,28,1,35.91912968333333,139.90919718333333,1.9694549954103042,,33.38,1008.338984375,55.09765625,220.25,-1.1875,-10.1875,-0.23,1.69,9.5,0.0625,0.1875,0.0,50,,stopped,0.0,0.0,0.584,
2026-08-06T18:32:26.008,522.251,guiding_to_goal,35.9191354,139.90921788333333,21.303,0.07716666666666668,True,28,1,35.91912968333333,139.90919718333333,1.9694549954103042,,31.49,1005.3521484375,55.08984375,220.25,-1.1875,-10.1875,-0.23,1.7,9.45,0.0625,-0.0625,0.0,50,,stopped,0.0,0.0,0.583,
2026-08-06T18:32:26.508,522.751,guiding_to_goal,35.9191354,139.90921788333333,21.312,0.1389,True,28,1,35.91912968333333,139.90919718333333,1.9694549954103042,,33.38,1008.338984375,55.109375,220.25,-1.1875,-10.1875,-0.22,1.68,9.47,-0.0625,0.125,0.0,50,,stopped,0.0,0.0,0.583,
2026-08-06T18:32:27.009,523.252,guiding_to_goal,35.9191354,139.90921788333333,21.312,0.1389,True,28,1,35.91912968333333,139.90919718333333,1.9694549954103042,,33.38,1008.3116796875,55.12109375,220.25,-1.1875,-10.1875,-0.24,1.7,9.47,0.0625,0.125,0.0625,50,,stopped,0.0,0.0,0.583,
2026-08-06T18:32:27.509,523.752,guiding_to_goal,35.9191353,139.90921818333334,21.32,0.16462222222222223,True,28,1,35.91912968333333,139.90919718333333,1.9915284070653583,,33.39,1008.3821875,55.1220703125,220.25,-1.1875,-10.1875,-0.22,1.7,9.47,-0.0625,-0.0625,0.0625,50,,stopped,0.0,0.0,0.583,
2026-08-06T18:32:28.009,524.252,guiding_to_goal,35.9191353,139.90921818333334,21.32,0.16462222222222223,True,28,1,35.91912968333333,139.90919718333333,1.9915284070653583,,33.38,1008.3196484375,55.1220703125,220.25,-1.1875,-10.1875,-0.23,1.69,9.48,0.0,-0.0625,-0.0625,50,,stopped,0.0,0.0,0.584,
2026-08-06T18:32:28.510,524.753,guiding_to_goal,35.91913508333333,139.90921848333332,21.326,0.09774444444444444,True,28,1,35.91912968333333,139.90919718333333,2.009869999523528,,33.4,1008.261953125,55.1689453125,220.25,-1.1875,-10.1875,-0.21,1.69,9.48,0.0625,-0.0625,0.0,50,,stopped,0.0,0.0,0.584,
2026-08-06T18:32:29.017,525.260,guiding_to_goal,35.91913508333333,139.90921848333332,21.326,0.09774444444444444,True,28,1,35.91912968333333,139.90919718333333,2.009869999523528,,33.4,1008.261953125,55.123046875,220.25,-1.1875,-10.1875,-0.23,1.69,9.48,0.0,0.125,0.125,50,,turn_left,-5.0,5.0,0.584,
2026-08-06T18:32:29.517,525.760,guiding_to_goal,35.91913508333333,139.90921878333333,21.334,0.08745555555555556,True,28,1,35.91912968333333,139.90919718333333,2.0356674590953805,,33.41,1008.313125,54.8251953125,220.4375,-1.1875,-10.25,-0.23,1.71,9.48,-0.125,0.0625,-0.125,114,,stopped,0.0,0.0,0.586,
2026-08-06T18:32:30.083,526.326,guiding_to_goal,35.91913508333333,139.90921878333333,21.334,0.08745555555555556,True,28,1,35.91912968333333,139.90919718333333,2.0356674590953805,,33.4,1008.261953125,55.0654296875,220.4375,-1.1875,-10.25,-0.2,1.72,9.44,0.0625,-0.0625,0.125,114,,stopped,0.0,0.0,0.586,
2026-08-06T18:32:30.583,526.826,guiding_to_goal,35.91913518333333,139.90921928333333,21.359,0.05658888888888889,True,28,1,35.91912968333333,139.90919718333333,2.081971116191494,,33.41,1008.340390625,55.1025390625,220.4375,-1.1875,-10.25,-0.22,1.7,9.47,0.125,-0.0625,0.0,114,,stopped,0.0,0.0,0.587,
2026-08-06T18:32:31.084,527.327,guiding_to_goal,35.91913518333333,139.90921928333333,21.359,0.05658888888888889,True,28,1,35.91912968333333,139.90919718333333,2.081971116191494,,33.4,1008.343828125,55.099609375,220.4375,-1.1875,-10.25,-0.26,1.7,9.47,0.0,0.0,-0.0625,114,,stopped,0.0,0.0,0.587,
2026-08-06T18:32:31.584,527.827,guiding_to_goal,35.91913518333333,139.9092196,21.374,0.0463,True,28,1,35.91912968333333,139.90919718333333,2.109245783567326,,33.41,1008.4143359375,55.08984375,220.4375,-1.1875,-10.25,-0.23,1.71,9.47,0.0625,0.0,-0.0625,114,,stopped,0.0,0.0,0.587,
2026-08-06T18:32:32.118,528.361,guiding_to_goal,35.91913518333333,139.9092196,21.374,0.0463,True,28,1,35.91912968333333,139.90919718333333,2.109245783567326,,33.42,1008.348359375,55.1259765625,220.4375,-1.1875,-10.25,-0.22,1.69,9.47,0.0,0.1875,-0.0625,114,,stopped,0.0,0.0,0.588,
2026-08-06T18:32:32.620,528.863,guiding_to_goal,35.9191353,139.90921988333332,21.385,0.08745555555555556,True,28,1,35.91912968333333,139.90919718333333,2.137431433173944,,32.38,1006.65046875,55.0361328125,220.4375,-1.1875,-10.25,-0.22,1.71,9.47,-0.125,0.125,-0.0625,114,,stopped,0.0,0.0,0.588,
2026-08-06T18:32:33.124,529.367,guiding_to_goal,35.9191353,139.90921988333332,21.385,0.08745555555555556,True,28,1,35.91912968333333,139.90919718333333,2.137431433173944,,33.42,1008.23921875,55.080078125,220.4375,-1.1875,-10.25,-0.24,1.7,9.48,0.0,-0.125,0.0,114,,stopped,0.0,0.0,0.588,
2026-08-06T18:32:33.624,529.867,guiding_to_goal,35.9191353,139.90922018333333,21.393,0.10803333333333333,True,28,1,35.91912968333333,139.90919718333333,2.1632820886497086,,33.42,1008.348359375,55.0341796875,220.4375,-1.1875,-10.25,-0.23,1.71,9.45,0.0625,-0.0625,0.0,114,,stopped,0.0,0.0,0.587,
2026-08-06T18:32:34.124,530.367,guiding_to_goal,35.9191353,139.90922018333333,21.393,0.10803333333333333,True,28,1,35.91912968333333,139.90919718333333,2.1632820886497086,,33.42,1008.274453125,55.0458984375,220.4375,-1.1875,-10.25,-0.23,1.69,9.48,0.0625,-0.125,0.0,114,,stopped,0.0,0.0,0.588,
2026-08-06T18:32:34.625,530.868,guiding_to_goal,35.91913518333333,139.90922068333333,21.404,0.03601111111111111,True,28,1,35.91912968333333,139.90919718333333,2.2027916370106233,,33.43,1008.2823828125,54.9541015625,220.4375,-1.1875,-10.25,-0.24,1.71,9.46,0.0,0.125,0.0,114,,stopped,0.0,0.0,0.587,
2026-08-06T18:32:35.125,531.368,guiding_to_goal,35.91913518333333,139.90922068333333,21.404,0.03601111111111111,True,28,1,35.91912968333333,139.90919718333333,2.2027916370106233,,32.33,1006.5433984375,54.9619140625,220.4375,-1.1875,-10.25,-0.21,1.71,9.48,0.0625,0.1875,0.125,114,,stopped,0.0,0.0,0.587,
2026-08-06T18:32:35.626,531.869,guiding_to_goal,35.91913508333333,139.909221,21.412,0.025722222222222226,True,28,1,35.91912968333333,139.90919718333333,2.22717714829029,,33.43,1008.2906640625,54.9306640625,220.4375,-1.1875,-10.25,-0.23,1.71,9.47,-0.125,0.0,0.0625,114,,stopped,0.0,0.0,0.586,
2026-08-06T18:32:36.129,532.372,guiding_to_goal,35.91913508333333,139.909221,21.412,0.025722222222222226,True,28,1,35.91912968333333,139.90919718333333,2.22717714829029,,33.43,1008.2823828125,54.9658203125,220.4375,-1.1875,-10.25,-0.24,1.69,9.49,0.0625,-0.0625,0.125,114,,stopped,0.0,0.0,0.586,
2026-08-06T18:32:36.641,532.884,guiding_to_goal,35.919134983333336,139.90922128333332,21.421,0.010288888888888889,True,28,1,35.91912968333333,139.90919718333333,2.248817695499284,,33.43,1008.2823828125,54.8505859375,220.4375,-1.1875,-10.25,-0.24,1.71,9.42,0.0625,-0.1875,0.0625,114,,stopped,0.0,0.0,0.587,
2026-08-06T18:32:37.153,533.396,guiding_to_goal,35.919134983333336,139.90922128333332,21.421,0.010288888888888889,True,28,1,35.91912968333333,139.90919718333333,2.248817695499284,,33.42,1008.274453125,54.9296875,220.4375,-1.1875,-10.25,-0.21,1.71,9.45,0.0625,-0.1875,-0.0625,114,,stopped,0.0,0.0,0.587,
2026-08-06T18:32:37.660,533.903,guiding_to_goal,35.919134883333335,139.9092219,21.433,0.07202222222222222,True,28,1,35.91912968333333,139.90919718333333,2.299633188414656,,33.43,1008.345234375,54.919921875,220.4375,-1.1875,-10.25,-0.22,1.72,9.47,0.0,0.0625,-0.0625,114,,stopped,0.0,0.0,0.588,
2026-08-06T18:32:38.161,534.404,guiding_to_goal,35.919134883333335,139.9092219,21.433,0.07202222222222222,True,28,1,35.91912968333333,139.90919718333333,2.299633188414656,,33.43,1008.3915625,54.9306640625,220.4375,-1.1875,-10.25,-0.23,1.7,9.47,0.0,0.0,0.125,114,,stopped,0.0,0.0,0.587,
2026-08-06T18:32:38.661,534.904,guiding_to_goal,35.919134883333335,139.90922218333333,21.442,0.10803333333333333,True,28,1,35.91912968333333,139.90919718333333,2.324336732375007,,33.44,1008.279296875,54.9208984375,202.4375,0.0,-11.5,-0.11,2.83,10.94,-4.0,15.0625,89.0,50,,stopped,0.0,0.0,0.576,
2026-08-06T18:32:39.161,535.404,guiding_to_goal,35.919134883333335,139.90922218333333,21.442,0.10803333333333333,True,28,1,35.91912968333333,139.90919718333333,2.324336732375007,,33.44,1008.2519921875,54.943359375,197.1875,-0.3125,-11.1875,-0.09,1.98,10.23,-15.0,4.875,12.9375,50,,stopped,0.0,0.0,3.059,
2026-08-06T18:32:39.672,535.915,guiding_to_goal,35.9191348,139.9092229,21.446,0.010288888888888889,True,28,1,35.91912968333333,139.90919718333333,2.3846705668176513,,33.45,1008.31453125,54.91015625,196.9375,-0.375,-10.1875,-0.1,1.66,9.48,0.0625,0.0625,0.125,50,,stopped,0.0,0.0,3.026,
2026-08-06T18:32:40.182,536.425,guiding_to_goal,35.9191348,139.9092229,21.446,0.010288888888888889,True,28,1,35.91912968333333,139.90919718333333,2.3846705668176513,,33.45,1008.31453125,54.8984375,196.9375,-0.375,-10.1875,-0.08,1.66,9.49,-0.0625,-0.1875,0.0,50,,stopped,0.0,0.0,3.026,
2026-08-06T18:32:40.692,536.934,guiding_to_goal,35.9191348,139.9092234,21.452,0.020577777777777778,True,28,1,35.91912968333333,139.90919718333333,2.4284194353896713,,33.44,1008.2986328125,54.8857421875,196.9375,-0.375,-10.1875,-0.11,1.69,9.5,-0.0625,-0.125,-0.0625,50,,stopped,0.0,0.0,3.021,
2026-08-06T18:32:41.196,537.439,guiding_to_goal,35.9191348,139.9092234,21.452,0.020577777777777778,True,28,1,35.91912968333333,139.90919718333333,2.4284194353896713,,33.44,1008.271328125,54.9091796875,196.9375,-0.375,-10.1875,-0.1,1.67,9.48,0.0,0.1875,0.0,50,,stopped,0.0,0.0,3.027,
2026-08-06T18:32:41.703,537.946,guiding_to_goal,35.9191348,139.90922408333333,21.453,0.1028888888888889,True,28,1,35.91912968333333,139.90919718333333,2.4882832073778043,,33.45,1008.2872265625,54.783203125,196.9375,-0.375,-10.1875,-0.09,1.68,9.47,-0.0625,0.125,-0.125,50,,stopped,0.0,0.0,3.026,
2026-08-06T18:32:42.618,538.861,guiding_to_goal,35.9191348,139.90922408333333,21.453,0.1028888888888889,True,28,1,35.91912968333333,139.90919718333333,2.4882832073778043,,33.45,1008.2951953125,54.8984375,196.9375,-0.375,-10.1875,-0.11,1.68,9.47,-0.0625,0.125,0.0625,50,,stopped,0.0,0.0,3.027,
2026-08-06T18:32:43.118,539.361,guiding_to_goal,35.9191348,139.90922438333334,21.454,0.025722222222222226,True,28,1,35.91912968333333,139.90919718333333,2.51459034614251,,33.44,1008.3065625,54.8515625,196.9375,-0.375,-10.1875,-0.1,1.65,9.5,-0.0625,0.0625,0.0,50,,stopped,0.0,0.0,3.025,
2026-08-06T18:32:43.619,539.862,guiding_to_goal,35.9191348,139.90922438333334,21.454,0.025722222222222226,True,28,1,35.91912968333333,139.90919718333333,2.51459034614251,,33.45,1008.341796875,54.8408203125,196.9375,-0.375,-10.1875,-0.11,1.65,9.47,8.0,-0.0625,0.0625,50,,stopped,0.0,0.0,3.027,
2026-08-06T18:32:44.119,540.362,guiding_to_goal,35.919134883333335,139.9092248,21.457,0.020577777777777778,True,28,1,35.91912968333333,139.90919718333333,2.5532350859086907,,33.44,1008.2986328125,54.83984375,196.9375,-0.375,-10.1875,-0.11,1.68,9.49,0.0,-0.0625,0.0,50,,stopped,0.0,0.0,3.029,
2026-08-06T18:32:44.619,540.862,guiding_to_goal,35.919134883333335,139.9092248,21.457,0.020577777777777778,True,28,1,35.91912968333333,139.90919718333333,2.5532350859086907,,33.44,1008.271328125,54.83984375,196.9375,-0.375,-10.1875,-0.1,1.66,9.45,0.0625,0.0,0.1875,50,,stopped,0.0,0.0,3.023,
2026-08-06T18:32:45.120,541.363,guiding_to_goal,35.919134983333336,139.90922518333332,21.458,0.025722222222222226,True,28,1,35.91912968333333,139.90919718333333,2.589377618461814,,33.44,1008.3065625,54.828125,196.9375,-0.375,-10.1875,-0.1,1.67,9.49,0.0625,-0.0625,-0.0625,50,,stopped,0.0,0.0,3.027,
2026-08-06T18:32:45.620,541.864,guiding_to_goal,35.919134983333336,139.90922518333332,21.458,0.025722222222222226,True,28,1,35.91912968333333,139.90919718333333,2.589377618461814,,33.44,1008.3805078125,54.828125,196.9375,-0.375,-10.1875,-0.11,1.64,9.48,0.0,0.0625,-0.0625,50,,stopped,0.0,0.0,3.022,
2026-08-06T18:32:46.121,542.364,guiding_to_goal,35.91913508333333,139.90922538333334,21.458,0.09774444444444444,True,28,1,35.91912968333333,139.90919718333333,2.609454532328927,,33.46,1008.357734375,54.8076171875,196.9375,-0.375,-10.1875,-0.1,1.67,9.48,0.0625,0.0625,0.0,50,,stopped,0.0,0.0,3.028,
2026-08-06T18:32:46.624,542.867,guiding_to_goal,35.91913508333333,139.90922538333334,21.458,0.09774444444444444,True,28,1,35.91912968333333,139.90919718333333,2.609454532328927,,33.45,1008.31453125,54.8291015625,196.9375,-0.375,-10.1875,-0.08,1.67,9.46,0.0,0.0625,0.125,50,,stopped,0.0,0.0,3.024,
2026-08-06T18:32:47.124,543.367,guiding_to_goal,35.91913518333333,139.90922538333334,21.459,0.025722222222222226,True,28,1,35.91912968333333,139.90919718333333,2.612035613857759,,33.45,1008.259921875,54.8408203125,196.9375,-0.375,-10.1875,-0.1,1.67,9.47,-0.0625,-0.0625,0.1875,50,,stopped,0.0,0.0,3.026,
2026-08-06T18:32:47.625,543.868,guiding_to_goal,35.91913518333333,139.90922538333334,21.459,0.025722222222222226,True,28,1,35.91912968333333,139.90919718333333,2.612035613857759,,33.45,1008.3225,54.8291015625,196.9375,-0.375,-10.1875,-0.03,1.6,9.47,0.3125,-0.125,-0.75,50,,turn_right,10.0,-10.0,3.026,
2026-08-06T18:32:48.125,544.368,guiding_to_goal,35.9191353,139.9092258,21.468,0.05144444444444445,True,28,1,35.91912968333333,139.90919718333333,2.651553960363885,,33.47,1008.2920703125,54.8427734375,201.1875,-0.6875,-11.25,-0.9,1.91,9.64,0.1875,-0.25,0.9375,242,,turn_right,25.0,-25.0,0.607,
2026-08-06T18:32:48.625,544.869,guiding_to_goal,35.9191353,139.9092258,21.468,0.05144444444444445,True,28,1,35.91912968333333,139.90919718333333,2.651553960363885,,33.47,1008.3003125,54.8427734375,201.125,-0.625,-11.1875,-0.29,1.78,9.48,-2.75,-0.6875,-2.0,178,,turn_right,25.0,-25.0,0.608,
2026-08-06T18:32:49.126,545.369,guiding_to_goal,35.9191353,139.9092262,21.482,0.041155555555555556,True,28,1,35.91912968333333,139.90919718333333,2.6865742183582797,,33.48,1008.30828125,55.005859375,201.375,-1.25,-11.5,0.0,2.03,10.2,6.0,-0.6875,3.0,50,,turn_right,25.0,-25.0,0.606,
2026-08-06T18:32:49.626,545.869,guiding_to_goal,35.9191353,139.9092262,21.482,0.041155555555555556,True,28,1,35.91912968333333,139.90919718333333,2.6865742183582797,,33.48,1008.39015625,54.8330078125,201.375,-1.25,-11.5625,-0.06,2.21,9.63,1.1875,1.3125,-0.5625,50,,turn_right,25.0,-25.0,0.606,
2026-08-06T18:32:50.127,546.370,guiding_to_goal,35.9191354,139.90922658333332,21.493,0.0463,True,28,1,35.91912968333333,139.90919718333333,2.722734331767149,,33.46,1008.275859375,54.876953125,201.375,-1.3125,-11.4375,0.18,2.25,9.45,0.125,2.9375,-2.25,50,,turn_right,25.0,-25.0,0.606,
2026-08-06T18:32:50.627,546.870,guiding_to_goal,35.9191354,139.90922658333332,21.493,0.0463,True,28,1,35.91912968333333,139.90919718333333,2.722734331767149,,33.46,1008.31109375,54.8779296875,202.25,-1.25,-11.5,-0.38,1.37,9.43,0.125,-8.375,-39.375,50,,turn_right,25.0,-25.0,0.598,
2026-08-06T18:32:51.127,547.370,guiding_to_goal,35.9191354,139.90922708333332,21.518,0.010288888888888889,True,28,1,35.91912968333333,139.90919718333333,2.766535402590166,,33.47,1008.2920703125,55.0390625,206.0625,-1.25,-11.3125,-0.19,1.87,9.42,0.0625,-0.25,0.0,50,,stopped,0.0,0.0,0.567,
2026-08-06T18:32:51.628,547.871,guiding_to_goal,35.9191354,139.90922708333332,21.518,0.010288888888888889,True,28,1,35.91912968333333,139.90919718333333,2.766535402590166,,33.47,1008.264765625,54.912109375,206.0625,-1.25,-11.3125,-0.2,1.88,9.44,0.0625,0.0625,0.0625,50,,stopped,0.0,0.0,0.567,
2026-08-06T18:32:52.128,548.371,guiding_to_goal,35.9191354,139.90922738333333,21.53,0.03601111111111111,True,28,1,35.91912968333333,139.90919718333333,2.7928347368776767,,33.46,1008.6658984375,54.912109375,206.0625,-1.25,-11.3125,-0.2,1.87,9.45,0.0,0.125,0.0,50,,stopped,0.0,0.0,0.567,
2026-08-06T18:32:52.632,548.875,guiding_to_goal,35.9191354,139.90922738333333,21.53,0.03601111111111111,True,28,1,35.91912968333333,139.90919718333333,2.7928347368776767,,33.45,1008.6693359375,54.91015625,206.0625,-1.25,-11.3125,-0.2,1.9,9.44,0.0,0.0,0.0625,50,,stopped,0.0,0.0,0.567,
2026-08-06T18:32:53.135,549.378,guiding_to_goal,35.9191354,139.90922738333333,21.535,0.0463,True,28,1,35.91912968333333,139.90919718333333,2.7928347368776767,,33.46,1008.3304296875,54.9462890625,206.0625,-1.25,-11.3125,-0.21,1.87,9.44,-0.125,0.0,0.0625,50,,stopped,0.0,0.0,0.567,
2026-08-06T18:32:53.638,549.881,guiding_to_goal,35.9191354,139.90922738333333,21.535,0.0463,True,28,1,35.91912968333333,139.90919718333333,2.7928347368776767,,33.46,1008.2837890625,54.912109375,206.0625,-1.25,-11.3125,-0.19,1.89,9.45,-0.0625,0.0,0.0,50,,stopped,0.0,0.0,0.567,
2026-08-06T18:32:54.138,550.381,guiding_to_goal,35.9191354,139.90922738333333,21.537,0.06687777777777779,True,28,1,35.91912968333333,139.90919718333333,2.7928347368776767,,33.47,1008.264765625,54.935546875,206.0625,-1.25,-11.3125,-0.19,1.89,9.42,0.0625,-0.0625,-0.125,50,,stopped,0.0,0.0,0.567,
2026-08-06T18:32:54.639,550.882,guiding_to_goal,35.9191354,139.90922738333333,21.537,0.06687777777777779,True,28,1,35.91912968333333,139.90919718333333,2.7928347368776767,,33.47,1008.346640625,54.923828125,206.0625,-1.25,-11.3125,-0.2,1.87,9.45,-0.0625,0.125,-0.0625,50,,stopped,0.0,0.0,0.567,
2026-08-06T18:32:55.143,551.386,guiding_to_goal,35.9191353,139.90922748333332,21.542,0.08231111111111111,True,28,1,35.91912968333333,139.90919718333333,2.7991022243226973,,33.47,1008.2920703125,54.8662109375,206.0625,-1.25,-11.3125,-0.2,1.87,9.47,0.125,0.0625,0.0,50,,stopped,0.0,0.0,0.567,
2026-08-06T18:32:55.647,551.890,guiding_to_goal,35.9191353,139.90922748333332,21.542,0.08231111111111111,True,28,1,35.91912968333333,139.90919718333333,2.7991022243226973,,33.47,1008.2920703125,54.8896484375,206.0625,-1.25,-11.3125,-0.19,1.9,9.43,0.0625,0.0,0.0,50,,stopped,0.0,0.0,0.567,
2026-08-06T18:32:56.147,552.390,guiding_to_goal,35.9191353,139.90922748333332,21.545,0.041155555555555556,True,28,1,35.91912968333333,139.90919718333333,2.7991022243226973,,33.47,1008.346640625,54.8544921875,206.0625,-1.25,-11.3125,-0.2,1.88,9.44,-0.0625,-0.125,8.0625,50,,stopped,0.0,0.0,0.568,
2026-08-06T18:32:56.648,552.891,guiding_to_goal,35.9191353,139.90922748333332,21.545,0.041155555555555556,True,28,1,35.91912968333333,139.90919718333333,2.7991022243226973,,33.36,1008.1704296875,54.8525390625,206.0625,-1.25,-11.3125,-0.19,1.87,9.47,0.0625,0.0625,-0.0625,50,,stopped,0.0,0.0,0.568,
2026-08-06T18:32:57.148,553.391,guiding_to_goal,35.91913518333333,139.90922758333335,21.551,0.03601111111111111,True,28,1,35.91912968333333,139.90919718333333,2.8050240491608442,,32.13,1006.25078125,54.8330078125,206.0625,-1.25,-11.3125,-0.18,1.89,9.42,0.0625,-0.0625,0.0625,50,,stopped,0.0,0.0,0.567,
2026-08-06T18:32:57.649,553.892,guiding_to_goal,35.91913518333333,139.90922758333335,21.551,0.03601111111111111,True,28,1,35.91912968333333,139.90919718333333,2.8050240491608442,,33.47,1008.264765625,54.8544921875,206.0625,-1.25,-11.3125,-0.22,1.86,9.43,0.0625,0.0625,-0.0625,50,,stopped,0.0,0.0,0.567,
2026-08-06T18:32:58.149,554.392,guiding_to_goal,35.91913518333333,139.9092277,21.555,0.05144444444444445,True,28,1,35.91912968333333,139.90919718333333,2.815278155421615,,33.45,1008.31453125,54.794921875,206.0625,-1.25,-11.3125,-0.2,1.88,9.43,0.0,0.0625,0.0,50,,stopped,0.0,0.0,0.567,
2026-08-06T18:32:58.650,554.893,guiding_to_goal,35.91913518333333,139.9092277,21.555,0.05144444444444445,True,28,1,35.91912968333333,139.90919718333333,2.815278155421615,,33.47,1008.2920703125,54.796875,206.0625,-1.25,-11.3125,-0.2,1.88,9.42,0.0,0.0,0.0625,178,,stopped,0.0,0.0,0.567,
2026-08-06T18:32:59.152,555.404,guiding_to_goal,35.91913518333333,139.9092277,21.556,0.08745555555555556,True,28,1,35.91912968333333,139.90919718333333,2.815278155421615,,33.44,1008.279296875,54.7939453125,206.0625,-1.25,-11.3125,-0.2,1.87,9.4,0.0,-0.25,0.0625,50,,stopped,0.0,0.0,0.567,
2026-08-06T18:32:59.652,555.895,guiding_to_goal,35.91913518333333,139.9092277,21.556,0.08745555555555556,True,28,1,35.91912968333333,139.90919718333333,2.815278155421615,,33.45,1008.3225,54.783203125,206.0625,-1.25,-11.3125,-0.2,1.89,9.44,0.0,0.125,0.0,50,,stopped,0.0,0.0,0.567,
2026-08-06T18:33:00.153,556.396,guiding_to_goal,35.9191353,139.90922838333333,21.568,0.09774444444444444,True,28,1,35.91912968333333,139.90919718333333,2.878161559393646,,33.45,1008.31453125,55.048828125,207.125,-1.3125,-10.9375,-0.19,1.83,9.45,0.0625,-0.125,0.1875,50,,stopped,0.0,0.0,0.564,
2026-08-06T18:33:00.653,556.896,guiding_to_goal,35.9191353,139.90922838333333,21.568,0.09774444444444444,True,28,1,35.91912968333333,139.90919718333333,2.878161559393646,,33.45,1008.2951953125,54.771484375,207.125,-1.3125,-10.9375,-0.25,1.84,9.43,0.0625,0.0625,0.1875,50,,stopped,0.0,0.0,0.564,
2026-08-06T18:33:01.154,557.397,guiding_to_goal,35.9191354,139.90922868333334,21.573,0.07716666666666668,True,28,1,35.91912968333333,139.90919718333333,2.9069502402209304,,33.46,1008.3304296875,54.75,207.125,-1.3125,-10.9375,-0.2,1.81,9.42,-0.0625,0.0625,0.0,50,,stopped,0.0,0.0,0.565,
2026-08-06T18:33:01.654,557.897,guiding_to_goal,35.9191354,139.90922868333334,21.573,0.07716666666666668,True,28,1,35.91912968333333,139.90919718333333,2.9069502402209304,,33.46,1008.2837890625,54.7509765625,207.125,-1.3125,-10.9375,-0.21,1.83,9.43,-0.0625,0.3125,-0.0625,50,,stopped,0.0,0.0,0.565,
2026-08-06T18:33:02.154,558.397,guiding_to_goal,35.919135483333335,139.90922888333333,21.578,0.010288888888888889,True,28,1,35.91912968333333,139.90919718333333,2.926555222910447,,33.45,1008.31453125,54.7021484375,207.125,-1.3125,-10.9375,-0.23,1.83,9.45,0.0,0.125,-0.1875,50,,stopped,0.0,0.0,0.564,
2026-08-06T18:33:02.662,558.905,guiding_to_goal,35.919135483333335,139.90922888333333,21.578,0.010288888888888889,True,28,1,35.91912968333333,139.90919718333333,2.926555222910447,,33.45,1008.259921875,54.7021484375,207.125,-1.3125,-10.9375,-0.21,1.85,9.43,-0.125,0.0,0.1875,50,,stopped,0.0,0.0,0.564,
2026-08-06T18:33:03.162,559.405,guiding_to_goal,35.919135483333335,139.90922898333332,21.578,0.015433333333333332,True,28,1,35.91912968333333,139.90919718333333,2.9353395860635416,,33.44,1008.279296875,54.712890625,207.125,-1.3125,-10.9375,-0.24,1.81,9.47,0.0,0.0,0.0,50,,stopped,0.0,0.0,0.564,
2026-08-06T18:33:03.666,559.909,guiding_to_goal,35.919135483333335,139.90922898333332,21.578,0.015433333333333332,True,28,1,35.91912968333333,139.90919718333333,2.9353395860635416,,33.44,1008.279296875,54.724609375,207.125,-1.3125,-10.9375,-0.24,1.84,9.47,0.0625,0.0,-0.0625,50,,stopped,0.0,0.0,0.564,
2026-08-06T18:33:04.166,560.409,guiding_to_goal,35.919135483333335,139.9092291,21.577,0.12346666666666666,True,28,1,35.91912968333333,139.90919718333333,2.9455896965218815,,33.43,1008.3096875,54.76953125,207.125,-1.3125,-10.9375,-0.21,1.84,9.47,-0.0625,0.0625,0.0,50,,stopped,0.0,0.0,0.564,
2026-08-06T18:33:04.667,560.910,guiding_to_goal,35.919135483333335,139.9092291,21.577,0.12346666666666666,True,28,1,35.91912968333333,139.90919718333333,2.9455896965218815,,33.44,1008.3805078125,54.8046875,207.125,-1.3125,-10.9375,-0.21,1.84,9.43,0.0625,0.0,0.0625,50,,stopped,0.0,0.0,0.564,
2026-08-06T18:33:05.167,561.410,guiding_to_goal,35.91913578333333,139.90922928333333,21.581,0.0926,True,28,1,35.91912968333333,139.90919718333333,2.9691431753049367,,33.41,1008.2585546875,54.732421875,207.125,-1.3125,-10.9375,-0.24,1.83,9.46,0.125,-0.125,-0.0625,50,,stopped,0.0,0.0,0.564,
2026-08-06T18:33:05.668,561.911,guiding_to_goal,35.91913578333333,139.90922928333333,21.581,0.0926,True,28,1,35.91912968333333,139.90919718333333,2.9691431753049367,,33.4,1008.1801171875,54.845703125,207.125,-1.3125,-10.9375,-0.22,1.82,9.47,0.0,-0.1875,0.0625,50,,stopped,0.0,0.0,0.564,
2026-08-06T18:33:06.172,562.415,guiding_to_goal,35.91913578333333,139.90922938333333,21.581,0.08745555555555556,True,28,1,35.91912968333333,139.90919718333333,2.977910834613195,,33.41,1008.277890625,54.904296875,207.125,-1.3125,-10.9375,-0.21,1.82,9.45,-0.0625,-0.25,0.0625,50,,stopped,0.0,0.0,0.564,
2026-08-06T18:33:06.681,562.924,guiding_to_goal,35.91913578333333,139.90922938333333,21.581,0.08745555555555556,True,28,1,35.91912968333333,139.90919718333333,2.977910834613195,,33.41,1008.359765625,54.8349609375,207.125,-1.3125,-10.9375,-0.21,1.84,9.43,-0.0625,0.0,0.0625,50,,stopped,0.0,0.0,0.564,
2026-08-06T18:33:07.183,563.426,guiding_to_goal,,,,,False,,,35.91912968333333,139.90919718333333,,,33.4,1008.351796875,54.8583984375,207.125,-1.3125,-10.9375,-0.23,1.83,9.46,0.0,0.0625,0.0,50,,stopped,0.0,0.0,0.564,
2026-08-06T18:33:07.693,563.936,guiding_to_goal,35.91913578333333,139.90922948333332,21.577,0.07716666666666668,True,28,1,35.91912968333333,139.90919718333333,2.986679906695831,,33.37,1008.30375,54.84375,207.125,-1.3125,-10.9375,-0.21,1.87,9.44,0.125,-0.1875,0.125,50,,stopped,0.0,0.0,0.564,
2026-08-06T18:33:08.194,564.438,guiding_to_goal,35.91913578333333,139.90922948333332,21.577,0.07716666666666668,True,28,1,35.91912968333333,139.90919718333333,2.986679906695831,,33.37,1008.29578125,54.876953125,207.125,-1.3125,-2.9375,-0.21,1.83,9.44,0.0,0.125,0.0,50,,stopped,0.0,0.0,0.564,
2026-08-06T18:33:08.695,564.938,guiding_to_goal,35.91913578333333,139.9092296,21.578,0.14918888888888887,True,28,1,35.91912968333333,139.90919718333333,2.996912261914568,,33.37,1008.37765625,54.853515625,207.125,-1.3125,-10.9375,-0.2,1.85,9.44,0.0,-0.0625,0.125,50,,forward,60.0,60.0,0.564,
2026-08-06T18:33:09.195,565.438,guiding_to_goal,35.91913578333333,139.9092296,21.578,0.14918888888888887,True,28,1,35.91912968333333,139.90919718333333,2.996912261914568,,33.36,1008.306875,54.921875,207.125,-1.4375,-12.0625,0.13,-1.96,10.48,104.0,2.25,-5.5,50,,forward,60.0,60.0,0.574,
2026-08-06T18:33:09.696,565.939,guiding_to_goal,35.9191359,139.90922938333333,21.579,0.2212111111111111,True,28,1,35.91912968333333,139.90919718333333,2.9808924428634533,,33.38,1008.338984375,54.935546875,202.3125,-1.5,-11.125,-0.21,1.86,9.47,0.0625,0.125,0.125,50,,turn_right,5.0,-5.0,0.538,
2026-08-06T18:33:10.196,566.439,guiding_to_goal,35.9191359,139.90922938333333,21.579,0.2212111111111111,True,28,1,35.91912968333333,139.90919718333333,2.9808924428634533,,33.38,1008.3116796875,54.9248046875,202.3125,-1.5,-11.0625,-0.26,1.73,9.46,-0.625,-0.0625,-0.5625,50,,turn_right,20.0,-20.0,0.538,
2026-08-06T18:33:10.696,566.939,guiding_to_goal,35.919136,139.9092286,21.589,0.041155555555555556,True,28,1,35.91912968333333,139.90919718333333,2.9149808432746642,,33.37,1008.323046875,54.9814453125,208.0625,-1.4375,-11.3125,-0.23,1.88,9.42,0.0625,-0.125,-0.125,50,,stopped,0.0,0.0,0.499,
2026-08-06T18:33:11.197,567.440,guiding_to_goal,35.919136,139.9092286,21.589,0.041155555555555556,True,28,1,35.91912968333333,139.90919718333333,2.9149808432746642,,33.37,1008.3503515625,54.9462890625,208.0625,-1.4375,-11.3125,-0.24,1.89,9.42,-0.125,-0.0625,0.125,50,,stopped,0.0,0.0,0.499,
2026-08-06T18:33:11.698,567.941,guiding_to_goal,35.919136,139.90922848333332,21.599,0.025722222222222226,True,28,1,35.91912968333333,139.90919718333333,2.90478557011408,,33.37,1008.30375,54.982421875,208.0625,-1.4375,-11.3125,-0.24,1.92,9.43,0.0625,0.0,0.0625,50,,stopped,0.0,0.0,0.499,
2026-08-06T18:33:12.199,568.442,guiding_to_goal,35.919136,139.90922848333332,21.599,0.025722222222222226,True,28,1,35.91912968333333,139.90919718333333,2.90478557011408,,33.3,1008.1996875,54.9736328125,208.0625,-1.4375,-11.3125,-0.26,1.89,9.46,-0.0625,-0.125,-0.0625,50,,stopped,0.0,0.0,0.499,
2026-08-06T18:33:12.699,568.942,guiding_to_goal,35.9191359,139.90922848333332,21.603,0.041155555555555556,True,28,1,35.91912968333333,139.90919718333333,2.902116919454825,,33.37,1008.3503515625,55.00390625,208.0625,-1.4375,-11.3125,-0.26,1.88,9.42,0.0,-0.125,-0.125,50,,stopped,0.0,0.0,0.499,
2026-08-06T18:33:13.199,569.442,guiding_to_goal,35.9191359,139.90922848333332,21.603,0.041155555555555556,True,28,1,35.91912968333333,139.90919718333333,2.902116919454825,,33.37,1008.3310546875,55.07421875,208.0625,-1.4375,-11.3125,-0.23,1.9,9.44,0.0,0.125,0.0,50,,stopped,0.0,0.0,0.499,
2026-08-06T18:33:13.709,569.952,guiding_to_goal,35.9191359,139.90922838333333,21.606,0.1389,True,28,1,35.91912968333333,139.90919718333333,2.8933718245795426,,31.65,1005.580546875,55.0869140625,208.0625,-1.4375,-11.3125,-0.26,1.92,9.45,0.0,0.1875,0.0,50,,stopped,0.0,0.0,0.499,
2026-08-06T18:33:14.218,570.461,guiding_to_goal,35.9191359,139.90922838333333,21.606,0.1389,True,28,1,35.91912968333333,139.90919718333333,2.8933718245795426,,33.37,1008.3583203125,55.1318359375,208.0625,-1.4375,-11.3125,-0.23,1.9,9.42,0.0625,0.0625,-0.0625,50,,stopped,0.0,0.0,0.499,
2026-08-06T18:33:14.718,570.961,guiding_to_goal,35.91913508333333,139.90922538333334,21.624,0.2057777777777778,True,28,1,35.91912968333333,139.90919718333333,2.609454532328927,,33.37,1008.29578125,54.7158203125,208.0625,-1.4375,-11.3125,-0.25,1.87,9.45,-0.125,0.0,0.0625,50,,stopped,0.0,0.0,0.499,
2026-08-06T18:33:15.629,571.872,guiding_to_goal,35.91913508333333,139.90922538333334,21.624,0.2057777777777778,True,28,1,35.91912968333333,139.90919718333333,2.609454532328927,,33.37,1008.37765625,55.2236328125,208.0625,-1.4375,-11.3125,-0.24,1.89,9.44,0.0,0.125,0.125,50,,stopped,0.0,0.0,0.499,
2026-08-06T18:33:16.129,572.372,guiding_to_goal,35.91913508333333,139.90922458333333,21.63,0.0051444444444444445,True,28,1,35.91912968333333,139.90919718333333,2.539401221806871,,33.36,1008.334140625,55.072265625,208.0625,-1.4375,-11.3125,-0.23,1.89,9.44,0.125,-0.125,0.0,50,,stopped,0.0,0.0,0.499,
2026-08-06T18:33:16.630,572.873,guiding_to_goal,35.91913508333333,139.90922458333333,21.63,0.0051444444444444445,True,28,1,35.91912968333333,139.90919718333333,2.539401221806871,,33.37,1008.3503515625,55.0849609375,208.0625,-1.4375,-11.3125,-0.25,1.88,9.41,0.0625,-0.125,0.125,50,,stopped,0.0,0.0,0.499,
2026-08-06T18:33:17.130,573.373,guiding_to_goal,35.919134983333336,139.90922458333333,21.636,0.10803333333333333,True,28,1,35.91912968333333,139.90919718333333,2.5367949779712524,,33.36,1008.38875,55.060546875,208.0625,-1.4375,-11.3125,-0.24,1.92,9.46,0.0625,0.0,-0.0625,50,,stopped,0.0,0.0,0.499,
2026-08-06T18:33:17.631,573.874,guiding_to_goal,35.919134983333336,139.90922458333333,21.636,0.10803333333333333,True,28,1,35.91912968333333,139.90919718333333,2.5367949779712524,,33.36,1008.334140625,55.060546875,208.0625,-1.4375,-11.3125,-0.25,1.9,9.45,0.0625,0.1875,-0.1875,50,,stopped,0.0,0.0,0.499,
2026-08-06T18:33:18.136,574.379,guiding_to_goal,35.919134883333335,139.90922458333333,21.639,0.1028888888888889,True,28,1,35.91912968333333,139.90919718333333,2.53423484320165,,33.36,1008.3969921875,55.0615234375,208.0625,-1.4375,-11.3125,-0.26,1.9,9.43,0.0625,0.0,-0.1875,50,,stopped,0.0,0.0,0.5,
2026-08-06T18:33:18.663,574.906,guiding_to_goal,35.919134883333335,139.90922458333333,21.639,0.1028888888888889,True,28,1,35.91912968333333,139.90919718333333,2.53423484320165,,33.36,1008.342421875,55.1884765625,208.0625,-1.4375,-11.3125,-0.25,1.9,9.47,0.0,0.1875,-0.0625,50,,stopped,0.0,0.0,0.5,
2026-08-06T18:33:19.163,575.406,guiding_to_goal,35.9191348,139.90922448333333,21.64,0.17491111111111113,True,28,1,35.91912968333333,139.90919718333333,2.523362716653424,,33.35,1008.3182421875,55.0712890625,208.0625,-1.4375,-11.3125,-0.26,1.9,9.44,0.0,0.0625,-0.0625,50,,stopped,0.0,0.0,0.499,
2026-08-06T18:33:19.663,575.906,guiding_to_goal,35.9191348,139.90922448333333,21.64,0.17491111111111113,True,28,1,35.91912968333333,139.90919718333333,2.523362716653424,,33.35,1008.5911328125,55.0830078125,208.0625,-1.4375,-11.3125,-0.25,1.9,9.41,0.0625,0.0625,0.125,50,,stopped,0.0,0.0,0.499,
2026-08-06T18:33:20.164,576.407,guiding_to_goal,35.91913458333333,139.90922418333332,21.648,0.26236666666666664,True,28,1,35.91912968333333,139.90919718333333,2.491671645222201,,33.36,1008.3614453125,55.3037109375,205.0,-1.875,-11.3125,-0.32,1.94,9.42,0.0,-0.125,-0.1875,50,,turn_right,5.0,-5.0,0.418,
2026-08-06T18:33:20.664,576.907,guiding_to_goal,35.91913458333333,139.90922418333332,21.648,0.26236666666666664,True,28,1,35.91912968333333,139.90919718333333,2.491671645222201,,33.35,1008.2909375,55.10546875,205.0,-1.875,-11.375,-0.17,1.87,9.5,5.6875,1.125,-1.0,50,,turn_right,20.0,-20.0,0.418,
2026-08-06T18:33:21.165,577.408,guiding_to_goal,35.91913318333334,139.9092233,21.629,0.05144444444444445,True,28,1,35.91912968333333,139.90919718333333,2.3838089183209634,,33.36,1008.2878125,55.142578125,207.1875,-2.0625,-11.25,-0.31,1.92,9.41,0.0625,-0.0625,-0.0625,50,,stopped,0.0,0.0,0.411,
2026-08-06T18:33:21.665,577.908,guiding_to_goal,35.91913318333334,139.9092233,21.629,0.05144444444444445,True,28,1,35.91912968333333,139.90919718333333,2.3838089183209634,,33.35,1008.3262109375,55.12890625,207.1875,-2.0625,-11.25,-0.33,1.92,9.44,0.0625,0.0,-0.1875,50,,stopped,0.0,0.0,0.411,
2026-08-06T18:33:22.165,578.408,guiding_to_goal,35.91913318333334,139.90922368333332,21.631,0.020577777777777778,True,28,1,35.91912968333333,139.90919718333333,2.417871788127189,,33.36,1008.334140625,55.1650390625,207.1875,-2.0,-11.25,-0.32,1.94,9.44,0.0,0.0625,0.0625,50,,stopped,0.0,0.0,0.411,
2026-08-06T18:33:22.666,578.909,guiding_to_goal,35.91913318333334,139.90922368333332,21.631,0.020577777777777778,True,28,1,35.91912968333333,139.90919718333333,2.417871788127189,,33.37,1008.3503515625,55.142578125,207.1875,-2.0,-11.25,-0.32,1.94,9.43,0.0,0.0,0.0625,50,,stopped,0.0,0.0,0.411,
2026-08-06T18:33:23.166,579.409,guiding_to_goal,35.91913328333333,139.90922398333333,21.634,0.030866666666666664,True,28,1,35.91912968333333,139.90919718333333,2.446333529155346,,33.37,1008.30375,55.1669921875,207.1875,-2.0,-11.25,-0.33,1.92,9.45,0.0625,0.0625,0.125,50,,stopped,0.0,0.0,0.411,
2026-08-06T18:33:23.667,579.910,guiding_to_goal,35.91913328333333,139.90922398333333,21.634,0.030866666666666664,True,28,1,35.91912968333333,139.90919718333333,2.446333529155346,,32.72,1007.3421875,55.169921875,207.1875,-2.0,-11.25,-0.33,1.94,9.43,-0.0625,0.125,-0.125,50,,stopped,0.0,0.0,0.411,
2026-08-06T18:33:24.171,580.414,guiding_to_goal,35.91913338333333,139.90922418333332,21.637,0.0463,True,28,1,35.91912968333333,139.90919718333333,2.4659334906752948,,33.36,1008.260546875,55.2001953125,207.1875,-2.0,-11.25,-0.3,1.92,9.46,-0.0625,0.0,0.0625,50,,stopped,0.0,0.0,0.41,
2026-08-06T18:33:24.686,580.929,guiding_to_goal,35.91913338333333,139.90922418333332,21.637,0.0463,True,28,1,35.91912968333333,139.90919718333333,2.4659334906752948,,31.58,1005.5502734375,55.158203125,207.1875,-2.0,-11.25,-0.33,1.94,9.42,0.125,-0.1875,0.0,50,,stopped,0.0,0.0,0.41,
2026-08-06T18:33:25.192,581.435,guiding_to_goal,35.9191335,139.90922418333332,21.639,0.08745555555555556,True,28,1,35.91912968333333,139.90919718333333,2.468131031047862,,33.37,1008.29578125,55.0732421875,207.1875,-2.0,-11.25,-0.35,1.96,9.43,0.0,-0.0625,-0.125,50,,stopped,0.0,0.0,0.411,
2026-08-06T18:33:25.697,581.940,guiding_to_goal,35.9191335,139.90922418333332,21.639,0.08745555555555556,True,28,1,35.91912968333333,139.90919718333333,2.468131031047862,,33.35,1008.3262109375,55.3486328125,207.1875,-2.0,-11.25,-0.32,1.93,9.42,-0.0625,0.0,0.0625,50,,stopped,0.0,0.0,0.411,
2026-08-06T18:33:26.197,582.440,guiding_to_goal,35.919133583333334,139.90922438333334,21.643,0.2520777777777778,True,28,1,35.91912968333333,139.90919718333333,2.487473571106456,,33.37,1008.3503515625,55.130859375,207.1875,-2.0,-11.25,-0.32,1.91,9.42,0.0,0.0,0.125,50,,stopped,0.0,0.0,0.411,
2026-08-06T18:33:26.702,582.945,guiding_to_goal,35.919133583333334,139.90922438333334,21.643,0.2520777777777778,True,28,1,35.91912968333333,139.90919718333333,2.487473571106456,,33.37,1008.3503515625,55.142578125,207.1875,-2.0,-11.25,-0.33,1.94,9.44,-0.0625,0.0625,0.0,50,,stopped,0.0,0.0,0.411,
2026-08-06T18:33:27.202,583.445,guiding_to_goal,35.91913458333333,139.90922588333333,21.651,0.07716666666666668,True,28,1,35.91912968333333,139.90919718333333,2.6412651747217324,,33.38,1008.37421875,55.0986328125,207.1875,-2.0,-11.25,-0.33,1.94,9.42,0.0625,-0.0625,0.125,50,,stopped,0.0,0.0,0.411,
2026-08-06T18:33:27.702,583.945,guiding_to_goal,35.91913458333333,139.90922588333333,21.651,0.07716666666666668,True,28,1,35.91912968333333,139.90919718333333,2.6412651747217324,,33.37,1008.30375,55.109375,207.1875,-2.0,-11.25,-0.31,1.93,9.44,-0.0625,0.0625,-0.125,50,,stopped,0.0,0.0,0.411,
2026-08-06T18:33:28.203,584.446,guiding_to_goal,35.9191347,139.9092262,21.653,0.08745555555555556,True,28,1,35.91912968333333,139.90919718333333,2.6718526856452915,,33.37,1008.3583203125,55.109375,207.1875,-2.0,-11.25,-0.31,1.96,9.4,0.0,-0.0625,-0.0625,50,,stopped,0.0,0.0,0.411,
2026-08-06T18:33:28.704,584.947,guiding_to_goal,35.9191347,139.9092262,21.653,0.08745555555555556,True,28,1,35.91912968333333,139.90919718333333,2.6718526856452915,,33.38,1008.3116796875,55.0859375,207.1875,-2.0,-11.25,-0.3,1.93,9.44,-0.125,-0.0625,0.0,50,,stopped,0.0,0.0,0.411,
2026-08-06T18:33:29.204,585.447,guiding_to_goal,35.9191348,139.90922638333333,21.655,0.030866666666666664,True,28,1,35.91912968333333,139.90919718333333,2.690329941692721,,33.39,1008.3276171875,55.0986328125,207.1875,-2.0,-11.25,-0.32,1.93,9.43,8.0625,0.0,-0.1875,50,,stopped,0.0,0.0,0.411,
2026-08-06T18:33:29.704,585.947,guiding_to_goal,35.9191348,139.90922638333333,21.655,0.030866666666666664,True,28,1,35.91912968333333,139.90919718333333,2.690329941692721,,33.38,1008.22984375,55.07421875,207.1875,-2.0,-11.25,-0.29,1.95,9.42,0.0,0.125,0.0,50,,stopped,0.0,0.0,0.411,
2026-08-06T18:33:30.206,586.449,guiding_to_goal,35.9191348,139.90922648333333,21.658,0.05658888888888889,True,28,1,35.91912968333333,139.90919718333333,2.699132016115571,,33.4,1008.3165234375,55.0771484375,207.1875,-2.0,-11.25,-0.33,1.93,9.42,0.0,0.1875,0.0,50,,turn_right,5.0,-5.0,0.411,
2026-08-06T18:33:30.706,586.949,guiding_to_goal,35.9191348,139.90922648333333,21.658,0.05658888888888889,True,28,1,35.91912968333333,139.90919718333333,2.699132016115571,,33.4,1008.2892578125,55.087890625,207.1875,-2.0625,-11.25,-0.25,2.2,9.43,-3.625,0.25,-1.25,50,,turn_right,15.0,-15.0,0.411,
2026-08-06T18:33:31.207,587.450,guiding_to_goal,35.919134983333336,139.90922658333332,21.667,0.05658888888888889,True,28,1,35.91912968333333,139.90919718333333,2.7122917713839003,,33.4,1008.343828125,55.0537109375,265.625,-1.4375,-9.0,-2.35,1.63,7.7,-16.4375,-29.3125,-91.8125,50,,stopped,0.0,0.0,5.126,
2026-08-06T18:33:31.707,587.950,guiding_to_goal,35.919134983333336,139.90922658333332,21.667,0.05658888888888889,True,28,1,35.91912968333333,139.90919718333333,2.7122917713839003,,33.4,1008.3165234375,55.0537109375,268.875,-0.75,-8.4375,0.96,0.97,8.93,0.75,3.5,10.9375,50,,stopped,0.0,0.0,5.02,
2026-08-06T18:33:32.207,588.450,guiding_to_goal,35.91913518333333,139.90922688333333,21.676,0.12861111111111112,True,28,1,35.91912968333333,139.90919718333333,2.7435394185610544,,33.39,1008.2537109375,55.0537109375,258.6875,-0.875,-9.5625,-0.28,1.78,9.25,4.3125,6.5,43.5625,178,,turn_left,-25.0,25.0,5.221,
2026-08-06T18:33:32.708,588.951,guiding_to_goal,35.91913518333333,139.90922688333333,21.676,0.12861111111111112,True,28,1,35.91912968333333,139.90919718333333,2.7435394185610544,,33.4,1008.351796875,54.916015625,253.625,-1.125,-10.0625,1.41,1.67,9.36,11.625,17.0625,73.25,114,,turn_left,-25.0,25.0,0.98,
2026-08-06T18:33:33.208,589.451,guiding_to_goal,35.9191353,139.90922698333333,21.683,0.06687777777777779,True,28,1,35.91912968333333,139.90919718333333,2.755230247170785,,33.41,1008.422265625,55.021484375,242.9375,-1.9375,-10.25,-0.32,1.78,9.46,0.0625,-0.0625,0.25,242,,turn_right,5.0,-5.0,1.065,
2026-08-06T18:33:33.708,589.951,guiding_to_goal,35.9191353,139.90922698333333,21.683,0.06687777777777779,True,28,1,35.91912968333333,139.90919718333333,2.755230247170785,,33.41,1008.2585546875,55.0439453125,242.9375,-2.0,-10.25,0.01,1.88,9.69,-0.5625,3.1875,-2.3125,242,,turn_right,20.0,-20.0,1.065,
2026-08-06T18:33:34.209,590.452,guiding_to_goal,35.9191354,139.90922698333333,21.694,0.06173333333333333,True,28,1,35.91912968333333,139.90919718333333,2.757772034196979,,33.41,1008.359765625,55.03125,244.9375,-1.9375,-9.9375,-0.42,1.78,9.47,-0.0625,0.0,0.0,50,,stopped,0.0,0.0,1.007,
2026-08-06T18:33:34.709,590.952,guiding_to_goal,35.9191354,139.90922698333333,21.694,0.06173333333333333,True,28,1,35.91912968333333,139.90919718333333,2.757772034196979,,33.4,1008.269921875,55.04296875,244.9375,-1.9375,-10.0,-0.38,1.72,9.46,0.0,0.1875,-0.25,50,,stopped,0.0,0.0,1.007,
2026-08-06T18:33:35.210,591.453,guiding_to_goal,35.919135483333335,139.90922678333334,21.704,0.06687777777777779,True,28,1,35.91912968333333,139.90919718333333,2.742414329665712,,33.41,1008.2585546875,54.974609375,244.9375,-2.0,-10.0625,-0.36,1.75,9.46,0.0,-0.1875,0.0625,50,,stopped,0.0,0.0,1.007,
2026-08-06T18:33:35.710,591.953,guiding_to_goal,35.919135483333335,139.90922678333334,21.704,0.06687777777777779,True,28,1,35.91912968333333,139.90919718333333,2.742414329665712,,33.41,1008.22328125,55.03125,244.9375,-2.0,-10.0625,-0.35,1.73,9.47,0.0,-0.0625,0.125,50,,stopped,0.0,0.0,1.007,
2026-08-06T18:33:36.214,592.457,guiding_to_goal,35.919135483333335,139.90922678333334,21.703,0.0463,True,28,1,35.91912968333333,139.90919718333333,2.742414329665712,,33.41,1008.277890625,55.1240234375,244.9375,-2.0,-10.0625,-0.37,1.71,9.47,0.0,0.125,0.0,50,,stopped,0.0,0.0,1.007,
2026-08-06T18:33:36.714,592.957,guiding_to_goal,35.919135483333335,139.90922678333334,21.703,0.0463,True,28,1,35.91912968333333,139.90919718333333,2.742414329665712,,33.4,1008.3244921875,55.1005859375,244.9375,-2.0,-10.0625,-0.36,1.73,9.46,0.0,-0.1875,0.125,50,,stopped,0.0,0.0,1.007,
2026-08-06T18:33:37.236,593.479,guiding_to_goal,35.919135483333335,139.90922678333334,21.703,0.030866666666666664,True,28,1,35.91912968333333,139.90919718333333,2.742414329665712,,33.4,1008.343828125,55.134765625,244.9375,-2.0,-10.0625,-0.36,1.73,9.47,-0.0625,0.0,-0.0625,50,,stopped,0.0,0.0,1.008,
2026-08-06T18:33:37.747,593.990,guiding_to_goal,35.919135483333335,139.90922678333334,21.703,0.030866666666666664,True,28,1,35.91912968333333,139.90919718333333,2.742414329665712,,33.41,1008.359765625,55.1240234375,244.9375,-2.0,-10.0625,-0.36,1.74,9.46,0.0,-0.0625,0.0,50,,stopped,0.0,0.0,1.007,
2026-08-06T18:33:38.247,594.490,guiding_to_goal,35.919135483333335,139.90922678333334,21.703,0.08745555555555556,True,28,1,35.91912968333333,139.90919718333333,2.742414329665712,,33.4,1008.3244921875,55.1474609375,244.9375,-2.0,-10.0625,-0.36,1.75,9.46,0.0,-0.125,0.0625,50,,stopped,0.0,0.0,1.008,
2026-08-06T18:33:38.757,595.000,guiding_to_goal,35.919135483333335,139.90922678333334,21.703,0.08745555555555556,True,28,1,35.91912968333333,139.90919718333333,2.742414329665712,,33.4,1008.261953125,55.25,244.9375,-2.0,-10.0625,-0.35,1.74,9.47,-0.0625,0.0,-0.125,50,,stopped,0.0,0.0,1.007,
2026-08-06T18:33:39.261,595.504,guiding_to_goal,35.919135483333335,139.90922678333334,21.703,0.1852,True,28,1,35.91912968333333,139.90919718333333,2.742414329665712,,33.4,1008.2346875,55.099609375,244.9375,-2.0,-10.0625,-0.38,1.74,9.47,0.0625,8.25,0.0625,50,,stopped,0.0,0.0,1.008,
2026-08-06T18:33:39.771,596.014,guiding_to_goal,35.919135483333335,139.90922678333334,21.703,0.1852,True,28,1,35.91912968333333,139.90919718333333,2.742414329665712,,32.74,1007.3660546875,55.0791015625,244.9375,-2.0,-10.0625,-0.36,1.74,9.49,0.0,0.0625,0.0,50,,stopped,0.0,0.0,1.008,
2026-08-06T18:33:40.281,596.524,guiding_to_goal,35.91913518333333,139.90922648333333,21.704,0.14404444444444445,True,28,1,35.91912968333333,139.90919718333333,2.708437357654153,,33.39,1008.335546875,55.111328125,244.9375,-2.0,-10.0625,-0.35,1.75,9.46,0.0,0.0,0.0625,50,,stopped,0.0,0.0,1.007,
2026-08-06T18:33:40.791,597.034,guiding_to_goal,35.91913518333333,139.90922648333333,21.704,0.14404444444444445,True,28,1,35.91912968333333,139.90919718333333,2.708437357654153,,33.4,1008.343828125,55.111328125,244.9375,-2.0,-10.0625,-0.34,1.74,9.45,-0.0625,-0.125,0.125,50,,stopped,0.0,0.0,1.007,
2026-08-06T18:33:41.296,597.539,guiding_to_goal,35.9191353,139.90922648333333,21.706,0.14404444444444445,True,28,1,35.91912968333333,139.90919718333333,2.7113960861162503,,33.38,1008.265078125,55.1103515625,244.9375,-2.0,-10.0625,-0.35,1.75,9.46,0.0625,0.0625,-0.0625,50,,stopped,0.0,0.0,1.008,
2026-08-06T18:33:41.796,598.039,guiding_to_goal,35.9191353,139.90922648333333,21.706,0.14404444444444445,True,28,1,35.91912968333333,139.90919718333333,2.7113960861162503,,33.39,1008.354921875,55.1220703125,244.9375,-2.0,-2.0625,-0.36,1.74,9.46,-0.0625,0.0,-0.125,50,,stopped,0.0,0.0,1.008,
2026-08-06T18:33:42.297,598.540,guiding_to_goal,35.9191353,139.90922678333334,21.708,0.06687777777777779,True,28,1,35.91912968333333,139.90919718333333,2.7376919440571306,,33.39,1008.3276171875,55.1103515625,244.9375,-2.0,-10.0625,-0.35,1.77,9.45,-0.0625,-0.0625,0.0625,50,,stopped,0.0,0.0,1.008,
2026-08-06T18:33:42.810,599.052,guiding_to_goal,35.9191353,139.90922678333334,21.708,0.06687777777777779,True,28,1,35.91912968333333,139.90919718333333,2.7376919440571306,,31.08,1004.6851171875,54.90234375,244.9375,-2.0,-10.0625,-0.39,1.73,9.46,0.0,-0.125,0.0,50,,stopped,0.0,0.0,1.007,
2026-08-06T18:33:43.310,599.553,guiding_to_goal,35.9191353,139.90922678333334,21.71,0.14404444444444445,True,28,1,35.91912968333333,139.90919718333333,2.7376919440571306,,33.39,1008.273046875,55.1103515625,259.125,-1.5625,-9.9375,-0.25,1.09,10.2,4.25,-0.6875,-54.875,50,,stopped,0.0,0.0,5.168,
2026-08-06T18:33:43.810,600.053,guiding_to_goal,35.9191353,139.90922678333334,21.71,0.14404444444444445,True,28,1,35.91912968333333,139.90919718333333,2.7376919440571306,,33.39,1008.3276171875,55.1337890625,262.1875,-1.5625,-10.625,-0.33,1.49,9.47,-7.5,-6.75,2.5,50,,stopped,0.0,0.0,5.176,
2026-08-06T18:33:44.311,600.554,guiding_to_goal,35.9191354,139.90922658333332,21.719,0.05144444444444445,True,28,1,35.91912968333333,139.90919718333333,2.722734331767149,,33.39,1008.354921875,55.16796875,262.125,-1.5625,-10.75,-0.28,1.88,9.44,0.0625,-0.125,0.125,50,,stopped,0.0,0.0,5.167,
2026-08-06T18:33:44.821,601.064,guiding_to_goal,35.9191354,139.90922658333332,21.719,0.05144444444444445,True,28,1,35.91912968333333,139.90919718333333,2.722734331767149,,33.39,1008.3276171875,55.1796875,262.125,-1.5625,-10.75,-0.3,1.9,9.45,0.0625,-0.0625,-0.0625,50,,stopped,0.0,0.0,5.171,
2026-08-06T18:33:45.312,601.555,guiding_to_goal,35.919135483333335,139.90922658333332,21.724,0.12861111111111112,True,28,1,35.91912968333333,139.90919718333333,2.724912574503792,,33.38,1008.3469140625,55.2373046875,262.125,-1.625,-10.8125,-0.3,1.87,9.42,0.125,-0.0625,-0.1875,50,,stopped,0.0,0.0,5.176,
2026-08-06T18:33:45.812,602.055,guiding_to_goal,35.919135483333335,139.90922658333332,21.724,0.12861111111111112,True,28,1,35.91912968333333,139.90919718333333,2.724912574503792,,33.37,1008.3310546875,55.1904296875,262.125,-1.625,-10.8125,-0.31,1.88,9.44,-0.125,-0.0625,-0.0625,50,,stopped,0.0,0.0,5.177,
2026-08-06T18:33:46.312,602.555,guiding_to_goal,35.91913578333333,139.90922658333332,21.726,0.08745555555555556,True,28,1,35.91912968333333,139.90919718333333,2.7330000190997388,,33.37,1008.323046875,55.02734375,262.125,-1.625,-10.8125,-0.3,1.88,9.45,0.0625,0.0,0.0,50,,stopped,0.0,0.0,5.177,
2026-08-06T18:33:46.813,603.056,guiding_to_goal,35.91913578333333,139.90922658333332,21.726,0.08745555555555556,True,28,1,35.91912968333333,139.90919718333333,2.7330000190997388,,33.38,1008.338984375,55.3515625,262.125,-1.625,-10.8125,-0.31,1.86,9.42,0.0,0.0625,0.0,50,,stopped,0.0,0.0,5.176,
2026-08-06T18:33:47.314,603.557,guiding_to_goal,35.91913578333333,139.9092267,21.726,0.15947777777777777,True,28,1,35.91912968333333,139.90919718333333,2.7431784779563446,,33.37,1008.30375,55.09765625,262.125,-1.625,-10.8125,-0.3,1.87,9.46,-0.0625,-0.1875,0.0625,50,,stopped,0.0,0.0,5.168,
2026-08-06T18:33:47.832,604.075,guiding_to_goal,35.91913578333333,139.9092267,21.726,0.15947777777777777,True,28,1,35.91912968333333,139.90919718333333,2.7431784779563446,,33.36,1008.2878125,55.1083984375,262.125,-1.625,-10.8125,-0.3,1.88,9.44,0.125,0.0,0.0,50,,stopped,0.0,0.0,5.168,
2026-08-06T18:33:48.332,604.575,guiding_to_goal,35.9191359,139.90922698333333,21.724,0.2212111111111111,True,28,1,35.91912968333333,139.90919718333333,2.771115348280828,,33.37,1008.3503515625,55.0966796875,262.125,-1.625,-10.8125,-0.31,1.87,9.45,-0.125,0.125,0.0,50,,stopped,0.0,0.0,5.173,
2026-08-06T18:33:48.833,605.076,guiding_to_goal,35.9191359,139.90922698333333,21.724,0.2212111111111111,True,28,1,35.91912968333333,139.90919718333333,2.771115348280828,,33.37,1008.3310546875,55.12109375,262.125,-1.625,-10.8125,-0.3,1.87,9.44,-0.0625,0.0,0.0,50,,stopped,0.0,0.0,5.17,
2026-08-06T18:33:49.333,605.576,guiding_to_goal,35.91913638333333,139.90922778333334,21.722,0.03601111111111111,True,28,1,35.91912968333333,139.90919718333333,2.8544885325811493,,33.37,1008.29578125,55.1201171875,262.125,-1.625,-10.8125,-0.3,1.88,9.44,0.0,0.125,0.0,50,,stopped,0.0,0.0,5.178,
2026-08-06T18:33:49.834,606.076,guiding_to_goal,35.91913638333333,139.90922778333334,21.722,0.03601111111111111,True,28,1,35.91912968333333,139.90919718333333,2.8544885325811493,,33.37,1008.29578125,55.1201171875,262.125,-1.625,-10.8125,-0.3,1.87,9.43,0.0625,0.0,-0.125,50,,stopped,0.0,0.0,5.177,
2026-08-06T18:33:50.334,606.577,guiding_to_goal,35.9191366,139.9092277,21.719,0.0463,True,28,1,35.91912968333333,139.90919718333333,2.8536437470865983,,33.41,1008.359765625,55.04296875,262.125,-1.625,-10.8125,-0.31,1.87,9.45,-0.0625,0.0,0.1875,50,,stopped,0.0,0.0,5.172,
2026-08-06T18:33:50.834,607.077,guiding_to_goal,35.9191366,139.9092277,21.719,0.0463,True,28,1,35.91912968333333,139.90919718333333,2.8536437470865983,,33.4,1008.2972265625,55.1005859375,262.125,-1.625,-10.8125,-0.3,1.9,9.46,0.0,0.0625,0.125,50,,stopped,0.0,0.0,5.171,
2026-08-06T18:33:51.335,607.578,guiding_to_goal,35.919136683333335,139.9092277,21.716,0.1389,True,28,1,35.91912968333333,139.90919718333333,2.8561550718327364,,30.46,1003.7260546875,55.01171875,262.125,-1.625,-10.8125,-0.32,1.89,9.42,0.0,-0.0625,0.0,50,,stopped,0.0,0.0,5.175,
2026-08-06T18:33:51.835,608.078,guiding_to_goal,35.919136683333335,139.9092277,21.716,0.1389,True,28,1,35.91912968333333,139.90919718333333,2.8561550718327364,,33.39,1008.3276171875,55.0986328125,262.125,-1.625,-10.8125,-0.28,1.87,9.45,0.0625,0.0625,0.1875,50,,stopped,0.0,0.0,5.171,
2026-08-06T18:33:52.336,608.579,guiding_to_goal,35.91913688333333,139.90922738333333,21.715,0.11317777777777778,True,28,1,35.91912968333333,139.90919718333333,2.834929012497532,,33.38,1008.3196484375,54.8564453125,223.375,-1.0625,-11.625,0.52,1.91,9.36,5.3125,14.6875,37.125,50,,stopped,0.0,0.0,0.439,
2026-08-06T18:33:52.836,609.079,guiding_to_goal,35.91913688333333,139.90922738333333,21.715,0.11317777777777778,True,28,1,35.91912968333333,139.90919718333333,2.834929012497532,,33.39,1008.354921875,55.0751953125,222.625,-1.3125,-11.375,-1.16,1.47,9.59,2.3125,3.6875,-4.375,50,,stopped,0.0,0.0,0.451,
2026-08-06T18:33:53.337,609.580,guiding_to_goal,35.91913688333333,139.90922678333334,21.715,0.11317777777777778,True,28,1,35.91912968333333,139.90919718333333,2.7831397202076307,,33.4,1008.261953125,55.0419921875,222.8125,-1.25,-11.375,-0.24,1.83,9.44,-0.0625,0.0,0.0,242,,stopped,0.0,0.0,0.469,
2026-08-06T18:33:53.837,610.080,guiding_to_goal,35.91913688333333,139.90922678333334,21.715,0.11317777777777778,True,28,1,35.91912968333333,139.90919718333333,2.7831397202076307,,33.41,1008.277890625,55.04296875,222.8125,-1.25,-11.3125,-0.24,1.83,9.45,0.125,0.0,0.0,242,,stopped,0.0,0.0,0.471,
2026-08-06T18:33:54.338,610.581,guiding_to_goal,35.91913688333333,139.90922638333333,21.718,0.07716666666666668,True,28,1,35.91912968333333,139.90919718333333,2.748661459022323,,33.39,1008.3821875,55.017578125,222.8125,-1.25,-11.3125,-0.22,1.83,9.47,-0.0625,0.0,0.0,242,,stopped,0.0,0.0,0.47,
2026-08-06T18:33:54.840,611.083,guiding_to_goal,35.91913688333333,139.90922638333333,21.718,0.07716666666666668,True,28,1,35.91912968333333,139.90919718333333,2.748661459022323,,33.4,1008.3711328125,55.0302734375,222.8125,-1.25,-11.3125,-0.21,1.87,9.43,-0.125,0.0,0.0625,242,,stopped,0.0,0.0,0.469,
2026-08-06T18:33:55.342,611.585,guiding_to_goal,35.91913688333333,139.9092262,21.717,0.05658888888888889,True,28,1,35.91912968333333,139.90919718333333,2.732872217638435,,33.41,1008.359765625,55.0205078125,222.8125,-1.25,-11.3125,-0.25,1.84,9.48,0.0625,0.0625,0.0625,242,,stopped,0.0,0.0,0.47,
2026-08-06T18:33:55.846,612.089,guiding_to_goal,35.91913688333333,139.9092262,21.717,0.05658888888888889,True,28,1,35.91912968333333,139.90919718333333,2.732872217638435,,33.41,1008.277890625,55.0087890625,222.8125,-1.25,-11.3125,-0.25,1.83,9.46,0.0625,-0.125,0.125,242,,stopped,0.0,0.0,0.469,
2026-08-06T18:33:56.352,612.595,guiding_to_goal,35.91913698333333,139.90922598333333,21.714,0.0926,True,28,1,35.91912968333333,139.90919718333333,2.7175238909282324,,33.43,1008.2823828125,55.01171875,222.8125,-1.25,-11.3125,-0.22,1.84,9.45,0.0625,0.0,-0.125,242,,stopped,0.0,0.0,0.47,
2026-08-06T18:33:56.852,613.095,guiding_to_goal,35.91913698333333,139.90922598333333,21.714,0.0926,True,28,1,35.91912968333333,139.90919718333333,2.7175238909282324,,33.42,1008.356328125,55.0107421875,222.8125,-1.25,-11.3125,-0.21,1.83,9.44,0.0,0.125,-0.0625,242,,stopped,0.0,0.0,0.471,
2026-08-06T18:33:57.354,613.597,guiding_to_goal,35.9191371,139.9092258,21.711,0.07716666666666668,True,28,1,35.91912968333333,139.90919718333333,2.7056986170719357,,33.44,1008.2440625,55.0244140625,222.8125,-1.25,-11.3125,-0.24,1.85,9.44,0.0,0.0625,0.0,242,,stopped,0.0,0.0,0.471,
2026-08-06T18:33:57.859,614.102,guiding_to_goal,35.9191371,139.9092258,21.711,0.07716666666666668,True,28,1,35.91912968333333,139.90919718333333,2.7056986170719357,,33.43,1008.3179296875,55.0234375,222.8125,-1.25,-11.3125,-0.23,1.83,9.45,-0.0625,-0.0625,-0.1875,242,,stopped,0.0,0.0,0.471,
2026-08-06T18:33:58.360,614.603,guiding_to_goal,35.9191372,139.90922538333334,21.706,0.07716666666666668,True,28,1,35.91912968333333,139.90919718333333,2.6734428180256873,,33.45,1008.259921875,55.025390625,222.8125,-1.25,-11.3125,-0.25,1.83,9.44,0.0,0.0625,0.0,242,,stopped,0.0,0.0,0.47,
2026-08-06T18:33:58.861,615.104,guiding_to_goal,35.9191372,139.90922538333334,21.706,0.07716666666666668,True,28,1,35.91912968333333,139.90919718333333,2.6734428180256873,,33.47,1008.2920703125,55.0283203125,222.8125,-1.25,-11.3125,-0.22,1.82,9.46,0.0,0.0,-0.0625,242,,stopped,0.0,0.0,0.471,
2026-08-06T18:33:59.368,615.611,guiding_to_goal,35.919137283333335,139.90922508333333,21.704,0.05144444444444445,True,28,1,35.91912968333333,139.90919718333333,2.650734865302322,,33.47,1008.3003125,54.9814453125,222.8125,-1.25,-11.3125,-0.22,1.84,9.47,0.0625,0.0,0.125,242,,stopped,0.0,0.0,0.47,
2026-08-06T18:33:59.868,616.111,guiding_to_goal,35.919137283333335,139.90922508333333,21.704,0.05144444444444445,True,28,1,35.91912968333333,139.90919718333333,2.650734865302322,,33.47,1008.354921875,54.9697265625,222.8125,-1.25,-11.3125,-0.23,1.84,9.44,8.0625,0.0,-0.0625,242,,stopped,0.0,0.0,0.47,
2026-08-06T18:34:00.369,616.612,guiding_to_goal,35.919137283333335,139.90922498333333,21.705,0.09774444444444444,True,28,1,35.91912968333333,139.90919718333333,2.6422012490275457,,33.06,1007.6793359375,54.8984375,222.8125,-1.25,-11.3125,-0.23,1.85,9.46,0.0625,0.0,0.0625,242,,stopped,0.0,0.0,0.47,
2026-08-06T18:34:00.870,617.113,guiding_to_goal,35.919137283333335,139.90922498333333,21.705,0.09774444444444444,True,28,1,35.91912968333333,139.90919718333333,2.6422012490275457,,33.49,1008.3241796875,54.9384765625,222.8125,-1.25,-11.3125,-0.22,1.85,9.43,0.0,0.0,0.0625,242,,stopped,0.0,0.0,0.47,
2026-08-06T18:34:01.370,617.613,guiding_to_goal,35.91913748333333,139.90922498333333,21.704,0.19548888888888888,True,28,1,35.91912968333333,139.90919718333333,2.6493979511740218,,33.5,1008.3483984375,54.8935546875,222.8125,-1.25,-11.3125,-0.23,1.83,9.47,0.0,0.0625,0.0625,242,,stopped,0.0,0.0,0.472,
2026-08-06T18:34:01.870,618.113,guiding_to_goal,35.91913748333333,139.90922498333333,21.704,0.19548888888888888,True,28,1,35.91912968333333,139.90919718333333,2.6493979511740218,,33.51,1008.356328125,54.8828125,222.8125,-1.25,-11.3125,-0.25,1.83,9.46,-0.0625,0.0625,0.0,242,,stopped,0.0,0.0,0.47,
2026-08-06T18:34:02.371,618.614,guiding_to_goal,35.91913758333333,139.9092243,21.704,0.05658888888888889,True,28,1,35.91912968333333,139.90919718333333,2.5950751188381402,,33.51,1008.356328125,54.8720703125,198.9375,-0.8125,-12.25,-0.5,1.63,9.83,-20.25,1.6875,26.0625,178,,stopped,0.0,0.0,0.397,
2026-08-06T18:34:02.871,619.114,guiding_to_goal,35.91913758333333,139.9092243,21.704,0.05658888888888889,True,28,1,35.91912968333333,139.90919718333333,2.5950751188381402,,33.5,1008.3483984375,54.8701171875,198.375,-1.1875,-11.9375,-2.05,2.28,9.13,-3.5,0.6875,-6.0625,114,,stopped,0.0,0.0,0.409,
2026-08-06T18:34:03.382,619.625,guiding_to_goal,35.9191378,139.90922398333333,21.692,0.0926,True,28,1,35.91912968333333,139.90919718333333,2.576600515090981,,33.5,1008.285546875,54.8466796875,206.5625,-1.125,-11.75,-0.17,1.88,9.44,0.0,0.0,0.0625,178,,stopped,0.0,0.0,0.408,
2026-08-06T18:34:03.892,620.135,guiding_to_goal,35.9191378,139.90922398333333,21.692,0.0926,True,28,1,35.91912968333333,139.90919718333333,2.576600515090981,,33.5,1008.32109375,54.8359375,198.5625,-1.125,-11.6875,-0.22,1.85,9.47,0.0625,-0.25,0.0,178,,stopped,0.0,0.0,0.408,
2026-08-06T18:34:04.392,620.635,guiding_to_goal,35.919137883333335,139.9092239,21.687,0.06687777777777779,True,28,1,35.91912968333333,139.90919718333333,2.572842347129962,,33.52,1008.372265625,54.9638671875,198.5625,-1.125,-11.6875,-0.21,1.87,9.45,-0.0625,-0.1875,-0.0625,178,,stopped,0.0,0.0,0.408,
2026-08-06T18:34:04.892,621.135,guiding_to_goal,35.919137883333335,139.9092239,21.687,0.06687777777777779,True,28,1,35.91912968333333,139.90919718333333,2.572842347129962,,33.52,1008.3449609375,54.8251953125,198.5625,-1.125,-11.6875,-0.2,1.86,9.43,0.0,0.0,0.0625,178,,stopped,0.0,0.0,0.408,
2026-08-06T18:34:05.393,621.644,guiding_to_goal,35.91913808333334,139.90922398333333,21.677,0.1028888888888889,True,28,1,35.91912968333333,139.90919718333333,2.587804424265799,,33.52,1008.3255859375,54.8154296875,198.5625,-1.125,-11.6875,-0.2,1.87,9.43,0.0625,-0.1875,0.0625,178,,stopped,0.0,0.0,0.407,
2026-08-06T18:34:05.913,622.156,guiding_to_goal,35.91913808333334,139.90922398333333,21.677,0.1028888888888889,True,28,1,35.91912968333333,139.90919718333333,2.587804424265799,,33.53,1008.3335546875,54.8046875,198.5625,-1.125,-11.6875,-0.2,1.88,9.43,0.0625,-0.1875,0.0,178,,stopped,0.0,0.0,0.407,
2026-08-06T18:34:06.414,622.657,guiding_to_goal,35.9191383,139.90922398333333,21.675,0.09774444444444444,True,28,1,35.91912968333333,139.90919718333333,2.596597437412661,,33.53,1008.2869140625,54.62109375,198.5625,-1.125,-11.6875,-0.19,1.89,9.44,0.1875,0.0625,0.0,114,,stopped,0.0,0.0,0.407,
2026-08-06T18:34:06.914,623.157,guiding_to_goal,35.9191383,139.90922398333333,21.675,0.09774444444444444,True,28,1,35.91912968333333,139.90919718333333,2.596597437412661,,33.53,1008.3335546875,54.76953125,198.5625,-1.125,-11.6875,-0.2,1.85,9.42,0.0625,0.0,-0.0625,114,,stopped,0.0,0.0,0.408,
2026-08-06T18:34:07.415,623.658,guiding_to_goal,35.9191383,139.90922408333333,21.674,0.015433333333333332,True,28,1,35.91912968333333,139.90919718333333,2.6049691572169587,,33.53,1008.3335546875,54.79296875,198.5625,-1.125,-11.6875,-0.22,1.87,9.44,0.0,0.125,0.0625,178,,stopped,0.0,0.0,0.408,
2026-08-06T18:34:07.915,624.158,guiding_to_goal,35.9191383,139.90922408333333,21.674,0.015433333333333332,True,28,1,35.91912968333333,139.90919718333333,2.6049691572169587,,33.55,1008.3656640625,54.7607421875,198.5625,-1.125,-11.6875,-0.19,1.85,9.43,0.0,0.0625,-0.125,178,,stopped,0.0,0.0,0.408,
2026-08-06T18:34:08.416,624.659,guiding_to_goal,35.919138483333334,139.9092243,21.667,0.06687777777777779,True,28,1,35.91912968333333,139.90919718333333,2.6306368830246436,,32.28,1006.354296875,54.736328125,198.5625,-1.125,-11.6875,-0.21,1.86,9.45,0.0,-0.125,0.0,178,,stopped,0.0,0.0,0.408,
2026-08-06T18:34:08.962,625.205,guiding_to_goal,35.919138483333334,139.9092243,21.667,0.06687777777777779,True,28,1,35.91912968333333,139.90919718333333,2.6306368830246436,,33.54,1008.3031640625,54.7822265625,198.5625,-1.125,-11.6875,-0.22,1.86,9.44,0.0,-0.0625,0.0625,178,,stopped,0.0,0.0,0.408,
2026-08-06T18:34:09.473,625.716,guiding_to_goal,35.919138483333334,139.9092243,21.665,0.07716666666666668,True,28,1,35.91912968333333,139.90919718333333,2.6306368830246436,,33.53,1008.3415234375,54.748046875,198.5625,-1.125,-11.6875,-0.21,1.87,9.45,0.0625,0.0,0.0625,178,,stopped,0.0,0.0,0.408,
2026-08-06T18:34:09.973,626.216,guiding_to_goal,35.919138483333334,139.9092243,21.665,0.07716666666666668,True,28,1,35.91912968333333,139.90919718333333,2.6306368830246436,,33.53,1008.259609375,54.736328125,198.5625,-1.125,-11.6875,-0.19,1.87,9.45,0.0625,0.0625,0.0,178,,stopped,0.0,0.0,0.408,
2026-08-06T18:34:10.473,626.716,guiding_to_goal,35.919138583333336,139.90922418333332,21.658,0.05144444444444445,True,28,1,35.91912968333333,139.90919718333333,2.6250594842910324,,33.53,1008.259609375,54.748046875,198.5625,-1.125,-11.6875,-0.2,1.86,9.44,-0.0625,-0.125,0.0625,178,,stopped,0.0,0.0,0.407,
2026-08-06T18:34:10.974,627.217,guiding_to_goal,35.919138583333336,139.90922418333332,21.658,0.05144444444444445,True,28,1,35.91912968333333,139.90919718333333,2.6250594842910324,,31.35,1004.899453125,54.6591796875,198.5625,-1.125,-11.6875,-0.21,1.89,9.44,-0.0625,0.0625,0.125,178,,stopped,0.0,0.0,0.407,
2026-08-06T18:34:11.475,627.718,guiding_to_goal,35.91913868333334,139.90922408333333,21.656,0.015433333333333332,True,28,1,35.91912968333333,139.90919718333333,2.6209466164466924,,33.37,1008.0501953125,54.646484375,198.5625,-1.125,-11.6875,-0.21,1.87,9.43,-0.0625,0.1875,-0.1875,178,,reverse,-5.0,-5.0,0.407,
2026-08-06T18:34:11.976,628.218,guiding_to_goal,35.91913868333334,139.90922408333333,21.656,0.015433333333333332,True,28,1,35.91912968333333,139.90919718333333,2.6209466164466924,,33.54,1008.349765625,54.724609375,198.5625,-1.125,-11.3125,-0.83,-0.31,11.6,-58.375,0.125,5.4375,178,,reverse,-20.0,-20.0,0.408,
2026-08-06T18:34:12.476,628.719,guiding_to_goal,35.91913868333334,139.9092239,21.649,0.07202222222222222,True,28,1,35.91912968333333,139.90919718333333,2.6056958023452297,,33.53,1008.30625,54.7587890625,195.6875,-1.1875,-12.5625,-0.25,2.05,9.43,0.0,0.0625,-0.0625,242,,stopped,0.0,0.0,0.515,
2026-08-06T18:34:12.976,629.219,guiding_to_goal,35.91913868333334,139.9092239,21.649,0.07202222222222222,True,28,1,35.91912968333333,139.90919718333333,2.6056958023452297,,33.53,1008.30625,54.76953125,195.6875,-1.1875,-12.5625,-0.22,2.03,9.41,0.125,0.0625,0.0625,242,,stopped,0.0,0.0,0.516,
2026-08-06T18:34:13.487,629.730,guiding_to_goal,35.91913878333333,139.90922358333333,21.625,0.11317777777777778,True,28,1,35.91912968333333,139.90919718333333,2.583724460449314,,33.52,1008.31765625,54.779296875,195.6875,-1.1875,-12.5625,-0.22,2.04,9.4,0.0,0.0,0.0625,242,,stopped,0.0,0.0,0.516,
2026-08-06T18:34:13.988,630.231,guiding_to_goal,35.91913878333333,139.90922358333333,21.625,0.11317777777777778,True,28,1,35.91912968333333,139.90919718333333,2.583724460449314,,33.52,1008.3801953125,54.826171875,195.6875,-1.1875,-12.5625,-0.2,2.05,9.36,0.0625,0.0,-0.0625,242,,stopped,0.0,0.0,0.517,
2026-08-06T18:34:14.488,630.731,guiding_to_goal,35.91913868333334,139.90922358333333,21.621,0.03601111111111111,True,28,1,35.91912968333333,139.90919718333333,2.5793899844330737,,33.52,1008.31765625,54.8134765625,195.6875,-1.1875,-12.5625,-0.23,2.02,9.42,0.125,-0.125,-0.0625,242,,stopped,0.0,0.0,0.517,
2026-08-06T18:34:14.990,631.233,guiding_to_goal,35.91913868333334,139.90922358333333,21.621,0.03601111111111111,True,28,1,35.91912968333333,139.90919718333333,2.5793899844330737,,33.52,1008.2903515625,54.8251953125,195.6875,-1.1875,-12.5625,-0.23,2.04,9.4,0.0,0.0,0.0625,242,,stopped,0.0,0.0,0.517,
2026-08-06T18:34:15.491,631.734,guiding_to_goal,35.91913868333334,139.90922368333332,21.615,0.07202222222222222,True,28,1,35.91912968333333,139.90919718333333,2.587692025493994,,33.53,1008.3335546875,54.81640625,195.6875,-1.1875,-12.5625,-0.22,2.04,9.4,-0.0625,-0.0625,8.0,178,,stopped,0.0,0.0,0.517,
2026-08-06T18:34:15.996,632.239,guiding_to_goal,35.91913868333334,139.90922368333332,21.615,0.07202222222222222,True,28,1,35.91912968333333,139.90919718333333,2.587692025493994,,33.54,1008.3224609375,54.8291015625,195.6875,-1.1875,-12.5625,-0.23,2.04,9.43,0.0,0.125,0.0,178,,stopped,0.0,0.0,0.517,
2026-08-06T18:34:16.496,632.739,guiding_to_goal,35.919138583333336,139.9092238,21.612,0.16462222222222223,True,28,1,35.91912968333333,139.90919718333333,2.5931197003773856,,33.55,1008.31109375,54.818359375,195.6875,-1.1875,-12.5625,-0.24,2.01,9.42,0.0,8.0,0.0,178,,stopped,0.0,0.0,0.517,
2026-08-06T18:34:16.997,633.240,guiding_to_goal,35.919138583333336,139.9092238,21.612,0.16462222222222223,True,28,1,35.91912968333333,139.90919718333333,2.5931197003773856,,33.54,1008.3304296875,54.8291015625,195.6875,-1.1875,-12.5625,-0.22,2.03,9.4,-0.0625,-0.0625,0.0625,178,,stopped,0.0,0.0,0.518,
2026-08-06T18:34:17.497,633.740,guiding_to_goal,35.9191384,139.90922358333333,21.609,0.18005555555555552,True,28,1,35.91912968333333,139.90919718333333,2.567330773640234,,33.53,1008.30625,54.689453125,195.6875,-1.1875,-12.5625,-0.25,2.04,9.42,0.0625,0.0625,-0.1875,242,,stopped,0.0,0.0,0.517,
2026-08-06T18:34:18.002,634.245,guiding_to_goal,35.9191384,139.90922358333333,21.609,0.18005555555555552,True,28,1,35.91912968333333,139.90919718333333,2.567330773640234,,33.53,1008.3415234375,54.8408203125,195.6875,-1.1875,-12.5625,-0.21,2.05,9.42,-0.0625,-0.0625,0.0625,242,,stopped,0.0,0.0,0.517,
2026-08-06T18:34:18.511,634.754,guiding_to_goal,35.9191383,139.9092234,21.606,0.1389,True,28,1,35.91912968333333,139.90919718333333,2.5478484957186645,,33.53,1008.2789453125,54.76953125,195.6875,-1.1875,-12.5625,-0.24,2.04,9.4,0.0,0.125,-0.0625,242,,stopped,0.0,0.0,0.517,
2026-08-06T18:34:19.011,635.264,guiding_to_goal,35.9191383,139.9092234,21.606,0.1389,True,28,1,35.91912968333333,139.90919718333333,2.5478484957186645,,33.53,1008.3335546875,54.8505859375,195.6875,-1.1875,-12.5625,-0.24,2.04,9.41,0.0625,-0.125,0.125,242,,stopped,0.0,0.0,0.517,
2026-08-06T18:34:19.512,635.755,guiding_to_goal,35.91913818333333,139.90922318333332,21.604,0.05658888888888889,True,28,1,35.91912968333333,139.90919718333333,2.52489554331537,,33.53,1008.30625,54.8623046875,195.6875,-1.1875,-12.5625,-0.24,2.04,9.41,0.0625,0.0,0.0,242,,stopped,0.0,0.0,0.517,
2026-08-06T18:34:20.012,636.255,guiding_to_goal,35.91913818333333,139.90922318333332,21.604,0.05658888888888889,True,28,1,35.91912968333333,139.90919718333333,2.52489554331537,,33.53,1008.31421875,54.86328125,195.6875,-1.1875,-12.5625,-0.24,2.02,9.42,-0.0625,0.0,0.0625,242,,stopped,0.0,0.0,0.517,
2026-08-06T18:34:20.516,636.759,guiding_to_goal,35.91913808333334,139.9092233,21.605,0.010288888888888889,True,28,1,35.91912968333333,139.90919718333333,2.530515290024588,,33.53,1008.2789453125,54.908203125,195.6875,-1.1875,-12.5625,-0.22,2.05,9.41,0.0,0.0625,0.0,242,,stopped,0.0,0.0,0.516,
2026-08-06T18:34:21.016,637.259,guiding_to_goal,35.91913808333334,139.9092233,21.605,0.010288888888888889,True,28,1,35.91912968333333,139.90919718333333,2.530515290024588,,33.54,1008.3770703125,54.86328125,195.6875,-0.625,-12.5,-0.14,1.99,9.47,-0.375,0.3125,-0.1875,242,,turn_right,15.0,-15.0,0.516,
2026-08-06T18:34:21.517,637.760,guiding_to_goal,35.91913808333334,139.90922348333334,21.605,0.025722222222222226,True,28,1,35.91912968333333,139.90919718333333,2.545866095398381,,33.52,1008.31765625,54.9638671875,199.3125,-1.1875,-12.5,-0.25,2.02,9.43,-0.125,0.0,0.125,178,,stopped,0.0,0.0,0.474,
2026-08-06T18:34:22.082,638.325,guiding_to_goal,35.91913808333334,139.90922348333334,21.605,0.025722222222222226,True,28,1,35.91912968333333,139.90919718333333,2.545866095398381,,33.52,1008.2357421875,54.8369140625,199.3125,-1.1875,-12.5,-0.23,2.01,9.39,0.0625,0.0625,-0.1875,178,,stopped,0.0,0.0,0.474,
2026-08-06T18:34:22.582,638.825,guiding_to_goal,35.9191383,139.9092238,21.601,0.0463,True,28,1,35.91912968333333,139.90919718333333,2.5812603577805264,,33.5,1008.32109375,54.82421875,199.3125,-1.1875,-12.5,-0.24,2.02,9.43,0.0625,-0.125,0.0,114,,stopped,0.0,0.0,0.475,
2026-08-06T18:34:23.083,639.326,guiding_to_goal,35.9191383,139.9092238,21.601,0.0463,True,28,1,35.91912968333333,139.90919718333333,2.5812603577805264,,33.51,1008.3290234375,54.802734375,199.3125,-1.1875,-12.5,-0.21,2.03,9.42,-0.0625,0.0625,0.0625,114,,stopped,0.0,0.0,0.475,
2026-08-06T18:34:23.584,639.827,guiding_to_goal,35.9191384,139.90922398333333,21.604,0.0463,True,28,1,35.91912968333333,139.90919718333333,2.6007209997432317,,33.51,1008.30171875,54.755859375,199.3125,-1.1875,-12.5,-0.22,2.01,9.4,-0.0625,-0.0625,0.0,114,,stopped,0.0,0.0,0.474,
2026-08-06T18:34:24.148,640.391,guiding_to_goal,35.9191384,139.90922398333333,21.604,0.0463,True,28,1,35.91912968333333,139.90919718333333,2.6007209997432317,,33.5,1008.3128125,54.7080078125,199.3125,-1.1875,-12.5,-0.25,2.03,9.42,0.0625,0.0625,-0.125,114,,stopped,0.0,0.0,0.474,
2026-08-06T18:34:24.650,640.893,guiding_to_goal,35.919138483333334,139.90922408333333,21.603,0.07202222222222222,True,28,1,35.91912968333333,139.90919718333333,2.612535976952486,,33.51,1008.4108984375,54.802734375,199.3125,-1.1875,-12.5,-0.21,2.03,9.42,0.0625,-0.0625,0.125,114,,stopped,0.0,0.0,0.474,
2026-08-06T18:34:25.152,641.395,guiding_to_goal,35.919138483333334,139.90922408333333,21.603,0.07202222222222222,True,28,1,35.91912968333333,139.90919718333333,2.612535976952486,,33.51,1008.356328125,54.767578125,199.3125,-1.1875,-12.5,-0.22,2.02,9.41,0.0625,0.0625,0.125,114,,stopped,0.0,0.0,0.474,
2026-08-06T18:34:25.657,641.900,guiding_to_goal,35.919138483333334,139.90922418333332,21.604,0.16976666666666668,True,28,1,35.91912968333333,139.90919718333333,2.6208877258565315,,33.52,1008.3449609375,54.779296875,199.3125,-1.1875,-12.5,-0.23,2.04,9.42,-0.0625,0.0625,0.0625,114,,stopped,0.0,0.0,0.475,
2026-08-06T18:34:26.158,642.401,guiding_to_goal,35.919138483333334,139.90922418333332,21.604,0.16976666666666668,True,28,1,35.91912968333333,139.90919718333333,2.6208877258565315,,33.52,1008.2903515625,54.755859375,207.3125,-1.1875,-12.5,-0.24,2.02,9.42,0.0,-0.125,0.0,114,,stopped,0.0,0.0,0.475,
2026-08-06T18:34:26.660,642.903,guiding_to_goal,35.919138483333334,139.9092238,21.614,0.12861111111111112,True,28,1,35.91912968333333,139.90919718333333,2.5888964745145193,,33.52,1008.3255859375,54.7568359375,199.3125,-1.1875,-12.5,-0.24,2.03,9.42,0.0,0.0625,-0.0625,114,,stopped,0.0,0.0,0.475,
2026-08-06T18:34:27.162,643.405,guiding_to_goal,35.919138483333334,139.9092238,21.614,0.12861111111111112,True,28,1,35.91912968333333,139.90919718333333,2.5888964745145193,,33.51,1008.30171875,54.767578125,199.3125,-1.1875,-12.5,-0.22,2.02,9.4,0.0,0.0,0.0,114,,stopped,0.0,0.0,0.475,
2026-08-06T18:34:27.663,643.906,guiding_to_goal,35.91913868333334,139.90922398333333,21.621,0.12861111111111112,True,28,1,35.91912968333333,139.90919718333333,2.6126260942585673,,33.51,1008.356328125,54.8603515625,199.3125,-1.1875,-12.5,-0.23,2.04,9.41,0.0,0.0,-0.0625,114,,stopped,0.0,0.0,0.474,
2026-08-06T18:34:28.163,644.406,guiding_to_goal,35.91913868333334,139.90922398333333,21.621,0.12861111111111112,True,28,1,35.91912968333333,139.90919718333333,2.6126260942585673,,33.51,1008.3836328125,54.8720703125,199.3125,-1.1875,-12.5,-0.23,2.04,9.4,0.0,-0.0625,0.0,114,,stopped,0.0,0.0,0.474,
2026-08-06T18:34:28.663,644.906,guiding_to_goal,35.9191389,139.90922418333332,21.625,0.1028888888888889,True,28,1,35.91912968333333,139.90919718333333,2.638535700215315,,33.51,1008.356328125,54.9296875,199.3125,-1.1875,-12.5,-0.25,2.02,9.4,0.0625,-0.0625,0.0625,114,,stopped,0.0,0.0,0.474,
2026-08-06T18:34:29.164,645.407,guiding_to_goal,35.9191389,139.90922418333332,21.625,0.1028888888888889,True,28,1,35.91912968333333,139.90919718333333,2.638535700215315,,33.51,1008.2471484375,54.94140625,199.3125,-1.1875,-12.5,-0.24,2.01,9.43,0.0,0.1875,-0.0625,114,,stopped,0.0,0.0,0.474,
2026-08-06T18:34:29.664,645.907,guiding_to_goal,35.91913878333333,139.90922408333333,21.635,0.11832222222222223,True,28,1,35.91912968333333,139.90919718333333,2.625212479347259,,33.52,1008.31765625,54.9755859375,199.3125,-1.1875,-12.5,-0.24,2.02,9.43,0.0625,0.25,0.0,114,,turn_right,5.0,-5.0,0.473,
2026-08-06T18:34:30.165,646.408,guiding_to_goal,35.91913878333333,139.90922408333333,21.635,0.11832222222222223,True,28,1,35.91912968333333,139.90919718333333,2.625212479347259,,33.51,1008.3096875,54.94140625,199.3125,-1.1875,-12.4375,-0.15,1.87,9.31,-0.6875,0.0,-0.0625,114,,turn_right,10.0,-10.0,0.473,
2026-08-06T18:34:30.665,646.908,guiding_to_goal,35.91913878333333,139.90922398333333,21.648,0.12346666666666666,True,28,1,35.91912968333333,139.90919718333333,2.6169055206317733,,33.52,1008.31765625,55.1025390625,206.9375,-1.3125,-12.0625,-0.22,1.98,9.38,0.0625,0.0,0.0,50,,stopped,0.0,0.0,0.445,
2026-08-06T18:34:31.173,647.416,guiding_to_goal,35.91913878333333,139.90922398333333,21.648,0.12346666666666666,True,28,1,35.91912968333333,139.90919718333333,2.6169055206317733,,33.51,1008.30171875,55.068359375,206.9375,-1.3125,-12.0625,-0.25,1.99,9.39,0.0,-0.0625,0.0,50,,stopped,0.0,0.0,0.445,
2026-08-06T18:34:31.673,647.916,guiding_to_goal,35.91913878333333,139.90922408333333,21.664,0.015433333333333332,True,28,1,35.91912968333333,139.90919718333333,2.625212479347259,,33.51,1008.3836328125,54.8369140625,206.9375,-1.3125,-12.0625,-0.26,1.98,9.44,0.0625,0.0625,-0.125,50,,stopped,0.0,0.0,0.445,
2026-08-06T18:34:32.174,648.417,guiding_to_goal,35.91913878333333,139.90922408333333,21.664,0.015433333333333332,True,28,1,35.91912968333333,139.90919718333333,2.625212479347259,,33.51,1008.30171875,54.8720703125,206.9375,-1.3125,-12.0625,-0.25,1.97,9.4,0.125,0.0625,-0.0625,50,,stopped,0.0,0.0,0.445,
2026-08-06T18:34:32.675,648.918,guiding_to_goal,35.91913878333333,139.90922398333333,21.675,0.025722222222222226,True,28,1,35.91912968333333,139.90919718333333,2.6169055206317733,,33.51,1008.3096875,54.8486328125,206.9375,-1.3125,-12.0625,-0.24,1.96,9.43,0.0625,-0.0625,0.0,50,,stopped,0.0,0.0,0.445,
2026-08-06T18:34:33.176,649.419,guiding_to_goal,35.91913878333333,139.90922398333333,21.675,0.025722222222222226,True,28,1,35.91912968333333,139.90919718333333,2.6169055206317733,,33.4,1008.1607421875,54.8466796875,206.9375,-1.3125,-12.0625,-0.24,1.99,9.41,0.0625,0.0,-0.125,50,,stopped,0.0,0.0,0.445,
2026-08-06T18:34:33.678,649.921,guiding_to_goal,35.91913878333333,139.90922398333333,21.682,0.0926,True,28,1,35.91912968333333,139.90919718333333,2.6169055206317733,,33.53,1008.2516796875,54.8388671875,206.9375,-1.3125,-12.0625,-0.23,1.98,9.41,0.0,0.0,-0.0625,50,,stopped,0.0,0.0,0.445,
2026-08-06T18:34:34.180,650.423,guiding_to_goal,35.91913878333333,139.90922398333333,21.682,0.0926,True,28,1,35.91912968333333,139.90919718333333,2.6169055206317733,,33.53,1008.30625,54.828125,206.9375,-1.3125,-12.0625,-0.25,1.97,9.43,0.0,-0.125,0.125,50,,stopped,0.0,0.0,0.445,
2026-08-06T18:34:34.681,650.924,guiding_to_goal,35.91913878333333,139.90922398333333,21.688,0.030866666666666664,True,28,1,35.91912968333333,139.90919718333333,2.6169055206317733,,33.54,1008.349765625,54.8291015625,206.9375,-1.3125,-12.0625,-0.23,1.98,9.41,0.0625,0.0,0.0,50,,stopped,0.0,0.0,0.445,
2026-08-06T18:34:35.181,651.424,guiding_to_goal,35.91913878333333,139.90922398333333,21.688,0.030866666666666664,True,28,1,35.91912968333333,139.90919718333333,2.6169055206317733,,33.53,1008.368828125,54.8056640625,206.9375,-1.3125,-12.0625,-0.23,1.97,9.41,0.0,0.0625,-0.0625,50,,stopped,0.0,0.0,0.445,
2026-08-06T18:34:35.692,651.935,guiding_to_goal,35.91913878333333,139.9092239,21.703,0.0926,True,28,1,35.91912968333333,139.90919718333333,2.6099865919037875,,33.57,1008.343203125,54.6123046875,206.9375,-1.3125,-12.0625,-0.23,1.97,9.42,0.0,-0.125,0.0,50,,stopped,0.0,0.0,0.445,
2026-08-06T18:34:36.583,652.826,guiding_to_goal,35.91913878333333,139.9092239,21.703,0.0926,True,28,1,35.91912968333333,139.90919718333333,2.6099865919037875,,33.57,1008.2886328125,54.6240234375,206.9375,-1.3125,-12.0625,-0.26,1.96,9.38,0.0,-0.1875,0.0625,50,,stopped,0.0,0.0,0.445,
2026-08-06T18:34:37.083,653.326,guiding_to_goal,,,,,False,,,35.91912968333333,139.90919718333333,,,33.56,1008.3269921875,54.8076171875,206.9375,-1.3125,-12.0625,-0.24,1.98,9.4,0.0,-0.125,-0.0625,50,,stopped,0.0,0.0,0.445,
2026-08-06T18:34:37.584,653.827,guiding_to_goal,,,,,False,,,35.91912968333333,139.90919718333333,,,33.56,1008.2723828125,54.78515625,206.9375,-1.3125,-12.0625,-0.22,1.97,9.42,-0.0625,0.0625,-0.125,50,,stopped,0.0,0.0,0.445,
2026-08-06T18:34:38.084,654.327,guiding_to_goal,35.91913878333333,139.90922408333333,21.712,0.11317777777777778,True,28,1,35.91912968333333,139.90919718333333,2.625212479347259,,33.57,1008.343203125,54.6474609375,206.9375,-1.3125,-12.0625,-0.23,1.99,9.42,0.0,-0.0625,0.125,50,,reverse,-5.0,-5.0,0.445,
2026-08-06T18:34:38.813,655.056,guiding_to_goal,35.91913878333333,139.90922408333333,21.712,0.11317777777777778,True,28,1,35.91912968333333,139.90919718333333,2.625212479347259,,33.57,1008.343203125,54.7744140625,206.9375,-1.3125,-12.0625,-0.22,1.99,9.29,-0.5,-0.0625,0.0,50,,reverse,-10.0,-10.0,0.445,
2026-08-06T18:34:39.314,655.557,guiding_to_goal,35.91913868333334,139.90922408333333,21.729,0.0926,True,28,1,35.91912968333333,139.90919718333333,2.6209466164466924,,33.57,1008.2803515625,54.76171875,202.875,-0.4375,-11.875,-0.08,1.96,9.4,-0.0625,-0.125,-0.1875,50,,stopped,0.0,0.0,0.562,
2026-08-06T18:34:39.844,656.087,guiding_to_goal,35.91913868333334,139.90922408333333,21.729,0.0926,True,28,1,35.91912968333333,139.90919718333333,2.6209466164466924,,33.57,1008.2886328125,54.84375,202.875,-0.4375,-11.875,-0.13,1.94,9.43,0.0,0.0,0.0625,50,,stopped,0.0,0.0,0.562,
2026-08-06T18:34:40.344,656.587,guiding_to_goal,35.91913868333334,139.90922418333332,21.735,0.13375555555555557,True,28,1,35.91912968333333,139.90919718333333,2.629271649492914,,33.55,1008.892265625,54.75,202.875,-0.4375,-11.875,-0.1,1.96,9.42,0.0,0.125,0.125,50,,stopped,0.0,0.0,0.562,
2026-08-06T18:34:40.845,657.088,guiding_to_goal,35.91913868333334,139.90922418333332,21.735,0.13375555555555557,True,28,1,35.91912968333333,139.90919718333333,2.629271649492914,,33.56,1008.3816015625,54.7041015625,202.875,-0.4375,-11.875,-0.09,1.94,9.43,0.0625,-0.125,-0.0625,50,,stopped,0.0,0.0,0.562,
2026-08-06T18:34:41.345,657.588,guiding_to_goal,35.91913868333334,139.90922438333334,21.739,0.09774444444444444,True,28,1,35.91912968333333,139.90919718333333,2.645935080193087,,33.56,1008.3269921875,54.611328125,202.875,-0.4375,-11.875,-0.08,1.95,9.44,0.0,0.125,0.0625,50,,stopped,0.0,0.0,0.561,
2026-08-06T18:34:41.851,658.094,guiding_to_goal,35.91913868333334,139.90922438333334,21.739,0.09774444444444444,True,28,1,35.91912968333333,139.90919718333333,2.645935080193087,,33.57,1008.38953125,54.6689453125,202.875,-0.4375,-11.875,-0.08,1.97,9.42,-0.0625,0.1875,0.0625,50,,stopped,0.0,0.0,0.562,
2026-08-06T18:34:42.354,658.597,guiding_to_goal,35.91913868333334,139.90922468333332,21.742,0.1028888888888889,True,28,1,35.91912968333333,139.90919718333333,2.670963002896325,,33.58,1008.2965625,54.6484375,202.875,-0.4375,-11.875,-0.1,1.93,9.39,0.0,0.0,0.125,50,,stopped,0.0,0.0,0.562,
2026-08-06T18:34:42.854,659.097,guiding_to_goal,35.91913868333334,139.90922468333332,21.742,0.1028888888888889,True,28,1,35.91912968333333,139.90919718333333,2.670963002896325,,33.58,1008.351171875,54.7060546875,202.875,-0.4375,-11.875,-0.1,1.95,9.42,-0.125,-0.0625,0.0,50,,stopped,0.0,0.0,0.562,
2026-08-06T18:34:43.355,659.598,guiding_to_goal,35.919138583333336,139.9092248,21.746,0.12346666666666666,True,28,1,35.91912968333333,139.90919718333333,2.6765752851513707,,33.58,1008.30453125,54.580078125,202.875,-0.4375,-11.875,-0.1,1.94,9.44,-0.0625,-0.1875,0.0,50,,stopped,0.0,0.0,0.562,
2026-08-06T18:34:43.906,660.149,guiding_to_goal,35.919138583333336,139.9092248,21.746,0.12346666666666666,True,28,1,35.91912968333333,139.90919718333333,2.6765752851513707,,33.58,1008.3591015625,54.6728515625,202.875,-0.4375,-11.875,-0.1,1.94,9.4,0.0625,0.0,0.0,50,,stopped,0.0,0.0,0.562,
2026-08-06T18:34:44.407,660.650,guiding_to_goal,35.919138483333334,139.90922508333333,21.749,0.06687777777777779,True,28,1,35.91912968333333,139.90919718333333,2.696242734790313,,33.59,1008.3670703125,54.6494140625,202.875,-0.4375,-11.875,-0.07,1.95,9.45,0.0,0.0,0.0625,50,,stopped,0.0,0.0,0.561,
2026-08-06T18:34:44.907,661.150,guiding_to_goal,35.919138483333334,139.90922508333333,21.749,0.06687777777777779,True,28,1,35.91912968333333,139.90919718333333,2.696242734790313,,33.58,1008.2772265625,54.6376953125,202.875,-0.4375,-11.875,-0.1,1.94,9.43,0.0625,0.0625,-0.0625,178,,stopped,0.0,0.0,0.561,
2026-08-06T18:34:45.408,661.651,guiding_to_goal,35.919138583333336,139.90922518333332,21.755,0.14918888888888887,True,28,1,35.91912968333333,139.90919718333333,2.7086786034244654,,33.58,1008.249921875,54.6259765625,202.875,-0.4375,-11.875,-0.12,1.94,9.45,0.0625,0.0625,0.0625,50,,stopped,0.0,0.0,0.562,
2026-08-06T18:34:45.908,662.151,guiding_to_goal,35.919138583333336,139.90922518333332,21.755,0.14918888888888887,True,28,1,35.91912968333333,139.90919718333333,2.7086786034244654,,33.59,1008.347734375,54.6259765625,202.875,-0.4375,-11.875,-0.1,1.94,9.42,0.0,-0.125,0.125,50,,stopped,0.0,0.0,0.562,
2026-08-06T18:34:46.409,662.652,guiding_to_goal,35.91913868333334,139.90922538333334,21.757,0.015433333333333332,True,28,1,35.91912968333333,139.90919718333333,2.7295088538573635,,33.59,1008.2931640625,54.603515625,202.875,-0.4375,-11.875,-0.12,1.94,9.41,0.0625,0.0,0.0,50,,stopped,0.0,0.0,0.562,
2026-08-06T18:34:46.912,663.155,guiding_to_goal,35.91913868333334,139.90922538333334,21.757,0.015433333333333332,True,28,1,35.91912968333333,139.90919718333333,2.7295088538573635,,33.58,1008.249921875,54.580078125,202.875,-0.4375,-11.875,-0.1,1.96,9.45,0.0,-0.125,0.0625,50,,stopped,0.0,0.0,0.562,
2026-08-06T18:34:47.412,663.655,guiding_to_goal,35.919138583333336,139.90922558333332,21.76,0.07716666666666668,True,28,1,35.91912968333333,139.90919718333333,2.7422403045060713,,33.58,1008.2965625,54.5791015625,202.875,-0.4375,-11.875,-0.11,1.96,9.4,0.0,0.0,0.0625,50,,stopped,0.0,0.0,0.561,
2026-08-06T18:34:47.912,664.155,guiding_to_goal,35.919138583333336,139.90922558333332,21.76,0.07716666666666668,True,28,1,35.91912968333333,139.90919718333333,2.7422403045060713,,33.6,1008.3283984375,54.6044921875,202.875,-0.4375,-11.875,-0.09,1.94,9.43,0.0625,0.0625,0.0,50,,stopped,0.0,0.0,0.562,
2026-08-06T18:34:48.413,664.656,guiding_to_goal,35.919138483333334,139.9092257,21.763,0.041155555555555556,True,28,1,35.91912968333333,139.90919718333333,2.7480618602102087,,33.6,1008.3556640625,54.5927734375,207.8125,-1.1875,-11.375,-0.07,1.92,9.49,-7.5,1.3125,4.375,114,,stopped,0.0,0.0,0.639,
2026-08-06T18:34:48.913,665.156,guiding_to_goal,35.919138483333334,139.9092257,21.763,0.041155555555555556,True,28,1,35.91912968333333,139.90919718333333,2.7480618602102087,,33.59,1008.339765625,54.580078125,207.6875,-1.25,-2.8125,-0.25,1.5,9.6,-1.0,0.125,1.0625,114,,stopped,0.0,0.0,0.635,
2026-08-06T18:34:49.413,665.656,guiding_to_goal,35.9191384,139.90922548333333,21.774,0.11317777777777778,True,28,1,35.91912968333333,139.90919718333333,2.7265307281615936,,33.59,1008.2931640625,54.568359375,207.6875,-1.25,-10.75,-0.24,1.76,9.44,0.0,0.0625,0.0625,114,,stopped,0.0,0.0,0.634,
2026-08-06T18:34:49.914,666.157,guiding_to_goal,35.9191384,139.90922548333333,21.774,0.11317777777777778,True,28,1,35.91912968333333,139.90919718333333,2.7265307281615936,,33.59,1008.347734375,54.568359375,207.6875,-1.25,-10.75,-0.25,1.75,9.48,0.0,0.0,0.0,114,,stopped,0.0,0.0,0.634,
2026-08-06T18:34:50.414,666.657,guiding_to_goal,35.9191383,139.90922548333333,21.777,0.05658888888888889,True,28,1,35.91912968333333,139.90919718333333,2.7225977201799956,,33.58,1008.2772265625,54.5107421875,207.6875,-1.25,-10.75,-0.23,1.78,9.47,0.0,0.125,-0.1875,114,,stopped,0.0,0.0,0.634,
2026-08-06T18:34:50.925,667.168,guiding_to_goal,35.9191383,139.90922548333333,21.777,0.05658888888888889,True,28,1,35.91912968333333,139.90919718333333,2.7225977201799956,,33.59,1008.3124609375,54.568359375,207.6875,-1.25,-10.75,-0.24,1.78,9.43,-0.0625,0.125,0.0625,114,,stopped,0.0,0.0,0.634,
2026-08-06T18:34:51.426,667.669,guiding_to_goal,35.9191383,139.90922538333334,21.779,0.030866666666666664,True,28,1,35.91912968333333,139.90919718333333,2.7141705417841955,,33.58,1008.351171875,54.509765625,207.6875,-1.25,-10.75,-0.24,1.77,9.47,0.0,-0.1875,0.125,114,,stopped,0.0,0.0,0.634,
2026-08-06T18:34:51.927,668.170,guiding_to_goal,35.9191383,139.90922538333334,21.779,0.030866666666666664,True,28,1,35.91912968333333,139.90919718333333,2.7141705417841955,,30.7,1003.79453125,54.3408203125,207.6875,-1.25,-2.75,-0.22,1.73,9.45,-0.0625,0.0,0.0625,114,,stopped,0.0,0.0,0.634,
2026-08-06T18:34:52.427,668.670,guiding_to_goal,35.91913818333333,139.9092253,21.781,0.11317777777777778,True,28,1,35.91912968333333,139.90919718333333,2.7025865886698224,,33.57,1008.362265625,54.5419921875,207.6875,-1.25,-10.75,-0.25,1.76,9.47,-0.125,0.0,0.125,114,,stopped,0.0,0.0,0.634,
2026-08-06T18:34:52.927,669.170,guiding_to_goal,35.91913818333333,139.9092253,21.781,0.11317777777777778,True,28,1,35.91912968333333,139.90919718333333,2.7025865886698224,,33.56,1008.354296875,54.599609375,207.6875,-1.25,-10.75,-0.24,1.76,9.46,0.0,-0.0625,0.0,114,,stopped,0.0,0.0,0.634,
2026-08-06T18:34:53.428,669.671,guiding_to_goal,35.91913808333334,139.90922518333332,21.786,0.11317777777777778,True,28,1,35.91912968333333,139.90919718333333,2.6888637973576417,,33.57,1008.261328125,54.6123046875,207.6875,-1.25,-10.75,-0.28,1.73,9.47,8.0,0.0625,0.0,114,,stopped,0.0,0.0,0.634,
2026-08-06T18:34:53.932,670.175,guiding_to_goal,35.91913808333334,139.90922518333332,21.786,0.11317777777777778,True,28,1,35.91912968333333,139.90919718333333,2.6888637973576417,,33.57,1008.2803515625,54.599609375,207.6875,-1.25,-10.75,-0.23,1.75,9.47,0.0625,0.0625,-0.125,114,,stopped,0.0,0.0,0.634,
2026-08-06T18:34:54.435,670.678,guiding_to_goal,35.91913808333334,139.90922488333334,21.787,0.05144444444444445,True,28,1,35.91912968333333,139.90919718333333,2.6635474211681136,,33.58,1008.3784765625,54.61328125,207.6875,-1.25,-10.75,-0.24,1.8,9.45,0.0625,0.0,-0.0625,114,,stopped,0.0,0.0,0.634,
2026-08-06T18:34:54.935,671.178,guiding_to_goal,35.91913808333334,139.90922488333334,21.787,0.05144444444444445,True,28,1,35.91912968333333,139.90919718333333,2.6635474211681136,,33.58,1008.2772265625,54.568359375,207.6875,-1.25,-10.75,-0.25,1.76,9.47,0.0,0.0,0.0,114,,stopped,0.0,0.0,0.634,
2026-08-06T18:34:55.446,671.689,guiding_to_goal,35.919137983333336,139.90922488333334,21.79,0.05144444444444445,True,28,1,35.91912968333333,139.90919718333333,2.659668489091351,,33.6,1008.3283984375,54.6162109375,207.6875,-1.25,-10.75,-0.25,1.76,9.47,0.0,0.125,0.0,114,,stopped,0.0,0.0,0.634,
2026-08-06T18:34:55.946,672.189,guiding_to_goal,35.919137983333336,139.90922488333334,21.79,0.05144444444444445,True,28,1,35.91912968333333,139.90919718333333,2.659668489091351,,33.6,1008.3283984375,54.6162109375,207.6875,-1.25,-10.75,-0.24,1.76,9.48,0.0,0.25,-0.0625,114,,stopped,0.0,0.0,0.634,
2026-08-06T18:34:56.446,672.689,guiding_to_goal,35.919137883333335,139.9092248,21.792,0.07716666666666668,True,28,1,35.91912968333333,139.90919718333333,2.648783588807343,,33.6,1008.3090234375,54.5595703125,207.6875,-1.25,-10.75,-0.25,1.77,9.41,0.0,0.125,0.0625,114,,stopped,0.0,0.0,0.634,
2026-08-06T18:34:56.947,673.190,guiding_to_goal,35.919137883333335,139.9092248,21.792,0.07716666666666668,True,28,1,35.91912968333333,139.90919718333333,2.648783588807343,,33.6,1008.5547265625,54.5361328125,207.6875,-1.25,-10.75,-0.23,1.76,9.44,0.0,-0.0625,0.0625,114,,stopped,0.0,0.0,0.634,
2026-08-06T18:34:57.447,673.690,guiding_to_goal,35.919137883333335,139.9092248,21.792,0.03601111111111111,True,28,1,35.91912968333333,139.90919718333333,2.648783588807343,,33.61,1008.371875,54.5244140625,207.6875,-1.4375,-11.75,-0.59,3.46,10.6,13.4375,9.125,-26.625,178,,stopped,0.0,0.0,0.745,
2026-08-06T18:34:57.948,674.191,guiding_to_goal,35.919137883333335,139.9092248,21.792,0.03601111111111111,True,28,1,35.91912968333333,139.90919718333333,2.648783588807343,,33.61,1008.29,54.5361328125,208.625,-1.75,-11.1875,0.1,1.24,9.01,-14.25,-2.5625,-4.5,178,,stopped,0.0,0.0,0.75,
2026-08-06T18:34:58.448,674.691,guiding_to_goal,35.9191378,139.90922458333333,21.797,0.025722222222222226,True,28,1,35.91912968333333,139.90919718333333,2.627276026160231,,33.61,1008.325234375,54.5703125,209.6875,-1.5625,-10.6875,-0.26,1.76,9.47,0.0,0.0,-0.125,50,,stopped,0.0,0.0,0.749,
2026-08-06T18:34:58.949,675.193,guiding_to_goal,35.9191378,139.90922458333333,21.797,0.025722222222222226,True,28,1,35.91912968333333,139.90919718333333,2.627276026160231,,33.61,1008.2626953125,54.5703125,209.6875,-1.5625,-10.6875,-0.31,1.74,9.45,0.0,0.0625,-0.125,50,,stopped,0.0,0.0,0.748,
2026-08-06T18:34:59.449,675.692,guiding_to_goal,35.919137883333335,139.90922458333333,21.8,0.030866666666666664,True,28,1,35.91912968333333,139.90919718333333,2.630473596252881,,33.62,1008.3605078125,54.560546875,209.6875,-1.5625,-10.6875,-0.3,1.72,9.47,-0.0625,0.125,0.125,50,,stopped,0.0,0.0,0.749,
2026-08-06T18:34:59.951,676.194,guiding_to_goal,35.919137883333335,139.90922458333333,21.8,0.030866666666666664,True,28,1,35.91912968333333,139.90919718333333,2.630473596252881,,33.62,1008.3058984375,54.560546875,217.6875,-1.5625,-10.6875,-0.29,1.73,9.45,0.125,-0.0625,0.0625,50,,stopped,0.0,0.0,0.749,
2026-08-06T18:35:00.451,676.694,guiding_to_goal,35.919137883333335,139.90922458333333,21.803,0.06687777777777779,True,28,1,35.91912968333333,139.90919718333333,2.630473596252881,,33.61,1008.2979296875,54.5361328125,209.6875,-1.5625,-10.6875,-0.28,1.74,9.44,0.0625,0.0625,0.125,50,,stopped,0.0,0.0,0.749,
2026-08-06T18:35:00.956,677.199,guiding_to_goal,35.919137883333335,139.90922458333333,21.803,0.06687777777777779,True,28,1,35.91912968333333,139.90919718333333,2.630473596252881,,33.62,1008.2865625,54.5380859375,209.6875,-1.5625,-2.6875,-0.27,1.75,9.48,0.125,-0.125,0.0,50,,stopped,0.0,0.0,0.749,
2026-08-06T18:35:01.456,677.699,guiding_to_goal,35.919137983333336,139.90922448333333,21.802,0.07202222222222222,True,28,1,35.91912968333333,139.90919718333333,2.625916121213976,,33.62,1008.3684765625,54.5380859375,209.6875,-1.5625,-10.6875,-0.3,1.77,9.46,0.0,0.0625,0.0,50,,stopped,0.0,0.0,0.748,
2026-08-06T18:35:01.957,678.200,guiding_to_goal,35.919137983333336,139.90922448333333,21.802,0.07202222222222222,True,28,1,35.91912968333333,139.90919718333333,2.625916121213976,,33.63,1008.29453125,54.5380859375,209.6875,-1.5625,-10.6875,-0.28,1.72,9.47,0.0625,-0.0625,-0.0625,50,,stopped,0.0,0.0,0.748,
2026-08-06T18:35:02.457,678.700,guiding_to_goal,35.919137983333336,139.90922438333334,21.8,0.1028888888888889,True,28,1,35.91912968333333,139.90919718333333,2.6174874759101923,,33.64,1008.3459765625,54.5400390625,209.6875,-1.5625,-10.6875,-0.27,1.74,9.47,0.0,0.125,-0.0625,50,,stopped,0.0,0.0,0.749,
2026-08-06T18:35:02.958,679.201,guiding_to_goal,35.919137983333336,139.90922438333334,21.8,0.1028888888888889,True,28,1,35.91912968333333,139.90919718333333,2.6174874759101923,,33.64,1008.337734375,54.5390625,209.6875,-1.5625,-10.6875,-0.28,1.73,9.46,0.0625,0.0625,0.0,50,,stopped,0.0,0.0,0.749,
2026-08-06T18:35:03.458,679.701,guiding_to_goal,35.91913808333334,139.90922418333332,21.798,0.015433333333333332,True,28,1,35.91912968333333,139.90919718333333,2.6046086150011,,33.65,1008.334609375,54.5068359375,209.6875,-1.5625,-10.6875,-0.29,1.76,9.44,-0.0625,0.0625,0.0625,50,,stopped,0.0,0.0,0.748,
2026-08-06T18:35:03.959,680.202,guiding_to_goal,35.91913808333334,139.90922418333332,21.798,0.015433333333333332,True,28,1,35.91912968333333,139.90919718333333,2.6046086150011,,33.65,1008.334609375,54.44921875,209.6875,-1.5625,-10.6875,-0.29,1.76,9.45,-0.125,0.125,0.0,50,,stopped,0.0,0.0,0.748,
2026-08-06T18:35:04.459,680.702,guiding_to_goal,35.91913818333333,139.90922398333333,21.793,0.1389,True,28,1,35.91912968333333,139.90919718333333,2.5918386169753815,,33.66,1008.2958984375,54.51953125,209.6875,-1.5625,-10.6875,-0.29,1.72,9.47,8.0,0.0,-0.0625,50,,stopped,0.0,0.0,0.748,
2026-08-06T18:35:04.960,681.203,guiding_to_goal,35.91913818333333,139.90922398333333,21.793,0.1389,True,28,1,35.91912968333333,139.90919718333333,2.5918386169753815,,33.66,1008.3505078125,54.53125,209.6875,-1.5625,-10.6875,-0.29,1.74,9.47,0.0,0.125,-0.125,50,,stopped,0.0,0.0,0.749,
2026-08-06T18:35:05.462,681.705,guiding_to_goal,35.9191384,139.90922358333333,21.787,0.11317777777777778,True,28,1,35.91912968333333,139.90919718333333,2.567330773640234,,33.67,1008.311796875,54.6474609375,209.6875,-1.5625,-10.6875,-0.28,1.74,9.44,0.0,0.0,-0.0625,50,,stopped,0.0,0.0,0.749,
2026-08-06T18:35:05.963,682.206,guiding_to_goal,35.9191384,139.90922358333333,21.787,0.11317777777777778,True,28,1,35.91912968333333,139.90919718333333,2.567330773640234,,33.68,1008.3473828125,54.556640625,209.6875,-1.5625,-10.6875,-0.28,1.73,9.46,0.0,-0.0625,0.125,50,,stopped,0.0,0.0,0.748,
2026-08-06T18:35:06.463,682.706,guiding_to_goal,35.919138583333336,139.9092233,21.786,0.020577777777777778,True,28,1,35.91912968333333,139.90919718333333,2.5515600902549336,,33.69,1008.3632421875,54.615234375,205.875,-0.875,-13.25,-0.07,8.08,12.42,62.25,9.5,-7.25,50,,stopped,0.0,0.0,0.814,
2026-08-06T18:35:06.964,683.207,guiding_to_goal,35.919138583333336,139.9092233,21.786,0.020577777777777778,True,28,1,35.91912968333333,139.90919718333333,2.5515600902549336,,33.69,1008.3166015625,54.5224609375,207.1875,-1.75,-10.5,-0.33,0.28,6.31,-53.5625,0.0,-3.3125,50,,stopped,0.0,0.0,0.821,
2026-08-06T18:35:07.464,683.707,guiding_to_goal,35.91913878333333,139.9092229,21.776,0.07716666666666668,True,28,1,35.91912968333333,139.90919718333333,2.5272200100655944,,33.69,1008.308671875,54.6962890625,207.25,-1.75,-10.3125,-0.31,1.66,9.46,-0.0625,0.0625,-0.0625,242,,stopped,0.0,0.0,0.816,
2026-08-06T18:35:07.965,684.208,guiding_to_goal,35.91913878333333,139.9092229,21.776,0.07716666666666668,True,28,1,35.91912968333333,139.90919718333333,2.5272200100655944,,33.69,1008.2540625,54.51171875,207.25,-1.75,-10.3125,-0.32,1.69,9.47,0.0625,0.0625,0.0625,242,,stopped,0.0,0.0,0.816,
2026-08-06T18:35:08.465,684.708,guiding_to_goal,35.91913878333333,139.90922268333333,21.774,0.0463,True,28,1,35.91912968333333,139.90919718333333,2.509353371477596,,33.7,1008.35984375,54.4560546875,207.25,-1.75,-10.3125,-0.3,1.66,9.47,0.0,0.0625,0.0625,242,,stopped,0.0,0.0,0.816,
2026-08-06T18:35:08.990,685.233,guiding_to_goal,35.91913878333333,139.90922268333333,21.774,0.0463,True,28,1,35.91912968333333,139.90919718333333,2.509353371477596,,33.7,1008.3245703125,54.3740234375,207.25,-1.75,-10.3125,-0.32,1.64,9.51,0.0,-0.0625,0.0625,242,,stopped,0.0,0.0,0.816,
2026-08-06T18:35:09.490,685.733,guiding_to_goal,35.91913868333334,139.90922258333333,21.775,0.015433333333333332,True,28,1,35.91912968333333,139.90919718333333,2.496637628257176,,33.71,1008.2668359375,54.4443359375,207.25,-1.75,-10.3125,-0.32,1.65,9.51,-0.0625,-0.0625,0.125,242,,stopped,0.0,0.0,0.816,
2026-08-06T18:35:09.991,686.235,guiding_to_goal,35.91913868333334,139.90922258333333,21.775,0.015433333333333332,True,28,1,35.91912968333333,139.90919718333333,2.496637628257176,,33.72,1008.3566796875,54.3994140625,207.25,-1.75,-10.3125,-0.32,1.66,9.48,-0.0625,0.25,0.0,242,,stopped,0.0,0.0,0.816,
2026-08-06T18:35:10.496,686.739,guiding_to_goal,35.91913868333334,139.90922248333334,21.774,0.09774444444444444,True,28,1,35.91912968333333,139.90919718333333,2.4883902687528376,,33.72,1008.329375,54.3994140625,207.25,-1.75,-10.3125,-0.3,1.68,9.47,0.0625,0.125,-0.0625,242,,stopped,0.0,0.0,0.816,
2026-08-06T18:35:10.997,687.240,guiding_to_goal,35.91913868333334,139.90922248333334,21.774,0.09774444444444444,True,28,1,35.91912968333333,139.90919718333333,2.4883902687528376,,33.71,1008.2941015625,54.375,207.25,-1.75,-10.3125,-0.32,1.67,9.49,0.0,0.0625,0.125,242,,stopped,0.0,0.0,0.816,
2026-08-06T18:35:11.497,687.740,guiding_to_goal,35.919138483333334,139.90922248333334,21.773,0.015433333333333332,True,28,1,35.91912968333333,139.90919718333333,2.47953003460716,,33.72,1008.3100390625,54.376953125,207.25,-1.75,-10.3125,-0.32,1.67,9.5,0.0625,0.0,-0.0625,242,,stopped,0.0,0.0,0.816,
2026-08-06T18:35:11.998,688.240,guiding_to_goal,35.919138483333334,139.90922248333334,21.773,0.015433333333333332,True,28,1,35.91912968333333,139.90919718333333,2.47953003460716,,33.72,1008.33734375,54.3427734375,207.25,-1.75,-10.3125,-0.29,1.67,9.47,0.0625,0.125,0.0625,242,,stopped,0.0,0.0,0.816,
2026-08-06T18:35:12.498,688.741,guiding_to_goal,35.91913818333333,139.90922228333332,21.771,0.015433333333333332,True,28,1,35.91912968333333,139.90919718333333,2.449930271511276,,33.73,1008.3259375,54.2744140625,207.25,-1.75,-10.3125,-0.32,1.66,9.48,0.0,-0.0625,0.125,242,,stopped,0.0,0.0,0.816,
2026-08-06T18:35:12.998,689.241,guiding_to_goal,35.91913818333333,139.90922228333332,21.771,0.015433333333333332,True,28,1,35.91912968333333,139.90919718333333,2.449930271511276,,33.73,1008.2986328125,54.3203125,207.25,-1.75,-10.3125,-0.31,1.67,9.48,-0.0625,-0.0625,-0.0625,242,,stopped,0.0,0.0,0.816,
2026-08-06T18:35:13.499,689.742,guiding_to_goal,35.91913808333334,139.90922228333332,21.772,0.025722222222222226,True,28,1,35.91912968333333,139.90919718333333,2.445662007753225,,33.74,1008.3145703125,54.42578125,207.25,-1.75,-10.3125,-0.3,1.67,9.48,-0.0625,0.25,0.0,242,,stopped,0.0,0.0,0.816,
2026-08-06T18:35:14.002,690.245,guiding_to_goal,35.91913808333334,139.90922228333332,21.772,0.025722222222222226,True,28,1,35.91912968333333,139.90919718333333,2.445662007753225,,33.75,1008.2955078125,54.322265625,207.25,-1.75,-10.3125,-0.32,1.66,9.46,-0.0625,0.0,0.0,242,,stopped,0.0,0.0,0.816,
2026-08-06T18:35:14.512,690.755,guiding_to_goal,35.919137983333336,139.9092224,21.774,0.030866666666666664,True,28,1,35.91912968333333,139.90919718333333,2.4511664876274675,,33.75,1008.3501171875,54.333984375,207.25,-1.75,-10.3125,-0.31,1.68,9.45,0.0625,0.0625,0.125,242,,stopped,0.0,0.0,0.816,
2026-08-06T18:35:15.022,691.265,guiding_to_goal,35.919137983333336,139.9092224,21.774,0.030866666666666664,True,28,1,35.91912968333333,139.90919718333333,2.4511664876274675,,33.75,1008.3034375,54.345703125,207.25,-1.75,-10.3125,-0.3,1.66,9.49,0.0625,0.125,0.0,242,,stopped,0.0,0.0,0.816,
2026-08-06T18:35:15.522,691.765,guiding_to_goal,35.919137883333335,139.9092224,21.773,0.05144444444444445,True,28,1,35.91912968333333,139.90919718333333,2.447001438907401,,33.77,1008.3273046875,54.359375,207.25,-1.75,-10.3125,-0.32,1.67,9.48,0.0,-0.25,0.0,242,,stopped,0.0,0.0,0.816,
2026-08-06T18:35:16.023,692.266,guiding_to_goal,35.919137883333335,139.9092224,21.773,0.05144444444444445,True,28,1,35.91912968333333,139.90919718333333,2.447001438907401,,33.77,1008.362578125,54.3486328125,207.25,-1.75,-10.3125,-0.29,1.68,9.47,0.0,0.0,0.0,242,,stopped,0.0,0.0,0.816,
2026-08-06T18:35:16.523,692.766,guiding_to_goal,35.9191378,139.9092224,21.773,0.07202222222222222,True,28,1,35.91912968333333,139.90919718333333,2.44356379456034,,33.77,1008.3273046875,54.3935546875,207.25,-1.75,-10.3125,-0.3,1.67,9.49,0.0,-0.125,0.0625,242,,stopped,0.0,0.0,0.815,
2026-08-06T18:35:17.029,693.272,guiding_to_goal,35.9191378,139.9092224,21.773,0.07202222222222222,True,28,1,35.91912968333333,139.90919718333333,2.44356379456034,,33.49,1007.8601953125,54.326171875,207.25,-1.75,-10.3125,-0.31,1.65,9.47,0.0625,-0.0625,0.125,242,,stopped,0.0,0.0,0.816,
2026-08-06T18:35:17.538,693.781,guiding_to_goal,35.919137883333335,139.90922258333333,21.777,0.07716666666666668,True,28,1,35.91912968333333,139.90919718333333,2.462329500701952,,33.75,1008.358046875,54.18359375,207.25,-1.75,-10.3125,-0.33,1.66,9.45,0.0,0.0,0.0,242,,stopped,0.0,0.0,0.816,
2026-08-06T18:35:18.039,694.282,guiding_to_goal,35.919137883333335,139.90922258333333,21.777,0.07716666666666668,True,28,1,35.91912968333333,139.90919718333333,2.462329500701952,,31.64,1005.1644140625,54.2919921875,207.25,-1.75,-10.3125,-0.31,1.66,9.48,-0.0625,0.0,0.0625,242,,stopped,0.0,0.0,0.816,
2026-08-06T18:35:18.542,694.785,guiding_to_goal,35.919137883333335,139.90922268333333,21.78,0.14918888888888887,True,28,1,35.91912968333333,139.90919718333333,2.4706966771240118,,33.74,1008.3065625,54.3544921875,207.25,-1.75,-10.3125,-0.31,1.66,9.5,0.0625,0.125,-0.3125,242,,stopped,0.0,0.0,0.816,
2026-08-06T18:35:19.043,695.286,guiding_to_goal,35.919137883333335,139.90922268333333,21.78,0.14918888888888887,True,28,1,35.91912968333333,139.90919718333333,2.4706966771240118,,33.75,1008.3501171875,54.333984375,207.25,-1.75,-10.3125,-0.32,1.67,9.48,0.0625,-0.0625,-0.25,242,,stopped,0.0,0.0,0.816,
2026-08-06T18:35:19.543,695.786,guiding_to_goal,35.91913808333334,139.90922308333333,21.786,0.07202222222222222,True,28,1,35.91912968333333,139.90919718333333,2.5123923682910263,,33.75,1008.33078125,54.369140625,207.25,-1.75,-10.3125,-0.33,1.67,9.47,0.0,-0.125,0.1875,242,,stopped,0.0,0.0,0.816,
2026-08-06T18:35:20.044,696.286,guiding_to_goal,35.91913808333334,139.90922308333333,21.786,0.07202222222222222,True,28,1,35.91912968333333,139.90919718333333,2.5123923682910263,,33.76,1008.31140625,54.3916015625,207.25,-1.75,-10.3125,-0.31,1.69,9.47,0.0625,0.1875,0.125,242,,stopped,0.0,0.0,0.816,
2026-08-06T18:35:20.552,696.795,guiding_to_goal,35.91913818333333,139.9092233,21.79,0.0463,True,28,1,35.91912968333333,139.90919718333333,2.5346406671585933,,33.77,1008.3,54.474609375,207.25,-1.75,-10.3125,-0.3,1.67,9.46,0.0,-0.0625,0.0625,242,,stopped,0.0,0.0,0.816,
2026-08-06T18:35:21.092,697.335,guiding_to_goal,35.91913818333333,139.9092233,21.79,0.0463,True,28,1,35.91912968333333,139.90919718333333,2.5346406671585933,,33.75,1008.33078125,54.484375,207.25,-1.75,-10.3125,-0.3,1.66,9.48,0.0,0.125,0.125,242,,stopped,0.0,0.0,0.816,
2026-08-06T18:35:21.601,697.844,guiding_to_goal,35.91913818333333,139.90922348333334,21.798,0.1389,True,28,1,35.91912968333333,139.90919718333333,2.549966637853604,,33.78,1008.28859375,54.4873046875,207.25,-1.75,-10.3125,-0.32,1.66,9.49,0.0,-0.0625,0.0,242,,stopped,0.0,0.0,0.816,
2026-08-06T18:35:22.111,698.354,guiding_to_goal,35.91913818333333,139.90922348333334,21.798,0.1389,True,28,1,35.91912968333333,139.90919718333333,2.549966637853604,,33.78,1008.2695703125,54.4873046875,207.25,-1.75,-2.3125,-0.3,1.67,9.46,0.0625,0.0,-0.0625,242,,stopped,0.0,0.0,0.816,
2026-08-06T18:35:22.621,698.864,guiding_to_goal,35.919137983333336,139.90922348333334,21.799,0.19548888888888888,True,28,1,35.91912968333333,139.90919718333333,2.5418075816194428,,33.78,1008.28859375,54.4755859375,207.25,-1.75,-10.3125,-0.3,1.64,9.47,0.0,0.0625,0.0,242,,stopped,0.0,0.0,0.816,
2026-08-06T18:35:23.132,699.375,guiding_to_goal,35.919137983333336,139.90922348333334,21.799,0.19548888888888888,True,28,1,35.91912968333333,139.90919718333333,2.5418075816194428,,33.78,1008.3158984375,54.4296875,207.25,-1.75,-10.3125,-0.32,1.69,9.49,-0.0625,0.125,0.125,242,,stopped,0.0,0.0,0.816,
2026-08-06T18:35:23.632,699.875,guiding_to_goal,35.91913758333333,139.9092233,21.801,0.2726555555555556,True,28,1,35.91912968333333,139.90919718333333,2.510525547838763,,33.77,1008.3819140625,54.4169921875,207.25,-1.75,-10.3125,-0.31,1.66,9.46,0.0,-0.25,-0.0625,242,,stopped,0.0,0.0,0.816,
2026-08-06T18:35:24.153,700.396,guiding_to_goal,35.91913758333333,139.9092233,21.801,0.2726555555555556,True,28,1,35.91912968333333,139.90919718333333,2.510525547838763,,33.77,1008.3273046875,54.1279296875,207.25,-1.75,-10.3125,-0.31,1.67,9.48,0.125,-0.125,-0.0625,242,,stopped,0.0,0.0,0.816,
2026-08-06T18:35:24.653,700.896,guiding_to_goal,35.91913638333333,139.90922178333332,21.789,0.041155555555555556,True,28,1,35.91912968333333,139.90919718333333,2.3371689814154886,,33.77,1008.245390625,54.359375,207.25,-1.75,-10.3125,-0.32,1.68,9.48,0.0625,-0.125,0.0,242,,stopped,0.0,0.0,0.816,
2026-08-06T18:35:25.154,701.397,guiding_to_goal,35.91913638333333,139.90922178333332,21.789,0.041155555555555556,True,28,1,35.91912968333333,139.90919718333333,2.3371689814154886,,33.75,1008.248828125,54.3916015625,207.25,-1.75,-10.3125,-0.32,1.68,9.47,0.0625,0.0,0.0625,242,,stopped,0.0,0.0,0.816,
2026-08-06T18:35:25.654,701.897,guiding_to_goal,35.9191366,139.90922198333334,21.795,0.10803333333333333,True,28,1,35.91912968333333,139.90919718333333,2.3619812153396462,,33.76,1008.366015625,54.3798828125,207.25,-1.75,-10.3125,-0.32,1.64,9.45,0.0,-0.0625,0.0,242,,stopped,0.0,0.0,0.816,
2026-08-06T18:35:26.155,702.398,guiding_to_goal,35.9191366,139.90922198333334,21.795,0.10803333333333333,True,28,1,35.91912968333333,139.90919718333333,2.3619812153396462,,33.76,1008.256796875,54.4267578125,207.25,-1.75,-10.3125,-0.28,1.66,9.47,0.0,0.0,0.0,242,,stopped,0.0,0.0,0.816,
2026-08-06T18:35:26.655,702.898,guiding_to_goal,35.919136783333336,139.90922218333333,21.798,0.07716666666666668,True,28,1,35.91912968333333,139.90919718333333,2.385685454698236,,33.77,1008.2726953125,54.4169921875,207.25,-1.75,-10.3125,-0.31,1.68,9.47,0.0625,0.125,0.0625,242,,stopped,0.0,0.0,0.816,
2026-08-06T18:35:27.156,703.399,guiding_to_goal,35.919136783333336,139.90922218333333,21.798,0.07716666666666668,True,28,1,35.91912968333333,139.90919718333333,2.385685454698236,,33.13,1007.709453125,54.7568359375,207.25,-1.75,-10.3125,-0.3,1.68,9.47,0.0,0.0625,0.125,242,,stopped,0.0,0.0,0.816,
2026-08-06T18:35:27.657,703.900,guiding_to_goal,35.91913688333333,139.90922228333332,21.797,0.09774444444444444,True,28,1,35.91912968333333,139.90919718333333,2.3978746458132187,,31.58,1005.1693359375,54.341796875,207.25,-1.75,-10.3125,-0.3,1.66,9.46,0.0625,-0.0625,0.125,242,,stopped,0.0,0.0,0.816,
2026-08-06T18:35:28.201,704.444,guiding_to_goal,35.91913688333333,139.90922228333332,21.797,0.09774444444444444,True,28,1,35.91912968333333,139.90919718333333,2.3978746458132187,,33.76,1008.346640625,54.404296875,207.25,-1.75,-10.3125,-0.31,1.66,9.47,0.0625,-0.0625,0.0,242,,stopped,0.0,0.0,0.816,
2026-08-06T18:35:28.705,704.948,guiding_to_goal,35.91913698333333,139.9092224,21.797,0.06173333333333333,True,28,1,35.91912968333333,139.90919718333333,2.411500352813613,,33.78,1008.351484375,54.3955078125,207.25,-1.75,-10.3125,-0.28,1.66,9.47,-0.0625,0.0,-0.0625,242,,stopped,0.0,0.0,0.816,
2026-08-06T18:35:29.206,705.449,guiding_to_goal,35.91913698333333,139.9092224,21.797,0.06173333333333333,True,28,1,35.91912968333333,139.90919718333333,2.411500352813613,,33.78,1008.9439453125,54.40625,207.25,-1.75,-10.3125,-0.28,1.68,9.46,0.0625,-0.1875,0.0,242,,stopped,0.0,0.0,0.816,
2026-08-06T18:35:29.706,705.949,guiding_to_goal,35.91913698333333,139.9092224,21.798,0.13375555555555557,True,28,1,35.91912968333333,139.90919718333333,2.411500352813613,,33.77,1008.362578125,54.41796875,207.25,-1.75,-10.3125,-0.29,1.67,9.47,0.0625,-0.0625,0.0,242,,stopped,0.0,0.0,0.816,
2026-08-06T18:35:30.207,706.450,guiding_to_goal,35.91913698333333,139.9092224,21.798,0.13375555555555557,True,28,1,35.91912968333333,139.90919718333333,2.411500352813613,,32.82,1007.2758203125,54.3623046875,207.25,-1.75,-10.3125,-0.3,1.69,9.48,0.0,0.0625,0.125,242,,stopped,0.0,0.0,0.816,
2026-08-06T18:35:30.707,706.950,guiding_to_goal,35.919136783333336,139.9092224,21.802,0.025722222222222226,True,28,1,35.91912968333333,139.90919718333333,2.4041058104348454,,33.77,1008.3,54.359375,207.25,-1.75,-10.3125,-0.31,1.67,9.49,0.0,0.0625,0.125,242,,stopped,0.0,0.0,0.816,
2026-08-06T18:35:31.207,707.450,guiding_to_goal,35.919136783333336,139.9092224,21.802,0.025722222222222226,True,28,1,35.91912968333333,139.90919718333333,2.4041058104348454,,33.78,1008.28859375,54.3837890625,207.25,-1.75,-10.3125,-0.32,1.67,9.47,0.0,-0.0625,0.0625,242,,stopped,0.0,0.0,0.816,
2026-08-06T18:35:31.708,707.951,guiding_to_goal,35.91913698333333,139.90922228333332,21.8,0.0926,True,28,1,35.91912968333333,139.90919718333333,2.4016100979893924,,33.77,1008.3079296875,54.0712890625,207.25,-1.75,-10.3125,-0.31,1.65,9.49,-0.0625,-0.125,0.0625,242,,stopped,0.0,0.0,0.816,
2026-08-06T18:35:32.519,708.762,guiding_to_goal,35.91913698333333,139.90922228333332,21.8,0.0926,True,28,1,35.91912968333333,139.90919718333333,2.4016100979893924,,33.78,1008.324140625,54.4296875,207.25,-1.75,-10.3125,-0.31,1.67,9.47,0.0,0.125,0.0625,242,,stopped,0.0,0.0,0.816,
2026-08-06T18:35:33.019,709.262,guiding_to_goal,,,,,False,,,35.91912968333333,139.90919718333333,,,33.78,1008.324140625,54.302734375,205.9375,-1.5,-13.4375,0.12,-3.34,-1.21,-105.1875,13.375,9.625,50,,forward,61.83125,58.16875,0.75,
2026-08-06T18:35:33.520,709.763,guiding_to_goal,,,,,False,,,35.91912968333333,139.90919718333333,,,33.77,1008.3273046875,54.2783203125,202.0625,-0.75,-6.5,0.09,0.57,8.82,42.125,1.25,13.375,50,,stopped,0.0,0.0,0.545,
2026-08-06T18:35:34.020,710.263,guiding_to_goal,35.919136683333335,139.90922208333333,21.802,0.21606666666666666,True,28,1,35.91912968333333,139.90919718333333,2.373519923670562,,32.97,1007.5080078125,54.2177734375,235.0625,0.3125,-8.3125,0.44,1.39,7.92,-6.0625,-9.75,-83.125,50,,stopped,0.0,0.0,4.269,
2026-08-06T18:35:34.740,710.983,guiding_to_goal,35.919136683333335,139.90922208333333,21.802,0.21606666666666666,True,28,1,35.91912968333333,139.90919718333333,2.373519923670562,,31.17,1004.312421875,54.0517578125,237.5,0.3125,-8.4375,0.0,2.09,10.27,-1.75,-11.5625,-84.25,50,,stopped,0.0,0.0,1.106,
2026-08-06T18:35:35.240,711.483,guiding_to_goal,35.919136,139.90922178333332,21.806,0.1389,True,28,1,35.91912968333333,139.90919718333333,2.323932957543836,,33.77,1008.3819140625,54.197265625,227.875,-0.375,-9.125,-1.09,2.16,8.88,-6.3125,23.25,69.0,50,,turn_left,-25.0,25.0,4.259,
2026-08-06T18:35:35.740,711.983,guiding_to_goal,35.919136,139.90922178333332,21.806,0.1389,True,28,1,35.91912968333333,139.90919718333333,2.323932957543836,,33.76,1008.3387109375,54.333984375,221.0625,-0.8125,-9.625,-0.96,2.15,10.0,4.0,11.1875,44.875,50,,stopped,0.0,0.0,3.73,
2026-08-06T18:35:36.241,712.484,guiding_to_goal,35.919136,139.9092219,21.807,0.07716666666666668,True,28,1,35.91912968333333,139.90919718333333,2.333949702665137,,33.75,1008.3228125,54.333984375,218.1875,-1.3125,-10.4375,-0.29,1.92,9.44,0.0625,-0.0625,0.0,242,,turn_left,-5.0,5.0,0.588,
2026-08-06T18:35:36.741,712.984,guiding_to_goal,35.919136,139.9092219,21.807,0.07716666666666668,True,28,1,35.91912968333333,139.90919718333333,2.333949702665137,,33.73,1008.3259375,54.33203125,218.1875,-1.25,-10.5,-0.29,2.0,9.73,0.125,-4.6875,5.4375,242,,turn_left,-20.0,20.0,0.586,
2026-08-06T18:35:37.242,713.485,guiding_to_goal,35.919136,139.90922208333333,21.812,0.05658888888888889,True,28,1,35.91912968333333,139.90919718333333,2.349698931659126,,33.74,1008.388515625,54.4130859375,207.4375,-0.6875,-9.3125,-0.15,1.67,9.49,-0.0625,0.1875,0.125,114,,stopped,0.0,0.0,0.503,
2026-08-06T18:35:37.742,713.985,guiding_to_goal,35.919136,139.90922208333333,21.812,0.05658888888888889,True,28,1,35.91912968333333,139.90919718333333,2.349698931659126,,33.73,1008.3259375,54.4130859375,207.4375,-0.6875,-9.375,-0.14,1.68,9.49,-0.0625,0.0625,0.0,114,,stopped,0.0,0.0,0.503,
2026-08-06T18:35:38.252,714.495,guiding_to_goal,35.919136083333335,139.90922228333332,21.814,0.14918888888888887,True,28,1,35.91912968333333,139.90919718333333,2.36965802555501,,33.73,1008.3259375,54.435546875,207.4375,-0.6875,-9.4375,-0.13,1.67,9.48,0.0,-0.0625,0.0,114,,stopped,0.0,0.0,0.504,
2026-08-06T18:35:38.762,715.005,guiding_to_goal,35.919136083333335,139.90922228333332,21.814,0.14918888888888887,True,28,1,35.91912968333333,139.90919718333333,2.36965802555501,,33.74,1008.369140625,54.42578125,207.4375,-0.6875,-9.4375,-0.13,1.66,9.48,8.0625,-0.0625,-0.0625,242,,stopped,0.0,0.0,0.503,
2026-08-06T18:35:39.262,715.505,guiding_to_goal,35.91913628333333,139.90922218333333,21.819,0.08745555555555556,True,28,1,35.91912968333333,139.90919718333333,2.3678681518531595,,33.74,1008.3418359375,54.4599609375,207.4375,-0.6875,-9.4375,-0.14,1.64,9.47,0.0,-0.0625,0.0,114,,stopped,0.0,0.0,0.503,
2026-08-06T18:35:39.762,716.005,guiding_to_goal,35.91913628333333,139.90922218333333,21.819,0.08745555555555556,True,28,1,35.91912968333333,139.90919718333333,2.3678681518531595,,33.74,1008.369140625,54.1943359375,207.4375,-0.6875,-9.4375,-0.14,1.66,9.49,-0.0625,0.0,0.0,114,,stopped,0.0,0.0,0.502,
2026-08-06T18:35:40.267,716.510,guiding_to_goal,35.91913638333333,139.9092224,21.819,0.05658888888888889,True,28,1,35.91912968333333,139.90919718333333,2.3898689864455274,,33.74,1008.3418359375,54.541015625,207.4375,-0.6875,-9.4375,-0.16,1.66,9.5,0.0625,0.0625,0.0,114,,stopped,0.0,0.0,0.503,
2026-08-06T18:35:40.772,717.015,guiding_to_goal,35.91913638333333,139.9092224,21.819,0.05658888888888889,True,28,1,35.91912968333333,139.90919718333333,2.3898689864455274,,33.74,1008.8879296875,54.40234375,207.4375,-0.6875,-9.4375,-0.16,1.67,9.45,-0.0625,0.125,0.0625,114,,stopped,0.0,0.0,0.503,
2026-08-06T18:35:41.277,717.520,guiding_to_goal,35.9191365,139.90922248333334,21.818,0.03601111111111111,True,28,1,35.91912968333333,139.90919718333333,2.401064099279454,,33.74,1008.3065625,54.3662109375,207.4375,-0.6875,-9.4375,-0.15,1.7,9.48,0.0,-0.125,-0.0625,114,,stopped,0.0,0.0,0.503,
2026-08-06T18:35:41.778,718.021,guiding_to_goal,35.9191365,139.90922248333334,21.818,0.03601111111111111,True,28,1,35.91912968333333,139.90919718333333,2.401064099279454,,33.75,1008.3501171875,54.3916015625,207.4375,-0.6875,-9.4375,-0.14,1.68,9.48,-0.125,-0.0625,0.0,114,,stopped,0.0,0.0,0.504,
2026-08-06T18:35:42.278,718.521,guiding_to_goal,35.9191366,139.90922248333334,21.819,0.025722222222222226,True,28,1,35.91912968333333,139.90919718333333,2.404597497276802,,33.74,1008.369140625,54.4599609375,207.4375,-0.6875,-9.4375,-0.15,1.67,9.48,-0.0625,0.0625,-0.0625,114,,stopped,0.0,0.0,0.502,
2026-08-06T18:35:42.779,719.022,guiding_to_goal,35.9191366,139.90922248333334,21.819,0.025722222222222226,True,28,1,35.91912968333333,139.90919718333333,2.404597497276802,,33.75,1008.3034375,54.369140625,207.4375,-0.6875,-9.4375,-0.14,1.68,9.47,-0.125,-0.0625,0.0,114,,stopped,0.0,0.0,0.502,
2026-08-06T18:35:43.279,719.522,guiding_to_goal,35.9191366,139.9092224,21.818,0.09774444444444444,True,28,1,35.91912968333333,139.90919718333333,2.397488667953484,,33.74,1008.3964453125,54.3671875,207.4375,-0.6875,-9.4375,-0.14,1.69,9.48,-0.0625,0.0625,0.0625,114,,stopped,0.0,0.0,0.503,
2026-08-06T18:35:43.780,720.022,guiding_to_goal,35.9191366,139.9092224,21.818,0.09774444444444444,True,28,1,35.91912968333333,139.90919718333333,2.397488667953484,,33.74,1008.3418359375,54.3671875,207.4375,-0.6875,-9.4375,-0.14,1.65,9.46,-0.0625,0.0625,0.0625,114,,stopped,0.0,0.0,0.504,
2026-08-06T18:35:44.280,720.523,guiding_to_goal,35.9191366,139.90922228333332,21.818,0.08231111111111111,True,28,1,35.91912968333333,139.90919718333333,2.38754037115168,,33.74,1008.3065625,54.2744140625,207.4375,-0.6875,-9.4375,-0.16,1.68,9.48,8.0625,0.0,0.125,50,,stopped,0.0,0.0,0.504,
2026-08-06T18:35:44.780,721.023,guiding_to_goal,35.9191366,139.90922228333332,21.818,0.08231111111111111,True,28,1,35.91912968333333,139.90919718333333,2.38754037115168,,33.72,1008.3100390625,54.2841796875,207.4375,-0.6875,-9.4375,-0.15,1.65,9.47,-0.0625,0.0625,-0.0625,50,,stopped,0.0,0.0,0.503,
2026-08-06T18:35:45.281,721.524,guiding_to_goal,35.9191365,139.90922218333333,21.817,0.0463,True,28,1,35.91912968333333,139.90919718333333,2.3754456294634703,,33.73,1008.3726171875,54.2734375,207.4375,-0.6875,-9.4375,-0.15,1.67,9.47,-0.0625,0.3125,0.0,50,,stopped,0.0,0.0,0.503,
2026-08-06T18:35:45.781,722.024,guiding_to_goal,35.9191365,139.90922218333333,21.817,0.0463,True,28,1,35.91912968333333,139.90919718333333,2.3754456294634703,,33.73,1008.3452734375,54.26171875,207.4375,-0.6875,-9.4375,-0.15,1.67,9.47,-0.0625,0.0625,0.0625,50,,stopped,0.0,0.0,0.502,
2026-08-06T18:35:46.282,722.525,guiding_to_goal,35.9191366,139.90922208333333,21.815,0.13375555555555557,True,28,1,35.91912968333333,139.90919718333333,2.3704973457762883,,33.73,1008.380546875,54.28515625,205.9375,-1.1875,-10.1875,4.1,1.77,21.12,-24.375,-78.4375,20.6875,50,,forward,49.830000000000005,46.17,0.2,
2026-08-06T18:35:46.782,723.025,guiding_to_goal,35.9191366,139.90922208333333,21.815,0.13375555555555557,True,28,1,35.91912968333333,139.90919718333333,2.3704973457762883,,33.73,1008.380546875,54.34375,204.125,-0.9375,-9.875,-1.81,0.17,2.8,-90.6875,1.4375,17.0,50,,stopped,0.0,0.0,0.145,
2026-08-06T18:35:47.282,723.525,guiding_to_goal,35.91913628333333,139.90922218333333,21.812,0.4424222222222222,True,28,1,35.91912968333333,139.90919718333333,2.3678681518531595,,33.73,1008.3726171875,54.26171875,203.5,-0.4375,-10.75,-0.11,1.9,9.45,0.0,0.0625,0.0,50,,turn_right,5.0,-5.0,0.095,
2026-08-06T18:35:47.783,724.026,guiding_to_goal,35.91913628333333,139.90922218333333,21.812,0.4424222222222222,True,28,1,35.91912968333333,139.90919718333333,2.3678681518531595,,33.72,1008.3100390625,54.2841796875,203.5625,-0.5,-10.75,-0.27,1.45,9.41,1.375,0.5625,-0.8125,50,,turn_right,20.0,-20.0,0.096,
2026-08-06T18:35:48.283,724.526,guiding_to_goal,35.919131,139.90922038333332,21.75,0.10803333333333333,True,28,1,35.91912968333333,139.90919718333333,2.0943010053816447,,33.73,1008.3452734375,54.55078125,204.875,-0.5625,-10.4375,-0.14,1.84,9.42,0.125,0.0,0.0,50,,stopped,0.0,0.0,0.096,
2026-08-06T18:35:48.784,725.027,guiding_to_goal,35.919131,139.90922038333332,21.75,0.10803333333333333,True,28,1,35.91912968333333,139.90919718333333,2.0943010053816447,,33.72,1008.3646484375,54.26171875,204.875,-0.5625,-10.4375,-0.11,1.83,9.44,0.0,-0.1875,-0.0625,50,,stopped,0.0,0.0,0.096,
2026-08-06T18:35:49.284,725.527,guiding_to_goal,35.91913018333333,139.90921988333332,21.752,0.025722222222222226,True,28,1,35.91912968333333,139.90919718333333,2.0449078768216666,,33.73,1008.4078515625,54.2158203125,204.875,-0.5625,-10.5,-0.15,1.83,9.47,0.0,-0.1875,0.0625,50,,stopped,0.0,0.0,0.097,
2026-08-06T18:35:49.784,726.027,guiding_to_goal,35.91913018333333,139.90921988333332,21.752,0.025722222222222226,True,28,1,35.91912968333333,139.90919718333333,2.0449078768216666,,32.67,1006.9894921875,54.2060546875,204.875,-0.5625,-10.5,-0.12,1.82,9.44,0.0625,0.0625,0.1875,50,,stopped,0.0,0.0,0.097,
2026-08-06T18:35:50.285,726.528,guiding_to_goal,35.91912968333333,139.90921918333333,21.813,0.06173333333333333,True,28,1,35.91912968333333,139.90919718333333,1.9811164233662888,,33.74,1008.33390625,54.2392578125,204.875,-0.5625,-10.5,-0.11,1.85,9.44,0.0,0.0625,-0.0625,50,,stopped,0.0,0.0,0.097,
2026-08-06T18:35:50.787,727.030,guiding_to_goal,35.91912968333333,139.90921918333333,21.813,0.06173333333333333,True,28,1,35.91912968333333,139.90919718333333,1.9811164233662888,,33.73,1008.380546875,54.2392578125,204.875,-0.5625,-10.5,-0.1,1.83,9.42,-0.125,0.0,-0.0625,50,,stopped,0.0,0.0,0.096,
2026-08-06T18:35:51.287,727.530,guiding_to_goal,35.919128883333336,139.90921818333334,21.897,0.06173333333333333,True,28,1,35.91912968333333,139.90919718333333,1.8931567791940107,,33.2,1007.9578515625,54.29296875,204.875,-0.5625,-10.5,-0.13,1.84,9.47,-0.0625,-0.0625,0.0625,50,,stopped,0.0,0.0,0.096,
2026-08-06T18:35:51.788,728.031,guiding_to_goal,35.919128883333336,139.90921818333334,21.897,0.06173333333333333,True,28,1,35.91912968333333,139.90919718333333,1.8931567791940107,,33.73,1008.380546875,54.2158203125,204.875,-0.5625,-10.5,-0.12,1.82,9.46,0.0625,0.125,0.1875,50,,stopped,0.0,0.0,0.096,
2026-08-06T18:35:52.293,728.536,guiding_to_goal,35.91912898333333,139.90921818333334,21.899,0.08231111111111111,True,28,1,35.91912968333333,139.90919718333333,1.892666885493858,,33.75,1008.3501171875,54.2646484375,204.875,-0.5625,-10.5,-0.1,1.79,9.45,-0.125,0.25,0.1875,50,,stopped,0.0,0.0,0.096,
2026-08-06T18:35:52.818,729.061,guiding_to_goal,35.91912898333333,139.90921818333334,21.899,0.08231111111111111,True,28,1,35.91912968333333,139.90919718333333,1.892666885493858,,33.74,1008.3964453125,54.251953125,204.875,-0.5625,-10.5,-0.12,1.83,9.48,0.0,0.0625,-0.0625,50,,stopped,0.0,0.0,0.096,
2026-08-06T18:35:53.319,729.562,guiding_to_goal,35.91912898333333,139.90921818333334,21.9,0.05658888888888889,True,28,1,35.91912968333333,139.90919718333333,1.892666885493858,,33.75,1008.358046875,54.2412109375,204.875,-0.5625,-10.5,-0.11,1.82,9.44,-0.0625,-0.125,0.0,50,,stopped,0.0,0.0,0.096,
2026-08-06T18:35:53.820,730.063,guiding_to_goal,35.91912898333333,139.90921818333334,21.9,0.05658888888888889,True,28,1,35.91912968333333,139.90919718333333,1.892666885493858,,33.75,1008.4126953125,54.2412109375,204.875,-0.5625,-10.5,-0.13,1.81,9.44,0.0,-0.125,0.0625,50,,stopped,0.0,0.0,0.097,
2026-08-06T18:35:54.320,730.563,guiding_to_goal,35.91912908333333,139.90921818333334,21.905,0.07202222222222222,True,28,1,35.91912968333333,139.90919718333333,1.8922422081703083,,33.75,1008.3034375,54.2529296875,204.875,-0.5625,-10.5,-0.12,1.82,9.45,0.0625,0.0,-0.0625,50,,stopped,0.0,0.0,0.096,
2026-08-06T18:35:54.826,731.069,guiding_to_goal,35.91912908333333,139.90921818333334,21.905,0.07202222222222222,True,28,1,35.91912968333333,139.90919718333333,1.8922422081703083,,33.77,1008.3352734375,53.8056640625,204.875,-0.5625,-10.5,-0.1,1.84,9.45,0.0,-0.0625,0.125,50,,stopped,0.0,0.0,0.096,
2026-08-06T18:35:55.327,731.570,guiding_to_goal,35.91912908333333,139.9092181,21.907,0.05658888888888889,True,28,1,35.91912968333333,139.90919718333333,1.884742663699273,,33.75,1008.33078125,54.21875,204.875,-0.5625,-10.5,-0.14,1.83,9.47,0.125,-0.125,0.125,50,,stopped,0.0,0.0,0.096,
2026-08-06T18:35:55.827,732.070,guiding_to_goal,35.91912908333333,139.9092181,21.907,0.05658888888888889,True,28,1,35.91912968333333,139.90919718333333,1.884742663699273,,32.26,1006.022890625,54.1806640625,204.875,-0.5625,-10.5,-0.11,1.82,9.47,0.0625,-0.125,0.0625,50,,stopped,0.0,0.0,0.096,
2026-08-06T18:35:56.328,732.571,guiding_to_goal,35.91912908333333,139.9092181,21.914,0.11832222222222223,True,28,1,35.91912968333333,139.90919718333333,1.884742663699273,,33.75,1008.33078125,54.20703125,204.875,-0.5625,-10.5,-0.11,1.81,9.45,8.0,0.0,0.0,50,,stopped,0.0,0.0,0.096,
2026-08-06T18:35:56.828,733.071,guiding_to_goal,35.91912908333333,139.9092181,21.914,0.11832222222222223,True,28,1,35.91912968333333,139.90919718333333,1.884742663699273,,33.75,1008.3034375,54.20703125,204.875,-0.5625,-10.5,-0.12,1.83,9.41,0.0625,0.0,0.0625,50,,stopped,0.0,0.0,0.096,
2026-08-06T18:35:57.329,733.572,guiding_to_goal,35.9191293,139.90921778333333,21.923,0.1389,True,28,1,35.91912968333333,139.90919718333333,1.855535027480471,,33.77,1008.3352734375,54.12890625,204.875,-0.5625,-10.5,-0.11,1.8,9.44,0.0625,-0.0625,0.1875,50,,stopped,0.0,0.0,0.095,
2026-08-06T18:35:57.829,734.072,guiding_to_goal,35.9191293,139.90921778333333,21.923,0.1389,True,28,1,35.91912968333333,139.90919718333333,1.855535027480471,,33.78,1008.351484375,54.2216796875,204.875,-0.5625,-10.5,-0.12,1.83,9.45,0.0625,0.0625,0.0,50,,stopped,0.0,0.0,0.096,
2026-08-06T18:35:58.330,734.573,guiding_to_goal,35.919129483333336,139.90921768333334,21.928,0.05144444444444445,True,28,1,35.91912968333333,139.90919718333333,1.8461742563566585,,33.81,1008.38328125,54.2236328125,204.875,-0.5625,-10.5,-0.13,1.81,9.44,0.125,0.1875,-0.0625,50,,stopped,0.0,0.0,0.096,
2026-08-06T18:35:58.830,735.073,guiding_to_goal,35.919129483333336,139.90921768333334,21.928,0.05144444444444445,True,28,1,35.91912968333333,139.90919718333333,1.8461742563566585,,33.79,1008.38671875,54.234375,204.875,-0.5625,-10.5,-0.12,1.83,9.45,0.125,0.0,-0.125,50,,stopped,0.0,0.0,0.096,
2026-08-06T18:35:59.332,735.575,guiding_to_goal,35.91912958333333,139.90921778333333,21.932,0.08745555555555556,True,28,1,35.91912968333333,139.90919718333333,1.8550787051014155,,33.79,1008.3127734375,54.2236328125,204.875,-0.5625,-10.5,-0.12,1.83,9.41,-0.0625,-0.125,0.0,50,,stopped,0.0,0.0,0.097,
2026-08-06T18:35:59.838,736.081,guiding_to_goal,35.91912958333333,139.90921778333333,21.932,0.08745555555555556,True,28,1,35.91912968333333,139.90919718333333,1.8550787051014155,,33.64,1008.0647265625,54.2041015625,204.875,-0.5625,-10.5,-0.13,1.81,9.45,0.0625,-0.125,0.0,50,,stopped,0.0,0.0,0.097,
2026-08-06T18:36:00.342,736.585,guiding_to_goal,35.91912958333333,139.90921788333333,21.935,0.05144444444444445,True,28,1,35.91912968333333,139.90919718333333,1.864083618231957,,33.8,1008.2933984375,54.177734375,204.875,-0.5625,-10.5,-0.13,1.81,9.46,0.0,0.125,0.0625,50,,stopped,0.0,0.0,0.097,
2026-08-06T18:36:00.852,737.095,guiding_to_goal,35.91912958333333,139.90921788333333,21.935,0.05144444444444445,True,28,1,35.91912968333333,139.90919718333333,1.864083618231957,,33.79,1008.3127734375,54.177734375,204.875,-0.5625,-10.5,-0.12,1.81,9.45,0.0,0.0,0.0,50,,stopped,0.0,0.0,0.097,
2026-08-06T18:36:01.352,737.595,guiding_to_goal,35.91912968333333,139.90921798333332,21.938,0.0926,True,28,1,35.91912968333333,139.90919718333333,1.873055526289879,,33.79,1008.3594140625,54.072265625,218.1875,-0.5625,-10.6875,-2.12,0.58,10.76,-1.5,-2.5625,-112.5625,50,,turn_right,25.0,-25.0,0.094,
2026-08-06T18:36:01.852,738.095,guiding_to_goal,35.91912968333333,139.90921798333332,21.938,0.0926,True,28,1,35.91912968333333,139.90919718333333,1.873055526289879,,33.79,1008.3946875,54.1318359375,228.6875,-0.4375,-10.125,1.54,0.39,11.33,3.6875,-24.3125,-105.9375,50,,stopped,0.0,0.0,0.101,
2026-08-06T18:36:02.353,738.596,guiding_to_goal,35.91912958333333,139.90921828333333,21.95,0.06687777777777779,True,27,1,35.91912968333333,139.90919718333333,1.9001032885729507,,33.79,1008.3127734375,54.3857421875,232.875,-0.375,-10.25,-0.13,1.84,9.42,0.0,0.0,0.0625,50,,stopped,0.0,0.0,0.104,
2026-08-06T18:36:02.853,739.096,guiding_to_goal,35.91912958333333,139.90921828333333,21.95,0.06687777777777779,True,27,1,35.91912968333333,139.90919718333333,1.9001032885729507,,33.81,1008.3366015625,54.1328125,232.875,-0.375,-10.3125,-0.14,1.8,9.47,0.125,0.0625,0.0,50,,stopped,0.0,0.0,0.104,
2026-08-06T18:36:03.354,739.597,guiding_to_goal,35.91912958333333,139.90921848333332,21.952,0.03601111111111111,True,27,1,35.91912968333333,139.90919718333333,1.9181131313185766,,33.82,1008.317265625,54.1337890625,232.875,-0.4375,-10.375,-0.12,1.81,9.45,8.0625,8.0625,-0.125,50,,stopped,0.0,0.0,0.104,
2026-08-06T18:36:03.854,740.097,guiding_to_goal,35.91912958333333,139.90921848333332,21.952,0.03601111111111111,True,27,1,35.91912968333333,139.90919718333333,1.9181131313185766,,33.81,1008.28203125,54.12109375,232.875,-0.4375,-10.375,-0.13,1.84,9.43,0.0625,0.0625,-0.125,50,,stopped,0.0,0.0,0.104,
2026-08-06T18:36:04.355,740.598,guiding_to_goal,35.91912968333333,139.90921848333332,21.951,0.1028888888888889,True,28,1,35.91912968333333,139.90919718333333,1.9180808994318674,,33.81,1008.3366015625,54.0283203125,232.875,-0.4375,-10.375,-0.11,1.84,9.47,-0.0625,0.0625,0.0625,50,,stopped,0.0,0.0,0.104,
2026-08-06T18:36:04.855,741.098,guiding_to_goal,35.91912968333333,139.90921848333332,21.951,0.1028888888888889,True,28,1,35.91912968333333,139.90919718333333,1.9180808994318674,,33.81,1008.3366015625,54.09765625,232.875,-0.4375,-10.375,-0.12,1.81,9.45,0.0,0.125,-0.0625,50,,stopped,0.0,0.0,0.105,
2026-08-06T18:36:05.372,741.615,guiding_to_goal,35.91912968333333,139.90921848333332,21.952,0.09774444444444444,True,28,1,35.91912968333333,139.90919718333333,1.9180808994318674,,33.81,1008.38328125,54.0732421875,232.875,-0.4375,-10.375,-0.12,1.82,9.46,-0.0625,-0.0625,-0.0625,50,,stopped,0.0,0.0,0.104,
2026-08-06T18:36:05.873,742.116,guiding_to_goal,35.91912968333333,139.90921848333332,21.952,0.09774444444444444,True,28,1,35.91912968333333,139.90919718333333,1.9180808994318674,,33.81,1008.328671875,54.0732421875,232.875,-0.4375,-10.375,-0.14,1.82,9.46,0.0625,0.125,0.0,50,,stopped,0.0,0.0,0.104,
2026-08-06T18:36:06.373,742.616,guiding_to_goal,35.9191298,139.90921848333332,21.953,0.07202222222222222,True,28,1,35.91912968333333,139.90919718333333,1.918124767413895,,33.81,1008.3559765625,54.0390625,232.875,-0.4375,-10.375,-0.15,1.81,9.46,0.0,-0.125,0.0,50,,stopped,0.0,0.0,0.105,
2026-08-06T18:36:06.874,743.117,guiding_to_goal,35.9191298,139.90921848333332,21.953,0.07202222222222222,True,28,1,35.91912968333333,139.90919718333333,1.918124767413895,,33.81,1008.3013671875,54.0732421875,232.875,-0.4375,-10.375,-0.15,1.82,9.45,-0.0625,-0.0625,-0.0625,50,,stopped,0.0,0.0,0.105,
2026-08-06T18:36:07.374,743.617,guiding_to_goal,35.9191298,139.9092186,21.96,0.0463,True,28,1,35.91912968333333,139.90919718333333,1.9286304503697111,,33.81,1008.328671875,54.1201171875,232.875,-0.4375,-10.375,-0.13,1.83,9.47,0.0,-0.0625,0.0625,50,,stopped,0.0,0.0,0.104,
2026-08-06T18:36:07.875,744.118,guiding_to_goal,35.9191298,139.9092186,21.96,0.0463,True,28,1,35.91912968333333,139.90919718333333,1.9286304503697111,,33.81,1008.3559765625,54.0390625,232.875,-0.4375,-10.375,-0.12,1.78,9.47,0.125,-0.1875,0.0,50,,stopped,0.0,0.0,0.104,
2026-08-06T18:36:08.375,744.618,guiding_to_goal,35.9191299,139.90921878333333,21.962,0.08231111111111111,True,28,1,35.91912968333333,139.90919718333333,1.9452453208595377,,33.81,1008.3366015625,54.0517578125,232.875,-0.4375,-10.375,-0.14,1.83,9.45,0.0625,0.1875,0.0625,50,,stopped,0.0,0.0,0.104,
2026-08-06T18:36:08.901,745.144,guiding_to_goal,35.9191299,139.90921878333333,21.962,0.08231111111111111,True,28,1,35.91912968333333,139.90919718333333,1.9452453208595377,,33.8,1008.3207421875,54.02734375,232.875,-0.4375,-10.375,-0.14,1.81,9.46,0.0,-0.0625,0.125,50,,stopped,0.0,0.0,0.105,
2026-08-06T18:36:09.412,745.655,guiding_to_goal,35.9191299,139.90921888333332,21.963,0.07202222222222222,True,28,1,35.91912968333333,139.90919718333333,1.954249707462296,,33.82,1008.3445703125,54.041015625,232.875,-0.4375,-10.375,-0.15,1.81,9.45,-0.0625,0.0,0.0,50,,stopped,0.0,0.0,0.104,
2026-08-06T18:36:09.912,746.155,guiding_to_goal,35.9191299,139.90921888333332,21.963,0.07202222222222222,True,28,1,35.91912968333333,139.90919718333333,1.954249707462296,,33.83,1008.415390625,54.0302734375,232.875,-0.4375,-10.375,-0.16,1.8,9.47,0.0625,0.0,-0.0625,50,,stopped,0.0,0.0,0.104,
2026-08-06T18:36:10.412,746.655,guiding_to_goal,35.9191299,139.909219,21.963,0.010288888888888889,True,28,1,35.91912968333333,139.90919718333333,1.9647548352629833,,33.82,1008.3528125,54.0078125,232.875,-0.4375,-10.375,-0.14,1.81,9.44,0.0,0.0,0.0625,50,,stopped,0.0,0.0,0.104,
2026-08-06T18:36:10.924,747.167,guiding_to_goal,35.9191299,139.909219,21.963,0.010288888888888889,True,28,1,35.91912968333333,139.90919718333333,1.9647548352629833,,33.84,1008.3766796875,54.0087890625,232.875,-0.4375,-10.375,-0.12,1.8,9.45,0.0625,-0.0625,0.0625,50,,stopped,0.0,0.0,0.104,
2026-08-06T18:36:11.425,747.668,guiding_to_goal,35.9191299,139.9092191,21.963,0.11317777777777778,True,28,1,35.91912968333333,139.90919718333333,1.9737592354210587,,33.83,1008.36078125,54.1923828125,232.875,-0.4375,-10.375,-0.14,1.82,9.47,-0.0625,0.0625,0.0625,50,,turn_left,-5.0,5.0,0.104,
2026-08-06T18:36:11.925,748.168,guiding_to_goal,35.9191299,139.9092191,21.963,0.11317777777777778,True,28,1,35.91912968333333,139.90919718333333,1.9737592354210587,,33.83,1008.415390625,54.01953125,232.875,-0.4375,-10.4375,-0.12,1.86,9.43,-0.5625,0.375,1.5625,50,,turn_left,-20.0,20.0,0.104,
2026-08-06T18:36:12.425,748.668,guiding_to_goal,35.9191298,139.90921918333333,21.968,0.1852,True,28,1,35.91912968333333,139.90919718333333,1.981158895487776,,33.82,1008.3445703125,54.029296875,228.5625,-0.875,-10.625,-0.18,1.81,9.46,0.0,0.0,0.0,114,,stopped,0.0,0.0,0.097,
2026-08-06T18:36:12.929,749.172,guiding_to_goal,35.9191298,139.90921918333333,21.968,0.1852,True,28,1,35.91912968333333,139.90919718333333,1.981158895487776,,33.83,1008.34140625,54.0302734375,228.5625,-0.875,-10.625,-0.2,1.81,9.47,0.0625,0.0625,0.0,114,,stopped,0.0,0.0,0.097,
2026-08-06T18:36:13.430,749.673,guiding_to_goal,35.91912968333333,139.90921888333332,21.972,0.05144444444444445,True,28,1,35.91912968333333,139.90919718333333,1.9541011984573378,,33.83,1008.3880859375,54.01953125,228.5625,-0.875,-10.625,-0.18,1.78,9.43,0.0,0.0,0.0625,114,,stopped,0.0,0.0,0.097,
2026-08-06T18:36:13.930,750.173,guiding_to_goal,35.91912968333333,139.90921888333332,21.972,0.05144444444444445,True,28,1,35.91912968333333,139.90919718333333,1.9541011984573378,,33.83,1008.36078125,54.0302734375,228.5625,-0.875,-10.625,-0.18,1.8,9.46,0.125,-0.125,0.0,114,,stopped,0.0,0.0,0.097,
2026-08-06T18:36:14.431,750.674,guiding_to_goal,35.9191298,139.90921918333333,21.971,0.11317777777777778,True,28,1,35.91912968333333,139.90919718333333,1.981158895487776,,33.85,1008.4198828125,53.998046875,228.5625,-0.875,-10.625,-0.17,1.8,9.47,0.125,0.0,0.0,114,,stopped,0.0,0.0,0.097,
2026-08-06T18:36:14.940,751.183,guiding_to_goal,35.9191298,139.90921918333333,21.971,0.11317777777777778,True,28,1,35.91912968333333,139.90919718333333,1.981158895487776,,33.84,1008.349375,54.0087890625,228.5625,-0.875,-10.625,-0.2,1.8,9.45,0.0625,0.125,0.0625,114,,stopped,0.0,0.0,0.097,
2026-08-06T18:36:15.442,751.685,guiding_to_goal,35.9191298,139.90921938333332,21.97,0.11832222222222223,True,28,1,35.91912968333333,139.90919718333333,1.999168661070758,,33.84,1008.411953125,53.986328125,228.5625,-0.875,-10.625,-0.18,1.78,9.44,0.0,-0.0625,0.0,114,,stopped,0.0,0.0,0.098,
2026-08-06T18:36:15.943,752.186,guiding_to_goal,35.9191298,139.90921938333332,21.97,0.11832222222222223,True,28,1,35.91912968333333,139.90919718333333,1.999168661070758,,33.84,1008.349375,53.9970703125,228.5625,-0.875,-10.625,-0.2,1.81,9.45,0.0625,0.0625,0.0,114,,stopped,0.0,0.0,0.098,
2026-08-06T18:36:16.443,752.686,guiding_to_goal,35.9191298,139.90921968333333,21.971,0.025722222222222226,True,28,1,35.91912968333333,139.90919718333333,2.0261833247587355,,33.84,1008.403984375,53.9736328125,228.5625,-0.875,-10.625,-0.19,1.81,9.43,0.0625,-0.0625,0.125,114,,stopped,0.0,0.0,0.098,
2026-08-06T18:36:16.945,753.188,guiding_to_goal,35.9191298,139.90921968333333,21.971,0.025722222222222226,True,28,1,35.91912968333333,139.90919718333333,2.0261833247587355,,33.82,1008.4074609375,53.984375,228.5625,-0.875,-10.625,-0.23,1.81,9.43,8.0625,0.0,-0.0625,114,,stopped,0.0,0.0,0.097,
2026-08-06T18:36:17.446,753.689,guiding_to_goal,35.9191299,139.90921978333333,21.973,0.0463,True,28,1,35.91912968333333,139.90919718333333,2.0352894657596785,,33.84,1008.349375,53.9853515625,228.5625,-0.875,-10.625,-0.21,1.81,9.43,-0.0625,0.0625,0.125,114,,stopped,0.0,0.0,0.098,
2026-08-06T18:36:17.946,754.189,guiding_to_goal,35.9191299,139.90921978333333,21.973,0.0463,True,28,1,35.91912968333333,139.90919718333333,2.0352894657596785,,33.82,1008.844375,53.984375,228.5625,-0.875,-10.625,-0.19,1.82,9.45,0.0,-0.0625,0.0625,114,,stopped,0.0,0.0,0.098,
2026-08-06T18:36:18.447,754.690,guiding_to_goal,35.919129983333335,139.90921988333332,21.976,0.06173333333333333,True,28,1,35.91912968333333,139.90919718333333,2.04442411094688,,33.82,1008.3991796875,53.9833984375,228.5625,-0.875,-10.625,-0.2,1.83,9.43,0.0,-0.125,-0.0625,114,,stopped,0.0,0.0,0.099,
2026-08-06T18:36:18.947,755.190,guiding_to_goal,35.919129983333335,139.90921988333332,21.976,0.06173333333333333,True,28,1,35.91912968333333,139.90919718333333,2.04442411094688,,33.82,1008.3445703125,53.9599609375,228.5625,-0.875,-10.625,-0.19,1.79,9.47,-0.0625,-0.0625,0.0,114,,stopped,0.0,0.0,0.098,
2026-08-06T18:36:19.448,755.691,guiding_to_goal,35.919130083333336,139.90922,21.978,0.030866666666666664,True,28,1,35.91912968333333,139.90919718333333,2.055139220993853,,33.82,1008.426484375,53.9365234375,228.5625,-0.875,-10.625,-0.21,1.79,9.43,0.0,-0.125,0.0,114,,stopped,0.0,0.0,0.098,
2026-08-06T18:36:19.948,756.191,guiding_to_goal,35.919130083333336,139.90922,21.978,0.030866666666666664,True,28,1,35.91912968333333,139.90919718333333,2.055139220993853,,33.82,1008.3991796875,53.9365234375,228.5625,-0.875,-10.625,-0.2,1.81,9.46,0.0625,0.0625,-0.0625,114,,stopped,0.0,0.0,0.098,
2026-08-06T18:36:20.448,756.691,guiding_to_goal,35.91913028333333,139.90922008333334,21.985,0.041155555555555556,True,28,1,35.91912968333333,139.90919718333333,2.0632410494685964,,33.81,1008.38328125,53.876953125,228.5625,-0.875,-10.625,-0.17,1.8,9.46,0.0625,0.0,0.0625,114,,stopped,0.0,0.0,0.098,
2026-08-06T18:36:20.950,757.193,guiding_to_goal,35.91913028333333,139.90922008333334,21.985,0.041155555555555556,True,28,1,35.91912968333333,139.90919718333333,2.0632410494685964,,33.81,1008.38328125,53.9697265625,228.5625,-0.875,-10.625,-0.18,1.81,9.44,0.0,0.0625,0.0,114,,stopped,0.0,0.0,0.098,
2026-08-06T18:36:21.450,757.693,guiding_to_goal,35.91913028333333,139.90922008333334,21.986,0.09774444444444444,True,28,1,35.91912968333333,139.90919718333333,2.0632410494685964,,33.79,1008.3946875,53.9462890625,228.5625,-0.875,-10.625,-0.2,1.82,9.45,0.0,-0.125,-0.125,114,,reverse,-5.0,-5.0,0.097,
2026-08-06T18:36:21.950,758.193,guiding_to_goal,35.91913028333333,139.90922008333334,21.986,0.09774444444444444,True,28,1,35.91912968333333,139.90919718333333,2.0632410494685964,,33.79,1008.3673828125,53.9697265625,228.5625,-0.875,-10.375,-0.21,1.73,9.36,-5.1875,-0.5625,0.75,114,,reverse,-20.0,-20.0,0.098,
2026-08-06T18:36:22.451,758.694,guiding_to_goal,35.919130583333335,139.90922018333333,21.999,0.07202222222222222,True,28,1,35.91912968333333,139.90919718333333,2.073583489611138,,33.8,1008.3480078125,53.912109375,229.6875,-0.75,-11.375,-0.17,1.94,9.41,0.0,-0.0625,0.5,50,,stopped,0.0,0.0,0.184,
2026-08-06T18:36:22.958,759.201,guiding_to_goal,35.919130583333335,139.90922018333333,21.999,0.07202222222222222,True,28,1,35.91912968333333,139.90919718333333,2.073583489611138,,33.8,1008.3480078125,53.9921875,229.6875,-0.75,-11.375,-0.13,1.95,9.41,-0.125,0.0625,-0.5,50,,stopped,0.0,0.0,0.184,
2026-08-06T18:36:23.458,759.701,guiding_to_goal,35.91913088333333,139.9092205,22.006,0.0926,True,28,1,35.91912968333333,139.90919718333333,2.1039187839715505,,33.81,1008.3559765625,53.9580078125,229.6875,-0.8125,-11.4375,-0.16,1.94,9.41,0.125,0.25,-0.1875,50,,stopped,0.0,0.0,0.183,
2026-08-06T18:36:23.958,760.201,guiding_to_goal,35.91913088333333,139.9092205,22.006,0.0926,True,28,1,35.91912968333333,139.90919718333333,2.1039187839715505,,33.81,1008.38328125,53.9697265625,229.6875,-0.8125,-11.4375,-0.16,1.94,9.44,0.0,0.1875,-0.0625,50,,stopped,0.0,0.0,0.184,
2026-08-06T18:36:24.459,760.702,guiding_to_goal,35.919131183333334,139.90922068333333,22.004,0.08745555555555556,True,28,1,35.91912968333333,139.90919718333333,2.122755401527831,,31.86,1005.3448828125,53.8916015625,229.6875,-0.8125,-11.4375,-0.17,1.93,9.44,0.0625,0.0,0.0,50,,stopped,0.0,0.0,0.184,
2026-08-06T18:36:24.959,761.202,guiding_to_goal,35.919131183333334,139.90922068333333,22.004,0.08745555555555556,True,28,1,35.91912968333333,139.90919718333333,2.122755401527831,,33.81,1008.328671875,53.9697265625,229.6875,-0.8125,-11.4375,-0.17,1.95,9.42,-0.0625,8.125,0.0,50,,stopped,0.0,0.0,0.184,
2026-08-06T18:36:25.464,761.707,guiding_to_goal,35.919131283333336,139.90922068333333,22.003,0.07716666666666668,True,28,1,35.91912968333333,139.90919718333333,2.1236580293773115,,33.77,1008.40921875,53.9892578125,229.6875,-0.8125,-11.4375,-0.16,1.96,9.44,0.125,-0.0625,0.0625,50,,stopped,0.0,0.0,0.184,
2026-08-06T18:36:25.965,762.208,guiding_to_goal,35.919131283333336,139.90922068333333,22.003,0.07716666666666668,True,28,1,35.91912968333333,139.90919718333333,2.1236580293773115,,33.77,1008.3819140625,53.9892578125,229.6875,-0.8125,-11.4375,-0.17,1.94,9.42,0.0,-0.0625,-0.0625,50,,stopped,0.0,0.0,0.184,
2026-08-06T18:36:26.466,762.716,guiding_to_goal,35.91913138333334,139.90922058333334,22.004,0.025722222222222226,True,28,1,35.91912968333333,139.90919718333333,2.1156492605802617,,33.74,1008.3418359375,54.0205078125,229.6875,-0.8125,-11.4375,-0.17,1.93,9.38,0.125,-0.0625,0.0625,50,,stopped,0.0,0.0,0.183,
2026-08-06T18:36:26.968,763.211,guiding_to_goal,35.91913138333334,139.90922058333334,22.004,0.025722222222222226,True,28,1,35.91912968333333,139.90919718333333,2.1156492605802617,,33.74,1008.3418359375,54.0322265625,229.6875,-0.8125,-11.4375,-0.17,1.96,9.44,0.0,0.0625,0.0,50,,stopped,0.0,0.0,0.183,
2026-08-06T18:36:27.468,763.711,guiding_to_goal,35.91913148333333,139.90922058333334,22.001,0.1389,True,28,1,35.91912968333333,139.90919718333333,2.1166717499482015,,33.72,1008.33734375,54.0302734375,229.6875,-0.8125,-11.4375,-0.16,1.97,9.44,0.0,0.0625,0.0,50,,stopped,0.0,0.0,0.184,
2026-08-06T18:36:27.969,764.212,guiding_to_goal,35.91913148333333,139.90922058333334,22.001,0.1389,True,28,1,35.91912968333333,139.90919718333333,2.1166717499482015,,33.72,1008.3646484375,54.087890625,229.6875,-0.8125,-11.4375,-0.16,1.94,9.4,0.0,-0.0625,0.0625,50,,stopped,0.0,0.0,0.184,
2026-08-06T18:36:28.472,764.715,guiding_to_goal,35.9191317,139.90922058333334,21.993,0.03601111111111111,True,28,1,35.91912968333333,139.90919718333333,2.1190856244919916,,33.7,1008.35984375,54.07421875,229.6875,-0.8125,-11.4375,-0.16,1.95,9.44,0.0,-0.0625,0.0,50,,stopped,0.0,0.0,0.183,
2026-08-06T18:36:28.972,765.215,guiding_to_goal,35.9191317,139.90922058333334,21.993,0.03601111111111111,True,28,1,35.91912968333333,139.90919718333333,2.1190856244919916,,33.7,1008.387109375,54.09765625,229.6875,-0.8125,-11.4375,-0.16,1.94,9.41,0.0,-0.0625,0.0625,50,,stopped,0.0,0.0,0.184,
2026-08-06T18:36:29.473,765.716,guiding_to_goal,35.919131783333334,139.9092205,21.989,0.11832222222222223,True,28,1,35.91912968333333,139.90919718333333,2.1126277962148694,,33.69,1008.37125,54.1533203125,229.6875,-0.8125,-11.4375,-0.16,1.94,9.43,-0.0625,-0.0625,-0.0625,50,,stopped,0.0,0.0,0.184,
2026-08-06T18:36:29.973,766.216,guiding_to_goal,35.919131783333334,139.9092205,21.989,0.11832222222222223,True,28,1,35.91912968333333,139.90919718333333,2.1126277962148694,,33.69,1008.308671875,54.1533203125,229.6875,-0.8125,-11.4375,-0.18,1.96,9.41,0.0,-0.0625,-0.0625,50,,stopped,0.0,0.0,0.184,
2026-08-06T18:36:30.473,766.716,guiding_to_goal,35.91913198333334,139.9092205,21.981,0.07202222222222222,True,28,1,35.91912968333333,139.90919718333333,2.1152013588892564,,33.68,1008.3826171875,54.1171875,229.6875,-0.8125,-11.4375,-0.16,1.95,9.43,0.0625,-0.0625,0.0,50,,stopped,0.0,0.0,0.183,
2026-08-06T18:36:30.974,767.217,guiding_to_goal,35.91913198333334,139.9092205,21.981,0.07202222222222222,True,28,1,35.91912968333333,139.90919718333333,2.1152013588892564,,33.69,1008.37125,54.1875,229.6875,-0.8125,-11.4375,-0.16,1.93,9.4,0.0,0.0625,0.0625,50,,stopped,0.0,0.0,0.183,
2026-08-06T18:36:31.474,767.717,guiding_to_goal,35.91913218333333,139.90922038333332,21.975,0.05144444444444445,True,28,1,35.91912968333333,139.90919718333333,2.107590727785715,,33.67,1008.3391015625,54.2314453125,229.6875,-0.8125,-11.4375,-0.17,1.95,9.43,0.125,8.125,0.0625,50,,stopped,0.0,0.0,0.183,
2026-08-06T18:36:31.975,768.218,guiding_to_goal,35.91913218333333,139.90922038333332,21.975,0.05144444444444445,True,28,1,35.91912968333333,139.90919718333333,2.107590727785715,,33.66,1008.323203125,54.23046875,229.6875,-0.8125,-11.4375,-0.15,1.94,9.44,0.0625,-0.1875,0.0625,50,,stopped,0.0,0.0,0.183,
2026-08-06T18:36:32.475,768.718,guiding_to_goal,35.91913218333333,139.90922038333332,21.972,0.0463,True,28,1,35.91912968333333,139.90919718333333,2.107590727785715,,33.66,1008.3778125,54.126953125,250.8125,-1.1875,-10.6875,0.16,1.91,9.71,7.875,-16.875,-76.0,50,,stopped,0.0,0.0,0.881,
2026-08-06T18:36:32.975,769.218,guiding_to_goal,35.91913218333333,139.90922038333332,21.972,0.0463,True,28,1,35.91912968333333,139.90919718333333,2.107590727785715,,33.66,1008.315234375,54.265625,256.3125,-0.9375,-10.625,-0.56,1.3,9.44,-6.0625,1.6875,4.1875,50,,stopped,0.0,0.0,0.856,
2026-08-06T18:36:33.476,769.719,guiding_to_goal,35.919132383333334,139.90922028333333,21.955,0.0926,True,28,1,35.91912968333333,139.90919718333333,2.101726016542857,,33.65,1008.361875,54.1953125,256.25,-1.0,-10.75,-0.2,1.85,9.39,8.0625,0.0625,-0.0625,50,,stopped,0.0,0.0,0.852,
2026-08-06T18:36:33.976,770.219,guiding_to_goal,35.919132383333334,139.90922028333333,21.955,0.0926,True,28,1,35.91912968333333,139.90919718333333,2.101726016542857,,33.65,1008.361875,54.2529296875,256.25,-1.0,-10.75,-0.23,1.86,9.48,0.0,0.0625,0.125,50,,stopped,0.0,0.0,0.852,
2026-08-06T18:36:34.477,770.720,guiding_to_goal,35.91913258333334,139.90922018333333,21.946,0.041155555555555556,True,28,1,35.91912968333333,139.90919718333333,2.096119545551147,,33.65,1008.326640625,54.322265625,256.25,-1.0,-10.75,-0.2,1.85,9.42,0.0625,0.0625,0.0,50,,stopped,0.0,0.0,0.852,
2026-08-06T18:36:34.978,771.221,guiding_to_goal,35.91913258333334,139.90922018333333,21.946,0.041155555555555556,True,28,1,35.91912968333333,139.90919718333333,2.096119545551147,,33.65,1008.38125,54.322265625,264.25,-1.0,-10.75,-0.2,1.86,9.45,0.0,0.0625,0.0,50,,stopped,0.0,0.0,0.852,
2026-08-06T18:36:35.478,771.722,guiding_to_goal,35.91913258333334,139.90922008333334,21.933,0.0463,True,28,1,35.91912968333333,139.90919718333333,2.0872221286258155,,33.64,1008.4005859375,54.2978515625,256.25,-1.0,-10.75,-0.23,1.86,9.46,-0.125,0.0625,-0.0625,50,,stopped,0.0,0.0,0.852,
2026-08-06T18:36:35.983,772.226,guiding_to_goal,35.91913258333334,139.90922008333334,21.933,0.0463,True,28,1,35.91912968333333,139.90919718333333,2.0872221286258155,,33.64,1008.318671875,54.4482421875,256.25,-1.0,-10.75,-0.21,1.85,9.42,-0.0625,0.0625,0.0625,50,,stopped,0.0,0.0,0.852,
2026-08-06T18:36:36.484,772.727,guiding_to_goal,35.91913258333334,139.90922008333334,21.93,0.11317777777777778,True,28,1,35.91912968333333,139.90919718333333,2.0872221286258155,,33.64,1008.3650390625,54.296875,256.25,-1.0,-10.75,-0.22,1.89,9.45,0.125,0.0,0.0,50,,stopped,0.0,0.0,0.852,
2026-08-06T18:36:36.999,773.242,guiding_to_goal,35.91913258333334,139.90922008333334,21.93,0.11317777777777778,True,28,1,35.91912968333333,139.90919718333333,2.0872221286258155,,33.64,1008.3459765625,54.482421875,256.25,-1.0,-10.75,-0.21,1.83,9.45,0.0625,0.3125,0.0625,50,,stopped,0.0,0.0,0.853,
2026-08-06T18:36:37.499,773.742,guiding_to_goal,35.91913268333333,139.90922008333334,21.928,0.07716666666666668,True,28,1,35.91912968333333,139.90919718333333,2.0889689208630458,,33.65,1008.3073046875,54.4833984375,256.25,-1.0,-10.75,-0.21,1.83,9.45,0.125,0.0625,0.125,50,,stopped,0.0,0.0,0.852,
2026-08-06T18:36:38.000,774.243,guiding_to_goal,35.91913268333333,139.90922008333334,21.928,0.07716666666666668,True,28,1,35.91912968333333,139.90919718333333,2.0889689208630458,,33.64,1008.3459765625,54.470703125,256.25,-1.0,-10.75,-0.23,1.85,9.41,-0.0625,-0.125,0.125,50,,stopped,0.0,0.0,0.852,
2026-08-06T18:36:38.500,774.743,guiding_to_goal,35.91913268333333,139.90922018333333,21.923,0.12861111111111112,True,28,1,35.91912968333333,139.90919718333333,2.097858929313629,,33.64,1008.318671875,54.494140625,256.25,-1.0,-10.75,-0.19,1.86,9.42,0.125,0.125,-0.125,50,,stopped,0.0,0.0,0.853,
2026-08-06T18:36:39.000,775.243,guiding_to_goal,35.91913268333333,139.90922018333333,21.923,0.12861111111111112,True,28,1,35.91912968333333,139.90919718333333,2.097858929313629,,33.63,1008.3024609375,54.5390625,256.25,-1.0,-10.75,-0.21,1.85,9.45,0.0625,0.0,-0.0625,50,,stopped,0.0,0.0,0.852,
2026-08-06T18:36:39.501,775.744,guiding_to_goal,35.91913278333333,139.90922018333333,21.917,0.06173333333333333,True,28,1,35.91912968333333,139.90919718333333,2.0996557603830843,,33.65,1008.326640625,54.6806640625,256.25,-1.0,-10.75,-0.23,1.84,9.47,0.0,0.125,0.0625,50,,stopped,0.0,0.0,0.853,
2026-08-06T18:36:40.001,776.244,guiding_to_goal,35.91913278333333,139.90922018333333,21.917,0.06173333333333333,True,28,1,35.91912968333333,139.90919718333333,2.0996557603830843,,33.65,1008.326640625,54.6806640625,256.25,-1.0,-10.75,-0.22,1.85,9.46,0.0,0.0,0.125,50,,stopped,0.0,0.0,0.852,
2026-08-06T18:36:40.502,776.745,guiding_to_goal,35.9191329,139.90922018333333,21.909,0.19548888888888888,True,28,1,35.91912968333333,139.90919718333333,2.1018244733593443,,33.65,1008.28,54.73828125,256.25,-1.0,-10.75,-0.2,1.86,9.46,0.0,-0.125,-0.0625,50,,stopped,0.0,0.0,0.852,
2026-08-06T18:36:41.011,777.254,guiding_to_goal,35.9191329,139.90922018333333,21.909,0.19548888888888888,True,28,1,35.91912968333333,139.90919718333333,2.1018244733593443,,33.65,1008.334609375,54.7265625,256.25,-1.0,-10.75,-0.22,1.85,9.45,0.0,0.0625,0.0625,50,,stopped,0.0,0.0,0.852,
2026-08-06T18:36:41.514,777.758,guiding_to_goal,35.919133583333334,139.90922008333334,21.903,0.07202222222222222,True,28,1,35.91912968333333,139.90919718333333,2.1072668269563732,,33.66,1008.4051171875,54.7626953125,256.25,-1.0,-10.75,-0.22,1.86,9.43,0.0625,0.1875,-0.0625,50,,stopped,0.0,0.0,0.852,
2026-08-06T18:36:42.026,778.269,guiding_to_goal,35.919133583333334,139.90922008333334,21.903,0.07202222222222222,True,28,1,35.91912968333333,139.90919718333333,2.1072668269563732,,33.67,1008.3391015625,54.7744140625,256.25,-1.0,-10.75,-0.2,1.85,9.42,-0.0625,0.125,0.125,50,,stopped,0.0,0.0,0.852,
2026-08-06T18:36:42.527,778.770,guiding_to_goal,35.919133683333335,139.90922008333334,21.899,0.05658888888888889,True,28,1,35.91912968333333,139.90919718333333,2.1095832007743365,,33.66,1008.36984375,54.80859375,264.4375,-0.9375,-10.6875,-0.2,1.85,9.47,0.0,-0.125,0.1875,50,,stopped,0.0,0.0,0.868,
2026-08-06T18:36:43.027,779.270,guiding_to_goal,35.919133683333335,139.90922008333334,21.899,0.05658888888888889,True,28,1,35.91912968333333,139.90919718333333,2.1095832007743365,,33.66,1008.3425390625,54.693359375,264.4375,-0.9375,-10.6875,-0.24,1.86,9.45,0.0,0.0625,0.0625,50,,stopped,0.0,0.0,0.868,
2026-08-06T18:36:43.531,779.774,guiding_to_goal,35.91913388333333,139.90921988333332,21.888,0.041155555555555556,True,28,1,35.91912968333333,139.90919718333333,2.0968222170296165,,33.66,1008.3971484375,54.5771484375,264.4375,-0.9375,-10.6875,-0.23,1.86,9.43,8.0625,0.0,0.0625,50,,stopped,0.0,0.0,0.868,
2026-08-06T18:36:44.028,780.271,guiding_to_goal,35.91913388333333,139.90921988333332,21.888,0.041155555555555556,True,28,1,35.91912968333333,139.90919718333333,2.0968222170296165,,33.66,1008.4051171875,54.634765625,264.4375,-0.9375,-10.6875,-0.21,1.85,9.43,0.0,0.1875,0.25,50,,stopped,0.0,0.0,0.868,
2026-08-06T18:36:44.529,780.772,guiding_to_goal,35.91913398333333,139.90921988333332,21.878,0.041155555555555556,True,28,1,35.91912968333333,139.90919718333333,2.0993268134388856,,33.66,1008.3778125,54.6005859375,264.4375,-0.9375,-10.6875,-0.23,1.86,9.44,0.0,-0.1875,0.1875,50,,stopped,0.0,0.0,0.868,
2026-08-06T18:36:45.036,781.279,guiding_to_goal,35.91913398333333,139.90921988333332,21.878,0.041155555555555556,True,28,1,35.91912968333333,139.90919718333333,2.0993268134388856,,33.67,1008.3937109375,54.58984375,264.4375,-0.9375,-10.6875,-0.2,1.86,9.45,0.0625,0.0625,0.0625,50,,stopped,0.0,0.0,0.867,
2026-08-06T18:36:45.538,781.781,guiding_to_goal,35.9191341,139.90921988333332,21.873,0.05144444444444445,True,28,1,35.91912968333333,139.90919718333333,2.102319405286491,,33.67,1008.8771484375,54.56640625,264.4375,-0.9375,-10.6875,-0.21,1.86,9.46,0.0,0.0625,0.0625,50,,stopped,0.0,0.0,0.868,
2026-08-06T18:36:46.054,782.297,guiding_to_goal,35.9191341,139.90921988333332,21.873,0.05144444444444445,True,28,1,35.91912968333333,139.90919718333333,2.102319405286491,,33.59,1008.2658203125,54.568359375,264.4375,-0.9375,-10.6875,-0.2,1.85,9.44,0.0625,-0.125,-0.0625,50,,stopped,0.0,0.0,0.868,
2026-08-06T18:36:46.562,782.805,guiding_to_goal,35.9191341,139.90921988333332,21.869,0.08745555555555556,True,28,1,35.91912968333333,139.90919718333333,2.102319405286491,,33.66,1008.3778125,54.5654296875,264.4375,-0.9375,-10.6875,-0.24,1.85,9.42,0.0625,0.0625,-0.0625,50,,stopped,0.0,0.0,0.868,
2026-08-06T18:36:47.063,783.306,guiding_to_goal,35.9191341,139.90921988333332,21.869,0.08745555555555556,True,28,1,35.91912968333333,139.90919718333333,2.102319405286491,,33.66,1008.3778125,54.5771484375,264.4375,-0.9375,-10.6875,-0.22,1.85,9.46,-0.125,0.0,-0.0625,50,,stopped,0.0,0.0,0.868,
2026-08-06T18:36:47.563,783.806,guiding_to_goal,35.919134283333335,139.90921988333332,21.868,0.13375555555555557,True,28,1,35.91912968333333,139.90919718333333,2.1071748305365965,,33.66,1008.3425390625,54.5078125,264.4375,-0.9375,-10.6875,-0.22,1.85,9.45,-0.0625,0.0,0.0,50,,stopped,0.0,0.0,0.867,
2026-08-06T18:36:48.064,784.307,guiding_to_goal,35.919134283333335,139.90921988333332,21.868,0.13375555555555557,True,28,1,35.91912968333333,139.90919718333333,2.1071748305365965,,33.63,1008.384375,54.5166015625,264.4375,-0.9375,-10.6875,-0.19,1.86,9.43,0.0,0.0625,0.0,50,,stopped,0.0,0.0,0.867,
2026-08-06T18:36:48.566,784.819,guiding_to_goal,35.919134383333336,139.90922,21.863,0.10803333333333333,True,28,1,35.91912968333333,139.90919718333333,2.1200816834616503,,33.61,1008.37984375,54.5126953125,264.4375,-0.9375,-10.6875,-0.23,1.85,9.45,0.0,0.0,-0.0625,50,,stopped,0.0,0.0,0.869,
2026-08-06T18:36:49.066,785.309,guiding_to_goal,35.919134383333336,139.90922,21.863,0.10803333333333333,True,28,1,35.91912968333333,139.90919718333333,2.1200816834616503,,33.61,1008.3525390625,54.5009765625,264.4375,-0.9375,-10.6875,-0.21,1.86,9.39,0.0,-0.1875,0.0625,50,,stopped,0.0,0.0,0.868,
2026-08-06T18:36:49.566,785.809,guiding_to_goal,35.91913448333333,139.90922,21.857,0.07202222222222222,True,28,1,35.91912968333333,139.90919718333333,2.122850073520564,,33.61,1008.2979296875,54.5126953125,264.4375,-0.9375,-10.6875,-0.21,1.86,9.47,0.0625,0.125,0.0,50,,stopped,0.0,0.0,0.868,
2026-08-06T18:36:50.067,786.310,guiding_to_goal,35.91913448333333,139.90922,21.857,0.07202222222222222,True,28,1,35.91912968333333,139.90919718333333,2.122850073520564,,33.61,1008.3525390625,54.5244140625,264.4375,-0.9375,-10.6875,-0.22,1.86,9.45,0.0,0.125,0.0625,50,,stopped,0.0,0.0,0.868,
2026-08-06T18:36:50.567,786.810,guiding_to_goal,35.91913448333333,139.90922,21.856,0.025722222222222226,True,28,1,35.91912968333333,139.90919718333333,2.122850073520564,,33.61,1008.3525390625,54.431640625,257.5,-0.9375,-12.125,5.2,-18.84,25.1,-67.5625,-0.625,47.1875,50,,forward,82.89375,37.10625,0.719,
2026-08-06T18:36:51.067,787.310,guiding_to_goal,35.91913448333333,139.90922,21.856,0.025722222222222226,True,28,1,35.91912968333333,139.90919718333333,2.122850073520564,,33.62,1008.2512890625,54.548828125,251.4375,-6.75,-21.3125,-2.37,3.98,10.11,36.9375,105.1875,31.875,50,,forward,52.5875,31.412499999999998,6.644,
2026-08-06T18:36:51.568,787.811,guiding_to_goal,35.91913448333333,139.90921978333333,21.848,0.11317777777777778,True,28,1,35.91912968333333,139.90919718333333,2.103971548145563,,33.62,1008.341171875,54.5498046875,243.8125,-1.375,-12.25,-0.35,2.06,9.37,0.3125,0.0625,0.25,50,,turn_right,5.0,-5.0,4.656,
2026-08-06T18:36:52.068,788.311,guiding_to_goal,35.91913448333333,139.90921978333333,21.848,0.11317777777777778,True,28,1,35.91912968333333,139.90919718333333,2.103971548145563,,33.61,1008.3525390625,54.5478515625,251.9375,-1.5,-12.0625,-0.13,1.42,9.51,-9.125,2.8125,-5.1875,50,,turn_right,25.0,-25.0,4.658,
2026-08-06T18:36:52.569,788.812,guiding_to_goal,35.91913448333333,139.90921968333333,21.843,0.08231111111111111,True,28,1,35.91912968333333,139.90919718333333,2.0952622919742905,,33.6,1008.336328125,54.490234375,268.5,-1.1875,-11.1875,-0.27,1.95,9.42,0.1875,-0.0625,0.125,50,,stopped,0.0,0.0,0.698,
2026-08-06T18:36:53.069,789.312,guiding_to_goal,35.91913448333333,139.90921968333333,21.843,0.08231111111111111,True,28,1,35.91912968333333,139.90919718333333,2.0952622919742905,,33.58,1008.8231640625,54.591796875,268.5,-1.1875,-11.25,-0.52,3.01,9.17,1.5625,-0.5625,4.4375,50,,turn_left,-20.0,20.0,0.696,
2026-08-06T18:36:53.570,789.813,guiding_to_goal,35.91913448333333,139.90921968333333,21.843,0.015433333333333332,True,28,1,35.91912968333333,139.90919718333333,2.0952622919742905,,33.55,1008.346328125,54.658203125,267.625,-1.3125,-11.125,-0.24,1.9,9.46,0.0,0.125,-0.125,178,,turn_left,-5.0,5.0,0.678,
2026-08-06T18:36:54.070,790.313,guiding_to_goal,35.91913448333333,139.90921968333333,21.843,0.015433333333333332,True,28,1,35.91912968333333,139.90919718333333,2.0952622919742905,,33.54,1008.29515625,54.6787109375,267.5625,-1.3125,-11.1875,-0.33,2.21,9.39,2.75,-0.9375,2.9375,178,,turn_left,-20.0,20.0,0.678,
2026-08-06T18:36:54.570,790.813,guiding_to_goal,35.91913448333333,139.90921968333333,21.843,0.03601111111111111,True,28,1,35.91912968333333,139.90919718333333,2.0952622919742905,,33.51,1008.3642578125,54.640625,267.4375,-1.375,-11.0,-0.26,1.87,9.45,0.1875,0.0625,0.0,178,,stopped,0.0,0.0,0.416,
2026-08-06T18:36:55.071,791.314,guiding_to_goal,35.91913448333333,139.90921968333333,21.843,0.03601111111111111,True,28,1,35.91912968333333,139.90919718333333,2.0952622919742905,,33.51,1008.2823828125,54.7333984375,267.4375,-1.375,-11.0,-0.24,1.88,9.43,0.0,-0.1875,0.0,178,,stopped,0.0,0.0,0.432,
2026-08-06T18:36:55.572,791.815,guiding_to_goal,35.91913448333333,139.90921968333333,21.843,0.0463,True,28,1,35.91912968333333,139.90919718333333,2.0952622919742905,,33.49,1008.38671875,54.77734375,267.4375,-1.375,-11.0625,-0.26,1.89,9.42,-0.125,0.0,-0.1875,178,,stopped,0.0,0.0,0.675,
2026-08-06T18:36:56.077,792.320,guiding_to_goal,35.91913448333333,139.90921968333333,21.843,0.0463,True,28,1,35.91912968333333,139.90919718333333,2.0952622919742905,,33.49,1008.3787890625,54.7890625,267.4375,-1.375,-11.0625,-0.26,1.88,9.46,0.0,-0.125,-0.0625,178,,stopped,0.0,0.0,0.675,
2026-08-06T18:36:56.577,792.820,guiding_to_goal,35.91913448333333,139.90921968333333,21.838,0.07716666666666668,True,28,1,35.91912968333333,139.90919718333333,2.0952622919742905,,33.49,1008.4060546875,54.8115234375,267.4375,-1.375,-11.0625,-0.26,1.89,9.41,-0.0625,0.1875,0.125,178,,stopped,0.0,0.0,0.676,
2026-08-06T18:36:57.080,793.323,guiding_to_goal,35.91913448333333,139.90921968333333,21.838,0.07716666666666668,True,28,1,35.91912968333333,139.90919718333333,2.0952622919742905,,33.49,1008.351484375,54.8232421875,267.4375,-1.375,-11.0625,-0.26,1.9,9.41,0.0625,0.0625,-0.0625,178,,stopped,0.0,0.0,0.675,
2026-08-06T18:36:57.591,793.834,guiding_to_goal,35.91913448333333,139.9092196,21.834,0.041155555555555556,True,28,1,35.91912968333333,139.90919718333333,2.0880064951974284,,33.47,1008.346640625,54.8779296875,267.4375,-1.375,-11.0625,-0.25,1.85,9.43,0.0625,0.0,0.0625,178,,stopped,0.0,0.0,0.675,
2026-08-06T18:36:58.100,794.343,guiding_to_goal,35.91913448333333,139.9092196,21.834,0.041155555555555556,True,28,1,35.91912968333333,139.90919718333333,2.0880064951974284,,33.47,1008.346640625,54.8544921875,267.4375,-1.375,-11.0625,-0.26,1.9,9.42,-0.125,0.0,0.125,178,,stopped,0.0,0.0,0.675,
2026-08-06T18:36:58.602,794.845,guiding_to_goal,35.91913458333333,139.9092196,21.832,0.1389,True,28,1,35.91912968333333,139.90919718333333,2.090876491171743,,33.46,1008.3031640625,54.9111328125,267.4375,-1.375,-11.0625,-0.28,1.9,9.44,0.0,-0.0625,-0.125,178,,stopped,0.0,0.0,0.675,
2026-08-06T18:36:59.166,795.409,guiding_to_goal,35.91913458333333,139.9092196,21.832,0.1389,True,28,1,35.91912968333333,139.90919718333333,2.090876491171743,,33.45,1008.341796875,54.91015625,267.4375,-1.375,-11.0625,-0.23,1.87,9.45,0.0625,0.0625,0.0,178,,stopped,0.0,0.0,0.675,
2026-08-06T18:36:59.666,795.909,guiding_to_goal,35.9191347,139.9092196,21.834,0.20063333333333333,True,28,1,35.91912968333333,139.90919718333333,2.094294467687239,,33.44,1008.3259375,54.9326171875,267.4375,-1.375,-11.0625,-0.26,1.87,9.43,-0.0625,0.0,-0.0625,178,,stopped,0.0,0.0,0.675,
2026-08-06T18:37:00.166,796.409,guiding_to_goal,35.9191347,139.9092196,21.834,0.20063333333333333,True,28,1,35.91912968333333,139.90919718333333,2.094294467687239,,33.45,1008.341796875,54.93359375,267.4375,-1.375,-11.0625,-0.25,1.87,9.42,0.125,-0.125,0.0,178,,stopped,0.0,0.0,0.675,
2026-08-06T18:37:00.666,796.909,guiding_to_goal,35.919134983333336,139.90921918333333,21.838,0.07202222222222222,True,28,1,35.91912968333333,139.90919718333333,2.0669144966789434,,33.45,1008.39640625,55.025390625,267.4375,-1.375,-11.0625,-0.28,1.89,9.4,0.0625,-0.0625,-0.0625,178,,stopped,0.0,0.0,0.675,
2026-08-06T18:37:01.167,797.410,guiding_to_goal,35.919134983333336,139.90921918333333,21.838,0.07202222222222222,True,28,1,35.91912968333333,139.90919718333333,2.0669144966789434,,33.44,1008.3065625,54.81640625,267.4375,-1.375,-11.0625,-0.25,1.89,9.41,0.0625,0.125,-0.125,178,,stopped,0.0,0.0,0.675,
2026-08-06T18:37:01.667,797.910,guiding_to_goal,35.919134983333336,139.90921928333333,21.842,0.015433333333333332,True,28,1,35.91912968333333,139.90919718333333,2.075547355758684,,33.44,1008.4157421875,54.990234375,267.4375,-1.375,-11.0625,-0.26,1.89,9.44,-0.0625,0.0,0.0,178,,stopped,0.0,0.0,0.675,
2026-08-06T18:37:02.172,798.415,guiding_to_goal,35.919134983333336,139.90921928333333,21.842,0.015433333333333332,True,28,1,35.91912968333333,139.90919718333333,2.075547355758684,,33.44,1008.3884375,54.990234375,267.4375,-1.375,-11.0625,-0.28,1.9,9.46,0.0,0.0625,0.125,178,,stopped,0.0,0.0,0.675,
2026-08-06T18:37:02.673,798.916,guiding_to_goal,35.919134983333336,139.90921918333333,21.835,0.09774444444444444,True,28,1,35.91912968333333,139.90919718333333,2.0669144966789434,,33.43,1008.3725390625,55.01171875,267.4375,-1.375,-11.0625,-0.25,1.88,9.43,0.125,0.125,0.0,178,,stopped,0.0,0.0,0.675,
2026-08-06T18:37:03.173,799.416,guiding_to_goal,35.919134983333336,139.90921918333333,21.835,0.09774444444444444,True,28,1,35.91912968333333,139.90919718333333,2.0669144966789434,,33.44,1008.3259375,55.0126953125,267.4375,-1.375,-11.0625,-0.26,1.87,9.42,-0.0625,0.0,-0.0625,178,,stopped,0.0,0.0,0.676,
2026-08-06T18:37:03.673,799.916,guiding_to_goal,35.91913508333333,139.90921918333333,21.833,0.0926,True,28,1,35.91912968333333,139.90919718333333,2.070112398970295,,33.42,1008.430234375,55.1376953125,266.875,-1.375,-11.0625,-0.26,1.87,9.46,0.0,0.0625,0.0,178,,stopped,0.0,0.0,0.668,
2026-08-06T18:37:04.174,800.417,guiding_to_goal,35.91913508333333,139.90921918333333,21.833,0.0926,True,28,1,35.91912968333333,139.90919718333333,2.070112398970295,,33.42,1008.4108984375,55.0458984375,266.875,-1.375,-11.0625,-0.26,1.89,9.45,0.0,0.125,0.0625,178,,stopped,0.0,0.0,0.669,
2026-08-06T18:37:04.674,800.917,guiding_to_goal,35.91913508333333,139.909219,21.837,0.06687777777777779,True,28,1,35.91912968333333,139.90919718333333,2.054318427942516,,33.42,1008.3836328125,55.103515625,266.875,-1.4375,-11.125,-0.27,1.88,9.44,0.0,-0.125,0.0625,178,,stopped,0.0,0.0,0.668,
2026-08-06T18:37:05.175,801.418,guiding_to_goal,35.91913508333333,139.909219,21.837,0.06687777777777779,True,28,1,35.91912968333333,139.90919718333333,2.054318427942516,,33.42,1008.2937890625,55.091796875,266.875,-1.4375,-11.125,-0.24,1.89,9.46,0.0625,0.0,0.0625,178,,stopped,0.0,0.0,0.668,
2026-08-06T18:37:05.682,801.925,guiding_to_goal,35.91913508333333,139.909219,21.837,0.030866666666666664,True,27,1,35.91912968333333,139.90919718333333,2.054318427942516,,33.41,1008.422265625,55.125,267.0,-1.375,-11.125,-0.36,1.66,10.13,10.3125,-1.3125,-9.375,178,,stopped,0.0,0.0,0.671,
2026-08-06T18:37:06.182,802.425,guiding_to_goal,35.91913508333333,139.909219,21.837,0.030866666666666664,True,27,1,35.91912968333333,139.90919718333333,2.054318427942516,,33.42,1008.4029296875,55.1259765625,267.1875,-1.4375,-11.125,0.6,1.09,9.67,5.4375,3.1875,1.1875,178,,stopped,0.0,0.0,0.674,
2026-08-06T18:37:06.683,802.926,guiding_to_goal,35.919134983333336,139.909219,21.838,0.08231111111111111,True,28,1,35.91912968333333,139.90919718333333,2.0510959011008905,,33.42,1008.3756640625,55.1953125,266.875,-1.6875,-11.6875,0.05,2.02,9.09,-2.25,0.0,-0.125,242,,stopped,0.0,0.0,0.675,
2026-08-06T18:37:07.183,803.426,guiding_to_goal,35.919134983333336,139.909219,21.838,0.08231111111111111,True,28,1,35.91912968333333,139.90919718333333,2.0510959011008905,,33.42,1008.438203125,55.1953125,266.75,-1.625,-11.6875,0.19,1.8,9.32,-4.6875,-0.8125,-2.5625,242,,stopped,0.0,0.0,0.673,
2026-08-06T18:37:07.686,803.929,guiding_to_goal,35.91913508333333,139.909219,21.838,0.1028888888888889,True,28,1,35.91912968333333,139.90919718333333,2.054318427942516,,30.7,1004.0933984375,55.1435546875,267.1875,-1.625,-11.3125,-0.16,1.87,9.44,-0.125,0.0625,0.0625,242,,stopped,0.0,0.0,0.677,
2026-08-06T18:37:08.186,804.429,guiding_to_goal,35.91913508333333,139.909219,21.838,0.1028888888888889,True,28,1,35.91912968333333,139.90919718333333,2.054318427942516,,33.41,1008.3676953125,55.2060546875,267.1875,-1.625,-11.3125,-0.27,1.92,9.43,-0.25,0.0,0.1875,242,,stopped,0.0,0.0,0.677,
2026-08-06T18:37:08.692,804.935,guiding_to_goal,35.91913508333333,139.90921888333332,21.843,0.07202222222222222,True,28,1,35.91912968333333,139.90919718333333,2.0442736026543424,,33.42,1008.430234375,55.2529296875,267.1875,-1.625,-11.3125,-0.26,1.88,9.43,0.0625,0.0625,0.0625,242,,stopped,0.0,0.0,0.677,
2026-08-06T18:37:09.202,805.445,guiding_to_goal,35.91913508333333,139.90921888333332,21.843,0.07202222222222222,True,28,1,35.91912968333333,139.90919718333333,2.0442736026543424,,33.41,1008.4495703125,55.240234375,267.1875,-1.625,-11.3125,-0.32,1.83,9.32,-0.875,0.125,0.125,242,,stopped,0.0,0.0,0.677,
2026-08-06T18:37:09.702,805.945,guiding_to_goal,35.91913518333333,139.90921878333333,21.848,0.025722222222222226,True,28,1,35.91912968333333,139.90919718333333,2.038975011901539,,33.42,1008.438203125,55.5654296875,267.125,-1.625,-11.3125,-0.3,1.92,9.44,-0.0625,0.0,0.0625,242,,stopped,0.0,0.0,0.678,
2026-08-06T18:37:10.517,806.760,guiding_to_goal,35.91913518333333,139.90921878333333,21.848,0.025722222222222226,True,28,1,35.91912968333333,139.90919718333333,2.038975011901539,,33.42,1008.3756640625,55.2646484375,267.125,-1.625,-11.3125,-0.29,1.91,9.44,-0.0625,0.125,-0.0625,242,,stopped,0.0,0.0,0.678,
2026-08-06T18:37:11.017,807.260,guiding_to_goal,,,,,False,,,35.91912968333333,139.90919718333333,,,33.43,1008.4461328125,55.27734375,267.1875,-1.4375,-11.5625,-0.53,1.95,9.35,0.4375,0.0,0.25,242,,stopped,0.0,0.0,0.682,
2026-08-06T18:37:11.518,807.761,guiding_to_goal,,,,,False,,,35.91912968333333,139.90919718333333,,,33.42,1008.430234375,55.2763671875,267.0625,-1.375,-11.25,-0.55,1.22,9.77,-3.875,-0.9375,1.625,242,,turn_left,-25.0,25.0,0.679,
2026-08-06T18:37:12.018,808.261,guiding_to_goal,35.9191353,139.9092186,21.857,0.025722222222222226,True,28,1,35.91912968333333,139.90919718333333,2.0271909427786907,,33.42,1008.438203125,55.3115234375,266.6875,-1.5,-11.3125,-0.22,1.7,9.44,0.125,-0.0625,0.5,178,,stopped,0.0,0.0,0.671,
2026-08-06T18:37:12.572,808.815,guiding_to_goal,35.9191353,139.9092186,21.857,0.025722222222222226,True,28,1,35.91912968333333,139.90919718333333,2.0271909427786907,,33.42,1008.430234375,55.2646484375,266.6875,-1.5,-11.3125,-0.22,2.0,9.47,-0.375,0.0625,-0.5,178,,stopped,0.0,0.0,0.671,
2026-08-06T18:37:13.072,809.315,guiding_to_goal,,,,,False,,,35.91912968333333,139.90919718333333,,,33.42,1008.3756640625,55.2998046875,266.6875,-1.5,-11.25,-0.33,1.87,9.42,-0.0625,0.25,0.1875,178,,stopped,0.0,0.0,0.673,
2026-08-06T18:37:13.572,809.815,guiding_to_goal,,,,,False,,,35.91912968333333,139.90919718333333,,,33.4,1008.3711328125,55.23828125,266.6875,-1.5,-11.25,-0.27,1.92,9.44,0.0,0.0,-0.25,178,,stopped,0.0,0.0,0.673,
2026-08-06T18:37:14.073,810.316,guiding_to_goal,35.919135483333335,139.90921828333333,21.867,0.025722222222222226,True,28,1,35.91912968333333,139.90919718333333,2.006540316402128,,33.4,1008.3711328125,55.25,266.75,-1.5,-11.25,-0.27,1.9,9.42,0.1875,0.0625,0.125,178,,stopped,0.0,0.0,0.672,
2026-08-06T18:37:14.907,811.150,guiding_to_goal,35.919135483333335,139.90921828333333,21.867,0.025722222222222226,True,28,1,35.91912968333333,139.90919718333333,2.006540316402128,,33.4,1008.3711328125,55.25,266.75,-1.5,-11.25,-0.29,1.85,9.44,-0.25,0.1875,-0.0625,178,,stopped,0.0,0.0,0.673,
2026-08-06T18:37:15.407,811.650,guiding_to_goal,35.919135583333336,139.90921818333334,21.871,0.2057777777777778,True,28,1,35.91912968333333,139.90919718333333,2.0016320390344458,,33.38,1008.4015234375,55.2607421875,267.1875,-1.5625,-10.6875,0.12,1.53,9.47,2.6875,-2.3125,-1.75,178,,stopped,0.0,0.0,0.676,
2026-08-06T18:37:15.908,812.151,guiding_to_goal,35.919135583333336,139.90921818333334,21.871,0.2057777777777778,True,28,1,35.91912968333333,139.90919718333333,2.0016320390344458,,31.09,1004.8448828125,55.16796875,267.25,-1.5,-10.8125,-0.2,1.78,9.48,1.75,0.75,0.75,178,,stopped,0.0,0.0,0.677,
2026-08-06T18:37:16.408,812.651,guiding_to_goal,35.91913628333333,139.90921778333333,21.872,0.19548888888888888,True,28,1,35.91912968333333,139.90919718333333,1.9949392184948427,,33.38,1008.420859375,55.212890625,267.25,-1.5625,-10.9375,-0.27,1.71,9.41,0.0,-0.1875,-0.4375,178,,stopped,0.0,0.0,0.678,
2026-08-06T18:37:16.909,813.152,guiding_to_goal,35.91913628333333,139.90921778333333,21.872,0.19548888888888888,True,28,1,35.91912968333333,139.90919718333333,1.9949392184948427,,33.37,1008.412890625,55.224609375,267.25,-1.5625,-11.0,-0.26,1.78,9.44,0.5,0.4375,0.0,178,,stopped,0.0,0.0,0.678,
2026-08-06T18:37:17.409,813.652,guiding_to_goal,35.91913688333333,139.90921788333333,21.876,0.041155555555555556,True,28,1,35.91912968333333,139.90919718333333,2.0287064082495614,,33.38,1008.3662890625,55.212890625,267.25,-1.5625,-11.0625,-0.26,1.64,9.4,-1.4375,-0.3125,-0.4375,178,,stopped,0.0,0.0,0.678,
2026-08-06T18:37:17.910,814.153,guiding_to_goal,35.91913688333333,139.90921788333333,21.876,0.041155555555555556,True,28,1,35.91912968333333,139.90919718333333,2.0287064082495614,,33.38,1008.4754296875,55.236328125,267.25,-1.5625,-11.0625,-0.34,1.9,9.49,-0.5625,-0.125,0.1875,178,,stopped,0.0,0.0,0.678,
2026-08-06T18:37:18.411,814.654,guiding_to_goal,35.91913688333333,139.90921788333333,21.879,0.03601111111111111,True,28,1,35.91912968333333,139.90919718333333,2.0287064082495614,,33.36,1008.3697265625,55.2470703125,267.25,-1.5625,-11.0625,-0.16,1.94,9.43,-1.6875,0.0,-0.375,178,,stopped,0.0,0.0,0.678,
2026-08-06T18:37:18.924,815.167,guiding_to_goal,35.91913688333333,139.90921788333333,21.879,0.03601111111111111,True,28,1,35.91912968333333,139.90919718333333,2.0287064082495614,,33.36,1008.38875,55.234375,267.25,-1.5625,-11.0,-0.24,1.75,9.42,-0.3125,-0.1875,-0.0625,178,,stopped,0.0,0.0,0.677,
2026-08-06T18:37:19.425,815.668,guiding_to_goal,35.919136783333336,139.90921788333333,21.885,0.2520777777777778,True,28,1,35.91912968333333,139.90919718333333,2.0243440247555666,,33.35,1008.3728125,55.2216796875,267.5,-1.5625,-11.1875,-0.13,1.94,9.43,-0.5625,0.0625,0.8125,178,,stopped,0.0,0.0,0.685,
2026-08-06T18:37:19.925,816.168,guiding_to_goal,35.919136783333336,139.90921788333333,21.885,0.2520777777777778,True,28,1,35.91912968333333,139.90919718333333,2.0243440247555666,,33.35,1008.3728125,55.291015625,267.5,-1.5625,-11.1875,-0.47,1.89,9.33,-0.75,-0.25,-0.0625,178,,stopped,0.0,0.0,0.685,
2026-08-06T18:37:20.426,816.669,guiding_to_goal,35.919136,139.9092166,21.89,0.12861111111111112,True,28,1,35.91912968333333,139.90919718333333,1.8842877098018531,,33.35,1008.5092578125,55.279296875,265.0625,-1.3125,-11.3125,-0.22,1.83,9.42,-0.25,-0.0625,-0.1875,178,,stopped,0.0,0.0,0.655,
2026-08-06T18:37:20.926,817.169,guiding_to_goal,35.919136,139.9092166,21.89,0.12861111111111112,True,28,1,35.91912968333333,139.90919718333333,1.8842877098018531,,33.34,1008.392109375,55.255859375,265.0625,-1.3125,-11.3125,-0.23,1.89,9.44,0.4375,-0.1875,-0.375,178,,stopped,0.0,0.0,0.655,
2026-08-06T18:37:21.426,817.669,guiding_to_goal,35.91913568333333,139.9092167,21.902,0.05144444444444445,True,28,1,35.91912968333333,139.90919718333333,1.8798636928002201,,33.34,1008.43875,55.2900390625,265.125,-1.3125,-11.3125,-0.27,1.89,9.44,0.5625,0.3125,0.0625,178,,stopped,0.0,0.0,0.656,
2026-08-06T18:37:21.927,818.170,guiding_to_goal,35.91913568333333,139.9092167,21.902,0.05144444444444445,True,28,1,35.91912968333333,139.90919718333333,1.8798636928002201,,33.33,1008.403515625,55.2998046875,265.125,-1.3125,-11.3125,-0.22,1.8,9.43,-0.4375,0.125,0.3125,178,,stopped,0.0,0.0,0.656,
2026-08-06T18:37:22.432,818.675,guiding_to_goal,35.9191354,139.90921678333333,21.912,0.041155555555555556,True,28,1,35.91912968333333,139.90919718333333,1.8759730719995447,,33.34,1008.3841796875,55.2783203125,265.125,-1.3125,-11.3125,-0.22,1.84,9.46,-0.4375,-0.0625,0.0625,178,,stopped,0.0,0.0,0.656,
2026-08-06T18:37:22.937,819.180,guiding_to_goal,35.9191354,139.90921678333333,21.912,0.041155555555555556,True,28,1,35.91912968333333,139.90919718333333,1.8759730719995447,,33.34,1008.411484375,55.2783203125,265.125,-1.3125,-11.3125,-0.24,1.84,9.43,-0.0625,0.1875,0.0,178,,stopped,0.0,0.0,0.656,
2026-08-06T18:37:23.441,819.684,guiding_to_goal,35.91913518333333,139.90921678333333,21.917,0.0463,True,28,1,35.91912968333333,139.90919718333333,1.867947071756554,,33.33,1008.403515625,55.3349609375,265.125,-1.3125,-11.3125,-0.09,1.78,9.42,-0.25,0.125,0.3125,178,,stopped,0.0,0.0,0.656,
2026-08-06T18:37:23.944,820.187,guiding_to_goal,35.91913518333333,139.90921678333333,21.917,0.0463,True,28,1,35.91912968333333,139.90919718333333,1.867947071756554,,33.34,1008.329609375,55.32421875,265.125,-1.3125,-11.3125,-0.32,1.92,9.45,-0.1875,0.375,0.25,178,,stopped,0.0,0.0,0.656,
2026-08-06T18:37:24.445,820.688,guiding_to_goal,35.91913518333333,139.90921678333333,21.92,0.19548888888888888,True,28,1,35.91912968333333,139.90919718333333,1.867947071756554,,33.33,1008.395546875,55.310546875,265.125,-1.3125,-11.3125,-0.22,1.82,9.45,0.1875,-0.125,-0.4375,178,,stopped,0.0,0.0,0.656,
2026-08-06T18:37:24.948,821.191,guiding_to_goal,35.91913518333333,139.90921678333333,21.92,0.19548888888888888,True,28,1,35.91912968333333,139.90919718333333,1.867947071756554,,33.33,1008.3409765625,55.322265625,265.125,-1.3125,-11.3125,-0.18,1.81,9.45,-0.3125,0.125,-0.1875,178,,stopped,0.0,0.0,0.656,
2026-08-06T18:37:25.462,821.705,guiding_to_goal,35.9191354,139.9092162,21.927,0.07202222222222222,True,28,1,35.91912968333333,139.90919718333333,1.826637733126462,,33.32,1008.4145703125,55.3681640625,265.125,-1.3125,-11.375,-0.2,1.89,9.42,-0.1875,0.0,-0.0625,178,,stopped,0.0,0.0,0.657,
2026-08-06T18:37:25.962,822.205,guiding_to_goal,35.9191354,139.9092162,21.927,0.07202222222222222,True,28,1,35.91912968333333,139.90919718333333,1.826637733126462,,33.33,1008.3489453125,55.369140625,265.125,-1.3125,-11.375,-0.16,1.88,9.41,0.1875,-0.1875,-0.125,178,,stopped,0.0,0.0,0.658,
2026-08-06T18:37:26.462,822.705,guiding_to_goal,35.9191354,139.90921608333332,21.928,0.08231111111111111,True,28,1,35.91912968333333,139.90919718333333,1.816792155759653,,33.33,1008.403515625,55.380859375,265.125,-1.3125,-11.375,-0.22,1.86,9.43,0.0,0.1875,0.0,178,,stopped,0.0,0.0,0.658,
2026-08-06T18:37:26.964,823.207,guiding_to_goal,35.9191354,139.90921608333332,21.928,0.08231111111111111,True,28,1,35.91912968333333,139.90919718333333,1.816792155759653,,31.4,1005.387265625,55.3212890625,265.125,-1.3125,-11.375,-0.22,1.86,9.45,-0.625,0.0,-0.125,178,,stopped,0.0,0.0,0.658,
2026-08-06T18:37:27.465,823.708,guiding_to_goal,35.919135483333335,139.90921588333333,21.929,0.18005555555555552,True,28,1,35.91912968333333,139.90919718333333,1.8032247051162684,,33.34,1008.411484375,55.3701171875,265.125,-1.3125,-11.3125,-0.27,1.9,9.46,-0.3125,0.0,-0.1875,178,,stopped,0.0,0.0,0.658,
2026-08-06T18:37:27.966,824.209,guiding_to_goal,35.919135483333335,139.90921588333333,21.929,0.18005555555555552,True,28,1,35.91912968333333,139.90919718333333,1.8032247051162684,,33.34,1008.4194140625,55.359375,265.125,-1.3125,-11.3125,-0.25,1.93,9.45,-0.4375,0.1875,0.125,178,,stopped,0.0,0.0,0.658,
2026-08-06T18:37:28.466,824.709,guiding_to_goal,35.91913578333333,139.9092162,21.931,0.25722222222222224,True,28,1,35.91912968333333,139.90919718333333,1.8419045281595179,,33.34,1008.3648828125,55.267578125,259.125,-1.0,-10.5,-0.59,2.28,9.38,-3.25,9.875,34.125,50,,stopped,0.0,0.0,0.622,
2026-08-06T18:37:28.967,825.210,guiding_to_goal,35.91913578333333,139.9092162,21.931,0.25722222222222224,True,28,1,35.91912968333333,139.90919718333333,1.8419045281595179,,33.33,1008.321640625,55.357421875,257.4375,-1.375,-10.75,-0.18,1.71,9.21,1.0625,-1.0625,1.1875,50,,stopped,0.0,0.0,0.62,
2026-08-06T18:37:29.467,825.710,guiding_to_goal,35.919136783333336,139.90921688333333,21.949,0.06173333333333333,True,28,1,35.91912968333333,139.90919718333333,1.9417413906643999,,33.34,1008.356875,55.3818359375,257.4375,-1.375,-10.6875,-0.22,1.77,9.44,-0.125,0.0625,-0.125,178,,stopped,0.0,0.0,0.621,
2026-08-06T18:37:29.970,826.215,guiding_to_goal,35.919136783333336,139.90921688333333,21.949,0.06173333333333333,True,28,1,35.91912968333333,139.90919718333333,1.9417413906643999,,33.34,1008.3841796875,55.3701171875,257.4375,-1.375,-10.6875,-0.23,1.78,9.46,-0.3125,0.0,-0.0625,178,,stopped,0.0,0.0,0.622,
2026-08-06T18:37:30.475,826.718,guiding_to_goal,35.919136783333336,139.90921678333333,21.956,0.0051444444444444445,True,28,1,35.91912968333333,139.90919718333333,1.933517707385024,,33.34,1008.411484375,55.3583984375,257.4375,-1.375,-10.6875,-0.24,1.76,9.43,-0.375,0.0625,-0.1875,178,,stopped,0.0,0.0,0.622,
2026-08-06T18:37:30.975,827.218,guiding_to_goal,35.919136783333336,139.90921678333333,21.956,0.0051444444444444445,True,28,1,35.91912968333333,139.90919718333333,1.933517707385024,,33.33,1008.3682421875,55.3798828125,257.4375,-1.375,-10.6875,-0.26,1.75,9.45,-0.5,-0.125,-0.375,178,,stopped,0.0,0.0,0.622,
2026-08-06T18:37:31.476,827.719,guiding_to_goal,35.9191366,139.90921678333333,21.962,0.030866666666666664,True,28,1,35.91912968333333,139.90919718333333,1.925283845369015,,33.35,1008.3728125,55.3134765625,257.375,-1.375,-10.625,-0.09,1.62,9.59,0.25,-0.4375,0.6875,178,,stopped,0.0,0.0,0.621,
2026-08-06T18:37:31.976,828.219,guiding_to_goal,35.9191366,139.90921678333333,21.962,0.030866666666666664,True,28,1,35.91912968333333,139.90919718333333,1.925283845369015,,33.34,1008.3841796875,55.3701171875,257.375,-1.375,-10.625,-0.24,1.76,9.42,-0.1875,0.125,0.3125,178,,stopped,0.0,0.0,0.621,
2026-08-06T18:37:32.477,828.720,guiding_to_goal,35.9191365,139.9092167,21.968,0.08745555555555556,True,28,1,35.91912968333333,139.90919718333333,1.9139759758122041,,33.34,1008.3648828125,55.359375,257.375,-1.375,-10.75,-0.36,1.76,9.46,3.4375,0.375,1.9375,178,,stopped,0.0,0.0,0.622,
2026-08-06T18:37:32.977,829.220,guiding_to_goal,35.9191365,139.9092167,21.968,0.08745555555555556,True,28,1,35.91912968333333,139.90919718333333,1.9139759758122041,,33.35,1008.3728125,55.3828125,257.3125,-1.375,-10.8125,-0.5,1.79,9.41,-2.0,-0.125,-0.5,178,,stopped,0.0,0.0,0.622,
2026-08-06T18:37:33.478,829.721,guiding_to_goal,35.91913638333333,139.90921648333332,21.975,0.12861111111111112,True,28,1,35.91912968333333,139.90919718333333,1.8909273163102673,,33.33,1008.3409765625,55.3330078125,257.375,-1.375,-10.75,-0.22,1.71,9.47,0.0625,0.1875,0.25,178,,stopped,0.0,0.0,0.622,
2026-08-06T18:37:33.978,830.221,guiding_to_goal,35.91913638333333,139.90921648333332,21.975,0.12861111111111112,True,28,1,35.91912968333333,139.90919718333333,1.8909273163102673,,33.33,1008.3682421875,55.40234375,257.375,-1.375,-10.75,-0.24,1.82,9.46,0.375,0.0625,0.1875,178,,stopped,0.0,0.0,0.622,
2026-08-06T18:37:34.478,830.721,guiding_to_goal,35.919136083333335,139.90921628333334,21.985,0.15433333333333335,True,28,1,35.91912968333333,139.90919718333333,1.8613801921045041,,33.34,1008.3841796875,55.3818359375,257.375,-1.375,-10.6875,-0.22,1.77,9.49,-0.375,-0.25,-0.3125,178,,stopped,0.0,0.0,0.622,
2026-08-06T18:37:35.020,831.263,guiding_to_goal,35.919136083333335,139.90921628333334,21.985,0.15433333333333335,True,28,1,35.91912968333333,139.90919718333333,1.8613801921045041,,33.33,1008.395546875,55.3916015625,257.375,-1.375,-10.6875,-0.25,1.77,9.47,-0.3125,-0.125,-0.3125,178,,stopped,0.0,0.0,0.622,
2026-08-06T18:37:35.520,831.763,guiding_to_goal,35.91913578333333,139.90921598333333,21.987,0.16462222222222223,True,28,1,35.91912968333333,139.90919718333333,1.8237788182988786,,33.35,1008.3455078125,55.3134765625,257.375,-1.375,-10.6875,-0.25,1.78,9.48,0.1875,0.0,0.0,178,,stopped,0.0,0.0,0.622,
2026-08-06T18:37:36.022,832.265,guiding_to_goal,35.91913578333333,139.90921598333333,21.987,0.16462222222222223,True,28,1,35.91912968333333,139.90919718333333,1.8237788182988786,,33.36,1008.44328125,55.337890625,257.375,-1.375,-10.6875,-0.24,1.74,9.43,0.25,-0.125,0.0625,178,,stopped,0.0,0.0,0.622,
2026-08-06T18:37:36.522,832.765,guiding_to_goal,35.9191353,139.90921588333333,21.993,0.21606666666666666,True,28,1,35.91912968333333,139.90919718333333,1.7960345632101882,,33.35,1008.3807421875,55.40625,257.375,-1.375,-10.6875,-0.21,1.78,9.47,0.25,0.1875,0.0,178,,forward,60.0,60.0,0.622,
2026-08-06T18:37:37.023,833.266,guiding_to_goal,35.9191353,139.90921588333333,21.993,0.21606666666666666,True,28,1,35.91912968333333,139.90919718333333,1.7960345632101882,,33.35,1008.3807421875,55.39453125,264.625,-1.5,-19.1875,-1.74,11.6,13.41,100.375,19.9375,41.3125,112,,forward,61.65,58.35,6.293,
2026-08-06T18:37:37.523,833.766,guiding_to_goal,35.9191347,139.9092162,21.999,0.2778,True,28,1,35.91912968333333,139.90919718333333,1.801029771687742,,31.73,1005.95328125,55.291015625,238.5625,-4.1875,-15.25,-0.84,2.54,9.24,0.75,-0.125,-0.25,50,,stopped,0.0,0.0,4.656,
2026-08-06T18:37:38.032,834.275,guiding_to_goal,35.9191347,139.9092162,21.999,0.2778,True,28,1,35.91912968333333,139.90919718333333,1.801029771687742,,33.34,1008.3648828125,55.4287109375,238.6875,-4.25,-15.0625,-1.05,2.48,9.21,-0.5,1.0,-1.875,50,,turn_right,20.0,-20.0,4.619,
2026-08-06T18:37:38.532,834.775,guiding_to_goal,35.91913508333333,139.90921828333333,21.985,0.14404444444444445,True,28,1,35.91912968333333,139.90919718333333,1.9926896252240056,,33.35,1008.3728125,55.556640625,261.0,-1.5625,-12.125,-0.91,1.84,9.31,-4.5625,-2.0,-9.0625,50,,stopped,0.0,0.0,0.612,
2026-08-06T18:37:39.032,835.275,guiding_to_goal,35.91913508333333,139.90921828333333,21.985,0.14404444444444445,True,28,1,35.91912968333333,139.90919718333333,1.9926896252240056,,33.35,1008.3807421875,55.556640625,260.625,-1.5625,-11.0625,-1.02,1.15,10.14,-13.25,7.5,12.5625,50,,stopped,0.0,0.0,0.606,
2026-08-06T18:37:39.533,835.776,guiding_to_goal,35.919134983333336,139.90921838333333,21.984,0.10803333333333333,True,27,1,35.91912968333333,139.90919718333333,1.9979699144963219,,33.35,1008.3807421875,55.63671875,260.3125,-1.625,-10.9375,-0.27,1.85,9.44,-0.125,0.3125,0.25,50,,stopped,0.0,0.0,0.603,
2026-08-06T18:37:40.033,836.276,guiding_to_goal,35.919134983333336,139.90921838333333,21.984,0.10803333333333333,True,27,1,35.91912968333333,139.90919718333333,1.9979699144963219,,33.36,1008.38875,55.6376953125,260.3125,-1.625,-10.9375,-0.29,1.86,9.43,8.0625,0.0,-0.0625,50,,stopped,0.0,0.0,0.603,
2026-08-06T18:37:40.534,836.777,guiding_to_goal,35.919134883333335,139.90921838333333,21.986,0.09774444444444444,True,27,1,35.91912968333333,139.90919718333333,1.99471834011229,,33.34,1008.3648828125,55.68359375,260.3125,-1.625,-10.9375,-0.25,1.91,9.45,0.0,0.125,0.0625,50,,stopped,0.0,0.0,0.603,
2026-08-06T18:37:41.034,837.277,guiding_to_goal,35.919134883333335,139.90921838333333,21.986,0.09774444444444444,True,27,1,35.91912968333333,139.90919718333333,1.99471834011229,,33.36,1008.38875,55.6494140625,260.3125,-1.625,-10.9375,-0.29,1.85,9.46,0.3125,0.25,0.125,50,,stopped,0.0,0.0,0.604,
2026-08-06T18:37:41.535,837.778,guiding_to_goal,35.919134883333335,139.90921848333332,21.988,0.09774444444444444,True,27,1,35.91912968333333,139.90919718333333,2.0033384846491717,,33.36,1008.44328125,55.6728515625,260.3125,-1.625,-11.0,-0.32,1.86,9.43,0.3125,-0.0625,0.125,50,,stopped,0.0,0.0,0.604,
2026-08-06T18:37:42.035,838.278,guiding_to_goal,35.919134883333335,139.90921848333332,21.988,0.09774444444444444,True,27,1,35.91912968333333,139.90919718333333,2.0033384846491717,,33.36,1008.3614453125,55.6728515625,260.3125,-1.625,-11.0,-0.29,1.83,9.44,0.125,0.0625,0.0625,50,,stopped,0.0,0.0,0.604,
2026-08-06T18:37:42.537,838.780,guiding_to_goal,35.919134883333335,139.90921848333332,21.987,0.09774444444444444,True,27,1,35.91912968333333,139.90919718333333,2.0033384846491717,,33.37,1008.3503515625,55.7548828125,260.3125,-1.625,-11.0625,-0.3,1.89,9.44,-0.25,0.1875,-0.0625,50,,stopped,0.0,0.0,0.604,
2026-08-06T18:37:43.039,839.282,guiding_to_goal,35.919134883333335,139.90921848333332,21.987,0.09774444444444444,True,27,1,35.91912968333333,139.90919718333333,2.0033384846491717,,33.37,1008.4049609375,55.685546875,260.3125,-1.625,-11.125,-0.27,1.89,9.45,0.8125,0.0,0.5,50,,stopped,0.0,0.0,0.604,
2026-08-06T18:37:43.544,839.787,guiding_to_goal,35.919134983333336,139.90921848333332,21.988,0.11832222222222223,True,28,1,35.91912968333333,139.90919718333333,2.006576090479745,,33.37,1008.3855859375,55.744140625,260.375,-1.625,-11.125,-0.31,1.89,9.43,0.0,-0.1875,-0.0625,50,,stopped,0.0,0.0,0.604,
2026-08-06T18:37:44.044,840.287,guiding_to_goal,35.919134983333336,139.90921848333332,21.988,0.11832222222222223,True,28,1,35.91912968333333,139.90919718333333,2.006576090479745,,33.38,1008.420859375,55.755859375,260.375,-1.625,-11.125,-0.34,1.9,9.42,0.3125,0.125,0.25,50,,stopped,0.0,0.0,0.604,
2026-08-06T18:37:44.546,840.789,guiding_to_goal,35.919134883333335,139.90921818333334,21.988,0.030866666666666664,True,28,1,35.91912968333333,139.90919718333333,1.9774883436104451,,33.39,1008.4367578125,55.7919921875,260.375,-1.625,-11.25,-0.3,1.93,9.47,0.625,0.125,0.25,50,,stopped,0.0,0.0,0.603,
2026-08-06T18:37:45.047,841.290,guiding_to_goal,35.919134883333335,139.90921818333334,21.988,0.030866666666666664,True,28,1,35.91912968333333,139.90919718333333,1.9774883436104451,,33.29,1008.2929296875,55.76953125,260.375,-1.625,-11.25,-0.31,1.86,9.41,0.4375,-0.125,0.3125,50,,stopped,0.0,0.0,0.604,
2026-08-06T18:37:45.547,841.790,guiding_to_goal,35.91913458333333,139.90921818333334,21.993,0.05144444444444445,True,28,1,35.91912968333333,139.90919718333333,1.9679929618114278,,33.39,1008.4174609375,55.74609375,260.375,-1.625,-11.3125,-0.31,1.88,9.45,-0.125,0.125,0.0625,50,,stopped,0.0,0.0,0.604,
2026-08-06T18:37:46.048,842.291,guiding_to_goal,35.91913458333333,139.90921818333334,21.993,0.05144444444444445,True,28,1,35.91912968333333,139.90919718333333,1.9679929618114278,,30.62,1004.02796875,55.640625,260.375,-1.625,-11.3125,-0.3,1.91,9.43,0.625,0.0625,0.25,50,,stopped,0.0,0.0,0.604,
2026-08-06T18:37:46.548,842.791,guiding_to_goal,35.919134383333336,139.90921818333334,21.996,0.08745555555555556,True,28,1,35.91912968333333,139.90919718333333,1.961952300349818,,33.4,1008.343828125,55.7119140625,260.375,-1.625,-11.375,-0.32,1.9,9.43,0.3125,0.0,0.0,50,,stopped,0.0,0.0,0.604,
2026-08-06T18:37:47.049,843.291,guiding_to_goal,35.919134383333336,139.90921818333334,21.996,0.08745555555555556,True,28,1,35.91912968333333,139.90919718333333,1.961952300349818,,33.41,1008.38703125,55.712890625,260.375,-1.625,-11.375,-0.28,1.89,9.44,0.375,-0.0625,0.125,50,,stopped,0.0,0.0,0.603,
2026-08-06T18:37:47.549,843.792,guiding_to_goal,35.919134183333334,139.9092181,21.997,0.15433333333333335,True,28,1,35.91912968333333,139.90919718333333,1.9488922083760922,,33.42,1008.3756640625,55.611328125,248.8125,-1.8125,-5.875,-1.03,7.64,2.3,90.625,-46.0625,7.1875,50,,forward,97.125,22.875,0.531,
2026-08-06T18:37:48.049,844.292,guiding_to_goal,35.919134183333334,139.9092181,21.997,0.15433333333333335,True,28,1,35.91912968333333,139.90919718333333,1.9488922083760922,,33.41,1008.38703125,55.7587890625,252.6875,-0.9375,-12.0,-3.13,4.4,17.57,-23.125,-11.625,-106.0625,50,,forward,30.7125,29.2875,0.44,
2026-08-06T18:37:48.550,844.793,guiding_to_goal,35.9191335,139.90921798333332,21.997,0.15433333333333335,True,28,1,35.91912968333333,139.90919718333333,1.920533019077407,,33.41,1008.3324609375,55.6435546875,262.4375,-0.6875,-10.0625,-0.13,1.69,9.5,-0.0625,-0.0625,0.0,50,,stopped,0.0,0.0,0.324,
2026-08-06T18:37:49.050,845.293,guiding_to_goal,35.9191335,139.90921798333332,21.997,0.15433333333333335,True,28,1,35.91912968333333,139.90919718333333,1.920533019077407,,33.41,1008.359765625,55.689453125,262.4375,-0.6875,-10.0625,-0.13,1.68,9.47,0.0625,-0.0625,0.125,50,,stopped,0.0,0.0,0.324,
2026-08-06T18:37:49.559,845.802,guiding_to_goal,35.91913278333333,139.90921778333333,21.994,0.14404444444444445,True,28,1,35.91912968333333,139.90919718333333,1.886800004075633,,33.4,1008.4063671875,55.6201171875,262.4375,-0.6875,-10.0625,-0.15,1.71,9.48,0.0,0.0,0.0,50,,stopped,0.0,0.0,0.324,
2026-08-06T18:37:50.059,846.302,guiding_to_goal,35.91913278333333,139.90921778333333,21.994,0.14404444444444445,True,28,1,35.91912968333333,139.90919718333333,1.886800004075633,,33.41,1008.4495703125,55.6220703125,262.4375,-0.6875,-10.0625,-0.13,1.66,9.45,0.125,-0.1875,-0.0625,50,,stopped,0.0,0.0,0.323,
2026-08-06T18:37:50.560,846.803,guiding_to_goal,35.9191323,139.90921768333334,21.995,0.025722222222222226,True,28,1,35.91912968333333,139.90919718333333,1.8688291646456743,,33.4,1008.4063671875,55.5517578125,262.4375,-0.6875,-10.0625,-0.14,1.67,9.49,-0.0625,-0.0625,0.0,50,,stopped,0.0,0.0,0.324,
2026-08-06T18:37:51.061,847.304,guiding_to_goal,35.9191323,139.90921768333334,21.995,0.025722222222222226,True,28,1,35.91912968333333,139.90919718333333,1.8688291646456743,,33.41,1008.4143359375,55.5283203125,262.4375,-0.6875,-10.0625,-0.14,1.68,9.46,0.0625,-0.0625,-0.0625,50,,stopped,0.0,0.0,0.324,
2026-08-06T18:37:51.567,847.810,guiding_to_goal,35.91913198333334,139.90921778333333,21.996,0.06687777777777779,True,28,1,35.91912968333333,139.90919718333333,1.8725919106560183,,33.39,1008.4174609375,55.4814453125,262.4375,-0.6875,-10.0625,-0.12,1.68,9.47,-0.0625,0.1875,0.0,50,,stopped,0.0,0.0,0.324,
2026-08-06T18:37:52.068,848.311,guiding_to_goal,35.91913198333334,139.90921778333333,21.996,0.06687777777777779,True,28,1,35.91912968333333,139.90919718333333,1.8725919106560183,,33.39,1008.39015625,55.4580078125,262.4375,-0.6875,-10.0625,-0.12,1.67,9.47,0.0,0.0,-0.1875,50,,stopped,0.0,0.0,0.323,
2026-08-06T18:37:52.569,848.812,guiding_to_goal,35.919131883333336,139.90921778333333,21.999,0.06687777777777779,True,28,1,35.91912968333333,139.90919718333333,1.8711056966022912,,33.4,1008.425703125,55.4345703125,262.4375,-0.6875,-10.0625,-0.13,1.67,9.48,-0.125,-0.0625,0.0,50,,stopped,0.0,0.0,0.323,
2026-08-06T18:37:53.084,849.327,guiding_to_goal,35.919131883333336,139.90921778333333,21.999,0.06687777777777779,True,28,1,35.91912968333333,139.90919718333333,1.8711056966022912,,33.39,1008.4367578125,55.45703125,262.4375,-0.6875,-10.0625,-0.15,1.69,9.49,0.125,0.125,0.0,50,,stopped,0.0,0.0,0.323,
2026-08-06T18:37:53.585,849.828,guiding_to_goal,35.919131883333336,139.90921768333334,22.001,0.06173333333333333,True,28,1,35.91912968333333,139.90919718333333,1.8621782884317477,,33.39,1008.4447265625,55.4228515625,262.4375,-0.6875,-10.0625,-0.13,1.67,9.47,-0.125,0.0,0.0,50,,stopped,0.0,0.0,0.324,
2026-08-06T18:37:54.085,850.328,guiding_to_goal,35.919131883333336,139.90921768333334,22.001,0.06173333333333333,True,28,1,35.91912968333333,139.90919718333333,1.8621782884317477,,33.4,1008.3983984375,55.4228515625,262.4375,-0.6875,-10.0625,-0.15,1.7,9.47,0.0,0.0,0.0,50,,stopped,0.0,0.0,0.324,
2026-08-06T18:37:54.585,850.828,guiding_to_goal,35.919131883333336,139.90921778333333,22.004,0.1028888888888889,True,28,1,35.91912968333333,139.90919718333333,1.8711056966022912,,33.38,1008.37421875,55.41015625,262.4375,-0.6875,-10.0625,-0.15,1.68,9.48,0.0,-0.125,0.0,50,,stopped,0.0,0.0,0.323,
2026-08-06T18:37:55.086,851.329,guiding_to_goal,35.919131883333336,139.90921778333333,22.004,0.1028888888888889,True,28,1,35.91912968333333,139.90919718333333,1.8711056966022912,,31.17,1005.40015625,55.3388671875,262.4375,-0.6875,-10.0625,-0.15,1.67,9.47,-0.0625,-0.125,0.0625,50,,stopped,0.0,0.0,0.324,
2026-08-06T18:37:55.586,851.829,guiding_to_goal,35.91913208333333,139.90921788333333,22.007,0.12346666666666666,True,28,1,35.91912968333333,139.90919718333333,1.8830566688899528,,33.41,1008.4143359375,55.4248046875,262.4375,-0.6875,-10.0625,-0.15,1.67,9.45,-0.0625,-0.0625,-0.0625,50,,stopped,0.0,0.0,0.324,
2026-08-06T18:37:56.087,852.330,guiding_to_goal,35.91913208333333,139.90921788333333,22.007,0.12346666666666666,True,28,1,35.91912968333333,139.90919718333333,1.8830566688899528,,33.42,1008.4575,55.3916015625,262.4375,-0.6875,-10.0625,-0.15,1.67,9.47,0.125,0.125,-0.0625,50,,stopped,0.0,0.0,0.323,
2026-08-06T18:37:56.587,852.830,guiding_to_goal,35.919132383333334,139.90921798333332,22.007,0.15947777777777777,True,28,1,35.91912968333333,139.90919718333333,1.896964079098568,,33.41,1008.359765625,55.470703125,262.4375,-0.6875,-10.0625,-0.13,1.66,9.47,0.0625,0.125,0.125,50,,stopped,0.0,0.0,0.323,
2026-08-06T18:37:57.088,853.331,guiding_to_goal,35.919132383333334,139.90921798333332,22.007,0.15947777777777777,True,28,1,35.91912968333333,139.90919718333333,1.896964079098568,,33.41,1008.4416015625,55.3779296875,262.4375,-0.6875,-10.0625,-0.13,1.68,9.47,-0.0625,0.0625,0.0625,50,,stopped,0.0,0.0,0.323,
2026-08-06T18:37:57.588,853.831,guiding_to_goal,35.91913268333333,139.9092181,22.007,0.16462222222222223,True,28,1,35.91912968333333,139.90919718333333,1.9128728133477775,,33.42,1008.356328125,55.369140625,260.1875,-1.3125,-11.9375,-0.53,3.7,3.95,55.25,-4.1875,20.5,50,,forward,50.47875,33.52125,0.162,
2026-08-06T18:37:58.088,854.331,guiding_to_goal,35.91913268333333,139.9092181,22.007,0.16462222222222223,True,28,1,35.91912968333333,139.90919718333333,1.9128728133477775,,33.43,1008.609921875,55.658203125,260.625,-1.3125,-10.8125,-1.61,-0.02,5.52,-67.0625,-19.125,4.375,50,,stopped,0.0,0.0,0.118,
2026-08-06T18:37:58.589,854.832,guiding_to_goal,35.9191329,139.9092186,22.018,0.19034444444444445,True,28,1,35.91912968333333,139.90919718333333,1.961473890450581,,33.42,1008.4029296875,55.2998046875,259.3125,-0.9375,-10.6875,-0.18,1.75,9.46,0.0,-0.125,0.0625,50,,turn_right,5.0,-5.0,0.073,
2026-08-06T18:37:59.089,855.332,guiding_to_goal,35.9191329,139.9092186,22.018,0.19034444444444445,True,28,1,35.91912968333333,139.90919718333333,1.961473890450581,,33.42,1008.3756640625,55.380859375,259.3125,-1.0,-10.625,0.4,1.94,9.96,3.0625,1.875,-4.375,50,,turn_right,20.0,-20.0,0.073,
2026-08-06T18:37:59.589,855.833,guiding_to_goal,35.919132983333334,139.90921798333332,22.04,0.06173333333333333,True,28,1,35.91912968333333,139.90919718333333,1.9086603189087832,,33.43,1008.3915625,55.27734375,265.625,-1.0625,-10.6875,-0.19,1.78,9.44,0.0,-0.0625,0.0625,50,,turn_left,-5.0,5.0,0.078,
2026-08-06T18:38:00.090,856.333,guiding_to_goal,35.919132983333334,139.90921798333332,22.04,0.06173333333333333,True,28,1,35.91912968333333,139.90919718333333,1.9086603189087832,,33.42,1008.430234375,55.333984375,265.5625,-1.0625,-10.625,-0.52,1.62,9.54,-1.0625,-1.3125,2.625,50,,turn_left,-20.0,20.0,0.077,
2026-08-06T18:38:00.590,856.833,guiding_to_goal,35.91913318333334,139.90921798333332,22.046,0.0463,True,28,1,35.91912968333333,139.90919718333333,1.9130602887130237,,33.43,1008.4544140625,55.439453125,264.125,-1.0625,-10.625,-0.19,1.76,9.47,0.0,-0.125,0.0,114,,stopped,0.0,0.0,0.076,
2026-08-06T18:38:01.091,857.334,guiding_to_goal,35.91913318333334,139.90921798333332,22.046,0.0463,True,28,1,35.91912968333333,139.90919718333333,1.9130602887130237,,33.42,1008.438203125,55.322265625,264.125,-1.0625,-10.625,-0.2,1.74,9.46,8.0625,-0.0625,0.0,114,,stopped,0.0,0.0,0.076,
2026-08-06T18:38:01.593,857.836,guiding_to_goal,35.9191335,139.9092181,22.053,0.05658888888888889,True,28,1,35.91912968333333,139.90919718333333,1.9307806193707615,,33.42,1008.430234375,55.345703125,264.125,-1.0625,-10.625,-0.21,1.77,9.45,0.0,0.125,0.0,114,,stopped,0.0,0.0,0.076,
2026-08-06T18:38:02.093,858.336,guiding_to_goal,35.9191335,139.9092181,22.053,0.05658888888888889,True,28,1,35.91912968333333,139.90919718333333,1.9307806193707615,,33.42,1008.430234375,55.345703125,264.125,-1.0625,-10.625,-0.23,1.76,9.42,0.0,-0.0625,0.0625,114,,stopped,0.0,0.0,0.076,
2026-08-06T18:38:02.593,858.836,guiding_to_goal,35.919133683333335,139.9092181,22.057,0.06687777777777779,True,28,1,35.91912968333333,139.90919718333333,1.9353636706345967,,33.42,1008.430234375,55.2998046875,264.125,-1.0625,-10.625,-0.19,1.74,9.44,0.0625,0.125,-0.125,114,,stopped,0.0,0.0,0.076,
2026-08-06T18:38:03.096,859.339,guiding_to_goal,35.919133683333335,139.9092181,22.057,0.06687777777777779,True,28,1,35.91912968333333,139.90919718333333,1.9353636706345967,,33.41,1008.4143359375,55.3203125,264.125,-1.0625,-10.625,-0.2,1.75,9.47,-0.0625,0.0625,0.0625,114,,stopped,0.0,0.0,0.076,
2026-08-06T18:38:03.597,859.840,guiding_to_goal,35.91913388333333,139.90921798333332,22.065,0.0926,True,28,1,35.91912968333333,139.90919718333333,1.9303997712373817,,33.43,1008.4734375,55.27734375,264.125,-1.0625,-10.625,-0.23,1.75,9.45,0.125,-0.125,0.0625,114,,stopped,0.0,0.0,0.075,
2026-08-06T18:38:04.104,860.347,guiding_to_goal,35.91913388333333,139.90921798333332,22.065,0.0926,True,28,1,35.91912968333333,139.90919718333333,1.9303997712373817,,33.41,1008.422265625,55.275390625,264.125,-1.0625,-10.625,-0.19,1.75,9.46,8.0,-0.125,-0.0625,114,,stopped,0.0,0.0,0.075,
2026-08-06T18:38:04.604,860.847,guiding_to_goal,35.919134183333334,139.9092181,22.068,0.03601111111111111,True,28,1,35.91912968333333,139.90919718333333,1.9488922083760922,,33.43,1008.345234375,55.2548828125,264.125,-1.0625,-2.625,-0.21,1.76,9.45,0.125,0.0,0.0,114,,stopped,0.0,0.0,0.076,
2026-08-06T18:38:05.105,861.350,guiding_to_goal,35.919134183333334,139.9092181,22.068,0.03601111111111111,True,28,1,35.91912968333333,139.90919718333333,1.9488922083760922,,33.44,1008.4157421875,55.255859375,264.125,-1.0625,-10.625,-0.19,1.76,9.47,0.0625,0.0,-0.0625,114,,stopped,0.0,0.0,0.076,
2026-08-06T18:38:05.609,861.852,guiding_to_goal,35.919134183333334,139.9092181,22.071,0.08745555555555556,True,28,1,35.91912968333333,139.90919718333333,1.9488922083760922,,33.44,1008.3884375,55.3017578125,264.125,-1.0625,-10.625,-0.23,1.77,9.45,-0.0625,0.0,0.125,178,,stopped,0.0,0.0,0.076,
2026-08-06T18:38:06.186,862.429,guiding_to_goal,35.919134183333334,139.9092181,22.071,0.08745555555555556,True,28,1,35.91912968333333,139.90919718333333,1.9488922083760922,,33.44,1008.361171875,55.232421875,264.125,-1.0625,-10.625,-0.21,1.78,9.44,0.0,0.0625,0.0,178,,stopped,0.0,0.0,0.076,
2026-08-06T18:38:06.687,862.930,guiding_to_goal,35.919134283333335,139.90921828333333,22.076,0.08745555555555556,True,28,1,35.91912968333333,139.90919718333333,1.9677137713267194,,33.45,1008.4237109375,55.1875,264.125,-1.0625,-10.625,-0.2,1.77,9.45,0.0,-0.125,-0.1875,178,,stopped,0.0,0.0,0.076,
2026-08-06T18:38:07.189,863.432,guiding_to_goal,35.919134283333335,139.90921828333333,22.076,0.08745555555555556,True,28,1,35.91912968333333,139.90919718333333,1.9677137713267194,,33.45,1008.404375,55.19921875,264.125,-1.0625,-10.625,-0.22,1.76,9.46,0.0,0.0,0.0,178,,stopped,0.0,0.0,0.076,
2026-08-06T18:38:07.689,863.932,guiding_to_goal,35.919134283333335,139.90921818333334,22.08,0.11832222222222223,True,28,1,35.91912968333333,139.90919718333333,1.9590196587405104,,33.46,1008.4475390625,55.177734375,264.125,-1.0625,-10.625,-0.2,1.78,9.47,0.0625,0.0625,0.0,178,,stopped,0.0,0.0,0.077,
2026-08-06T18:38:08.192,864.435,guiding_to_goal,35.919134283333335,139.90921818333334,22.08,0.11832222222222223,True,28,1,35.91912968333333,139.90919718333333,1.9590196587405104,,33.46,1008.3656640625,55.1669921875,264.125,-1.0625,-10.625,-0.2,1.76,9.46,0.0,0.0,0.0,178,,stopped,0.0,0.0,0.077,
2026-08-06T18:38:08.701,864.944,guiding_to_goal,35.919134283333335,139.90921818333334,22.085,0.09774444444444444,True,28,1,35.91912968333333,139.90919718333333,1.9590196587405104,,33.46,1008.439609375,55.1650390625,264.125,-1.0625,-10.625,-0.2,1.75,9.45,0.125,-0.0625,0.0,178,,stopped,0.0,0.0,0.077,
2026-08-06T18:38:09.202,865.445,guiding_to_goal,35.919134283333335,139.90921818333334,22.085,0.09774444444444444,True,28,1,35.91912968333333,139.90919718333333,1.9590196587405104,,33.46,1008.3656640625,55.177734375,264.125,-1.0625,-10.625,-0.23,1.76,9.47,-0.0625,0.0625,-0.0625,178,,stopped,0.0,0.0,0.077,
2026-08-06T18:38:09.703,865.946,guiding_to_goal,35.91913388333333,139.90921768333334,22.086,0.09774444444444444,True,28,1,35.91912968333333,139.90919718333333,1.9041982778417486,,33.47,1008.3739453125,55.224609375,264.125,-1.0625,-10.625,-0.19,1.77,9.46,8.125,0.125,0.125,178,,stopped,0.0,0.0,0.076,
2026-08-06T18:38:10.623,866.866,guiding_to_goal,35.91913388333333,139.90921768333334,22.086,0.09774444444444444,True,28,1,35.91912968333333,139.90919718333333,1.9041982778417486,,33.47,1008.428515625,55.07421875,264.125,-1.0625,-10.625,-0.22,1.76,9.47,0.0625,-0.0625,0.0,178,,stopped,0.0,0.0,0.076,
2026-08-06T18:38:11.123,867.366,guiding_to_goal,35.919133783333336,139.9092176,22.092,0.14404444444444445,True,28,1,35.91912968333333,139.90919718333333,1.8942172010017797,,33.49,1008.359453125,55.28515625,264.125,-1.0625,-10.625,-0.2,1.78,9.45,0.0,0.0625,0.0,178,,stopped,0.0,0.0,0.076,
2026-08-06T18:38:11.624,867.867,guiding_to_goal,35.919133783333336,139.9092176,22.092,0.14404444444444445,True,28,1,35.91912968333333,139.90919718333333,1.8942172010017797,,33.49,1008.4060546875,55.2734375,264.125,-1.0625,-10.625,-0.22,1.77,9.45,-0.0625,0.125,0.0625,178,,stopped,0.0,0.0,0.076,
2026-08-06T18:38:12.124,868.367,guiding_to_goal,35.919133783333336,139.90921778333333,22.092,0.12346666666666666,True,28,1,35.91912968333333,139.90919718333333,1.9102453393942314,,33.49,1008.3787890625,55.2275390625,264.125,-1.0625,-10.625,-0.2,1.76,9.47,-0.125,0.0,0.0,178,,stopped,0.0,0.0,0.076,
2026-08-06T18:38:12.625,868.868,guiding_to_goal,35.919133783333336,139.90921778333333,22.092,0.12346666666666666,True,28,1,35.91912968333333,139.90919718333333,1.9102453393942314,,33.48,1008.3628515625,55.2138671875,264.125,-1.0625,-10.625,-0.19,1.78,9.46,0.0625,0.0,0.125,178,,stopped,0.0,0.0,0.077,
2026-08-06T18:38:13.125,869.368,guiding_to_goal,35.919133783333336,139.90921798333332,22.093,0.1028888888888889,True,28,1,35.91912968333333,139.90919718333333,1.9277398432132686,,33.48,1008.3628515625,55.2373046875,264.125,-1.0625,-10.625,-0.19,1.79,9.47,0.0625,0.0625,0.0,178,,turn_right,5.0,-5.0,0.076,
2026-08-06T18:38:13.626,869.869,guiding_to_goal,35.919133783333336,139.90921798333332,22.093,0.1028888888888889,True,28,1,35.91912968333333,139.90919718333333,1.9277398432132686,,33.47,1008.4558203125,55.2470703125,264.3125,-1.125,-10.625,-0.38,0.96,9.2,5.6875,7.625,-8.3125,114,,turn_right,20.0,-20.0,0.077,
2026-08-06T18:38:14.126,870.369,guiding_to_goal,35.919133783333336,139.90921778333333,22.097,0.08231111111111111,True,28,1,35.91912968333333,139.90919718333333,1.9102453393942314,,33.45,1008.4237109375,55.314453125,274.8125,-0.75,-10.375,-0.15,1.75,9.47,-0.0625,-0.125,0.0,50,,stopped,0.0,0.0,0.088,
2026-08-06T18:38:14.626,870.869,guiding_to_goal,35.919133783333336,139.90921778333333,22.097,0.08231111111111111,True,28,1,35.91912968333333,139.90919718333333,1.9102453393942314,,33.45,1008.4237109375,55.326171875,274.8125,-0.75,-10.375,-0.16,1.75,9.47,0.0,-0.0625,0.0,50,,stopped,0.0,0.0,0.087,
2026-08-06T18:38:15.127,871.370,guiding_to_goal,35.91913388333333,139.90921768333334,22.1,0.025722222222222226,True,27,1,35.91912968333333,139.90919718333333,1.9041982778417486,,33.45,1008.39640625,55.41796875,274.8125,-0.75,-10.375,-0.15,1.74,9.47,-0.125,0.0,0.0,50,,stopped,0.0,0.0,0.087,
2026-08-06T18:38:15.627,871.870,guiding_to_goal,35.91913388333333,139.90921768333334,22.1,0.025722222222222226,True,27,1,35.91912968333333,139.90919718333333,1.9041982778417486,,33.44,1008.3259375,55.4052734375,274.8125,-0.75,-10.375,-0.16,1.76,9.47,-0.125,0.125,0.0625,50,,stopped,0.0,0.0,0.087,
2026-08-06T18:38:16.128,872.371,guiding_to_goal,35.9191341,139.90921768333334,22.106,0.030866666666666664,True,27,1,35.91912968333333,139.90919718333333,1.9102498672848518,,33.45,1008.4509765625,55.337890625,274.8125,-0.75,-10.375,-0.15,1.75,9.46,-0.0625,0.0,8.0625,50,,stopped,0.0,0.0,0.088,
2026-08-06T18:38:16.630,872.873,guiding_to_goal,35.9191341,139.90921768333334,22.106,0.030866666666666664,True,27,1,35.91912968333333,139.90919718333333,1.9102498672848518,,33.44,1008.435078125,55.34765625,274.8125,-0.75,-10.375,-0.15,1.76,9.46,0.0625,-0.1875,0.0625,50,,stopped,0.0,0.0,0.087,
2026-08-06T18:38:17.132,873.375,guiding_to_goal,35.919134283333335,139.90921768333334,22.107,0.05144444444444445,True,28,1,35.91912968333333,139.90919718333333,1.915592190903626,,33.44,1008.4157421875,55.2900390625,274.8125,-0.75,-10.375,-0.15,1.78,9.46,0.0625,0.0,0.0625,50,,stopped,0.0,0.0,0.087,
2026-08-06T18:38:17.640,873.883,guiding_to_goal,35.919134283333335,139.90921768333334,22.107,0.05144444444444445,True,28,1,35.91912968333333,139.90919718333333,1.915592190903626,,33.45,1008.4237109375,55.291015625,274.8125,-0.75,-10.375,-0.16,1.75,9.43,0.0,0.25,-0.125,50,,stopped,0.0,0.0,0.087,
2026-08-06T18:38:18.140,874.383,guiding_to_goal,35.919134383333336,139.90921778333333,22.112,0.15433333333333335,True,28,1,35.91912968333333,139.90919718333333,1.9272573249250782,,33.43,1008.3915625,55.27734375,274.8125,-0.75,-10.375,-0.16,1.75,9.47,0.0,0.125,0.125,50,,stopped,0.0,0.0,0.087,
2026-08-06T18:38:18.641,874.884,guiding_to_goal,35.919134383333336,139.90921778333333,22.112,0.15433333333333335,True,28,1,35.91912968333333,139.90919718333333,1.9272573249250782,,33.43,1008.39984375,55.265625,274.8125,-0.75,-10.375,-0.15,1.75,9.46,-0.0625,0.0625,0.0,50,,stopped,0.0,0.0,0.088,
2026-08-06T18:38:19.151,875.394,guiding_to_goal,35.9191347,139.9092181,22.122,0.13375555555555557,True,27,1,35.91912968333333,139.90919718333333,1.9644275121582235,,33.43,1008.39984375,55.2890625,274.8125,-0.75,-10.375,-0.15,1.74,9.47,0.0625,0.0625,0.0625,50,,stopped,0.0,0.0,0.088,
2026-08-06T18:38:19.652,875.895,guiding_to_goal,35.9191347,139.9092181,22.122,0.13375555555555557,True,27,1,35.91912968333333,139.90919718333333,1.9644275121582235,,33.43,1008.4544140625,55.30078125,274.8125,-0.75,-10.375,-0.16,1.77,9.45,-0.0625,-0.0625,0.0,50,,stopped,0.0,0.0,0.087,
2026-08-06T18:38:20.152,876.395,guiding_to_goal,35.919134983333336,139.90921818333334,22.135,0.08745555555555556,True,27,1,35.91912968333333,139.90919718333333,1.9807682025047308,,33.45,1008.4237109375,55.314453125,274.8125,-0.75,-10.375,-0.15,1.74,9.47,0.0625,-0.0625,0.125,50,,stopped,0.0,0.0,0.088,
2026-08-06T18:38:20.653,876.896,guiding_to_goal,35.919134983333336,139.90921818333334,22.135,0.08745555555555556,True,27,1,35.91912968333333,139.90919718333333,1.9807682025047308,,33.44,1008.3805078125,55.3017578125,274.8125,-0.75,-10.375,-0.16,1.75,9.45,0.125,0.0625,-0.0625,50,,stopped,0.0,0.0,0.088,
2026-08-06T18:38:21.153,877.396,guiding_to_goal,35.91913518333333,139.90921818333334,22.141,0.2109222222222222,True,27,1,35.91912968333333,139.90919718333333,1.98749832092627,,33.45,1008.47828125,55.2685546875,274.8125,-0.75,-10.375,-0.16,1.78,9.44,0.125,-0.125,0.125,50,,stopped,0.0,0.0,0.089,
2026-08-06T18:38:21.653,877.896,guiding_to_goal,35.91913518333333,139.90921818333334,22.141,0.2109222222222222,True,27,1,35.91912968333333,139.90919718333333,1.98749832092627,,33.44,1008.4157421875,55.2666015625,274.8125,-0.75,-10.375,-0.16,1.76,9.47,-0.125,0.0625,0.0625,50,,stopped,0.0,0.0,0.089,
2026-08-06T18:38:22.154,878.397,guiding_to_goal,35.919135583333336,139.90921748333332,22.145,0.2212111111111111,True,27,1,35.91912968333333,139.90919718333333,1.942188374734964,,33.45,1008.4237109375,55.0947265625,274.8125,-0.75,-10.375,-0.15,1.73,9.47,8.0625,0.0625,0.0,50,,turn_right,5.0,-5.0,0.088,
2026-08-06T18:38:22.654,878.897,guiding_to_goal,35.919135583333336,139.90921748333332,22.145,0.2212111111111111,True,27,1,35.91912968333333,139.90919718333333,1.942188374734964,,33.46,1008.439609375,55.2001953125,274.875,-0.8125,-10.3125,0.1,1.48,9.27,-3.375,0.75,-2.75,50,,turn_right,20.0,-20.0,0.087,
2026-08-06T18:38:23.155,879.398,guiding_to_goal,35.919135483333335,139.90921698333332,22.159,0.11832222222222223,True,27,1,35.91912968333333,139.90919718333333,1.896059402794799,,33.45,1008.4509765625,55.0830078125,274.8125,-0.75,-10.4375,-0.12,1.77,9.45,0.0,-0.1875,0.25,50,,stopped,0.0,0.0,0.087,
2026-08-06T18:38:23.655,879.898,guiding_to_goal,35.919135483333335,139.90921698333332,22.159,0.11832222222222223,True,27,1,35.91912968333333,139.90919718333333,1.896059402794799,,33.45,1008.404375,55.17578125,274.8125,-0.75,-10.4375,-0.18,1.77,9.45,0.0,0.0,0.0625,50,,stopped,0.0,0.0,0.087,
2026-08-06T18:38:24.156,880.399,guiding_to_goal,35.91913568333333,139.90921698333332,22.165,0.0926,True,27,1,35.91912968333333,139.90919718333333,1.9037386968380137,,33.47,1008.4558203125,55.1552734375,274.8125,-0.75,-10.4375,-0.15,1.76,9.48,0.0,-0.1875,0.1875,50,,stopped,0.0,0.0,0.088,
2026-08-06T18:38:24.665,880.908,guiding_to_goal,35.91913568333333,139.90921698333332,22.165,0.0926,True,27,1,35.91912968333333,139.90919718333333,1.9037386968380137,,33.45,1008.431640625,55.314453125,274.8125,-0.75,-10.4375,-0.14,1.77,9.47,0.0625,0.0,0.0625,50,,stopped,0.0,0.0,0.087,
2026-08-06T18:38:25.170,881.413,guiding_to_goal,35.919136083333335,139.9092171,22.171,0.12346666666666666,True,27,1,35.91912968333333,139.90919718333333,1.9295394751065709,,33.47,1008.436796875,55.1201171875,274.8125,-0.75,-10.4375,-0.16,1.73,9.46,-0.125,0.0,0.0,50,,stopped,0.0,0.0,0.087,
2026-08-06T18:38:25.695,881.938,guiding_to_goal,35.919136083333335,139.9092171,22.171,0.12346666666666666,True,27,1,35.91912968333333,139.90919718333333,1.9295394751065709,,33.47,1008.3739453125,55.0166015625,274.8125,-0.75,-10.4375,-0.14,1.76,9.46,-0.125,-0.0625,-0.0625,50,,stopped,0.0,0.0,0.088,
2026-08-06T18:38:26.196,882.439,guiding_to_goal,35.9191365,139.9092172,22.173,0.1028888888888889,True,27,1,35.91912968333333,139.90919718333333,1.9554013983752934,,31.16,1004.8401171875,55.1640625,274.8125,-0.75,-10.4375,-0.14,1.76,9.42,0.0625,0.125,-0.0625,50,,stopped,0.0,0.0,0.087,
2026-08-06T18:38:26.714,882.957,guiding_to_goal,35.9191365,139.9092172,22.173,0.1028888888888889,True,27,1,35.91912968333333,139.90919718333333,1.9554013983752934,,33.47,1008.40125,55.455078125,274.8125,-0.75,-10.4375,-0.16,1.77,9.48,-0.0625,-0.0625,0.0,50,,stopped,0.0,0.0,0.088,
2026-08-06T18:38:27.215,883.458,guiding_to_goal,35.919136783333336,139.9092172,22.177,0.09774444444444444,True,28,1,35.91912968333333,139.90919718333333,1.9678281900374792,,33.46,1008.47484375,55.3046875,274.8125,-0.75,-10.4375,-0.15,1.75,9.45,0.0,8.0625,0.1875,50,,stopped,0.0,0.0,0.088,
2026-08-06T18:38:27.730,883.973,guiding_to_goal,35.919136783333336,139.9092172,22.177,0.09774444444444444,True,28,1,35.91912968333333,139.90919718333333,1.9678281900374792,,33.45,1008.4589453125,55.326171875,274.8125,-0.75,-10.4375,-0.14,1.76,9.45,0.0,0.0,-0.125,50,,stopped,0.0,0.0,0.088,
2026-08-06T18:38:28.235,884.478,guiding_to_goal,35.91913698333333,139.90921728333333,22.187,0.07716666666666668,True,28,1,35.91912968333333,139.90919718333333,1.9837001504600578,,33.48,1008.3355859375,55.283203125,274.8125,-0.75,-10.4375,-0.15,1.78,9.47,-0.0625,0.0625,-0.125,50,,stopped,0.0,0.0,0.088,
2026-08-06T18:38:28.735,884.978,guiding_to_goal,35.91913698333333,139.90921728333333,22.187,0.07716666666666668,True,28,1,35.91912968333333,139.90919718333333,1.9837001504600578,,33.47,1008.3822265625,55.2470703125,274.8125,-0.75,-10.4375,-0.18,1.77,9.46,-0.0625,8.125,0.0,50,,stopped,0.0,0.0,0.087,
2026-08-06T18:38:29.236,885.479,guiding_to_goal,35.919137283333335,139.90921738333333,22.199,0.14404444444444445,True,28,1,35.91912968333333,139.90919718333333,2.005745388959348,,33.45,1008.404375,55.302734375,274.8125,-0.75,-10.4375,-0.17,1.74,9.45,0.0,0.25,0.0625,50,,stopped,0.0,0.0,0.088,
2026-08-06T18:38:29.736,885.979,guiding_to_goal,35.919137283333335,139.90921738333333,22.199,0.14404444444444445,True,28,1,35.91912968333333,139.90919718333333,2.005745388959348,,33.47,1008.354921875,55.2939453125,274.8125,-0.75,-10.4375,-0.14,1.76,9.45,0.0,-0.0625,0.25,50,,stopped,0.0,0.0,0.088,
2026-08-06T18:38:30.237,886.480,guiding_to_goal,35.9191372,139.90921728333333,22.205,0.1389,True,28,1,35.91912968333333,139.90919718333333,1.9936798022191808,,33.45,1008.404375,55.3720703125,274.8125,-0.75,-10.4375,-0.15,1.78,9.47,0.0625,0.0625,-0.1875,50,,stopped,0.0,0.0,0.088,
2026-08-06T18:38:30.737,886.980,guiding_to_goal,35.9191372,139.90921728333333,22.205,0.1389,True,28,1,35.91912968333333,139.90919718333333,1.9936798022191808,,33.45,1008.431640625,55.3955078125,274.8125,-0.75,-10.4375,-0.15,1.77,9.47,-0.125,-0.125,0.0,50,,stopped,0.0,0.0,0.088,
2026-08-06T18:38:31.242,887.485,guiding_to_goal,35.9191371,139.9092172,22.21,0.1389,True,28,1,35.91912968333333,139.90919718333333,1.982217401336225,,33.46,1008.357734375,55.5234375,274.8125,-0.75,-2.4375,-0.16,1.76,9.45,0.0,-0.0625,0.0625,50,,turn_right,5.0,-5.0,0.087,
2026-08-06T18:38:31.743,887.986,guiding_to_goal,35.9191371,139.9092172,22.21,0.1389,True,28,1,35.91912968333333,139.90919718333333,1.982217401336225,,33.44,1008.3884375,55.5439453125,274.875,-0.75,-10.375,-0.24,1.58,10.04,0.375,-2.875,-0.9375,178,,turn_right,20.0,-20.0,0.088,
2026-08-06T18:38:32.244,888.487,guiding_to_goal,35.9191371,139.9092172,22.226,0.010288888888888889,True,28,1,35.91912968333333,139.90919718333333,1.982217401336225,,33.43,1008.39984375,55.578125,274.875,-0.625,-10.375,-0.14,1.71,9.47,-0.0625,-0.0625,-0.125,50,,stopped,0.0,0.0,0.087,
2026-08-06T18:38:32.750,888.993,guiding_to_goal,35.9191371,139.9092172,22.226,0.010288888888888889,True,28,1,35.91912968333333,139.90919718333333,1.982217401336225,,33.43,1008.39984375,55.4736328125,274.875,-0.625,-10.375,-0.11,1.72,9.45,-0.0625,-0.125,0.125,50,,stopped,0.0,0.0,0.087,
2026-08-06T18:38:33.250,889.493,guiding_to_goal,35.9191371,139.90921728333333,22.233,0.07716666666666668,True,28,1,35.91912968333333,139.90919718333333,1.989043769974067,,33.45,1008.4237109375,55.3837890625,274.875,-0.625,-10.375,-0.14,1.74,9.46,0.0625,-0.0625,-0.125,50,,stopped,0.0,0.0,0.087,
2026-08-06T18:38:33.750,889.993,guiding_to_goal,35.9191371,139.90921728333333,22.233,0.07716666666666668,True,28,1,35.91912968333333,139.90919718333333,1.989043769974067,,33.44,1008.4077734375,55.359375,274.875,-0.625,-10.375,-0.16,1.75,9.44,0.0625,-0.125,0.0,50,,stopped,0.0,0.0,0.087,
2026-08-06T18:38:34.251,890.494,guiding_to_goal,35.91913688333333,139.90921738333333,22.241,0.05144444444444445,True,28,1,35.91912968333333,139.90919718333333,1.9874148675769177,,33.44,1008.46234375,55.359375,274.875,-0.625,-10.375,-0.15,1.74,9.47,0.0625,-0.0625,0.0625,50,,stopped,0.0,0.0,0.087,
2026-08-06T18:38:34.773,891.016,guiding_to_goal,35.91913688333333,139.90921738333333,22.241,0.05144444444444445,True,28,1,35.91912968333333,139.90919718333333,1.9874148675769177,,33.43,1008.3915625,55.439453125,274.875,-0.625,-2.375,-0.15,1.74,9.47,0.0,0.0625,0.0,50,,stopped,0.0,0.0,0.087,
2026-08-06T18:38:35.275,891.518,guiding_to_goal,35.91913688333333,139.90921738333333,22.243,0.13375555555555557,True,28,1,35.91912968333333,139.90919718333333,1.9874148675769177,,33.43,1008.4188671875,55.416015625,282.875,-0.625,-10.375,-0.15,1.73,9.46,0.0,0.0,0.0625,50,,stopped,0.0,0.0,0.087,
2026-08-06T18:38:35.777,892.020,guiding_to_goal,35.91913688333333,139.90921738333333,22.243,0.13375555555555557,True,28,1,35.91912968333333,139.90919718333333,1.9874148675769177,,31.3,1005.17265625,55.296875,274.875,-0.625,-10.375,-0.16,1.72,9.47,-0.1875,0.0625,0.0,50,,stopped,0.0,0.0,0.087,
2026-08-06T18:38:36.278,892.521,guiding_to_goal,35.9191371,139.90921728333333,22.247,0.09774444444444444,True,28,1,35.91912968333333,139.90919718333333,1.989043769974067,,33.43,1008.4461328125,55.3583984375,274.875,-0.625,-10.375,-0.15,1.75,9.46,0.0,-0.25,-0.0625,50,,stopped,0.0,0.0,0.087,
2026-08-06T18:38:36.778,893.021,guiding_to_goal,35.9191371,139.90921728333333,22.247,0.09774444444444444,True,28,1,35.91912968333333,139.90919718333333,1.989043769974067,,33.42,1008.430234375,55.357421875,274.875,-0.625,-10.375,-0.13,1.75,9.46,0.0625,-0.125,-0.0625,50,,stopped,0.0,0.0,0.087,
2026-08-06T18:38:37.278,893.521,guiding_to_goal,35.9191372,139.9092172,22.252,0.05144444444444445,True,28,1,35.91912968333333,139.90919718333333,1.9868693618601285,,33.43,1008.4461328125,55.3701171875,274.875,-0.625,-10.375,-0.15,1.74,9.47,0.0,-0.0625,0.0625,50,,stopped,0.0,0.0,0.087,
2026-08-06T18:38:37.779,894.022,guiding_to_goal,35.9191372,139.9092172,22.252,0.05144444444444445,True,28,1,35.91912968333333,139.90919718333333,1.9868693618601285,,33.42,1008.438203125,55.369140625,274.875,-0.625,-10.375,-0.14,1.76,9.48,-0.0625,0.0625,0.0625,50,,stopped,0.0,0.0,0.087,
2026-08-06T18:38:38.279,894.522,guiding_to_goal,35.919137383333336,139.90921728333333,22.255,0.08231111111111111,True,28,1,35.91912968333333,139.90919718333333,2.0023116993930965,,33.42,1008.430234375,55.2998046875,274.875,-0.625,-10.375,-0.16,1.74,9.44,0.0,0.0,0.0,50,,stopped,0.0,0.0,0.088,
2026-08-06T18:38:38.782,895.025,guiding_to_goal,35.919137383333336,139.90921728333333,22.255,0.08231111111111111,True,28,1,35.91912968333333,139.90919718333333,2.0023116993930965,,33.27,1008.19828125,55.29296875,274.875,-0.625,-10.375,-0.15,1.73,9.44,-0.0625,0.0625,0.0625,50,,stopped,0.0,0.0,0.088,
2026-08-06T18:38:39.291,895.534,guiding_to_goal,35.9191377,139.90921728333333,22.259,0.1028888888888889,True,28,1,35.91912968333333,139.90919718333333,2.0176195430478407,,33.41,1008.38703125,55.2861328125,274.875,-0.625,-10.375,-0.16,1.74,9.46,0.0,0.0625,0.1875,50,,stopped,0.0,0.0,0.087,
2026-08-06T18:38:39.798,896.041,guiding_to_goal,35.9191377,139.90921728333333,22.259,0.1028888888888889,True,28,1,35.91912968333333,139.90919718333333,2.0176195430478407,,33.41,1008.313125,55.263671875,274.875,-0.625,-10.375,-0.14,1.76,9.44,0.0625,-0.125,0.0,50,,stopped,0.0,0.0,0.087,
2026-08-06T18:38:40.299,896.542,guiding_to_goal,35.919137883333335,139.90921728333333,22.258,0.12861111111111112,True,28,1,35.91912968333333,139.90919718333333,2.0267087602131935,,33.42,1008.512109375,55.357421875,293.75,-1.5625,-10.125,1.05,2.02,9.7,-5.8125,-20.6875,-85.625,50,,stopped,0.0,0.0,4.443,
2026-08-06T18:38:40.799,897.042,guiding_to_goal,35.919137883333335,139.90921728333333,22.258,0.12861111111111112,True,28,1,35.91912968333333,139.90919718333333,2.0267087602131935,,33.42,1008.438203125,55.2646484375,297.6875,-0.75,-10.125,0.29,2.18,9.72,-2.9375,-5.0,5.375,50,,stopped,0.0,0.0,4.468,
2026-08-06T18:38:41.299,897.542,guiding_to_goal,35.9191383,139.90921738333333,22.263,0.11832222222222223,True,28,1,35.91912968333333,139.90919718333333,2.055933910155424,,33.41,1008.422265625,55.2294921875,297.375,-0.8125,-9.9375,-0.2,1.7,9.47,0.0,0.0625,-0.25,50,,stopped,0.0,0.0,4.456,
2026-08-06T18:38:41.800,898.043,guiding_to_goal,35.9191383,139.90921738333333,22.263,0.11832222222222223,True,28,1,35.91912968333333,139.90919718333333,2.055933910155424,,33.41,1008.4416015625,55.2392578125,297.375,-0.8125,-9.9375,-0.17,1.71,9.46,0.0625,0.125,0.0,50,,stopped,0.0,0.0,4.452,
2026-08-06T18:38:42.300,898.543,guiding_to_goal,35.919138583333336,139.90921748333332,22.263,0.08745555555555556,True,28,1,35.91912968333333,139.90919718333333,2.0787185948239095,,33.42,1008.430234375,55.23046875,297.375,-0.8125,-9.9375,-0.22,1.69,9.47,0.0,0.0,0.0625,50,,stopped,0.0,0.0,4.451,
2026-08-06T18:38:42.801,899.044,guiding_to_goal,35.919138583333336,139.90921748333332,22.263,0.08745555555555556,True,28,1,35.91912968333333,139.90919718333333,2.0787185948239095,,33.42,1008.3836328125,55.21875,297.375,-0.8125,-9.9375,-0.22,1.71,9.48,0.0,-0.125,-0.0625,50,,stopped,0.0,0.0,4.453,
2026-08-06T18:38:43.301,899.544,guiding_to_goal,35.9191389,139.9092176,22.266,0.1389,True,28,1,35.91912968333333,139.90919718333333,2.10488123324716,,33.43,1008.4461328125,55.2314453125,297.375,-0.8125,-9.9375,-0.2,1.69,9.48,0.125,-0.0625,-0.0625,50,,stopped,0.0,0.0,4.452,
2026-08-06T18:38:43.804,900.047,guiding_to_goal,35.9191389,139.9092176,22.266,0.1389,True,28,1,35.91912968333333,139.90919718333333,2.10488123324716,,33.42,1008.430234375,55.20703125,297.375,-0.8125,-9.9375,-0.24,1.7,9.47,0.0,0.0625,0.0,50,,stopped,0.0,0.0,4.455,
2026-08-06T18:38:44.304,900.547,guiding_to_goal,35.919139083333334,139.90921778333333,22.271,0.15433333333333335,True,28,1,35.91912968333333,139.90919718333333,2.129249522548316,,33.42,1008.438203125,55.091796875,297.375,-0.8125,-9.9375,-0.22,1.69,9.46,0.0,-0.1875,0.0,50,,stopped,0.0,0.0,4.455,
2026-08-06T18:38:44.805,901.048,guiding_to_goal,35.919139083333334,139.90921778333333,22.271,0.15433333333333335,True,28,1,35.91912968333333,139.90919718333333,2.129249522548316,,33.42,1008.4029296875,55.20703125,297.375,-0.8125,-9.9375,-0.21,1.69,9.46,0.0,-0.1875,0.0625,50,,stopped,0.0,0.0,4.454,
2026-08-06T18:38:45.306,901.549,guiding_to_goal,35.91913928333334,139.9092181,22.275,0.12861111111111112,True,28,1,35.91912968333333,139.90919718333333,2.1650169207875827,,33.41,1008.422265625,55.240234375,297.375,-0.8125,-9.9375,-0.23,1.71,9.46,0.0,0.125,0.0,50,,stopped,0.0,0.0,4.449,
2026-08-06T18:38:45.806,902.049,guiding_to_goal,35.91913928333334,139.9092181,22.275,0.12861111111111112,True,28,1,35.91912968333333,139.90919718333333,2.1650169207875827,,33.41,1008.69515625,55.251953125,297.375,-0.8125,-9.9375,-0.23,1.69,9.46,0.0,0.125,0.0,50,,stopped,0.0,0.0,4.451,
2026-08-06T18:38:46.307,902.550,guiding_to_goal,35.919139683333334,139.90921838333333,22.278,0.21606666666666666,True,28,1,35.91912968333333,139.90919718333333,2.2092988068515464,,33.43,1008.4461328125,55.3125,297.375,-0.8125,-9.9375,-0.22,1.69,9.47,-0.0625,-0.1875,-0.125,50,,stopped,0.0,0.0,4.452,
2026-08-06T18:38:46.807,903.050,guiding_to_goal,35.919139683333334,139.90921838333333,22.278,0.21606666666666666,True,28,1,35.91912968333333,139.90919718333333,2.2092988068515464,,33.44,1008.4077734375,55.220703125,297.375,-0.8125,-9.9375,-0.21,1.69,9.47,0.0,0.0,0.0,50,,stopped,0.0,0.0,4.451,
2026-08-06T18:38:47.308,903.551,guiding_to_goal,35.91914048333334,139.90921878333333,22.274,0.1028888888888889,True,28,1,35.91912968333333,139.90919718333333,2.2859509478114934,,33.44,1008.9888671875,55.208984375,297.375,-0.8125,-9.9375,-0.21,1.7,9.44,-0.0625,8.0,8.125,50,,stopped,0.0,0.0,4.451,
2026-08-06T18:38:47.808,904.051,guiding_to_goal,35.91914048333334,139.90921878333333,22.274,0.1028888888888889,True,28,1,35.91912968333333,139.90919718333333,2.2859509478114934,,33.45,1008.39640625,55.2109375,297.375,-0.8125,-9.9375,-0.23,1.7,9.46,0.0,0.0,0.0,50,,stopped,0.0,0.0,4.452,
2026-08-06T18:38:48.308,904.551,guiding_to_goal,35.91914058333333,139.90921878333333,22.278,0.15947777777777777,True,28,1,35.91912968333333,139.90919718333333,2.2918120092721472,,33.47,1008.4558203125,55.177734375,297.375,-0.8125,-9.9375,-0.2,1.7,9.5,-0.125,0.0,0.0,50,,stopped,0.0,0.0,4.451,
2026-08-06T18:38:48.810,905.053,guiding_to_goal,35.91914058333333,139.90921878333333,22.278,0.15947777777777777,True,28,1,35.91912968333333,139.90919718333333,2.2918120092721472,,33.46,1008.4475390625,55.189453125,297.375,-0.8125,-9.9375,-0.23,1.7,9.47,0.0625,-0.25,0.0,50,,stopped,0.0,0.0,4.455,
2026-08-06T18:38:49.311,905.554,guiding_to_goal,35.91914058333333,139.90921848333332,22.281,0.10803333333333333,True,28,1,35.91912968333333,139.90919718333333,2.2689287569392804,,33.37,1008.4049609375,55.26953125,263.4375,-0.3125,-10.875,0.2,1.63,8.97,-4.875,9.0625,46.875,50,,stopped,0.0,0.0,0.069,
2026-08-06T18:38:49.811,906.054,guiding_to_goal,35.91914058333333,139.90921848333332,22.281,0.10803333333333333,True,28,1,35.91912968333333,139.90919718333333,2.2689287569392804,,33.48,1008.47203125,55.1787109375,260.6875,-0.6875,-10.875,-0.48,1.59,9.43,2.875,-3.5,0.0625,50,,stopped,0.0,0.0,0.067,
2026-08-06T18:38:50.312,906.555,guiding_to_goal,35.91914068333333,139.90921868333334,22.286,0.030866666666666664,True,28,1,35.91912968333333,139.90919718333333,2.2900938301124376,,33.48,1008.3708203125,55.1689453125,260.5625,-0.6875,-10.8125,-0.16,1.78,9.46,0.0625,-0.125,-0.0625,178,,stopped,0.0,0.0,0.067,
2026-08-06T18:38:50.822,907.065,guiding_to_goal,35.91914068333333,139.90921868333334,22.286,0.030866666666666664,True,28,1,35.91912968333333,139.90919718333333,2.2900938301124376,,33.48,1008.39015625,55.16796875,260.5625,-0.6875,-10.8125,-0.16,1.76,9.48,0.0,0.0625,-0.0625,178,,stopped,0.0,0.0,0.067,
2026-08-06T18:38:51.323,907.567,guiding_to_goal,35.9191408,139.90921868333334,22.284,0.010288888888888889,True,28,1,35.91912968333333,139.90919718333333,2.2970487815105125,,33.49,1008.38671875,55.2275390625,260.5625,-0.6875,-10.8125,-0.08,1.78,9.43,0.0625,-0.1875,0.0,178,,stopped,0.0,0.0,0.067,
2026-08-06T18:38:51.824,908.067,guiding_to_goal,35.9191408,139.90921868333334,22.284,0.010288888888888889,True,28,1,35.91912968333333,139.90919718333333,2.2970487815105125,,33.5,1008.3946875,55.146484375,260.5625,-0.6875,-10.8125,-0.15,1.76,9.46,0.0625,-0.0625,-0.0625,178,,stopped,0.0,0.0,0.067,
2026-08-06T18:38:52.326,908.569,guiding_to_goal,35.919140983333335,139.90921868333334,22.282,0.010288888888888889,True,28,1,35.91912968333333,139.90919718333333,2.3080829670607446,,33.51,1008.438203125,55.16015625,260.5625,-0.6875,-10.8125,-0.15,1.75,9.44,0.0625,0.0625,0.0,178,,stopped,0.0,0.0,0.066,
2026-08-06T18:38:52.826,909.069,guiding_to_goal,35.919140983333335,139.90921868333334,22.282,0.010288888888888889,True,28,1,35.91912968333333,139.90919718333333,2.3080829670607446,,33.5,1008.5038671875,55.146484375,260.5625,-0.6875,-10.8125,-0.17,1.77,9.47,0.0,0.0,0.0,178,,stopped,0.0,0.0,0.067,
2026-08-06T18:38:53.333,909.576,guiding_to_goal,35.91914128333333,139.90921878333333,22.283,0.14918888888888887,True,28,1,35.91912968333333,139.90919718333333,2.3339109156340907,,33.5,1008.449296875,55.146484375,260.5625,-0.6875,-10.8125,-0.15,1.75,9.47,0.0,-0.0625,0.0,178,,stopped,0.0,0.0,0.067,
2026-08-06T18:38:53.833,910.078,guiding_to_goal,35.91914128333333,139.90921878333333,22.283,0.14918888888888887,True,28,1,35.91912968333333,139.90919718333333,2.3339109156340907,,33.51,1008.4734375,55.1494140625,260.5625,-0.6875,-10.8125,-0.15,1.74,9.47,0.1875,0.125,-0.1875,178,,stopped,0.0,0.0,0.067,
2026-08-06T18:38:54.335,910.578,guiding_to_goal,35.919141683333336,139.90921878333333,22.284,0.041155555555555556,True,28,1,35.91912968333333,139.90919718333333,2.3587834251858886,,33.52,1008.4268359375,55.16015625,260.5625,-0.6875,-10.8125,-0.16,1.74,9.47,0.0625,0.125,-0.0625,178,,stopped,0.0,0.0,0.067,
2026-08-06T18:38:54.835,911.078,guiding_to_goal,35.919141683333336,139.90921878333333,22.284,0.041155555555555556,True,28,1,35.91912968333333,139.90919718333333,2.3587834251858886,,33.51,1008.4188671875,55.16015625,260.5625,-0.6875,-10.8125,-0.15,1.77,9.46,0.0,-0.0625,0.0,178,,stopped,0.0,0.0,0.067,
2026-08-06T18:38:55.341,911.584,guiding_to_goal,35.91914188333333,139.90921878333333,22.285,0.12861111111111112,True,28,1,35.91912968333333,139.90919718333333,2.37143469331035,,33.52,1008.4620703125,55.2080078125,260.5625,-0.6875,-10.8125,-0.15,1.75,9.44,0.0625,-0.0625,0.0,178,,stopped,0.0,0.0,0.067,
2026-08-06T18:38:55.841,912.084,guiding_to_goal,35.91914188333333,139.90921878333333,22.285,0.12861111111111112,True,28,1,35.91912968333333,139.90919718333333,2.37143469331035,,31.96,1006.2046875,55.1005859375,260.5625,-0.6875,-10.8125,-0.13,1.76,9.47,0.0625,0.0625,0.125,178,,stopped,0.0,0.0,0.067,
2026-08-06T18:38:56.342,912.585,guiding_to_goal,35.919142083333334,139.90921888333332,22.286,0.17491111111111113,True,28,1,35.91912968333333,139.90919718333333,2.3915784462966703,,32.1,1006.4285546875,55.1064453125,260.5625,-0.6875,-10.8125,-0.16,1.78,9.47,-0.0625,0.0625,-0.125,178,,stopped,0.0,0.0,0.067,
2026-08-06T18:38:56.842,913.085,guiding_to_goal,35.919142083333334,139.90921888333332,22.286,0.17491111111111113,True,28,1,35.91912968333333,139.90919718333333,2.3915784462966703,,33.52,1008.4268359375,55.1376953125,260.5625,-0.6875,-10.8125,-0.16,1.76,9.45,0.0,0.125,0.0625,178,,stopped,0.0,0.0,0.067,
2026-08-06T18:38:57.344,913.587,guiding_to_goal,35.919142283333336,139.90921928333333,22.287,0.05144444444444445,True,28,1,35.91912968333333,139.90919718333333,2.433832589298902,,33.51,1008.4927734375,55.1494140625,260.5625,-0.6875,-10.8125,-0.16,1.76,9.45,-0.0625,-0.0625,0.0,178,,stopped,0.0,0.0,0.067,
2026-08-06T18:38:57.852,914.095,guiding_to_goal,35.919142283333336,139.90921928333333,22.287,0.05144444444444445,True,28,1,35.91912968333333,139.90919718333333,2.433832589298902,,33.51,1008.520078125,55.1494140625,260.5625,-0.6875,-10.8125,-0.16,1.77,9.48,0.0,0.125,-0.0625,178,,stopped,0.0,0.0,0.067,
2026-08-06T18:38:58.355,914.598,guiding_to_goal,35.919142183333335,139.90921938333332,22.292,0.0463,True,28,1,35.91912968333333,139.90919718333333,2.4348367756022187,,33.53,1008.47,55.1162109375,260.5625,-0.6875,-10.8125,-0.19,1.74,9.46,-0.0625,0.0,0.0,178,,stopped,0.0,0.0,0.067,
2026-08-06T18:38:58.862,915.105,guiding_to_goal,35.919142183333335,139.90921938333332,22.292,0.0463,True,28,1,35.91912968333333,139.90919718333333,2.4348367756022187,,33.52,1008.4620703125,55.126953125,260.5625,-0.6875,-10.8125,-0.16,1.73,9.44,-0.0625,0.0625,0.0625,178,,stopped,0.0,0.0,0.067,
2026-08-06T18:38:59.362,915.605,guiding_to_goal,35.919142083333334,139.90921938333332,22.294,0.05658888888888889,True,28,1,35.91912968333333,139.90919718333333,2.428506329484859,,33.53,1008.4154296875,55.1396484375,260.5625,-0.6875,-10.8125,-0.15,1.78,9.46,0.125,-0.0625,0.0,178,,stopped,0.0,0.0,0.067,
2026-08-06T18:38:59.862,916.105,guiding_to_goal,35.919142083333334,139.90921938333332,22.294,0.05658888888888889,True,28,1,35.91912968333333,139.90919718333333,2.428506329484859,,33.53,1008.442734375,55.1396484375,260.5625,-0.6875,-10.8125,-0.18,1.74,9.41,0.0,-0.0625,0.125,178,,stopped,0.0,0.0,0.067,
2026-08-06T18:39:00.371,916.614,guiding_to_goal,35.919142083333334,139.90921928333333,22.292,0.0926,True,28,1,35.91912968333333,139.90919718333333,2.4210988256262036,,33.54,1008.431640625,55.2333984375,268.5625,-0.6875,-10.8125,-0.17,1.78,9.46,0.0,-0.25,0.0,178,,stopped,0.0,0.0,0.067,
2026-08-06T18:39:00.882,917.125,guiding_to_goal,35.919142083333334,139.90921928333333,22.292,0.0926,True,28,1,35.91912968333333,139.90919718333333,2.4210988256262036,,33.53,1008.450703125,55.2216796875,260.5625,-0.6875,-10.8125,-0.14,1.78,9.44,0.0,0.0,-0.0625,178,,stopped,0.0,0.0,0.067,
2026-08-06T18:39:01.382,917.625,guiding_to_goal,35.919142083333334,139.90921938333332,22.292,0.07202222222222222,True,28,1,35.91912968333333,139.90919718333333,2.428506329484859,,33.54,1008.431640625,55.17578125,274.8125,-1.0625,-10.5,-0.31,2.36,9.45,4.0625,-3.9375,-18.8125,50,,turn_right,25.0,-25.0,0.075,
2026-08-06T18:39:01.882,918.125,guiding_to_goal,35.919142083333334,139.90921938333332,22.292,0.07202222222222222,True,28,1,35.91912968333333,139.90919718333333,2.428506329484859,,33.54,1008.5135546875,55.1640625,275.125,-1.125,-10.4375,0.96,0.98,9.44,4.875,4.875,-7.0,50,,turn_right,25.0,-25.0,0.076,
2026-08-06T18:39:02.383,918.626,guiding_to_goal,35.919142183333335,139.9092196,22.297,0.09774444444444444,True,28,1,35.91912968333333,139.90919718333333,2.4508816151938047,,33.53,1008.442734375,54.8857421875,291.75,-1.5,-10.875,-0.37,1.85,9.42,-0.0625,0.25,-0.3125,50,,stopped,0.0,0.0,4.33,
2026-08-06T18:39:02.883,919.126,guiding_to_goal,35.919142183333335,139.9092196,22.297,0.09774444444444444,True,28,1,35.91912968333333,139.90919718333333,2.4508816151938047,,33.53,1008.4154296875,55.1513671875,291.75,-1.5,-10.875,-0.24,1.85,9.45,0.0,0.0,-0.0625,50,,stopped,0.0,0.0,4.326,
2026-08-06T18:39:03.383,919.626,guiding_to_goal,35.919142283333336,139.90921968333333,22.296,0.05658888888888889,True,28,1,35.91912968333333,139.90919718333333,2.4633733079869016,,33.52,1008.434765625,55.1728515625,291.75,-1.5625,-10.9375,-0.32,1.86,9.46,0.125,-0.125,-0.0625,50,,stopped,0.0,0.0,4.343,
2026-08-06T18:39:03.884,920.127,guiding_to_goal,35.919142283333336,139.90921968333333,22.296,0.05658888888888889,True,28,1,35.91912968333333,139.90919718333333,2.4633733079869016,,33.52,1008.4620703125,55.1845703125,291.75,-1.5625,-10.9375,-0.31,1.87,9.45,0.0625,0.125,-0.125,50,,stopped,0.0,0.0,4.34,
2026-08-06T18:39:04.384,920.627,guiding_to_goal,35.91914248333333,139.9092196,22.296,0.0463,True,28,1,35.91912968333333,139.90919718333333,2.4699525908445343,,33.52,1008.536015625,55.2294921875,291.75,-1.5625,-10.9375,-0.31,1.84,9.45,-0.0625,0.125,0.0625,50,,stopped,0.0,0.0,4.344,
2026-08-06T18:39:04.888,921.131,guiding_to_goal,35.91914248333333,139.9092196,22.296,0.0463,True,28,1,35.91912968333333,139.90919718333333,2.4699525908445343,,33.51,1008.520078125,55.20703125,291.75,-1.5625,-10.9375,-0.31,1.87,9.46,0.0,0.0625,0.0,50,,stopped,0.0,0.0,4.328,
2026-08-06T18:39:05.390,921.633,guiding_to_goal,35.9191426,139.9092196,22.295,0.05144444444444445,True,28,1,35.91912968333333,139.90919718333333,2.47745073926595,,33.51,1008.438203125,55.1142578125,291.75,-1.5625,-10.9375,-0.31,1.87,9.47,0.0,0.0,-0.0625,50,,stopped,0.0,0.0,4.344,
2026-08-06T18:39:05.893,922.136,guiding_to_goal,35.9191426,139.9092196,22.295,0.05144444444444445,True,28,1,35.91912968333333,139.90919718333333,2.47745073926595,,33.51,1008.520078125,55.1142578125,291.75,-1.5625,-10.9375,-0.33,1.86,9.45,0.0625,0.125,0.0,50,,stopped,0.0,0.0,4.343,
2026-08-06T18:39:06.393,922.636,guiding_to_goal,35.9191427,139.9092196,22.292,0.12346666666666666,True,28,1,35.91912968333333,139.90919718333333,2.483913634252612,,33.5,1008.5121484375,55.08984375,291.75,-1.5625,-10.9375,-0.3,1.86,9.43,0.0625,0.0625,0.0625,50,,stopped,0.0,0.0,4.339,
2026-08-06T18:39:06.903,923.146,guiding_to_goal,35.9191427,139.9092196,22.292,0.12346666666666666,True,28,1,35.91912968333333,139.90919718333333,2.483913634252612,,33.5,1008.99515625,55.0771484375,291.75,-1.5625,-10.9375,-0.3,1.84,9.43,-0.0625,0.0625,-0.125,50,,stopped,0.0,0.0,4.34,
2026-08-06T18:39:07.403,923.646,guiding_to_goal,35.91914298333333,139.90921968333333,22.288,0.0926,True,28,1,35.91912968333333,139.90919718333333,2.5084602822459354,,33.51,1008.4655078125,55.080078125,291.75,-1.5625,-10.9375,-0.29,1.86,9.44,-0.0625,0.0,0.125,50,,stopped,0.0,0.0,4.338,
2026-08-06T18:39:07.904,924.147,guiding_to_goal,35.91914298333333,139.90921968333333,22.288,0.0926,True,28,1,35.91912968333333,139.90919718333333,2.5084602822459354,,33.51,1008.4461328125,55.0908203125,291.75,-1.5625,-10.9375,-0.29,1.87,9.43,0.0,0.0625,0.25,50,,stopped,0.0,0.0,4.343,
2026-08-06T18:39:08.404,924.647,guiding_to_goal,35.91914308333333,139.90921978333333,22.283,0.03601111111111111,True,28,1,35.91912968333333,139.90919718333333,2.522292190514416,,33.51,1008.4461328125,55.056640625,291.75,-1.5625,-10.9375,-0.28,1.88,9.43,-0.0625,-0.0625,0.0625,50,,stopped,0.0,0.0,4.341,
2026-08-06T18:39:08.904,925.147,guiding_to_goal,35.91914308333333,139.90921978333333,22.283,0.03601111111111111,True,28,1,35.91912968333333,139.90919718333333,2.522292190514416,,33.52,1008.4620703125,55.0576171875,291.75,-1.5625,-10.9375,-0.28,1.85,9.43,0.0,-0.0625,0.0,50,,stopped,0.0,0.0,4.328,
2026-08-06T18:39:09.405,925.648,guiding_to_goal,35.91914308333333,139.90921978333333,22.28,0.05144444444444445,True,28,1,35.91912968333333,139.90919718333333,2.522292190514416,,33.52,1008.434765625,55.0810546875,291.75,-1.5625,-10.9375,-0.29,1.86,9.43,-0.0625,0.0625,-0.0625,50,,stopped,0.0,0.0,4.342,
2026-08-06T18:39:09.911,926.154,guiding_to_goal,35.91914308333333,139.90921978333333,22.28,0.05144444444444445,True,28,1,35.91912968333333,139.90919718333333,2.522292190514416,,33.52,1008.372265625,55.068359375,291.75,-1.5625,-10.9375,-0.31,1.85,9.45,8.125,0.0625,-0.125,50,,stopped,0.0,0.0,4.341,
2026-08-06T18:39:10.422,926.665,guiding_to_goal,35.91914308333333,139.90921968333333,22.28,0.030866666666666664,True,28,1,35.91912968333333,139.90919718333333,2.5150319471270746,,33.51,1008.4108984375,55.1142578125,291.75,-1.5625,-10.9375,-0.29,1.88,9.45,0.0625,0.0,-0.0625,50,,turn_left,-5.0,5.0,4.345,
2026-08-06T18:39:10.922,927.165,guiding_to_goal,35.91914308333333,139.90921968333333,22.28,0.030866666666666664,True,28,1,35.91912968333333,139.90919718333333,2.5150319471270746,,33.43,1008.2278515625,55.046875,291.5625,-1.1875,-10.6875,-0.26,1.03,9.06,4.8125,-1.375,5.1875,50,,turn_left,-25.0,25.0,0.142,
2026-08-06T18:39:11.422,927.665,guiding_to_goal,35.91914308333333,139.90921968333333,22.277,0.1028888888888889,True,28,1,35.91912968333333,139.90919718333333,2.5150319471270746,,33.52,1008.434765625,55.126953125,277.9375,-0.375,-10.625,-0.09,1.74,9.46,0.0625,0.0625,0.0,178,,stopped,0.0,0.0,0.085,
2026-08-06T18:39:11.923,928.166,guiding_to_goal,35.91914308333333,139.90921968333333,22.277,0.1028888888888889,True,28,1,35.91912968333333,139.90919718333333,2.5150319471270746,,31.89,1006.092734375,54.9892578125,277.9375,-0.375,-10.625,-0.05,1.77,9.43,-0.0625,0.1875,0.1875,178,,stopped,0.0,0.0,0.086,
2026-08-06T18:39:12.423,928.666,guiding_to_goal,35.919142883333336,139.90921978333333,22.273,0.06173333333333333,True,28,1,35.91912968333333,139.90919718333333,2.5092189557814484,,33.52,1008.4268359375,54.9990234375,277.9375,-0.4375,-10.625,-0.12,1.76,9.48,-0.0625,0.125,0.125,178,,stopped,0.0,0.0,0.086,
2026-08-06T18:39:12.924,929.167,guiding_to_goal,35.919142883333336,139.90921978333333,22.273,0.06173333333333333,True,28,1,35.91912968333333,139.90919718333333,2.5092189557814484,,33.52,1008.4268359375,55.033203125,277.9375,-0.4375,-10.625,-0.07,1.71,9.43,-0.0625,0.1875,-0.125,178,,stopped,0.0,0.0,0.086,
2026-08-06T18:39:13.424,929.668,guiding_to_goal,35.919142783333335,139.90921978333333,22.268,0.030866666666666664,True,28,1,35.91912968333333,139.90919718333333,2.502730835127338,,33.5,1008.48484375,55.0439453125,277.9375,-0.4375,-10.625,-0.1,1.77,9.45,0.0,0.0,0.0,178,,stopped,0.0,0.0,0.086,
2026-08-06T18:39:13.936,930.179,guiding_to_goal,35.919142783333335,139.90921978333333,22.268,0.030866666666666664,True,28,1,35.91912968333333,139.90919718333333,2.502730835127338,,33.51,1008.438203125,55.044921875,277.9375,-0.4375,-10.625,-0.09,1.75,9.47,0.0,-0.0625,0.0625,178,,stopped,0.0,0.0,0.087,
2026-08-06T18:39:14.439,930.682,guiding_to_goal,35.919142883333336,139.90921988333332,22.266,0.0926,True,28,1,35.91912968333333,139.90919718333333,2.516528193781712,,33.49,1008.46859375,55.0546875,277.9375,-0.4375,-2.625,-0.08,1.75,9.44,-0.0625,-0.125,0.0625,178,,stopped,0.0,0.0,0.085,
2026-08-06T18:39:14.961,931.204,guiding_to_goal,35.919142883333336,139.90921988333332,22.266,0.0926,True,28,1,35.91912968333333,139.90919718333333,2.516528193781712,,33.49,1008.441328125,55.06640625,277.9375,-0.4375,-10.625,-0.09,1.76,9.48,0.125,-0.0625,0.0,178,,stopped,0.0,0.0,0.086,
2026-08-06T18:39:15.462,931.705,guiding_to_goal,35.919142883333336,139.90922,22.265,0.1028888888888889,True,28,1,35.91912968333333,139.90919718333333,2.525069487918846,,33.46,1008.4669140625,55.107421875,277.9375,-0.4375,-10.625,-0.09,1.77,9.47,-0.0625,0.0,0.0625,178,,stopped,0.0,0.0,0.086,
2026-08-06T18:39:15.963,932.206,guiding_to_goal,35.919142883333336,139.90922,22.265,0.1028888888888889,True,28,1,35.91912968333333,139.90919718333333,2.525069487918846,,33.45,1008.4862109375,55.0947265625,277.9375,-0.4375,-10.625,-0.1,1.76,9.43,0.0,0.0625,0.0,178,,stopped,0.0,0.0,0.086,
2026-08-06T18:39:16.463,932.706,guiding_to_goal,35.91914308333333,139.90922,22.261,0.020577777777777778,True,28,1,35.91912968333333,139.90919718333333,2.538061079819404,,33.45,1008.4237109375,55.1416015625,277.9375,-0.4375,-10.625,-0.1,1.77,9.44,-0.0625,-0.1875,0.0625,178,,stopped,0.0,0.0,0.086,
2026-08-06T18:39:16.964,933.207,guiding_to_goal,35.91914308333333,139.90922,22.261,0.020577777777777778,True,28,1,35.91912968333333,139.90919718333333,2.538061079819404,,33.44,1008.4703515625,55.220703125,277.9375,-0.4375,-10.625,-0.11,1.76,9.46,0.0,0.0,-0.0625,178,,stopped,0.0,0.0,0.086,
2026-08-06T18:39:17.469,933.712,guiding_to_goal,35.91914308333333,139.90922008333334,22.256,0.015433333333333332,True,28,1,35.91912968333333,139.90919718333333,2.54413985441439,,33.44,1008.4157421875,55.3134765625,277.9375,-0.4375,-10.625,-0.09,1.76,9.47,-0.0625,-0.0625,0.0625,178,,stopped,0.0,0.0,0.085,
2026-08-06T18:39:17.969,934.212,guiding_to_goal,35.91914308333333,139.90922008333334,22.256,0.015433333333333332,True,28,1,35.91912968333333,139.90919718333333,2.54413985441439,,32.24,1006.854453125,55.1572265625,277.9375,-0.4375,-10.625,-0.13,1.75,9.45,-0.125,0.125,-0.0625,178,,stopped,0.0,0.0,0.085,
2026-08-06T18:39:18.470,934.713,guiding_to_goal,35.9191433,139.90922008333334,22.252,0.14918888888888887,True,28,1,35.91912968333333,139.90919718333333,2.558324346293711,,32.18,1006.5405078125,55.1728515625,277.9375,-0.4375,-10.625,-0.13,1.72,9.45,-0.0625,-0.125,0.0625,178,,stopped,0.0,0.0,0.085,
2026-08-06T18:39:18.970,935.213,guiding_to_goal,35.9191433,139.90922008333334,22.252,0.14918888888888887,True,28,1,35.91912968333333,139.90919718333333,2.558324346293711,,33.43,1008.4544140625,55.2197265625,277.9375,-0.4375,-10.625,-0.09,1.75,9.47,0.0625,0.0625,0.0,178,,stopped,0.0,0.0,0.085,
2026-08-06T18:39:19.471,935.714,guiding_to_goal,35.91914358333333,139.90922038333332,22.247,0.15947777777777777,True,28,1,35.91912968333333,139.90919718333333,2.598763121941267,,33.42,1008.4108984375,55.2529296875,282.375,-1.0,-10.375,-0.2,1.84,9.47,0.375,0.0,-0.75,178,,stopped,0.0,0.0,0.167,
2026-08-06T18:39:19.971,936.214,guiding_to_goal,35.91914358333333,139.90922038333332,22.247,0.15947777777777777,True,28,1,35.91912968333333,139.90919718333333,2.598763121941267,,33.42,1008.2937890625,55.2529296875,282.4375,-1.0,-10.375,-0.11,1.65,9.47,-0.5,-0.1875,0.4375,114,,stopped,0.0,0.0,0.167,
2026-08-06T18:39:20.472,936.715,guiding_to_goal,35.9191439,139.90922078333332,22.242,0.05658888888888889,True,28,1,35.91912968333333,139.90919718333333,2.6486713252882508,,33.41,1008.4416015625,55.2626953125,282.4375,-1.0,-10.375,-0.21,1.72,9.47,0.0625,0.0,0.0625,114,,stopped,0.0,0.0,0.167,
2026-08-06T18:39:20.972,937.215,guiding_to_goal,35.9191439,139.90922078333332,22.242,0.05658888888888889,True,28,1,35.91912968333333,139.90919718333333,2.6486713252882508,,33.41,1008.46890625,55.2861328125,282.4375,-1.0,-10.375,-0.22,1.73,9.45,0.0,0.0,-0.0625,114,,stopped,0.0,0.0,0.167,
2026-08-06T18:39:21.476,937.719,guiding_to_goal,35.919143983333335,139.90922088333335,22.235,0.041155555555555556,True,28,1,35.91912968333333,139.90919718333333,2.661427890626412,,33.33,1008.9492578125,55.3349609375,282.4375,-1.0,-10.375,-0.21,1.75,9.47,0.0,0.0625,-0.0625,114,,stopped,0.0,0.0,0.167,
2026-08-06T18:39:21.998,938.241,guiding_to_goal,35.919143983333335,139.90922088333335,22.235,0.041155555555555556,True,28,1,35.91912968333333,139.90919718333333,2.661427890626412,,33.41,1008.359765625,55.1591796875,282.4375,-1.0,-10.375,-0.22,1.72,9.45,0.0,0.0,0.0,114,,stopped,0.0,0.0,0.168,
2026-08-06T18:39:22.498,938.741,guiding_to_goal,35.919144083333336,139.90922108333334,22.23,0.12346666666666666,True,28,1,35.91912968333333,139.90919718333333,2.6825142965898574,,33.4,1009.053359375,55.2958984375,282.4375,-1.0,-2.375,-0.23,1.71,9.46,0.0625,-0.0625,0.125,114,,stopped,0.0,0.0,0.167,
2026-08-06T18:39:23.022,939.265,guiding_to_goal,35.919144083333336,139.90922108333334,22.23,0.12346666666666666,True,28,1,35.91912968333333,139.90919718333333,2.6825142965898574,,33.4,1008.4530078125,55.50390625,282.4375,-1.0,-10.375,-0.21,1.73,9.47,0.0625,-0.1875,0.0625,114,,stopped,0.0,0.0,0.167,
2026-08-06T18:39:23.522,939.765,guiding_to_goal,35.91914418333333,139.909221,22.223,0.18005555555555552,True,28,1,35.91912968333333,139.90919718333333,2.683164312563855,,33.4,1008.4609375,55.35546875,282.4375,-1.0,-10.375,-0.22,1.77,9.43,0.0625,0.1875,0.0,114,,stopped,0.0,0.0,0.168,
2026-08-06T18:39:24.022,940.265,guiding_to_goal,35.91914418333333,139.909221,22.223,0.18005555555555552,True,28,1,35.91912968333333,139.90919718333333,2.683164312563855,,33.4,1008.3983984375,55.353515625,282.4375,-1.0,-10.375,-0.21,1.73,9.47,0.125,0.1875,0.0625,114,,stopped,0.0,0.0,0.168,
2026-08-06T18:39:24.523,940.766,guiding_to_goal,35.9191444,139.90922058333334,22.215,0.09774444444444444,True,28,1,35.91912968333333,139.90919718333333,2.667977561365013,,33.39,1008.47203125,55.3427734375,282.4375,-1.0,-10.375,-0.21,1.75,9.47,0.0625,-0.0625,0.0,114,,stopped,0.0,0.0,0.167,
2026-08-06T18:39:25.023,941.266,guiding_to_goal,35.9191444,139.90922058333334,22.215,0.09774444444444444,True,28,1,35.91912968333333,139.90919718333333,2.667977561365013,,33.4,1008.425703125,55.353515625,282.4375,-1.0,-10.375,-0.21,1.73,9.46,0.0,0.0625,0.0,114,,stopped,0.0,0.0,0.167,
2026-08-06T18:39:25.524,941.767,guiding_to_goal,35.91914428333333,139.90922078333332,22.211,0.020577777777777778,True,28,1,35.91912968333333,139.90919718333333,2.6743299649978214,,32.82,1008.0392578125,55.388671875,282.4375,-1.0,-10.375,-0.21,1.73,9.47,0.0,0.125,0.0,114,,stopped,0.0,0.0,0.167,
2026-08-06T18:39:26.024,942.267,guiding_to_goal,35.91914428333333,139.90922078333332,22.211,0.020577777777777778,True,28,1,35.91912968333333,139.90919718333333,2.6743299649978214,,33.39,1008.491328125,55.41015625,282.4375,-1.0,-10.375,-0.22,1.73,9.44,0.0,0.125,-0.0625,114,,stopped,0.0,0.0,0.167,
2026-08-06T18:39:26.524,942.767,guiding_to_goal,35.91914428333333,139.909221,22.207,0.10803333333333333,True,28,1,35.91912968333333,139.90919718333333,2.689860752883029,,33.39,1008.39015625,55.412109375,282.4375,-1.0,-10.375,-0.21,1.73,9.47,0.125,0.0625,-0.0625,114,,stopped,0.0,0.0,0.168,
2026-08-06T18:39:27.025,943.268,guiding_to_goal,35.91914428333333,139.909221,22.207,0.10803333333333333,True,28,1,35.91912968333333,139.90919718333333,2.689860752883029,,33.39,1008.4094921875,55.4677734375,282.4375,-1.0,-10.375,-0.22,1.75,9.47,-0.0625,-0.1875,-0.125,114,,stopped,0.0,0.0,0.167,
2026-08-06T18:39:27.525,943.768,guiding_to_goal,35.9191444,139.909221,22.206,0.06687777777777779,True,28,1,35.91912968333333,139.90919718333333,2.6977101854401337,,33.37,1008.45953125,55.3388671875,289.0,-0.75,-11.0625,0.03,2.57,9.59,8.9375,-4.9375,-31.8125,50,,stopped,0.0,0.0,4.333,
2026-08-06T18:39:28.026,944.269,guiding_to_goal,35.9191444,139.909221,22.206,0.06687777777777779,True,28,1,35.91912968333333,139.90919718333333,2.6977101854401337,,33.38,1008.4481640625,55.466796875,289.8125,-0.5,-10.625,-0.02,1.07,8.34,-16.0,-1.8125,5.625,50,,stopped,0.0,0.0,4.308,
2026-08-06T18:39:28.527,944.770,guiding_to_goal,35.9191445,139.90922118333333,22.198,0.015433333333333332,True,28,1,35.91912968333333,139.90919718333333,2.7175805425963926,,33.37,1008.4674609375,55.478515625,289.75,-0.5625,-10.4375,-0.15,1.76,9.44,-0.0625,8.0,-0.0625,50,,stopped,0.0,0.0,4.285,
2026-08-06T18:39:29.028,945.271,guiding_to_goal,35.9191445,139.90922118333333,22.198,0.015433333333333332,True,28,1,35.91912968333333,139.90919718333333,2.7175805425963926,,33.36,1008.44328125,55.46484375,289.75,-0.5625,-10.4375,-0.13,1.75,9.43,-0.0625,0.0625,0.0625,50,,stopped,0.0,0.0,4.301,
2026-08-06T18:39:29.528,945.771,guiding_to_goal,35.919144583333335,139.90922128333332,22.193,0.030866666666666664,True,28,1,35.91912968333333,139.90919718333333,2.7303603761574653,,33.36,1008.3697265625,55.4892578125,289.8125,-0.5625,-10.4375,-0.13,1.76,9.45,0.0625,-0.25,0.0,50,,stopped,0.0,0.0,4.291,
2026-08-06T18:39:30.032,946.275,guiding_to_goal,35.919144583333335,139.90922128333332,22.193,0.030866666666666664,True,28,1,35.91912968333333,139.90919718333333,2.7303603761574653,,33.37,1008.412890625,55.466796875,289.8125,-0.5625,-10.4375,-0.13,1.75,9.46,0.125,-0.0625,-0.1875,50,,stopped,0.0,0.0,4.26,
2026-08-06T18:39:30.534,946.777,guiding_to_goal,35.919144683333336,139.9092214,22.193,0.06173333333333333,True,28,1,35.91912968333333,139.90919718333333,2.7454594920622335,,33.37,1008.9233984375,55.443359375,297.8125,-0.5625,-10.4375,-0.14,1.75,9.47,0.0,0.0,0.0,50,,stopped,0.0,0.0,4.281,
2026-08-06T18:39:31.035,947.278,guiding_to_goal,35.919144683333336,139.9092214,22.193,0.06173333333333333,True,28,1,35.91912968333333,139.90919718333333,2.7454594920622335,,33.36,1008.38875,55.48828125,289.8125,-0.5625,-10.4375,-0.14,1.74,9.44,0.0625,-0.0625,-0.0625,50,,stopped,0.0,0.0,4.275,
2026-08-06T18:39:31.539,947.782,guiding_to_goal,35.91914488333333,139.9092215,22.191,0.0463,True,28,1,35.91912968333333,139.90919718333333,2.76614977654066,,33.35,1008.4353515625,55.4638671875,289.8125,-0.5625,-10.4375,-0.13,1.73,9.46,-0.0625,-0.1875,-0.0625,50,,stopped,0.0,0.0,4.299,
2026-08-06T18:39:32.059,948.302,guiding_to_goal,35.91914488333333,139.9092215,22.191,0.0463,True,28,1,35.91912968333333,139.90919718333333,2.76614977654066,,33.35,1008.481953125,55.4873046875,289.8125,-0.5625,-10.4375,-0.14,1.76,9.48,-0.125,-0.125,-0.0625,50,,stopped,0.0,0.0,4.304,
2026-08-06T18:39:32.559,948.802,guiding_to_goal,35.9191451,139.90922158333333,22.192,0.12861111111111112,True,28,1,35.91912968333333,139.90919718333333,2.786848658800439,,33.35,1008.481953125,55.4755859375,289.8125,-0.5625,-10.4375,-0.14,1.77,9.45,0.0,0.0,-0.125,50,,stopped,0.0,0.0,4.309,
2026-08-06T18:39:33.060,949.303,guiding_to_goal,35.9191451,139.90922158333333,22.192,0.12861111111111112,True,28,1,35.91912968333333,139.90919718333333,2.786848658800439,,33.34,1008.411484375,55.6123046875,289.8125,-0.5625,-10.4375,-0.14,1.76,9.45,0.0625,0.0625,0.0625,50,,stopped,0.0,0.0,4.295,
2026-08-06T18:39:33.560,949.803,guiding_to_goal,35.919145183333335,139.90922198333334,22.196,0.07202222222222222,True,28,1,35.91912968333333,139.90919718333333,2.820987150439488,,33.33,1008.45015625,55.71484375,289.8125,-0.5625,-10.4375,-0.13,1.76,9.44,0.0625,0.125,0.0,50,,stopped,0.0,0.0,4.277,
2026-08-06T18:39:34.060,950.303,guiding_to_goal,35.919145183333335,139.90922198333334,22.196,0.07202222222222222,True,28,1,35.91912968333333,139.90919718333333,2.820987150439488,,33.34,1008.4660546875,55.728515625,297.8125,-0.5625,-10.4375,-0.15,1.74,9.45,0.0625,0.0625,0.0625,50,,stopped,0.0,0.0,4.276,
2026-08-06T18:39:34.561,950.804,guiding_to_goal,35.919145283333336,139.90922198333334,22.199,0.06687777777777779,True,28,1,35.91912968333333,139.90919718333333,2.8277944597373565,,33.32,1008.3873046875,55.7490234375,289.8125,-0.5625,-10.4375,-0.13,1.76,9.47,0.0625,0.1875,-0.0625,50,,stopped,0.0,0.0,4.29,
2026-08-06T18:39:35.063,951.306,guiding_to_goal,35.919145283333336,139.90922198333334,22.199,0.06687777777777779,True,28,1,35.91912968333333,139.90919718333333,2.8277944597373565,,33.33,1008.9412890625,55.7607421875,289.8125,-0.5625,-10.4375,-0.16,1.79,9.43,0.0625,0.1875,-0.0625,50,,stopped,0.0,0.0,4.283,
2026-08-06T18:39:35.571,951.814,guiding_to_goal,35.91914538333333,139.90922218333333,22.203,0.06173333333333333,True,28,1,35.91912968333333,139.90919718333333,2.848839900160411,,33.32,1008.3873046875,55.830078125,289.8125,-0.5625,-10.4375,-0.13,1.76,9.45,-0.0625,0.0625,0.0,50,,stopped,0.0,0.0,4.261,
2026-08-06T18:39:36.082,952.325,guiding_to_goal,35.91914538333333,139.90922218333333,22.203,0.06173333333333333,True,28,1,35.91912968333333,139.90919718333333,2.848839900160411,,33.32,1008.441875,55.830078125,289.8125,-0.5625,-10.4375,-0.13,1.75,9.46,-0.125,0.0625,0.0625,50,,stopped,0.0,0.0,4.29,
2026-08-06T18:39:36.582,952.825,guiding_to_goal,35.91914548333333,139.90922228333332,22.21,0.07202222222222222,True,28,1,35.91912968333333,139.90919718333333,2.862771929135489,,33.3,1008.4373046875,55.919921875,285.0,-1.0,-9.125,-0.24,1.53,9.49,-0.0625,0.0625,0.0625,114,,stopped,0.0,0.0,0.193,
2026-08-06T18:39:37.129,953.372,guiding_to_goal,35.91914548333333,139.90922228333332,22.21,0.07202222222222222,True,28,1,35.91912968333333,139.90919718333333,2.862771929135489,,33.3,1008.4452734375,55.896484375,285.0,-1.0,-9.125,-0.22,1.54,9.52,-0.0625,0.0,0.0,114,,stopped,0.0,0.0,0.192,
2026-08-06T18:39:37.630,953.872,guiding_to_goal,35.91914538333333,139.90922248333334,22.216,0.025722222222222226,True,28,1,35.91912968333333,139.90919718333333,2.8702361633347016,,33.29,1008.456640625,55.8388671875,285.0,-1.0,-9.125,-0.21,1.55,9.52,-0.0625,-0.0625,0.0,114,,stopped,0.0,0.0,0.193,
2026-08-06T18:39:38.130,954.373,guiding_to_goal,35.91914538333333,139.90922248333334,22.216,0.025722222222222226,True,28,1,35.91912968333333,139.90919718333333,2.8702361633347016,,33.1,1008.5536328125,55.560546875,285.0,-1.0,-9.125,-0.23,1.54,9.48,-0.0625,0.0,-0.0625,114,,stopped,0.0,0.0,0.192,
2026-08-06T18:39:38.630,954.873,guiding_to_goal,35.919145283333336,139.90922258333333,22.219,0.06173333333333333,True,28,1,35.91912968333333,139.90919718333333,2.8706564859432926,,33.27,1008.4791015625,55.939453125,285.0,-1.0,-9.125,-0.22,1.55,9.51,0.0625,0.125,0.0625,114,,stopped,0.0,0.0,0.193,
2026-08-06T18:39:39.131,955.374,guiding_to_goal,35.919145283333336,139.90922258333333,22.219,0.06173333333333333,True,28,1,35.91912968333333,139.90919718333333,2.8706564859432926,,33.27,1008.5063671875,55.7783203125,285.0,-1.0,-9.125,-0.24,1.54,9.49,0.0625,0.1875,-0.0625,114,,stopped,0.0,0.0,0.193,
2026-08-06T18:39:39.632,955.875,guiding_to_goal,35.919145283333336,139.90922268333333,22.221,0.10803333333333333,True,28,1,35.91912968333333,139.90919718333333,2.8778367147479287,,33.25,1008.3926953125,55.7646484375,285.0,-1.0,-9.125,-0.21,1.55,9.46,0.0625,0.0625,0.0625,114,,stopped,0.0,0.0,0.193,
2026-08-06T18:39:40.149,956.392,guiding_to_goal,35.919145283333336,139.90922268333333,22.221,0.10803333333333333,True,28,1,35.91912968333333,139.90919718333333,2.8778367147479287,,33.26,1008.40859375,55.75390625,285.0,-1.0,-9.125,-0.22,1.55,9.5,0.0,0.1875,-0.1875,114,,stopped,0.0,0.0,0.192,
2026-08-06T18:39:40.650,956.892,guiding_to_goal,35.919145283333336,139.90922258333333,22.22,0.010288888888888889,True,28,1,35.91912968333333,139.90919718333333,2.8706564859432926,,33.25,1008.3571484375,55.775390625,285.0,-1.0,-9.125,-0.22,1.55,9.48,-0.0625,0.0625,-0.1875,114,,stopped,0.0,0.0,0.193,
2026-08-06T18:39:41.170,957.413,guiding_to_goal,35.919145283333336,139.90922258333333,22.22,0.010288888888888889,True,28,1,35.91912968333333,139.90919718333333,2.8706564859432926,,33.25,1008.3926953125,56.0986328125,285.0,-1.0,-9.125,-0.23,1.53,9.5,0.0,0.0,0.0,114,,stopped,0.0,0.0,0.193,
2026-08-06T18:39:41.670,957.913,guiding_to_goal,35.919145183333335,139.90922258333333,22.213,0.07202222222222222,True,28,1,35.91912968333333,139.90919718333333,2.8639510570225375,,33.24,1008.431015625,55.9248046875,285.0,-1.0,-9.125,-0.21,1.54,9.49,0.125,0.0,0.0,114,,stopped,0.0,0.0,0.193,
2026-08-06T18:39:42.629,958.873,guiding_to_goal,35.919145183333335,139.90922258333333,22.213,0.07202222222222222,True,28,1,35.91912968333333,139.90919718333333,2.8639510570225375,,33.25,1008.365390625,55.787109375,285.0,-1.0,-9.125,-0.24,1.53,9.49,-0.0625,0.0625,0.0,114,,stopped,0.0,0.0,0.193,
2026-08-06T18:39:43.130,959.373,guiding_to_goal,35.919145183333335,139.90922258333333,22.213,0.10803333333333333,True,28,1,35.91912968333333,139.90919718333333,2.8639510570225375,,33.24,1008.40375,55.8095703125,285.0,-1.0,-9.125,-0.23,1.55,9.47,-0.0625,0.0,-0.1875,114,,stopped,0.0,0.0,0.192,
2026-08-06T18:39:43.630,959.873,guiding_to_goal,35.919145183333335,139.90922258333333,22.213,0.10803333333333333,True,28,1,35.91912968333333,139.90919718333333,2.8639510570225375,,33.24,1008.3764453125,55.7861328125,285.0,-1.0,-9.125,-0.22,1.54,9.5,-0.0625,0.0625,0.0625,114,,stopped,0.0,0.0,0.192,
2026-08-06T18:39:44.131,960.374,guiding_to_goal,35.919145283333336,139.9092224,22.211,0.14404444444444445,True,28,1,35.91912968333333,139.90919718333333,2.8575195781160168,,33.24,1008.39578125,55.80859375,285.0,-1.0,-9.125,-0.23,1.53,9.51,-0.0625,-0.125,0.0625,114,,stopped,0.0,0.0,0.193,
2026-08-06T18:39:44.631,960.874,guiding_to_goal,35.919145283333336,139.9092224,22.211,0.14404444444444445,True,28,1,35.91912968333333,139.90919718333333,2.8575195781160168,,33.24,1008.3764453125,55.7861328125,285.0,-1.0,-9.125,-0.21,1.53,9.51,0.0625,-0.125,0.0,114,,stopped,0.0,0.0,0.193,
2026-08-06T18:39:45.132,961.375,guiding_to_goal,35.91914548333333,139.9092224,22.208,0.19034444444444445,True,28,1,35.91912968333333,139.90919718333333,2.871074015414099,,33.24,1008.431015625,55.6474609375,290.0625,-1.3125,-10.5625,-0.09,1.74,9.12,-1.3125,2.375,-1.5,50,,turn_right,25.0,-25.0,4.319,
2026-08-06T18:39:45.632,961.875,guiding_to_goal,35.91914548333333,139.9092224,22.208,0.19034444444444445,True,28,1,35.91912968333333,139.90919718333333,2.871074015414099,,33.24,1008.40375,55.7861328125,290.125,-1.5,-10.5,0.09,1.66,9.53,-0.0625,2.3125,-0.625,50,,turn_right,25.0,-25.0,4.324,
2026-08-06T18:39:46.132,962.375,guiding_to_goal,35.9191457,139.90922218333333,22.203,0.1389,True,28,1,35.91912968333333,139.90919718333333,2.8705524027382627,,33.22,1008.426484375,55.8876953125,298.25,-1.4375,-10.875,-0.31,2.0,9.3,1.0,1.375,-1.9375,50,,turn_right,25.0,-25.0,4.354,
2026-08-06T18:39:46.633,962.876,guiding_to_goal,35.9191457,139.90922218333333,22.203,0.1389,True,28,1,35.91912968333333,139.90919718333333,2.8705524027382627,,31.42,1005.8546484375,55.7373046875,290.375,-1.5,-10.875,-0.58,1.94,9.45,-1.0,-0.125,0.5625,50,,turn_right,25.0,-25.0,4.365,
2026-08-06T18:39:47.133,963.376,guiding_to_goal,35.9191457,139.90922208333333,22.191,0.1389,True,28,1,35.91912968333333,139.90919718333333,2.863495506212873,,33.22,1008.418515625,55.91015625,290.375,-1.5625,-10.8125,-0.47,1.41,9.45,0.0,0.0625,0.6875,50,,turn_right,25.0,-25.0,4.373,
2026-08-06T18:39:47.633,963.877,guiding_to_goal,35.9191457,139.90922208333333,22.191,0.1389,True,28,1,35.91912968333333,139.90919718333333,2.863495506212873,,33.23,1008.4071484375,55.806640625,290.5,-1.6875,-10.9375,-1.19,1.76,9.36,-1.3125,-0.5,1.1875,50,,turn_right,25.0,-25.0,4.367,
2026-08-06T18:39:48.134,964.377,guiding_to_goal,35.9191456,139.90922198333334,22.179,0.06687777777777779,True,28,1,35.91912968333333,139.90919718333333,2.8495299175702216,,33.23,1008.4423828125,55.806640625,290.375,-1.875,-10.5625,-0.73,1.29,9.62,-3.3125,1.375,-2.75,114,,turn_right,25.0,-25.0,4.372,
2026-08-06T18:39:48.634,964.877,guiding_to_goal,35.9191456,139.90922198333334,22.179,0.06687777777777779,True,28,1,35.91912968333333,139.90919718333333,2.8495299175702216,,33.23,1008.352578125,55.7841796875,290.3125,-1.8125,-10.625,0.18,2.47,9.63,-1.8125,-0.375,0.0,114,,turn_right,25.0,-25.0,4.372,
2026-08-06T18:39:49.135,965.378,guiding_to_goal,35.91914538333333,139.90922208333333,22.168,0.06173333333333333,True,28,1,35.91912968333333,139.90919718333333,2.841729085225909,,33.23,1008.360546875,55.818359375,290.5625,-1.9375,-10.75,0.05,2.14,9.46,8.25,0.6875,-2.0,50,,turn_right,25.0,-25.0,4.389,
2026-08-06T18:39:49.635,965.878,guiding_to_goal,35.91914538333333,139.90922208333333,22.168,0.06173333333333333,True,28,1,35.91912968333333,139.90919718333333,2.841729085225909,,33.23,1008.4344140625,55.818359375,290.625,-2.0,-10.75,0.08,2.04,9.41,0.1875,0.4375,-0.6875,50,,turn_right,25.0,-25.0,4.381,
2026-08-06T18:39:50.136,966.379,guiding_to_goal,35.91914538333333,139.90922198333334,22.151,0.03601111111111111,True,28,1,35.91912968333333,139.90919718333333,2.834629039853236,,33.23,1008.4151171875,55.9111328125,290.5625,-1.8125,-10.875,-0.18,2.22,9.34,0.1875,0.25,-2.0625,50,,turn_right,25.0,-25.0,4.38,
2026-08-06T18:39:50.636,966.879,guiding_to_goal,35.91914538333333,139.90922198333334,22.151,0.03601111111111111,True,28,1,35.91912968333333,139.90919718333333,2.834629039853236,,33.23,1008.4071484375,55.830078125,290.5,-1.8125,-10.875,-0.57,1.53,9.42,0.3125,0.25,-0.25,50,,turn_right,25.0,-25.0,4.385,
2026-08-06T18:39:51.136,967.379,guiding_to_goal,35.91914538333333,139.90922198333334,22.151,0.041155555555555556,True,28,1,35.91912968333333,139.90919718333333,2.834629039853236,,33.22,1008.418515625,55.8525390625,290.5625,-2.0625,-10.5625,-0.86,1.52,9.15,1.3125,1.4375,-2.1875,178,,turn_right,25.0,-25.0,4.378,
2026-08-06T18:39:51.637,967.880,guiding_to_goal,35.91914538333333,139.90922198333334,22.151,0.041155555555555556,True,28,1,35.91912968333333,139.90919718333333,2.834629039853236,,33.22,1008.3719140625,55.841796875,290.5625,-2.0625,-10.625,-0.28,1.57,9.4,0.3125,0.75,-0.75,178,,turn_right,25.0,-25.0,4.375,
2026-08-06T18:39:52.137,968.380,guiding_to_goal,35.91914538333333,139.90922198333334,22.151,0.030866666666666664,True,28,1,35.91912968333333,139.90919718333333,2.834629039853236,,33.23,1008.4151171875,56.1767578125,297.3125,-1.4375,-9.5,1.76,-0.1,8.13,-12.125,-19.25,-67.3125,50,,turn_right,25.0,-25.0,4.51,
2026-08-06T18:39:52.637,968.880,guiding_to_goal,35.91914538333333,139.90922198333334,22.151,0.030866666666666664,True,28,1,35.91912968333333,139.90919718333333,2.834629039853236,,33.23,1008.360546875,55.841796875,307.5,-1.0625,-9.5625,-0.99,0.9,8.29,-16.4375,-28.0625,-118.9375,50,,turn_right,25.0,-25.0,4.622,
2026-08-06T18:39:53.138,969.381,guiding_to_goal,35.91914538333333,139.90922198333334,22.15,0.07716666666666668,True,28,1,35.91912968333333,139.90919718333333,2.834629039853236,,33.23,1008.352578125,55.9111328125,11.3125,-0.1875,-9.0625,0.17,2.14,8.66,28.4375,-16.1875,-64.25,178,,turn_right,25.0,-25.0,20.0,
2026-08-06T18:39:53.638,969.881,guiding_to_goal,35.91914538333333,139.90922198333334,22.15,0.07716666666666668,True,28,1,35.91912968333333,139.90919718333333,2.834629039853236,,32.98,1008.023046875,55.7666015625,18.5625,-0.25,-9.5,0.26,1.87,9.22,5.8125,-8.5,-61.1875,178,,turn_right,25.0,-25.0,20.0,
2026-08-06T18:39:54.139,970.382,guiding_to_goal,35.91914538333333,139.90922208333333,22.15,0.07202222222222222,True,28,1,35.91912968333333,139.90919718333333,2.841729085225909,,33.23,1008.4151171875,55.9111328125,86.1875,0.75,-10.25,-0.55,2.25,12.05,13.5625,-17.375,-75.75,50,,turn_right,25.0,-25.0,0.382,
2026-08-06T18:39:54.640,970.883,guiding_to_goal,35.91914538333333,139.90922208333333,22.15,0.07202222222222222,True,28,1,35.91912968333333,139.90919718333333,2.841729085225909,,33.23,1008.3798828125,55.853515625,90.625,0.5,-9.9375,-0.37,0.77,9.5,-3.625,-2.3125,-37.125,50,,turn_right,25.0,-25.0,0.361,
2026-08-06T18:39:55.140,971.383,guiding_to_goal,35.91914538333333,139.90922208333333,22.149,0.07202222222222222,True,28,1,35.91912968333333,139.90919718333333,2.841729085225909,,33.24,1008.4776171875,55.8662109375,108.125,0.5625,-10.3125,-0.12,1.71,9.45,0.125,0.0625,-0.0625,50,,turn_left,-5.0,5.0,0.346,
2026-08-06T18:39:55.640,971.883,guiding_to_goal,35.91914538333333,139.90922208333333,22.149,0.07202222222222222,True,28,1,35.91912968333333,139.90919718333333,2.841729085225909,,33.23,1008.4696875,55.865234375,108.125,0.5,-10.375,-0.06,2.68,9.34,5.3125,-1.75,1.4375,50,,turn_left,-20.0,20.0,0.345,
2026-08-06T18:39:56.141,972.384,guiding_to_goal,35.91914538333333,139.90922208333333,22.15,0.06687777777777779,True,28,1,35.91912968333333,139.90919718333333,2.841729085225909,,33.25,1008.3844140625,55.8447265625,105.0,0.5,-9.9375,-0.06,1.63,9.5,0.0,0.125,0.0625,114,,stopped,0.0,0.0,0.338,
2026-08-06T18:39:56.641,972.884,guiding_to_goal,35.91914538333333,139.90922208333333,22.15,0.06687777777777779,True,28,1,35.91912968333333,139.90919718333333,2.841729085225909,,33.24,1008.40375,55.83203125,105.0,0.5,-9.9375,-0.07,1.65,9.47,-0.0625,-0.0625,0.0,178,,stopped,0.0,0.0,0.338,
2026-08-06T18:39:57.142,973.385,guiding_to_goal,35.91914538333333,139.90922198333334,22.15,0.010288888888888889,True,28,1,35.91912968333333,139.90919718333333,2.834629039853236,,33.24,1008.4776171875,55.8544921875,105.0,0.25,-9.875,-0.07,1.63,9.47,-0.0625,0.125,0.0625,178,,stopped,0.0,0.0,0.339,
2026-08-06T18:39:57.645,973.888,guiding_to_goal,35.91914538333333,139.90922198333334,22.15,0.010288888888888889,True,28,1,35.91912968333333,139.90919718333333,2.834629039853236,,33.15,1008.314453125,55.84375,105.0,0.25,-9.875,-0.08,1.63,9.48,0.0625,0.0625,0.0,178,,stopped,0.0,0.0,0.338,
2026-08-06T18:39:58.146,974.389,guiding_to_goal,35.91914538333333,139.90922198333334,22.15,0.010288888888888889,True,28,1,35.91912968333333,139.90919718333333,2.834629039853236,,33.24,1008.431015625,55.84375,105.0,0.25,-9.875,-0.06,1.62,9.49,0.0,-0.0625,-0.0625,178,,stopped,0.0,0.0,0.339,
2026-08-06T18:39:58.646,974.889,guiding_to_goal,35.91914538333333,139.90922198333334,22.15,0.010288888888888889,True,28,1,35.91912968333333,139.90919718333333,2.834629039853236,,33.23,1008.3878125,55.841796875,105.0,0.25,-9.875,-0.06,1.64,9.43,-0.0625,0.0625,0.0,178,,stopped,0.0,0.0,0.339,
2026-08-06T18:39:59.147,975.390,guiding_to_goal,35.91914538333333,139.90922198333334,22.15,0.06173333333333333,True,28,1,35.91912968333333,139.90919718333333,2.834629039853236,,33.24,1008.431015625,55.84375,105.0,0.25,-9.875,-0.08,1.62,9.47,0.0625,0.125,0.0,178,,stopped,0.0,0.0,0.338,
2026-08-06T18:39:59.670,975.913,guiding_to_goal,35.91914538333333,139.90922198333334,22.15,0.06173333333333333,True,28,1,35.91912968333333,139.90919718333333,2.834629039853236,,33.25,1008.520859375,55.671875,105.0,0.25,-9.875,-0.05,1.63,9.47,0.0,-0.0625,-0.125,178,,stopped,0.0,0.0,0.338,
2026-08-06T18:40:00.181,976.424,guiding_to_goal,35.91914538333333,139.90922198333334,22.15,0.08231111111111111,True,28,1,35.91912968333333,139.90919718333333,2.834629039853236,,33.24,1008.4855859375,55.751953125,105.0,0.25,-9.875,-0.08,1.62,9.47,0.0,0.125,-0.0625,178,,stopped,0.0,0.0,0.339,
2026-08-06T18:40:00.683,976.926,guiding_to_goal,35.91914538333333,139.90922198333334,22.15,0.08231111111111111,True,28,1,35.91912968333333,139.90919718333333,2.834629039853236,,33.25,1008.46625,55.8447265625,105.0,8.25,-9.875,-0.08,1.61,9.45,0.0,0.0625,0.0,178,,stopped,0.0,0.0,0.338,
2026-08-06T18:40:01.184,977.427,guiding_to_goal,35.91914548333333,139.9092219,22.156,0.11832222222222223,True,28,1,35.91912968333333,139.90919718333333,2.8355965728187957,,33.24,1008.4776171875,55.80859375,105.0,0.25,-9.875,-0.09,1.6,9.5,0.0,0.125,-0.0625,178,,stopped,0.0,0.0,0.337,
2026-08-06T18:40:01.684,977.927,guiding_to_goal,35.91914548333333,139.9092219,22.156,0.11832222222222223,True,28,1,35.91912968333333,139.90919718333333,2.8355965728187957,,33.23,1008.3878125,55.841796875,105.0,0.25,-9.875,-0.08,1.64,9.49,0.0625,0.0625,0.0625,178,,stopped,0.0,0.0,0.337,
2026-08-06T18:40:02.185,978.428,guiding_to_goal,35.9191457,139.90922158333333,22.168,0.15433333333333335,True,27,1,35.91912968333333,139.90919718333333,2.8283769779382903,,33.26,1008.4279296875,55.833984375,105.0,0.25,-1.875,-0.09,1.62,9.47,0.0,0.0,0.125,178,,stopped,0.0,0.0,0.338,
2026-08-06T18:40:02.685,978.928,guiding_to_goal,35.9191457,139.90922158333333,22.168,0.15433333333333335,True,27,1,35.91912968333333,139.90919718333333,2.8283769779382903,,33.24,1008.40375,55.83203125,105.0,0.25,-9.875,-0.05,1.62,9.47,0.0,-0.125,0.0,178,,stopped,0.0,0.0,0.338,
2026-08-06T18:40:03.191,979.434,guiding_to_goal,35.919145883333336,139.90922178333332,22.167,0.10803333333333333,True,27,1,35.91912968333333,139.90919718333333,2.855208271374419,,33.25,1008.438984375,55.8798828125,105.0,0.25,-9.875,-0.07,1.62,9.47,-0.0625,0.1875,0.0625,178,,stopped,0.0,0.0,0.339,
2026-08-06T18:40:03.702,979.945,guiding_to_goal,35.919145883333336,139.90922178333332,22.167,0.10803333333333333,True,27,1,35.91912968333333,139.90919718333333,2.855208271374419,,33.24,1008.431015625,55.8095703125,105.0,0.25,-9.875,-0.09,1.65,9.51,0.0625,0.0625,-0.0625,178,,stopped,0.0,0.0,0.338,
2026-08-06T18:40:04.202,980.445,guiding_to_goal,35.91914598333334,139.90922178333332,22.17,0.08231111111111111,True,27,1,35.91912968333333,139.90919718333333,2.8622365870530815,,33.25,1008.41171875,55.822265625,105.0,0.25,-9.875,-0.07,1.62,9.47,0.0,0.0625,-0.0625,178,,stopped,0.0,0.0,0.338,
2026-08-06T18:40:04.702,980.945,guiding_to_goal,35.91914598333334,139.90922178333332,22.17,0.08231111111111111,True,27,1,35.91912968333333,139.90919718333333,2.8622365870530815,,33.25,1008.438984375,55.798828125,105.0,0.25,-9.875,-0.07,1.64,9.49,0.0,0.0,0.0625,178,,stopped,0.0,0.0,0.338,
2026-08-06T18:40:05.203,981.446,guiding_to_goal,35.91914608333333,139.90922158333333,22.172,0.0463,True,27,1,35.91912968333333,139.90919718333333,2.8554089111881713,,33.22,1008.3991796875,55.853515625,105.0,0.25,-9.875,-0.07,1.63,9.46,-0.0625,0.0,-0.0625,178,,stopped,0.0,0.0,0.338,
2026-08-06T18:40:05.703,981.946,guiding_to_goal,35.91914608333333,139.90922158333333,22.172,0.0463,True,27,1,35.91912968333333,139.90919718333333,2.8554089111881713,,33.23,1008.360546875,55.830078125,105.0,0.25,-9.875,-0.07,1.63,9.46,-0.0625,-0.125,0.125,178,,stopped,0.0,0.0,0.338,
2026-08-06T18:40:06.211,982.454,guiding_to_goal,35.9191463,139.9092214,22.176,0.07202222222222222,True,27,1,35.91912968333333,139.90919718333333,2.8582393786231037,,33.24,1008.431015625,55.84375,105.0,0.25,-9.875,-0.07,1.61,9.47,0.0625,8.0,0.125,178,,stopped,0.0,0.0,0.338,
2026-08-06T18:40:06.712,982.955,guiding_to_goal,35.9191463,139.9092214,22.176,0.07202222222222222,True,27,1,35.91912968333333,139.90919718333333,2.8582393786231037,,33.24,1008.4230859375,55.8427734375,105.0,0.25,-9.875,-0.07,1.61,9.48,0.0625,-0.0625,0.0,178,,stopped,0.0,0.0,0.338,
2026-08-06T18:40:07.212,983.455,guiding_to_goal,35.919146483333336,139.90922118333333,22.181,0.041155555555555556,True,28,1,35.91912968333333,139.90919718333333,2.856670304282143,,33.25,1008.4472265625,55.822265625,105.0,0.25,-9.875,-0.05,1.65,9.47,0.125,-0.0625,0.0,178,,stopped,0.0,0.0,0.339,
2026-08-06T18:40:07.715,983.958,guiding_to_goal,35.919146483333336,139.90922118333333,22.181,0.041155555555555556,True,28,1,35.91912968333333,139.90919718333333,2.856670304282143,,33.25,1008.4472265625,55.822265625,105.0,0.25,-9.875,-0.07,1.63,9.49,-0.0625,-0.125,-0.125,178,,stopped,0.0,0.0,0.339,
2026-08-06T18:40:08.216,984.459,guiding_to_goal,35.91914658333334,139.90922108333334,22.185,0.06687777777777779,True,29,1,35.91912968333333,139.90919718333333,2.8571647129730904,,33.27,1008.4983984375,55.7666015625,105.0,0.25,-9.875,-0.1,1.64,9.45,-0.0625,-0.125,0.0625,178,,stopped,0.0,0.0,0.338,
2026-08-06T18:40:08.810,985.053,guiding_to_goal,35.91914658333334,139.90922108333334,22.185,0.06687777777777779,True,29,1,35.91912968333333,139.90919718333333,2.8571647129730904,,33.26,1008.435859375,55.8115234375,105.0,0.25,-9.875,-0.09,1.64,9.46,0.0,0.0,0.0625,178,,stopped,0.0,0.0,0.338,
2026-08-06T18:40:09.311,985.554,guiding_to_goal,35.91914668333333,139.909221,22.187,0.05144444444444445,True,29,1,35.91912968333333,139.90919718333333,2.8588564375245835,,33.25,1008.5018359375,55.7529296875,105.0,0.25,-9.875,-0.08,1.62,9.47,-0.0625,0.0625,-0.0625,178,,stopped,0.0,0.0,0.34,
2026-08-06T18:40:09.814,986.057,guiding_to_goal,35.91914668333333,139.909221,22.187,0.05144444444444445,True,29,1,35.91912968333333,139.90919718333333,2.8588564375245835,,33.26,1008.400625,55.798828125,105.0,0.25,-9.875,-0.07,1.62,9.45,0.0,-0.0625,-0.125,178,,stopped,0.0,0.0,0.339,
2026-08-06T18:40:10.315,986.558,guiding_to_goal,35.91914668333333,139.909221,22.19,0.1852,True,29,1,35.91912968333333,139.90919718333333,2.8588564375245835,,33.27,1008.4791015625,55.7783203125,105.0,0.25,-9.875,-0.06,1.62,9.47,-0.0625,-0.0625,-0.0625,178,,stopped,0.0,0.0,0.338,
2026-08-06T18:40:10.815,987.058,guiding_to_goal,35.91914668333333,139.909221,22.19,0.1852,True,29,1,35.91912968333333,139.90919718333333,2.8588564375245835,,33.27,1008.3972265625,55.7783203125,105.0,0.25,-9.875,-0.06,1.64,9.49,0.0,-0.125,0.0625,178,,stopped,0.0,0.0,0.338,
2026-08-06T18:40:11.316,987.559,guiding_to_goal,35.919146383333334,139.90922088333335,22.189,0.06687777777777779,True,29,1,35.91912968333333,139.90919718333333,2.8289756220574547,,33.28,1008.4404296875,55.6640625,105.0,0.25,-9.875,-0.07,1.63,9.49,0.0,0.0625,-0.0625,178,,stopped,0.0,0.0,0.338,
2026-08-06T18:40:11.816,988.059,guiding_to_goal,35.919146383333334,139.90922088333335,22.189,0.06687777777777779,True,29,1,35.91912968333333,139.90919718333333,2.8289756220574547,,33.28,1008.413125,55.755859375,105.0,0.25,-9.875,-0.08,1.62,9.47,0.0,-0.125,-0.125,178,,stopped,0.0,0.0,0.338,
2026-08-06T18:40:12.322,988.565,guiding_to_goal,35.9191462,139.90922078333332,22.194,0.05144444444444445,True,29,1,35.91912968333333,139.90919718333333,2.8088167683518774,,33.3,1008.4725390625,55.81640625,105.0,0.25,-9.875,-0.06,1.6,9.47,0.0,-0.125,-0.0625,178,,stopped,0.0,0.0,0.338,
2026-08-06T18:40:12.832,989.075,guiding_to_goal,35.9191462,139.90922078333332,22.194,0.05144444444444445,True,29,1,35.91912968333333,139.90919718333333,2.8088167683518774,,33.3,1008.35546875,55.7353515625,105.0,0.25,-9.875,-0.06,1.64,9.46,0.125,0.0,-0.0625,178,,stopped,0.0,0.0,0.338,
2026-08-06T18:40:13.342,989.585,guiding_to_goal,35.91914608333333,139.90922078333332,22.196,0.12346666666666666,True,29,1,35.91912968333333,139.90919718333333,2.800351630116012,,33.3,1008.4452734375,55.7236328125,105.0,0.25,-9.875,-0.05,1.62,9.47,0.0,0.0625,0.0625,178,,stopped,0.0,0.0,0.339,
2026-08-06T18:40:13.842,990.085,guiding_to_goal,35.91914608333333,139.90922078333332,22.196,0.12346666666666666,True,29,1,35.91912968333333,139.90919718333333,2.800351630116012,,33.31,1008.480546875,55.724609375,105.0,0.25,-9.875,-0.07,1.63,9.48,0.0,-0.0625,0.0625,178,,stopped,0.0,0.0,0.339,
2026-08-06T18:40:14.342,990.585,guiding_to_goal,35.919145783333335,139.90922068333333,22.195,0.05658888888888889,True,29,1,35.91912968333333,139.90919718333333,2.7718627683744863,,33.3,1008.4452734375,56.197265625,95.0,0.0,-9.75,-0.1,1.58,9.46,0.0,0.0625,0.0,178,,stopped,0.0,0.0,0.319,
2026-08-06T18:40:14.843,991.086,guiding_to_goal,35.919145783333335,139.90922068333333,22.195,0.05658888888888889,True,29,1,35.91912968333333,139.90919718333333,2.7718627683744863,,33.31,1008.43390625,55.6796875,95.0,0.0,-9.75,-0.11,1.6,9.47,0.0625,0.1875,0.0,178,,stopped,0.0,0.0,0.319,
2026-08-06T18:40:15.343,991.586,guiding_to_goal,35.9191457,139.9092205,22.193,0.09774444444444444,True,29,1,35.91912968333333,139.90919718333333,2.753276293529599,,33.31,1008.43390625,55.6796875,95.0,-0.125,-9.6875,-0.09,1.6,9.47,0.0,-0.0625,0.0,178,,stopped,0.0,0.0,0.319,
2026-08-06T18:40:15.844,992.087,guiding_to_goal,35.9191457,139.9092205,22.193,0.09774444444444444,True,29,1,35.91912968333333,139.90919718333333,2.753276293529599,,33.32,1008.4964453125,55.783203125,95.0,-0.125,-9.6875,-0.11,1.61,9.53,0.0625,0.0,0.0,178,,stopped,0.0,0.0,0.319,
2026-08-06T18:40:16.345,992.588,guiding_to_goal,35.9191457,139.90922028333333,22.19,0.09774444444444444,True,29,1,35.91912968333333,139.90919718333333,2.7384260481503726,,33.34,1008.4933203125,55.6591796875,95.0,-0.125,-9.6875,-0.11,1.61,9.47,0.0625,-0.0625,0.0,178,,stopped,0.0,0.0,0.319,
2026-08-06T18:40:16.863,993.105,guiding_to_goal,35.9191457,139.90922028333333,22.19,0.09774444444444444,True,29,1,35.91912968333333,139.90919718333333,2.7384260481503726,,33.33,1008.43078125,55.646484375,95.0,-0.125,-9.6875,-0.1,1.6,9.48,-0.0625,-0.0625,0.0,178,,stopped,0.0,0.0,0.319,
2026-08-06T18:40:17.368,993.611,guiding_to_goal,35.919145783333335,139.90922028333333,22.185,0.19548888888888888,True,29,1,35.91912968333333,139.90919718333333,2.744461499645527,,33.35,1008.4001171875,55.6484375,95.0,-0.125,-9.6875,-0.13,1.6,9.45,0.0,-0.0625,-0.125,178,,stopped,0.0,0.0,0.319,
2026-08-06T18:40:17.900,994.143,guiding_to_goal,35.919145783333335,139.90922028333333,22.185,0.19548888888888888,True,29,1,35.91912968333333,139.90919718333333,2.744461499645527,,33.35,1008.4001171875,55.9599609375,95.0,-0.125,-9.6875,-0.11,1.6,9.48,-0.125,0.125,-0.125,178,,stopped,0.0,0.0,0.319,
2026-08-06T18:40:18.402,994.645,guiding_to_goal,35.9191462,139.90922058333334,22.186,0.025722222222222226,True,29,1,35.91912968333333,139.90919718333333,2.7952147987804925,,30.11,1003.3837890625,55.623046875,95.0,-0.125,-9.6875,-0.09,1.62,9.47,0.0625,-0.0625,0.0625,178,,stopped,0.0,0.0,0.319,
2026-08-06T18:40:18.931,995.174,guiding_to_goal,35.9191462,139.90922058333334,22.186,0.025722222222222226,True,29,1,35.91912968333333,139.90919718333333,2.7952147987804925,,33.34,1008.411484375,55.6240234375,95.0,-0.125,-9.6875,-0.1,1.61,9.45,8.0,0.0,-0.125,178,,stopped,0.0,0.0,0.319,
2026-08-06T18:40:19.431,995.674,guiding_to_goal,35.9191462,139.9092205,22.182,0.1389,True,29,1,35.91912968333333,139.90919718333333,2.7895620547579534,,33.35,1008.4546484375,55.6142578125,95.0,-0.125,-9.6875,-0.14,1.61,9.47,0.0625,0.125,-0.0625,178,,stopped,0.0,0.0,0.319,
2026-08-06T18:40:19.932,996.175,guiding_to_goal,35.9191462,139.9092205,22.182,0.1389,True,29,1,35.91912968333333,139.90919718333333,2.7895620547579534,,33.34,1008.44671875,55.6142578125,95.0,-0.125,-9.6875,-0.1,1.6,9.48,-0.0625,0.0625,-0.0625,178,,stopped,0.0,0.0,0.319,
2026-08-06T18:40:20.432,996.675,guiding_to_goal,35.9191463,139.90921988333332,22.178,0.010288888888888889,True,29,1,35.91912968333333,139.90919718333333,2.7554511522347624,,33.33,1008.395546875,55.6220703125,95.0,-0.125,-9.6875,-0.12,1.61,9.48,0.125,-0.0625,-0.125,178,,stopped,0.0,0.0,0.319,
2026-08-06T18:40:20.932,997.175,guiding_to_goal,35.9191463,139.90921988333332,22.178,0.010288888888888889,True,29,1,35.91912968333333,139.90919718333333,2.7554511522347624,,33.2,1008.8308203125,55.4814453125,95.0,-0.125,-9.6875,-0.1,1.6,9.48,0.0,0.1875,0.125,178,,stopped,0.0,0.0,0.319,
2026-08-06T18:40:21.433,997.676,guiding_to_goal,35.919146383333334,139.90921968333333,22.174,0.020577777777777778,True,29,1,35.91912968333333,139.90919718333333,2.748369081359016,,33.34,1008.4933203125,55.6474609375,95.0,-0.125,-9.6875,-0.12,1.61,9.48,0.0625,0.125,-0.25,178,,stopped,0.0,0.0,0.319,
2026-08-06T18:40:21.948,998.191,guiding_to_goal,35.919146383333334,139.90921968333333,22.174,0.020577777777777778,True,29,1,35.91912968333333,139.90919718333333,2.748369081359016,,33.34,1008.5012890625,55.5908203125,95.0,-0.125,-9.6875,-0.11,1.61,9.47,0.0,-0.0625,0.0,178,,stopped,0.0,0.0,0.319,
2026-08-06T18:40:22.448,998.691,guiding_to_goal,35.919146383333334,139.9092195,22.171,0.015433333333333332,True,29,1,35.91912968333333,139.90919718333333,2.7362208976891433,,33.33,1008.4228515625,55.7255859375,95.0,-0.125,-9.6875,-0.13,1.6,9.49,0.0,-0.125,0.125,178,,stopped,0.0,0.0,0.319,
2026-08-06T18:40:22.948,999.191,guiding_to_goal,35.919146383333334,139.9092195,22.171,0.015433333333333332,True,29,1,35.91912968333333,139.90919718333333,2.7362208976891433,,33.33,1008.43078125,55.623046875,95.0,-0.125,-9.6875,0.1,1.44,9.64,-3.9375,3.375,-1.75,178,,turn_right,15.0,-15.0,0.319,
2026-08-06T18:40:23.449,999.692,guiding_to_goal,35.91914658333334,139.90921918333333,22.176,0.020577777777777778,True,29,1,35.91912968333333,139.90919718333333,2.7306029580679207,,33.33,1008.395546875,55.6337890625,131.0,-0.75,-10.0,0.86,2.0,9.46,-7.3125,-25.625,-47.6875,50,,turn_right,25.0,-25.0,4.667,
2026-08-06T18:40:23.949,1000.192,guiding_to_goal,35.91914658333334,139.90921918333333,22.176,0.020577777777777778,True,29,1,35.91912968333333,139.90919718333333,2.7306029580679207,,33.32,1008.4145703125,55.6455078125,137.8125,0.1875,-9.5,-0.28,1.81,9.84,-21.0,-33.625,-110.0625,50,,turn_right,25.0,-25.0,3.296,
2026-08-06T18:40:24.450,1000.693,guiding_to_goal,35.91914668333333,139.9092191,22.174,0.030866666666666664,True,29,1,35.91912968333333,139.90919718333333,2.7328429046745386,,33.3,1008.390703125,55.5732421875,159.5625,-0.375,-9.9375,-0.19,1.69,9.47,0.0,-0.1875,0.0625,50,,stopped,0.0,0.0,3.128,
2026-08-06T18:40:25.015,1001.257,guiding_to_goal,35.91914668333333,139.9092191,22.174,0.030866666666666664,True,29,1,35.91912968333333,139.90919718333333,2.7328429046745386,,33.3,1008.382734375,55.7119140625,159.5625,-0.375,-9.9375,-0.18,1.67,9.49,-0.0625,-0.125,-0.0625,50,,stopped,0.0,0.0,3.127,
2026-08-06T18:40:25.515,1001.758,guiding_to_goal,35.9191468,139.90921888333332,22.172,0.0051444444444444445,True,29,1,35.91912968333333,139.90919718333333,2.727821502258787,,33.29,1008.4020703125,55.76953125,159.625,-0.5625,-9.9375,-0.19,1.71,9.48,0.0,0.125,-0.1875,50,,stopped,0.0,0.0,3.132,
2026-08-06T18:40:26.016,1002.259,guiding_to_goal,35.9191468,139.90921888333332,22.172,0.0051444444444444445,True,29,1,35.91912968333333,139.90919718333333,2.727821502258787,,33.29,1008.456640625,55.78125,159.625,-0.5625,-9.9375,-0.19,1.68,9.46,0.0,-0.125,0.0,50,,stopped,0.0,0.0,3.133,
2026-08-06T18:40:26.516,1002.759,guiding_to_goal,35.9191468,139.90921888333332,22.172,0.025722222222222226,True,29,1,35.91912968333333,139.90919718333333,2.727821502258787,,33.28,1008.4324609375,55.7900390625,159.625,-0.5625,-9.9375,-0.19,1.66,9.45,0.125,-0.0625,0.1875,50,,stopped,0.0,0.0,3.127,
2026-08-06T18:40:27.025,1003.268,guiding_to_goal,35.9191468,139.90921888333332,22.172,0.025722222222222226,True,29,1,35.91912968333333,139.90919718333333,2.727821502258787,,33.28,1008.413125,55.791015625,159.625,-0.5625,-9.9375,-0.18,1.71,9.47,0.0,0.1875,0.0,50,,stopped,0.0,0.0,3.13,
2026-08-06T18:40:27.527,1003.770,guiding_to_goal,35.9191468,139.90921888333332,22.172,0.03601111111111111,True,28,1,35.91912968333333,139.90919718333333,2.727821502258787,,33.29,1008.448671875,55.7685546875,159.625,-0.5625,-9.9375,-0.18,1.69,9.5,-0.0625,0.0,-0.0625,50,,stopped,0.0,0.0,3.13,
2026-08-06T18:40:28.028,1004.271,guiding_to_goal,35.9191468,139.90921888333332,22.172,0.03601111111111111,True,28,1,35.91912968333333,139.90919718333333,2.727821502258787,,33.29,1008.456640625,55.79296875,159.625,-0.5625,-9.9375,-0.2,1.67,9.45,0.0,0.0625,0.0625,50,,stopped,0.0,0.0,3.13,
2026-08-06T18:40:28.529,1004.772,guiding_to_goal,35.9191469,139.90921888333332,22.174,0.05144444444444445,True,28,1,35.91912968333333,139.90919718333333,2.735591516912485,,33.31,1008.4259375,55.7822265625,159.625,-0.5625,-9.9375,-0.17,1.7,9.47,0.0,-0.125,0.0,50,,stopped,0.0,0.0,3.131,
2026-08-06T18:40:29.030,1005.273,guiding_to_goal,35.9191469,139.90921888333332,22.174,0.05144444444444445,True,28,1,35.91912968333333,139.90919718333333,2.735591516912485,,31.73,1006.171015625,55.740234375,159.625,-0.5625,-9.9375,-0.2,1.7,9.47,0.0,-0.3125,0.0,50,,stopped,0.0,0.0,3.133,
2026-08-06T18:40:29.530,1005.773,guiding_to_goal,35.9191469,139.90921878333333,22.175,0.020577777777777778,True,28,1,35.91912968333333,139.90919718333333,2.729166245240433,,33.31,1008.480546875,55.7822265625,159.625,-0.5625,-9.9375,-0.19,1.68,9.47,0.125,-0.0625,-0.0625,50,,stopped,0.0,0.0,3.136,
2026-08-06T18:40:30.031,1006.274,guiding_to_goal,35.9191469,139.90921878333333,22.175,0.020577777777777778,True,28,1,35.91912968333333,139.90919718333333,2.729166245240433,,33.31,1008.461171875,55.783203125,159.625,-0.5625,-9.9375,-0.18,1.69,9.47,0.125,0.125,-0.0625,50,,stopped,0.0,0.0,3.134,
2026-08-06T18:40:30.531,1006.784,guiding_to_goal,35.919146983333334,139.90921888333332,22.179,0.03601111111111111,True,28,1,35.91912968333333,139.90919718333333,2.7420841548215074,,33.31,1008.4259375,55.8056640625,159.625,-0.5625,-9.9375,-0.18,1.7,9.47,0.0,-0.0625,-0.0625,50,,stopped,0.0,0.0,3.132,
2026-08-06T18:40:31.033,1007.276,guiding_to_goal,35.919146983333334,139.90921888333332,22.179,0.03601111111111111,True,28,1,35.91912968333333,139.90919718333333,2.7420841548215074,,33.3,1008.4452734375,55.828125,159.625,-0.5625,-9.9375,-0.19,1.68,9.46,-0.0625,-0.0625,-0.125,50,,stopped,0.0,0.0,3.136,
2026-08-06T18:40:31.534,1007.777,guiding_to_goal,35.919146983333334,139.909219,22.182,0.05658888888888889,True,28,1,35.91912968333333,139.90919718333333,2.7495809038477126,,33.3,1008.4180078125,55.8623046875,159.625,-0.5625,-9.9375,-0.18,1.68,9.47,-0.0625,-0.0625,0.0625,50,,stopped,0.0,0.0,3.126,
2026-08-06T18:40:32.034,1008.277,guiding_to_goal,35.919146983333334,139.909219,22.182,0.05658888888888889,True,28,1,35.91912968333333,139.90919718333333,2.7495809038477126,,33.3,1008.4373046875,55.8623046875,159.625,-0.5625,-9.9375,-0.21,1.67,9.5,0.0,-0.0625,0.0,50,,stopped,0.0,0.0,3.122,
2026-08-06T18:40:32.534,1008.777,guiding_to_goal,35.919146983333334,139.909219,22.182,0.12346666666666666,True,28,1,35.91912968333333,139.90919718333333,2.7495809038477126,,33.3,1008.4452734375,55.8623046875,151.375,0.0625,-10.5,-1.13,1.09,8.42,-1.625,21.5,82.75,50,,turn_left,-25.0,25.0,3.367,
2026-08-06T18:40:33.035,1009.278,guiding_to_goal,35.919146983333334,139.909219,22.182,0.12346666666666666,True,28,1,35.91912968333333,139.90919718333333,2.7495809038477126,,33.3,1008.4725390625,56.0009765625,142.4375,0.0,-10.1875,-1.17,2.19,8.67,6.8125,28.6875,85.5625,114,,turn_left,-25.0,25.0,4.095,
2026-08-06T18:40:33.535,1009.778,guiding_to_goal,35.9191468,139.9092191,22.188,0.025722222222222226,True,29,1,35.91912968333333,139.90919718333333,2.741832185255845,,33.31,1008.4884765625,55.8525390625,54.75,-0.4375,-10.625,-0.5,1.37,9.59,-0.6875,4.125,53.0625,114,,turn_left,-25.0,25.0,2.471,
2026-08-06T18:40:34.070,1010.313,guiding_to_goal,35.9191468,139.9092191,22.188,0.025722222222222226,True,29,1,35.91912968333333,139.90919718333333,2.741832185255845,,33.31,1008.43390625,55.9453125,52.625,-0.25,-10.6875,0.51,2.34,9.4,3.375,11.25,57.4375,114,,turn_left,-25.0,25.0,2.212,
2026-08-06T18:40:34.570,1010.813,guiding_to_goal,35.91914668333333,139.90921928333333,22.192,0.05658888888888889,True,29,1,35.91912968333333,139.90919718333333,2.7447893922836206,,33.33,1008.4228515625,55.6103515625,33.1875,-0.375,-11.125,-0.19,1.76,9.46,0.0,0.0,0.0,50,,stopped,0.0,0.0,0.685,
2026-08-06T18:40:35.072,1011.315,guiding_to_goal,35.91914668333333,139.90921928333333,22.192,0.05658888888888889,True,29,1,35.91912968333333,139.90919718333333,2.7447893922836206,,33.32,1008.4145703125,55.8759765625,33.1875,-0.375,-11.125,-0.2,1.78,9.42,0.0625,-0.0625,0.1875,50,,stopped,0.0,0.0,0.685,
2026-08-06T18:40:35.573,1011.815,guiding_to_goal,35.919146483333336,139.9092196,22.203,0.1028888888888889,True,29,1,35.91912968333333,139.90919718333333,2.75038181046367,,33.31,1008.4532421875,56.4287109375,33.25,-0.625,-11.0,-0.21,1.77,9.47,0.0625,0.0625,0.0625,50,,stopped,0.0,0.0,0.683,
2026-08-06T18:40:36.073,1012.316,guiding_to_goal,35.919146483333336,139.9092196,22.203,0.1028888888888889,True,29,1,35.91912968333333,139.90919718333333,2.75038181046367,,33.31,1008.5078125,55.966796875,33.25,-0.625,-11.0,-0.19,1.76,9.43,0.125,0.0625,-0.0625,50,,stopped,0.0,0.0,0.683,
2026-08-06T18:40:36.574,1012.817,guiding_to_goal,35.919146483333336,139.90921978333333,22.211,0.0926,True,28,1,35.91912968333333,139.90919718333333,2.7625215373993415,,33.33,1008.45015625,55.98046875,33.25,-0.625,-11.0,-0.2,1.77,9.45,-0.0625,0.125,0.0,50,,stopped,0.0,0.0,0.682,
2026-08-06T18:40:37.093,1013.336,guiding_to_goal,35.919146483333336,139.90921978333333,22.211,0.0926,True,28,1,35.91912968333333,139.90919718333333,2.7625215373993415,,33.32,1008.441875,55.9912109375,33.25,-0.625,-11.0,-0.17,1.77,9.45,0.0,-0.0625,-0.0625,50,,stopped,0.0,0.0,0.682,
2026-08-06T18:40:37.604,1013.847,guiding_to_goal,35.919146383333334,139.90922,22.217,0.07202222222222222,True,29,1,35.91912968333333,139.90919718333333,2.7694586027488013,,33.33,1008.4580859375,55.9697265625,33.25,-0.625,-11.0,-0.2,1.78,9.47,-0.0625,-0.0625,-0.0625,50,,stopped,0.0,0.0,0.684,
2026-08-06T18:40:38.104,1014.347,guiding_to_goal,35.919146383333334,139.90922,22.217,0.07202222222222222,True,29,1,35.91912968333333,139.90919718333333,2.7694586027488013,,33.34,1008.4660546875,55.982421875,33.25,-0.625,-11.0,-0.2,1.77,9.47,-0.0625,0.0625,-0.0625,50,,stopped,0.0,0.0,0.683,
2026-08-06T18:40:38.610,1014.853,guiding_to_goal,35.919146383333334,139.90922008333334,22.221,0.0463,True,29,1,35.91912968333333,139.90919718333333,2.7750305412690577,,33.35,1008.481953125,55.9833984375,33.25,-0.625,-11.0,-0.21,1.76,9.46,0.0625,0.25,0.0625,50,,stopped,0.0,0.0,0.685,
2026-08-06T18:40:39.112,1015.355,guiding_to_goal,35.919146383333334,139.90922008333334,22.221,0.0463,True,29,1,35.91912968333333,139.90919718333333,2.7750305412690577,,33.34,1008.520625,55.994140625,33.25,-0.625,-11.0,-0.2,1.78,9.47,0.0625,0.0625,0.125,50,,stopped,0.0,0.0,0.684,
2026-08-06T18:40:39.621,1015.864,guiding_to_goal,35.9191463,139.90922018333333,22.226,0.0926,True,29,1,35.91912968333333,139.90919718333333,2.7755517110014245,,33.34,1008.44671875,55.9833984375,33.25,-0.625,-11.0,-0.19,1.74,9.44,0.0625,-0.0625,0.0,50,,stopped,0.0,0.0,0.683,
2026-08-06T18:40:40.132,1016.374,guiding_to_goal,35.9191463,139.90922018333333,22.226,0.0926,True,29,1,35.91912968333333,139.90919718333333,2.7755517110014245,,33.34,1008.44671875,55.9716796875,33.25,-0.625,-11.0,-0.2,1.75,9.45,0.0,0.0625,0.0,50,,stopped,0.0,0.0,0.684,
2026-08-06T18:40:40.641,1016.884,guiding_to_goal,35.9191463,139.90922028333333,22.237,0.07716666666666668,True,29,1,35.91912968333333,139.90919718333333,2.7822779177663017,,33.34,1008.4740234375,55.9833984375,33.25,-0.625,-11.0,-0.2,1.75,9.47,-0.125,-0.0625,0.0625,178,,stopped,0.0,0.0,0.685,
2026-08-06T18:40:41.160,1017.403,guiding_to_goal,35.9191463,139.90922028333333,22.237,0.07716666666666668,True,29,1,35.91912968333333,139.90919718333333,2.7822779177663017,,33.34,1008.4194140625,55.9716796875,33.25,-0.625,-11.0,-0.21,1.78,9.47,0.0625,-0.125,0.0,50,,stopped,0.0,0.0,0.685,
2026-08-06T18:40:41.661,1017.904,guiding_to_goal,35.919146383333334,139.90922028333333,22.243,0.08745555555555556,True,29,1,35.91912968333333,139.90919718333333,2.7884401633719755,,33.35,1008.4273828125,56.064453125,33.25,-0.625,-11.0,-0.21,1.75,9.41,0.0625,-0.0625,-0.0625,50,,stopped,0.0,0.0,0.684,
2026-08-06T18:40:42.171,1018.414,guiding_to_goal,35.919146383333334,139.90922028333333,22.243,0.08745555555555556,True,29,1,35.91912968333333,139.90919718333333,2.7884401633719755,,33.34,1008.43875,55.935546875,33.25,-0.625,-11.0,-0.19,1.78,9.45,0.0,0.0,0.0,50,,stopped,0.0,0.0,0.683,
2026-08-06T18:40:42.682,1018.925,guiding_to_goal,35.919146383333334,139.90922028333333,22.245,0.1028888888888889,True,29,1,35.91912968333333,139.90919718333333,2.7884401633719755,,33.34,1008.5012890625,55.9951171875,33.25,-0.625,-11.0,-0.2,1.78,9.48,-0.0625,0.125,0.0,50,,stopped,0.0,0.0,0.684,
2026-08-06T18:40:43.182,1019.425,guiding_to_goal,35.919146383333334,139.90922028333333,22.245,0.1028888888888889,True,29,1,35.91912968333333,139.90919718333333,2.7884401633719755,,33.34,1008.4194140625,55.90234375,33.25,-0.625,-11.0,-0.2,1.79,9.45,0.0,-0.0625,0.0625,50,,stopped,0.0,0.0,0.684,
2026-08-06T18:40:43.682,1019.925,guiding_to_goal,35.9191463,139.90922018333333,22.269,0.07202222222222222,True,29,1,35.91912968333333,139.90919718333333,2.7755517110014245,,33.36,1008.416015625,56.3310546875,33.25,-0.625,-11.0,-0.21,1.76,9.46,0.0625,0.125,-0.0625,50,,stopped,0.0,0.0,0.684,
2026-08-06T18:40:44.582,1020.825,guiding_to_goal,35.9191463,139.90922018333333,22.269,0.07202222222222222,True,29,1,35.91912968333333,139.90919718333333,2.7755517110014245,,33.35,1008.481953125,55.94921875,33.25,-0.625,-11.0,-0.21,1.77,9.45,0.0625,0.0625,0.0625,50,,stopped,0.0,0.0,0.684,
2026-08-06T18:40:45.092,1021.335,guiding_to_goal,,,,,False,,,35.91912968333333,139.90919718333333,,,33.35,1008.4273828125,55.9140625,33.25,-0.625,-11.0,-0.19,1.76,9.47,0.0,0.0,-0.0625,50,,stopped,0.0,0.0,0.684,
2026-08-06T18:40:45.594,1021.837,guiding_to_goal,,,,,False,,,35.91912968333333,139.90919718333333,,,33.36,1008.4515625,55.8125,33.25,-0.625,-11.0,-0.2,1.74,9.45,-0.0625,0.0625,0.0625,50,,stopped,0.0,0.0,0.682,
2026-08-06T18:40:46.095,1022.338,guiding_to_goal,35.9191463,139.90922028333333,22.278,0.05144444444444445,True,28,1,35.91912968333333,139.90919718333333,2.7822779177663017,,33.35,1008.4353515625,55.7412109375,33.25,-0.625,-11.0,-0.21,1.77,9.46,0.0,0.0625,0.0,50,,stopped,0.0,0.0,0.684,
2026-08-06T18:40:46.943,1023.186,guiding_to_goal,35.9191463,139.90922028333333,22.278,0.05144444444444445,True,28,1,35.91912968333333,139.90919718333333,2.7822779177663017,,33.35,1008.481953125,55.787109375,33.25,-0.625,-11.0,-0.21,1.77,9.43,-0.0625,-0.0625,0.0,50,,stopped,0.0,0.0,0.683,
2026-08-06T18:40:47.444,1023.687,guiding_to_goal,35.9191463,139.90922028333333,22.282,0.18005555555555552,True,28,1,35.91912968333333,139.90919718333333,2.7822779177663017,,33.36,1008.4515625,55.697265625,33.25,-0.625,-11.0,-0.19,1.76,9.49,-0.125,-0.0625,-0.0625,114,,stopped,0.0,0.0,0.681,
2026-08-06T18:40:47.944,1024.187,guiding_to_goal,35.9191463,139.90922028333333,22.282,0.18005555555555552,True,28,1,35.91912968333333,139.90919718333333,2.7822779177663017,,33.36,1008.5061328125,55.697265625,33.25,-0.625,-11.0,-0.2,1.79,9.47,0.0625,-0.125,0.125,114,,stopped,0.0,0.0,0.682,
2026-08-06T18:40:48.444,1024.687,guiding_to_goal,35.919146383333334,139.90922058333334,22.287,0.010288888888888889,True,28,1,35.91912968333333,139.90919718333333,2.8086510970976546,,33.34,1008.392109375,55.7060546875,33.25,-0.625,-11.0,-0.19,1.78,9.45,0.0625,0.0,0.0,50,,stopped,0.0,0.0,0.683,
2026-08-06T18:40:48.945,1025.188,guiding_to_goal,35.919146383333334,139.90922058333334,22.287,0.010288888888888889,True,28,1,35.91912968333333,139.90919718333333,2.8086510970976546,,33.35,1008.4546484375,55.68359375,33.25,-0.625,-11.0,-0.23,1.77,9.46,-0.0625,0.0,-0.0625,50,,stopped,0.0,0.0,0.683,
2026-08-06T18:40:49.445,1025.688,guiding_to_goal,35.9191463,139.90922068333333,22.289,0.0051444444444444445,True,28,1,35.91912968333333,139.90919718333333,2.809310359210373,,33.34,1008.411484375,55.6015625,33.25,-0.625,-11.0,-0.18,1.76,9.46,0.0,0.0,0.0,50,,stopped,0.0,0.0,0.682,
2026-08-06T18:40:49.995,1026.238,guiding_to_goal,35.9191463,139.90922068333333,22.289,0.0051444444444444445,True,28,1,35.91912968333333,139.90919718333333,2.809310359210373,,33.34,1008.4660546875,55.6591796875,33.25,-0.625,-11.0,-0.21,1.77,9.45,0.0625,-0.0625,0.0625,50,,stopped,0.0,0.0,0.682,
2026-08-06T18:40:50.495,1026.738,guiding_to_goal,35.9191462,139.90922068333333,22.29,0.16462222222222223,True,28,1,35.91912968333333,139.90919718333333,2.802009566972455,,33.33,1008.395546875,55.69140625,33.25,-0.625,-11.0,-0.22,1.78,9.47,0.0625,0.0,0.0,50,,turn_right,5.0,-5.0,0.685,
2026-08-06T18:40:50.996,1027.239,guiding_to_goal,35.9191462,139.90922068333333,22.29,0.16462222222222223,True,28,1,35.91912968333333,139.90919718333333,2.802009566972455,,33.33,1008.43078125,55.658203125,33.25,-0.6875,-11.0625,-0.07,1.88,9.32,1.75,1.3125,-0.5625,50,,turn_right,15.0,-15.0,0.685,
2026-08-06T18:40:51.496,1027.739,guiding_to_goal,35.91914598333334,139.90922088333335,22.297,0.11317777777777778,True,28,1,35.91912968333333,139.90919718333333,2.7999811034336295,,33.33,1008.43078125,55.5654296875,35.25,-0.875,-10.75,-0.26,1.73,9.44,0.0,0.0625,0.125,50,,stopped,0.0,0.0,0.664,
2026-08-06T18:40:51.996,1028.239,guiding_to_goal,35.91914598333334,139.90922088333335,22.297,0.11317777777777778,True,28,1,35.91912968333333,139.90919718333333,2.7999811034336295,,33.33,1008.485390625,55.912109375,35.25,-0.875,-10.75,-0.23,1.76,9.45,0.0,0.0,0.0625,50,,stopped,0.0,0.0,0.664,
2026-08-06T18:40:52.497,1028.740,guiding_to_goal,35.919145783333335,139.909221,22.297,0.03601111111111111,True,28,1,35.91912968333333,139.90919718333333,2.7936942098781445,,33.32,1008.441875,55.66796875,35.25,-0.875,-10.75,-0.23,1.74,9.42,0.0,-0.0625,0.125,50,,stopped,0.0,0.0,0.664,
2026-08-06T18:40:52.997,1029.240,guiding_to_goal,35.919145783333335,139.909221,22.297,0.03601111111111111,True,28,1,35.91912968333333,139.90919718333333,2.7936942098781445,,33.33,1008.4580859375,55.6689453125,35.25,-0.875,-10.75,-0.25,1.73,9.47,0.0625,0.125,-0.0625,50,,stopped,0.0,0.0,0.664,
2026-08-06T18:40:53.502,1029.745,guiding_to_goal,35.9191457,139.90922088333335,22.3,0.030866666666666664,True,28,1,35.91912968333333,139.90919718333333,2.779690944807556,,33.34,1008.43875,55.6708984375,35.25,-0.875,-10.75,-0.27,1.75,9.45,0.0,0.0,0.0,50,,stopped,0.0,0.0,0.664,
2026-08-06T18:40:54.002,1030.245,guiding_to_goal,35.9191457,139.90922088333335,22.3,0.030866666666666664,True,28,1,35.91912968333333,139.90919718333333,2.779690944807556,,33.34,1008.43875,55.5087890625,35.25,-0.875,-10.75,-0.25,1.73,9.45,-0.0625,-0.125,0.0,50,,stopped,0.0,0.0,0.664,
2026-08-06T18:40:54.503,1030.746,guiding_to_goal,35.9191457,139.90922088333335,22.299,0.0463,True,28,1,35.91912968333333,139.90919718333333,2.779690944807556,,33.33,1008.37625,55.6806640625,35.25,-0.875,-10.75,-0.26,1.74,9.47,0.0,-0.0625,-0.0625,50,,stopped,0.0,0.0,0.664,
2026-08-06T18:40:55.003,1031.246,guiding_to_goal,35.9191457,139.90922088333335,22.299,0.0463,True,28,1,35.91912968333333,139.90919718333333,2.779690944807556,,33.33,1008.4580859375,55.6806640625,35.25,-0.875,-10.75,-0.24,1.75,9.48,0.0,-0.0625,-0.0625,50,,stopped,0.0,0.0,0.664,
2026-08-06T18:40:55.509,1031.752,guiding_to_goal,35.9191457,139.90922088333335,22.295,0.0463,True,28,1,35.91912968333333,139.90919718333333,2.779690944807556,,33.34,1008.52859375,55.7060546875,35.25,-0.875,-10.75,-0.26,1.76,9.46,0.0625,0.0625,0.0625,50,,stopped,0.0,0.0,0.664,
2026-08-06T18:40:56.009,1032.252,guiding_to_goal,35.9191457,139.90922088333335,22.295,0.0463,True,28,1,35.91912968333333,139.90919718333333,2.779690944807556,,33.34,1008.44671875,55.68359375,35.25,-0.875,-10.75,-0.25,1.76,9.47,0.125,0.125,0.125,50,,stopped,0.0,0.0,0.664,
2026-08-06T18:40:56.510,1032.753,guiding_to_goal,35.9191457,139.90922078333332,22.29,0.11317777777777778,True,28,1,35.91912968333333,139.90919718333333,2.7727829936767106,,33.35,1008.4546484375,55.6943359375,35.25,-0.875,-10.75,-0.26,1.75,9.45,0.0,0.125,0.0,50,,stopped,0.0,0.0,0.664,
2026-08-06T18:40:57.074,1033.317,guiding_to_goal,35.9191457,139.90922078333332,22.29,0.11317777777777778,True,28,1,35.91912968333333,139.90919718333333,2.7727829936767106,,33.33,1008.485390625,55.5654296875,35.25,-0.875,-10.75,-0.23,1.77,9.44,0.0,0.0,-0.0625,50,,stopped,0.0,0.0,0.664,
2026-08-06T18:40:57.575,1033.818,guiding_to_goal,35.91914538333333,139.9092205,22.287,0.15947777777777777,True,28,1,35.91912968333333,139.90919718333333,2.7306314335243256,,33.34,1008.82078125,55.705078125,35.25,-0.875,-10.75,-0.26,1.73,9.46,0.0,-0.0625,-0.125,50,,stopped,0.0,0.0,0.664,
2026-08-06T18:40:58.075,1034.318,guiding_to_goal,35.91914538333333,139.9092205,22.287,0.15947777777777777,True,28,1,35.91912968333333,139.90919718333333,2.7306314335243256,,33.35,1008.481953125,55.7060546875,35.25,-0.875,-10.75,-0.24,1.74,9.47,0.0625,-0.125,-0.0625,50,,stopped,0.0,0.0,0.664,
2026-08-06T18:40:58.576,1034.819,guiding_to_goal,35.919145183333335,139.90922018333333,22.282,0.06687777777777779,True,28,1,35.91912968333333,139.90919718333333,2.6944866846993114,,33.34,1008.392109375,55.7412109375,35.25,-0.875,-10.75,-0.26,1.75,9.46,-0.0625,-0.125,0.0625,50,,stopped,0.0,0.0,0.664,
2026-08-06T18:40:59.076,1035.319,guiding_to_goal,35.919145183333335,139.90922018333333,22.282,0.06687777777777779,True,28,1,35.91912968333333,139.90919718333333,2.6944866846993114,,33.34,1008.411484375,55.7509765625,43.25,-0.875,-10.75,-0.26,1.72,9.46,0.0625,0.0,0.125,50,,stopped,0.0,0.0,0.663,
2026-08-06T18:40:59.577,1035.820,guiding_to_goal,35.919145183333335,139.90922018333333,22.28,0.07716666666666668,True,28,1,35.91912968333333,139.90919718333333,2.6944866846993114,,33.34,1008.4660546875,55.7626953125,36.625,-1.0625,-10.625,-0.28,1.74,9.49,-0.0625,-0.0625,0.25,114,,stopped,0.0,0.0,0.661,
2026-08-06T18:41:00.077,1036.320,guiding_to_goal,35.919145183333335,139.90922018333333,22.28,0.07716666666666668,True,28,1,35.91912968333333,139.90919718333333,2.6944866846993114,,33.33,1008.51265625,55.7734375,36.625,-1.0625,-10.625,-0.31,1.73,9.45,0.0625,0.0625,0.1875,114,,stopped,0.0,0.0,0.661,
2026-08-06T18:41:00.578,1036.821,guiding_to_goal,35.919145,139.90921968333333,22.283,0.0463,True,28,1,35.91912968333333,139.90919718333333,2.646869990685738,,33.35,1008.4546484375,55.787109375,36.625,-1.0625,-10.625,-0.26,1.74,9.46,0.125,0.0625,0.0625,114,,stopped,0.0,0.0,0.662,
2026-08-06T18:41:01.080,1037.323,guiding_to_goal,35.919145,139.90921968333333,22.283,0.0463,True,28,1,35.91912968333333,139.90919718333333,2.646869990685738,,33.34,1008.4660546875,55.7861328125,36.625,-1.0625,-10.625,-0.26,1.73,9.47,0.0625,0.0625,0.125,114,,stopped,0.0,0.0,0.662,
2026-08-06T18:41:01.581,1037.824,guiding_to_goal,35.91914478333333,139.9092195,22.283,0.025722222222222226,True,28,1,35.91912968333333,139.90919718333333,2.6187418163996328,,33.35,1008.481953125,55.8564453125,36.625,-1.0625,-10.625,-0.27,1.73,9.45,0.0,0.0625,0.0,114,,stopped,0.0,0.0,0.662,
2026-08-06T18:41:02.081,1038.324,guiding_to_goal,35.91914478333333,139.9092195,22.283,0.025722222222222226,True,28,1,35.91912968333333,139.90919718333333,2.6187418163996328,,33.35,1008.4546484375,55.8681640625,36.625,-1.0625,-10.625,-0.26,1.76,9.46,0.125,-0.0625,0.0,114,,stopped,0.0,0.0,0.662,
2026-08-06T18:41:02.584,1038.827,guiding_to_goal,35.919144683333336,139.9092195,22.284,0.10803333333333333,True,28,1,35.91912968333333,139.90919718333333,2.6116263381309985,,33.34,1008.411484375,55.935546875,36.625,-1.0625,-10.625,-0.27,1.72,9.47,-0.0625,-0.0625,-0.0625,114,,stopped,0.0,0.0,0.661,
2026-08-06T18:41:03.087,1039.330,guiding_to_goal,35.919144683333336,139.9092195,22.284,0.10803333333333333,True,28,1,35.91912968333333,139.90919718333333,2.6116263381309985,,33.34,1008.5012890625,55.92578125,36.625,-1.0625,-10.625,-0.26,1.73,9.5,-0.0625,0.0,-0.125,114,,stopped,0.0,0.0,0.661,
2026-08-06T18:41:03.591,1039.834,guiding_to_goal,35.9191445,139.90921938333332,22.285,0.08231111111111111,True,28,1,35.91912968333333,139.90919718333333,2.5905382261110477,,33.33,1008.43078125,55.796875,36.625,-1.0625,-10.625,-0.28,1.73,9.45,0.0625,0.0,0.0,50,,stopped,0.0,0.0,0.662,
2026-08-06T18:41:04.092,1040.335,guiding_to_goal,35.9191445,139.90921938333332,22.285,0.08231111111111111,True,28,1,35.91912968333333,139.90919718333333,2.5905382261110477,,33.35,1008.4273828125,55.890625,36.625,-1.0625,-10.625,-0.27,1.71,9.45,-0.1875,0.0625,0.0,50,,stopped,0.0,0.0,0.662,
2026-08-06T18:41:04.601,1040.844,guiding_to_goal,35.9191444,139.90921938333332,22.287,0.030866666666666664,True,28,1,35.91912968333333,139.90919718333333,2.5834806698791826,,33.37,1008.486796875,55.8583984375,36.625,-1.0625,-10.625,-0.27,1.73,9.45,-0.0625,0.1875,0.0625,50,,stopped,0.0,0.0,0.661,
2026-08-06T18:41:05.141,1041.384,guiding_to_goal,35.9191444,139.90921938333332,22.287,0.030866666666666664,True,28,1,35.91912968333333,139.90919718333333,2.5834806698791826,,33.37,1008.486796875,55.8818359375,36.625,-1.0625,-10.625,-0.27,1.71,9.48,0.125,-0.0625,0.125,50,,stopped,0.0,0.0,0.661,
2026-08-06T18:41:05.651,1041.894,guiding_to_goal,35.91914428333333,139.909219,22.288,0.05658888888888889,True,28,1,35.91912968333333,139.90919718333333,2.5485794297024373,,33.36,1008.478828125,55.8125,36.625,-1.0625,-10.625,-0.29,1.73,9.47,-0.0625,0.125,-0.0625,50,,stopped,0.0,0.0,0.66,
2026-08-06T18:41:06.152,1042.395,guiding_to_goal,35.91914428333333,139.909219,22.288,0.05658888888888889,True,28,1,35.91912968333333,139.90919718333333,2.5485794297024373,,33.36,1008.4515625,55.80078125,36.625,-1.0625,-10.625,-0.29,1.73,9.44,0.0,0.0625,-0.0625,50,,stopped,0.0,0.0,0.66,
2026-08-06T18:41:06.661,1042.904,guiding_to_goal,35.91914418333333,139.90921888333332,22.291,0.041155555555555556,True,28,1,35.91912968333333,139.90919718333333,2.533398375847011,,33.37,1008.4674609375,55.8828125,36.625,-1.0625,-10.625,-0.26,1.71,9.47,0.0625,0.0625,0.0625,50,,stopped,0.0,0.0,0.662,
2026-08-06T18:41:07.172,1043.415,guiding_to_goal,35.91914418333333,139.90921888333332,22.291,0.041155555555555556,True,28,1,35.91912968333333,139.90919718333333,2.533398375847011,,33.37,1008.412890625,55.7900390625,36.625,-1.0625,-10.625,-0.27,1.72,9.46,0.0625,-0.0625,-0.0625,50,,stopped,0.0,0.0,0.661,
2026-08-06T18:41:07.672,1043.915,guiding_to_goal,35.91914418333333,139.90921878333333,22.293,0.07716666666666668,True,28,1,35.91912968333333,139.90919718333333,2.52645894015606,,33.37,1008.45953125,55.53515625,31.9375,-0.8125,-9.25,-0.03,1.51,9.59,0.25,1.625,5.0,50,,stopped,0.0,0.0,0.546,
2026-08-06T18:41:08.172,1044.415,guiding_to_goal,35.91914418333333,139.90921878333333,22.293,0.07716666666666668,True,28,1,35.91912968333333,139.90919718333333,2.52645894015606,,33.26,1008.299453125,55.7998046875,31.875,-0.8125,-9.1875,-0.37,1.38,9.61,-0.9375,0.0625,0.75,50,,turn_right,5.0,-5.0,0.547,
2026-08-06T18:41:08.673,1044.916,guiding_to_goal,35.91914418333333,139.9092186,22.301,0.08745555555555556,True,28,1,35.91912968333333,139.90919718333333,2.5137706702569904,,33.35,1008.408046875,55.798828125,35.1875,-0.625,-10.0,-0.19,1.66,9.47,0.0,0.125,0.1875,50,,stopped,0.0,0.0,0.533,
2026-08-06T18:41:09.173,1045.416,guiding_to_goal,35.91914418333333,139.9092186,22.301,0.08745555555555556,True,28,1,35.91912968333333,139.90919718333333,2.5137706702569904,,33.36,1008.416015625,55.8232421875,35.1875,-0.625,-10.0,-0.21,1.65,9.49,-0.0625,-0.0625,-0.0625,50,,stopped,0.0,0.0,0.533,
2026-08-06T18:41:09.674,1045.917,guiding_to_goal,35.91914418333333,139.9092186,22.309,0.041155555555555556,True,28,1,35.91912968333333,139.90919718333333,2.5137706702569904,,33.35,1008.4273828125,55.810546875,35.1875,-0.6875,-10.0,-0.16,1.63,9.49,0.0625,0.0,0.0625,50,,stopped,0.0,0.0,0.533,
2026-08-06T18:41:10.174,1046.417,guiding_to_goal,35.91914418333333,139.9092186,22.309,0.041155555555555556,True,28,1,35.91912968333333,139.90919718333333,2.5137706702569904,,33.36,1008.416015625,55.8232421875,35.1875,-0.6875,-10.0,-0.18,1.63,9.48,0.0625,0.0,-0.0625,50,,stopped,0.0,0.0,0.533,
2026-08-06T18:41:10.675,1046.918,guiding_to_goal,35.919144083333336,139.90921848333332,22.318,0.025722222222222226,True,28,1,35.91912968333333,139.90919718333333,2.498579065226576,,33.34,1008.44671875,55.9599609375,35.1875,-0.6875,-10.0,-0.18,1.65,9.48,0.0625,0.0,-0.0625,50,,stopped,0.0,0.0,0.533,
2026-08-06T18:41:11.175,1047.418,guiding_to_goal,35.919144083333336,139.90921848333332,22.318,0.025722222222222226,True,28,1,35.91912968333333,139.90919718333333,2.498579065226576,,33.34,1008.392109375,55.9599609375,35.1875,-0.6875,-10.0,-0.16,1.67,9.49,0.0625,0.1875,0.0,50,,stopped,0.0,0.0,0.533,
2026-08-06T18:41:11.680,1047.923,guiding_to_goal,35.9191438,139.90921838333333,22.33,0.025722222222222226,True,28,1,35.91912968333333,139.90919718333333,2.471544725406014,,33.35,1008.489921875,55.890625,35.1875,-0.6875,-10.0,-0.17,1.65,9.47,0.0,0.125,0.0625,50,,stopped,0.0,0.0,0.533,
2026-08-06T18:41:12.577,1048.820,guiding_to_goal,35.9191438,139.90921838333333,22.33,0.025722222222222226,True,28,1,35.91912968333333,139.90919718333333,2.471544725406014,,33.36,1008.44328125,55.880859375,35.1875,-0.6875,-10.0,-0.17,1.64,9.46,-0.0625,0.0,0.0,50,,stopped,0.0,0.0,0.533,
2026-08-06T18:41:13.078,1049.321,guiding_to_goal,,,,,False,,,35.91912968333333,139.90919718333333,,,33.37,1008.45953125,55.82421875,35.1875,-0.6875,-10.0,-0.16,1.64,9.49,0.0625,0.1875,-0.0625,50,,stopped,0.0,0.0,0.531,
2026-08-06T18:41:13.579,1049.822,guiding_to_goal,,,,,False,,,35.91912968333333,139.90919718333333,,,33.36,1008.416015625,55.7998046875,35.1875,-0.6875,-10.0,-0.18,1.64,9.47,-0.0625,-0.0625,0.0625,50,,stopped,0.0,0.0,0.533,
2026-08-06T18:41:14.079,1050.322,guiding_to_goal,35.91914368333333,139.90921828333333,22.333,0.08231111111111111,True,28,1,35.91912968333333,139.90919718333333,2.456353662657875,,33.36,1008.4515625,55.8349609375,35.1875,-0.6875,-10.0,-0.17,1.64,9.47,0.0,-0.125,0.0625,50,,stopped,0.0,0.0,0.532,
2026-08-06T18:41:14.808,1051.051,guiding_to_goal,35.91914368333333,139.90921828333333,22.333,0.08231111111111111,True,28,1,35.91912968333333,139.90919718333333,2.456353662657875,,33.36,1008.3969921875,55.80078125,35.1875,-0.6875,-10.0,-0.22,1.65,9.47,0.0625,0.0,0.1875,50,,stopped,0.0,0.0,0.532,
2026-08-06T18:41:15.310,1051.553,guiding_to_goal,35.91914358333333,139.90921838333333,22.337,0.16976666666666668,True,28,1,35.91912968333333,139.90919718333333,2.4563140132633983,,33.36,1008.4515625,55.904296875,35.1875,-0.6875,-10.0,-0.19,1.65,9.47,0.0625,0.0,0.0625,50,,stopped,0.0,0.0,0.533,
2026-08-06T18:41:15.811,1052.054,guiding_to_goal,35.91914358333333,139.90921838333333,22.337,0.16976666666666668,True,28,1,35.91912968333333,139.90919718333333,2.4563140132633983,,33.36,1008.4242578125,55.8466796875,35.1875,-0.6875,-10.0,-0.17,1.64,9.51,0.0625,-0.125,-0.125,50,,stopped,0.0,0.0,0.533,
2026-08-06T18:41:16.311,1052.554,guiding_to_goal,35.919143983333335,139.90921848333332,22.339,0.12346666666666666,True,28,1,35.91912968333333,139.90919718333333,2.4914677952569804,,33.36,1008.44328125,55.9501953125,35.1875,-0.6875,-10.0,-0.19,1.62,9.49,-0.0625,-0.0625,0.125,50,,stopped,0.0,0.0,0.532,
2026-08-06T18:41:16.812,1053.055,guiding_to_goal,35.919143983333335,139.90921848333332,22.339,0.12346666666666666,True,28,1,35.91912968333333,139.90919718333333,2.4914677952569804,,33.36,1008.44328125,55.9384765625,35.1875,-0.6875,-10.0,-0.18,1.66,9.49,-0.0625,0.0,0.125,50,,stopped,0.0,0.0,0.532,
2026-08-06T18:41:17.312,1053.555,guiding_to_goal,35.919143983333335,139.90921838333333,22.341,0.05144444444444445,True,28,1,35.91912968333333,139.90919718333333,2.4845417990188174,,33.36,1008.4705859375,55.8916015625,35.125,-0.75,-11.1875,-2.61,4.15,7.59,12.3125,-29.6875,5.4375,114,,forward,36.029999999999994,35.97,0.349,
2026-08-06T18:41:17.812,1054.055,guiding_to_goal,35.919143983333335,139.90921838333333,22.341,0.05144444444444445,True,28,1,35.91912968333333,139.90919718333333,2.4845417990188174,,33.36,1008.4515625,55.951171875,34.125,-1.375,-10.25,0.18,-2.04,7.38,27.5625,18.375,-1.5,178,,stopped,0.0,0.0,0.298,
2026-08-06T18:41:18.313,1054.556,guiding_to_goal,35.919143983333335,139.90921848333332,22.345,0.15433333333333335,True,28,1,35.91912968333333,139.90919718333333,2.4914677952569804,,33.36,1008.4515625,55.916015625,32.125,-1.125,-9.0,-0.21,1.63,9.6,1.3125,0.25,-0.25,50,,turn_right,10.0,-10.0,0.224,
2026-08-06T18:41:18.814,1055.057,guiding_to_goal,35.919143983333335,139.90921848333332,22.345,0.15433333333333335,True,28,1,35.91912968333333,139.90919718333333,2.4914677952569804,,33.36,1008.497890625,55.9150390625,32.25,-1.1875,-8.9375,-0.35,1.72,9.54,13.25,-2.3125,-10.1875,50,,turn_right,25.0,-25.0,0.224,
2026-08-06T18:41:19.314,1055.557,guiding_to_goal,35.919143983333335,139.90921888333332,22.351,0.12861111111111112,True,28,1,35.91912968333333,139.90919718333333,2.5193032581714014,,33.36,1008.4242578125,55.7666015625,32.6875,-1.125,-9.1875,-0.24,1.51,9.52,0.0625,0.0,-0.1875,114,,stopped,0.0,0.0,0.222,
2026-08-06T18:41:19.814,1056.057,guiding_to_goal,35.919143983333335,139.90921888333332,22.351,0.12861111111111112,True,28,1,35.91912968333333,139.90919718333333,2.5193032581714014,,33.37,1008.4049609375,55.82421875,32.6875,-1.125,-9.1875,-0.28,1.52,9.49,0.0,0.125,-0.3125,114,,stopped,0.0,0.0,0.222,
2026-08-06T18:41:20.315,1056.558,guiding_to_goal,35.91914358333333,139.90921888333332,22.352,0.07202222222222222,True,28,1,35.91912968333333,139.90919718333333,2.4914693432180064,,33.38,1008.4833984375,55.7919921875,32.6875,-1.125,-9.1875,-0.24,1.53,9.49,0.0625,0.0625,0.0,114,,stopped,0.0,0.0,0.223,
2026-08-06T18:41:20.815,1057.058,guiding_to_goal,35.91914358333333,139.90921888333332,22.352,0.07202222222222222,True,28,1,35.91912968333333,139.90919718333333,2.4914693432180064,,33.38,1008.420859375,55.767578125,32.6875,-1.125,-9.1875,-0.25,1.54,9.48,0.0,0.0625,0.0625,114,,stopped,0.0,0.0,0.223,
2026-08-06T18:41:21.316,1057.559,guiding_to_goal,35.919143383333335,139.90921888333332,22.357,0.041155555555555556,True,28,1,35.91912968333333,139.90919718333333,2.477734549709367,,33.39,1008.4447265625,55.7119140625,32.6875,-1.125,-9.1875,-0.26,1.51,9.53,-0.0625,0.125,0.0625,114,,stopped,0.0,0.0,0.222,
2026-08-06T18:41:21.817,1058.060,guiding_to_goal,35.919143383333335,139.90921888333332,22.357,0.041155555555555556,True,28,1,35.91912968333333,139.90919718333333,2.477734549709367,,33.39,1008.4367578125,55.7109375,32.6875,-1.125,-9.1875,-0.26,1.52,9.5,0.1875,0.0,0.0625,114,,stopped,0.0,0.0,0.222,
2026-08-06T18:41:22.317,1058.560,guiding_to_goal,35.9191432,139.90921878333333,22.358,0.010288888888888889,True,28,1,35.91912968333333,139.90919718333333,2.4581215331104525,,33.38,1008.428828125,55.72265625,32.6875,-1.125,-9.1875,-0.24,1.54,9.51,0.0625,0.0,-0.125,114,,stopped,0.0,0.0,0.223,
2026-08-06T18:41:22.853,1059.096,guiding_to_goal,35.9191432,139.90921878333333,22.358,0.010288888888888889,True,28,1,35.91912968333333,139.90919718333333,2.4581215331104525,,33.38,1008.428828125,55.6875,32.6875,-1.125,-9.1875,-0.26,1.55,9.49,-0.0625,-0.25,0.0,114,,stopped,0.0,0.0,0.223,
2026-08-06T18:41:23.354,1059.597,guiding_to_goal,35.91914298333333,139.90921888333332,22.358,0.025722222222222226,True,28,1,35.91912968333333,139.90919718333333,2.450639498187268,,33.39,1008.47203125,55.7236328125,32.6875,-1.125,-9.1875,-0.26,1.53,9.51,-0.0625,0.0625,0.0,114,,stopped,0.0,0.0,0.224,
2026-08-06T18:41:23.892,1060.135,guiding_to_goal,35.91914298333333,139.90921888333332,22.358,0.025722222222222226,True,28,1,35.91912968333333,139.90919718333333,2.450639498187268,,33.4,1008.3983984375,55.7119140625,32.6875,-1.125,-9.1875,-0.25,1.52,9.5,-0.125,0.0,-0.125,114,,stopped,0.0,0.0,0.224,
2026-08-06T18:41:24.394,1060.637,guiding_to_goal,35.919142883333336,139.90921888333332,22.359,0.06173333333333333,True,28,1,35.91912968333333,139.90919718333333,2.4439452798309387,,33.42,1008.4848046875,55.6806640625,32.6875,-1.125,-9.1875,-0.25,1.53,9.52,0.0,-0.125,0.125,114,,stopped,0.0,0.0,0.223,
2026-08-06T18:41:24.894,1061.137,guiding_to_goal,35.919142883333336,139.90921888333332,22.359,0.06173333333333333,True,28,1,35.91912968333333,139.90919718333333,2.4439452798309387,,33.4,1008.4609375,55.689453125,32.6875,-1.125,-9.1875,-0.27,1.53,9.51,-0.0625,0.0,0.0625,114,,stopped,0.0,0.0,0.223,
2026-08-06T18:41:25.395,1061.638,guiding_to_goal,35.919142783333335,139.90921878333333,22.357,0.06687777777777779,True,28,1,35.91912968333333,139.90919718333333,2.4300695134855954,,33.41,1008.46890625,55.609375,32.6875,-1.125,-9.1875,-0.24,1.54,9.5,0.0,0.0,-0.0625,114,,stopped,0.0,0.0,0.222,
2026-08-06T18:41:25.895,1062.138,guiding_to_goal,35.919142783333335,139.90921878333333,22.357,0.06687777777777779,True,28,1,35.91912968333333,139.90919718333333,2.4300695134855954,,33.4,1008.4802734375,55.619140625,32.6875,-1.125,-9.1875,-0.25,1.53,9.5,0.0625,-0.125,-0.0625,114,,stopped,0.0,0.0,0.222,
2026-08-06T18:41:26.402,1062.645,guiding_to_goal,35.9191427,139.90921868333334,22.354,0.11317777777777778,True,28,1,35.91912968333333,139.90919718333333,2.417307990590989,,33.42,1008.5200390625,55.5419921875,32.6875,-1.125,-9.1875,-0.29,1.53,9.51,0.0625,0.0,0.0625,114,,stopped,0.0,0.0,0.224,
2026-08-06T18:41:26.912,1063.155,guiding_to_goal,35.9191427,139.90921868333334,22.354,0.11317777777777778,True,28,1,35.91912968333333,139.90919718333333,2.417307990590989,,33.42,1008.438203125,55.5654296875,32.6875,-1.125,-9.1875,-0.26,1.53,9.5,-0.0625,0.0625,0.0,114,,stopped,0.0,0.0,0.223,
2026-08-06T18:41:27.412,1063.655,guiding_to_goal,35.9191426,139.90921848333332,22.353,0.03601111111111111,True,28,1,35.91912968333333,139.90919718333333,2.396225977942838,,33.4,1008.4882421875,55.4013671875,32.6875,-1.125,-9.1875,-0.25,1.53,9.5,8.125,0.1875,0.0625,114,,stopped,0.0,0.0,0.224,
2026-08-06T18:41:27.912,1064.155,guiding_to_goal,35.9191426,139.90921848333332,22.353,0.03601111111111111,True,28,1,35.91912968333333,139.90919718333333,2.396225977942838,,33.41,1008.422265625,55.505859375,32.6875,-1.125,-9.1875,-0.24,1.51,9.51,0.0625,0.0,0.0,114,,stopped,0.0,0.0,0.223,
2026-08-06T18:41:28.413,1064.656,guiding_to_goal,35.9191426,139.9092186,22.355,0.05658888888888889,True,28,1,35.91912968333333,139.90919718333333,2.4046437826744267,,33.41,1008.5314453125,55.4716796875,32.6875,-1.125,-9.1875,-0.25,1.54,9.5,0.0625,0.0,-0.0625,114,,reverse,-5.0,-5.0,0.223,
2026-08-06T18:41:28.913,1065.156,guiding_to_goal,35.9191426,139.9092186,22.355,0.05658888888888889,True,28,1,35.91912968333333,139.90919718333333,2.4046437826744267,,33.42,1008.430234375,55.5078125,32.6875,-1.125,-8.625,-0.48,1.52,9.12,-29.0625,0.125,2.25,114,,reverse,-25.0,-25.0,0.223,
2026-08-06T18:41:29.413,1065.656,guiding_to_goal,35.91914248333333,139.90921878333333,22.361,0.06173333333333333,True,28,1,35.91912968333333,139.90919718333333,2.410221390575031,,33.41,1008.4416015625,55.736328125,31.625,-0.75,-9.5625,-0.23,1.56,9.49,-0.0625,0.0,0.25,242,,stopped,0.0,0.0,0.313,
2026-08-06T18:41:29.914,1066.157,guiding_to_goal,35.91914248333333,139.90921878333333,22.361,0.06173333333333333,True,28,1,35.91912968333333,139.90919718333333,2.410221390575031,,33.41,1008.476875,55.4951171875,31.625,-0.75,-9.5625,-0.22,1.58,9.47,0.0625,0.0,-0.1875,242,,stopped,0.0,0.0,0.312,
2026-08-06T18:41:30.414,1066.657,guiding_to_goal,35.91914248333333,139.90921868333334,22.361,0.020577777777777778,True,28,1,35.91912968333333,139.90919718333333,2.4029600036360175,,33.43,1008.4734375,55.4853515625,31.625,-0.75,-9.5625,-0.2,1.58,9.51,0.0,0.0625,0.0625,242,,stopped,0.0,0.0,0.312,
2026-08-06T18:41:30.916,1067.159,guiding_to_goal,35.91914248333333,139.90921868333334,22.361,0.020577777777777778,True,28,1,35.91912968333333,139.90919718333333,2.4029600036360175,,33.42,1008.4848046875,55.484375,31.625,-0.75,-9.5625,-0.17,1.59,9.48,-0.125,-0.0625,0.0625,242,,stopped,0.0,0.0,0.312,
2026-08-06T18:41:31.418,1067.661,guiding_to_goal,35.91914248333333,139.90921878333333,22.36,0.030866666666666664,True,28,1,35.91912968333333,139.90919718333333,2.410221390575031,,33.42,1008.438203125,55.484375,31.625,-0.75,-9.5625,-0.15,1.57,9.5,0.0,0.0625,-0.0625,242,,stopped,0.0,0.0,0.313,
2026-08-06T18:41:31.922,1068.165,guiding_to_goal,35.91914248333333,139.90921878333333,22.36,0.030866666666666664,True,28,1,35.91912968333333,139.90919718333333,2.410221390575031,,33.43,1008.4461328125,55.4619140625,31.625,-0.75,-9.5625,-0.17,1.58,9.47,0.0,0.125,-0.0625,242,,stopped,0.0,0.0,0.313,
2026-08-06T18:41:32.427,1068.670,guiding_to_goal,35.9191426,139.90921888333332,22.363,0.0463,True,28,1,35.91912968333333,139.90919718333333,2.4251548551871576,,33.42,1008.430234375,55.47265625,31.625,-0.75,-9.5625,-0.16,1.57,9.5,0.0,0.0,-0.0625,242,,stopped,0.0,0.0,0.314,
2026-08-06T18:41:32.927,1069.170,guiding_to_goal,35.9191426,139.90921888333332,22.363,0.0463,True,28,1,35.91912968333333,139.90919718333333,2.4251548551871576,,33.42,1008.4575,55.4609375,31.625,-0.75,-9.5625,-0.21,1.57,9.47,0.125,-0.0625,0.125,242,,stopped,0.0,0.0,0.314,
2026-08-06T18:41:33.432,1069.675,guiding_to_goal,35.9191426,139.9092191,22.363,0.06173333333333333,True,28,1,35.91912968333333,139.90919718333333,2.4409034515167902,,33.42,1008.438203125,55.4609375,31.625,-0.75,-9.5625,-0.17,1.57,9.5,0.0,-0.0625,-0.0625,242,,stopped,0.0,0.0,0.314,
2026-08-06T18:41:33.932,1070.175,guiding_to_goal,35.9191426,139.9092191,22.363,0.06173333333333333,True,28,1,35.91912968333333,139.90919718333333,2.4409034515167902,,33.41,1008.4416015625,55.458984375,31.625,-0.75,-9.5625,-0.21,1.58,9.49,0.0,-0.1875,0.0,242,,stopped,0.0,0.0,0.314,
2026-08-06T18:41:34.432,1070.675,guiding_to_goal,35.9191427,139.90921918333333,22.363,0.06687777777777779,True,28,1,35.91912968333333,139.90919718333333,2.4535182127961392,,33.4,1008.4609375,55.435546875,31.625,-0.75,-9.5625,-0.18,1.58,9.51,0.0,-0.1875,0.0625,242,,stopped,0.0,0.0,0.314,
2026-08-06T18:41:34.933,1071.176,guiding_to_goal,35.9191427,139.90921918333333,22.363,0.06687777777777779,True,28,1,35.91912968333333,139.90919718333333,2.4535182127961392,,33.4,1008.4063671875,55.458984375,31.625,-0.75,-9.5625,-0.16,1.56,9.47,0.0,-0.0625,0.0625,242,,stopped,0.0,0.0,0.313,
2026-08-06T18:41:35.433,1071.676,guiding_to_goal,35.919142783333335,139.90921938333332,22.36,0.0926,True,28,1,35.91912968333333,139.90919718333333,2.4735290419611724,,33.41,1008.496171875,55.482421875,31.625,-0.75,-9.5625,-0.18,1.58,9.47,0.0625,0.125,0.0625,242,,stopped,0.0,0.0,0.314,
2026-08-06T18:41:35.934,1072.177,guiding_to_goal,35.919142783333335,139.90921938333332,22.36,0.0926,True,28,1,35.91912968333333,139.90919718333333,2.4735290419611724,,33.41,1008.46890625,55.482421875,31.625,-0.75,-9.5625,-0.19,1.59,9.5,0.125,0.0625,0.0,242,,stopped,0.0,0.0,0.314,
2026-08-06T18:41:36.434,1072.677,guiding_to_goal,35.919142783333335,139.9092195,22.359,0.08745555555555556,True,28,1,35.91912968333333,139.90919718333333,2.482027724310569,,33.41,1008.4143359375,55.6435546875,31.625,-0.75,-9.5625,-0.16,1.57,9.51,0.0,-0.125,-0.0625,242,,stopped,0.0,0.0,0.313,
2026-08-06T18:41:36.934,1073.177,guiding_to_goal,35.919142783333335,139.9092195,22.359,0.08745555555555556,True,28,1,35.91912968333333,139.90919718333333,2.482027724310569,,33.41,1008.4495703125,55.4833984375,31.625,-0.75,-9.5625,-0.18,1.57,9.48,0.0625,0.0625,8.0,242,,stopped,0.0,0.0,0.313,
2026-08-06T18:41:37.435,1073.678,guiding_to_goal,35.919142883333336,139.9092195,22.359,0.05144444444444445,True,28,1,35.91912968333333,139.90919718333333,2.4885698220730186,,33.4,1008.3983984375,55.50390625,31.625,-0.75,-9.5625,-0.16,1.56,9.51,0.125,-0.25,0.0625,242,,stopped,0.0,0.0,0.313,
2026-08-06T18:41:37.935,1074.178,guiding_to_goal,35.919142883333336,139.9092195,22.359,0.05144444444444445,True,28,1,35.91912968333333,139.90919718333333,2.4885698220730186,,33.4,1008.507578125,55.4921875,31.625,-0.75,-9.5625,-0.17,1.57,9.5,-0.125,-0.0625,0.0,242,,stopped,0.0,0.0,0.313,
2026-08-06T18:41:38.436,1074.679,guiding_to_goal,35.919142883333336,139.9092195,22.359,0.030866666666666664,True,28,1,35.91912968333333,139.90919718333333,2.4885698220730186,,33.41,1008.46890625,55.5048828125,31.625,-0.75,-9.5625,-0.17,1.56,9.49,0.0625,-0.125,0.125,242,,turn_right,5.0,-5.0,0.314,
2026-08-06T18:41:38.936,1075.179,guiding_to_goal,35.919142883333336,139.9092195,22.359,0.030866666666666664,True,28,1,35.91912968333333,139.90919718333333,2.4885698220730186,,33.4,1008.351796875,55.5048828125,31.6875,-0.75,-9.625,-0.5,1.44,9.42,3.0625,0.6875,-1.0625,242,,turn_right,20.0,-20.0,0.314,
2026-08-06T18:41:39.436,1075.679,guiding_to_goal,35.91914298333333,139.90921938333332,22.355,0.06687777777777779,True,28,1,35.91912968333333,139.90919718333333,2.4866904663844713,,33.41,1008.46890625,55.216796875,32.5625,-0.6875,-1.8125,-0.19,1.62,9.48,0.0,-0.0625,0.0625,50,,stopped,0.0,0.0,0.31,
2026-08-06T18:41:39.939,1076.182,guiding_to_goal,35.91914298333333,139.90921938333332,22.355,0.06687777777777779,True,28,1,35.91912968333333,139.90919718333333,2.4866904663844713,,33.41,1008.4416015625,55.5166015625,32.5625,-0.6875,-9.8125,-0.18,1.6,9.5,0.0,-0.125,0.0625,50,,stopped,0.0,0.0,0.31,
2026-08-06T18:41:40.443,1076.686,guiding_to_goal,35.91914298333333,139.90921938333332,22.349,0.05658888888888889,True,28,1,35.91912968333333,139.90919718333333,2.4866904663844713,,33.41,1008.46890625,55.5048828125,32.5625,-0.6875,-9.8125,-0.14,1.63,9.48,-0.0625,0.0,0.0625,50,,stopped,0.0,0.0,0.311,
2026-08-06T18:41:40.943,1077.186,guiding_to_goal,35.91914298333333,139.90921938333332,22.349,0.05658888888888889,True,28,1,35.91912968333333,139.90919718333333,2.4866904663844713,,33.41,1008.395,55.505859375,32.5625,-0.6875,-9.8125,-0.15,1.6,9.46,0.0,0.0,0.0,50,,stopped,0.0,0.0,0.311,
2026-08-06T18:41:41.444,1077.687,guiding_to_goal,35.91914298333333,139.90921918333333,22.342,0.0463,True,28,1,35.91912968333333,139.90919718333333,2.4722347625819183,,33.41,1008.987421875,55.470703125,32.5625,-0.6875,-9.8125,-0.16,1.61,9.47,0.0625,0.1875,0.0625,50,,stopped,0.0,0.0,0.31,
2026-08-06T18:41:41.974,1078.217,guiding_to_goal,35.91914298333333,139.90921918333333,22.342,0.0463,True,28,1,35.91912968333333,139.90919718333333,2.4722347625819183,,33.41,1008.38703125,55.3896484375,32.5625,-0.6875,-9.8125,-0.18,1.62,9.5,0.0625,-0.0625,0.0,50,,stopped,0.0,0.0,0.311,
2026-08-06T18:41:42.475,1078.718,guiding_to_goal,35.91914298333333,139.9092191,22.334,0.041155555555555556,True,28,1,35.91912968333333,139.90919718333333,2.466225362308335,,33.41,1008.46890625,55.4931640625,32.5625,-0.6875,-9.8125,-0.16,1.62,9.48,0.0,0.0,0.0,50,,stopped,0.0,0.0,0.31,
2026-08-06T18:41:42.975,1079.218,guiding_to_goal,35.91914298333333,139.9092191,22.334,0.041155555555555556,True,28,1,35.91912968333333,139.90919718333333,2.466225362308335,,33.41,1008.4495703125,55.505859375,32.5625,-0.6875,-9.8125,-0.15,1.61,9.48,-0.0625,-0.0625,0.0,50,,stopped,0.0,0.0,0.31,
2026-08-06T18:41:43.480,1079.723,guiding_to_goal,35.91914298333333,139.909219,22.33,0.05658888888888889,True,28,1,35.91912968333333,139.90919718333333,2.459024926030314,,33.43,1008.3915625,55.4970703125,32.5625,-0.6875,-9.8125,-0.17,1.61,9.49,0.125,-0.125,0.0,50,,stopped,0.0,0.0,0.309,
2026-08-06T18:41:43.980,1080.223,guiding_to_goal,35.91914298333333,139.909219,22.33,0.05658888888888889,True,28,1,35.91912968333333,139.90919718333333,2.459024926030314,,33.43,1008.4734375,55.4970703125,32.5625,-0.6875,-9.8125,-0.18,1.59,9.47,0.0,-0.125,0.0,50,,stopped,0.0,0.0,0.309,
2026-08-06T18:41:44.481,1080.724,guiding_to_goal,35.91914298333333,139.90921888333332,22.326,0.12346666666666666,True,28,1,35.91912968333333,139.90919718333333,2.450639498187268,,33.42,1008.430234375,55.4609375,32.5625,-0.6875,-9.8125,-0.15,1.62,9.46,0.0,0.0,0.0625,50,,stopped,0.0,0.0,0.311,
2026-08-06T18:41:44.981,1081.234,guiding_to_goal,35.91914298333333,139.90921888333332,22.326,0.12346666666666666,True,28,1,35.91912968333333,139.90919718333333,2.450639498187268,,33.42,1008.4927734375,55.4609375,32.5625,-0.6875,-9.8125,-0.16,1.62,9.48,8.0,0.0,0.0,50,,stopped,0.0,0.0,0.311,
2026-08-06T18:41:45.481,1081.724,guiding_to_goal,35.91914298333333,139.90921868333334,22.32,0.08231111111111111,True,28,1,35.91912968333333,139.90919718333333,2.4363027362794956,,33.43,1008.4461328125,55.439453125,32.5625,-0.6875,-9.8125,-0.17,1.62,9.51,0.0,-0.0625,0.0,50,,stopped,0.0,0.0,0.311,
2026-08-06T18:41:45.982,1082.225,guiding_to_goal,35.91914298333333,139.90921868333334,22.32,0.08231111111111111,True,28,1,35.91912968333333,139.90919718333333,2.4363027362794956,,33.43,1008.4461328125,55.439453125,32.5625,-0.6875,-9.8125,-0.16,1.62,9.48,0.0,0.0625,-0.0625,50,,stopped,0.0,0.0,0.311,
2026-08-06T18:41:46.482,1082.725,guiding_to_goal,35.919142883333336,139.90921848333332,22.316,0.05658888888888889,True,28,1,35.91912968333333,139.90919718333333,2.4152414779971423,,33.44,1008.3805078125,55.4287109375,32.5625,-0.6875,-9.8125,-0.14,1.63,9.5,0.0,0.0,-0.0625,50,,stopped,0.0,0.0,0.312,
2026-08-06T18:41:46.983,1083.226,guiding_to_goal,35.919142883333336,139.90921848333332,22.316,0.05658888888888889,True,28,1,35.91912968333333,139.90919718333333,2.4152414779971423,,33.44,1008.46234375,55.4169921875,32.5625,-0.6875,-9.8125,-0.15,1.63,9.47,-0.125,0.125,0.0,50,,stopped,0.0,0.0,0.312,
2026-08-06T18:41:47.483,1083.726,guiding_to_goal,35.91914298333333,139.90921848333332,22.313,0.10803333333333333,True,28,1,35.91912968333333,139.90919718333333,2.4220150322575997,,33.43,1008.427109375,55.404296875,32.5625,-0.6875,-9.8125,-0.15,1.61,9.51,0.0625,0.0,-0.0625,50,,stopped,0.0,0.0,0.311,
2026-08-06T18:41:47.989,1084.232,guiding_to_goal,35.91914298333333,139.90921848333332,22.313,0.10803333333333333,True,28,1,35.91912968333333,139.90919718333333,2.4220150322575997,,33.43,1008.3915625,55.427734375,32.5625,-0.6875,-9.8125,-0.16,1.59,9.52,-0.0625,-0.1875,0.0625,50,,reverse,-5.0,-5.0,0.31,
2026-08-06T18:41:48.496,1084.739,guiding_to_goal,35.91914298333333,139.90921838333333,22.313,0.11317777777777778,True,28,1,35.91912968333333,139.90919718333333,2.4148898509694066,,33.42,1008.4655078125,55.333984375,35.0625,-0.6875,-9.1875,0.11,1.41,9.5,-0.4375,0.25,0.8125,50,,stopped,0.0,0.0,0.377,
2026-08-06T18:41:48.997,1085.240,guiding_to_goal,35.91914298333333,139.90921838333333,22.313,0.11317777777777778,True,28,1,35.91912968333333,139.90919718333333,2.4148898509694066,,31.87,1006.2866796875,55.35546875,35.0625,-0.6875,-9.1875,0.0,1.53,9.52,8.4375,-0.0625,-0.5625,114,,stopped,0.0,0.0,0.377,
2026-08-06T18:41:49.497,1085.740,guiding_to_goal,35.91914308333333,139.90921848333332,22.309,0.030866666666666664,True,28,1,35.91912968333333,139.90919718333333,2.428820603602722,,33.42,1008.438203125,55.3916015625,35.0625,-0.6875,-9.125,-0.17,1.52,9.47,0.0625,0.0,0.0625,114,,stopped,0.0,0.0,0.377,
2026-08-06T18:41:49.998,1086.241,guiding_to_goal,35.91914308333333,139.90921848333332,22.309,0.030866666666666664,True,28,1,35.91912968333333,139.90919718333333,2.428820603602722,,33.43,1008.39984375,55.392578125,35.0625,-0.6875,-9.125,-0.18,1.52,9.49,-0.0625,0.0625,-0.0625,114,,stopped,0.0,0.0,0.377,
2026-08-06T18:41:50.502,1086.745,guiding_to_goal,35.9191433,139.90921868333334,22.314,0.07716666666666668,True,28,1,35.91912968333333,139.90919718333333,2.457836364390186,,33.42,1008.430234375,55.3916015625,35.0625,-0.6875,-9.125,-0.16,1.52,9.47,8.0625,0.0625,0.0625,114,,stopped,0.0,0.0,0.378,
2026-08-06T18:41:51.002,1087.245,guiding_to_goal,35.9191433,139.90921868333334,22.314,0.07716666666666668,True,28,1,35.91912968333333,139.90919718333333,2.457836364390186,,33.26,1008.2448828125,55.373046875,35.0625,-0.6875,-9.125,-0.17,1.51,9.47,0.0625,0.125,-0.0625,114,,stopped,0.0,0.0,0.378,
2026-08-06T18:41:51.502,1087.745,guiding_to_goal,35.919143483333336,139.90921888333332,22.318,0.03601111111111111,True,28,1,35.91912968333333,139.90919718333333,2.484586555467626,,33.43,1008.754609375,55.3701171875,35.0625,-0.6875,-9.125,-0.19,1.51,9.5,-0.0625,-0.0625,-0.0625,114,,stopped,0.0,0.0,0.378,
2026-08-06T18:41:52.005,1088.248,guiding_to_goal,35.919143483333336,139.90921888333332,22.318,0.03601111111111111,True,28,1,35.91912968333333,139.90919718333333,2.484586555467626,,33.43,1008.4461328125,55.658203125,35.0625,-0.6875,-9.125,-0.18,1.53,9.48,-0.0625,0.0,0.0625,114,,stopped,0.0,0.0,0.378,
2026-08-06T18:41:52.507,1088.750,guiding_to_goal,35.91914368333333,139.909219,22.32,0.16976666666666668,True,28,1,35.91912968333333,139.90919718333333,2.5066083758423683,,33.43,1008.4188671875,55.392578125,35.0625,-0.6875,-9.125,-0.19,1.52,9.48,0.0,0.1875,-0.125,114,,stopped,0.0,0.0,0.377,
2026-08-06T18:41:53.007,1089.250,guiding_to_goal,35.91914368333333,139.909219,22.32,0.16976666666666668,True,28,1,35.91912968333333,139.90919718333333,2.5066083758423683,,33.43,1008.3725390625,55.392578125,35.0625,-0.6875,-9.125,-0.15,1.53,9.48,-0.0625,0.125,0.0,114,,stopped,0.0,0.0,0.377,
2026-08-06T18:41:53.507,1089.750,guiding_to_goal,35.919143983333335,139.9092195,22.323,0.08231111111111111,True,28,1,35.91912968333333,139.90919718333333,2.5626158768134766,,33.43,1008.4461328125,55.6123046875,35.0625,-0.6875,-9.125,-0.16,1.51,9.49,0.0625,0.125,-0.0625,114,,stopped,0.0,0.0,0.377,
2026-08-06T18:41:54.008,1090.251,guiding_to_goal,35.919143983333335,139.9092195,22.323,0.08231111111111111,True,28,1,35.91912968333333,139.90919718333333,2.5626158768134766,,33.44,1008.4077734375,55.39453125,43.0625,-0.6875,-9.125,-0.19,1.53,9.51,0.0625,0.125,-0.1875,114,,stopped,0.0,0.0,0.377,
2026-08-06T18:41:54.508,1090.751,guiding_to_goal,35.919144083333336,139.90921968333333,22.328,0.08745555555555556,True,28,1,35.91912968333333,139.90919718333333,2.5824626832511224,,33.43,1008.4461328125,55.416015625,35.0625,-0.6875,-9.125,-0.17,1.52,9.48,0.125,-0.125,-0.0625,114,,stopped,0.0,0.0,0.377,
2026-08-06T18:41:55.009,1091.252,guiding_to_goal,35.919144083333336,139.90921968333333,22.328,0.08745555555555556,True,28,1,35.91912968333333,139.90919718333333,2.5824626832511224,,33.44,1008.3805078125,55.4404296875,35.0625,-0.6875,-9.125,-0.16,1.52,9.47,0.0,-0.0625,0.0,114,,stopped,0.0,0.0,0.378,
2026-08-06T18:41:55.509,1091.752,guiding_to_goal,35.91914418333333,139.90922,22.33,0.10803333333333333,True,28,1,35.91912968333333,139.90919718333333,2.611745529742451,,33.44,1008.46234375,55.474609375,35.0625,-0.6875,-9.125,-0.17,1.53,9.51,0.0625,0.0625,-0.0625,114,,stopped,0.0,0.0,0.377,
2026-08-06T18:41:56.050,1092.293,guiding_to_goal,35.91914418333333,139.90922,22.33,0.10803333333333333,True,28,1,35.91912968333333,139.90919718333333,2.611745529742451,,33.43,1008.4188671875,55.4619140625,35.0625,-0.6875,-9.125,-0.15,1.53,9.51,0.0625,-0.0625,0.0625,114,,stopped,0.0,0.0,0.377,
2026-08-06T18:41:56.550,1092.793,completed,35.91914428333333,139.90921988333332,22.332,0.06687777777777779,True,28,1,35.91912968333333,139.90919718333333,2.610389451084583,,33.44,1008.46234375,55.4638671875,35.0625,-0.6875,-9.125,-0.17,1.52,9.52,0.0,-0.0625,-0.125,114,,stopped,0.0,0.0,0.377,
