timestamp,elapsed_s,phase,latitude_deg,longitude_deg,gnss_altitude_m,ground_speed_mps,gnss_has_fix,satellites,fix_quality,target_latitude_deg,target_longitude_deg,distance_to_target_m,target_heading_deg,temperature_c,pressure_hpa,humidity_percent,heading_deg,roll_deg,pitch_deg,accel_x_mps2,accel_y_mps2,accel_z_mps2,gyro_x_dps,gyro_y_dps,gyro_z_dps,calibration,heading_error_deg,control_mode,left_motor_command_percent,right_motor_command_percent,error
2026-08-06T09:36:52.712,11.586,waiting_for_release,,,,,FALSE,0,0,35.9184062,139.9079523,,,31.53,1010.485078,58.15332031,66.75,-62,171.4375,-8.82,-0.48,-4.37,-3.75,-2.5625,8.9375,48,,,,,
2026-08-06T09:36:53.851,12.722,waiting_for_release,,,,,FALSE,0,0,35.9184062,139.9079523,,,31.53,1010.477109,58.32519531,66.25,-62.0625,171.8125,-8.78,-0.74,-4.19,-4.125,-1,8.5,48,,,,,
2026-08-06T09:36:56.966,15.836,waiting_for_release,,,,,FALSE,,,35.9184062,139.9079523,,,31.55,1010.427422,56.75292969,98.5,-42.625,1.875,-7.24,0.55,6.04,24.3125,96.375,48.1875,242,,,,,
2026-08-06T09:36:57.466,16.337,waiting_for_release,,,,,FALSE,,,35.9184062,139.9079523,,,31.54,1010.493125,56.85449219,90.4375,-58.3125,-6.375,-8.17,1.36,4.7,-4.8125,1.3125,-9.25,243,,,,,
2026-08-06T09:36:57.967,16.837,waiting_for_release,,,,,FALSE,,,35.9184062,139.9079523,,,31.53,1010.457891,56.72753906,93.5,-17.75,6.9375,-2.98,-0.3,9.33,-31.6875,-95.75,-9.25,243,,,,,
2026-08-06T09:36:58.467,17.338,waiting_for_release,,,,,FALSE,,,35.9184062,139.9079523,,,31.56,1010.525352,56.74316406,98.3125,4.25,10.5,0.09,-2.06,9.29,-22.8125,4.75,-17.5625,243,,,,,
2026-08-06T09:36:58.968,17.838,waiting_for_release,,,,,FALSE,,,35.9184062,139.9079523,,,31.55,1010.454648,56.7421875,99.375,2.9375,11.8125,0.29,-1.7,9.46,6.75,-0.125,-0.375,243,,,,,
2026-08-06T09:36:59.468,18.339,waiting_for_release,,,,,FALSE,,,35.9184062,139.9079523,,,31.56,1010.470938,56.765625,99.875,2.0625,9,0.11,-1.01,9.27,0,5.3125,1.8125,243,,,,,
2026-08-06T09:36:59.969,18.839,waiting_for_release,,,,,FALSE,,,35.9184062,139.9079523,,,31.56,1010.451719,56.84667969,99.25,1,8.5625,0.03,-1.09,9.3,1,-0.625,-0.6875,243,,,,,
2026-08-06T09:37:00.469,19.34,waiting_for_release,,,,,FALSE,,,35.9184062,139.9079523,,,31.56,1010.470938,56.91503906,99.25,0.875,8.8125,0.09,-1.32,9.29,-1.3125,-0.4375,-0.6875,243,,,,,
2026-08-06T09:37:00.969,19.84,waiting_for_release,,,,,FALSE,,,35.9184062,139.9079523,,,31.56,1010.478906,57.05371094,99.25,0.8125,8.875,0.11,-1.34,9.32,0.4375,0.375,0.0625,243,,,,,
2026-08-06T09:37:01.470,20.34,waiting_for_release,,,,,FALSE,,,35.9184062,139.9079523,,,31.56,1010.451719,57.13378906,99.25,0.75,8.125,0.06,-1.26,9.31,9.25,0.3125,0.125,243,,,,,
2026-08-06T09:37:01.970,20.841,waiting_for_release,,,,,FALSE,,,35.9184062,139.9079523,,,31.57,1010.459688,57.2265625,99.25,0.75,7.8125,0.08,-1.25,9.37,0.6875,0.3125,0.3125,243,,,,,
2026-08-06T09:37:02.471,21.341,waiting_for_release,,,,,FALSE,,,35.9184062,139.9079523,,,31.56,1010.478906,57.30664063,98.875,0.0625,8.125,-0.11,-1.31,9.4,-2.1875,4.4375,3.5,243,,,,,
2026-08-06T09:37:02.971,21.842,waiting_for_release,,,,,FALSE,,,35.9184062,139.9079523,,,31.58,1010.502891,57.40039063,101.5625,-25,5.875,-4.41,-0.91,8.85,24.0625,73.3125,3.3125,243,,,,,
2026-08-06T09:37:03.472,22.342,waiting_for_release,,,,,FALSE,,,35.9184062,139.9079523,,,31.57,1010.514102,57.37597656,98.4375,-52.6875,-24.9375,-6.71,2.49,4.81,8.25,7.875,8.5,243,,,,,
2026-08-06T09:37:03.972,22.843,waiting_for_release,,,,,FALSE,,,35.9184062,139.9079523,,,31.57,1010.541328,57.36523438,97.875,-59.25,-18.75,-8.09,1.6,4.8,-16.0625,6.5,-13.5,243,,,,,
2026-08-06T09:37:04.472,23.343,waiting_for_release,,,,,FALSE,,,35.9184062,139.9079523,,,31.57,1010.467695,57.30761719,100.0625,-47.1875,20.1875,-6.29,-1.34,5.27,-132.8125,-96.3125,-91.125,243,,,,,
2026-08-06T09:37:04.973,23.843,waiting_for_release,,,,,FALSE,,,35.9184062,139.9079523,,,31.58,1010.483672,57.23925781,97.75,-3.375,82.75,0.05,-8.83,-0.42,-39.6875,-46.375,-18.0625,243,,,,,
2026-08-06T09:37:05.473,24.344,waiting_for_release,,,,,FALSE,,,35.9184062,139.9079523,,,31.58,1010.448477,57.23925781,92.0625,0.6875,89.1875,0.21,-9.26,-0.36,0.75,-0.1875,1.9375,243,,,,,
2026-08-06T09:37:05.974,24.844,waiting_for_release,,,,,FALSE,,,35.9184062,139.9079523,,,31.58,1010.502891,57.26269531,92.375,0.5,89.625,0.05,-9.27,-0.15,1.0625,0,0.625,243,,,,,
2026-08-06T09:37:06.474,25.345,waiting_for_release,,,,,FALSE,,,35.9184062,139.9079523,,,31.39,1010.186523,57.296875,92.875,0.5,89.6875,0.09,-9.28,-0.07,0.1875,0.3125,0,243,,,,,
2026-08-06T09:37:06.975,25.845,waiting_for_release,,,,,FALSE,,,35.9184062,139.9079523,,,31.58,1010.421289,57.36621094,92.875,0.4375,89.8125,0.04,-9.27,-0.1,-0.5,0.25,-0.0625,243,,,,,
2026-08-06T09:37:07.475,26.346,waiting_for_release,,,,,FALSE,,,35.9184062,139.9079523,,,31.58,1010.456484,57.43457031,92.75,0.4375,89.375,-0.11,-8.84,1.02,12.6875,0.1875,-1.6875,243,,,,,
2026-08-06T09:37:07.976,26.846,waiting_for_release,,,,,FALSE,,,35.9184062,139.9079523,,,31.58,1010.429258,57.4921875,80.0625,9.8125,-73.4375,-0.57,5.89,-0.79,577.1875,-36.1875,44.5625,243,,,,,
2026-08-06T09:37:08.476,27.346,waiting_for_release,,,,,FALSE,,,35.9184062,139.9079523,,,31.58,1010.502891,57.515625,90.375,1.125,-133.25,0.6,7.29,-6.9,13.125,-0.125,-1.1875,51,,,,,
2026-08-06T09:37:08.976,27.847,waiting_for_release,,,,,FALSE,,,35.9184062,139.9079523,,,31.59,1010.49168,57.42480469,279.5625,1.75,-137.0625,0.49,6.9,-7.33,11.25,0.3125,-0.3125,51,,,,,
2026-08-06T09:37:09.477,28.347,waiting_for_release,,,,,FALSE,,,35.9184062,139.9079523,,,31.59,1010.518867,57.45898438,285,1.875,-140.625,0.56,6.19,-7.57,5.8125,0.3125,-0.5,183,,,,,
2026-08-06T09:37:09.977,28.848,waiting_for_release,,,,,FALSE,,,35.9184062,139.9079523,,,31.58,1010.456484,57.7109375,287.4375,2.0625,-141.6875,0.61,6.09,-7.71,1.0625,0.875,0.6875,183,,,,,
2026-08-06T09:37:10.478,29.348,waiting_for_release,,,,,FALSE,,,35.9184062,139.9079523,,,31.59,1010.49168,57.71191406,111.3125,-1,-94.875,1.8,12.94,-2.59,-206.3125,-61.3125,-14.25,247,,,,,
2026-08-06T09:37:10.978,29.849,waiting_for_release,,,,,FALSE,,,35.9184062,139.9079523,,,31.59,1010.445547,57.88574219,162.5,-28.25,-78.125,-10.12,3.34,3.71,-67.1875,63.25,-92.5,183,,,,,
2026-08-06T09:37:11.478,30.349,waiting_for_release,,,,,FALSE,,,35.9184062,139.9079523,,,31.59,1010.355586,58.47070313,157.875,-47.625,-96.3125,-6.19,5.9,4.42,58.0625,-84.9375,-60.25,183,,,,,
2026-08-06T09:37:11.979,30.849,waiting_for_release,,,,,FALSE,,,35.9184062,139.9079523,,,31.59,1010.410039,59.29785156,161.125,-18.0625,-105.875,-6.34,8.81,6.89,-72.8125,160.3125,26.5625,247,,,,,
2026-08-06T09:37:12.479,31.35,waiting_for_release,,,,,FALSE,,,35.9184062,139.9079523,,,31.57,1010.331641,59.69726563,107.8125,-0.5625,-82.75,6.52,11.25,6.66,-69.875,-167.375,38.5,183,,,,,
2026-08-06T09:37:12.980,31.85,waiting_for_release,,,,,FALSE,,,35.9184062,139.9079523,,,31.58,1010.394063,59.92871094,101.75,5.5625,-70.9375,2.9,12.02,12.16,13.4375,223.4375,-15.8125,183,,,,,
2026-08-06T09:37:13.480,32.351,waiting_for_release,,,,,FALSE,,,35.9184062,139.9079523,,,31.58,1010.339648,60.26171875,86.125,-1.5625,-68.6875,3.45,11.9,10.7,-76.75,-221.125,-27.75,119,,,,,
2026-08-06T09:37:13.981,32.851,waiting_for_release,,,,,FALSE,,,35.9184062,139.9079523,,,31.59,1010.328398,60.296875,38.1875,70.0625,-93.8125,-0.91,4.48,1.23,88.8125,133.3125,167.4375,247,,,,,
2026-08-06T09:37:14.481,33.352,waiting_for_release,,,,,FALSE,,,35.9184062,139.9079523,,,31.59,1010.355586,60.43457031,31.75,3.25,-93.6875,8.87,19.06,-3.44,194.3125,-149.25,-428.125,119,,,,,
2026-08-06T09:37:14.981,33.852,waiting_for_release,,,,,FALSE,,,35.9184062,139.9079523,,,31.59,1010.246758,60.57324219,213.8125,-64.0625,18.6875,-3.29,5.11,8.81,191.0625,-86.6875,73.5,183,,,,,
2026-08-06T09:37:15.482,34.352,waiting_for_release,,,,,FALSE,,,35.9184062,139.9079523,,,31.59,1010.382813,60.46972656,98.125,44,-94.1875,4.4,13.84,-0.89,154.3125,16.875,318.6875,183,,,,,
2026-08-06T09:37:15.982,34.853,waiting_for_release,,,,,FALSE,,,35.9184062,139.9079523,,,31.61,1010.278984,60.32226563,294.875,44.8125,60,5.65,-3.99,7.23,228.1875,11.375,-11.5625,119,,,,,
2026-08-06T09:37:16.483,35.353,waiting_for_release,,,,,FALSE,,,35.9184062,139.9079523,,,31.6,1010.317461,60.20605469,8.625,1.5,-88,2.3,13.72,0.13,68.6875,-96.5,-226.25,183,,,,,
2026-08-06T09:37:16.983,35.854,waiting_for_release,,,,,FALSE,,,35.9184062,139.9079523,,,31.6,1010.344688,60.12597656,234.3125,-64.6875,79.25,-3.99,0.41,3.05,253.25,75.375,-86.125,247,,,,,
2026-08-06T09:37:17.484,36.354,waiting_for_release,,,,,FALSE,,,35.9184062,139.9079523,,,31.6,1010.317461,60.30957031,245.6875,-50.625,-149.625,-11.56,3.41,-7.08,-174.375,151.375,336.6875,247,,,,,
2026-08-06T09:37:17.984,36.854,waiting_for_release,,,,,FALSE,,,35.9184062,139.9079523,,,31.6,1010.32543,60.34570313,28.0625,71.6875,44.5,3.84,3.39,4.57,-14.875,25.25,290.5625,247,,,,,
2026-08-06T09:37:18.484,37.355,waiting_for_release,,,,,FALSE,,,35.9184062,139.9079523,,,31.6,1010.352656,60.25390625,305.75,55,21.875,11.54,-2.33,10.57,215.6875,-11,-147.4375,183,,,,,
2026-08-06T09:37:18.985,37.855,waiting_for_release,,,,,FALSE,,,35.9184062,139.9079523,,,31.61,1010.278984,60.21875,75.8125,-34.125,-117.8125,-2.72,6.23,-3.03,98.6875,-150.25,-232.1875,183,,,,,
2026-08-06T09:37:19.485,38.356,waiting_for_release,,,,,FALSE,,,35.9184062,139.9079523,,,31.6,1010.344688,60.35546875,246.1875,-61.125,75.1875,-10.3,0.4,5.73,122.8125,95.4375,132,247,,,,,
2026-08-06T09:37:19.986,38.856,waiting_for_release,,,,,FALSE,,,35.9184062,139.9079523,,,31.61,1010.333438,60.70117188,117.625,29.6875,-88.875,2.35,9.54,-0.3,-21.3125,37.5625,305.5,247,,,,,
2026-08-06T09:37:20.486,39.357,waiting_for_release,,,,,FALSE,,,35.9184062,139.9079523,,,31.6,1010.32543,60.83886719,338.125,34.0625,78.5,2.6,-6.11,5.67,129.0625,-99.0625,84.125,247,,,,,
2026-08-06T09:37:20.987,39.857,waiting_for_release,,,,,FALSE,,,35.9184062,139.9079523,,,31.62,1010.349375,60.75976563,342.5,27.0625,-53.9375,8.52,8.44,6.98,124.9375,0.875,-251.1875,183,,,,,
2026-08-06T09:37:21.487,40.357,waiting_for_release,,,,,FALSE,,,35.9184062,139.9079523,,,31.61,1010.286992,60.78320313,128.1875,-67.375,-62.25,-1.73,7.16,1.06,171.25,-52.625,-188.9375,183,,,,,
2026-08-06T09:37:21.987,40.858,waiting_for_release,,,,,FALSE,,,35.9184062,139.9079523,,,31.62,1010.376602,60.69140625,218.625,-73.3125,-94.25,-13.95,4.92,2.76,62.3125,2.1875,294.625,247,,,,,
2026-08-06T09:37:22.488,41.358,waiting_for_release,,,,,FALSE,,,35.9184062,139.9079523,,,31.62,1010.294961,60.6796875,62.375,78,-63.6875,5.78,4.68,-0.07,-25.4375,9.9375,228.9375,247,,,,,
2026-08-06T09:37:22.988,41.859,waiting_for_release,,,,,FALSE,,,35.9184062,139.9079523,,,31.62,1010.30293,60.79589844,317.8125,17.875,48.4375,-0.23,-8.53,13.5,262.75,-44.5625,26.5,247,,,,,
2026-08-06T09:37:23.489,42.359,waiting_for_release,,,,,FALSE,,,35.9184062,139.9079523,,,31.61,1010.31418,60.63378906,354.6875,3.0625,-98.875,4.48,7.87,-0.48,213.1875,-148.8125,-242.25,183,,,,,
2026-08-06T09:37:23.989,42.86,waiting_for_release,,,,,FALSE,,,35.9184062,139.9079523,,,31.6,1010.271016,60.71289063,183.8125,-53.1875,15.5,-6.87,3.68,6.36,88.8125,-92.3125,-123.0625,247,,,,,
2026-08-06T09:37:24.490,43.36,waiting_for_release,,,,,FALSE,,,35.9184062,139.9079523,,,31.61,1010.450273,60.875,212,-8.5,-21.3125,0.34,5.58,12.32,106.1875,-63.8125,100.5,247,,,,,
2026-08-06T09:37:24.990,43.86,waiting_for_release,,,,,FALSE,,,35.9184062,139.9079523,,,31.61,1010.306211,61.390625,52.625,47.4375,51.3125,4.9,0.59,4.56,83.0625,-49.125,262.625,247,,,,,
2026-08-06T09:37:25.490,44.361,waiting_for_release,,,,,FALSE,,,35.9184062,139.9079523,,,31.61,1010.387852,61.70019531,316.6875,18.25,29.1875,2.05,-5,15.02,255.0625,-197.3125,-39.125,247,,,,,
2026-08-06T09:37:25.991,44.861,waiting_for_release,,,,,FALSE,,,35.9184062,139.9079523,,,31.61,1010.333438,61.5859375,187,-22.125,-153,-0.66,3.88,-4.36,148.9375,-135.6875,-102.0625,247,,,,,
2026-08-06T09:37:26.491,45.362,waiting_for_release,,,,,FALSE,,,35.9184062,139.9079523,,,31.61,1010.341406,61.61035156,224.5,-66.125,109,-9.28,-1.08,0.18,142.8125,-48.3125,-25.5,247,,,,,
2026-08-06T09:37:26.992,45.862,waiting_for_release,,,,,FALSE,,,35.9184062,139.9079523,,,31.6,1010.317461,61.61914063,228.1875,-77.0625,-61.5625,-12.23,1.77,0.78,-52.9375,-26.8125,19.5625,247,,,,,
2026-08-06T09:37:27.492,46.363,waiting_for_release,,,,,FALSE,,,35.9184062,139.9079523,,,31.6,1010.371875,61.59570313,144,-32.625,-87.5,-6.01,3.93,-2.03,-115.5,65.8125,46.625,247,,,,,
2026-08-06T09:37:27.993,46.863,waiting_for_release,,,,,FALSE,,,35.9184062,139.9079523,,,31.31,1009.894883,61.38476563,69.9375,-22.625,-41.875,-6.46,2.18,12.39,80.6875,-15.125,257.375,247,,,,,
2026-08-06T09:37:28.493,47.364,waiting_for_release,,,,,FALSE,,,35.9184062,139.9079523,,,31.62,1010.349375,61.41503906,335.8125,32.0625,-46.5,10.72,3.23,9.37,63.125,37.25,-48.6875,247,,,,,
2026-08-06T09:37:28.994,47.864,waiting_for_release,,,,,FALSE,,,35.9184062,139.9079523,,,31.61,1010.278984,61.26464844,123.4375,-71.4375,73.0625,-5.89,-4.28,7.68,149.875,-89.0625,-173.4375,247,,,,,
2026-08-06T09:37:29.494,48.364,waiting_for_release,,,,,FALSE,,,35.9184062,139.9079523,,,31.61,1010.415078,61.06933594,144.5625,16,-10.625,0.39,1.39,14.19,230.125,-227.3125,241.25,247,,,,,
2026-08-06T09:37:29.994,48.865,waiting_for_release,,,,,FALSE,,,35.9184062,139.9079523,,,31.62,1010.294961,61.03613281,4.3125,36.6875,88.75,0.15,-5.83,5,88.625,-85.625,145.0625,247,,,,,
2026-08-06T09:37:30.495,49.365,waiting_for_release,,,,,FALSE,,,35.9184062,139.9079523,,,31.61,1010.333438,60.78222656,329.9375,21.25,-33,10.47,2.13,10.04,252.625,92.75,-313.375,183,,,,,
2026-08-06T09:37:30.995,49.866,waiting_for_release,,,,,FALSE,,,35.9184062,139.9079523,,,31.61,1010.333438,60.65527344,124.6875,-67,70.4375,-2.64,-0.62,6.34,86.4375,39.8125,-198.3125,247,,,,,
2026-08-06T09:37:31.496,50.366,waiting_for_release,,,,,FALSE,,,35.9184062,139.9079523,,,31.62,1010.376602,60.63378906,166.8125,-27.625,3,-7.99,-0.92,11.75,105.3125,-226.9375,191.1875,247,,,,,
2026-08-06T09:37:31.996,50.867,waiting_for_release,,,,,FALSE,,,35.9184062,139.9079523,,,31.62,1010.322188,60.63378906,67.6875,77.1875,-45.1875,4.11,1.11,3.2,98.6875,-165.0625,173.125,247,,,,,
2026-08-06T09:37:32.497,51.367,waiting_for_release,,,,,FALSE,,,35.9184062,139.9079523,,,31.63,1010.338477,60.70410156,299.8125,51.6875,84.375,7.21,-10.82,5.01,254.75,-35.125,-35.125,183,,,,,
2026-08-06T09:37:32.997,51.867,waiting_for_release,,,,,FALSE,,,35.9184062,139.9079523,,,31.63,1010.31125,60.83007813,24.9375,-32.4375,-79,-2.38,10.87,3.67,105.75,46.25,-289.1875,183,,,,,
2026-08-06T09:37:33.497,52.368,waiting_for_release,,,,,FALSE,,,35.9184062,139.9079523,,,31.63,1010.292031,60.90039063,139.9375,-55.4375,94.75,-5.21,-5.89,5.8,130.375,-63.625,-125.125,247,,,,,
2026-08-06T09:37:33.998,52.868,waiting_for_release,,,,,FALSE,,,35.9184062,139.9079523,,,31.63,1010.365664,60.86523438,151.4375,20.8125,-0.4375,0.07,0.08,12.01,182.1875,-208.5625,136.5,247,,,,,
2026-08-06T09:37:34.498,53.369,waiting_for_release,,,,,FALSE,,,35.9184062,139.9079523,,,31.62,1010.30293,60.91113281,50.9375,67.8125,105.625,3.82,-2.85,3.68,113.6875,-130.5625,69.625,247,,,,,
2026-08-06T09:37:34.999,53.869,waiting_for_release,,,,,FALSE,,,35.9184062,139.9079523,,,31.63,1010.365664,60.99121094,333.0625,39.1875,-10.25,13.22,-3.31,9.63,172.25,255.125,-175.5,183,,,,,
2026-08-06T09:37:35.499,54.37,waiting_for_release,,,,,FALSE,,,35.9184062,139.9079523,,,31.63,1010.319219,60.8203125,89,-78.75,80.25,-4.91,2.02,3.59,96.5625,88.625,-227.75,183,,,,,
2026-08-06T09:37:36.000,54.87,waiting_for_release,,,,,FALSE,,,35.9184062,139.9079523,,,31.63,1010.338477,60.83007813,-5.8125,-40.25,18.75,-10.46,-4.8,12.65,232.8125,-162.5625,128.9375,247,,,,,
2026-08-06T09:37:36.500,55.37,waiting_for_release,,,,,FALSE,,,35.9184062,139.9079523,,,31.64,1010.327227,60.84277344,76.8125,65.9375,-79.5625,2.47,6.23,4,177.5,-144.4375,197.3125,247,,,,,
2026-08-06T09:37:37.000,55.871,waiting_for_release,,,,,FALSE,,,35.9184062,139.9079523,,,31.64,1010.327227,60.9921875,305.875,51.75,72.875,6.17,-7.67,5.37,190.1875,57.1875,-15.875,183,,,,,
2026-08-06T09:37:37.501,56.371,waiting_for_release,,,,,FALSE,,,35.9184062,139.9079523,,,31.62,1010.357383,61.26660156,367.5,7.125,-61.875,5.37,10.02,4.83,95.125,-17.9375,-308.8125,247,,,,,
2026-08-06T09:37:38.001,56.872,waiting_for_release,,,,,FALSE,,,35.9184062,139.9079523,,,31.63,1010.319219,61.49707031,144.8125,-46.9375,59.5,-3.34,-2.56,7.08,101.3125,30.875,-148,247,,,,,
2026-08-06T09:37:38.502,57.372,waiting_for_release,,,,,FALSE,,,35.9184062,139.9079523,,,31.64,1010.327227,61.48632813,154.25,-25.25,-37.3125,-10.96,8.07,10.91,175.0625,-65.625,332.3125,247,,,,,
2026-08-06T09:37:39.002,57.873,waiting_for_release,,,,,FALSE,,,35.9184062,139.9079523,,,31.64,1010.327227,61.359375,340.9375,60.6875,109.25,4.12,-0.48,1.2,112.5,-62.25,157.875,119,,,,,
2026-08-06T09:37:39.503,58.373,waiting_for_release,,,,,FALSE,,,35.9184062,139.9079523,,,31.64,1010.327227,61.33691406,286.5625,56.9375,-8.25,12.26,-2.38,8.52,177.5625,31.375,-221.0625,183,,,,,
2026-08-06T09:37:40.003,58.874,waiting_for_release,,,,,FALSE,,,35.9184062,139.9079523,,,31.63,1010.319219,61.2109375,76.0625,-57.6875,-54.375,-4.33,2.28,2.44,-8.75,-43.8125,-284.8125,247,,,,,
2026-08-06T09:37:40.503,59.374,waiting_for_release,,,,,FALSE,,,35.9184062,139.9079523,,,31.63,1010.31125,61.19726563,172.125,-41.875,30.25,-5.87,-3.3,11.15,232.8125,-2.3125,103.375,247,,,,,
2026-08-06T09:37:41.004,59.874,waiting_for_release,,,,,FALSE,,,35.9184062,139.9079523,,,31.64,1010.272773,61.33691406,82.5,60.4375,-44.1875,3.6,5.74,5.4,43.0625,-101.3125,329.5625,183,,,,,
2026-08-06T09:37:41.504,60.375,waiting_for_release,,,,,FALSE,,,35.9184062,139.9079523,,,31.63,1010.319219,61.41699219,328,45.625,81.5625,5.09,-7.07,5.57,183.125,-16.25,-46,183,,,,,
2026-08-06T09:37:42.005,60.875,waiting_for_release,,,,,FALSE,,,35.9184062,139.9079523,,,31.63,1010.346445,61.37109375,42.375,-10.3125,-66.625,2.19,11.25,2.77,79.4375,-33.1875,-235.5625,247,,,,,
2026-08-06T09:37:42.505,61.376,waiting_for_release,,,,,FALSE,,,35.9184062,139.9079523,,,31.63,1010.346445,61.41699219,170.25,-55.4375,32.625,-2.7,0.3,5.81,46,-69.375,-91.9375,247,,,,,
2026-08-06T09:37:43.006,61.876,waiting_for_release,,,,,FALSE,,,35.9184062,139.9079523,,,31.64,1010.354453,61.40527344,140.6875,17.5,-41.0625,1.96,10.06,9.49,142.8125,-67.125,327,247,,,,,
2026-08-06T09:37:43.506,62.377,waiting_for_release,,,,,FALSE,,,35.9184062,139.9079523,,,31.64,1010.327227,61.34863281,4.5,62.0625,83.625,4.97,-0.51,3.19,102.0625,-75.4375,177,183,,,,,
2026-08-06T09:37:44.006,62.877,waiting_for_release,,,,,FALSE,,,35.9184062,139.9079523,,,31.64,1010.362461,61.29199219,301,47.5625,-0.8125,9.44,-1.65,8.48,207.4375,-12.25,-198.5625,247,,,,,
2026-08-06T09:37:44.507,63.377,waiting_for_release,,,,,FALSE,,,35.9184062,139.9079523,,,31.64,1010.327227,61.22167969,56.6875,-20.75,-85.25,-1.66,10.79,0.52,76.5,-167.25,-186.8125,247,,,,,
2026-08-06T09:37:45.007,63.878,waiting_for_release,,,,,FALSE,,,35.9184062,139.9079523,,,31.65,1010.343203,61.19042969,193.3125,-49.3125,33,-6.37,-1.43,6.53,61.125,-36.4375,-58.875,183,,,,,
2026-08-06T09:37:45.508,64.378,waiting_for_release,,,,,FALSE,,,35.9184062,139.9079523,,,31.64,1010.362461,61.234375,157.75,8.375,-23.625,-2.05,5.26,9.97,17.75,-133.0625,271.8125,247,,,,,
2026-08-06T09:37:46.008,64.879,waiting_for_release,,,,,FALSE,,,35.9184062,139.9079523,,,31.63,1010.365664,61.35839844,10.1875,50.125,36.75,4.17,0.65,6.34,48.125,-66.6875,241.875,247,,,,,
2026-08-06T09:37:46.509,65.379,waiting_for_release,,,,,FALSE,,,35.9184062,139.9079523,,,31.64,1010.327227,61.34863281,279.75,21.125,30.625,0.74,-3.95,10.12,173.4375,-75.375,18.1875,247,,,,,
2026-08-06T09:37:47.009,65.88,waiting_for_release,,,,,FALSE,,,35.9184062,139.9079523,,,31.64,1010.3,61.15332031,355.875,-4.25,-47.25,2.83,8.92,8.23,21.1875,-76,-329.875,183,,,,,
2026-08-06T09:37:47.509,66.38,waiting_for_release,,,,,FALSE,,,35.9184062,139.9079523,,,31.65,1010.343203,61.04101563,124.375,-36.125,14.75,-1.65,0.36,6.74,59.9375,-77.3125,-239.5625,183,,,,,
2026-08-06T09:37:48.010,66.88,waiting_for_release,,,,,FALSE,,,35.9184062,139.9079523,,,31.65,1010.37043,61.06347656,202.1875,-2.6875,10.375,2.6,-1.29,9.8,158.5,38.6875,-79.9375,183,,,,,
2026-08-06T09:37:48.510,67.381,waiting_for_release,,,,,FALSE,,,35.9184062,139.9079523,,,31.65,1010.37043,61.06347656,127.5,29.75,-65.3125,0.29,10.71,4.17,173.875,125.125,184.3125,247,,,,,
2026-08-06T09:37:49.011,67.881,waiting_for_release,,,,,FALSE,,,35.9184062,139.9079523,,,31.65,1010.343203,61.05175781,332.875,30.4375,25.4375,1.91,-0.26,8.97,122,38.625,159.8125,247,,,,,
2026-08-06T09:37:49.511,68.382,waiting_for_release,,,,,FALSE,,,35.9184062,139.9079523,,,31.65,1010.397656,61.02929688,313.875,18.25,-41.0625,6.9,5.31,10.87,37.4375,-15.125,-181.3125,247,,,,,
2026-08-06T09:37:50.012,68.882,waiting_for_release,,,,,FALSE,,,35.9184062,139.9079523,,,31.65,1010.315977,60.97167969,81.3125,-41.4375,-36.0625,-1.61,6.14,5.45,17.6875,-87.1875,-272.6875,183,,,,,
2026-08-06T09:37:50.512,69.383,waiting_for_release,,,,,FALSE,,,35.9184062,139.9079523,,,31.65,1010.315977,61.04101563,174.5625,-19,4.375,-0.83,-0.29,12.53,122.8125,-19.5625,-86.9375,183,,,,,
2026-08-06T09:37:51.013,69.883,waiting_for_release,,,,,FALSE,,,35.9184062,139.9079523,,,31.65,1010.343203,61.01757813,124.8125,25.375,-48.3125,0.47,8.85,7.21,79.8125,29.8125,245.1875,247,,,,,
2026-08-06T09:37:51.513,70.383,waiting_for_release,,,,,FALSE,,,35.9184062,139.9079523,,,31.65,1010.315977,61.00585938,359.375,44.125,29.25,0.72,0.01,3.73,40.9375,33.9375,213.4375,183,,,,,
2026-08-06T09:37:52.013,70.884,waiting_for_release,,,,,FALSE,,,35.9184062,139.9079523,,,31.65,1010.323984,60.92578125,315.3125,17.5625,-28.3125,7.68,2.41,9.26,192,11.4375,-131.6875,247,,,,,
2026-08-06T09:37:52.514,71.384,waiting_for_release,,,,,FALSE,,,35.9184062,139.9079523,,,31.65,1010.296758,60.89160156,78.625,-52.9375,-37.625,-3.94,5,5.74,28.4375,-80.1875,-254.6875,247,,,,,
2026-08-06T09:37:53.014,71.885,waiting_for_release,,,,,FALSE,,,35.9184062,139.9079523,,,31.66,1010.304766,60.89160156,185.9375,-10.875,18.9375,0.32,-3.57,13.73,174,-41.8125,-100.875,247,,,,,
2026-08-06T09:37:53.515,72.385,waiting_for_release,,,,,FALSE,,,35.9184062,139.9079523,,,31.65,1010.37043,60.90332031,137.125,32,-39.75,1.55,7.4,10.87,102.8125,35.25,394.4375,247,,,,,
2026-08-06T09:37:54.015,72.886,waiting_for_release,,,,,FALSE,,,35.9184062,139.9079523,,,31.66,1010.277539,60.94921875,329.375,32.5625,67.6875,1.12,-3.4,5.71,106.3125,-65.375,142.0625,183,,,,,
2026-08-06T09:37:54.515,73.386,waiting_for_release,,,,,FALSE,,,35.9184062,139.9079523,,,31.64,1010.335234,60.84375,300,20.375,-20.125,6.02,2.38,11.46,150.0625,2.5,-139.9375,247,,,,,
2026-08-06T09:37:55.016,73.886,waiting_for_release,,,,,FALSE,,,35.9184062,139.9079523,,,31.65,1010.315977,60.71875,54.875,-41.3125,-53.5625,-1.53,6.68,4.88,-71.6875,-79.1875,-303.6875,183,,,,,
2026-08-06T09:37:55.516,74.387,waiting_for_release,,,,,FALSE,,,35.9184062,139.9079523,,,31.65,1010.296758,60.71875,182.8125,-25.375,39.9375,-1.2,-4.62,9,108.875,22.4375,-134.6875,183,,,,,
2026-08-06T09:37:56.017,74.887,waiting_for_release,,,,,FALSE,,,35.9184062,139.9079523,,,31.64,1010.280781,60.71777344,180.3125,-8.25,-49.0625,-5.22,4.94,8.76,138.6875,12.4375,249.75,183,,,,,
2026-08-06T09:37:56.517,75.388,waiting_for_release,,,,,FALSE,,,35.9184062,139.9079523,,,31.65,1010.351211,60.7421875,7.875,67.875,52.0625,5.85,-0.03,2.42,95.25,65.1875,213.75,183,,,,,
2026-08-06T09:37:57.018,75.888,waiting_for_release,,,,,FALSE,,,35.9184062,139.9079523,,,31.64,1010.335234,60.71777344,292.625,28.75,9.5,4.72,-2.38,11.62,202.875,-20.125,-34.5625,247,,,,,
2026-08-06T09:37:57.518,76.389,waiting_for_release,,,,,FALSE,,,35.9184062,139.9079523,,,31.64,1010.335234,60.6953125,347.0625,-1.5625,-60.5,3.27,9.54,4.26,56.75,-67.5,-249.6875,183,,,,,
2026-08-06T09:37:58.018,76.889,waiting_for_release,,,,,FALSE,,,35.9184062,139.9079523,,,31.64,1010.308008,60.6953125,131.5625,-36.125,18.6875,-3.75,0.12,6.65,-22.75,-80.5625,-232.3125,183,,,,,
2026-08-06T09:37:58.519,77.389,waiting_for_release,,,,,FALSE,,,35.9184062,139.9079523,,,31.64,1010.308008,60.68359375,197,1.125,5,2.5,-3.17,9.95,134.125,-38.25,-79.1875,183,,,,,
2026-08-06T09:37:59.019,77.89,waiting_for_release,,,,,FALSE,,,35.9184062,139.9079523,,,31.65,1010.343203,60.81152344,132.125,43.0625,-50.5,4.7,8.36,9.33,260.875,104.75,164.6875,183,,,,,
2026-08-06T09:37:59.520,78.39,waiting_for_release,,,,,FALSE,,,35.9184062,139.9079523,,,31.65,1010.315977,60.76464844,332.5625,32.9375,48.8125,3.08,-0.46,5.02,49,-22.125,210.1875,247,,,,,
2026-08-06T09:38:00.020,78.891,waiting_for_release,,,,,FALSE,,,35.9184062,139.9079523,,,31.65,1010.351211,60.75390625,275.6875,11.75,-3.8125,0.13,-0.71,11.38,188.125,-0.6875,-37.5,183,,,,,
2026-08-06T09:38:00.520,79.391,waiting_for_release,,,,,FALSE,,,35.9184062,139.9079523,,,31.65,1010.405625,60.70800781,347.9375,-6.375,-48.375,0.87,7.76,6.85,18.25,-139.25,-296.5,183,,,,,
2026-08-06T09:38:01.021,79.891,waiting_for_release,,,,,FALSE,,,35.9184062,139.9079523,,,31.65,1010.28875,60.73046875,123.0625,-7.8125,9.1875,-0.64,0.6,7.19,0.25,-54.3125,-197.875,183,,,,,
2026-08-06T09:38:01.521,80.392,waiting_for_release,,,,,FALSE,,,35.9184062,139.9079523,,,31.65,1010.242305,60.66210938,202.25,8.625,-11.3125,4.32,1.68,10.3,115.8125,-18.125,-101.5,183,,,,,
2026-08-06T09:38:02.022,80.892,waiting_for_release,,,,,FALSE,,,35.9184062,139.9079523,,,31.65,1010.296758,60.69628906,120.625,35.8125,-38.8125,2.61,9.42,7.66,137.5,105.5625,232,247,,,,,
2026-08-06T09:38:02.522,81.393,waiting_for_release,,,,,FALSE,,,35.9184062,139.9079523,,,31.65,1010.28875,60.7421875,351.75,37.4375,18.5,2.12,0.95,7.85,56.875,-4.8125,223.125,247,,,,,
2026-08-06T09:38:03.023,81.893,waiting_for_release,,,,,FALSE,,,35.9184062,139.9079523,,,31.66,1010.304766,60.75390625,271.0625,6.1875,-11.3125,-1.74,0.23,11.88,142.5,12.8125,6.125,247,,,,,
2026-08-06T09:38:03.523,82.393,waiting_for_release,,,,,FALSE,,,35.9184062,139.9079523,,,31.66,1010.331953,60.68457031,344.75,-16.5,-47.5,0.62,7.13,6.56,70.3125,-177.8125,-313.75,183,,,,,
2026-08-06T09:38:04.023,82.894,waiting_for_release,,,,,FALSE,,,35.9184062,139.9079523,,,31.65,1010.323984,60.68457031,147.3125,6.75,13.375,2.93,0.23,9.1,-53.3125,-57.1875,-218.6875,183,,,,,
2026-08-06T09:38:04.524,83.394,waiting_for_release,,,,,FALSE,,,35.9184062,139.9079523,,,31.64,1010.389648,60.68359375,214.1875,6.0625,-23.6875,1.72,3.21,12.13,114.25,64.375,-26.3125,183,,,,,
2026-08-06T09:38:05.024,83.895,waiting_for_release,,,,,FALSE,,,35.9184062,139.9079523,,,31.65,1010.343203,60.71875,218.375,-52.375,-74.6875,-6.9,3.34,2.11,-10.5,101.0625,-54.875,247,,,,,
2026-08-06T09:38:05.525,84.395,waiting_for_release,,,,,FALSE,,,35.9184062,139.9079523,,,31.65,1010.28875,60.7421875,222.25,-68.5,-115.4375,-9.31,1.82,-1.57,-1.375,8.375,-26.9375,247,,,,,
2026-08-06T09:38:06.025,84.895,waiting_for_release,,,,,FALSE,,,35.9184062,139.9079523,,,31.65,1010.343203,60.7421875,226.5625,-75.4375,-101.1875,-9.71,1.82,0.02,-6.5,-0.25,-0.1875,247,,,,,
2026-08-06T09:38:06.525,85.396,waiting_for_release,,,,,FALSE,,,35.9184062,139.9079523,,,31.66,1010.28582,60.68554688,205.375,-56.875,-58.125,-5.8,5.66,0.46,-116.625,-168.375,122.1875,247,,,,,
2026-08-06T09:38:07.026,85.896,waiting_for_release,,,,,FALSE,,,35.9184062,139.9079523,,,31.66,1010.35918,60.67285156,61.9375,61.9375,9.5625,0.13,2.37,6.25,65.5,-57.9375,226.25,247,,,,,
2026-08-06T09:38:07.526,86.397,waiting_for_release,,,,,FALSE,,,35.9184062,139.9079523,,,31.66,1010.304766,60.81152344,47.8125,-13.4375,-21.875,12.71,5.37,2.78,-59.6875,76.8125,-59.25,247,,,,,
2026-08-06T09:38:08.027,86.897,waiting_for_release,,,,,FALSE,,,35.9184062,139.9079523,,,31.65,1010.296758,61.02929688,86.375,1.5625,-38.3125,-8.33,0.88,2.96,-65.9375,122.625,-61.4375,247,,,,,
2026-08-06T09:38:08.527,87.398,waiting_for_release,,,,,FALSE,,,35.9184062,139.9079523,,,31.66,1010.331953,61.01757813,45.1875,-8.5,-21,7.51,3.46,12.66,15.375,-83.25,-100.75,247,,,,,
2026-08-06T09:38:09.027,87.898,waiting_for_release,,,,,FALSE,,,35.9184062,139.9079523,,,31.65,1010.343203,60.98339844,75.625,19.5,-42.9375,-5,4.55,9.77,-145.25,125.5625,63.8125,183,,,,,
2026-08-06T09:38:09.528,88.398,waiting_for_release,,,,,FALSE,,,35.9184062,139.9079523,,,31.66,1010.331953,60.9375,40.5625,-5.25,-24.6875,5.35,3.17,8.02,-44.25,-69.0625,-64,247,,,,,
2026-08-06T09:38:10.028,88.899,waiting_for_release,,,,,FALSE,,,35.9184062,139.9079523,,,31.66,1010.331953,60.92578125,88.625,0.8125,-44.25,-7.25,2.59,5.76,-101.5625,75.1875,6.3125,183,,,,,
2026-08-06T09:38:10.529,89.399,waiting_for_release,,,,,FALSE,,,35.9184062,139.9079523,,,31.66,1010.313047,60.92675781,34.625,-17.5,-31.5625,6.1,2.66,1.7,1.5,-0.75,-24.25,247,,,,,
2026-08-06T09:38:11.029,89.9,waiting_for_release,,,,,FALSE,,,35.9184062,139.9079523,,,31.65,1010.343203,61.02929688,89.0625,4.5625,-40.125,-7.23,2.38,2.62,37.75,-6.5,-43.5625,183,,,,,
2026-08-06T09:38:11.530,90.4,waiting_for_release,,,,,FALSE,,,35.9184062,139.9079523,,,31.65,1010.343203,60.99511719,39.125,-10.25,-23.0625,6.92,2.76,3.93,56.5,68.3125,77.5,247,,,,,
2026-08-06T09:38:12.030,90.9,waiting_for_release,,,,,FALSE,,,35.9184062,139.9079523,,,31.66,1010.331953,61.109375,82.75,5.0625,-17.25,-5.74,1.38,9.32,111.375,-74.0625,-92.25,247,,,,,
2026-08-06T09:38:12.530,91.401,waiting_for_release,,,,,FALSE,,,35.9184062,139.9079523,,,31.66,1010.331953,60.99511719,81.5,1.4375,-0.375,5.91,0.5,15.6,-8.75,26.5625,94.4375,183,,,,,
2026-08-06T09:38:13.031,91.901,waiting_for_release,,,,,FALSE,,,35.9184062,139.9079523,,,31.65,1010.269531,60.9375,109.5,0.25,-8.125,-2.29,-1.4,15.32,46.625,-44.5625,-147.3125,247,,,,,
2026-08-06T09:38:13.531,92.402,waiting_for_release,,,,,FALSE,,,35.9184062,139.9079523,,,31.66,1010.331953,60.76464844,130,5,-14.875,-4.3,0.37,16.6,-134.8125,69.4375,103.5,247,,,,,
2026-08-06T09:38:14.032,92.902,waiting_for_release,,,,,FALSE,,,35.9184062,139.9079523,,,31.67,1010.321055,60.8828125,117.5625,-1.9375,-7.875,5.52,-1.18,14.68,-23.5,-93.6875,-121.625,247,,,,,
2026-08-06T09:38:14.532,93.402,waiting_for_release,,,,,FALSE,,,35.9184062,139.9079523,,,31.66,1010.331953,60.84570313,151.1875,9.6875,-30.125,-6.25,4.01,5.35,-87.25,44.0625,26.125,247,,,,,
2026-08-06T09:38:15.032,93.903,waiting_for_release,,,,,FALSE,,,35.9184062,139.9079523,,,31.66,1010.28582,60.77734375,99.5,-5.25,-13.8125,6.21,1.84,5.67,-31,12.375,0.125,247,,,,,
2026-08-06T09:38:15.533,94.403,waiting_for_release,,,,,FALSE,,,35.9184062,139.9079523,,,31.67,1010.348242,60.76757813,151.4375,12.8125,-17.6875,-4.03,1.49,9.07,40.8125,-65.875,-85.75,247,,,,,
2026-08-06T09:38:16.033,94.904,waiting_for_release,,,,,FALSE,,,35.9184062,139.9079523,,,31.66,1010.3675,60.73144531,122.25,-3.1875,-4.0625,3.05,-0.41,14.96,-29.125,95.6875,69.0625,247,,,,,
2026-08-06T09:38:16.534,95.404,waiting_for_release,,,,,FALSE,,,35.9184062,139.9079523,,,31.65,1010.405625,60.71875,132.5,8.625,-4.25,0.47,-2.46,16.53,-20.375,-55.75,-18.625,247,,,,,
2026-08-06T09:38:17.034,95.905,waiting_for_release,,,,,FALSE,,,35.9184062,139.9079523,,,31.64,1010.389648,60.72949219,132.5,-7,11.9375,5.9,-1.87,18.65,-102.4375,185.625,18.3125,247,,,,,
2026-08-06T09:38:17.534,96.405,waiting_for_release,,,,,FALSE,,,35.9184062,139.9079523,,,31.65,1010.405625,60.9375,125.8125,3.9375,8.75,0.35,-3.54,20.46,-80,-171.4375,48.375,247,,,,,
2026-08-06T09:38:18.035,96.905,waiting_for_release,,,,,FALSE,,,35.9184062,139.9079523,,,31.64,1010.471289,60.97070313,127.5625,5.8125,9.625,0.78,-1.27,17.75,-19.375,111,-34.5,247,,,,,
2026-08-06T09:38:18.535,97.406,waiting_for_release,,,,,FALSE,,,35.9184062,139.9079523,,,31.65,1010.397656,61.14355469,123.0625,-6.6875,2.25,5.85,-1.97,11.93,-53.1875,-141.1875,-1.875,247,,,,,
2026-08-06T09:38:19.036,97.906,waiting_for_release,,,,,FALSE,,,35.9184062,139.9079523,,,31.65,1010.506484,61.28222656,114.6875,18.8125,19.0625,-3.04,-1.57,14.92,32.3125,69.0625,68.5,247,,,,,
2026-08-06T09:38:19.536,98.407,waiting_for_release,,,,,FALSE,,,35.9184062,139.9079523,,,31.64,1010.362461,61.40722656,100.25,-9.25,-9.1875,8.64,-3.99,5.51,-25.1875,-96.1875,-6.875,247,,,,,
2026-08-06T09:38:20.037,98.907,waiting_for_release,,,,,FALSE,,,35.9184062,139.9079523,,,31.64,1010.272773,61.48632813,139.3125,27.1875,-29.875,-8.39,2,2.18,40.625,86.875,77.1875,247,,,,,
2026-08-06T09:38:20.537,99.407,waiting_for_release,,,,,FALSE,,,35.9184062,139.9079523,,,31.64,1010.3,61.50878906,95.3125,4,-51.1875,10.63,4.58,3.78,81.6875,21.3125,-60.875,247,,,,,
2026-08-06T09:38:21.037,99.908,waiting_for_release,,,,,FALSE,,,35.9184062,139.9079523,,,31.63,1010.338477,61.69140625,158.5625,-6.375,-76,-8.94,9.72,-2.03,22.5625,8.6875,22.125,183,,,,,
2026-08-06T09:38:21.538,100.408,waiting_for_release,,,,,FALSE,,,35.9184062,139.9079523,,,31.63,1010.210391,61.58984375,96.4375,6.625,-81.5,10.9,9.37,-3.45,42.875,-31,-23.25,247,,,,,
2026-08-06T09:38:22.038,100.909,waiting_for_release,,,,,FALSE,,,35.9184062,139.9079523,,,31.64,1010.362461,61.57910156,126.9375,15.5,-49.9375,-5.34,5.04,6.45,-93.1875,69.0625,36.4375,247,,,,,
2026-08-06T09:38:22.539,101.409,waiting_for_release,,,,,FALSE,,,35.9184062,139.9079523,,,31.64,1010.327227,61.5546875,106.1875,-12.875,0.625,7.63,1.35,9.95,-68.625,-50.1875,-73.6875,247,,,,,
2026-08-06T09:38:23.039,101.909,waiting_for_release,,,,,FALSE,,,35.9184062,139.9079523,,,31.64,1010.436094,61.42871094,134.4375,17.6875,-4.125,-5.49,-0.59,8.5,-22.5625,53.4375,31.875,247,,,,,
2026-08-06T09:38:23.539,102.41,waiting_for_release,,,,,FALSE,,,35.9184062,139.9079523,,,31.64,1010.354453,61.44042969,118.3125,-16.375,13.6875,6.84,-1.71,8.49,1.25,-52.4375,-20.875,247,,,,,
2026-08-06T09:38:24.040,102.91,waiting_for_release,,,,,FALSE,,,35.9184062,139.9079523,,,31.63,1010.482539,61.3828125,131.5,14.4375,10.625,-8.79,-1.74,8.64,3.625,54.375,22.25,247,,,,,
2026-08-06T09:38:24.540,103.411,waiting_for_release,,,,,FALSE,,,35.9184062,139.9079523,,,31.63,1010.373672,61.64648438,123.6875,-20,25.8125,8.77,-0.73,5.42,29.375,-24.875,-33.75,247,,,,,
2026-08-06T09:38:25.041,103.911,waiting_for_release,,,,,FALSE,,,35.9184062,139.9079523,,,31.64,1010.354453,61.3828125,128.5625,17.125,20.0625,-7.84,-1.5,7.94,34.25,43.25,18.8125,247,,,,,
2026-08-06T09:38:25.541,104.412,waiting_for_release,,,,,FALSE,,,35.9184062,139.9079523,,,31.63,1010.292031,61.49707031,114.9375,-15.9375,14.5625,9.48,-1.57,4.96,55.5625,-46.6875,-46.75,247,,,,,
2026-08-06T09:38:26.041,104.912,waiting_for_release,,,,,FALSE,,,35.9184062,139.9079523,,,31.63,1010.392891,61.65722656,147.8125,14.875,-5.4375,-6.6,-0.14,5.96,24.8125,61.125,17.625,247,,,,,
2026-08-06T09:38:26.542,105.412,waiting_for_release,,,,,FALSE,,,35.9184062,139.9079523,,,31.63,1010.319219,61.66992188,112.25,-4.4375,-8.25,8.95,1.44,4.19,-21.0625,-63.0625,-3.875,247,,,,,
2026-08-06T09:38:27.042,105.913,waiting_for_release,,,,,FALSE,,,35.9184062,139.9079523,,,31.64,1010.389648,61.6484375,152.6875,13.375,-11.8125,-7.86,2.41,6.74,-14,29.75,67.8125,247,,,,,
2026-08-06T09:38:27.543,106.413,waiting_for_release,,,,,FALSE,,,35.9184062,139.9079523,,,31.63,1010.373672,61.65820313,91.8125,3.8125,-10.8125,6.57,-0.69,3.91,-13.1875,-5.875,20.1875,247,,,,,
2026-08-06T09:38:28.043,106.914,waiting_for_release,,,,,FALSE,,,35.9184062,139.9079523,,,31.63,1010.365664,61.77148438,147.9375,6,-16,-7.6,3.31,5.96,-8.5,43,47.9375,247,,,,,
2026-08-06T09:38:28.543,107.414,waiting_for_release,,,,,FALSE,,,35.9184062,139.9079523,,,31.63,1010.31125,61.81738281,90.5625,7,-10.4375,8.73,1.19,3.36,-15.4375,-13.625,21.0625,247,,,,,
2026-08-06T09:38:29.044,107.914,waiting_for_release,,,,,FALSE,,,35.9184062,139.9079523,,,31.63,1010.365664,61.91015625,141.3125,9.25,-15.5,-7.88,5.01,5.93,42.375,-25.25,17.125,247,,,,,
2026-08-06T09:38:29.544,108.415,waiting_for_release,,,,,FALSE,,,35.9184062,139.9079523,,,31.63,1010.319219,61.91113281,90.125,4.1875,-21.25,7.87,1.18,5.95,60.5,68.5,25.9375,247,,,,,
2026-08-06T09:38:30.045,108.915,waiting_for_release,,,,,FALSE,,,35.9184062,139.9079523,,,31.64,1010.272773,61.87695313,140.1875,8.625,-0.25,-6.48,0.14,9.53,9.25,-9.3125,-57.9375,247,,,,,
2026-08-06T09:38:30.545,109.416,waiting_for_release,,,,,FALSE,,,35.9184062,139.9079523,,,31.64,1010.327227,61.83007813,91.0625,-0.625,8.3125,8.51,-3.64,7.9,26.5625,18.75,109.6875,247,,,,,
2026-08-06T09:38:31.046,109.916,waiting_for_release,,,,,FALSE,,,35.9184062,139.9079523,,,31.63,1010.428125,61.7734375,141.9375,4.875,19.6875,-6.53,-3.47,12.91,77.625,-3.125,-112.125,247,,,,,
2026-08-06T09:38:31.546,110.416,waiting_for_release,,,,,FALSE,,,35.9184062,139.9079523,,,31.64,1010.272773,61.78417969,109.3125,6.9375,-11.4375,8.64,-1.5,10.15,136.875,0.6875,98.8125,247,,,,,
2026-08-06T09:38:32.046,110.917,waiting_for_release,,,,,FALSE,,,35.9184062,139.9079523,,,31.63,1010.319219,61.7734375,139,-7.875,-41.125,-7.42,2.41,8.39,50.5,-10.4375,-164,247,,,,,
2026-08-06T09:38:32.547,111.417,waiting_for_release,,,,,FALSE,,,35.9184062,139.9079523,,,31.64,1010.245586,61.73828125,128.1875,-10.625,-56.625,2.22,2.79,8.73,62.0625,65.5625,166.0625,247,,,,,
2026-08-06T09:38:33.047,111.918,waiting_for_release,,,,,FALSE,,,35.9184062,139.9079523,,,31.64,1010.226328,61.56738281,148.5,-7.3125,-72.875,-5.93,7.03,5.61,-17.0625,-50.25,-55.1875,247,,,,,
2026-08-06T09:38:33.548,112.418,waiting_for_release,,,,,FALSE,,,35.9184062,139.9079523,,,31.63,1010.256836,61.45019531,124.3125,-3.625,-63.9375,3.28,4.91,5.56,-93.3125,111.625,69.125,247,,,,,
2026-08-06T09:38:34.048,112.918,waiting_for_release,,,,,FALSE,,,35.9184062,139.9079523,,,31.63,1010.256836,61.40429688,129.125,7.875,1.75,-1.67,-3.3,16.35,-116,-100.125,-76.5,247,,,,,
2026-08-06T09:38:34.548,113.419,waiting_for_release,,,,,FALSE,,,35.9184062,139.9079523,,,31.64,1010.308008,61.34960938,116.5,7.125,24.375,1.13,-7.04,11.38,-9.25,82.6875,152.1875,247,,,,,
2026-08-06T09:38:35.049,113.919,waiting_for_release,,,,,FALSE,,,35.9184062,139.9079523,,,31.47,1010.170938,61.36035156,116.375,-9.8125,26.6875,1.39,-7.04,11.48,-22.375,-107.4375,-111.4375,247,,,,,
2026-08-06T09:38:35.549,114.42,waiting_for_release,,,,,FALSE,,,35.9184062,139.9079523,,,31.64,1010.471289,61.39550781,126.0625,3.875,28.25,-0.7,-8.06,13.51,-39.125,109.8125,104.6875,247,,,,,
2026-08-06T09:38:36.050,114.92,waiting_for_landing,,,,,FALSE,,,35.9184062,139.9079523,,,31.5,1010.102344,61.44433594,113.3125,-9.125,33.8125,-0.45,-8.11,13.18,-4.375,-106.4375,-166.5,247,,,,,
2026-08-06T09:38:36.550,115.42,waiting_for_landing,,,,,FALSE,,,35.9184062,139.9079523,,,31.65,1010.460039,61.5,126,0.8125,41.8125,0.55,-12.32,14.08,-101.6875,76.6875,149.1875,247,,,,,
2026-08-06T09:38:37.050,115.921,waiting_for_landing,,,,,FALSE,,,35.9184062,139.9079523,,,31.65,1010.343203,61.47753906,114.25,-17.4375,45.875,2.65,-10.04,10.55,16.625,-104.3125,-110.5625,247,,,,,
2026-08-06T09:38:37.551,116.421,waiting_for_landing,,,,,FALSE,,,35.9184062,139.9079523,,,31.64,1010.408906,61.42871094,114.3125,8.8125,46.0625,-2.02,-8.04,9.94,22.4375,93.625,65.875,247,,,,,
2026-08-06T09:38:38.051,116.922,waiting_for_landing,,,,,FALSE,,,35.9184062,139.9079523,,,31.64,1010.335234,61.57910156,112,-11.8125,44.1875,6.52,-8.33,7.87,-21.0625,-99.875,-50.4375,247,,,,,
2026-08-06T09:38:38.552,117.422,waiting_for_landing,,,,,FALSE,,,35.9184062,139.9079523,,,31.65,1010.506484,61.68359375,115.8125,10.5,47.5,-2.35,-8.63,10.22,17.25,77.0625,91.0625,247,,,,,
2026-08-06T09:38:39.052,117.923,waiting_for_landing,,,,,FALSE,,,35.9184062,139.9079523,,,31.65,1010.45207,61.81054688,99.625,-15.25,33.5,3.96,-8.83,9.92,-32.9375,-30.6875,-80.4375,247,,,,,
2026-08-06T09:38:39.553,118.423,waiting_for_landing,,,,,FALSE,,,35.9184062,139.9079523,,,31.63,1010.338477,61.95605469,132,-36,13.75,-7.36,-3.7,6.73,-67,127.6875,28.9375,247,,,,,
2026-08-06T09:38:40.053,118.924,waiting_for_landing,,,,,FALSE,,,35.9184062,139.9079523,,,31.64,1010.389648,61.91210938,143.1875,-29.125,30.8125,-10.31,-5.54,7.12,147.1875,-112.9375,-22.4375,183,,,,,
2026-08-06T09:38:40.554,119.424,waiting_for_landing,,,,,FALSE,,,35.9184062,139.9079523,,,31.31,1009.813281,61.82128906,110,-15.8125,19.5,4.76,-4.93,11.5,-5.6875,-2.1875,95.0625,183,,,,,
2026-08-06T09:38:41.054,119.925,waiting_for_landing,,,,,FALSE,,,35.9184062,139.9079523,,,31.64,1010.354453,61.69238281,127.875,-3.0625,15.875,-4.29,-2.3,9.7,59.5625,54,-96.6875,247,,,,,
2026-08-06T09:38:41.555,120.425,waiting_for_landing,,,,,FALSE,,,35.9184062,139.9079523,,,31.64,1010.362461,61.63671875,108.6875,2.6875,1.1875,9.53,1.26,6.92,67.4375,37.125,22.25,247,,,,,
2026-08-06T09:38:42.055,120.925,waiting_for_landing,,,,,FALSE,,,35.9184062,139.9079523,,,31.65,1010.37043,61.56933594,146.8125,-14.125,-5.25,-8.98,0.66,7.32,33.375,16.375,-39.75,247,,,,,
2026-08-06T09:38:42.555,121.426,waiting_for_landing,,,,,FALSE,,,35.9184062,139.9079523,,,31.64,1010.335234,61.46484375,119,0.375,1.8125,0.71,2.53,12.3,-10.5,-25.125,9.1875,247,,,,,
2026-08-06T09:38:43.056,121.926,waiting_for_landing,,,,,FALSE,,,35.9184062,139.9079523,,,31.64,1010.253555,61.38378906,126.6875,-8.0625,-15.75,-3.14,2.83,7.12,32.1875,-50.875,-22.8125,247,,,,,
2026-08-06T09:38:43.556,122.427,waiting_for_landing,,,,,FALSE,,,35.9184062,139.9079523,,,31.65,1010.28875,61.3046875,119.0625,-11.125,-15.875,-0.53,3.63,7.97,3.75,53.125,-19.5,247,,,,,
2026-08-06T09:38:44.057,122.927,waiting_for_landing,,,,,FALSE,,,35.9184062,139.9079523,,,31.65,1010.28875,61.23632813,128.9375,-13.25,-19.4375,-1.92,2.45,7.37,86,6.625,-8.8125,247,,,,,
2026-08-06T09:38:44.557,123.427,waiting_for_landing,,,,,FALSE,,,35.9184062,139.9079523,,,31.65,1010.269531,61.08691406,136.0625,-6.375,-20.8125,-2.22,4.02,10.01,-5.6875,0.3125,-25.4375,247,,,,,
2026-08-06T09:38:45.057,123.928,waiting_for_landing,,,,,FALSE,,,35.9184062,139.9079523,,,31.67,1010.266563,61.16992188,143.75,-15.5,-32.25,-1.58,7.7,7.52,35.25,49.125,-46.75,247,,,,,
2026-08-06T09:38:45.558,124.428,waiting_for_landing,,,,,FALSE,,,35.9184062,139.9079523,,,31.65,1010.242305,61.15527344,170.8125,-38.375,-51.3125,-6.88,6.76,5.55,86.4375,-39.4375,5.6875,247,,,,,
2026-08-06T09:38:46.058,124.929,waiting_for_landing,,,,,FALSE,,,35.9184062,139.9079523,,,31.66,1010.168672,61.21289063,156.4375,11.1875,-100.625,6.91,2.74,-5.69,92.125,-1.6875,133.875,247,,,,,
2026-08-06T09:38:46.559,125.429,waiting_for_landing,,,,,FALSE,,,35.9184062,139.9079523,,,31.42,1009.881094,61.4921875,357,13.9375,-10.5625,-0.61,0.51,-0.74,107.6875,382.625,133.8125,55,,,,,
2026-08-06T09:38:47.059,125.929,waiting_for_landing,,,,,FALSE,,,35.9184062,139.9079523,,,31.66,1010.44082,61.82128906,332.9375,4.75,167.0625,-3.55,2.27,-1.84,-75.5,92.6875,-29,55,,,,,
2026-08-06T09:38:47.559,126.43,waiting_for_landing,,,,,FALSE,,,35.9184062,139.9079523,,,31.65,1010.397656,61.93652344,334.75,3.875,160.8125,0.8,-3.6,-8.74,-13.0625,0.375,-0.0625,55,,,,,
2026-08-06T09:38:48.060,126.93,waiting_for_landing,,,,,FALSE,,,35.9184062,139.9079523,,,31.64,1010.389648,62.17578125,334.75,4.375,161,0.88,-3.36,-9.01,-0.625,0.25,0.0625,55,,,,,
2026-08-06T09:38:48.560,127.431,waiting_for_landing,,,,,FALSE,,,35.9184062,139.9079523,,,31.63,1010.47457,62.35742188,334.75,4.5625,160.625,0.86,-3.48,-9.1,0.0625,0.1875,-0.0625,51,,,,,
2026-08-06T09:38:49.061,127.931,waiting_for_landing,,,,,FALSE,,,35.9184062,139.9079523,,,31.62,1010.384609,62.8046875,334.75,12.6875,160.125,0.87,-3.49,-9.14,0,0.125,0.125,51,,,,,
2026-08-06T09:38:49.561,128.432,waiting_for_landing,,,,,FALSE,,,35.9184062,139.9079523,,,31.62,1010.411836,63.1953125,334.75,4.8125,159.875,0.87,-3.5,-9.14,0.0625,0.125,0.125,51,,,,,
2026-08-06T09:38:50.061,128.932,waiting_for_landing,,,,,FALSE,,,35.9184062,139.9079523,,,31.61,1010.496719,63.10058594,350.125,4.5625,144.25,-1.23,-6.59,-9.45,307.6875,189.5625,292.125,51,,,,,
2026-08-06T09:38:50.562,129.432,waiting_for_landing,,,,,FALSE,,,35.9184062,139.9079523,,,31.59,1010.445547,63.15722656,213.875,3.8125,100.125,-0.22,-11.64,-3.39,64.9375,-24.1875,-2.25,51,,,,,
2026-08-06T09:38:51.062,129.933,waiting_for_landing,,,,,FALSE,,,35.9184062,139.9079523,,,31.6,1010.426328,63.27148438,18.75,4.75,-151.5,1.09,4.16,-9.15,-147.4375,7.1875,-6.5,51,,,,,
2026-08-06T09:38:51.563,130.433,waiting_for_landing,,,,,FALSE,,,35.9184062,139.9079523,,,31.6,1010.434297,63.38769531,22.6875,4,-155.8125,0.47,3.82,-9.37,32,1.375,-0.125,115,,,,,
2026-08-06T09:38:52.063,130.934,waiting_for_landing,,,,,FALSE,,,35.9184062,139.9079523,,,31.62,1010.431055,63.36621094,148.5625,3.3125,-67.6875,2.65,29.98,9.53,386.3125,88.625,139.5,115,,,,,
2026-08-06T09:38:52.564,131.434,waiting_for_landing,,,,,FALSE,,,35.9184062,139.9079523,,,31.62,1010.485508,63.296875,100.6875,0,-36.5625,2.39,4.65,6.39,-275.3125,59,65.5625,179,,,,,
2026-08-06T09:38:53.064,131.935,waiting_for_landing,,,,,FALSE,,,35.9184062,139.9079523,,,31.61,1010.360625,63.31933594,103.75,0.9375,-0.125,0.82,1.1,9.72,104.3125,4.625,0.6875,243,,,,,
2026-08-06T09:38:53.564,132.435,waiting_for_landing,,,,,FALSE,,,35.9184062,139.9079523,,,31.61,1010.387852,63.35351563,103.8125,0.875,-0.0625,0.35,0.02,9.52,2.875,1.875,-0.125,243,,,,,
2026-08-06T09:38:54.065,132.935,waiting_for_landing,,,,,FALSE,,,35.9184062,139.9079523,,,31.61,1010.415078,63.35351563,103.8125,1,-1.1875,0.22,0.26,9.51,0.0625,0,0,243,,,,,
2026-08-06T09:38:54.565,133.436,waiting_for_landing,,,,,FALSE,,,35.9184062,139.9079523,,,31.62,1010.403828,63.33203125,111.8125,1.125,-1.3125,0.42,0.34,9.62,0,-0.0625,0,243,,,,,
2026-08-06T09:38:55.066,133.936,waiting_for_landing,,,,,FALSE,,,35.9184062,139.9079523,,,31.63,1010.420117,63.25292969,103.8125,1.5,-1.4375,0.41,0.31,9.61,0.0625,0.125,0,243,,,,,
2026-08-06T09:38:55.566,134.437,waiting_for_landing,,,,,FALSE,,,35.9184062,139.9079523,,,31.62,1010.403828,63.17089844,103.8125,1.6875,-1.5625,0.41,0.33,9.62,0,-0.125,-0.0625,243,,,,,
2026-08-06T09:38:56.067,134.937,waiting_for_landing,,,,,FALSE,,,35.9184062,139.9079523,,,31.63,1010.428125,63.10449219,103.8125,1.8125,-1.625,0.43,0.33,9.62,0,0.0625,0.0625,243,,,,,
2026-08-06T09:38:56.567,135.438,waiting_for_landing,,,,,FALSE,,,35.9184062,139.9079523,,,31.63,1010.428125,63.15039063,103.8125,1.8125,-1.625,0.4,0.32,9.66,0,-0.125,0.0625,243,,,,,
2026-08-06T09:38:57.067,135.938,waiting_for_landing,,,,,FALSE,,,35.9184062,139.9079523,,,31.64,1010.471289,63.484375,103.8125,1.8125,-1.625,0.43,0.34,9.63,0,0.1875,-0.0625,243,,,,,
2026-08-06T09:38:57.568,136.438,waiting_for_landing,,,,,FALSE,,,35.9184062,139.9079523,,,31.64,1010.471289,63.97851563,103.8125,1.8125,-1.625,0.41,0.31,9.62,0,0,0,243,,,,,
2026-08-06T09:38:58.068,136.939,waiting_for_landing,,,,,FALSE,,,35.9184062,139.9079523,,,31.64,1010.517734,64.13769531,103.8125,1.8125,-1.625,0.43,0.32,9.63,-0.125,0,0.0625,243,,,,,
2026-08-06T09:38:58.569,137.439,waiting_for_landing,,,,,FALSE,,,35.9184062,139.9079523,,,31.63,1010.400898,64.22949219,103.8125,1.8125,-1.625,0.4,0.32,9.63,0,0.0625,0.0625,243,,,,,
2026-08-06T09:38:59.069,137.94,waiting_for_landing,,,,,FALSE,,,35.9184062,139.9079523,,,31.64,1010.38168,64.30957031,103.8125,1.8125,-1.625,0.4,0.33,9.66,0,8.0625,-0.0625,243,,,,,
2026-08-06T09:38:59.570,138.44,waiting_for_landing,,,,,FALSE,,,35.9184062,139.9079523,,,31.64,1010.46332,64.5390625,103.8125,1.8125,-1.625,0.41,0.32,9.62,0,-0.0625,-0.0625,243,,,,,
2026-08-06T09:39:00.070,138.94,waiting_for_landing,,,,,FALSE,,,35.9184062,139.9079523,,,31.63,1010.373672,64.68847656,103.8125,1.8125,-1.625,0.42,0.32,9.63,0.0625,0.25,-0.0625,243,,,,,
2026-08-06T09:39:00.570,139.441,waiting_for_landing,,,,,FALSE,,,35.9184062,139.9079523,,,31.64,1010.490547,64.87109375,103.8125,1.8125,-1.625,0.44,0.31,9.61,0.0625,0,0,243,,,,,
2026-08-06T09:39:01.071,139.941,waiting_for_landing,,,,,FALSE,,,35.9184062,139.9079523,,,31.64,1010.517734,65.30761719,103.8125,1.8125,-1.625,0.41,0.31,9.63,0,-0.0625,0.0625,243,,,,,
2026-08-06T09:39:01.571,140.442,waiting_for_landing,,,,,FALSE,,,35.9184062,139.9079523,,,31.64,1010.498516,65.40039063,103.8125,1.8125,-1.625,0.4,0.34,9.63,-0.0625,0.125,0,243,,,,,
2026-08-06T09:39:02.072,140.942,waiting_for_landing,,,,,FALSE,,,35.9184062,139.9079523,,,31.64,1010.490547,65.421875,103.8125,1.8125,-1.625,0.42,0.32,9.62,0,-0.0625,0,243,,,,,
2026-08-06T09:39:02.572,141.442,waiting_for_landing,,,,,FALSE,,,35.9184062,139.9079523,,,31.63,1010.400898,65.421875,103.8125,1.8125,-1.625,0.4,0.31,9.62,0,0.0625,-0.0625,243,,,,,
2026-08-06T09:39:03.072,141.943,waiting_for_landing,,,,,FALSE,,,35.9184062,139.9079523,,,31.63,1010.400898,65.31933594,103.8125,1.8125,-1.625,0.42,0.3,9.63,0,0.0625,-0.125,243,,,,,
2026-08-06T09:39:03.579,142.45,landed,,,,,FALSE,,,35.9184062,139.9079523,,,31.64,1010.38168,65.26171875,103.8125,1.8125,-1.625,0.43,0.31,9.61,0,-0.0625,0.125,243,,,,,
2026-08-06T09:39:04.080,142.95,landed,,,,,FALSE,,,35.9184062,139.9079523,,,31.63,1010.482539,65.16992188,103.8125,1.8125,-1.625,1.68,0.29,9.6,-0.0625,-0.0625,8.125,243,,,,,
2026-08-06T09:39:04.581,143.452,landed,,,,,FALSE,,,35.9184062,139.9079523,,,31.63,1010.509766,64.96289063,103.8125,1.8125,-1.625,0.43,0.31,9.65,0,0.1875,-0.0625,243,,,,,
2026-08-06T09:39:05.083,143.953,landed,,,,,FALSE,,,35.9184062,139.9079523,,,31.64,1010.46332,64.84863281,103.8125,1.8125,-1.625,0.42,0.32,9.6,0,0.0625,0,243,,,,,
2026-08-06T09:39:05.583,144.454,landed,,,,,FALSE,,,35.9184062,139.9079523,,,31.64,1010.38168,64.8828125,103.8125,1.8125,-1.625,0.42,0.31,9.61,0,-0.1875,0,243,,,,,
2026-08-06T09:39:06.084,144.954,landed,,,,,FALSE,,,35.9184062,139.9079523,,,31.63,1010.373672,64.96289063,103.8125,1.8125,-1.625,0.42,0.31,9.65,-0.0625,-0.0625,-0.1875,243,,,,,
2026-08-06T09:39:06.593,145.463,landed,,,,,FALSE,,,35.9184062,139.9079523,,,31.64,1010.408906,65.13574219,103.8125,1.8125,-1.625,0.41,0.32,9.62,0,-0.125,0.0625,243,,,,,
2026-08-06T09:39:07.101,145.972,landed,,,,,FALSE,,,35.9184062,139.9079523,,,31.65,1010.45207,65.35644531,103.8125,1.8125,-1.625,0.43,0.32,9.63,0,0.125,0,243,,,,,
2026-08-06T09:39:07.609,146.479,landed,,,,,FALSE,,,35.9184062,139.9079523,,,31.65,1010.487266,65.59667969,111.8125,1.8125,-1.625,1.7,0.32,9.63,-0.0625,-0.125,0,243,,,,,
2026-08-06T09:39:08.116,146.987,landed,,,,,FALSE,,,35.9184062,139.9079523,,,31.65,1010.378398,65.80371094,103.8125,1.8125,-1.625,0.44,0.33,9.63,0.0625,0,0.1875,243,,,,,
2026-08-06T09:39:08.617,147.487,landed,,,,,FALSE,,,35.9184062,139.9079523,,,22.97,668.6895703,75.14941406,103.8125,1.8125,-1.625,0.42,0.32,9.62,0,0.0625,0,243,,,,,
2026-08-06T09:39:09.123,147.993,landed,,,,,FALSE,,,35.9184062,139.9079523,,,22.97,668.6895703,75.14941406,103.8125,1.8125,-1.625,0.41,0.32,9.61,0,-0.0625,0.125,243,,,,,
2026-08-06T09:39:09.637,148.508,landed,,,,,FALSE,,,35.9184062,139.9079523,,,22.97,668.6895703,75.14941406,103.8125,9.8125,-1.625,0.42,0.3,9.61,-0.0625,0.125,-0.1875,243,,,,,
2026-08-06T09:39:10.139,149.009,landed,,,,,FALSE,,,35.9184062,139.9079523,,,22.97,668.6895703,75.14941406,103.8125,1.8125,-1.625,0.42,0.31,9.63,0.0625,-0.1875,0.125,243,,,,,
2026-08-06T09:39:10.639,149.51,landed,,,,,FALSE,,,35.9184062,139.9079523,,,22.97,668.6895703,75.14941406,103.8125,1.8125,-1.625,0.42,0.32,9.6,0,0.0625,-0.125,243,,,,,
2026-08-06T09:39:11.154,150.025,landed,,,,,FALSE,,,35.9184062,139.9079523,,,22.97,668.6895703,75.14941406,103.8125,1.8125,-1.625,0.43,0.32,9.63,0,-0.125,0.0625,243,,,,,
2026-08-06T09:39:11.665,150.536,landed,,,,,FALSE,,,35.9184062,139.9079523,,,22.97,668.6895703,75.14941406,103.8125,1.8125,-1.625,0.43,0.34,9.6,0,0.125,0.0625,243,,,,,
2026-08-06T09:39:12.177,151.048,landed,,,,,FALSE,,,35.9184062,139.9079523,,,22.97,668.6895703,75.14941406,103.8125,1.8125,-1.625,0.42,0.32,9.6,0,-0.0625,0,243,,,,,
2026-08-06T09:39:12.681,151.552,landed,,,,,FALSE,,,35.9184062,139.9079523,,,22.97,668.6895703,75.14941406,103.8125,1.8125,-1.625,0.4,0.31,9.61,0,-0.0625,0.125,243,,,,,
2026-08-06T09:39:13.196,152.066,landed,,,,,FALSE,,,35.9184062,139.9079523,,,22.97,668.6895703,75.14941406,103.8125,1.8125,-1.625,0.42,0.3,9.63,0.0625,0.0625,0.0625,243,,,,,
2026-08-06T09:39:13.696,152.567,landed,,,,,FALSE,,,35.9184062,139.9079523,,,22.97,668.6895703,75.14941406,103.8125,1.8125,-1.625,0.42,0.3,9.64,-0.125,0.0625,-0.0625,243,,,,,
2026-08-06T09:39:14.197,153.067,landed,,,,,FALSE,,,35.9184062,139.9079523,,,22.97,668.6895703,75.14941406,103.8125,1.8125,-1.625,0.41,0.3,9.66,0,0.125,0,243,,,,,
2026-08-06T09:39:14.714,153.584,landed,,,,,FALSE,,,35.9184062,139.9079523,,,22.97,668.6895703,75.14941406,103.8125,1.8125,-1.625,0.42,0.32,9.63,0.0625,0.0625,0.0625,243,,,,,
2026-08-06T09:39:15.214,154.085,landed,,,,,FALSE,,,35.9184062,139.9079523,,,22.97,668.6895703,75.14941406,103.8125,1.8125,-1.625,0.42,0.29,9.58,0,0.1875,0,243,,,,,
2026-08-06T09:39:15.715,154.585,landed,,,,,FALSE,,,35.9184062,139.9079523,,,22.97,668.6895703,75.14941406,103.8125,1.8125,-1.625,0.4,0.32,9.63,0,0.0625,0.125,243,,,,,
2026-08-06T09:39:16.216,155.086,landed,,,,,FALSE,,,35.9184062,139.9079523,,,22.97,668.6895703,75.14941406,103.8125,9.8125,-1.625,0.42,0.3,9.61,0.0625,0.0625,0,243,,,,,
2026-08-06T09:39:16.716,155.586,landed,,,,,FALSE,,,35.9184062,139.9079523,,,22.97,668.6895703,75.14941406,103.8125,1.8125,-1.625,0.42,0.31,9.67,0,-0.125,0.125,243,,,,,
2026-08-06T09:39:17.221,156.092,landed,,,,,FALSE,,,35.9184062,139.9079523,,,22.97,668.6895703,75.14941406,103.8125,1.8125,-1.625,0.43,0.32,9.61,0,0.125,-0.25,243,,,,,
2026-08-06T09:39:17.722,156.592,landed,,,,,FALSE,,,35.9184062,139.9079523,,,22.97,668.6895703,75.14941406,103.8125,1.8125,-1.625,0.42,0.32,9.64,0.125,0,0.0625,243,,,,,
2026-08-06T09:39:18.222,157.093,landed,,,,,FALSE,,,35.9184062,139.9079523,,,22.97,668.6895703,75.14941406,103.8125,1.8125,-1.625,0.4,0.31,9.66,0.0625,0,-0.125,243,,,,,
2026-08-06T09:39:18.723,157.593,landed,,,,,FALSE,,,35.9184062,139.9079523,,,22.97,668.6895703,75.14941406,111.8125,1.8125,-1.625,0.42,0.3,9.65,-0.125,0.0625,0.125,243,,,,,
2026-08-06T09:39:19.223,158.093,landed,,,,,FALSE,,,35.9184062,139.9079523,,,22.97,668.6895703,75.14941406,103.8125,1.8125,-1.625,0.41,0.31,9.62,0,-0.0625,-0.125,243,,,,,
2026-08-06T09:39:19.723,158.594,landed,,,,,FALSE,,,35.9184062,139.9079523,,,22.97,668.6895703,75.14941406,103.8125,1.8125,-1.625,0.42,0.32,9.62,0,0.125,0.125,243,,,,,
2026-08-06T09:39:20.224,159.094,landed,,,,,FALSE,,,35.9184062,139.9079523,,,22.97,668.6895703,75.14941406,103.8125,1.8125,-1.625,0.41,0.3,9.62,0.0625,0.0625,0.0625,243,,,,,
2026-08-06T09:39:20.724,159.595,landed,,,,,FALSE,,,35.9184062,139.9079523,,,22.97,668.6895703,75.14941406,103.8125,1.8125,-1.625,0.42,0.3,9.59,0,-0.125,0.0625,243,,,,,
2026-08-06T09:39:21.225,160.095,landed,,,,,FALSE,,,35.9184062,139.9079523,,,22.97,668.6895703,75.14941406,103.8125,1.8125,-1.625,0.42,0.29,9.61,0.125,0.1875,-0.0625,243,,,,,
2026-08-06T09:39:21.725,160.596,landed,,,,,FALSE,,,35.9184062,139.9079523,,,22.97,668.6895703,75.14941406,103.8125,1.8125,-1.625,0.41,0.32,9.6,-0.0625,-0.0625,0,243,,,,,
2026-08-06T09:39:22.225,161.096,landed,,,,,FALSE,,,35.9184062,139.9079523,,,22.97,668.6895703,75.14941406,103.8125,1.8125,-1.625,0.44,0.28,9.63,0,-0.0625,-0.0625,243,,,,,
2026-08-06T09:39:22.726,161.596,deploying,,,,,FALSE,,,35.9184062,139.9079523,,,22.97,668.6895703,75.14941406,103.8125,1.8125,-1.625,0.42,0.29,9.61,-0.0625,-0.0625,0.0625,243,,stopped,0,0,
2026-08-06T09:39:23.226,162.097,deploying,,,,,FALSE,,,35.9184062,139.9079523,,,22.97,668.6895703,75.14941406,104.75,2.125,0.375,0.39,2.02,5.27,-67.5625,-5.5625,-6.5625,179,,stopped,0,0,
2026-08-06T09:39:23.727,162.597,deploying,,,,,FALSE,,,35.9184062,139.9079523,,,22.97,668.6895703,75.14941406,107.5,2.875,20.25,1.61,-1.38,10.28,-189.625,-0.6875,-2.4375,51,,stopped,0,0,
2026-08-06T09:39:24.227,163.097,deploying,,,,,FALSE,,,35.9184062,139.9079523,,,22.97,668.6895703,75.14941406,106.0625,1.9375,-5.125,0.66,0.76,10.45,-41.4375,3.3125,-11.8125,51,,stopped,0,0,
2026-08-06T09:39:24.727,163.598,deploying,,,,,FALSE,,,35.9184062,139.9079523,,,22.97,668.6895703,75.14941406,106.5,1.9375,-4.0625,0.4,0.59,9.66,6.625,0.4375,-0.5625,51,,stopped,0,0,
2026-08-06T09:39:25.228,164.098,deploying,,,,,FALSE,,,35.9184062,139.9079523,,,22.97,668.6895703,75.14941406,106.5,2.0625,-4.375,0.44,0.72,9.6,1,-0.1875,-0.125,51,,stopped,0,0,
2026-08-06T09:39:25.728,164.599,deploying,,,,,FALSE,,,35.9184062,139.9079523,,,22.97,668.6895703,75.14941406,106.6875,2.375,22.4375,1.18,-3.61,10.15,-60.8125,1.6875,-9.3125,51,,stopped,0,0,
2026-08-06T09:39:26.229,165.099,deploying,,,,,FALSE,,,35.9184062,139.9079523,,,22.97,668.6895703,75.14941406,106.5,3.125,3.375,0.72,-0.66,9.55,-40.8125,-2.375,-0.5625,51,,stopped,0,0,
2026-08-06T09:39:26.729,165.599,deploying,,,,,FALSE,,,35.9184062,139.9079523,,,22.97,668.6895703,75.14941406,106.1875,3.375,6.5625,0.61,-0.84,9.55,6.75,0.25,-0.375,51,,stopped,0,0,
2026-08-06T09:39:27.229,166.1,deploying,,,,,FALSE,,,35.9184062,139.9079523,,,22.97,668.6895703,75.14941406,106.1875,3.4375,6.875,0.64,-1.16,9.53,-1.375,-0.125,-0.0625,51,,stopped,0,0,
2026-08-06T09:39:27.730,166.6,deploying,,,,,FALSE,,,35.9184062,139.9079523,,,22.97,668.6895703,75.14941406,106.1875,3.4375,6.875,0.64,-1.17,9.56,0.4375,-0.125,-0.0625,51,,stopped,0,0,
2026-08-06T09:39:28.230,167.101,deploying,,,,,FALSE,,,35.9184062,139.9079523,,,22.97,668.6895703,75.14941406,106.1875,3.4375,6.875,0.63,-1.15,9.53,-0.0625,-0.125,-0.125,51,,stopped,0,0,
2026-08-06T09:39:28.731,167.601,deploying,,,,,FALSE,,,35.9184062,139.9079523,,,22.97,668.6895703,75.14941406,106.1875,3.4375,6.875,0.62,-1.12,9.53,-0.125,0.0625,0.0625,51,,stopped,0,0,
2026-08-06T09:39:29.231,168.102,deploying,,,,,FALSE,,,35.9184062,139.9079523,,,22.97,668.6895703,75.14941406,106.1875,3.4375,6.875,0.63,-1.12,9.52,0.125,-0.125,-0.0625,51,,stopped,0,0,
2026-08-06T09:39:29.731,168.602,deploying,,,,,FALSE,,,35.9184062,139.9079523,,,22.97,668.6895703,75.14941406,106.1875,3.4375,6.875,0.64,-1.11,9.53,0.125,0.0625,0,51,,stopped,0,0,
2026-08-06T09:39:30.232,169.102,deploying,,,,,FALSE,,,35.9184062,139.9079523,,,22.97,668.6895703,75.14941406,106.1875,3.4375,6.875,1.92,-1.07,9.52,-0.0625,0.0625,0,51,,stopped,0,0,
2026-08-06T09:39:30.734,169.605,deploying,,,,,FALSE,,,35.9184062,139.9079523,,,22.97,668.6895703,75.14941406,106.1875,3.4375,6.875,0.64,-1.05,9.53,0,0,0,51,,stopped,0,0,
2026-08-06T09:39:31.235,170.105,deploying,,,,,FALSE,,,35.9184062,139.9079523,,,22.97,668.6895703,75.14941406,106.1875,3.4375,6.875,0.64,-1.02,9.54,0,-0.0625,-0.0625,51,,stopped,0,0,
2026-08-06T09:39:31.735,170.606,deploying,,,,,FALSE,,,35.9184062,139.9079523,,,22.97,668.6895703,75.14941406,106.1875,3.4375,6.875,0.63,-0.99,9.53,-0.125,0,-0.0625,51,,stopped,0,0,
2026-08-06T09:39:32.236,171.106,deploying,,,,,FALSE,,,35.9184062,139.9079523,,,22.97,668.6895703,75.14941406,106.1875,3.4375,6.875,0.63,-0.98,9.58,0.0625,-0.0625,-0.125,51,,stopped,0,0,
2026-08-06T09:39:32.736,171.606,deploying,,,,,FALSE,,,35.9184062,139.9079523,,,22.97,668.6895703,75.14941406,106.25,3.5,6.75,0.66,-0.94,9.58,-0.0625,0.125,-0.0625,51,,stopped,0,0,
2026-08-06T09:39:33.236,172.107,deploying,,,,,FALSE,,,35.9184062,139.9079523,,,22.97,668.6895703,75.14941406,106.25,3.5625,6.375,0.65,-0.91,9.58,0.0625,0.125,8.0625,51,,stopped,0,0,
2026-08-06T09:39:33.742,172.613,deploying,,,,,FALSE,,,35.9184062,139.9079523,,,22.97,668.6895703,75.14941406,106.25,3.625,14.25,0.63,-0.9,9.54,0.25,0,-0.0625,51,,stopped,0,0,
2026-08-06T09:39:34.243,173.113,deploying,,,,,FALSE,,,35.9184062,139.9079523,,,22.97,668.6895703,75.14941406,106.25,3.625,5.875,0.62,-0.8,9.59,0.625,-0.0625,-0.1875,51,,stopped,0,0,
2026-08-06T09:39:34.743,173.614,deploying,,,,,FALSE,,,35.9184062,139.9079523,,,22.97,668.6895703,75.14941406,106.25,3.6875,5.6875,0.62,-0.78,9.58,-0.25,-0.0625,-0.0625,51,,stopped,0,0,
2026-08-06T09:39:35.244,174.114,deploying,,,,,FALSE,,,35.9184062,139.9079523,,,22.97,668.6895703,75.14941406,106.25,3.6875,5.375,0.62,-0.73,9.6,-0.1875,0,-0.125,51,,stopped,0,0,
2026-08-06T09:39:35.744,174.614,deploying,,,,,FALSE,,,35.9184062,139.9079523,,,22.97,668.6895703,75.14941406,106.25,3.6875,5.3125,0.63,-0.74,9.56,0,0.0625,0,51,,stopped,0,0,
2026-08-06T09:39:36.244,175.115,deploying,,,,,FALSE,,,35.9184062,139.9079523,,,22.97,668.6895703,75.14941406,106.25,3.6875,5.3125,0.65,-0.7,9.61,8.125,-0.0625,0.1875,51,,stopped,0,0,
2026-08-06T09:39:36.745,175.615,deploying,,,,,FALSE,,,35.9184062,139.9079523,,,22.97,668.6895703,75.14941406,106.3125,3.6875,5.0625,0.64,-0.68,9.6,0.25,0,8.125,51,,stopped,0,0,
2026-08-06T09:39:37.245,176.116,deploying,,,,,FALSE,,,35.9184062,139.9079523,,,22.97,668.6895703,75.14941406,106.3125,3.6875,4.75,0.61,-0.62,9.58,-0.125,-0.1875,-0.125,51,,stopped,0,0,
2026-08-06T09:39:37.746,176.616,deploying,,,,,FALSE,,,35.9184062,139.9079523,,,22.97,668.6895703,75.14941406,106.3125,3.6875,4.625,0.62,-0.6,9.57,0.625,0.0625,0,51,,stopped,0,0,
2026-08-06T09:39:38.246,177.117,deploying,,,,,FALSE,,,35.9184062,139.9079523,,,22.97,668.6895703,75.14941406,106.3125,3.6875,4.375,0.61,-0.58,9.59,0.1875,-0.125,-0.0625,51,,stopped,0,0,
2026-08-06T09:39:38.747,177.617,deploying,,,,,FALSE,,,35.9184062,139.9079523,,,22.97,668.6895703,75.14941406,106.3125,3.6875,4.125,0.61,-0.53,9.6,-0.125,0,-0.0625,51,,stopped,0,0,
2026-08-06T09:39:39.247,178.117,deploying,,,,,FALSE,,,35.9184062,139.9079523,,,22.97,668.6895703,75.14941406,106.3125,3.6875,4.0625,0.6,-0.52,9.6,-0.125,0.0625,-0.0625,51,,stopped,0,0,
2026-08-06T09:39:39.747,178.618,deploying,,,,,FALSE,,,35.9184062,139.9079523,,,22.97,668.6895703,75.14941406,106.3125,3.6875,4.0625,1.91,-0.48,9.6,0.1875,-0.125,-0.0625,51,,stopped,0,0,
2026-08-06T09:39:40.248,179.118,deploying,,,,,FALSE,,,35.9184062,139.9079523,,,22.97,668.6895703,75.14941406,106.3125,3.6875,3.75,0.63,-0.46,9.6,0.0625,-0.125,0.0625,51,,stopped,0,0,
2026-08-06T09:39:40.748,179.619,deploying,,,,,FALSE,,,35.9184062,139.9079523,,,22.97,668.6895703,75.14941406,106.3125,3.6875,3.5625,0.62,-0.46,9.57,-0.125,-0.0625,0,51,,stopped,0,0,
2026-08-06T09:39:41.249,180.119,deploying,,,,,FALSE,,,35.9184062,139.9079523,,,22.97,668.6895703,75.14941406,106.3125,3.6875,3.5625,0.6,-0.42,9.63,0.125,0,0,51,,stopped,0,0,
2026-08-06T09:39:41.749,180.619,deploying,,,,,FALSE,,,35.9184062,139.9079523,,,22.97,668.6895703,75.14941406,106.3125,3.6875,3.5625,1.88,-0.4,9.6,-0.0625,-0.0625,0.0625,51,,stopped,0,0,
2026-08-06T09:39:42.249,181.12,deploying,,,,,FALSE,,,35.9184062,139.9079523,,,22.97,668.6895703,75.14941406,106.375,3.6875,3.25,0.62,-0.38,9.6,0,0.0625,0.125,51,,stopped,0,0,
2026-08-06T09:39:42.750,181.62,deploying,,,,,FALSE,,,35.9184062,139.9079523,,,22.97,668.6895703,75.14941406,106.375,3.6875,3,0.59,-0.36,9.62,-0.125,0.0625,0.125,51,,stopped,0,0,
2026-08-06T09:39:43.250,182.121,deploying,,,,,FALSE,,,35.9184062,139.9079523,,,22.97,668.6895703,75.14941406,106.375,3.6875,3,0.61,-0.33,9.6,0.3125,0,-0.0625,51,,stopped,0,0,
2026-08-06T09:39:43.750,182.621,deploying,,,,,FALSE,,,35.9184062,139.9079523,,,22.97,668.6895703,75.14941406,106.375,3.6875,2.9375,0.62,-0.3,9.61,-0.0625,0,0.0625,51,,stopped,0,0,
2026-08-06T09:39:44.251,183.121,deploying,,,,,FALSE,,,35.9184062,139.9079523,,,22.97,668.6895703,75.14941406,106.375,3.625,2.625,0.61,-0.29,9.62,0.125,0.125,0,51,,stopped,0,0,
2026-08-06T09:39:44.751,183.622,deploying,,,,,FALSE,,,35.9184062,139.9079523,,,22.97,668.6895703,75.14941406,106.375,3.625,2.4375,0.6,-0.24,9.6,0.125,0,0.0625,51,,stopped,0,0,
2026-08-06T09:39:45.252,184.122,deploying,,,,,FALSE,,,35.9184062,139.9079523,,,22.97,668.6895703,75.14941406,106.375,3.625,2.375,0.6,-0.22,9.59,-0.1875,-0.0625,0,51,,stopped,0,0,
2026-08-06T09:39:45.752,184.622,deploying,,,,,FALSE,,,35.9184062,139.9079523,,,22.97,668.6895703,75.14941406,106.375,3.625,2.0625,0.61,-0.15,9.61,-0.1875,-0.125,-0.0625,51,,stopped,0,0,
2026-08-06T09:39:46.252,185.123,deploying,,,,,FALSE,,,35.9184062,139.9079523,,,22.97,668.6895703,75.14941406,106.375,3.625,1.875,0.57,-0.15,9.62,0.25,0,0,51,,stopped,0,0,
2026-08-06T09:39:46.753,185.623,deploying,,,,,FALSE,,,35.9184062,139.9079523,,,22.97,668.6895703,75.14941406,106.375,3.625,1.875,0.6,-0.14,9.59,-0.0625,0.125,0,51,,stopped,0,0,
2026-08-06T09:39:47.257,186.127,deploying,,,,,FALSE,,,35.9184062,139.9079523,,,22.97,668.6895703,75.14941406,106.375,3.625,1.6875,0.59,-0.12,9.63,-0.1875,0.125,-0.0625,51,,stopped,0,0,
2026-08-06T09:39:47.757,186.627,deploying,,,,,FALSE,,,35.9184062,139.9079523,,,22.97,668.6895703,75.14941406,106.375,3.625,1.5,0.61,-0.12,9.6,0.0625,0,0.0625,51,,stopped,0,0,
2026-08-06T09:39:48.257,187.128,deploying,,,,,FALSE,,,35.9184062,139.9079523,,,22.97,668.6895703,75.14941406,106.375,3.625,1.375,0.61,-0.1,9.6,-0.0625,-0.0625,8.0625,51,,stopped,0,0,
2026-08-06T09:39:48.758,187.628,deploying,,,,,FALSE,,,35.9184062,139.9079523,,,22.97,668.6895703,75.14941406,106.375,3.625,1.375,0.61,-0.06,9.62,-0.3125,-0.0625,0.125,51,,stopped,0,0,
2026-08-06T09:39:49.258,188.128,deploying,,,,,FALSE,,,35.9184062,139.9079523,,,22.97,668.6895703,75.14941406,106.4375,3.625,1.1875,0.6,-0.06,9.64,0,-0.1875,0.125,51,,stopped,0,0,
2026-08-06T09:39:49.758,188.629,deploying,,,,,FALSE,,,35.9184062,139.9079523,,,22.97,668.6895703,75.14941406,106.4375,3.625,1,0.61,0,9.63,0.25,0,0.0625,51,,stopped,0,0,
2026-08-06T09:39:50.259,189.129,deploying,,,,,FALSE,,,35.9184062,139.9079523,,,22.97,668.6895703,75.14941406,106.4375,3.625,0.875,0.59,0,9.64,-0.0625,0,0.0625,51,,stopped,0,0,
2026-08-06T09:39:50.759,189.63,deploying,,,,,FALSE,,,35.9184062,139.9079523,,,22.97,668.6895703,75.14941406,106.4375,3.625,0.875,0.6,-0.01,9.63,0,8,0.0625,51,,stopped,0,0,
2026-08-06T09:39:51.260,190.13,deploying,,,,,FALSE,,,35.9184062,139.9079523,,,22.97,668.6895703,75.14941406,106.4375,3.625,0.875,0.6,0,9.63,0.0625,0,0.0625,51,,stopped,0,0,
2026-08-06T09:39:51.760,190.63,deploying,,,,,FALSE,,,35.9184062,139.9079523,,,22.97,668.6895703,75.14941406,106.4375,3.625,0.875,0.6,0,9.64,0,0.125,0.125,51,,stopped,0,0,
2026-08-06T09:39:52.260,191.131,deploying,,,,,FALSE,,,35.9184062,139.9079523,,,22.97,668.6895703,75.14941406,106.4375,3.625,0.875,0.61,0.01,9.6,-0.1875,0.0625,0,51,,stopped,0,0,
2026-08-06T09:39:52.761,191.631,deploying,,,,,FALSE,,,35.9184062,139.9079523,,,22.97,668.6895703,75.14941406,106.4375,3.625,0.875,0.6,0.04,9.64,-0.1875,0,0.0625,51,,stopped,0,0,
2026-08-06T09:39:53.261,192.132,deploying,,,,,FALSE,,,35.9184062,139.9079523,,,22.97,668.6895703,75.14941406,106.4375,3.625,0.5625,1.89,0.06,9.61,-0.0625,-0.0625,-0.0625,51,,stopped,0,0,
2026-08-06T09:39:53.761,192.632,deploying,,,,,FALSE,,,35.9184062,139.9079523,,,22.97,668.6895703,75.14941406,106.4375,3.625,0.375,0.6,0.07,9.62,0.125,0.125,-0.0625,51,,stopped,0,0,
2026-08-06T09:39:54.270,193.14,deploying,,,,,FALSE,,,35.9184062,139.9079523,,,22.97,668.6895703,75.14941406,106.4375,3.625,0.375,0.61,0.07,9.63,0.125,0.0625,-0.0625,51,,stopped,0,0,
2026-08-06T09:39:54.770,193.641,deploying,,,,,FALSE,,,35.9184062,139.9079523,,,22.97,668.6895703,75.14941406,106.4375,3.625,0.375,1.89,0.06,9.61,-0.0625,0.1875,0.0625,51,,stopped,0,0,
2026-08-06T09:39:55.270,194.141,deploying,,,,,FALSE,,,35.9184062,139.9079523,,,22.97,668.6895703,75.14941406,106.4375,3.625,0.375,0.61,0.06,9.63,0,0.0625,-0.0625,51,,stopped,0,0,
2026-08-06T09:39:55.771,194.641,deploying,,,,,FALSE,,,35.9184062,139.9079523,,,22.97,668.6895703,75.14941406,106.4375,3.625,0.375,0.61,1.38,9.6,0.1875,0,0.0625,51,,stopped,0,0,
2026-08-06T09:39:56.271,195.142,deploying,,,,,FALSE,,,35.9184062,139.9079523,,,22.97,668.6895703,75.14941406,106.4375,3.625,0.375,0.62,0.1,9.64,0,0,0,51,,stopped,0,0,
2026-08-06T09:39:56.774,195.645,recovering_gnss,,,,,FALSE,,,35.9184062,139.9079523,,,22.97,668.6895703,75.14941406,106.4375,3.625,0.25,0.61,0.13,9.6,-0.125,-0.0625,0.0625,51,,stopped,0,0,
2026-08-06T09:39:57.786,196.656,recovering_gnss,,,,,FALSE,,,35.9184062,139.9079523,,,22.97,668.6895703,75.14941406,106.4375,3.625,0.1875,0.6,0.13,9.63,-0.1875,0,-0.0625,51,,stopped,0,0,
2026-08-06T09:39:58.286,197.157,recovering_gnss,35.91815798,139.9077708,29.268,0,TRUE,20,1,35.9184062,139.9079523,32.07759288,,22.97,668.6895703,75.14941406,106.4375,3.625,8,0.61,0.12,9.63,-0.0625,0,-0.0625,51,,stopped,0,0,
2026-08-06T09:39:58.787,197.657,clearing_landing_area,35.91815798,139.9077708,29.268,0,TRUE,20,1,35.9184062,139.9079523,32.07759288,30.63536181,22.97,668.6895703,75.14941406,106.4375,3.625,0,0.56,1.41,9.63,-0.0625,0,0,51,75.80213819,turn_left,-10,10,
2026-08-06T09:39:59.287,198.157,clearing_landing_area,35.91815798,139.9077708,29.268,0,TRUE,20,1,35.9184062,139.9079523,32.07759288,30.63536181,22.97,668.6895703,75.14941406,36.4375,-1.0625,-6.75,0.5,0.8,9.56,13.75,19.125,105,51,5.802138185,turn_left,-30,30,
2026-08-06T09:39:59.788,198.658,clearing_landing_area,35.91815798,139.9077708,29.268,0,TRUE,20,1,35.9184062,139.9079523,32.07759288,30.63536181,22.97,668.6895703,75.14941406,32.125,-1.1875,-7.5,1.26,1.03,9.11,-5.625,-4.125,-18,51,1.489638185,stopped,0,0,
2026-08-06T09:40:00.288,199.158,clearing_landing_area,35.91815798,139.9077708,29.268,0,TRUE,20,1,35.9184062,139.9079523,32.07759288,30.63536181,22.97,668.6895703,75.14941406,32.75,-1.125,-8.0625,-0.15,1.51,9.56,-0.1875,-0.125,-0.0625,51,2.114638185,stopped,0,0,
2026-08-06T09:40:00.788,199.659,clearing_landing_area,35.91815798,139.9077708,29.268,0,TRUE,20,1,35.9184062,139.9079523,32.07759288,30.63536181,22.97,668.6895703,75.14941406,32.75,-1.125,-8.125,-0.13,1.5,9.58,-0.125,8,-0.0625,51,2.114638185,stopped,0,0,
2026-08-06T09:40:01.289,200.159,clearing_landing_area,35.91815798,139.9077708,29.268,0,TRUE,20,1,35.9184062,139.9079523,32.07759288,30.63536181,22.97,668.6895703,75.14941406,32.75,-1.0625,-8.3125,-0.15,1.51,9.55,-0.0625,0,0.0625,51,2.114638185,stopped,0,0,
2026-08-06T09:40:01.789,200.66,clearing_landing_area,35.91815798,139.9077708,29.268,0,TRUE,20,1,35.9184062,139.9079523,32.07759288,30.63536181,22.97,668.6895703,75.14941406,32.75,-1.0625,-8.3125,-0.13,1.51,9.56,0,0.0625,0,51,2.114638185,stopped,0,0,
2026-08-06T09:40:02.290,201.16,clearing_landing_area,35.91815798,139.9077708,29.268,0,TRUE,20,1,35.9184062,139.9079523,32.07759288,30.63536181,22.97,668.6895703,75.14941406,40.75,-1.0625,-8.3125,-0.15,1.52,9.56,-0.0625,0.1875,-0.0625,51,10.11463819,stopped,0,0,
2026-08-06T09:40:02.841,201.718,clearing_landing_area,35.91815798,139.9077708,29.268,0,TRUE,20,1,35.9184062,139.9079523,32.07759288,30.63536181,22.97,668.6895703,75.14941406,32.75,-1.0625,-8.3125,-0.13,1.51,9.53,0,0,0.0625,51,2.114638185,stopped,0,0,
2026-08-06T09:40:03.329,202.199,clearing_landing_area,35.91815798,139.9077708,29.268,0,TRUE,20,1,35.9184062,139.9079523,32.07759288,30.63536181,22.97,668.6895703,75.14941406,32.75,-1.0625,-8.3125,-0.15,1.51,9.58,0.0625,0,8,51,2.114638185,stopped,0,0,
2026-08-06T09:40:03.829,202.7,clearing_landing_area,35.91815798,139.9077708,29.268,0,TRUE,20,1,35.9184062,139.9079523,32.07759288,30.63536181,22.97,668.6895703,75.14941406,32.75,-1.0625,-8.3125,-0.16,1.51,9.57,0,0,0.125,51,2.114638185,stopped,0,0,
2026-08-06T09:40:04.332,203.203,clearing_landing_area,35.91815798,139.9077708,29.268,0,TRUE,20,1,35.9184062,139.9079523,32.07759288,30.63536181,22.97,668.6895703,75.14941406,32.75,-1.0625,-8.3125,-0.13,1.5,9.56,0.0625,-0.125,0.125,51,2.114638185,stopped,0,0,
2026-08-06T09:40:04.838,203.708,clearing_landing_area,35.91815798,139.9077708,29.268,0,TRUE,20,1,35.9184062,139.9079523,32.07759288,30.63536181,22.97,668.6895703,75.14941406,32.75,-1.0625,-8.3125,-0.14,1.51,9.56,-0.0625,0,0,51,2.114638185,stopped,0,0,
2026-08-06T09:40:05.339,204.209,clearing_landing_area,35.91815798,139.9077708,29.268,0,TRUE,20,1,35.9184062,139.9079523,32.07759288,30.63536181,22.97,668.6895703,75.14941406,32.75,-1.0625,-8.3125,-0.14,1.5,9.53,0,-0.125,0,51,2.114638185,stopped,0,0,
2026-08-06T09:40:05.839,204.709,clearing_landing_area,35.91815798,139.9077708,29.268,0,TRUE,20,1,35.9184062,139.9079523,32.07759288,30.63536181,22.97,668.6895703,75.14941406,32.75,-1.0625,-8.3125,-0.13,1.52,9.54,-0.0625,0.0625,-0.0625,51,2.114638185,stopped,0,0,
2026-08-06T09:40:06.339,205.21,clearing_landing_area,35.91815798,139.9077708,29.268,0,TRUE,19,1,35.9184062,139.9079523,32.07759288,30.63536181,22.97,668.6895703,75.14941406,32.75,-1.0625,-8.3125,-0.15,1.52,9.55,0,0.0625,0,51,2.114638185,stopped,0,0,
2026-08-06T09:40:06.840,205.71,clearing_landing_area,35.91815798,139.9077708,29.268,0,TRUE,19,1,35.9184062,139.9079523,32.07759288,30.63536181,22.97,668.6895703,75.14941406,32.75,-1.0625,-8.3125,-0.14,1.51,9.53,0.0625,0.0625,-0.0625,51,2.114638185,stopped,0,0,
2026-08-06T09:40:07.354,206.225,clearing_landing_area,35.91815798,139.9077708,29.268,0,TRUE,19,1,35.9184062,139.9079523,32.07759288,30.63536181,22.97,668.6895703,75.14941406,32.75,-1.0625,-8.3125,-0.12,1.52,9.53,0,-0.0625,0.0625,51,2.114638185,stopped,0,0,
2026-08-06T09:40:07.855,206.725,clearing_landing_area,35.91815798,139.9077708,29.268,0,TRUE,19,1,35.9184062,139.9079523,32.07759288,30.63536181,22.97,668.6895703,75.14941406,32.75,-1.0625,-8.3125,-0.14,1.51,9.52,0,0,0.0625,51,2.114638185,stopped,0,0,
2026-08-06T09:40:08.355,207.226,clearing_landing_area,35.91815798,139.9077708,29.268,0,TRUE,20,1,35.9184062,139.9079523,32.07759288,30.63536181,22.97,668.6895703,75.14941406,32.75,-1.0625,-8.3125,-0.15,1.49,9.52,-0.0625,0.125,0.0625,51,2.114638185,forward,100,100,
2026-08-06T09:40:08.856,207.726,clearing_landing_area,35.91815798,139.9077708,29.268,0,TRUE,20,1,35.9184062,139.9079523,32.07759288,30.63536181,22.97,668.6895703,75.14941406,32.625,-1.0625,-14.5,-0.3,8.29,9.42,327.4375,2.5625,-8.625,51,1.989638185,forward,100,99.79375,
2026-08-06T09:40:09.356,208.227,clearing_landing_area,35.91815798,139.9077708,29.268,0,TRUE,20,1,35.9184062,139.9079523,32.07759288,30.63536181,22.97,668.6895703,75.14941406,31.125,-0.75,-5.9375,1.15,6.79,12.01,-8.9375,54.625,-14.6875,51,0.489638185,forward,91.0875,100,
2026-08-06T09:40:09.856,208.727,clearing_landing_area,35.91815798,139.9077708,29.268,0,TRUE,20,1,35.9184062,139.9079523,32.07759288,30.63536181,22.97,668.6895703,75.14941406,31.8125,0,-6.3125,-1.02,-1.74,9.18,-71.4375,15.4375,9.0625,51,1.177138185,forward,75,74.1796875,
2026-08-06T09:40:10.357,209.227,clearing_landing_area,35.91815798,139.9077708,29.268,0,TRUE,20,1,35.9184062,139.9079523,32.07759288,30.63536181,22.97,668.6895703,75.14941406,102.25,3.375,-6.0625,-0.01,7.3,9.49,52.875,-13,-38.9375,51,71.61463819,turn_right,30,-30,
2026-08-06T09:40:10.857,209.728,clearing_landing_area,35.91815798,139.9077708,29.268,0,TRUE,20,1,35.9184062,139.9079523,32.07759288,30.63536181,22.97,668.6895703,75.14941406,105.4375,3.6875,-5.4375,-0.43,1.8,9.46,-28.5625,-9,-21.125,51,74.80213819,turn_left,-10,10,
2026-08-06T09:40:11.359,210.229,clearing_landing_area,35.91820088,139.9077731,27.444,0.524733333,TRUE,20,1,35.9184062,139.9079523,27.95847665,35.25663003,22.97,668.6895703,75.14941406,72.5625,1.75,-0.3125,0.31,-0.25,9.69,2.625,0.5,0.75,51,37.30586997,stopped,0,0,
2026-08-06T09:40:11.859,210.729,clearing_landing_area,35.91820088,139.9077731,27.444,0.524733333,TRUE,20,1,35.9184062,139.9079523,27.95847665,35.25663003,22.97,668.6895703,75.14941406,72.25,1.75,-0.625,0.59,0.17,9.69,-0.3125,0.75,7.8125,51,36.99336997,turn_left,-20,20,
2026-08-06T09:40:12.359,211.23,clearing_landing_area,35.9182032,139.907772,27.282,0,TRUE,20,1,35.9184062,139.9079523,27.80625313,35.72970345,22.97,668.6895703,75.14941406,6.6875,-1.3125,-8.125,0.36,1.45,9.44,9.375,14.125,65.75,51,-29.04220345,stopped,0,0,
2026-08-06T09:40:12.860,211.73,clearing_landing_area,35.9182032,139.907772,27.282,0,TRUE,20,1,35.9184062,139.9079523,27.80625313,35.72970345,22.97,668.6895703,75.14941406,3.1875,-1.5625,-8.25,-0.95,1.33,9.52,-12.9375,0.3125,-13.1875,51,-32.54220345,stopped,0,0,
2026-08-06T09:40:13.363,212.233,clearing_landing_area,35.91820368,139.9077704,27.233,0,TRUE,20,1,35.9184062,139.9079523,27.8462758,36.03243472,22.97,668.6895703,75.14941406,11.5625,-1.6875,-8.375,-0.3,1.53,9.56,0,0.0625,-0.0625,51,-24.46993472,stopped,0,0,
2026-08-06T09:40:13.863,212.734,clearing_landing_area,35.91820368,139.9077704,27.233,0,TRUE,20,1,35.9184062,139.9079523,27.8462758,36.03243472,22.97,668.6895703,75.14941406,3.5625,-1.6875,-8.375,-0.29,1.51,9.53,-0.125,0.25,0,51,-32.46993472,stopped,0,0,
2026-08-06T09:40:14.364,213.234,clearing_landing_area,35.91820518,139.9077692,27.161,0,TRUE,20,1,35.9184062,139.9079523,27.77647071,36.41758516,22.97,668.6895703,75.14941406,3.5625,-1.6875,-8.375,-0.33,1.51,9.5,-0.0625,-0.0625,0,51,-32.85508516,stopped,0,0,
2026-08-06T09:40:14.864,213.735,clearing_landing_area,35.91820518,139.9077692,27.161,0,TRUE,20,1,35.9184062,139.9079523,27.77647071,36.41758516,22.97,668.6895703,75.14941406,3.5625,-1.6875,-8.375,-0.3,1.5,9.54,-0.0625,0,-0.0625,51,-32.85508516,stopped,0,0,
2026-08-06T09:40:15.372,214.242,clearing_landing_area,35.91820518,139.9077692,27.161,0,TRUE,20,1,35.9184062,139.9079523,27.77647071,36.41758516,22.97,668.6895703,75.14941406,3.5625,-1.6875,-8.375,-0.33,1.52,9.54,0,-0.0625,0.0625,51,-32.85508516,stopped,0,0,
2026-08-06T09:40:15.872,214.742,clearing_landing_area,35.91820518,139.9077692,27.161,0,TRUE,20,1,35.9184062,139.9079523,27.77647071,36.41758516,22.97,668.6895703,75.14941406,3.5625,-1.6875,-8.375,-0.33,1.52,9.55,-0.0625,0.0625,0,51,-32.85508516,stopped,0,0,
2026-08-06T09:40:16.375,215.245,clearing_landing_area,35.91820518,139.9077692,27.161,0,TRUE,20,1,35.9184062,139.9079523,27.77647071,36.41758516,22.97,668.6895703,75.14941406,3.5625,-1.6875,-8.375,-0.33,1.53,9.54,-0.0625,0.125,0.0625,51,-32.85508516,stopped,0,0,
2026-08-06T09:40:16.875,215.746,clearing_landing_area,35.91820518,139.9077692,27.161,0,TRUE,20,1,35.9184062,139.9079523,27.77647071,36.41758516,22.97,668.6895703,75.14941406,3.5625,-1.6875,-8.375,-0.32,1.5,9.54,0,0,0,51,-32.85508516,stopped,0,0,
2026-08-06T09:40:17.379,216.249,clearing_landing_area,35.91820518,139.9077692,27.161,0,TRUE,20,1,35.9184062,139.9079523,27.77647071,36.41758516,22.97,668.6895703,75.14941406,3.5625,-1.6875,-8.375,-0.31,1.53,9.57,0.0625,-0.0625,0.125,51,-32.85508516,stopped,0,0,
2026-08-06T09:40:17.886,216.757,clearing_landing_area,35.91820518,139.9077692,27.161,0,TRUE,20,1,35.9184062,139.9079523,27.77647071,36.41758516,22.97,668.6895703,75.14941406,3.5625,-1.6875,-8.375,-0.29,1.51,9.57,0,-0.125,0.0625,51,-32.85508516,stopped,0,0,
2026-08-06T09:40:18.387,217.257,clearing_landing_area,35.91820518,139.9077692,27.161,0,TRUE,19,1,35.9184062,139.9079523,27.77647071,36.41758516,22.97,668.6895703,75.14941406,3.5625,-1.6875,-8.375,-0.32,1.5,9.56,-0.0625,0.0625,0,51,-32.85508516,stopped,0,0,
2026-08-06T09:40:18.887,217.758,clearing_landing_area,35.91820518,139.9077692,27.161,0,TRUE,19,1,35.9184062,139.9079523,27.77647071,36.41758516,22.97,668.6895703,75.14941406,3.5625,-1.6875,-8.375,-0.31,1.51,9.52,0,0.125,-0.0625,51,-32.85508516,stopped,0,0,
2026-08-06T09:40:19.388,218.258,clearing_landing_area,35.91820518,139.9077692,27.161,0,TRUE,19,1,35.9184062,139.9079523,27.77647071,36.41758516,22.97,668.6895703,75.14941406,3.5625,-1.6875,-0.375,-0.32,1.5,9.53,0.0625,0.125,0,51,-32.85508516,stopped,0,0,
2026-08-06T09:40:19.888,218.758,clearing_landing_area,35.91820518,139.9077692,27.161,0,TRUE,19,1,35.9184062,139.9079523,27.77647071,36.41758516,22.97,668.6895703,75.14941406,3.5625,-1.6875,-8.375,-0.32,1.52,9.55,0,0,0,51,-32.85508516,stopped,0,0,
2026-08-06T09:40:20.388,219.259,clearing_landing_area,35.91820518,139.9077692,27.161,0,TRUE,19,1,35.9184062,139.9079523,27.77647071,36.41758516,22.97,668.6895703,75.14941406,11.5625,-1.6875,-8.375,-0.32,1.51,9.56,0,-0.0625,0.0625,51,-24.85508516,forward,100,100,
2026-08-06T09:40:20.889,219.759,clearing_landing_area,35.91820518,139.9077692,27.161,0,TRUE,19,1,35.9184062,139.9079523,27.77647071,36.41758516,22.97,668.6895703,75.14941406,2.75,-1.75,-21.375,0.52,6.02,3.74,-59.1875,26.25,30.3125,51,-33.66758516,forward,100,97.63125,
2026-08-06T09:40:21.389,220.26,clearing_landing_area,35.91820518,139.9077692,27.161,0,TRUE,19,1,35.9184062,139.9079523,27.77647071,36.41758516,22.97,668.6895703,75.14941406,3.875,-2.875,-8.625,-0.28,0.72,10.75,28.5625,-41.3125,-16.375,51,-32.54258516,forward,100,99.0625,
2026-08-06T09:40:21.889,220.76,clearing_landing_area,35.91820518,139.9077692,27.161,0,TRUE,19,1,35.9184062,139.9079523,27.77647071,36.41758516,22.97,668.6895703,75.14941406,5.3125,-0.5625,-10.3125,1.21,3.07,7.94,6.1875,-41.5,-7.375,51,-31.10508516,forward,73.1671875,75,
2026-08-06T09:40:22.390,221.26,clearing_landing_area,35.91821818,139.9077663,26.953,1.039177778,TRUE,19,1,35.9184062,139.9079523,26.78957821,38.70303067,22.97,668.6895703,75.14941406,35.0625,-2.75,-5.4375,-1.29,0.77,9.55,-6.5625,-4.75,-33.4375,51,-3.640530669,turn_left,-5,5,
2026-08-06T09:40:22.890,221.761,clearing_landing_area,35.91821818,139.9077663,26.953,1.039177778,TRUE,19,1,35.9184062,139.9079523,26.78957821,38.70303067,22.97,668.6895703,75.14941406,35.625,-2.4375,-5.25,0.13,1.03,9.76,5.625,-1,31.6875,51,-3.078030669,turn_left,-15,15,
2026-08-06T09:40:23.391,222.261,clearing_landing_area,35.91822398,139.9077662,26.838,0,TRUE,18,1,35.9184062,139.9079523,26.29510806,39.59707423,22.97,668.6895703,75.14941406,359.5,-2.3125,-7.5625,-0.57,1.35,9.52,-4.0625,0.1875,32.8125,51,-40.09707423,stopped,0,0,
2026-08-06T09:40:23.891,222.762,selfie,35.91822398,139.9077662,26.838,0,TRUE,18,1,35.9184062,139.9079523,26.29510806,,22.97,668.6895703,75.14941406,359.1875,-2.5625,-6.9375,-1.25,1.08,9.76,-6.6875,5.5,-11.4375,51,,stopped,0,0,
2026-08-06T09:40:24.391,223.262,selfie,35.91822478,139.9077653,26.774,0,TRUE,18,1,35.9184062,139.9079523,26.27849141,,22.97,668.6895703,75.14941406,359.4375,-2.75,-7.0625,-0.47,1.26,9.57,-0.0625,-0.0625,0,51,,stopped,0,0,
2026-08-06T09:40:24.894,223.765,selfie,35.91822478,139.9077653,26.774,0,TRUE,18,1,35.9184062,139.9079523,26.27849141,,22.97,668.6895703,75.14941406,359.4375,-2.75,-7.0625,-0.5,1.24,9.57,0.0625,0,0,51,,stopped,0,0,
2026-08-06T09:40:25.394,224.265,selfie,35.91822598,139.9077653,26.685,0,TRUE,19,1,35.9184062,139.9079523,26.17620083,,22.97,668.6895703,75.14941406,359.4375,-2.75,-7,-0.48,1.28,9.58,-0.3125,0.0625,-0.25,51,,stopped,0,0,
2026-08-06T09:40:25.895,224.765,selfie,35.91822598,139.9077653,26.685,0,TRUE,19,1,35.9184062,139.9079523,26.17620083,,22.97,668.6895703,75.14941406,359.4375,-2.75,-7.0625,-0.52,1.37,9.52,0,-0.4375,-0.0625,179,,stopped,0,0,
2026-08-06T09:40:26.395,225.266,selfie,35.91822598,139.9077653,26.685,0,TRUE,18,1,35.9184062,139.9079523,26.17620083,,22.97,668.6895703,75.14941406,359.4375,-2.75,-7,-0.46,1.22,9.6,0.0625,-0.0625,0.125,51,,stopped,0,0,
2026-08-06T09:40:26.896,225.766,selfie,35.91822598,139.9077653,26.685,0,TRUE,18,1,35.9184062,139.9079523,26.17620083,,22.97,668.6895703,75.14941406,359.4375,-2.75,-7.0625,-0.46,1.24,9.49,-0.25,-0.125,0,51,,stopped,0,0,
2026-08-06T09:40:27.396,226.267,selfie,35.91822598,139.9077653,26.685,0,TRUE,18,1,35.9184062,139.9079523,26.17620083,,22.97,668.6895703,75.14941406,367.4375,-2.75,-7.0625,-0.45,1.11,9.7,-0.125,0.0625,0.8125,112,,stopped,0,0,
2026-08-06T09:40:27.896,226.767,selfie,35.91822598,139.9077653,26.685,0,TRUE,18,1,35.9184062,139.9079523,26.17620083,,22.97,668.6895703,75.14941406,359.4375,-2.75,-7.0625,-0.42,1.09,9.51,0.6875,0,-0.125,112,,stopped,0,0,
2026-08-06T09:40:28.397,227.267,selfie,35.91822598,139.9077653,26.685,0,TRUE,18,1,35.9184062,139.9079523,26.17620083,,22.97,668.6895703,75.14941406,359.4375,-2.75,-7.125,-0.46,1.11,9.74,0.25,0,-0.0625,240,,stopped,0,0,
2026-08-06T09:40:28.897,227.768,selfie,35.91822598,139.9077653,26.685,0,TRUE,18,1,35.9184062,139.9079523,26.17620083,,22.97,668.6895703,75.14941406,359.4375,-2.75,-7.125,-0.43,1.26,9.5,0.1875,0.1875,-0.25,240,,stopped,0,0,
2026-08-06T09:40:29.398,228.268,selfie,35.91822598,139.9077653,26.685,0,TRUE,18,1,35.9184062,139.9079523,26.17620083,,22.97,668.6895703,75.14941406,359.4375,-2.75,-7.1875,-0.5,1.27,9.51,0.125,-0.125,-0.0625,243,,stopped,0,0,
2026-08-06T09:40:29.899,228.77,selfie,35.91822598,139.9077653,26.685,0,TRUE,18,1,35.9184062,139.9079523,26.17620083,,22.97,668.6895703,75.14941406,359.4375,-2.75,-7.1875,-0.45,1.23,9.6,0.5625,-0.125,0,243,,stopped,0,0,
2026-08-06T09:40:30.400,229.27,selfie,35.91822598,139.9077653,26.685,0,TRUE,18,1,35.9184062,139.9079523,26.17620083,,22.97,668.6895703,75.14941406,359.4375,-2.75,-7.1875,-0.47,1.19,9.6,0.0625,-0.125,-0.1875,243,,stopped,0,0,
2026-08-06T09:40:30.901,229.772,selfie,35.91822598,139.9077653,26.685,0,TRUE,18,1,35.9184062,139.9079523,26.17620083,,22.97,668.6895703,75.14941406,359.4375,-2.75,-7.1875,-0.5,1.18,9.59,0.0625,0.125,0.0625,243,,stopped,0,0,
2026-08-06T09:40:31.402,230.272,selfie,35.91822598,139.9077653,26.685,0,TRUE,19,1,35.9184062,139.9079523,26.17620083,,22.97,668.6895703,75.14941406,359.4375,-2.75,-7.1875,-0.49,1.23,9.57,-0.0625,0,0.0625,243,,stopped,0,0,
2026-08-06T09:40:31.902,230.773,selfie,35.91822598,139.9077653,26.685,0,TRUE,19,1,35.9184062,139.9079523,26.17620083,,22.97,668.6895703,75.14941406,359.4375,-2.75,-7.1875,-0.51,1.21,9.56,0,0.0625,0,243,,stopped,0,0,
2026-08-06T09:40:32.403,231.274,selfie,35.91822598,139.9077653,26.685,0,TRUE,19,1,35.9184062,139.9079523,26.17620083,,22.97,668.6895703,75.14941406,359.4375,-2.75,-7.1875,-0.5,1.21,9.59,-0.0625,0.0625,0.125,243,,stopped,0,0,
2026-08-06T09:40:32.906,231.777,selfie,35.91822598,139.9077653,26.685,0,TRUE,19,1,35.9184062,139.9079523,26.17620083,,22.97,668.6895703,75.14941406,359.4375,-2.75,-7.1875,-0.49,1.23,9.58,-0.0625,0,0,243,,stopped,0,0,
2026-08-06T09:40:33.406,232.277,selfie,35.91822598,139.9077653,26.685,0,TRUE,19,1,35.9184062,139.9079523,26.17620083,,22.97,668.6895703,75.14941406,359.4375,-2.75,-7.1875,-0.5,1.19,9.59,0,0.0625,0,243,,stopped,0,0,
2026-08-06T09:40:33.907,232.777,selfie,35.91822598,139.9077653,26.685,0,TRUE,19,1,35.9184062,139.9079523,26.17620083,,22.97,668.6895703,75.14941406,359.4375,-2.75,-7.1875,-0.47,1.23,9.56,0,-0.0625,0.0625,243,,stopped,0,0,
2026-08-06T09:40:34.407,233.277,selfie,35.91822598,139.9077653,26.685,0,TRUE,18,1,35.9184062,139.9079523,26.17620083,,22.97,668.6895703,75.14941406,359.4375,-2.75,-7.1875,-0.5,1.23,9.62,-0.125,-0.0625,-0.0625,243,,stopped,0,0,
2026-08-06T09:40:34.907,233.778,selfie,35.91822598,139.9077653,26.685,0,TRUE,18,1,35.9184062,139.9079523,26.17620083,,22.97,668.6895703,75.14941406,359.4375,-2.75,-7.1875,-0.47,1.21,9.56,0,0,-0.0625,243,,stopped,0,0,
2026-08-06T09:40:35.408,234.278,selfie,35.91822598,139.9077653,26.685,0,TRUE,19,1,35.9184062,139.9079523,26.17620083,,22.97,668.6895703,75.14941406,359.4375,-2.75,-7.1875,-0.51,1.22,9.57,0,0,0.0625,243,,stopped,0,0,
2026-08-06T09:40:35.908,234.779,selfie,35.91822598,139.9077653,26.685,0,TRUE,19,1,35.9184062,139.9079523,26.17620083,,22.97,668.6895703,75.14941406,359.4375,-2.75,-7.1875,-0.51,1.2,9.58,0.0625,-0.125,0,243,,stopped,0,0,
2026-08-06T09:40:36.409,235.279,selfie,35.91822598,139.9077653,26.685,0,TRUE,19,1,35.9184062,139.9079523,26.17620083,,22.97,668.6895703,75.14941406,359.4375,-2.75,-7.1875,-0.49,1.23,9.58,0,-0.1875,0.0625,243,,stopped,0,0,
2026-08-06T09:40:36.909,235.78,selfie,35.91822598,139.9077653,26.685,0,TRUE,19,1,35.9184062,139.9079523,26.17620083,,22.97,668.6895703,75.14941406,359.4375,-2.75,-7.1875,-0.51,1.22,9.58,-0.0625,-0.0625,-0.0625,243,,stopped,0,0,
2026-08-06T09:40:37.409,236.28,selfie,35.91822598,139.9077653,26.685,0,TRUE,18,1,35.9184062,139.9079523,26.17620083,,22.97,668.6895703,75.14941406,359.4375,-2.75,-7.1875,-0.51,1.23,9.57,0,-0.0625,0,243,,stopped,0,0,
2026-08-06T09:40:37.910,236.78,selfie,35.91822598,139.9077653,26.685,0,TRUE,18,1,35.9184062,139.9079523,26.17620083,,22.97,668.6895703,75.14941406,359.4375,-2.75,-7.1875,-0.52,1.21,9.59,-0.125,0,-0.0625,243,,stopped,0,0,
2026-08-06T09:40:38.410,237.281,selfie,35.91822598,139.9077653,26.685,0,TRUE,18,1,35.9184062,139.9079523,26.17620083,,22.97,668.6895703,75.14941406,359.4375,-2.75,-7.1875,-0.49,1.23,9.57,0,0,-0.0625,243,,stopped,0,0,
2026-08-06T09:40:38.911,237.781,selfie,35.91822598,139.9077653,26.685,0,TRUE,18,1,35.9184062,139.9079523,26.17620083,,22.97,668.6895703,75.14941406,359.4375,-2.75,-7.1875,-0.48,1.22,9.58,0.0625,-0.0625,0.0625,243,,stopped,0,0,
2026-08-06T09:40:39.411,238.282,selfie,35.91822598,139.9077653,26.685,0,TRUE,18,1,35.9184062,139.9079523,26.17620083,,22.97,668.6895703,75.14941406,359.4375,-2.75,-7.1875,-0.49,1.21,9.56,0,0.125,-0.125,243,,stopped,0,0,
2026-08-06T09:40:39.912,238.782,selfie,35.91822598,139.9077653,26.685,0,TRUE,18,1,35.9184062,139.9079523,26.17620083,,22.97,668.6895703,75.14941406,359.4375,-2.75,-7.1875,-0.52,1.23,9.57,0,-0.125,0,243,,stopped,0,0,
2026-08-06T09:40:40.412,239.283,selfie,35.91822598,139.9077653,26.685,0,TRUE,18,1,35.9184062,139.9079523,26.17620083,,22.97,668.6895703,75.14941406,359.4375,-2.75,-7.1875,-0.48,1.19,9.56,-0.0625,0.0625,0.0625,243,,stopped,0,0,
2026-08-06T09:40:40.912,239.783,selfie,35.91822598,139.9077653,26.685,0,TRUE,18,1,35.9184062,139.9079523,26.17620083,,22.97,668.6895703,75.14941406,359.4375,-2.75,-7.1875,-0.5,2.49,9.57,0,-0.0625,0,243,,stopped,0,0,
2026-08-06T09:40:41.413,240.283,selfie,35.91822598,139.9077653,26.685,0,TRUE,18,1,35.9184062,139.9079523,26.17620083,,22.97,668.6895703,75.14941406,359.4375,-2.75,-7.1875,-0.51,1.22,9.56,-0.0625,0,-0.0625,243,,stopped,0,0,
2026-08-06T09:40:41.913,240.784,selfie,35.91822598,139.9077653,26.685,0,TRUE,18,1,35.9184062,139.9079523,26.17620083,,22.97,668.6895703,75.14941406,359.4375,-2.75,-7.1875,-0.5,1.2,9.55,0,0,0,243,,stopped,0,0,
2026-08-06T09:40:42.414,241.284,selfie,35.91822598,139.9077653,26.685,0,TRUE,17,1,35.9184062,139.9079523,26.17620083,,22.97,668.6895703,75.14941406,359.4375,-2.75,-7.1875,-0.51,1.19,9.56,-0.0625,0,0.0625,243,,stopped,0,0,
2026-08-06T09:40:42.922,241.792,selfie,35.91822598,139.9077653,26.685,0,TRUE,17,1,35.9184062,139.9079523,26.17620083,,22.97,668.6895703,75.14941406,359.4375,-2.75,-7.1875,-0.48,1.23,9.56,0.0625,0,0.0625,243,,stopped,0,0,
2026-08-06T09:40:43.422,242.292,selfie,35.91822598,139.9077653,26.685,0,TRUE,16,1,35.9184062,139.9079523,26.17620083,,22.97,668.6895703,75.14941406,359.4375,-2.75,-7.1875,-0.51,1.2,9.58,0,0.125,0,243,,stopped,0,0,
2026-08-06T09:40:43.922,242.793,selfie,35.91822598,139.9077653,26.685,0,TRUE,16,1,35.9184062,139.9079523,26.17620083,,22.97,668.6895703,75.14941406,359.4375,-2.75,-7.1875,-0.48,1.22,9.58,0,-0.0625,0,243,,stopped,0,0,
2026-08-06T09:40:44.423,243.293,selfie,35.91822598,139.9077653,26.685,0,TRUE,16,1,35.9184062,139.9079523,26.17620083,,22.97,668.6895703,75.14941406,359.4375,-2.75,-7.1875,-0.51,1.2,9.6,-0.0625,-0.25,-0.0625,243,,stopped,0,0,
2026-08-06T09:40:44.923,243.794,selfie,35.91822598,139.9077653,26.685,0,TRUE,16,1,35.9184062,139.9079523,26.17620083,,22.97,668.6895703,75.14941406,359.4375,-2.75,-7.1875,-0.5,1.21,9.59,-0.0625,-0.3125,0.0625,243,,stopped,0,0,
2026-08-06T09:40:45.424,244.294,selfie,35.91822598,139.9077653,26.685,0,TRUE,18,1,35.9184062,139.9079523,26.17620083,,22.97,668.6895703,75.14941406,359.4375,-2.75,-7.1875,-0.48,1.2,9.6,-0.0625,0.1875,-0.125,243,,stopped,0,0,
2026-08-06T09:40:45.924,244.795,selfie,35.91822598,139.9077653,26.685,0,TRUE,18,1,35.9184062,139.9079523,26.17620083,,22.97,668.6895703,75.14941406,359.4375,-2.75,-7.1875,-0.49,1.23,9.57,0.0625,0.125,-0.125,243,,stopped,0,0,
2026-08-06T09:40:46.424,245.295,selfie,35.91822598,139.9077653,26.685,0,TRUE,18,1,35.9184062,139.9079523,26.17620083,,22.97,668.6895703,75.14941406,367.4375,-2.75,-7.1875,-0.51,1.2,9.59,0.0625,-0.1875,0.0625,243,,stopped,0,0,
2026-08-06T09:40:46.925,245.795,selfie,35.91822598,139.9077653,26.685,0,TRUE,18,1,35.9184062,139.9079523,26.17620083,,22.97,668.6895703,75.14941406,359.4375,-2.75,-7.1875,-0.51,1.24,9.57,0,-0.125,0.0625,243,,stopped,0,0,
2026-08-06T09:40:47.425,246.296,selfie,35.91822598,139.9077653,26.685,0,TRUE,19,1,35.9184062,139.9079523,26.17620083,,22.97,668.6895703,75.14941406,359.4375,-2.75,-7.1875,-0.48,1.21,9.61,-0.0625,-0.125,0.0625,243,,stopped,0,0,
2026-08-06T09:40:47.936,246.806,selfie,35.91822598,139.9077653,26.685,0,TRUE,19,1,35.9184062,139.9079523,26.17620083,,22.97,668.6895703,75.14941406,359.4375,-2.75,-7.1875,-0.49,1.24,9.55,0.0625,0.0625,0.125,243,,stopped,0,0,
2026-08-06T09:40:48.436,247.306,selfie,35.91822598,139.9077653,26.685,0,TRUE,20,1,35.9184062,139.9079523,26.17620083,,22.97,668.6895703,75.14941406,359.4375,-2.75,-7.1875,-0.49,1.22,9.55,-0.125,-0.0625,-0.0625,243,,stopped,0,0,
2026-08-06T09:40:48.936,247.807,selfie,35.91822598,139.9077653,26.685,0,TRUE,20,1,35.9184062,139.9079523,26.17620083,,22.97,668.6895703,75.14941406,359.4375,-2.75,-7.1875,-0.5,1.2,9.59,0.0625,-0.0625,0,243,,stopped,0,0,
2026-08-06T09:40:49.437,248.307,selfie,35.91822598,139.9077653,26.685,0,TRUE,20,1,35.9184062,139.9079523,26.17620083,,22.97,668.6895703,75.14941406,359.4375,-2.75,-7.1875,-0.49,1.21,9.56,-0.0625,0,0,243,,stopped,0,0,
2026-08-06T09:40:49.937,248.808,selfie,35.91822598,139.9077653,26.685,0,TRUE,20,1,35.9184062,139.9079523,26.17620083,,22.97,668.6895703,75.14941406,359.4375,-2.75,-7.1875,-0.5,1.23,9.58,-0.0625,-0.125,-0.0625,243,,stopped,0,0,
2026-08-06T09:40:50.437,249.308,selfie,35.91822598,139.9077653,26.685,0,TRUE,18,1,35.9184062,139.9079523,26.17620083,,22.97,668.6895703,75.14941406,359.4375,-2.75,-7.1875,-0.52,1.23,9.57,0.125,0,0,243,,stopped,0,0,
2026-08-06T09:40:50.939,249.809,selfie,35.91822598,139.9077653,26.685,0,TRUE,18,1,35.9184062,139.9079523,26.17620083,,22.97,668.6895703,75.14941406,359.4375,-2.75,-7.1875,-0.51,1.21,9.58,8.0625,-0.0625,-0.0625,243,,stopped,0,0,
2026-08-06T09:40:51.439,250.309,selfie,35.91822598,139.9077653,26.685,0,TRUE,17,1,35.9184062,139.9079523,26.17620083,,22.97,668.6895703,75.14941406,367.4375,-2.75,-7.1875,-0.5,1.19,9.58,-0.0625,0.1875,-0.125,243,,stopped,0,0,
2026-08-06T09:40:51.939,250.81,selfie,35.91822598,139.9077653,26.685,0,TRUE,17,1,35.9184062,139.9079523,26.17620083,,22.97,668.6895703,75.14941406,359.4375,-2.75,-7.1875,-0.51,1.22,9.58,0,-0.0625,0,243,,stopped,0,0,
2026-08-06T09:40:52.440,251.31,selfie,35.91822598,139.9077653,26.685,0,TRUE,17,1,35.9184062,139.9079523,26.17620083,,22.97,668.6895703,75.14941406,359.4375,-2.75,-7.1875,-0.5,1.23,9.62,0,-0.125,0.0625,243,,stopped,0,0,
2026-08-06T09:40:52.942,251.812,selfie,35.91822598,139.9077653,26.685,0,TRUE,17,1,35.9184062,139.9079523,26.17620083,,22.97,668.6895703,75.14941406,359.4375,-2.75,-7.1875,-0.51,1.2,9.57,0.125,-0.0625,0.0625,243,,stopped,0,0,
2026-08-06T09:40:53.442,252.312,selfie,35.91822598,139.9077653,26.685,0,TRUE,18,1,35.9184062,139.9079523,26.17620083,,22.97,668.6895703,75.14941406,359.4375,-2.75,-7.1875,-0.5,1.21,9.58,0,0.0625,0.0625,243,,stopped,0,0,
2026-08-06T09:40:53.945,252.815,selfie,35.91822598,139.9077653,26.685,0,TRUE,18,1,35.9184062,139.9079523,26.17620083,,22.97,668.6895703,75.14941406,359.4375,-2.75,-7.1875,-0.51,1.22,9.6,0,0.0625,-0.0625,243,,stopped,0,0,
2026-08-06T09:40:54.445,253.316,selfie,35.91822598,139.9077653,26.685,0,TRUE,18,1,35.9184062,139.9079523,26.17620083,,22.97,668.6895703,75.14941406,367.4375,-2.75,-7.1875,-0.51,1.21,9.6,0,0,0,243,,stopped,0,0,
2026-08-06T09:40:54.945,253.816,selfie,35.91822598,139.9077653,26.685,0,TRUE,18,1,35.9184062,139.9079523,26.17620083,,22.97,668.6895703,75.14941406,359.4375,-2.75,-7.1875,-0.5,1.22,9.57,0,0,0.125,243,,stopped,0,0,
2026-08-06T09:40:55.446,254.316,selfie,35.91822598,139.9077653,26.685,0,TRUE,18,1,35.9184062,139.9079523,26.17620083,,22.97,668.6895703,75.14941406,359.4375,-2.75,-7.1875,-0.5,1.25,9.57,-0.1875,0.0625,0,243,,stopped,0,0,
2026-08-06T09:40:55.946,254.817,selfie,35.91822598,139.9077653,26.685,0,TRUE,18,1,35.9184062,139.9079523,26.17620083,,22.97,668.6895703,75.14941406,359.4375,-2.75,-7.1875,-0.45,1.15,9.63,0.625,-0.125,0.25,243,,stopped,0,0,
2026-08-06T09:40:56.448,255.318,selfie,35.91822598,139.9077653,26.685,0,TRUE,18,1,35.9184062,139.9079523,26.17620083,,22.97,668.6895703,75.14941406,359.4375,-2.75,-7.25,-0.5,1.14,9.53,-0.125,0.3125,0,240,,stopped,0,0,
2026-08-06T09:40:56.948,255.818,selfie,35.91822598,139.9077653,26.685,0,TRUE,18,1,35.9184062,139.9079523,26.17620083,,22.97,668.6895703,75.14941406,359.4375,-2.75,-7.25,-0.56,1.11,9.71,0.8125,-0.25,-0.0625,240,,stopped,0,0,
2026-08-06T09:40:57.448,256.319,selfie,35.91822598,139.9077653,26.685,0,TRUE,19,1,35.9184062,139.9079523,26.17620083,,22.97,668.6895703,75.14941406,359.4375,-2.75,-7.1875,-0.51,1.11,9.51,-0.6875,-0.3125,0.125,176,,stopped,0,0,
2026-08-06T09:40:57.949,256.819,selfie,35.91822598,139.9077653,26.685,0,TRUE,19,1,35.9184062,139.9079523,26.17620083,,22.97,668.6895703,75.14941406,359.4375,-2.75,-7.1875,-0.58,1.27,9.65,0.9375,-0.25,-0.1875,176,,stopped,0,0,
2026-08-06T09:40:58.449,257.32,selfie,35.91822598,139.9077653,26.685,0,TRUE,19,1,35.9184062,139.9079523,26.17620083,,22.97,668.6895703,75.14941406,359.375,-2.75,-7.1875,-0.51,1.16,9.53,-0.75,-0.25,0.0625,51,,stopped,0,0,
2026-08-06T09:40:58.950,257.82,selfie,35.91822598,139.9077653,26.685,0,TRUE,19,1,35.9184062,139.9079523,26.17620083,,22.97,668.6895703,75.14941406,359.375,-2.75,-7.1875,-0.49,1.23,9.57,0.3125,-0.0625,-0.1875,51,,stopped,0,0,
2026-08-06T09:40:59.451,258.321,selfie,35.91822598,139.9077653,26.685,0,TRUE,19,1,35.9184062,139.9079523,26.17620083,,22.97,668.6895703,75.14941406,359.375,-2.75,-7.1875,-0.47,1.35,9.63,-0.25,-0.1875,0,51,,stopped,0,0,
2026-08-06T09:40:59.951,258.822,selfie,35.91822598,139.9077653,26.685,0,TRUE,19,1,35.9184062,139.9079523,26.17620083,,22.97,668.6895703,75.14941406,359.375,-2.75,-7.1875,-0.53,1.24,9.62,-0.375,0.0625,-0.125,51,,stopped,0,0,
2026-08-06T09:41:00.452,259.322,selfie,35.91822598,139.9077653,26.685,0,TRUE,19,1,35.9184062,139.9079523,26.17620083,,22.97,668.6895703,75.14941406,359.375,-2.75,-7.25,-0.48,1.3,9.55,-0.0625,8.0625,-0.0625,51,,stopped,0,0,
2026-08-06T09:41:00.954,259.824,selfie,35.91822598,139.9077653,26.685,0,TRUE,19,1,35.9184062,139.9079523,26.17620083,,22.97,668.6895703,75.14941406,359.375,-2.75,-7.25,-0.51,1.28,9.57,0.125,0.125,0.0625,51,,stopped,0,0,
2026-08-06T09:41:01.454,260.324,selfie,35.91822598,139.9077653,26.685,0,TRUE,19,1,35.9184062,139.9079523,26.17620083,,22.97,668.6895703,75.14941406,359.375,-2.75,-7.25,-0.49,1.25,9.56,0,-0.125,0,51,,stopped,0,0,
2026-08-06T09:41:01.954,260.825,selfie,35.91822598,139.9077653,26.685,0,TRUE,19,1,35.9184062,139.9079523,26.17620083,,22.97,668.6895703,75.14941406,359.375,-2.75,-7.25,-0.51,1.25,9.59,-0.0625,0,-0.0625,51,,stopped,0,0,
2026-08-06T09:41:02.455,261.326,selfie,35.91822598,139.9077653,26.685,0,TRUE,19,1,35.9184062,139.9079523,26.17620083,,22.97,668.6895703,75.14941406,367.375,-2.75,-7.25,-0.51,1.25,9.58,0,0.0625,0.125,51,,stopped,0,0,
2026-08-06T09:41:02.956,261.826,selfie,35.91822598,139.9077653,26.685,0,TRUE,19,1,35.9184062,139.9079523,26.17620083,,22.97,668.6895703,75.14941406,359.375,-2.75,-7.25,-0.52,1.25,9.57,0,-0.0625,0.125,51,,stopped,0,0,
2026-08-06T09:41:03.456,262.327,selfie,35.91822598,139.9077653,26.685,0,TRUE,18,1,35.9184062,139.9079523,26.17620083,,22.97,668.6895703,75.14941406,359.375,-2.75,-7.25,-0.52,1.26,9.56,-0.0625,0,0.0625,51,,stopped,0,0,
2026-08-06T09:41:03.962,262.832,selfie,35.91822598,139.9077653,26.685,0,TRUE,18,1,35.9184062,139.9079523,26.17620083,,22.97,668.6895703,75.14941406,359.375,-2.75,-7.25,-0.52,1.25,9.55,0.0625,-0.0625,0.1875,51,,stopped,0,0,
2026-08-06T09:41:04.467,263.337,selfie,35.91822598,139.9077653,26.685,0,TRUE,18,1,35.9184062,139.9079523,26.17620083,,22.97,668.6895703,75.14941406,359.375,-2.75,-7.25,-0.5,1.23,9.58,0,-0.0625,-0.125,51,,stopped,0,0,
2026-08-06T09:41:04.971,263.842,selfie,35.91822598,139.9077653,26.685,0,TRUE,18,1,35.9184062,139.9079523,26.17620083,,22.97,668.6895703,75.14941406,359.375,-2.75,-7.25,-0.5,1.23,9.58,-0.0625,0,0,51,,stopped,0,0,
2026-08-06T09:41:05.472,264.342,selfie,35.91822598,139.9077653,26.685,0,TRUE,18,1,35.9184062,139.9079523,26.17620083,,22.97,668.6895703,75.14941406,359.375,-2.75,-7.25,-0.48,2.51,9.59,-0.0625,0,-0.125,51,,stopped,0,0,
2026-08-06T09:41:05.978,264.848,selfie,35.91822598,139.9077653,26.685,0,TRUE,18,1,35.9184062,139.9079523,26.17620083,,22.97,668.6895703,75.14941406,359.375,-2.75,-7.25,-0.5,1.23,9.58,0,0.0625,0,51,,stopped,0,0,
2026-08-06T09:41:06.478,265.348,selfie,35.91822598,139.9077653,26.685,0,TRUE,18,1,35.9184062,139.9079523,26.17620083,,22.97,668.6895703,75.14941406,359.375,-2.75,-7.25,-0.49,1.23,9.59,0.0625,0,0.0625,51,,stopped,0,0,
2026-08-06T09:41:06.978,265.849,selfie,35.91822598,139.9077653,26.685,0,TRUE,18,1,35.9184062,139.9079523,26.17620083,,22.97,668.6895703,75.14941406,359.375,-2.75,-7.25,-0.51,1.24,9.57,0.0625,-0.1875,-0.0625,51,,stopped,0,0,
2026-08-06T09:41:07.479,266.35,selfie,35.91822598,139.9077653,26.685,0,TRUE,18,1,35.9184062,139.9079523,26.17620083,,22.97,668.6895703,75.14941406,359.375,-2.75,-7.25,-0.5,1.26,9.6,0.0625,-0.25,0.125,51,,stopped,0,0,
2026-08-06T09:41:07.980,266.85,selfie,35.91822598,139.9077653,26.685,0,TRUE,18,1,35.9184062,139.9079523,26.17620083,,22.97,668.6895703,75.14941406,359.375,-2.75,-7.25,-0.5,1.24,9.6,0.1875,0.125,-0.0625,51,,stopped,0,0,
2026-08-06T09:41:08.480,267.35,selfie,35.91822598,139.9077653,26.685,0,TRUE,18,1,35.9184062,139.9079523,26.17620083,,22.97,668.6895703,75.14941406,359.375,-2.75,-7.25,-0.54,1.26,9.6,0,0.0625,-0.0625,51,,stopped,0,0,
2026-08-06T09:41:08.980,267.851,selfie,35.91822598,139.9077653,26.685,0,TRUE,18,1,35.9184062,139.9079523,26.17620083,,22.97,668.6895703,75.14941406,359.375,-2.75,-7.25,-0.5,1.27,9.59,0.0625,0.125,0,51,,stopped,0,0,
2026-08-06T09:41:09.481,268.351,selfie,35.91822598,139.9077653,26.685,0,TRUE,18,1,35.9184062,139.9079523,26.17620083,,22.97,668.6895703,75.14941406,359.375,-2.75,-7.25,-0.48,1.23,9.59,0,-0.125,0.125,51,,stopped,0,0,
2026-08-06T09:41:09.981,268.852,selfie,35.91822598,139.9077653,26.685,0,TRUE,18,1,35.9184062,139.9079523,26.17620083,,22.97,668.6895703,75.14941406,359.375,-2.75,-7.25,-0.52,1.24,9.57,0.0625,-0.125,0.0625,51,,stopped,0,0,
2026-08-06T09:41:10.482,269.352,selfie,35.91822598,139.9077653,26.685,0,TRUE,18,1,35.9184062,139.9079523,26.17620083,,22.97,668.6895703,75.14941406,359.375,-2.75,-7.25,-0.5,1.24,9.58,0.0625,-0.0625,0,51,,stopped,0,0,
2026-08-06T09:41:10.982,269.853,selfie,35.91822598,139.9077653,26.685,0,TRUE,18,1,35.9184062,139.9079523,26.17620083,,22.97,668.6895703,75.14941406,359.375,-2.75,-7.25,-0.52,1.23,9.6,0.0625,0.1875,-0.0625,51,,stopped,0,0,
2026-08-06T09:41:11.483,270.353,selfie,35.91822598,139.9077653,26.685,0,TRUE,19,1,35.9184062,139.9079523,26.17620083,,22.97,668.6895703,75.14941406,359.375,-2.75,-7.25,-0.51,1.26,9.58,0.0625,0.0625,-0.0625,51,,stopped,0,0,
2026-08-06T09:41:11.983,270.853,selfie,35.91822598,139.9077653,26.685,0,TRUE,19,1,35.9184062,139.9079523,26.17620083,,22.97,668.6895703,75.14941406,359.375,-2.75,-7.25,-0.51,1.26,9.58,0.0625,-0.125,0,51,,stopped,0,0,
2026-08-06T09:41:12.483,271.354,selfie,35.91822598,139.9077653,26.685,0,TRUE,18,1,35.9184062,139.9079523,26.17620083,,22.97,668.6895703,75.14941406,359.375,-2.75,-7.25,-0.52,1.23,9.58,0,-0.0625,0.0625,51,,stopped,0,0,
2026-08-06T09:41:12.984,271.854,selfie,35.91822598,139.9077653,26.685,0,TRUE,18,1,35.9184062,139.9079523,26.17620083,,22.97,668.6895703,75.14941406,359.375,-2.75,-7.25,-0.49,1.23,9.55,-0.0625,-0.1875,0.25,51,,stopped,0,0,
2026-08-06T09:41:13.484,272.355,selfie,35.91822598,139.9077653,26.685,0,TRUE,18,1,35.9184062,139.9079523,26.17620083,,22.97,668.6895703,75.14941406,359.375,-2.75,-7.25,-0.52,1.23,9.6,0,0,0.1875,51,,stopped,0,0,
2026-08-06T09:41:13.985,272.855,selfie,35.91822598,139.9077653,26.685,0,TRUE,18,1,35.9184062,139.9079523,26.17620083,,22.97,668.6895703,75.14941406,359.375,-2.75,-7.25,-0.5,1.25,9.56,8.125,0,0,51,,stopped,0,0,
2026-08-06T09:41:14.485,273.356,selfie,35.91822598,139.9077653,26.685,0,TRUE,18,1,35.9184062,139.9079523,26.17620083,,22.97,668.6895703,75.14941406,359.375,-2.75,-7.25,-0.51,1.23,9.56,-0.0625,0,0,51,,stopped,0,0,
2026-08-06T09:41:14.986,273.856,selfie,35.91822598,139.9077653,26.685,0,TRUE,18,1,35.9184062,139.9079523,26.17620083,,22.97,668.6895703,75.14941406,359.375,-2.75,-7.25,-0.51,1.25,9.57,-0.0625,0.1875,0.0625,51,,stopped,0,0,
2026-08-06T09:41:15.492,274.362,selfie,35.91822598,139.9077653,26.685,0,TRUE,18,1,35.9184062,139.9079523,26.17620083,,22.97,668.6895703,75.14941406,359.375,-2.75,-7.25,-0.5,1.23,9.59,0,0,-0.0625,51,,stopped,0,0,
2026-08-06T09:41:15.992,274.862,selfie,35.91822598,139.9077653,26.685,0,TRUE,18,1,35.9184062,139.9079523,26.17620083,,22.97,668.6895703,75.14941406,359.375,-2.75,-7.25,-0.52,1.23,9.59,0.0625,0.0625,-0.0625,51,,stopped,0,0,
2026-08-06T09:41:16.492,275.363,selfie,35.91822598,139.9077653,26.685,0,TRUE,18,1,35.9184062,139.9079523,26.17620083,,22.97,668.6895703,75.14941406,359.375,-2.75,-7.25,-0.52,1.25,9.58,0.0625,-0.125,0.0625,51,,stopped,0,0,
2026-08-06T09:41:16.993,275.863,selfie,35.91822598,139.9077653,26.685,0,TRUE,18,1,35.9184062,139.9079523,26.17620083,,22.97,668.6895703,75.14941406,359.375,-2.75,-7.25,-0.54,1.23,9.57,0,0.125,0.0625,51,,stopped,0,0,
2026-08-06T09:41:17.493,276.364,selfie,35.91822598,139.9077653,26.685,0,TRUE,19,1,35.9184062,139.9079523,26.17620083,,22.97,668.6895703,75.14941406,359.375,-2.75,-7.25,-0.51,1.25,9.59,-0.0625,0.1875,0,51,,stopped,0,0,
2026-08-06T09:41:17.994,276.864,selfie,35.91822598,139.9077653,26.685,0,TRUE,19,1,35.9184062,139.9079523,26.17620083,,22.97,668.6895703,75.14941406,367.375,-2.75,-7.25,-0.53,1.22,9.6,-0.0625,0.0625,-0.0625,51,,stopped,0,0,
2026-08-06T09:41:18.494,277.365,selfie,35.91822598,139.9077653,26.685,0,TRUE,18,1,35.9184062,139.9079523,26.17620083,,22.97,668.6895703,75.14941406,359.375,-2.75,-7.25,-0.5,1.22,9.59,0,0.125,0.125,51,,stopped,0,0,
2026-08-06T09:41:19.001,277.872,selfie,35.91822598,139.9077653,26.685,0,TRUE,18,1,35.9184062,139.9079523,26.17620083,,22.97,668.6895703,75.14941406,359.375,-2.75,-7.25,-0.52,1.23,9.59,0,-0.125,0,51,,stopped,0,0,
2026-08-06T09:41:19.509,278.38,selfie,35.91822598,139.9077653,26.685,0,TRUE,18,1,35.9184062,139.9079523,26.17620083,,22.97,668.6895703,75.14941406,359.375,-2.75,-7.25,-0.5,1.23,9.59,0.0625,-0.0625,0,51,,stopped,0,0,
2026-08-06T09:41:20.012,278.882,selfie,35.91822598,139.9077653,26.685,0,TRUE,18,1,35.9184062,139.9079523,26.17620083,,22.97,668.6895703,75.14941406,359.375,-2.75,-7.25,-0.48,1.24,9.58,0.0625,0.125,-0.0625,51,,stopped,0,0,
2026-08-06T09:41:20.512,279.382,selfie,35.91822598,139.9077653,26.685,0,TRUE,18,1,35.9184062,139.9079523,26.17620083,,22.97,668.6895703,75.14941406,359.375,-2.75,-7.25,-0.51,1.23,9.59,0,0.1875,0.0625,51,,stopped,0,0,
2026-08-06T09:41:21.012,279.883,selfie,35.91822598,139.9077653,26.685,0,TRUE,18,1,35.9184062,139.9079523,26.17620083,,22.97,668.6895703,75.14941406,359.375,-2.75,-7.25,-0.49,1.25,9.58,0,0.0625,0,51,,stopped,0,0,
2026-08-06T09:41:21.513,280.383,selfie,35.91822598,139.9077653,26.685,0,TRUE,18,1,35.9184062,139.9079523,26.17620083,,22.97,668.6895703,75.14941406,359.375,-2.75,-7.25,-0.5,1.25,9.59,0.125,0.0625,-0.0625,51,,stopped,0,0,
2026-08-06T09:41:22.013,280.884,selfie,35.91822598,139.9077653,26.685,0,TRUE,18,1,35.9184062,139.9079523,26.17620083,,22.97,668.6895703,75.14941406,359.375,-2.75,-7.25,-0.52,1.22,9.59,0.0625,0.0625,-0.0625,51,,stopped,0,0,
2026-08-06T09:41:22.514,281.384,selfie,35.91822598,139.9077653,26.685,0,TRUE,18,1,35.9184062,139.9079523,26.17620083,,22.97,668.6895703,75.14941406,359.375,-2.75,-7.25,-0.5,1.23,9.58,0.0625,-0.0625,0,51,,stopped,0,0,
2026-08-06T09:41:23.014,281.885,selfie,35.91822598,139.9077653,26.685,0,TRUE,18,1,35.9184062,139.9079523,26.17620083,,22.97,668.6895703,75.14941406,359.375,-2.75,-7.25,-0.51,1.22,9.59,0.0625,0,0,51,,stopped,0,0,
2026-08-06T09:41:23.515,282.386,selfie,35.91822598,139.9077653,26.685,0,TRUE,19,1,35.9184062,139.9079523,26.17620083,,22.97,668.6895703,75.14941406,359.375,-2.75,-7.25,-0.5,1.26,9.62,0,0.1875,-0.125,51,,stopped,0,0,
2026-08-06T09:41:24.016,282.886,selfie,35.91822598,139.9077653,26.685,0,TRUE,19,1,35.9184062,139.9079523,26.17620083,,22.97,668.6895703,75.14941406,359.375,-2.75,-7.25,-0.52,1.25,9.6,-0.0625,-0.1875,0,51,,stopped,0,0,
2026-08-06T09:41:24.516,283.387,selfie,35.91822598,139.9077653,26.685,0,TRUE,18,1,35.9184062,139.9079523,26.17620083,,22.97,668.6895703,75.14941406,359.375,-2.75,-7.25,-0.5,1.22,9.6,0.125,-0.125,0,51,,stopped,0,0,
2026-08-06T09:41:25.017,283.887,selfie,35.91822598,139.9077653,26.685,0,TRUE,18,1,35.9184062,139.9079523,26.17620083,,22.97,668.6895703,75.14941406,359.375,-2.75,-7.25,-0.51,1.25,9.62,0.0625,0.0625,0.125,51,,stopped,0,0,
2026-08-06T09:41:25.522,284.392,selfie,35.91822598,139.9077653,26.685,0,TRUE,19,1,35.9184062,139.9079523,26.17620083,,22.97,668.6895703,75.14941406,359.375,-2.75,-7.25,-0.52,1.23,9.6,-0.125,-0.0625,0.0625,51,,stopped,0,0,
2026-08-06T09:41:26.022,284.893,selfie,35.91822598,139.9077653,26.685,0,TRUE,19,1,35.9184062,139.9079523,26.17620083,,22.97,668.6895703,75.14941406,359.375,-2.75,-7.25,-0.51,1.23,9.58,0,-0.0625,0.0625,51,,stopped,0,0,
2026-08-06T09:41:26.522,285.393,selfie,35.91822598,139.9077653,26.685,0,TRUE,19,1,35.9184062,139.9079523,26.17620083,,22.97,668.6895703,75.14941406,359.375,-2.75,-7.25,-0.52,1.23,9.59,-0.0625,0.0625,0.125,51,,stopped,0,0,
2026-08-06T09:41:27.023,285.893,selfie,35.91822598,139.9077653,26.685,0,TRUE,19,1,35.9184062,139.9079523,26.17620083,,22.97,668.6895703,75.14941406,359.375,-2.75,-7.25,-0.51,1.23,9.59,-0.0625,0,0,51,,stopped,0,0,
2026-08-06T09:41:27.523,286.394,selfie,35.91822598,139.9077653,26.685,0,TRUE,19,1,35.9184062,139.9079523,26.17620083,,22.97,668.6895703,75.14941406,359.375,-2.75,-7.25,-0.5,1.25,9.58,0,-0.0625,0.0625,51,,stopped,0,0,
2026-08-06T09:41:28.032,286.902,selfie,35.91822598,139.9077653,26.685,0,TRUE,19,1,35.9184062,139.9079523,26.17620083,,22.97,668.6895703,75.14941406,359.375,-2.75,-7.25,-0.53,1.24,9.59,0,-0.125,0.125,51,,stopped,0,0,
2026-08-06T09:41:28.540,287.41,selfie,35.91822598,139.9077653,26.685,0,TRUE,18,1,35.9184062,139.9079523,26.17620083,,22.97,668.6895703,75.14941406,359.375,-2.75,-7.25,-0.54,1.24,9.57,-0.0625,0,-0.125,51,,stopped,0,0,
2026-08-06T09:41:29.040,287.911,selfie,35.91822598,139.9077653,26.685,0,TRUE,18,1,35.9184062,139.9079523,26.17620083,,22.97,668.6895703,75.14941406,359.375,-2.75,-7.25,-0.5,1.23,9.55,0.0625,-0.0625,0.125,51,,stopped,0,0,
2026-08-06T09:41:29.552,288.422,selfie,35.91822598,139.9077653,26.685,0,TRUE,18,1,35.9184062,139.9079523,26.17620083,,22.97,668.6895703,75.14941406,359.375,-2.75,-7.25,-0.52,1.23,9.58,0,0.1875,0.125,51,,stopped,0,0,
2026-08-06T09:41:30.056,288.926,selfie,35.91822598,139.9077653,26.685,0,TRUE,18,1,35.9184062,139.9079523,26.17620083,,22.97,668.6895703,75.14941406,359.375,-2.75,-7.25,-0.49,1.24,9.58,-0.0625,0.0625,0,51,,stopped,0,0,
2026-08-06T09:41:30.557,289.427,selfie,35.91822598,139.9077653,26.685,0,TRUE,18,1,35.9184062,139.9079523,26.17620083,,22.97,668.6895703,75.14941406,359.375,-2.75,-7.25,-0.51,1.24,9.6,0.0625,-0.25,0.0625,51,,stopped,0,0,
2026-08-06T09:41:31.057,289.927,selfie,35.91822598,139.9077653,26.685,0,TRUE,18,1,35.9184062,139.9079523,26.17620083,,22.97,668.6895703,75.14941406,359.375,-2.75,-7.25,-0.49,1.22,9.61,-0.0625,-0.125,-0.0625,51,,stopped,0,0,
2026-08-06T09:41:31.557,290.428,selfie,35.91822598,139.9077653,26.685,0,TRUE,18,1,35.9184062,139.9079523,26.17620083,,22.97,668.6895703,75.14941406,359.375,-2.75,-7.25,-0.52,1.23,9.59,0,-0.375,-0.0625,51,,stopped,0,0,
2026-08-06T09:41:32.058,290.928,selfie,35.91822598,139.9077653,26.685,0,TRUE,18,1,35.9184062,139.9079523,26.17620083,,22.97,668.6895703,75.14941406,359.375,-2.75,-7.25,-0.51,1.23,9.58,0.0625,0.1875,0.0625,51,,stopped,0,0,
2026-08-06T09:41:32.562,291.432,selfie,35.91822598,139.9077653,26.685,0,TRUE,19,1,35.9184062,139.9079523,26.17620083,,22.97,668.6895703,75.14941406,359.375,-2.75,-7.25,-0.52,1.23,9.59,0.0625,0.0625,0,51,,stopped,0,0,
2026-08-06T09:41:33.069,291.939,selfie,35.91822598,139.9077653,26.685,0,TRUE,19,1,35.9184062,139.9079523,26.17620083,,22.97,668.6895703,75.14941406,359.375,-2.75,-7.25,-0.52,1.23,9.57,0.125,0,0,51,,stopped,0,0,
2026-08-06T09:41:33.569,292.44,selfie,35.91822598,139.9077653,26.685,0,TRUE,19,1,35.9184062,139.9079523,26.17620083,,22.97,668.6895703,75.14941406,359.375,-2.75,-7.25,-0.52,1.22,9.58,0,-0.0625,0.125,51,,stopped,0,0,
2026-08-06T09:41:34.070,292.94,selfie,35.91822598,139.9077653,26.685,0,TRUE,19,1,35.9184062,139.9079523,26.17620083,,22.97,668.6895703,75.14941406,367.375,-2.75,-7.25,-0.53,1.22,9.6,0,-0.1875,0,51,,stopped,0,0,
2026-08-06T09:41:34.571,293.442,selfie,35.91822598,139.9077653,26.685,0,TRUE,18,1,35.9184062,139.9079523,26.17620083,,22.97,668.6895703,75.14941406,359.375,-2.75,-7.25,-0.51,1.22,9.61,-0.0625,0,0,51,,stopped,0,0,
2026-08-06T09:41:35.078,293.948,selfie,35.91822598,139.9077653,26.685,0,TRUE,18,1,35.9184062,139.9079523,26.17620083,,22.97,668.6895703,75.14941406,359.375,-2.75,-7.25,-0.53,1.21,9.6,0,-0.0625,0,51,,stopped,0,0,
2026-08-06T09:41:35.587,294.457,selfie,35.91822598,139.9077653,26.685,0,TRUE,18,1,35.9184062,139.9079523,26.17620083,,22.97,668.6895703,75.14941406,359.375,-2.75,-7.25,-0.53,1.24,9.59,0.0625,0,0,51,,stopped,0,0,
2026-08-06T09:41:36.827,295.697,selfie,35.91822598,139.9077653,26.685,0,TRUE,18,1,35.9184062,139.9079523,26.17620083,,22.97,668.6895703,75.14941406,359.375,-2.75,-7.25,-0.54,1.26,9.57,0,0.125,0.0625,51,,stopped,0,0,
2026-08-06T09:41:37.333,296.203,selfie,35.91822598,139.9077653,26.685,0,TRUE,18,1,35.9184062,139.9079523,26.17620083,,22.97,668.6895703,75.14941406,359.375,-2.75,-7.25,-0.51,1.24,9.59,-0.0625,0.0625,0,51,,stopped,0,0,
2026-08-06T09:41:37.985,296.855,selfie,35.91822598,139.9077653,26.685,0,TRUE,18,1,35.9184062,139.9079523,26.17620083,,22.97,668.6895703,75.14941406,359.375,-2.75,-7.25,-0.53,1.23,9.57,0,-0.0625,0.0625,51,,stopped,0,0,
2026-08-06T09:41:38.490,297.361,selfie,35.91822598,139.9077653,26.685,0,TRUE,18,1,35.9184062,139.9079523,26.17620083,,22.97,668.6895703,75.14941406,359.375,-2.75,-7.25,-0.5,1.24,9.58,-0.0625,0,0,51,,stopped,0,0,
2026-08-06T09:41:39.186,298.056,selfie,35.91822598,139.9077653,26.685,0,TRUE,18,1,35.9184062,139.9079523,26.17620083,,22.97,668.6895703,75.14941406,359.375,-2.75,-7.25,-0.51,1.23,9.6,0.0625,0,0,51,,stopped,0,0,
2026-08-06T09:41:39.686,298.556,selfie,35.91822598,139.9077653,26.685,0,TRUE,18,1,35.9184062,139.9079523,26.17620083,,22.97,668.6895703,75.14941406,359.375,-2.75,-7.25,-0.48,1.25,9.55,0.0625,-0.0625,0.0625,51,,stopped,0,0,
2026-08-06T09:41:40.187,299.057,selfie,35.91822598,139.9077653,26.685,0,TRUE,18,1,35.9184062,139.9079523,26.17620083,,22.97,668.6895703,75.14941406,359.375,-2.75,-7.25,-0.51,1.24,9.58,-0.125,0.125,-0.0625,51,,stopped,0,0,
2026-08-06T09:41:40.687,299.557,selfie,35.91822598,139.9077653,26.685,0,TRUE,19,1,35.9184062,139.9079523,26.17620083,,22.97,668.6895703,75.14941406,359.375,-2.75,-7.25,-0.52,1.23,9.61,0,0,0.0625,51,,stopped,0,0,
2026-08-06T09:41:41.187,300.058,selfie,35.91822598,139.9077653,26.685,0,TRUE,19,1,35.9184062,139.9079523,26.17620083,,22.97,668.6895703,75.14941406,359.375,-2.75,-7.25,-0.52,1.25,9.59,0,-0.125,0.125,51,,stopped,0,0,
2026-08-06T09:41:41.688,300.558,selfie,35.91822598,139.9077653,26.685,0,TRUE,19,1,35.9184062,139.9079523,26.17620083,,22.97,668.6895703,75.14941406,359.375,-2.75,-7.25,-0.5,1.23,9.55,0,-0.0625,-0.0625,51,,stopped,0,0,
2026-08-06T09:41:42.188,301.059,selfie,35.91822598,139.9077653,26.685,0,TRUE,19,1,35.9184062,139.9079523,26.17620083,,22.97,668.6895703,75.14941406,359.375,-2.75,-7.25,-0.51,1.25,9.57,0,0.125,-0.0625,51,,stopped,0,0,
2026-08-06T09:41:42.689,301.559,selfie,35.91822598,139.9077653,26.685,0,TRUE,19,1,35.9184062,139.9079523,26.17620083,,22.97,668.6895703,75.14941406,359.375,-2.75,-7.25,-0.52,1.23,9.58,0,-0.0625,-0.0625,51,,stopped,0,0,
2026-08-06T09:41:43.189,302.059,selfie,35.91822598,139.9077653,26.685,0,TRUE,19,1,35.9184062,139.9079523,26.17620083,,22.97,668.6895703,75.14941406,359.375,-2.75,-7.25,-0.5,1.26,9.57,0.0625,0,0.0625,51,,stopped,0,0,
2026-08-06T09:41:43.689,302.56,selfie,35.91822598,139.9077653,26.685,0,TRUE,18,1,35.9184062,139.9079523,26.17620083,,22.97,668.6895703,75.14941406,359.375,-2.75,-7.25,-0.5,1.24,9.59,0.0625,0.0625,-0.125,51,,stopped,0,0,
2026-08-06T09:41:44.190,303.06,selfie,35.91822598,139.9077653,26.685,0,TRUE,18,1,35.9184062,139.9079523,26.17620083,,22.97,668.6895703,75.14941406,359.375,-2.75,-7.25,-0.54,1.24,9.56,0,0.0625,-0.0625,51,,stopped,0,0,
2026-08-06T09:41:44.690,303.561,selfie,35.91822598,139.9077653,26.685,0,TRUE,19,1,35.9184062,139.9079523,26.17620083,,22.97,668.6895703,75.14941406,359.375,-2.75,-7.25,-0.54,1.24,9.6,0,0.0625,0,51,,stopped,0,0,
2026-08-06T09:41:45.191,304.061,selfie,35.91822598,139.9077653,26.685,0,TRUE,19,1,35.9184062,139.9079523,26.17620083,,22.97,668.6895703,75.14941406,359.375,-2.75,-7.25,-0.5,1.22,9.6,0.0625,0,0.125,51,,stopped,0,0,
2026-08-06T09:41:45.691,304.562,selfie,35.91822598,139.9077653,26.685,0,TRUE,20,1,35.9184062,139.9079523,26.17620083,,22.97,668.6895703,75.14941406,359.375,-2.75,-7.25,-0.53,1.25,9.57,0.125,0.125,0.125,51,,stopped,0,0,
2026-08-06T09:41:46.191,305.062,selfie,35.91822598,139.9077653,26.685,0,TRUE,20,1,35.9184062,139.9079523,26.17620083,,22.97,668.6895703,75.14941406,359.375,-2.75,-7.25,-0.5,1.23,9.58,0,-0.25,-0.0625,51,,stopped,0,0,
2026-08-06T09:41:46.692,305.562,selfie,35.91822598,139.9077653,26.685,0,TRUE,20,1,35.9184062,139.9079523,26.17620083,,22.97,668.6895703,75.14941406,359.375,-2.75,-7.25,-0.51,1.24,9.58,0,-0.0625,0.125,51,,stopped,0,0,
2026-08-06T09:41:47.192,306.063,selfie,35.91822598,139.9077653,26.685,0,TRUE,20,1,35.9184062,139.9079523,26.17620083,,22.97,668.6895703,75.14941406,359.375,-2.75,-7.25,-0.52,1.23,9.59,-0.0625,-0.0625,-0.0625,51,,stopped,0,0,
2026-08-06T09:41:47.693,306.563,selfie,35.91822598,139.9077653,26.685,0,TRUE,20,1,35.9184062,139.9079523,26.17620083,,22.97,668.6895703,75.14941406,359.375,-2.75,-7.25,-0.54,1.22,9.59,-0.0625,0.125,0.0625,51,,stopped,0,0,
2026-08-06T09:41:48.193,307.063,selfie,35.91822598,139.9077653,26.685,0,TRUE,20,1,35.9184062,139.9079523,26.17620083,,22.97,668.6895703,75.14941406,359.375,-2.75,-7.25,-0.51,1.22,9.59,0,0,0,51,,stopped,0,0,
2026-08-06T09:41:48.693,307.564,selfie,35.91822598,139.9077653,26.685,0,TRUE,20,1,35.9184062,139.9079523,26.17620083,,22.97,668.6895703,75.14941406,359.375,-2.75,-7.25,-0.54,1.23,9.58,0,0,-0.125,51,,stopped,0,0,
2026-08-06T09:41:49.194,308.064,selfie,35.91822598,139.9077653,26.685,0,TRUE,20,1,35.9184062,139.9079523,26.17620083,,22.97,668.6895703,75.14941406,359.375,-2.75,-7.25,-0.49,1.22,9.57,0.0625,0.1875,-0.125,51,,stopped,0,0,
2026-08-06T09:41:49.694,308.565,selfie,35.91822598,139.9077653,26.685,0,TRUE,20,1,35.9184062,139.9079523,26.17620083,,22.97,668.6895703,75.14941406,359.375,-2.75,-7.25,-0.51,1.23,9.61,0,0.0625,0.0625,51,,stopped,0,0,
2026-08-06T09:41:50.195,309.065,selfie,35.91822598,139.9077653,26.685,0,TRUE,20,1,35.9184062,139.9079523,26.17620083,,22.97,668.6895703,75.14941406,359.375,-2.75,-7.25,-0.51,1.23,9.61,0,0.0625,0.125,51,,stopped,0,0,
2026-08-06T09:41:50.701,309.572,selfie,35.91822598,139.9077653,26.685,0,TRUE,20,1,35.9184062,139.9079523,26.17620083,,22.97,668.6895703,75.14941406,359.375,-2.75,-7.25,-0.52,1.24,9.59,0.0625,0,0,51,,stopped,0,0,
2026-08-06T09:41:51.202,310.073,selfie,35.91822598,139.9077653,26.685,0,TRUE,20,1,35.9184062,139.9079523,26.17620083,,22.97,668.6895703,75.14941406,359.375,-2.75,-7.25,-0.5,1.25,9.61,-0.0625,0,0,51,,stopped,0,0,
2026-08-06T09:41:51.703,310.573,selfie,35.91822598,139.9077653,26.685,0,TRUE,20,1,35.9184062,139.9079523,26.17620083,,22.97,668.6895703,75.14941406,359.375,-2.75,-7.25,-0.51,1.25,9.56,0,0.0625,0,51,,stopped,0,0,
2026-08-06T09:41:52.203,311.073,selfie,35.91822598,139.9077653,26.685,0,TRUE,20,1,35.9184062,139.9079523,26.17620083,,22.97,668.6895703,75.14941406,359.375,-2.75,-7.25,-0.52,1.23,9.55,0,-0.0625,0.1875,51,,stopped,0,0,
2026-08-06T09:41:52.703,311.574,selfie,35.91822598,139.9077653,26.685,0,TRUE,20,1,35.9184062,139.9079523,26.17620083,,22.97,668.6895703,75.14941406,359.375,-2.75,-7.25,-0.51,1.23,9.6,-0.125,0,-0.0625,51,,stopped,0,0,
2026-08-06T09:41:53.204,312.074,selfie,35.91822598,139.9077653,26.685,0,TRUE,20,1,35.9184062,139.9079523,26.17620083,,22.97,668.6895703,75.14941406,359.375,-2.75,-7.25,-0.53,1.23,9.56,0.0625,0.0625,0,51,,stopped,0,0,
2026-08-06T09:41:53.704,312.575,selfie,35.91822598,139.9077653,26.685,0,TRUE,20,1,35.9184062,139.9079523,26.17620083,,22.97,668.6895703,75.14941406,359.375,-2.75,-7.25,-0.52,1.25,9.59,8.0625,0.25,0.0625,51,,stopped,0,0,
2026-08-06T09:41:54.205,313.075,selfie,35.91822598,139.9077653,26.685,0,TRUE,20,1,35.9184062,139.9079523,26.17620083,,22.97,668.6895703,75.14941406,359.375,-2.75,-7.25,-0.48,1.23,9.6,0.125,0.125,-0.0625,51,,stopped,0,0,
2026-08-06T09:41:54.711,313.582,selfie,35.91822598,139.9077653,26.685,0,TRUE,20,1,35.9184062,139.9079523,26.17620083,,22.97,668.6895703,75.14941406,359.375,-2.75,-7.25,-0.52,1.23,9.62,0.125,-0.0625,0.0625,51,,stopped,0,0,
2026-08-06T09:41:55.219,314.089,selfie,35.91822598,139.9077653,26.685,0,TRUE,20,1,35.9184062,139.9079523,26.17620083,,22.97,668.6895703,75.14941406,359.375,-2.75,-7.25,-0.53,1.24,9.62,0,0,0.125,51,,stopped,0,0,
2026-08-06T09:41:55.722,314.592,selfie,35.91822598,139.9077653,26.685,0,TRUE,20,1,35.9184062,139.9079523,26.17620083,,22.97,668.6895703,75.14941406,359.375,-2.75,-7.25,-0.53,1.26,9.6,-0.0625,-0.0625,-0.125,51,,stopped,0,0,
2026-08-06T09:41:56.222,315.092,selfie,35.91822598,139.9077653,26.685,0,TRUE,20,1,35.9184062,139.9079523,26.17620083,,22.97,668.6895703,75.14941406,359.375,-2.75,-7.25,-0.52,1.22,9.59,-0.0625,-0.125,0,51,,stopped,0,0,
2026-08-06T09:41:56.722,315.593,selfie,35.91822598,139.9077653,26.685,0,TRUE,20,1,35.9184062,139.9079523,26.17620083,,22.97,668.6895703,75.14941406,359.375,-2.75,-7.25,-0.52,1.25,9.6,0.0625,-0.0625,0,51,,stopped,0,0,
2026-08-06T09:41:57.223,316.093,selfie,35.91822598,139.9077653,26.685,0,TRUE,20,1,35.9184062,139.9079523,26.17620083,,22.97,668.6895703,75.14941406,359.375,-2.75,-7.25,-0.51,1.23,9.59,0.125,0.0625,0,51,,stopped,0,0,
2026-08-06T09:41:57.723,316.594,selfie,35.91822598,139.9077653,26.685,0,TRUE,20,1,35.9184062,139.9079523,26.17620083,,22.97,668.6895703,75.14941406,359.375,-2.75,-7.25,-0.51,1.24,9.58,-0.0625,0.25,0.125,51,,stopped,0,0,
2026-08-06T09:41:58.224,317.094,selfie,35.91822598,139.9077653,26.685,0,TRUE,20,1,35.9184062,139.9079523,26.17620083,,22.97,668.6895703,75.14941406,359.375,-2.75,-7.25,-0.52,1.25,9.57,0.0625,0.0625,0.125,51,,stopped,0,0,
2026-08-06T09:41:58.724,317.595,selfie,35.91822598,139.9077653,26.685,0,TRUE,20,1,35.9184062,139.9079523,26.17620083,,22.97,668.6895703,75.14941406,359.375,-2.75,-7.25,-0.52,1.25,9.6,0,0.0625,0.0625,51,,stopped,0,0,
2026-08-06T09:41:59.224,318.095,selfie,35.91822598,139.9077653,26.685,0,TRUE,20,1,35.9184062,139.9079523,26.17620083,,22.97,668.6895703,75.14941406,359.375,-2.75,-7.25,-0.49,1.25,9.59,0,0.0625,0,51,,stopped,0,0,
2026-08-06T09:41:59.725,318.595,selfie,35.91822598,139.9077653,26.685,0,TRUE,20,1,35.9184062,139.9079523,26.17620083,,22.97,668.6895703,75.14941406,359.375,-2.75,-7.25,-0.51,1.24,9.61,0,0.0625,-0.125,51,,stopped,0,0,
2026-08-06T09:42:00.225,319.096,selfie,35.91822598,139.9077653,26.685,0,TRUE,20,1,35.9184062,139.9079523,26.17620083,,22.97,668.6895703,75.14941406,359.375,-2.75,-7.25,-0.52,1.23,9.6,0,-0.0625,-0.0625,51,,stopped,0,0,
2026-08-06T09:42:00.726,319.596,selfie,35.91822598,139.9077653,26.685,0,TRUE,20,1,35.9184062,139.9079523,26.17620083,,22.97,668.6895703,75.14941406,359.375,-2.75,-7.25,-0.53,1.23,9.58,0,0.0625,-0.0625,51,,stopped,0,0,
2026-08-06T09:42:01.226,320.096,selfie,35.91822598,139.9077653,26.685,0,TRUE,20,1,35.9184062,139.9079523,26.17620083,,22.97,668.6895703,75.14941406,359.375,-2.75,-7.25,-0.52,1.22,9.6,0,0.125,-0.0625,51,,stopped,0,0,
2026-08-06T09:42:01.726,320.597,selfie,35.91822598,139.9077653,26.685,0,TRUE,20,1,35.9184062,139.9079523,26.17620083,,22.97,668.6895703,75.14941406,359.375,-2.75,-7.25,-0.53,1.21,9.57,-0.0625,0,0.125,51,,stopped,0,0,
2026-08-06T09:42:02.227,321.097,selfie,35.91822598,139.9077653,26.685,0,TRUE,20,1,35.9184062,139.9079523,26.17620083,,22.97,668.6895703,75.14941406,359.375,-2.75,-7.25,-0.52,1.25,9.58,0.0625,-0.1875,0,51,,stopped,0,0,
2026-08-06T09:42:02.727,321.597,selfie,35.91822598,139.9077653,26.685,0,TRUE,20,1,35.9184062,139.9079523,26.17620083,,22.97,668.6895703,75.14941406,359.375,-2.75,-7.25,-0.52,1.23,9.59,0,0,-0.0625,51,,stopped,0,0,
2026-08-06T09:42:03.227,322.098,selfie,35.91822598,139.9077653,26.685,0,TRUE,20,1,35.9184062,139.9079523,26.17620083,,22.97,668.6895703,75.14941406,359.375,-2.75,-7.25,-0.54,1.23,9.58,0,-0.125,0,51,,stopped,0,0,
2026-08-06T09:42:03.728,322.598,selfie,35.91822598,139.9077653,26.685,0,TRUE,20,1,35.9184062,139.9079523,26.17620083,,22.97,668.6895703,75.14941406,359.375,-2.75,-7.25,-0.52,1.23,9.6,0,0,0.0625,51,,stopped,0,0,
2026-08-06T09:42:04.506,323.376,selfie,35.91822598,139.9077653,26.685,0,TRUE,20,1,35.9184062,139.9079523,26.17620083,,22.97,668.6895703,75.14941406,359.375,-2.75,-7.25,-0.52,1.23,9.6,-0.0625,-0.0625,0.0625,51,,stopped,0,0,
2026-08-06T09:42:05.006,323.877,selfie,,,,,FALSE,,,35.9184062,139.9079523,,,22.97,668.6895703,75.14941406,359.375,-2.75,-7.25,-0.51,1.23,9.59,0.125,0.0625,0,51,,stopped,0,0,
2026-08-06T09:42:05.507,324.377,selfie,,,,,FALSE,,,35.9184062,139.9079523,,,22.97,668.6895703,75.14941406,359.375,-2.75,-7.25,-0.52,1.23,9.57,-0.0625,0.125,-0.125,51,,stopped,0,0,
2026-08-06T09:42:06.007,324.878,selfie,35.91822598,139.9077653,26.685,0,TRUE,21,1,35.9184062,139.9079523,26.17620083,,22.97,668.6895703,75.14941406,359.375,-2.75,-7.25,-0.51,1.23,9.59,0,-0.125,0.0625,51,,stopped,0,0,
2026-08-06T09:42:06.718,325.589,selfie,35.91822598,139.9077653,26.685,0,TRUE,21,1,35.9184062,139.9079523,26.17620083,,22.97,668.6895703,75.14941406,359.375,-2.75,-7.25,-0.52,1.26,9.57,-0.0625,0,0.125,51,,stopped,0,0,
2026-08-06T09:42:07.219,326.089,selfie,35.91822598,139.9077653,26.685,0,TRUE,21,1,35.9184062,139.9079523,26.17620083,,22.97,668.6895703,75.14941406,359.375,-2.75,-7.25,-0.52,1.25,9.6,0.0625,-0.125,0,51,,stopped,0,0,
2026-08-06T09:42:07.719,326.59,selfie,35.91822598,139.9077653,26.685,0,TRUE,21,1,35.9184062,139.9079523,26.17620083,,22.97,668.6895703,75.14941406,359.375,-2.75,-7.25,-0.53,1.23,9.59,0.0625,0,0.0625,51,,stopped,0,0,
2026-08-06T09:42:08.220,327.09,selfie,35.91822598,139.9077653,26.685,0,TRUE,21,1,35.9184062,139.9079523,26.17620083,,22.97,668.6895703,75.14941406,359.375,-2.75,-7.25,-0.52,1.26,9.57,-0.0625,0.1875,-0.125,51,,stopped,0,0,
2026-08-06T09:42:08.720,327.59,selfie,35.91822598,139.9077653,26.685,0,TRUE,21,1,35.9184062,139.9079523,26.17620083,,22.97,668.6895703,75.14941406,359.375,-2.75,-7.25,-0.51,1.23,9.62,0.0625,-0.0625,0,51,,stopped,0,0,
2026-08-06T09:42:09.220,328.091,selfie,35.91822598,139.9077653,26.685,0,TRUE,21,1,35.9184062,139.9079523,26.17620083,,22.97,668.6895703,75.14941406,359.375,-2.75,-7.25,-0.53,1.23,9.57,-0.0625,-0.125,0,51,,stopped,0,0,
2026-08-06T09:42:09.721,328.591,selfie,35.91822598,139.9077653,26.685,0,TRUE,21,1,35.9184062,139.9079523,26.17620083,,22.97,668.6895703,75.14941406,359.375,-2.75,-7.25,-0.52,1.23,9.58,0,-0.0625,0.125,51,,stopped,0,0,
2026-08-06T09:42:10.225,329.096,selfie,35.91822598,139.9077653,26.685,0,TRUE,21,1,35.9184062,139.9079523,26.17620083,,22.97,668.6895703,75.14941406,359.375,-2.75,-7.25,-0.52,1.23,9.57,-0.0625,0,-0.0625,51,,stopped,0,0,
2026-08-06T09:42:10.729,329.599,selfie,35.91822598,139.9077653,26.685,0,TRUE,21,1,35.9184062,139.9079523,26.17620083,,22.97,668.6895703,75.14941406,359.375,-2.75,-7.25,-0.5,1.24,9.58,0.0625,0,-0.125,51,,stopped,0,0,
2026-08-06T09:42:11.229,330.1,selfie,35.91822598,139.9077653,26.685,0,TRUE,21,1,35.9184062,139.9079523,26.17620083,,22.97,668.6895703,75.14941406,359.375,-2.75,-7.25,-0.5,1.23,9.55,-0.0625,0.0625,-0.0625,51,,stopped,0,0,
2026-08-06T09:42:11.730,330.6,selfie,35.91822598,139.9077653,26.685,0,TRUE,21,1,35.9184062,139.9079523,26.17620083,,22.97,668.6895703,75.14941406,359.375,-2.75,-7.25,-0.5,1.23,9.6,-0.0625,-0.1875,-0.0625,51,,stopped,0,0,
2026-08-06T09:42:12.230,331.101,selfie,35.91822598,139.9077653,26.685,0,TRUE,21,1,35.9184062,139.9079523,26.17620083,,22.97,668.6895703,75.14941406,359.375,-2.75,-7.25,-0.52,1.22,9.6,-0.0625,0,-0.0625,51,,stopped,0,0,
2026-08-06T09:42:12.730,331.601,selfie,35.91822598,139.9077653,26.685,0,TRUE,21,1,35.9184062,139.9079523,26.17620083,,22.97,668.6895703,75.14941406,359.375,-2.75,-7.25,-0.53,1.23,9.58,-0.0625,-0.0625,0,51,,stopped,0,0,
2026-08-06T09:42:13.231,332.101,selfie,35.91822598,139.9077653,26.685,0,TRUE,22,1,35.9184062,139.9079523,26.17620083,,22.97,668.6895703,75.14941406,359.375,-2.75,-7.25,-0.51,1.22,9.55,-0.0625,0.0625,-0.125,51,,stopped,0,0,
2026-08-06T09:42:13.735,332.606,selfie,35.91822598,139.9077653,26.685,0,TRUE,22,1,35.9184062,139.9079523,26.17620083,,22.97,668.6895703,75.14941406,359.375,-2.75,-7.25,-0.51,1.23,9.6,-0.0625,0,0.0625,51,,stopped,0,0,
2026-08-06T09:42:14.236,333.106,selfie,35.91822598,139.9077653,26.685,0,TRUE,22,1,35.9184062,139.9079523,26.17620083,,22.97,668.6895703,75.14941406,359.375,-2.75,-7.25,-0.52,1.22,9.58,0,0.0625,0.0625,51,,stopped,0,0,
2026-08-06T09:42:14.736,333.607,selfie,35.91822598,139.9077653,26.685,0,TRUE,22,1,35.9184062,139.9079523,26.17620083,,22.97,668.6895703,75.14941406,359.375,-2.75,-7.25,-0.52,1.23,9.6,-0.0625,0,0.125,51,,stopped,0,0,
2026-08-06T09:42:15.236,334.107,selfie,35.91822598,139.9077653,26.685,0,TRUE,23,1,35.9184062,139.9079523,26.17620083,,22.97,668.6895703,75.14941406,359.375,-2.75,-7.25,-0.52,1.24,9.59,0,-0.0625,0.0625,51,,stopped,0,0,
2026-08-06T09:42:15.737,334.607,selfie,35.91822598,139.9077653,26.685,0,TRUE,23,1,35.9184062,139.9079523,26.17620083,,22.97,668.6895703,75.14941406,359.375,-2.75,-7.25,-0.52,1.23,9.61,0.0625,-0.1875,-0.0625,51,,stopped,0,0,
2026-08-06T09:42:16.237,335.108,selfie,35.91822598,139.9077653,26.685,0,TRUE,23,1,35.9184062,139.9079523,26.17620083,,22.97,668.6895703,75.14941406,359.375,-2.75,-7.25,-0.49,1.23,9.59,0,0.0625,-0.0625,51,,stopped,0,0,
2026-08-06T09:42:16.738,335.608,selfie,35.91822598,139.9077653,26.685,0,TRUE,23,1,35.9184062,139.9079523,26.17620083,,22.97,668.6895703,75.14941406,359.375,-2.75,-7.25,-0.52,1.24,9.6,-0.125,0,0,51,,stopped,0,0,
2026-08-06T09:42:17.238,336.109,selfie,35.91822598,139.9077653,26.685,0,TRUE,23,1,35.9184062,139.9079523,26.17620083,,22.97,668.6895703,75.14941406,359.375,-2.75,-7.25,-0.52,1.25,9.59,0,-0.125,0.0625,51,,stopped,0,0,
2026-08-06T09:42:17.740,336.61,selfie,35.91822598,139.9077653,26.685,0,TRUE,23,1,35.9184062,139.9079523,26.17620083,,22.97,668.6895703,75.14941406,-4.3125,-2.75,-7.25,-0.5,1.22,9.61,-0.0625,-0.0625,0.125,51,,stopped,0,0,
2026-08-06T09:42:18.240,337.111,selfie,35.91822598,139.9077653,26.685,0,TRUE,22,1,35.9184062,139.9079523,26.17620083,,22.97,668.6895703,75.14941406,359.375,-2.75,-7.25,-0.53,1.24,9.59,0,-0.0625,-0.0625,51,,stopped,0,0,
2026-08-06T09:42:18.742,337.613,selfie,35.91822598,139.9077653,26.685,0,TRUE,22,1,35.9184062,139.9079523,26.17620083,,22.97,668.6895703,75.14941406,359.375,-2.75,-7.25,-0.51,1.23,9.6,0.125,0.0625,0.0625,51,,stopped,0,0,
2026-08-06T09:42:19.242,338.113,selfie,35.91822598,139.9077653,26.685,0,TRUE,23,1,35.9184062,139.9079523,26.17620083,,22.97,668.6895703,75.14941406,359.375,-2.75,-7.25,-0.54,1.21,9.58,0.0625,-0.0625,0,51,,stopped,0,0,
2026-08-06T09:42:19.747,338.618,selfie,35.91822598,139.9077653,26.685,0,TRUE,23,1,35.9184062,139.9079523,26.17620083,,22.97,668.6895703,75.14941406,359.375,-2.75,-7.25,-0.52,1.24,9.61,0.0625,0.0625,0.125,51,,stopped,0,0,
2026-08-06T09:42:20.250,339.12,selfie,35.91822598,139.9077653,26.685,0,TRUE,23,1,35.9184062,139.9079523,26.17620083,,22.97,668.6895703,75.14941406,359.375,-2.75,-7.25,-0.51,1.24,9.58,-0.0625,0,0.0625,51,,stopped,0,0,
2026-08-06T09:42:20.750,339.621,selfie,35.91822598,139.9077653,26.685,0,TRUE,23,1,35.9184062,139.9079523,26.17620083,,22.97,668.6895703,75.14941406,359.375,-2.75,-7.25,-0.5,1.22,9.6,-0.125,-0.0625,-0.125,51,,stopped,0,0,
2026-08-06T09:42:21.251,340.121,selfie,35.91822598,139.9077653,26.685,0,TRUE,23,1,35.9184062,139.9079523,26.17620083,,22.97,668.6895703,75.14941406,359.375,-2.75,-7.25,-0.52,1.23,9.6,0,-0.3125,-0.0625,51,,stopped,0,0,
2026-08-06T09:42:21.751,340.622,selfie,35.91822598,139.9077653,26.685,0,TRUE,23,1,35.9184062,139.9079523,26.17620083,,22.97,668.6895703,75.14941406,359.375,-2.75,-7.25,-0.51,1.24,9.58,0,0,0,51,,stopped,0,0,
2026-08-06T09:42:22.252,341.122,gnss_navigation,35.91822598,139.9077653,26.685,0,TRUE,23,1,35.9184062,139.9079523,26.17620083,40.04403703,22.97,668.6895703,75.14941406,359.375,-2.75,-7.25,-0.5,1.23,9.58,0.125,0.125,-0.125,51,-40.66903703,stopped,0,0,
2026-08-06T09:42:22.752,341.623,gnss_navigation,35.91822598,139.9077653,26.685,0,TRUE,23,1,35.9184062,139.9079523,26.17620083,40.04403703,22.97,668.6895703,75.14941406,1,-3.25,-12.9375,0.49,5.51,6.9,104.0625,-29.375,-113.9375,51,-39.04403703,forward,100,38.70227037,
2026-08-06T09:42:23.252,342.123,gnss_navigation,35.91822598,139.9077653,26.685,0,TRUE,22,1,35.9184062,139.9079523,26.17620083,40.04403703,22.97,668.6895703,75.14941406,67.3125,0,-7.1875,2.49,2.17,9.43,-8.75,-77.625,-108.1875,51,27.26846297,forward,0,100,
2026-08-06T09:42:23.753,342.623,gnss_navigation,35.91822598,139.9077653,26.685,0,TRUE,22,1,35.9184062,139.9079523,26.17620083,40.04403703,22.97,668.6895703,75.14941406,71.125,1.1875,-4.25,2,0.83,7.99,60.625,37.8125,179.8125,51,31.08096297,forward,45.17897963,94.82102037,
2026-08-06T09:42:24.254,343.124,gnss_navigation,,,,,FALSE,,,35.9184062,139.9079523,,,22.97,668.6895703,75.14941406,42.125,0.25,-9.375,3.28,2.33,5.8,-24,79.25,9.875,179,,forward,69.42897963,70.57102037,
2026-08-06T09:42:24.754,343.625,gnss_navigation,,,,,FALSE,,,35.9184062,139.9079523,,,22.97,668.6895703,75.14941406,38.5625,-0.75,-7.375,0.86,1.46,4.31,17.0625,16.125,4.125,179,,forward,72.39147963,67.60852037,
2026-08-06T09:42:25.255,344.126,gnss_navigation,35.91825288,139.9077607,25.833,0.781955556,TRUE,23,1,35.9184062,139.9079523,24.25663393,45.34629035,22.97,668.6895703,75.14941406,44.0625,-0.0625,-8.5,0.47,1.15,7.46,-8.3125,34.8125,-7.375,51,-1.283790345,forward,53.19147963,86.80852037,
2026-08-06T09:42:25.962,344.832,gnss_navigation,35.91825288,139.9077607,25.833,0.781955556,TRUE,23,1,35.9184062,139.9079523,24.25663393,45.34629035,22.97,668.6895703,75.14941406,44.1875,-0.6875,-8.4375,0.23,0.93,23.2,10.9375,41,0.6875,51,-1.158790345,forward,53.19147963,86.80852037,
2026-08-06T09:42:26.462,345.333,gnss_navigation,35.91825958,139.9077636,25.582,0.766522222,TRUE,23,1,35.9184062,139.9079523,23.54980324,46.18917732,22.97,668.6895703,75.14941406,42.8125,1.25,-8.4375,0.21,-2.7,7.63,-117.1875,64.0625,2.1875,115,-3.376677322,forward,72.96453228,67.03546772,
2026-08-06T09:42:26.963,345.833,gnss_navigation,35.91825958,139.9077636,25.582,0.766522222,TRUE,23,1,35.9184062,139.9079523,23.54980324,46.18917732,22.97,668.6895703,75.14941406,43,-1.3125,-9.9375,-0.04,2.66,4.64,-45.0625,10.9375,-0.3125,51,-3.189177322,forward,71.97703228,68.02296772,
2026-08-06T09:42:27.464,346.335,gnss_navigation,35.91826568,139.9077662,25.379,0.658488889,TRUE,23,1,35.9184062,139.9079523,22.91361823,47.00784151,22.97,668.6895703,75.14941406,41.75,0.125,-8.25,-0.55,-0.34,7.93,-11.0625,35.3125,6.875,179,-5.257841511,forward,85.53259186,54.46740814,
2026-08-06T09:42:27.964,346.835,gnss_navigation,35.91826568,139.9077662,25.379,0.658488889,TRUE,23,1,35.9184062,139.9079523,22.91361823,47.00784151,22.97,668.6895703,75.14941406,41.375,-0.8125,-8.8125,-0.65,-0.79,9.53,-12.125,-10.5625,-15.0625,115,-5.632841511,forward,74.21384186,65.78615814,
2026-08-06T09:42:28.465,347.335,gnss_navigation,35.91827118,139.9077705,25.181,0.663633333,TRUE,23,1,35.9184062,139.9079523,22.21411174,47.48059088,22.97,668.6895703,75.14941406,47,-0.5625,-7.8125,-1.74,1.06,12.03,-39.5,23.0625,-16.8125,51,-0.48059088,forward,62.35002321,77.64997679,
2026-08-06T09:42:28.965,347.836,gnss_navigation,35.91827118,139.9077705,25.181,0.663633333,TRUE,23,1,35.9184062,139.9079523,22.21411174,47.48059088,22.97,668.6895703,75.14941406,47.25,-1.625,-7.3125,0.15,-0.97,10.81,4.625,48.3125,27.25,51,-0.23059088,forward,69.96877321,70.03122679,
2026-08-06T09:42:29.466,348.336,gnss_navigation,35.91827758,139.907776,24.994,0.766522222,TRUE,23,1,35.9184062,139.9079523,21.36894609,47.98946634,22.97,668.6895703,75.14941406,51.25,1.0625,-7,-0.47,1.6,10.72,16.5625,-5.1875,1.1875,115,3.260533663,forward,54.0157227,85.9842773,
2026-08-06T09:42:29.966,348.836,gnss_navigation,35.91827758,139.907776,24.994,0.766522222,TRUE,23,1,35.9184062,139.9079523,21.36894609,47.98946634,22.97,668.6895703,75.14941406,50.75,0.0625,-7.6875,0.04,2.68,7.4,20.4375,31.875,31.625,115,2.760533663,forward,67.3469727,72.6530273,
2026-08-06T09:42:30.466,349.337,gnss_navigation,35.91828378,139.9077822,24.87,0.771666667,TRUE,23,1,35.9184062,139.9079523,20.49317173,48.37692121,22.97,668.6895703,75.14941406,42.875,-1.375,-6.5625,-1.67,3.11,9.61,24.375,-0.125,16.1875,51,-5.501921207,forward,86.90407307,53.09592693,
2026-08-06T09:42:30.967,349.837,gnss_navigation,35.91828378,139.9077822,24.87,0.771666667,TRUE,23,1,35.9184062,139.9079523,20.49317173,48.37692121,22.97,668.6895703,75.14941406,42.3125,-1.125,-6.4375,-0.43,0.72,4.75,-31.125,-15.875,-13.8125,51,-6.064421207,forward,75.42282307,64.57717693,
2026-08-06T09:42:31.467,350.337,gnss_navigation,35.91828998,139.9077878,24.769,0.776811111,TRUE,23,1,35.9184062,139.9079523,19.65910348,48.90267546,22.97,668.6895703,75.14941406,354.125,-6.9375,-5.4375,-2.71,-2.37,7.31,-13.625,1.1875,113.125,51,-54.77767546,forward,100,0,
2026-08-06T09:42:31.967,350.838,gnss_navigation,35.91828998,139.9077878,24.769,0.776811111,TRUE,23,1,35.9184062,139.9079523,19.65910348,48.90267546,22.97,668.6895703,75.14941406,352.75,-7.125,-0.75,-1.77,-2.84,12.76,-10.3125,51.5625,-210.6875,51,-56.15267546,forward,100,28.41096303,
2026-08-06T09:42:32.468,351.338,gnss_navigation,35.91829548,139.9077901,24.669,0.658488889,TRUE,23,1,35.9184062,139.9079523,19.10376917,49.87664847,22.97,668.6895703,75.14941406,48.8125,4.5625,10.75,1.54,0.86,8.01,-40.375,-34.4375,-11.9375,179,-1.064148468,forward,57.09089036,82.90910964,
2026-08-06T09:42:32.968,351.839,gnss_navigation,35.91829548,139.9077901,24.669,0.658488889,TRUE,23,1,35.9184062,139.9079523,19.10376917,49.87664847,22.97,668.6895703,75.14941406,48.5625,5.0625,15.6875,2.64,-2.36,12.75,-8.0625,-2.25,33.75,179,-1.314148468,forward,71.00964036,68.99035964,
2026-08-06T09:42:33.469,352.339,gnss_navigation,35.91830248,139.9077956,24.456,0.823111111,TRUE,23,1,35.9184062,139.9079523,18.2255301,50.74436322,22.97,668.6895703,75.14941406,44.3125,2.875,-10.375,-0.26,-2.5,-0.88,-78.1875,-15.5,-21.625,51,-6.431863223,forward,89.13256877,50.86743123,
2026-08-06T09:42:33.969,352.839,gnss_navigation,35.91830248,139.9077956,24.456,0.823111111,TRUE,23,1,35.9184062,139.9079523,18.2255301,50.74436322,22.97,668.6895703,75.14941406,46.75,1.875,-15.375,-1.78,-1.31,5.66,-72.9375,24.9375,13.0625,51,-3.994363223,forward,69.26381877,70.73618123,
2026-08-06T09:42:34.470,353.34,gnss_navigation,35.91830798,139.9077999,24.372,0.725366667,TRUE,23,1,35.9184062,139.9079523,17.54018947,51.49089577,22.97,668.6895703,75.14941406,42.5,-0.0625,-13.1875,-12.01,-3.37,20.37,4,-89.375,28.3125,51,-8.99089577,forward,99.87674058,40.12325942,
2026-08-06T09:42:34.970,353.841,gnss_navigation,35.91830798,139.9077999,24.372,0.725366667,TRUE,23,1,35.9184062,139.9079523,17.54018947,51.49089577,22.97,668.6895703,75.14941406,43.625,-2.25,-13.75,-7.12,6.08,10.48,21,-159.25,-26.1875,51,-7.86589577,forward,74.41424058,65.58575942,
2026-08-06T09:42:35.471,354.341,gnss_navigation,35.91831408,139.9078039,24.226,0.735655556,TRUE,23,1,35.9184062,139.9079523,16.83759345,52.53070992,22.97,668.6895703,75.14941406,36.4375,1.875,-13.875,-2.6,-11.76,8.93,-4.625,120.1875,66.4375,51,-16.09320992,forward,100,4.544783384,
2026-08-06T09:42:35.971,354.842,gnss_navigation,35.91831408,139.9078039,24.226,0.735655556,TRUE,23,1,35.9184062,139.9079523,16.83759345,52.53070992,22.97,668.6895703,75.14941406,35.625,2.5625,-13.875,-4.55,5.9,11.71,69.75,87.8125,-67,51,-16.90570992,forward,80.95521662,59.04478338,
2026-08-06T09:42:36.471,355.342,gnss_navigation,35.91832028,139.9078075,24.077,0.7408,TRUE,23,1,35.9184062,139.9079523,16.16590085,53.77437042,22.97,668.6895703,75.14941406,48.9375,1.625,-14.5,1.77,8.58,7.49,184.6875,-9.125,-10,51,-4.83687042,forward,70.37456794,69.62543206,
2026-08-06T09:42:36.972,355.842,gnss_navigation,35.91832028,139.9078075,24.077,0.7408,TRUE,23,1,35.9184062,139.9079523,16.16590085,53.77437042,22.97,668.6895703,75.14941406,58.4375,1.875,-16.8125,1.26,2.23,4.41,-17.8125,-29.625,0.75,51,4.66312958,forward,71.36206794,68.63793206,
2026-08-06T09:42:37.472,356.343,gnss_navigation,35.91832528,139.9078112,24.013,0.622477778,TRUE,23,1,35.9184062,139.9079523,15.5705873,54.7002281,22.97,668.6895703,75.14941406,51.3125,1.5625,-21.3125,-0.37,4.16,8.8,-25.25,7.9375,-1.875,51,-3.387728102,forward,73.48199634,66.51800366,
2026-08-06T09:42:37.973,356.843,gnss_navigation,35.91832528,139.9078112,24.013,0.622477778,TRUE,23,1,35.9184062,139.9079523,15.5705873,54.7002281,22.97,668.6895703,75.14941406,50.6875,1.9375,-20.75,0.18,2.69,7.96,-2.0625,21.5,5.3125,51,-4.012728102,forward,72.84449634,67.15550366,
2026-08-06T09:42:38.473,357.343,gnss_navigation,35.91832858,139.9078139,23.933,0.452711111,TRUE,22,1,35.9184062,139.9079523,15.15971133,55.29781568,22.97,668.6895703,75.14941406,54.75,-1.0625,-21.75,-0.46,7.87,8.22,16.9375,-49.75,-8.4375,51,-0.547815682,forward,61.99143248,78.00856752,
2026-08-06T09:42:38.973,357.844,gnss_navigation,35.91832858,139.9078139,23.933,0.452711111,TRUE,22,1,35.9184062,139.9079523,15.15971133,55.29781568,22.97,668.6895703,75.14941406,54.8125,1.5625,-21.0625,-0.26,1.41,9.71,32.6875,-38.25,11,51,-0.485315682,forward,70.69768248,69.30231752,
2026-08-06T09:42:39.474,358.344,gnss_navigation,35.9183334,139.9078173,23.905,0.483577778,TRUE,23,1,35.9184062,139.9079523,14.60550356,56.3414052,22.97,668.6895703,75.14941406,54.875,2.4375,-19.8125,0.36,1.32,5.87,-40.75,-2.25,0.5625,51,-1.466405201,forward,76.11950255,63.88049745,
2026-08-06T09:42:39.979,358.849,gnss_navigation,35.9183334,139.9078173,23.905,0.483577778,TRUE,23,1,35.9184062,139.9079523,14.60550356,56.3414052,22.97,668.6895703,75.14941406,56.4375,2.0625,-18.375,0.82,2.48,8.47,-19.5625,-46.375,-19.8125,51,0.096094799,forward,67.77575255,72.22424745,
2026-08-06T09:42:40.480,359.35,gnss_navigation,35.91833738,139.9078217,23.832,0.514444444,TRUE,23,1,35.9184062,139.9079523,14.03226286,56.95347336,22.97,668.6895703,75.14941406,54.25,2.375,-17.8125,-0.49,2.04,9.45,-49.625,64.375,1.5625,51,-2.703473356,forward,77.76687416,62.23312584,
2026-08-06T09:42:40.980,359.851,gnss_navigation,35.91833738,139.9078217,23.832,0.514444444,TRUE,23,1,35.9184062,139.9079523,14.03226286,56.95347336,22.97,668.6895703,75.14941406,54.5625,2.375,-17.1875,2.93,0.25,7.62,-0.5,57.3125,-0.75,51,-2.390973356,forward,44.29187416,95.70812584,
2026-08-06T09:42:41.482,360.352,gnss_navigation,35.91834168,139.9078265,23.779,0.540166667,TRUE,23,1,35.9184062,139.9079523,13.41021835,57.65878654,22.97,668.6895703,75.14941406,53.5625,1.6875,-16.125,1.52,2.46,9.93,-25.9375,-9.125,7.0625,51,-4.096286543,forward,79.11902868,60.88097132,
2026-08-06T09:42:41.982,360.852,gnss_navigation,35.91834168,139.9078265,23.779,0.540166667,TRUE,23,1,35.9184062,139.9079523,13.41021835,57.65878654,22.97,668.6895703,75.14941406,53.75,0.3125,-14.625,-0.32,-0.42,8.15,-8.5625,4.4375,-7.875,51,-3.908786543,forward,72.35027868,67.64972132,
2026-08-06T09:42:42.482,361.353,gnss_navigation,35.91834648,139.9078319,23.761,0.627622222,TRUE,22,1,35.9184062,139.9079523,12.7152767,58.51858369,22.97,668.6895703,75.14941406,57.1875,0.1875,-16.6875,-0.98,3.32,9.29,30.5,-12.9375,-1.125,51,-1.331083695,forward,68.18952923,71.81047077,
2026-08-06T09:42:42.983,361.853,gnss_navigation,35.91834648,139.9078319,23.761,0.627622222,TRUE,22,1,35.9184062,139.9079523,12.7152767,58.51858369,22.97,668.6895703,75.14941406,57.5,1.25,-15.4375,1.87,3.53,10.49,3.8125,-21.5,-1.5,51,-1.018583695,forward,69.97077923,70.02922077,
2026-08-06T09:42:43.483,362.354,gnss_navigation,35.918351,139.907838,23.754,0.715077778,TRUE,22,1,35.9184062,139.9079523,11.98537449,59.19476565,22.97,668.6895703,75.14941406,57.5625,2.75,-15,1.55,-2.51,8.45,-30.9375,57.125,8.875,51,-1.632265653,forward,74.98361696,65.01638304,
2026-08-06T09:42:43.983,362.854,gnss_navigation,35.918351,139.907838,23.754,0.715077778,TRUE,22,1,35.9184062,139.9079523,11.98537449,59.19476565,22.97,668.6895703,75.14941406,57.0625,2.5625,-15.375,1.01,3.27,11.97,12.1875,45.125,7.6875,51,-2.132265653,forward,71.01486696,68.98513304,
2026-08-06T09:42:44.484,363.354,gnss_navigation,35.91835548,139.9078433,23.789,0.709933333,TRUE,23,1,35.9184062,139.9079523,11.32162467,60.12480497,22.97,668.6895703,75.14941406,61.625,1.1875,-15.875,-0.74,-0.79,4.73,22.3125,-16,-12.3125,51,1.500195028,forward,57.84331252,82.15668748,
2026-08-06T09:42:44.984,363.855,gnss_navigation,35.91835548,139.9078433,23.789,0.709933333,TRUE,23,1,35.9184062,139.9079523,11.32162467,60.12480497,22.97,668.6895703,75.14941406,61.5625,1.9375,-17.6875,-1.35,2.53,8.88,13.125,-29.5,7.8125,51,1.437695028,forward,68.48081252,71.51918748,
2026-08-06T09:42:45.487,364.358,gnss_navigation,35.91835898,139.9078481,23.815,0.689355556,TRUE,23,1,35.9184062,139.9079523,10.75365456,60.77567675,22.97,668.6895703,75.14941406,57.0625,1.1875,-17,-1.26,2.53,8.73,-19.3125,40,-3.375,51,-3.713176745,forward,79.69359398,60.30640602,
2026-08-06T09:42:45.990,364.86,gnss_navigation,35.91835898,139.9078481,23.815,0.689355556,TRUE,23,1,35.9184062,139.9079523,10.75365456,60.77567675,22.97,668.6895703,75.14941406,56.8125,-0.9375,-16.6875,-2.09,1.74,14.6,0.8125,16.875,-21.75,51,-3.963176745,forward,73.01234398,66.98765602,
2026-08-06T09:42:46.492,365.362,gnss_navigation,35.91836208,139.9078525,23.857,0.663633333,TRUE,23,1,35.9184062,139.9079523,10.24012921,61.37649679,22.97,668.6895703,75.14941406,60.875,-1.5625,-17.0625,-2,0.19,4.88,-3,21.0625,10.8125,115,-0.501496789,forward,74.9267914,65.0732086,
2026-08-06T09:42:46.994,365.865,gnss_navigation,35.91836208,139.9078525,23.857,0.663633333,TRUE,23,1,35.9184062,139.9079523,10.24012921,61.37649679,22.97,668.6895703,75.14941406,60.125,-0.75,-16.875,-1.26,0.99,8.45,25.625,4,-5.625,115,-1.251496789,forward,69.9517914,70.0482086,
2026-08-06T09:42:47.495,366.365,gnss_navigation,35.9183655,139.9078569,23.875,0.653344444,TRUE,23,1,35.9184062,139.9079523,9.711389677,62.22417278,22.97,668.6895703,75.14941406,60.4375,1,-15.875,-0.78,2.06,12.38,-45.625,41.5,0.9375,51,-1.786672776,forward,76.21994743,63.78005257,
2026-08-06T09:42:47.995,366.866,gnss_navigation,35.9183655,139.9078569,23.875,0.653344444,TRUE,23,1,35.9184062,139.9079523,9.711389677,62.22417278,22.97,668.6895703,75.14941406,60.875,1.5,-15.0625,1.63,4.1,7.81,28.5625,61.75,-5.8125,51,-1.349172776,forward,70.08869743,69.91130257,
2026-08-06T09:42:48.496,367.367,gnss_navigation,35.91836818,139.9078617,23.917,0.668777778,TRUE,23,1,35.9184062,139.9079523,9.190113621,62.61421266,22.97,668.6895703,75.14941406,65.5625,-0.1875,-17.1875,3.25,3.11,10.72,4.1875,55.4375,13,115,2.948287338,forward,71.80433822,68.19566178,
2026-08-06T09:42:48.996,367.867,gnss_navigation,35.91836818,139.9078617,23.917,0.668777778,TRUE,23,1,35.9184062,139.9079523,9.190113621,62.61421266,22.97,668.6895703,75.14941406,64.3125,-0.75,-15.6875,0.59,4.29,7.99,45.625,-17.375,-1.0625,115,1.698287338,forward,69.95433822,70.04566178,
2026-08-06T09:42:49.497,368.367,gnss_navigation,35.9183717,139.907868,23.907,0.668777778,TRUE,22,1,35.9184062,139.9079523,8.505598274,63.19060364,22.97,668.6895703,75.14941406,62.625,-0.6875,-11.875,-2.16,-0.72,13.14,41.4375,24.1875,3.875,115,-0.56560364,forward,72.44137013,67.55862987,
2026-08-06T09:42:50.002,368.872,gnss_navigation,35.9183717,139.907868,23.907,0.668777778,TRUE,22,1,35.9184062,139.9079523,8.505598274,63.19060364,22.97,668.6895703,75.14941406,61.5625,-1.9375,-15.3125,-1.25,1.56,12.55,-22.5625,47.375,8.875,51,-1.62810364,forward,71.73512013,68.26487987,
2026-08-06T09:42:50.502,369.372,gnss_navigation,35.91837518,139.9078748,23.899,0.756233333,TRUE,22,1,35.9184062,139.9079523,7.78468351,63.7022187,22.97,668.6895703,75.14941406,63.625,1.125,-14.3125,1.01,-1.25,2.5,-9.875,-18.1875,2.3125,51,-0.077218698,forward,65.63998291,74.36001709,
2026-08-06T09:42:51.002,369.873,gnss_navigation,35.91837518,139.9078748,23.899,0.756233333,TRUE,22,1,35.9184062,139.9079523,7.78468351,63.7022187,22.97,668.6895703,75.14941406,63.75,0.4375,-13.8125,0.01,0.13,13.93,13.3125,51.25,-7.75,51,0.047781302,forward,69.08373291,70.91626709,
2026-08-06T09:42:51.503,370.373,gnss_navigation,35.91837918,139.9078815,23.9,0.761377778,TRUE,22,1,35.9184062,139.9079523,7.047954049,64.77083554,22.97,668.6895703,75.14941406,61.1875,8.6875,-13.375,-0.36,0.29,2.78,2.4375,33.8125,10.125,115,-3.583335538,forward,76.38677496,63.61322504,
2026-08-06T09:42:52.003,370.874,gnss_navigation,35.91837918,139.9078815,23.9,0.761377778,TRUE,22,1,35.9184062,139.9079523,7.047954049,64.77083554,22.97,668.6895703,75.14941406,60.1875,1.4375,-12.4375,4.88,2.59,15.23,82.8125,21.875,-17.0625,115,-4.583335538,forward,73.64302496,66.35697504,
2026-08-06T09:42:52.505,371.375,gnss_navigation,35.91838388,139.9078873,23.918,0.735655556,TRUE,22,1,35.9184062,139.9079523,6.359021562,67.03098231,22.97,668.6895703,75.14941406,61.4375,1.5,-15.1875,1.04,0.62,9.63,21,1.375,-1.3125,51,-5.593482309,forward,79.38541843,60.61458157,
2026-08-06T09:42:53.005,371.876,gnss_navigation,35.91838388,139.9078873,23.918,0.735655556,TRUE,22,1,35.9184062,139.9079523,6.359021562,67.03098231,22.97,668.6895703,75.14941406,62,-0.1875,-13.4375,-0.02,1.49,16.24,-53.375,13,-14.375,51,-5.030982309,forward,71.68541843,68.31458157,
2026-08-06T09:42:53.507,372.377,gnss_navigation,35.91838788,139.9078945,23.908,0.735655556,TRUE,21,1,35.9184062,139.9079523,5.590678592,68.63507486,22.97,668.6895703,75.14941406,69.25,1.8125,-11.6875,2.44,4.16,7.83,25.25,0.5625,-8.25,51,0.614925138,forward,60.56853585,79.43146415,
2026-08-06T09:42:54.008,372.878,gnss_navigation,35.91838788,139.9078945,23.908,0.735655556,TRUE,21,1,35.9184062,139.9079523,5.590678592,68.63507486,22.97,668.6895703,75.14941406,68.1875,-0.25,-13.625,-2.78,1.26,7.4,-4.3125,104.25,6.5625,115,-0.447574862,forward,70.32478585,69.67521415,
2026-08-06T09:42:54.509,373.379,gnss_navigation,35.9183917,139.9079024,23.844,0.720222222,TRUE,21,1,35.9184062,139.9079523,4.775488711,70.26771697,22.97,668.6895703,75.14941406,68.625,-0.875,-14.6875,-1.56,1.36,9.89,35.0625,-31.25,11.0625,179,-1.64271697,forward,70.06430989,69.93569011,
2026-08-06T09:42:55.009,373.879,gnss_navigation,35.9183917,139.9079024,23.844,0.720222222,TRUE,21,1,35.9184062,139.9079523,4.775488711,70.26771697,22.97,668.6895703,75.14941406,66.125,-1.9375,-15.625,-2.64,-1.32,9.12,25.25,-74.0625,8.75,179,-4.14271697,forward,73.93930989,66.06069011,
2026-08-06T09:42:55.509,374.38,gnss_navigation,35.91839548,139.9079095,23.84,0.715077778,TRUE,21,1,35.9184062,139.9079523,4.035652378,72.82578516,22.97,668.6895703,75.14941406,68,-2.5625,-14.3125,0.31,1.29,7.75,-11.75,-11.4375,-12.125,51,-4.825785163,forward,68.78917358,71.21082642,
2026-08-06T09:42:56.010,374.88,gnss_navigation,35.91839548,139.9079095,23.84,0.715077778,TRUE,21,1,35.9184062,139.9079523,4.035652378,72.82578516,22.97,668.6895703,75.14941406,68.75,-1.4375,-15.3125,0.8,2.38,14.68,8.375,-27.0625,-3.75,51,-4.075785163,forward,71.42042358,68.57957642,
2026-08-06T09:42:56.511,375.381,gnss_navigation,35.91839928,139.9079161,23.848,0.704788889,TRUE,22,1,35.9184062,139.9079523,3.350825617,76.73088139,22.97,668.6895703,75.14941406,74.625,2.5625,-13.125,2.79,1.83,5.65,-24.875,73.125,-13.3125,115,-2.105881385,forward,57.46687813,82.53312187,
2026-08-06T09:42:57.011,375.882,gnss_navigation,35.91839928,139.9079161,23.848,0.704788889,TRUE,22,1,35.9184062,139.9079523,3.350825617,76.73088139,22.97,668.6895703,75.14941406,73.5,0.8125,-12.9375,-0.19,2.56,8.27,22.1875,-18.25,9.75,115,-3.230881385,forward,71.19187813,68.80812187,
2026-08-06T09:42:57.513,376.384,gnss_navigation,35.91840248,139.9079232,23.834,0.699644444,TRUE,22,1,35.9184062,139.9079523,2.654371537,81.04283936,22.97,668.6895703,75.14941406,79.25,0.9375,-14.9375,3,1.52,7.96,-12.5,51.4375,-32,115,-1.792839357,forward,61.93470511,78.06529489,
2026-08-06T09:42:58.014,376.884,gnss_navigation,35.91840248,139.9079232,23.834,0.699644444,TRUE,22,1,35.9184062,139.9079523,2.654371537,81.04283936,22.97,668.6895703,75.14941406,79.3125,0.8125,-13.75,-0.68,2.84,11.22,-3.4375,-40.1875,19.875,115,-1.730339357,forward,69.70970511,70.29029489,
2026-08-06T09:42:58.522,377.392,searching_goal,35.91840458,139.9079311,23.782,0.6945,TRUE,22,1,35.9184062,139.9079523,1.919032459,,22.97,668.6895703,75.14941406,80.4375,1.9375,-7.75,0.56,0.76,9.67,-2.5,0.375,-0.125,115,,stopped,0,0,
2026-08-06T09:42:59.031,377.902,searching_goal,35.91840458,139.9079311,23.782,0.6945,TRUE,22,1,35.9184062,139.9079523,1.919032459,,22.97,668.6895703,75.14941406,80.4375,2,-7.5625,0.53,0.78,9.66,0.3125,0,-0.25,115,,stopped,0,0,
2026-08-06T09:42:59.532,378.402,searching_goal,35.91840588,139.9079349,23.817,0,TRUE,22,1,35.9184062,139.9079523,1.5687934,,22.97,668.6895703,75.14941406,80.375,2.9375,-6.0625,0.58,0.86,9.6,-0.0625,0,-0.25,115,,stopped,0,0,
2026-08-06T09:43:00.076,378.946,searching_goal,35.91840588,139.9079349,23.817,0,TRUE,22,1,35.9184062,139.9079523,1.5687934,,22.97,668.6895703,75.14941406,80.375,2.9375,-6.0625,0.58,0.88,9.63,0,0.0625,0,115,,stopped,0,0,
2026-08-06T09:43:00.612,379.482,searching_goal,35.91840668,139.9079373,23.798,0,TRUE,22,1,35.9184062,139.9079523,1.353341982,,22.97,668.6895703,75.14941406,80.3125,3.0625,-5.8125,0.57,0.89,9.63,0,8,-0.1875,115,,stopped,0,0,
2026-08-06T09:43:01.611,380.482,searching_goal,35.91840668,139.9079373,23.798,0,TRUE,22,1,35.9184062,139.9079523,1.353341982,,22.97,668.6895703,75.14941406,80.3125,3.0625,-5.8125,0.56,0.87,9.6,0,-0.125,0.0625,115,,stopped,0,0,
2026-08-06T09:43:02.112,380.982,searching_goal,,,,,FALSE,,,35.9184062,139.9079523,,,22.97,668.6895703,75.14941406,80.3125,3.0625,-5.8125,0.57,0.87,9.6,-0.0625,-0.1875,0,115,,stopped,0,0,
2026-08-06T09:43:02.615,381.486,searching_goal,,,,,FALSE,,,35.9184062,139.9079523,,,22.97,668.6895703,75.14941406,80.3125,3.0625,-5.8125,0.56,0.88,9.6,0.0625,0.125,-0.0625,115,,stopped,0,0,
2026-08-06T09:43:03.116,381.986,searching_goal,35.91840668,139.9079373,23.798,0,TRUE,21,1,35.9184062,139.9079523,1.353341982,,22.97,668.6895703,75.14941406,80.3125,3.0625,-5.8125,0.58,0.87,9.6,0.125,0,0,115,,stopped,0,0,
2026-08-06T09:43:03.849,382.72,searching_goal,35.91840668,139.9079373,23.798,0,TRUE,21,1,35.9184062,139.9079523,1.353341982,,22.97,668.6895703,75.14941406,80.3125,3.0625,-5.8125,0.59,0.87,9.61,0,0,0.0625,115,,stopped,0,0,
2026-08-06T09:43:04.350,383.22,searching_goal,35.91840668,139.9079373,23.798,0,TRUE,21,1,35.9184062,139.9079523,1.353341982,,22.97,668.6895703,75.14941406,80.3125,3.0625,-5.8125,0.58,0.89,9.62,8.0625,-0.1875,0.0625,115,,stopped,0,0,
2026-08-06T09:43:04.851,383.721,searching_goal,35.91840668,139.9079373,23.798,0,TRUE,21,1,35.9184062,139.9079523,1.353341982,,22.97,668.6895703,75.14941406,80.3125,3.0625,-5.8125,0.57,0.88,9.6,0.0625,-0.0625,-0.125,115,,stopped,0,0,
2026-08-06T09:43:05.353,384.224,searching_goal,35.91840668,139.9079373,23.798,0,TRUE,21,1,35.9184062,139.9079523,1.353341982,,22.97,668.6895703,75.14941406,80.3125,3.0625,-5.8125,0.57,0.87,9.6,0,0,0.125,115,,stopped,0,0,
2026-08-06T09:43:05.854,384.724,searching_goal,35.91840668,139.9079373,23.798,0,TRUE,21,1,35.9184062,139.9079523,1.353341982,,22.97,668.6895703,75.14941406,80.3125,3.0625,-5.8125,0.59,0.86,9.61,0,0.0625,0.0625,115,,stopped,0,0,
2026-08-06T09:43:06.354,385.225,searching_goal,35.91840668,139.9079373,23.798,0,TRUE,21,1,35.9184062,139.9079523,1.353341982,,22.97,668.6895703,75.14941406,94.25,2.4375,-6.9375,0.06,1.33,9.39,2.1875,-5.3125,-26.75,51,,turn_right,30,-30,
2026-08-06T09:43:06.855,385.726,searching_goal,35.91840668,139.9079373,23.798,0,TRUE,21,1,35.9184062,139.9079523,1.353341982,,22.97,668.6895703,75.14941406,97.875,2.5,-7.1875,1.24,1.11,9.63,5.0625,-7.125,-45.125,51,,turn_right,30,-30,
2026-08-06T09:43:07.356,386.226,searching_goal,35.91840668,139.9079373,23.798,0,TRUE,20,1,35.9184062,139.9079523,1.353341982,,22.97,668.6895703,75.14941406,140.0625,3.3125,-10.8125,0.68,1.76,9.49,0,0.125,0.0625,179,,stopped,0,0,
2026-08-06T09:43:07.856,386.727,searching_goal,35.91840668,139.9079373,23.798,0,TRUE,20,1,35.9184062,139.9079523,1.353341982,,22.97,668.6895703,75.14941406,140.0625,3.375,-10.8125,0.72,1.77,9.46,0.0625,0,0.125,179,,stopped,0,0,
2026-08-06T09:43:08.357,387.227,searching_goal,35.91840668,139.9079373,23.798,0,TRUE,21,1,35.9184062,139.9079523,1.353341982,,22.97,668.6895703,75.14941406,140,3.9375,-10.6875,0.81,1.76,9.47,0,0.1875,0,243,,stopped,0,0,
2026-08-06T09:43:08.857,387.728,searching_goal,35.91840668,139.9079373,23.798,0,TRUE,21,1,35.9184062,139.9079523,1.353341982,,22.97,668.6895703,75.14941406,140,4,-10.6875,0.77,1.78,9.47,0.0625,0,0.0625,243,,stopped,0,0,
2026-08-06T09:43:09.359,388.23,searching_goal,35.91840668,139.9079373,23.798,0,TRUE,21,1,35.9184062,139.9079523,1.353341982,,22.97,668.6895703,75.14941406,140,4,-10.6875,0.8,1.74,9.48,-0.0625,0,-0.0625,179,,stopped,0,0,
2026-08-06T09:43:09.863,388.733,searching_goal,35.91840668,139.9079373,23.798,0,TRUE,21,1,35.9184062,139.9079523,1.353341982,,22.97,668.6895703,75.14941406,140,4,-10.6875,0.79,1.75,9.48,0,-0.1875,0.125,179,,stopped,0,0,
2026-08-06T09:43:10.363,389.234,searching_goal,35.91840668,139.9079373,23.798,0,TRUE,21,1,35.9184062,139.9079523,1.353341982,,22.97,668.6895703,75.14941406,140,4,-10.6875,0.79,1.76,9.46,-0.0625,-0.0625,0,115,,stopped,0,0,
2026-08-06T09:43:10.870,389.74,searching_goal,35.91840668,139.9079373,23.798,0,TRUE,21,1,35.9184062,139.9079523,1.353341982,,22.97,668.6895703,75.14941406,140,4,-10.6875,0.79,1.76,9.47,0,0,0,115,,stopped,0,0,
2026-08-06T09:43:11.372,390.242,searching_goal,35.91840668,139.9079373,23.798,0,TRUE,22,1,35.9184062,139.9079523,1.353341982,,22.97,668.6895703,75.14941406,140,4,-10.6875,0.78,1.75,9.47,-0.0625,-0.0625,0.125,179,,stopped,0,0,
2026-08-06T09:43:11.872,390.742,searching_goal,35.91840668,139.9079373,23.798,0,TRUE,22,1,35.9184062,139.9079523,1.353341982,,22.97,668.6895703,75.14941406,140,4,-10.6875,0.79,1.76,9.45,0.0625,0,0.125,179,,stopped,0,0,
2026-08-06T09:43:12.372,391.243,searching_goal,35.91840668,139.9079373,23.798,0,TRUE,21,1,35.9184062,139.9079523,1.353341982,,22.97,668.6895703,75.14941406,140,4,-2.6875,0.79,1.76,9.51,0,0,-0.0625,179,,stopped,0,0,
2026-08-06T09:43:12.873,391.743,searching_goal,35.91840668,139.9079373,23.798,0,TRUE,21,1,35.9184062,139.9079523,1.353341982,,22.97,668.6895703,75.14941406,140,4,-10.6875,0.79,1.77,9.45,0.0625,0.3125,-0.125,179,,stopped,0,0,
2026-08-06T09:43:13.373,392.244,searching_goal,35.91840668,139.9079373,23.798,0,TRUE,21,1,35.9184062,139.9079523,1.353341982,,22.97,668.6895703,75.14941406,140,4,-10.6875,0.78,1.76,9.46,-0.0625,-0.125,8.125,179,,stopped,0,0,
2026-08-06T09:43:13.874,392.744,searching_goal,35.91840668,139.9079373,23.798,0,TRUE,21,1,35.9184062,139.9079523,1.353341982,,22.97,668.6895703,75.14941406,140,4,-10.6875,0.78,1.75,9.48,0.125,-0.0625,0.0625,179,,stopped,0,0,
2026-08-06T09:43:14.374,393.244,guiding_to_goal,35.91840668,139.9079373,23.798,0,TRUE,21,1,35.9184062,139.9079523,1.353341982,,22.97,668.6895703,75.14941406,140,4,-10.6875,0.79,1.75,9.47,-0.0625,-0.0625,0,179,,stopped,0,0,
2026-08-06T09:43:14.875,393.746,guiding_to_goal,35.91840668,139.9079373,23.798,0,TRUE,21,1,35.9184062,139.9079523,1.353341982,,22.97,668.6895703,75.14941406,140,4,-10.6875,0.79,1.75,9.49,0,0.1875,-0.0625,179,,stopped,0,0,
2026-08-06T09:43:15.376,394.253,guiding_to_goal,35.91840668,139.9079373,23.798,0,TRUE,21,1,35.9184062,139.9079523,1.353341982,,22.97,668.6895703,75.14941406,140,4,-10.6875,0.79,1.79,9.47,0.0625,-0.0625,0,179,,stopped,0,0,
2026-08-06T09:43:15.876,394.746,guiding_to_goal,35.91840668,139.9079373,23.798,0,TRUE,21,1,35.9184062,139.9079523,1.353341982,,22.97,668.6895703,75.14941406,140,4,-10.6875,0.81,1.75,9.48,0,0,0.0625,179,,stopped,0,0,
2026-08-06T09:43:16.376,395.247,guiding_to_goal,35.91840668,139.9079373,23.798,0,TRUE,21,1,35.9184062,139.9079523,1.353341982,,22.97,668.6895703,75.14941406,140,4,-10.6875,0.78,1.79,9.46,-0.0625,-0.125,0.0625,179,,stopped,0,0,
2026-08-06T09:43:16.880,395.751,guiding_to_goal,35.91840668,139.9079373,23.798,0,TRUE,21,1,35.9184062,139.9079523,1.353341982,,22.97,668.6895703,75.14941406,140,4,-10.6875,0.79,1.75,9.47,8,-0.125,-0.0625,179,,stopped,0,0,
2026-08-06T09:43:17.381,396.251,guiding_to_goal,35.91840668,139.9079373,23.798,0,TRUE,21,1,35.9184062,139.9079523,1.353341982,,22.97,668.6895703,75.14941406,140,4,-10.6875,0.79,1.76,9.46,-0.0625,0.1875,0,179,,stopped,0,0,
2026-08-06T09:43:17.881,396.752,guiding_to_goal,35.91840668,139.9079373,23.798,0,TRUE,21,1,35.9184062,139.9079523,1.353341982,,22.97,668.6895703,75.14941406,140,4,-10.6875,0.78,1.76,9.48,0.0625,0,0,179,,stopped,0,0,
2026-08-06T09:43:18.382,397.252,guiding_to_goal,35.91840668,139.9079373,23.798,0,TRUE,21,1,35.9184062,139.9079523,1.353341982,,22.97,668.6895703,75.14941406,140,4,-10.6875,0.79,1.74,9.46,0.125,0.0625,0,115,,stopped,0,0,
2026-08-06T09:43:18.882,397.753,guiding_to_goal,35.91840668,139.9079373,23.798,0,TRUE,21,1,35.9184062,139.9079523,1.353341982,,22.97,668.6895703,75.14941406,140,4,-10.6875,0.79,1.75,9.48,0,-0.125,-0.0625,115,,stopped,0,0,
2026-08-06T09:43:19.383,398.254,guiding_to_goal,35.91840668,139.9079373,23.798,0,TRUE,22,1,35.9184062,139.9079523,1.353341982,,22.97,668.6895703,75.14941406,140,4,-10.6875,0.78,1.75,9.44,-0.0625,0.125,0,179,,stopped,0,0,
2026-08-06T09:43:19.883,398.754,guiding_to_goal,35.91840668,139.9079373,23.798,0,TRUE,22,1,35.9184062,139.9079523,1.353341982,,22.97,668.6895703,75.14941406,140,4,-10.6875,0.78,1.76,9.46,-0.0625,0.0625,0.0625,179,,stopped,0,0,
2026-08-06T09:43:20.384,399.254,guiding_to_goal,35.91840668,139.9079373,23.798,0,TRUE,22,1,35.9184062,139.9079523,1.353341982,,22.97,668.6895703,75.14941406,140,4,-10.6875,0.78,1.76,9.45,-0.0625,0,-0.0625,179,,stopped,0,0,
2026-08-06T09:43:20.892,399.762,guiding_to_goal,35.91840668,139.9079373,23.798,0,TRUE,22,1,35.9184062,139.9079523,1.353341982,,22.97,668.6895703,75.14941406,140,4,-10.6875,0.79,1.75,9.45,0.0625,0.0625,-0.0625,179,,stopped,0,0,
2026-08-06T09:43:21.393,400.263,guiding_to_goal,35.91840668,139.9079373,23.798,0,TRUE,22,1,35.9184062,139.9079523,1.353341982,,22.97,668.6895703,75.14941406,140,4,-10.6875,0.78,1.72,9.48,0.0625,0,0.0625,179,,turn_left,-5,5,
2026-08-06T09:43:21.893,400.763,guiding_to_goal,35.91840668,139.9079373,23.798,0,TRUE,22,1,35.9184062,139.9079523,1.353341982,,22.97,668.6895703,75.14941406,139.8125,4.0625,-10.6875,0.93,1.89,9.12,-3.75,-3.375,6.125,179,,turn_left,-20,20,
2026-08-06T09:43:22.393,401.264,guiding_to_goal,35.91840668,139.9079373,23.798,0,TRUE,22,1,35.9184062,139.9079523,1.353341982,,22.97,668.6895703,75.14941406,128.5625,2.25,-14.5625,-1.48,1.46,5.34,1.4375,-27.5625,-11.0625,179,,forward,45.925,74.075,
2026-08-06T09:43:22.894,401.764,guiding_to_goal,35.91840668,139.9079373,23.798,0,TRUE,22,1,35.9184062,139.9079523,1.353341982,,22.97,668.6895703,75.14941406,128.9375,4.375,-15.375,3.52,5.32,8.4,16.5,-12.1875,12,179,,forward,59.53125,60.46875,
2026-08-06T09:43:23.394,402.264,guiding_to_goal,35.91840668,139.9079373,23.798,0,TRUE,22,1,35.9184062,139.9079523,1.353341982,,22.97,668.6895703,75.14941406,128.8125,1.625,-15.8125,-0.39,5.13,6.27,18.8125,-16.1875,-1.3125,51,,forward,58.38125,61.61875,
2026-08-06T09:43:23.894,402.765,guiding_to_goal,35.91840668,139.9079373,23.798,0,TRUE,22,1,35.9184062,139.9079523,1.353341982,,22.97,668.6895703,75.14941406,129.0625,2,-13.8125,-0.61,3.53,6.61,-17.4375,-9.4375,3.5625,51,,forward,17.67375,18.32625,
2026-08-06T09:43:24.395,403.265,guiding_to_goal,35.91840668,139.9079373,23.798,0,TRUE,22,1,35.9184062,139.9079523,1.353341982,,22.97,668.6895703,75.14941406,165.3125,0.6875,-11.9375,0.71,2.19,9.77,1.8125,-24.125,-99.8125,115,,turn_left,-5,5,
2026-08-06T09:43:24.895,403.766,guiding_to_goal,35.91840668,139.9079373,23.798,0,TRUE,22,1,35.9184062,139.9079523,1.353341982,,22.97,668.6895703,75.14941406,168.1875,0.6875,-12.3125,1.01,3.52,9.36,3,-19.375,-69,115,,turn_left,-10,10,
2026-08-06T09:43:25.395,404.266,guiding_to_goal,35.91840668,139.9079373,23.798,0,TRUE,22,1,35.9184062,139.9079523,1.353341982,,22.97,668.6895703,75.14941406,122.8125,3.5,-12.25,0.43,2.15,9.41,0.875,6.8125,34.125,51,,stopped,0,0,
2026-08-06T09:43:25.896,404.766,guiding_to_goal,35.91840668,139.9079373,23.798,0,TRUE,22,1,35.9184062,139.9079523,1.353341982,,22.97,668.6895703,75.14941406,121.875,3.4375,-11.8125,-0.13,1.67,9.81,-2.9375,1.5,4.3125,51,,stopped,0,0,
2026-08-06T09:43:26.396,405.267,guiding_to_goal,35.91840668,139.9079373,23.798,0,TRUE,22,1,35.9184062,139.9079523,1.353341982,,22.97,668.6895703,75.14941406,121.75,3.5,-11.6875,0.6,1.86,9.48,0,0,0.0625,51,,stopped,0,0,
2026-08-06T09:43:26.904,405.774,guiding_to_goal,35.91840668,139.9079373,23.798,0,TRUE,22,1,35.9184062,139.9079523,1.353341982,,22.97,668.6895703,75.14941406,121.75,3.5,-11.625,0.61,1.89,9.48,0.0625,0.0625,0,51,,stopped,0,0,
2026-08-06T09:43:27.404,406.275,guiding_to_goal,35.91840668,139.9079373,23.798,0,TRUE,21,1,35.9184062,139.9079523,1.353341982,,22.97,668.6895703,75.14941406,121.75,3.5,-11.625,0.61,1.86,9.49,0,-0.0625,0,51,,stopped,0,0,
2026-08-06T09:43:27.912,406.783,guiding_to_goal,35.91840668,139.9079373,23.798,0,TRUE,21,1,35.9184062,139.9079523,1.353341982,,22.97,668.6895703,75.14941406,121.75,3.5,-11.625,0.6,1.86,9.45,0.125,-0.125,-0.125,51,,stopped,0,0,
2026-08-06T09:43:28.414,407.284,guiding_to_goal,35.91840668,139.9079373,23.798,0,TRUE,21,1,35.9184062,139.9079523,1.353341982,,22.97,668.6895703,75.14941406,121.75,3.5,-11.625,0.6,1.84,9.48,0,0.125,-0.0625,51,,stopped,0,0,
2026-08-06T09:43:28.918,407.788,guiding_to_goal,35.91840668,139.9079373,23.798,0,TRUE,21,1,35.9184062,139.9079523,1.353341982,,22.97,668.6895703,75.14941406,121.75,3.5,-11.625,0.58,1.86,9.48,-0.0625,0.0625,-0.0625,51,,stopped,0,0,
2026-08-06T09:43:29.434,408.304,guiding_to_goal,35.91840668,139.9079373,23.798,0,TRUE,21,1,35.9184062,139.9079523,1.353341982,,22.97,668.6895703,75.14941406,121.75,3.5,-11.625,0.6,1.84,9.45,8,-0.125,-0.0625,51,,stopped,0,0,
2026-08-06T09:43:30.088,408.958,guiding_to_goal,35.91840668,139.9079373,23.798,0,TRUE,21,1,35.9184062,139.9079523,1.353341982,,22.97,668.6895703,75.14941406,121.75,3.5,-11.625,0.57,1.86,9.45,0.0625,0,-0.0625,51,,stopped,0,0,
2026-08-06T09:43:30.588,409.459,guiding_to_goal,35.91840668,139.9079373,23.798,0,TRUE,20,1,35.9184062,139.9079523,1.353341982,,22.97,668.6895703,75.14941406,121.75,3.5,-11.625,0.59,1.84,9.47,8,0.125,0,51,,stopped,0,0,
2026-08-06T09:43:31.089,409.959,guiding_to_goal,35.91840668,139.9079373,23.798,0,TRUE,20,1,35.9184062,139.9079523,1.353341982,,22.97,668.6895703,75.14941406,121.75,3.5,-11.625,0.6,1.85,9.45,0,-0.125,0,51,,stopped,0,0,
2026-08-06T09:43:31.589,410.46,guiding_to_goal,35.91840668,139.9079373,23.798,0,TRUE,20,1,35.9184062,139.9079523,1.353341982,,22.97,668.6895703,75.14941406,121.75,3.5,-11.625,0.59,1.85,9.47,-0.0625,0.1875,-0.1875,51,,stopped,0,0,
2026-08-06T09:43:32.090,410.96,guiding_to_goal,35.91840668,139.9079373,23.798,0,TRUE,20,1,35.9184062,139.9079523,1.353341982,,22.97,668.6895703,75.14941406,121.75,3.5,-11.625,0.59,1.83,9.5,0.0625,8,-0.125,51,,stopped,0,0,
2026-08-06T09:43:32.590,411.461,guiding_to_goal,35.91840668,139.9079373,23.798,0,TRUE,21,1,35.9184062,139.9079523,1.353341982,,22.97,668.6895703,75.14941406,121.75,3.5,-11.625,0.58,1.85,9.49,0.0625,-0.0625,0.0625,51,,stopped,0,0,
2026-08-06T09:43:33.146,412.016,guiding_to_goal,35.91840668,139.9079373,23.798,0,TRUE,21,1,35.9184062,139.9079523,1.353341982,,22.97,668.6895703,75.14941406,121.75,3.5,-11.625,0.59,1.87,9.45,-0.0625,0,-0.0625,51,,stopped,0,0,
2026-08-06T09:43:33.647,412.518,guiding_to_goal,35.91840668,139.9079373,23.798,0,TRUE,21,1,35.9184062,139.9079523,1.353341982,,22.97,668.6895703,75.14941406,121.75,3.5,-3.625,0.6,1.84,9.48,0,0,-0.125,51,,stopped,0,0,
2026-08-06T09:43:34.155,413.025,guiding_to_goal,35.91840668,139.9079373,23.798,0,TRUE,21,1,35.9184062,139.9079523,1.353341982,,22.97,668.6895703,75.14941406,121.75,3.5,-11.625,0.6,1.85,9.48,0,0.0625,-0.0625,51,,stopped,0,0,
2026-08-06T09:43:34.655,413.526,guiding_to_goal,35.91840668,139.9079373,23.798,0,TRUE,21,1,35.9184062,139.9079523,1.353341982,,22.97,668.6895703,75.14941406,121.75,3.5,-11.625,0.6,1.86,9.46,-0.0625,0,-0.125,51,,stopped,0,0,
2026-08-06T09:43:35.156,414.026,guiding_to_goal,35.91840668,139.9079373,23.798,0,TRUE,21,1,35.9184062,139.9079523,1.353341982,,22.97,668.6895703,75.14941406,121.75,3.5,-11.625,0.61,1.85,9.48,0.125,0.0625,-0.0625,51,,stopped,0,0,
2026-08-06T09:43:35.660,414.53,guiding_to_goal,35.91840668,139.9079373,23.798,0,TRUE,21,1,35.9184062,139.9079523,1.353341982,,22.97,668.6895703,75.14941406,121.75,3.5,-11.625,0.6,1.87,9.46,-0.0625,0.0625,0.0625,51,,stopped,0,0,
2026-08-06T09:43:36.162,415.032,guiding_to_goal,35.91840668,139.9079373,23.798,0,TRUE,21,1,35.9184062,139.9079523,1.353341982,,22.97,668.6895703,75.14941406,121.75,3.5,-11.625,0.59,1.84,9.48,0.0625,-0.0625,-0.0625,51,,stopped,0,0,
2026-08-06T09:43:36.664,415.534,guiding_to_goal,35.91840668,139.9079373,23.798,0,TRUE,21,1,35.9184062,139.9079523,1.353341982,,22.97,668.6895703,75.14941406,121.75,3.5,-11.625,0.58,1.86,9.5,-0.125,0.125,-0.1875,51,,stopped,0,0,
2026-08-06T09:43:37.184,416.054,guiding_to_goal,35.91840668,139.9079373,23.798,0,TRUE,21,1,35.9184062,139.9079523,1.353341982,,22.97,668.6895703,75.14941406,121.75,3.5,-11.625,0.6,1.87,9.45,0,0,0,51,,stopped,0,0,
2026-08-06T09:43:37.686,416.556,guiding_to_goal,35.91840668,139.9079373,23.798,0,TRUE,21,1,35.9184062,139.9079523,1.353341982,,22.97,668.6895703,75.14941406,121.75,3.5,-11.625,0.6,1.84,9.48,0.0625,0.0625,0.125,51,,stopped,0,0,
2026-08-06T09:43:38.186,417.057,guiding_to_goal,35.91840668,139.9079373,23.798,0,TRUE,21,1,35.9184062,139.9079523,1.353341982,,22.97,668.6895703,75.14941406,121.75,3.5,-11.625,0.59,1.85,9.47,-0.125,0,0.0625,51,,stopped,0,0,
2026-08-06T09:43:38.687,417.558,guiding_to_goal,35.91840668,139.9079373,23.798,0,TRUE,21,1,35.9184062,139.9079523,1.353341982,,22.97,668.6895703,75.14941406,121.75,3.5,-11.625,0.59,1.83,9.47,0,0.0625,0,51,,stopped,0,0,
2026-08-06T09:43:39.187,418.058,guiding_to_goal,35.91840668,139.9079373,23.798,0,TRUE,21,1,35.9184062,139.9079523,1.353341982,,22.97,668.6895703,75.14941406,121.75,3.5,-11.625,0.59,1.86,9.5,0,-0.0625,-0.0625,51,,stopped,0,0,
2026-08-06T09:43:39.688,418.558,guiding_to_goal,35.91840668,139.9079373,23.798,0,TRUE,21,1,35.9184062,139.9079523,1.353341982,,22.97,668.6895703,75.14941406,121.75,3.5,-11.625,0.59,1.85,9.45,-0.125,0,0.0625,51,,stopped,0,0,
2026-08-06T09:43:40.189,419.06,guiding_to_goal,35.91840668,139.9079373,23.798,0,TRUE,21,1,35.9184062,139.9079523,1.353341982,,22.97,668.6895703,75.14941406,121.75,3.5,-11.625,0.6,1.86,9.48,0.125,-0.0625,-0.1875,51,,forward,60,60,
2026-08-06T09:43:40.690,419.56,guiding_to_goal,35.91840668,139.9079373,23.798,0,TRUE,21,1,35.9184062,139.9079523,1.353341982,,22.97,668.6895703,75.14941406,123.3125,3.6875,-11.375,1.91,2.84,5.85,-21.3125,-4.375,-2.1875,179,,forward,54.63125,65.36875,
2026-08-06T09:43:41.190,420.061,guiding_to_goal,35.91840668,139.9079373,23.798,0,TRUE,21,1,35.9184062,139.9079523,1.353341982,,22.97,668.6895703,75.14941406,122.9375,2.125,-9.1875,-3.17,2.51,12.76,-20.5625,30.0625,11.1875,179,,forward,58.3375,61.6625,
2026-08-06T09:43:41.690,420.561,guiding_to_goal,35.91840668,139.9079373,23.798,0,TRUE,21,1,35.9184062,139.9079523,1.353341982,,22.97,668.6895703,75.14941406,124.5,2.875,-13.3125,1.14,5.06,12.32,15.375,-50.1875,-6.1875,243,,forward,43.065,64.935,
2026-08-06T09:43:42.191,421.061,guiding_to_goal,35.91840668,139.9079373,23.798,0,TRUE,21,1,35.9184062,139.9079523,1.353341982,,22.97,668.6895703,75.14941406,124.125,2.6875,-12.8125,2.26,0.54,4.74,-47.5625,-20.6875,14.6875,243,,forward,23.825,24.175,
2026-08-06T09:43:42.691,421.562,guiding_to_goal,35.91840528,139.9079344,23.098,0.596755556,TRUE,21,1,35.9184062,139.9079523,1.616640462,,22.97,668.6895703,75.14941406,164.0625,1.1875,-12,-0.4,1.34,9.35,-0.4375,-15,-64.4375,179,,turn_left,-5,5,
2026-08-06T09:43:43.192,422.062,guiding_to_goal,35.91840528,139.9079344,23.098,0.596755556,TRUE,21,1,35.9184062,139.9079523,1.616640462,,22.97,668.6895703,75.14941406,167.625,1.375,-12.3125,0.61,2.4,9.41,3.875,-3.375,13.25,179,,turn_left,-20,20,
2026-08-06T09:43:43.692,422.563,guiding_to_goal,35.9184039,139.907935,23.092,0,TRUE,21,1,35.9184062,139.9079523,1.580225898,,22.97,668.6895703,75.14941406,135.8125,2.5625,-12.125,0.45,1.91,9.46,-0.0625,-0.0625,0,51,,stopped,0,0,
2026-08-06T09:43:44.203,423.074,guiding_to_goal,35.9184039,139.907935,23.092,0,TRUE,21,1,35.9184062,139.9079523,1.580225898,,22.97,668.6895703,75.14941406,135.8125,2.5625,-12.125,0.44,1.93,9.49,-0.0625,0,-0.0625,51,,stopped,0,0,
2026-08-06T09:43:44.704,423.574,guiding_to_goal,35.9184051,139.9079349,23.096,0,TRUE,21,1,35.9184062,139.9079523,1.573160421,,22.97,668.6895703,75.14941406,135.8125,2.5625,-11.9375,0.42,1.9,9.49,0,-0.0625,0,51,,stopped,0,0,
2026-08-06T09:43:45.204,424.075,guiding_to_goal,35.9184051,139.9079349,23.096,0,TRUE,21,1,35.9184062,139.9079523,1.573160421,,22.97,668.6895703,75.14941406,135.8125,2.5625,-11.9375,1.71,1.9,9.48,0,0.0625,0,51,,stopped,0,0,
2026-08-06T09:43:45.705,424.575,guiding_to_goal,35.91840558,139.9079348,23.099,0,TRUE,21,1,35.9184062,139.9079523,1.578893025,,22.97,668.6895703,75.14941406,135.8125,2.5625,-11.9375,0.42,1.91,9.48,-0.0625,0,-0.0625,51,,stopped,0,0,
2026-08-06T09:43:46.635,425.506,guiding_to_goal,35.91840558,139.9079348,23.099,0,TRUE,21,1,35.9184062,139.9079523,1.578893025,,22.97,668.6895703,75.14941406,135.8125,2.5625,-3.9375,0.41,1.91,9.48,0,-0.0625,0.0625,51,,stopped,0,0,
2026-08-06T09:43:47.136,426.006,guiding_to_goal,35.91840558,139.9079348,23.099,0,TRUE,21,1,35.9184062,139.9079523,1.578893025,,22.97,668.6895703,75.14941406,135.8125,2.5625,-11.9375,0.41,1.9,9.5,0,0.1875,0,51,,stopped,0,0,
2026-08-06T09:43:47.642,426.513,guiding_to_goal,35.91840558,139.9079348,23.099,0,TRUE,21,1,35.9184062,139.9079523,1.578893025,,22.97,668.6895703,75.14941406,135.8125,2.5625,-11.9375,0.42,1.92,9.48,0,0,0,51,,stopped,0,0,
2026-08-06T09:43:48.144,427.015,guiding_to_goal,35.91840558,139.9079348,23.099,0,TRUE,21,1,35.9184062,139.9079523,1.578893025,,22.97,668.6895703,75.14941406,135.8125,2.5625,-11.9375,0.44,1.89,9.45,0,0,0,51,,stopped,0,0,
2026-08-06T09:43:48.646,427.518,guiding_to_goal,35.91840558,139.9079348,23.099,0,TRUE,21,1,35.9184062,139.9079523,1.578893025,,22.97,668.6895703,75.14941406,135.8125,2.5625,-11.9375,0.42,1.91,9.48,-0.0625,0.0625,0,51,,stopped,0,0,
2026-08-06T09:43:49.146,428.017,guiding_to_goal,35.91840558,139.9079348,23.099,0,TRUE,21,1,35.9184062,139.9079523,1.578893025,,22.97,668.6895703,75.14941406,143.8125,2.5625,-11.9375,0.44,1.91,9.48,0,-0.1875,0.0625,51,,stopped,0,0,
2026-08-06T09:43:49.647,428.517,guiding_to_goal,35.91840558,139.9079348,23.099,0,TRUE,21,1,35.9184062,139.9079523,1.578893025,,22.97,668.6895703,75.14941406,135.8125,2.5625,-11.9375,0.41,1.92,9.49,-0.0625,0.125,0,51,,stopped,0,0,
2026-08-06T09:43:50.147,429.017,guiding_to_goal,35.91840558,139.9079348,23.099,0,TRUE,21,1,35.9184062,139.9079523,1.578893025,,22.97,668.6895703,75.14941406,135.8125,2.5625,-11.9375,0.43,1.91,9.49,-0.0625,0,0.0625,51,,stopped,0,0,
2026-08-06T09:43:50.647,429.518,guiding_to_goal,35.91840558,139.9079348,23.099,0,TRUE,21,1,35.9184062,139.9079523,1.578893025,,22.97,668.6895703,75.14941406,135.8125,2.5625,-11.9375,0.41,1.9,9.47,0.125,0,-0.0625,51,,stopped,0,0,
2026-08-06T09:43:51.148,430.018,guiding_to_goal,35.91840558,139.9079348,23.099,0,TRUE,21,1,35.9184062,139.9079523,1.578893025,,22.97,668.6895703,75.14941406,135.8125,2.5625,-11.9375,0.41,1.91,9.5,0,0,0,51,,stopped,0,0,
2026-08-06T09:43:51.648,430.519,guiding_to_goal,35.91840558,139.9079348,23.099,0,TRUE,21,1,35.9184062,139.9079523,1.578893025,,22.97,668.6895703,75.14941406,135.8125,2.5625,-11.9375,0.44,1.9,9.48,0,0.125,0,51,,stopped,0,0,
2026-08-06T09:43:52.149,431.019,guiding_to_goal,35.91840558,139.9079348,23.099,0,TRUE,21,1,35.9184062,139.9079523,1.578893025,,22.97,668.6895703,75.14941406,135.8125,2.5625,-11.9375,0.43,1.92,9.48,0.0625,-0.125,0.0625,51,,stopped,0,0,
2026-08-06T09:43:52.649,431.52,guiding_to_goal,35.91840558,139.9079348,23.099,0,TRUE,21,1,35.9184062,139.9079523,1.578893025,,22.97,668.6895703,75.14941406,135.8125,2.5625,-11.9375,0.41,1.91,9.48,0.1875,0,-0.0625,51,,stopped,0,0,
2026-08-06T09:43:53.150,432.02,guiding_to_goal,35.91840558,139.9079348,23.099,0,TRUE,21,1,35.9184062,139.9079523,1.578893025,,22.97,668.6895703,75.14941406,135.8125,2.5625,-11.9375,0.42,1.89,9.48,0.0625,0,0,51,,stopped,0,0,
2026-08-06T09:43:53.650,432.52,guiding_to_goal,35.91840558,139.9079348,23.099,0,TRUE,21,1,35.9184062,139.9079523,1.578893025,,22.97,668.6895703,75.14941406,135.8125,2.5625,-11.9375,0.41,1.89,9.47,-0.0625,-0.1875,0,51,,stopped,0,0,
2026-08-06T09:43:54.152,433.022,guiding_to_goal,35.91840558,139.9079348,23.099,0,TRUE,21,1,35.9184062,139.9079523,1.578893025,,22.97,668.6895703,75.14941406,143.8125,2.5625,-11.9375,0.43,1.91,9.48,-0.0625,0,-0.0625,51,,stopped,0,0,
2026-08-06T09:43:54.695,433.565,guiding_to_goal,35.91840558,139.9079348,23.099,0,TRUE,21,1,35.9184062,139.9079523,1.578893025,,22.97,668.6895703,75.14941406,135.8125,2.5625,-11.9375,0.44,1.89,9.49,0,-0.125,-0.0625,51,,stopped,0,0,
2026-08-06T09:43:55.195,434.065,guiding_to_goal,35.91840558,139.9079348,23.099,0,TRUE,21,1,35.9184062,139.9079523,1.578893025,,22.97,668.6895703,75.14941406,135.8125,2.5625,-11.9375,0.45,1.94,9.48,0.0625,0,-0.0625,51,,stopped,0,0,
2026-08-06T09:43:55.740,434.61,guiding_to_goal,35.91840558,139.9079348,23.099,0,TRUE,21,1,35.9184062,139.9079523,1.578893025,,22.97,668.6895703,75.14941406,135.8125,2.5625,-11.9375,1.7,1.91,9.49,-0.25,0.125,-0.0625,51,,stopped,0,0,
2026-08-06T09:43:56.239,435.11,guiding_to_goal,35.91840558,139.9079348,23.099,0,TRUE,21,1,35.9184062,139.9079523,1.578893025,,22.97,668.6895703,75.14941406,135.8125,2.5625,-11.9375,0.4,1.92,9.49,0.0625,0,0.0625,51,,stopped,0,0,
2026-08-06T09:43:56.740,435.61,guiding_to_goal,35.91840558,139.9079348,23.099,0,TRUE,21,1,35.9184062,139.9079523,1.578893025,,22.97,668.6895703,75.14941406,135.8125,2.5625,-11.9375,0.43,1.92,9.48,0,0,0,51,,stopped,0,0,
2026-08-06T09:43:57.240,436.11,guiding_to_goal,35.91840558,139.9079348,23.099,0,TRUE,21,1,35.9184062,139.9079523,1.578893025,,22.97,668.6895703,75.14941406,135.8125,2.5625,-11.9375,0.43,1.92,9.48,0.0625,-0.0625,0,51,,stopped,0,0,
2026-08-06T09:43:57.740,436.611,guiding_to_goal,35.91840558,139.9079348,23.099,0,TRUE,21,1,35.9184062,139.9079523,1.578893025,,22.97,668.6895703,75.14941406,135.8125,2.5625,-11.9375,0.43,1.91,9.49,0.0625,0.0625,-0.0625,51,,stopped,0,0,
2026-08-06T09:43:58.241,437.111,guiding_to_goal,35.91840558,139.9079348,23.099,0,TRUE,21,1,35.9184062,139.9079523,1.578893025,,22.97,668.6895703,75.14941406,135.8125,2.5625,-11.9375,0.43,1.91,9.48,0,0.0625,0.125,51,,stopped,0,0,
2026-08-06T09:43:58.745,437.615,guiding_to_goal,35.91840558,139.9079348,23.099,0,TRUE,21,1,35.9184062,139.9079523,1.578893025,,22.97,668.6895703,75.14941406,135.8125,2.5625,-11.9375,0.43,1.89,9.45,0,0.125,0.125,51,,stopped,0,0,
2026-08-06T09:43:59.245,438.116,guiding_to_goal,35.91840558,139.9079348,23.099,0,TRUE,21,1,35.9184062,139.9079523,1.578893025,,22.97,668.6895703,75.14941406,123.1875,2.8125,-11.5625,-0.29,2.3,9.46,-1.3125,16.8125,67.5,51,,turn_left,-30,30,
2026-08-06T09:43:59.748,438.618,guiding_to_goal,35.91840558,139.9079348,23.099,0,TRUE,21,1,35.9184062,139.9079523,1.578893025,,22.97,668.6895703,75.14941406,117.75,2.5625,-14.6875,0.23,6.67,8.25,182.4375,0.6875,5.4375,51,,forward,67.3375,52.6625,
2026-08-06T09:44:00.248,439.119,guiding_to_goal,35.91840558,139.9079348,23.099,0,TRUE,21,1,35.9184062,139.9079523,1.578893025,,22.97,668.6895703,75.14941406,76.9375,1.6875,-9,-3.43,0.55,14.1,-42.3125,41.5,127.9375,51,,forward,100,0,
2026-08-06T09:44:00.751,439.622,guiding_to_goal,35.91840558,139.9079348,23.099,0,TRUE,21,1,35.9184062,139.9079523,1.578893025,,22.97,668.6895703,75.14941406,70.5,2.5,-6.4375,-0.12,0.77,9.14,-39.8125,-74.375,-127.875,51,,forward,22.49375,27.50625,
2026-08-06T09:44:01.249,440.119,guiding_to_goal,35.91840558,139.9079348,23.099,0,TRUE,21,1,35.9184062,139.9079523,1.578893025,,22.97,668.6895703,75.14941406,131.8125,2.625,-9.4375,0.66,1.05,8.93,17.875,-2.0625,-76.5625,51,,turn_left,-5,5,
2026-08-06T09:44:01.749,440.62,guiding_to_goal,35.91840558,139.9079348,23.099,0,TRUE,21,1,35.9184062,139.9079523,1.578893025,,22.97,668.6895703,75.14941406,134.625,2.5,-10.4375,0.13,2.61,9.29,11.4375,-4.75,24.1875,51,,turn_left,-20,20,
2026-08-06T09:44:02.250,441.12,guiding_to_goal,35.91840558,139.9079348,23.099,0,TRUE,21,1,35.9184062,139.9079523,1.578893025,,22.97,668.6895703,75.14941406,74.5625,3.875,-7.625,-0.18,2.38,9.49,-0.5625,26.875,98.8125,114,,stopped,0,0,
2026-08-06T09:44:02.750,441.621,guiding_to_goal,35.91840558,139.9079348,23.099,0,TRUE,21,1,35.9184062,139.9079523,1.578893025,,22.97,668.6895703,75.14941406,69.625,3.3125,-6.1875,-0.06,-0.45,9.99,-37.5,-3.5625,-17.6875,114,,stopped,0,0,
2026-08-06T09:44:03.251,442.121,guiding_to_goal,35.91840558,139.9079348,23.099,0,TRUE,21,1,35.9184062,139.9079523,1.578893025,,22.97,668.6895703,75.14941406,70.4375,3.125,-6.375,0.45,1.14,9.6,-0.125,-0.0625,0,114,,stopped,0,0,
2026-08-06T09:44:03.751,442.622,guiding_to_goal,35.91840558,139.9079348,23.099,0,TRUE,21,1,35.9184062,139.9079523,1.578893025,,22.97,668.6895703,75.14941406,70.4375,3.125,-6.375,0.43,1.16,9.6,0,-0.0625,0.0625,114,,stopped,0,0,
2026-08-06T09:44:04.251,443.122,guiding_to_goal,35.91840558,139.9079348,23.099,0,TRUE,20,1,35.9184062,139.9079523,1.578893025,,22.97,668.6895703,75.14941406,70.4375,3,-6.4375,0.44,1.16,9.6,0.0625,0.0625,0,114,,stopped,0,0,
2026-08-06T09:44:04.752,443.622,guiding_to_goal,35.91840558,139.9079348,23.099,0,TRUE,20,1,35.9184062,139.9079523,1.578893025,,22.97,668.6895703,75.14941406,70.4375,3,-6.4375,0.43,1.15,9.58,0,0,-0.0625,114,,stopped,0,0,
2026-08-06T09:44:05.252,444.123,guiding_to_goal,35.91840558,139.9079348,23.099,0,TRUE,20,1,35.9184062,139.9079523,1.578893025,,22.97,668.6895703,75.14941406,70.4375,3,-6.4375,0.43,1.17,9.62,8.0625,0.0625,-0.1875,50,,stopped,0,0,
2026-08-06T09:44:05.759,444.629,guiding_to_goal,35.91840558,139.9079348,23.099,0,TRUE,20,1,35.9184062,139.9079523,1.578893025,,22.97,668.6895703,75.14941406,70.4375,3,-6.4375,0.44,1.16,9.62,-0.0625,-0.1875,0.125,50,,stopped,0,0,
2026-08-06T09:44:06.260,445.13,guiding_to_goal,35.91840558,139.9079348,23.099,0,TRUE,20,1,35.9184062,139.9079523,1.578893025,,22.97,668.6895703,75.14941406,70.4375,3,-6.4375,0.42,1.17,9.61,-0.0625,0,0.0625,50,,stopped,0,0,
2026-08-06T09:44:06.764,445.635,guiding_to_goal,35.91840558,139.9079348,23.099,0,TRUE,20,1,35.9184062,139.9079523,1.578893025,,22.97,668.6895703,75.14941406,70.4375,3,-6.4375,0.41,1.15,9.57,-0.0625,-0.0625,0,50,,stopped,0,0,
2026-08-06T09:44:07.265,446.135,guiding_to_goal,35.91840558,139.9079348,23.099,0,TRUE,20,1,35.9184062,139.9079523,1.578893025,,22.97,668.6895703,75.14941406,70.4375,3,-6.4375,0.42,1.15,9.6,0.0625,-0.0625,-0.0625,50,,stopped,0,0,
2026-08-06T09:44:07.767,446.637,guiding_to_goal,35.91840558,139.9079348,23.099,0,TRUE,20,1,35.9184062,139.9079523,1.578893025,,22.97,668.6895703,75.14941406,70.4375,3,-6.4375,0.43,1.17,9.6,-0.0625,-0.125,0.125,50,,stopped,0,0,
2026-08-06T09:44:08.272,447.142,guiding_to_goal,35.91840558,139.9079348,23.099,0,TRUE,20,1,35.9184062,139.9079523,1.578893025,,22.97,668.6895703,75.14941406,70.4375,3,-6.4375,0.43,1.18,9.63,0,0.1875,-0.125,50,,stopped,0,0,
2026-08-06T09:44:08.772,447.642,guiding_to_goal,35.91840558,139.9079348,23.099,0,TRUE,20,1,35.9184062,139.9079523,1.578893025,,22.97,668.6895703,75.14941406,70.4375,3,-6.4375,0.44,1.16,9.59,-0.0625,-0.0625,0.1875,50,,stopped,0,0,
2026-08-06T09:44:09.275,448.146,guiding_to_goal,35.91840558,139.9079348,23.099,0,TRUE,21,1,35.9184062,139.9079523,1.578893025,,22.97,668.6895703,75.14941406,70.4375,3,-6.4375,0.44,1.16,9.59,0,-0.0625,0.125,50,,stopped,0,0,
2026-08-06T09:44:09.776,448.646,guiding_to_goal,35.91840558,139.9079348,23.099,0,TRUE,21,1,35.9184062,139.9079523,1.578893025,,22.97,668.6895703,75.14941406,78.4375,3,-6.4375,0.43,1.18,9.59,8,0.125,-0.0625,50,,stopped,0,0,
2026-08-06T09:44:10.276,449.146,guiding_to_goal,35.91840558,139.9079348,23.099,0,TRUE,21,1,35.9184062,139.9079523,1.578893025,,22.97,668.6895703,75.14941406,70.4375,3,-6.4375,0.44,1.18,9.6,0,0,0,50,,stopped,0,0,
2026-08-06T09:44:10.776,449.647,guiding_to_goal,35.91840558,139.9079348,23.099,0,TRUE,21,1,35.9184062,139.9079523,1.578893025,,22.97,668.6895703,75.14941406,70.4375,3,-6.4375,0.44,1.18,9.6,-0.0625,-0.0625,0,50,,stopped,0,0,
2026-08-06T09:44:11.277,450.147,guiding_to_goal,35.91840558,139.9079348,23.099,0,TRUE,21,1,35.9184062,139.9079523,1.578893025,,22.97,668.6895703,75.14941406,70.4375,3,-6.4375,0.42,1.16,9.58,-0.0625,-0.0625,0.0625,50,,stopped,0,0,
2026-08-06T09:44:11.777,450.648,guiding_to_goal,35.91840558,139.9079348,23.099,0,TRUE,21,1,35.9184062,139.9079523,1.578893025,,22.97,668.6895703,75.14941406,70.4375,3,-6.4375,0.44,1.14,9.58,-0.125,-0.0625,0,50,,stopped,0,0,
2026-08-06T09:44:12.278,451.148,guiding_to_goal,35.91840558,139.9079348,23.099,0,TRUE,20,1,35.9184062,139.9079523,1.578893025,,22.97,668.6895703,75.14941406,70.4375,3,-6.4375,0.44,1.15,9.6,-0.0625,0.0625,0.0625,50,,stopped,0,0,
2026-08-06T09:44:12.785,451.655,guiding_to_goal,35.91840558,139.9079348,23.099,0,TRUE,20,1,35.9184062,139.9079523,1.578893025,,22.97,668.6895703,75.14941406,70.4375,3,-6.4375,0.43,1.15,9.6,0,-0.125,0,50,,stopped,0,0,
2026-08-06T09:44:13.285,452.156,guiding_to_goal,35.91840558,139.9079348,23.099,0,TRUE,20,1,35.9184062,139.9079523,1.578893025,,22.97,668.6895703,75.14941406,70.4375,3,-6.4375,0.43,1.17,9.57,0.0625,-0.125,0,114,,stopped,0,0,
2026-08-06T09:44:13.788,452.659,guiding_to_goal,35.91840558,139.9079348,23.099,0,TRUE,20,1,35.9184062,139.9079523,1.578893025,,22.97,668.6895703,75.14941406,78.4375,3,-6.4375,0.45,1.17,9.58,0,0.0625,0,114,,stopped,0,0,
2026-08-06T09:44:14.289,453.159,guiding_to_goal,35.91840558,139.9079348,23.099,0,TRUE,20,1,35.9184062,139.9079523,1.578893025,,22.97,668.6895703,75.14941406,70.4375,3,-6.4375,0.42,1.15,9.57,0,0.1875,-0.0625,50,,stopped,0,0,
2026-08-06T09:44:14.792,453.662,guiding_to_goal,35.91840558,139.9079348,23.099,0,TRUE,20,1,35.9184062,139.9079523,1.578893025,,22.97,668.6895703,75.14941406,70.4375,3,-6.4375,0.43,1.16,9.58,0.0625,-0.125,0.0625,50,,stopped,0,0,
2026-08-06T09:44:15.302,454.172,guiding_to_goal,35.91840558,139.9079348,23.099,0,TRUE,20,1,35.9184062,139.9079523,1.578893025,,22.97,668.6895703,75.14941406,70.4375,3,-6.4375,0.44,1.15,9.6,0,0,-0.125,50,,stopped,0,0,
2026-08-06T09:44:15.802,454.672,guiding_to_goal,35.91840558,139.9079348,23.099,0,TRUE,20,1,35.9184062,139.9079523,1.578893025,,22.97,668.6895703,75.14941406,70.4375,3,-6.4375,0.42,1.16,9.57,-0.0625,0.1875,-0.1875,50,,stopped,0,0,
2026-08-06T09:44:16.302,455.173,guiding_to_goal,35.91840558,139.9079348,23.099,0,TRUE,20,1,35.9184062,139.9079523,1.578893025,,22.97,668.6895703,75.14941406,70.4375,3,-6.4375,0.44,1.16,9.62,0,0.0625,-0.125,50,,stopped,0,0,
2026-08-06T09:44:16.803,455.674,guiding_to_goal,35.91840558,139.9079348,23.099,0,TRUE,20,1,35.9184062,139.9079523,1.578893025,,22.97,668.6895703,75.14941406,70.4375,3,-6.4375,0.42,1.17,9.59,0,-0.0625,-0.0625,50,,stopped,0,0,
2026-08-06T09:44:17.304,456.174,guiding_to_goal,35.91840558,139.9079348,23.099,0,TRUE,20,1,35.9184062,139.9079523,1.578893025,,22.97,668.6895703,75.14941406,70.4375,3,-6.4375,0.45,1.15,9.58,8,-0.1875,-0.0625,50,,stopped,0,0,
2026-08-06T09:44:17.804,456.675,guiding_to_goal,35.91840558,139.9079348,23.099,0,TRUE,20,1,35.9184062,139.9079523,1.578893025,,22.97,668.6895703,75.14941406,70.4375,3,-6.4375,0.44,1.15,9.59,0,0,-0.0625,50,,stopped,0,0,
2026-08-06T09:44:18.305,457.175,guiding_to_goal,35.91840558,139.9079348,23.099,0,TRUE,20,1,35.9184062,139.9079523,1.578893025,,22.97,668.6895703,75.14941406,91.1875,2.625,-8.5625,1.34,2.04,9.11,1.125,-16,-72.5625,50,,turn_right,30,-30,
2026-08-06T09:44:18.805,457.675,guiding_to_goal,35.91840558,139.9079348,23.099,0,TRUE,20,1,35.9184062,139.9079523,1.578893025,,22.97,668.6895703,75.14941406,96.875,2.9375,-7.375,-0.64,0.91,9.9,-8.5625,-14.125,-67.6875,50,,turn_right,30,-30,
2026-08-06T09:44:19.305,458.176,guiding_to_goal,35.91840558,139.9079348,23.099,0,TRUE,20,1,35.9184062,139.9079523,1.578893025,,22.97,668.6895703,75.14941406,141.75,1.6875,-10.3125,0.9,1.65,9.66,3.625,-10.25,-62.125,50,,stopped,0,0,
2026-08-06T09:44:19.807,458.677,guiding_to_goal,35.91840558,139.9079348,23.099,0,TRUE,20,1,35.9184062,139.9079523,1.578893025,,22.97,668.6895703,75.14941406,145.625,2,-10.875,0.71,1.82,9.55,-11.1875,3.875,8,50,,stopped,0,0,
2026-08-06T09:44:20.312,459.182,guiding_to_goal,35.91840558,139.9079348,23.099,0,TRUE,21,1,35.9184062,139.9079523,1.578893025,,22.97,668.6895703,75.14941406,145.375,10.0625,-10.5625,0.39,1.73,9.5,0.125,-0.0625,-0.0625,50,,stopped,0,0,
2026-08-06T09:44:20.812,459.682,guiding_to_goal,35.91840558,139.9079348,23.099,0,TRUE,21,1,35.9184062,139.9079523,1.578893025,,22.97,668.6895703,75.14941406,145.375,2.0625,-10.5625,0.39,1.71,9.54,0,0,-0.1875,50,,stopped,0,0,
2026-08-06T09:44:21.312,460.183,guiding_to_goal,35.91840558,139.9079348,23.099,0,TRUE,21,1,35.9184062,139.9079523,1.578893025,,22.97,668.6895703,75.14941406,145.375,2.0625,-10.5,0.41,1.69,9.52,0,-0.0625,0,50,,stopped,0,0,
2026-08-06T09:44:21.813,460.683,guiding_to_goal,35.91840558,139.9079348,23.099,0,TRUE,21,1,35.9184062,139.9079523,1.578893025,,22.97,668.6895703,75.14941406,145.375,2.0625,-10.5,0.39,1.7,9.54,0.0625,0.125,-0.0625,50,,stopped,0,0,
2026-08-06T09:44:22.313,461.184,guiding_to_goal,35.91840558,139.9079348,23.099,0,TRUE,21,1,35.9184062,139.9079523,1.578893025,,22.97,668.6895703,75.14941406,145.375,2.0625,-10.5,0.4,1.69,9.51,0,0,0.0625,50,,stopped,0,0,
2026-08-06T09:44:22.817,461.687,guiding_to_goal,35.91840558,139.9079348,23.099,0,TRUE,21,1,35.9184062,139.9079523,1.578893025,,22.97,668.6895703,75.14941406,145.375,2.0625,-10.5,0.4,1.71,9.53,-0.0625,0.0625,0.0625,50,,stopped,0,0,
2026-08-06T09:44:23.323,462.193,guiding_to_goal,35.91840558,139.9079348,23.099,0,TRUE,21,1,35.9184062,139.9079523,1.578893025,,22.97,668.6895703,75.14941406,145.375,2.0625,-10.5,0.41,1.69,9.5,0,0,0.0625,50,,stopped,0,0,
2026-08-06T09:44:23.824,462.694,guiding_to_goal,35.91840558,139.9079348,23.099,0,TRUE,21,1,35.9184062,139.9079523,1.578893025,,22.97,668.6895703,75.14941406,145.375,2.0625,-10.5,0.39,1.7,9.52,0.0625,0.1875,0,50,,stopped,0,0,
2026-08-06T09:44:24.331,463.202,guiding_to_goal,35.91840558,139.9079348,23.099,0,TRUE,20,1,35.9184062,139.9079523,1.578893025,,22.97,668.6895703,75.14941406,145.375,2.0625,-10.5,0.39,1.69,9.53,-0.0625,0.1875,-0.0625,50,,stopped,0,0,
2026-08-06T09:44:24.832,463.702,guiding_to_goal,35.91840558,139.9079348,23.099,0,TRUE,20,1,35.9184062,139.9079523,1.578893025,,22.97,668.6895703,75.14941406,145.375,2.0625,-10.5,0.4,1.71,9.52,-0.0625,0.0625,0,50,,stopped,0,0,
2026-08-06T09:44:25.332,464.203,guiding_to_goal,35.91840558,139.9079348,23.099,0,TRUE,20,1,35.9184062,139.9079523,1.578893025,,22.97,668.6895703,75.14941406,145.375,2.0625,-10.5,0.39,1.7,9.52,0.0625,0,0.0625,50,,stopped,0,0,
2026-08-06T09:44:25.833,464.703,guiding_to_goal,35.91840558,139.9079348,23.099,0,TRUE,20,1,35.9184062,139.9079523,1.578893025,,22.97,668.6895703,75.14941406,145.375,2.0625,-10.5,0.4,1.7,9.55,-0.0625,0.1875,0.0625,50,,stopped,0,0,
2026-08-06T09:44:26.333,465.203,guiding_to_goal,35.91840558,139.9079348,23.099,0,TRUE,20,1,35.9184062,139.9079523,1.578893025,,22.97,668.6895703,75.14941406,145.375,2.0625,-10.5,0.4,1.7,9.51,0.0625,-0.125,0.0625,50,,stopped,0,0,
2026-08-06T09:44:26.833,465.704,guiding_to_goal,35.91840558,139.9079348,23.099,0,TRUE,20,1,35.9184062,139.9079523,1.578893025,,22.97,668.6895703,75.14941406,145.375,2.0625,-10.5,0.38,1.71,9.54,0,0,0.0625,50,,stopped,0,0,
2026-08-06T09:44:27.334,466.204,guiding_to_goal,35.91840558,139.9079348,23.099,0,TRUE,20,1,35.9184062,139.9079523,1.578893025,,22.97,668.6895703,75.14941406,134.3125,4.4375,-10.4375,1.26,2.93,11.54,-9.4375,22.625,6.75,114,,forward,57.44375,62.55625,
2026-08-06T09:44:27.834,466.705,guiding_to_goal,35.91840558,139.9079348,23.099,0,TRUE,20,1,35.9184062,139.9079523,1.578893025,,22.97,668.6895703,75.14941406,133.625,4.125,-10.25,2.17,1.72,8.54,-70.625,10.375,7.0625,178,,forward,24.425,23.575,
2026-08-06T09:44:28.335,467.205,guiding_to_goal,35.91840558,139.9079348,23.099,0,TRUE,20,1,35.9184062,139.9079523,1.578893025,,22.97,668.6895703,75.14941406,147.875,3.6875,-9.125,0.77,1.85,9.32,-15.8125,31.125,68.6875,51,,turn_left,-30,30,
2026-08-06T09:44:28.835,467.705,guiding_to_goal,35.91840558,139.9079348,23.099,0,TRUE,20,1,35.9184062,139.9079523,1.578893025,,22.97,668.6895703,75.14941406,139.25,2.9375,-8.0625,0.66,-0.21,8.93,15.125,14.5625,111.6875,51,,turn_left,-30,30,
2026-08-06T09:44:29.335,468.206,guiding_to_goal,35.91840558,139.9079348,23.099,0,TRUE,20,1,35.9184062,139.9079523,1.578893025,,22.97,668.6895703,75.14941406,124.875,2.375,-8,0.36,1.37,9.6,-0.125,0,0.0625,115,,stopped,0,0,
2026-08-06T09:44:29.836,468.706,guiding_to_goal,35.91840558,139.9079348,23.099,0,TRUE,20,1,35.9184062,139.9079523,1.578893025,,22.97,668.6895703,75.14941406,124.9375,2.375,-8,0.36,1.38,9.58,0.0625,0,0.1875,115,,stopped,0,0,
2026-08-06T09:44:30.337,469.207,guiding_to_goal,35.91840558,139.9079348,23.099,0,TRUE,21,1,35.9184062,139.9079523,1.578893025,,22.97,668.6895703,75.14941406,124.9375,2.375,-8,0.37,1.35,9.56,0,-0.0625,0.0625,115,,stopped,0,0,
2026-08-06T09:44:30.842,469.712,guiding_to_goal,35.91840558,139.9079348,23.099,0,TRUE,21,1,35.9184062,139.9079523,1.578893025,,22.97,668.6895703,75.14941406,124.9375,2.375,-8,0.36,1.35,9.59,8.0625,0,0.125,115,,stopped,0,0,
2026-08-06T09:44:31.342,470.212,guiding_to_goal,35.91840558,139.9079348,23.099,0,TRUE,21,1,35.9184062,139.9079523,1.578893025,,22.97,668.6895703,75.14941406,124.9375,2.375,-8,0.36,1.36,9.59,0.0625,0.0625,0,115,,stopped,0,0,
2026-08-06T09:44:31.843,470.714,guiding_to_goal,35.91840558,139.9079348,23.099,0,TRUE,21,1,35.9184062,139.9079523,1.578893025,,22.97,668.6895703,75.14941406,124.9375,2.375,-8,1.67,1.36,9.57,8,0.1875,-0.125,115,,stopped,0,0,
2026-08-06T09:44:32.344,471.214,guiding_to_goal,35.91840558,139.9079348,23.099,0,TRUE,21,1,35.9184062,139.9079523,1.578893025,,22.97,668.6895703,75.14941406,124.9375,2.375,-8,0.36,1.35,9.59,0,0,0.0625,51,,stopped,0,0,
2026-08-06T09:44:32.875,471.746,guiding_to_goal,35.91840558,139.9079348,23.099,0,TRUE,21,1,35.9184062,139.9079523,1.578893025,,22.97,668.6895703,75.14941406,124.9375,2.375,-8,0.39,1.36,9.59,-0.0625,-0.125,0,51,,stopped,0,0,
2026-08-06T09:44:33.376,472.247,guiding_to_goal,35.91840558,139.9079348,23.099,0,TRUE,22,1,35.9184062,139.9079523,1.578893025,,22.97,668.6895703,75.14941406,124.9375,2.375,-8,0.39,1.36,9.56,0.0625,0.125,0,51,,stopped,0,0,
2026-08-06T09:44:33.879,472.749,guiding_to_goal,35.91840558,139.9079348,23.099,0,TRUE,22,1,35.9184062,139.9079523,1.578893025,,22.97,668.6895703,75.14941406,124.9375,2.375,-8,0.38,1.36,9.6,0.0625,0,0.0625,51,,stopped,0,0,
2026-08-06T09:44:34.380,473.251,guiding_to_goal,35.91840558,139.9079348,23.099,0,TRUE,22,1,35.9184062,139.9079523,1.578893025,,22.97,668.6895703,75.14941406,124.9375,2.375,-8,0.34,1.36,9.6,0,0,0,51,,stopped,0,0,
2026-08-06T09:44:34.891,473.761,guiding_to_goal,35.91840558,139.9079348,23.099,0,TRUE,22,1,35.9184062,139.9079523,1.578893025,,22.97,668.6895703,75.14941406,124.9375,2.375,-8,0.37,1.37,9.59,-0.0625,0.125,-0.1875,51,,stopped,0,0,
2026-08-06T09:44:35.393,474.264,guiding_to_goal,35.91840558,139.9079348,23.099,0,TRUE,22,1,35.9184062,139.9079523,1.578893025,,22.97,668.6895703,75.14941406,124.9375,2.375,-8,0.36,1.35,9.59,0,-0.0625,-0.0625,51,,stopped,0,0,
2026-08-06T09:44:35.908,474.778,guiding_to_goal,35.91840558,139.9079348,23.099,0,TRUE,22,1,35.9184062,139.9079523,1.578893025,,22.97,668.6895703,75.14941406,124.9375,2.375,-8,0.39,1.39,9.56,0,0.125,0,51,,stopped,0,0,
2026-08-06T09:44:36.409,475.279,guiding_to_goal,35.91840558,139.9079348,23.099,0,TRUE,22,1,35.9184062,139.9079523,1.578893025,,22.97,668.6895703,75.14941406,124.9375,2.375,-8,0.39,1.37,9.58,0,0.125,0.0625,51,,stopped,0,0,
2026-08-06T09:44:36.980,475.85,guiding_to_goal,35.91840558,139.9079348,23.099,0,TRUE,22,1,35.9184062,139.9079523,1.578893025,,22.97,668.6895703,75.14941406,124.9375,2.375,-8,0.36,1.36,9.59,0.0625,-0.0625,0.0625,51,,stopped,0,0,
2026-08-06T09:44:37.480,476.351,guiding_to_goal,35.91840558,139.9079348,23.099,0,TRUE,22,1,35.9184062,139.9079523,1.578893025,,22.97,668.6895703,75.14941406,124.9375,2.375,-8,0.37,1.37,9.58,0,-0.0625,0,51,,stopped,0,0,
2026-08-06T09:44:37.981,476.851,guiding_to_goal,35.91840558,139.9079348,23.099,0,TRUE,22,1,35.9184062,139.9079523,1.578893025,,22.97,668.6895703,75.14941406,124.9375,2.375,-8,0.36,1.37,9.58,-0.0625,0,0,51,,stopped,0,0,
2026-08-06T09:44:38.481,477.352,guiding_to_goal,35.91840558,139.9079348,23.099,0,TRUE,22,1,35.9184062,139.9079523,1.578893025,,22.97,668.6895703,75.14941406,124.9375,2.375,-8,0.38,1.38,9.59,0.125,-0.0625,0,51,,stopped,0,0,
2026-08-06T09:44:38.991,477.862,guiding_to_goal,35.91840558,139.9079348,23.099,0,TRUE,22,1,35.9184062,139.9079523,1.578893025,,22.97,668.6895703,75.14941406,124.9375,2.375,-8,0.37,1.35,9.58,0.125,-0.125,0.125,51,,stopped,0,0,
2026-08-06T09:44:39.492,478.362,guiding_to_goal,35.91840558,139.9079348,23.099,0,TRUE,22,1,35.9184062,139.9079523,1.578893025,,22.97,668.6895703,75.14941406,137.5625,2.75,-18.3125,-0.08,2.77,8.53,7.5625,-6.375,-4.375,51,,forward,18.18125,100,
2026-08-06T09:44:39.992,478.863,guiding_to_goal,35.91840558,139.9079348,23.099,0,TRUE,22,1,35.9184062,139.9079523,1.578893025,,22.97,668.6895703,75.14941406,137.5,3.75,-17.9375,1.67,0.83,8.97,-0.125,1.4375,5.375,51,,forward,19.74125,27.53125,
