timestamp,elapsed_s,phase,latitude_deg,longitude_deg,gnss_altitude_m,ground_speed_mps,gnss_has_fix,satellites,fix_quality,target_latitude_deg,target_longitude_deg,distance_to_target_m,target_heading_deg,temperature_c,pressure_hpa,humidity_percent,heading_deg,roll_deg,pitch_deg,accel_x_mps2,accel_y_mps2,accel_z_mps2,gyro_x_dps,gyro_y_dps,gyro_z_dps,calibration,heading_error_deg,control_mode,left_motor_command_percent,right_motor_command_percent,distance_m,error
2026-08-05T13:30:34.612,15.849,waiting_for_release,,,,,FALSE,,,35.923076,139.9102107,,,33.64,1010.003047,47.45898438,256.0625,87.1875,177.5625,10.09,-0.63,0.07,11.25,2.375,6.25,255,,,,,0.009,
2026-08-05T13:30:35.112,16.35,waiting_for_release,,,,,FALSE,,,35.923076,139.9102107,,,33.62,1009.951836,47.52832031,250.5625,85.8125,2.375,9.81,-0.57,0.39,16.75,1.375,3.75,255,,,,,0.009,
2026-08-05T13:30:35.612,16.85,waiting_for_release,,,,,FALSE,,,35.923076,139.9102107,,,33.63,1009.940469,47.58691406,244.5625,83.375,4.3125,10.96,0.27,0.97,30.25,-1.4375,-7.375,255,,,,,0.009,
2026-08-05T13:30:36.113,17.351,waiting_for_release,,,,,FALSE,,,35.923076,139.9102107,,,33.64,1009.902109,47.62207031,252.875,25.9375,-15.9375,4.64,3.32,6.5,-47.5,141.875,-56.4375,255,,,,,0.009,
2026-08-05T13:30:36.613,17.851,waiting_for_release,,,,,FALSE,,,35.923076,139.9102107,,,33.64,1009.956719,47.66894531,277.6875,-67,-18.9375,-9.73,2.91,5.15,41.875,93.125,-34.5625,255,,,,,0.011,
2026-08-05T13:30:37.114,18.351,waiting_for_release,,,,,FALSE,,,35.923076,139.9102107,,,33.63,1009.913164,47.59863281,288.4375,-86.625,-2.875,-10.37,-0.6,-0.07,-66.875,-32.4375,-26.875,255,,,,,0.009,
2026-08-05T13:30:37.614,18.852,waiting_for_release,,,,,FALSE,,,35.923076,139.9102107,,,33.63,1009.913164,47.71386719,294.0625,-89.3125,-179.875,-9.31,-0.47,-0.07,-11.375,-21.125,-8.4375,255,,,,,0.009,
2026-08-05T13:30:38.115,19.352,waiting_for_release,,,,,FALSE,,,35.923076,139.9102107,,,33.63,1009.967773,47.74902344,293.125,-88,-1.3125,-9.3,0.16,0.2,0,8.4375,9.1875,255,,,,,0.01,
2026-08-05T13:30:38.615,19.853,waiting_for_release,,,,,FALSE,,,35.923076,139.9102107,,,33.65,1009.890742,47.84375,292.5625,-87.5,-1.375,-9.47,0.14,0.68,0.0625,-0.1875,-0.3125,255,,,,,0.009,
2026-08-05T13:30:39.116,20.353,waiting_for_release,,,,,FALSE,,,35.923076,139.9102107,,,33.65,1009.945352,47.80859375,292.75,-86.9375,-1,-9.54,0.06,0.64,-0.375,-0.25,1.1875,255,,,,,0.009,
2026-08-05T13:30:39.616,20.854,waiting_for_release,,,,,FALSE,,,35.923076,139.9102107,,,33.65,1009.918008,47.80859375,292.875,-86.5625,-0.8125,-9.54,1.37,0.62,-0.9375,0.125,0,255,,,,,0.009,
2026-08-05T13:30:40.116,21.354,waiting_for_release,,,,,FALSE,,,35.923076,139.9102107,,,33.65,1009.890742,47.83203125,292.875,-86.375,-0.8125,-9.58,0.03,0.65,8,-0.375,0.9375,255,,,,,0.009,
2026-08-05T13:30:40.617,21.854,waiting_for_release,,,,,FALSE,,,35.923076,139.9102107,,,33.65,1009.918008,47.85546875,292.625,-86.3125,-1,-9.54,0.12,0.72,-0.25,-0.3125,1.25,255,,,,,0.009,
2026-08-05T13:30:41.117,22.355,waiting_for_release,,,,,FALSE,,,35.923076,139.9102107,,,33.67,1009.941914,47.87988281,292.5625,-86.25,-1.125,-9.55,0.2,0.67,-0.125,0.1875,0.4375,255,,,,,0.009,
2026-08-05T13:30:41.618,22.855,waiting_for_release,,,,,FALSE,,,35.923076,139.9102107,,,33.66,1009.879336,47.890625,292.3125,-86.25,-1.3125,-9.55,0.22,0.65,-0.3125,-0.75,0.75,255,,,,,0.009,
2026-08-05T13:30:42.118,23.356,waiting_for_release,,,,,FALSE,,,35.923076,139.9102107,,,33.66,1009.906641,47.90234375,292.375,-86.125,-1.3125,-9.55,0.16,0.65,0.3125,-0.4375,0.0625,255,,,,,0.009,
2026-08-05T13:30:42.619,23.856,waiting_for_release,,,,,FALSE,,,35.923076,139.9102107,,,33.67,1009.887344,47.87988281,292.375,-86.125,-1.25,-9.53,0.19,0.69,-0.1875,0.0625,0.75,255,,,,,0.009,
2026-08-05T13:30:43.119,24.357,waiting_for_release,,,,,FALSE,,,35.923076,139.9102107,,,33.45,1009.57793,47.87988281,292.3125,-86.125,-1.375,-9.56,0.26,0.65,-0.1875,1.0625,1.0625,255,,,,,0.009,
2026-08-05T13:30:43.619,24.857,waiting_for_release,,,,,FALSE,,,35.923076,139.9102107,,,33.67,1009.914648,47.78710938,292.25,-86.125,-1.4375,-9.54,0.23,0.73,-0.25,-0.4375,-0.8125,255,,,,,0.009,
2026-08-05T13:30:44.120,25.357,waiting_for_release,,,,,FALSE,,,35.923076,139.9102107,,,33.68,1009.911523,47.88085938,292.25,-86.125,-1.375,-9.56,0.25,0.67,0.25,0,-0.0625,255,,,,,0.009,
2026-08-05T13:30:44.620,25.858,waiting_for_release,,,,,FALSE,,,35.923076,139.9102107,,,33.68,1009.884219,47.86914063,292.25,-86.125,-1.375,-9.53,0.25,0.69,0,-0.0625,-0.125,255,,,,,0.009,
2026-08-05T13:30:45.121,26.358,waiting_for_release,,,,,FALSE,,,35.923076,139.9102107,,,33.68,1009.938828,47.85839844,292.25,-86.125,-1.4375,-9.55,0.26,0.68,-0.0625,-0.4375,0.5,255,,,,,0.009,
2026-08-05T13:30:45.621,26.859,waiting_for_release,,,,,FALSE,,,35.923076,139.9102107,,,33.68,1009.938828,47.89257813,292.25,-86.125,-1.4375,-9.57,0.26,0.74,-0.25,-0.375,-0.6875,255,,,,,0.009,
2026-08-05T13:30:46.122,27.359,waiting_for_release,,,,,FALSE,,,35.923076,139.9102107,,,33.69,1009.900156,47.859375,292.1875,-86.125,-1.4375,-9.55,0.29,0.64,0.4375,0,-0.0625,255,,,,,0.009,
2026-08-05T13:30:46.622,27.86,waiting_for_release,,,,,FALSE,,,35.923076,139.9102107,,,33.68,1009.884219,47.85839844,282.375,-56.1875,-22.5625,-7.38,1.43,3.68,9.6875,-182.1875,78.25,255,,,,,0.009,
2026-08-05T13:30:47.123,28.36,waiting_for_release,,,,,FALSE,,,35.923076,139.9102107,,,33.7,1009.908125,47.89453125,274.375,0.125,-23,1.67,4.27,0.03,5.625,12.4375,-4.4375,255,,,,,0.009,
2026-08-05T13:30:47.623,28.861,waiting_for_release,,,,,FALSE,,,35.923076,139.9102107,,,33.7,1009.853516,47.90625,274.875,0,-26.4375,0.03,4.26,8.9,14.6875,-0.5,-1.25,255,,,,,0.009,
2026-08-05T13:30:48.124,29.361,waiting_for_release,,,,,FALSE,,,35.923076,139.9102107,,,33.7,1009.916094,47.93066406,266.4375,25.5,-24.375,4.51,3.03,6.45,5.875,-16.25,-6.3125,255,,,,,0.009,
2026-08-05T13:30:48.624,29.862,waiting_for_release,,,,,FALSE,,,35.923076,139.9102107,,,33.71,1009.869453,47.96484375,267.6875,36.0625,-28.6875,5.44,3.78,6.69,0.75,-27.8125,9.625,255,,,,,0.009,
2026-08-05T13:30:49.125,30.362,waiting_for_release,,,,,FALSE,,,35.923076,139.9102107,,,33.71,1009.896758,47.90722656,267.6875,37.3125,-26.8125,5.44,3.92,6.42,1.0625,2.5,1,255,,,,,0.009,
2026-08-05T13:30:49.625,30.863,waiting_for_release,,,,,FALSE,,,35.923076,139.9102107,,,33.7,1009.888789,47.81445313,275.625,14.75,-19.375,3.09,3.85,10.48,-52,51,-52.3125,255,,,,,0.009,
2026-08-05T13:30:50.125,31.363,waiting_for_release,,,,,FALSE,,,35.923076,139.9102107,,,33.7,1009.962734,47.68652344,271.6875,0.4375,51.75,0.12,-7.85,5.45,-62.25,26.3125,-12.375,255,,,,,0.009,
2026-08-05T13:30:50.626,31.863,waiting_for_release,,,,,FALSE,,,35.923076,139.9102107,,,33.7,1009.943398,47.59472656,270.5625,1.1875,77.5,0.04,-6.1,1.45,-34.125,-12.3125,0.375,255,,,,,0.009,
2026-08-05T13:30:51.126,32.364,waiting_for_release,,,,,FALSE,,,35.923076,139.9102107,,,33.7,1009.916094,47.51367188,270.25,1.25,78.125,0.11,-9.35,2,7.25,0.1875,-0.0625,255,,,,,0.009,
2026-08-05T13:30:51.627,32.864,waiting_for_release,,,,,FALSE,,,35.923076,139.9102107,,,33.7,1009.861484,47.49023438,268.9375,1.0625,78.5,0,-9,4.76,3.875,-0.125,-0.0625,255,,,,,0.009,
2026-08-05T13:30:52.127,33.365,waiting_for_release,,,,,FALSE,,,35.923076,139.9102107,,,33.7,1009.916094,47.51367188,268.3125,0.625,69.625,-0.01,-9.1,3.39,-1.625,-0.1875,-0.1875,255,,,,,0.009,
2026-08-05T13:30:52.628,33.865,waiting_for_release,,,,,FALSE,,,35.923076,139.9102107,,,33.7,1009.970703,47.51367188,268.125,0.375,68.9375,0,-9.04,3.56,-1.75,0,0,255,,,,,0.009,
2026-08-05T13:30:53.128,34.366,waiting_for_release,,,,,FALSE,,,35.923076,139.9102107,,,33.71,1009.905039,47.54785156,268,0.3125,68.875,-0.01,-9.1,3.57,0.75,-0.1875,0.0625,255,,,,,0.009,
2026-08-05T13:30:53.629,34.866,waiting_for_release,,,,,FALSE,,,35.923076,139.9102107,,,33.7,1009.916094,47.59472656,268,0.1875,68.5,-0.01,-9.07,3.58,0.5625,0,0.0625,255,,,,,0.009,
2026-08-05T13:30:54.129,35.367,waiting_for_release,,,,,FALSE,,,35.923076,139.9102107,,,33.71,1009.932344,47.59472656,267.9375,0.1875,68,-0.02,-8.97,3.76,0.375,0,0,255,,,,,0.009,
2026-08-05T13:30:54.629,35.867,waiting_for_release,,,,,FALSE,,,35.923076,139.9102107,,,33.71,1009.905039,47.62890625,267.9375,0.1875,68,-0.02,-9.03,3.7,-1.625,-0.0625,0,255,,,,,0.009,
2026-08-05T13:30:55.130,36.367,waiting_for_release,,,,,FALSE,,,35.923076,139.9102107,,,33.71,1009.869453,47.62890625,267.9375,0.1875,68.0625,-0.03,-9.01,3.74,0.5625,-0.0625,0.0625,255,,,,,0.009,
2026-08-05T13:30:55.630,36.868,waiting_for_release,,,,,FALSE,,,35.923076,139.9102107,,,33.71,1009.905039,47.640625,267.9375,0.1875,68,-0.01,-9.02,3.69,0.0625,0,0,255,,,,,0.009,
2026-08-05T13:30:56.131,37.368,waiting_for_release,,,,,FALSE,,,35.923076,139.9102107,,,33.72,1009.912969,47.64160156,267.9375,0.1875,67.875,-0.01,-8.99,3.73,-0.625,0,0,255,,,,,0.009,
2026-08-05T13:30:56.631,37.869,waiting_for_release,,,,,FALSE,,,35.923076,139.9102107,,,33.71,1009.932344,47.67578125,267.9375,0.1875,67.9375,0,-9.04,3.67,8.5625,-0.0625,0.0625,255,,,,,0.009,
2026-08-05T13:30:57.132,38.369,waiting_for_release,,,,,FALSE,,,35.923076,139.9102107,,,33.71,1009.932344,47.67578125,267.9375,0.1875,67.6875,-0.03,-8.99,3.81,0.5,0.0625,0.125,255,,,,,0.009,
2026-08-05T13:30:57.632,38.87,waiting_for_release,,,,,FALSE,,,35.923076,139.9102107,,,33.73,1009.96418,47.74804688,267.9375,0.1875,67.4375,-0.01,-9,3.79,2.0625,0,0.0625,255,,,,,0.009,
2026-08-05T13:30:58.133,39.37,waiting_for_release,,,,,FALSE,,,35.923076,139.9102107,,,33.73,1009.928906,47.67773438,267.9375,0.1875,67,-0.03,-8.95,3.88,0.25,-0.0625,0,255,,,,,0.009,
2026-08-05T13:30:58.633,39.871,waiting_for_release,,,,,FALSE,,,35.923076,139.9102107,,,33.72,1009.893672,47.70117188,267.9375,0.1875,67.0625,-0.01,-8.95,3.86,-0.8125,-0.0625,-0.0625,255,,,,,0.009,
2026-08-05T13:30:59.133,40.371,waiting_for_release,,,,,FALSE,,,35.923076,139.9102107,,,33.72,1009.893672,47.67773438,267.9375,0.1875,67.0625,-0.01,-8.95,3.86,-0.5,-0.1875,0,255,,,,,0.009,
2026-08-05T13:30:59.634,40.871,waiting_for_release,,,,,FALSE,,,35.923076,139.9102107,,,33.72,1009.948242,47.71191406,268.0625,0.1875,62.0625,-0.02,-9.26,5.45,46.9375,-0.8125,-0.4375,255,,,,,0.009,
2026-08-05T13:31:00.134,41.372,waiting_for_release,,,,,FALSE,,,35.923076,139.9102107,,,33.73,1009.909609,47.66699219,281.5625,0,-43.75,1.59,8.61,6.33,388.6875,3.75,-114.0625,191,,,,,0.009,
2026-08-05T13:31:00.635,41.872,waiting_for_release,,,,,FALSE,,,35.923076,139.9102107,,,33.74,1009.890234,47.69042969,274.875,-1,-130.125,0.37,5.35,-3.84,145.625,86.125,13.3125,127,,,,,0.009,
2026-08-05T13:31:01.135,42.373,waiting_for_release,,,,,FALSE,,,35.923076,139.9102107,,,33.73,1009.901602,47.70117188,92.3125,0.4375,-142.125,0.21,6.17,-7.16,-10.875,-0.5,0.25,127,,,,,0.009,
2026-08-05T13:31:01.636,42.873,waiting_for_release,,,,,FALSE,,,35.923076,139.9102107,,,33.73,1009.96418,47.74804688,88.5,0.75,-136.375,0.21,6.7,-6.6,-1.875,-0.125,-0.0625,191,,,,,0.009,
2026-08-05T13:31:02.136,43.374,waiting_for_release,,,,,FALSE,,,35.923076,139.9102107,,,33.74,1009.917539,47.78222656,264.75,0.8125,-131.9375,0.21,7.23,-6.31,1.625,8.125,0.0625,191,,,,,0.009,
2026-08-05T13:31:02.636,43.874,waiting_for_release,,,,,FALSE,,,35.923076,139.9102107,,,33.74,1009.925508,47.89941406,262.9375,0.9375,-131.875,0.18,7.24,-6.3,-1.375,0,0.0625,255,,,,,0.009,
2026-08-05T13:31:03.137,44.374,waiting_for_release,,,,,FALSE,,,35.923076,139.9102107,,,33.74,1009.980117,47.81835938,262.625,1,-129.4375,0.21,7.45,-5.98,1.0625,0.125,0,255,,,,,0.009,
2026-08-05T13:31:03.637,44.875,waiting_for_release,,,,,FALSE,,,35.923076,139.9102107,,,33.74,1009.925508,47.80664063,262.5625,1,-129.375,0.22,7.45,-6.09,2.1875,-0.0625,0.0625,255,,,,,0.009,
2026-08-05T13:31:04.138,45.375,waiting_for_release,,,,,FALSE,,,35.923076,139.9102107,,,33.74,1009.898203,47.81835938,262.5,1,-129.375,0.23,7.46,-6.06,-1.0625,0,0.0625,255,,,,,0.009,
2026-08-05T13:31:04.638,45.876,waiting_for_release,,,,,FALSE,,,35.923076,139.9102107,,,33.75,1009.914414,47.78417969,262.5,1,-129.4375,0.21,7.45,-6.08,2,0.0625,0.125,255,,,,,0.009,
2026-08-05T13:31:05.139,46.376,waiting_for_release,,,,,FALSE,,,35.923076,139.9102107,,,33.74,1009.925508,47.78320313,262.5,1,-129.3125,0.22,7.5,-5.98,-0.3125,-0.0625,0,255,,,,,0.009,
2026-08-05T13:31:05.639,46.877,waiting_for_release,,,,,FALSE,,,35.923076,139.9102107,,,33.76,1009.922422,47.7734375,262.5625,1,-129.25,0.21,7.47,-6,-0.625,0.125,0.125,255,,,,,0.009,
2026-08-05T13:31:06.139,47.377,waiting_for_release,,,,,FALSE,,,35.923076,139.9102107,,,33.77,1009.992969,47.77539063,262.5625,1,-129.125,1.49,7.5,-5.99,-0.9375,-0.1875,-0.125,255,,,,,0.009,
2026-08-05T13:31:06.640,47.877,waiting_for_release,,,,,FALSE,,,35.923076,139.9102107,,,33.76,1009.903047,47.73925781,262.5625,1,-128.75,0.19,7.51,-6.01,0.1875,-0.0625,0.25,255,,,,,0.009,
2026-08-05T13:31:07.140,48.378,waiting_for_release,,,,,FALSE,,,35.923076,139.9102107,,,33.77,1009.93832,47.69335938,262.5625,1,-128.625,0.23,7.57,-5.87,-0.375,8.0625,0,255,,,,,0.009,
2026-08-05T13:31:07.641,48.878,waiting_for_release,,,,,FALSE,,,35.923076,139.9102107,,,33.77,1009.93832,47.67089844,262.5625,1.0625,-129,0.24,7.35,-6.18,0.8125,0.1875,-0.125,255,,,,,0.009,
2026-08-05T13:31:08.141,49.379,waiting_for_release,,,,,FALSE,,,35.923076,139.9102107,,,33.78,1009.926953,47.66015625,262.5,1.0625,-128.9375,0.39,7.43,-6.38,-5.875,3.0625,-2.3125,255,,,,,0.009,
2026-08-05T13:31:08.642,49.879,waiting_for_release,,,,,FALSE,,,35.923076,139.9102107,,,33.77,1009.973594,47.6484375,261.6875,1.0625,-128.5625,0.21,7.55,-5.98,1,0.0625,-0.125,255,,,,,0.009,
2026-08-05T13:31:09.142,50.38,waiting_for_release,,,,,FALSE,,,35.923076,139.9102107,,,33.78,1009.962539,47.63671875,261.125,1.0625,-128.6875,0.2,7.49,-6.04,1.1875,-0.0625,-0.125,255,,,,,0.009,
2026-08-05T13:31:09.642,50.88,waiting_for_release,,,,,FALSE,,,35.923076,139.9102107,,,33.79,1009.923867,47.51171875,261.25,0.9375,-128,0.14,7.28,-6.85,-5.25,-0.5,0.1875,255,,,,,0.009,
2026-08-05T13:31:10.143,51.38,waiting_for_release,,,,,FALSE,,,35.923076,139.9102107,,,33.78,1009.935234,47.59082031,261.3125,0.9375,-127.6875,0,7.62,-6.06,-7.625,-1.3125,-0.25,255,,,,,0.009,
2026-08-05T13:31:10.643,51.881,waiting_for_release,,,,,FALSE,,,35.923076,139.9102107,,,33.79,1009.923867,47.61523438,260.4375,0.9375,-126.125,-0.03,8.22,-5.11,7.9375,-4.6875,0.125,255,,,,,0.009,
2026-08-05T13:31:11.144,52.381,waiting_for_release,,,,,FALSE,,,35.923076,139.9102107,,,33.79,1009.951172,47.63867188,255.6875,1.8125,-121.8125,2.06,13.06,-9.01,11.3125,-19.625,-15.125,255,,,,,0.009,
2026-08-05T13:31:11.644,52.882,waiting_for_release,,,,,FALSE,,,35.923076,139.9102107,,,33.8,1009.849883,47.58105469,81.9375,15.25,-157.0625,0.19,4.12,-4.84,84.6875,58.4375,-29.8125,255,,,,,0.009,
2026-08-05T13:31:12.145,53.382,waiting_for_release,,,,,FALSE,,,35.923076,139.9102107,,,33.8,1009.795313,47.65039063,161.25,38.6875,-116.9375,5.17,8.66,-5.64,7.25,-17.875,-13.4375,191,,,,,0.009,
2026-08-05T13:31:12.645,53.883,waiting_for_release,,,,,FALSE,,,35.923076,139.9102107,,,33.81,1009.830586,47.67382813,71,-33.6875,-178.8125,-1.53,1.84,-9.06,141,-199.6875,-7.6875,191,,,,,0.009,
2026-08-05T13:31:13.145,54.383,waiting_for_release,,,,,FALSE,,,35.923076,139.9102107,,,33.81,1009.803242,47.68554688,128.9375,-73.625,-158.3125,-8.66,-0.32,-1.91,7.5625,60.75,128,127,,,,,0.009,
2026-08-05T13:31:13.646,54.883,waiting_for_release,,,,,FALSE,,,35.923076,139.9102107,,,33.79,1009.760039,47.68554688,158.6875,-0.0625,-157.3125,-2.91,5.09,-13.59,104.75,123.75,-43.0625,63,,,,,0.009,
2026-08-05T13:31:14.146,55.384,waiting_for_release,,,,,FALSE,,,35.923076,139.9102107,,,33.79,1009.732734,47.63867188,19.4375,24.8125,92.75,1.94,-6.15,-2.12,251.0625,39.625,-21.5,191,,,,,0.008,
2026-08-05T13:31:14.647,55.884,waiting_for_release,,,,,FALSE,,,35.923076,139.9102107,,,33.81,1009.803242,47.73144531,36.5,70.25,-24.4375,11.88,-0.46,0.51,32.5,-122.25,-80.125,127,,,,,0.009,
2026-08-05T13:31:15.147,56.385,waiting_for_release,,,,,FALSE,,,35.923076,139.9102107,,,33.81,1009.857852,47.77734375,2.4375,28.0625,-160.1875,9.01,3.65,-11.5,54.625,-174.3125,35.8125,63,,,,,0.009,
2026-08-05T13:31:15.648,56.885,waiting_for_release,,,,,FALSE,,,35.923076,139.9102107,,,33.82,1009.791875,47.72167969,166.125,-30.1875,117.5625,-2.93,-6.2,-5.15,212.75,-83.875,138.6875,127,,,,,0.009,
2026-08-05T13:31:16.148,57.386,waiting_for_release,,,,,FALSE,,,35.923076,139.9102107,,,33.83,1009.83543,47.7109375,192.75,-71.3125,30.3125,-8.57,-0.23,2.19,156.1875,77.9375,-7.125,255,,,,,0.009,
2026-08-05T13:31:16.649,57.886,waiting_for_release,,,,,FALSE,,,35.923076,139.9102107,,,33.82,1009.81918,47.82617188,316.9375,-25.625,117.5625,-6.8,-9.37,-4.27,53.375,178.375,-158.0625,63,,,,,0.009,
2026-08-05T13:31:17.149,58.387,waiting_for_release,,,,,FALSE,,,35.923076,139.9102107,,,33.82,1009.81918,47.45507813,76.6875,53.125,101.0625,9.62,-7.82,-3.41,87.9375,57.0625,-64.5,191,,,,,0.009,
2026-08-05T13:31:17.649,58.887,waiting_for_release,,,,,FALSE,,,35.923076,139.9102107,,,33.81,1009.811211,47.39648438,44.4375,46.5,9.625,9.09,1.18,1.35,146.4375,57.25,40.9375,191,,,,,0.009,
2026-08-05T13:31:18.150,59.387,waiting_for_release,,,,,FALSE,,,35.923076,139.9102107,,,33.81,1009.838516,47.37304688,346.75,54.25,-42.8125,7.2,2.22,4.33,71.125,-123.5625,44.5,255,,,,,0.009,
2026-08-05T13:31:18.650,59.888,waiting_for_release,,,,,FALSE,,,35.923076,139.9102107,,,33.81,1009.857852,47.34960938,313.5,46.3125,-177.25,10.7,1.52,-8.91,91.6875,-42.25,123.9375,191,,,,,0.009,
2026-08-05T13:31:19.151,60.388,waiting_for_release,,,,,FALSE,,,35.923076,139.9102107,,,33.81,1009.857852,47.37207031,203.5,1,88.4375,2.5,-9.66,0.38,153.25,76.8125,178.75,255,,,,,0.009,
2026-08-05T13:31:19.651,60.889,waiting_for_release,,,,,FALSE,,,35.923076,139.9102107,,,33.82,1009.709961,47.31640625,184.125,-54.8125,-17.6875,-4,1.29,3.28,116.6875,45.6875,56.125,255,,,,,0.009,
2026-08-05T13:31:20.152,61.389,waiting_for_release,,,,,FALSE,,,35.923076,139.9102107,,,33.82,1009.772852,47.56054688,202.125,-55.5,-126.25,-7.79,3.66,-2.66,88.9375,51.5,-25,191,,,,,0.009,
2026-08-05T13:31:20.652,61.89,waiting_for_release,,,,,FALSE,,,35.923076,139.9102107,,,33.82,1009.772852,47.45605469,330.375,-54.0625,108.625,-12.03,-10.23,-3.67,107.75,-114.5625,-104.5625,255,,,,,0.009,
2026-08-05T13:31:21.152,62.39,waiting_for_release,,,,,FALSE,,,35.923076,139.9102107,,,33.82,1009.76457,47.328125,19,37.375,16.375,5.02,-5.18,9.2,128.125,-125.75,-117.8125,191,,,,,0.009,
2026-08-05T13:31:21.653,62.89,waiting_for_release,,,,,FALSE,,,35.923076,139.9102107,,,33.83,1009.83543,47.23632813,358.8125,62.8125,-136.5625,8.65,3.95,-5.45,94.4375,-98.125,72.25,255,,,,,0.009,
2026-08-05T13:31:22.153,63.391,waiting_for_release,,,,,FALSE,,,35.923076,139.9102107,,,33.83,1009.808125,47.32910156,231.5625,36.0625,81.5,8.61,-8.28,0.73,190.1875,150,195.1875,255,,,,,0.009,
2026-08-05T13:31:22.654,63.891,waiting_for_release,,,,,FALSE,,,35.923076,139.9102107,,,33.83,1009.83543,47.31738281,208,-49.5,-17.3125,-5.99,-0.53,9.09,145.625,149.375,103.8125,255,,,,,0.009,
2026-08-05T13:31:23.154,64.392,waiting_for_release,,,,,FALSE,,,35.923076,139.9102107,,,33.82,1009.800117,47.28222656,202.375,-32.625,-120.9375,-3.43,6.74,-2.23,67.625,-62.375,8.25,255,,,,,0.009,
2026-08-05T13:31:23.655,64.892,waiting_for_release,,,,,FALSE,,,35.923076,139.9102107,,,33.83,1009.843398,47.27050781,297.875,-84.5,-1.9375,-13.31,2.5,1.17,-24.1875,-191.0625,-139.9375,255,,,,,0.009,
2026-08-05T13:31:24.155,65.393,waiting_for_release,,,,,FALSE,,,35.923076,139.9102107,,,33.83,1009.83543,47.32910156,335.5,35,39.4375,2.22,-7.47,7.38,1.375,-222.1875,-173.75,255,,,,,0.009,
2026-08-05T13:31:24.655,65.893,waiting_for_release,,,,,FALSE,,,35.923076,139.9102107,,,33.83,1009.83543,47.23632813,347.75,65,-100.4375,6.63,1.06,-1.8,133.3125,-1.5,-64,255,,,,,0.008,
2026-08-05T13:31:25.156,66.393,waiting_for_release,,,,,FALSE,,,35.923076,139.9102107,,,33.84,1009.742109,47.30664063,270,78.625,-173,10.74,1.46,-4.59,149.4375,68.75,104.375,255,,,,,0.009,
2026-08-05T13:31:25.656,66.894,waiting_for_release,,,,,FALSE,,,35.923076,139.9102107,,,33.84,1009.750078,47.43554688,194.6875,-11.125,40.6875,-0.32,-8.98,10.33,83.375,161.5625,99.5625,255,,,,,0.009,
2026-08-05T13:31:26.157,67.394,waiting_for_release,,,,,FALSE,,,35.923076,139.9102107,,,33.84,1009.796719,47.35351563,189.9375,-59.25,-66.5,-6.36,1.24,1.96,161.25,18.5,59.1875,255,,,,,0.009,
2026-08-05T13:31:26.657,67.895,waiting_for_release,,,,,FALSE,,,35.923076,139.9102107,,,33.84,1009.796719,47.28320313,241.5625,-38.1875,-128.5,-5.78,7.28,-2.89,66.375,-79.125,9.5,255,,,,,0.009,
2026-08-05T13:31:27.157,68.395,waiting_for_release,,,,,FALSE,,,35.923076,139.9102107,,,33.84,1009.796719,47.30664063,287.0625,-74.375,-86.9375,-12.59,2.4,1.16,-23.25,-120.5625,-143.25,255,,,,,0.009,
2026-08-05T13:31:27.658,68.896,waiting_for_release,,,,,FALSE,,,35.923076,139.9102107,,,33.84,1009.804688,47.29589844,333.875,49.1875,26.5625,5.59,-3.64,5.84,-24.5,-184.3125,-152.125,255,,,,,0.009,
2026-08-05T13:31:28.158,69.396,waiting_for_release,,,,,FALSE,,,35.923076,139.9102107,,,33.84,1009.769414,47.27148438,26.5625,38.3125,-122.75,5.02,3.65,-4.38,88.5625,2.6875,-75.125,255,,,,,0.009,
2026-08-05T13:31:28.659,69.896,waiting_for_release,,,,,FALSE,,,35.923076,139.9102107,,,33.85,1009.820625,47.27246094,266.125,67.3125,166.5,10.65,-0.6,-4.58,146.3125,154.0625,144.5625,255,,,,,0.009,
2026-08-05T13:31:29.159,70.397,waiting_for_release,,,,,FALSE,,,35.923076,139.9102107,,,33.85,1009.785352,47.31933594,199.25,5.0625,31.4375,2.78,-4.65,6.98,141.8125,168.625,37.75,255,,,,,0.009,
2026-08-05T13:31:29.660,70.897,waiting_for_release,,,,,FALSE,,,35.923076,139.9102107,,,33.85,1009.730703,47.30761719,189.125,-73.25,-114.9375,-7.76,1.7,-0.32,74.5,116.875,121.8125,255,,,,,0.009,
2026-08-05T13:31:30.160,71.398,waiting_for_release,,,,,FALSE,,,35.923076,139.9102107,,,33.85,1009.765977,47.35449219,211.5625,-34.8125,-148.1875,-8.11,3.86,-8.22,82.75,-138.75,36.25,191,,,,,0.009,
2026-08-05T13:31:30.660,71.898,waiting_for_release,,,,,FALSE,,,35.923076,139.9102107,,,33.84,1009.777383,47.21484375,307.1875,-51.1875,44,-11.09,-4.93,5.52,-38.1875,-171.75,-175.375,255,,,,,0.009,
2026-08-05T13:31:31.161,72.399,waiting_for_release,,,,,FALSE,,,35.923076,139.9102107,,,33.84,1009.804688,47.15722656,353.4375,66.0625,71.1875,6.82,-6.08,2.65,10.125,-116.0625,-233.5,255,,,,,0.009,
2026-08-05T13:31:31.661,72.899,waiting_for_release,,,,,FALSE,,,35.923076,139.9102107,,,33.84,1009.742109,47.08691406,21.875,39.5,-108.625,4.98,6.36,-4.36,112.125,4.5,-65.6875,255,,,,,0.009,
2026-08-05T13:31:32.162,73.4,waiting_for_release,,,,,FALSE,,,35.923076,139.9102107,,,33.84,1009.859336,47.08789063,275.625,68.25,171,10.68,0.13,-4.23,106.4375,24.0625,143.5,255,,,,,0.008,
2026-08-05T13:31:32.662,73.9,waiting_for_release,,,,,FALSE,,,35.923076,139.9102107,,,33.85,1009.847891,47.11035156,195.8125,-18.625,45.25,-1.69,-7.31,7.49,160.375,191.75,122.5625,255,,,,,0.009,
2026-08-05T13:31:33.163,74.4,waiting_for_release,,,,,FALSE,,,35.923076,139.9102107,,,33.84,1009.804688,47.04101563,177.1875,-58.375,-113.5625,-6.19,3.01,-0.89,114.625,39.3125,137.9375,255,,,,,0.009,
2026-08-05T13:31:33.663,74.901,waiting_for_release,,,,,FALSE,,,35.923076,139.9102107,,,33.85,1009.812656,46.99511719,208.875,-41.4375,-124.75,-7.86,5.78,-3.01,65,-45.75,-17.8125,191,,,,,0.009,
2026-08-05T13:31:34.164,75.401,waiting_for_release,,,,,FALSE,,,35.923076,139.9102107,,,33.85,1009.765977,46.94824219,305.4375,-38.75,25.9375,-8.98,-1.5,6.58,-43.5,-255.75,-192.25,255,,,,,0.009,
2026-08-05T13:31:34.664,75.902,waiting_for_release,,,,,FALSE,,,35.923076,139.9102107,,,33.84,1009.742109,46.87792969,10.375,77.25,-12,5.86,-3.8,0.58,34.625,-91,-179.125,255,,,,,0.009,
2026-08-05T13:31:35.165,76.402,waiting_for_release,,,,,FALSE,,,35.923076,139.9102107,,,33.85,1009.758047,46.84375,356.6875,63.4375,-128.25,8.17,3.24,-4.7,89.25,-33.8125,48.4375,255,,,,,0.009,
2026-08-05T13:31:35.665,76.903,waiting_for_release,,,,,FALSE,,,35.923076,139.9102107,,,33.87,1009.790195,46.88085938,238.1875,43.625,73.5625,8.53,-5.31,0.84,31.9375,113.625,145.4375,255,,,,,0.009,
2026-08-05T13:31:36.165,77.403,waiting_for_release,,,,,FALSE,,,35.923076,139.9102107,,,33.85,1009.839961,46.77441406,197.625,-50.0625,64.6875,-6.6,-6.17,2.68,26.125,134.9375,167.4375,255,,,,,0.008,
2026-08-05T13:31:36.666,77.903,waiting_for_release,,,,,FALSE,,,35.923076,139.9102107,,,33.85,1009.785352,46.65917969,179.6875,-64.875,-112.9375,-7.37,2.94,-2.19,82.5625,-29.1875,9.5,255,,,,,0.009,
2026-08-05T13:31:37.166,78.404,waiting_for_release,,,,,FALSE,,,35.923076,139.9102107,,,33.86,1009.883516,46.61328125,248.3125,-77.5625,135.625,-12.45,-0.16,-0.36,73.1875,-21.3125,-102.875,255,,,,,0.009,
2026-08-05T13:31:37.667,78.904,waiting_for_release,,,,,FALSE,,,35.923076,139.9102107,,,33.86,1009.774258,46.58984375,344.6875,41.1875,100.1875,5.08,-7.92,1.1,-62.5625,-41.0625,-183.75,255,,,,,0.009,
2026-08-05T13:31:38.167,79.405,waiting_for_release,,,,,FALSE,,,35.923076,139.9102107,,,33.85,1009.765977,46.51953125,27.875,71.5,-103.0625,5.89,1.69,-1.09,68.1875,-8.5625,-142.125,255,,,,,0.009,
2026-08-05T13:31:38.667,79.905,waiting_for_release,,,,,FALSE,,,35.923076,139.9102107,,,33.85,1009.758047,46.35742188,325.4375,60.625,-167.125,8.51,2.26,-6.6,172.5,-23.375,70.5,255,,,,,0.009,
2026-08-05T13:31:39.168,80.405,waiting_for_release,,,,,FALSE,,,35.923076,139.9102107,,,33.85,1009.812656,46.27636719,212.3125,25.8125,77.0625,7.44,-8.89,0.49,152.5625,105.125,125.125,255,,,,,0.008,
2026-08-05T13:31:39.668,80.906,waiting_for_release,,,,,FALSE,,,35.923076,139.9102107,,,33.85,1009.785352,46.31152344,155.875,-68.75,-11.5,-6.33,-1.17,2.01,38.25,96.0625,209.25,255,,,,,0.008,
2026-08-05T13:31:40.169,81.406,waiting_for_release,,,,,FALSE,,,35.923076,139.9102107,,,33.85,1009.839961,46.34570313,147.5,-37.8125,-90.1875,-6.77,7.35,-0.3,110.375,-116.1875,-36,255,,,,,0.009,
2026-08-05T13:31:40.669,81.907,waiting_for_release,,,,,FALSE,,,35.923076,139.9102107,,,33.85,1009.875234,46.34570313,239.4375,-79.9375,-171.375,-11.67,0.52,0,48.375,-44.6875,-148.25,191,,,,,0.009,
2026-08-05T13:31:41.170,82.407,waiting_for_release,,,,,FALSE,,,35.923076,139.9102107,,,33.85,1009.812656,46.40332031,323.375,20.6875,103.3125,3.69,-8.76,-2.1,-51,-79.625,-185.1875,255,,,,,0.009,
2026-08-05T13:31:41.670,82.908,waiting_for_release,,,,,FALSE,,,35.923076,139.9102107,,,33.85,1009.765977,46.38085938,33.625,75.25,-67.5,6.25,1.13,0.33,156.875,75.8125,-101.125,255,,,,,0.009,
2026-08-05T13:31:42.170,83.408,waiting_for_release,,,,,FALSE,,,35.923076,139.9102107,,,33.86,1009.774258,46.40429688,2.9375,59.4375,-103.8125,8.82,4.19,-2.58,102,-23.5625,49.8125,255,,,,,0.009,
2026-08-05T13:31:42.671,83.909,waiting_for_release,,,,,FALSE,,,35.923076,139.9102107,,,33.86,1009.828867,46.46289063,222.625,39.75,95.75,9.42,-6.51,-1.61,71.8125,91.1875,215.0625,255,,,,,0.009,
2026-08-05T13:31:43.171,84.409,waiting_for_release,,,,,FALSE,,,35.923076,139.9102107,,,33.85,1009.812656,46.47363281,159.625,-48.375,50.3125,-6.28,-7.04,2.16,109.9375,47.5,159.9375,255,,,,,0.009,
2026-08-05T13:31:43.672,84.909,waiting_for_release,,,,,FALSE,,,35.923076,139.9102107,,,33.86,1009.801602,46.47460938,132.125,-36.9375,-67.6875,-6.3,4.2,2.36,88.125,-56.375,4.5625,191,,,,,0.009,
2026-08-05T13:31:44.172,85.41,waiting_for_release,,,,,FALSE,,,35.923076,139.9102107,,,33.86,1009.809531,46.47558594,207.5,-76.25,-74.5625,-10.87,2.26,2.59,45.75,10.25,-166.375,255,,,,,0.009,
2026-08-05T13:31:44.673,85.91,waiting_for_release,,,,,FALSE,,,35.923076,139.9102107,,,33.85,1009.820625,46.43847656,305.625,-5.25,101.5625,-3.19,-10.01,-1.97,-226.4375,-11.5,-276.3125,255,,,,,0.008,
2026-08-05T13:31:45.173,86.411,waiting_for_release,,,,,FALSE,,,35.923076,139.9102107,,,33.85,1009.847891,46.33398438,45.5625,81.4375,177.125,5.76,-1.51,-3.7,102.8125,133.75,-143.5,255,,,,,0.009,
2026-08-05T13:31:45.674,86.911,waiting_for_release,,,,,FALSE,,,35.923076,139.9102107,,,33.85,1009.820625,46.04394531,43.3125,46.625,-89,6.43,7.04,-1.48,110.75,-56.9375,2.125,255,,,,,0.009,
2026-08-05T13:31:46.174,87.412,waiting_for_release,,,,,FALSE,,,35.923076,139.9102107,,,33.86,1009.828867,45.953125,266.75,42.8125,155.375,10.04,-0.08,-7.92,162.0625,-3.3125,136.25,255,,,,,0.009,
2026-08-05T13:31:46.675,87.912,waiting_for_release,,,,,FALSE,,,35.923076,139.9102107,,,33.85,1009.758047,46.05566406,176.8125,-30.9375,35.4375,-3.18,-5.47,4.06,266.125,110.3125,130.5,255,,,,,0.009,
2026-08-05T13:31:47.175,88.413,waiting_for_release,,,,,FALSE,,,35.923076,139.9102107,,,33.86,1009.746953,46.12695313,175.5625,-44.4375,-72.375,-5.47,4.7,2.08,94.25,12.5625,51.5625,191,,,,,0.009,
2026-08-05T13:31:47.675,88.913,waiting_for_release,,,,,FALSE,,,35.923076,139.9102107,,,33.86,1009.828867,46.17285156,241.8125,-79.4375,-19.6875,-10.38,1.44,3.17,-15.5,-36.1875,-188.875,255,,,,,0.009,
2026-08-05T13:31:48.176,89.413,waiting_for_release,,,,,FALSE,,,35.923076,139.9102107,,,33.86,1009.782227,46.19726563,315.125,7.4375,109.1875,-1.82,-10.74,-0.23,-43.25,22.3125,-181.9375,255,,,,,0.009,
2026-08-05T13:31:48.676,89.914,waiting_for_release,,,,,FALSE,,,35.923076,139.9102107,,,33.86,1009.774258,46.10351563,36.0625,81.0625,-96.6875,5.63,-0.05,-0.92,112.1875,96.375,-175.9375,255,,,,,0.008,
2026-08-05T13:31:49.177,90.414,waiting_for_release,,,,,FALSE,,,35.923076,139.9102107,,,33.85,1009.785352,46.03320313,17.125,59.375,-110.5,8.57,6.46,-1.45,97.375,-70.375,59.6875,255,,,,,0.009,
2026-08-05T13:31:49.677,90.915,waiting_for_release,,,,,FALSE,,,35.923076,139.9102107,,,33.86,1009.836875,46.06933594,226.8125,31,101.75,9.74,-6.97,-2.22,119.1875,62.125,164.5,255,,,,,0.009,
2026-08-05T13:31:50.178,91.415,waiting_for_release,,,,,FALSE,,,35.923076,139.9102107,,,33.86,1009.828867,46.16113281,176.8125,-48.1875,54.125,-5.59,-5.98,3.23,39.875,96.75,174.375,191,,,,,0.009,
2026-08-05T13:31:50.678,91.916,waiting_for_release,,,,,FALSE,,,35.923076,139.9102107,,,33.86,1009.746953,46.20800781,123.9375,-43.25,-84.0625,-6.83,4.04,-0.06,103.8125,-58.9375,-11.25,191,,,,,0.009,
2026-08-05T13:31:51.179,92.416,waiting_for_release,,,,,FALSE,,,35.923076,139.9102107,,,33.87,1009.844805,46.24316406,250.75,-65.875,87.75,-13.93,-0.73,1.88,109.0625,-39.6875,-280.875,255,,,,,0.009,
2026-08-05T13:31:51.679,92.917,waiting_for_release,,,,,FALSE,,,35.923076,139.9102107,,,33.87,1009.8175,46.26660156,347.6875,61.4375,121.5,7.69,-4.88,0.52,-78,-107.5625,-163.4375,191,,,,,0.009,
2026-08-05T13:31:52.179,93.417,waiting_for_release,,,,,FALSE,,,35.923076,139.9102107,,,33.87,1009.844805,46.32421875,341.8125,45.8125,175.3125,6.51,1.71,-8.46,199.8125,-1.375,29.75,255,,,,,0.009,
2026-08-05T13:31:52.680,93.917,waiting_for_release,,,,,FALSE,,,35.923076,139.9102107,,,33.86,1009.836875,46.37109375,201.6875,0.6875,84.375,6.73,-6.96,0.11,83.1875,14.375,45.6875,191,,,,,0.008,
2026-08-05T13:31:53.180,94.418,waiting_for_release,,,,,FALSE,,,35.923076,139.9102107,,,33.86,1009.836875,46.37109375,219.375,-7.5,92.25,2.66,-12.21,-1.03,-50.8125,94.9375,-48.875,255,,,,,0.008,
2026-08-05T13:31:53.681,94.918,waiting_for_release,,,,,FALSE,,,35.923076,139.9102107,,,33.86,1009.782227,46.671875,254.5,8.625,95.6875,-4.05,-8.45,0.29,-39.6875,-85.375,21.1875,127,,,,,0.009,
2026-08-05T13:31:54.181,95.419,waiting_for_release,,,,,FALSE,,,35.923076,139.9102107,,,33.86,1009.856211,46.43945313,160.0625,-29.5625,84.5,3.14,-9.3,-2.11,74.5,-90.75,51.375,191,,,,,0.009,
2026-08-05T13:31:54.682,95.919,waiting_for_release,,,,,FALSE,,,35.923076,139.9102107,,,33.86,1009.856211,46.47460938,183.4375,-11.9375,96.0625,0.64,-14.9,-4.18,-13.1875,112.1875,-61.6875,191,,,,,0.009,
2026-08-05T13:31:55.182,96.42,waiting_for_release,,,,,FALSE,,,35.923076,139.9102107,,,33.87,1009.790195,46.48632813,218.375,8,88.8125,-2.55,-6.19,-0.32,-19.6875,-75.5625,34.5,255,,,,,0.009,
2026-08-05T13:31:55.682,96.92,waiting_for_release,,,,,FALSE,,,35.923076,139.9102107,,,33.87,1009.872148,46.56835938,116.0625,-24,77.25,2.6,-8.33,-0.9,38.5625,-91,36.4375,255,,,,,0.009,
2026-08-05T13:31:56.183,97.42,waiting_for_release,,,,,FALSE,,,35.923076,139.9102107,,,33.87,1009.844805,46.63769531,139.625,-14.4375,97.625,-0.4,-15,-7.47,-32.6875,145.5,-38.375,255,,,,,0.009,
2026-08-05T13:31:56.683,97.921,waiting_for_release,,,,,FALSE,,,35.923076,139.9102107,,,33.87,1009.872148,46.68359375,175.6875,-2.0625,100.75,-2.79,-9.05,-2.15,-53.5625,-73.625,19.625,255,,,,,0.009,
2026-08-05T13:31:57.184,98.421,waiting_for_release,,,,,FALSE,,,35.923076,139.9102107,,,33.87,1009.798164,46.74316406,117.0625,-16.875,80.3125,3.16,-7.55,-1.91,40.4375,-58.4375,26,255,,,,,0.009,
2026-08-05T13:31:57.684,98.922,waiting_for_release,,,,,FALSE,,,35.923076,139.9102107,,,33.87,1009.872148,46.77636719,149.1875,-9.1875,96.375,-0.34,-12.06,-5,15.5,119.4375,-31.5,255,,,,,0.008,
2026-08-05T13:31:58.185,99.422,waiting_for_release,,,,,FALSE,,,35.923076,139.9102107,,,33.88,1009.833438,46.80078125,168.375,3.1875,91.3125,-1.75,-9.71,-1.78,-35.4375,-75.25,32.625,255,,,,,0.009,
2026-08-05T13:31:58.685,99.923,waiting_for_release,,,,,FALSE,,,35.923076,139.9102107,,,33.87,1009.798164,46.87011719,106.5625,-15.9375,77.5,3.55,-6.53,-0.64,5.5,16.25,13.1875,255,,,,,0.009,
2026-08-05T13:31:59.185,100.423,waiting_for_release,,,,,FALSE,,,35.923076,139.9102107,,,33.87,1009.825469,46.80078125,155.75,-7.1875,95.4375,-1.59,-11.8,-4.14,43.6875,88.125,-43.375,255,,,,,0.009,
2026-08-05T13:31:59.686,100.923,waiting_for_release,,,,,FALSE,,,35.923076,139.9102107,,,33.87,1009.790195,46.84570313,158.5625,-2.9375,92.0625,-1.58,-12.13,-4.03,-22.0625,-98.8125,29.6875,255,,,,,0.008,
2026-08-05T13:32:00.186,101.424,waiting_for_release,,,,,FALSE,,,35.923076,139.9102107,,,33.87,1009.8175,46.89257813,109.3125,-11.5,74.3125,4.03,-7.75,-0.52,10,10,15.375,255,,,,,0.009,
2026-08-05T13:32:00.687,101.924,waiting_for_release,,,,,FALSE,,,35.923076,139.9102107,,,33.88,1009.860742,46.83496094,173.25,1.5625,76.75,-3.05,-10,-1.27,35.125,42.5625,-79.8125,255,,,,,0.008,
2026-08-05T13:32:01.187,102.425,waiting_for_release,,,,,FALSE,,,35.923076,139.9102107,,,33.89,1009.876641,46.86035156,159.25,2.625,84.625,-0.45,-12.73,-2.8,-16.5,-116.0625,51.8125,255,,,,,0.008,
2026-08-05T13:32:01.688,102.925,waiting_for_release,,,,,FALSE,,,35.923076,139.9102107,,,33.89,1009.849375,46.90722656,112.75,-13.6875,74.125,2.61,-7.99,0.3,-26.4375,55.6875,-16.5625,255,,,,,0.009,
2026-08-05T13:32:02.188,103.426,waiting_for_release,,,,,FALSE,,,35.923076,139.9102107,,,33.88,1009.806094,46.96289063,167.4375,-30.3125,58.125,-4.54,-4.8,0.5,97.9375,69.875,12.5625,255,,,,,0.009,
2026-08-05T13:32:02.689,103.926,waiting_for_release,,,,,FALSE,,,35.923076,139.9102107,,,33.88,1009.841367,46.94042969,131.6875,-3.0625,81.875,0.53,-13.71,-1.39,-58.3125,-135.1875,16.125,191,,,,,0.008,
2026-08-05T13:32:03.189,104.427,waiting_for_release,,,,,FALSE,,,35.923076,139.9102107,,,33.89,1009.903984,46.9765625,124,-7.1875,83.75,2.48,-11.01,-3.42,-23.9375,98.6875,-36.3125,255,,,,,0.008,
2026-08-05T13:32:03.689,104.927,waiting_for_release,,,,,FALSE,,,35.923076,139.9102107,,,33.89,1009.794727,46.91796875,164.875,3.6875,80.3125,-2.5,-8.04,1.62,-34.875,-60.125,1.9375,255,,,,,0.009,
2026-08-05T13:32:04.190,105.427,waiting_for_release,,,,,FALSE,,,35.923076,139.9102107,,,33.89,1009.822031,46.9765625,104.0625,-19.3125,74.75,1.91,-9.66,0.68,92,-55.375,70,255,,,,,0.009,
2026-08-05T13:32:04.690,105.928,waiting_for_release,,,,,FALSE,,,35.923076,139.9102107,,,33.9,1009.892891,47.03417969,144.3125,-15,80.0625,-1.66,-13.45,-3.52,-19.6875,128.125,-34,255,,,,,0.009,
2026-08-05T13:32:05.191,106.428,waiting_for_release,,,,,FALSE,,,35.923076,139.9102107,,,33.89,1009.830313,47.01074219,179.5,-3.3125,66.1875,-2.51,-5.15,2.31,-47.625,-60.9375,27.8125,255,,,,,0.009,
2026-08-05T13:32:05.691,106.929,waiting_for_release,,,,,FALSE,,,35.923076,139.9102107,,,33.89,1009.876641,46.88378906,90.4375,-29.9375,83.625,-1.64,-12.17,-1.65,-1.625,-73.125,92.625,255,,,,,0.009,
2026-08-05T13:32:06.192,107.429,waiting_for_release,,,,,FALSE,,,35.923076,139.9102107,,,33.89,1009.884922,46.90722656,130.5,-30.8125,71.6875,-3.15,-6.75,-1.64,112.6875,240.6875,-45.9375,255,,,,,0.009,
2026-08-05T13:32:06.692,107.93,waiting_for_release,,,,,FALSE,,,35.923076,139.9102107,,,33.89,1009.857617,46.89550781,221.3125,-4,105.25,-6.2,-11,0.42,57.75,10.125,-109.9375,255,,,,,0.009,
2026-08-05T13:32:07.192,108.43,waiting_for_release,,,,,FALSE,,,35.923076,139.9102107,,,33.88,1009.833438,46.62695313,174.875,-1.625,89.875,0.77,-12.77,-6.17,10.375,-185.9375,5.25,255,,,,,0.009,
2026-08-05T13:32:07.693,108.93,waiting_for_release,,,,,FALSE,,,35.923076,139.9102107,,,33.89,1009.822031,46.67480469,118.5625,-14.75,74.75,1.13,-9.8,0.74,-10.125,53.8125,75.5625,255,,,,,0.009,
2026-08-05T13:32:08.193,109.431,waiting_for_release,,,,,FALSE,,,35.923076,139.9102107,,,33.89,1009.794727,46.74414063,106.0625,-62.125,18.8125,1.45,-2.76,0.11,189,47.8125,118.8125,255,,,,,0.009,
2026-08-05T13:32:08.694,109.931,waiting_for_release,,,,,FALSE,,,35.923076,139.9102107,,,33.89,1009.822031,46.82617188,137.25,-75.125,61.5625,-9.42,-3.35,1.34,-70.25,-93.25,-36.4375,255,,,,,0.009,
2026-08-05T13:32:09.194,110.432,waiting_for_release,,,,,FALSE,,,35.923076,139.9102107,,,33.9,1009.838281,46.88378906,128.4375,-14.5625,60.125,-1.69,-7.69,0.44,-88.5,-100.6875,-59.25,191,,,,,0.009,
2026-08-05T13:32:09.695,110.932,waiting_for_release,,,,,FALSE,,,35.923076,139.9102107,,,33.9,1009.838281,46.88378906,131.625,-3.125,85.3125,1.43,-11.45,-1.44,46.75,56.5625,-5,255,,,,,0.008,
2026-08-05T13:32:10.195,111.433,waiting_for_release,,,,,FALSE,,,35.923076,139.9102107,,,33.91,1009.881523,46.86230469,136.125,-43.375,35.75,-8.44,-3.18,4.54,120.0625,52.75,-43.25,191,,,,,0.009,
2026-08-05T13:32:10.696,111.933,waiting_for_release,,,,,FALSE,,,35.923076,139.9102107,,,33.9,1009.838281,46.87207031,145.9375,2.75,69.875,0.3,-14.53,-4.15,-103.625,-180.4375,35.5,255,,,,,0.008,
2026-08-05T13:32:11.196,112.434,waiting_for_release,,,,,FALSE,,,35.923076,139.9102107,,,33.91,1009.85418,46.93164063,119.25,-2.3125,88.5,3.17,-11.32,-3.78,31,140.5,5.75,255,,,,,0.009,
2026-08-05T13:32:11.696,112.934,waiting_for_release,,,,,FALSE,,,35.923076,139.9102107,,,33.9,1009.84625,46.93066406,191.4375,-17.5625,85.9375,-6.09,-7.88,-0.97,-46.5625,60.875,-22.75,191,,,,,0.009,
2026-08-05T13:32:12.197,113.434,waiting_for_release,,,,,FALSE,,,35.923076,139.9102107,,,33.91,1009.881523,46.97851563,158.4375,-8.6875,88.875,-2.53,-10.69,-5.37,42.3125,-182.0625,-16.375,191,,,,,0.009,
2026-08-05T13:32:12.697,113.935,waiting_for_release,,,,,FALSE,,,35.923076,139.9102107,,,33.9,1009.810977,47.01074219,105.9375,-23.1875,74.1875,1.45,-9.81,1.03,19.9375,148.3125,176.8125,255,,,,,0.009,
2026-08-05T13:32:13.198,114.435,waiting_for_release,,,,,FALSE,,,35.923076,139.9102107,,,33.9,1009.865586,47,181.875,-23.125,85.375,-8.96,-12.36,-3.43,102.4375,30.5,-171.9375,255,,,,,0.009,
2026-08-05T13:32:13.698,114.936,waiting_for_release,,,,,FALSE,,,35.923076,139.9102107,,,33.9,1009.865586,46.96484375,191.5625,25,75,1.44,-10.63,-2.99,63.3125,-107.25,111.4375,255,,,,,0.009,
2026-08-05T13:32:14.199,115.436,waiting_for_release,,,,,FALSE,,,35.923076,139.9102107,,,33.91,1009.916797,46.93164063,105.5,-16.4375,66.5625,1.86,-9.28,2.44,70.9375,51.4375,132.75,255,,,,,0.009,
2026-08-05T13:32:14.699,115.937,waiting_for_release,,,,,FALSE,,,35.923076,139.9102107,,,33.9,1009.818906,46.89648438,161.8125,-24.4375,74.6875,-7.66,-12.18,-2.46,24.875,65.9375,-128.75,255,,,,,0.009,
2026-08-05T13:32:15.199,116.437,waiting_for_release,,,,,FALSE,,,35.923076,139.9102107,,,33.91,1009.862188,46.83886719,199.9375,26.5,71.5625,-0.29,-9.12,-0.12,54.75,-82.75,88.75,255,,,,,0.009,
2026-08-05T13:32:15.700,116.937,waiting_for_release,,,,,FALSE,,,35.923076,139.9102107,,,33.92,1009.897461,46.828125,87.9375,-41.9375,61.5,0.18,-5.86,2.55,65.9375,35.0625,75.8125,255,,,,,0.009,
2026-08-05T13:32:16.200,117.438,waiting_for_release,,,,,FALSE,,,35.923076,139.9102107,,,33.91,1009.881523,46.67675781,183.6875,-3.625,80.6875,-4.1,-14.43,-2.56,21.125,95,-141.0625,255,,,,,0.009,
2026-08-05T13:32:16.701,117.938,waiting_for_release,,,,,FALSE,,,35.923076,139.9102107,,,33.92,1009.842813,46.62011719,176.125,5.0625,80.5,-3.42,-14.33,-3.41,-72.4375,-131.8125,122.125,255,,,,,0.009,
2026-08-05T13:32:17.201,118.439,waiting_for_release,,,,,FALSE,,,35.923076,139.9102107,,,33.91,1009.807539,46.70019531,93.3125,-18.8125,58.25,4.45,-4.14,2.27,-0.125,6,26.8125,255,,,,,0.009,
2026-08-05T13:32:17.702,118.939,waiting_for_release,,,,,FALSE,,,35.923076,139.9102107,,,33.92,1009.815508,46.77050781,180,1.1875,79.625,-6.17,-9.61,-2.57,71.375,99.4375,-89.875,255,,,,,0.009,
2026-08-05T13:32:18.202,119.44,waiting_for_release,,,,,FALSE,,,35.923076,139.9102107,,,33.92,1009.878086,46.83984375,163.6875,-1.375,89.5,-4.11,-15.67,-7.46,-62.875,-125.0625,62,255,,,,,0.009,
2026-08-05T13:32:18.702,119.94,waiting_for_release,,,,,FALSE,,,35.923076,139.9102107,,,33.93,1009.859023,46.87597656,111.75,-18.3125,87.5,3.28,-9.13,-2.76,-63.1875,76.5625,-13.0625,255,,,,,0.009,
2026-08-05T13:32:19.203,120.44,waiting_for_release,,,,,FALSE,,,35.923076,139.9102107,,,33.92,1009.842813,46.86328125,185.625,0.75,77.5625,-5.38,-5.87,-0.46,81.0625,61,-56.8125,255,,,,,0.009,
2026-08-05T13:32:19.703,120.941,waiting_for_release,,,,,FALSE,,,35.923076,139.9102107,,,33.93,1009.831758,46.91015625,141.125,-3.5,99.375,0.98,-12.43,-8.3,15.875,-143.9375,0.75,255,,,,,0.009,
2026-08-05T13:32:20.204,121.441,waiting_for_release,,,,,FALSE,,,35.923076,139.9102107,,,33.93,1009.921641,46.921875,119.625,-16.25,87.5625,1.49,-10.25,-4.72,-37.75,135.0625,28.375,255,,,,,0.009,
2026-08-05T13:32:20.704,121.942,waiting_for_release,,,,,FALSE,,,35.923076,139.9102107,,,33.94,1009.874961,46.98144531,195.5625,6.875,74.5625,-4.15,-5.69,1.8,36,-7.4375,-48.5625,255,,,,,0.009,
2026-08-05T13:32:21.205,122.442,waiting_for_release,,,,,FALSE,,,35.923076,139.9102107,,,33.93,1009.804414,46.87597656,170.625,20.3125,76.3125,8.36,-11.41,-3.28,92.5,-102.4375,-81.8125,255,,,,,0.009,
2026-08-05T13:32:21.705,122.943,waiting_for_release,,,,,FALSE,,,35.923076,139.9102107,,,33.93,1009.839688,46.88769531,179.75,36.3125,59.3125,8.4,-4.76,-1.67,-146.9375,83.8125,143.625,255,,,,,0.009,
2026-08-05T13:32:22.206,123.443,waiting_for_release,,,,,FALSE,,,35.923076,139.9102107,,,33.93,1009.831758,46.86425781,194.1875,-2.375,68.625,-4.45,-5.49,1.78,-23.5625,5.875,-46.1875,191,,,,,0.009,
2026-08-05T13:32:22.706,123.944,waiting_for_release,,,,,FALSE,,,35.923076,139.9102107,,,33.93,1009.867031,46.86425781,154.6875,2.375,103.25,0.37,-12.77,-5.92,43.875,-127.5625,-8,255,,,,,0.009,
2026-08-05T13:32:23.206,124.444,waiting_for_release,,,,,FALSE,,,35.923076,139.9102107,,,33.94,1009.855625,46.85449219,106.5625,-40.3125,12.375,-1.45,-3.76,3.7,203.0625,25.375,131.5625,191,,,,,0.009,
2026-08-05T13:32:23.707,124.944,waiting_for_release,,,,,FALSE,,,35.923076,139.9102107,,,33.92,1009.823477,46.83984375,122.5625,-67,-54.125,-11.25,-1.07,-1.75,107.5,60.6875,-108.875,191,,,,,0.009,
2026-08-05T13:32:24.207,125.445,waiting_for_release,,,,,FALSE,,,35.923076,139.9102107,,,33.94,1009.847656,46.78417969,233.5,-1,86.25,0,-12.17,0.69,100.9375,-15.6875,-175.1875,191,,,,,0.009,
2026-08-05T13:32:24.708,125.945,waiting_for_release,,,,,FALSE,,,35.923076,139.9102107,,,33.93,1009.804414,46.64453125,268.125,33.125,-33.4375,3.19,2.5,2.47,143.25,9.6875,-43.625,191,,,,,0.009,
2026-08-05T13:32:25.208,126.446,waiting_for_release,,,,,FALSE,,,35.923076,139.9102107,,,33.93,1009.804414,46.67871094,210.625,61.75,-66.0625,11.94,0.5,-0.9,104.3125,-26.125,151.25,127,,,,,0.009,
2026-08-05T13:32:25.709,126.946,waiting_for_release,,,,,FALSE,,,35.923076,139.9102107,,,33.94,1009.847656,46.7265625,107.25,20.4375,91.125,2.68,-10.38,-1.02,-61.75,19.4375,160.5625,63,,,,,0.009,
2026-08-05T13:32:26.209,127.447,waiting_for_release,,,,,FALSE,,,35.923076,139.9102107,,,33.95,1009.808945,46.69238281,84.8125,-44.75,54.8125,-6.3,-6.14,1.96,124.9375,103.0625,130.5625,191,,,,,0.009,
2026-08-05T13:32:26.709,127.947,waiting_for_release,,,,,FALSE,,,35.923076,139.9102107,,,33.94,1009.793047,46.71484375,97.4375,-59.3125,-56.8125,-7.75,0.45,-1,102.5625,-16.6875,22.5,255,,,,,0.009,
2026-08-05T13:32:27.210,128.447,waiting_for_release,,,,,FALSE,,,35.923076,139.9102107,,,33.94,1009.82832,46.70410156,152.3125,-81.625,26.8125,-10.24,-3.71,-0.14,85,31.5625,-163.1875,255,,,,,0.009,
2026-08-05T13:32:27.710,128.948,waiting_for_release,,,,,FALSE,,,35.923076,139.9102107,,,33.95,1009.871563,46.50683594,227.1875,-4.25,96.25,-0.33,-11.52,-0.41,28.0625,-42.375,-148.25,255,,,,,0.009,
2026-08-05T13:32:28.211,129.448,waiting_for_release,,,,,FALSE,,,35.923076,139.9102107,,,33.94,1009.800977,46.66894531,256.6875,58.0625,78.25,5.76,-4.4,-2.52,88.4375,-51.8125,-88.0625,255,,,,,0.008,
2026-08-05T13:32:28.711,129.949,waiting_for_release,,,,,FALSE,,,35.923076,139.9102107,,,33.94,1009.793047,46.7265625,182.125,47.3125,88.875,6.61,-7.94,-5.28,74.6875,-85.375,67.8125,255,,,,,0.009,
2026-08-05T13:32:29.212,130.449,waiting_for_release,,,,,FALSE,,,35.923076,139.9102107,,,33.65,1009.372031,46.76660156,106.0625,7.875,83.875,3.79,-9.32,0.38,101.1875,43.0625,94.6875,191,,,,,0.009,
2026-08-05T13:32:29.712,130.95,waiting_for_release,,,,,FALSE,,,35.923076,139.9102107,,,33.96,1009.770273,46.78613281,117.375,-21.6875,60.8125,-1.36,-7.16,-3.13,68.6875,116.875,12.0625,191,,,,,0.009,
2026-08-05T13:32:30.212,131.45,waiting_for_release,,,,,FALSE,,,35.923076,139.9102107,,,33.95,1009.844258,46.71582031,167.125,-20.0625,90.8125,-2.72,-11.11,-3.99,-63,90.375,-38.75,255,,,,,0.009,
2026-08-05T13:32:30.713,131.95,waiting_for_release,,,,,FALSE,,,35.923076,139.9102107,,,33.94,1009.800977,46.56445313,197.5,-3.1875,97.3125,-3.36,-9.9,-2.08,52.5,-73.3125,-69.0625,255,,,,,0.009,
2026-08-05T13:32:31.213,132.451,waiting_for_release,,,,,FALSE,,,35.923076,139.9102107,,,33.94,1009.765703,46.45996094,172.625,33.3125,88.4375,0.23,-7.79,-2.54,75.75,-185.3125,-70.3125,191,,,,,0.009,
2026-08-05T13:32:31.714,132.951,waiting_for_release,,,,,FALSE,,,35.923076,139.9102107,,,33.95,1009.863594,46.47167969,70.0625,17.375,123.5625,-0.77,-8.56,-5.35,51.0625,-48.625,7.625,63,,,,,0.008,
2026-08-05T13:32:32.215,133.453,waiting_for_release,,,,,FALSE,,,35.923076,139.9102107,,,33.95,1009.863594,46.44921875,98.1875,-0.4375,95.75,1.74,-12.48,-0.77,84.3125,161,145.875,191,,,,,0.009,
2026-08-05T13:32:32.715,133.953,waiting_for_release,,,,,FALSE,,,35.923076,139.9102107,,,33.95,1009.836289,46.34472656,169.25,-35.3125,110,-0.66,-7.9,-3.54,31.375,175.9375,57.5,255,,,,,0.009,
2026-08-05T13:32:33.216,134.453,waiting_for_release,,,,,FALSE,,,35.923076,139.9102107,,,33.95,1009.863594,46.44921875,121.75,-5.6875,135.375,2.86,-9.21,-4.71,22.8125,100.625,38.1875,127,,,,,0.008,
2026-08-05T13:32:33.716,134.954,waiting_for_release,,,,,FALSE,,,35.923076,139.9102107,,,33.96,1009.852188,46.4609375,279.1875,1.5,116.3125,-0.12,-10.88,-3.27,60.125,-171.8125,-80.375,127,,,,,0.009,
2026-08-05T13:32:34.217,135.454,waiting_for_release,,,,,FALSE,,,35.923076,139.9102107,,,33.96,1009.824883,46.53125,204.25,23.1875,102.625,1.23,-7.99,-3.34,70.875,-206.875,-129.375,191,,,,,0.009,
2026-08-05T13:32:34.717,135.955,waiting_for_release,,,,,FALSE,,,35.923076,139.9102107,,,33.96,1009.879531,46.43847656,134.1875,23.875,137.6875,-0.93,-6.31,-5.75,-6.875,-147.5625,-43.6875,191,,,,,0.009,
2026-08-05T13:32:35.218,136.455,waiting_for_release,,,,,FALSE,,,35.923076,139.9102107,,,33.96,1009.797578,46.68164063,210.4375,1.75,140.125,-1.47,-7.03,-6.99,44.5,-12.75,-12.3125,127,,,,,0.009,
2026-08-05T13:32:35.718,136.956,waiting_for_release,,,,,FALSE,,,35.923076,139.9102107,,,33.96,1009.833164,46.75195313,107.25,4.5625,103.3125,3.58,-9.99,-4.26,68,208.1875,55.375,255,,,,,0.009,
2026-08-05T13:32:36.218,137.456,waiting_for_release,,,,,FALSE,,,35.923076,139.9102107,,,33.96,1009.833164,46.77539063,167.125,-25.125,96.625,-0.21,-7.9,-2.3,87.625,203.875,59.6875,191,,,,,0.009,
2026-08-05T13:32:36.719,137.956,waiting_for_release,,,,,FALSE,,,35.923076,139.9102107,,,33.96,1009.824883,46.65820313,98.5,-9.6875,135.9375,1.71,-7.45,-4.35,-12.9375,107.4375,44.125,191,,,,,0.009,
2026-08-05T13:32:37.219,138.457,waiting_for_release,,,,,FALSE,,,35.923076,139.9102107,,,33.95,1009.844258,46.45996094,302.375,1,132.5,2.99,-8.23,-5.98,5.9375,-14.8125,-41.5,127,,,,,0.008,
2026-08-05T13:32:37.720,138.957,waiting_for_release,,,,,FALSE,,,35.923076,139.9102107,,,33.96,1009.797578,46.47265625,230.3125,2.875,105.5,0.04,-10.88,-3.72,84.8125,-182.5625,-124.9375,191,,,,,0.008,
2026-08-05T13:32:38.220,139.458,waiting_for_release,,,,,FALSE,,,35.923076,139.9102107,,,33.96,1009.778516,46.47363281,169.5625,29.6875,125.625,0.87,-7.16,-4.94,-1.125,-167.1875,-130.25,191,,,,,0.009,
2026-08-05T13:32:38.721,139.958,waiting_for_release,,,,,FALSE,,,35.923076,139.9102107,,,33.97,1009.868438,46.48535156,215.6875,8.5,141.5,-0.56,-6.55,-8.74,5.875,-56.25,-10.125,127,,,,,0.009,
2026-08-05T13:32:39.221,140.459,waiting_for_release,,,,,FALSE,,,35.923076,139.9102107,,,33.96,1009.833164,46.48535156,84.875,8.25,112.875,1.09,-9.42,-4.77,46.25,174.1875,106.5625,255,,,,,0.009,
2026-08-05T13:32:39.722,140.959,waiting_for_release,,,,,FALSE,,,35.923076,139.9102107,,,33.97,1009.841133,46.63574219,140.25,-31.375,104.25,-1.54,-7.73,-3.59,18.1875,145.5,95.3125,191,,,,,0.009,
2026-08-05T13:32:40.222,141.46,waiting_for_release,,,,,FALSE,,,35.923076,139.9102107,,,33.96,1009.887773,46.625,106.8125,-25.4375,157.875,1.05,-4.7,-7.73,19.5,124.9375,68.0625,255,,,,,0.009,
2026-08-05T13:32:40.723,141.96,waiting_for_release,,,,,FALSE,,,35.923076,139.9102107,,,33.96,1009.833164,46.54394531,107.8125,-6.0625,135.5625,-1.44,-9.63,-7.82,70.5,-146.3125,-102.5625,191,,,,,0.009,
2026-08-05T13:32:41.223,142.461,waiting_for_release,,,,,FALSE,,,35.923076,139.9102107,,,33.96,1009.824883,46.35742188,209.0625,14.4375,109.1875,0.25,-9.09,-5.01,58.875,-206.5625,-166.25,191,,,,,0.009,
2026-08-05T13:32:41.723,142.961,waiting_for_release,,,,,FALSE,,,35.923076,139.9102107,,,33.97,1009.75918,46.43945313,254.9375,30.6875,149.375,-0.16,-5.07,-7.87,21.9375,-130.625,-105.25,191,,,,,0.008,
2026-08-05T13:32:42.224,143.462,waiting_for_release,,,,,FALSE,,,35.923076,139.9102107,,,33.98,1009.829727,46.50976563,214.5625,9.75,142.375,-0.87,-7.72,-7.98,71.8125,11.4375,4.625,191,,,,,0.009,
2026-08-05T13:32:42.724,143.962,waiting_for_release,,,,,FALSE,,,35.923076,139.9102107,,,33.97,1009.849063,46.48632813,105.125,-3,99,1.38,-10.01,-3.35,116.5625,194.125,154.375,255,,,,,0.009,
2026-08-05T13:32:43.225,144.462,waiting_for_release,,,,,FALSE,,,35.923076,139.9102107,,,33.97,1009.767148,46.6953125,117,-43.875,152.75,-2.24,-4.64,-6.72,9.8125,76.125,115.0625,255,,,,,0.009,
2026-08-05T13:32:43.725,144.963,waiting_for_release,,,,,FALSE,,,35.923076,139.9102107,,,33.97,1009.841133,46.49707031,109.6875,-15.125,168.5,0.9,-4.71,-11.66,104.0625,63.875,14.5625,255,,,,,0.009,
2026-08-05T13:32:44.226,145.463,waiting_for_release,,,,,FALSE,,,35.923076,139.9102107,,,33.97,1009.786484,46.34667969,226.125,0,114.0625,-2.74,-11.26,-3.11,86.4375,-214.0625,-155.5625,191,,,,,0.008,
2026-08-05T13:32:44.726,145.964,waiting_for_release,,,,,FALSE,,,35.923076,139.9102107,,,33.97,1009.767148,46.30078125,179.25,37.875,120.1875,0.31,-6.09,-5.38,37.8125,-157.5625,-116.0625,191,,,,,0.009,
2026-08-05T13:32:45.227,146.464,waiting_for_release,,,,,FALSE,,,35.923076,139.9102107,,,33.97,1009.849063,46.42871094,218.25,20.5625,142.375,-0.15,-7.63,-8.13,65.875,-81.4375,-14.9375,127,,,,,0.009,
2026-08-05T13:32:45.727,146.965,waiting_for_release,,,,,FALSE,,,35.923076,139.9102107,,,33.98,1009.829727,46.49804688,98.5625,-7.6875,104.0625,0.58,-10.43,-3.15,54.1875,170.0625,167.375,191,,,,,0.008,
2026-08-05T13:32:46.227,147.465,waiting_for_release,,,,,FALSE,,,35.923076,139.9102107,,,33.98,1009.837695,46.51074219,126.9375,-33.6875,146,0.24,-5.31,-7.02,31.1875,105.75,135.125,255,,,,,0.009,
2026-08-05T13:32:46.728,147.965,waiting_for_release,,,,,FALSE,,,35.923076,139.9102107,,,33.98,1009.85707,46.34765625,105.375,-4.25,163.25,3.13,-4.96,-11.24,60.8125,84.5,75.25,255,,,,,0.009,
2026-08-05T13:32:47.228,148.466,waiting_for_release,,,,,FALSE,,,35.923076,139.9102107,,,33.98,1009.747773,46.32421875,268,2.75,114.375,0.43,-9.5,-4.6,169.4375,-131.8125,-107.25,255,,,,,0.008,
2026-08-05T13:32:47.729,148.966,waiting_for_release,,,,,FALSE,,,35.923076,139.9102107,,,33.98,1009.85707,46.3359375,210.875,46.9375,111.25,2.88,-5.38,-4.69,37.875,-172.625,-107.875,191,,,,,0.009,
2026-08-05T13:32:48.229,149.467,waiting_for_release,,,,,FALSE,,,35.923076,139.9102107,,,33.98,1009.829727,46.47460938,227.0625,22.5,154.9375,0.71,-5.11,-8.8,45.75,-73.5625,-40.4375,127,,,,,0.009,
2026-08-05T13:32:48.730,149.967,waiting_for_release,,,,,FALSE,,,35.923076,139.9102107,,,33.99,1009.872969,46.5234375,90.3125,13.25,122.25,2.83,-7.48,-5.4,55,98.9375,123.875,191,,,,,0.008,
2026-08-05T13:32:49.230,150.468,waiting_for_release,,,,,FALSE,,,35.923076,139.9102107,,,33.98,1009.837695,46.47558594,123.1875,-14,108.0625,-1.31,-8.47,-3.18,43.3125,112.6875,109.75,191,,,,,0.009,
2026-08-05T13:32:49.730,150.968,waiting_for_release,,,,,FALSE,,,35.923076,139.9102107,,,33.98,1009.865,46.12792969,145.3125,-34,120.5625,-3.08,-7.61,-6.92,28.5625,50.875,8.6875,191,,,,,0.009,
2026-08-05T13:32:50.231,151.468,waiting_for_release,,,,,FALSE,,,35.923076,139.9102107,,,33.99,1009.745,46.17480469,176.8125,-10.625,98.5,-3.18,-9.69,-1.77,40,-55.1875,-72,191,,,,,0.008,
2026-08-05T13:32:50.731,151.969,waiting_for_release,,,,,FALSE,,,35.923076,139.9102107,,,33.99,1009.818359,46.12890625,162.5,17.6875,108.0625,0.88,-8.72,-5.18,-39.25,-138.25,-22.75,255,,,,,0.009,
2026-08-05T13:32:51.232,152.47,waiting_for_release,,,,,FALSE,,,35.923076,139.9102107,,,33.99,1009.872969,46.15234375,102.4375,-14.75,108,-1.03,-9.19,-4.28,47.125,40.125,107.375,191,,,,,0.008,
2026-08-05T13:32:51.733,152.97,waiting_for_release,,,,,FALSE,,,35.923076,139.9102107,,,33.99,1009.826914,46.10546875,113.5625,-39.4375,125.75,-2.35,-6.86,-6.29,35.5,120.9375,40.25,191,,,,,0.009,
2026-08-05T13:32:52.233,153.471,waiting_for_release,,,,,FALSE,,,35.923076,139.9102107,,,33.99,1009.900273,46.05957031,181.4375,-16.375,111.9375,-4.27,-8.59,-6.31,69.125,-48.1875,-158.4375,255,,,,,0.009,
2026-08-05T13:32:52.734,153.971,waiting_for_release,,,,,FALSE,,,35.923076,139.9102107,,,34,1009.834883,46.1171875,171.75,20.875,112.125,-1.02,-8.49,-5.6,2.8125,-61.3125,3.4375,191,,,,,0.008,
2026-08-05T13:32:53.234,154.472,waiting_for_release,,,,,FALSE,,,35.923076,139.9102107,,,34,1009.807539,46.15234375,119,-7.0625,115.4375,0.99,-8.89,-6.38,-18.75,-19.4375,75.1875,255,,,,,0.009,
2026-08-05T13:32:53.735,154.972,waiting_for_release,,,,,FALSE,,,35.923076,139.9102107,,,34,1009.870156,46.2109375,121.3125,-17.5625,118.375,-0.2,-8.74,-7.75,48.1875,105,20.8125,255,,,,,0.009,
2026-08-05T13:32:54.235,155.473,waiting_for_release,,,,,FALSE,,,35.923076,139.9102107,,,34,1009.842813,46.1875,174.375,-2.0625,107.1875,-3.76,-7.61,-4.91,44.8125,-2.3125,-49.5625,255,,,,,0.009,
2026-08-05T13:32:54.735,155.973,waiting_for_release,,,,,FALSE,,,35.923076,139.9102107,,,34,1009.842813,46.2578125,145.0625,0.1875,118.1875,-1.15,-7.71,-7.27,10.5625,-105.125,-18.25,255,,,,,0.009,
2026-08-05T13:32:55.236,156.473,waiting_for_release,,,,,FALSE,,,35.923076,139.9102107,,,34,1009.862188,46.27929688,108.375,-10.5625,111.375,1.79,-7.12,-5.04,34.4375,2.625,54.5625,255,,,,,0.009,
2026-08-05T13:32:55.736,156.974,waiting_for_release,,,,,FALSE,,,35.923076,139.9102107,,,34.02,1009.894023,46.25878906,132.5,-14.1875,116.6875,-1.38,-8.32,-7.73,30,79.75,-8.5,255,,,,,0.009,
2026-08-05T13:32:56.237,157.474,waiting_for_release,,,,,FALSE,,,35.923076,139.9102107,,,34.02,1009.866719,46.29296875,170.3125,0,102.9375,-3.95,-7.17,-1.34,-27.625,-29.75,-37.8125,255,,,,,0.009,
2026-08-05T13:32:56.737,157.975,waiting_for_release,,,,,FALSE,,,35.923076,139.9102107,,,34.01,1009.823477,46.31640625,116.1875,-2.5625,112.5,0.85,-9.04,-8.69,41.4375,-94,-25.75,255,,,,,0.008,
2026-08-05T13:32:57.238,158.475,waiting_for_release,,,,,FALSE,,,35.923076,139.9102107,,,34.01,1009.968047,46.328125,100.25,-10.8125,108.625,2.36,-6.99,-4.56,-50.9375,74.8125,22.625,255,,,,,0.009,
2026-08-05T13:32:57.738,158.976,waiting_for_release,,,,,FALSE,,,35.923076,139.9102107,,,34.01,1009.85875,46.21191406,178.6875,2.125,111.75,-3.53,-7.9,-7.62,53.625,62.3125,-12.5625,191,,,,,0.009,
2026-08-05T13:32:58.238,159.476,waiting_for_release,,,,,FALSE,,,35.923076,139.9102107,,,34,1009.842813,45.96777344,169.875,1.6875,109.75,-2,-8.96,-5.69,-62.25,-97.3125,-7.5,255,,,,,0.009,
2026-08-05T13:32:58.739,159.976,waiting_for_release,,,,,FALSE,,,35.923076,139.9102107,,,34.01,1009.85082,46.00292969,101.3125,-8.875,106.0625,3.8,-7.69,-4.8,38.875,-53.3125,-7.4375,255,,,,,0.009,
2026-08-05T13:32:59.239,160.477,waiting_for_release,,,,,FALSE,,,35.923076,139.9102107,,,34,1009.897461,46.11816406,109.875,-14.5625,121.75,0.23,-10.56,-8.23,7.0625,101.5,56.9375,255,,,,,0.008,
2026-08-05T13:32:59.740,160.977,waiting_for_release,,,,,FALSE,,,35.923076,139.9102107,,,34,1009.780273,46.12890625,171.625,2,97.25,-3.86,-6.26,-0.13,-27,-8.9375,-2.3125,255,,,,,0.009,
2026-08-05T13:33:00.240,161.478,waiting_for_release,,,,,FALSE,,,35.923076,139.9102107,,,34.01,1009.796172,46.10742188,127.9375,-5.9375,118.9375,-1.8,-8.65,-10.35,20.875,-117.25,-95.4375,255,,,,,0.009,
2026-08-05T13:33:00.741,161.978,waiting_for_release,,,,,FALSE,,,35.923076,139.9102107,,,34.02,1009.866719,46.09570313,97.9375,-6.6875,115.0625,4.14,-7.5,-5.96,-79.9375,63.8125,43.875,255,,,,,0.009,
2026-08-05T13:33:01.241,162.479,waiting_for_release,,,,,FALSE,,,35.923076,139.9102107,,,34.01,1009.90543,46.09570313,164.25,-6.25,116.9375,-3.67,-5.93,-8.1,77.0625,94.5,26.125,191,,,,,0.009,
2026-08-05T13:33:01.742,162.979,waiting_for_release,,,,,FALSE,,,35.923076,139.9102107,,,34.01,1009.823477,46.02636719,161.375,-5.25,128.25,-5.61,-8,-10.9,-1.25,-122.4375,-65.6875,255,,,,,0.009,
2026-08-05T13:33:02.242,163.48,waiting_for_release,,,,,FALSE,,,35.923076,139.9102107,,,34.02,1009.839414,46.01464844,95.375,-14.8125,114.0625,3.42,-5.55,-5.76,-48.3125,-16.625,4.25,255,,,,,0.009,
2026-08-05T13:33:02.742,163.98,waiting_for_release,,,,,FALSE,,,35.923076,139.9102107,,,34.01,1009.85082,45.98046875,168,6.1875,127.375,-0.58,-6.56,-8.95,48,117,33,191,,,,,0.009,
2026-08-05T13:33:03.243,164.48,waiting_for_release,,,,,FALSE,,,35.923076,139.9102107,,,34,1009.834883,45.94335938,167.1875,5.5625,123.25,-3.46,-7.58,-8.17,-60.3125,-94,-7.3125,191,,,,,0.009,
2026-08-05T13:33:03.743,164.981,waiting_for_release,,,,,FALSE,,,35.923076,139.9102107,,,34.01,1009.878086,45.95703125,89.25,-14.6875,109.9375,2.59,-7.46,-5.35,114.5625,-65.5,-9.125,191,,,,,0.009,
2026-08-05T13:33:04.244,165.481,waiting_for_release,,,,,FALSE,,,35.923076,139.9102107,,,34.02,1009.866719,45.98046875,147.9375,2.625,86.25,0.27,-8.8,-2.77,-67.25,123,-71.0625,191,,,,,0.008,
2026-08-05T13:33:04.744,165.982,waiting_for_release,,,,,FALSE,,,35.923076,139.9102107,,,34.01,1009.804141,46.21191406,156.3125,3.5,124.8125,-3.28,-9.26,-8.77,-54.75,-108.0625,-23.6875,191,,,,,0.009,
2026-08-05T13:33:05.245,166.482,waiting_for_release,,,,,FALSE,,,35.923076,139.9102107,,,34.02,1009.784766,45.98046875,87.8125,-12.375,100.625,3.32,-7.89,-5.14,123.5,-0.375,19.6875,255,,,,,0.009,
2026-08-05T13:33:05.745,166.983,waiting_for_release,,,,,FALSE,,,35.923076,139.9102107,,,34.02,1009.784766,46.08398438,156.125,0.125,87.75,-0.8,-8.72,-5.47,-124.75,166.625,-77.375,255,,,,,0.009,
2026-08-05T13:33:06.245,167.483,waiting_for_release,,,,,FALSE,,,35.923076,139.9102107,,,34.02,1009.812109,46.06152344,214.0625,12.3125,106.6875,-2.4,-7.68,-1.59,55.5625,-46.1875,-46.625,255,,,,,0.009,
2026-08-05T13:33:06.746,167.984,waiting_for_release,,,,,FALSE,,,35.923076,139.9102107,,,34.02,1009.866719,46.00292969,133.4375,-0.4375,109.6875,0,-8.83,-9.63,36,-144.5,-12.1875,255,,,,,0.008,
2026-08-05T13:33:07.246,168.484,waiting_for_release,,,,,FALSE,,,35.923076,139.9102107,,,34.02,1009.874688,46.00390625,74.5625,-34.25,97.5625,0.7,-7.88,-1.47,-6.625,96.5,-0.5,255,,,,,0.008,
2026-08-05T13:33:07.747,168.984,waiting_for_release,,,,,FALSE,,,35.923076,139.9102107,,,34.02,1009.921367,46.04980469,174.75,4.5,108.125,-3.04,-8.89,-5.16,59.125,63.625,-65.6875,255,,,,,0.008,
2026-08-05T13:33:08.247,169.485,waiting_for_release,,,,,FALSE,,,35.923076,139.9102107,,,34.02,1009.702813,46.09570313,161.125,-0.375,112.1875,-2.31,-10.93,-7.78,3.375,-94.5625,1.0625,255,,,,,0.008,
2026-08-05T13:33:08.748,169.985,waiting_for_release,,,,,FALSE,,,35.923076,139.9102107,,,34.02,1009.839414,46.15429688,96.375,-10,102,3.04,-6.69,-2.48,-30.75,-11.4375,26.625,255,,,,,0.009,
2026-08-05T13:33:09.248,170.486,waiting_for_release,,,,,FALSE,,,35.923076,139.9102107,,,34.03,1009.855664,46.20214844,156.5,-1.625,119.4375,0,-9.35,-10.05,33.0625,138.5,36.25,255,,,,,0.008,
2026-08-05T13:33:09.749,170.986,waiting_for_release,,,,,FALSE,,,35.923076,139.9102107,,,34.02,1009.76543,46.13183594,189.1875,13.6875,103.625,-2.58,-9.56,-2.95,-60.25,-82.625,34.6875,255,,,,,0.008,
2026-08-05T13:33:10.249,171.487,waiting_for_release,,,,,FALSE,,,35.923076,139.9102107,,,34.03,1009.88293,46.16699219,112.75,-5.125,109.4375,2.71,-7.32,-7.39,22.5625,-91.5625,5.75,255,,,,,0.008,
2026-08-05T13:33:10.749,171.987,waiting_for_release,,,,,FALSE,,,35.923076,139.9102107,,,34.03,1009.855664,46.19042969,131.125,-1.3125,121.25,3.49,-8.4,-10.83,-29.5,144.5625,56.125,255,,,,,0.008,
2026-08-05T13:33:11.250,172.487,waiting_for_release,,,,,FALSE,,,35.923076,139.9102107,,,34.04,1009.863594,46.09863281,184,14.4375,96.5,-2.77,-5.43,0.99,-20.625,18.875,-10.1875,255,,,,,0.008,
2026-08-05T13:33:11.750,172.988,waiting_for_release,,,,,FALSE,,,35.923076,139.9102107,,,34.03,1009.88293,46.01660156,130.3125,0.375,117.875,1.79,-6.65,-9.01,47.4375,-103.3125,-42,255,,,,,0.008,
2026-08-05T13:33:12.251,173.488,waiting_for_release,,,,,FALSE,,,35.923076,139.9102107,,,34.02,1009.874688,45.98144531,123.9375,0.6875,123,4.65,-7.77,-8.56,-55.4375,97.6875,45.375,255,,,,,0.009,
2026-08-05T13:33:12.751,173.989,waiting_for_release,,,,,FALSE,,,35.923076,139.9102107,,,34.02,1009.874688,45.88867188,193.25,14.4375,102.125,-3.18,-4.8,-1.48,35.1875,-5.875,-29.75,191,,,,,0.008,
2026-08-05T13:33:13.252,174.489,waiting_for_release,,,,,FALSE,,,35.923076,139.9102107,,,34.02,1009.839414,45.84082031,143.6875,3.25,120.3125,1.37,-7.72,-9.98,39.4375,-111.8125,-37.1875,255,,,,,0.008,
2026-08-05T13:33:13.752,174.99,waiting_for_release,,,,,FALSE,,,35.923076,139.9102107,,,34.02,1009.921367,45.98046875,125.0625,-0.1875,115,4.64,-7.68,-6.73,-54.1875,99.5,10.1875,255,,,,,0.008,
2026-08-05T13:33:14.252,175.49,waiting_for_release,,,,,FALSE,,,35.923076,139.9102107,,,34.02,1009.847383,46.015625,180.4375,8.125,93.625,-3.82,-5.05,-1.71,84.8125,47.75,-31.0625,255,,,,,0.008,
2026-08-05T13:33:14.753,175.99,waiting_for_release,,,,,FALSE,,,35.923076,139.9102107,,,34.03,1009.88293,46.09765625,142.9375,0,118.25,-0.83,-10.05,-10.28,32.75,-96.125,-48.6875,255,,,,,0.008,
2026-08-05T13:33:15.253,176.491,waiting_for_release,,,,,FALSE,,,35.923076,139.9102107,,,34.04,1009.844258,46.11035156,119.375,4.75,108,4.85,-6.93,-4.67,-94.4375,57.25,6.75,255,,,,,0.008,
2026-08-05T13:33:15.754,176.991,waiting_for_release,,,,,FALSE,,,35.923076,139.9102107,,,34.03,1009.82832,46.09765625,185.3125,15.625,94.25,-2.41,-6.91,-3.93,67.0625,86.5,3.4375,191,,,,,0.008,
2026-08-05T13:33:16.254,177.492,waiting_for_release,,,,,FALSE,,,35.923076,139.9102107,,,34.04,1009.816953,46.07519531,165.8125,11.25,108.125,-0.51,-11.08,-8.65,-33.25,-122,-5.375,191,,,,,0.008,
2026-08-05T13:33:16.755,177.992,waiting_for_release,,,,,FALSE,,,35.923076,139.9102107,,,34.05,1009.797578,46.05273438,115.3125,2.625,111.125,4.35,-7.31,-4.57,-58.1875,62,25.3125,191,,,,,0.008,
2026-08-05T13:33:17.255,178.493,waiting_for_release,,,,,FALSE,,,35.923076,139.9102107,,,34.05,1009.906836,46.02929688,178.6875,3.625,101.1875,-1.03,-8.08,-7.61,89.1875,94.0625,36.6875,191,,,,,0.008,
2026-08-05T13:33:17.755,178.993,waiting_for_release,,,,,FALSE,,,35.923076,139.9102107,,,34.04,1009.816953,46.04101563,173.5625,9.3125,101.75,-1.45,-9.97,-6.49,-47.125,-111.0625,-17.125,191,,,,,0.008,
2026-08-05T13:33:18.256,179.493,waiting_for_release,,,,,FALSE,,,35.923076,139.9102107,,,34.04,1009.871563,46.05273438,116.1875,5.1875,104.0625,4.54,-5.65,-4.3,-7.5,-28.75,14.0625,255,,,,,0.008,
2026-08-05T13:33:18.756,179.994,waiting_for_release,,,,,FALSE,,,35.923076,139.9102107,,,34.04,1009.844258,46.06445313,173.8125,5.3125,102.8125,-0.72,-9.01,-6.81,36.5625,141.25,33.8125,255,,,,,0.009,
2026-08-05T13:33:19.257,180.494,waiting_for_release,,,,,FALSE,,,35.923076,139.9102107,,,34.06,1009.84082,46.08886719,180.8125,5.6875,100.125,-3.71,-9.26,-3.82,-64.75,-121.375,-29.375,191,,,,,0.009,
2026-08-05T13:33:19.757,180.995,waiting_for_release,,,,,FALSE,,,35.923076,139.9102107,,,34.05,1009.797578,45.92480469,124.4375,7.3125,104.1875,2.48,-6.77,-5.37,43.0625,-33,2,255,,,,,0.009,
2026-08-05T13:33:20.258,181.495,waiting_for_release,,,,,FALSE,,,35.923076,139.9102107,,,34.05,1009.860156,46.04199219,158.875,4.0625,117.75,0.5,-9.64,-10.95,-10.5,139.125,43.1875,255,,,,,0.008,
2026-08-05T13:33:20.758,181.996,waiting_for_release,,,,,FALSE,,,35.923076,139.9102107,,,34.05,1009.860156,46.00683594,184.25,12.4375,99.6875,-3.43,-7.41,-3.29,-44.5,-72.4375,0.8125,255,,,,,0.009,
2026-08-05T13:33:21.258,182.496,waiting_for_release,,,,,FALSE,,,35.923076,139.9102107,,,34.05,1009.824883,45.91308594,129.75,3.4375,113.125,4.74,-6.7,-5.58,32.5625,-88.4375,-8.6875,255,,,,,0.009,
2026-08-05T13:33:21.759,182.996,waiting_for_release,,,,,FALSE,,,35.923076,139.9102107,,,34.04,1009.844258,45.8671875,166.0625,14.25,115.625,2.88,-8.06,-9.84,-25.375,113.3125,26.9375,255,,,,,0.008,
2026-08-05T13:33:22.259,183.497,waiting_for_release,,,,,FALSE,,,35.923076,139.9102107,,,34.04,1009.836289,45.64648438,187.75,12.0625,94.8125,-4.27,-6.66,-1.31,-83,-23.8125,-13.875,255,,,,,0.008,
2026-08-05T13:33:22.760,183.997,waiting_for_release,,,,,FALSE,,,35.923076,139.9102107,,,34.03,1009.801016,45.68066406,126.3125,-0.125,119.875,2.26,-6.7,-9.9,35.6875,-95.875,-23.5,255,,,,,0.008,
2026-08-05T13:33:23.260,184.498,waiting_for_release,,,,,FALSE,,,35.923076,139.9102107,,,34.05,1009.860156,45.82128906,119.8125,-5.6875,120.5625,1.25,-6.87,-9.17,-30.6875,135.625,73.25,191,,,,,0.009,
2026-08-05T13:33:23.761,184.998,waiting_for_release,,,,,FALSE,,,35.923076,139.9102107,,,34.05,1009.805547,45.84472656,191.3125,4.8125,93.0625,-6.76,-5.33,-1.68,48.8125,-18.6875,-58.3125,191,,,,,0.008,
2026-08-05T13:33:24.261,185.499,waiting_for_release,,,,,FALSE,,,35.923076,139.9102107,,,34.05,1009.805547,45.82128906,150.0625,2.125,117.9375,0.25,-8.76,-12.78,2.125,-101.75,-35.6875,255,,,,,0.008,
2026-08-05T13:33:24.761,185.999,waiting_for_release,,,,,FALSE,,,35.923076,139.9102107,,,34.05,1009.852227,45.85546875,122.625,1,124.5625,4.22,-6.98,-7.38,-28.1875,81.75,32.875,191,,,,,0.008,
2026-08-05T13:33:25.262,186.499,waiting_for_release,,,,,FALSE,,,35.923076,139.9102107,,,34.06,1009.868164,45.69433594,187.125,7.5625,103,-4.53,-6.51,-5.02,90.125,76.5,7.5,191,,,,,0.008,
2026-08-05T13:33:25.762,187,waiting_for_release,,,,,FALSE,,,35.923076,139.9102107,,,34.04,1009.789609,45.62304688,164.25,7.5,117.625,-1.82,-9.02,-11.53,8.9375,-117,-50,255,,,,,0.008,
2026-08-05T13:33:26.263,187.5,waiting_for_release,,,,,FALSE,,,35.923076,139.9102107,,,34.05,1009.879531,45.71582031,117.4375,3.625,106.625,5.22,-5.35,-2.74,-70.8125,20.8125,0.75,255,,,,,0.009,
2026-08-05T13:33:26.763,188.001,waiting_for_release,,,,,FALSE,,,35.923076,139.9102107,,,34.05,1009.879531,45.73925781,186.4375,6.375,105.3125,-2.9,-8.35,-8.08,113.25,81.375,-1.6875,191,,,,,0.008,
2026-08-05T13:33:27.264,188.501,waiting_for_release,,,,,FALSE,,,35.923076,139.9102107,,,34.04,1009.808945,45.61132813,188.75,7.3125,112.3125,-3.68,-8.59,-8.29,-122.3125,-105.625,-15.25,191,,,,,0.008,
2026-08-05T13:33:27.764,189.002,waiting_for_release,,,,,FALSE,,,35.923076,139.9102107,,,34.04,1009.926211,45.57714844,122,2.8125,113.5625,4.79,-4.96,-4.71,19.625,-23.625,-5.4375,255,,,,,0.008,
2026-08-05T13:33:28.264,189.502,waiting_for_release,,,,,FALSE,,,35.923076,139.9102107,,,34.06,1009.903438,45.58984375,161.875,1,125,-1.75,-7.21,-12.31,64.625,82.625,67.8125,255,,,,,0.009,
2026-08-05T13:33:28.765,190.002,waiting_for_release,,,,,FALSE,,,35.923076,139.9102107,,,34.04,1009.789609,45.57714844,173.9375,8.375,118,-4.19,-7.64,-6.6,-69.6875,-82.5,5.4375,255,,,,,0.008,
2026-08-05T13:33:29.265,190.503,waiting_for_release,,,,,FALSE,,,35.923076,139.9102107,,,34.06,1009.813477,45.55566406,118.4375,-1.625,121.4375,4.48,-4.44,-4.5,7.9375,-35.3125,-22.5625,255,,,,,0.008,
2026-08-05T13:33:29.766,191.003,waiting_for_release,,,,,FALSE,,,35.923076,139.9102107,,,34.05,1009.797578,45.62304688,164.1875,5.875,126.1875,-0.6,-6.41,-10.64,57.125,84.125,44.25,63,,,,,0.008,
2026-08-05T13:33:30.266,191.504,waiting_for_release,,,,,FALSE,,,35.923076,139.9102107,,,34.06,1009.813477,45.56738281,170.5,14.375,121.875,-5.01,-7.45,-6.72,-59.4375,-94.25,-28.0625,255,,,,,0.008,
2026-08-05T13:33:30.767,192.004,waiting_for_release,,,,,FALSE,,,35.923076,139.9102107,,,34.06,1009.84082,45.6015625,118.0625,3.3125,115.875,4.72,-3.64,-2.86,7,-7.875,4.0625,191,,,,,0.009,
2026-08-05T13:33:31.267,192.505,waiting_for_release,,,,,FALSE,,,35.923076,139.9102107,,,34.06,1009.821445,45.6484375,157.3125,6.5625,117.4375,-1.48,-8.37,-9.86,28.1875,92.4375,24.5625,191,,,,,0.008,
2026-08-05T13:33:31.767,193.005,waiting_for_release,,,,,FALSE,,,35.923076,139.9102107,,,34.06,1009.786172,45.76464844,179.9375,15.75,106.3125,-2.59,-8.32,-3.82,-24.0625,-18.8125,26.1875,255,,,,,0.008,
2026-08-05T13:33:32.268,193.505,waiting_for_release,,,,,FALSE,,,35.923076,139.9102107,,,34.07,1009.85707,45.671875,129.8125,5.6875,122,3.74,-6.27,-6.81,29.75,-78.8125,-46.125,191,,,,,0.008,
2026-08-05T13:33:32.768,194.006,waiting_for_release,,,,,FALSE,,,35.923076,139.9102107,,,34.06,1009.868164,45.68261719,154.0625,3.125,126.625,2.26,-6.18,-10.25,3.75,129.375,112.5,191,,,,,0.008,
2026-08-05T13:33:33.269,194.506,waiting_for_release,,,,,FALSE,,,35.923076,139.9102107,,,34.06,1009.821445,45.43945313,185.0625,3.3125,107,-5.12,-6.24,-2.57,-16.9375,-20,-38.5,255,,,,,0.008,
2026-08-05T13:33:33.769,195.007,waiting_for_release,,,,,FALSE,,,35.923076,139.9102107,,,34.06,1009.821445,45.56738281,139.375,-0.8125,114.375,-0.47,-5.68,-7.53,2,-75.5,-56.4375,255,,,,,0.008,
2026-08-05T13:33:34.269,195.507,waiting_for_release,,,,,FALSE,,,35.923076,139.9102107,,,34.06,1009.876094,45.63671875,152,10.875,130.4375,3.65,-12.13,-7.54,-89.625,56.625,12.5,127,,,,,0.008,
2026-08-05T13:33:34.770,196.007,waiting_for_release,,,,,FALSE,,,35.923076,139.9102107,,,34.06,1009.868164,45.82226563,178.375,2.875,109.375,-3.97,-5.52,-3.98,-17.875,-12.3125,-5.9375,127,,,,,0.008,
2026-08-05T13:33:35.270,196.508,waiting_for_release,,,,,FALSE,,,35.923076,139.9102107,,,34.06,1009.848789,45.69433594,141.9375,3.125,122.0625,-0.59,-6.39,-9.38,39.9375,-94.5625,-64.3125,255,,,,,0.008,
2026-08-05T13:33:35.771,197.008,waiting_for_release,,,,,FALSE,,,35.923076,139.9102107,,,34.07,1009.829727,45.68261719,139.0625,3.1875,124.1875,2.53,-6.47,-8.57,-23.625,95.3125,50.1875,255,,,,,0.008,
2026-08-05T13:33:36.271,197.509,waiting_for_release,,,,,FALSE,,,35.923076,139.9102107,,,34.07,1009.783047,45.68359375,174.125,6.375,106.75,-5.64,-5.65,-1.93,32.3125,1.375,-46.75,255,,,,,0.008,
2026-08-05T13:33:36.772,198.009,waiting_for_release,,,,,FALSE,,,35.923076,139.9102107,,,34.07,1009.837695,45.67285156,157.625,2.875,120.6875,1.18,-7.46,-7.43,23.9375,-50.5625,-54.4375,255,,,,,0.009,
2026-08-05T13:33:37.272,198.51,waiting_for_release,,,,,FALSE,,,35.923076,139.9102107,,,34.07,1009.837695,45.68359375,165.625,11.5625,122.375,4.2,-8.13,-8.59,-51.375,43.0625,23.1875,255,,,,,0.008,
2026-08-05T13:33:37.772,199.01,waiting_for_release,,,,,FALSE,,,35.923076,139.9102107,,,34.07,1009.810391,45.6953125,181.875,11.125,115.125,-3.89,-7.79,-3.79,-32.875,-13.6875,17,127,,,,,0.008,
2026-08-05T13:33:38.273,199.51,waiting_for_release,,,,,FALSE,,,35.923076,139.9102107,,,34.08,1009.853594,45.69726563,156.875,6.625,122.125,3.6,-6.74,-5.84,10.6875,-35.625,-28.875,255,,,,,0.008,
2026-08-05T13:33:38.773,200.011,waiting_for_release,,,,,FALSE,,,35.923076,139.9102107,,,34.08,1009.845664,45.71972656,178,8.75,119.125,-0.67,-7.79,-9.32,59.0625,25.375,27.1875,255,,,,,0.009,
2026-08-05T13:33:39.274,200.511,waiting_for_release,,,,,FALSE,,,35.923076,139.9102107,,,34.08,1009.853594,45.74414063,180.375,5.1875,102.9375,-4.97,-7.77,-3.82,-75.5,-55.5,-20.0625,191,,,,,0.008,
2026-08-05T13:33:39.774,201.012,waiting_for_release,,,,,FALSE,,,35.923076,139.9102107,,,34.08,1009.853594,45.79003906,155.3125,8.75,117.375,3.53,-6.73,-5.2,14.8125,-18.875,-14.0625,255,,,,,0.008,
2026-08-05T13:33:40.274,201.512,waiting_for_release,,,,,FALSE,,,35.923076,139.9102107,,,34.08,1009.853594,45.77832031,193.375,14.9375,115.4375,0.18,-8.87,-9.61,48.25,90,52.6875,255,,,,,0.008,
2026-08-05T13:33:40.775,202.012,waiting_for_release,,,,,FALSE,,,35.923076,139.9102107,,,34.08,1009.826289,45.83691406,203.5,14.25,108.3125,-2.87,-8.83,-6.18,-73.4375,-78.5,-23.8125,191,,,,,0.008,
2026-08-05T13:33:41.275,202.513,waiting_for_release,,,,,FALSE,,,35.923076,139.9102107,,,34.08,1009.81832,45.89355469,154,9.6875,116.75,3.5,-6.32,-4.78,32.5,-70.375,-7.75,255,,,,,0.008,
2026-08-05T13:33:41.776,203.013,waiting_for_release,,,,,FALSE,,,35.923076,139.9102107,,,34.09,1009.814883,45.9296875,191.25,12.9375,121.9375,0.65,-8.58,-11.3,20.125,117.4375,91.3125,255,,,,,0.009,
2026-08-05T13:33:42.276,203.514,waiting_for_release,,,,,FALSE,,,35.923076,139.9102107,,,34.09,1009.842227,45.94140625,196.1875,5.5,96.125,-5.3,-6.22,-0.71,-64.375,-73.875,-40.25,255,,,,,0.008,
2026-08-05T13:33:42.776,204.014,waiting_for_release,,,,,FALSE,,,35.923076,139.9102107,,,34.09,1009.896836,45.98730469,160.6875,7.5,120.1875,2.41,-7.06,-8.45,34.5625,-23.6875,-33.1875,255,,,,,0.009,
2026-08-05T13:33:43.277,204.514,waiting_for_release,,,,,FALSE,,,35.923076,139.9102107,,,34.09,1009.842227,45.98730469,175.5625,9.875,121,2.14,-8.34,-9.11,-39,104.5,37.9375,255,,,,,0.008,
2026-08-05T13:33:43.777,205.015,waiting_for_release,,,,,FALSE,,,35.923076,139.9102107,,,34.09,1009.814883,46.02246094,232.0625,33.875,98.875,-2.04,-6.3,-2.79,12.625,12,-41.75,255,,,,,0.008,
2026-08-05T13:33:44.278,205.515,waiting_for_release,,,,,FALSE,,,35.923076,139.9102107,,,34.08,1009.826289,46.02246094,210.875,38.1875,114.25,5.13,-8.3,-8.33,90,-92.1875,-48.375,255,,,,,0.008,
2026-08-05T13:33:44.778,206.016,waiting_for_release,,,,,FALSE,,,35.923076,139.9102107,,,34.09,1009.834258,46.01074219,199.25,51.4375,107.375,8.57,-4.56,-3.37,-110.125,12.9375,-32.6875,255,,,,,0.008,
2026-08-05T13:33:45.279,206.516,waiting_for_release,,,,,FALSE,,,35.923076,139.9102107,,,34.08,1009.798984,45.95214844,292.1875,80.5625,24.25,6.99,-2.63,-4.11,-56.875,68.25,-78.6875,191,,,,,0.008,
2026-08-05T13:33:45.779,207.017,waiting_for_release,,,,,FALSE,,,35.923076,139.9102107,,,34.09,1009.787578,45.90625,285.4375,83.1875,2.3125,10.61,-3.22,-3.19,90.375,-78.375,30.8125,127,,,,,0.008,
2026-08-05T13:33:46.279,207.517,waiting_for_release,,,,,FALSE,,,35.923076,139.9102107,,,34.09,1009.814883,45.90625,240.25,67.75,22.25,6.25,-0.32,1.17,65.0625,84.0625,74.875,255,,,,,0.008,
2026-08-05T13:33:46.780,208.017,waiting_for_release,,,,,FALSE,,,35.923076,139.9102107,,,34.1,1009.795547,45.90722656,190.4375,3.1875,80.875,-1.44,-13.17,-1.51,-57.125,84.3125,130.0625,255,,,,,0.008,
2026-08-05T13:33:47.280,208.518,waiting_for_release,,,,,FALSE,,,35.923076,139.9102107,,,34.09,1009.779609,45.81347656,174.9375,-37,69.0625,-9.44,-2.27,-0.68,-43.8125,-7.625,94.875,127,,,,,0.008,
2026-08-05T13:33:47.781,209.018,waiting_for_release,,,,,FALSE,,,35.923076,139.9102107,,,34.09,1009.842227,45.61621094,107.5,-56.375,67.375,-8.54,-2.3,-1.52,-44.3125,-32.9375,0.9375,127,,,,,0.009,
2026-08-05T13:33:48.281,209.519,waiting_for_release,,,,,FALSE,,,35.923076,139.9102107,,,34.1,1009.831133,45.67578125,97.875,-59.0625,85.8125,-12.48,-4.56,-1.63,122.9375,15,-77.9375,255,,,,,0.009,
2026-08-05T13:33:48.782,210.019,waiting_for_release,,,,,FALSE,,,35.923076,139.9102107,,,34.1,1009.831133,45.67578125,131.25,-49.1875,45.625,-9.79,-1.87,2,18.0625,0.5,28.4375,255,,,,,0.008,
2026-08-05T13:33:49.282,210.52,waiting_for_release,,,,,FALSE,,,35.923076,139.9102107,,,34.1,1009.768203,45.74511719,124.25,-50.9375,41.25,-8.73,-2.52,2.4,6.5625,-18.75,-2.5625,255,,,,,0.008,
2026-08-05T13:33:49.782,211.02,waiting_for_release,,,,,FALSE,,,35.923076,139.9102107,,,34.1,1009.803789,45.76855469,122.0625,-52.6875,38.9375,-8.68,-2.81,2.85,12.3125,-4.9375,0.125,255,,,,,0.008,
2026-08-05T13:33:50.283,211.52,waiting_for_release,,,,,FALSE,,,35.923076,139.9102107,,,34.11,1009.811758,45.74609375,116.0625,-60.4375,36,-8.34,-2.56,3.2,5.125,-5.3125,-4.25,191,,,,,0.008,
2026-08-05T13:33:50.783,212.021,waiting_for_release,,,,,FALSE,,,35.923076,139.9102107,,,34.11,1009.757109,45.7578125,109.6875,-61.375,38.4375,-8.66,-3.02,3.21,-4.625,-1.625,1,127,,,,,0.009,
2026-08-05T13:33:51.284,212.521,waiting_for_release,,,,,FALSE,,,35.923076,139.9102107,,,34.1,1009.803789,45.67578125,105.6875,-61.3125,31.4375,-8.62,-2.54,3.66,17.375,-4.375,1.375,191,,,,,0.008,
2026-08-05T13:33:51.784,213.022,waiting_for_release,,,,,FALSE,,,35.923076,139.9102107,,,34.12,1009.753672,45.77050781,105.875,-62.8125,30.4375,-8.94,-2.01,2.99,-34.5625,0.875,-1.6875,255,,,,,0.008,
2026-08-05T13:33:52.284,213.522,waiting_for_release,,,,,FALSE,,,35.923076,139.9102107,,,34.13,1009.843594,45.75976563,122.4375,-33.625,83.75,-6.9,-5.06,0.46,-120.0625,3.75,-161.8125,255,,,,,0.008,
2026-08-05T13:33:52.785,214.022,waiting_for_release,,,,,FALSE,,,35.923076,139.9102107,,,34.12,1009.80832,45.64355469,125.5,13.0625,83.6875,8.77,-6.25,-1.71,58.625,-4.75,-3.0625,255,,,,,0.008,
2026-08-05T13:33:53.285,214.523,waiting_for_release,,,,,FALSE,,,35.923076,139.9102107,,,34.12,1009.890273,45.80566406,185.9375,16.4375,95.625,-3.37,-13.29,-6.25,-15.75,169.6875,5.0625,255,,,,,0.008,
2026-08-05T13:33:53.786,215.023,waiting_for_release,,,,,FALSE,,,35.923076,139.9102107,,,34.12,1009.835664,45.84082031,178.625,13.375,101.1875,-4.57,-15.71,-11.31,-30.0625,-194.625,15.25,255,,,,,0.008,
2026-08-05T13:33:54.286,215.524,waiting_for_release,,,,,FALSE,,,35.923076,139.9102107,,,34.11,1009.819727,45.89746094,93.0625,-2.8125,73.125,4.63,-1.57,2.06,-86.3125,-16.3125,-17.5625,255,,,,,0.009,
2026-08-05T13:33:54.787,216.024,waiting_for_release,,,,,FALSE,,,35.923076,139.9102107,,,34.11,1009.811758,45.95410156,192.125,16.875,95.8125,-4.55,-10.37,-5.99,77,148.25,-51,255,,,,,0.008,
2026-08-05T13:33:55.287,216.525,waiting_for_release,,,,,FALSE,,,35.923076,139.9102107,,,34.11,1009.819727,45.94335938,185.1875,16.5625,112.75,-2.53,-15.19,-12.56,-84.9375,-201.125,-12.3125,255,,,,,0.008,
2026-08-05T13:33:55.787,217.025,waiting_for_release,,,,,FALSE,,,35.923076,139.9102107,,,34.1,1009.776484,46.01269531,103.5,4.9375,71.5625,4.8,-1.04,0.99,-53.625,1.4375,-40.6875,255,,,,,0.008,
2026-08-05T13:33:56.288,217.525,waiting_for_release,,,,,FALSE,,,35.923076,139.9102107,,,34.1,1009.831133,46.0703125,182.75,16.1875,111.9375,-0.09,-12.68,-7.41,14.625,150.75,-9.125,255,,,,,0.008,
2026-08-05T13:33:56.788,218.026,waiting_for_release,,,,,FALSE,,,35.923076,139.9102107,,,34.1,1009.74918,45.95410156,176.75,17.25,39.1875,-0.16,-5.12,1.98,-33.25,-104.4375,142.3125,255,,,,,0.008,
2026-08-05T13:33:57.289,218.526,waiting_for_release,,,,,FALSE,,,35.923076,139.9102107,,,34.1,1009.822891,45.90722656,127.75,4.0625,113.6875,6.62,-11,-5.04,-88.9375,87,49.875,255,,,,,0.008,
2026-08-05T13:33:57.789,219.027,waiting_for_release,,,,,FALSE,,,35.923076,139.9102107,,,34.1,1009.768203,45.77929688,203.625,12.75,86.4375,-4.27,-4.76,-0.68,47.0625,1.25,-19.75,255,,,,,0.009,
2026-08-05T13:33:58.290,219.527,waiting_for_release,,,,,FALSE,,,35.923076,139.9102107,,,34.09,1009.834258,45.75585938,142.25,3.4375,120.625,3.5,-11.01,-11.84,74.5,-127.875,-46.0625,255,,,,,0.008,
2026-08-05T13:33:58.790,220.028,waiting_for_release,,,,,FALSE,,,35.923076,139.9102107,,,34.09,1009.806953,45.87109375,128.8125,-2.5625,108.375,3.21,-10.32,-9.57,-117.0625,137.875,6.8125,255,,,,,0.008,
2026-08-05T13:33:59.290,220.528,waiting_for_release,,,,,FALSE,,,35.923076,139.9102107,,,34.09,1009.806953,45.89453125,201.5625,16.8125,96.75,-4.35,-4.59,1.13,60.8125,12.6875,-3.5625,255,,,,,0.008,
2026-08-05T13:33:59.791,221.028,waiting_for_release,,,,,FALSE,,,35.923076,139.9102107,,,34.09,1009.814883,45.90625,127.4375,-2.5625,118.0625,3.36,-8.79,-10.66,64.875,-111.4375,-49.0625,255,,,,,0.009,
2026-08-05T13:34:00.291,221.529,waiting_for_release,,,,,FALSE,,,35.923076,139.9102107,,,34.1,1009.822891,45.89550781,117.75,-4.6875,114.0625,3.75,-9.82,-7.54,-77.1875,106.4375,8.6875,255,,,,,0.009,
2026-08-05T13:34:00.792,222.029,waiting_for_release,,,,,FALSE,,,35.923076,139.9102107,,,34.09,1009.814883,45.83691406,183.1875,6.375,94.5,-5.02,-4.84,0.57,23.625,-10.4375,5.6875,255,,,,,0.008,
2026-08-05T13:34:01.292,222.53,waiting_for_release,,,,,FALSE,,,35.923076,139.9102107,,,34.09,1009.787578,45.82519531,134.625,9.875,113.5,1.68,-7.75,-8.81,124.125,-120.6875,-65.75,255,,,,,0.008,
2026-08-05T13:34:01.793,223.03,waiting_for_release,,,,,FALSE,,,35.923076,139.9102107,,,34.1,1009.858438,45.83886719,131.5,3.875,109.0625,4.88,-10.77,-8.06,-132.1875,121.5,28.9375,255,,,,,0.008,
2026-08-05T13:34:02.293,223.531,waiting_for_release,,,,,FALSE,,,35.923076,139.9102107,,,34.09,1009.787578,45.81347656,196.6875,11,86.4375,-3.7,-4.71,0.3,94.375,40.9375,-6.1875,255,,,,,0.008,
2026-08-05T13:34:02.794,224.031,waiting_for_release,,,,,FALSE,,,35.923076,139.9102107,,,34.09,1009.869531,45.72070313,144.9375,9.375,103.9375,3.03,-12.74,-8.55,105.75,-131.1875,-19.4375,255,,,,,0.008,
2026-08-05T13:34:03.294,224.532,waiting_for_release,,,,,FALSE,,,35.923076,139.9102107,,,34.09,1009.869531,45.80175781,117.3125,2.125,91.125,5.32,-9.54,-4.45,-136.3125,85.3125,-28.0625,255,,,,,0.008,
2026-08-05T13:34:03.795,225.032,waiting_for_release,,,,,FALSE,,,35.923076,139.9102107,,,34.1,1009.795547,45.84960938,185.9375,-1.5625,80.9375,-5.7,-4.29,0.26,113.875,48.0625,11.1875,255,,,,,0.008,
2026-08-05T13:34:04.295,225.533,waiting_for_release,,,,,FALSE,,,35.923076,139.9102107,,,34.09,1009.787578,45.82519531,160.5625,1.625,109.75,0.77,-14.24,-9.8,3.9375,-166.0625,-79.125,255,,,,,0.008,
2026-08-05T13:34:04.795,226.033,waiting_for_release,,,,,FALSE,,,35.923076,139.9102107,,,34.1,1009.831133,45.81542969,122.125,-0.125,96.25,4.99,-8.91,-3.83,-99.5625,85.6875,24.375,255,,,,,0.008,
2026-08-05T13:34:05.296,226.533,waiting_for_release,,,,,FALSE,,,35.923076,139.9102107,,,34.09,1009.834258,45.80175781,176.9375,-1.6875,92.9375,-5.56,-5.93,-1.75,95.875,55.625,12.625,255,,,,,0.009,
2026-08-05T13:34:05.796,227.034,waiting_for_release,,,,,FALSE,,,35.923076,139.9102107,,,34.1,1009.850156,45.76757813,164.125,10.625,107.75,2.67,-12.04,-8.42,71.9375,-129.1875,-51.6875,255,,,,,0.008,
2026-08-05T13:34:06.297,227.534,waiting_for_release,,,,,FALSE,,,35.923076,139.9102107,,,34.1,1009.850156,45.73339844,116.875,4.0625,85.875,5.77,-6.66,-1.24,-108.0625,53.3125,8.5,255,,,,,0.008,
2026-08-05T13:34:06.797,228.035,waiting_for_release,,,,,FALSE,,,35.923076,139.9102107,,,34.1,1009.858438,45.85058594,185.1875,7.875,94.9375,-3.21,-9.14,-3.64,89.8125,59.875,-21.625,255,,,,,0.008,
2026-08-05T13:34:07.297,228.535,waiting_for_release,,,,,FALSE,,,35.923076,139.9102107,,,34.1,1009.795547,45.87207031,174.3125,9.3125,105.875,-0.34,-12.41,-7.66,-42.9375,-105.125,10.875,255,,,,,0.008,
2026-08-05T13:34:07.798,229.035,waiting_for_release,,,,,FALSE,,,35.923076,139.9102107,,,34.1,1009.858438,45.734375,126.9375,2.9375,95.9375,6.03,-6.87,-3.01,-70.875,28.9375,-18.8125,255,,,,,0.008,
2026-08-05T13:34:08.298,229.536,waiting_for_release,,,,,FALSE,,,35.923076,139.9102107,,,34.09,1009.814883,45.90625,187.0625,13,103.5,-1.86,-8.82,-4.09,44.25,105.375,7.8125,255,,,,,0.008,
2026-08-05T13:34:08.799,230.036,waiting_for_release,,,,,FALSE,,,35.923076,139.9102107,,,34.11,1009.866406,45.91992188,162.625,7.5,113.125,-0.38,-11.61,-9.47,11.5625,-137.0625,-32.3125,255,,,,,0.008,
2026-08-05T13:34:09.299,230.537,waiting_for_release,,,,,FALSE,,,35.923076,139.9102107,,,34.09,1009.814883,45.96386719,122,3.375,95.75,6.29,-5.17,-2.05,-70.0625,43.5625,2.8125,255,,,,,0.008,
2026-08-05T13:34:09.800,231.037,waiting_for_release,,,,,FALSE,,,35.923076,139.9102107,,,34.1,1009.822891,46,179.5,1.6875,94.6875,-5.48,-6.37,-2.3,85.1875,66.375,9.8125,255,,,,,0.008,
2026-08-05T13:34:10.300,231.538,waiting_for_release,,,,,FALSE,,,35.923076,139.9102107,,,34.09,1009.842227,45.96386719,165.375,2.375,111.5,-1.63,-12.42,-9.3,-9.8125,-118.8125,-62.25,255,,,,,0.008,
2026-08-05T13:34:10.800,232.038,waiting_for_release,,,,,FALSE,,,35.923076,139.9102107,,,34.1,1009.850156,46.0234375,135.1875,6.125,99.625,6.16,-8.1,-2.5,-81.375,37.875,4.25,255,,,,,0.008,
2026-08-05T13:34:11.301,232.538,waiting_for_release,,,,,FALSE,,,35.923076,139.9102107,,,34.1,1009.768203,46.04589844,162.9375,-2,98.125,-5.46,-6.78,-1.43,108.25,65.4375,45,255,,,,,0.008,
2026-08-05T13:34:11.801,233.039,waiting_for_release,,,,,FALSE,,,35.923076,139.9102107,,,34.1,1009.831133,46.05859375,143.625,2.4375,112.1875,0.56,-11.4,-9.98,60.3125,-125.5625,-72.5625,255,,,,,0.008,
2026-08-05T13:34:12.302,233.539,waiting_for_release,,,,,FALSE,,,35.923076,139.9102107,,,34.1,1009.913086,46.05859375,116.5,-2.625,96.5625,4.14,-9.52,-3.52,-132.25,39.6875,-0.5625,255,,,,,0.008,
2026-08-05T13:34:12.802,234.04,waiting_for_release,,,,,FALSE,,,35.923076,139.9102107,,,34.1,1009.795547,46.01171875,161.5625,0,101.6875,-5.31,-5.87,-1.38,92.8125,44.8125,5.9375,255,,,,,0.008,
2026-08-05T13:34:13.302,234.54,waiting_for_release,,,,,FALSE,,,35.923076,139.9102107,,,34.09,1009.806953,45.97558594,137.8125,0.4375,119.25,-1.86,-10.19,-10.01,23.5625,-103,-81.625,255,,,,,0.008,
2026-08-05T13:34:13.803,235.04,waiting_for_release,,,,,FALSE,,,35.923076,139.9102107,,,34.1,1009.831133,46.00097656,116.9375,-2.3125,99.375,4.05,-8.34,-3.02,-91.3125,58.75,33.9375,255,,,,,0.008,
2026-08-05T13:34:14.303,235.541,waiting_for_release,,,,,FALSE,,,35.923076,139.9102107,,,34.1,1009.776484,46.00097656,159.375,-2.9375,107.625,-4.44,-7.58,-3.64,59.4375,42.125,1.625,255,,,,,0.008,
2026-08-05T13:34:14.804,236.041,waiting_for_release,,,,,FALSE,,,35.923076,139.9102107,,,34.12,1009.855,46.01367188,140.25,-8.125,113.625,-2.37,-9.32,-6.73,-7.9375,-91.125,-50.0625,255,,,,,0.008,
2026-08-05T13:34:15.304,236.542,waiting_for_release,,,,,FALSE,,,35.923076,139.9102107,,,34.12,1009.827695,46.02539063,120.625,1.5625,98.375,5.64,-6.83,-1.93,-7.875,14.5625,19.5625,255,,,,,0.008,
2026-08-05T13:34:15.804,237.042,waiting_for_release,,,,,FALSE,,,35.923076,139.9102107,,,34.12,1009.882344,45.97851563,150.25,-4.9375,102.3125,-3.5,-8.56,-4.14,57.3125,57.875,13.8125,255,,,,,0.008,
2026-08-05T13:34:16.305,237.542,waiting_for_release,,,,,FALSE,,,35.923076,139.9102107,,,34.11,1009.792383,46.02539063,151.9375,-6.625,108.4375,-3.27,-9.84,-3.29,-23,-56.8125,-8.5,255,,,,,0.008,
2026-08-05T13:34:16.805,238.043,waiting_for_release,,,,,FALSE,,,35.923076,139.9102107,,,34.12,1009.80832,46.04882813,116.0625,-1.625,101.375,3.55,-7.23,-3.39,1,-43.625,-12.125,255,,,,,0.008,
2026-08-05T13:34:17.306,238.543,waiting_for_release,,,,,FALSE,,,35.923076,139.9102107,,,34.12,1009.773047,46.05957031,138.5625,-2.375,109.25,1.29,-9.78,-6.21,-3,98.4375,35.375,255,,,,,0.008,
2026-08-05T13:34:17.806,239.044,waiting_for_release,,,,,FALSE,,,35.923076,139.9102107,,,34.12,1009.835664,46.06054688,151.125,-4.25,106.375,-3.78,-8.4,-1.71,-38.875,1.8125,13.625,255,,,,,0.008,
2026-08-05T13:34:18.307,239.544,waiting_for_release,,,,,FALSE,,,35.923076,139.9102107,,,34.13,1009.816289,46.10839844,131.5,-1.1875,112.75,2.27,-8.22,-5.44,6.5,-72.6875,-20.5625,255,,,,,0.008,
2026-08-05T13:34:18.807,240.045,waiting_for_release,,,,,FALSE,,,35.923076,139.9102107,,,34.13,1009.878906,46.17773438,132,-0.8125,115.3125,1.35,-7.19,-5.24,11.3125,49.125,24.3125,191,,,,,0.008,
2026-08-05T13:34:19.307,240.545,waiting_for_release,,,,,FALSE,,,35.923076,139.9102107,,,34.13,1009.870938,46.18945313,170.0625,11.1875,118.625,-1.12,-10.28,-7.13,-37.4375,-21.25,-20.25,191,,,,,0.008,
2026-08-05T13:34:19.808,241.045,waiting_for_release,,,,,FALSE,,,35.923076,139.9102107,,,34.13,1009.878906,46.15429688,142.875,-1.5625,117.6875,-1.01,-10.86,-7.49,2.6875,-8.1875,41.25,191,,,,,0.008,
2026-08-05T13:34:20.308,241.546,waiting_for_landing,,,,,FALSE,,,35.923076,139.9102107,,,33.81,1009.374297,46.15625,135.125,-7.5625,116.25,3.35,-6.72,-4.49,-20.625,-5.375,-30.3125,255,,,,,0.008,
2026-08-05T13:34:20.809,242.046,waiting_for_landing,,,,,FALSE,,,35.923076,139.9102107,,,34.15,1009.903086,46.19140625,166.0625,9.3125,122.6875,-5.39,-7.6,-2.73,-0.6875,18.9375,-4.0625,255,,,,,0.008,
2026-08-05T13:34:21.309,242.547,waiting_for_landing,,,,,FALSE,,,35.923076,139.9102107,,,34.14,1009.859844,46.15429688,158.625,2.625,121.5,2.48,-9.92,-7.66,-9.25,-5.1875,34.3125,255,,,,,0.008,
2026-08-05T13:34:21.809,243.047,waiting_for_landing,,,,,FALSE,,,35.923076,139.9102107,,,34.13,1009.906211,46.13085938,161.8125,5.3125,122.5625,2.62,-7.93,-6.04,7.75,0.3125,-28.8125,255,,,,,0.008,
2026-08-05T13:34:22.310,243.547,waiting_for_landing,,,,,FALSE,,,35.923076,139.9102107,,,34.13,1009.878906,46.10839844,182,13.375,120.3125,-3.46,-7.26,-4.93,0.625,16.5625,12.75,191,,,,,0.008,
2026-08-05T13:34:22.810,244.048,waiting_for_landing,,,,,FALSE,,,35.923076,139.9102107,,,34.13,1009.878906,46.07324219,154.375,-6.625,125.5625,1.71,-9.17,-6.78,-34.5,-10,16.8125,191,,,,,0.008,
2026-08-05T13:34:23.311,244.548,waiting_for_landing,,,,,FALSE,,,35.923076,139.9102107,,,34.14,1009.922461,46.0625,154.125,0.3125,123.8125,3.16,-7.56,-5.94,9.5,10.25,-29.3125,191,,,,,0.008,
2026-08-05T13:34:23.811,245.049,waiting_for_landing,,,,,FALSE,,,35.923076,139.9102107,,,34.15,1009.766484,46.00585938,185.125,7.0625,119.6875,-3.04,-5.76,-4.92,9.5625,-5.9375,7,191,,,,,0.008,
2026-08-05T13:34:24.312,245.549,waiting_for_landing,,,,,FALSE,,,35.923076,139.9102107,,,34.14,1009.887188,45.96875,142.5625,-7.625,127.75,1.92,-7.8,-7.18,4.5,-38.5625,-4.1875,191,,,,,0.008,
2026-08-05T13:34:24.812,246.05,waiting_for_landing,,,,,FALSE,,,35.923076,139.9102107,,,34.15,1009.875781,46.00585938,152.0625,-4.9375,129.75,1.05,-8.51,-6.75,9.8125,28.875,-0.625,191,,,,,0.008,
2026-08-05T13:34:25.312,246.55,waiting_for_landing,,,,,FALSE,,,35.923076,139.9102107,,,34.14,1009.78582,45.95800781,162,-0.0625,123,-4.12,-5.91,-5.37,26.9375,0.8125,-10.125,255,,,,,0.008,
2026-08-05T13:34:25.813,247.05,waiting_for_landing,,,,,FALSE,,,35.923076,139.9102107,,,34.14,1009.840508,45.87695313,142.5625,-7.375,128.375,1.92,-9.06,-6.13,-19.0625,-26.75,11.375,255,,,,,0.008,
2026-08-05T13:34:26.313,247.551,waiting_for_landing,,,,,FALSE,,,35.923076,139.9102107,,,34.15,1009.848438,45.92480469,163.5,0.5625,126.75,2.35,-8.1,-6.74,5.25,27.5625,-0.9375,255,,,,,0.008,
2026-08-05T13:34:26.814,248.051,waiting_for_landing,,,,,FALSE,,,35.923076,139.9102107,,,34.14,1009.813164,45.87695313,198.6875,4.6875,117.375,-4.27,-5.91,-5.15,4.8125,26.0625,15.1875,191,,,,,0.008,
2026-08-05T13:34:27.314,248.552,waiting_for_landing,,,,,FALSE,,,35.923076,139.9102107,,,34.14,1009.78582,45.74902344,183.9375,-0.5,130.0625,0.84,-8.58,-7.64,-15.5,-39.5625,-16.625,255,,,,,0.008,
2026-08-05T13:34:27.815,249.052,waiting_for_landing,,,,,FALSE,,,35.923076,139.9102107,,,34.14,1009.840508,45.81933594,203.375,7.625,130.6875,2.14,-6.84,-5.37,-13.625,22.1875,-7.125,255,,,,,0.008,
2026-08-05T13:34:28.315,249.553,waiting_for_landing,,,,,FALSE,,,35.923076,139.9102107,,,34.15,1009.883711,45.91308594,211.875,9.8125,126.5625,-2.57,-6.48,-5.74,10.25,7.4375,22.875,255,,,,,0.008,
2026-08-05T13:34:28.815,250.053,waiting_for_landing,,,,,FALSE,,,35.923076,139.9102107,,,34.15,1009.829063,45.95898438,173.125,-2.9375,128.75,0,-7.97,-7.29,3.3125,-43.625,-25.5625,191,,,,,0.008,
2026-08-05T13:34:29.316,250.553,waiting_for_landing,,,,,FALSE,,,35.923076,139.9102107,,,34.15,1009.856406,46.04003906,165.5,-0.125,131.875,2.44,-6.71,-6.86,-20.1875,21.625,16.4375,191,,,,,0.008,
2026-08-05T13:34:29.816,251.054,waiting_for_landing,,,,,FALSE,,,35.923076,139.9102107,,,34.16,1009.872344,46.11132813,195.25,3.5625,126.5,-2.87,-7.26,-6.36,20.4375,10.25,13.0625,191,,,,,0.008,
2026-08-05T13:34:30.317,251.554,waiting_for_landing,,,,,FALSE,,,35.923076,139.9102107,,,34.16,1009.809727,46.08789063,170.125,-6.0625,124.1875,-3.4,-7.41,-5.64,5.4375,-60.8125,-15.5625,255,,,,,0.008,
2026-08-05T13:34:30.817,252.055,waiting_for_landing,,,,,FALSE,,,35.923076,139.9102107,,,33.85,1009.329063,46.11425781,141,-5.875,121.875,3.26,-7.37,-5.35,17.3125,-6.625,-22.375,255,,,,,0.008,
2026-08-05T13:34:31.318,252.555,waiting_for_landing,,,,,FALSE,,,35.923076,139.9102107,,,34.17,1009.779258,46.11132813,178.3125,-1.1875,120.4375,-6,-6.87,-3.82,-2.5,-1.4375,-16.5,191,,,,,0.008,
2026-08-05T13:34:31.818,253.056,waiting_for_landing,,,,,FALSE,,,35.923076,139.9102107,,,34.17,1009.779258,46.10058594,156.875,1.25,125.75,2.74,-7.86,-8.34,45.625,-54.4375,-54.8125,255,,,,,0.008,
2026-08-05T13:34:32.318,253.556,waiting_for_landing,,,,,FALSE,,,35.923076,139.9102107,,,34.16,1009.763047,46.12207031,164.8125,3.9375,126.5,0.99,-8.73,-8.23,-15.1875,50.9375,64.375,127,,,,,0.008,
2026-08-05T13:34:32.819,254.056,waiting_for_landing,,,,,FALSE,,,35.923076,139.9102107,,,34.15,1009.747109,46.11035156,169.1875,-1.9375,122.9375,-6.02,-6.23,-3.01,-9.1875,-21.8125,-9.625,255,,,,,0.008,
2026-08-05T13:34:33.319,254.557,waiting_for_landing,,,,,FALSE,,,35.923076,139.9102107,,,34.17,1009.79832,46.16992188,144.125,-2.0625,129.875,4.3,-6.38,-5.72,8.9375,-19.5625,-25.6875,191,,,,,0.009,
2026-08-05T13:34:33.820,255.057,waiting_for_landing,,,,,FALSE,,,35.923076,139.9102107,,,34.17,1009.825664,46.23925781,155.5,-3.5,125.8125,-3.17,-7.43,-7.59,28.1875,50.375,70.6875,63,,,,,0.008,
2026-08-05T13:34:34.320,255.558,waiting_for_landing,,,,,FALSE,,,35.923076,139.9102107,,,34.16,1009.790352,46.13378906,156.1875,-5.5,126.6875,-3.98,-7.57,-5.87,-35.8125,-18.875,-1.8125,255,,,,,0.008,
2026-08-05T13:34:34.821,256.058,waiting_for_landing,,,,,FALSE,,,35.923076,139.9102107,,,34.17,1009.724609,46.13476563,145.0625,-3.875,129.6875,2.21,-6.98,-6.63,-7,3.0625,-9.8125,255,,,,,0.008,
2026-08-05T13:34:35.321,256.559,waiting_for_landing,,,,,FALSE,,,35.923076,139.9102107,,,34.18,1009.841875,46.13574219,168.25,-2.8125,129.125,-4.23,-6.3,-6.24,1.25,10.0625,11.25,191,,,,,0.008,
2026-08-05T13:34:35.821,257.059,waiting_for_landing,,,,,FALSE,,,35.923076,139.9102107,,,34.18,1009.787227,46.17089844,156.1875,-1.875,128.4375,-1.4,-7.17,-6.71,7.875,-24.1875,-33.625,255,,,,,0.008,
2026-08-05T13:34:36.322,257.559,waiting_for_landing,,,,,FALSE,,,35.923076,139.9102107,,,34.19,1009.803164,46.171875,166.1875,3.5,129.3125,1.15,-7.42,-6.4,9.125,35.8125,12.625,255,,,,,0.008,
2026-08-05T13:34:36.822,258.06,waiting_for_landing,,,,,FALSE,,,35.923076,139.9102107,,,34.18,1009.849844,46.18261719,193.25,10.5,128.875,-1.43,-6.17,-5.27,4.625,6.0625,-34.875,255,,,,,0.008,
2026-08-05T13:34:37.323,258.56,waiting_for_landing,,,,,FALSE,,,35.923076,139.9102107,,,34.18,1009.877148,46.19433594,151.3125,-0.25,125.6875,2.68,-7.17,-6.73,23.1875,7.75,36.125,191,,,,,0.008,
2026-08-05T13:34:37.823,259.061,waiting_for_landing,,,,,FALSE,,,35.923076,139.9102107,,,34.19,1009.865742,46.1953125,190.75,9.0625,127.4375,-0.79,-9.82,-9.31,-21.0625,26.25,-20.6875,191,,,,,0.008,
2026-08-05T13:34:38.323,259.561,waiting_for_landing,,,,,FALSE,,,35.923076,139.9102107,,,34.19,1009.885117,46.21777344,175.5625,4.125,130.125,0.16,-8.31,-7,4.875,-7.6875,32.375,191,,,,,0.008,
2026-08-05T13:34:38.824,260.061,waiting_for_landing,,,,,FALSE,,,35.923076,139.9102107,,,34.19,1009.885117,46.20605469,176.375,0.625,128.1875,3.59,-7.67,-7.21,-8.5625,16.0625,-21.75,191,,,,,0.008,
2026-08-05T13:34:39.324,260.562,waiting_for_landing,,,,,FALSE,,,35.923076,139.9102107,,,34.19,1009.885117,46.24121094,183.25,3.125,131.25,-4.82,-4.7,-4.03,35.4375,-10.1875,-9,191,,,,,0.008,
2026-08-05T13:34:39.825,261.063,waiting_for_landing,,,,,FALSE,,,35.923076,139.9102107,,,34.19,1009.865742,45.8125,161.875,-5.5,132.875,4.15,-7.27,-8.58,-0.625,-2.3125,35.5625,191,,,,,0.008,
2026-08-05T13:34:40.325,261.563,waiting_for_landing,,,,,FALSE,,,35.923076,139.9102107,,,34.2,1009.873711,46.67089844,196.875,10.9375,128.1875,-3.43,-8.41,-6.97,-2.375,26.0625,-4.125,191,,,,,0.008,
2026-08-05T13:34:40.826,262.063,waiting_for_landing,,,,,FALSE,,,35.923076,139.9102107,,,34.18,1009.8225,46.11230469,194.6875,7.125,132.375,-3.11,-8.8,-8.29,-1.6875,-17.25,18.4375,255,,,,,0.008,
2026-08-05T13:34:41.326,262.564,waiting_for_landing,,,,,FALSE,,,35.923076,139.9102107,,,34.18,1009.931797,46.04296875,359.5625,-7,135.6875,3.49,-6.02,-6.27,4.125,14,-39.3125,255,,,,,0.008,
2026-08-05T13:34:41.827,263.064,waiting_for_landing,,,,,FALSE,,,35.923076,139.9102107,,,34.19,1009.865742,45.8828125,347.3125,12.5625,138.1875,-7.76,-5.47,-5.83,-16.3125,11.3125,25.1875,255,,,,,0.008,
2026-08-05T13:34:42.327,263.565,waiting_for_landing,,,,,FALSE,,,35.923076,139.9102107,,,34.19,1009.803164,45.80078125,2.5,1.9375,137.375,4.24,-7.35,-8.29,-14.0625,-4.6875,16.6875,255,,,,,0.008,
2026-08-05T13:34:42.828,264.065,waiting_for_landing,,,,,FALSE,,,35.923076,139.9102107,,,34.19,1009.893047,45.82421875,190,9.4375,129.625,-0.5,-10.69,-8.3,74,-23.3125,-66.375,255,,,,,0.008,
2026-08-05T13:34:43.328,264.566,waiting_for_landing,,,,,FALSE,,,35.923076,139.9102107,,,34.2,1009.827031,45.86035156,200.0625,11.1875,132.25,-3.48,-6.41,-6.03,-41.375,37,54.875,255,,,,,0.008,
2026-08-05T13:34:43.828,265.066,waiting_for_landing,,,,,FALSE,,,35.923076,139.9102107,,,34.2,1009.873711,45.8359375,352.625,-0.5625,135.9375,3.88,-6.42,-6.48,-26.625,-25.75,-66.4375,255,,,,,0.008,
2026-08-05T13:34:44.329,265.566,waiting_for_landing,,,,,FALSE,,,35.923076,139.9102107,,,34.2,1009.819063,45.96386719,352.9375,8.25,138.1875,-5.77,-4.94,-6.57,-10.9375,28.0625,25.0625,255,,,,,0.008,
2026-08-05T13:34:44.829,266.067,waiting_for_landing,,,,,FALSE,,,35.923076,139.9102107,,,34.19,1009.811094,45.90527344,165.125,-4,134.125,1.4,-7.34,-8.37,-8.875,-36,3.375,191,,,,,0.008,
2026-08-05T13:34:45.330,266.567,waiting_for_landing,,,,,FALSE,,,35.923076,139.9102107,,,34.21,1009.94457,45.9296875,358.8125,-2.5,137.6875,2.67,-7.3,-7.67,-1.1875,8.3125,-38.875,191,,,,,0.008,
2026-08-05T13:34:45.830,267.068,waiting_for_landing,,,,,FALSE,,,35.923076,139.9102107,,,34.21,1009.889961,45.88378906,185,2.0625,131.5625,-4.97,-4.63,-4.8,4.5,-26.5,-4.6875,127,,,,,0.009,
2026-08-05T13:34:46.331,267.568,waiting_for_landing,,,,,FALSE,,,35.923076,139.9102107,,,34.21,1009.889961,45.75585938,154.0625,-7,133.25,2.35,-6.86,-7.6,10.5625,-21.25,1.3125,127,,,,,0.008,
2026-08-05T13:34:46.831,268.069,waiting_for_landing,,,,,FALSE,,,35.923076,139.9102107,,,34.2,1009.88168,45.81347656,358.875,2.8125,137.3125,-0.07,-8.4,-8.69,-5.0625,14.375,-38.4375,191,,,,,0.008,
2026-08-05T13:34:47.331,268.569,waiting_for_landing,,,,,FALSE,,,35.923076,139.9102107,,,34.21,1009.897891,45.87304688,347.5,5.5,140.5625,-5.04,-5.09,-5.54,19.4375,7,23.75,255,,,,,0.008,
2026-08-05T13:34:47.832,269.07,waiting_for_landing,,,,,FALSE,,,35.923076,139.9102107,,,34.21,1009.897891,45.90722656,1.5625,0.75,137.6875,5.08,-5.32,-5.37,32.5625,-2.3125,-2.25,255,,,,,0.008,
2026-08-05T13:34:48.332,269.57,waiting_for_landing,,,,,FALSE,,,35.923076,139.9102107,,,34.21,1009.897891,45.93066406,189.0625,8.3125,134.6875,-3.13,-8.62,-7.71,-16.4375,10.4375,-4.1875,255,,,,,0.008,
2026-08-05T13:34:48.833,270.07,waiting_for_landing,,,,,FALSE,,,35.923076,139.9102107,,,34.21,1009.917266,45.84863281,184,0.375,133.8125,-1.96,-8.32,-8.47,-4.375,-15.5625,11,255,,,,,0.008,
2026-08-05T13:34:49.333,270.571,waiting_for_landing,,,,,FALSE,,,35.923076,139.9102107,,,34.21,1009.897891,45.82617188,188.8125,2.1875,133.5625,4.38,-5.54,-5.32,-11.75,19.625,-7.0625,255,,,,,0.008,
2026-08-05T13:34:49.834,271.071,waiting_for_landing,,,,,FALSE,,,35.923076,139.9102107,,,34.21,1009.843242,45.82617188,354.5,6.625,140.25,-5.38,-4.83,-4.47,20.8125,5.625,22.9375,255,,,,,0.008,
2026-08-05T13:34:50.334,271.572,waiting_for_landing,,,,,FALSE,,,35.923076,139.9102107,,,34.2,1009.854375,45.69824219,177.9375,-1.9375,133.625,1.6,-7.97,-8.56,-19.4375,-32.1875,-10.625,255,,,,,0.008,
2026-08-05T13:34:50.834,272.072,waiting_for_landing,,,,,FALSE,,,35.923076,139.9102107,,,34.21,1009.889961,45.76757813,350.875,2.1875,135.8125,0.23,-9.09,-8.73,-15.4375,23.75,-13.8125,255,,,,,0.008,
2026-08-05T13:34:51.335,272.573,waiting_for_landing,,,,,FALSE,,,35.923076,139.9102107,,,34.21,1009.788594,45.82617188,356.0625,6.875,136.8125,-5.22,-4.84,-5.73,22.25,-21.875,3.9375,255,,,,,0.008,
2026-08-05T13:34:51.836,273.073,waiting_for_landing,,,,,FALSE,,,35.923076,139.9102107,,,34.21,1009.870547,45.86132813,350.8125,-5,139.8125,3.53,-5.96,-7.78,-5.0625,-32.8125,-10.75,255,,,,,0.008,
2026-08-05T13:34:52.336,273.574,waiting_for_landing,,,,,FALSE,,,35.923076,139.9102107,,,34.22,1009.804531,45.82714844,343.75,5.3125,140.3125,0.18,-8.31,-9.93,2.125,29.5625,7.625,255,,,,,0.008,
2026-08-05T13:34:52.836,274.074,waiting_for_landing,,,,,FALSE,,,35.923076,139.9102107,,,34.22,1009.804531,45.83886719,352.1875,4.625,138.375,-5.87,-5.04,-5.54,-16.8125,-9.3125,12.25,255,,,,,0.008,
2026-08-05T13:34:53.337,274.574,waiting_for_landing,,,,,FALSE,,,35.923076,139.9102107,,,34.21,1009.843242,45.76855469,355.75,-9.125,143,4.14,-4.7,-6.45,-2.5,1.625,28.125,255,,,,,0.008,
2026-08-05T13:34:53.837,275.075,waiting_for_landing,,,,,FALSE,,,35.923076,139.9102107,,,34.22,1009.878555,45.74511719,354.9375,0.8125,140.25,-2.18,-8.58,-10.2,9.25,1.0625,-31.8125,255,,,,,0.008,
2026-08-05T13:34:54.338,275.575,waiting_for_landing,,,,,FALSE,,,35.923076,139.9102107,,,34.2,1009.772344,45.69824219,350,2.25,139.375,-5.09,-7.28,-8.87,-27.1875,-9.5,38.5,255,,,,,0.008,
2026-08-05T13:34:54.838,276.076,waiting_for_landing,,,,,FALSE,,,35.923076,139.9102107,,,34.21,1009.815938,45.67578125,356.6875,-3.25,138.5,4.57,-4.93,-5.04,26,-0.5,-7.1875,255,,,,,0.008,
2026-08-05T13:34:55.338,276.576,waiting_for_landing,,,,,FALSE,,,35.923076,139.9102107,,,34.21,1009.843242,45.60546875,349.8125,4.6875,137.125,-4.72,-6.08,-6.62,-23.375,23.25,4.9375,255,,,,,0.008,
2026-08-05T13:34:55.839,277.076,waiting_for_landing,,,,,FALSE,,,35.923076,139.9102107,,,34.21,1009.788594,45.43164063,350.5625,1.0625,135.75,-3.02,-8.75,-9.06,-19.9375,-33.75,5.375,255,,,,,0.008,
2026-08-05T13:34:56.339,277.577,waiting_for_landing,,,,,FALSE,,,35.923076,139.9102107,,,34.22,1009.851211,45.640625,170.6875,-2.875,134.625,3.52,-6.76,-7.24,-4,14.5,-26.0625,255,,,,,0.007,
2026-08-05T13:34:56.840,278.077,waiting_for_landing,,,,,FALSE,,,35.923076,139.9102107,,,34.22,1009.859141,45.69921875,351.75,7.375,140.8125,-5.46,-4.54,-4.99,6.25,15.5,-2.3125,255,,,,,0.008,
2026-08-05T13:34:57.340,278.578,waiting_for_landing,,,,,FALSE,,,35.923076,139.9102107,,,34.22,1009.749844,45.47949219,3.6875,-3.8125,145,2.67,-8.62,-10.52,-58.3125,-10.8125,38.125,255,,,,,0.008,
2026-08-05T13:34:57.841,279.078,waiting_for_landing,,,,,FALSE,,,35.923076,139.9102107,,,34.22,1009.831836,45.69921875,354.125,0.25,136.5625,3.18,-8.31,-9.57,-17.625,-14.0625,-53.5,255,,,,,0.008,
2026-08-05T13:34:58.341,279.579,waiting_for_landing,,,,,FALSE,,,35.923076,139.9102107,,,34.22,1009.878555,45.75683594,350.1875,4.8125,145,-6.14,-3.99,-3.07,102.125,2.3125,5.5,255,,,,,0.008,
2026-08-05T13:34:58.841,280.079,waiting_for_landing,,,,,FALSE,,,35.923076,139.9102107,,,34.22,1009.851211,45.73339844,359,-1.75,138.0625,4.03,-6.69,-8.16,11.8125,-15.4375,12.75,255,,,,,0.008,
2026-08-05T13:34:59.342,280.58,waiting_for_landing,,,,,FALSE,,,35.923076,139.9102107,,,34.22,1009.905859,45.78027344,346.9375,6.25,138.1875,1.17,-9.12,-9.83,-0.0625,11.6875,-16.125,255,,,,,0.008,
2026-08-05T13:34:59.842,281.08,waiting_for_landing,,,,,FALSE,,,35.923076,139.9102107,,,34.22,1009.859141,45.86230469,355.75,4.125,136.5625,-5.55,-4.6,-4.41,24.875,16.125,36.8125,255,,,,,0.008,
2026-08-05T13:35:00.343,281.58,waiting_for_landing,,,,,FALSE,,,35.923076,139.9102107,,,34.23,1009.921758,45.88671875,2.0625,-7.5,135.75,4.5,-5.98,-6.02,30,-36.625,-34.4375,255,,,,,0.008,
2026-08-05T13:35:00.843,282.081,waiting_for_landing,,,,,FALSE,,,35.923076,139.9102107,,,34.22,1009.878555,45.93066406,159.9375,-3.875,134.375,-1.09,-9.38,-8.1,10.0625,14.375,1.75,255,,,,,0.008,
2026-08-05T13:35:01.344,282.581,waiting_for_landing,,,,,FALSE,,,35.923076,139.9102107,,,34.22,1009.804531,45.91992188,179.6875,1.9375,131.125,-5.58,-6.6,-6.94,-34,3.625,57.1875,255,,,,,0.008,
2026-08-05T13:35:01.844,283.082,waiting_for_landing,,,,,FALSE,,,35.923076,139.9102107,,,34.22,1009.831836,45.90820313,1.75,-12.6875,137.875,4.36,-5.24,-5.99,0.5,-20.5,-12.875,255,,,,,0.008,
2026-08-05T13:35:02.344,283.582,waiting_for_landing,,,,,FALSE,,,35.923076,139.9102107,,,34.24,1009.863984,46.00292969,181.4375,4.9375,133.375,-2.44,-8.88,-7.88,28.9375,23.5,-51.5625,255,,,,,0.008,
2026-08-05T13:35:02.845,284.082,waiting_for_landing,,,,,FALSE,,,35.923076,139.9102107,,,33.83,1009.242578,45.81054688,344.5,2.0625,138.125,-3.76,-7.13,-6.91,-2.8125,11.9375,33.8125,255,,,,,0.008,
2026-08-05T13:35:03.345,284.583,waiting_for_landing,,,,,FALSE,,,35.923076,139.9102107,,,34.23,1009.867148,45.75878906,0.25,-2.25,138.3125,2.54,-6.28,-6.68,5.875,-46.3125,-53.375,255,,,,,0.008,
2026-08-05T13:35:03.846,285.083,waiting_for_landing,,,,,FALSE,,,35.923076,139.9102107,,,34.23,1009.847773,45.79296875,348.1875,-0.5,141.875,-3.43,-5.19,-6.36,15.6875,-9.1875,27.5625,255,,,,,0.008,
2026-08-05T13:35:04.346,285.584,waiting_for_landing,,,,,FALSE,,,35.923076,139.9102107,,,34.24,1009.883047,45.81640625,344.3125,-1.6875,137.9375,-2.28,-7,-7.52,25.3125,-1,9.875,255,,,,,0.008,
2026-08-05T13:35:04.847,286.084,waiting_for_landing,,,,,FALSE,,,35.923076,139.9102107,,,34.24,1009.918672,45.85253906,171.8125,0.4375,134.0625,0.85,-6.19,-7.16,-6.5,28.5625,-14.4375,255,,,,,0.008,
2026-08-05T13:35:05.347,286.585,waiting_for_landing,,,,,FALSE,,,35.923076,139.9102107,,,34.24,1009.883047,45.86328125,175.375,9.9375,135.875,0.27,-7.7,-5.24,43.875,48.6875,-15.8125,255,,,,,0.008,
2026-08-05T13:35:05.847,287.085,waiting_for_landing,,,,,FALSE,,,35.923076,139.9102107,,,34.24,1009.891328,45.86425781,174.375,5.3125,125.875,5.23,-8.04,-7.38,-56.6875,-6.625,44.0625,255,,,,,0.008,
2026-08-05T13:35:06.348,287.585,waiting_for_landing,,,,,FALSE,,,35.923076,139.9102107,,,34.24,1009.918672,45.88671875,197.5,7.625,131.8125,1.54,-8.06,-8.08,26.875,32.6875,43.6875,255,,,,,0.008,
2026-08-05T13:35:06.848,288.086,waiting_for_landing,,,,,FALSE,,,35.923076,139.9102107,,,34.25,1009.899258,45.88769531,197.875,8.3125,134.5,1.34,-7.13,-8.08,10.625,5.75,-133.5,255,,,,,0.008,
2026-08-05T13:35:07.349,288.586,waiting_for_landing,,,,,FALSE,,,35.923076,139.9102107,,,34.24,1009.83668,46.02636719,196.375,7.9375,131.4375,0.36,-9.15,-7.73,30.4375,39.0625,120.25,255,,,,,0.008,
2026-08-05T13:35:07.849,289.087,waiting_for_landing,,,,,FALSE,,,35.923076,139.9102107,,,34.24,1009.891328,45.8984375,183.4375,-3.4375,129.5625,1.09,-8.48,-7.52,29.5,-9.75,-81.75,255,,,,,0.008,
2026-08-05T13:35:08.349,289.587,waiting_for_landing,,,,,FALSE,,,35.923076,139.9102107,,,34.24,1009.863984,45.86425781,189.875,8.75,131.1875,-0.3,-8.28,-7.35,4.0625,-5.1875,84.75,255,,,,,0.008,
2026-08-05T13:35:08.850,290.088,waiting_for_landing,,,,,FALSE,,,35.923076,139.9102107,,,34.25,1009.844648,45.86523438,191.1875,6.5,128.6875,1.09,-7.56,-7.1,-65.75,45.5,-43.0625,255,,,,,0.008,
2026-08-05T13:35:09.350,290.588,waiting_for_landing,,,,,FALSE,,,35.923076,139.9102107,,,34.25,1009.852578,45.92285156,196.625,11.875,130.0625,2.33,-7.11,-7.55,30.6875,-41.8125,22.1875,255,,,,,0.008,
2026-08-05T13:35:09.851,291.088,waiting_for_landing,,,,,FALSE,,,35.923076,139.9102107,,,34.25,1009.879922,45.95800781,192.3125,8.375,128.875,0.56,-6.88,-7.1,-26.4375,24.875,-16.75,255,,,,,0.008,
2026-08-05T13:35:10.351,291.589,waiting_for_landing,,,,,FALSE,,,35.923076,139.9102107,,,34.25,1009.879922,45.98046875,180.6875,2.5625,127.1875,5.18,-5.83,-7.74,25.1875,-30.4375,106.875,255,,,,,0.008,
2026-08-05T13:35:10.852,292.089,waiting_for_landing,,,,,FALSE,,,35.923076,139.9102107,,,34.25,1009.825234,46.00390625,349.9375,12.8125,138.875,-9.08,-8.77,-6.01,-79.375,46.8125,-82.125,255,,,,,0.008,
2026-08-05T13:35:11.352,292.59,waiting_for_landing,,,,,FALSE,,,35.923076,139.9102107,,,34.25,1009.899258,45.95800781,172.875,-4.75,140.75,5.74,-7.42,-6.69,-13.625,18.375,15.6875,191,,,,,0.008,
2026-08-05T13:35:11.852,293.09,waiting_for_landing,,,,,FALSE,,,35.923076,139.9102107,,,34.25,1009.871953,45.92285156,345.75,18.5,141.3125,-4.03,-7.42,-5.5,60.875,-33.375,20.125,191,,,,,0.008,
2026-08-05T13:35:12.353,293.59,waiting_for_landing,,,,,FALSE,,,35.923076,139.9102107,,,34.25,1009.871953,45.83007813,186.6875,1.9375,133.6875,2.58,-6.78,-7.16,-8.875,15.5,-65.125,127,,,,,0.008,
2026-08-05T13:35:12.853,294.091,waiting_for_landing,,,,,FALSE,,,35.923076,139.9102107,,,34.26,1009.833242,45.89941406,342.8125,18.125,143.125,-2.68,-7.05,-6.81,36.1875,-11.75,36.4375,127,,,,,0.008,
2026-08-05T13:35:13.354,294.591,waiting_for_landing,,,,,FALSE,,,35.923076,139.9102107,,,33.94,1009.309375,45.89257813,196.6875,8.5625,133.5,3.61,-5.47,-7.8,-19.25,38.5625,-38.375,127,,,,,0.008,
2026-08-05T13:35:13.854,295.092,waiting_for_landing,,,,,FALSE,,,35.923076,139.9102107,,,34.25,1009.879922,45.96972656,215.0625,19.6875,137.9375,-1.06,-7.58,-6.84,30,1.5625,69.875,127,,,,,0.008,
2026-08-05T13:35:14.355,295.592,waiting_for_landing,,,,,FALSE,,,35.923076,139.9102107,,,34.25,1009.879922,45.9921875,193.625,5,128.5,2.85,-6.77,-7.66,-33.875,7.5625,-80.25,127,,,,,0.008,
2026-08-05T13:35:14.855,296.093,waiting_for_landing,,,,,FALSE,,,35.923076,139.9102107,,,34.26,1009.860547,45.98046875,199.75,10.125,135.6875,-0.08,-7.23,-7.74,34.8125,-31.875,34.0625,127,,,,,0.008,
2026-08-05T13:35:15.355,296.593,waiting_for_landing,,,,,FALSE,,,35.923076,139.9102107,,,34.25,1009.871953,46.00390625,200.25,9.6875,135.0625,1.98,-7.06,-8.49,-14.9375,24.8125,-20.1875,127,,,,,0.008,
2026-08-05T13:35:15.856,297.093,waiting_for_landing,,,,,FALSE,,,35.923076,139.9102107,,,34.26,1009.868516,46.01660156,347.9375,11.8125,136.3125,2.91,-6.71,-8.38,20.3125,-15.0625,56.3125,127,,,,,0.008,
2026-08-05T13:35:16.356,297.594,waiting_for_landing,,,,,FALSE,,,35.923076,139.9102107,,,34.26,1009.895859,46.05175781,349.9375,14.875,137.75,-0.75,-7.59,-8.9,-14.5,14.8125,-33.375,127,,,,,0.008,
2026-08-05T13:35:16.857,298.094,waiting_for_landing,,,,,FALSE,,,35.923076,139.9102107,,,34.26,1009.969844,46.09667969,196.5,11.1875,134.75,10.41,-5.55,-6.44,9.4375,-6.75,47.625,127,,,,,0.008,
2026-08-05T13:35:17.357,298.595,waiting_for_landing,,,,,FALSE,,,35.923076,139.9102107,,,34.28,1009.911758,46.11132813,344,16.125,142.8125,-8.89,-9.35,-3.95,-40.9375,18.5625,-10.6875,127,,,,,0.008,
2026-08-05T13:35:17.858,299.095,waiting_for_landing,,,,,FALSE,,,35.923076,139.9102107,,,34.26,1009.887852,46.12011719,201.75,8,133.5625,3.14,-6.72,-6.32,21.8125,5.625,7.9375,63,,,,,0.008,
2026-08-05T13:35:18.358,299.596,waiting_for_landing,,,,,FALSE,,,35.923076,139.9102107,,,34.26,1009.868516,46.06347656,215.375,17.5625,136.25,-4.19,-6.63,-4.6,44.8125,-15.25,-74.3125,127,,,,,0.008,
2026-08-05T13:35:18.858,300.096,waiting_for_landing,,,,,FALSE,,,35.923076,139.9102107,,,34.26,1009.868516,46.09765625,193.75,9,130.3125,3.34,-8.31,-7.35,-1.3125,3.875,-33.6875,127,,,,,0.008,
2026-08-05T13:35:19.359,300.596,waiting_for_landing,,,,,FALSE,,,35.923076,139.9102107,,,34.28,1009.884414,46.03027344,205.625,11.5,128.625,-1.26,-7.97,-7.69,-14,14.625,-15.6875,127,,,,,0.008,
2026-08-05T13:35:19.859,301.097,waiting_for_landing,,,,,FALSE,,,35.923076,139.9102107,,,34.27,1009.876445,46.04101563,192.25,6.3125,126.875,-5.19,-6.32,-3.89,-25.8125,10.25,38.5625,127,,,,,0.008,
2026-08-05T13:35:20.360,301.597,waiting_for_landing,,,,,FALSE,,,35.923076,139.9102107,,,34.26,1009.923164,46.04003906,198.375,10.25,127.75,3.21,-7.61,-6.17,18.5,-31.5,-25.875,127,,,,,0.008,
2026-08-05T13:35:20.860,302.098,waiting_for_landing,,,,,FALSE,,,35.923076,139.9102107,,,34.26,1009.868516,46.04003906,200.1875,10,126.875,-4.57,-7.45,-3.97,4.875,38.375,-16.625,127,,,,,0.008,
2026-08-05T13:35:21.361,302.598,waiting_for_landing,,,,,FALSE,,,35.923076,139.9102107,,,34.28,1009.892695,46.01855469,199.125,12.75,123.125,4.13,-6.75,-6.03,21.6875,-11.1875,-20.25,127,,,,,0.008,
2026-08-05T13:35:21.861,303.099,waiting_for_landing,,,,,FALSE,,,35.923076,139.9102107,,,34.27,1009.903789,46.00585938,199.3125,10.25,128.75,2.86,-7.75,-6.35,15.3125,-33.375,27.8125,127,,,,,0.008,
2026-08-05T13:35:22.361,303.599,waiting_for_landing,,,,,FALSE,,,35.923076,139.9102107,,,34.28,1009.829766,45.9609375,186.0625,5.9375,127.5,-3.77,-6.91,-3.78,-2.625,18.8125,-15.25,127,,,,,0.008,
2026-08-05T13:35:22.862,304.099,waiting_for_landing,,,,,FALSE,,,35.923076,139.9102107,,,34.28,1009.829766,45.87890625,197.5,14.1875,119.6875,3.7,-6.53,-4.07,78.3125,1.625,20.125,127,,,,,0.008,
2026-08-05T13:35:23.362,304.6,waiting_for_landing,,,,,FALSE,,,35.923076,139.9102107,,,34.28,1009.857109,45.85644531,187.8125,5,125.4375,-0.91,-7.34,-5.02,-25.5625,13.875,-23.625,127,,,,,0.008,
2026-08-05T13:35:23.863,305.1,waiting_for_landing,,,,,FALSE,,,35.923076,139.9102107,,,33.88,1009.259922,45.83886719,200.6875,10.0625,133.625,-1.66,-6.27,-8.11,23.9375,-3.375,21.1875,127,,,,,0.008,
2026-08-05T13:35:24.363,305.601,waiting_for_landing,,,,,FALSE,,,35.923076,139.9102107,,,34.28,1009.892695,45.84472656,197.625,11.3125,133.375,4.19,-8.05,-5.83,30.625,4.875,-24,127,,,,,0.008,
2026-08-05T13:35:24.863,306.101,waiting_for_landing,,,,,FALSE,,,35.923076,139.9102107,,,34.28,1009.865352,45.85644531,213.0625,16.375,137.1875,-1.15,-7.84,-6.55,0.8125,-7.1875,29.5,63,,,,,0.008,
2026-08-05T13:35:25.364,306.601,waiting_for_landing,,,,,FALSE,,,35.923076,139.9102107,,,34.29,1009.818672,45.83300781,353.375,14.5,137.3125,-4.22,-8.93,-7.16,-21.125,-10.8125,14,63,,,,,0.008,
2026-08-05T13:35:25.864,307.102,waiting_for_landing,,,,,FALSE,,,35.923076,139.9102107,,,34.28,1009.892695,45.84472656,206.5625,12.6875,135.4375,4.55,-6.33,-7,13.125,-22.9375,-7.5,63,,,,,0.008,
2026-08-05T13:35:26.365,307.602,waiting_for_landing,,,,,FALSE,,,35.923076,139.9102107,,,34.29,1009.927969,45.85644531,344.375,21,139.875,-0.07,-6.45,-8.02,5.9375,-7.5,33,63,,,,,0.008,
2026-08-05T13:35:26.865,308.103,waiting_for_landing,,,,,FALSE,,,35.923076,139.9102107,,,34.29,1009.846016,45.890625,207.0625,14.9375,130.875,2.12,-5.75,-8.9,6.8125,14,-11.125,63,,,,,0.008,
2026-08-05T13:35:27.365,308.603,waiting_for_landing,,,,,FALSE,,,35.923076,139.9102107,,,34.3,1009.97125,45.88085938,352.75,10.5625,137.4375,2.37,-7.95,-7.85,53.6875,-14.5,20.5,127,,,,,0.008,
2026-08-05T13:35:27.866,309.103,waiting_for_landing,,,,,FALSE,,,35.923076,139.9102107,,,34.3,1009.869883,45.90429688,210.125,16.4375,133.25,-5.8,-7.14,-3.86,-0.6875,-0.6875,-57.875,127,,,,,0.008,
2026-08-05T13:35:28.366,309.604,waiting_for_landing,,,,,FALSE,,,35.923076,139.9102107,,,34.29,1009.846016,45.9140625,211,16.75,127.625,4.39,-6.51,-7.04,21.4375,29.1875,3.375,127,,,,,0.008,
2026-08-05T13:35:28.867,310.104,waiting_for_landing,,,,,FALSE,,,35.923076,139.9102107,,,34.29,1009.881289,45.83398438,208.375,13.5625,135.125,3.23,-6.4,-8.09,59.75,-63.5625,72.375,127,,,,,0.008,
2026-08-05T13:35:29.367,310.605,waiting_for_landing,,,,,FALSE,,,35.923076,139.9102107,,,34.3,1009.834609,45.96191406,214.375,13.4375,133.5,-4.58,-6.12,-5.15,21.3125,34.875,-4.875,127,,,,,0.008,
2026-08-05T13:35:29.868,311.105,waiting_for_landing,,,,,FALSE,,,35.923076,139.9102107,,,34.3,1009.889219,45.97363281,196.4375,7.8125,130,4.49,-6.51,-6.02,20.3125,12.375,20,127,,,,,0.008,
2026-08-05T13:35:30.368,311.606,waiting_for_landing,,,,,FALSE,,,35.923076,139.9102107,,,34.31,1009.850508,45.99707031,205.375,16.25,135.25,0.47,-6.83,-6.68,-35.5,-13.75,30.5625,127,,,,,0.008,
2026-08-05T13:35:30.868,312.106,waiting_for_landing,,,,,FALSE,,,35.923076,139.9102107,,,34.31,1009.877813,45.99707031,208.6875,13.8125,135.0625,-3.87,-6.84,-6.48,-12.9375,0.75,46.5625,127,,,,,0.008,
2026-08-05T13:35:31.369,312.606,waiting_for_landing,,,,,FALSE,,,35.923076,139.9102107,,,34.3,1009.869883,45.92773438,353.5,6.1875,135.375,3.97,-7.08,-6.92,30.5,-1.125,-44.375,127,,,,,0.008,
2026-08-05T13:35:31.869,313.107,waiting_for_landing,,,,,FALSE,,,35.923076,139.9102107,,,34.31,1009.877813,45.85839844,208.125,14.6875,135.3125,-2.32,-6.62,-6.13,8.125,14.75,-32.6875,127,,,,,0.008,
2026-08-05T13:35:32.370,313.607,waiting_for_landing,,,,,FALSE,,,35.923076,139.9102107,,,34.3,1009.869883,45.90429688,206.8125,11.5625,131.8125,-4.27,-5.53,-6.24,-6.3125,-3.5,57.3125,127,,,,,0.008,
2026-08-05T13:35:32.870,314.108,waiting_for_landing,,,,,FALSE,,,35.923076,139.9102107,,,34.32,1009.921406,45.95214844,1.4375,7.8125,136,3.77,-7.08,-7.66,24.25,-11.625,1.3125,127,,,,,0.008,
2026-08-05T13:35:33.371,314.608,waiting_for_landing,,,,,FALSE,,,35.923076,139.9102107,,,34.32,1009.839414,45.98730469,214.1875,11.875,131.8125,0.15,-8.44,-7.24,-21.125,-25.9375,-0.3125,127,,,,,0.008,
2026-08-05T13:35:33.871,315.109,waiting_for_landing,,,,,FALSE,,,35.923076,139.9102107,,,34.32,1009.929336,46.0234375,206.6875,11.0625,130.8125,2.77,-6.13,-7.2,-50.5625,21.1875,15.6875,127,,,,,0.008,
2026-08-05T13:35:34.371,315.609,waiting_for_landing,,,,,FALSE,,,35.923076,139.9102107,,,33.94,1009.274102,46.03027344,207.4375,13.3125,133.625,4.94,-5.59,-7.51,34.1875,-42.875,4.6875,127,,,,,0.008,
2026-08-05T13:35:34.872,316.109,waiting_for_landing,,,,,FALSE,,,35.923076,139.9102107,,,34.33,1009.882656,46.08105469,203.4375,12.8125,129.8125,-4.2,-5.51,-4.14,-24.125,20,-18.3125,127,,,,,0.008,
2026-08-05T13:35:35.372,316.61,waiting_for_landing,,,,,FALSE,,,35.923076,139.9102107,,,34.32,1009.929336,46.04589844,196.9375,10.1875,127.4375,-1.93,-7.52,-6.16,60.75,-6.6875,42.375,127,,,,,0.008,
2026-08-05T13:35:35.873,317.11,waiting_for_landing,,,,,FALSE,,,35.923076,139.9102107,,,34.32,1009.894063,46.05664063,346.6875,11.125,138.375,5.07,-6.45,-7.31,2.1875,14.1875,-18.875,127,,,,,0.008,
2026-08-05T13:35:36.373,317.611,waiting_for_landing,,,,,FALSE,,,35.923076,139.9102107,,,34.32,1009.921406,46.03417969,198.1875,10.125,126.125,-5,-5.52,-3.39,-40.5625,28.5,-41,127,,,,,0.008,
2026-08-05T13:35:36.874,318.111,waiting_for_landing,,,,,FALSE,,,35.923076,139.9102107,,,34.32,1009.95668,46.04589844,189.0625,7.4375,132.875,5.09,-7.38,-8.57,-39.8125,14.125,22.25,127,,,,,0.008,
2026-08-05T13:35:37.374,318.612,waiting_for_landing,,,,,FALSE,,,35.923076,139.9102107,,,34.33,1009.882656,46.0234375,355.375,12.5,137.6875,-2.56,-7.73,-8.33,-56.8125,-42.625,-46.5,127,,,,,0.008,
2026-08-05T13:35:37.874,319.112,waiting_for_landing,,,,,FALSE,,,35.923076,139.9102107,,,34.33,1009.91,46.01171875,345.5,4.4375,136.1875,-0.74,-6.99,-9.46,-31.1875,34.625,109.6875,127,,,,,0.007,
2026-08-05T13:35:38.375,319.612,waiting_for_landing,,,,,FALSE,,,35.923076,139.9102107,,,34.33,1009.855313,46,0.8125,11,137,-5.38,-7.24,-8.33,-0.125,-61.6875,-43.25,63,,,,,0.008,
2026-08-05T13:35:38.875,320.113,waiting_for_landing,,,,,FALSE,,,35.923076,139.9102107,,,34.33,1009.882656,45.98828125,354.8125,2.25,139.5625,1,-7.15,-10.36,-32.6875,84,37.6875,63,,,,,0.008,
2026-08-05T13:35:39.376,320.613,waiting_for_landing,,,,,FALSE,,,35.923076,139.9102107,,,34.34,1009.898594,45.96582031,231.8125,24.3125,139.3125,0.36,-7.09,-7.35,-1.5625,-49.25,-55.75,63,,,,,0.008,
2026-08-05T13:35:39.876,321.114,waiting_for_landing,,,,,FALSE,,,35.923076,139.9102107,,,34.33,1009.91793,46.03515625,185.25,7.875,134.875,1.38,-6.16,-8.2,-42.4375,62.0625,0.1875,63,,,,,0.008,
2026-08-05T13:35:40.376,321.614,waiting_for_landing,,,,,FALSE,,,35.923076,139.9102107,,,34.33,1009.890586,45.88378906,342.5625,19.875,146,-1.1,-6.71,-8.34,50,-51.6875,18.125,63,,,,,0.008,
2026-08-05T13:35:40.877,322.114,waiting_for_landing,,,,,FALSE,,,35.923076,139.9102107,,,34.34,1009.843906,45.89648438,353.4375,3.5,140,0.34,-6.84,-9.39,-30.625,63.125,-16.5,63,,,,,0.008,
2026-08-05T13:35:41.377,322.615,waiting_for_landing,,,,,FALSE,,,35.923076,139.9102107,,,34.33,1009.835938,45.88378906,349.75,11.375,137.75,-1.43,-7.54,-7.86,33.5625,-56.5,55.1875,127,,,,,0.008,
2026-08-05T13:35:41.878,323.115,waiting_for_landing,,,,,FALSE,,,35.923076,139.9102107,,,34.33,1009.863281,45.98828125,351.375,9.3125,136.125,1.93,-7.12,-10.19,-40.1875,52.625,-57.375,127,,,,,0.008,
2026-08-05T13:35:42.378,323.616,waiting_for_landing,,,,,FALSE,,,35.923076,139.9102107,,,34.34,1009.87918,45.88574219,347,12.5625,136.5625,2.2,-7.22,-9.39,60.875,-45.1875,71.5,127,,,,,0.008,
2026-08-05T13:35:42.879,324.116,waiting_for_landing,,,,,FALSE,,,35.923076,139.9102107,,,34.34,1009.898594,45.88476563,213.375,17,135.3125,-5.7,-9.28,-4.95,-15.8125,13.625,-56.5,63,,,,,0.008,
2026-08-05T13:35:43.379,324.617,waiting_for_landing,,,,,FALSE,,,35.923076,139.9102107,,,34.34,1009.87125,45.89648438,177.125,0.25,128.875,3.77,-7.37,-5.55,3.125,-8.3125,42.5625,63,,,,,0.008,
2026-08-05T13:35:43.879,325.117,waiting_for_landing,,,,,FALSE,,,35.923076,139.9102107,,,34.34,1009.925898,45.89648438,333.6875,24.875,143.25,0.17,-7.33,-5.55,7.75,-8.0625,11.125,127,,,,,0.008,
2026-08-05T13:35:44.380,325.617,waiting_for_landing,,,,,FALSE,,,35.923076,139.9102107,,,34.34,1009.87918,45.89746094,183.5,2.75,122.5625,2.52,-7.7,-5.75,-33.375,26.1875,-82.9375,127,,,,,0.008,
2026-08-05T13:35:44.880,326.118,waiting_for_landing,,,,,FALSE,,,35.923076,139.9102107,,,33.67,1008.849883,45.59765625,209.0625,16.4375,134.4375,0.26,-8.28,-7.76,12,-29.1875,110.0625,127,,,,,0.008,
2026-08-05T13:35:45.381,326.618,waiting_for_landing,,,,,FALSE,,,35.923076,139.9102107,,,34.35,1009.887188,45.89746094,209.1875,16.125,134.1875,-1.94,-7.11,-6.71,-74.875,0.75,-54.1875,127,,,,,0.008,
2026-08-05T13:35:45.881,327.119,waiting_for_landing,,,,,FALSE,,,35.923076,139.9102107,,,34.35,1009.914492,45.88574219,176.25,0.0625,129.1875,3.37,-6.55,-6.84,9.625,-11.625,78.625,127,,,,,0.008,
2026-08-05T13:35:46.382,327.619,waiting_for_landing,,,,,FALSE,,,35.923076,139.9102107,,,34.35,1009.89543,45.87402344,220,20.875,136.0625,-2.14,-9.85,-6.08,-2.5625,-3.3125,8.375,127,,,,,0.008,
2026-08-05T13:35:46.882,328.12,waiting_for_landing,,,,,FALSE,,,35.923076,139.9102107,,,34.36,1009.930703,45.88671875,175.6875,-1.125,124.75,2.38,-7.15,-5.06,-15,5.3125,-37.1875,127,,,,,0.008,
2026-08-05T13:35:47.382,328.62,waiting_for_landing,,,,,FALSE,,,35.923076,139.9102107,,,34.36,1009.876055,45.88671875,192.6875,7.625,127.25,-2.95,-7.52,-6.34,18.9375,-31.9375,87.125,127,,,,,0.008,
2026-08-05T13:35:47.883,329.12,waiting_for_landing,,,,,FALSE,,,35.923076,139.9102107,,,34.35,1009.868125,45.90917969,197.6875,8.6875,131.0625,-1.82,-8.13,-10.83,-50.0625,23.875,-93.3125,127,,,,,0.008,
2026-08-05T13:35:48.383,329.621,waiting_for_landing,,,,,FALSE,,,35.923076,139.9102107,,,34.35,1009.887188,45.89746094,184.8125,3.8125,125.375,5.19,-8.37,-4.86,20.875,-6.1875,25.5,127,,,,,0.008,
2026-08-05T13:35:48.884,330.121,waiting_for_landing,,,,,FALSE,,,35.923076,139.9102107,,,34.36,1009.85668,45.86425781,194.9375,11.6875,125.6875,-2.95,-9.42,-4.1,18.75,11,33.9375,127,,,,,0.008,
2026-08-05T13:35:49.384,330.622,waiting_for_landing,,,,,FALSE,,,35.923076,139.9102107,,,34.37,1009.891953,45.93457031,182.8125,2.125,129.75,0.56,-7.75,-7.36,-21.4375,25,-58.5,127,,,,,0.008,
2026-08-05T13:35:49.885,331.122,waiting_for_landing,,,,,FALSE,,,35.923076,139.9102107,,,34.36,1009.85668,45.92285156,186.625,4.4375,123.75,1.16,-6.41,-6.16,15.0625,-7.625,85.125,127,,,,,0.008,
2026-08-05T13:35:50.385,331.623,waiting_for_landing,,,,,FALSE,,,35.923076,139.9102107,,,34.37,1009.872617,45.90039063,195.6875,8.875,131.1875,-3.58,-7.39,-6.06,23.0625,-0.375,50.25,127,,,,,0.008,
2026-08-05T13:35:50.885,332.123,waiting_for_landing,,,,,FALSE,,,35.923076,139.9102107,,,34.37,1009.927266,45.77246094,191.3125,4.125,131.5,-0.99,-6.95,-8.45,-11.4375,43.4375,-84.9375,127,,,,,0.008,
2026-08-05T13:35:51.386,332.623,waiting_for_landing,,,,,FALSE,,,35.923076,139.9102107,,,34.36,1009.911367,45.69042969,174.6875,-4.6875,130.75,2.44,-6.68,-5.62,-1.75,-27.0625,48.3125,127,,,,,0.008,
2026-08-05T13:35:51.886,333.124,waiting_for_landing,,,,,FALSE,,,35.923076,139.9102107,,,34.37,1009.927266,45.71484375,355,11,139.8125,-4.77,-7.74,-6.3,-32.125,2.9375,-11.9375,127,,,,,0.008,
2026-08-05T13:35:52.387,333.624,waiting_for_landing,,,,,FALSE,,,35.923076,139.9102107,,,34.38,1009.907891,45.79589844,12.9375,-1.75,135.25,2.33,-6.43,-7.06,-24.0625,26.8125,-42.75,127,,,,,0.008,
2026-08-05T13:35:52.887,334.125,waiting_for_landing,,,,,FALSE,,,35.923076,139.9102107,,,34.39,1009.978789,45.8203125,358.0625,7.1875,135.625,-2.27,-7.55,-7.98,59.75,-48,115.75,127,,,,,0.008,
2026-08-05T13:35:53.388,334.625,waiting_for_landing,,,,,FALSE,,,35.923076,139.9102107,,,34.38,1009.943164,45.796875,3.875,4.875,138.6875,-4.18,-7.8,-8.39,-51.3125,16.125,-16.125,127,,,,,0.007,
2026-08-05T13:35:53.888,335.126,waiting_for_landing,,,,,FALSE,,,35.923076,139.9102107,,,34.38,1009.907891,45.84179688,183.75,-1.5625,132.125,4.07,-6.54,-5.46,9.5,-34.4375,44.5625,127,,,,,0.008,
2026-08-05T13:35:54.388,335.626,waiting_for_landing,,,,,FALSE,,,35.923076,139.9102107,,,34.38,1009.91582,45.8203125,359.4375,12.375,141.0625,-4.89,-7.87,-7.51,70.8125,-19.875,72,127,,,,,0.008,
2026-08-05T13:35:54.889,336.126,waiting_for_landing,,,,,FALSE,,,35.923076,139.9102107,,,34.38,1009.861172,45.8203125,3.125,4.875,136.4375,-1.15,-8.52,-12.01,-50.4375,37.375,-2.8125,127,,,,,0.007,
2026-08-05T13:35:55.389,336.627,waiting_for_landing,,,,,FALSE,,,35.923076,139.9102107,,,34.09,1009.451758,45.80175781,181.125,-1.4375,129.75,7.65,-6.63,-6.19,-15.1875,-18.125,1.875,127,,,,,0.008,
2026-08-05T13:35:55.890,337.127,waiting_for_landing,,,,,FALSE,,,35.923076,139.9102107,,,34.4,1009.912695,45.77539063,357.375,6.9375,136.75,3.79,-6.28,-8.33,56.875,-47.625,31.375,127,,,,,0.008,
2026-08-05T13:35:56.390,337.628,waiting_for_landing,,,,,FALSE,,,35.923076,139.9102107,,,34.39,1009.822734,45.71582031,2.5,12.25,145.125,-9.92,-8.84,-6.21,-22.25,27.0625,-30.0625,127,,,,,0.008,
2026-08-05T13:35:56.890,338.128,waiting_for_landing,,,,,FALSE,,,35.923076,139.9102107,,,34.4,1009.912695,45.65917969,14.125,-3,135.9375,1.65,-6.5,-8.14,-37.25,67.8125,-39,127,,,,,0.008,
2026-08-05T13:35:57.391,338.628,waiting_for_landing,,,,,FALSE,,,35.923076,139.9102107,,,34.4,1009.912695,45.578125,359.5,4.875,135.6875,2.83,-6.34,-8.91,80.5,-68.3125,53.6875,127,,,,,0.008,
2026-08-05T13:35:57.891,339.129,waiting_for_landing,,,,,FALSE,,,35.923076,139.9102107,,,34.39,1009.896758,45.62304688,352.5,16.75,140.5625,-5.49,-8.36,-5.81,-23.9375,9.375,-126.5,63,,,,,0.008,
2026-08-05T13:35:58.392,339.629,waiting_for_landing,,,,,FALSE,,,35.923076,139.9102107,,,34.39,1009.787461,45.68164063,205.375,20.6875,115.9375,5.51,-3.47,-5.25,91.375,51.625,-116.875,63,,,,,0.007,
2026-08-05T13:35:58.892,340.13,waiting_for_landing,,,,,FALSE,,,35.923076,139.9102107,,,34.39,1009.850078,45.70507813,187.1875,4.5,127.875,1.14,-7.59,-7.95,10.8125,-43.1875,98.75,63,,,,,0.008,
2026-08-05T13:35:59.393,340.63,waiting_for_landing,,,,,FALSE,,,35.923076,139.9102107,,,34.39,1009.93207,45.69335938,189.875,4.75,131.375,-8.47,-8.14,-2.76,7.8125,10.5,-45.75,127,,,,,0.008,
2026-08-05T13:35:59.893,341.131,waiting_for_landing,,,,,FALSE,,,35.923076,139.9102107,,,34.4,1009.948008,45.69433594,174.5,-2.125,129.875,3.11,-7.06,-8.37,19.1875,1.5625,-29.4375,127,,,,,0.008,
2026-08-05T13:36:00.393,341.631,waiting_for_landing,,,,,FALSE,,,35.923076,139.9102107,,,34.39,1009.896758,45.75097656,189.5625,6.375,132.9375,0.32,-8.35,-7.13,-0.375,-7.5,23.5625,127,,,,,0.007,
2026-08-05T13:36:00.894,342.131,waiting_for_landing,,,,,FALSE,,,35.923076,139.9102107,,,34.41,1009.901289,45.76464844,178.1875,-0.625,131.25,-6.8,-6.96,-5.08,-30.125,36.9375,-41.875,127,,,,,0.008,
2026-08-05T13:36:01.394,342.632,waiting_for_landing,,,,,FALSE,,,35.923076,139.9102107,,,34.41,1009.909258,45.79980469,170.9375,-4.875,128.9375,0.24,-6.66,-5.9,-44.25,11.3125,-12,127,,,,,0.008,
2026-08-05T13:36:01.895,343.132,waiting_for_landing,,,,,FALSE,,,35.923076,139.9102107,,,34.4,1009.830703,45.79882813,190.5625,3.375,132.1875,0.71,-6.04,-6.9,22.4375,-3.25,34,127,,,,,0.008,
2026-08-05T13:36:02.395,343.633,waiting_for_landing,,,,,FALSE,,,35.923076,139.9102107,,,34.41,1009.854609,45.82226563,197.75,6.625,135.1875,-6.07,-7.45,-5.5,5.9375,13.25,-43.5,127,,,,,0.007,
2026-08-05T13:36:02.895,344.133,waiting_for_landing,,,,,FALSE,,,35.923076,139.9102107,,,34.41,1009.955938,45.84570313,194.8125,6.375,124.5,1.71,-7.86,-6.63,-45,24.1875,-14.8125,127,,,,,0.008,
2026-08-05T13:36:03.396,344.633,waiting_for_landing,,,,,FALSE,,,35.923076,139.9102107,,,34.4,1009.920664,45.84472656,186.1875,0.5625,133.4375,3.32,-6.71,-7.3,41.8125,-39.125,10.6875,127,,,,,0.008,
2026-08-05T13:36:03.896,345.134,waiting_for_landing,,,,,FALSE,,,35.923076,139.9102107,,,34.41,1009.819297,45.86914063,210.9375,15.125,124.9375,-0.31,-7.8,-6.09,86.0625,2.8125,-18.6875,127,,,,,0.008,
2026-08-05T13:36:04.397,345.634,waiting_for_landing,,,,,FALSE,,,35.923076,139.9102107,,,34.41,1009.901289,45.85742188,178.375,1.5625,126.5,3.14,-8.77,-5.87,-30.9375,-12.625,55.5,127,,,,,0.008,
2026-08-05T13:36:04.897,346.135,waiting_for_landing,,,,,FALSE,,,35.923076,139.9102107,,,34.41,1009.881914,45.84570313,209.125,13.5625,136.3125,-1.67,-7.63,-6.41,-34,4.1875,6.625,127,,,,,0.008,
2026-08-05T13:36:05.398,346.635,waiting_for_landing,,,,,FALSE,,,35.923076,139.9102107,,,34.42,1009.87082,45.89355469,352.5,3.9375,135.625,-4.5,-5.82,-6.34,-13,32.8125,-13.3125,127,,,,,0.007,
2026-08-05T13:36:05.898,347.136,waiting_for_landing,,,,,FALSE,,,35.923076,139.9102107,,,34.09,1009.459766,45.89453125,185.875,3.625,130.875,4.97,-6.44,-7.08,-7.875,-10.5,26.9375,127,,,,,0.008,
2026-08-05T13:36:06.398,347.636,waiting_for_landing,,,,,FALSE,,,35.923076,139.9102107,,,34.43,1009.851406,45.94042969,198.25,9.25,134.6875,1.39,-7.41,-7.69,28.6875,-18.5,-13.125,127,,,,,0.008,
2026-08-05T13:36:06.899,348.136,waiting_for_landing,,,,,FALSE,,,35.923076,139.9102107,,,34.43,1009.824102,45.92871094,188.3125,4.3125,134.875,-6.51,-7.89,-5.45,-20.875,31.6875,-9.625,127,,,,,0.008,
2026-08-05T13:36:07.399,348.637,waiting_for_landing,,,,,FALSE,,,35.923076,139.9102107,,,34.43,1009.886719,45.9296875,184.4375,0.3125,134.4375,2.63,-7.11,-9.23,-4,-0.9375,51.5625,127,,,,,0.008,
2026-08-05T13:36:07.900,349.137,waiting_for_landing,,,,,FALSE,,,35.923076,139.9102107,,,34.42,1009.843477,45.92773438,199.25,7.4375,129.75,6.44,-7.25,-6.64,-2.125,-8.625,-91.4375,127,,,,,0.008,
2026-08-05T13:36:08.400,349.638,waiting_for_landing,,,,,FALSE,,,35.923076,139.9102107,,,34.44,1009.894688,45.94140625,148.75,-24.875,115.875,-6.8,-6.66,-2.52,4.3125,20.375,-23.1875,127,,,,,0.008,
2026-08-05T13:36:08.901,350.138,waiting_for_landing,,,,,FALSE,,,35.923076,139.9102107,,,34.43,1009.859414,45.90625,178.625,2.375,127.8125,4.1,-7.38,-6.68,27.4375,-16.0625,65.0625,127,,,,,0.007,
2026-08-05T13:36:09.401,350.639,waiting_for_landing,,,,,FALSE,,,35.923076,139.9102107,,,34.44,1009.894688,45.94140625,197.1875,7.75,116.25,-2.58,-9.01,-3.73,-39.0625,-9.4375,7.8125,127,,,,,0.008,
2026-08-05T13:36:09.901,351.139,waiting_for_landing,,,,,FALSE,,,35.923076,139.9102107,,,34.43,1009.914063,45.953125,182.6875,0.375,132.3125,1.2,-6.87,-7.39,6.625,0.375,9.75,127,,,,,0.007,
2026-08-05T13:36:10.402,351.639,waiting_for_landing,,,,,FALSE,,,35.923076,139.9102107,,,34.44,1009.867344,45.953125,192.9375,13.1875,128.75,2.1,-5.98,-5.97,41.375,-36.5625,8.625,127,,,,,0.008,
2026-08-05T13:36:10.902,352.14,waiting_for_landing,,,,,FALSE,,,35.923076,139.9102107,,,34.44,1009.894688,45.953125,176.75,-5.5625,130.9375,-6.12,-6.33,-5.07,-21.5625,42.5625,-44.5,127,,,,,0.008,
2026-08-05T13:36:11.403,352.64,waiting_for_landing,,,,,FALSE,,,35.923076,139.9102107,,,34.44,1009.84,45.9296875,193.75,6.75,129.8125,1.83,-7.42,-7.21,-31.125,-29.5625,62.1875,127,,,,,0.007,
2026-08-05T13:36:11.903,353.141,waiting_for_landing,,,,,FALSE,,,35.923076,139.9102107,,,34.44,1009.949336,45.88378906,207.3125,13,127.9375,4.06,-7.16,-5.76,43.6875,-11.5,-3.25,127,,,,,0.007,
2026-08-05T13:36:12.404,353.641,waiting_for_landing,,,,,FALSE,,,35.923076,139.9102107,,,34.43,1009.769414,45.8359375,196.4375,5.125,133.5,-6.19,-6.7,-4.07,-15.1875,30.5,-18.3125,127,,,,,0.008,
2026-08-05T13:36:12.904,354.142,waiting_for_landing,,,,,FALSE,,,35.923076,139.9102107,,,34.43,1009.859414,45.80175781,201.3125,9.625,135.6875,0.45,-5.7,-7.82,-20.875,-34.375,1.875,127,,,,,0.008,
2026-08-05T13:36:13.404,354.642,waiting_for_landing,,,,,FALSE,,,35.923076,139.9102107,,,34.44,1009.867344,45.77929688,209.75,15.5625,143.875,3.27,-5.18,-6.68,-9,3.375,-36.625,127,,,,,0.007,
2026-08-05T13:36:13.905,355.142,waiting_for_landing,,,,,FALSE,,,35.923076,139.9102107,,,34.44,1009.867344,45.75585938,355.75,3.5,135.4375,-3.07,-6.35,-6.88,-7.6875,49.25,-34,127,,,,,0.007,
2026-08-05T13:36:14.405,355.643,waiting_for_landing,,,,,FALSE,,,35.923076,139.9102107,,,34.44,1009.867344,45.72070313,173.875,-5.4375,129.125,-8.12,-6.03,-2.19,-18.0625,7,66.625,127,,,,,0.008,
2026-08-05T13:36:14.906,356.143,waiting_for_landing,,,,,FALSE,,,35.923076,139.9102107,,,34.43,1009.851406,45.73144531,170.125,-3.875,122,0.65,-5.76,-5.16,77.3125,-64,90.75,127,,,,,0.008,
2026-08-05T13:36:15.406,356.644,waiting_for_landing,,,,,FALSE,,,35.923076,139.9102107,,,34.44,1009.84,45.72070313,197.375,11.6875,130.3125,2.99,-9.39,-6.35,23.125,9.375,3.625,127,,,,,0.008,
2026-08-05T13:36:15.907,357.144,waiting_for_landing,,,,,FALSE,,,35.923076,139.9102107,,,34.43,1009.83207,45.67480469,180.0625,1.125,133.875,-2.63,-7.14,-7.68,-58.125,31.5625,-32,127,,,,,0.008,
2026-08-05T13:36:16.407,357.645,waiting_for_landing,,,,,FALSE,,,35.923076,139.9102107,,,34.02,1009.211133,45.63183594,182.75,1.625,130.9375,-6.04,-6,-5.49,-26.5625,30.375,-74,127,,,,,0.007,
2026-08-05T13:36:16.907,358.145,waiting_for_landing,,,,,FALSE,,,35.923076,139.9102107,,,34.43,1009.886719,45.62792969,179.125,-1.6875,126.75,-0.97,-6.88,-7.6,-42.4375,-34.1875,29.8125,127,,,,,0.007,
2026-08-05T13:36:17.408,358.645,waiting_for_landing,,,,,FALSE,,,35.923076,139.9102107,,,34.43,1009.851406,45.60351563,182.375,0.625,128.0625,2.4,-6.09,-6.87,38.3125,-6.125,-53.5,127,,,,,0.008,
2026-08-05T13:36:17.908,359.146,waiting_for_landing,,,,,FALSE,,,35.923076,139.9102107,,,34.44,1009.867344,45.69726563,355.9375,4.875,135.75,-1.9,-8.47,-7.74,28.3125,25.4375,-18.5625,127,,,,,0.008,
2026-08-05T13:36:18.409,359.646,waiting_for_landing,,,,,FALSE,,,35.923076,139.9102107,,,34.43,1009.824102,45.56933594,167.4375,-4.8125,131.125,-6.61,-7.44,-4.16,-23.75,-4.375,-0.5625,127,,,,,0.007,
2026-08-05T13:36:18.909,360.147,waiting_for_landing,,,,,FALSE,,,35.923076,139.9102107,,,34.43,1009.824102,45.56933594,181.75,2.625,126,-1.08,-6.17,-7.46,-16.75,-62.0625,117.5,127,,,,,0.008,
2026-08-05T13:36:19.410,360.647,waiting_for_landing,,,,,FALSE,,,35.923076,139.9102107,,,34.43,1009.87875,45.55761719,199,11.4375,132.75,6.1,-6.72,-8.34,16.125,-7.9375,23.8125,127,,,,,0.008,
2026-08-05T13:36:19.910,361.148,waiting_for_landing,,,,,FALSE,,,35.923076,139.9102107,,,34.43,1009.777383,45.58203125,185.5,5.625,127.25,-4.61,-7.68,-4.36,-16.875,26.0625,18.125,127,,,,,0.008,
2026-08-05T13:36:20.410,361.648,waiting_for_landing,,,,,FALSE,,,35.923076,139.9102107,,,34.44,1009.812656,45.59277344,166.25,-8.5,126.125,-4.98,-5.51,-4.6,9.5,-24.9375,28.25,127,,,,,0.008,
2026-08-05T13:36:20.911,362.148,waiting_for_landing,,,,,FALSE,,,35.923076,139.9102107,,,34.44,1009.84,45.69726563,170.75,-5.0625,128.375,-0.12,-6.53,-6.17,29.5,-47.1875,56.1875,127,,,,,0.007,
2026-08-05T13:36:21.411,362.649,waiting_for_landing,,,,,FALSE,,,35.923076,139.9102107,,,34.44,1009.867344,45.67480469,190.0625,6.5625,133.8125,4.92,-6.6,-6.84,32.25,-16.625,50,127,,,,,0.008,
2026-08-05T13:36:21.917,363.154,waiting_for_landing,,,,,FALSE,,,35.923076,139.9102107,,,34.43,1010.132734,45.546875,358.3125,5.5,137.125,-1.92,-8.67,-7.56,25.0625,-13.75,10.3125,127,,,,,0.008,
2026-08-05T13:36:22.417,363.655,waiting_for_landing,,,,,FALSE,,,35.923076,139.9102107,,,33.75,1008.868906,45.55957031,173.1875,-4.9375,132.375,-1.9,-7.18,-8.89,-43.75,27.25,-23.375,127,,,,,0.007,
2026-08-05T13:36:22.917,364.155,waiting_for_landing,,,,,FALSE,,,35.923076,139.9102107,,,34.43,1009.859414,45.5703125,195.0625,11.875,126.5,7.34,-4.92,-6.74,10.25,-4.125,-32.6875,127,,,,,0.008,
2026-08-05T13:36:23.418,364.655,waiting_for_landing,,,,,FALSE,,,35.923076,139.9102107,,,34.43,1009.83207,45.5703125,184.25,4.5,130.75,-1.45,-7.15,-7.01,0.9375,20.125,-25.5625,127,,,,,0.008,
2026-08-05T13:36:23.918,365.156,waiting_for_landing,,,,,FALSE,,,35.923076,139.9102107,,,34.44,1009.949336,45.58203125,354.25,2.875,135.1875,-6.85,-7.32,-3.96,-19.5625,20,-24.75,127,,,,,0.008,
2026-08-05T13:36:24.419,365.656,waiting_for_landing,,,,,FALSE,,,35.923076,139.9102107,,,34.44,1009.847969,45.59375,187.4375,5.5625,127.1875,3.65,-4.46,-5.83,-18.3125,4.1875,-5.875,127,,,,,0.008,
2026-08-05T13:36:24.919,366.157,waiting_for_landing,,,,,FALSE,,,35.923076,139.9102107,,,34.45,1009.828594,45.60546875,191.5,5.0625,133.4375,2.27,-6.63,-7.08,73.0625,3.375,-59.4375,127,,,,,0.007,
2026-08-05T13:36:25.420,366.657,waiting_for_landing,,,,,FALSE,,,35.923076,139.9102107,,,34.43,1009.804727,45.60449219,0.1875,-0.8125,141.125,-8.84,-9.24,-4,-12.5625,35.6875,-45,127,,,,,0.007,
2026-08-05T13:36:25.920,367.158,waiting_for_landing,,,,,FALSE,,,35.923076,139.9102107,,,34.44,1009.84,45.5703125,196.75,11.9375,133.6875,1.11,-6.21,-9.02,-106,-43.1875,47.875,127,,,,,0.007,
2026-08-05T13:36:26.420,367.658,waiting_for_landing,,,,,FALSE,,,35.923076,139.9102107,,,34.44,1009.820664,45.52441406,202.375,18.4375,134.9375,3.11,-5.84,-6.87,4.5625,-35.375,-6.625,127,,,,,0.007,
2026-08-05T13:36:26.921,368.158,waiting_for_landing,,,,,FALSE,,,35.923076,139.9102107,,,34.07,1009.228711,45.48632813,218.25,27.0625,131,0.22,-6.37,-6.21,-89.75,-3,53.75,127,,,,,0.008,
2026-08-05T13:36:27.421,368.659,waiting_for_landing,,,,,FALSE,,,35.923076,139.9102107,,,34.45,1009.828594,45.45507813,338.75,10.5,141.0625,4.62,-8.59,-9.09,-3.5625,-5.0625,8.5625,63,,,,,0.007,
2026-08-05T13:36:27.922,369.159,waiting_for_landing,,,,,FALSE,,,35.923076,139.9102107,,,34.44,1009.847969,45.44335938,343.625,9.75,144.6875,6.73,-4.19,-9.42,26.4375,-29,40.75,63,,,,,0.008,
2026-08-05T13:36:28.422,369.66,waiting_for_landing,,,,,FALSE,,,35.923076,139.9102107,,,34.45,1009.773945,45.51269531,348.125,3.9375,146.4375,-5.22,-5.39,-7.34,18.5,65.375,-40.5625,63,,,,,0.007,
2026-08-05T13:36:28.923,370.16,waiting_for_landing,,,,,FALSE,,,35.923076,139.9102107,,,34.45,1009.86418,45.47851563,343.125,3.625,145.875,-2.15,-5.44,-7.78,-11.625,-55,33.8125,63,,,,,0.007,
2026-08-05T13:36:29.423,370.661,waiting_for_landing,,,,,FALSE,,,35.923076,139.9102107,,,34.45,1009.836875,45.49023438,334.1875,13.5,141.6875,2.08,-3.58,-7.31,6.125,0.3125,-13.25,63,,,,,0.008,
2026-08-05T13:36:29.924,371.161,waiting_for_landing,,,,,FALSE,,,35.923076,139.9102107,,,34.45,1009.773945,45.50097656,346.3125,9.375,157,-8.75,-8.88,-6.65,-21.5625,20.625,-16,127,,,,,0.008,
2026-08-05T13:36:30.424,371.662,waiting_for_landing,,,,,FALSE,,,35.923076,139.9102107,,,34.44,1009.79332,45.53613281,329.4375,7.75,144.5,3.39,-5.05,-8.35,-35.9375,2.1875,-20.4375,127,,,,,0.007,
2026-08-05T13:36:30.924,372.162,waiting_for_landing,,,,,FALSE,,,35.923076,139.9102107,,,34.45,1009.719258,45.58203125,321.8125,19.0625,148.125,4.18,-4.53,-6.88,49.3125,-24.125,-58.4375,127,,,,,0.008,
2026-08-05T13:36:31.425,372.663,waiting_for_landing,,,,,FALSE,,,35.923076,139.9102107,,,34.45,1009.828594,45.6171875,321.5625,2.625,149.5625,-8,-6.31,-7.02,-31.4375,20.375,-0.625,127,,,,,0.008,
2026-08-05T13:36:31.925,373.163,waiting_for_landing,,,,,FALSE,,,35.923076,139.9102107,,,34.46,1009.762813,45.60644531,305.5625,13.75,141.75,8.61,-5.33,-8.43,1.3125,-15.3125,21.75,127,,,,,0.007,
2026-08-05T13:36:32.426,373.663,waiting_for_landing,,,,,FALSE,,,35.923076,139.9102107,,,34.46,1009.790117,45.60644531,323.25,7,145.8125,-4.71,-7.35,-4.48,-24.4375,12.4375,-23.1875,127,,,,,0.007,
2026-08-05T13:36:32.926,374.164,waiting_for_landing,,,,,FALSE,,,35.923076,139.9102107,,,34.46,1009.817461,45.61816406,160.875,12.625,134.5,6.94,-3.69,-6.07,10.0625,-4.375,12.875,127,,,,,0.007,
2026-08-05T13:36:33.427,374.664,waiting_for_landing,,,,,FALSE,,,35.923076,139.9102107,,,34.45,1009.746602,45.59375,331.0625,10.25,142.6875,-4.43,-7.06,-7.02,5.125,38.625,-33.875,63,,,,,0.008,
2026-08-05T13:36:33.927,375.165,waiting_for_landing,,,,,FALSE,,,35.923076,139.9102107,,,34.46,1009.790117,45.58300781,319.6875,14.9375,140.625,3.7,-5.55,-8.74,-11.6875,-13.5625,60.875,127,,,,,0.008,
2026-08-05T13:36:34.428,375.665,waiting_for_landing,,,,,FALSE,,,35.923076,139.9102107,,,34.45,1009.773945,45.59375,321.8125,13.5625,144.9375,2.46,-5,-8.66,12.1875,-11.6875,-46.5,127,,,,,0.008,
2026-08-05T13:36:34.928,376.166,waiting_for_landing,,,,,FALSE,,,35.923076,139.9102107,,,34.45,1009.700195,45.60644531,331.5625,5.3125,147.0625,-6.41,-8.11,-7.43,-17.1875,9.8125,39.8125,127,,,,,0.008,
2026-08-05T13:36:35.429,376.666,waiting_for_landing,,,,,FALSE,,,35.923076,139.9102107,,,34.46,1009.790117,45.57226563,300.8125,13.9375,137.5625,4.58,-3.69,-6.86,28.625,-21,-46.875,127,,,,,0.007,
2026-08-05T13:36:35.929,377.167,waiting_for_landing,,,,,FALSE,,,35.923076,139.9102107,,,34.46,1009.790117,45.59472656,310.5625,11.5625,147.25,-1.72,-6.55,-8.17,-9.75,26.625,55.3125,127,,,,,0.007,
2026-08-05T13:36:36.429,377.667,waiting_for_landing,,,,,FALSE,,,35.923076,139.9102107,,,34.45,1009.754844,45.46777344,308.8125,17.4375,144.9375,6.19,-4.41,-7.3,18.1875,4.1875,6.0625,63,,,,,0.007,
2026-08-05T13:36:36.930,378.167,waiting_for_landing,,,,,FALSE,,,35.923076,139.9102107,,,34.46,1009.770781,45.54980469,314.25,12.3125,147.375,-0.45,-5.94,-7.19,-0.3125,8.9375,12.625,63,,,,,0.008,
2026-08-05T13:36:37.430,378.668,waiting_for_landing,,,,,FALSE,,,35.923076,139.9102107,,,34.18,1009.412656,45.59082031,338.9375,7.4375,139.625,0.55,-5.4,-7.97,11.1875,28,6.625,63,,,,,0.007,
2026-08-05T13:36:37.931,379.168,waiting_for_landing,,,,,FALSE,,,35.923076,139.9102107,,,34.47,1009.724063,45.57324219,335.75,1.6875,147.6875,-0.44,-5.27,-7.27,-40.625,-38.5,-12.1875,127,,,,,0.008,
2026-08-05T13:36:38.431,379.669,waiting_for_landing,,,,,FALSE,,,35.923076,139.9102107,,,34.47,1009.724063,45.58398438,315.5,13.8125,147.625,0.92,-5.68,-8.02,2,7.5,-45,127,,,,,0.008,
2026-08-05T13:36:38.931,380.169,waiting_for_landing,,,,,FALSE,,,35.923076,139.9102107,,,34.47,1009.806055,45.59570313,303.375,14.125,151.5625,1.66,-6.15,-7.9,-5.6875,-13.8125,1.125,127,,,,,0.008,
2026-08-05T13:36:39.432,380.67,waiting_for_landing,,,,,FALSE,,,35.923076,139.9102107,,,34.47,1009.841367,45.59667969,309.75,17.5,166.75,2.2,1.56,-9.52,-16.0625,-0.0625,-5.375,127,,,,,0.008,
2026-08-05T13:36:39.932,381.17,waiting_for_landing,,,,,FALSE,,,35.923076,139.9102107,,,34.47,1009.731992,45.58496094,257.25,1.0625,175.25,-0.33,-7.28,-6.99,-32.5625,27.125,-10.8125,127,,,,,0.008,
2026-08-05T13:36:40.433,381.67,waiting_for_landing,,,,,FALSE,,,35.923076,139.9102107,,,34.47,1009.78668,45.63183594,282.0625,-2.875,-179.5625,0.05,6.32,-7.01,-8.3125,23.625,27.1875,63,,,,,0.007,
2026-08-05T13:36:40.933,382.171,waiting_for_landing,,,,,FALSE,,,35.923076,139.9102107,,,34.46,1009.743438,45.63085938,70.0625,-6.1875,128.4375,-0.09,-6.18,-1.52,130.625,-31.625,-95.25,63,,,,,0.007,
2026-08-05T13:36:41.434,382.671,waiting_for_landing,,,,,FALSE,,,35.923076,139.9102107,,,34.47,1009.806055,45.61914063,100.875,8.25,132.1875,0.57,-8.92,-4.29,20.375,32.8125,-45.625,127,,,,,0.008,
2026-08-05T13:36:41.934,383.172,waiting_for_landing,,,,,FALSE,,,35.923076,139.9102107,,,34.46,1009.743438,45.58398438,286.5,19.5,155.375,0.2,-4.98,-13.6,-139.5625,-3.375,69.0625,127,,,,,0.008,
2026-08-05T13:36:42.435,383.672,waiting_for_landing,,,,,FALSE,,,35.923076,139.9102107,,,34.46,1009.735469,45.62988281,303.625,-4.5,-165.0625,1.51,5.55,-11.17,-43.375,-86.0625,-32.5,127,,,,,0.007,
2026-08-05T13:36:42.935,384.173,waiting_for_landing,,,,,FALSE,,,35.923076,139.9102107,,,34.46,1009.790117,45.57226563,307.5,-11.875,159.5625,-0.36,-5.3,-8.13,282.875,100.3125,-102,191,,,,,0.008,
2026-08-05T13:36:43.436,384.673,waiting_for_landing,,,,,FALSE,,,35.923076,139.9102107,,,34.47,1009.814023,45.44628906,305,22.9375,160.6875,-0.05,-6.57,-9.45,45.9375,17.25,126.6875,191,,,,,0.008,
2026-08-05T13:36:43.936,385.174,waiting_for_landing,,,,,FALSE,,,35.923076,139.9102107,,,34.47,1009.751406,45.53808594,265.4375,-1.3125,161.8125,0.3,-2.88,-9.35,-39.25,17,14.125,255,,,,,0.008,
2026-08-05T13:36:44.436,385.674,waiting_for_landing,,,,,FALSE,,,35.923076,139.9102107,,,34.47,1009.778711,45.56152344,295,4.5,171.5,5.62,0.24,-10.76,-35.375,39.3125,36.6875,255,,,,,0.007,
2026-08-05T13:36:44.937,386.174,waiting_for_landing,,,,,FALSE,,,35.923076,139.9102107,,,34.48,1009.794648,45.5625,349.375,10.625,175.375,-1.16,0.55,-8.66,-24,66.375,100.0625,255,,,,,0.008,
2026-08-05T13:36:45.437,386.675,waiting_for_landing,,,,,FALSE,,,35.923076,139.9102107,,,34.48,1009.767305,45.59667969,345,-13.4375,-153.3125,-1.05,2.67,-4.82,-47.3125,71.4375,-94.875,255,,,,,0.008,
2026-08-05T13:36:45.938,387.175,waiting_for_landing,,,,,FALSE,,,35.923076,139.9102107,,,34.49,1009.810859,45.59863281,307.3125,-3.375,-166.1875,-3.81,4.03,-14.76,133.5625,71.125,13.625,255,,,,,0.008,
2026-08-05T13:36:46.438,387.676,waiting_for_landing,,,,,FALSE,,,35.923076,139.9102107,,,34.49,1009.810859,45.54101563,159.875,15.625,108.0625,-1.33,-4.7,4.95,156.3125,31.5625,59.5,191,,,,,0.008,
2026-08-05T13:36:46.938,388.176,waiting_for_landing,,,,,FALSE,,,35.923076,139.9102107,,,34.48,1009.876641,45.48046875,194.4375,-14.9375,90.0625,2.03,-8.92,4.97,53.25,107.8125,-24.5,191,,,,,0.007,
2026-08-05T13:36:47.439,388.677,waiting_for_landing,,,,,FALSE,,,35.923076,139.9102107,,,34.48,1009.876641,45.109375,243.75,9.6875,76.6875,0.84,-13.6,1.46,-101.6875,30.9375,-73.9375,191,,,,,0.007,
2026-08-05T13:36:47.940,389.177,waiting_for_landing,,,,,FALSE,,,35.923076,139.9102107,,,34.48,1009.821992,45.35351563,38.5625,4.8125,135.4375,-0.5,0.58,-9.61,26.6875,-289.9375,-71.875,255,,,,,0.008,
2026-08-05T13:36:48.440,389.678,waiting_for_landing,,,,,FALSE,,,35.923076,139.9102107,,,34.49,1009.810859,45.43652344,0.4375,-8.6875,-164.6875,-2.13,-2.4,-12.03,-81.5,73,-16.625,191,,,,,0.007,
2026-08-05T13:36:48.940,390.178,waiting_for_landing,,,,,FALSE,,,35.923076,139.9102107,,,34.48,1009.849336,45.14453125,12.75,-0.3125,144.9375,3.26,-7.24,-9.03,41.3125,-48.8125,96.9375,255,,,,,0.007,
2026-08-05T13:36:49.441,390.678,waiting_for_landing,,,,,FALSE,,,35.923076,139.9102107,,,34.46,1009.790117,44.72460938,197.0625,12.4375,120.875,-0.55,-10.29,-4.02,-8.125,-60.6875,-0.6875,255,,,,,0.007,
2026-08-05T13:36:49.941,391.179,waiting_for_landing,,,,,FALSE,,,35.923076,139.9102107,,,34.45,1009.836875,44.5390625,13.5625,18.9375,149.125,4.05,-3.93,-11.34,-172.625,57.3125,35.375,255,,,,,0.008,
2026-08-05T13:36:50.442,391.679,waiting_for_landing,,,,,FALSE,,,35.923076,139.9102107,,,34.46,1009.798125,44.5390625,41.625,-1.0625,-164.875,1.66,5.48,-8.91,-79.625,7.375,-66.5625,255,,,,,0.008,
2026-08-05T13:36:50.942,392.18,waiting_for_landing,,,,,FALSE,,,35.923076,139.9102107,,,34.47,1009.814023,44.54003906,18.6875,-6.75,-177,1.53,0.8,-10.35,313.6875,9.5,23.75,255,,,,,0.008,
2026-08-05T13:36:51.443,392.68,waiting_for_landing,,,,,FALSE,,,35.923076,139.9102107,,,34.48,1009.821992,44.6328125,346,14.875,165.8125,0.72,-3.45,-10.46,117.875,6,-33.1875,255,,,,,0.008,
2026-08-05T13:36:51.943,393.181,waiting_for_landing,,,,,FALSE,,,35.923076,139.9102107,,,34.48,1009.767305,44.71484375,326.5,13.75,-175.9375,2.89,-0.86,-8.06,-91.1875,101.8125,-29.0625,255,,,,,0.008,
2026-08-05T13:36:52.443,393.681,waiting_for_landing,,,,,FALSE,,,35.923076,139.9102107,,,34.48,1009.794648,44.76074219,32.625,31.5,-165.4375,3.09,4.29,-9.86,-25.5625,-246.75,32.875,255,,,,,0.007,
2026-08-05T13:36:52.944,394.181,waiting_for_landing,,,,,FALSE,,,35.923076,139.9102107,,,34.48,1009.775273,44.70410156,205.125,-8.125,-118.625,-2.95,7.54,-1.2,-46.375,16.0625,-38.375,255,,,,,0.007,
2026-08-05T13:36:53.444,394.682,waiting_for_landing,,,,,FALSE,,,35.923076,139.9102107,,,34.48,1009.74,44.62207031,194.875,-7.375,-110.0625,0.22,6.02,-2.74,178.5,1.8125,-29.5625,255,,,,,0.007,
2026-08-05T13:36:53.945,395.182,waiting_for_landing,,,,,FALSE,,,35.923076,139.9102107,,,34.49,1009.810859,44.64648438,350.5625,8.1875,-160,1.01,0.76,-12.4,-17.25,-24.0625,33.25,255,,,,,0.008,
2026-08-05T13:36:54.445,395.683,waiting_for_landing,,,,,FALSE,,,35.923076,139.9102107,,,34.48,1009.775273,44.7734375,195.25,7.375,-124.375,-0.33,6.05,1.51,52,-42.5625,59.6875,255,,,,,0.007,
2026-08-05T13:36:54.946,396.183,waiting_for_landing,,,,,FALSE,,,35.923076,139.9102107,,,34.49,1009.791484,44.83203125,13.0625,4.125,-137.875,3.2,3.26,-13.18,384,-32.1875,-2.6875,255,,,,,0.008,
2026-08-05T13:36:55.446,396.684,waiting_for_landing,,,,,FALSE,,,35.923076,139.9102107,,,34.49,1009.873516,44.82128906,9.875,-0.1875,-161.0625,4.5,3.84,-16.51,-241.0625,-70.9375,20.0625,255,,,,,0.007,
2026-08-05T13:36:55.947,397.184,waiting_for_landing,,,,,FALSE,,,35.923076,139.9102107,,,34.5,1009.744766,44.87890625,44.8125,-0.375,-160.125,-0.62,8.8,-3.51,-117.1875,50.1875,-8.75,255,,,,,0.007,
2026-08-05T13:36:56.447,397.685,waiting_for_landing,,,,,FALSE,,,35.923076,139.9102107,,,34.49,1009.783516,44.65820313,2.1875,-8.6875,176.1875,0.72,-2.88,-5.69,85.75,14.9375,-68.5,255,,,,,0.008,
2026-08-05T13:36:56.947,398.185,waiting_for_landing,,,,,FALSE,,,35.923076,139.9102107,,,34.48,1009.775273,44.51757813,352.125,13.0625,153.125,3.73,-6.85,-10.53,64.9375,69.125,99.875,255,,,,,0.007,
2026-08-05T13:36:57.448,398.686,waiting_for_landing,,,,,FALSE,,,35.923076,139.9102107,,,34.49,1009.791484,44.49609375,38.125,7.625,150.5,0.75,1.01,-4.55,-130.875,-30.4375,30.6875,255,,,,,0.008,
2026-08-05T13:36:57.948,399.186,waiting_for_landing,,,,,FALSE,,,35.923076,139.9102107,,,34.48,1009.74,44.6328125,30,9.875,166,3.02,-0.04,-9.21,180.9375,-77.1875,-6.6875,255,,,,,0.008,
2026-08-05T13:36:58.449,399.686,waiting_for_landing,,,,,FALSE,,,35.923076,139.9102107,,,34.49,1009.810859,44.55371094,219.1875,14.5,121.75,-0.7,-12.26,-3.34,-81.75,-8.4375,-94.75,255,,,,,0.007,
2026-08-05T13:36:58.949,400.187,waiting_for_landing,,,,,FALSE,,,35.923076,139.9102107,,,34.49,1009.728867,44.50683594,206.625,2.0625,106.9375,3.1,-7.47,-0.61,-122.1875,17.0625,100,255,,,,,0.008,
2026-08-05T13:36:59.450,400.687,waiting_for_landing,,,,,FALSE,,,35.923076,139.9102107,,,34.49,1009.783516,44.62304688,58.875,-0.8125,135.75,-1.21,-0.68,-9.29,-26.125,66.5,5.625,255,,,,,0.008,
2026-08-05T13:36:59.950,401.188,waiting_for_landing,,,,,FALSE,,,35.923076,139.9102107,,,34.49,1009.736797,44.47265625,169.25,-14.4375,132.625,-0.15,-1.5,-1.25,323.3125,-97.8125,-38.6875,255,,,,,0.007,
2026-08-05T13:37:00.450,401.688,waiting_for_landing,,,,,FALSE,,,35.923076,139.9102107,,,34.48,1009.794648,44.33105469,205.0625,16.5625,96.125,3.14,-14.8,2.17,48.75,33.8125,15.9375,255,,,,,0.007,
2026-08-05T13:37:00.951,402.188,waiting_for_landing,,,,,FALSE,,,35.923076,139.9102107,,,34.48,1009.720586,44.25097656,208.3125,-32.6875,99.9375,-3.41,-2.41,-1.79,-214.625,58.1875,143.5,255,,,,,0.007,
2026-08-05T13:37:01.451,402.689,waiting_for_landing,,,,,FALSE,,,35.923076,139.9102107,,,34.4,1009.592656,44.3359375,278.375,5.6875,127.75,2.38,-6.58,-10.6,2.8125,-42.9375,-58.9375,255,,,,,0.008,
2026-08-05T13:37:01.952,403.189,waiting_for_landing,,,,,FALSE,,,35.923076,139.9102107,,,34.49,1009.764141,44.40234375,166.9375,-20.8125,125.9375,0.45,-2.84,-4.29,92.0625,-102.4375,-15.375,255,,,,,0.007,
2026-08-05T13:37:02.452,403.69,waiting_for_landing,,,,,FALSE,,,35.923076,139.9102107,,,34.49,1009.756172,44.40234375,232.6875,18.1875,118.1875,1.83,-11.85,-4.32,-26.6875,33.6875,47.125,255,,,,,0.008,
2026-08-05T13:37:02.952,404.19,waiting_for_landing,,,,,FALSE,,,35.923076,139.9102107,,,34.49,1009.756172,44.34472656,70.75,-8.5625,-167,-0.89,4.49,-6,-108.9375,13.375,49.4375,255,,,,,0.007,
2026-08-05T13:37:03.453,404.69,waiting_for_landing,,,,,FALSE,,,35.923076,139.9102107,,,34.49,1009.756172,44.58886719,62.3125,10.5,-166.3125,2.47,5.71,-11.38,8.5,-8.9375,-133.375,255,,,,,0.007,
2026-08-05T13:37:03.953,405.191,waiting_for_landing,,,,,FALSE,,,35.923076,139.9102107,,,34.49,1009.709453,44.17089844,27.6875,0.25,154.125,0.66,-5.34,-7.08,-48.0625,72.5,-170.125,255,,,,,0.008,
2026-08-05T13:37:04.454,405.691,waiting_for_landing,,,,,FALSE,,,35.923076,139.9102107,,,34.49,1009.838203,43.92675781,36.9375,18.625,140.9375,3.8,-6.85,-8.05,-57.0625,15.3125,101.3125,255,,,,,0.008,
2026-08-05T13:37:04.954,406.192,waiting_for_landing,,,,,FALSE,,,35.923076,139.9102107,,,34.49,1009.736797,43.72949219,234.8125,13.125,-126.125,3.15,10.32,-3.09,-14.25,-57.875,67.75,255,,,,,0.008,
2026-08-05T13:37:05.454,406.692,waiting_for_landing,,,,,FALSE,,,35.923076,139.9102107,,,34.5,1009.799453,43.64746094,186.625,26.9375,-126.5,5.31,5.95,-4.92,106.875,116.9375,25,127,,,,,0.007,
2026-08-05T13:37:05.955,407.192,waiting_for_landing,,,,,FALSE,,,35.923076,139.9102107,,,34.49,1009.67418,43.578125,69.1875,65.8125,168.125,8.92,1.37,-4.92,43.375,161.0625,64.25,191,,,,,0.008,
2026-08-05T13:37:06.455,407.693,waiting_for_landing,,,,,FALSE,,,35.923076,139.9102107,,,34.48,1009.712656,43.54199219,66.125,55.6875,57.25,4.28,-4.8,4.5,-125.6875,-88.6875,-59.9375,255,,,,,0.007,
2026-08-05T13:37:06.956,408.193,waiting_for_landing,,,,,FALSE,,,35.923076,139.9102107,,,34.47,1009.704688,43.53027344,96.75,79.1875,-22.5,6.55,-0.07,-0.01,84.9375,205.5,-193.5625,255,,,,,0.008,
2026-08-05T13:37:07.456,408.694,waiting_for_landing,,,,,FALSE,,,35.923076,139.9102107,,,34.48,1009.74793,43.70507813,91.625,66.9375,-65.375,8.81,3.01,1.5,106.4375,-111.5,203.8125,255,,,,,0.008,
2026-08-05T13:37:07.957,409.194,waiting_for_landing,,,,,FALSE,,,35.923076,139.9102107,,,34.5,1009.799453,43.81054688,29.9375,28.5,26.6875,2.45,-3.69,8.16,-26.125,222.9375,41.0625,255,,,,,0.008,
2026-08-05T13:37:08.457,409.695,waiting_for_landing,,,,,FALSE,,,35.923076,139.9102107,,,34.5,1009.772109,43.86816406,43.0625,26.375,89.5625,4.18,-10.26,1.08,-215.5,-146.1875,53.5625,255,,,,,0.007,
2026-08-05T13:37:08.957,410.195,waiting_for_landing,,,,,FALSE,,,35.923076,139.9102107,,,34.49,1009.764141,43.96191406,2.1875,6.9375,89.625,0.49,-9.19,-0.74,349.5,34,-11.625,191,,,,,0.008,
2026-08-05T13:37:09.458,410.695,waiting_for_landing,,,,,FALSE,,,35.923076,139.9102107,,,34.29,1009.41668,44.03515625,336.625,5,22.375,-0.13,0.75,12.86,-74.375,82.6875,2.625,255,,,,,0.007,
2026-08-05T13:37:09.958,411.196,waiting_for_landing,,,,,FALSE,,,35.923076,139.9102107,,,34.49,1009.728867,44.03125,315.4375,-6.9375,73.75,-0.31,-13.12,-0.57,62.3125,41.1875,37.5,255,,,,,0.007,
2026-08-05T13:37:10.459,411.696,waiting_for_landing,,,,,FALSE,,,35.923076,139.9102107,,,34.49,1009.783516,43.92675781,354.9375,-9.3125,18.125,-0.92,0.79,8.48,58.75,82.5,17.4375,255,,,,,0.007,
2026-08-05T13:37:10.959,412.197,waiting_for_landing,,,,,FALSE,,,35.923076,139.9102107,,,34.17,1009.396758,43.77929688,314.8125,13.1875,46.875,-0.99,-3.97,2.07,-239.4375,-149.125,-57.25,191,,,,,0.008,
2026-08-05T13:37:11.460,412.697,waiting_for_landing,,,,,FALSE,,,35.923076,139.9102107,,,34.48,1009.767305,43.68066406,274.875,-4.8125,74.75,1.3,-14.28,-1.55,-10.75,44.3125,10.25,191,,,,,0.007,
2026-08-05T13:37:11.960,413.198,waiting_for_landing,,,,,FALSE,,,35.923076,139.9102107,,,34.5,1009.772109,43.74121094,344.8125,24.5625,40.5,0.76,-0.32,5.39,199.75,-52.375,-62.5625,255,,,,,0.007,
2026-08-05T13:37:12.460,413.698,waiting_for_landing,,,,,FALSE,,,35.923076,139.9102107,,,34.48,1009.767305,43.58789063,332.75,-12.8125,13.875,-4.02,-1.22,13.91,-4.625,-44.25,71.5,255,,,,,0.007,
2026-08-05T13:37:12.961,414.198,waiting_for_landing,,,,,FALSE,,,35.923076,139.9102107,,,34.47,1009.731992,43.4375,302.1875,33.6875,54.75,6.04,-8.11,1.37,7.875,-36.75,78.5,191,,,,,0.008,
2026-08-05T13:37:13.461,414.699,waiting_for_landing,,,,,FALSE,,,35.923076,139.9102107,,,34.47,1009.814023,43.4375,306,27.6875,73.8125,4.5,-10.92,-0.7,-4,41.25,-43,255,,,,,0.007,
2026-08-05T13:37:13.962,415.199,waiting_for_landing,,,,,FALSE,,,35.923076,139.9102107,,,34.48,1009.767305,43.4375,310.0625,1.375,-28.8125,1.72,6.58,8.72,-71.375,29.0625,-93.875,191,,,,,0.008,
2026-08-05T13:37:14.462,415.7,waiting_for_landing,,,,,FALSE,,,35.923076,139.9102107,,,34.47,1009.724063,43.44726563,272.6875,7.875,-28.75,-0.93,7.37,11.57,7.625,-77.5625,181.5,127,,,,,0.008,
2026-08-05T13:37:14.963,416.2,waiting_for_landing,,,,,FALSE,,,35.923076,139.9102107,,,34.48,1009.712656,43.4375,259.875,42.1875,47.9375,2.55,-5.57,2.87,-154.3125,35.875,134.8125,127,,,,,0.007,
2026-08-05T13:37:15.463,416.701,waiting_for_landing,,,,,FALSE,,,35.923076,139.9102107,,,34.47,1009.724063,43.45898438,197.3125,4.1875,50.5,0.78,-11.55,5.02,-51.625,25.5,62.5,255,,,,,0.007,
2026-08-05T13:37:15.963,417.201,waiting_for_landing,,,,,FALSE,,,35.923076,139.9102107,,,34.46,1009.708125,43.38867188,191.6875,13.375,12,1.67,2.61,6.59,274.4375,-53.9375,25.9375,255,,,,,0.007,
2026-08-05T13:37:16.465,417.702,waiting_for_landing,,,,,FALSE,,,35.923076,139.9102107,,,34.45,1009.754844,43.46972656,188.3125,-11,-14.375,-2.85,7.2,13.05,17.5625,1.75,99.125,255,,,,,0.008,
2026-08-05T13:37:16.965,418.203,waiting_for_landing,,,,,FALSE,,,35.923076,139.9102107,,,34.46,1009.68082,43.46972656,162.4375,32,46,0.83,-3.77,1.94,-177,-13.8125,40.1875,255,,,,,0.008,
2026-08-05T13:37:17.466,418.703,waiting_for_landing,,,,,FALSE,,,35.923076,139.9102107,,,34.45,1009.700195,43.50488281,115.3125,-1.9375,71.625,0.56,-13.17,1.53,50.875,-46.375,18.9375,255,,,,,0.008,
2026-08-05T13:37:17.966,419.204,waiting_for_landing,,,,,FALSE,,,35.923076,139.9102107,,,34.46,1009.735469,43.51660156,137.4375,27.4375,7.625,1.99,1.8,5.05,174.625,120.9375,-5.125,255,,,,,0.008,
2026-08-05T13:37:18.466,419.704,waiting_for_landing,,,,,FALSE,,,35.923076,139.9102107,,,34.45,1009.782188,43.55175781,144.6875,2.5625,10.6875,1.91,2.59,11.57,-22.25,-1.125,82.9375,255,,,,,0.008,
2026-08-05T13:37:18.967,420.204,waiting_for_landing,,,,,FALSE,,,35.923076,139.9102107,,,34.46,1009.735469,43.55175781,106.9375,18.1875,4.125,0.69,-1.46,2.66,-131.5,-66.75,-19.5625,255,,,,,0.008,
2026-08-05T13:37:19.467,420.705,waiting_for_landing,,,,,FALSE,,,35.923076,139.9102107,,,34.45,1009.80125,43.45800781,80.5625,-5.375,10.625,0.61,-4.97,12.62,0.9375,3.8125,-60,255,,,,,0.008,
2026-08-05T13:37:19.968,421.205,waiting_for_landing,,,,,FALSE,,,35.923076,139.9102107,,,34.26,1009.431289,43.57910156,77.125,22.0625,-0.5,1.67,6.38,5.83,-100.75,106.9375,41,255,,,,,0.007,
2026-08-05T13:37:20.468,421.706,waiting_for_landing,,,,,FALSE,,,35.923076,139.9102107,,,34.45,1009.773945,43.57421875,87.25,0.25,-25.625,2.58,7.58,5.44,26.625,-62.875,129.375,255,,,,,0.007,
2026-08-05T13:37:20.968,422.206,waiting_for_landing,,,,,FALSE,,,35.923076,139.9102107,,,34.45,1009.773945,43.5625,31.625,33.6875,-29,1.92,7.94,6.01,-65.0625,22.875,34.8125,255,,,,,0.007,
2026-08-05T13:37:21.469,422.707,waiting_for_landing,,,,,FALSE,,,35.923076,139.9102107,,,34.45,1009.773945,43.57421875,25.25,-8.1875,35.125,-0.78,-8.74,6.83,-34.4375,72.1875,8.5,255,,,,,0.008,
2026-08-05T13:37:21.969,423.207,waiting_for_landing,,,,,FALSE,,,35.923076,139.9102107,,,34.45,1009.773945,43.5390625,72.5625,1.375,56.5,-0.51,-8.65,5.67,9.375,34.3125,-82.1875,255,,,,,0.007,
2026-08-05T13:37:22.470,423.707,waiting_for_landing,,,,,FALSE,,,35.923076,139.9102107,,,34.45,1009.773945,43.55078125,114.5625,10.0625,-22,1.84,5.75,6.45,-61.9375,35.0625,-138.0625,255,,,,,0.008,
2026-08-05T13:37:22.970,424.208,waiting_for_landing,,,,,FALSE,,,35.923076,139.9102107,,,34.45,1009.727539,43.57421875,114.6875,11.5625,-20.375,-0.15,7.61,9.19,29.3125,31.75,120.875,255,,,,,0.008,
2026-08-05T13:37:23.471,424.709,waiting_for_landing,,,,,FALSE,,,35.923076,139.9102107,,,34.46,1009.817461,43.56347656,81.5,7.25,67.0625,1.57,-7.94,0.83,44.125,-32,47.75,255,,,,,0.008,
2026-08-05T13:37:23.972,425.209,waiting_for_landing,,,,,FALSE,,,35.923076,139.9102107,,,34.45,1009.746602,43.59667969,90.5,1.875,66.6875,-2.35,-11.95,3.24,-19.8125,86,-61.5,255,,,,,0.008,
2026-08-05T13:37:24.472,425.71,waiting_for_landing,,,,,FALSE,,,35.923076,139.9102107,,,34.45,1009.773945,43.77148438,130.8125,11.125,-4.9375,0.23,5.22,5.74,114,9.0625,-92.3125,255,,,,,0.008,
2026-08-05T13:37:24.973,426.21,waiting_for_landing,,,,,FALSE,,,35.923076,139.9102107,,,34.44,1009.683945,43.67871094,147.8125,1.875,-11.875,-2.19,5.2,10.97,19.3125,-16.75,102.125,255,,,,,0.008,
2026-08-05T13:37:25.473,426.711,waiting_for_landing,,,,,FALSE,,,35.923076,139.9102107,,,34.44,1009.711289,43.69042969,97.25,9.8125,49.4375,0.81,-7.57,3.46,-6.875,-87.1875,69.8125,255,,,,,0.008,
2026-08-05T13:37:25.974,427.211,waiting_for_landing,,,,,FALSE,,,35.923076,139.9102107,,,34.45,1009.773945,43.69042969,87.1875,0.0625,57.375,-0.06,-10.82,3.49,-23.75,66.875,-73.75,255,,,,,0.008,
2026-08-05T13:37:26.474,427.712,waiting_for_landing,,,,,FALSE,,,35.923076,139.9102107,,,34.45,1009.773945,43.72460938,134,15.6875,16.6875,1.18,-2.73,8.35,234.8125,104.25,-41.125,255,,,,,0.008,
2026-08-05T13:37:26.974,428.212,waiting_for_landing,,,,,FALSE,,,35.923076,139.9102107,,,34.45,1009.700195,43.78417969,149.9375,12.9375,-23.375,2.01,7.33,5.01,16.0625,53.0625,-27.875,255,,,,,0.008,
2026-08-05T13:37:27.475,428.712,waiting_for_landing,,,,,FALSE,,,35.923076,139.9102107,,,34.45,1009.700195,43.79492188,120.1875,22.125,-30.1875,1.14,6.85,9.78,-148.375,-29.125,100.8125,255,,,,,0.007,
2026-08-05T13:37:27.975,429.213,waiting_for_landing,,,,,FALSE,,,35.923076,139.9102107,,,34.45,1009.782188,43.67871094,83.875,8.625,68.1875,2.38,-9.42,1.38,40.375,-74.875,85.875,255,,,,,0.007,
2026-08-05T13:37:28.476,429.713,waiting_for_landing,,,,,FALSE,,,35.923076,139.9102107,,,34.46,1009.735469,43.64453125,106.5625,12.5625,62.375,-0.3,-10.49,4.71,84.375,7.5625,-125.25,255,,,,,0.007,
2026-08-05T13:37:28.976,430.214,waiting_for_landing,,,,,FALSE,,,35.923076,139.9102107,,,34.45,1009.719258,43.77148438,154.375,17.25,-38.5,0.62,5.93,5.06,-89.1875,-57.8125,-128.6875,255,,,,,0.007,
2026-08-05T13:37:29.477,430.714,waiting_for_landing,,,,,FALSE,,,35.923076,139.9102107,,,34.45,1009.773945,43.77148438,143.125,-3.4375,-24.9375,-2.37,6.29,12.16,-14.9375,7.5625,186.5625,255,,,,,0.008,
2026-08-05T13:37:29.977,431.215,waiting_for_landing,,,,,FALSE,,,35.923076,139.9102107,,,34.44,1009.765977,43.77148438,96.8125,26.9375,95.4375,1.1,-6.74,-0.31,-1.9375,-200.8125,-24.0625,191,,,,,0.008,
2026-08-05T13:37:30.477,431.715,waiting_for_landing,,,,,FALSE,,,35.923076,139.9102107,,,34.16,1009.27125,43.76757813,8.875,4.8125,113.4375,-0.11,-10.86,-2.96,40.4375,-155.25,-29.9375,191,,,,,0.008,
2026-08-05T13:37:30.978,432.215,waiting_for_landing,,,,,FALSE,,,35.923076,139.9102107,,,34.46,1009.708125,43.85351563,17.75,43.4375,137.5,4.59,-5.83,-6.12,-23.0625,3.75,-122.125,255,,,,,0.008,
2026-08-05T13:37:31.478,432.716,waiting_for_landing,,,,,FALSE,,,35.923076,139.9102107,,,34.45,1009.719258,43.88769531,110.5625,76,-145.625,8.23,-1.04,1.24,-75.5625,37.3125,-87.4375,191,,,,,0.008,
2026-08-05T13:37:31.979,433.216,waiting_for_landing,,,,,FALSE,,,35.923076,139.9102107,,,34.45,1009.782188,43.88867188,175.6875,24.1875,-64.625,0.57,12.13,6.93,12,-68.125,-165.9375,255,,,,,0.008,
2026-08-05T13:37:32.479,433.717,waiting_for_landing,,,,,FALSE,,,35.923076,139.9102107,,,34.46,1009.790117,43.96972656,244.875,15.8125,-37.75,1.7,9.77,3.05,-77.6875,-34.125,-17.75,255,,,,,0.008,
2026-08-05T13:37:32.979,434.217,waiting_for_landing,,,,,FALSE,,,35.923076,139.9102107,,,34.45,1009.782188,44.0390625,205.6875,16.625,-78.9375,-0.72,9.14,5.22,88.375,36.75,87.5625,191,,,,,0.008,
2026-08-05T13:37:33.480,434.717,waiting_for_landing,,,,,FALSE,,,35.923076,139.9102107,,,34.47,1009.696719,44.01660156,173.5625,21.25,-12,5.11,-4.65,6.69,-59.25,161.4375,138.875,191,,,,,0.008,
2026-08-05T13:37:33.980,435.218,waiting_for_landing,,,,,FALSE,,,35.923076,139.9102107,,,34.47,1009.778711,43.99316406,172.5625,5.6875,-37.9375,0.17,11.1,7.15,24.25,-118.3125,-58.6875,255,,,,,0.008,
2026-08-05T13:37:34.481,435.718,waiting_for_landing,,,,,FALSE,,,35.923076,139.9102107,,,34.46,1009.716094,43.79589844,163.6875,29.3125,-56.5625,0.59,6.98,1.88,20.6875,84.375,-23.4375,255,,,,,0.008,
2026-08-05T13:37:34.981,436.219,waiting_for_landing,,,,,FALSE,,,35.923076,139.9102107,,,34.46,1009.735469,44.07421875,97.4375,15.75,-29.75,-0.38,2.97,8.83,-199.6875,-18.5625,170.625,255,,,,,0.007,
2026-08-05T13:37:35.481,436.719,waiting_for_landing,,,,,FALSE,,,35.923076,139.9102107,,,34.46,1009.770781,43.98242188,40.5625,20.5625,46.6875,2.69,-8.15,3.76,-10.5,10.5625,82.5,191,,,,,0.008,
2026-08-05T13:37:35.982,437.22,waiting_for_landing,,,,,FALSE,,,35.923076,139.9102107,,,34.47,1009.724063,43.97070313,54.625,13.625,11.125,0.46,1,10.29,430.25,4.5,-71,255,,,,,0.008,
2026-08-05T13:37:36.482,437.72,waiting_for_landing,,,,,FALSE,,,35.923076,139.9102107,,,34.47,1009.724063,43.97070313,93.5625,6.9375,-42.5625,0.91,9.88,5.33,118,23.875,28.8125,255,,,,,0.008,
2026-08-05T13:37:36.983,438.22,waiting_for_landing,,,,,FALSE,,,35.923076,139.9102107,,,34.47,1009.731992,43.93652344,68.3125,23.8125,34.3125,2.84,-7.14,4.59,-80.6875,82,111.9375,191,,,,,0.008,
2026-08-05T13:37:37.483,438.721,waiting_for_landing,,,,,FALSE,,,35.923076,139.9102107,,,34.46,1009.708125,43.83007813,68.75,5.3125,37.6875,-0.14,-7.89,9.36,46.3125,-9.375,-92.1875,255,,,,,0.008,
2026-08-05T13:37:37.984,439.221,waiting_for_landing,,,,,FALSE,,,35.923076,139.9102107,,,34.46,1009.735469,43.81835938,122.125,15.25,-18.1875,-1.25,5.86,7.94,-18.0625,-55.375,-99.5625,255,,,,,0.008,
2026-08-05T13:37:38.484,439.722,waiting_for_landing,,,,,FALSE,,,35.923076,139.9102107,,,34.47,1009.778711,43.76171875,136.125,-9.25,-34.8125,-1.95,8.5,10.17,72.625,71,49.75,255,,,,,0.008,
2026-08-05T13:37:38.984,440.222,waiting_for_landing,,,,,FALSE,,,35.923076,139.9102107,,,34.47,1009.696719,43.62207031,125.125,41.8125,7.3125,1.67,-0.74,3.58,-226.5625,-33.9375,15.625,255,,,,,0.008,
2026-08-05T13:37:39.485,440.722,waiting_for_landing,,,,,FALSE,,,35.923076,139.9102107,,,34.45,1009.719258,43.71289063,167.6875,49.8125,60.25,9.37,-8.58,1.28,-5.5,70.4375,-66,255,,,,,0.008,
2026-08-05T13:37:39.985,441.223,waiting_for_landing,,,,,FALSE,,,35.923076,139.9102107,,,34.46,1009.735469,43.74902344,181.6875,19.3125,-28.875,1.65,6.79,8.19,5.125,76,-76.5,255,,,,,0.008,
2026-08-05T13:37:40.486,441.723,waiting_for_landing,,,,,FALSE,,,35.923076,139.9102107,,,34.46,1009.770781,43.76171875,166.9375,3.0625,-20.6875,0.97,5.84,13.41,20,-59.5,103.3125,255,,,,,0.008,
2026-08-05T13:37:40.986,442.224,waiting_for_landing,,,,,FALSE,,,35.923076,139.9102107,,,34.23,1009.30125,43.77441406,165,56.5,29.75,2.91,-3.01,2.6,-170.6875,-62.3125,32.125,255,,,,,0.008,
2026-08-05T13:37:41.487,442.724,waiting_for_landing,,,,,FALSE,,,35.923076,139.9102107,,,34.47,1009.751406,43.75,93.5625,1.5,69.875,2.31,-10.98,0.15,-36.375,-84.6875,117,255,,,,,0.008,
2026-08-05T13:37:41.987,443.225,waiting_for_landing,,,,,FALSE,,,35.923076,139.9102107,,,34.46,1009.798125,43.7734375,113.125,22.9375,71.375,1.74,-12.87,1.28,61.25,22.875,-147.9375,255,,,,,0.008,
2026-08-05T13:37:42.488,443.725,waiting_for_landing,,,,,FALSE,,,35.923076,139.9102107,,,34.46,1009.716094,43.79589844,135.375,22.625,32.75,1.35,-3.04,10.44,-83.4375,187.25,28.3125,255,,,,,0.008,
2026-08-05T13:37:42.988,444.226,waiting_for_landing,,,,,FALSE,,,35.923076,139.9102107,,,34.47,1009.724063,43.84277344,147.125,-0.75,34.125,1.87,-4.76,10.31,67.9375,-111.1875,44.875,255,,,,,0.007,
2026-08-05T13:37:43.488,444.726,waiting_for_landing,,,,,FALSE,,,35.923076,139.9102107,,,34.46,1009.716094,43.85449219,153.1875,40.125,64.6875,0.66,-5.6,1.94,-187.9375,-7.6875,11.625,255,,,,,0.008,
2026-08-05T13:37:43.989,445.226,waiting_for_landing,,,,,FALSE,,,35.923076,139.9102107,,,34.47,1009.704688,43.90136719,103.4375,12.9375,86,2.52,-10.5,-2.37,38.3125,-110.25,108.375,255,,,,,0.008,
2026-08-05T13:37:44.489,445.727,waiting_for_landing,,,,,FALSE,,,35.923076,139.9102107,,,34.47,1009.759336,43.91308594,95.875,20.875,94.1875,2.9,-11.17,-1.27,-39.4375,78,-45.625,255,,,,,0.008,
2026-08-05T13:37:44.990,446.227,waiting_for_landing,,,,,FALSE,,,35.923076,139.9102107,,,34.46,1009.68082,43.91113281,125.8125,36.1875,48.8125,1.9,-5.06,7.23,78.5,17.6875,-52.9375,255,,,,,0.008,
2026-08-05T13:37:45.490,446.728,waiting_for_landing,,,,,FALSE,,,35.923076,139.9102107,,,34.47,1009.751406,43.83105469,142.8125,3.75,44.75,3.04,-6.27,10.68,38.0625,-63.875,7.9375,255,,,,,0.008,
2026-08-05T13:37:45.990,447.228,waiting_for_landing,,,,,FALSE,,,35.923076,139.9102107,,,34.48,1009.693242,43.9140625,133.3125,36.3125,66.5,2.2,-7.09,4.92,-166.375,-19.875,7.625,255,,,,,0.008,
2026-08-05T13:37:46.491,447.728,waiting_for_landing,,,,,FALSE,,,35.923076,139.9102107,,,34.47,1009.724063,43.98242188,108.75,17.75,106.125,4.68,-9.96,-4.65,-36.4375,8.125,39.5,255,,,,,0.008,
2026-08-05T13:37:46.991,448.229,waiting_for_landing,,,,,FALSE,,,35.923076,139.9102107,,,34.47,1009.759336,44.06445313,155.6875,32.1875,107.4375,2.28,-7.64,-3.05,70.3125,69.8125,-36.8125,255,,,,,0.008,
2026-08-05T13:37:47.492,448.729,waiting_for_landing,,,,,FALSE,,,35.923076,139.9102107,,,34.47,1009.64207,44.07519531,150.0625,30,60.5625,5.41,-5.3,6.12,-27.125,2.75,63.875,255,,,,,0.008,
2026-08-05T13:37:47.992,449.23,waiting_for_landing,,,,,FALSE,,,35.923076,139.9102107,,,34.47,1009.696719,44.04003906,128.6875,24.375,104.75,-0.11,-8.13,-3.45,-33.3125,-164.875,-33.6875,255,,,,,0.008,
2026-08-05T13:37:48.493,449.73,waiting_for_landing,,,,,FALSE,,,35.923076,139.9102107,,,34.47,1009.806055,44.16796875,61.3125,5.8125,116.6875,2.16,-9.26,-6.75,-57.375,47.75,38.0625,255,,,,,0.008,
2026-08-05T13:37:48.993,450.231,waiting_for_landing,,,,,FALSE,,,35.923076,139.9102107,,,34.47,1009.724063,44.02832031,122.125,24.5,83.375,0.92,-9.42,0.37,227.5625,121.3125,15.25,255,,,,,0.008,
2026-08-05T13:37:49.493,450.731,waiting_for_landing,,,,,FALSE,,,35.923076,139.9102107,,,34.47,1009.778711,44.01660156,151.4375,4.4375,34.375,2.47,-2.96,10.35,57.6875,123.25,44.375,191,,,,,0.007,
2026-08-05T13:37:49.994,451.231,waiting_for_landing,,,,,FALSE,,,35.923076,139.9102107,,,34.47,1009.751406,44.01660156,118.3125,12.8125,17.0625,-1.48,-2.72,14.1,47,-145.5625,52.25,255,,,,,0.008,
2026-08-05T13:37:50.494,451.732,waiting_for_landing,,,,,FALSE,,,35.923076,139.9102107,,,34.48,1009.712656,44.05273438,104.875,32.25,127.5625,4.05,-6.24,-5.53,-17.75,-198.8125,-51.1875,255,,,,,0.008,
2026-08-05T13:37:50.995,452.232,waiting_for_landing,,,,,FALSE,,,35.923076,139.9102107,,,34.48,1009.767305,43.88964844,181.125,30.8125,148.875,3.94,-3.02,-5.79,-10.625,55.6875,-6.125,255,,,,,0.008,
2026-08-05T13:37:51.495,452.733,waiting_for_landing,,,,,FALSE,,,35.923076,139.9102107,,,34.26,1009.395977,44.15917969,100,53.25,105.5,7.73,-8.57,-1.41,26.375,22.8125,3,255,,,,,0.008,
2026-08-05T13:37:51.995,453.233,waiting_for_landing,,,,,FALSE,,,35.923076,139.9102107,,,34.47,1009.724063,44.1328125,131.3125,38.75,46.125,4.93,-6.24,7.6,-30.375,53.6875,-66.9375,255,,,,,0.008,
2026-08-05T13:37:52.496,453.733,waiting_for_landing,,,,,FALSE,,,35.923076,139.9102107,,,34.46,1009.68875,44.109375,158.0625,37.8125,92.3125,3.67,-7.08,6.82,-2.5,4.3125,17.25,255,,,,,0.008,
2026-08-05T13:37:52.996,454.234,waiting_for_landing,,,,,FALSE,,,35.923076,139.9102107,,,34.47,1009.64207,44.08691406,129.625,69.9375,-31.75,1.47,-4.35,1.84,97.25,-66.1875,-24.0625,255,,,,,0.008,
2026-08-05T13:37:53.497,454.734,waiting_for_landing,,,,,FALSE,,,35.923076,139.9102107,,,34.47,1009.724063,44.04003906,109.6875,74.8125,24.4375,7.52,-6.27,0.59,-18.125,34.375,55.5,255,,,,,0.007,
2026-08-05T13:37:53.997,455.235,waiting_for_landing,,,,,FALSE,,,35.923076,139.9102107,,,34.47,1009.696719,43.91210938,177.875,64.625,113.75,2.32,-3.64,4.86,-118.0625,49.9375,-24.25,255,,,,,0.007,
2026-08-05T13:37:54.498,455.735,waiting_for_landing,,,,,FALSE,,,35.923076,139.9102107,,,34.46,1009.653477,43.81835938,175.125,52.5625,64.8125,6.58,-6.75,8.52,-19.5,39.1875,89.5625,255,,,,,0.008,
2026-08-05T13:37:54.998,456.236,waiting_for_landing,,,,,FALSE,,,35.923076,139.9102107,,,34.46,1009.708125,43.77246094,113.6875,47.5,29,4.7,-14.47,8.89,141.1875,-115.1875,-109.125,255,,,,,0.008,
2026-08-05T13:37:55.498,456.736,waiting_for_landing,,,,,FALSE,,,35.923076,139.9102107,,,34.46,1009.735469,43.78417969,114.4375,83.1875,1.3125,6.27,-0.66,-0.71,-31.9375,38.875,128.625,255,,,,,0.008,
2026-08-05T13:37:55.999,457.236,waiting_for_landing,,,,,FALSE,,,35.923076,139.9102107,,,34.45,1009.691914,43.87597656,107.1875,21.9375,46.6875,5.01,-10.68,9.54,-130.3125,117.9375,-128.8125,255,,,,,0.008,
2026-08-05T13:37:56.499,457.737,waiting_for_landing,,,,,FALSE,,,35.923076,139.9102107,,,34.47,1009.724063,43.88867188,199.1875,74.9375,120,0.99,0.96,2.08,16.1875,36.8125,-73.5,255,,,,,0.008,
2026-08-05T13:37:57.000,458.237,waiting_for_landing,,,,,FALSE,,,35.923076,139.9102107,,,34.46,1009.708125,43.84179688,164.4375,46.5625,45.0625,6.88,-6.73,9.71,38.8125,-15.125,168,255,,,,,0.008,
2026-08-05T13:37:57.500,458.738,waiting_for_landing,,,,,FALSE,,,35.923076,139.9102107,,,34.46,1009.735469,43.76074219,106.6875,67.0625,34.5,-1,-7.05,2.78,16,-117.4375,-77.375,255,,,,,0.008,
2026-08-05T13:37:58.001,459.238,waiting_for_landing,,,,,FALSE,,,35.923076,139.9102107,,,34.45,1009.746602,43.82910156,107.75,71.125,51.25,8.16,-4.93,2.91,13.8125,78.8125,82.9375,255,,,,,0.008,
2026-08-05T13:37:58.501,459.739,waiting_for_landing,,,,,FALSE,,,35.923076,139.9102107,,,34.46,1009.762813,43.84179688,115.0625,16.8125,49.875,2.96,-13.23,9.51,-57.75,183.0625,-50,255,,,,,0.008,
2026-08-05T13:37:59.001,460.239,waiting_for_landing,,,,,FALSE,,,35.923076,139.9102107,,,34.47,1009.614727,43.83105469,221.125,88.0625,-179.3125,1.48,1.6,2.75,31.3125,4.5625,-16.6875,255,,,,,0.008,
2026-08-05T13:37:59.502,460.739,waiting_for_landing,,,,,FALSE,,,35.923076,139.9102107,,,34.46,1009.68082,43.85351563,170.3125,48.125,56.125,7.1,-7.18,6.66,46.75,27.6875,143.5,255,,,,,0.007,
2026-08-05T13:38:00.002,461.24,waiting_for_landing,,,,,FALSE,,,35.923076,139.9102107,,,34.45,1009.609922,44.015625,101.875,67.75,36.5625,-1.94,-8.86,3.25,77.6875,-208.9375,-190.375,255,,,,,0.008,
2026-08-05T13:38:00.503,461.74,waiting_for_landing,,,,,FALSE,,,35.923076,139.9102107,,,34.46,1009.735469,43.93457031,106.1875,82.5625,-122.625,6.44,1.49,-1.86,-19.875,73.9375,79.625,255,,,,,0.008,
2026-08-05T13:38:01.003,462.241,waiting_for_landing,,,,,FALSE,,,35.923076,139.9102107,,,34.45,1009.746602,43.84082031,96.6875,25,54.75,5.05,-11,6.46,-69.5,122.6875,-34.0625,255,,,,,0.007,
2026-08-05T13:38:01.504,462.741,waiting_for_landing,,,,,FALSE,,,35.923076,139.9102107,,,34.45,1009.664609,43.84082031,201.6875,80.5625,175.75,0.25,1.5,1.58,-103.375,-58.0625,-112.625,255,,,,,0.007,
2026-08-05T13:38:02.004,463.242,waiting_for_landing,,,,,FALSE,,,35.923076,139.9102107,,,34.29,1009.471367,43.81445313,171.375,52.1875,47.1875,8.71,-6.92,8.92,27.4375,94.5625,150.3125,255,,,,,0.008,
2026-08-05T13:38:02.504,463.742,waiting_for_landing,,,,,FALSE,,,35.923076,139.9102107,,,34.45,1009.664609,43.80566406,93,25.875,42.6875,5.69,-18.92,15.89,107.125,-195.875,-134.25,255,,,,,0.008,
2026-08-05T13:38:03.005,464.242,waiting_for_landing,,,,,FALSE,,,35.923076,139.9102107,,,34.45,1009.664609,43.81738281,102.1875,66.25,1.375,4.52,-0.77,0.6,-57.625,34.3125,62.875,255,,,,,0.008,
2026-08-05T13:38:03.505,464.743,waiting_for_landing,,,,,FALSE,,,35.923076,139.9102107,,,34.45,1009.773945,43.85253906,101.4375,8.125,43.25,2.01,-9.54,9.68,-36.25,83.5,-86.9375,255,,,,,0.008,
2026-08-05T13:38:04.006,465.243,waiting_for_landing,,,,,FALSE,,,35.923076,139.9102107,,,34.45,1009.672852,43.85351563,203.3125,79.625,-173.9375,0.19,2.72,0.96,-116.875,-125.5625,-181.0625,255,,,,,0.008,
2026-08-05T13:38:04.506,465.744,waiting_for_landing,,,,,FALSE,,,35.923076,139.9102107,,,34.45,1009.719258,43.81738281,180.625,57.9375,56.1875,8.76,-6.8,8.72,37.9375,93,172.8125,255,,,,,0.008,
2026-08-05T13:38:05.007,466.244,waiting_for_landing,,,,,FALSE,,,35.923076,139.9102107,,,34.45,1009.746602,43.84082031,101.25,27.9375,50.875,9.96,-14.25,11.23,115.3125,-134.3125,-47.8125,255,,,,,0.008,
2026-08-05T13:38:05.507,466.745,waiting_for_landing,,,,,FALSE,,,35.923076,139.9102107,,,34.45,1009.645508,43.84179688,118.5,87.3125,1.375,6.45,-3.63,-0.84,-25.0625,23.1875,65.625,255,,,,,0.007,
2026-08-05T13:38:06.007,467.245,waiting_for_landing,,,,,FALSE,,,35.923076,139.9102107,,,34.45,1009.664609,43.73632813,140.375,38.875,38.875,4.21,-6.88,8.87,-13.5,151.5,-143.0625,255,,,,,0.008,
2026-08-05T13:38:06.508,467.745,waiting_for_landing,,,,,FALSE,,,35.923076,139.9102107,,,34.44,1009.683945,43.62011719,213.0625,18.625,-19.0625,2.9,5.69,9.53,64,-8.5625,-79.3125,255,,,,,0.008,
2026-08-05T13:38:07.008,468.246,waiting_for_landing,,,,,FALSE,,,35.923076,139.9102107,,,34.45,1009.691914,43.46875,215.3125,31,-34.6875,3.44,3.59,5.54,-1.625,-12.5,18.1875,255,,,,,0.008,
2026-08-05T13:38:07.509,468.746,waiting_for_landing,,,,,FALSE,,,35.923076,139.9102107,,,34.45,1009.700195,43.62109375,186.5625,55.625,16.6875,5.48,-2.05,11.01,-29.9375,46,155.875,255,,,,,0.008,
2026-08-05T13:38:08.009,469.247,waiting_for_landing,,,,,FALSE,,,35.923076,139.9102107,,,34.44,1009.656602,43.57421875,121.6875,55.5,49.75,5.29,-4.39,1.84,65.1875,-107.0625,-30.6875,255,,,,,0.008,
2026-08-05T13:38:08.510,469.747,waiting_for_landing,,,,,FALSE,,,35.923076,139.9102107,,,34.44,1009.711289,43.60839844,87.125,23.625,65.3125,6.05,-11.7,3.27,14.5,69.4375,-5.25,255,,,,,0.008,
2026-08-05T13:38:09.010,470.248,waiting_for_landing,,,,,FALSE,,,35.923076,139.9102107,,,34.44,1009.683945,43.72460938,128,29,13.8125,1.42,0.58,5.76,20,35.625,-166.6875,255,,,,,0.008,
2026-08-05T13:38:09.510,470.748,waiting_for_landing,,,,,FALSE,,,35.923076,139.9102107,,,34.45,1009.719258,43.74804688,150.25,17.5625,-5.625,1.95,2.77,10.14,53.5625,-7.25,39.4375,255,,,,,0.008,
2026-08-05T13:38:10.011,471.248,waiting_for_landing,,,,,FALSE,,,35.923076,139.9102107,,,34.45,1009.582578,43.77148438,137.6875,18.875,-18.25,1.22,-2.83,10.62,-23.25,28.125,-43.875,255,,,,,0.008,
2026-08-05T13:38:10.511,471.749,waiting_for_landing,,,,,FALSE,,,35.923076,139.9102107,,,34.45,1009.582578,43.79394531,240.1875,51.8125,8.875,0.15,2.52,3.02,-121.3125,6.25,-29.3125,255,,,,,0.008,
2026-08-05T13:38:11.012,472.249,waiting_for_landing,,,,,FALSE,,,35.923076,139.9102107,,,34.44,1009.656602,43.75976563,209.25,16.25,6.25,-0.11,2.66,19.73,45.9375,50.875,213.125,255,,,,,0.008,
2026-08-05T13:38:11.512,472.75,waiting_for_landing,,,,,FALSE,,,35.923076,139.9102107,,,34.43,1009.695391,43.59570313,145.0625,25.5625,65.625,2.88,-6.95,-2.75,-46.4375,-43,102.75,255,,,,,0.008,
2026-08-05T13:38:12.013,473.25,waiting_for_landing,,,,,FALSE,,,35.923076,139.9102107,,,34.44,1009.70332,43.61914063,173.6875,12.4375,104.375,0.67,-10.73,-1,-118.5625,111.5625,-18.5,255,,,,,0.008,
2026-08-05T13:38:12.513,473.751,waiting_for_landing,,,,,FALSE,,,35.923076,139.9102107,,,34.19,1009.311328,43.63085938,209.875,24.1875,111.1875,3.2,-8.52,-0.91,-7.1875,-59.25,25.5625,255,,,,,0.008,
2026-08-05T13:38:13.013,474.251,waiting_for_landing,,,,,FALSE,,,35.923076,139.9102107,,,34.44,1009.629297,43.66699219,100.375,24.0625,104.5,-0.67,-9.38,-2.42,115.25,-160.4375,-93.3125,255,,,,,0.008,
2026-08-05T13:38:13.514,474.751,waiting_for_landing,,,,,FALSE,,,35.923076,139.9102107,,,34.44,1009.648672,43.72363281,58.125,29.375,100.375,6,-9.47,-2.8,-10.0625,-37.0625,-78.75,255,,,,,0.008,
2026-08-05T13:38:14.014,475.252,waiting_for_landing,,,,,FALSE,,,35.923076,139.9102107,,,34.45,1009.637266,43.79394531,98.6875,49.6875,110.9375,6.97,-6.78,-6.71,-61.3125,85.5625,46.25,255,,,,,0.008,
2026-08-05T13:38:14.515,475.752,waiting_for_landing,,,,,FALSE,,,35.923076,139.9102107,,,34.44,1009.601953,43.73632813,150.25,48.625,39.5625,3.29,-3.97,4.21,65.5625,170.9375,-46.125,255,,,,,0.008,
2026-08-05T13:38:15.015,476.253,waiting_for_landing,,,,,FALSE,,,35.923076,139.9102107,,,34.44,1009.648672,43.81640625,179.75,25.375,58.9375,4.04,-8.63,8.25,-10.1875,-52.1875,59.5,255,,,,,0.008,
2026-08-05T13:38:15.516,476.753,waiting_for_landing,,,,,FALSE,,,35.923076,139.9102107,,,34.44,1009.656602,43.87597656,154.4375,46.4375,55.75,6.35,-4.28,1.28,-8.8125,-81,11.875,255,,,,,0.007,
2026-08-05T13:38:16.016,477.254,waiting_for_landing,,,,,FALSE,,,35.923076,139.9102107,,,34.44,1009.593984,43.88671875,148.1875,39.625,58.5625,6.1,-7.37,3.67,40.8125,77.875,-35.625,255,,,,,0.007,
2026-08-05T13:38:16.516,477.754,waiting_for_landing,,,,,FALSE,,,35.923076,139.9102107,,,34.44,1009.683945,43.84082031,145.6875,41.125,26.375,5.11,-1.29,6.41,25.625,-69.875,-78.3125,255,,,,,0.008,
2026-08-05T13:38:17.017,478.254,waiting_for_landing,,,,,FALSE,,,35.923076,139.9102107,,,34.45,1009.582578,43.87597656,144.25,59.125,21.6875,7.89,-1.15,3.94,-4.5,-21.8125,-8.3125,255,,,,,0.007,
2026-08-05T13:38:17.517,478.755,waiting_for_landing,,,,,FALSE,,,35.923076,139.9102107,,,34.45,1009.609922,43.88769531,140.5,40.625,34.0625,5.36,-2.84,6.58,-43.6875,43.375,67.4375,255,,,,,0.007,
2026-08-05T13:38:18.018,479.255,waiting_for_landing,,,,,FALSE,,,35.923076,139.9102107,,,34.46,1009.598789,43.92285156,129.25,22.625,51.75,2.46,-6.66,5.3,-27.3125,24,-29.25,255,,,,,0.008,
2026-08-05T13:38:18.518,479.756,waiting_for_landing,,,,,FALSE,,,35.923076,139.9102107,,,34.46,1009.571484,43.95800781,140.6875,28.5,58,4.91,-6.39,5.33,0.8125,21.5,38.8125,255,,,,,0.008,
2026-08-05T13:38:19.018,480.256,waiting_for_landing,,,,,FALSE,,,35.923076,139.9102107,,,34.45,1009.582578,43.9921875,127.3125,-3.875,56.375,-0.44,-8.69,6.28,3,51.6875,93.625,255,,,,,0.008,
2026-08-05T13:38:19.519,480.756,waiting_for_landing,,,,,FALSE,,,35.923076,139.9102107,,,34.45,1009.609922,43.89941406,100.75,-48.875,62.375,-7.14,-4.51,2.84,-6.125,64.1875,97.9375,255,,,,,0.008,
2026-08-05T13:38:20.019,481.257,waiting_for_landing,,,,,FALSE,,,35.923076,139.9102107,,,34.42,1009.679453,43.62890625,72.5625,-87.1875,-1.125,-0.18,-0.27,0.04,1.5625,15.9375,114.625,255,,,,,0.004,
2026-08-05T13:38:20.520,481.757,waiting_for_landing,,,,,FALSE,,,35.923076,139.9102107,,,34.39,1009.768086,43.39453125,267.125,46.5625,-100.8125,-1.3,1.69,-0.55,-11.75,225.4375,537,63,,,,,0,
2026-08-05T13:38:21.020,482.258,waiting_for_landing,,,,,FALSE,,,35.923076,139.9102107,,,34.4,1009.803359,43.26757813,160.25,1.875,-114.1875,0.33,-0.57,-1.83,-521.3125,-26.6875,-26.5625,63,,,,,0.017,
2026-08-05T13:38:21.521,482.758,waiting_for_landing,,,,,FALSE,,,35.923076,139.9102107,,,34.42,1009.889883,43.19921875,169.1875,5.0625,68.625,0.71,-7.49,3.88,-302.6875,11.75,10.9375,63,,,,,0.02,
2026-08-05T13:38:22.021,483.259,waiting_for_landing,,,,,FALSE,,,35.923076,139.9102107,,,34.43,1009.851406,43.23535156,341.3125,4.6875,156.75,0.54,-4.34,-8.71,-42.75,-1.75,2.3125,63,,,,,0.012,
2026-08-05T13:38:22.522,483.759,waiting_for_landing,,,,,FALSE,,,35.923076,139.9102107,,,34.43,1009.796758,43.23535156,342.875,4.1875,-172.6875,0.39,1.27,-9.56,-60,-4,3.375,63,,,,,0.011,
2026-08-05T13:38:23.022,484.26,waiting_for_landing,,,,,FALSE,,,35.923076,139.9102107,,,33.31,1008.106484,43.52441406,343.125,3.8125,-175.75,0.46,0.46,-9.62,2.125,0.3125,0.125,63,,,,,0.011,
2026-08-05T13:38:23.522,484.76,waiting_for_landing,,,,,FALSE,,,35.923076,139.9102107,,,34.45,1009.855938,43.33007813,343.125,3.5,-176.8125,0.49,0.35,-9.61,-0.375,0,0.125,63,,,,,0.009,
2026-08-05T13:38:24.023,485.26,waiting_for_landing,,,,,FALSE,,,35.923076,139.9102107,,,34.44,1009.84,43.31738281,343.125,3.3125,-177.125,0.47,0.33,-9.68,-0.1875,-0.1875,-0.0625,63,,,,,0.009,
2026-08-05T13:38:24.523,485.761,waiting_for_landing,,,,,FALSE,,,35.923076,139.9102107,,,34.44,1009.867344,43.35253906,343.125,3.25,-177.3125,0.48,0.3,-9.7,-0.25,-0.0625,0.0625,63,,,,,0.01,
2026-08-05T13:38:25.024,486.261,waiting_for_landing,,,,,FALSE,,,35.923076,139.9102107,,,34.44,1009.820664,43.41113281,343.125,3.25,-177.3125,0.49,0.29,-9.7,-0.4375,0.125,0,63,,,,,0.009,
2026-08-05T13:38:25.524,486.762,waiting_for_landing,,,,,FALSE,,,35.923076,139.9102107,,,34.44,1009.867344,43.38671875,343.125,3.25,-177.25,0.49,0.31,-9.7,0.1875,0.125,0,63,,,,,0.01,
2026-08-05T13:38:26.025,487.262,waiting_for_landing,,,,,FALSE,,,35.923076,139.9102107,,,34.44,1009.875313,43.37597656,343.125,11.25,-177.25,0.49,0.31,-9.68,-0.3125,-0.125,-0.0625,63,,,,,0.009,
2026-08-05T13:38:26.528,487.765,waiting_for_landing,,,,,FALSE,,,35.923076,139.9102107,,,34.44,1009.84,43.38671875,343.125,3.25,-177.3125,0.48,0.29,-9.68,-0.0625,0,-0.125,63,,,,,0.01,
2026-08-05T13:38:27.028,488.266,waiting_for_landing,,,,,FALSE,,,35.923076,139.9102107,,,34.44,1009.812656,43.35253906,343.125,3.25,-177.3125,0.49,0.34,-9.71,-0.0625,-0.0625,-0.0625,63,,,,,0.01,
2026-08-05T13:38:27.528,488.766,waiting_for_landing,,,,,FALSE,,,35.923076,139.9102107,,,34.44,1009.921992,43.37597656,343.125,3.25,-177.3125,0.48,0.29,-9.7,0.1875,0.0625,0,63,,,,,0.01,
2026-08-05T13:38:28.029,489.266,waiting_for_landing,,,,,FALSE,,,35.923076,139.9102107,,,34.44,1009.867344,43.32910156,343.125,3.25,-177.3125,0.48,0.32,-9.72,-0.1875,0,0.125,63,,,,,0.01,
2026-08-05T13:38:28.529,489.767,waiting_for_landing,,,,,FALSE,,,35.923076,139.9102107,,,34.43,1009.796758,43.29296875,343.125,11.25,-177.3125,0.49,0.32,-9.68,-0.125,-0.125,-0.0625,63,,,,,0.01,
2026-08-05T13:38:29.030,490.267,waiting_for_landing,,,,,FALSE,,,35.923076,139.9102107,,,34.44,1009.812656,43.30566406,343.125,3.25,-177.3125,0.47,0.32,-9.7,0,-0.125,0.0625,63,,,,,0.01,
2026-08-05T13:38:29.530,490.768,waiting_for_landing,,,,,FALSE,,,35.923076,139.9102107,,,34.45,1009.883281,43.35351563,343.125,3.25,-177.3125,0.48,0.32,-9.68,0.0625,0,0,63,,,,,0.011,
2026-08-05T13:38:30.030,491.268,waiting_for_landing,,,,,FALSE,,,35.923076,139.9102107,,,34.44,1009.875313,43.20214844,343.125,3.25,-177.3125,0.48,0.32,-9.7,-0.4375,0.125,-0.125,63,,,,,0.01,
2026-08-05T13:38:30.531,491.768,waiting_for_landing,,,,,FALSE,,,35.923076,139.9102107,,,34.44,1009.758008,43.23632813,343.125,3.25,-177.3125,0.48,0.32,-8.42,0,0,0.0625,63,,,,,0.01,
2026-08-05T13:38:31.031,492.269,waiting_for_landing,,,,,FALSE,,,35.923076,139.9102107,,,34.44,1009.820664,43.21386719,343.125,3.25,-177.3125,0.5,0.33,-9.71,-0.125,0,0,63,,,,,0.009,
2026-08-05T13:38:31.532,492.769,waiting_for_landing,,,,,FALSE,,,35.923076,139.9102107,,,34.44,1009.820664,43.22558594,343.125,3.25,-177.3125,0.49,0.33,-9.64,-0.125,0,-0.0625,63,,,,,0.01,
2026-08-05T13:38:32.032,493.27,waiting_for_landing,,,,,FALSE,,,35.923076,139.9102107,,,34.45,1009.80125,43.22558594,343.125,3.25,-177.3125,0.5,0.3,-9.7,0.1875,0,0,63,,,,,0.012,
2026-08-05T13:38:32.534,493.772,landed,,,,,FALSE,,,35.923076,139.9102107,,,34.45,1009.828594,43.19042969,177.0625,3.9375,91.5625,-0.01,-6.78,-0.21,569.5,57.875,39.625,63,,,,,0.014,
2026-08-05T13:38:33.035,494.272,landed,,,,,FALSE,,,35.923076,139.9102107,,,34.44,1009.812656,43.21289063,352.5,0.9375,-145.1875,-2.54,3.15,-3.77,464.25,27.8125,-6.5625,63,,,,,0.01,
2026-08-05T13:38:33.537,494.775,landed,,,,,FALSE,,,35.923076,139.9102107,,,34.44,1009.79332,43.20214844,175.75,4.1875,52.5,1.74,-7.24,6.58,191.8125,22.75,17.875,63,,,,,0.021,
2026-08-05T13:38:34.038,495.275,landed,,,,,FALSE,,,35.923076,139.9102107,,,34.43,1009.859414,43.20117188,175.875,3.1875,43.3125,0.01,-6.96,7.25,-71.4375,-3.8125,-5.5625,63,,,,,0.016,
2026-08-05T13:38:34.542,495.78,landed,,,,,FALSE,,,35.923076,139.9102107,,,34.44,1009.730664,43.17773438,176.875,4,85.1875,0.78,-8.54,0.48,-187.5,-11,-5.375,63,,,,,0.01,
2026-08-05T13:38:35.049,496.287,landed,,,,,FALSE,,,35.923076,139.9102107,,,34.44,1009.812656,43.15429688,176.5625,4.125,96.5625,1.05,-9.73,-0.01,66.375,2.25,1.5,63,,,,,0.007,
2026-08-05T13:38:35.572,496.81,landed,,,,,FALSE,,,35.923076,139.9102107,,,34.44,1009.875313,43.17871094,170.9375,4,97.8125,0.4,-8.96,-0.59,-2.125,-0.6875,0.25,63,,,,,0.007,
2026-08-05T13:38:36.086,497.323,landed,,,,,FALSE,,,35.923076,139.9102107,,,34.45,1009.828594,43.0859375,161.125,3.8125,99.75,0.47,-9.23,-1.67,-6.1875,-0.375,-0.5,127,,,,,0.006,
2026-08-05T13:38:36.589,497.826,landed,,,,,FALSE,,,35.923076,139.9102107,,,34.45,1009.883281,43.15527344,159.125,3.6875,100,0.52,-9.21,-1.79,0.75,0,0.0625,255,,,,,0.007,
2026-08-05T13:38:37.090,498.327,landed,,,,,FALSE,,,35.923076,139.9102107,,,34.45,1009.86418,43.1328125,157.6875,3.5625,100.125,0.53,-9.42,-1.79,0,-0.0625,-0.0625,255,,,,,0.007,
2026-08-05T13:38:37.600,498.838,landed,,,,,FALSE,,,35.923076,139.9102107,,,34.45,1009.855938,43.109375,157.6875,3.5,100.1875,0.5,-9.41,-1.79,0.125,-0.0625,0.0625,255,,,,,0.008,
2026-08-05T13:38:38.106,499.343,landed,,,,,FALSE,,,35.923076,139.9102107,,,34.45,1009.828594,43.07421875,157.6875,3.5,100.1875,0.53,-9.43,-1.78,0,8.0625,-0.0625,255,,,,,0.008,
2026-08-05T13:38:38.623,499.86,landed,,,,,FALSE,,,35.923076,139.9102107,,,34.45,1009.773945,43.0859375,157.6875,3.5,100.1875,0.51,-9.42,-1.78,0.0625,-0.125,0.125,255,,,,,0.007,
2026-08-05T13:38:39.142,500.38,landed,,,,,FALSE,,,35.923076,139.9102107,,,34.45,1009.754844,43.04003906,157.6875,3.5,100.1875,0.53,-9.43,-1.77,0.125,-0.125,0,255,,,,,0.006,
2026-08-05T13:38:39.663,500.9,landed,,,,,FALSE,,,35.923076,139.9102107,,,34.46,1009.872148,43.07519531,157.6875,3.5,100.1875,0.51,-9.41,-1.78,0,0,0,255,,,,,0.007,
2026-08-05T13:38:40.163,501.401,landed,,,,,FALSE,,,35.923076,139.9102107,,,29.94,1002.712969,43.06542969,157.6875,3.5,100.1875,0.51,-9.41,-1.78,-0.125,-0.0625,0,255,,,,,0.007,
2026-08-05T13:38:40.664,501.901,landed,,,,,FALSE,,,35.923076,139.9102107,,,34.47,1009.78668,42.984375,157.6875,3.5,100.1875,0.5,-9.44,-1.78,0.0625,-0.0625,0.0625,255,,,,,0.008,
2026-08-05T13:38:41.164,502.402,landed,,,,,FALSE,,,35.923076,139.9102107,,,34.47,1009.806055,43.08789063,157.6875,3.5,100.1875,0.51,-9.43,-1.81,-0.0625,-0.0625,0,255,,,,,0.007,
2026-08-05T13:38:41.672,502.91,landed,,,,,FALSE,,,35.923076,139.9102107,,,34.46,1009.798125,43.05273438,157.6875,3.5,100.1875,0.51,-8.12,-1.76,-0.1875,-0.125,0,255,,,,,0.008,
2026-08-05T13:38:42.172,503.41,landed,,,,,FALSE,,,35.923076,139.9102107,,,34.46,1009.790117,43.01757813,157.6875,3.5,100.1875,0.51,-9.44,-1.76,-0.1875,0.125,0.0625,255,,,,,0.007,
2026-08-05T13:38:42.673,503.91,landed,,,,,FALSE,,,35.923076,139.9102107,,,34.46,1009.790117,42.98242188,157.6875,3.5,100.1875,0.54,-9.42,-1.75,0,0,0.0625,255,,,,,0.007,
2026-08-05T13:38:43.173,504.411,landed,,,,,FALSE,,,35.923076,139.9102107,,,34.46,1009.798125,42.92480469,157.6875,3.5,100.1875,0.48,-9.42,-1.74,-0.25,-0.0625,0.0625,255,,,,,0.008,
2026-08-05T13:38:43.674,504.911,landed,,,,,FALSE,,,35.923076,139.9102107,,,34.3,1010.135195,42.89746094,157.6875,3.5,100.1875,0.52,-9.43,-1.8,0.125,0,0.0625,255,,,,,0.008,
2026-08-05T13:38:44.174,505.412,landed,,,,,FALSE,,,35.923076,139.9102107,,,34.46,1009.798125,42.85546875,157.6875,3.5,100.1875,0.51,-9.41,-1.78,-0.125,0,0.0625,255,,,,,0.008,
2026-08-05T13:38:44.677,505.915,landed,,,,,FALSE,,,35.923076,139.9102107,,,34.46,1009.817461,42.88964844,157.6875,3.5,100.1875,1.8,-9.43,-1.78,-0.3125,-0.0625,0,255,,,,,0.007,
2026-08-05T13:38:45.177,506.415,landed,,,,,FALSE,,,35.923076,139.9102107,,,34.46,1010.692227,43.09863281,157.6875,3.5,100.1875,0.54,-9.43,-1.74,-0.0625,0.1875,0,255,,,,,0.007,
2026-08-05T13:38:45.678,506.915,landed,,,,,FALSE,,,35.923076,139.9102107,,,34.46,1009.852773,42.99511719,157.6875,3.5,100.1875,0.52,-9.42,-1.78,0.125,0.125,0,255,,,,,0.008,
2026-08-05T13:38:46.178,507.416,landed,,,,,FALSE,,,35.923076,139.9102107,,,34.47,1009.806055,43.01757813,157.6875,3.5,100.1875,0.52,-9.44,-1.75,0,0.1875,-0.0625,255,,,,,0.008,
2026-08-05T13:38:46.679,507.916,landed,,,,,FALSE,,,35.923076,139.9102107,,,34.45,1009.773945,43.0390625,157.6875,3.5,100.1875,0.52,-9.42,-1.79,0.0625,-0.0625,0,255,,,,,0.008,
2026-08-05T13:38:47.179,508.417,landed,,,,,FALSE,,,35.923076,139.9102107,,,34.46,1009.790117,43.06347656,157.6875,3.5,100.1875,0.55,-9.42,-1.77,0,0.0625,-0.0625,255,,,,,0.008,
2026-08-05T13:38:47.679,508.917,landed,,,,,FALSE,,,35.923076,139.9102107,,,34.47,1009.833398,43.08789063,157.6875,3.5,100.1875,0.53,-9.43,-1.74,0.125,0,-0.125,255,,,,,0.007,
2026-08-05T13:38:48.180,509.417,landed,,,,,FALSE,,,35.923076,139.9102107,,,34.46,1009.844805,43.09863281,157.6875,3.5,100.1875,0.53,-9.43,-1.72,-0.0625,0,0,255,,,,,0.008,
2026-08-05T13:38:48.682,509.92,deploying,,,,,FALSE,,,35.923076,139.9102107,,,34.47,1009.860742,43.20410156,157.6875,3.5,100.1875,0.49,-9.43,-1.73,0.125,0.0625,-0.125,255,,stopped,0,0,0.008,
2026-08-05T13:38:49.183,510.42,deploying,,,,,FALSE,,,35.923076,139.9102107,,,34.47,1009.841367,43.21582031,157.5625,3.4375,100.0625,1.77,-9.63,-1.6,3.875,-3,-1.0625,255,,stopped,0,0,0.008,
2026-08-05T13:38:49.684,510.921,deploying,,,,,FALSE,,,35.923076,139.9102107,,,34.46,1009.798125,43.26171875,157.375,3,103.5,0.43,-9.39,-2.25,-9.75,0.5,0.3125,127,,stopped,0,0,0.01,
2026-08-05T13:38:50.184,511.422,deploying,,,,,FALSE,,,35.923076,139.9102107,,,34.45,1009.836875,43.35351563,164.5625,2.9375,104.875,0.43,-9.34,-2.61,-2.5625,-0.0625,0.1875,127,,stopped,0,0,0.013,
2026-08-05T13:38:50.684,511.922,deploying,,,,,FALSE,,,35.923076,139.9102107,,,34.46,1009.852773,43.30859375,169.875,2.875,105,0.86,-9.16,-2.53,2.1875,5.875,2.5625,127,,stopped,0,0,0.012,
2026-08-05T13:38:51.185,512.422,deploying,,,,,FALSE,,,35.923076,139.9102107,,,34.46,1009.872148,43.35351563,173.1875,2.5,105.25,0.28,-9.31,-2.59,0.3125,0.6875,0.5,191,,stopped,0,0,0.014,
2026-08-05T13:38:51.685,512.923,deploying,,,,,FALSE,,,35.923076,139.9102107,,,34.45,1009.828594,43.39941406,175.6875,2.4375,105.75,0.17,-9.4,-2.79,-3.4375,0.125,-0.0625,191,,stopped,0,0,0.011,
2026-08-05T13:38:52.186,513.423,deploying,,,,,FALSE,,,35.923076,139.9102107,,,34.45,1009.836875,43.41210938,177,1.875,58.625,0.66,-8.18,4.82,275.875,-0.375,6.875,191,,forward,50,50,0.027,
2026-08-05T13:38:52.686,513.924,deploying,,,,,FALSE,,,35.923076,139.9102107,,,33.52,1008.434766,43.38183594,177.9375,1.375,0.625,0.2,-0.39,9.54,7.125,0.3125,0.1875,63,,stopped,0,0,0.035,
2026-08-05T13:38:53.186,514.424,deploying,,,,,FALSE,,,35.923076,139.9102107,,,34.45,1009.828594,43.38769531,178,1.375,4.6875,0.25,-0.88,9.64,4.75,-0.25,-0.4375,63,,stopped,0,0,0.035,
2026-08-05T13:38:53.687,514.924,deploying,,,,,FALSE,,,35.923076,139.9102107,,,34.44,1009.812656,43.36425781,177.9375,1.375,6.5625,0.27,-1.57,9.55,-10.3125,0.0625,0.5625,63,,stopped,0,0,0.035,
2026-08-05T13:38:54.187,515.425,deploying,,,,,FALSE,,,35.923076,139.9102107,,,34.44,1009.867344,43.37597656,177.9375,1.375,8,0.25,-1.52,9.52,4.375,-0.0625,-0.125,63,,stopped,0,0,0.036,
2026-08-05T13:38:54.688,515.925,deploying,,,,,FALSE,,,35.923076,139.9102107,,,34.45,1009.828594,43.36425781,177.9375,1.4375,8.3125,0.26,-1.56,9.57,-2,0.125,0.25,63,,stopped,0,0,0.036,
2026-08-05T13:38:55.188,516.426,deploying,,,,,FALSE,,,35.923076,139.9102107,,,34.44,1009.847969,43.36425781,177.9375,1.4375,8.625,0.26,-1.58,9.56,2.1875,0,-0.0625,63,,stopped,0,0,0.039,
2026-08-05T13:38:55.689,516.926,deploying,,,,,FALSE,,,35.923076,139.9102107,,,34.44,1009.820664,43.39941406,177.9375,1.4375,8.625,0.28,-1.56,9.58,-0.5625,0.1875,0.125,63,,stopped,0,0,0.04,
2026-08-05T13:38:56.189,517.426,deploying,,,,,FALSE,,,35.923076,139.9102107,,,34.44,1009.812656,43.36425781,177.9375,1.4375,8.8125,0.24,-1.61,9.59,0,0.0625,0,63,,stopped,0,0,0.044,
2026-08-05T13:38:56.689,517.927,deploying,,,,,FALSE,,,35.923076,139.9102107,,,34.44,1009.820664,43.4921875,177.9375,1.4375,8.6875,0.26,-1.55,9.55,0.375,0.0625,0.0625,63,,stopped,0,0,0.044,
2026-08-05T13:38:57.190,518.427,deploying,,,,,FALSE,,,35.923076,139.9102107,,,34.45,1009.828594,43.58496094,177.9375,1.4375,8.6875,0.27,-1.58,9.56,-0.375,-0.0625,0.0625,63,,stopped,0,0,0.044,
2026-08-05T13:38:57.690,518.928,deploying,,,,,FALSE,,,35.923076,139.9102107,,,34.45,1009.828594,43.60839844,177.9375,1.4375,8.6875,0.26,-1.58,9.57,0.4375,-0.0625,-0.0625,63,,stopped,0,0,0.044,
2026-08-05T13:38:58.191,519.428,deploying,,,,,FALSE,,,35.923076,139.9102107,,,34.45,1009.855938,43.63183594,177.9375,1.4375,8.625,0.23,-1.58,9.59,0.5625,-0.125,-0.125,63,,stopped,0,0,0.044,
2026-08-05T13:38:58.691,519.929,deploying,,,,,FALSE,,,35.923076,139.9102107,,,34.44,1009.867344,43.65429688,177.9375,1.4375,8.5625,0.26,-1.59,9.57,0.875,-0.1875,0.0625,63,,stopped,0,0,0.046,
2026-08-05T13:38:59.191,520.439,deploying,,,,,FALSE,,,35.923076,139.9102107,,,34.46,1009.844805,43.72558594,177.9375,1.4375,8.5625,0.27,-1.6,9.58,-1.125,0.0625,0,63,,stopped,0,0,0.046,
2026-08-05T13:38:59.692,520.93,deploying,,,,,FALSE,,,35.923076,139.9102107,,,34.46,1009.817461,43.72558594,177.9375,1.4375,8.75,0.23,-1.59,9.59,0.1875,-0.0625,-0.0625,63,,stopped,0,0,0.044,
2026-08-05T13:39:00.192,521.43,deploying,,,,,FALSE,,,35.923076,139.9102107,,,34.45,1009.773945,43.72460938,177.9375,1.4375,8.75,0.26,-1.62,9.58,0.25,-0.0625,0,63,,stopped,0,0,0.045,
2026-08-05T13:39:00.693,521.93,deploying,,,,,FALSE,,,35.923076,139.9102107,,,34.45,1009.809531,43.71386719,177.9375,1.4375,8.625,0.25,-1.55,9.57,-0.1875,0.1875,0,63,,stopped,0,0,0.046,
2026-08-05T13:39:01.193,522.431,deploying,,,,,FALSE,,,35.923076,139.9102107,,,34.45,1009.86418,43.70214844,177.9375,1.4375,8.5,0.28,-1.58,9.56,-0.125,0.125,0.0625,63,,stopped,0,0,0.045,
2026-08-05T13:39:01.694,522.931,deploying,,,,,FALSE,,,35.923076,139.9102107,,,33.56,1009.145898,43.68652344,177.9375,1.4375,8.4375,0.26,-1.61,9.57,-0.3125,-0.0625,0.0625,63,,stopped,0,0,0.045,
2026-08-05T13:39:02.194,523.432,deploying,,,,,FALSE,,,35.923076,139.9102107,,,34.46,1009.817461,43.67871094,177.9375,1.4375,8.5,0.22,-1.6,9.54,0.6875,0.0625,0,63,,stopped,0,0,0.046,
2026-08-05T13:39:02.694,523.932,deploying,,,,,FALSE,,,35.923076,139.9102107,,,34.46,1009.844805,43.69042969,177.9375,1.4375,8.5,0.25,-1.58,9.59,-0.1875,0,-0.0625,63,,stopped,0,0,0.048,
2026-08-05T13:39:03.195,524.432,deploying,,,,,FALSE,,,35.923076,139.9102107,,,34.47,1010.68082,43.56347656,177.9375,1.4375,8.5625,0.26,-1.58,9.61,0.9375,-0.0625,0,63,,stopped,0,0,0.045,
2026-08-05T13:39:03.695,524.933,deploying,,,,,FALSE,,,35.923076,139.9102107,,,34.47,1009.868711,43.62304688,177.9375,1.4375,8.5,0.24,-1.61,9.56,-0.0625,0.0625,-0.1875,63,,stopped,0,0,0.047,
2026-08-05T13:39:04.196,525.433,deploying,,,,,FALSE,,,35.923076,139.9102107,,,34.47,1009.759336,43.63476563,177.875,1.4375,8.5625,0.24,-1.57,9.61,0.25,0.0625,0.125,63,,stopped,0,0,0.047,
2026-08-05T13:39:04.696,525.933,deploying,,,,,FALSE,,,35.923076,139.9102107,,,34.49,1009.865508,43.63671875,177.875,1.4375,8.6875,0.26,-1.59,9.59,-0.0625,0.125,0,63,,stopped,0,0,0.044,
2026-08-05T13:39:05.196,526.434,deploying,,,,,FALSE,,,35.923076,139.9102107,,,34.48,1009.802578,43.60058594,177.875,1.4375,8.5625,0.23,-1.58,9.55,0,-0.0625,0.0625,63,,stopped,0,0,0.046,
2026-08-05T13:39:05.700,526.937,deploying,,,,,FALSE,,,35.923076,139.9102107,,,34.48,1009.857266,43.69335938,177.875,1.4375,8.5625,0.26,-1.58,9.59,0.4375,0,0.125,63,,stopped,0,0,0.046,
2026-08-05T13:39:06.200,527.438,deploying,,,,,FALSE,,,35.923076,139.9102107,,,34.48,1009.857266,43.70507813,177.875,1.4375,8.5625,0.24,-1.64,9.58,-0.25,0,0,63,,stopped,0,0,0.046,
2026-08-05T13:39:06.700,527.938,deploying,,,,,FALSE,,,35.923076,139.9102107,,,34.49,1009.865508,43.63671875,177.875,1.4375,8.5625,0.25,-1.58,9.59,0.75,0.125,-0.125,63,,stopped,0,0,0.049,
2026-08-05T13:39:07.201,528.438,deploying,,,,,FALSE,,,35.923076,139.9102107,,,34.5,1009.881445,43.58984375,177.875,1.4375,8.75,0.27,-1.65,9.55,0.5,0.1875,0,63,,stopped,0,0,0.044,
2026-08-05T13:39:07.701,528.939,deploying,,,,,FALSE,,,35.923076,139.9102107,,,34.51,1009.870313,43.59179688,177.875,1.4375,8.75,0.26,-1.59,9.6,-0.4375,-0.1875,0.0625,63,,stopped,0,0,0.046,
2026-08-05T13:39:08.202,529.439,deploying,,,,,FALSE,,,35.923076,139.9102107,,,34.51,1009.815664,43.55664063,177.875,1.4375,8.8125,0.24,-1.6,9.57,-0.0625,0,0,63,,stopped,0,0,0.046,
2026-08-05T13:39:08.702,529.94,deploying,,,,,FALSE,,,35.923076,139.9102107,,,34.51,1009.843008,43.53320313,177.875,1.4375,8.875,0.26,-1.6,9.59,-0.75,0.125,-0.0625,63,,stopped,0,0,0.046,
2026-08-05T13:39:09.203,530.44,deploying,,,,,FALSE,,,35.923076,139.9102107,,,34.53,1009.929844,43.37304688,177.875,1.4375,8.875,0.25,-1.61,9.59,-0.4375,-0.125,0.0625,63,,stopped,0,0,0.047,
2026-08-05T13:39:09.703,530.941,deploying,,,,,FALSE,,,35.923076,139.9102107,,,34.53,1009.839844,43.44140625,177.875,1.4375,8.875,0.22,-1.61,9.58,-0.5,0.0625,0.0625,63,,stopped,0,0,0.049,
2026-08-05T13:39:10.204,531.441,deploying,,,,,FALSE,,,35.923076,139.9102107,,,34.54,1009.828438,43.40820313,177.875,9.4375,8.875,0.25,-1.58,9.58,-0.0625,0.0625,-0.0625,63,,stopped,0,0,0.047,
2026-08-05T13:39:10.704,531.942,deploying,,,,,FALSE,,,35.923076,139.9102107,,,32.83,1007.109141,43.42089844,177.875,1.4375,8.875,0.21,-1.6,9.57,0.4375,-0.1875,0,63,,stopped,0,0,0.045,
2026-08-05T13:39:11.204,532.442,deploying,,,,,FALSE,,,35.923076,139.9102107,,,34.55,1009.762305,43.43164063,177.875,1.4375,8.9375,0.24,-1.62,9.57,-0.3125,-0.0625,-0.0625,63,,stopped,0,0,0.047,
2026-08-05T13:39:11.705,532.942,deploying,,,,,FALSE,,,35.923076,139.9102107,,,34.54,1009.863711,43.46679688,177.875,1.4375,8.9375,0.24,-1.58,9.6,-0.25,-0.125,0.0625,63,,stopped,0,0,0.047,
2026-08-05T13:39:12.205,533.443,deploying,,,,,FALSE,,,35.923076,139.9102107,,,34.56,1009.841172,43.48046875,177.875,1.4375,8.9375,0.24,-1.6,9.55,-0.1875,0.125,0.0625,63,,stopped,0,0,0.05,
2026-08-05T13:39:12.706,533.943,deploying,,,,,FALSE,,,35.923076,139.9102107,,,34.56,1009.83293,43.56054688,177.875,1.4375,8.875,0.26,-1.58,9.58,-0.5,0.0625,0,63,,stopped,0,0,0.048,
2026-08-05T13:39:13.206,534.444,deploying,,,,,FALSE,,,35.923076,139.9102107,,,34.57,1009.876445,43.57324219,177.875,1.4375,9,0.28,-1.61,9.59,0.0625,-0.0625,-0.0625,63,,stopped,0,0,0.047,
2026-08-05T13:39:13.706,534.944,deploying,,,,,FALSE,,,35.923076,139.9102107,,,33.93,1008.848477,43.52441406,177.875,1.4375,9,0.23,-0.33,9.56,0.0625,0,0,63,,stopped,0,0,0.048,
2026-08-05T13:39:14.207,535.444,deploying,,,,,FALSE,,,35.923076,139.9102107,,,34.58,1009.845664,43.49414063,177.875,1.4375,9,0.25,-1.62,9.57,0,-0.0625,0,63,,stopped,0,0,0.049,
2026-08-05T13:39:14.707,535.945,deploying,,,,,FALSE,,,35.923076,139.9102107,,,34.59,1009.82625,43.45898438,177.875,1.4375,9,1.51,-1.59,9.57,0.25,0,-0.0625,63,,stopped,0,0,0.047,
2026-08-05T13:39:15.207,536.445,deploying,,,,,FALSE,,,35.923076,139.9102107,,,34.58,1009.790977,43.45898438,177.875,1.4375,9,0.22,-1.59,9.56,-0.9375,-0.0625,0.0625,63,,stopped,0,0,0.046,
2026-08-05T13:39:15.708,536.945,deploying,,,,,FALSE,,,35.923076,139.9102107,,,34.59,1009.806914,43.38964844,185.875,1.4375,8.9375,0.21,-1.64,9.55,0.875,-0.0625,-0.0625,63,,stopped,0,0,0.046,
2026-08-05T13:39:16.208,537.446,deploying,,,,,FALSE,,,35.923076,139.9102107,,,29.74,1002.265781,43.44921875,177.875,1.4375,8.75,0.26,-1.58,9.55,-0.875,0.0625,0.0625,63,,stopped,0,0,0.047,
2026-08-05T13:39:16.709,537.946,deploying,,,,,FALSE,,,35.923076,139.9102107,,,34.6,1009.877773,43.39160156,177.875,1.4375,8.6875,0.23,-1.57,9.58,-0.5,0.0625,0.0625,63,,stopped,0,0,0.045,
2026-08-05T13:39:17.209,538.447,deploying,,,,,FALSE,,,35.923076,139.9102107,,,34.59,1009.798906,43.33105469,177.875,1.4375,8.625,0.22,-1.52,9.6,-0.3125,-0.0625,0.0625,63,,stopped,0,0,0.05,
2026-08-05T13:39:17.710,538.947,deploying,,,,,FALSE,,,35.923076,139.9102107,,,34.6,1009.823125,43.27539063,177.875,1.4375,8.875,0.23,-1.64,9.56,1.4375,-0.125,0,63,,stopped,0,0,0.048,
2026-08-05T13:39:18.210,539.448,deploying,,,,,FALSE,,,35.923076,139.9102107,,,34.61,1009.803711,43.21777344,177.875,1.4375,8.8125,0.22,-1.65,9.56,-0.5625,0.1875,0.0625,63,,stopped,0,0,0.044,
2026-08-05T13:39:18.710,539.948,deploying,,,,,FALSE,,,35.923076,139.9102107,,,34.61,1009.81168,43.19433594,177.875,1.4375,8.625,0.26,-1.58,9.57,0.5,-0.0625,0,63,,stopped,0,0,0.047,
2026-08-05T13:39:19.211,540.448,deploying,,,,,FALSE,,,35.923076,139.9102107,,,34.61,1009.839023,43.17089844,177.875,1.4375,8.6875,0.23,-1.61,9.6,-0.125,0.0625,0.0625,63,,stopped,0,0,0.047,
2026-08-05T13:39:19.711,540.949,deploying,,,,,FALSE,,,35.923076,139.9102107,,,34.62,1009.874297,43.26464844,177.875,1.4375,8.625,0.25,-1.54,9.56,1.1875,0.125,-0.0625,63,,stopped,0,0,0.048,
2026-08-05T13:39:20.212,541.449,deploying,,,,,FALSE,,,35.923076,139.9102107,,,32.33,1007.134492,43.28027344,177.875,1.4375,8.625,0.24,-1.65,9.58,0.3125,0,0,63,,stopped,0,0,0.047,
2026-08-05T13:39:20.712,541.95,deploying,,,,,FALSE,,,35.923076,139.9102107,,,34.63,1009.843828,43.25390625,177.875,1.4375,8.625,0.25,-1.58,9.56,-0.0625,-0.0625,0.125,63,,stopped,0,0,0.048,
2026-08-05T13:39:21.212,542.45,deploying,,,,,FALSE,,,35.923076,139.9102107,,,34.63,1009.843828,43.265625,177.875,1.4375,8.6875,0.27,-1.58,9.59,0.875,0.0625,-0.125,63,,stopped,0,0,0.046,
2026-08-05T13:39:21.713,542.95,deploying,,,,,FALSE,,,35.923076,139.9102107,,,34.64,1009.914414,43.26660156,177.875,1.4375,8.5625,0.23,-1.55,9.57,0.125,-0.125,0,63,,stopped,0,0,0.047,
2026-08-05T13:39:22.213,543.451,deploying,,,,,FALSE,,,35.923076,139.9102107,,,34.65,1009.875664,43.25585938,177.875,1.4375,8.5625,0.24,-1.58,9.58,1.0625,0.125,0.0625,63,,stopped,0,0,0.046,
2026-08-05T13:39:22.714,543.951,deploying,,,,,FALSE,,,35.923076,139.9102107,,,34.65,1009.820938,43.30273438,177.875,1.4375,8.5,0.23,-1.59,9.57,-0.1875,-0.0625,0.125,63,,stopped,0,0,0.05,
2026-08-05T13:39:23.214,544.452,deploying,,,,,FALSE,,,35.923076,139.9102107,,,34.66,1009.836875,43.31542969,177.875,1.4375,8.4375,0.24,-1.57,9.58,-0.0625,-0.1875,0.0625,63,,stopped,0,0,0.049,
2026-08-05T13:39:23.715,544.952,deploying,,,,,FALSE,,,35.923076,139.9102107,,,34.67,1009.825742,43.31640625,177.875,1.4375,8.5,0.25,-1.59,9.6,8.8125,0.0625,-0.125,63,,stopped,0,0,0.046,
2026-08-05T13:39:24.215,545.452,deploying,,,,,FALSE,,,35.923076,139.9102107,,,33.71,1008.367773,43.28320313,177.875,1.4375,8.625,0.25,-1.59,9.59,-0.4375,0.125,0.0625,63,,stopped,0,0,0.047,
2026-08-05T13:39:24.715,545.953,deploying,,,,,FALSE,,,35.923076,139.9102107,,,34.69,1009.884922,43.42285156,177.875,1.4375,8.75,0.25,-1.62,9.57,-0.5,0,0.125,63,,stopped,0,0,0.046,
2026-08-05T13:39:25.216,546.453,deploying,,,,,FALSE,,,35.923076,139.9102107,,,34.68,1009.896328,43.62011719,177.875,1.4375,8.75,0.24,-1.56,9.57,0.5,0,0.0625,63,,stopped,0,0,0.047,
2026-08-05T13:39:25.716,546.954,recovering_gnss,,,,,FALSE,,,35.923076,139.9102107,,,34.7,1009.901133,43.37792969,177.875,1.4375,8.75,0.23,-1.56,9.6,0.0625,-0.125,-0.125,63,,stopped,0,0,0.047,
2026-08-05T13:39:26.846,548.084,recovering_gnss,,,,,FALSE,,,35.923076,139.9102107,,,34.7,1009.838203,43.23730469,177.875,1.4375,8.75,0.25,-1.57,9.57,-0.375,0.0625,-0.125,63,,stopped,0,0,0.047,
2026-08-05T13:39:27.347,548.584,recovering_gnss,35.92388018,139.9106564,16.779,0,TRUE,23,1,35.923076,139.9102107,98.0137978,,34.72,1009.823555,43.33300781,177.875,1.4375,8.75,0.23,-1.59,9.56,-0.5625,0.0625,0.0625,63,,stopped,0,0,0.048,
2026-08-05T13:39:27.847,549.085,clearing_landing_area,35.92388018,139.9106564,16.779,0,TRUE,23,1,35.923076,139.9102107,98.0137978,204.1705231,34.72,1009.870313,43.33203125,177.875,1.4375,8.75,0.31,-1.53,9.65,-1.6875,0.25,-0.125,63,-26.29552312,turn_right,10,-10,0.047,
2026-08-05T13:39:28.348,549.585,clearing_landing_area,35.92388018,139.9106564,16.779,0,TRUE,23,1,35.923076,139.9102107,98.0137978,204.1705231,34.73,1009.866797,43.39160156,188.3125,0.875,3.9375,-0.03,-0.44,12.44,38.875,13.5,-96.875,63,-15.85802312,turn_right,30,-30,0,
2026-08-05T13:39:28.848,550.086,clearing_landing_area,35.92388018,139.9106564,16.779,0,TRUE,23,1,35.923076,139.9102107,98.0137978,204.1705231,34.73,1009.784766,43.32226563,200.5,1.6875,2.1875,0.63,-1.26,11.11,22.375,15.1875,-134.3125,63,-3.670523122,stopped,0,0,0.479,
2026-08-05T13:39:29.348,550.586,clearing_landing_area,35.92388018,139.9106564,16.779,0,TRUE,20,1,35.923076,139.9102107,98.0137978,204.1705231,34.75,1009.855703,43.45117188,219.3125,2.875,-9.6875,0.4,1.5,9.5,-0.3125,0.1875,0.1875,191,15.14197688,stopped,0,0,20,
2026-08-05T13:39:29.849,551.086,clearing_landing_area,35.92388018,139.9106564,16.779,0,TRUE,20,1,35.923076,139.9102107,98.0137978,204.1705231,34.76,1010.582656,43.41699219,219.3125,2.875,-9.6875,0.36,1.53,9.49,0,0,0,191,15.14197688,stopped,0,0,20,
2026-08-05T13:39:30.349,551.587,clearing_landing_area,35.92388018,139.9106564,16.779,0,TRUE,21,1,35.923076,139.9102107,98.0137978,204.1705231,34.76,1009.78957,43.41699219,219.3125,2.75,-9.625,0.37,1.52,9.52,0.0625,0.125,-0.0625,191,15.14197688,stopped,0,0,20,
2026-08-05T13:39:30.850,552.087,clearing_landing_area,35.92388018,139.9106564,16.779,0,TRUE,21,1,35.923076,139.9102107,98.0137978,204.1705231,34.76,1009.7975,43.44042969,219.3125,2.75,-9.625,0.38,1.53,9.53,0.0625,-0.0625,0.0625,191,15.14197688,stopped,0,0,20,
2026-08-05T13:39:31.361,552.602,clearing_landing_area,35.92388018,139.9106564,16.779,0,TRUE,21,1,35.923076,139.9102107,98.0137978,204.1705231,34.78,1010.067813,43.29101563,219.3125,2.75,-9.625,0.34,1.52,9.48,0.0625,-0.0625,0,191,15.14197688,stopped,0,0,20,
2026-08-05T13:39:31.936,553.174,clearing_landing_area,35.92388018,139.9106564,16.779,0,TRUE,21,1,35.923076,139.9102107,98.0137978,204.1705231,34.76,1009.824883,43.15039063,219.3125,2.75,-9.625,0.36,1.5,9.52,0,0,0,191,15.14197688,stopped,0,0,20,
2026-08-05T13:39:32.437,553.674,clearing_landing_area,35.92388018,139.9106564,16.779,0,TRUE,20,1,35.923076,139.9102107,98.0137978,204.1705231,34.78,1009.821719,43.44238281,219.3125,2.75,-9.625,0.36,1.49,9.51,-0.0625,-0.125,-0.0625,191,15.14197688,stopped,0,0,20,
2026-08-05T13:39:32.938,554.176,clearing_landing_area,35.92388018,139.9106564,16.779,0,TRUE,20,1,35.923076,139.9102107,98.0137978,204.1705231,34.79,1009.864961,43.40820313,219.3125,2.75,-9.625,0.34,1.52,9.52,-0.0625,-0.125,0.125,191,15.14197688,stopped,0,0,20,
2026-08-05T13:39:33.442,554.68,clearing_landing_area,35.92388018,139.9106564,16.779,0,TRUE,19,1,35.923076,139.9102107,98.0137978,204.1705231,34.8,1009.853516,43.26953125,219.3125,2.75,-9.625,1.64,1.53,9.52,-0.0625,0,-0.125,191,15.14197688,stopped,0,0,20,
2026-08-05T13:39:33.944,555.182,clearing_landing_area,35.92388018,139.9106564,16.779,0,TRUE,19,1,35.923076,139.9102107,98.0137978,204.1705231,34.8,1009.880859,43.328125,219.3125,2.75,-9.625,0.36,1.52,9.5,0.0625,0,0.0625,191,15.14197688,stopped,0,0,20,
2026-08-05T13:39:34.446,555.684,clearing_landing_area,35.92388018,139.9106564,16.779,0,TRUE,19,1,35.923076,139.9102107,98.0137978,204.1705231,34.82,1009.858281,43.24804688,219.3125,2.75,-9.625,0.36,1.5,9.52,-0.0625,-0.0625,0.0625,191,15.14197688,stopped,0,0,20,
2026-08-05T13:39:34.947,556.184,clearing_landing_area,35.92388018,139.9106564,16.779,0,TRUE,19,1,35.923076,139.9102107,98.0137978,204.1705231,34.82,1009.830938,43.24804688,219.3125,2.75,-9.625,0.34,1.5,9.49,0,0.125,-0.0625,191,15.14197688,stopped,0,0,20,
2026-08-05T13:39:35.447,556.685,clearing_landing_area,35.92388018,139.9106564,16.779,0,TRUE,20,1,35.923076,139.9102107,98.0137978,204.1705231,34.85,1009.906328,43.18261719,219.3125,2.75,-9.625,0.36,1.49,9.49,0.0625,0,0,191,15.14197688,stopped,0,0,20,
2026-08-05T13:39:35.948,557.186,clearing_landing_area,35.92388018,139.9106564,16.779,0,TRUE,20,1,35.923076,139.9102107,98.0137978,204.1705231,34.84,1009.835391,43.26171875,219.3125,2.75,-9.625,0.36,1.48,9.51,0.0625,0,-0.0625,191,15.14197688,stopped,0,0,20,
2026-08-05T13:39:36.449,557.686,clearing_landing_area,35.92388018,139.9106564,16.779,0,TRUE,18,1,35.923076,139.9102107,98.0137978,204.1705231,34.85,1009.886914,43.19433594,219.3125,2.75,-9.625,0.36,1.5,9.52,0.0625,0.0625,-0.0625,191,15.14197688,stopped,0,0,20,
2026-08-05T13:39:36.949,558.187,clearing_landing_area,35.92388018,139.9106564,16.779,0,TRUE,18,1,35.923076,139.9102107,98.0137978,204.1705231,34.85,1009.851602,43.17089844,219.3125,2.75,-9.625,0.38,1.5,9.51,0.0625,0.125,0,191,15.14197688,stopped,0,0,20,
2026-08-05T13:39:37.449,558.687,clearing_landing_area,35.92388018,139.9106564,16.779,0,TRUE,18,1,35.923076,139.9102107,98.0137978,204.1705231,34.86,1009.812852,43.10058594,209.125,2.3125,-17.8125,1.53,4.63,2.63,-50.625,-2.5,6.8125,63,4.954476878,forward,100,67.4875,20,
2026-08-05T13:39:37.950,559.187,clearing_landing_area,35.92388018,139.9106564,16.779,0,TRUE,18,1,35.923076,139.9102107,98.0137978,204.1705231,34.87,1009.856094,43.09082031,207.6875,1.375,-19.9375,-5.56,2.3,16.78,-44.375,-31.5625,-14.4375,191,3.516976878,forward,100,91.125,20,
2026-08-05T13:39:38.450,559.688,clearing_landing_area,35.92388018,139.9106564,16.779,0,TRUE,21,1,35.923076,139.9102107,98.0137978,204.1705231,34.89,1009.860859,43.04589844,216.9375,1.6875,-10.8125,-0.08,2.15,11.33,4.875,-2.3125,-5.875,63,12.76697688,forward,5,3.97796875,20,
2026-08-05T13:39:38.952,560.19,clearing_landing_area,35.92388018,139.9106564,16.779,0,TRUE,21,1,35.923076,139.9102107,98.0137978,204.1705231,34.89,1009.896172,43.06933594,217.3125,1.8125,-10.9375,0.07,1.79,9.9,-3.875,-4.1875,-10.9375,63,13.14197688,turn_right,15,-15,20,
2026-08-05T13:39:39.453,560.691,clearing_landing_area,35.92388018,139.9106564,16.779,0,TRUE,21,1,35.923076,139.9102107,98.0137978,204.1705231,34.02,1008.536172,42.96484375,210.4375,1.6875,-11.0625,-0.94,2.08,11.13,-23.5625,24,157.6875,127,6.266976878,turn_left,-5,5,20,
2026-08-05T13:39:39.953,561.191,clearing_landing_area,35.92388018,139.9106564,16.779,0,TRUE,21,1,35.923076,139.9102107,98.0137978,204.1705231,34.89,1009.806133,43.05761719,201.5625,2.0625,-10.8125,1.34,1.64,8.36,-14.1875,-2.625,-26.375,127,-2.608023122,turn_left,-20,20,20,
2026-08-05T13:39:40.454,561.691,clearing_landing_area,35.92388018,139.9106564,16.779,0,TRUE,22,1,35.923076,139.9102107,98.0137978,204.1705231,34.92,1009.85418,43.10644531,197.25,1.5625,-12,0.21,1.95,9.46,0.0625,0.25,0.0625,191,-6.920523122,stopped,0,0,20,
2026-08-05T13:39:40.954,562.192,clearing_landing_area,35.92388018,139.9106564,16.779,0,TRUE,22,1,35.923076,139.9102107,98.0137978,204.1705231,34.92,1009.85418,43.07226563,197.25,1.5625,-12,0.2,1.94,9.45,0,8,0,191,-6.920523122,stopped,0,0,20,
2026-08-05T13:39:41.455,562.692,clearing_landing_area,35.92388018,139.9106564,16.779,0,TRUE,21,1,35.923076,139.9102107,98.0137978,204.1705231,34.95,1009.902227,42.96972656,197.25,1.5625,-12,0.22,1.95,9.44,0.0625,0,-0.0625,191,-6.920523122,stopped,0,0,20,
2026-08-05T13:39:41.955,563.193,clearing_landing_area,35.92388018,139.9106564,16.779,0,TRUE,21,1,35.923076,139.9102107,98.0137978,204.1705231,34.94,1009.839258,43.05175781,197.25,1.5625,-12,0.22,1.93,9.43,0,0.0625,-0.0625,191,-6.920523122,stopped,0,0,20,
2026-08-05T13:39:42.456,563.693,clearing_landing_area,35.92388018,139.9106564,16.779,0,TRUE,21,1,35.923076,139.9102107,98.0137978,204.1705231,34.98,1009.867852,43.16992188,205.25,1.5625,-12,0.22,1.93,9.42,-0.0625,0.25,0.0625,191,1.079476878,stopped,0,0,20,
2026-08-05T13:39:42.956,564.194,clearing_landing_area,35.92388018,139.9106564,16.779,0,TRUE,21,1,35.923076,139.9102107,98.0137978,204.1705231,34.99,1009.801992,43.12597656,197.25,1.5625,-12,0.2,1.92,9.46,0.0625,0.0625,0.125,191,-6.920523122,stopped,0,0,20,
2026-08-05T13:39:43.461,564.699,clearing_landing_area,35.92388018,139.9106564,16.779,0,TRUE,19,1,35.923076,139.9102107,98.0137978,204.1705231,35.01,1009.916211,43.08105469,197.25,1.5625,-12,0.21,1.91,9.42,0.0625,0.125,0.125,191,-6.920523122,stopped,0,0,20,
2026-08-05T13:39:43.998,565.236,clearing_landing_area,35.92388018,139.9106564,16.779,0,TRUE,19,1,35.923076,139.9102107,98.0137978,204.1705231,35.01,1009.880898,43.06835938,197.25,1.5625,-12,0.21,1.92,9.44,-0.0625,-0.0625,0.0625,191,-6.920523122,stopped,0,0,20,
2026-08-05T13:39:44.502,565.739,clearing_landing_area,35.92388018,139.9106564,16.779,0,TRUE,19,1,35.923076,139.9102107,98.0137978,204.1705231,35.04,1009.854805,42.96679688,197.25,1.5625,-12,0.24,1.93,9.46,-0.0625,0,-0.0625,191,-6.920523122,stopped,0,0,20,
2026-08-05T13:39:45.002,566.24,clearing_landing_area,35.92388018,139.9106564,16.779,0,TRUE,19,1,35.923076,139.9102107,98.0137978,204.1705231,35.05,1009.862734,42.94335938,197.25,1.5625,-12,0.24,1.94,9.45,0,0.125,0.0625,191,-6.920523122,stopped,0,0,20,
2026-08-05T13:39:45.512,566.75,clearing_landing_area,35.92388018,139.9106564,16.779,0,TRUE,18,1,35.923076,139.9102107,98.0137978,204.1705231,35.08,1009.856055,42.81933594,197.25,1.5625,-12,0.21,1.94,9.41,0,-0.125,0,191,-6.920523122,stopped,0,0,20,
2026-08-05T13:39:46.012,567.25,clearing_landing_area,35.92388018,139.9106564,16.779,0,TRUE,18,1,35.923076,139.9102107,98.0137978,204.1705231,31.89,1004.875625,42.77734375,197.25,1.5625,-12,0.22,1.94,9.43,0.0625,0,-0.0625,191,-6.920523122,stopped,0,0,20,
2026-08-05T13:39:46.516,567.753,clearing_landing_area,35.92388018,139.9106564,16.779,0,TRUE,18,1,35.923076,139.9102107,98.0137978,204.1705231,35.13,1009.752578,42.61621094,197.25,1.5625,-12,0.2,1.92,9.45,0,-0.25,0,191,-6.920523122,forward,100,100,20,
2026-08-05T13:39:47.016,568.254,clearing_landing_area,35.92388018,139.9106564,16.779,0,TRUE,18,1,35.923076,139.9102107,98.0137978,204.1705231,35.12,1009.791094,42.52148438,196.5,1.3125,-18,0.06,6.13,1.8,-122.0625,-5.5625,15.0625,127,-7.670523122,forward,100,98.925,20,
2026-08-05T13:39:47.517,568.754,clearing_landing_area,35.92388018,139.9106564,16.779,0,TRUE,18,1,35.923076,139.9102107,98.0137978,204.1705231,35.14,1009.823203,42.82519531,201.8125,2,-13,-3.66,6.49,5.14,8.8125,34.75,-5.875,255,-2.358023122,forward,98.225,100,20,
2026-08-05T13:39:48.017,569.255,clearing_landing_area,35.92388018,139.9106564,16.779,0,TRUE,18,1,35.923076,139.9102107,98.0137978,204.1705231,35.15,1009.776445,42.89550781,200.5,1.1875,-12.5,5.1,-0.43,4.16,-42.5,-95.0625,1.6875,255,-3.670523122,forward,57.8475,60,20,
2026-08-05T13:39:48.518,569.755,clearing_landing_area,35.92388018,139.9106564,16.779,0,TRUE,20,1,35.923076,139.9102107,98.0137978,204.1705231,35.18,1009.805039,42.93457031,242,-0.25,-13.6875,0.38,2.88,9.12,3.75,-45.1875,-139.6875,63,37.82947688,turn_left,-5,5,20,
2026-08-05T13:39:49.018,570.256,clearing_landing_area,35.92388018,139.9106564,16.779,0,TRUE,20,1,35.923076,139.9102107,98.0137978,204.1705231,35.19,1009.820938,42.80761719,253.5625,0.375,-13.9375,-0.12,0.41,8.36,2.6875,10.4375,31.9375,63,49.39197688,turn_left,-25,25,20,
2026-08-05T13:39:49.518,570.756,clearing_landing_area,35.92388018,139.9106564,16.779,0,TRUE,21,1,35.923076,139.9102107,98.0137978,204.1705231,35.2,1009.809766,42.76171875,198.3125,1.4375,-11.6875,0.04,1.83,9.47,-0.4375,-0.3125,-0.25,191,-5.858023122,turn_right,5,-5,20,
2026-08-05T13:39:50.019,571.256,clearing_landing_area,35.92388018,139.9106564,16.779,0,TRUE,21,1,35.923076,139.9102107,98.0137978,204.1705231,35.22,1009.79832,42.7734375,200,1.375,-12.125,0.61,1.39,9.4,14.4375,-5.1875,-40.3125,191,-4.170523122,turn_right,30,-30,20,
2026-08-05T13:39:50.519,571.757,clearing_landing_area,35.92388018,139.9106564,16.779,0,TRUE,22,1,35.923076,139.9102107,98.0137978,204.1705231,35.26,1009.8075,42.75390625,205.375,0.6875,-12.8125,0.08,1.94,9.4,0,0,-0.125,127,1.204476878,stopped,0,0,20,
2026-08-05T13:39:51.020,572.257,clearing_landing_area,35.92388018,139.9106564,16.779,0,TRUE,22,1,35.923076,139.9102107,98.0137978,204.1705231,35.27,1009.850781,42.75488281,205.375,0.625,-12.75,0.04,1.96,9.43,-0.0625,-0.0625,0.0625,127,1.204476878,stopped,0,0,20,
2026-08-05T13:39:51.520,572.758,clearing_landing_area,35.92388018,139.9106564,16.779,0,TRUE,21,1,35.923076,139.9102107,98.0137978,204.1705231,35.29,1009.781328,42.57128906,205.4375,0.5,-12.4375,0.05,1.96,9.42,0.0625,0,0.125,127,1.266976878,stopped,0,0,20,
2026-08-05T13:39:52.039,573.276,clearing_landing_area,35.92388018,139.9106564,16.779,0,TRUE,21,1,35.923076,139.9102107,98.0137978,204.1705231,35.29,1009.836094,42.45507813,205.4375,0.5,-12.4375,0.05,1.97,9.43,-0.0625,0.125,0.0625,127,1.266976878,stopped,0,0,20,
2026-08-05T13:39:52.542,573.78,clearing_landing_area,35.92388018,139.9106564,16.779,0,TRUE,22,1,35.923076,139.9102107,98.0137978,204.1705231,35.34,1010.455703,42.56445313,205.4375,0.5,-12.4375,0.03,1.96,9.45,0,0,-0.0625,127,1.266976878,stopped,0,0,20,
2026-08-05T13:39:53.051,574.289,clearing_landing_area,35.92388018,139.9106564,16.779,0,TRUE,22,1,35.923076,139.9102107,98.0137978,204.1705231,35.34,1009.861445,42.57617188,205.4375,0.5,-12.4375,0.05,1.96,9.42,-0.0625,0.125,-0.125,127,1.266976878,stopped,0,0,20,
2026-08-05T13:39:53.556,574.794,clearing_landing_area,35.92388018,139.9106564,16.779,0,TRUE,18,1,35.923076,139.9102107,98.0137978,204.1705231,35.39,1009.831758,42.58203125,205.4375,0.5,-12.4375,0.04,1.99,9.46,-0.0625,0,0,127,1.266976878,stopped,0,0,20,
2026-08-05T13:39:54.058,575.296,clearing_landing_area,35.92388018,139.9106564,16.779,0,TRUE,18,1,35.923076,139.9102107,98.0137978,204.1705231,35.38,1009.843242,42.54492188,205.4375,0.5,-12.4375,0.06,1.97,9.44,0,-0.125,-0.125,127,1.266976878,stopped,0,0,20,
2026-08-05T13:39:54.561,575.799,clearing_landing_area,35.92388018,139.9106564,16.779,0,TRUE,17,1,35.923076,139.9102107,98.0137978,204.1705231,35.43,1009.778203,42.44433594,205.4375,0.5,-12.4375,0.05,1.98,9.46,0,0.0625,0.125,127,1.266976878,stopped,0,0,20,
2026-08-05T13:39:55.069,576.307,clearing_landing_area,35.92388018,139.9106564,16.779,0,TRUE,17,1,35.923076,139.9102107,98.0137978,204.1705231,35.43,1009.832969,42.40917969,205.4375,0.5,-12.4375,0.06,1.97,9.4,0,-0.1875,0.125,127,1.266976878,stopped,0,0,20,
2026-08-05T13:39:55.583,576.82,clearing_landing_area,35.92388018,139.9106564,16.779,0,TRUE,20,1,35.923076,139.9102107,98.0137978,204.1705231,35.48,1009.850039,42.3203125,205.4375,0.5,-12.4375,0.06,1.96,9.41,0,-0.0625,0.0625,127,1.266976878,stopped,0,0,20,
2026-08-05T13:39:56.083,577.321,clearing_landing_area,35.92388018,139.9106564,16.779,0,TRUE,20,1,35.923076,139.9102107,98.0137978,204.1705231,35.48,1009.850039,42.3203125,205.4375,0.5,-12.4375,0.04,1.96,9.41,0,-0.125,0,127,1.266976878,stopped,0,0,20,
2026-08-05T13:39:56.589,577.826,clearing_landing_area,35.92388018,139.9106564,16.779,0,TRUE,20,1,35.923076,139.9102107,98.0137978,204.1705231,35.52,1009.840352,41.99902344,205.4375,0.5,-12.4375,0.04,1.95,9.43,0.125,0,0,191,1.266976878,forward,100,100,20,
2026-08-05T13:39:57.089,578.327,clearing_landing_area,35.92388018,139.9106564,16.779,0,TRUE,20,1,35.923076,139.9102107,98.0137978,204.1705231,35.53,1009.828867,42.26757813,203.3125,0.5625,-15.125,-11.53,-10.96,19.24,-255.875,32.5,60.9375,191,-0.858023122,forward,100,96.76875,20,
2026-08-05T13:39:57.590,578.827,clearing_landing_area,35.92388018,139.9106564,16.779,0,TRUE,20,1,35.923076,139.9102107,98.0137978,204.1705231,35.54,1009.817383,42.1171875,217.6875,2,-15.875,-2.82,12.84,6.39,185.1875,-22.875,-59.5,255,13.51697688,forward,53.6375,100,20,
2026-08-05T13:39:58.090,579.328,clearing_landing_area,35.92388018,139.9106564,16.779,0,TRUE,20,1,35.923076,139.9102107,98.0137978,204.1705231,35.54,1009.836836,42.10546875,222.875,2.3125,-10.3125,-3.55,-1.35,10.73,-25.8125,-14.8125,38.4375,255,18.70447688,forward,41.8153125,58.0490625,20,
2026-08-05T13:39:58.591,579.828,clearing_landing_area,35.92388018,139.9106564,16.779,0,TRUE,21,1,35.923076,139.9102107,98.0137978,204.1705231,35.57,1009.838008,42.17773438,275.0625,0,-13.5625,1.11,3.86,8.33,6,-27.3125,-121.0625,127,70.89197688,turn_left,-5,5,20,
2026-08-05T13:39:59.091,580.328,clearing_landing_area,35.92388018,139.9106564,16.779,0,TRUE,21,1,35.923076,139.9102107,98.0137978,204.1705231,35.57,1009.838008,42.07324219,282,0,-13.5625,0.98,3.15,8.9,-4.375,13.875,44.125,127,77.82947688,turn_left,-25,25,20,
2026-08-05T13:39:59.591,580.829,clearing_landing_area,35.92388018,139.9106564,16.779,0,TRUE,22,1,35.923076,139.9102107,98.0137978,204.1705231,35.58,1009.853906,42.1796875,183.25,1.5625,-10.5,-1.01,2.58,7.84,10,23.5625,132.9375,191,-20.92052312,stopped,0,0,20,
2026-08-05T13:40:00.097,581.335,clearing_landing_area,35.92388018,139.9106564,16.779,0,TRUE,22,1,35.923076,139.9102107,98.0137978,204.1705231,35.58,1009.845977,42.02734375,173.375,1.9375,-9.4375,0.36,1.12,9.15,-19,-2,1.4375,191,-30.79552312,stopped,0,0,20,
2026-08-05T13:40:00.598,581.835,clearing_landing_area,35.92388018,139.9106564,16.779,0,TRUE,23,1,35.923076,139.9102107,98.0137978,204.1705231,35.63,1009.871289,41.93945313,173.4375,2.1875,-9.1875,0.46,1.46,9.51,0.125,0.125,-0.0625,255,-30.73302312,stopped,0,0,5.843,
2026-08-05T13:40:01.098,582.336,clearing_landing_area,35.92388018,139.9106564,16.779,0,TRUE,23,1,35.923076,139.9102107,98.0137978,204.1705231,35.63,1009.843867,41.90429688,173.4375,2.1875,-9.125,0.45,1.46,9.56,0,0.0625,-0.125,255,-30.73302312,stopped,0,0,20,
2026-08-05T13:40:01.598,582.836,clearing_landing_area,35.92388018,139.9106564,16.779,0,TRUE,23,1,35.923076,139.9102107,98.0137978,204.1705231,35.65,1009.801484,41.49902344,173.4375,2.25,-9.125,0.48,1.46,9.52,0.0625,0,0,255,-30.73302312,stopped,0,0,20,
2026-08-05T13:40:02.101,583.338,clearing_landing_area,35.92388018,139.9106564,16.779,0,TRUE,23,1,35.923076,139.9102107,98.0137978,204.1705231,35.66,1009.817656,41.52246094,173.4375,10.25,-9.125,0.46,1.46,9.55,0.0625,-0.125,0.0625,255,-30.73302312,stopped,0,0,20,
2026-08-05T13:40:02.607,583.845,clearing_landing_area,35.92388018,139.9106564,16.779,0,TRUE,23,1,35.923076,139.9102107,98.0137978,204.1705231,35.7,1009.846211,41.50292969,173.4375,2.25,-9.125,0.46,1.47,9.52,0.125,0.0625,0.0625,255,-30.73302312,stopped,0,0,20,
2026-08-05T13:40:03.112,584.35,clearing_landing_area,35.92388018,139.9106564,16.779,0,TRUE,23,1,35.923076,139.9102107,98.0137978,204.1705231,35.7,1009.810898,41.51367188,173.4375,2.25,-9.125,0.45,1.46,9.53,0,-0.0625,-0.125,255,-30.73302312,stopped,0,0,20,
2026-08-05T13:40:03.618,584.856,clearing_landing_area,35.92388018,139.9106564,16.779,0,TRUE,19,1,35.923076,139.9102107,98.0137978,204.1705231,35.74,1009.874766,41.50585938,173.4375,2.25,-9.125,0.44,1.46,9.51,0,-0.0625,-0.0625,255,-30.73302312,stopped,0,0,20,
2026-08-05T13:40:04.120,585.357,clearing_landing_area,35.92388018,139.9106564,16.779,0,TRUE,19,1,35.923076,139.9102107,98.0137978,204.1705231,35.75,1009.835859,41.52929688,173.4375,2.25,-9.125,0.46,1.45,9.53,0.0625,0.0625,0,255,-30.73302312,stopped,0,0,20,
2026-08-05T13:40:04.622,585.86,clearing_landing_area,35.92388018,139.9106564,16.779,0,TRUE,18,1,35.923076,139.9102107,98.0137978,204.1705231,32.4,1005.366484,41.14746094,173.4375,2.25,-9.125,0.43,1.46,9.52,0,-0.0625,-0.125,255,-30.73302312,stopped,0,0,20,
2026-08-05T13:40:05.122,586.36,clearing_landing_area,35.92388018,139.9106564,16.779,0,TRUE,18,1,35.923076,139.9102107,98.0137978,204.1705231,35.78,1009.727461,41.11328125,173.4375,2.25,-9.125,0.45,1.46,9.53,0.0625,0.0625,0.0625,255,-30.73302312,stopped,0,0,20,
2026-08-05T13:40:05.623,586.86,clearing_landing_area,35.92388018,139.9106564,16.779,0,TRUE,18,1,35.923076,139.9102107,98.0137978,204.1705231,35.81,1009.822266,41.04589844,173.4375,2.25,-9.125,0.44,1.46,9.5,0,-0.0625,-0.0625,255,-30.73302312,stopped,0,0,20,
2026-08-05T13:40:06.123,587.361,clearing_landing_area,35.92388018,139.9106564,16.779,0,TRUE,18,1,35.923076,139.9102107,98.0137978,204.1705231,35.81,1009.712695,41.04589844,173.4375,2.25,-9.125,0.45,1.44,9.51,-0.0625,-0.0625,0.0625,255,-30.73302312,stopped,0,0,20,
2026-08-05T13:40:06.624,587.861,clearing_landing_area,35.92388018,139.9106564,16.779,0,TRUE,19,1,35.923076,139.9102107,98.0137978,204.1705231,35.84,1009.74125,41.01367188,173.4375,2.25,-9.125,0.4,-3.03,9.71,3.5,-0.125,0.0625,255,-30.73302312,forward,100,100,20,
2026-08-05T13:40:07.124,588.362,clearing_landing_area,35.92388018,139.9106564,16.779,0,TRUE,19,1,35.923076,139.9102107,98.0137978,204.1705231,32.28,1004.175117,40.84765625,171.6875,2.25,-16.125,-0.74,4.83,10.52,-182.3125,66.1875,7.1875,255,-32.48302312,forward,100,97.38125,20,
2026-08-05T13:40:07.625,588.862,clearing_landing_area,35.92388018,139.9106564,16.779,0,TRUE,20,1,35.923076,139.9102107,98.0137978,204.1705231,35.88,1009.769727,40.85449219,172.25,1.1875,-12.75,1.15,3.97,2.12,-116,-64.5625,-16,63,-31.92052312,forward,100,93.175,20,
2026-08-05T13:40:08.125,589.363,clearing_landing_area,35.92388018,139.9106564,16.779,0,TRUE,20,1,35.923076,139.9102107,98.0137978,204.1705231,35.88,1009.859883,40.86621094,175.8125,1.9375,-11.6875,0.34,-0.34,8.61,-42.75,-0.5,-22.625,127,-28.35802312,forward,60.750625,64.813125,20,
2026-08-05T13:40:08.626,589.863,clearing_landing_area,35.92388018,139.9106564,16.779,0,TRUE,20,1,35.923076,139.9102107,98.0137978,204.1705231,35.92,1009.833594,40.74121094,226.625,1.375,-10.625,2.08,4.19,13.18,3.5,-0.375,-160.5,191,22.45447688,turn_left,-5,5,20,
2026-08-05T13:40:09.132,590.37,clearing_landing_area,35.92388018,139.9106564,16.779,0,TRUE,20,1,35.923076,139.9102107,98.0137978,204.1705231,35.93,1009.841523,40.89355469,235.0625,1.4375,-11.3125,0.38,2.82,11.7,-1.3125,14.0625,40.1875,191,30.89197688,turn_left,-25,25,20,
2026-08-05T13:40:09.636,590.874,clearing_landing_area,35.92388018,139.9106564,16.779,0,TRUE,22,1,35.923076,139.9102107,98.0137978,204.1705231,35.94,1009.775273,40.80078125,182.625,-0.125,-9.9375,-0.03,1.47,9.55,2.625,0.875,3,191,-21.54552312,turn_right,5,-5,20,
2026-08-05T13:40:10.138,591.375,clearing_landing_area,35.92388018,139.9106564,16.779,0,TRUE,22,1,35.923076,139.9102107,98.0137978,204.1705231,35.95,1009.771992,40.80175781,186,0,-9.8125,-1.11,2.96,8.87,-6.875,-30.9375,-78.25,191,-18.17052312,turn_right,30,-30,20,
2026-08-05T13:40:10.638,591.876,clearing_landing_area,35.92388018,139.9106564,16.779,0,TRUE,22,1,35.923076,139.9102107,98.0137978,204.1705231,35.98,1009.792539,40.59472656,211.6875,0.5625,-10.375,0.11,1.58,9.51,8,-0.125,0.1875,127,7.516976878,stopped,0,0,20,
2026-08-05T13:40:11.139,592.376,clearing_landing_area,35.92388018,139.9106564,16.779,0,TRUE,22,1,35.923076,139.9102107,98.0137978,204.1705231,35.99,1009.745703,40.55957031,211.6875,0.5625,-10.375,0.08,1.58,9.49,0.0625,0.0625,0.25,127,7.516976878,stopped,0,0,20,
2026-08-05T13:40:11.642,592.88,clearing_landing_area,35.92388018,139.9106564,16.779,0,TRUE,22,1,35.923076,139.9102107,98.0137978,204.1705231,33.52,1006.03293,40.50585938,211.6875,0.5625,-10.375,0.1,1.58,9.52,-0.125,0.0625,-0.125,127,7.516976878,stopped,0,0,20,
2026-08-05T13:40:12.142,593.38,clearing_landing_area,35.92388018,139.9106564,16.779,0,TRUE,22,1,35.923076,139.9102107,98.0137978,204.1705231,33.46,1005.964063,40.50097656,211.6875,0.5625,-10.375,0.08,1.58,9.5,0.0625,0.125,0,127,7.516976878,stopped,0,0,20,
2026-08-05T13:40:12.652,593.89,clearing_landing_area,35.92388018,139.9106564,16.779,0,TRUE,21,1,35.923076,139.9102107,98.0137978,204.1705231,36.03,1009.790391,40.33105469,211.6875,0.5625,-10.375,0.1,1.58,9.5,0.0625,0.125,0.0625,191,7.516976878,stopped,0,0,20,
2026-08-05T13:40:13.153,594.39,clearing_landing_area,35.92388018,139.9106564,16.779,0,TRUE,21,1,35.923076,139.9102107,98.0137978,204.1705231,36.04,1009.798359,40.40136719,211.6875,0.5625,-10.375,0.09,1.59,9.52,-0.0625,0.125,0.0625,191,7.516976878,stopped,0,0,20,
2026-08-05T13:40:13.653,594.891,clearing_landing_area,35.92388018,139.9106564,16.779,0,TRUE,19,1,35.923076,139.9102107,98.0137978,204.1705231,36.06,1009.838359,40.41601563,211.6875,0.5625,-10.375,0.08,1.57,9.52,-0.0625,-0.125,0.0625,191,7.516976878,stopped,0,0,20,
2026-08-05T13:40:14.158,595.395,clearing_landing_area,35.92388018,139.9106564,16.779,0,TRUE,19,1,35.923076,139.9102107,98.0137978,204.1705231,36.06,1009.810977,40.41601563,211.6875,0.5625,-10.375,0.1,1.6,9.54,0.0625,0,0.0625,191,7.516976878,stopped,0,0,20,
2026-08-05T13:40:14.665,595.902,clearing_landing_area,35.92388018,139.9106564,16.779,0,TRUE,18,1,35.923076,139.9102107,98.0137978,204.1705231,36.09,1009.776719,40.69824219,211.6875,0.5625,-10.375,0.08,1.59,9.54,0.0625,-0.125,0,191,7.516976878,stopped,0,0,20,
2026-08-05T13:40:15.165,596.403,clearing_landing_area,35.92388018,139.9106564,16.779,0,TRUE,18,1,35.923076,139.9102107,98.0137978,204.1705231,36.1,1009.82,40.69921875,211.6875,0.5625,-10.375,0.09,1.58,9.51,-0.125,-0.0625,0,191,7.516976878,stopped,0,0,20,
2026-08-05T13:40:15.666,596.903,clearing_landing_area,35.92388018,139.9106564,16.779,0,TRUE,19,1,35.923076,139.9102107,98.0137978,204.1705231,36.11,1009.781055,40.734375,211.6875,0.5625,-10.375,0.08,1.58,9.5,-0.0625,0.25,-0.0625,191,7.516976878,stopped,0,0,2.811,
2026-08-05T13:40:16.166,597.404,clearing_landing_area,35.92388018,139.9106564,16.779,0,TRUE,19,1,35.923076,139.9102107,98.0137978,204.1705231,36.11,1009.781055,40.7578125,211.6875,0.5625,-10.375,0.07,1.58,9.54,8.0625,0,-0.0625,191,7.516976878,stopped,0,0,2.144,
2026-08-05T13:40:16.667,597.904,clearing_landing_area,35.92388018,139.9106564,16.779,0,TRUE,19,1,35.923076,139.9102107,98.0137978,204.1705231,36.15,1009.782148,40.76171875,211.6875,0.5625,-10.375,0.09,1.59,9.51,-0.0625,0,-0.0625,191,7.516976878,forward,100,100,20,
2026-08-05T13:40:17.167,598.404,clearing_landing_area,35.92388018,139.9106564,16.779,0,TRUE,19,1,35.923076,139.9102107,98.0137978,204.1705231,36.14,1009.746836,40.83007813,211.125,1.6875,-19.125,5.29,15.76,15.21,135.75,14.625,3.4375,191,6.954476878,forward,98.94375,100,20,
2026-08-05T13:40:17.667,598.905,clearing_landing_area,35.92388018,139.9106564,16.779,0,TRUE,21,1,35.923076,139.9102107,98.0137978,204.1705231,36.16,1009.825781,40.80957031,203.75,1.375,-9.9375,-8.02,4.84,11.61,-55.375,63.625,10.8125,191,-0.420523122,forward,100,92.5125,20,
2026-08-05T13:40:18.168,599.405,clearing_landing_area,35.92388018,139.9106564,16.779,0,TRUE,21,1,35.923076,139.9102107,98.0137978,204.1705231,35.77,1009.191133,40.42480469,201.8125,0.6875,-9.4375,4.37,-1.88,2.03,-21.0625,-15.875,-19.1875,255,-2.358023122,forward,55,49.0565625,20,
2026-08-05T13:40:18.668,599.906,clearing_landing_area,35.92388018,139.9106564,16.779,0,TRUE,21,1,35.923076,139.9102107,98.0137978,204.1705231,36.19,1009.756133,40.65917969,194.4375,1.25,-8.125,2.55,2.48,8.58,21.4375,33.9375,119.625,63,-9.733023122,stopped,0,0,20,
2026-08-05T13:40:19.168,600.406,clearing_landing_area,35.92388018,139.9106564,16.779,0,TRUE,21,1,35.923076,139.9102107,98.0137978,204.1705231,36.19,1009.764102,40.75292969,185.4375,0.3125,-8.375,2.45,1.39,8.51,-25.3125,32.625,66.4375,63,-18.73302312,turn_right,15,-15,20,
2026-08-05T13:40:19.669,600.906,clearing_landing_area,35.92388018,139.9106564,16.779,0,TRUE,22,1,35.923076,139.9102107,98.0137978,204.1705231,36.22,1009.812031,40.65136719,205.625,0.875,-8.5,0.16,1.67,9.51,0.9375,-0.1875,-0.5,255,1.454476878,stopped,0,0,20,
2026-08-05T13:40:20.169,601.407,clearing_landing_area,35.92388018,139.9106564,16.779,0,TRUE,22,1,35.923076,139.9102107,98.0137978,204.1705231,36.22,1009.748984,40.63867188,205.625,0.9375,-8.5,1.46,1.49,9.53,-1,0.1875,0.125,255,1.454476878,stopped,0,0,20,
2026-08-05T13:40:20.670,601.907,clearing_landing_area,35.92388018,139.9106564,16.779,0,TRUE,22,1,35.923076,139.9102107,98.0137978,204.1705231,36.26,1009.758281,40.71289063,205.625,0.9375,-8.6875,0.16,1.52,9.51,-0.125,0,0.125,255,1.454476878,stopped,0,0,20,
2026-08-05T13:40:21.170,602.408,clearing_landing_area,35.92388018,139.9106564,16.779,0,TRUE,22,1,35.923076,139.9102107,98.0137978,204.1705231,36.25,1009.796914,40.62988281,205.625,0.9375,-8.6875,0.16,1.52,9.52,0.0625,-0.1875,0.0625,255,1.454476878,stopped,0,0,20,
2026-08-05T13:40:21.671,602.908,clearing_landing_area,35.92388018,139.9106564,16.779,0,TRUE,22,1,35.923076,139.9102107,98.0137978,204.1705231,36.28,1009.790039,40.6328125,205.625,0.9375,-8.6875,0.17,1.52,9.53,-0.0625,0,0,255,1.454476878,stopped,0,0,20,
2026-08-05T13:40:22.172,603.409,clearing_landing_area,35.92388018,139.9106564,16.779,0,TRUE,22,1,35.923076,139.9102107,98.0137978,204.1705231,36.29,1009.805938,40.65722656,205.625,0.9375,-8.6875,0.18,1.53,9.51,8.0625,0,0,255,1.454476878,stopped,0,0,20,
2026-08-05T13:40:22.672,603.91,clearing_landing_area,35.92388018,139.9106564,16.779,0,TRUE,22,1,35.923076,139.9102107,98.0137978,204.1705231,36.31,1010.503867,40.63476563,205.625,0.9375,-8.6875,0.16,1.53,9.53,0,0,0,255,1.454476878,stopped,0,0,20,
2026-08-05T13:40:23.173,604.41,clearing_landing_area,35.92388018,139.9106564,16.779,0,TRUE,22,1,35.923076,139.9102107,98.0137978,204.1705231,36.32,1009.806992,40.765625,205.625,0.9375,-8.6875,0.18,1.54,9.53,-0.0625,0,0.1875,255,1.454476878,stopped,0,0,20,
2026-08-05T13:40:23.680,604.918,clearing_landing_area,35.92388018,139.9106564,16.779,0,TRUE,18,1,35.923076,139.9102107,98.0137978,204.1705231,36.34,1009.784258,40.61523438,205.625,0.9375,-8.6875,0.15,1.55,9.52,0,0,-0.1875,255,1.454476878,stopped,0,0,20,
2026-08-05T13:40:24.508,605.745,clearing_landing_area,35.92388018,139.9106564,16.779,0,TRUE,18,1,35.923076,139.9102107,98.0137978,204.1705231,36.35,1009.800117,40.61621094,205.625,0.9375,-8.6875,0.14,1.53,9.54,0.0625,-0.0625,-0.125,255,1.454476878,stopped,0,0,20,
2026-08-05T13:40:25.010,606.247,clearing_landing_area,,,,,FALSE,,,35.923076,139.9102107,,,36.37,1009.741992,40.52441406,205.625,0.9375,-8.6875,0.16,1.53,9.55,-0.0625,0,-0.125,255,,stopped,0,0,20,
2026-08-05T13:40:25.522,606.76,clearing_landing_area,,,,,FALSE,,,35.923076,139.9102107,,,36.38,1009.820664,40.37304688,205.625,0.9375,-8.6875,0.13,1.54,9.5,0,-0.0625,8.0625,255,,stopped,0,0,20,
2026-08-05T13:40:26.023,607.26,clearing_landing_area,35.92388018,139.9106564,16.779,0,TRUE,20,1,35.923076,139.9102107,98.0137978,204.1705231,36.43,1009.755313,40.31933594,205.625,0.9375,-8.6875,0.17,1.56,9.5,0,-0.0625,0,255,1.454476878,forward,100,100,20,
2026-08-05T13:40:26.758,607.996,clearing_landing_area,35.92388018,139.9106564,16.779,0,TRUE,20,1,35.923076,139.9102107,98.0137978,204.1705231,36.43,1009.747383,40.34179688,205.625,0.875,-9.1875,1.69,0.2,10.8,50.0625,2.9375,4.1875,255,1.454476878,forward,100,100,20,
2026-08-05T13:40:27.258,608.496,clearing_landing_area,35.92388018,139.9106564,16.779,0,TRUE,20,1,35.923076,139.9102107,98.0137978,204.1705231,36.45,1009.779453,40.51855469,215.9375,0.25,-12.625,-4,1.15,14.28,-100.4375,-34.25,-31.1875,191,11.76697688,forward,91.125,100,20,
2026-08-05T13:40:27.759,608.996,clearing_landing_area,35.92388018,139.9106564,16.779,0,TRUE,20,1,35.923076,139.9102107,98.0137978,204.1705231,36.44,1009.798906,40.00488281,217.5625,2.625,-11.5625,-1.73,-2.08,15.67,64.1875,-35.625,9.375,191,13.39197688,forward,76.7278125,90,20,
2026-08-05T13:40:28.259,609.497,clearing_landing_area,35.92388018,139.9106564,16.779,0,TRUE,21,1,35.923076,139.9102107,98.0137978,204.1705231,36.47,1009.819453,40.26464844,253.75,1.75,-7.75,-0.73,1.69,8.51,15.25,-21.25,-113.8125,127,49.57947688,turn_left,-15,15,20,
2026-08-05T13:40:28.760,609.998,clearing_landing_area,35.92388018,139.9106564,16.779,0,TRUE,21,1,35.923076,139.9102107,98.0137978,204.1705231,34.41,1006.92207,40.25878906,263.25,10.5,-7.625,1.73,2.19,8.74,14.125,6.8125,9.1875,127,59.07947688,turn_left,-25,25,20,
2026-08-05T13:40:29.263,610.5,selfie,35.92381998,139.9106049,15.903,0.478433333,TRUE,21,1,35.923076,139.9102107,90.02027097,,36.49,1009.714414,40.359375,214.5625,0.375,-7.875,0,1.77,9.47,1.125,-0.125,-1.125,127,,stopped,0,0,20,
2026-08-05T13:40:29.764,611.001,selfie,35.92381998,139.9106049,15.903,0.478433333,TRUE,21,1,35.923076,139.9102107,90.02027097,,36.51,1009.738516,40.36132813,214.5625,0.4375,-8.0625,0.27,1.54,9.49,-0.375,-0.125,-0.0625,191,,stopped,0,0,20,
2026-08-05T13:40:30.264,611.502,selfie,35.92382028,139.9106007,15.86,0,TRUE,22,1,35.923076,139.9102107,89.90311717,,36.53,1009.797695,40.24609375,214.5,0.6875,-8.75,0.16,1.6,9.51,0,0,-0.125,191,,stopped,0,0,20,
2026-08-05T13:40:30.764,612.002,selfie,35.92382028,139.9106007,15.86,0,TRUE,22,1,35.923076,139.9102107,89.90311717,,36.53,1009.770273,40.24609375,222.5,0.6875,-8.8125,0.14,1.6,9.52,0.0625,0,-0.0625,191,,stopped,0,0,20,
2026-08-05T13:40:31.265,612.502,selfie,35.92381998,139.9105988,15.761,0,TRUE,22,1,35.923076,139.9102107,89.80569529,,36.58,1009.822852,40.11035156,214.5,0.6875,-8.875,0.16,1.61,9.51,0,-0.125,0,191,,stopped,0,0,20,
2026-08-05T13:40:31.765,613.003,selfie,35.92381998,139.9105988,15.761,0,TRUE,22,1,35.923076,139.9102107,89.80569529,,36.59,1009.756445,40.04101563,214.5,0.6875,-8.875,0.16,1.59,9.5,0,-0.125,0.0625,191,,stopped,0,0,20,
2026-08-05T13:40:32.268,613.506,selfie,35.9238196,139.910599,15.685,0,TRUE,22,1,35.923076,139.9102107,89.77285997,,36.61,1009.714141,39.74023438,214.5,0.6875,-8.875,0.15,1.59,9.5,-0.0625,0,0,191,,stopped,0,0,20,
2026-08-05T13:40:32.768,614.006,selfie,35.9238196,139.910599,15.685,0,TRUE,22,1,35.923076,139.9102107,89.77285997,,36.61,1009.769023,39.74023438,214.5,0.6875,-8.875,0.15,1.61,9.5,0.0625,-0.0625,-0.125,191,,stopped,0,0,20,
2026-08-05T13:40:33.269,614.507,selfie,35.9238196,139.910599,15.685,0,TRUE,22,1,35.923076,139.9102107,89.77285997,,36.64,1009.644141,39.61328125,214.5,0.6875,-8.875,0.16,1.61,9.5,0,0.0625,-0.0625,191,,stopped,0,0,20,
2026-08-05T13:40:33.769,615.007,selfie,35.9238196,139.910599,15.685,0,TRUE,22,1,35.923076,139.9102107,89.77285997,,36.65,1009.77,39.57910156,214.5,0.6875,-8.875,0.17,1.61,9.52,0.0625,0,-0.0625,191,,stopped,0,0,20,
2026-08-05T13:40:34.270,615.507,selfie,35.9238196,139.910599,15.685,0,TRUE,22,1,35.923076,139.9102107,89.77285997,,34.37,1006.475703,39.55761719,214.5,0.6875,-8.875,0.14,1.6,9.49,0.0625,0.0625,-0.0625,255,,stopped,0,0,20,
2026-08-05T13:40:34.770,616.008,selfie,35.9238196,139.910599,15.685,0,TRUE,22,1,35.923076,139.9102107,89.77285997,,36.67,1009.774336,39.52246094,214.5,0.6875,-8.875,0.14,1.61,9.52,0,0.25,-0.0625,255,,stopped,0,0,20,
2026-08-05T13:40:35.271,616.508,selfie,35.9238196,139.910599,15.685,0,TRUE,22,1,35.923076,139.9102107,89.77285997,,34.62,1006.792734,39.50976563,214.5,0.6875,-8.875,0.17,1.62,9.52,0,0.0625,0.0625,255,,stopped,0,0,20,
2026-08-05T13:40:35.771,617.008,selfie,35.9238196,139.910599,15.685,0,TRUE,22,1,35.923076,139.9102107,89.77285997,,36.7,1009.794844,39.49023438,214.5,0.6875,-8.875,0.17,1.61,9.51,-0.0625,-0.0625,0.0625,255,,stopped,0,0,20,
2026-08-05T13:40:36.271,617.509,selfie,35.9238196,139.910599,15.685,0,TRUE,23,1,35.923076,139.9102107,89.77285997,,36.72,1009.717148,39.22265625,214.5,0.6875,-8.875,0.15,1.6,9.51,-0.0625,0,0.1875,255,,stopped,0,0,20,
2026-08-05T13:40:36.772,618.009,selfie,35.9238196,139.910599,15.685,0,TRUE,23,1,35.923076,139.9102107,89.77285997,,36.72,1009.73668,39.35058594,214.5,0.6875,-8.875,0.16,1.6,9.53,-0.125,0,0.125,255,,stopped,0,0,20,
2026-08-05T13:40:37.272,618.51,selfie,35.9238196,139.910599,15.685,0,TRUE,23,1,35.923076,139.9102107,89.77285997,,36.76,1009.800469,39.34277344,222.5,0.6875,-8.875,0.16,1.62,9.49,-0.0625,0,0.125,255,,stopped,0,0,20,
2026-08-05T13:40:37.772,619.01,selfie,35.9238196,139.910599,15.685,0,TRUE,23,1,35.923076,139.9102107,89.77285997,,36.76,1009.773047,39.38964844,214.5,0.6875,-8.875,0.17,1.59,9.52,0.0625,-0.1875,0.0625,191,,stopped,0,0,20,
2026-08-05T13:40:38.273,619.51,selfie,35.9238196,139.910599,15.685,0,TRUE,24,1,35.923076,139.9102107,89.77285997,,36.8,1009.817305,39.40527344,214.5,0.6875,-8.875,0.16,1.6,9.51,-0.0625,-0.0625,-0.0625,191,,stopped,0,0,20,
2026-08-05T13:40:38.773,620.011,selfie,35.9238196,139.910599,15.685,0,TRUE,24,1,35.923076,139.9102107,89.77285997,,36.8,1009.789883,39.37011719,214.5,0.6875,-8.875,0.15,1.58,9.52,-0.125,0.125,-0.125,191,,stopped,0,0,20,
2026-08-05T13:40:39.274,620.511,selfie,35.9238196,139.910599,15.685,0,TRUE,23,1,35.923076,139.9102107,89.77285997,,36.83,1009.802422,39.31445313,214.5,0.6875,-8.875,0.16,1.6,9.55,0,-0.0625,0.0625,255,,stopped,0,0,20,
2026-08-05T13:40:39.774,621.012,selfie,35.9238196,139.910599,15.685,0,TRUE,23,1,35.923076,139.9102107,89.77285997,,36.37,1009.056602,39.28613281,214.5,0.6875,-8.875,0.15,1.59,9.54,0,0,0,255,,stopped,0,0,20,
2026-08-05T13:40:40.274,621.512,selfie,35.9238196,139.910599,15.685,0,TRUE,23,1,35.923076,139.9102107,89.77285997,,36.85,1009.704961,39.08203125,214.5,0.6875,-8.875,1.43,1.59,9.5,0.125,0,-0.0625,191,,stopped,0,0,20,
2026-08-05T13:40:40.775,622.012,selfie,35.9238196,139.910599,15.685,0,TRUE,23,1,35.923076,139.9102107,89.77285997,,36.86,1009.768047,39.09375,214.5,0.6875,-8.875,0.16,1.6,9.53,0.125,0.0625,-0.125,191,,stopped,0,0,20,
2026-08-05T13:40:41.275,622.513,selfie,35.9238196,139.910599,15.685,0,TRUE,23,1,35.923076,139.9102107,89.77285997,,36.88,1009.854688,38.95605469,214.5,0.6875,-8.875,0.14,1.6,9.53,-0.0625,0.125,0,255,,stopped,0,0,20,
2026-08-05T13:40:41.776,623.013,selfie,35.9238196,139.910599,15.685,0,TRUE,23,1,35.923076,139.9102107,89.77285997,,36.89,1009.760781,39.10839844,214.5,0.6875,-8.875,0.18,1.59,9.52,0,-0.125,0.0625,255,,stopped,0,0,20,
2026-08-05T13:40:42.276,623.514,selfie,35.9238196,139.910599,15.685,0,TRUE,23,1,35.923076,139.9102107,89.77285997,,34.19,1005.540859,39.15820313,214.5,0.6875,-8.875,0.15,1.61,9.5,0,-0.125,0.125,255,,stopped,0,0,20,
2026-08-05T13:40:42.776,624.014,selfie,35.9238196,139.910599,15.685,0,TRUE,23,1,35.923076,139.9102107,89.77285997,,36.94,1009.81332,39.11328125,214.5,0.6875,-8.875,1.44,1.61,9.51,0,0,0.0625,255,,stopped,0,0,20,
2026-08-05T13:40:43.277,624.514,selfie,35.9238196,139.910599,15.685,0,TRUE,23,1,35.923076,139.9102107,89.77285997,,34.01,1005.289258,39.0390625,214.5,0.6875,-8.875,0.14,1.61,9.51,0.1875,-0.0625,0.0625,255,,stopped,0,0,20,
2026-08-05T13:40:43.777,625.015,selfie,35.9238196,139.910599,15.685,0,TRUE,23,1,35.923076,139.9102107,89.77285997,,36.96,1009.700195,39.10253906,214.5,0.6875,-8.875,0.16,1.59,9.49,0.125,0.0625,0.125,255,,stopped,0,0,20,
2026-08-05T13:40:44.278,625.515,selfie,35.9238196,139.910599,15.685,0,TRUE,23,1,35.923076,139.9102107,89.77285997,,36.97,1009.779219,38.79980469,214.5,0.6875,-8.875,0.17,1.6,9.53,0,-0.125,0,255,,stopped,0,0,20,
2026-08-05T13:40:44.778,626.016,selfie,35.9238196,139.910599,15.685,0,TRUE,23,1,35.923076,139.9102107,89.77285997,,36.99,1009.783477,38.79003906,214.5,0.6875,-8.875,0.15,1.6,9.53,0,-0.125,0.0625,255,,stopped,0,0,20,
2026-08-05T13:40:45.278,626.516,selfie,35.9238196,139.910599,15.685,0,TRUE,23,1,35.923076,139.9102107,89.77285997,,37.01,1009.788086,38.66210938,214.5,0.6875,-8.875,0.15,1.6,9.52,0,0,0.0625,255,,stopped,0,0,20,
2026-08-05T13:40:45.779,627.016,selfie,35.9238196,139.910599,15.685,0,TRUE,23,1,35.923076,139.9102107,89.77285997,,37.01,1009.733203,38.66210938,214.5,0.6875,-8.875,0.16,1.6,9.53,0.0625,0,-0.125,255,,stopped,0,0,20,
2026-08-05T13:40:46.279,627.517,selfie,35.9238196,139.910599,15.685,0,TRUE,24,1,35.923076,139.9102107,89.77285997,,37.06,1009.750039,38.70117188,214.5,0.6875,-0.875,0.17,1.58,9.51,0.0625,0,0,255,,stopped,0,0,20,
2026-08-05T13:40:46.780,628.017,selfie,35.9238196,139.910599,15.685,0,TRUE,24,1,35.923076,139.9102107,89.77285997,,37.06,1009.777461,38.68945313,214.5,0.6875,-8.875,0.16,1.58,9.51,0,0,0,255,,stopped,0,0,20,
2026-08-05T13:40:47.280,628.518,selfie,35.9238196,139.910599,15.685,0,TRUE,24,1,35.923076,139.9102107,89.77285997,,37.09,1009.750938,38.52929688,214.5,0.6875,-8.875,0.16,1.58,9.48,0,0,0,255,,stopped,0,0,20,
2026-08-05T13:40:47.790,629.028,selfie,35.9238196,139.910599,15.685,0,TRUE,24,1,35.923076,139.9102107,89.77285997,,37.1,1009.758906,38.30761719,214.5,0.6875,-8.875,0.14,1.6,9.52,-0.0625,-0.125,0,255,,stopped,0,0,20,
2026-08-05T13:40:48.291,629.528,selfie,35.9238196,139.910599,15.685,0,TRUE,24,1,35.923076,139.9102107,89.77285997,,37.14,1009.759844,38.49804688,214.5,0.6875,-8.875,0.18,1.58,9.48,0.0625,0,-0.125,255,,stopped,0,0,20,
2026-08-05T13:40:48.791,630.029,selfie,35.9238196,139.910599,15.685,0,TRUE,24,1,35.923076,139.9102107,89.77285997,,35.89,1008.251523,38.40527344,214.5,0.6875,-8.875,1.45,1.58,9.52,0,0,-0.125,255,,stopped,0,0,20,
2026-08-05T13:40:49.292,630.53,selfie,35.9238196,139.910599,15.685,0,TRUE,24,1,35.923076,139.9102107,89.77285997,,37.16,1009.744922,38.39453125,214.5,0.6875,-8.875,0.17,1.59,9.53,0.0625,0.0625,0.0625,255,,stopped,0,0,20,
2026-08-05T13:40:49.794,631.032,selfie,35.9238196,139.910599,15.685,0,TRUE,24,1,35.923076,139.9102107,89.77285997,,37.17,1009.780313,38.37109375,214.5,0.6875,-8.875,0.17,1.58,9.52,0.125,0,0.25,255,,stopped,0,0,20,
2026-08-05T13:40:50.294,631.532,selfie,35.9238196,139.910599,15.685,0,TRUE,24,1,35.923076,139.9102107,89.77285997,,37.21,1009.816602,38.14160156,214.5,0.6875,-8.875,0.16,1.6,9.5,0,0.125,-0.0625,255,,stopped,0,0,20,
2026-08-05T13:40:50.802,632.04,selfie,35.9238196,139.910599,15.685,0,TRUE,24,1,35.923076,139.9102107,89.77285997,,37.21,1009.769922,38.28125,214.5,0.6875,-8.875,0.16,1.59,9.52,-0.0625,0.125,-0.0625,255,,stopped,0,0,20,
2026-08-05T13:40:51.303,632.54,selfie,35.9238196,139.910599,15.685,0,TRUE,24,1,35.923076,139.9102107,89.77285997,,37.23,1009.821172,38.18945313,214.5,0.6875,-8.875,0.16,1.59,9.54,0.0625,0,-0.0625,255,,stopped,0,0,20,
2026-08-05T13:40:51.803,633.041,selfie,35.9238196,139.910599,15.685,0,TRUE,24,1,35.923076,139.9102107,89.77285997,,37.23,1009.691836,38.24804688,214.5,0.6875,-8.875,0.14,1.6,9.51,8,0.0625,0.0625,255,,stopped,0,0,20,
2026-08-05T13:40:52.304,633.541,selfie,35.9238196,139.910599,15.685,0,TRUE,24,1,35.923076,139.9102107,89.77285997,,37.27,1009.775156,38.22753906,214.5,0.6875,-8.875,0.14,1.59,9.53,0,0.0625,-0.0625,255,,stopped,0,0,20,
2026-08-05T13:40:52.804,634.041,selfie,35.9238196,139.910599,15.685,0,TRUE,24,1,35.923076,139.9102107,89.77285997,,37.26,1009.739727,38.203125,214.5,0.6875,-8.875,0.17,1.58,9.51,-0.125,-0.125,0.0625,255,,stopped,0,0,20,
2026-08-05T13:40:53.304,634.542,selfie,35.9238196,139.910599,15.685,0,TRUE,24,1,35.923076,139.9102107,89.77285997,,34.06,1004.81457,38.25292969,214.5,0.6875,-8.875,0.16,1.59,9.54,0,0,0,255,,stopped,0,0,20,
2026-08-05T13:40:53.805,635.042,selfie,35.9238196,139.910599,15.685,0,TRUE,24,1,35.923076,139.9102107,89.77285997,,37.3,1009.740664,38.21875,214.5,0.6875,-8.875,0.18,1.6,9.53,-0.0625,0.0625,0,255,,stopped,0,0,20,
2026-08-05T13:40:54.305,635.543,selfie,35.9238196,139.910599,15.685,0,TRUE,24,2,35.923076,139.9102107,89.77285997,,37.34,1009.749492,38.140625,214.5,0.6875,-8.875,0.18,1.6,9.53,0.0625,-0.0625,0,255,,stopped,0,0,20,
2026-08-05T13:40:54.805,636.043,selfie,35.9238196,139.910599,15.685,0,TRUE,24,2,35.923076,139.9102107,89.77285997,,37.35,1009.757422,38.140625,214.5,0.6875,-8.875,0.16,1.6,9.52,-0.0625,0.0625,0,255,,stopped,0,0,20,
2026-08-05T13:40:55.306,636.543,selfie,35.9238196,139.910599,15.685,0,TRUE,24,2,35.923076,139.9102107,89.77285997,,37.39,1009.71957,38.12109375,214.5,0.6875,-8.875,0.15,1.59,9.51,0.125,0,0,255,,stopped,0,0,20,
2026-08-05T13:40:55.806,637.044,selfie,35.9238196,139.910599,15.685,0,TRUE,24,2,35.923076,139.9102107,89.77285997,,37.4,1009.790352,38.08691406,214.5,0.6875,-8.875,0.16,1.58,9.53,0.0625,0.0625,-0.0625,255,,stopped,0,0,20,
2026-08-05T13:40:56.307,637.544,selfie,35.9238196,139.910599,15.685,0,TRUE,24,2,35.923076,139.9102107,89.77285997,,37.44,1009.791563,37.99609375,214.5,0.6875,-8.875,0.18,1.61,9.54,0,-0.125,-0.0625,255,,stopped,0,0,20,
2026-08-05T13:40:56.807,638.045,selfie,35.9238196,139.910599,15.685,0,TRUE,24,2,35.923076,139.9102107,89.77285997,,37.42,1009.739688,37.98339844,214.5,0.6875,-8.875,0.15,1.61,9.54,0.125,0,0,255,,stopped,0,0,20,
2026-08-05T13:40:57.307,638.545,selfie,35.9238196,139.910599,15.685,0,TRUE,24,2,35.923076,139.9102107,89.77285997,,37.45,1009.76043,37.92675781,214.5,0.6875,-8.875,0.17,1.58,9.52,0,0,0.125,255,,stopped,0,0,20,
2026-08-05T13:40:57.808,639.045,selfie,35.9238196,139.910599,15.685,0,TRUE,24,2,35.923076,139.9102107,89.77285997,,37.45,1009.787891,37.85644531,214.5,0.6875,-8.875,0.14,1.6,9.5,0.0625,-0.0625,-0.0625,255,,stopped,0,0,20,
2026-08-05T13:40:58.308,639.546,selfie,35.9238196,139.910599,15.685,0,TRUE,24,2,35.923076,139.9102107,89.77285997,,37.48,1009.753359,37.8828125,214.5,0.6875,-8.875,0.17,1.58,9.54,0.0625,0,0.0625,255,,stopped,0,0,20,
2026-08-05T13:40:58.809,640.046,selfie,35.9238196,139.910599,15.685,0,TRUE,24,2,35.923076,139.9102107,89.77285997,,37.48,1009.74543,37.87011719,214.5,0.6875,-8.875,0.17,1.59,9.54,-0.0625,-0.0625,-0.0625,255,,stopped,0,0,20,
2026-08-05T13:40:59.309,640.547,selfie,35.9238196,139.910599,15.685,0,TRUE,24,2,35.923076,139.9102107,89.77285997,,37.51,1009.746328,37.85058594,214.5,0.6875,-8.875,0.16,1.59,9.5,0.0625,0,0,255,,stopped,0,0,20,
2026-08-05T13:40:59.809,641.047,selfie,35.9238196,139.910599,15.685,0,TRUE,24,2,35.923076,139.9102107,89.77285997,,37.51,1009.765859,37.87304688,214.5,0.6875,-8.875,0.18,1.61,9.52,0.125,0.0625,-0.0625,255,,stopped,0,0,20,
2026-08-05T13:41:00.310,641.547,selfie,35.9238196,139.910599,15.685,0,TRUE,24,2,35.923076,139.9102107,89.77285997,,37.53,1009.750859,37.58203125,214.5,0.6875,-8.875,0.16,1.58,9.54,0.0625,0.0625,-0.125,255,,stopped,0,0,20,
2026-08-05T13:41:00.810,642.048,selfie,35.9238196,139.910599,15.685,0,TRUE,24,2,35.923076,139.9102107,89.77285997,,37.53,1009.778359,37.88671875,214.5,0.6875,-8.875,0.16,1.58,9.5,0,0.0625,0,255,,stopped,0,0,20,
2026-08-05T13:41:01.311,642.548,selfie,35.9238196,139.910599,15.685,0,TRUE,24,2,35.923076,139.9102107,89.77285997,,37.58,1009.677305,38.03027344,214.5,0.6875,-8.875,0.15,1.57,9.52,0.0625,-0.0625,0,191,,stopped,0,0,20,
2026-08-05T13:41:01.811,643.049,selfie,35.9238196,139.910599,15.685,0,TRUE,24,2,35.923076,139.9102107,89.77285997,,34.29,1004.626719,38.04980469,214.5,0.6875,-8.875,0.16,1.58,9.5,0,-0.125,0,191,,stopped,0,0,20,
2026-08-05T13:41:02.311,643.549,selfie,35.9238196,139.910599,15.685,0,TRUE,24,2,35.923076,139.9102107,89.77285997,,37.61,1009.752617,38.02148438,214.5,0.6875,-8.875,0.15,1.6,9.51,-0.0625,0,0.0625,191,,stopped,0,0,20,
2026-08-05T13:41:02.829,644.067,selfie,35.9238196,139.910599,15.685,0,TRUE,24,2,35.923076,139.9102107,89.77285997,,37.6,1009.717227,37.91601563,214.5,0.6875,-8.875,0.15,1.59,9.54,0,0.0625,0.0625,191,,stopped,0,0,20,
2026-08-05T13:41:03.338,644.576,selfie,35.9238196,139.910599,15.685,0,TRUE,24,2,35.923076,139.9102107,89.77285997,,34.17,1004.342344,38.06445313,214.5,0.6875,-8.875,0.14,1.61,9.52,0,0,0.0625,191,,stopped,0,0,20,
2026-08-05T13:41:03.839,645.076,selfie,35.9238196,139.910599,15.685,0,TRUE,24,2,35.923076,139.9102107,89.77285997,,37.63,1009.792266,38.0234375,214.5,0.6875,-8.875,0.17,1.58,9.5,0.0625,-0.125,0.0625,255,,stopped,0,0,20,
2026-08-05T13:41:04.339,645.577,selfie,35.9238196,139.910599,15.685,0,TRUE,24,2,35.923076,139.9102107,89.77285997,,37.66,1009.722344,37.87304688,214.5,0.6875,-8.875,0.16,1.59,9.51,0,0.0625,0,255,,stopped,0,0,20,
2026-08-05T13:41:04.839,646.077,selfie,35.9238196,139.910599,15.685,0,TRUE,24,2,35.923076,139.9102107,89.77285997,,37.66,1009.749766,37.89648438,214.5,0.6875,-8.875,0.14,1.58,9.52,0,0,-0.125,255,,stopped,0,0,20,
2026-08-05T13:41:05.340,646.577,selfie,35.9238196,139.910599,15.685,0,TRUE,24,2,35.923076,139.9102107,89.77285997,,37.71,1009.774727,38.01855469,214.5,0.6875,-8.875,0.15,1.59,9.52,0,0,-0.0625,255,,stopped,0,0,20,
2026-08-05T13:41:05.840,647.078,selfie,35.9238196,139.910599,15.685,0,TRUE,24,2,35.923076,139.9102107,89.77285997,,37.72,1009.735625,37.95996094,214.5,0.6875,-8.875,0.16,1.58,9.51,0,0.0625,0.0625,255,,stopped,0,0,20,
2026-08-05T13:41:06.340,647.578,selfie,35.9238196,139.910599,15.685,0,TRUE,24,2,35.923076,139.9102107,89.77285997,,37.76,1009.744414,37.99902344,214.5,0.6875,-8.875,0.15,1.59,9.53,0,0.0625,0.125,255,,stopped,0,0,20,
2026-08-05T13:41:06.841,648.078,selfie,35.9238196,139.910599,15.685,0,TRUE,24,2,35.923076,139.9102107,89.77285997,,37.77,1009.760273,38.046875,214.5,0.6875,-8.875,0.2,1.6,9.5,-0.0625,-0.0625,0.125,255,,stopped,0,0,20,
2026-08-05T13:41:07.341,648.579,selfie,35.9238196,139.910599,15.685,0,TRUE,24,2,35.923076,139.9102107,89.77285997,,35.41,1006.031445,37.86523438,214.5,0.6875,-8.875,0.16,1.6,9.52,0,-0.0625,0.125,255,,stopped,0,0,20,
2026-08-05T13:41:07.842,649.079,selfie,35.9238196,139.910599,15.685,0,TRUE,24,2,35.923076,139.9102107,89.77285997,,37.79,1009.717773,37.80273438,214.5,0.6875,-8.875,0.17,1.61,9.52,0.0625,0.0625,0.0625,255,,stopped,0,0,20,
2026-08-05T13:41:08.342,649.58,selfie,35.9238196,139.910599,15.685,0,TRUE,25,2,35.923076,139.9102107,89.77285997,,37.82,1009.730234,37.79296875,214.5,0.6875,-8.875,0.15,1.58,9.49,0,0,-0.0625,191,,stopped,0,0,20,
2026-08-05T13:41:08.847,650.084,selfie,35.9238196,139.910599,15.685,0,TRUE,25,2,35.923076,139.9102107,89.77285997,,37.82,1009.785195,37.67578125,214.5,0.6875,-8.875,0.16,1.58,9.53,-0.0625,0,-0.0625,191,,stopped,0,0,20,
2026-08-05T13:41:09.347,650.585,selfie,35.9238196,139.910599,15.685,0,TRUE,26,2,35.923076,139.9102107,89.77285997,,37.87,1009.746914,37.69042969,222.5,0.6875,-8.875,0.18,1.58,9.53,-0.125,0,0.0625,191,,stopped,0,0,20,
2026-08-05T13:41:09.848,651.085,selfie,35.9238196,139.910599,15.685,0,TRUE,26,2,35.923076,139.9102107,89.77285997,,37.87,1009.809805,37.69140625,214.5,0.6875,-8.875,0.17,1.58,9.51,0.0625,-0.0625,-0.0625,191,,stopped,0,0,20,
2026-08-05T13:41:10.348,651.586,selfie,35.9238196,139.910599,15.685,0,TRUE,26,2,35.923076,139.9102107,89.77285997,,37.9,1009.748047,37.92871094,214.5,0.6875,-8.875,0.17,1.6,9.52,0.0625,-0.125,0.0625,191,,stopped,0,0,20,
2026-08-05T13:41:10.848,652.086,selfie,35.9238196,139.910599,15.685,0,TRUE,26,2,35.923076,139.9102107,89.77285997,,37.91,1009.818828,37.75292969,214.5,0.6875,-8.875,0.15,1.58,9.54,-0.0625,-0.0625,0,191,,stopped,0,0,20,
2026-08-05T13:41:11.349,652.586,selfie,35.9238196,139.910599,15.685,0,TRUE,26,2,35.923076,139.9102107,89.77285997,,37.94,1009.721367,37.68554688,214.5,0.6875,-8.875,0.17,1.61,9.52,-0.125,0,-0.0625,191,,stopped,0,0,20,
2026-08-05T13:41:11.849,653.087,selfie,35.9238196,139.910599,15.685,0,TRUE,26,2,35.923076,139.9102107,89.77285997,,35.46,1005.848711,37.65820313,214.5,0.6875,-8.875,0.16,1.59,9.57,0,0,0,191,,stopped,0,0,20,
2026-08-05T13:41:12.350,653.587,selfie,35.9238196,139.910599,15.685,0,TRUE,26,2,35.923076,139.9102107,89.77285997,,37.96,1009.761328,37.48828125,214.5,0.6875,-0.875,0.16,1.61,9.51,-0.0625,-0.0625,0.0625,191,,stopped,0,0,20,
2026-08-05T13:41:12.850,654.088,selfie,35.9238196,139.910599,15.685,0,TRUE,26,2,35.923076,139.9102107,89.77285997,,37.97,1009.796719,37.46582031,214.5,0.6875,-8.875,0.15,1.59,9.53,0.125,-0.3125,0.125,191,,stopped,0,0,20,
2026-08-05T13:41:13.350,654.588,selfie,35.9238196,139.910599,15.685,0,TRUE,26,2,35.923076,139.9102107,89.77285997,,37.98,1009.710547,37.44238281,214.5,0.6875,-8.875,0.17,1.58,9.52,0.125,0,0.125,191,,stopped,0,0,20,
2026-08-05T13:41:13.851,655.088,selfie,35.9238196,139.910599,15.685,0,TRUE,26,2,35.923076,139.9102107,89.77285997,,37.99,1009.671719,37.33886719,214.5,0.6875,-8.875,0.16,1.59,9.55,0,-0.125,-0.0625,191,,stopped,0,0,20,
2026-08-05T13:41:14.351,655.589,selfie,35.9238196,139.910599,15.685,0,TRUE,26,2,35.923076,139.9102107,89.77285997,,38.01,1009.758398,37.08203125,214.5,0.6875,-8.875,0.16,1.59,9.52,0.0625,0.0625,-0.125,191,,stopped,0,0,20,
2026-08-05T13:41:14.852,656.089,selfie,35.9238196,139.910599,15.685,0,TRUE,26,2,35.923076,139.9102107,89.77285997,,38.01,1009.785898,37.1640625,214.5,0.6875,-8.875,0.16,1.58,9.53,-0.0625,-0.125,-0.0625,191,,stopped,0,0,20,
2026-08-05T13:41:15.352,656.59,selfie,35.9238196,139.910599,15.685,0,TRUE,26,2,35.923076,139.9102107,89.77285997,,38.05,1009.77875,37.03710938,214.5,0.6875,-8.875,0.16,1.59,9.54,0.0625,-0.0625,0.0625,191,,stopped,0,0,20,
2026-08-05T13:41:15.852,657.09,selfie,35.9238196,139.910599,15.685,0,TRUE,26,2,35.923076,139.9102107,89.77285997,,38.03,1009.70793,37.04882813,222.5,0.6875,-8.875,0.17,1.57,9.49,0.125,0,-0.0625,191,,stopped,0,0,20,
2026-08-05T13:41:16.353,657.59,selfie,35.9238196,139.910599,15.685,0,TRUE,26,2,35.923076,139.9102107,89.77285997,,38.07,1009.763711,36.91015625,214.5,0.6875,-8.875,0.16,1.58,9.51,-0.0625,-0.0625,0.0625,191,,stopped,0,0,20,
2026-08-05T13:41:16.853,658.091,selfie,35.9238196,139.910599,15.685,0,TRUE,26,2,35.923076,139.9102107,89.77285997,,38.08,1009.771641,36.8515625,214.5,0.6875,-8.875,0.18,1.58,9.51,0,0.0625,0.125,191,,stopped,0,0,20,
2026-08-05T13:41:17.354,658.591,selfie,35.9238196,139.910599,15.685,0,TRUE,26,2,35.923076,139.9102107,89.77285997,,38.11,1009.764492,36.95996094,214.5,0.6875,-8.875,0.16,1.6,9.52,0.0625,-0.125,0.0625,191,,stopped,0,0,20,
2026-08-05T13:41:17.867,659.105,selfie,35.9238196,139.910599,15.685,0,TRUE,26,2,35.923076,139.9102107,89.77285997,,38.1,1009.756602,36.73730469,222.5,0.6875,-8.875,0.16,1.58,9.52,0,-0.0625,0,191,,stopped,0,0,20,
2026-08-05T13:41:18.370,659.607,selfie,35.9238196,139.910599,15.685,0,TRUE,26,2,35.923076,139.9102107,89.77285997,,38.14,1009.737813,36.88085938,214.5,0.6875,-8.875,0.15,1.57,9.55,0,0.0625,-0.0625,191,,stopped,0,0,20,
2026-08-05T13:41:18.870,660.108,selfie,35.9238196,139.910599,15.685,0,TRUE,26,2,35.923076,139.9102107,89.77285997,,38.13,1009.749453,36.96191406,214.5,0.6875,-8.875,0.16,1.59,9.52,0.0625,-0.125,0.0625,191,,stopped,0,0,20,
2026-08-05T13:41:19.370,660.608,selfie,35.9238196,139.910599,15.685,0,TRUE,26,2,35.923076,139.9102107,89.77285997,,38.16,1009.769492,37.01171875,214.5,0.6875,-8.875,0.16,1.57,9.49,0,-0.0625,0.0625,191,,stopped,0,0,20,
2026-08-05T13:41:19.871,661.108,selfie,35.9238196,139.910599,15.685,0,TRUE,26,2,35.923076,139.9102107,89.77285997,,38.17,1009.758164,37.0234375,214.5,0.6875,-8.875,0.15,1.59,9.54,0,0.0625,-0.125,191,,stopped,0,0,20,
2026-08-05T13:41:20.371,661.609,selfie,35.9238196,139.910599,15.685,0,TRUE,26,2,35.923076,139.9102107,89.77285997,,38.2,1009.797773,37.04882813,214.5,0.6875,-8.875,0.16,1.59,9.5,0.0625,0,0.0625,191,,stopped,0,0,20,
2026-08-05T13:41:20.871,662.109,selfie,35.9238196,139.910599,15.685,0,TRUE,26,2,35.923076,139.9102107,89.77285997,,38.19,1009.789844,37.04882813,214.5,0.6875,-8.875,0.14,1.6,9.52,0.0625,0.1875,0,191,,stopped,0,0,20,
2026-08-05T13:41:21.373,662.611,selfie,35.9238196,139.910599,15.685,0,TRUE,26,2,35.923076,139.9102107,89.77285997,,38.25,1009.767617,37.04199219,214.5,0.6875,-8.875,0.16,1.6,9.55,0,0,-0.0625,191,,stopped,0,0,20,
2026-08-05T13:41:21.874,663.111,selfie,35.9238196,139.910599,15.685,0,TRUE,26,2,35.923076,139.9102107,89.77285997,,38.26,1009.975938,37.06640625,214.5,0.6875,-8.875,0.16,1.58,9.52,0,-0.0625,0.0625,191,,stopped,0,0,20,
2026-08-05T13:41:22.374,663.612,selfie,35.9238196,139.910599,15.685,0,TRUE,26,2,35.923076,139.9102107,89.77285997,,38.32,1010.621602,37.12988281,214.5,0.6875,-8.875,0.14,1.58,9.52,-0.0625,0.0625,0.0625,191,,stopped,0,0,20,
2026-08-05T13:41:22.875,664.112,selfie,35.9238196,139.910599,15.685,0,TRUE,26,2,35.923076,139.9102107,89.77285997,,38.32,1009.761211,37.10546875,214.5,0.6875,-8.875,0.18,1.6,9.54,8.0625,-0.125,0,191,,stopped,0,0,20,
2026-08-05T13:41:23.375,664.613,selfie,35.9238196,139.910599,15.685,0,TRUE,26,2,35.923076,139.9102107,89.77285997,,38.34,1009.76543,36.91992188,214.5,0.6875,-8.875,0.15,1.57,9.5,-0.0625,0.0625,0,191,,stopped,0,0,20,
2026-08-05T13:41:23.875,665.113,selfie,35.9238196,139.910599,15.685,0,TRUE,26,2,35.923076,139.9102107,89.77285997,,38.35,1009.789766,36.89746094,214.5,0.6875,-8.875,0.15,1.59,9.51,0,0.125,0,191,,stopped,0,0,20,
2026-08-05T13:41:24.376,665.613,selfie,35.9238196,139.910599,15.685,0,TRUE,26,2,35.923076,139.9102107,89.77285997,,38.36,1009.687695,36.9453125,214.5,0.6875,-8.875,0.17,1.59,9.53,0.0625,0,-0.125,191,,stopped,0,0,20,
2026-08-05T13:41:24.876,666.114,selfie,35.9238196,139.910599,15.685,0,TRUE,26,2,35.923076,139.9102107,89.77285997,,38.37,1009.766484,36.93457031,214.5,0.6875,-8.875,0.16,1.59,9.52,0.125,0.0625,-0.0625,191,,stopped,0,0,20,
2026-08-05T13:41:25.377,666.614,selfie,35.9238196,139.910599,15.685,0,TRUE,26,2,35.923076,139.9102107,89.77285997,,38.39,1009.845547,36.99414063,214.5,0.6875,-8.875,0.17,1.58,9.51,0.0625,-0.125,0.0625,191,,stopped,0,0,20,
2026-08-05T13:41:25.877,667.114,selfie,35.9238196,139.910599,15.685,0,TRUE,26,2,35.923076,139.9102107,89.77285997,,38.39,1009.743438,36.98242188,222.5,0.6875,-8.875,0.15,1.58,9.53,0,-0.125,0,191,,stopped,0,0,20,
2026-08-05T13:41:26.377,667.615,selfie,35.9238196,139.910599,15.685,0,TRUE,26,2,35.923076,139.9102107,89.77285997,,38.43,1009.74418,36.75195313,214.5,0.6875,-8.875,0.15,1.58,9.55,0,0,-0.0625,191,,stopped,0,0,20,
2026-08-05T13:41:26.878,668.115,selfie,35.9238196,139.910599,15.685,0,TRUE,26,2,35.923076,139.9102107,89.77285997,,38.43,1009.752109,36.72851563,214.5,0.6875,-8.875,0.17,1.58,9.52,0,-0.125,0,191,,stopped,0,0,20,
2026-08-05T13:41:27.378,668.616,selfie,35.9238196,139.910599,15.685,0,TRUE,26,2,35.923076,139.9102107,89.77285997,,38.46,1009.792031,36.64746094,214.5,0.6875,-8.875,0.15,1.58,9.54,0,-0.0625,0.125,191,,stopped,0,0,20,
2026-08-05T13:41:27.878,669.116,selfie,35.9238196,139.910599,15.685,0,TRUE,26,2,35.923076,139.9102107,89.77285997,,38.46,1009.717422,36.6484375,214.5,0.6875,-8.875,0.16,1.59,9.54,0.125,0.0625,-0.0625,191,,stopped,0,0,20,
2026-08-05T13:41:28.379,669.616,selfie,35.9238196,139.910599,15.685,0,TRUE,26,2,35.923076,139.9102107,89.77285997,,38.49,1009.792773,36.65136719,214.5,0.6875,-8.875,0.16,1.6,9.53,-0.0625,0,-0.125,191,,stopped,0,0,20,
2026-08-05T13:41:28.879,670.117,selfie,35.9238196,139.910599,15.685,0,TRUE,26,2,35.923076,139.9102107,89.77285997,,38.49,1009.729844,36.55664063,214.5,0.6875,-8.875,0.16,1.58,9.52,-0.0625,0.0625,-0.0625,191,,stopped,0,0,20,
2026-08-05T13:41:29.380,670.617,selfie,35.9238196,139.910599,15.685,0,TRUE,26,2,35.923076,139.9102107,89.77285997,,38.48,1009.749414,36.63769531,214.5,0.6875,-8.875,0.16,1.58,9.52,0,0,0.1875,191,,stopped,0,0,20,
2026-08-05T13:41:29.880,671.118,selfie,35.9238196,139.910599,15.685,0,TRUE,26,2,35.923076,139.9102107,89.77285997,,38.48,1009.776914,36.54394531,214.5,0.6875,-8.875,0.16,1.58,9.53,0,-0.125,0,191,,stopped,0,0,20,
2026-08-05T13:41:30.380,671.618,selfie,35.9238196,139.910599,15.685,0,TRUE,26,2,35.923076,139.9102107,89.77285997,,38.54,1009.746406,36.60742188,214.5,0.6875,-8.875,0.18,1.6,9.5,0,-0.0625,-0.125,191,,stopped,0,0,20,
2026-08-05T13:41:30.881,672.118,selfie,35.9238196,139.910599,15.685,0,TRUE,26,2,35.923076,139.9102107,89.77285997,,38.53,1009.765977,36.61816406,214.5,0.6875,-8.875,0.18,1.59,9.54,0,0.125,-0.0625,191,,stopped,0,0,20,
2026-08-05T13:41:31.381,672.619,selfie,35.9238196,139.910599,15.685,0,TRUE,27,2,35.923076,139.9102107,89.77285997,,38.58,1009.755039,36.65722656,214.5,0.6875,-8.875,0.15,1.59,9.54,-0.0625,0,0,191,,stopped,0,0,20,
2026-08-05T13:41:31.909,673.146,selfie,35.9238196,139.910599,15.685,0,TRUE,27,2,35.923076,139.9102107,89.77285997,,38.57,1009.766719,36.52734375,214.5,0.6875,-8.875,0.15,1.58,9.5,-0.1875,-0.0625,0.0625,191,,stopped,0,0,20,
2026-08-05T13:41:32.409,673.647,selfie,35.9238196,139.910599,15.685,0,TRUE,27,2,35.923076,139.9102107,89.77285997,,38.6,1009.731992,36.40039063,214.5,0.6875,-8.875,0.14,1.56,9.51,0.0625,-0.25,0.125,191,,stopped,0,0,20,
2026-08-05T13:41:32.910,674.147,selfie,35.9238196,139.910599,15.685,0,TRUE,27,2,35.923076,139.9102107,89.77285997,,38.6,1009.794922,36.44726563,214.5,0.6875,-8.875,1.47,1.57,9.51,0.0625,-0.0625,0.0625,191,,stopped,0,0,20,
2026-08-05T13:41:33.410,674.648,selfie,35.9238196,139.910599,15.685,0,TRUE,27,2,35.923076,139.9102107,89.77285997,,38.65,1009.819414,36.56835938,214.5,0.6875,-8.875,0.14,1.58,9.53,0.125,-0.0625,0,191,,stopped,0,0,20,
2026-08-05T13:41:33.910,675.148,selfie,35.9238196,139.910599,15.685,0,TRUE,27,2,35.923076,139.9102107,89.77285997,,38.65,1009.783984,36.56835938,214.5,0.6875,-8.875,0.16,1.58,9.52,0,-0.125,-0.0625,191,,stopped,0,0,20,
2026-08-05T13:41:34.411,675.648,selfie,35.9238196,139.910599,15.685,0,TRUE,27,2,35.923076,139.9102107,89.77285997,,38.65,1009.736836,36.54492188,214.5,0.6875,-8.875,0.17,1.59,9.54,-0.0625,-0.0625,0,191,,stopped,0,0,20,
2026-08-05T13:41:34.911,676.149,selfie,35.9238196,139.910599,15.685,0,TRUE,27,2,35.923076,139.9102107,89.77285997,,38.67,1009.788438,36.40625,214.5,0.6875,-8.875,0.17,1.58,9.51,-0.0625,-0.0625,0.25,191,,stopped,0,0,20,
2026-08-05T13:41:35.412,676.649,selfie,35.9238196,139.910599,15.685,0,TRUE,27,2,35.923076,139.9102107,89.77285997,,38.72,1009.785391,36.33984375,214.5,0.6875,-8.875,0.15,1.58,9.54,0,0.0625,-0.0625,191,,stopped,0,0,20,
2026-08-05T13:41:35.912,677.15,selfie,35.9238196,139.910599,15.685,0,TRUE,27,2,35.923076,139.9102107,89.77285997,,38.7,1009.734102,36.34960938,214.5,0.6875,-8.875,0.19,1.58,9.5,0,0.125,0,191,,stopped,0,0,20,
2026-08-05T13:41:36.412,677.65,selfie,35.9238196,139.910599,15.685,0,TRUE,28,2,35.923076,139.9102107,89.77285997,,38.74,1009.789805,36.0234375,214.5,0.6875,-8.875,0.15,1.58,9.51,0,-0.125,-0.0625,191,,stopped,0,0,20,
2026-08-05T13:41:36.913,678.15,selfie,35.9238196,139.910599,15.685,0,TRUE,28,2,35.923076,139.9102107,89.77285997,,38.74,1009.734766,36.12988281,214.5,0.6875,-8.875,0.16,1.59,9.53,-0.0625,0.125,0.0625,191,,stopped,0,0,20,
2026-08-05T13:41:37.413,678.651,selfie,35.9238196,139.910599,15.685,0,TRUE,28,2,35.923076,139.9102107,89.77285997,,38.79,1009.751328,36.05078125,214.5,0.6875,-8.875,0.17,1.59,9.54,-0.0625,-0.125,-0.125,191,,stopped,0,0,20,
2026-08-05T13:41:37.914,679.151,selfie,35.9238196,139.910599,15.685,0,TRUE,28,2,35.923076,139.9102107,89.77285997,,38.79,1009.814297,36.02734375,214.5,0.6875,-8.875,0.15,1.58,9.55,0,0,-0.125,191,,stopped,0,0,20,
2026-08-05T13:41:38.414,679.652,selfie,35.9238196,139.910599,15.685,0,TRUE,28,2,35.923076,139.9102107,89.77285997,,38.84,1009.803867,35.984375,214.5,0.6875,-8.875,0.16,1.58,9.51,0,0.125,0,191,,stopped,0,0,20,
2026-08-05T13:41:38.914,680.152,selfie,35.9238196,139.910599,15.685,0,TRUE,28,2,35.923076,139.9102107,89.77285997,,38.84,1009.803867,35.984375,214.5,0.6875,-8.875,0.17,1.58,9.5,0,-0.1875,0.125,191,,stopped,0,0,20,
2026-08-05T13:41:39.415,680.652,selfie,35.9238196,139.910599,15.685,0,TRUE,28,2,35.923076,139.9102107,89.77285997,,38.87,1009.741289,35.89257813,214.5,0.6875,-8.875,0.16,1.58,9.53,0,-0.0625,0.0625,191,,stopped,0,0,20,
2026-08-05T13:41:39.915,681.153,selfie,35.9238196,139.910599,15.685,0,TRUE,28,2,35.923076,139.9102107,89.77285997,,38.87,1009.768828,35.88085938,214.5,0.6875,-8.875,0.18,1.6,9.53,0.0625,0.0625,-0.1875,191,,stopped,0,0,20,
2026-08-05T13:41:40.415,681.653,selfie,35.9238196,139.910599,15.685,0,TRUE,28,2,35.923076,139.9102107,89.77285997,,38.89,1009.745742,35.69433594,214.5,0.6875,-8.875,0.18,1.57,9.54,0.0625,-0.125,0,191,,stopped,0,0,20,
2026-08-05T13:41:40.916,682.153,selfie,35.9238196,139.910599,15.685,0,TRUE,28,2,35.923076,139.9102107,89.77285997,,38.89,1009.718203,35.68261719,214.5,0.6875,-0.875,0.15,1.58,9.52,-0.0625,-0.0625,0,255,,stopped,0,0,20,
2026-08-05T13:41:41.416,682.654,selfie,35.9238196,139.910599,15.685,0,TRUE,28,2,35.923076,139.9102107,89.77285997,,38.91,1009.840664,35.62597656,214.5,0.6875,-8.875,0.16,1.58,9.55,0,-0.0625,0.0625,191,,stopped,0,0,20,
2026-08-05T13:41:41.917,683.154,selfie,35.9238196,139.910599,15.685,0,TRUE,28,2,35.923076,139.9102107,89.77285997,,38.91,1009.758086,35.60253906,214.5,0.6875,-8.875,0.18,1.57,9.53,0,0,0,191,,stopped,0,0,20,
2026-08-05T13:41:42.417,683.655,selfie,35.9238196,139.910599,15.685,0,TRUE,28,2,35.923076,139.9102107,89.77285997,,38.96,1009.755,35.60644531,214.5,0.6875,-8.875,0.17,1.59,9.54,-0.0625,0.0625,-0.1875,191,,stopped,0,0,20,
2026-08-05T13:41:42.917,684.155,selfie,35.9238196,139.910599,15.685,0,TRUE,28,2,35.923076,139.9102107,89.77285997,,38.96,1009.802109,35.58203125,214.5,0.6875,-8.875,0.17,1.58,9.54,0,-0.0625,-0.125,191,,stopped,0,0,20,
2026-08-05T13:41:43.418,684.655,selfie,35.9238196,139.910599,15.685,0,TRUE,28,2,35.923076,139.9102107,89.77285997,,39.01,1009.763555,35.515625,214.5,0.6875,-8.875,0.17,1.58,9.53,-0.0625,0,0.0625,191,,stopped,0,0,20,
2026-08-05T13:41:43.918,685.156,selfie,35.9238196,139.910599,15.685,0,TRUE,28,2,35.923076,139.9102107,89.77285997,,38.58,1009.094805,35.59960938,214.5,0.6875,-8.875,0.16,1.58,9.54,0,-0.125,-0.0625,191,,stopped,0,0,20,
2026-08-05T13:41:44.419,685.656,selfie,35.9238196,139.910599,15.685,0,TRUE,28,2,35.923076,139.9102107,89.77285997,,39.05,1009.725273,35.53125,214.5,0.6875,-8.875,0.16,1.58,9.55,0,0.0625,0,191,,stopped,0,0,20,
2026-08-05T13:41:44.919,686.156,selfie,35.9238196,139.910599,15.685,0,TRUE,28,2,35.923076,139.9102107,89.77285997,,39.05,1009.74457,35.53027344,214.5,0.6875,-8.875,0.15,1.59,9.55,0,0,0,191,,stopped,0,0,20,
2026-08-05T13:41:45.419,686.657,selfie,35.9238196,139.910599,15.685,0,TRUE,28,2,35.923076,139.9102107,89.77285997,,39.07,1009.756914,35.49707031,214.5,0.6875,-8.875,0.17,1.59,9.53,0,0.0625,-0.125,191,,stopped,0,0,20,
2026-08-05T13:41:45.920,687.157,selfie,35.9238196,139.910599,15.685,0,TRUE,28,2,35.923076,139.9102107,89.77285997,,39.07,1009.729414,35.50878906,214.5,0.6875,-8.875,0.16,1.57,9.54,0.0625,0.0625,-0.0625,191,,stopped,0,0,20,
2026-08-05T13:41:46.420,687.658,selfie,35.9238196,139.910599,15.685,0,TRUE,28,2,35.923076,139.9102107,89.77285997,,39.12,1009.71832,35.51269531,214.5,0.6875,-8.875,0.14,1.57,9.53,0,0.0625,0.125,191,,stopped,0,0,20,
2026-08-05T13:41:46.921,688.158,selfie,35.9238196,139.910599,15.685,0,TRUE,28,2,35.923076,139.9102107,89.77285997,,39.12,1009.781641,35.47753906,214.5,0.6875,-8.875,0.15,1.56,9.51,0,-0.125,0.0625,191,,stopped,0,0,20,
2026-08-05T13:41:47.421,688.659,selfie,35.9238196,139.910599,15.685,0,TRUE,28,2,35.923076,139.9102107,89.77285997,,39.15,1009.774023,35.32714844,214.5,0.6875,-8.875,0.17,1.58,9.51,-0.125,0.0625,-0.0625,191,,stopped,0,0,20,
2026-08-05T13:41:47.921,689.159,selfie,35.9238196,139.910599,15.685,0,TRUE,28,2,35.923076,139.9102107,89.77285997,,39.16,1009.809766,35.39746094,214.5,0.6875,-8.875,0.15,1.58,9.53,0.0625,-0.125,-0.125,191,,stopped,0,0,20,
2026-08-05T13:41:48.423,689.661,selfie,35.9238196,139.910599,15.685,0,TRUE,28,2,35.923076,139.9102107,89.77285997,,39.19,1009.802188,35.33007813,214.5,0.6875,-8.875,0.16,1.57,9.54,0,-0.0625,0,191,,stopped,0,0,20,
2026-08-05T13:41:48.923,690.161,selfie,35.9238196,139.910599,15.685,0,TRUE,28,2,35.923076,139.9102107,89.77285997,,39.19,1009.774648,35.25976563,214.5,0.6875,-8.875,0.18,1.6,9.54,0.0625,-0.125,0.0625,191,,stopped,0,0,20,
2026-08-05T13:41:49.424,690.661,selfie,35.9238196,139.910599,15.685,0,TRUE,28,2,35.923076,139.9102107,89.77285997,,39.21,1010.47543,34.90820313,214.5,0.6875,-8.875,0.16,1.55,9.53,0.0625,0.125,0.0625,191,,stopped,0,0,20,
2026-08-05T13:41:49.924,691.162,selfie,35.9238196,139.910599,15.685,0,TRUE,28,2,35.923076,139.9102107,89.77285997,,39.22,1009.794883,34.83789063,214.5,0.6875,-8.875,0.16,1.59,9.52,0.0625,0.0625,0.125,191,,stopped,0,0,20,
2026-08-05T13:41:50.426,691.664,selfie,35.9238196,139.910599,15.685,0,TRUE,28,2,35.923076,139.9102107,89.77285997,,39.24,1009.791445,34.80371094,214.5,0.6875,-8.875,0.16,1.57,9.54,-0.125,-0.125,0,191,,stopped,0,0,20,
2026-08-05T13:41:50.927,692.164,selfie,35.9238196,139.910599,15.685,0,TRUE,28,2,35.923076,139.9102107,89.77285997,,35.42,1004.670703,34.796875,214.5,0.6875,-8.875,0.16,1.55,9.51,0.0625,-0.0625,-0.0625,191,,stopped,0,0,20,
2026-08-05T13:41:51.427,692.665,selfie,35.9238196,139.910599,15.685,0,TRUE,28,2,35.923076,139.9102107,89.77285997,,39.23,1009.783477,34.58007813,222.5,0.6875,-8.875,0.15,1.58,9.53,0.0625,0.125,0,191,,stopped,0,0,20,
2026-08-05T13:41:51.928,693.165,selfie,35.9238196,139.910599,15.685,0,TRUE,28,2,35.923076,139.9102107,89.77285997,,39.24,1009.846484,34.54492188,214.5,0.6875,-8.875,0.16,1.58,9.51,0,0.0625,0.125,191,,stopped,0,0,20,
2026-08-05T13:41:52.428,693.666,selfie,35.9238196,139.910599,15.685,0,TRUE,28,2,35.923076,139.9102107,89.77285997,,39.26,1009.823359,34.7578125,214.5,0.6875,-8.875,0.17,1.56,9.54,0.125,0,0,191,,stopped,0,0,20,
2026-08-05T13:41:52.928,694.166,selfie,35.9238196,139.910599,15.685,0,TRUE,28,2,35.923076,139.9102107,89.77285997,,39.26,1009.768281,34.65234375,214.5,0.6875,-8.875,0.16,1.56,9.53,0,-0.0625,-0.0625,191,,stopped,0,0,20,
2026-08-05T13:41:53.429,694.666,selfie,35.9238196,139.910599,15.685,0,TRUE,28,2,35.923076,139.9102107,89.77285997,,39.25,1009.78793,34.67480469,214.5,0.6875,-8.875,0.17,1.58,9.54,0.0625,-0.0625,0,191,,stopped,0,0,20,
2026-08-05T13:41:53.929,695.167,selfie,35.9238196,139.910599,15.685,0,TRUE,28,2,35.923076,139.9102107,89.77285997,,36.04,1004.784063,34.70410156,214.5,0.6875,-8.875,0.16,1.58,9.55,-0.125,-0.0625,0.0625,191,,stopped,0,0,20,
2026-08-05T13:41:54.430,695.667,selfie,35.9238196,139.910599,15.685,0,TRUE,28,2,35.923076,139.9102107,89.77285997,,35.4,1003.708164,34.57421875,214.5,0.6875,-8.875,0.15,1.58,9.54,0,-0.0625,0.0625,191,,stopped,0,0,20,
2026-08-05T13:41:54.981,696.218,selfie,35.9238196,139.910599,15.685,0,TRUE,28,2,35.923076,139.9102107,89.77285997,,39.29,1009.768906,34.46679688,214.5,0.6875,-8.875,0.17,1.58,9.55,0,-0.0625,0.0625,191,,stopped,0,0,20,
2026-08-05T13:41:55.481,696.719,selfie,35.9238196,139.910599,15.685,0,TRUE,28,2,35.923076,139.9102107,89.77285997,,39.3,1009.729961,34.38476563,214.5,0.6875,-8.875,0.16,1.59,9.5,0,-0.0625,0.0625,191,,stopped,0,0,20,
2026-08-05T13:41:55.981,697.219,selfie,35.9238196,139.910599,15.685,0,TRUE,28,2,35.923076,139.9102107,89.77285997,,35.76,1004.209766,34.37890625,214.5,0.6875,-8.875,0.14,1.57,9.54,0.0625,-0.0625,-0.0625,191,,stopped,0,0,20,
2026-08-05T13:41:56.482,697.719,selfie,35.9238196,139.910599,15.685,0,TRUE,28,2,35.923076,139.9102107,89.77285997,,38.87,1009.053242,34.32910156,214.5,0.6875,-8.875,0.17,1.58,9.53,0,-0.1875,0.0625,191,,stopped,0,0,20,
2026-08-05T13:41:56.982,698.22,selfie,35.9238196,139.910599,15.685,0,TRUE,28,2,35.923076,139.9102107,89.77285997,,39.31,1009.77332,34.26855469,214.5,0.6875,-8.875,0.17,1.59,9.53,0,8,-0.0625,191,,stopped,0,0,20,
2026-08-05T13:41:57.483,698.72,selfie,35.9238196,139.910599,15.685,0,TRUE,28,2,35.923076,139.9102107,89.77285997,,39.34,1009.813203,34.140625,214.5,0.6875,-8.875,0.18,1.58,9.51,0,-0.0625,0.0625,191,,stopped,0,0,20,
2026-08-05T13:41:57.983,699.221,selfie,35.9238196,139.910599,15.685,0,TRUE,28,2,35.923076,139.9102107,89.77285997,,39.33,1009.750195,34.19921875,214.5,0.6875,-8.875,0.17,1.57,9.51,0.0625,-0.125,0,191,,stopped,0,0,20,
2026-08-05T13:41:58.483,699.721,selfie,35.9238196,139.910599,15.685,0,TRUE,28,2,35.923076,139.9102107,89.77285997,,39.34,1009.813203,33.97558594,214.5,0.6875,-8.875,0.17,1.59,9.54,0.0625,-0.0625,-0.125,191,,stopped,0,0,20,
2026-08-05T13:41:58.984,700.221,selfie,35.9238196,139.910599,15.685,0,TRUE,28,2,35.923076,139.9102107,89.77285997,,39.34,1009.785625,34.0703125,214.5,0.6875,-8.875,0.15,1.59,9.5,-0.0625,-0.125,-0.125,191,,stopped,0,0,20,
2026-08-05T13:41:59.484,700.722,selfie,35.9238196,139.910599,15.685,0,TRUE,28,2,35.923076,139.9102107,89.77285997,,39.36,1009.825195,34.28320313,214.5,0.6875,-8.875,0.17,1.57,9.56,0,0.125,0,191,,stopped,0,0,20,
2026-08-05T13:41:59.984,701.222,selfie,35.9238196,139.910599,15.685,0,TRUE,28,2,35.923076,139.9102107,89.77285997,,39.35,1009.809375,34.37695313,214.5,0.6875,-8.875,0.16,1.57,9.51,0.125,0.0625,-0.0625,191,,stopped,0,0,20,
2026-08-05T13:42:00.485,701.722,selfie,35.9238196,139.910599,15.685,0,TRUE,28,2,35.923076,139.9102107,89.77285997,,39.37,1009.813789,34.54394531,214.5,0.6875,-8.875,0.14,1.57,9.55,0,0,-0.0625,191,,stopped,0,0,20,
2026-08-05T13:42:00.985,702.223,selfie,35.9238196,139.910599,15.685,0,TRUE,28,2,35.923076,139.9102107,89.77285997,,39.37,1009.786211,34.53222656,214.5,0.6875,-8.875,0.16,1.58,9.55,0.125,0.1875,0,191,,stopped,0,0,20,
2026-08-05T13:42:01.486,702.723,selfie,35.9238196,139.910599,15.685,0,TRUE,28,2,35.923076,139.9102107,89.77285997,,39.38,1009.739063,34.64941406,214.5,0.6875,-8.875,0.14,1.58,9.56,0,0,0,191,,stopped,0,0,20,
2026-08-05T13:42:01.986,703.224,selfie,35.9238196,139.910599,15.685,0,TRUE,28,2,35.923076,139.9102107,89.77285997,,39.38,1009.746953,34.62695313,214.5,0.6875,-8.875,0.17,1.57,9.52,0,0,-0.0625,191,,stopped,0,0,20,
2026-08-05T13:42:02.486,703.724,selfie,35.9238196,139.910599,15.685,0,TRUE,28,2,35.923076,139.9102107,89.77285997,,39.38,1009.739063,34.69628906,214.5,0.6875,-8.875,0.15,1.57,9.52,0,-0.0625,0.125,191,,stopped,0,0,20,
2026-08-05T13:42:02.987,704.224,selfie,35.9238196,139.910599,15.685,0,TRUE,28,2,35.923076,139.9102107,89.77285997,,39.38,1009.746953,34.56835938,214.5,0.6875,-8.875,0.16,1.58,9.53,0.125,0,-0.0625,191,,stopped,0,0,20,
2026-08-05T13:42:03.487,704.725,selfie,35.9238196,139.910599,15.685,0,TRUE,28,2,35.923076,139.9102107,89.77285997,,39.4,1009.743164,34.54492188,214.5,0.6875,-8.875,0.16,1.57,9.55,0.125,0.125,0,191,,stopped,0,0,20,
2026-08-05T13:42:03.987,705.225,selfie,35.9238196,139.910599,15.685,0,TRUE,28,2,35.923076,139.9102107,89.77285997,,39.4,1009.778945,34.48730469,214.5,0.6875,-8.875,0.17,1.55,9.54,-0.0625,0.1875,0,191,,stopped,0,0,20,
2026-08-05T13:42:04.488,705.725,selfie,35.9238196,139.910599,15.685,0,TRUE,28,2,35.923076,139.9102107,89.77285997,,39.42,1009.810586,34.46484375,214.5,0.6875,-8.875,0.17,1.58,9.53,0,-0.0625,-0.0625,191,,stopped,0,0,20,
2026-08-05T13:42:04.988,706.226,selfie,35.9238196,139.910599,15.685,0,TRUE,28,2,35.923076,139.9102107,89.77285997,,39.42,1010.361484,34.5234375,214.5,0.6875,-8.875,0.16,1.58,9.53,0.0625,0,-0.0625,191,,stopped,0,0,20,
2026-08-05T13:42:05.489,706.726,selfie,35.9238196,139.910599,15.685,0,TRUE,28,2,35.923076,139.9102107,89.77285997,,39.44,1010.79875,34.62988281,214.5,0.6875,-8.875,0.17,1.57,9.51,0.0625,-0.125,0,191,,stopped,0,0,20,
2026-08-05T13:42:05.989,707.227,selfie,35.9238196,139.910599,15.685,0,TRUE,28,2,35.923076,139.9102107,89.77285997,,39.44,1009.862148,34.64160156,214.5,0.6875,-8.875,0.18,1.57,9.55,-0.0625,0.0625,-0.0625,191,,stopped,0,0,20,
2026-08-05T13:42:06.489,707.727,selfie,35.9238196,139.910599,15.685,0,TRUE,28,2,35.923076,139.9102107,89.77285997,,39.46,1009.803242,34.58496094,214.5,0.6875,-8.875,0.15,1.57,9.53,0.0625,0,0.0625,255,,stopped,0,0,20,
2026-08-05T13:42:06.990,708.227,selfie,35.9238196,139.910599,15.685,0,TRUE,28,2,35.923076,139.9102107,89.77285997,,39.46,1009.830781,34.60839844,214.5,0.6875,-8.875,0.15,1.59,9.54,-0.0625,-0.0625,0.125,255,,stopped,0,0,20,
2026-08-05T13:42:07.490,708.728,selfie,35.9238196,139.910599,15.685,0,TRUE,28,2,35.923076,139.9102107,89.77285997,,39.46,1009.775703,34.41992188,214.5,0.6875,-8.875,0.16,1.58,9.53,0.0625,-0.125,0.0625,255,,stopped,0,0,20,
2026-08-05T13:42:07.991,709.228,selfie,35.9238196,139.910599,15.685,0,TRUE,28,2,35.923076,139.9102107,89.77285997,,39.45,1009.795352,34.40820313,214.5,0.6875,-8.875,0.16,1.58,9.52,0.0625,-0.125,-0.0625,255,,stopped,0,0,20,
2026-08-05T13:42:08.491,709.729,selfie,35.9238196,139.910599,15.685,0,TRUE,28,2,35.923076,139.9102107,89.77285997,,37.9,1007.761563,34.55078125,214.5,0.6875,-8.875,0.16,1.56,9.55,0,-0.0625,-0.0625,191,,stopped,0,0,20,
2026-08-05T13:42:09.003,710.241,selfie,35.9238196,139.910599,15.685,0,TRUE,28,2,35.923076,139.9102107,89.77285997,,39.49,1009.803828,34.328125,214.5,0.6875,-8.875,0.17,1.57,9.51,0.0625,8,-0.0625,191,,stopped,0,0,20,
2026-08-05T13:42:09.504,710.741,selfie,35.9238196,139.910599,15.685,0,TRUE,28,2,35.923076,139.9102107,89.77285997,,39.53,1009.776875,34.4609375,214.5,0.6875,-8.875,0.18,1.58,9.55,0.125,-0.0625,0,191,,stopped,0,0,20,
2026-08-05T13:42:10.004,711.242,selfie,35.9238196,139.910599,15.685,0,TRUE,28,2,35.923076,139.9102107,89.77285997,,37.07,1006.096523,34.48925781,214.5,0.6875,-8.875,0.16,1.56,9.56,0,-0.0625,-0.0625,191,,stopped,0,0,20,
2026-08-05T13:42:10.505,711.742,selfie,35.9238196,139.910599,15.685,0,TRUE,28,2,35.923076,139.9102107,89.77285997,,39.55,1009.863906,34.28613281,214.5,0.6875,-8.875,0.16,1.56,9.53,0.0625,-0.1875,-0.125,191,,stopped,0,0,20,
2026-08-05T13:42:11.005,712.242,selfie,35.9238196,139.910599,15.685,0,TRUE,28,2,35.923076,139.9102107,89.77285997,,39.54,1009.745508,34.21484375,214.5,0.6875,-8.875,0.16,1.58,9.54,0.0625,-0.0625,0,255,,stopped,0,0,20,
2026-08-05T13:42:11.505,712.743,selfie,35.9238196,139.910599,15.685,0,TRUE,28,2,35.923076,139.9102107,89.77285997,,39.56,1009.804961,34.13378906,214.5,0.6875,-8.875,0.17,1.57,9.53,0,0,0.0625,255,,stopped,0,0,20,
2026-08-05T13:42:12.006,713.243,selfie,35.9238196,139.910599,15.685,0,TRUE,28,2,35.923076,139.9102107,89.77285997,,39.56,1009.777422,34.15722656,214.5,0.6875,-8.875,0.17,1.58,9.54,0,-0.0625,-0.0625,255,,stopped,0,0,20,
2026-08-05T13:42:12.506,713.744,selfie,35.9238196,139.910599,15.685,0,TRUE,28,2,35.923076,139.9102107,89.77285997,,39.58,1009.809375,34.24121094,214.5,0.6875,-8.875,0.17,1.57,9.54,0,0,-0.0625,255,,stopped,0,0,20,
2026-08-05T13:42:13.006,714.244,selfie,35.9238196,139.910599,15.685,0,TRUE,28,2,35.923076,139.9102107,89.77285997,,39.58,1009.726719,34.25292969,214.5,0.6875,-8.875,0.15,1.57,9.56,0,-0.0625,0.125,255,,stopped,0,0,20,
2026-08-05T13:42:13.507,714.744,selfie,35.9238196,139.910599,15.685,0,TRUE,28,2,35.923076,139.9102107,89.77285997,,39.6,1009.805547,34.01855469,214.5,0.6875,-8.875,0.18,1.56,9.53,0,-0.125,0,255,,stopped,0,0,20,
2026-08-05T13:42:14.007,715.245,selfie,35.9238196,139.910599,15.685,0,TRUE,28,2,35.923076,139.9102107,89.77285997,,39.6,1009.813477,34.04199219,214.5,0.6875,-8.875,0.16,1.56,9.54,0,0,0,255,,stopped,0,0,20,
2026-08-05T13:42:14.508,715.745,selfie,35.9238196,139.910599,15.685,0,TRUE,28,2,35.923076,139.9102107,89.77285997,,39.62,1009.782383,33.85449219,214.5,0.6875,-8.875,0.18,1.57,9.53,0.0625,0.0625,0.0625,255,,stopped,0,0,20,
2026-08-05T13:42:15.008,716.246,selfie,35.9238196,139.910599,15.685,0,TRUE,28,2,35.923076,139.9102107,89.77285997,,39.62,1009.782383,33.86621094,214.5,0.6875,-8.875,0.14,1.57,9.55,0,0.0625,0.0625,255,,stopped,0,0,20,
2026-08-05T13:42:15.508,716.746,selfie,35.9238196,139.910599,15.685,0,TRUE,28,2,35.923076,139.9102107,89.77285997,,39.62,1009.727266,33.70214844,214.5,0.6875,-8.875,0.17,1.56,9.53,0.0625,0,-0.125,255,,stopped,0,0,20,
2026-08-05T13:42:16.009,717.246,selfie,35.9238196,139.910599,15.685,0,TRUE,28,2,35.923076,139.9102107,89.77285997,,39.17,1009.082188,33.71679688,214.5,0.6875,-8.875,0.17,1.58,9.51,0.0625,0.0625,0.0625,255,,stopped,0,0,20,
2026-08-05T13:42:16.509,717.747,selfie,35.9238196,139.910599,15.685,0,TRUE,28,2,35.923076,139.9102107,89.77285997,,39.63,1009.750977,33.60839844,214.5,0.6875,-8.875,0.17,1.57,9.55,-0.0625,0,-0.0625,255,,stopped,0,0,20,
2026-08-05T13:42:17.010,718.247,selfie,35.9238196,139.910599,15.685,0,TRUE,28,2,35.923076,139.9102107,89.77285997,,39.63,1009.687969,33.60839844,214.5,0.6875,-8.875,0.16,1.54,9.54,0.125,0.0625,0.0625,255,,stopped,0,0,20,
2026-08-05T13:42:17.510,718.748,selfie,35.9238196,139.910599,15.685,0,TRUE,28,2,35.923076,139.9102107,89.77285997,,39.63,1009.715547,33.65527344,214.5,0.6875,-8.875,0.17,1.57,9.51,0,-0.0625,-0.1875,255,,stopped,0,0,20,
2026-08-05T13:42:18.011,719.249,selfie,35.9238196,139.910599,15.685,0,TRUE,28,2,35.923076,139.9102107,89.77285997,,39.63,1009.695898,33.65625,214.5,0.6875,-8.875,0.15,1.56,9.52,0,-0.0625,-0.0625,255,,stopped,0,0,20,
2026-08-05T13:42:18.512,719.749,selfie,35.9238196,139.910599,15.685,0,TRUE,28,2,35.923076,139.9102107,89.77285997,,39.63,1009.743086,33.57324219,214.5,0.6875,-8.875,0.16,1.57,9.56,-0.0625,0.0625,-0.0625,255,,stopped,0,0,20,
2026-08-05T13:42:19.012,720.25,selfie,35.9238196,139.910599,15.685,0,TRUE,28,2,35.923076,139.9102107,89.77285997,,39.63,1010.109219,33.69140625,214.5,0.6875,-8.875,0.16,1.57,9.51,0,0.0625,0,255,,stopped,0,0,20,
2026-08-05T13:42:19.512,720.75,selfie,35.9238196,139.910599,15.685,0,TRUE,28,2,35.923076,139.9102107,89.77285997,,39.63,1010.467422,33.83300781,214.5,0.6875,-8.875,0.15,1.58,9.55,-0.0625,-0.0625,0,255,,stopped,0,0,20,
2026-08-05T13:42:20.013,721.25,selfie,35.9238196,139.910599,15.685,0,TRUE,28,2,35.923076,139.9102107,89.77285997,,39.65,1009.755391,33.76367188,214.5,0.6875,-8.875,0.15,1.58,9.54,0,0,-0.0625,255,,stopped,0,0,20,
2026-08-05T13:42:20.513,721.751,selfie,35.9238196,139.910599,15.685,0,TRUE,28,2,35.923076,139.9102107,89.77285997,,39.64,1009.814023,33.93847656,214.5,0.6875,-8.875,0.18,1.56,9.53,0.125,0.25,0.0625,255,,stopped,0,0,20,
2026-08-05T13:42:21.014,722.251,selfie,35.9238196,139.910599,15.685,0,TRUE,28,2,35.923076,139.9102107,89.77285997,,39.65,1009.782969,33.94042969,214.5,0.6875,-8.875,0.17,1.58,9.56,0,0.0625,-0.0625,255,,stopped,0,0,20,
2026-08-05T13:42:21.514,722.752,selfie,35.9238196,139.910599,15.685,0,TRUE,28,2,35.923076,139.9102107,89.77285997,,39.63,1009.770664,33.96191406,214.5,0.6875,-8.875,0.18,1.57,9.52,-0.0625,0.0625,0.0625,191,,stopped,0,0,20,
2026-08-05T13:42:22.014,723.252,selfie,35.9238196,139.910599,15.685,0,TRUE,28,2,35.923076,139.9102107,89.77285997,,39.64,1009.758906,33.92675781,214.5,0.6875,-8.875,0.15,1.57,9.54,0,-0.125,0,191,,stopped,0,0,20,
2026-08-05T13:42:22.515,723.752,selfie,35.9238196,139.910599,15.685,0,TRUE,28,2,35.923076,139.9102107,89.77285997,,39.64,1009.814023,33.86816406,214.5,0.6875,-8.875,0.17,1.55,9.53,0.0625,-0.125,0,191,,stopped,0,0,20,
2026-08-05T13:42:23.015,724.253,selfie,35.9238196,139.910599,15.685,0,TRUE,28,2,35.923076,139.9102107,89.77285997,,35.62,1003.565352,33.93652344,214.5,0.6875,-8.875,0.16,1.58,9.52,0.0625,0.125,0.0625,191,,stopped,0,0,20,
2026-08-05T13:42:23.516,724.753,selfie,35.9238196,139.910599,15.685,0,TRUE,28,2,35.923076,139.9102107,89.77285997,,39.64,1009.758906,33.84472656,214.5,0.6875,-8.875,0.17,1.57,9.55,-0.0625,0,-0.125,191,,stopped,0,0,20,
2026-08-05T13:42:24.043,725.28,selfie,35.9238196,139.910599,15.685,0,TRUE,28,2,35.923076,139.9102107,89.77285997,,39.63,1009.723438,33.7734375,214.5,0.6875,-8.875,0.17,1.58,9.53,0.0625,0.0625,0.0625,191,,stopped,0,0,20,
2026-08-05T13:42:24.543,725.781,selfie,35.9238196,139.910599,15.685,0,TRUE,28,2,35.923076,139.9102107,89.77285997,,39.64,1009.67625,33.83300781,214.5,0.6875,-8.875,0.16,1.57,9.54,-0.0625,-0.125,0,191,,stopped,0,0,20,
2026-08-05T13:42:25.044,726.281,selfie,35.9238196,139.910599,15.685,0,TRUE,28,2,35.923076,139.9102107,89.77285997,,39.63,1009.750977,33.82128906,214.5,0.6875,-8.875,0.18,1.56,9.52,0.0625,-0.0625,-0.0625,191,,stopped,0,0,20,
2026-08-05T13:42:25.544,726.782,selfie,35.9238196,139.910599,15.685,0,TRUE,28,2,35.923076,139.9102107,89.77285997,,39.63,1009.695898,33.98535156,214.5,0.6875,-8.875,0.16,1.56,9.54,0,-0.0625,0,191,,stopped,0,0,20,
2026-08-05T13:42:26.052,727.29,selfie,35.9238196,139.910599,15.685,0,TRUE,28,2,35.923076,139.9102107,89.77285997,,39.64,1009.758906,34.00976563,214.5,0.6875,-8.875,0.16,1.56,9.55,8.0625,-0.0625,-0.0625,191,,stopped,0,0,20,
2026-08-05T13:42:26.552,727.79,selfie,35.9238196,139.910599,15.685,0,TRUE,28,2,35.923076,139.9102107,89.77285997,,39.64,1009.731367,33.90332031,214.5,0.6875,-8.875,0.16,1.58,9.54,0,0.0625,0,191,,stopped,0,0,20,
2026-08-05T13:42:27.053,728.291,selfie,35.9238196,139.910599,15.685,0,TRUE,28,2,35.923076,139.9102107,89.77285997,,39.63,1009.750977,33.99707031,214.5,0.6875,-8.875,0.16,1.58,9.54,0,0.125,-0.125,191,,stopped,0,0,20,
2026-08-05T13:42:27.553,728.791,selfie,35.9238196,139.910599,15.685,0,TRUE,28,2,35.923076,139.9102107,89.77285997,,39.64,1009.758906,33.85644531,214.5,0.6875,-8.875,0.15,1.58,9.56,-0.0625,0,0,191,,stopped,0,0,20,
2026-08-05T13:42:28.054,729.291,selfie,35.9238196,139.910599,15.685,0,TRUE,28,2,35.923076,139.9102107,89.77285997,,39.63,1009.743086,33.72558594,214.5,0.6875,-8.875,0.16,1.57,9.53,0,0.0625,-0.0625,191,,stopped,0,0,20,
2026-08-05T13:42:28.554,729.792,selfie,35.9238196,139.910599,15.685,0,TRUE,28,2,35.923076,139.9102107,89.77285997,,39.66,1009.708164,33.70410156,214.5,8.6875,-8.875,0.16,1.56,9.53,0.125,-0.0625,0.0625,191,,stopped,0,0,20,
2026-08-05T13:42:29.060,730.298,selfie,35.9238196,139.910599,15.685,0,TRUE,28,2,35.923076,139.9102107,89.77285997,,39.66,1009.716094,33.78808594,214.5,0.6875,-8.875,0.16,1.57,9.52,0.125,0.1875,-0.0625,191,,stopped,0,0,20,
2026-08-05T13:42:29.555,730.793,gnss_navigation,35.9238196,139.910599,15.685,0,TRUE,28,2,35.923076,139.9102107,89.77285997,202.9212645,39.66,1009.743672,33.76367188,214.5,0.6875,-8.875,0.14,1.57,9.54,0,-0.1875,0.0625,191,11.57873552,stopped,0,0,20,
2026-08-05T13:42:30.055,731.293,gnss_navigation,35.9238196,139.910599,15.685,0,TRUE,28,2,35.923076,139.9102107,89.77285997,202.9212645,39.67,1009.751563,33.89453125,214.3125,1,-10.6875,-0.48,4.05,9.35,183.4375,-15.4375,33.4375,191,11.39123552,forward,60.73701159,79.26298841,20,
2026-08-05T13:42:30.556,731.793,gnss_navigation,35.9238196,139.910599,15.685,0,TRUE,28,2,35.923076,139.9102107,89.77285997,202.9212645,39.67,1009.731914,33.75292969,207.1875,1.625,-12.625,5,1.45,5.59,0.625,-128,-11.125,63,4.266235517,forward,63.56201159,76.43798841,20,
2026-08-05T13:42:31.056,732.294,gnss_navigation,35.9238196,139.910599,15.685,0,TRUE,28,2,35.923076,139.9102107,89.77285997,202.9212645,39.68,1009.712266,33.77636719,208.75,0.6875,-10.75,-4.58,7.92,10.23,39.625,111.1875,-14.6875,63,5.828735517,forward,63.93076159,76.06923841,20,
2026-08-05T13:42:31.557,732.794,gnss_navigation,35.9238196,139.910599,15.685,0,TRUE,28,2,35.923076,139.9102107,89.77285997,202.9212645,39.7,1009.764141,33.82519531,206.6875,0,-11.25,-2.33,0.07,4.18,-50.875,-61,36,63,3.766235517,forward,76.73701159,63.26298841,20,
2026-08-05T13:42:32.057,733.295,gnss_navigation,35.9238196,139.910599,15.685,0,TRUE,28,2,35.923076,139.9102107,89.77285997,202.9212645,39.7,1009.799609,33.81347656,203.4375,-0.4375,-10.6875,-2.18,0.95,5.04,-11.1875,-66.625,49.125,63,0.516235517,forward,72.51826159,67.48173841,20,
2026-08-05T13:42:32.558,733.795,gnss_navigation,35.9238196,139.910599,15.685,0,TRUE,28,2,35.923076,139.9102107,89.77285997,202.9212645,39.71,1009.835078,33.67285156,195.8125,-1.125,-12.6875,0.24,1.55,2.15,-17.875,-33,-27.25,191,-7.108764483,forward,82.09326159,57.90673841,20,
2026-08-05T13:42:33.058,734.296,gnss_navigation,35.9238196,139.910599,15.685,0,TRUE,28,2,35.923076,139.9102107,89.77285997,202.9212645,39.7,1009.716953,33.66113281,198.9375,-0.5625,-11.5625,-0.15,8.46,1.92,98.6875,-72.625,-45.375,191,-3.983764483,forward,70.92451159,69.07548841,20,
2026-08-05T13:42:33.559,734.796,gnss_navigation,35.9238196,139.910599,15.685,0,TRUE,28,2,35.923076,139.9102107,89.77285997,202.9212645,39.72,1009.804023,33.62695313,193.625,-0.5625,-10.25,0.53,1.38,0.41,-52.375,7.25,4.9375,63,-9.296264483,forward,100,30.94423841,20,
2026-08-05T13:42:34.062,735.299,gnss_navigation,35.9238196,139.910599,15.685,0,TRUE,28,2,35.923076,139.9102107,89.77285997,202.9212645,39.72,1009.748906,33.60351563,193.4375,-0.3125,-9.5,1.55,5.31,5.14,37.25,-19.875,-35.3125,63,-9.483764483,forward,78.20576159,61.79423841,20,
2026-08-05T13:42:34.568,735.806,gnss_navigation,35.9238196,139.910599,15.685,0,TRUE,28,2,35.923076,139.9102107,89.77285997,202.9212645,39.72,1009.748906,33.28515625,207.625,0.125,-9.1875,7.91,-6.81,6.66,-66.75,56.75,-3.1875,63,4.703735517,forward,35.29951159,100,20,
2026-08-05T13:42:35.069,736.306,gnss_navigation,35.9238196,139.910599,15.685,0,TRUE,28,2,35.923076,139.9102107,89.77285997,202.9212645,39.72,1009.776445,33.53222656,205.75,-0.6875,-9,4.26,3.48,1.56,84.4375,33.25,47.75,127,2.828735517,forward,69.83076159,70.16923841,20,
2026-08-05T13:42:35.569,736.807,gnss_navigation,35.9238196,139.910599,15.685,0,TRUE,28,2,35.923076,139.9102107,89.77285997,202.9212645,39.74,1009.800156,33.62792969,202.125,0.5625,-10.375,3.39,-7.01,24.67,-60.8125,-19.0625,19.125,63,-0.796264483,forward,69.69951159,70.30048841,20,
2026-08-05T13:42:36.072,737.309,gnss_navigation,35.9238196,139.910599,15.685,0,TRUE,28,2,35.923076,139.9102107,89.77285997,202.9212645,39.74,1009.752969,33.6875,201.0625,0.625,-12,-0.56,0.49,0.08,-7.6875,44.0625,5.375,63,-1.858764483,stopped,0,0,20,
2026-08-05T13:42:36.572,737.81,gnss_navigation,35.92378758,139.9106224,15.671,0.473288889,TRUE,28,2,35.923076,139.9102107,87.37787091,205.1035477,39.73,1009.729219,33.50878906,198.9375,-0.9375,27.8125,-7.84,-5.17,2.07,24,-52.25,-22.25,191,-6.166047679,reverse,-100,-100,0.091,
2026-08-05T13:42:37.072,738.31,gnss_navigation,35.92378758,139.9106224,15.671,0.473288889,TRUE,28,2,35.923076,139.9102107,87.37787091,205.1035477,39.73,1009.70168,33.49707031,199.5625,-0.25,22.1875,-1.61,-2.36,3.02,97.625,-10.3125,-17.5625,191,-5.541047679,reverse,-100,-100,0.108,
2026-08-05T13:42:37.573,738.81,gnss_navigation,35.92378838,139.910627,15.764,0,TRUE,28,2,35.923076,139.9102107,87.635446,205.3249938,39.66,1009.763281,33.3984375,203.8125,2.625,-8.75,1.75,-2.83,5.19,-10.3125,79.3125,-40.4375,191,-1.512493797,turn_right,5,-5,20,
2026-08-05T13:42:38.073,739.311,gnss_navigation,35.92378838,139.910627,15.764,0,TRUE,28,2,35.923076,139.9102107,87.635446,205.3249938,39.66,1009.79875,33.375,204.9375,1.9375,-13.625,-0.28,3.92,15.24,-18.8125,37.6875,-8.3125,191,-0.387493797,turn_right,20,-20,20,
2026-08-05T13:42:38.574,739.811,gnss_navigation,35.92379368,139.9106292,15.846,0,TRUE,28,2,35.923076,139.9102107,88.25226896,205.2767034,39.67,1009.751563,33.37597656,178,8.125,-7.75,5.7,3.84,15.15,38.25,-171.8125,-650.375,191,-27.27670341,turn_right,100,-100,0.189,
2026-08-05T13:42:39.074,740.311,gnss_navigation,35.92379368,139.9106292,15.846,0,TRUE,28,2,35.923076,139.9102107,88.25226896,205.2767034,39.68,1009.767383,33.38769531,216.25,0.5,-9.75,0.21,8.52,11.42,22.5625,-135.875,-638.4375,191,10.97329659,turn_right,100,-100,0.178,
2026-08-05T13:42:39.576,740.814,gnss_navigation,35.92379868,139.9106288,15.924,0.493866667,TRUE,28,2,35.923076,139.9102107,88.74004373,205.1023974,39.7,1009.799609,33.5078125,55.25,-1.625,-9.0625,5.45,-8.53,9.24,-13.5625,-1.875,-641.6875,191,-149.8523974,turn_right,100,-100,2.579,
2026-08-05T13:42:40.076,741.314,gnss_navigation,35.92379868,139.9106288,15.924,0.493866667,TRUE,28,2,35.923076,139.9102107,88.74004373,205.1023974,39.71,1009.697305,33.53125,112.8125,-2.25,-7.375,-4.54,-2.08,3.4,36.25,-86.5,-689.0625,191,-92.2898974,turn_right,100,-100,5.667,
2026-08-05T13:42:40.577,741.814,gnss_navigation,35.92379968,139.9106292,15.972,0,TRUE,28,2,35.923076,139.9102107,88.85601785,205.0930112,39.71,1009.732773,33.44921875,0.375,-1.4375,-11.3125,2.74,-13.18,2.09,-116.8125,-216.4375,-557.5625,255,155.2819888,turn_right,100,-100,20,
2026-08-05T13:42:41.077,742.315,gnss_navigation,35.92379968,139.9106292,15.972,0,TRUE,28,2,35.923076,139.9102107,88.85601785,205.0930112,39.72,1009.768242,33.40234375,53.625,-2.4375,-11.25,-6.46,4.45,13.55,-5,-82.6875,-626.3125,255,-151.4680112,turn_right,100,-100,20,
2026-08-05T13:42:41.578,742.815,gnss_navigation,35.92380118,139.9106315,16.113,0,TRUE,28,2,35.923076,139.9102107,89.09497579,205.1681401,39.72,1009.721328,33.48535156,209.125,-0.375,-12.875,-4.05,-3.07,13.55,32.875,-87.0625,46.3125,63,3.956859945,forward,100,100,20,
2026-08-05T13:42:42.078,743.316,gnss_navigation,35.92380118,139.9106315,16.113,0,TRUE,28,2,35.923076,139.9102107,89.09497579,205.1681401,39.73,1009.792266,33.48632813,206.4375,0.1875,-10.8125,-7.37,-5.7,22.32,-26.75,49,31.0625,127,1.269359945,forward,100,100,20,
2026-08-05T13:42:42.578,743.816,gnss_navigation,35.9237977,139.9106293,16.2,0,TRUE,28,2,35.923076,139.9102107,88.66017241,205.1587222,39.72,1009.776445,33.63867188,207.25,1.5625,-6.1875,5.76,-9.92,-1.07,-70.4375,55.875,14.75,63,2.091277804,forward,62.68628325,77.31371675,20,
2026-08-05T13:42:43.079,744.317,gnss_navigation,35.9237977,139.9106293,16.2,0,TRUE,28,2,35.923076,139.9102107,88.66017241,205.1587222,39.72,1009.768242,33.390625,207.5,0.75,-7.125,-5.35,2.15,22.55,19.0625,51.4375,-1.0625,63,2.341277804,forward,66.72072776,73.27927224,20,
2026-08-05T13:42:43.579,744.817,gnss_navigation,35.92379128,139.9106287,16.219,0.853977778,TRUE,28,2,35.923076,139.9102107,87.99175828,205.3243919,39.74,1009.745078,33.48632813,197.25,-0.5,-9.6875,0.76,-2.16,8.98,-89.25,47.4375,30.875,63,-8.074391917,forward,93.57697776,46.42302224,20,
2026-08-05T13:42:44.085,745.322,gnss_navigation,35.92379128,139.9106287,16.219,0.853977778,TRUE,28,2,35.923076,139.9102107,87.99175828,205.3243919,39.73,1009.784336,33.49707031,195.3125,0.4375,-6.875,-3.65,-5.1,5.21,-28.25,8.375,-13.6875,63,-10.01189192,forward,51.04076353,88.95923647,20,
2026-08-05T13:42:44.585,745.822,gnss_navigation,35.92378388,139.9106286,16.239,0.745944444,TRUE,28,2,35.923076,139.9102107,87.24481642,205.5501911,39.75,1009.741211,33.7578125,195.25,-0.75,-11.5,-3.81,10.94,13.4,-6.1875,-88.875,8.5,63,-10.30019106,forward,100,31.99048647,20,
2026-08-05T13:42:45.085,746.323,gnss_navigation,35.92378388,139.9106286,16.239,0.745944444,TRUE,28,2,35.923076,139.9102107,87.24481642,205.5501911,39.75,1009.823867,33.79394531,197.5625,0,-9.6875,-1.72,10.35,14.08,-42.5625,35.875,-71.625,63,-7.987691057,forward,73.55265285,66.44734715,20,
2026-08-05T13:42:45.586,746.823,gnss_navigation,35.9237769,139.9106269,16.337,0.730511111,TRUE,28,2,35.923076,139.9102107,86.47844338,205.6805808,39.76,1009.757305,34.24316406,200,-0.375,-10.375,-8.75,-3.11,16.78,-85.5,-52.5625,25.8125,63,-5.680580847,forward,100,39.62234715,20,
2026-08-05T13:42:46.090,747.327,gnss_navigation,35.9237769,139.9106269,16.337,0.730511111,TRUE,28,2,35.923076,139.9102107,86.47844338,205.6805808,39.77,1009.745586,34.25488281,197.875,-1,-11.25,-1.59,6.75,2.26,-21.875,-8.5625,-19.9375,63,-7.805580847,forward,75.52571468,64.47428532,20,
2026-08-05T13:42:46.590,747.828,gnss_navigation,35.92377118,139.9106286,16.348,0.627622222,TRUE,28,2,35.923076,139.9102107,85.9728981,205.9561055,39.78,1009.788984,34.55078125,212.1875,-1.9375,-9.375,-3.05,4.63,3.99,42.375,-152.25,-57.3125,191,6.231394544,forward,26.54446468,100,20,
2026-08-05T13:42:47.123,748.361,gnss_navigation,35.92377118,139.9106286,16.348,0.627622222,TRUE,28,2,35.923076,139.9102107,85.9728981,205.9561055,39.78,1009.761406,34.47949219,213.9375,-0.4375,-9.9375,-2.3,-7.16,1.78,-29,61.375,-56.1875,191,7.981394544,forward,59.80994589,80.19005411,20,
2026-08-05T13:42:47.623,748.861,gnss_navigation,35.92376558,139.9106299,16.35,0.643055556,TRUE,28,2,35.923076,139.9102107,85.4657502,206.2102817,39.4,1009.117852,35.01660156,208.0625,-0.25,-9.875,0.71,7.67,9.9,78.0625,45,-26.4375,63,1.852218269,forward,48.78363436,91.21636564,20,
2026-08-05T13:42:48.124,749.361,gnss_navigation,35.92376558,139.9106299,16.35,0.643055556,TRUE,28,2,35.923076,139.9102107,85.4657502,206.2102817,39.81,1009.691016,35.05859375,209.625,-1.125,-9.6875,-8.63,3.61,15.09,-131.6875,-8.6875,22.25,63,3.414718269,forward,66.53988436,73.46011564,20,
2026-08-05T13:42:48.625,749.862,gnss_navigation,35.92375978,139.9106297,16.483,0.617333333,TRUE,28,2,35.923076,139.9102107,84.87893611,206.3907447,39.81,1009.773672,35.44824219,203.0625,-2.6875,-11.4375,7.91,-6.02,9.39,37.625,-120.5625,49.1875,191,-3.328244693,forward,86.28072539,53.71927461,20,
2026-08-05T13:42:49.126,750.363,gnss_navigation,35.92375978,139.9106297,16.483,0.617333333,TRUE,28,2,35.923076,139.9102107,84.87893611,206.3907447,38.53,1008.225586,35.39648438,200.125,-3.0625,-10.6875,-0.62,3.73,5.56,79.1875,71.75,7.625,191,-6.265744693,forward,77.78697539,62.21302461,20,
2026-08-05T13:42:49.626,750.864,gnss_navigation,35.92375428,139.9106309,16.538,0.632766667,TRUE,28,2,35.923076,139.9102107,84.38060728,206.6419657,39.81,1009.691016,35.40039063,197.8125,-4.25,-13.75,-5.61,-4.14,1.8,38.3125,-79.1875,56.1875,63,-8.829465719,forward,81.31259575,58.68740425,20,
2026-08-05T13:42:50.126,751.364,gnss_navigation,35.92375428,139.9106309,16.538,0.632766667,TRUE,28,2,35.923076,139.9102107,84.38060728,206.6419657,39.82,1009.734375,35.36523438,196.75,-2.3125,-12.5625,0.43,-0.55,0.9,-14.375,-91.625,-67.4375,63,-9.891965719,forward,51.55634575,88.44365425,20,
2026-08-05T13:42:50.627,751.864,gnss_navigation,35.92374848,139.9106301,16.603,0.6482,TRUE,28,2,35.923076,139.9102107,83.77147452,206.794806,39.81,1009.671328,34.9765625,207.625,-4.875,-10.875,5.07,14,8.73,37,-78.3125,34.5,63,0.830193987,forward,61.85107258,78.14892742,20,
2026-08-05T13:42:51.127,752.365,gnss_navigation,35.92374848,139.9106301,16.603,0.6482,TRUE,28,2,35.923076,139.9102107,83.77147452,206.794806,39.82,1009.789492,34.77636719,206.0625,-3.375,-11.125,3.66,-1.11,6.26,-33.125,60.1875,-13.125,63,-0.732306013,forward,71.45107258,68.54892742,20,
2026-08-05T13:42:51.628,752.865,gnss_navigation,35.9237417,139.9106278,16.725,0.756233333,TRUE,28,2,35.923076,139.9102107,83.00497392,206.9019043,39.83,1009.758398,35.4140625,206.375,-2.8125,-8.875,0.64,3.85,12.82,-69.875,-62.75,31,63,-0.526904315,forward,58.77334481,81.22665519,20,
2026-08-05T13:42:52.129,753.366,gnss_navigation,35.9237417,139.9106278,16.725,0.756233333,TRUE,28,2,35.923076,139.9102107,83.00497392,206.9019043,39.83,1009.73082,35.27246094,204.875,-2.25,-9.875,-3.34,1.96,6.67,-61.8125,56.5,46,63,-2.026904315,forward,72.32334481,67.67665519,20,
2026-08-05T13:42:52.629,753.867,gnss_navigation,35.92373528,139.9106265,16.753,0.720222222,TRUE,28,2,35.923076,139.9102107,82.31669376,207.0548801,36.97,1005.243711,35.265625,198.5,-1.75,-11.625,4.51,6.7,17.96,1.1875,-44.4375,60.5,63,-8.554880093,forward,96.58402345,43.41597655,20,
2026-08-05T13:42:53.130,754.367,gnss_navigation,35.92373528,139.9106265,16.753,0.720222222,TRUE,28,2,35.923076,139.9102107,82.31669376,207.0548801,39.84,1009.766328,35.21386719,196.125,-1.875,-12.375,-4.82,2.82,6.88,-8.625,11.3125,-27.75,63,-10.92988009,forward,80.38402345,59.61597655,20,
2026-08-05T13:42:53.630,754.868,gnss_navigation,35.92372798,139.9106263,16.822,0.725366667,TRUE,28,2,35.923076,139.9102107,81.58568131,207.3019645,39.85,1009.754531,35.80371094,209.375,-1.625,-10.625,1.85,7.01,4.09,107.5625,-42.5,-43.4375,63,2.073035482,forward,65.48765407,74.51234593,0.424,
2026-08-05T13:42:54.131,755.368,gnss_navigation,35.92372798,139.9106263,16.822,0.725366667,TRUE,28,2,35.923076,139.9102107,81.58568131,207.3019645,39.86,1009.770391,35.7109375,212.75,-3.5625,-10.1875,4.52,-2.79,5.67,4.4375,117.375,4.9375,63,5.448035482,forward,63.61265407,76.38734593,11.662,
2026-08-05T13:42:54.632,755.869,gnss_navigation,35.92372118,139.9106258,16.937,0.689355556,TRUE,28,2,35.923076,139.9102107,80.89371784,207.5192752,39.86,1009.806133,35.97070313,209.0625,-2.375,-12,-2.23,3.96,7.73,94.9375,136.0625,-26,63,1.543224759,forward,50.66657161,89.33342839,20,
2026-08-05T13:42:55.132,756.37,gnss_navigation,35.92372118,139.9106258,16.937,0.689355556,TRUE,28,2,35.923076,139.9102107,80.89371784,207.5192752,39.86,1009.778555,35.95898438,209.6875,-1.5625,-11.25,-1.11,1.53,17.89,9.125,137.125,3.9375,63,2.168224759,forward,66.99782161,73.00217839,20,
2026-08-05T13:42:55.632,756.87,gnss_navigation,35.923715,139.9106253,16.983,0.684211111,TRUE,28,2,35.923076,139.9102107,80.26363364,207.7175487,39.85,1009.762461,35.48632813,191,-1.375,-14.5625,11.63,4.93,14.47,27.25,-58.6875,68.5,191,-16.71754872,forward,100,14.90957981,20,
2026-08-05T13:42:56.133,757.37,gnss_navigation,35.923715,139.9106253,16.983,0.684211111,TRUE,28,2,35.923076,139.9102107,80.26363364,207.7175487,39.86,1009.723438,35.52246094,187.875,-2.5625,-16.375,0.5,2.59,2.41,-37.5625,-16.25,-47.1875,191,-19.84254872,forward,86.69667019,53.30332981,20,
2026-08-05T13:42:56.633,757.871,gnss_navigation,35.92370988,139.9106251,16.964,0.5556,TRUE,28,2,35.923076,139.9102107,79.75268591,207.8971613,39.86,1009.806133,35.34570313,210.6875,0,-10.25,-3.58,5.45,16.74,117.5625,-46.75,-36.6875,63,2.790338712,forward,49.43653898,90.56346102,2.475,
2026-08-05T13:42:57.134,758.371,gnss_navigation,35.92370988,139.9106251,16.964,0.5556,TRUE,28,2,35.923076,139.9102107,79.75268591,207.8971613,39.86,1009.723438,35.32226563,211.875,2.0625,-14.6875,-0.53,2.94,1.6,61.5,-24,25.8125,63,3.977838712,forward,66.47403898,73.52596102,6.822,
2026-08-05T13:42:57.634,758.872,gnss_navigation,35.92370628,139.9106251,16.823,0.560744444,TRUE,28,2,35.923076,139.9102107,79.39912462,208.0323171,39.88,1009.810195,36.1953125,241.125,-1.5625,-9.3125,-1.13,1.77,3.23,-12,17.125,-160.3125,63,33.09268286,forward,0,100,20,
2026-08-05T13:42:58.134,759.372,gnss_navigation,35.92370628,139.9106251,16.823,0.560744444,TRUE,28,2,35.923076,139.9102107,79.39912462,208.0323171,39.89,1009.707852,36.32519531,252.25,0.0625,-7.25,-9,-3.34,20.28,-3.125,-62.75,-14.3125,63,44.21768286,forward,32.80522903,100,20,
2026-08-05T13:42:58.635,759.873,gnss_navigation,35.9237022,139.910625,16.738,0.5556,TRUE,28,2,35.923076,139.9102107,78.99367267,208.1803661,39.9,1010.062656,36.45605469,212.5625,-3,-9.4375,-1.57,6.05,8.76,31.125,-41.25,-25.25,63,4.382133916,forward,63.71335372,76.28664628,20,
2026-08-05T13:42:59.136,760.373,gnss_navigation,35.9237022,139.910625,16.738,0.5556,TRUE,28,2,35.923076,139.9102107,78.99367267,208.1803661,39.91,1009.794883,36.33886719,214.1875,-1.1875,-8.5,1.1,-3.56,0.71,-123.4375,-11.6875,8.5625,63,6.007133916,forward,64.08210372,75.91789628,0.44,
2026-08-05T13:42:59.636,760.874,gnss_navigation,35.92369718,139.9106245,16.737,0.5556,TRUE,28,2,35.923076,139.9102107,78.48102374,208.3437149,39.91,1009.822461,36.04492188,197.875,-2.3125,-9.3125,-5.59,0.2,12.55,-109.3125,-10.1875,11.1875,63,-10.46871489,forward,79.01929287,60.98070713,20,
2026-08-05T13:43:00.137,761.374,gnss_navigation,35.92369718,139.9106245,16.737,0.5556,TRUE,28,2,35.923076,139.9102107,78.48102374,208.3437149,39.9,1009.786992,36.06738281,197.625,-2.3125,-10.1875,4.52,-1.65,18.98,31,47.9375,-14.125,63,-10.71871489,forward,78.80679287,61.19320713,20,
2026-08-05T13:43:00.637,761.875,gnss_navigation,35.9236918,139.9106244,16.743,0.565888889,TRUE,28,2,35.923076,139.9102107,77.9504018,208.5467786,39.91,1009.802813,35.0546875,212.4375,-1.6875,-11.6875,-2.17,8.43,7.67,12.125,-49.875,2,127,3.890721393,forward,55.99372191,84.00627809,20,
2026-08-05T13:43:01.177,762.414,gnss_navigation,35.9236918,139.9106244,16.743,0.565888889,TRUE,28,2,35.923076,139.9102107,77.9504018,208.5467786,39.93,1009.791055,34.99707031,212.5,-0.625,-9.5625,9.3,5.42,17.5,-60.4375,43.125,-6.8125,127,3.953221393,forward,66.88122191,73.11877809,20,
2026-08-05T13:43:01.677,762.915,gnss_navigation,35.92368628,139.9106262,16.841,0.565888889,TRUE,28,2,35.923076,139.9102107,77.49023126,208.868801,39.91,1009.739766,34.67773438,200.3125,-2.3125,-10.9375,-0.84,-2.07,0.12,-79.375,56.875,0.25,63,-8.556300988,forward,92.42492289,47.57507711,20,
2026-08-05T13:43:02.177,763.415,gnss_navigation,35.92368628,139.9106262,16.841,0.565888889,TRUE,28,2,35.923076,139.9102107,77.49023126,208.868801,39.9,1009.731875,34.19433594,201.75,-2.125,-9.875,-1.88,1.3,7.13,-20.5625,-93.5,-72.125,63,-7.118800988,forward,69.68117289,70.31882711,20,
2026-08-05T13:43:02.678,763.915,gnss_navigation,35.9236803,139.9106266,16.852,0.576177778,TRUE,28,2,35.923076,139.9102107,76.92652468,209.1325213,39.91,1009.85793,33.80566406,201.6875,-1.6875,-9.4375,2.61,-1.76,26.27,-15.25,-56.6875,69.6875,127,-7.445021272,forward,91.13254079,48.86745921,20,
2026-08-05T13:43:03.178,764.416,gnss_navigation,35.9236803,139.9106266,16.852,0.576177778,TRUE,28,2,35.923076,139.9102107,76.92652468,209.1325213,39.91,1009.767344,33.6640625,199.6875,-1.4375,-11.0625,-0.89,0.04,0.07,37.8125,57.8125,63.5625,127,-9.445021272,forward,81.58879079,58.41120921,20,
2026-08-05T13:43:03.679,764.916,gnss_navigation,35.92367458,139.9106262,16.854,0.591611111,TRUE,28,2,35.923076,139.9102107,76.35351032,209.340149,39.9,1009.759453,33.27441406,216.6875,-1.5625,-9.375,1.28,6.07,2.46,70.625,-154.1875,-58.1875,63,7.347351027,forward,24.89351702,100,20,
2026-08-05T13:43:04.179,765.417,gnss_navigation,35.92367458,139.9106262,16.854,0.591611111,TRUE,28,2,35.923076,139.9102107,76.35351032,209.340149,39.9,1009.81457,33.19238281,219.4375,-0.625,-10.25,-1.4,-1.83,5.36,-65.6875,67.25,70,63,10.09735103,forward,60.52476702,79.47523298,0.109,
2026-08-05T13:43:04.679,765.917,gnss_navigation,35.92366768,139.9106268,16.748,0.612188889,TRUE,28,2,35.923076,139.9102107,75.71233773,209.6602907,39.89,1009.770898,33.2265625,206.875,-0.3125,-10.3125,0.23,3.72,1.11,-64,10,-19.6875,63,-2.785290675,forward,66.50336918,73.49663082,20,
2026-08-05T13:43:05.180,766.418,gnss_navigation,35.92366768,139.9106268,16.748,0.612188889,TRUE,28,2,35.923076,139.9102107,75.71233773,209.6602907,39.89,1009.853594,33.25,208.4375,0.0625,-9.125,-1.21,-3.64,10.86,143.0625,-13.25,-2.5,127,-1.222790675,forward,69.52211918,70.47788082,20,
2026-08-05T13:43:05.681,766.918,gnss_navigation,35.92366158,139.9106266,16.757,0.637911111,TRUE,28,2,35.923076,139.9102107,75.11543966,209.9053772,39.88,1009.755078,33.39160156,226.375,-0.8125,-9.375,1.14,2.86,3.37,20.75,-88.375,-34.875,63,16.46962284,forward,53.00948254,86.99051746,20,
2026-08-05T13:43:06.181,767.419,gnss_navigation,35.92366158,139.9106266,16.757,0.637911111,TRUE,28,2,35.923076,139.9102107,75.11543966,209.9053772,39.88,1009.810195,33.40332031,227.4375,-1,-9.9375,-1.66,5.04,7.32,44.125,-8.4375,-16.5,63,17.53212284,forward,54.53448254,85.46551746,20,
2026-08-05T13:43:06.682,767.919,gnss_navigation,35.92365558,139.9106258,16.764,0.653344444,TRUE,28,2,35.923076,139.9102107,74.50092558,210.1121657,39.87,1009.794414,33.49707031,216.4375,-0.4375,-10.5625,7.16,0.3,15.94,-45.75,59.1875,-41.375,63,6.325334296,forward,34.66180173,100,20,
2026-08-05T13:43:07.182,768.42,gnss_navigation,35.92365558,139.9106258,16.764,0.653344444,TRUE,28,2,35.923076,139.9102107,74.50092558,210.1121657,39.87,1009.731367,33.484375,217.4375,-0.5625,-9.1875,2.13,5.49,1.9,69.75,-46,51.5625,63,7.325334296,forward,64.91180173,75.08819827,20,
2026-08-05T13:43:07.683,768.92,gnss_navigation,35.92365058,139.9106235,16.857,0.6482,TRUE,27,2,35.923076,139.9102107,73.91614653,210.189504,39.87,1009.758945,33.03613281,198.9375,0,-10.75,-1.56,5.65,0.47,-3.125,78.375,80,62,-11.25200403,forward,100,19.57901744,20,
2026-08-05T13:43:08.183,769.421,gnss_navigation,35.92365058,139.9106235,16.857,0.6482,TRUE,27,2,35.923076,139.9102107,73.91614653,210.189504,39.87,1009.794414,33.07226563,193.9375,-1.8125,-11.125,-1.48,-0.9,5.08,-107.125,52.875,29.75,62,-16.25200403,forward,88.86473256,51.13526744,20,
2026-08-05T13:43:08.684,769.921,gnss_navigation,35.923645,139.9106217,16.88,0.653344444,TRUE,27,2,35.923076,139.9102107,73.2989693,210.3250409,39.87,1009.786484,32.75292969,208.75,-0.375,-9,0.13,6.53,3.56,100.625,35.3125,17.75,62,-1.575040864,forward,72.90785323,67.09214677,20,
2026-08-05T13:43:09.184,770.422,gnss_navigation,35.923645,139.9106217,16.88,0.653344444,TRUE,27,2,35.923076,139.9102107,73.2989693,210.3250409,39.53,1009.206211,32.953125,206.3125,-1.625,-9.5,-3.93,6.25,9.27,-24.1875,-42.5,13.5625,62,-4.012540864,forward,73.42035323,66.57964677,20,
2026-08-05T13:43:09.684,770.922,gnss_navigation,35.92363878,139.9106195,16.888,0.668777778,TRUE,27,2,35.923076,139.9102107,72.60172495,210.464512,39.86,1009.742813,32.9765625,205.75,0.5,-10.1875,5.63,-1.24,4.27,-89.5,48.875,-19.1875,126,-4.714511992,forward,89.38503269,50.61496731,20,
2026-08-05T13:43:10.185,771.423,gnss_navigation,35.92363878,139.9106195,16.888,0.668777778,TRUE,27,2,35.923076,139.9102107,72.60172495,210.464512,39.86,1009.778555,32.95410156,206.375,-0.0625,-10.1875,9.51,-1.74,1.38,32.125,104,-29.5625,126,-4.089511992,forward,72.47878269,67.52121731,20,
2026-08-05T13:43:10.686,771.923,gnss_navigation,35.9236328,139.9106156,16.999,0.663633333,TRUE,27,2,35.923076,139.9102107,71.85021951,210.4921192,39.86,1009.825508,32.79980469,207.5625,0,-9.6875,2.49,5.35,11.08,-7.875,98.375,93.3125,62,-2.929619206,forward,82.40285959,57.59714041,20,
2026-08-05T13:43:11.186,772.423,gnss_navigation,35.9236328,139.9106156,16.999,0.663633333,TRUE,27,2,35.923076,139.9102107,71.85021951,210.4921192,39.85,1009.79,32.90625,202.5625,-1.6875,-7.9375,-2.65,-6.87,5.29,22.8125,56.6875,44.5625,62,-7.929619206,forward,78.68410959,61.31589041,20,
2026-08-05T13:43:11.688,772.925,gnss_navigation,35.92362708,139.9106139,16.976,0.663633333,TRUE,27,2,35.923076,139.9102107,71.22504876,210.645477,39.84,1009.774219,32.83398438,206.25,-1.5625,-8.3125,-4.2,2.68,20,50.6875,-62.5,-41.3125,62,-4.39547704,forward,63.80619537,76.19380463,20,
2026-08-05T13:43:12.190,773.428,gnss_navigation,35.92362708,139.9106139,16.976,0.663633333,TRUE,27,2,35.923076,139.9102107,71.22504876,210.645477,39.84,1009.746641,32.98730469,209.125,0.375,-7.625,-2.37,-1.84,16.09,-49,89.125,-35.375,62,-1.52047704,forward,69.04994537,70.95005463,20,
2026-08-05T13:43:12.690,773.928,gnss_navigation,35.9236213,139.910613,16.978,0.668777778,TRUE,27,2,35.923076,139.9102107,70.63094794,210.8548228,39.83,1009.785938,32.78613281,211.875,0.4375,-9.1875,1.19,1.57,0.67,-48.125,-20.125,-35.0625,126,1.020177173,forward,55.98513163,84.01486837,20,
2026-08-05T13:43:13.191,774.428,gnss_navigation,35.9236213,139.910613,16.978,0.668777778,TRUE,27,2,35.923076,139.9102107,70.63094794,210.8548228,39.83,1009.785938,32.86816406,213.75,-1.625,-8.0625,-5.94,1.17,15.39,47.875,-28.9375,27.125,126,2.895177173,forward,65.23513163,74.76486837,20,
2026-08-05T13:43:13.691,774.929,gnss_navigation,35.92361548,139.9106122,16.966,0.658488889,TRUE,27,2,35.923076,139.9102107,70.04005333,211.0766432,39.8,1009.79332,32.74902344,203.9375,0.0625,-9.3125,0.19,-3.55,-0.67,48.5,-53,-32.625,62,-7.139143215,forward,75.69010826,64.30989174,20,
2026-08-05T13:43:14.192,775.429,gnss_navigation,35.92361548,139.9106122,16.966,0.658488889,TRUE,27,2,35.923076,139.9102107,70.04005333,211.0766432,39.81,1009.746094,32.76074219,207.1875,1.125,-9.75,3.12,-1.29,1.77,-91.4375,-38.875,-55.5,62,-3.889143215,forward,70.65260826,69.34739174,20,
2026-08-05T13:43:14.692,775.93,gnss_navigation,35.92361108,139.9106115,16.824,0.658488889,TRUE,27,2,35.923076,139.9102107,69.58798396,211.2390719,39.81,1009.80125,33.07910156,219.3125,2.6875,-6.875,7.13,-0.64,4.81,-52.6875,57.125,-44.3125,254,8.073428114,forward,33.91756457,100,20,
2026-08-05T13:43:15.192,776.43,gnss_navigation,35.92361108,139.9106115,16.824,0.658488889,TRUE,27,2,35.923076,139.9102107,69.58798396,211.2390719,39.81,1009.754023,33.06738281,222.3125,1.6875,-7.9375,-11.16,7.69,26.07,-9.375,-57.3125,-15.5,254,11.07342811,forward,57.42381457,82.57618543,20,
2026-08-05T13:43:15.694,776.932,gnss_navigation,35.92360518,139.9106098,16.818,0.668777778,TRUE,27,2,35.923076,139.9102107,68.94876651,211.4141064,39.8,1009.78543,33.24316406,209.75,1,-8.25,1.57,4.5,1.51,27.3125,-56.25,-15.625,62,-1.664106393,forward,69.94750751,70.05249249,20,
2026-08-05T13:43:16.194,777.432,gnss_navigation,35.92360518,139.9106098,16.818,0.668777778,TRUE,27,2,35.923076,139.9102107,68.94876651,211.4141064,39.79,1009.7775,33.20800781,211.5,0.5,-7.5,10.2,9.75,8.69,11.0625,-77.9375,-23.5625,62,0.085893607,forward,67.12250751,72.87749249,20,
2026-08-05T13:43:16.699,777.937,gnss_navigation,35.92359408,139.9106034,16.717,0.658488889,TRUE,27,2,35.923076,139.9102107,67.59442792,211.5414362,39.79,1009.832617,33.23144531,216.3125,0.625,-7.5,-1.22,7.66,6.8,80.0625,-22.75,10.9375,190,4.771063798,forward,54.26253511,85.73746489,20,
2026-08-05T13:43:17.547,778.785,gnss_navigation,35.92359408,139.9106034,16.717,0.658488889,TRUE,27,2,35.923076,139.9102107,67.59442792,211.5414362,39.79,1009.796875,33.17285156,215.625,-0.6875,-8.375,-5.11,-0.16,23.22,-21.6875,-20.1875,20.0625,190,4.083563798,forward,67.63897348,72.36102652,20,
2026-08-05T13:43:18.048,779.286,gnss_navigation,,,,,FALSE,,,35.923076,139.9102107,,,39.79,1009.824453,33.17285156,209.75,-0.125,-7.375,-7.96,-4.63,16.58,14.8125,21.75,-31.3125,62,,forward,42.84564896,97.15435104,20,
2026-08-05T13:43:18.554,779.792,gnss_navigation,,,,,FALSE,,,35.923076,139.9102107,,,39.78,1009.816523,33.13671875,215.1875,0.6875,-9.25,2.77,10.19,5.86,1.5625,37.0625,47.6875,62,,forward,70.83314896,69.16685104,20,
2026-08-05T13:43:19.055,780.292,gnss_navigation,35.92358518,139.9106003,16.453,0.627622222,TRUE,27,2,35.923076,139.9102107,66.60556417,211.7821184,39.44,1009.319141,33.01757813,202.8125,1.875,-6.0625,-3.52,-6.28,9.39,23.5,-62.4375,-6.0625,190,-8.969618423,forward,87.49564896,52.50435104,20,
2026-08-05T13:43:19.911,781.148,gnss_navigation,35.92358518,139.9106003,16.453,0.627622222,TRUE,27,2,35.923076,139.9102107,66.60556417,211.7821184,39.78,1009.725938,32.93554688,203.3125,0.1875,-6.5,-2.85,-4.38,4.78,-50.5625,-83.125,-8.4375,190,-8.469618423,forward,75.50240029,64.49759971,20,
2026-08-05T13:43:20.414,781.651,gnss_navigation,35.92358,139.9105997,16.444,0.607044444,TRUE,27,2,35.923076,139.9102107,66.08846683,212.0065847,39.76,1009.749414,32.98144531,199.8125,3.375,-8.0625,0.03,1.76,1.7,-81.1875,8.6875,-1.8125,126,-12.19408469,forward,80.26643343,59.73356657,20,
2026-08-05T13:43:20.918,782.156,gnss_navigation,35.92358,139.9105997,16.444,0.607044444,TRUE,27,2,35.923076,139.9102107,66.08846683,212.0065847,39.75,1009.796328,33.015625,201.0625,2.1875,-6.5,0.79,-4.35,0.96,-34.875,131.125,-57.3125,126,-10.94408469,forward,75.12401775,64.87598225,20,
2026-08-05T13:43:21.419,782.656,gnss_navigation,35.92357658,139.9105992,16.227,0.6019,TRUE,27,2,35.923076,139.9102107,65.74264259,212.1488012,39.75,1009.788438,32.921875,220.1875,2.25,-9.0625,-4.82,0.63,4.98,-12.8125,-43.8125,30.5625,126,8.038698789,forward,29.70526775,100,20,
2026-08-05T13:43:21.919,783.157,gnss_navigation,35.92357658,139.9105992,16.227,0.6019,TRUE,27,2,35.923076,139.9102107,65.74264259,212.1488012,39.75,1009.760859,32.95703125,215.375,2.3125,-9.375,-5.58,2.37,8.45,-17.1875,-67.3125,74.6875,126,3.226198789,forward,70.68779097,69.31220903,20,
2026-08-05T13:43:22.419,783.657,gnss_navigation,35.92357298,139.9105981,16.132,0.591611111,TRUE,27,2,35.923076,139.9102107,65.35033943,212.2609149,39.72,1009.776445,32.83691406,200.8125,2.0625,-7.25,1.61,5,1.62,117.5625,38.375,21.625,126,-11.44841486,forward,100,26.24345903,20,
2026-08-05T13:43:22.921,784.158,gnss_navigation,35.92357298,139.9105981,16.132,0.591611111,TRUE,27,2,35.923076,139.9102107,65.35033943,212.2609149,39.73,1009.784336,32.84863281,200,1.25,-6.125,0.8,-5.88,23.12,-91.125,-22.5,-20.75,126,-12.26091486,forward,79.95873189,60.04126811,20,
2026-08-05T13:43:23.421,784.659,gnss_navigation,35.92356768,139.9105969,16.141,0.586466667,TRUE,27,2,35.923076,139.9102107,64.79549678,212.4594005,39.71,1009.760313,32.80078125,225.375,3.9375,-6.8125,1.61,-7.91,2.67,-56,71.0625,-67.8125,62,12.91559947,forward,23.23373189,100,20,
2026-08-05T13:43:23.921,785.159,gnss_navigation,35.92356768,139.9105969,16.141,0.586466667,TRUE,27,2,35.923076,139.9102107,64.79549678,212.4594005,39.72,1009.721328,32.90820313,228.375,2.5625,-8.4375,-0.27,7.09,11.72,118.0625,-55.625,-1,62,15.91559947,forward,75.69877042,64.30122958,20,
2026-08-05T13:43:24.422,785.659,gnss_navigation,35.923563,139.910594,16.144,0.576177778,TRUE,27,2,35.923076,139.9102107,64.21596858,212.5121818,39.71,1009.787891,32.82421875,219.4375,2.4375,-10.3125,-0.01,6.15,0.84,80.75,-66.4375,-37.3125,254,6.925318189,forward,31.91752042,100,20,
2026-08-05T13:43:24.925,786.162,gnss_navigation,35.923563,139.910594,16.144,0.576177778,TRUE,27,2,35.923076,139.9102107,64.21596858,212.5121818,39.71,1009.760313,32.80078125,222.1875,4.75,-6.5625,8.74,-5.38,8.97,-116.25,25.25,1.625,254,9.675318189,forward,61.66044866,78.33955134,20,
2026-08-05T13:43:25.425,786.663,gnss_navigation,35.92355768,139.9105907,16.175,0.576177778,TRUE,27,2,35.923076,139.9102107,63.55775781,212.5727317,39.71,1009.8075,33.01269531,207.0625,1.8125,-7.375,2.02,9.42,6.04,69,82.125,49.375,126,-5.51023173,forward,100,39.07775455,20,
2026-08-05T13:43:25.931,787.168,gnss_navigation,35.92355768,139.9105907,16.175,0.576177778,TRUE,27,2,35.923076,139.9102107,63.55775781,212.5727317,39.7,1009.744492,32.94140625,203.8125,0,-6.5625,-8.12,-5.9,17.2,-59.1875,-39,24.0625,126,-8.76023173,forward,79.72206018,60.27793982,20,
2026-08-05T13:43:26.431,787.669,gnss_navigation,35.92355058,139.9105901,16.279,0.581322222,TRUE,27,2,35.923076,139.9102107,62.86451156,212.9186207,39.7,1009.744492,33.29492188,210.1875,1.4375,-6.9375,1.94,-2.08,1.45,-52.3125,-56.5,-43.375,190,-2.731120699,forward,58.03943538,81.96056462,20,
2026-08-05T13:43:26.932,788.169,gnss_navigation,35.92355058,139.9105901,16.279,0.581322222,TRUE,27,2,35.923076,139.9102107,62.86451156,212.9186207,39.71,1009.779961,33.02441406,213.375,0.375,-6.3125,-5.45,2.7,12.02,-34.875,-82.25,23.625,190,0.456379301,forward,71.01211898,68.98788102,20,
2026-08-05T13:43:27.432,788.67,gnss_navigation,35.92354338,139.9105891,16.439,0.673922222,TRUE,27,2,35.923076,139.9102107,62.14373223,213.2489128,39.7,1009.744492,33.18945313,212.8125,1.625,-6.5625,1.76,1.75,1.86,-16.1875,-20.125,13.1875,126,-0.436412821,forward,71.32239656,68.67760344,20,
2026-08-05T13:43:27.932,789.17,gnss_navigation,35.92354338,139.9105891,16.439,0.673922222,TRUE,27,2,35.923076,139.9102107,62.14373223,213.2489128,39.61,1010.297695,33.22949219,212.5,1.375,-8,-4.6,6.45,2.15,22.1875,-85.875,-30.125,126,-0.748912821,forward,71.00364656,68.99635344,20,
2026-08-05T13:43:28.433,789.67,gnss_navigation,35.92353708,139.9105871,16.664,0.565888889,TRUE,27,2,35.923076,139.9102107,61.45958644,213.4665684,39.7,1009.791719,33.15332031,207.1875,2.1875,-3.375,4.57,0.34,4.91,-101.5625,8.8125,-11.5,62,-6.279068422,forward,93.43663026,46.56336974,20,
2026-08-05T13:43:28.933,790.171,gnss_navigation,35.92353708,139.9105871,16.664,0.565888889,TRUE,27,2,35.923076,139.9102107,61.45958644,213.4665684,39.69,1009.783477,33.15332031,207.375,1.0625,-6,-1.38,5.51,3.15,63,-44.3125,-27.75,62,-6.091568422,forward,74.95538026,65.04461974,20,
2026-08-05T13:43:29.439,790.676,gnss_navigation,35.92353218,139.9105869,16.909,0.571033333,TRUE,28,2,35.923076,139.9102107,60.99580079,213.7346918,37.22,1006.072031,33.31640625,217.3125,2.4375,-3.8125,1.55,3.31,14.87,69.125,-10.875,-28.6875,190,3.577808234,forward,69.18575474,70.81424526,20,
2026-08-05T13:43:29.940,791.177,gnss_navigation,35.92353218,139.9105869,16.909,0.571033333,TRUE,28,2,35.923076,139.9102107,60.99580079,213.7346918,39.68,1009.830703,33.25878906,218.0625,1.9375,-4.125,-4.11,5.39,16.9,-22.3125,3.25,1.875,190,4.327808234,forward,65.54200474,74.45799526,20,
2026-08-05T13:43:30.440,791.678,gnss_navigation,35.92352618,139.9105849,17.166,0.581322222,TRUE,28,2,35.923076,139.9102107,60.3421989,213.9454757,39.68,1009.775586,33.30566406,210.4375,0.9375,-4.3125,2.18,1.34,19.88,-37.875,13.6875,-17.375,126,-3.50797571,forward,61.85650341,78.14349659,20,
2026-08-05T13:43:30.942,792.179,gnss_navigation,35.92352618,139.9105849,17.166,0.581322222,TRUE,28,2,35.923076,139.9102107,60.3421989,213.9454757,39.23,1009.04,33.390625,213,2.375,-3.375,9.8,-4.41,4.19,-79.0625,-20.125,-12.75,126,-0.94547571,forward,88.95650341,51.04349659,20,
2026-08-05T13:43:31.442,792.68,gnss_navigation,35.92351928,139.9105832,17.393,0.607044444,TRUE,28,2,35.923076,139.9102107,59.62015453,214.2339711,39.67,1009.80668,33.42285156,204.4375,0.625,-4.375,-0.75,3.63,2.26,34.3125,98.3125,36.25,190,-9.79647109,forward,100,36.80611943,20,
2026-08-05T13:43:31.943,793.18,gnss_navigation,35.92351928,139.9105832,17.393,0.607044444,TRUE,28,2,35.923076,139.9102107,59.62015453,214.2339711,39.68,1009.794922,33.35253906,202,-0.3125,-2,2.27,-3.92,18.97,67.6875,4.8125,-28.5625,190,-12.23397109,forward,81.58763057,58.41236943,20,
2026-08-05T13:43:32.443,793.681,gnss_navigation,35.92351288,139.9105826,17.51,0.617333333,TRUE,28,2,35.923076,139.9102107,59.00247964,214.5793714,39.66,1009.735742,33.4921875,223.75,1.0625,-4.125,-0.99,6.19,10.99,33.125,-96.8125,-51.5,126,9.170628628,forward,29.44967687,100,20,
2026-08-05T13:43:32.943,794.181,gnss_navigation,35.92351288,139.9105826,17.51,0.617333333,TRUE,28,2,35.923076,139.9102107,59.00247964,214.5793714,39.65,1009.700273,33.50390625,226.0625,3.25,-4.5625,5.2,4.07,3.38,-110.375,-24.8125,-6.5625,126,11.48312863,forward,58.97467687,81.02532313,20,
2026-08-05T13:43:33.444,794.681,gnss_navigation,35.92350808,139.9105805,17.445,0.607044444,TRUE,28,2,35.923076,139.9102107,58.45589775,214.7236781,39.65,1009.747188,33.4921875,198.125,-0.1875,-2.8125,-3.18,2.32,17.87,-17.8125,42.3125,24.375,62,-16.59867809,forward,100,14.1740029,20,
2026-08-05T13:43:33.944,795.182,gnss_navigation,35.92350808,139.9105805,17.445,0.607044444,TRUE,28,2,35.923076,139.9102107,58.45589775,214.7236781,39.64,1009.821953,33.47949219,205.375,-1.625,-0.25,0.46,-11.91,18.2,-134.8125,23.6875,-51.0625,62,-9.348678088,forward,84.2822471,55.7177529,20,
2026-08-05T13:43:34.444,795.682,gnss_navigation,35.9235027,139.9105788,17.384,0.612188889,TRUE,28,2,35.923076,139.9102107,57.87710759,214.9366742,39.65,1009.747188,33.42089844,225.375,3.5,-2.3125,2.62,13.17,7.53,110.3125,9.875,26.3125,190,10.43832578,forward,63.69769247,76.30230753,20,
2026-08-05T13:43:34.946,796.184,gnss_navigation,35.9235027,139.9105788,17.384,0.612188889,TRUE,28,2,35.923076,139.9102107,57.87710759,214.9366742,39.65,1009.838086,33.43359375,223.75,4.25,-4.5,6.53,4.82,9.04,-35.875,124.5,60.8125,126,8.813325776,forward,63.83519247,76.16480753,20,
2026-08-05T13:43:35.446,796.684,gnss_navigation,35.9234973,139.9105767,17.4,0.607044444,TRUE,28,2,35.923076,139.9102107,57.27775027,215.1268069,39.63,1009.798203,33.52539063,206.9375,0.875,-3,0.45,-3.43,-0.83,-64.0625,19.3125,9.375,62,-8.189306852,forward,95.93058938,44.06941062,20,
2026-08-05T13:43:35.947,797.184,gnss_navigation,35.9234973,139.9105767,17.4,0.607044444,TRUE,28,2,35.923076,139.9102107,57.27775027,215.1268069,39.62,1009.727266,33.45410156,208.1875,0.6875,-1.8125,-2.43,-3.29,10.2,27.3125,-89.375,-55.125,62,-6.939306852,forward,74.06808938,65.93191062,20,
2026-08-05T13:43:36.447,797.685,gnss_navigation,35.92349028,139.9105746,17.562,0.617333333,TRUE,28,2,35.923076,139.9102107,56.53071769,215.4238152,39.62,1009.782383,33.32519531,219,4,-1.875,5.88,-8.94,7.35,-58.9375,93.0625,-27.5,254,3.576184763,forward,35.80769548,100,20,
2026-08-05T13:43:36.948,798.185,gnss_navigation,35.92349028,139.9105746,17.562,0.617333333,TRUE,28,2,35.923076,139.9102107,56.53071769,215.4238152,39.62,1009.754805,33.36035156,219.5,2.8125,-1.8125,5.17,6.88,5.84,72.6875,-84.6875,42.25,254,4.076184763,forward,66.67019548,73.32980452,20,
2026-08-05T13:43:37.448,798.686,gnss_navigation,35.92348358,139.9105703,17.643,0.617333333,TRUE,28,2,35.923076,139.9102107,55.6993164,215.5434448,39.61,1009.77418,33.4296875,221.3125,4.8125,-1.8125,7.85,-2.27,6.15,9.125,84.5625,-23.6875,126,5.769055194,forward,39.08280219,100,4.401,
2026-08-05T13:43:37.948,799.186,gnss_navigation,35.92348358,139.9105703,17.643,0.617333333,TRUE,28,2,35.923076,139.9102107,55.6993164,215.5434448,39.61,1009.76625,33.41796875,221.625,2.9375,-1.3125,-6.96,-4.83,12.57,-67,-90.6875,41.625,126,6.081555194,forward,64.27655219,75.72344781,20,
2026-08-05T13:43:38.449,799.687,gnss_navigation,35.9234778,139.9105662,17.443,0.627622222,TRUE,28,2,35.923076,139.9102107,54.96236735,215.621268,39.6,1009.722891,33.34667969,214.875,2.0625,-1.5,0.69,-1.07,-2.74,37.625,-39.875,-32,190,-0.746267999,forward,66.60975584,73.39024416,20,
2026-08-05T13:43:38.996,800.234,gnss_navigation,35.9234778,139.9105662,17.443,0.627622222,TRUE,28,2,35.923076,139.9102107,54.96236735,215.621268,39.61,1009.76625,33.19433594,216.3125,2.75,-2.125,-1.23,-0.11,14.11,91.9375,27.875,-34,190,0.691232001,forward,66.60975584,73.39024416,20,
2026-08-05T13:43:39.497,800.734,gnss_navigation,35.9234724,139.9105634,17.44,0.627622222,TRUE,28,2,35.923076,139.9102107,54.32761582,215.7739431,39.6,1009.758359,33.61816406,220.6875,3.5625,-3.25,6.59,0.1,5.94,-39.8125,74,-14.8125,126,4.913556889,forward,36.7282644,100,20,
2026-08-05T13:43:39.997,801.235,gnss_navigation,35.9234724,139.9105634,17.44,0.627622222,TRUE,28,2,35.923076,139.9102107,54.32761582,215.7739431,39.6,1009.703242,33.48828125,222.0625,3.9375,-2.5,0.09,7.07,2.46,68.25,52.9375,47.25,126,6.288556889,forward,62.8282644,77.1717356,20,
2026-08-05T13:43:40.498,801.735,gnss_navigation,35.92346718,139.9105579,17.458,0.637911111,TRUE,28,2,35.923076,139.9102107,53.56663241,215.7055596,39.61,1010.289766,33.61816406,219.875,4.8125,-2.625,-0.13,3.96,-0.39,38.0625,90.25,-64,126,4.169440428,forward,34.21915449,100,20,
2026-08-05T13:43:40.998,802.236,gnss_navigation,35.92346718,139.9105579,17.458,0.637911111,TRUE,28,2,35.923076,139.9102107,53.56663241,215.7055596,39.61,1009.738711,33.65429688,221.6875,4.75,-1.3125,-0.95,-0.16,0.49,-47.6875,-15.4375,3.5625,190,5.981940428,forward,65.58165449,74.41834551,20,
2026-08-05T13:43:41.498,802.736,gnss_navigation,35.92346178,139.9105554,17.459,0.632766667,TRUE,28,2,35.923076,139.9102107,52.94793278,215.8869611,39.63,1009.743086,33.44335938,201.9375,-1.6875,-3.5625,0.34,1.42,2,-41.1875,41.1875,32.6875,190,-13.94946111,forward,100,31.01680234,20,
2026-08-05T13:43:42.002,803.24,gnss_navigation,35.92346178,139.9105554,17.459,0.632766667,TRUE,28,2,35.923076,139.9102107,52.94793278,215.8869611,39.62,1009.782383,33.54882813,199.1875,-2.375,-3.125,-0.11,-2.37,15.12,3.1875,-113.8125,6.125,190,-16.69946111,forward,83.22069766,56.77930234,20,
2026-08-05T13:43:42.503,803.74,gnss_navigation,35.92345568,139.9105541,17.5,0.637911111,TRUE,28,2,35.923076,139.9102107,52.33065684,216.2184547,39.62,1009.762734,33.20800781,205.875,1.125,-3.0625,4.57,-6.13,6.77,-12.9375,72.75,5.375,62,-10.34345475,forward,88.63456889,51.36543111,20,
2026-08-05T13:43:43.003,804.241,gnss_navigation,35.92345568,139.9105541,17.5,0.637911111,TRUE,28,2,35.923076,139.9102107,52.33065684,216.2184547,39.62,1009.727266,33.38378906,203.5625,-2.25,-4.25,-6.99,2.17,12.34,-90.25,3,9.9375,62,-12.65595475,forward,82.31581889,57.68418111,20,
2026-08-05T13:43:43.505,804.743,gnss_navigation,35.92344968,139.9105536,17.603,0.637911111,TRUE,27,2,35.923076,139.9102107,51.76703905,216.6145642,39.63,1009.806094,33.50292969,215,2.125,-4.25,2.7,-2.73,4.26,73.5625,50.75,-25.9375,254,-1.614564181,forward,57.7872638,82.2127362,20,
2026-08-05T13:43:44.006,805.243,gnss_navigation,35.92344968,139.9105536,17.603,0.637911111,TRUE,27,2,35.923076,139.9102107,51.76703905,216.6145642,37.64,1007.026172,33.53417969,216.25,0.9375,-3.1875,-9.02,4.39,31.17,61.8125,58.125,-14.6875,190,-0.364564181,forward,69.3372638,70.6627362,20,
2026-08-05T13:43:44.506,805.743,gnss_navigation,35.92344448,139.9105529,17.63,0.637911111,TRUE,27,2,35.923076,139.9102107,51.26617711,216.9434453,39.64,1009.758906,33.43164063,224.5625,3.125,-6.8125,7.76,-2.41,6.64,-6.25,-62.4375,-7.75,126,7.619054673,forward,33.79790135,100,20,
2026-08-05T13:43:45.006,806.244,gnss_navigation,35.92344448,139.9105529,17.63,0.637911111,TRUE,27,2,35.923076,139.9102107,51.26617711,216.9434453,39.64,1009.758906,33.47949219,224.75,1.875,-6.3125,-11.48,1.44,19.6,-96.375,-7.6875,37.4375,62,7.806554673,forward,63.07915135,76.92084865,20,
2026-08-05T13:43:45.508,806.746,gnss_navigation,35.923439,139.9105504,17.827,0.627622222,TRUE,27,2,35.923076,139.9102107,50.64482218,217.1558376,39.64,1009.814023,33.46777344,220.375,2.0625,-5.8125,-10.12,-10.52,7.05,11.375,-89.625,-95.125,254,3.219162356,forward,41.80475626,98.19524374,20,
2026-08-05T13:43:46.010,807.248,gnss_navigation,35.923439,139.9105504,17.827,0.627622222,TRUE,27,2,35.923076,139.9102107,50.64482218,217.1558376,39.63,1009.723438,33.36132813,224.9375,3.1875,-5.875,9.12,3.91,22.05,26.4375,-28.875,-23.25,254,7.781662356,forward,59.69850626,80.30149374,20,
2026-08-05T13:43:46.511,807.748,gnss_navigation,35.92343418,139.9105483,17.834,0.612188889,TRUE,27,2,35.923076,139.9102107,50.10313619,217.3520513,39.64,1009.766836,33.32714844,205.8125,0.9375,-6.1875,5.3,2.95,12.39,-36.5625,10.6875,42.3125,126,-11.53955126,forward,82.64342012,57.35657988,20,
2026-08-05T13:43:47.011,808.249,gnss_navigation,35.92343418,139.9105483,17.834,0.612188889,TRUE,27,2,35.923076,139.9102107,50.10313619,217.3520513,39.64,1009.766836,33.32714844,205.375,0.1875,-6.5,10.96,1.75,7.17,7.3125,93,-40,126,-11.97705126,forward,76.62467012,63.37532988,20,
2026-08-05T13:43:47.511,808.749,gnss_navigation,35.923428,139.9105473,17.811,0.596755556,TRUE,27,2,35.923076,139.9102107,49.5031573,217.7520198,39.66,1009.771211,33.421875,217.4375,1.375,-8.4375,-8.44,-1.22,3.77,-62.4375,-51.375,29.25,190,-0.314519792,forward,71.65664101,68.34335899,20,
2026-08-05T13:43:48.012,809.25,gnss_navigation,35.923428,139.9105473,17.811,0.596755556,TRUE,27,2,35.923076,139.9102107,49.5031573,217.7520198,39.67,1010.275117,33.59960938,216.6875,3.5,-7.4375,3.05,-2.81,6.5,-54.4375,-6.25,-5,190,-1.064519792,forward,71.25039101,68.74960899,20,
2026-08-05T13:43:48.513,809.751,gnss_navigation,35.92342238,139.9105449,17.68,0.591611111,TRUE,27,2,35.923076,139.9102107,48.87749496,217.9999501,39.67,1009.751563,33.52929688,208.375,2.375,-6.75,4.36,1.55,26.57,-89.75,-3.25,31.25,190,-9.624950092,forward,72.77036583,67.22963417,20,
2026-08-05T13:43:49.013,810.251,gnss_navigation,35.92342238,139.9105449,17.68,0.591611111,TRUE,27,2,35.923076,139.9102107,48.87749496,217.9999501,39.66,1009.735742,33.515625,207.125,2.0625,-6.125,-0.05,1.75,3.52,172.25,11,-1.1875,190,-10.87495009,forward,78.82036583,61.17963417,20,
2026-08-05T13:43:49.514,810.751,gnss_navigation,35.92341688,139.9105435,17.681,0.591611111,TRUE,28,2,35.923076,139.9102107,48.31875149,218.3286288,39.66,1009.771211,33.3046875,214.625,3.125,-7.875,-1.97,5.22,5.4,80.1875,38.6875,-0.9375,126,-3.70362881,forward,66.60621007,73.39378993,20,
2026-08-05T13:43:50.014,811.252,gnss_navigation,35.92341688,139.9105435,17.681,0.591611111,TRUE,28,2,35.923076,139.9102107,48.31875149,218.3286288,39.67,1009.80668,33.29296875,214.9375,4.1875,-7.75,0.32,-0.47,-0.73,-49.625,-11.5,-13.0625,126,-3.39112881,forward,72.08121007,67.91878993,20,
2026-08-05T13:43:50.515,811.752,gnss_navigation,35.92340998,139.9105422,17.68,0.6019,TRUE,28,2,35.923076,139.9102107,47.64582382,218.7903991,39.67,1009.81457,33.41113281,218.9375,5.125,-7.5,-8.74,1.54,22.33,26.5625,113.8125,-44.125,190,0.147100919,forward,52.05040305,87.94959695,20,
2026-08-05T13:43:51.015,812.253,gnss_navigation,35.92340998,139.9105422,17.68,0.6019,TRUE,28,2,35.923076,139.9102107,47.64582382,218.7903991,39.67,1009.724023,33.38769531,222.5,4.6875,-8.375,0.39,3.95,1.72,48.5625,-69.125,-36.0625,190,3.709600919,forward,63.57540305,76.42459695,20,
2026-08-05T13:43:51.515,812.753,gnss_navigation,35.9234037,139.9105389,17.647,0.596755556,TRUE,28,2,35.923076,139.9102107,46.91648727,219.0435078,39.68,1009.803164,32.92871094,207.5625,4,-7.75,1.14,2.88,8.22,13.4375,70.4375,6,126,-11.48100776,forward,81.01356926,58.98643074,20,
2026-08-05T13:43:52.016,813.254,gnss_navigation,35.9234037,139.9105389,17.647,0.596755556,TRUE,28,2,35.923076,139.9102107,46.91648727,219.0435078,39.68,1009.775586,33.15234375,208.0625,3.5625,-5.4375,8.96,-3.07,17.73,109.1875,72.75,-26.9375,126,-10.98100776,forward,77.83856926,62.16143074,20,
2026-08-05T13:43:52.516,813.754,gnss_navigation,35.92339728,139.9105376,17.589,0.607044444,TRUE,28,2,35.923076,139.9102107,46.28903117,219.4858449,39.68,1009.720469,33.0703125,227.875,6.625,-8.6875,-0.05,-1.43,14.54,-51.875,-19,-33.125,126,8.38915514,forward,33.39105621,100,20,
2026-08-05T13:43:53.017,814.254,gnss_navigation,35.92339728,139.9105376,17.589,0.607044444,TRUE,28,2,35.923076,139.9102107,46.28903117,219.4858449,39.67,1010.338125,33.03417969,231,5.8125,-8.125,3.8,7.7,4.67,-16.1875,-23.25,-13.625,126,11.51415514,forward,58.59105621,81.40894379,20,
2026-08-05T13:43:53.519,814.756,gnss_navigation,,,,,FALSE,,,35.923076,139.9102107,,,39.68,1009.748047,33.05859375,214.3125,4.1875,-6.8125,12.88,5.69,13.31,71.875,-9.4375,2.5625,190,,forward,75.86367589,64.13632411,20,
2026-08-05T13:43:54.019,815.257,gnss_navigation,,,,,FALSE,,,35.923076,139.9102107,,,39.69,1009.755938,33.05859375,225.1875,5.25,-7.75,-3.87,0.33,12.13,152.125,21.5,13.1875,190,,forward,65.16992589,74.83007411,20,
2026-08-05T13:43:54.525,815.763,gnss_navigation,35.923386,139.9105342,17.47,0.581322222,TRUE,28,2,35.923076,139.9102107,45.13049714,220.2002271,39.71,1009.760313,33.08398438,222.6875,5.1875,-8.25,1.16,7.22,12.45,55.25,-53.5,19.8125,190,2.487272877,forward,67.02113736,72.97886264,20,
2026-08-05T13:43:55.026,816.263,gnss_navigation,35.923386,139.9105342,17.47,0.581322222,TRUE,28,2,35.923076,139.9102107,45.13049714,220.2002271,39.72,1009.768242,32.96679688,221.8125,4.125,-8.875,0.73,3.39,2.75,-124,58.8125,15.5,190,1.612272877,forward,67.02113736,72.97886264,20,
2026-08-05T13:43:55.527,816.764,gnss_navigation,35.92338038,139.9105319,17.545,0.586466667,TRUE,28,2,35.923076,139.9102107,44.51949415,220.5139768,39.73,1009.792266,33.01464844,249.6875,7.8125,-9.75,2.21,6.9,11.92,25.875,-57.5625,-101.0625,190,29.17352325,forward,0,100,20,
2026-08-05T13:43:56.027,817.265,gnss_navigation,35.92338038,139.9105319,17.545,0.586466667,TRUE,28,2,35.923076,139.9102107,44.51949415,220.5139768,39.74,1009.697852,33.19238281,257.375,7.5625,-10.5,-2.54,-4.56,13.67,-75.4375,-55.25,-47.6875,126,36.86102325,forward,35.9101817,100,20,
2026-08-05T13:43:56.527,817.765,gnss_navigation,35.92337548,139.9105285,17.552,0.591611111,TRUE,28,2,35.923076,139.9102107,43.90654741,220.672137,39.75,1009.686094,33.00390625,214.3125,4.5625,-5.8125,2.85,1.75,10.39,25.5625,14.25,52.6875,126,-6.359636984,forward,100,24.6138186,20,
2026-08-05T13:43:57.028,818.265,gnss_navigation,35.92337548,139.9105285,17.552,0.591611111,TRUE,28,2,35.923076,139.9102107,43.90654741,220.672137,39.76,1009.729766,32.94628906,210.6875,3.5,-6,-6.02,0.67,18.49,-88.4375,-39.875,10.1875,126,-9.984636984,forward,80.2611814,59.7388186,20,
2026-08-05T13:43:57.530,818.767,gnss_navigation,35.9233709,139.9105254,17.557,0.591611111,TRUE,28,2,35.923076,139.9102107,43.33824967,220.8313562,39.77,1009.745586,32.96972656,209.6875,1.4375,-6.4375,-3.97,-8.34,11.64,-39.0625,-131.5625,53.75,190,-11.14385615,forward,100,33.86854041,20,
2026-08-05T13:43:58.030,819.268,gnss_navigation,35.9233709,139.9105254,17.557,0.591611111,TRUE,28,2,35.923076,139.9102107,43.33824967,220.8313562,39.77,1009.718008,32.95800781,207.3125,2.625,-5.5625,7.47,5.83,15.93,-8.9375,-36.875,-12.0625,190,-13.51885615,forward,81.21270959,58.78729041,20,
2026-08-05T13:43:58.530,819.768,gnss_navigation,35.92336498,139.9105235,17.756,0.607044444,TRUE,28,2,35.923076,139.9102107,42.72965078,221.2345763,39.79,1009.7775,32.88964844,217.375,3,-6.25,4.15,-1.8,20.46,-8.5,-2.5625,-34.6875,126,-3.859576268,forward,76.04633492,63.95366508,20,
2026-08-05T13:43:59.031,820.268,gnss_navigation,35.92336498,139.9105235,17.756,0.607044444,TRUE,28,2,35.923076,139.9102107,42.72965078,221.2345763,39.79,1009.694844,32.80664063,220.375,4,-8.5,7.67,-8.56,7.25,-45.25,-43.9375,-36.75,126,-0.859576268,forward,68.21508492,71.78491508,20,
2026-08-05T13:43:59.531,820.769,gnss_navigation,35.92336088,139.9105207,17.921,0.6019,TRUE,28,2,35.923076,139.9102107,42.22175565,221.386597,39.83,1009.72293,32.75097656,206.875,2.3125,-7.875,-0.38,-3.01,-0.63,-122.6875,-3.6875,1.625,190,-14.51159703,forward,100,18.19983899,20,
2026-08-05T13:44:00.032,821.27,gnss_navigation,35.92336088,139.9105207,17.921,0.6019,TRUE,28,2,35.923076,139.9102107,42.22175565,221.386597,39.82,1009.769844,32.73828125,207.25,2.3125,-6.1875,0.53,-4.74,6.66,-3.9375,58.4375,-19.875,190,-14.13659703,forward,80.97516101,59.02483899,20,
2026-08-05T13:44:00.533,821.771,gnss_navigation,35.9233562,139.9105188,17.994,0.591611111,TRUE,28,2,35.923076,139.9102107,41.7184919,221.6831595,39.84,1009.719102,32.64550781,230.625,6.5625,-8.25,3.77,2.69,7.14,99.5,-43.4375,-50.25,190,8.941840543,forward,18.23427762,100,20,
2026-08-05T13:44:01.073,822.311,gnss_navigation,35.9233562,139.9105188,17.994,0.591611111,TRUE,28,2,35.923076,139.9102107,41.7184919,221.6831595,39.85,1009.754531,32.59863281,232.6875,4.8125,-7.5,2.42,7.31,1,12.5,-120.3125,-20,190,11.00434054,forward,57.65927762,82.34072238,20,
2026-08-05T13:44:01.576,822.814,gnss_navigation,35.92335208,139.9105164,18.08,0.576177778,TRUE,28,2,35.923076,139.9102107,41.2331593,221.8818815,39.85,1009.707344,32.74121094,228.4375,4.75,-7.375,-13.51,-2.31,8.11,32.875,-66.3125,0.875,62,6.555618473,forward,51.84027757,88.15972243,20,
2026-08-05T13:44:02.077,823.314,gnss_navigation,35.92335208,139.9105164,18.08,0.576177778,TRUE,28,2,35.923076,139.9102107,41.2331593,221.8818815,39.85,1009.817578,32.74121094,228.1875,5,-8.0625,1.12,2.9,8.18,8.0625,-91.5,18.375,126,6.305618473,forward,64.95902757,75.04097243,20,
2026-08-05T13:44:02.577,823.815,gnss_navigation,35.9233477,139.9105132,18.177,0.565888889,TRUE,28,2,35.923076,139.9102107,40.67705564,222.036455,39.87,1009.766836,32.65917969,220.1875,4.5,-5.25,6.43,-1.75,11.32,59.75,17.25,-11.25,254,-1.848955048,forward,67.61800522,72.38199478,20,
2026-08-05T13:44:03.078,824.315,gnss_navigation,35.9233477,139.9105132,18.177,0.565888889,TRUE,28,2,35.923076,139.9102107,40.67705564,222.036455,39.55,1009.257813,32.84863281,222.1875,4.5,-7.4375,-1.59,6.15,4.72,-75.5625,57.125,-19.5625,254,0.151044952,forward,68.59925522,71.40074478,20,
2026-08-05T13:44:03.578,824.816,gnss_navigation,35.92334308,139.9105109,18.239,0.565888889,TRUE,28,2,35.923076,139.9102107,40.15755139,222.307427,39.91,1009.767344,32.87402344,214.5,3.125,-6.6875,-16.55,2.96,23.54,-59.625,53.8125,52.75,62,-7.807427027,forward,100,28.65833596,20,
2026-08-05T13:44:04.078,825.316,gnss_navigation,35.92334308,139.9105109,18.239,0.565888889,TRUE,28,2,35.923076,139.9102107,40.15755139,222.307427,39.9,1009.759453,32.97949219,210.75,3.8125,-4.0625,-4.82,3.27,12.82,82.3125,64.3125,8.125,62,-11.55742703,forward,79.96041404,60.03958596,20,
2026-08-05T13:44:04.579,825.817,gnss_navigation,35.92333718,139.9105085,18.348,0.581322222,TRUE,28,2,35.923076,139.9102107,39.52791224,222.7158548,35.98,1004.606445,33.09765625,223.9375,4.75,-7,-3.71,5.85,2.79,-4.4375,45.6875,9.25,190,1.221645151,forward,60.10844162,79.89155838,20,
2026-08-05T13:44:05.079,826.317,gnss_navigation,35.92333718,139.9105085,18.348,0.581322222,TRUE,28,2,35.923076,139.9102107,39.52791224,222.7158548,39.93,1009.798984,33.09960938,223.3125,4.125,-6.4375,-2.08,-6.59,6.78,-75.125,-60.9375,28.625,190,0.596645151,forward,69.35844162,70.64155838,20,
2026-08-05T13:44:05.580,826.818,gnss_navigation,35.9233319,139.9105062,18.349,0.591611111,TRUE,28,2,35.923076,139.9102107,38.95656111,223.0781903,39.94,1010.358555,33.07617188,208.1875,1.6875,-4.9375,9.52,8.23,8.93,-15.5,-55.25,5.875,126,-14.89069027,forward,100,32.85856612,20,
2026-08-05T13:44:06.080,827.318,gnss_navigation,35.9233319,139.9105062,18.349,0.591611111,TRUE,28,2,35.923076,139.9102107,38.95656111,223.0781903,39.94,1009.732383,33.13574219,208,3.4375,-5.5625,3.04,7.69,5.14,114.8125,-27.125,10.6875,126,-15.07819027,forward,82.80393388,57.19606612,20,
2026-08-05T13:44:06.581,827.818,gnss_navigation,35.92332568,139.9105043,18.422,0.725366667,TRUE,27,2,35.923076,139.9102107,38.33636808,223.59705,39.96,1009.783672,33.08984375,215,3.5625,-7.0625,-6.57,6.7,13.69,68.625,-36,-31.5,190,-8.59704998,forward,84.42505221,55.57494779,20,
2026-08-05T13:44:07.081,828.319,gnss_navigation,35.92332568,139.9105043,18.422,0.725366667,TRUE,27,2,35.923076,139.9102107,38.33636808,223.59705,39.95,1009.720625,33.125,218.6875,6,-8.3125,7.72,9.27,9.51,-21.5625,-48.25,-54.1875,190,-4.90954998,forward,70.21255221,69.78744779,20,
2026-08-05T13:44:07.583,828.821,gnss_navigation,35.92332018,139.9105027,18.457,0.622477778,TRUE,27,2,35.923076,139.9102107,37.79544517,224.0782004,39.97,1009.697422,32.97265625,219,4.5625,-7.625,2.68,3.61,5.27,30.5,23.5,1.0625,190,-5.078200373,forward,73.62763998,66.37236002,20,
2026-08-05T13:44:08.083,829.321,gnss_navigation,35.92332018,139.9105027,18.457,0.622477778,TRUE,27,2,35.923076,139.9102107,37.79544517,224.0782004,39.97,1009.725,32.9140625,219.0625,4.4375,-6.5,0.36,-1.6,1.01,-67.5,10.4375,22.625,190,-5.015700373,forward,73.94013998,66.05986002,20,
2026-08-05T13:44:08.584,829.821,gnss_navigation,35.92331438,139.9104999,18.462,0.627622222,TRUE,27,2,35.923076,139.9102107,37.15770508,224.490696,40,1009.764492,32.98632813,223.375,5.4375,-8,4.67,9.25,24.87,27.0625,160.8125,22.5625,254,-1.115695953,forward,86.7188103,53.2811897,20,
2026-08-05T13:44:09.086,830.324,gnss_navigation,35.92331438,139.9104999,18.462,0.627622222,TRUE,27,2,35.923076,139.9102107,37.15770508,224.490696,39.99,1009.729023,32.97363281,222.5625,4.5625,-8.8125,0.05,1.63,1.5,-19.375,22.625,32.5,254,-1.928195953,forward,73.4063103,66.5936897,3.023,
2026-08-05T13:44:09.586,830.824,gnss_navigation,35.92330928,139.9104972,18.522,0.632766667,TRUE,27,2,35.923076,139.9102107,36.58346624,224.841486,35.93,1003.431094,32.98925781,221.0625,4.9375,-8,3,-0.11,7.86,7.625,62.5625,27.8125,190,-3.778986013,forward,91.03630676,48.96369324,20,
2026-08-05T13:44:10.087,831.324,gnss_navigation,35.92330928,139.9104972,18.522,0.632766667,TRUE,27,2,35.923076,139.9102107,36.58346624,224.841486,40.02,1009.741289,32.87011719,220.4375,3.8125,-7.0625,0.65,1.06,4.23,-9.6875,90.25,-30.3125,190,-4.403986013,forward,71.79255676,68.20744324,20,
2026-08-05T13:44:10.587,831.825,gnss_navigation,35.9233034,139.9104949,18.503,0.6482,TRUE,27,2,35.923076,139.9102107,35.97600291,225.3439903,40.03,1009.729531,32.7890625,226.9375,4.3125,-8.6875,1.39,-0.5,-0.35,-78.625,8.8125,1.4375,190,1.593509713,forward,44.41693881,95.58306119,20,
2026-08-05T13:44:11.087,832.325,gnss_navigation,35.9233034,139.9104949,18.503,0.6482,TRUE,27,2,35.923076,139.9102107,35.97600291,225.3439903,40.02,1009.71375,33.01171875,227.375,4.1875,-8.4375,2.45,-4.77,24.25,-102.75,-3.125,-4.9375,190,2.031009713,forward,67.44818881,72.55181119,20,
2026-08-05T13:44:11.588,832.825,gnss_navigation,35.9232979,139.9104935,18.429,0.627622222,TRUE,27,2,35.923076,139.9102107,35.45817804,225.9037857,40.03,1009.709883,32.98925781,226.75,3.4375,-9.75,-2.45,4.9,5.63,-72.5,27.0625,15.125,190,0.84621432,forward,64.45644223,75.54355777,20,
2026-08-05T13:44:12.088,833.326,gnss_navigation,35.9232979,139.9104935,18.429,0.627622222,TRUE,27,2,35.923076,139.9102107,35.45817804,225.9037857,40.05,1009.761484,32.82519531,225,3.25,-8.5625,-3.29,2.42,3.81,18.6875,-110.1875,36.125,190,-0.90378568,forward,71.07519223,68.92480777,20,
2026-08-05T13:44:12.589,833.826,gnss_navigation,35.92329308,139.9104904,18.286,0.627622222,TRUE,27,2,35.923076,139.9102107,34.88444391,226.2147907,40.05,1009.769375,32.90820313,220.4375,4.6875,-8.4375,-1.43,3.14,10.34,10.0625,38.625,-34.375,126,-5.777290689,forward,87.81052854,52.18947146,20,
2026-08-05T13:44:13.090,834.328,gnss_navigation,35.92329308,139.9104904,18.286,0.627622222,TRUE,27,2,35.923076,139.9102107,34.88444391,226.2147907,40.03,1009.729531,32.87109375,223.25,3.625,-8.5625,10.69,1.14,9.69,-45.125,-61.5,-40.6875,126,-2.964790689,forward,70.44177854,69.55822146,20,
2026-08-05T13:44:13.590,834.828,gnss_navigation,35.9232888,139.9104869,18.147,0.622477778,TRUE,27,2,35.923076,139.9102107,34.32757869,226.4247117,40.07,1009.765508,32.63769531,233.125,3.9375,-8.625,-9.74,4.74,16.25,-86,-86.3125,66.8125,190,6.700288295,forward,89.46558255,50.53441745,20,
2026-08-05T13:44:14.091,835.328,gnss_navigation,35.9232888,139.9104869,18.147,0.622477778,TRUE,27,2,35.923076,139.9102107,34.32757869,226.4247117,40.07,1009.793086,32.67285156,221.125,4.0625,-6.375,6.34,9.22,15.26,7.875,-49.25,29.625,190,-5.299711705,forward,76.00933255,63.99066745,20,
2026-08-05T13:44:14.594,835.831,gnss_navigation,35.9232845,139.9104827,18.128,0.607044444,TRUE,27,2,35.923076,139.9102107,33.72411415,226.5703185,40.07,1009.710352,32.47265625,218.375,6,-7.8125,8.61,-2.91,4.97,8.0625,109.9375,-36.0625,126,-8.195318531,forward,87.31476936,52.68523064,20,
2026-08-05T13:44:15.093,836.33,gnss_navigation,35.9232845,139.9104827,18.128,0.607044444,TRUE,27,2,35.923076,139.9102107,33.72411415,226.5703185,40.07,1009.765508,32.40234375,220.4375,5.0625,-7,-0.5,3.95,4.08,-39.3125,-30.625,-22.6875,126,-6.132818531,forward,73.63351936,66.36648064,20,
2026-08-05T13:44:15.594,836.832,gnss_navigation,35.92327888,139.9104794,18.189,0.6019,TRUE,28,2,35.923076,139.9102107,33.07990418,227.0020753,40.09,1009.769844,32.41503906,224.4375,4.375,-5.9375,-8.49,6.25,18.52,23.625,113.5625,-22.875,190,-2.564575311,forward,86.86250482,53.13749518,20,
2026-08-05T13:44:16.095,837.332,gnss_navigation,35.92327888,139.9104794,18.189,0.6019,TRUE,28,2,35.923076,139.9102107,33.07990418,227.0020753,40.08,1009.817109,32.37890625,225.6875,4.4375,-5.4375,-1,4.27,7.01,57.4375,-31.625,-10.0625,190,-1.314575311,forward,69.97500482,70.02499518,20,
2026-08-05T13:44:16.595,837.833,gnss_navigation,35.92327338,139.9104755,18.243,0.596755556,TRUE,27,2,35.923076,139.9102107,32.40665032,227.3694643,40.09,1009.722617,32.25097656,230.0625,5.6875,-7.5,-0.73,-0.74,2.61,-30.8125,83.9375,37,126,2.693035737,forward,69.96416025,70.03583975,20,
2026-08-05T13:44:17.096,838.333,gnss_navigation,35.92327338,139.9104755,18.243,0.596755556,TRUE,27,2,35.923076,139.9102107,32.40665032,227.3694643,40.09,1009.750195,32.46289063,227.5,4.875,-6.375,-6.72,1.37,14.61,-21.5,-42.5625,36.3125,126,0.130535737,forward,72.19541025,67.80458975,20,
2026-08-05T13:44:17.596,838.834,gnss_navigation,35.92326818,139.9104713,18.254,0.591611111,TRUE,27,2,35.923076,139.9102107,31.73724552,227.6750571,40.1,1009.730508,32.49804688,222.5625,3.75,-5.6875,-5.63,-4.39,16.3,7.4375,-103.8125,13.875,190,-5.112557133,forward,67.75182141,72.24817859,20,
2026-08-05T13:44:18.096,839.334,gnss_navigation,35.92326818,139.9104713,18.254,0.591611111,TRUE,27,2,35.923076,139.9102107,31.73724552,227.6750571,40.11,1009.719063,32.49902344,221.9375,3.6875,-7.125,-1.74,4.52,1.1,-8.5,-21,1.125,190,-5.737557133,forward,73.93307141,66.06692859,20,
2026-08-05T13:44:18.597,839.834,gnss_navigation,35.92326308,139.9104692,18.117,0.591611111,TRUE,27,2,35.923076,139.9102107,31.21696036,228.2109084,40.11,1009.809688,32.33398438,228.6875,3.5625,-4.375,-3.4,1.21,16.94,0.8125,78.5625,-1.875,126,0.476591593,forward,54.09004571,85.90995429,20,
2026-08-05T13:44:19.097,840.335,gnss_navigation,35.92326308,139.9104692,18.117,0.591611111,TRUE,27,2,35.923076,139.9102107,31.21696036,228.2109084,40.12,1009.817578,32.28710938,229.6875,3.9375,-5,3.58,-3.87,7.98,100.6875,-38.9375,-49.6875,126,1.476591593,forward,67.80254571,72.19745429,20,
2026-08-05T13:44:19.599,840.837,gnss_navigation,35.92325758,139.9104661,17.983,0.586466667,TRUE,27,2,35.923076,139.9102107,30.6036035,228.7182243,40.12,1009.734883,32.15722656,219.8125,1.6875,-2.5625,-8.02,-0.03,16.1,-2.375,65.0625,57.625,126,-8.90572434,forward,100,29.98752327,20,
2026-08-05T13:44:20.108,841.346,gnss_navigation,35.92325758,139.9104661,17.983,0.586466667,TRUE,27,2,35.923076,139.9102107,30.6036035,228.7182243,40.13,1009.758906,32.17089844,216.625,1.5,-3.5,0.56,-1.04,-2.47,-175.375,-47.625,-35.25,126,-12.09322434,forward,76.59372673,63.40627327,20,
2026-08-05T13:44:20.608,841.846,gnss_navigation,35.9232528,139.9104633,17.97,0.576177778,TRUE,27,2,35.923076,139.9102107,30.06412462,229.1629433,40.13,1009.778242,32.16992188,223.375,2.625,-3.8125,-1.4,-4.91,28.54,126.5625,5.0625,31.25,190,-5.787943283,forward,90.05582947,49.94417053,20,
2026-08-05T13:44:21.109,842.346,gnss_navigation,35.9232528,139.9104633,17.97,0.576177778,TRUE,27,2,35.923076,139.9102107,30.06412462,229.1629433,40.13,1009.778242,32.01660156,221.8125,3,-3.875,-0.86,2.14,3.15,-23.625,27.0625,-9.1875,126,-7.350443283,forward,75.83707947,64.16292053,20,
2026-08-05T13:44:21.610,842.848,gnss_navigation,35.9232474,139.91046,17.956,0.581322222,TRUE,27,2,35.923076,139.9102107,29.44781325,229.6687742,40.13,1009.778242,32.07519531,240.125,6.75,-5.875,7.16,2.19,4.75,-78.875,-4.1875,-40.5,190,10.45622583,forward,29.35535463,100,20,
2026-08-05T13:44:22.112,843.349,gnss_navigation,35.9232474,139.91046,17.956,0.581322222,TRUE,27,2,35.923076,139.9102107,29.44781325,229.6687742,40.13,1009.676172,32.13476563,241.6875,5.75,-6.375,0.4,-2.4,0.12,1.1875,65.6875,43.875,190,12.01872583,forward,62.87410463,77.12589537,20,
2026-08-05T13:44:22.612,843.85,gnss_navigation,35.92324288,139.9104559,17.922,0.576177778,TRUE,27,2,35.923076,139.9102107,28.84053877,229.9527549,38.4,1007.36668,32.21484375,233.5,3.8125,-4.6875,11.07,4.02,8.47,0.9375,-91.625,41.6875,190,3.54724511,forward,61.84126934,78.15873066,20,
2026-08-05T13:44:23.149,844.387,gnss_navigation,35.92324288,139.9104559,17.922,0.576177778,TRUE,27,2,35.923076,139.9102107,28.84053877,229.9527549,40.13,1009.640352,32.16992188,232.3125,3.4375,-5.5,-5.62,10.25,7.28,19.9375,23.4375,38,190,2.35974511,forward,70.19126934,69.80873066,20,
2026-08-05T13:44:23.651,844.888,gnss_navigation,35.92323898,139.9104528,17.925,0.565888889,TRUE,27,2,35.923076,139.9102107,28.34938929,230.2626493,40.13,1009.758906,32.53613281,226.125,2.5,-2.4375,0.6,8.82,15.42,74,-50.25,4.875,190,-4.137649272,forward,96.96845391,43.03154609,20,
2026-08-05T13:44:24.151,845.389,gnss_navigation,35.92323898,139.9104528,17.925,0.565888889,TRUE,27,2,35.923076,139.9102107,28.34938929,230.2626493,36.66,1004.245742,32.33984375,226.125,3.3125,-2.75,3.67,4.16,2.32,114.3125,-35.1875,-31.6875,190,-4.137649272,forward,73.05595391,66.94404609,20,
2026-08-05T13:44:24.652,845.896,gnss_navigation,35.9232346,139.9104497,17.85,0.571033333,TRUE,27,2,35.923076,139.9102107,27.82268263,230.6650394,40.14,1009.719844,32.3125,234.3125,4.6875,-5.8125,-0.83,-2.62,1.24,12,21.125,-10.75,190,3.6474606,forward,42.12261942,97.87738058,20,
2026-08-05T13:44:25.152,846.389,gnss_navigation,35.9232346,139.9104497,17.85,0.571033333,TRUE,27,2,35.923076,139.9102107,27.82268263,230.6650394,40.14,1009.711641,32.39453125,234.125,4.75,-5.25,-0.37,7.11,2.16,-53.9375,33.5625,15.625,190,3.4599606,forward,65.83511942,74.16488058,20,
2026-08-05T13:44:25.652,846.89,gnss_navigation,35.92323048,139.9104469,17.807,0.571033333,TRUE,27,2,35.923076,139.9102107,27.33821484,231.0721267,40.16,1009.790781,32.37207031,233.4375,5.625,-4.4375,0.88,0.75,1.88,-84.875,-0.75,-1.75,126,2.365373274,forward,51.11328152,88.88671848,20,
2026-08-05T13:44:26.153,847.39,gnss_navigation,35.92323048,139.9104469,17.807,0.571033333,TRUE,27,2,35.923076,139.9102107,27.33821484,231.0721267,40.16,1009.798711,32.38476563,234.0625,6.0625,-2.8125,0.84,-1.11,18.98,-119.9375,-33.3125,7,126,2.990373274,forward,66.60078152,73.39921848,20,
2026-08-05T13:44:26.653,847.891,gnss_navigation,35.92322648,139.9104442,17.836,0.565888889,TRUE,27,2,35.923076,139.9102107,26.87147481,231.4861808,40.17,1009.70418,32.14941406,239.0625,6.125,-5,2.99,2.74,2.89,-7,-39.0625,3.3125,254,7.576319159,forward,38.92020138,100,20,
2026-08-05T13:44:27.153,848.391,gnss_navigation,35.92322648,139.9104442,17.836,0.565888889,TRUE,27,2,35.923076,139.9102107,26.87147481,231.4861808,40.17,1009.668711,32.21972656,240,6.75,-3.875,2.59,0.09,9.05,161.625,-19.9375,17.8125,190,8.513819159,forward,61.97020138,78.02979862,20,
2026-08-05T13:44:27.654,848.891,gnss_navigation,35.9232225,139.9104411,17.807,0.571033333,TRUE,28,2,35.923076,139.9102107,26.37663075,231.8593982,40.16,1009.688398,32.1015625,238.25,7.5,-6.5625,2.21,9.51,4.21,151,-42.6875,6.8125,190,6.390601833,forward,64.47645138,75.52354862,20,
2026-08-05T13:44:28.154,849.392,gnss_navigation,35.9232225,139.9104411,17.807,0.571033333,TRUE,28,2,35.923076,139.9102107,26.37663075,231.8593982,40.16,1009.743555,32.18457031,236.1875,7.3125,-5.4375,0.92,-1.92,10.16,50.875,116.8125,25.6875,126,4.328101833,forward,67.07501853,72.92498147,20,
2026-08-05T13:44:28.655,849.892,gnss_navigation,35.9232188,139.9104381,17.892,0.560744444,TRUE,28,2,35.923076,139.9102107,25.91055076,232.20601,40.17,1009.759375,32.09082031,227.6875,4.1875,-4.75,-2.58,-3.5,25.38,-51.75,-28.375,9.875,190,-4.518510026,forward,73.19376853,66.80623147,20,
2026-08-05T13:44:29.155,850.393,gnss_navigation,35.9232188,139.9104381,17.892,0.560744444,TRUE,28,2,35.923076,139.9102107,25.91055076,232.20601,40.17,1009.70418,31.9609375,228.3125,5,-6.0625,3.32,4.82,1.99,36.4375,-29.25,-10.8125,190,-3.893510026,forward,72.38355802,67.61644198,20,
2026-08-05T13:44:29.656,850.893,gnss_navigation,35.92321428,139.910436,17.951,0.545311111,TRUE,27,2,35.923076,139.9102107,25.45609084,232.8405333,40.17,1009.723867,31.88964844,225.8125,5,-4.875,12.28,2.58,7.23,171.375,87.75,18.5625,190,-7.028033322,forward,70.11480802,69.88519198,20,
2026-08-05T13:44:30.156,851.394,gnss_navigation,35.92321428,139.910436,17.951,0.545311111,TRUE,27,2,35.923076,139.9102107,25.45609084,232.8405333,40.17,1009.751445,31.87695313,223.0625,2.9375,-2.625,2.51,1.8,8.98,29.625,34.125,13.5625,190,-9.778033322,stopped,0,0,20,
2026-08-05T13:44:30.656,851.894,gnss_navigation,35.92321078,139.9104338,17.827,0.545311111,TRUE,27,2,35.923076,139.9102107,25.06265365,233.2739694,40.18,1009.61,31.87890625,225.25,1.4375,-8.25,0.14,1.56,9.54,-0.0625,0,-0.0625,254,-8.023969368,forward,96.47909892,43.52090108,20,
2026-08-05T13:44:31.157,852.394,gnss_navigation,35.92321078,139.9104338,17.827,0.545311111,TRUE,27,2,35.923076,139.9102107,25.06265365,233.2739694,40.18,1009.637578,31.90234375,225.375,1.3125,-10.5625,0.16,8.46,9.86,200.5,13.625,-13.1875,254,-7.898969368,forward,76.21292549,63.78707451,20,
2026-08-05T13:44:31.657,852.895,gnss_navigation,35.92320998,139.9104333,17.675,0,TRUE,27,2,35.923076,139.9102107,24.97341221,233.375778,40.19,1009.728203,31.72558594,236.5625,1.4375,-12,4.65,5.23,10.43,67.5625,-17.4375,16.1875,254,3.186722033,forward,53.46292549,86.53707451,20,
2026-08-05T13:44:32.158,853.395,gnss_navigation,35.92320998,139.9104333,17.675,0,TRUE,27,2,35.923076,139.9102107,24.97341221,233.375778,40.18,1009.830625,31.79589844,235.5625,1.875,-11.75,9,-1.18,17.45,-135.625,-2.6875,3.8125,254,2.186722033,forward,68.71937237,71.28062763,20,
2026-08-05T13:44:32.658,853.896,gnss_navigation,35.92320678,139.9104302,17.684,0,TRUE,27,2,35.923076,139.9102107,24.53860764,233.6558291,40.19,1009.708555,31.80859375,247.625,0.75,-11.8125,7.11,-3.89,5.88,-77.8125,93.5,-10.625,190,13.96917092,forward,22.81937237,100,20,
2026-08-05T13:44:33.158,854.396,gnss_navigation,35.92320678,139.9104302,17.684,0,TRUE,27,2,35.923076,139.9102107,24.53860764,233.6558291,40.19,1010.287656,31.796875,248.5,1.0625,-12.5,1.8,7.96,3,158.4375,-10.375,31.375,126,14.84417092,forward,58.99966326,81.00033674,20,
2026-08-05T13:44:33.659,854.896,gnss_navigation,35.92320388,139.9104267,17.688,0,TRUE,27,2,35.923076,139.9102107,24.09254907,233.827225,40.18,1010.382148,32.12695313,224.3125,0.75,-11.1875,4.96,-0.12,15.03,6.6875,48.25,0.125,254,-9.514725036,forward,100,26.74408674,20,
2026-08-05T13:44:34.160,855.397,gnss_navigation,35.92320388,139.9104267,17.688,0,TRUE,27,2,35.923076,139.9102107,24.09254907,233.827225,40.18,1009.775469,31.74902344,224.8125,0.25,-11.4375,0.95,8.67,13.11,192.4375,-21.8125,-55.3125,254,-9.014725036,forward,77.14303003,62.85696997,20,
2026-08-05T13:44:34.660,855.897,gnss_navigation,35.9231982,139.9104219,17.738,0.504155556,TRUE,27,2,35.923076,139.9102107,23.37203834,234.4524459,40.19,1009.673047,31.72558594,237.1875,1.625,-12,-0.43,0.2,1.33,-56.1875,34.3125,11,190,2.735054135,forward,50.33678003,89.66321997,20,
2026-08-05T13:44:35.160,856.398,gnss_navigation,35.9231982,139.9104219,17.738,0.504155556,TRUE,27,2,35.923076,139.9102107,23.37203834,234.4524459,40.18,1009.637578,31.71386719,234.875,0.4375,-10.875,-2.63,2.74,9.48,-47.9375,1.625,40.75,190,0.422554135,forward,71.39320669,68.60679331,20,
2026-08-05T13:44:35.661,856.898,gnss_navigation,35.9231933,139.9104179,17.787,0.514444444,TRUE,27,2,35.923076,139.9102107,22.76341505,235.041205,40.18,1009.720313,31.73730469,240,2.5625,-11.75,2.22,4.15,9.33,-16.9375,40.5625,-0.3125,190,4.95879504,forward,53.06195669,86.93804331,20,
2026-08-05T13:44:36.161,857.399,gnss_navigation,35.9231933,139.9104179,17.787,0.514444444,TRUE,27,2,35.923076,139.9102107,22.76341505,235.041205,40.18,1009.775469,31.78417969,239.5625,0.375,-11.0625,-8.97,2.23,21.93,13.875,-22.3125,19.3125,190,4.52129504,forward,67.73296397,72.26703603,20,
2026-08-05T13:44:36.661,857.899,gnss_navigation,35.9231854,139.9104098,17.736,0.519588889,TRUE,27,2,35.923076,139.9102107,21.66441688,235.839967,40.18,1009.684531,32.0546875,245.6875,1.625,-11.5,0.69,-1.05,17.01,-60.25,34.25,-38.5625,254,9.847532997,forward,1.426713968,100,20,
2026-08-05T13:44:37.440,858.678,gnss_navigation,35.9231854,139.9104098,17.736,0.519588889,TRUE,27,2,35.923076,139.9102107,21.66441688,235.839967,40.18,1009.747891,31.94921875,246.8125,2.0625,-11.75,2.24,-2.68,7.51,25.6875,-41.1875,-32.375,190,10.972533,forward,81.06887871,58.93112129,20,
2026-08-05T13:44:37.941,859.178,gnss_navigation,35.9231854,139.9104098,,0.529877778,TRUE,,,35.923076,139.9102107,21.66441688,235.839967,40.17,1009.731758,32.04296875,236.25,2.6875,-11.625,-5.07,-0.33,13.93,36.5,17.375,-3.75,62,0.410032997,forward,64.9844736,75.0155264,20,
2026-08-05T13:44:38.441,859.679,gnss_navigation,35.9231854,139.9104098,,0.529877778,TRUE,,,35.923076,139.9102107,21.66441688,235.839967,40.18,1009.712109,32.10253906,234.125,3,-13.125,-2.73,0.92,18.21,9.0625,-54.5625,0.9375,190,-1.714967003,forward,71.0094736,68.9905264,20,
2026-08-05T13:44:38.942,860.179,gnss_navigation,35.9231775,139.9104015,17.718,0.545311111,TRUE,27,2,35.923076,139.9102107,20.55627895,236.6986591,40.19,1009.680977,32.11523438,224.875,3.9375,-11.6875,5.22,4.67,4.03,-111.4375,-86.75,54.8125,254,-11.82365914,forward,100,23.3467764,20,
2026-08-05T13:44:39.718,860.956,gnss_navigation,35.9231775,139.9104015,17.718,0.545311111,TRUE,27,2,35.923076,139.9102107,20.55627895,236.6986591,36.88,1005.402109,31.828125,223.9375,3.4375,-10.375,-3.69,-1.69,10.73,59.1875,103.75,50.8125,190,-12.76115914,forward,89.66190767,50.33809233,20,
2026-08-05T13:44:40.218,861.456,gnss_navigation,35.92317298,139.9103984,17.822,0.550455556,TRUE,27,2,35.923076,139.9102107,20.04773308,237.4579733,40.2,1009.751914,32.18652344,243.5625,1.375,-14.6875,3.47,8.81,10.92,99.0625,-65.625,-18.0625,190,6.104526731,forward,42.32142732,97.67857268,20,
2026-08-05T13:44:40.719,861.956,gnss_navigation,35.92317298,139.9103984,17.822,0.550455556,TRUE,27,2,35.923076,139.9102107,20.04773308,237.4579733,40.2,1009.744023,32.08105469,244.4375,1.8125,-13.875,-1.98,1.19,2.1,-49.0625,44.0625,25.0625,190,6.979526731,forward,63.60892732,76.39107268,20,
2026-08-05T13:44:41.219,862.457,gnss_navigation,35.92316918,139.9103955,17.838,0.550455556,TRUE,27,2,35.923076,139.9102107,19.60149292,238.0885757,40.21,1009.767734,31.95117188,244.5625,2.875,-12.125,-4.65,-1.3,20.24,-13.4375,28.5,-28.3125,254,6.473924315,forward,52.12262862,87.87737138,20,
2026-08-05T13:44:41.720,862.957,gnss_navigation,35.92316918,139.9103955,17.838,0.550455556,TRUE,27,2,35.923076,139.9102107,19.60149292,238.0885757,40.2,1009.724336,31.98632813,245.875,4.1875,-13.625,0.45,-1.11,-0.48,-97.375,6.875,0.75,254,7.786424315,forward,62.64137862,77.35862138,20,
2026-08-05T13:44:42.220,863.458,gnss_navigation,35.9231653,139.9103924,17.798,0.560744444,TRUE,27,2,35.923076,139.9102107,19.13881727,238.7465502,40.21,1009.712578,31.88085938,238.5625,1.3125,-12.4375,5.43,3.53,25.14,53.5625,-53.1875,35.0625,62,-0.184050232,forward,76.80836055,63.19163945,20,
2026-08-05T13:44:42.720,863.958,gnss_navigation,35.9231653,139.9103924,17.798,0.560744444,TRUE,27,2,35.923076,139.9102107,19.13881727,238.7465502,40.2,1009.696758,31.98632813,236.5,2.375,-12.9375,-2.89,4.85,9.95,41,70.6875,16.4375,62,-2.246550232,forward,72.21461055,67.78538945,20,
2026-08-05T13:44:43.221,864.458,gnss_navigation,35.92316138,139.9103894,17.81,0.560744444,TRUE,27,2,35.923076,139.9102107,18.68207587,239.456179,40.22,1009.693203,32.08203125,241.5625,2.5625,-13.25,-0.4,-3.64,0.33,-84.0625,3.375,-12,190,2.106321003,forward,63.62849019,76.37150981,20,
2026-08-05T13:44:43.721,864.959,gnss_navigation,35.92316138,139.9103894,17.81,0.560744444,TRUE,27,2,35.923076,139.9102107,18.68207587,239.456179,40.23,1009.736602,31.94042969,242.875,3.3125,-14.25,3.18,1.87,10.32,-136.75,-1.8125,-25.625,190,3.418821003,forward,63.99724019,76.00275981,20,
2026-08-05T13:44:44.221,865.459,gnss_navigation,35.92315708,139.9103843,17.842,0.586466667,TRUE,27,2,35.923076,139.9102107,18.04575717,240.0250633,40.22,1009.645938,31.95214844,243.375,1.9375,-16.75,1.24,10.43,0.73,-9.4375,-15.875,-18,62,3.349936668,forward,42.6899432,97.3100568,20,
2026-08-05T13:44:44.739,865.977,gnss_navigation,35.92315708,139.9103843,17.842,0.586466667,TRUE,27,2,35.923076,139.9102107,18.04575717,240.0250633,40.22,1009.673516,31.62109375,243.75,2.1875,-14.75,1.41,2.09,1.21,-110.8125,4.375,-17.625,62,3.724936668,forward,65.0024432,74.9975568,20,
2026-08-05T13:44:45.240,866.477,gnss_navigation,35.92315328,139.9103824,17.809,0.591611111,TRUE,27,2,35.923076,139.9102107,17.68866806,240.9338181,40.24,1009.705156,31.765625,239.5,3.5,-14.625,2.36,2.5,14.07,-40.125,-10.5,-39.1875,254,-1.433818083,forward,65.09505067,74.90494933,20,
2026-08-05T13:44:45.743,866.981,gnss_navigation,35.92315328,139.9103824,17.809,0.591611111,TRUE,27,2,35.923076,139.9102107,17.68866806,240.9338181,40.25,1009.693672,31.98925781,240.9375,3.0625,-15.0625,-1.59,0,8.06,-25.3125,-68.25,-5.3125,254,0.003681917,forward,65.09505067,74.90494933,20,
2026-08-05T13:44:46.243,867.481,gnss_navigation,35.9231489,139.9103796,17.941,0.591611111,TRUE,27,2,35.923076,139.9102107,17.2328503,241.9406238,40.26,1009.709453,32.00292969,244.9375,2.8125,-15.8125,3.17,8.76,9.64,196.5,22,-13.75,126,2.996876201,forward,39.98455447,100,20,
2026-08-05T13:44:46.744,867.981,gnss_navigation,35.9231489,139.9103796,17.941,0.591611111,TRUE,27,2,35.923076,139.9102107,17.2328503,241.9406238,40.26,1009.681875,32.00292969,245.5625,2.5,-14.6875,-10.7,-1.33,18.92,52.4375,-8.375,22.8125,62,3.621876201,forward,65.77830447,74.22169553,20,
2026-08-05T13:44:47.244,868.482,gnss_navigation,35.92314488,139.9103764,17.983,0.581322222,TRUE,27,2,35.923076,139.9102107,16.77047507,242.824139,40.27,1009.697695,32.00292969,237.6875,2.625,-14.8125,-0.15,-0.53,1.14,-71.3125,-52,-30.5625,190,-5.136639041,forward,73.85874904,66.14125096,20,
2026-08-05T13:44:47.744,868.982,gnss_navigation,35.92314488,139.9103764,17.983,0.581322222,TRUE,27,2,35.923076,139.9102107,16.77047507,242.824139,40.26,1009.681875,31.96679688,240.4375,5.4375,-13.9375,2.09,2.29,25.42,-51.8125,-32.1875,-23.8125,190,-2.386639041,forward,70.03374904,69.96625096,20,
2026-08-05T13:44:48.245,869.483,gnss_navigation,35.92314068,139.9103728,18.06,0.581322222,TRUE,27,2,35.923076,139.9102107,16.2723394,243.7681571,40.28,1009.685938,31.85058594,240.5,0.75,-14.5625,9.18,3.85,9.7,26.6875,-130.375,28.8125,190,-3.268157108,forward,71.40306123,68.59693877,20,
2026-08-05T13:44:48.745,869.983,gnss_navigation,35.92314068,139.9103728,18.06,0.581322222,TRUE,27,2,35.923076,139.9102107,16.2723394,243.7681571,40.28,1009.713516,31.80273438,239.5,3,-15.9375,-2.09,1.56,11.53,47.1875,68.0625,4.5625,190,-4.268157108,forward,73.38431123,66.61568877,20,
2026-08-05T13:44:49.246,870.483,gnss_navigation,35.92313628,139.9103692,18.181,0.565888889,TRUE,27,2,35.923076,139.9102107,15.7667164,244.8399631,40.28,1009.713516,31.75585938,252.75,2.0625,-15.75,3.31,7.71,2.99,58.3125,-103.3125,-30,126,7.910036919,forward,45.56452569,94.43547431,20,
2026-08-05T13:44:49.746,870.984,gnss_navigation,35.92313628,139.9103692,18.181,0.565888889,TRUE,27,2,35.923076,139.9102107,15.7667164,244.8399631,40.29,1009.694102,31.76855469,254.8125,4,-16,6.55,-3.13,6.02,-147.0625,6.5625,-4.75,190,9.972536919,forward,60.85202569,79.14797431,20,
2026-08-05T13:44:50.247,871.484,gnss_navigation,35.92313268,139.9103639,18.242,0.565888889,TRUE,27,2,35.923076,139.9102107,15.16540123,245.4422802,40.3,1009.682344,31.72070313,232.625,2.1875,-14.4375,2.45,-8.88,4.66,-23.875,-31.5625,57.875,254,-12.81728021,forward,100,22.81552953,20,
2026-08-05T13:44:50.747,871.984,gnss_navigation,35.92313268,139.9103639,18.242,0.565888889,TRUE,27,2,35.923076,139.9102107,15.16540123,245.4422802,40.28,1009.713516,31.72070313,229.625,2,-13.125,5.23,-5.06,12.1,0.3125,-114.5625,-54.625,254,-15.81728021,forward,84.24697047,55.75302953,20,
2026-08-05T13:44:51.247,872.485,gnss_navigation,35.92312898,139.9103589,18.213,0.550455556,TRUE,27,2,35.923076,139.9102107,14.58747889,246.1795679,40.31,1009.706055,31.52148438,240.8125,3.4375,-17,-3.32,8.77,13.37,103.125,92,38.8125,62,-5.367067917,forward,77.52257416,62.47742584,20,
2026-08-05T13:44:51.748,872.985,gnss_navigation,35.92312898,139.9103589,18.213,0.550455556,TRUE,27,2,35.923076,139.9102107,14.58747889,246.1795679,40.29,1009.701992,31.66210938,238,3.375,-16.1875,0.16,-5.85,4.89,-114.25,12.3125,18.5,62,-8.179567917,forward,78.82257416,61.17742584,20,
2026-08-05T13:44:52.248,873.486,gnss_navigation,35.92312658,139.9103537,18.036,0.529877778,TRUE,27,2,35.923076,139.9102107,14.05145281,246.4039376,40.32,1009.686367,31.85253906,242.5625,5.8125,-14.875,6.92,-7.82,6.27,-12.3125,89.375,26.375,190,-3.841437635,forward,92.43115433,47.56884567,20,
2026-08-05T13:44:52.748,873.986,gnss_navigation,35.92312658,139.9103537,18.036,0.529877778,TRUE,27,2,35.923076,139.9102107,14.05145281,246.4039376,40.32,1009.69457,31.74609375,240.3125,2.5625,-14.75,-1.05,5.64,3.87,-92,12.6875,6.0625,190,-6.091437635,forward,75.33115433,64.66884567,20,
2026-08-05T13:44:53.258,874.495,gnss_navigation,35.9231234,139.9103479,17.975,0.519588889,TRUE,27,2,35.923076,139.9102107,13.43165715,246.8958576,40.34,1009.698594,31.72460938,243.0625,3.8125,-15.375,-5.19,-0.43,14.59,-64.25,-72.5625,20.125,126,-3.833357632,forward,85.38565011,54.61434989,20,
2026-08-05T13:44:53.758,874.995,gnss_navigation,35.9231234,139.9103479,17.975,0.519588889,TRUE,27,2,35.923076,139.9102107,13.43165715,246.8958576,40.33,1009.682773,31.72460938,242.25,4.875,-14.75,-0.38,6.04,5.26,97.6875,8.125,11.25,126,-4.645857632,forward,73.84815011,66.15184989,20,
2026-08-05T13:44:54.258,875.496,gnss_navigation,35.92311998,139.9103429,17.818,0.524733333,TRUE,27,2,35.923076,139.9102107,12.86822894,247.6625219,40.35,1009.714375,31.57226563,254.625,3.8125,-15.4375,-7.31,-0.48,11.52,110.75,-58.8125,-0.8125,190,6.962478077,forward,46.41668611,93.58331389,20,
2026-08-05T13:44:54.759,875.996,gnss_navigation,35.92311998,139.9103429,17.818,0.524733333,TRUE,27,2,35.923076,139.9102107,12.86822894,247.6625219,40.36,1009.667422,31.58398438,254.6875,4.0625,-15.9375,2.99,0.28,3.42,-45.8125,39.375,-4.875,190,7.024978077,forward,63.29793611,76.70206389,20,
2026-08-05T13:44:55.260,876.498,gnss_navigation,35.92311628,139.9103379,17.803,0.535022222,TRUE,28,2,35.923076,139.9102107,12.29859861,248.6409159,39.73,1009.323789,31.52929688,252.6875,3.25,-16.5625,12.46,-6.52,7.86,55.25,-72.4375,-2.375,190,4.046584066,forward,45.81751754,94.18248246,20,
2026-08-05T13:44:55.761,876.998,gnss_navigation,35.92311628,139.9103379,17.803,0.535022222,TRUE,28,2,35.923076,139.9102107,12.29859861,248.6409159,40.36,1009.675313,31.49023438,251.25,3.625,-15,-8.45,10.47,22.24,-62.5625,109.25,28.6875,126,2.609084066,forward,68.70501754,71.29498246,20,
2026-08-05T13:44:56.261,877.499,gnss_navigation,35.92311318,139.9103328,17.758,0.550455556,TRUE,28,2,35.923076,139.9102107,11.74496147,249.3884062,40.38,1009.699023,31.78613281,249.4375,5.875,-16.375,1.76,12.24,7.12,202.5625,66.25,61.1875,190,0.049093801,forward,80.73148275,59.26851725,20,
2026-08-05T13:44:56.762,877.999,gnss_navigation,35.92311318,139.9103328,17.758,0.550455556,TRUE,28,2,35.923076,139.9102107,11.74496147,249.3884062,40.38,1009.679336,31.76269531,245.5,5.25,-16.5,9.48,-4.71,16.91,52.1875,146.8125,60.0625,190,-3.888406199,forward,75.36273275,64.63726725,20,
2026-08-05T13:44:57.262,878.5,gnss_navigation,35.9231099,139.9103279,17.824,0.560744444,TRUE,28,2,35.923076,139.9102107,11.20500608,250.3415589,40.4,1009.667852,31.70410156,254.9375,5.6875,-17.9375,0.83,0.45,1.26,-59.125,-8.75,-13,254,4.595941074,forward,67.63572496,72.36427504,20,
2026-08-05T13:44:57.763,879.001,gnss_navigation,35.9231099,139.9103279,17.824,0.560744444,TRUE,28,2,35.923076,139.9102107,11.20500608,250.3415589,40.38,1009.643867,31.66796875,256.0625,6,-19.6875,0.4,1.26,0.43,-100.125,-26.25,-8.6875,254,5.720941074,forward,63.09822496,76.90177504,20,
2026-08-05T13:44:58.263,879.501,gnss_navigation,35.923107,139.9103225,17.853,0.560744444,TRUE,28,2,35.923076,139.9102107,10.64095853,251.0986048,40.41,1009.636406,31.51660156,254.875,3.3125,-16.9375,-3.18,9.51,11.44,68.125,-2.1875,9.5625,126,3.776395232,forward,58.40449714,81.59550286,20,
2026-08-05T13:44:58.794,880.032,gnss_navigation,35.923107,139.9103225,17.853,0.560744444,TRUE,28,2,35.923076,139.9102107,10.64095853,251.0986048,40.41,1009.738867,31.69335938,254.625,3.625,-18.375,0.32,-3.1,-0.5,-107.25,-26.75,-1.375,126,3.526395232,forward,67.19824714,72.80175286,20,
2026-08-05T13:44:59.295,880.532,gnss_navigation,35.92310478,139.9103181,17.745,0.545311111,TRUE,28,2,35.923076,139.9102107,10.18538872,251.6856604,40.39,1009.659688,31.57421875,256.1875,5.75,-18.6875,1.48,9.44,7.79,154.3125,-58,-27.125,190,4.501839566,forward,48.41638381,91.58361619,20,
2026-08-05T13:44:59.795,881.033,gnss_navigation,35.92310478,139.9103181,17.745,0.545311111,TRUE,28,2,35.923076,139.9102107,10.18538872,251.6856604,40.4,1009.695469,31.62207031,256.9375,6.5,-19.625,3.05,1.43,4.86,-81.125,44.4375,-1.6875,190,5.251839566,forward,64.96638381,75.03361619,20,
2026-08-05T13:45:00.295,881.533,gnss_navigation,35.92310218,139.9103132,17.671,0.529877778,TRUE,28,2,35.923076,139.9102107,9.676618853,252.4898578,40.42,1009.707383,31.63574219,253.875,6.5,-19.125,1.16,1.3,0.93,-117.375,-31.625,-13.5625,62,1.385142187,forward,72.92977835,67.07022165,20,
2026-08-05T13:45:00.796,882.033,gnss_navigation,35.92310218,139.9103132,17.671,0.529877778,TRUE,28,2,35.923076,139.9102107,9.676618853,252.4898578,40.41,1009.683672,31.64648438,255.5625,6.5,-17.8125,2.32,1.97,1.95,-95.1875,14.4375,-21.4375,62,3.072642187,forward,65.44852835,74.55147165,20,
2026-08-05T13:45:01.296,882.534,gnss_navigation,35.92309888,139.9103088,17.713,0.514444444,TRUE,27,2,35.923076,139.9102107,9.191266698,253.9283306,40.43,1009.715273,31.44628906,259.3125,6.8125,-17.0625,1.27,4.71,3.81,-17,86.9375,36.875,190,5.384169369,forward,60.39188625,79.60811375,20,
2026-08-05T13:45:01.797,883.034,gnss_navigation,35.92309888,139.9103088,17.713,0.514444444,TRUE,27,2,35.923076,139.9102107,9.191266698,253.9283306,40.43,1009.723477,31.47070313,256.25,4.875,-18.125,-0.56,3.01,7.75,-79.1875,58.5625,48.375,190,2.321669369,forward,70.34813625,69.65186375,20,
2026-08-05T13:45:02.297,883.534,gnss_navigation,35.92309558,139.9103056,17.687,0.499011111,TRUE,27,2,35.923076,139.9102107,8.817018488,255.7015538,40.42,1009.679805,31.328125,259.3125,4.75,-15,0.11,-1.45,8.26,-52.3125,-5.5625,-26.8125,190,3.610946211,forward,50.4239145,89.5760855,20,
2026-08-05T13:45:02.797,884.035,gnss_navigation,35.92309558,139.9103056,17.687,0.499011111,TRUE,27,2,35.923076,139.9102107,8.817018488,255.7015538,40.41,1009.691563,31.3515625,260.625,13.1875,-15.4375,1.94,5.54,7.2,66.125,0.6875,15.6875,190,4.923446211,forward,63.8614145,76.1385855,20,
2026-08-05T13:45:03.298,884.536,gnss_navigation,35.92309248,139.910301,17.614,0.5093,TRUE,27,2,35.923076,139.9102107,8.335190902,257.2971871,40.42,1009.72707,31.29199219,258.4375,5,-11.5625,6.27,4.53,13.8,20.625,-104.375,24.0625,254,1.140312915,forward,59.99874303,80.00125697,20,
2026-08-05T13:45:03.799,885.037,gnss_navigation,35.92309248,139.910301,17.614,0.5093,TRUE,27,2,35.923076,139.9102107,8.335190902,257.2971871,40.42,1009.671875,31.29199219,256.3125,3.4375,-12.125,-8.05,2,17.81,-33.9375,8,34,254,-0.984687085,forward,70.41124303,69.58875697,20,
2026-08-05T13:45:04.299,885.537,gnss_navigation,35.92309018,139.9102967,17.396,0.535022222,TRUE,28,2,35.923076,139.9102107,7.902940725,258.4887665,40.43,1009.687695,31.3046875,257.8125,0.4375,-17.375,-2.58,-7.36,16.18,-31.875,-74.3125,28.3125,254,-0.676266459,forward,62.19399967,77.80600033,20,
2026-08-05T13:45:04.800,886.037,gnss_navigation,35.92309018,139.9102967,17.396,0.535022222,TRUE,28,2,35.923076,139.9102107,7.902940725,258.4887665,40.42,1010.093594,31.28125,255.375,0.9375,-19.375,0.66,-1.47,0.56,27.6875,36.8125,26.125,254,-3.113766459,forward,72.70024967,67.29975033,20,
2026-08-05T13:45:05.300,886.538,gnss_navigation,35.9230887,139.9102934,17.207,0.540166667,TRUE,28,2,35.923076,139.9102107,7.579540608,259.2622652,40.45,1009.71957,31.40039063,266.4375,1.1875,-17.375,-2.61,0.98,4.29,-150.1875,35.875,4.5,126,7.175234834,forward,40.83476317,99.16523683,20,
2026-08-05T13:45:05.801,887.038,gnss_navigation,35.9230887,139.9102934,17.207,0.540166667,TRUE,28,2,35.923076,139.9102107,7.579540608,259.2622652,40.45,1009.636836,31.17578125,265.5,1.3125,-16.3125,-3.5,1.26,5.7,-120.75,-51.9375,42.875,190,6.237734834,forward,64.51601317,75.48398683,20,
2026-08-05T13:45:06.301,887.538,gnss_navigation,35.92308828,139.910289,17.018,0.545311111,TRUE,28,2,35.923076,139.9102107,7.181698169,259.0364984,40.48,1009.767305,31.296875,247.5625,6.75,-16.9375,1.56,-0.08,8.88,9.8125,72.375,-40.5,190,-11.4739984,forward,100,38.04643787,20,
2026-08-05T13:45:06.801,888.039,gnss_navigation,35.92308828,139.910289,17.018,0.545311111,TRUE,28,2,35.923076,139.9102107,7.181698169,259.0364984,40.48,1009.712109,31.16699219,251.25,7.6875,-17.0625,7.53,5.26,7.79,-10.0625,64.0625,-65.125,190,-7.7864984,forward,75.37856213,64.62143787,20,
2026-08-05T13:45:07.302,888.539,gnss_navigation,35.9230863,139.9102846,16.979,0.5556,TRUE,27,2,35.923076,139.9102107,6.750780205,260.2322255,40.49,1009.73582,31.1796875,253.8125,7.5625,-13.8125,11.82,1.59,17.13,7.5625,-23.4375,41.875,190,-6.419725479,forward,99.49794872,40.50205128,20,
2026-08-05T13:45:07.802,889.04,gnss_navigation,35.9230863,139.9102846,16.979,0.5556,TRUE,27,2,35.923076,139.9102107,6.750780205,260.2322255,40.17,1009.262969,31.4296875,253.25,5.8125,-14.625,2.35,6.26,4.97,48,67.625,-23.8125,190,-6.982225479,forward,72.54169872,67.45830128,20,
2026-08-05T13:45:08.302,889.54,gnss_navigation,35.9230832,139.9102796,17.006,0.565888889,TRUE,27,2,35.923076,139.9102107,6.254140798,262.6453065,40.53,1009.708672,31.25292969,265.1875,5.0625,-17.4375,0.24,1.74,0.9,-48.625,11.3125,-8.875,190,2.542193475,forward,58.69203038,81.30796962,20,
2026-08-05T13:45:08.803,890.04,gnss_navigation,35.9230832,139.9102796,17.006,0.565888889,TRUE,27,2,35.923076,139.9102107,6.254140798,262.6453065,40.51,1009.732227,31.1328125,265.0625,5.25,-16.5,-1.18,5.02,11.83,-64.5,3.25,23.3125,190,2.417193475,forward,65.06078038,74.93921962,20,
2026-08-05T13:45:09.303,890.541,gnss_navigation,35.9230808,139.910274,16.944,0.586466667,TRUE,27,2,35.923076,139.9102107,5.723368136,264.6490961,38.28,1006.186016,31.01953125,257,5.6875,-16.5,1.28,-0.14,-0.56,-12.125,-8.1875,-15.9375,190,-7.649096099,forward,69.09124522,70.90875478,20,
2026-08-05T13:45:09.804,891.041,gnss_navigation,35.9230808,139.910274,16.944,0.586466667,TRUE,27,2,35.923076,139.9102107,5.723368136,264.6490961,40.54,1009.787852,31.07714844,259.3125,5.375,-15.9375,-7.91,5.35,24.74,-6.8125,57.3125,-19.8125,190,-5.336596099,forward,70.10374522,69.89625478,20,
2026-08-05T13:45:10.304,891.542,gnss_navigation,35.92307858,139.9102688,16.912,0.596755556,TRUE,28,2,35.923076,139.9102107,5.23806883,266.8563628,40.57,1009.662383,31.17285156,247.6875,6.125,-18.5,0.75,4.32,7.74,71,-46.5625,23.625,190,-19.1688628,forward,85.80052688,54.19947312,20,
2026-08-05T13:45:10.804,892.042,gnss_navigation,35.92307858,139.9102688,16.912,0.596755556,TRUE,28,2,35.923076,139.9102107,5.23806883,266.8563628,40.57,1009.642695,31.09082031,248.3125,6.25,-16.5,-1.85,4.52,8.37,-21.4375,-84.5,-51.6875,190,-18.5438628,forward,82.84427688,57.15572312,20,
2026-08-05T13:45:11.305,892.543,gnss_navigation,35.9230759,139.9102623,16.903,0.6019,TRUE,28,2,35.923076,139.9102107,4.644899217,270.1371765,40.59,1009.638789,30.98535156,266.1875,3.375,-19.125,6.88,-0.2,6.37,-27.5625,29.875,-57.4375,190,-3.949676468,forward,52.87884024,87.12115976,20,
2026-08-05T13:45:11.806,893.043,gnss_navigation,35.9230759,139.9102623,16.903,0.6019,TRUE,28,2,35.923076,139.9102107,4.644899217,270.1371765,40.59,1009.64668,31.04492188,269.6875,2.125,-17.4375,-1.6,1.87,8.66,4.8125,-111.625,-5.625,190,-0.449676468,forward,65.80384024,74.19615976,20,
2026-08-05T13:45:12.306,893.543,gnss_navigation,35.9230735,139.9102554,16.931,0.6019,TRUE,27,2,35.923076,139.9102107,4.033158426,273.9522849,40.59,1009.674297,31.00976563,275.6875,2.625,-17.75,-1.19,-4.57,20.5,-85.5625,0.8125,-15.875,254,1.735215114,forward,53.47224117,86.52775883,20,
2026-08-05T13:45:12.807,894.045,gnss_navigation,35.9230735,139.9102554,16.931,0.6019,TRUE,27,2,35.923076,139.9102107,4.033158426,273.9522849,40.61,1009.725859,30.98632813,276.3125,2.5,-19.1875,3.84,6.4,4.59,85,-85.375,7.4375,254,2.360215114,forward,64.85349117,75.14650883,20,
2026-08-05T13:45:13.307,894.545,gnss_navigation,35.9230716,139.910248,16.822,0.715077778,TRUE,27,2,35.923076,139.9102107,3.392687713,278.2915146,40.58,1009.686094,30.85449219,281.75,3.625,-22.0625,3.14,5.33,2.72,-17.1875,-63.25,-30.625,190,3.458485357,forward,51.09932791,88.90067209,20,
2026-08-05T13:45:13.808,895.045,gnss_navigation,35.9230716,139.910248,16.822,0.715077778,TRUE,27,2,35.923076,139.9102107,3.392687713,278.2915146,40.59,1009.74918,30.99707031,275.75,2.9375,-18.3125,-11.84,-2.78,23.33,63.625,-95.375,-9,190,-2.541514643,forward,67.10557791,72.89442209,20,
2026-08-05T13:45:14.308,895.546,gnss_navigation,35.9230698,139.9102406,16.814,0.689355556,TRUE,28,2,35.923076,139.9102107,2.777792604,284.370189,40.62,1009.714102,30.95214844,280.25,2.375,-19.125,-10.76,-4.78,7.6,17.125,-47,-18.625,190,-4.12018902,forward,44.20821171,95.79178829,20,
2026-08-05T13:45:14.808,896.046,gnss_navigation,35.9230698,139.9102406,16.814,0.689355556,TRUE,28,2,35.923076,139.9102107,2.777792604,284.370189,40.63,1009.694375,30.96386719,281.6875,3.0625,-21.25,0.27,-0.76,10,-68.625,-54.3125,4.5625,126,-2.68268902,forward,66.28321171,73.71678829,20,
2026-08-05T13:45:15.309,896.547,searching_goal,35.92306788,139.9102333,16.816,0.658488889,TRUE,28,2,35.923076,139.9102107,2.22482992,,40.65,1009.698711,31.00097656,277.5625,5.125,-17.6875,-0.26,2.9,9.77,-0.0625,0.25,-0.9375,190,,stopped,0,0,20,
2026-08-05T13:45:15.809,897.047,searching_goal,35.92306788,139.9102333,16.816,0.658488889,TRUE,28,2,35.923076,139.9102107,2.22482992,,40.65,1009.706602,31.02539063,277.5625,5.1875,-17.375,0.37,1.14,9.8,-5.75,-1.0625,-2.125,190,,stopped,0,0,20,
2026-08-05T13:45:16.310,897.548,searching_goal,35.92306608,139.9102305,16.878,0,TRUE,28,2,35.923076,139.9102107,2.095077519,,40.67,1010.37293,31.07324219,277.875,1.4375,-10.875,0.09,1.55,9.57,0.0625,-0.0625,0.0625,190,,stopped,0,0,0.344,
2026-08-05T13:45:16.810,898.048,searching_goal,35.92306608,139.9102305,16.878,0,TRUE,28,2,35.923076,139.9102107,2.095077519,,40.67,1009.710586,31.03808594,277.875,1.4375,-10.8125,0.08,1.55,9.54,0,-0.25,0,190,,stopped,0,0,0.34,
2026-08-05T13:45:17.311,898.548,searching_goal,35.92306568,139.9102309,17.045,0,TRUE,27,2,35.923076,139.9102107,2.149196007,,40.68,1009.72668,30.90820313,277.9375,0.9375,-10,0.08,1.56,9.54,0.125,0,-0.0625,190,,stopped,0,0,20,
2026-08-05T13:45:17.821,899.059,searching_goal,35.92306568,139.9102309,17.045,0,TRUE,27,2,35.923076,139.9102107,2.149196007,,40.68,1009.754297,30.90820313,277.9375,0.9375,-10,0.05,1.57,9.56,0,0.0625,-0.0625,190,,stopped,0,0,20,
2026-08-05T13:45:18.327,899.564,searching_goal,35.92306468,139.9102297,17.239,0,TRUE,27,2,35.923076,139.9102107,2.123809398,,40.7,1009.758281,30.93359375,277.9375,0.875,-9.875,0.09,1.57,9.53,0.0625,0,-0.0625,190,,stopped,0,0,20,
2026-08-05T13:45:18.853,900.091,searching_goal,35.92306468,139.9102297,17.239,0,TRUE,27,2,35.923076,139.9102107,2.123809398,,40.7,1009.703086,30.81542969,277.9375,0.875,-9.875,0.09,1.53,9.52,-0.125,0.125,0,190,,stopped,0,0,20,
2026-08-05T13:45:19.354,900.592,searching_goal,35.92306468,139.9102297,17.239,0,TRUE,26,2,35.923076,139.9102107,2.123809398,,40.71,1009.663984,30.8984375,277.9375,0.875,-1.875,0.09,1.57,9.54,0,0,0,190,,stopped,0,0,20,
2026-08-05T13:45:19.870,901.107,searching_goal,35.92306468,139.9102297,17.239,0,TRUE,26,2,35.923076,139.9102107,2.123809398,,40.71,1009.691563,31.18261719,277.9375,0.875,-9.875,0.09,1.54,9.55,-0.0625,-0.125,0,190,,stopped,0,0,20,
2026-08-05T13:45:20.370,901.608,searching_goal,35.92306468,139.9102297,17.239,0,TRUE,23,2,35.923076,139.9102107,2.123809398,,40.72,1009.790195,30.83984375,277.9375,0.875,-9.875,0.08,1.55,9.54,-0.0625,0.0625,-0.0625,190,,stopped,0,0,20,
2026-08-05T13:45:20.870,902.108,searching_goal,35.92306468,139.9102297,17.239,0,TRUE,23,2,35.923076,139.9102107,2.123809398,,40.72,1009.762578,30.83984375,277.9375,0.875,-9.875,0.11,1.56,9.54,-0.0625,0.125,0,190,,stopped,0,0,20,
2026-08-05T13:45:21.371,902.608,searching_goal,35.92306468,139.9102297,17.239,0,TRUE,26,2,35.923076,139.9102107,2.123809398,,40.75,1009.7275,30.90136719,277.9375,0.875,-9.875,0.08,1.56,9.58,0.0625,0.25,0.125,190,,stopped,0,0,20,
2026-08-05T13:45:21.871,903.109,searching_goal,35.92306468,139.9102297,17.239,0,TRUE,26,2,35.923076,139.9102107,2.123809398,,40.75,1009.7275,30.91308594,277.9375,0.875,-9.875,0.09,1.56,9.53,0.0625,0.125,-0.0625,190,,stopped,0,0,20,
2026-08-05T13:45:22.382,903.62,searching_goal,35.92306468,139.9102297,17.239,0,TRUE,26,2,35.923076,139.9102107,2.123809398,,40.78,1009.802773,30.89160156,277.9375,0.875,-9.875,0.09,1.55,9.56,0.125,0,0.125,190,,turn_right,5,-5,20,
2026-08-05T13:45:22.872,904.11,searching_goal,35.92306468,139.9102297,17.239,0,TRUE,26,2,35.923076,139.9102107,2.123809398,,40.78,1009.775156,30.89160156,278.125,0.75,-9.625,0.15,0.66,9.27,-0.75,1.9375,-10.375,190,,turn_right,20,-20,20,
2026-08-05T13:45:23.373,904.61,searching_goal,35.92306468,139.9102297,17.239,0,TRUE,26,2,35.923076,139.9102107,2.123809398,,40.77,1009.703867,30.84375,357,0.3125,-11.6875,0.05,1.4,9.51,0.8125,-14.625,-84.5,62,,stopped,0,0,20,
2026-08-05T13:45:23.873,905.11,searching_goal,35.92306468,139.9102297,17.239,0,TRUE,26,2,35.923076,139.9102107,2.123809398,,40.77,1009.703867,30.83203125,4.1875,0.375,-12.25,0.21,2.54,9.35,-5.4375,2.125,7.75,62,,stopped,0,0,20,
2026-08-05T13:45:24.373,905.611,searching_goal,35.92306468,139.9102297,17.239,0,TRUE,27,2,35.923076,139.9102107,2.123809398,,40.78,1009.766953,30.7734375,3.875,0.25,-11.0625,0,1.66,9.54,0.0625,-0.0625,-0.125,62,,stopped,0,0,20,
2026-08-05T13:45:24.874,906.112,searching_goal,35.92306468,139.9102297,17.239,0,TRUE,27,2,35.923076,139.9102107,2.123809398,,40.19,1009.239727,30.79296875,3.875,0.25,-11,0.01,1.64,9.55,0.125,0.0625,-0.0625,62,,stopped,0,0,20,
2026-08-05T13:45:25.375,906.612,searching_goal,35.92306468,139.9102297,17.239,0,TRUE,27,2,35.923076,139.9102107,2.123809398,,38.45,1006.593711,30.84277344,3.875,0.1875,-10.5,0.01,1.64,9.55,0.125,0.1875,0.1875,62,,stopped,0,0,20,
2026-08-05T13:45:25.891,907.129,searching_goal,35.92306468,139.9102297,17.239,0,TRUE,27,2,35.923076,139.9102107,2.123809398,,39.11,1007.417422,30.74511719,3.875,0.1875,-10.5,0.01,1.62,9.54,0,-0.0625,-0.0625,62,,stopped,0,0,20,
2026-08-05T13:45:26.393,907.631,searching_goal,35.92306468,139.9102297,17.239,0,TRUE,27,2,35.923076,139.9102107,2.123809398,,40.81,1009.759453,30.74023438,3.875,8.1875,-10.4375,0.03,1.65,9.53,0.0625,0.0625,0,62,,stopped,0,0,20,
2026-08-05T13:45:26.894,908.131,searching_goal,35.92306468,139.9102297,17.239,0,TRUE,27,2,35.923076,139.9102107,2.123809398,,40.8,1009.723945,30.65625,3.875,0.1875,-10.4375,0.02,1.61,9.53,0,-0.0625,-0.125,62,,stopped,0,0,20,
2026-08-05T13:45:27.396,908.634,searching_goal,35.92306468,139.9102297,17.239,0,TRUE,25,2,35.923076,139.9102107,2.123809398,,40.8,1009.779141,30.55078125,3.875,0.1875,-10.4375,0,1.65,9.52,0.0625,0,-0.0625,62,,stopped,0,0,20,
2026-08-05T13:45:27.896,909.134,searching_goal,35.92306468,139.9102297,17.239,0,TRUE,25,2,35.923076,139.9102107,2.123809398,,40.81,1009.759453,30.65722656,3.875,0.1875,-10.4375,0.03,1.65,9.53,0.0625,-0.0625,0.125,62,,stopped,0,0,20,
2026-08-05T13:45:28.397,909.634,searching_goal,35.92306468,139.9102297,17.239,0,TRUE,26,2,35.923076,139.9102107,2.123809398,,40.84,1009.732188,30.70605469,3.875,0.1875,-10.4375,0.01,1.64,9.53,0.0625,-0.0625,0.0625,62,,stopped,0,0,20,
2026-08-05T13:45:28.897,910.135,searching_goal,35.92306468,139.9102297,17.239,0,TRUE,26,2,35.923076,139.9102107,2.123809398,,40.84,1009.669102,30.63574219,3.875,0.1875,-10.4375,0.03,1.63,9.53,0.0625,0.0625,-0.0625,62,,stopped,0,0,20,
2026-08-05T13:45:29.402,910.64,searching_goal,35.92306468,139.9102297,17.239,0,TRUE,27,2,35.923076,139.9102107,2.123809398,,40.9,1009.728984,30.55664063,3.875,0.1875,-10.4375,0.02,1.64,9.51,0,0.1875,-0.0625,62,,stopped,0,0,20,
2026-08-05T13:45:29.912,911.15,searching_goal,35.92306468,139.9102297,17.239,0,TRUE,27,2,35.923076,139.9102107,2.123809398,,40.89,1009.602422,30.59082031,3.875,0.1875,-10.4375,0.03,1.66,9.53,0.0625,-0.0625,-0.125,62,,stopped,0,0,20,
2026-08-05T13:45:30.412,911.65,selfie,35.92306468,139.9102297,17.239,0,TRUE,26,2,35.923076,139.9102107,2.123809398,,40.89,1009.77625,30.484375,3.875,0.1875,-10.4375,0.04,1.65,9.53,0.0625,0,0,62,,stopped,0,0,20,
2026-08-05T13:45:30.913,912.15,selfie,35.92306468,139.9102297,17.239,0,TRUE,26,2,35.923076,139.9102107,2.123809398,,40.89,1009.712852,30.60351563,3.875,0.1875,-10.4375,0,1.64,9.54,0.0625,-0.0625,0,62,,stopped,0,0,20,
2026-08-05T13:45:31.414,912.651,selfie,35.92306468,139.9102297,17.239,0,TRUE,26,2,35.923076,139.9102107,2.123809398,,40.91,1009.752656,30.60449219,3.875,0.1875,-10.4375,0.02,1.65,9.55,0.0625,0,0,62,,stopped,0,0,20,
2026-08-05T13:45:31.914,913.151,selfie,35.92306468,139.9102297,17.239,0,TRUE,26,2,35.923076,139.9102107,2.123809398,,40.92,1009.705352,30.60449219,3.875,0.1875,-10.4375,0.01,1.62,9.56,0,0.125,0.125,62,,stopped,0,0,20,
2026-08-05T13:45:32.414,913.652,selfie,35.92306468,139.9102297,17.239,0,TRUE,26,2,35.923076,139.9102107,2.123809398,,40.96,1009.721797,30.59570313,3.875,0.1875,-10.4375,0.02,1.64,9.52,0.0625,0.0625,-0.0625,62,,stopped,0,0,20,
2026-08-05T13:45:32.915,914.152,selfie,35.92306468,139.9102297,17.239,0,TRUE,26,2,35.923076,139.9102107,2.123809398,,40.97,1009.8125,30.57324219,3.875,0.1875,-10.4375,0.02,1.63,9.52,-0.0625,-0.0625,0,62,,stopped,0,0,20,
2026-08-05T13:45:33.415,914.653,selfie,35.92306468,139.9102297,17.239,0,TRUE,27,2,35.923076,139.9102107,2.123809398,,41,1009.667227,30.515625,3.875,0.1875,-10.4375,0.02,1.62,9.54,0,-0.0625,-0.125,62,,stopped,0,0,20,
2026-08-05T13:45:33.915,915.153,selfie,35.92306468,139.9102297,17.239,0,TRUE,27,2,35.923076,139.9102107,2.123809398,,41,1009.722461,30.4921875,3.875,0.1875,-10.4375,0.02,1.64,9.53,-0.0625,0,0.125,62,,stopped,0,0,20,
2026-08-05T13:45:34.416,915.653,selfie,35.92306468,139.9102297,17.239,0,TRUE,27,2,35.923076,139.9102107,2.123809398,,41.03,1009.722773,30.54199219,3.875,0.1875,-10.4375,0.04,1.63,9.53,0.125,0,-0.0625,62,,stopped,0,0,20,
2026-08-05T13:45:34.916,916.154,selfie,35.92306468,139.9102297,17.239,0,TRUE,27,2,35.923076,139.9102107,2.123809398,,41.05,1009.774102,30.51953125,3.875,0.1875,-10.4375,0.03,1.64,9.54,0,-0.0625,-0.1875,62,,stopped,0,0,20,
2026-08-05T13:45:35.417,916.654,selfie,35.92306468,139.9102297,17.239,0,TRUE,28,2,35.923076,139.9102107,2.123809398,,41.07,1009.667891,30.50878906,3.875,0.1875,-10.4375,0,1.64,9.53,-0.125,-0.0625,0.125,62,,stopped,0,0,20,
2026-08-05T13:45:35.917,917.154,selfie,35.92306468,139.9102297,17.239,0,TRUE,28,2,35.923076,139.9102107,2.123809398,,41.08,1009.738906,30.58007813,3.875,0.1875,-10.4375,0.01,1.64,9.52,0,0,-0.0625,62,,stopped,0,0,20,
2026-08-05T13:45:36.417,917.655,selfie,35.92306468,139.9102297,17.239,0,TRUE,28,2,35.923076,139.9102107,2.123809398,,41.1,1009.743164,30.42871094,3.875,0.1875,-10.4375,0.03,1.64,9.54,-0.125,0.0625,-0.0625,62,,stopped,0,0,20,
2026-08-05T13:45:36.918,918.155,selfie,35.92306468,139.9102297,17.239,0,TRUE,28,2,35.923076,139.9102107,2.123809398,,41.1,1009.715547,30.39257813,3.875,0.1875,-10.4375,0.02,1.63,9.56,-0.0625,0.0625,-0.125,62,,stopped,0,0,20,
2026-08-05T13:45:37.418,918.656,selfie,35.92306468,139.9102297,17.239,0,TRUE,28,2,35.923076,139.9102107,2.123809398,,41.14,1009.668555,30.44238281,3.875,0.1875,-2.4375,0.03,1.63,9.52,0.0625,-0.0625,-0.0625,62,,stopped,0,0,20,
2026-08-05T13:45:37.970,919.208,selfie,35.92306468,139.9102297,17.239,0,TRUE,28,2,35.923076,139.9102107,2.123809398,,41.14,1009.723789,30.43066406,3.875,0.1875,-10.4375,0.02,1.63,9.54,0.0625,0.0625,-0.0625,62,,stopped,0,0,20,
2026-08-05T13:45:38.471,919.708,selfie,35.92306468,139.9102297,17.239,0,TRUE,28,2,35.923076,139.9102107,2.123809398,,41.16,1009.755352,30.46777344,3.875,0.1875,-10.4375,0.03,1.63,9.53,0.125,-0.125,-0.125,62,,stopped,0,0,20,
2026-08-05T13:45:38.971,920.209,selfie,35.92306468,139.9102297,17.239,0,TRUE,28,2,35.923076,139.9102107,2.123809398,,41.15,1009.767188,30.51464844,3.875,0.1875,-10.4375,0.03,1.6,9.52,0.0625,0,0,62,,stopped,0,0,20,
2026-08-05T13:45:39.472,920.71,selfie,35.92306468,139.9102297,17.239,0,TRUE,28,2,35.923076,139.9102107,2.123809398,,41.25,1009.724727,30.44921875,3.875,0.1875,-10.4375,0.03,1.67,9.56,0,0.125,0,62,,stopped,0,0,20,
2026-08-05T13:45:39.972,921.21,selfie,35.92306468,139.9102297,17.239,0,TRUE,28,2,35.923076,139.9102107,2.123809398,,41.25,1009.677383,30.37792969,3.875,0.1875,-10.4375,0.03,1.63,9.52,0,0,0.0625,62,,stopped,0,0,20,
2026-08-05T13:45:40.472,921.71,selfie,35.92306468,139.9102297,17.239,0,TRUE,28,2,35.923076,139.9102107,2.123809398,,41.21,1009.661289,30.36425781,3.875,0.1875,-10.4375,0.03,1.65,9.55,0,0,0,62,,stopped,0,0,20,
2026-08-05T13:45:40.973,922.21,selfie,35.92306468,139.9102297,17.239,0,TRUE,28,2,35.923076,139.9102107,2.123809398,,41.21,1009.716523,30.35253906,3.875,0.1875,-10.4375,0.02,1.62,9.52,0,-0.125,0.1875,62,,stopped,0,0,20,
2026-08-05T13:45:41.473,922.711,selfie,35.92306468,139.9102297,17.239,0,TRUE,28,2,35.923076,139.9102107,2.123809398,,41.21,1009.724414,30.05664063,3.875,0.1875,-10.4375,0.04,1.63,9.53,0,0,-0.0625,62,,stopped,0,0,20,
2026-08-05T13:45:41.974,923.211,selfie,35.92306468,139.9102297,17.239,0,TRUE,28,2,35.923076,139.9102107,2.123809398,,41.2,1009.70832,30.07910156,3.875,0.1875,-10.4375,0.04,1.63,9.54,8,0.0625,0.125,62,,stopped,0,0,20,
2026-08-05T13:45:42.474,923.712,selfie,35.92306468,139.9102297,17.239,0,TRUE,28,2,35.923076,139.9102107,2.123809398,,41.22,1009.657344,30.10449219,3.875,0.1875,-10.4375,0.03,1.62,9.55,0,0.0625,-0.125,62,,stopped,0,0,20,
2026-08-05T13:45:42.982,924.22,selfie,35.92306468,139.9102297,17.239,0,TRUE,28,2,35.923076,139.9102107,2.123809398,,41.22,1009.684961,29.96289063,3.875,0.1875,-10.4375,0.02,1.62,9.51,-0.0625,-0.0625,0.125,62,,stopped,0,0,20,
2026-08-05T13:45:43.483,924.72,selfie,35.92306468,139.9102297,17.239,0,TRUE,28,2,35.923076,139.9102107,2.123809398,,41.23,1009.728359,29.87988281,3.875,0.1875,-10.4375,0.03,1.64,9.54,-0.0625,0.1875,-0.125,62,,stopped,0,0,20,
2026-08-05T13:45:43.983,925.221,selfie,35.92306468,139.9102297,17.239,0,TRUE,28,2,35.923076,139.9102107,2.123809398,,41.23,1009.728359,29.85644531,3.875,0.1875,-10.4375,0.02,1.61,9.55,0.0625,0.0625,0,62,,stopped,0,0,20,
2026-08-05T13:45:44.484,925.721,selfie,35.92306468,139.9102297,17.239,0,TRUE,28,2,35.923076,139.9102107,2.123809398,,41.24,1009.744453,29.86914063,3.875,0.1875,-10.4375,0.03,1.62,9.54,-0.125,0.0625,0.0625,62,,stopped,0,0,20,
2026-08-05T13:45:44.984,926.222,selfie,35.92306468,139.9102297,17.239,0,TRUE,28,2,35.923076,139.9102107,2.123809398,,41.24,1009.708672,29.88085938,3.875,0.1875,-10.4375,0.03,1.63,9.56,-0.0625,-0.0625,0,190,,stopped,0,0,20,
2026-08-05T13:45:45.484,926.722,selfie,35.92306468,139.9102297,17.239,0,TRUE,28,2,35.923076,139.9102107,2.123809398,,41.26,1009.768164,29.9765625,3.875,0.1875,-10.4375,0.02,1.63,9.53,0.0625,-0.0625,-0.0625,62,,stopped,0,0,20,
2026-08-05T13:45:45.985,927.222,selfie,35.92306468,139.9102297,17.239,0,TRUE,28,2,35.923076,139.9102107,2.123809398,,41.25,1009.705,29.97558594,3.875,0.1875,-10.4375,0.03,1.64,9.53,-0.0625,0,0.0625,62,,stopped,0,0,20,
2026-08-05T13:45:46.485,927.723,selfie,35.92306468,139.9102297,17.239,0,TRUE,28,2,35.923076,139.9102107,2.123809398,,41.28,1009.669805,29.97851563,3.875,0.1875,-10.4375,0.03,1.63,9.54,0,0.1875,0.0625,62,,stopped,0,0,20,
2026-08-05T13:45:46.986,928.223,selfie,35.92306468,139.9102297,17.239,0,TRUE,28,2,35.923076,139.9102107,2.123809398,,41.28,1009.697422,29.99023438,3.875,0.1875,-10.4375,0.04,1.64,9.52,8.125,0.0625,-0.0625,62,,stopped,0,0,20,
2026-08-05T13:45:47.486,928.724,selfie,35.92306468,139.9102297,17.239,0,TRUE,28,2,35.923076,139.9102107,2.123809398,,41.3,1009.665859,29.97851563,3.875,0.1875,-10.4375,0.02,1.64,9.53,0.0625,0.125,-0.0625,62,,stopped,0,0,20,
2026-08-05T13:45:47.986,929.224,selfie,35.92306468,139.9102297,17.239,0,TRUE,28,2,35.923076,139.9102107,2.123809398,,41.3,1009.728984,29.91992188,3.875,0.1875,-10.4375,0.03,1.64,9.53,0.0625,0.1875,0,62,,stopped,0,0,20,
2026-08-05T13:45:48.487,929.724,selfie,35.92306468,139.9102297,17.239,0,TRUE,28,2,35.923076,139.9102107,2.123809398,,41.31,1009.709258,29.86132813,3.875,0.1875,-10.4375,0.03,1.64,9.51,-0.0625,-0.125,-0.0625,62,,stopped,0,0,20,
2026-08-05T13:45:48.987,930.225,selfie,35.92306468,139.9102297,17.239,0,TRUE,28,2,35.923076,139.9102107,2.123809398,,41.31,1009.709258,29.88574219,3.875,0.1875,-10.4375,0,1.64,9.53,0,-0.125,-0.0625,62,,stopped,0,0,20,
2026-08-05T13:45:49.488,930.725,selfie,35.92306468,139.9102297,17.239,0,TRUE,28,2,35.923076,139.9102107,2.123809398,,41.31,1009.717461,29.82714844,3.875,0.1875,-10.4375,0.03,1.62,9.53,-0.0625,0.0625,0.125,62,,stopped,0,0,20,
2026-08-05T13:45:49.988,931.226,selfie,35.92306468,139.9102297,17.239,0,TRUE,28,2,35.923076,139.9102107,2.123809398,,41.34,1009.756914,29.88671875,3.875,0.1875,-10.4375,0.02,1.63,9.53,-0.0625,-0.25,0.0625,62,,stopped,0,0,20,
2026-08-05T13:45:50.489,931.726,selfie,35.92306468,139.9102297,17.239,0,TRUE,28,2,35.923076,139.9102107,2.123809398,,41.38,1009.654609,29.98535156,3.875,0.1875,-10.4375,0.01,1.62,9.53,0.0625,0.0625,-0.0625,62,,stopped,0,0,20,
2026-08-05T13:45:50.989,932.226,selfie,35.92306468,139.9102297,17.239,0,TRUE,28,2,35.923076,139.9102107,2.123809398,,41.39,1009.745664,29.90234375,3.875,0.1875,-10.4375,0.03,1.62,9.52,0,0.1875,-0.0625,62,,stopped,0,0,20,
2026-08-05T13:45:51.489,932.727,selfie,35.92306468,139.9102297,17.239,0,TRUE,28,2,35.923076,139.9102107,2.123809398,,40.46,1008.714609,29.88964844,3.875,8.1875,-10.4375,0.02,1.61,9.54,0.0625,-0.125,0.0625,62,,stopped,0,0,20,
2026-08-05T13:45:51.990,933.227,selfie,35.92306468,139.9102297,17.239,0,TRUE,28,2,35.923076,139.9102107,2.123809398,,41.38,1009.709844,29.85449219,3.875,0.1875,-10.4375,0.01,1.62,9.55,0.0625,-0.125,0,62,,stopped,0,0,20,
2026-08-05T13:45:52.490,933.728,selfie,35.92306468,139.9102297,17.239,0,TRUE,28,2,35.923076,139.9102107,2.123809398,,41.39,1009.745664,29.72460938,3.875,0.1875,-10.4375,0.02,1.62,9.55,0.0625,0.0625,0,62,,stopped,0,0,20,
2026-08-05T13:45:52.991,934.228,selfie,35.92306468,139.9102297,17.239,0,TRUE,28,2,35.923076,139.9102107,2.123809398,,41.39,1009.718047,29.71289063,3.875,0.1875,-10.4375,0,1.65,9.52,0,0.1875,0.0625,62,,stopped,0,0,20,
2026-08-05T13:45:53.491,934.728,selfie,35.92306468,139.9102297,17.239,0,TRUE,28,2,35.923076,139.9102107,2.123809398,,41.41,1009.721953,29.69042969,3.875,0.1875,-10.4375,0.03,1.63,9.51,0.0625,0,0.0625,62,,stopped,0,0,20,
2026-08-05T13:45:53.991,935.229,selfie,35.92306468,139.9102297,17.239,0,TRUE,28,2,35.923076,139.9102107,2.123809398,,41.41,1009.694336,29.71386719,3.875,0.1875,-10.4375,0.02,1.64,9.55,0,0.0625,0,62,,stopped,0,0,20,
2026-08-05T13:45:54.492,935.729,selfie,35.92306468,139.9102297,17.239,0,TRUE,28,2,35.923076,139.9102107,2.123809398,,41.42,1009.718633,29.6796875,3.875,0.1875,-10.4375,0.03,1.65,9.52,0.0625,-0.0625,0.0625,62,,stopped,0,0,20,
2026-08-05T13:45:54.992,936.23,selfie,35.92306468,139.9102297,17.239,0,TRUE,28,2,35.923076,139.9102107,2.123809398,,41.43,1009.726523,29.76269531,3.875,0.1875,-10.4375,0.02,1.61,9.55,-0.0625,-0.125,0.125,62,,stopped,0,0,20,
2026-08-05T13:45:55.492,936.73,selfie,35.92306468,139.9102297,17.239,0,TRUE,28,2,35.923076,139.9102107,2.123809398,,41.43,1009.734414,29.52636719,3.875,0.1875,-10.4375,0,1.61,9.51,-0.0625,0,-0.125,62,,stopped,0,0,20,
2026-08-05T13:45:55.993,937.23,selfie,35.92306468,139.9102297,17.239,0,TRUE,28,2,35.923076,139.9102107,2.123809398,,41.44,1009.742305,29.53808594,3.875,0.1875,-10.4375,0.02,1.61,9.52,-0.0625,0,-0.0625,62,,stopped,0,0,20,
2026-08-05T13:45:56.493,937.731,selfie,35.92306468,139.9102297,17.239,0,TRUE,28,2,35.923076,139.9102107,2.123809398,,41.44,1009.742305,29.55078125,3.875,0.1875,-10.4375,0.01,1.64,9.57,-0.125,0,0,62,,stopped,0,0,20,
2026-08-05T13:45:56.993,938.231,selfie,35.92306468,139.9102297,17.239,0,TRUE,28,2,35.923076,139.9102107,2.123809398,,41.44,1009.742305,29.52636719,11.875,0.1875,-2.4375,0.02,1.62,9.55,-0.125,-0.0625,-0.0625,62,,stopped,0,0,20,
2026-08-05T13:45:57.494,938.731,selfie,35.92306468,139.9102297,17.239,0,TRUE,28,2,35.923076,139.9102107,2.123809398,,41.47,1009.734688,29.49316406,3.875,0.1875,-10.4375,0.02,1.6,9.51,0,0.125,0.0625,62,,stopped,0,0,20,
2026-08-05T13:45:57.994,939.232,selfie,35.92306468,139.9102297,17.239,0,TRUE,28,2,35.923076,139.9102107,2.123809398,,41.47,1009.742578,29.54003906,3.875,0.1875,-10.4375,0.03,1.62,9.53,0.125,0,0,62,,stopped,0,0,20,
2026-08-05T13:45:58.495,939.732,selfie,35.92306468,139.9102297,17.239,0,TRUE,28,2,35.923076,139.9102107,2.123809398,,41.51,1009.659961,29.5546875,3.875,0.1875,-10.4375,0.02,1.61,9.51,0,0,-0.0625,62,,stopped,0,0,20,
2026-08-05T13:45:58.995,940.232,selfie,35.92306468,139.9102297,17.239,0,TRUE,28,2,35.923076,139.9102107,2.123809398,,41.51,1009.659961,29.5546875,3.875,0.1875,-10.4375,0,1.62,9.53,0,0,0.0625,62,,stopped,0,0,20,
2026-08-05T13:45:59.495,940.733,selfie,35.92306468,139.9102297,17.239,0,TRUE,28,2,35.923076,139.9102107,2.123809398,,41.55,1010.256328,29.75976563,3.875,0.1875,-10.4375,0,1.62,9.54,0.0625,0.125,0,62,,stopped,0,0,20,
2026-08-05T13:46:00.015,941.253,selfie,35.92306468,139.9102297,17.239,0,TRUE,28,2,35.923076,139.9102107,2.123809398,,41.56,1009.739453,29.59375,3.875,0.1875,-10.4375,0.02,1.62,9.5,0.0625,0,-0.0625,62,,stopped,0,0,20,
2026-08-05T13:46:00.516,941.753,selfie,35.92306468,139.9102297,17.239,0,TRUE,28,2,35.923076,139.9102107,2.123809398,,38.99,1005.603086,29.75878906,3.875,0.1875,-10.4375,0,1.62,9.57,0.0625,0.0625,0.0625,62,,stopped,0,0,20,
2026-08-05T13:46:01.016,942.254,selfie,35.92306468,139.9102297,17.239,0,TRUE,28,2,35.923076,139.9102107,2.123809398,,41.61,1010.205586,29.65527344,3.875,0.1875,-10.4375,0.01,1.66,9.51,-0.0625,-0.25,0.0625,62,,stopped,0,0,20,
2026-08-05T13:46:01.517,942.754,selfie,35.92306468,139.9102297,17.239,0,TRUE,28,2,35.923076,139.9102107,2.123809398,,41.65,1009.63332,29.54003906,3.875,0.1875,-10.4375,0,1.61,9.51,-0.0625,0.0625,0,62,,stopped,0,0,20,
2026-08-05T13:46:02.017,943.255,selfie,35.92306468,139.9102297,17.239,0,TRUE,28,2,35.923076,139.9102107,2.123809398,,41.66,1009.704375,29.58789063,3.875,0.1875,-10.4375,0.02,1.6,9.55,-0.125,0.1875,-0.0625,62,,stopped,0,0,20,
2026-08-05T13:46:02.517,943.755,selfie,35.92306468,139.9102297,17.239,0,TRUE,28,2,35.923076,139.9102107,2.123809398,,41.69,1009.696719,29.53027344,3.875,0.1875,-10.4375,0.02,1.61,9.54,0,0,0.0625,62,,stopped,0,0,20,
2026-08-05T13:46:03.018,944.255,selfie,35.92306468,139.9102297,17.239,0,TRUE,28,2,35.923076,139.9102107,2.123809398,,41.7,1009.685195,29.54296875,3.875,0.1875,-10.4375,0.02,1.63,9.55,-0.0625,0,-0.125,62,,stopped,0,0,20,
2026-08-05T13:46:03.518,944.756,selfie,35.92306468,139.9102297,17.239,0,TRUE,28,2,35.923076,139.9102107,2.123809398,,41.74,1009.665625,29.56933594,11.875,0.1875,-10.4375,0.01,1.62,9.54,0,0.125,-0.0625,62,,stopped,0,0,20,
2026-08-05T13:46:04.019,945.256,selfie,35.92306468,139.9102297,17.239,0,TRUE,28,2,35.923076,139.9102107,2.123809398,,41.73,1009.64957,29.58105469,3.875,0.1875,-10.4375,0.01,1.62,9.54,0.125,-0.125,0,62,,stopped,0,0,20,
2026-08-05T13:46:04.519,945.757,selfie,35.92306468,139.9102297,17.239,0,TRUE,28,2,35.923076,139.9102107,2.123809398,,41.78,1009.729063,29.29980469,3.875,0.1875,-10.4375,0.03,1.63,9.54,0,0,0,62,,stopped,0,0,20,
2026-08-05T13:46:05.019,946.257,selfie,35.92306468,139.9102297,17.239,0,TRUE,28,2,35.923076,139.9102107,2.123809398,,41.79,1009.736953,29.40722656,3.875,0.1875,-10.4375,0.02,1.6,9.55,0,8.0625,0.1875,62,,stopped,0,0,20,
2026-08-05T13:46:05.520,946.757,selfie,35.92306468,139.9102297,17.239,0,TRUE,28,2,35.923076,139.9102107,2.123809398,,41.82,1009.69375,29.12402344,3.875,0.1875,-10.4375,0.01,1.63,9.56,-0.4375,0,0,62,,stopped,0,0,20,
2026-08-05T13:46:06.020,947.258,selfie,35.92306468,139.9102297,17.239,0,TRUE,28,2,35.923076,139.9102107,2.123809398,,41.83,1009.689766,29.18359375,3.875,0.1875,-10.4375,0.04,1.59,9.5,0,0.125,0.0625,62,,stopped,0,0,20,
2026-08-05T13:46:06.521,947.758,selfie,35.92306468,139.9102297,17.239,0,TRUE,28,2,35.923076,139.9102107,2.123809398,,41.83,1009.689766,29.01757813,3.875,0.1875,-10.4375,0.03,1.63,9.55,0.125,-0.125,0.0625,62,,stopped,0,0,20,
2026-08-05T13:46:07.021,948.259,selfie,35.92306468,139.9102297,17.239,0,TRUE,28,2,35.923076,139.9102107,2.123809398,,41.84,1009.725313,28.97167969,3.875,0.1875,-10.4375,0.02,1.62,9.54,0.0625,0.0625,0,62,,stopped,0,0,20,
2026-08-05T13:46:07.521,948.759,selfie,35.92306468,139.9102297,17.239,0,TRUE,28,2,35.923076,139.9102107,2.123809398,,41.87,1009.690273,29.11523438,3.875,0.1875,-10.4375,0,1.58,9.55,0,-0.125,0,62,,stopped,0,0,20,
2026-08-05T13:46:08.022,949.259,selfie,35.92306468,139.9102297,17.239,0,TRUE,28,2,35.923076,139.9102107,2.123809398,,41.87,1009.745586,29.00878906,3.875,0.1875,-10.4375,0.01,1.66,9.55,0.125,0,0,62,,stopped,0,0,20,
2026-08-05T13:46:08.522,949.76,selfie,35.92306468,139.9102297,17.239,0,TRUE,27,2,35.923076,139.9102107,2.123809398,,41.88,1009.603633,28.83203125,3.875,0.1875,-10.4375,0.02,1.62,9.54,-0.0625,-0.0625,-0.125,62,,stopped,0,0,20,
2026-08-05T13:46:09.022,950.26,selfie,35.92306468,139.9102297,17.239,0,TRUE,27,2,35.923076,139.9102107,2.123809398,,41.89,1009.64707,28.86816406,3.875,0.1875,-10.4375,0.02,1.6,9.49,0,0.125,-0.0625,62,,stopped,0,0,20,
2026-08-05T13:46:09.523,950.76,selfie,35.92306468,139.9102297,17.239,0,TRUE,28,2,35.923076,139.9102107,2.123809398,,41.92,1009.659141,28.7265625,3.875,0.1875,-10.4375,0.02,1.64,9.53,8.125,0,0.125,62,,stopped,0,0,20,
2026-08-05T13:46:10.023,951.261,selfie,35.92306468,139.9102297,17.239,0,TRUE,28,2,35.923076,139.9102107,2.123809398,,41.92,1009.686797,28.78613281,3.875,0.1875,-10.4375,0.04,1.64,9.54,0,-0.0625,-0.0625,62,,stopped,0,0,20,
2026-08-05T13:46:10.524,951.761,selfie,35.92306468,139.9102297,17.239,0,TRUE,28,2,35.923076,139.9102107,2.123809398,,41.96,1009.611953,28.8125,3.875,0.1875,-10.4375,0.01,1.62,9.54,-0.0625,-0.0625,0.0625,62,,stopped,0,0,20,
2026-08-05T13:46:11.024,952.262,selfie,35.92306468,139.9102297,17.239,0,TRUE,28,2,35.923076,139.9102107,2.123809398,,41.96,1009.667266,28.82421875,3.875,0.1875,-10.4375,0.03,1.63,9.53,0,0,-0.125,62,,stopped,0,0,20,
2026-08-05T13:46:11.525,952.762,selfie,35.92306468,139.9102297,17.239,0,TRUE,28,2,35.923076,139.9102107,2.123809398,,42.02,1009.651836,28.99414063,11.875,0.1875,-10.4375,0.01,1.63,9.54,-0.125,0,-0.0625,62,,stopped,0,0,20,
2026-08-05T13:46:12.025,953.263,selfie,35.92306468,139.9102297,17.239,0,TRUE,28,2,35.923076,139.9102107,2.123809398,,42.01,1009.635781,28.99414063,3.875,0.1875,-10.4375,0.03,1.63,9.54,0.1875,0,0,62,,stopped,0,0,20,
2026-08-05T13:46:12.525,953.763,selfie,35.92306468,139.9102297,17.239,0,TRUE,28,2,35.923076,139.9102107,2.123809398,,42.05,1009.663633,29.07910156,3.875,0.1875,-10.4375,0.04,1.63,9.52,0.0625,0.125,0,62,,stopped,0,0,20,
2026-08-05T13:46:13.026,954.263,selfie,35.92306468,139.9102297,17.239,0,TRUE,28,2,35.923076,139.9102107,2.123809398,,42.05,1009.635977,29.12597656,3.875,0.1875,-10.4375,0.02,1.62,9.53,-0.0625,-0.125,0.0625,62,,stopped,0,0,20,
2026-08-05T13:46:13.526,954.764,selfie,35.92306468,139.9102297,17.239,0,TRUE,28,2,35.923076,139.9102107,2.123809398,,42.08,1009.608477,29.35351563,3.875,0.1875,-10.4375,0.02,1.62,9.55,0,0.0625,0,62,,stopped,0,0,20,
2026-08-05T13:46:14.026,955.264,selfie,35.92306468,139.9102297,17.239,0,TRUE,28,2,35.923076,139.9102107,2.123809398,,40.4,1007.082734,29.27148438,3.875,0.1875,-10.4375,0.04,1.62,9.51,0,0.0625,-0.0625,62,,stopped,0,0,20,
2026-08-05T13:46:14.527,955.764,selfie,35.92306468,139.9102297,17.239,0,TRUE,28,2,35.923076,139.9102107,2.123809398,,42.13,1009.660273,29.32128906,3.875,0.1875,-10.4375,0.03,1.64,9.54,-0.0625,-0.1875,0,62,,stopped,0,0,20,
2026-08-05T13:46:15.027,956.265,selfie,35.92306468,139.9102297,17.239,0,TRUE,28,2,35.923076,139.9102107,2.123809398,,42.14,1009.723477,29.32128906,3.875,0.1875,-10.4375,0.03,1.6,9.52,0,-0.1875,0,62,,stopped,0,0,20,
2026-08-05T13:46:15.527,956.765,selfie,35.92306468,139.9102297,17.239,0,TRUE,28,2,35.923076,139.9102107,2.123809398,,42.15,1009.683945,29.16894531,3.875,0.1875,-10.4375,0.02,1.62,9.53,0,0.0625,0,62,,stopped,0,0,20,
2026-08-05T13:46:16.028,957.266,selfie,35.92306468,139.9102297,17.239,0,TRUE,28,2,35.923076,139.9102107,2.123809398,,42.15,1009.719453,29.06152344,3.875,0.1875,-2.4375,0.04,1.63,9.51,0.125,0,-0.0625,62,,stopped,0,0,20,
2026-08-05T13:46:16.528,957.766,selfie,35.92306468,139.9102297,17.239,0,TRUE,28,2,35.923076,139.9102107,2.123809398,,42.17,1009.66043,28.83789063,3.875,0.1875,-10.4375,1.32,1.61,9.56,-0.0625,0.0625,0.0625,62,,stopped,0,0,20,
2026-08-05T13:46:17.031,958.268,selfie,35.92306468,139.9102297,17.239,0,TRUE,28,2,35.923076,139.9102107,2.123809398,,42.17,1009.696016,28.80175781,3.875,0.1875,-10.4375,0.02,1.64,9.55,-0.0625,0.0625,0,62,,stopped,0,0,20,
2026-08-05T13:46:17.531,958.769,selfie,35.92306468,139.9102297,17.239,0,TRUE,28,2,35.923076,139.9102107,2.123809398,,42.19,1009.672188,28.53027344,3.875,0.1875,-10.4375,0.02,1.64,9.54,0.125,0,0.0625,62,,stopped,0,0,20,
2026-08-05T13:46:18.032,959.269,selfie,35.92306468,139.9102297,17.239,0,TRUE,28,2,35.923076,139.9102107,2.123809398,,42.2,1009.708047,28.60253906,3.875,0.1875,-10.4375,0.01,1.65,9.52,0.0625,-0.0625,-0.125,62,,stopped,0,0,20,
2026-08-05T13:46:18.532,959.77,selfie,35.92306468,139.9102297,17.239,0,TRUE,28,2,35.923076,139.9102107,2.123809398,,42.21,1009.696172,28.51953125,3.875,0.1875,-10.4375,0.01,1.62,9.54,0,-0.0625,0,62,,stopped,0,0,20,
2026-08-05T13:46:19.042,960.28,selfie,35.92306468,139.9102297,17.239,0,TRUE,28,2,35.923076,139.9102107,2.123809398,,41.45,1008.901523,28.53222656,3.875,0.1875,-10.4375,0.04,1.61,9.53,0.0625,-0.0625,-0.125,62,,stopped,0,0,20,
2026-08-05T13:46:19.543,960.78,selfie,35.92306468,139.9102297,17.239,0,TRUE,28,2,35.923076,139.9102107,2.123809398,,42.24,1009.668633,28.49804688,3.875,0.1875,-10.4375,0.03,1.62,9.52,8,-0.0625,0.1875,62,,stopped,0,0,20,
2026-08-05T13:46:20.043,961.281,selfie,35.92306468,139.9102297,17.239,0,TRUE,28,2,35.923076,139.9102107,2.123809398,,42.24,1009.61332,28.50976563,3.875,0.1875,-10.4375,0.02,1.62,9.52,0.0625,-0.0625,0.125,62,,stopped,0,0,20,
2026-08-05T13:46:20.544,961.781,selfie,35.92306468,139.9102297,17.239,0,TRUE,28,2,35.923076,139.9102107,2.123809398,,42.3,1009.692734,28.58496094,3.875,0.1875,-10.4375,0.02,1.63,9.54,0.0625,0.0625,0,62,,stopped,0,0,20,
2026-08-05T13:46:21.044,962.282,selfie,35.92306468,139.9102297,17.239,0,TRUE,28,2,35.923076,139.9102107,2.123809398,,42.3,1009.728594,28.54882813,3.875,0.1875,-10.4375,0.04,1.66,9.55,0.0625,0.125,-0.125,62,,stopped,0,0,20,
2026-08-05T13:46:21.544,962.782,selfie,35.92306468,139.9102297,17.239,0,TRUE,28,2,35.923076,139.9102107,2.123809398,,42.31,1009.598164,28.69140625,3.875,0.1875,-10.4375,0.03,1.61,9.56,-0.0625,0,0,62,,stopped,0,0,20,
2026-08-05T13:46:22.045,963.283,selfie,35.92306468,139.9102297,17.239,0,TRUE,28,2,35.923076,139.9102107,2.123809398,,42.32,1009.621797,28.62109375,3.875,0.1875,-10.4375,0.01,1.63,9.52,0,-0.125,0.125,62,,stopped,0,0,20,
2026-08-05T13:46:22.545,963.783,selfie,35.92306468,139.9102297,17.239,0,TRUE,28,2,35.923076,139.9102107,2.123809398,,42.36,1009.704961,28.37402344,3.875,0.1875,-10.4375,0.02,1.62,9.53,0.125,0.0625,0,62,,stopped,0,0,20,
2026-08-05T13:46:23.046,964.283,selfie,35.92306468,139.9102297,17.239,0,TRUE,28,2,35.923076,139.9102107,2.123809398,,42.37,1009.693008,28.33984375,3.875,0.1875,-10.4375,0.02,1.61,9.54,0,0.1875,0,62,,stopped,0,0,20,
2026-08-05T13:46:23.546,964.784,selfie,35.92306468,139.9102297,17.239,0,TRUE,28,2,35.923076,139.9102107,2.123809398,,42.38,1009.716953,28.23339844,3.875,0.1875,-10.4375,0.03,1.62,9.56,-0.0625,0.1875,-0.125,62,,stopped,0,0,20,
2026-08-05T13:46:24.047,965.284,selfie,35.92306468,139.9102297,17.239,0,TRUE,28,2,35.923076,139.9102107,2.123809398,,42.38,1009.65375,28.28027344,3.875,0.1875,-10.4375,0.02,1.62,9.54,0,0.1875,-0.0625,62,,stopped,0,0,20,
2026-08-05T13:46:24.547,965.785,selfie,35.92306468,139.9102297,17.239,0,TRUE,28,2,35.923076,139.9102107,2.123809398,,42.4,1009.740625,28.28222656,3.875,0.1875,-10.4375,0.04,1.61,9.55,0.0625,0.125,-0.0625,62,,stopped,0,0,20,
2026-08-05T13:46:25.047,966.285,selfie,35.92306468,139.9102297,17.239,0,TRUE,28,2,35.923076,139.9102107,2.123809398,,42.39,1009.677422,28.24609375,3.875,0.1875,-10.4375,0.02,1.62,9.55,-0.0625,0.0625,0,62,,stopped,0,0,20,
2026-08-05T13:46:25.548,966.785,selfie,35.92306468,139.9102297,17.239,0,TRUE,28,2,35.923076,139.9102107,2.123809398,,42.43,1009.602383,28.30859375,3.875,8.1875,-10.4375,0.02,1.61,9.55,0.0625,0,-0.125,62,,stopped,0,0,20,
2026-08-05T13:46:26.048,967.286,selfie,35.92306468,139.9102297,17.239,0,TRUE,28,2,35.923076,139.9102107,2.123809398,,42.44,1009.693281,28.33203125,3.875,0.1875,-10.4375,0.03,1.61,9.53,0.0625,0.0625,0,62,,stopped,0,0,20,
2026-08-05T13:46:26.548,967.786,selfie,35.92306468,139.9102297,17.239,0,TRUE,28,2,35.923076,139.9102107,2.123809398,,42.47,1009.630156,28.42871094,3.875,0.1875,-10.4375,0.03,1.6,9.52,0,0,0.0625,62,,stopped,0,0,20,
2026-08-05T13:46:27.049,968.287,selfie,35.92306468,139.9102297,17.239,0,TRUE,28,2,35.923076,139.9102107,2.123809398,,42.47,1009.685508,28.44042969,3.875,0.1875,-10.4375,0.01,1.62,9.57,0,-0.0625,-0.0625,62,,stopped,0,0,20,
2026-08-05T13:46:27.549,968.787,selfie,35.92306468,139.9102297,17.239,0,TRUE,28,2,35.923076,139.9102107,2.123809398,,42.5,1009.685625,28.3359375,3.875,0.1875,-10.4375,0.04,1.61,9.51,0,-0.125,0.0625,62,,stopped,0,0,20,
2026-08-05T13:46:28.050,969.287,selfie,35.92306468,139.9102297,17.239,0,TRUE,28,2,35.923076,139.9102107,2.123809398,,42.5,1009.71332,28.26464844,3.875,0.1875,-10.4375,0,1.64,9.53,-0.0625,0,-0.0625,62,,stopped,0,0,20,
2026-08-05T13:46:28.550,969.788,selfie,35.92306468,139.9102297,17.239,0,TRUE,28,2,35.923076,139.9102107,2.123809398,,42.52,1010.014063,27.98046875,3.875,0.1875,-10.4375,0.02,1.62,9.47,-0.0625,0,0.0625,62,,stopped,0,0,20,
2026-08-05T13:46:29.050,970.288,selfie,35.92306468,139.9102297,17.239,0,TRUE,28,2,35.923076,139.9102107,2.123809398,,42.54,1009.705547,28.11230469,3.875,0.1875,-10.4375,0,1.63,9.57,0.0625,0.0625,0,62,,stopped,0,0,20,
2026-08-05T13:46:29.551,970.788,selfie,35.92306468,139.9102297,17.239,0,TRUE,28,2,35.923076,139.9102107,2.123809398,,42.57,1009.677969,28.06640625,3.875,0.1875,-10.4375,0.02,1.62,9.52,-0.0625,0.125,0.125,62,,stopped,0,0,20,
2026-08-05T13:46:30.051,971.289,selfie,35.92306468,139.9102297,17.239,0,TRUE,28,2,35.923076,139.9102107,2.123809398,,42.57,1009.677969,28.07910156,3.875,0.1875,-10.4375,0.02,1.61,9.54,0,0.0625,0,62,,stopped,0,0,20,
2026-08-05T13:46:30.552,971.789,selfie,35.92306468,139.9102297,17.239,0,TRUE,28,2,35.923076,139.9102107,2.123809398,,42.61,1009.713672,27.91503906,3.875,0.1875,-10.4375,0,1.61,9.57,0,0,-0.0625,62,,stopped,0,0,20,
2026-08-05T13:46:31.052,972.29,selfie,35.92306468,139.9102297,17.239,0,TRUE,28,2,35.923076,139.9102107,2.123809398,,42.61,1009.658281,28.03320313,3.875,0.1875,-10.4375,0.03,1.62,9.56,0,0,0,62,,stopped,0,0,20,
2026-08-05T13:46:31.552,972.79,selfie,35.92306468,139.9102297,17.239,0,TRUE,28,2,35.923076,139.9102107,2.123809398,,42.67,1009.6625,28.08496094,3.875,0.1875,-10.4375,1.31,1.61,9.52,0,0,0,62,,stopped,0,0,20,
2026-08-05T13:46:32.053,973.29,selfie,35.92306468,139.9102297,17.239,0,TRUE,28,2,35.923076,139.9102107,2.123809398,,39.88,1005.317383,28.16503906,3.875,0.1875,-10.4375,0.02,1.61,9.55,-0.0625,0,-0.0625,62,,stopped,0,0,20,
2026-08-05T13:46:32.553,973.791,selfie,35.92306468,139.9102297,17.239,0,TRUE,28,2,35.923076,139.9102107,2.123809398,,42.77,1009.647305,27.98339844,3.875,0.1875,-10.4375,0.03,1.62,9.55,0,-0.125,-0.0625,62,,stopped,0,0,20,
2026-08-05T13:46:33.053,974.291,selfie,35.92306468,139.9102297,17.239,0,TRUE,28,2,35.923076,139.9102107,2.123809398,,42.77,1009.619609,27.99511719,3.875,8.1875,-10.4375,0.02,1.6,9.52,-0.0625,0,0,62,,stopped,0,0,20,
2026-08-05T13:46:33.554,974.791,selfie,35.92306468,139.9102297,17.239,0,TRUE,28,2,35.923076,139.9102107,2.123809398,,42.73,1009.710469,28.04101563,3.875,0.1875,-10.4375,0.03,1.61,9.55,0.0625,-0.0625,0,62,,stopped,0,0,20,
2026-08-05T13:46:34.054,975.292,selfie,35.92306468,139.9102297,17.239,0,TRUE,28,2,35.923076,139.9102107,2.123809398,,42.75,1009.670859,27.98242188,3.875,0.1875,-10.4375,0.02,1.6,9.53,0,-0.0625,-0.0625,62,,stopped,0,0,20,
2026-08-05T13:46:34.555,975.792,selfie,35.92306468,139.9102297,17.239,0,TRUE,28,2,35.923076,139.9102107,2.123809398,,42.75,1009.651055,27.84082031,3.875,0.1875,-10.4375,0.03,1.64,9.55,0,0.0625,-0.0625,62,,stopped,0,0,20,
2026-08-05T13:46:35.055,976.293,selfie,35.92306468,139.9102297,17.239,0,TRUE,28,2,35.923076,139.9102107,2.123809398,,42.76,1009.694805,28.04296875,3.875,0.1875,-10.4375,0.02,1.59,9.53,0,0.0625,-0.0625,62,,stopped,0,0,20,
2026-08-05T13:46:35.555,976.793,selfie,35.92306468,139.9102297,17.239,0,TRUE,28,2,35.923076,139.9102107,2.123809398,,42.78,1009.587891,28.04394531,3.875,0.1875,-10.4375,0.01,1.62,9.52,-0.0625,0.125,0,62,,stopped,0,0,20,
2026-08-05T13:46:36.056,977.293,selfie,35.92306468,139.9102297,17.239,0,TRUE,28,2,35.923076,139.9102107,2.123809398,,42.79,1009.623438,27.92480469,3.875,0.1875,-10.4375,0.02,1.63,9.54,0,0,0.125,62,,stopped,0,0,20,
2026-08-05T13:46:36.556,977.794,selfie,35.92306468,139.9102297,17.239,0,TRUE,28,2,35.923076,139.9102107,2.123809398,,42.77,1009.710547,27.91308594,3.875,0.1875,-10.4375,0.01,1.64,9.54,0.0625,0.1875,0.0625,62,,stopped,0,0,20,
2026-08-05T13:46:37.057,978.294,selfie,35.92306468,139.9102297,17.239,0,TRUE,28,2,35.923076,139.9102107,2.123809398,,42.77,1009.675,27.99511719,3.875,0.1875,-10.4375,0.01,1.6,9.55,0.125,-0.0625,0,62,,stopped,0,0,20,
2026-08-05T13:46:37.557,978.795,selfie,35.92306468,139.9102297,17.239,0,TRUE,28,2,35.923076,139.9102107,2.123809398,,42.78,1009.607656,27.91308594,3.875,0.1875,-10.4375,0.02,1.6,9.55,-0.0625,0.1875,-0.0625,62,,stopped,0,0,20,
2026-08-05T13:46:38.057,979.295,selfie,35.92306468,139.9102297,17.239,0,TRUE,28,2,35.923076,139.9102107,2.123809398,,42.78,1009.663047,27.90039063,3.875,0.1875,-10.4375,0.01,1.61,9.55,-0.0625,0.25,-0.0625,62,,stopped,0,0,20,
2026-08-05T13:46:38.558,979.795,selfie,35.92306468,139.9102297,17.239,0,TRUE,28,2,35.923076,139.9102107,2.123809398,,42.8,1009.611836,27.85546875,3.875,0.1875,-10.4375,0.02,1.63,9.53,0,0.125,0.0625,62,,stopped,0,0,20,
2026-08-05T13:46:39.058,980.296,selfie,35.92306468,139.9102297,17.239,0,TRUE,28,2,35.923076,139.9102107,2.123809398,,42.79,1009.623438,27.87792969,3.875,0.1875,-10.4375,0.02,1.61,9.53,-0.0625,0.0625,0.0625,62,,stopped,0,0,20,
2026-08-05T13:46:39.559,980.796,selfie,35.92306468,139.9102297,17.239,0,TRUE,28,2,35.923076,139.9102107,2.123809398,,42.8,1009.694883,28.05664063,3.875,0.1875,-10.4375,0.03,1.61,9.55,0,0,0.0625,62,,stopped,0,0,20,
2026-08-05T13:46:40.059,981.297,selfie,35.92306468,139.9102297,17.239,0,TRUE,28,2,35.923076,139.9102107,2.123809398,,42.8,1009.694883,28.05664063,3.875,0.1875,-10.4375,0.01,1.6,9.52,0,-0.0625,0,62,,stopped,0,0,20,
2026-08-05T13:46:40.559,981.797,selfie,35.92306468,139.9102297,17.239,0,TRUE,28,2,35.923076,139.9102107,2.123809398,,42.8,1009.639492,28.17578125,3.875,0.1875,-10.4375,0.02,1.6,9.54,-0.0625,0.0625,-0.0625,62,,stopped,0,0,20,
2026-08-05T13:46:41.060,982.297,selfie,35.92306468,139.9102297,17.239,0,TRUE,28,2,35.923076,139.9102107,2.123809398,,42.8,1010.276328,28.2109375,3.875,0.1875,-10.4375,0.03,1.61,9.52,0,0,-0.0625,62,,stopped,0,0,20,
2026-08-05T13:46:41.560,982.798,selfie,35.92306468,139.9102297,17.239,0,TRUE,28,2,35.923076,139.9102107,2.123809398,,41,1007.071758,28.54003906,3.875,0.1875,-10.4375,0.04,1.59,9.53,-0.0625,-0.0625,-0.125,62,,stopped,0,0,20,
2026-08-05T13:46:42.061,983.298,selfie,35.92306468,139.9102297,17.239,0,TRUE,28,2,35.923076,139.9102107,2.123809398,,42.82,1009.726406,28.45019531,3.875,0.1875,-10.4375,0.04,1.61,9.5,0,0.125,-0.0625,62,,stopped,0,0,20,
2026-08-05T13:46:42.561,983.799,selfie,35.92306468,139.9102297,17.239,0,TRUE,28,2,35.923076,139.9102107,2.123809398,,42.86,1009.678945,28.13183594,3.875,0.1875,-10.4375,0,1.61,9.54,0,-0.125,0.1875,62,,stopped,0,0,20,
2026-08-05T13:46:43.061,984.299,selfie,35.92306468,139.9102297,17.239,0,TRUE,28,2,35.923076,139.9102107,2.123809398,,42.86,1009.65125,28.2265625,3.875,0.1875,-10.4375,0.01,1.6,9.53,-0.0625,0,0,190,,stopped,0,0,20,
2026-08-05T13:46:43.562,984.8,selfie,35.92306468,139.9102297,17.239,0,TRUE,28,2,35.923076,139.9102107,2.123809398,,42.92,1009.66332,28.30175781,3.875,0.1875,-10.4375,0.01,1.61,9.54,-0.0625,0,0,62,,stopped,0,0,20,
2026-08-05T13:46:44.082,985.32,selfie,35.92306468,139.9102297,17.239,0,TRUE,28,2,35.923076,139.9102107,2.123809398,,42.9,1009.65918,28.29980469,3.875,0.1875,-10.4375,0.01,1.59,9.56,-0.125,-0.125,0,62,,stopped,0,0,20,
2026-08-05T13:46:44.582,985.82,selfie,35.92306468,139.9102297,17.239,0,TRUE,28,2,35.923076,139.9102107,2.123809398,,42.88,1009.655352,28.21582031,3.875,0.1875,-10.4375,0.01,1.64,9.55,-0.0625,-0.125,0,62,,stopped,0,0,20,
2026-08-05T13:46:45.082,986.32,selfie,35.92306468,139.9102297,17.239,0,TRUE,28,2,35.923076,139.9102107,2.123809398,,42.89,1009.671133,28.3125,3.875,0.1875,-10.4375,0.03,1.61,9.54,0.0625,0.0625,-0.0625,62,,stopped,0,0,20,
2026-08-05T13:46:45.583,986.82,selfie,35.92306468,139.9102297,17.239,0,TRUE,28,2,35.923076,139.9102107,2.123809398,,42.9,1009.667383,28.52636719,3.875,0.1875,-10.4375,0,1.63,9.53,-0.125,0.0625,0,62,,stopped,0,0,20,
2026-08-05T13:46:46.083,987.321,selfie,35.92306468,139.9102297,17.239,0,TRUE,28,2,35.923076,139.9102107,2.123809398,,42.91,1009.70293,28.36035156,3.875,0.1875,-10.4375,0.01,1.62,9.55,0.125,-0.1875,0,62,,stopped,0,0,20,
2026-08-05T13:46:46.584,987.821,selfie,35.92306468,139.9102297,17.239,0,TRUE,28,2,35.923076,139.9102107,2.123809398,,41.45,1007.409531,28.40234375,3.875,0.1875,-10.4375,0.02,1.6,9.53,0,0.0625,0,62,,stopped,0,0,20,
2026-08-05T13:46:47.084,988.322,selfie,35.92306468,139.9102297,17.239,0,TRUE,28,2,35.923076,139.9102107,2.123809398,,42.9,1009.686875,28.37109375,3.875,0.1875,-10.4375,0.02,1.64,9.53,-0.0625,0.0625,0,62,,stopped,0,0,20,
2026-08-05T13:46:47.584,988.822,selfie,35.92306468,139.9102297,17.239,0,TRUE,28,2,35.923076,139.9102107,2.123809398,,42.88,1009.655352,28.28710938,3.875,0.1875,-10.4375,0.03,1.61,9.55,0.0625,-0.0625,0.0625,62,,stopped,0,0,20,
2026-08-05T13:46:48.085,989.322,selfie,35.92306468,139.9102297,17.239,0,TRUE,28,2,35.923076,139.9102107,2.123809398,,41.75,1007.959648,28.34960938,3.875,0.1875,-10.4375,0.03,1.61,9.54,-0.125,-0.125,0.125,62,,stopped,0,0,20,
2026-08-05T13:46:48.592,989.83,selfie,35.92306468,139.9102297,17.239,0,TRUE,28,2,35.923076,139.9102107,2.123809398,,42.91,1009.65543,28.26660156,3.875,0.1875,-10.4375,0.02,1.61,9.53,0,0.125,-0.1875,62,,stopped,0,0,20,
2026-08-05T13:46:49.093,990.33,selfie,35.92306468,139.9102297,17.239,0,TRUE,28,2,35.923076,139.9102107,2.123809398,,42.92,1009.671172,28.27832031,3.875,0.1875,-10.4375,0.02,1.62,9.57,0.0625,-0.125,0.0625,62,,stopped,0,0,20,
2026-08-05T13:46:49.593,990.831,selfie,35.92306468,139.9102297,17.239,0,TRUE,28,2,35.923076,139.9102107,2.123809398,,42.97,1009.659258,28.12597656,3.875,0.1875,-10.4375,0.04,1.61,9.57,0,-0.125,0.1875,62,,stopped,0,0,20,
2026-08-05T13:46:50.094,991.331,selfie,35.92306468,139.9102297,17.239,0,TRUE,28,2,35.923076,139.9102107,2.123809398,,42.96,1009.651406,28.10253906,3.875,0.1875,-10.4375,0.02,1.6,9.57,0,-0.125,0.0625,62,,stopped,0,0,20,
2026-08-05T13:46:50.594,991.832,selfie,35.92306468,139.9102297,17.239,0,TRUE,28,2,35.923076,139.9102107,2.123809398,,42.99,1009.663398,27.97363281,3.875,0.1875,-10.4375,0.03,1.6,9.55,0.0625,-0.125,-0.0625,62,,stopped,0,0,20,
2026-08-05T13:46:51.094,992.332,selfie,35.92306468,139.9102297,17.239,0,TRUE,28,2,35.923076,139.9102107,2.123809398,,43,1010.288477,28.03320313,3.875,0.1875,-10.4375,0.03,1.61,9.56,0,0.0625,0,62,,stopped,0,0,20,
2026-08-05T13:46:51.595,992.832,selfie,35.92306468,139.9102297,17.239,0,TRUE,28,2,35.923076,139.9102107,2.123809398,,43.01,1009.695195,27.98632813,3.875,0.1875,-10.4375,0.01,1.59,9.57,0,0.0625,0.125,62,,stopped,0,0,20,
2026-08-05T13:46:52.095,993.333,selfie,35.92306468,139.9102297,17.239,0,TRUE,28,2,35.923076,139.9102107,2.123809398,,43,1009.679141,27.97363281,3.875,0.1875,-10.4375,0.02,1.61,9.57,-0.125,-0.125,0.0625,62,,stopped,0,0,20,
2026-08-05T13:46:52.596,993.833,selfie,35.92306468,139.9102297,17.239,0,TRUE,28,2,35.923076,139.9102107,2.123809398,,42.99,1009.663398,27.90234375,3.875,0.1875,-10.4375,0.02,1.6,9.55,0,-0.125,0.0625,62,,stopped,0,0,20,
2026-08-05T13:46:53.096,994.334,selfie,35.92306468,139.9102297,17.239,0,TRUE,28,2,35.923076,139.9102107,2.123809398,,43,1009.726641,27.79492188,3.875,0.1875,-10.4375,0.02,1.58,9.54,0,0.0625,0.0625,62,,stopped,0,0,20,
2026-08-05T13:46:53.596,994.834,selfie,35.92306468,139.9102297,17.239,0,TRUE,28,2,35.923076,139.9102107,2.123809398,,42.28,1008.534805,27.88378906,3.875,0.1875,-10.4375,0,1.61,9.56,0,-0.125,0.0625,62,,stopped,0,0,20,
2026-08-05T13:46:54.097,995.334,selfie,35.92306468,139.9102297,17.239,0,TRUE,28,2,35.923076,139.9102107,2.123809398,,40.19,1005.379063,27.86425781,3.875,0.1875,-10.4375,0.01,1.62,9.53,0.125,0,0.0625,62,,stopped,0,0,20,
2026-08-05T13:46:54.597,995.835,selfie,35.92306468,139.9102297,17.239,0,TRUE,28,2,35.923076,139.9102107,2.123809398,,43.06,1009.663477,27.69238281,3.875,0.1875,-10.4375,0.01,1.59,9.55,0.0625,-0.0625,0.0625,62,,stopped,0,0,20,
2026-08-05T13:46:55.098,996.335,selfie,35.92306468,139.9102297,17.239,0,TRUE,28,2,35.923076,139.9102107,2.123809398,,43.06,1009.635781,27.65625,3.875,0.1875,-10.4375,1.3,1.6,9.55,-0.0625,-0.0625,0,62,,stopped,0,0,20,
2026-08-05T13:46:55.598,996.836,selfie,35.92306468,139.9102297,17.239,0,TRUE,28,2,35.923076,139.9102107,2.123809398,,43.05,1009.667539,27.41796875,3.875,0.1875,-10.4375,0.01,1.6,9.55,0,0.125,0,62,,stopped,0,0,20,
2026-08-05T13:46:56.098,997.336,selfie,35.92306468,139.9102297,17.239,0,TRUE,28,2,35.923076,139.9102107,2.123809398,,43.05,1009.639844,27.40527344,3.875,0.1875,-10.4375,0,1.63,9.53,0.0625,-0.0625,0,62,,stopped,0,0,20,
2026-08-05T13:46:56.599,997.836,selfie,35.92306468,139.9102297,17.239,0,TRUE,28,2,35.923076,139.9102107,2.123809398,,43.05,1009.667539,27.25097656,3.875,0.1875,-10.4375,0.04,1.61,9.54,0,-0.125,-0.125,62,,stopped,0,0,20,
2026-08-05T13:46:57.099,998.337,selfie,35.92306468,139.9102297,17.239,0,TRUE,28,2,35.923076,139.9102107,2.123809398,,43.05,1009.758477,27.25195313,3.875,0.1875,-10.4375,0.03,1.6,9.54,-0.0625,-0.0625,0,62,,stopped,0,0,20,
2026-08-05T13:46:57.600,998.837,selfie,35.92306468,139.9102297,17.239,0,TRUE,28,2,35.923076,139.9102107,2.123809398,,43.04,1009.687031,27.27539063,3.875,0.1875,-10.4375,0.02,1.63,9.56,0.1875,-0.0625,0,62,,stopped,0,0,20,
2026-08-05T13:46:58.100,999.337,selfie,35.92306468,139.9102297,17.239,0,TRUE,28,2,35.923076,139.9102107,2.123809398,,43.04,1009.659336,27.06054688,3.875,0.1875,-10.4375,0.03,1.63,9.57,0.0625,-0.0625,0,62,,stopped,0,0,20,
2026-08-05T13:46:58.600,999.838,selfie,35.92306468,139.9102297,17.239,0,TRUE,28,2,35.923076,139.9102107,2.123809398,,43.06,1009.663477,27.07421875,3.875,0.1875,-10.4375,0.04,1.63,9.55,0,-0.0625,0.125,62,,stopped,0,0,20,
2026-08-05T13:46:59.101,1000.338,selfie,35.92306468,139.9102297,17.239,0,TRUE,28,2,35.923076,139.9102107,2.123809398,,43.05,1009.647695,27.1328125,3.875,0.1875,-10.4375,0.03,1.63,9.55,0,0.0625,-0.0625,62,,stopped,0,0,20,
2026-08-05T13:46:59.601,1000.839,selfie,35.92306468,139.9102297,17.239,0,TRUE,28,2,35.923076,139.9102107,2.123809398,,43.03,1009.671289,27.14355469,3.875,0.1875,-10.4375,0.03,1.64,9.54,8.0625,0.125,0.0625,62,,stopped,0,0,20,
2026-08-05T13:47:00.101,1001.339,selfie,35.92306468,139.9102297,17.239,0,TRUE,28,2,35.923076,139.9102107,2.123809398,,43.05,1010.193828,27.14453125,3.875,0.1875,-10.4375,0.02,1.59,9.53,0,0,0.125,62,,stopped,0,0,20,
2026-08-05T13:47:00.602,1001.84,selfie,35.92306468,139.9102297,17.239,0,TRUE,28,2,35.923076,139.9102107,2.123809398,,43.06,1009.691172,27.39453125,3.875,0.1875,-10.4375,0.04,1.62,9.55,0.0625,0,0,62,,stopped,0,0,20,
2026-08-05T13:47:01.102,1002.34,selfie,35.92306468,139.9102297,17.239,0,TRUE,28,2,35.923076,139.9102107,2.123809398,,43.07,1009.734609,27.43066406,3.875,0.1875,-10.4375,0.02,1.6,9.57,0.0625,-0.25,-0.125,62,,stopped,0,0,20,
2026-08-05T13:47:01.603,1002.84,selfie,35.92306468,139.9102297,17.239,0,TRUE,27,2,35.923076,139.9102107,2.123809398,,43.07,1009.643633,27.56152344,3.875,0.1875,-10.4375,0.02,1.62,9.54,0.125,0.0625,0.0625,62,,stopped,0,0,20,
2026-08-05T13:47:02.103,1003.341,selfie,35.92306468,139.9102297,17.239,0,TRUE,27,2,35.923076,139.9102107,2.123809398,,43.06,1009.663477,27.59667969,3.875,0.1875,-10.4375,0.03,1.62,9.57,0,0.1875,0.0625,62,,stopped,0,0,20,
2026-08-05T13:47:02.603,1003.841,selfie,35.92306468,139.9102297,17.239,0,TRUE,27,2,35.923076,139.9102107,2.123809398,,43.07,1009.706875,27.84765625,3.875,0.1875,-10.4375,0.02,1.61,9.55,0.0625,0.0625,-0.0625,62,,stopped,0,0,20,
2026-08-05T13:47:03.104,1004.341,selfie,35.92306468,139.9102297,17.239,0,TRUE,27,2,35.923076,139.9102107,2.123809398,,43.08,1009.714805,27.8359375,3.875,0.1875,-10.4375,0.01,1.63,9.57,0,-0.125,-0.0625,62,,stopped,0,0,20,
2026-08-05T13:47:03.604,1004.842,selfie,35.92306468,139.9102297,17.239,0,TRUE,27,2,35.923076,139.9102107,2.123809398,,43.08,1009.667852,27.55078125,11.875,0.1875,-10.4375,0,1.6,9.54,0,0.0625,0,62,,stopped,0,0,20,
2026-08-05T13:47:04.105,1005.342,selfie,35.92306468,139.9102297,17.239,0,TRUE,27,2,35.923076,139.9102107,2.123809398,,43.08,1009.687109,27.63378906,3.875,0.1875,-10.4375,0.02,1.58,9.55,-0.0625,-0.0625,-0.0625,62,,stopped,0,0,20,
2026-08-05T13:47:04.605,1005.842,selfie,35.92306468,139.9102297,17.239,0,TRUE,27,2,35.923076,139.9102107,2.123809398,,40.5,1005.522578,27.70605469,3.875,0.1875,-10.4375,0.03,1.63,9.55,-0.0625,0.0625,0,62,,stopped,0,0,20,
2026-08-05T13:47:05.105,1006.343,selfie,35.92306468,139.9102297,17.239,0,TRUE,27,2,35.923076,139.9102107,2.123809398,,43.15,1009.667891,27.61523438,3.875,0.1875,-10.4375,0.02,1.59,9.52,-0.0625,0,0,62,,stopped,0,0,20,
2026-08-05T13:47:05.606,1006.843,selfie,35.92306468,139.9102297,17.239,0,TRUE,27,2,35.923076,139.9102107,2.123809398,,43.14,1009.72707,27.55371094,3.875,0.1875,-10.4375,0.01,1.61,9.55,-0.0625,0,0,62,,stopped,0,0,20,
2026-08-05T13:47:06.128,1007.366,selfie,35.92306468,139.9102297,17.239,0,TRUE,27,2,35.923076,139.9102107,2.123809398,,43.15,1009.687734,27.54296875,3.875,0.1875,-10.4375,0.02,1.61,9.56,0,-0.0625,0,62,,stopped,0,0,20,
2026-08-05T13:47:06.629,1007.866,selfie,35.92306468,139.9102297,17.239,0,TRUE,27,2,35.923076,139.9102107,2.123809398,,43.13,1009.636094,27.31640625,3.875,0.1875,-10.4375,0.03,1.6,9.58,-0.0625,0.1875,0,62,,stopped,0,0,20,
2026-08-05T13:47:07.132,1008.37,selfie,35.92306468,139.9102297,17.239,0,TRUE,27,2,35.923076,139.9102107,2.123809398,,43.14,1009.699375,27.375,3.875,0.1875,-10.4375,0.01,1.61,9.56,0,-0.0625,0,62,,stopped,0,0,20,
2026-08-05T13:47:07.633,1008.87,selfie,35.92306468,139.9102297,17.239,0,TRUE,27,2,35.923076,139.9102107,2.123809398,,43.14,1009.762656,27.26855469,11.875,0.1875,-10.4375,0.02,1.6,9.55,0,0.125,-0.0625,190,,stopped,0,0,20,
2026-08-05T13:47:08.133,1009.37,selfie,35.92306468,139.9102297,17.239,0,TRUE,27,2,35.923076,139.9102107,2.123809398,,43.15,1009.723281,27.2578125,3.875,0.1875,-10.4375,0.01,1.6,9.56,-0.0625,0.1875,0.125,62,,stopped,0,0,20,
2026-08-05T13:47:08.633,1009.871,selfie,35.92306468,139.9102297,17.239,0,TRUE,28,2,35.923076,139.9102107,2.123809398,,43.15,1009.687734,27.20996094,3.875,0.1875,-10.4375,0.02,1.59,9.54,0.0625,0.125,0.0625,62,,stopped,0,0,20,
2026-08-05T13:47:09.134,1010.371,selfie,35.92306468,139.9102297,17.239,0,TRUE,28,2,35.923076,139.9102107,2.123809398,,43.15,1009.750977,27.19824219,11.875,0.1875,-10.4375,0.03,1.62,9.57,0.0625,0.0625,-0.0625,62,,stopped,0,0,20,
2026-08-05T13:47:09.634,1010.872,selfie,35.92306468,139.9102297,17.239,0,TRUE,28,2,35.923076,139.9102107,2.123809398,,43.16,1009.683633,27.24609375,3.875,0.1875,-10.4375,0.02,1.62,9.56,0,-0.0625,0,62,,stopped,0,0,20,
2026-08-05T13:47:10.134,1011.372,selfie,35.92306468,139.9102297,17.239,0,TRUE,28,2,35.923076,139.9102107,2.123809398,,43.17,1009.663828,27.23535156,3.875,0.1875,-10.4375,0.02,1.63,9.52,0.0625,0.125,0,62,,stopped,0,0,20,
2026-08-05T13:47:10.635,1011.872,selfie,35.92306468,139.9102297,17.239,0,TRUE,28,2,35.923076,139.9102107,2.123809398,,40.05,1004.779141,27.27734375,3.875,0.1875,-10.4375,0.02,1.6,9.55,8,-0.0625,0.0625,62,,stopped,0,0,20,
2026-08-05T13:47:11.135,1012.373,selfie,35.92306468,139.9102297,17.239,0,TRUE,28,2,35.923076,139.9102107,2.123809398,,43.18,1009.687734,27.15234375,3.875,0.1875,-10.4375,0.02,1.61,9.54,0,0,-0.0625,62,,stopped,0,0,20,
2026-08-05T13:47:11.635,1012.873,selfie,35.92306468,139.9102297,17.239,0,TRUE,28,2,35.923076,139.9102107,2.123809398,,43.24,1009.766797,27.12011719,3.875,0.1875,-10.4375,0.04,1.63,9.58,-0.0625,-0.0625,0.0625,62,,stopped,0,0,20,
2026-08-05T13:47:12.136,1013.373,selfie,35.92306468,139.9102297,17.239,0,TRUE,28,2,35.923076,139.9102107,2.123809398,,43.23,1009.695625,27.19042969,3.875,0.1875,-10.4375,0.02,1.6,9.58,0,0,-0.0625,62,,stopped,0,0,20,
2026-08-05T13:47:12.636,1013.874,selfie,35.92306468,139.9102297,17.239,0,TRUE,28,2,35.923076,139.9102107,2.123809398,,43.27,1009.648047,27.14550781,11.875,0.1875,-10.4375,0.03,1.61,9.52,0,0,-0.1875,62,,stopped,0,0,20,
2026-08-05T13:47:13.137,1014.374,selfie,35.92306468,139.9102297,17.239,0,TRUE,28,2,35.923076,139.9102107,2.123809398,,43.28,1009.636133,27.13476563,3.875,0.1875,-10.4375,0.01,1.61,9.53,0.125,-0.0625,0.0625,62,,stopped,0,0,20,
2026-08-05T13:47:13.637,1014.875,selfie,35.92306468,139.9102297,17.239,0,TRUE,28,2,35.923076,139.9102107,2.123809398,,43.31,1009.711367,27.14746094,3.875,0.1875,-10.4375,0.03,1.62,9.54,0,0,0,62,,stopped,0,0,20,
2026-08-05T13:47:14.137,1015.375,selfie,35.92306468,139.9102297,17.239,0,TRUE,28,2,35.923076,139.9102107,2.123809398,,43.31,1009.628242,27.16015625,3.875,0.1875,-10.4375,0.01,1.61,9.54,-0.0625,0.125,0,62,,stopped,0,0,20,
2026-08-05T13:47:14.639,1015.876,selfie,35.92306468,139.9102297,17.239,0,TRUE,28,2,35.923076,139.9102107,2.123809398,,43.36,1009.687734,27.31738281,3.875,0.1875,-10.4375,0.03,1.6,9.56,-0.0625,0.0625,-0.125,62,,stopped,0,0,20,
2026-08-05T13:47:15.139,1016.377,selfie,35.92306468,139.9102297,17.239,0,TRUE,28,2,35.923076,139.9102107,2.123809398,,43.36,1009.651836,27.34082031,3.875,0.1875,-10.4375,0.04,1.6,9.53,0.0625,-0.1875,0.0625,62,,stopped,0,0,20,
2026-08-05T13:47:15.640,1016.877,selfie,35.92306468,139.9102297,17.239,0,TRUE,29,2,35.923076,139.9102107,2.123809398,,43.44,1009.640117,27.44042969,3.875,0.1875,-10.4375,0.02,1.6,9.54,-0.0625,-0.0625,0.0625,62,,stopped,0,0,20,
2026-08-05T13:47:16.140,1017.378,selfie,35.92306468,139.9102297,17.239,0,TRUE,29,2,35.923076,139.9102107,2.123809398,,43.44,1009.695547,27.453125,3.875,0.1875,-10.4375,0,1.59,9.52,0,0,-0.125,62,,stopped,0,0,20,
2026-08-05T13:47:16.641,1017.878,selfie,35.92306468,139.9102297,17.239,0,TRUE,29,2,35.923076,139.9102107,2.123809398,,43.46,1009.727031,27.24023438,3.875,0.1875,-10.4375,0.01,1.59,9.55,-0.125,0,0.0625,62,,stopped,0,0,20,
2026-08-05T13:47:17.141,1018.379,selfie,35.92306468,139.9102297,17.239,0,TRUE,29,2,35.923076,139.9102107,2.123809398,,43.46,1009.77457,27.22753906,3.875,0.1875,-10.4375,0.01,1.6,9.55,-0.0625,8.125,0,62,,stopped,0,0,20,
2026-08-05T13:47:17.641,1018.879,selfie,35.92306468,139.9102297,17.239,0,TRUE,29,2,35.923076,139.9102107,2.123809398,,43.48,1009.64793,27.08691406,3.875,0.1875,-10.4375,0.02,1.61,9.56,0.0625,-0.0625,-0.125,62,,stopped,0,0,20,
2026-08-05T13:47:18.142,1019.379,selfie,35.92306468,139.9102297,17.239,0,TRUE,29,2,35.923076,139.9102107,2.123809398,,43.47,1009.687656,27.1328125,3.875,0.1875,-10.4375,0.04,1.61,9.54,0,0,-0.125,62,,stopped,0,0,20,
2026-08-05T13:47:18.642,1019.88,selfie,35.92306468,139.9102297,17.239,0,TRUE,29,2,35.923076,139.9102107,2.123809398,,43.52,1009.656094,26.95800781,3.875,0.1875,-10.4375,0,1.62,9.55,-0.0625,0,0.0625,62,,stopped,0,0,20,
2026-08-05T13:47:19.142,1020.38,selfie,35.92306468,139.9102297,17.239,0,TRUE,29,2,35.923076,139.9102107,2.123809398,,43.52,1009.656094,27.13671875,3.875,0.1875,-10.4375,1.3,1.62,9.54,-0.125,0.0625,0.0625,62,,stopped,0,0,20,
2026-08-05T13:47:19.643,1020.88,selfie,35.92306468,139.9102297,17.239,0,TRUE,29,2,35.923076,139.9102107,2.123809398,,43.6,1009.747031,27.23632813,3.875,0.1875,-10.4375,0.02,1.62,9.55,0,-0.0625,-0.0625,62,,stopped,0,0,20,
2026-08-05T13:47:20.436,1021.673,selfie,35.92306468,139.9102297,17.239,0,TRUE,29,2,35.923076,139.9102107,2.123809398,,43.6,1009.699453,26.99804688,3.875,0.1875,-10.4375,0.02,1.58,9.53,-0.0625,-0.125,0.125,62,,stopped,0,0,20,
2026-08-05T13:47:20.936,1022.174,selfie,35.92306468,139.9102297,,0,TRUE,,,35.923076,139.9102107,2.123809398,,43.62,1009.675781,27.37988281,3.875,0.1875,-10.4375,0.03,1.62,9.56,-0.0625,0.0625,-0.0625,62,,stopped,0,0,20,
2026-08-05T13:47:21.437,1022.674,selfie,35.92306468,139.9102297,,0,TRUE,,,35.923076,139.9102107,2.123809398,,40.6,1004.999453,27.38085938,3.875,0.1875,-10.4375,0.02,1.6,9.55,0.0625,-0.0625,0,62,,stopped,0,0,20,
2026-08-05T13:47:21.937,1023.175,selfie,35.92306468,139.9102297,17.239,0,TRUE,29,2,35.923076,139.9102107,2.123809398,,43.67,1009.727031,27.25292969,3.875,0.1875,-10.4375,0.01,1.62,9.56,-0.0625,0,-0.0625,62,,stopped,0,0,20,
2026-08-05T13:47:22.704,1023.942,selfie,35.92306468,139.9102297,17.239,0,TRUE,29,2,35.923076,139.9102107,2.123809398,,43.69,1009.743086,27.15722656,3.875,0.1875,-10.4375,1.3,1.6,9.56,-0.0625,0,-0.125,62,,stopped,0,0,20,
2026-08-05T13:47:23.205,1024.442,selfie,35.92306468,139.9102297,17.239,0,TRUE,29,2,35.923076,139.9102107,2.123809398,,43.71,1009.691406,27.04003906,3.875,0.1875,-10.4375,0,1.61,9.55,-0.0625,0.25,-0.125,62,,stopped,0,0,20,
2026-08-05T13:47:23.705,1024.943,selfie,35.92306468,139.9102297,17.239,0,TRUE,29,2,35.923076,139.9102107,2.123809398,,43.72,1009.735156,27.05273438,3.875,0.1875,-10.4375,0.02,1.6,9.58,0.125,0.125,0.125,62,,stopped,0,0,20,
2026-08-05T13:47:24.205,1025.443,selfie,35.92306468,139.9102297,17.239,0,TRUE,29,2,35.923076,139.9102107,2.123809398,,43.76,1009.778555,27.04296875,3.875,0.1875,-10.4375,0.04,1.58,9.52,0.0625,-0.0625,0.0625,62,,stopped,0,0,20,
2026-08-05T13:47:24.706,1025.943,selfie,35.92306468,139.9102297,17.239,0,TRUE,29,2,35.923076,139.9102107,2.123809398,,43.77,1009.730938,27.03222656,3.875,0.1875,-10.4375,0.02,1.61,9.56,0,0,-0.0625,62,,stopped,0,0,20,
2026-08-05T13:47:25.206,1026.444,selfie,35.92306468,139.9102297,17.239,0,TRUE,28,2,35.923076,139.9102107,2.123809398,,43.78,1009.635781,26.59179688,3.875,0.1875,-10.4375,0,1.6,9.57,-0.0625,0.0625,0.0625,62,,stopped,0,0,20,
2026-08-05T13:47:25.707,1026.944,selfie,35.92306468,139.9102297,17.239,0,TRUE,28,2,35.923076,139.9102107,2.123809398,,42.84,1008.207617,26.95410156,3.875,0.1875,-10.4375,0,1.58,9.56,0,0.0625,0,62,,stopped,0,0,20,
2026-08-05T13:47:26.207,1027.445,selfie,35.92306468,139.9102297,17.239,0,TRUE,28,2,35.923076,139.9102107,2.123809398,,43.61,1009.826367,26.78417969,3.875,0.1875,-10.4375,0.01,1.61,9.57,-0.0625,-0.125,-0.0625,62,,stopped,0,0,20,
2026-08-05T13:47:26.707,1027.945,selfie,35.92306468,139.9102297,17.239,0,TRUE,28,2,35.923076,139.9102107,2.123809398,,43.81,1009.683281,26.73632813,3.875,0.1875,-10.4375,0.02,1.6,9.55,0,-0.1875,0,62,,stopped,0,0,20,
2026-08-05T13:47:27.208,1028.445,selfie,35.92306468,139.9102297,17.239,0,TRUE,28,2,35.923076,139.9102107,2.123809398,,43.79,1009.715156,26.48535156,3.875,0.1875,-10.4375,0.04,1.59,9.55,0,0,-0.0625,62,,stopped,0,0,20,
2026-08-05T13:47:27.708,1028.946,selfie,35.92306468,139.9102297,17.239,0,TRUE,28,2,35.923076,139.9102107,2.123809398,,40.73,1005.445273,26.52441406,3.875,0.1875,-10.4375,0.03,1.62,9.55,-0.125,0.0625,-0.0625,62,,stopped,0,0,20,
2026-08-05T13:47:28.208,1029.446,selfie,35.92306468,139.9102297,17.239,0,TRUE,29,2,35.923076,139.9102107,2.123809398,,43.83,1009.687344,26.49902344,3.875,0.1875,-10.4375,0.01,1.62,9.53,-0.0625,-0.0625,0.0625,62,,stopped,0,0,20,
2026-08-05T13:47:28.709,1029.946,selfie,35.92306468,139.9102297,17.239,0,TRUE,29,2,35.923076,139.9102107,2.123809398,,43.83,1009.695195,26.35644531,3.875,0.1875,-10.4375,0.01,1.6,9.56,0.0625,0.125,-0.125,190,,stopped,0,0,20,
2026-08-05T13:47:29.209,1030.447,selfie,35.92306468,139.9102297,17.239,0,TRUE,29,2,35.923076,139.9102107,2.123809398,,43.88,1009.738555,26.3828125,3.875,0.1875,-10.4375,0.01,1.59,9.57,0,0,-0.0625,62,,stopped,0,0,20,
2026-08-05T13:47:29.710,1030.947,selfie,35.92306468,139.9102297,17.239,0,TRUE,29,2,35.923076,139.9102107,2.123809398,,43.87,1009.77832,26.40625,3.875,0.1875,-10.4375,0,1.58,9.54,-0.0625,0,-0.0625,62,,stopped,0,0,20,
2026-08-05T13:47:30.210,1031.448,selfie,35.92306468,139.9102297,17.239,0,TRUE,29,2,35.923076,139.9102107,2.123809398,,43.86,1009.707109,26.42871094,3.875,0.1875,-10.4375,0.03,1.6,9.56,-0.0625,-0.0625,0,62,,stopped,0,0,20,
2026-08-05T13:47:30.711,1031.948,selfie,35.92306468,139.9102297,17.239,0,TRUE,29,2,35.923076,139.9102107,2.123809398,,43.87,1009.702969,26.40625,3.875,0.1875,-10.4375,0.02,1.59,9.6,0,8.125,-0.125,62,,stopped,0,0,20,
2026-08-05T13:47:31.212,1032.449,guiding_to_goal,35.92306468,139.9102297,17.239,0,TRUE,29,2,35.923076,139.9102107,2.123809398,,43.9,1009.695313,26.36035156,3.875,8.1875,-10.4375,1.3,1.6,9.58,0.0625,0.0625,0,62,,stopped,0,0,20,
2026-08-05T13:47:31.735,1032.973,guiding_to_goal,35.92306468,139.9102297,17.239,0,TRUE,29,2,35.923076,139.9102107,2.123809398,,43.91,1009.703164,26.09863281,3.875,8.1875,-10.4375,1.3,1.59,9.55,0,0.1875,-0.0625,62,,stopped,0,0,20,
2026-08-05T13:47:32.236,1033.474,guiding_to_goal,35.92306468,139.9102297,17.239,0,TRUE,29,2,35.923076,139.9102107,2.123809398,,43.91,1009.67543,26.2890625,11.875,0.1875,-10.4375,0.02,1.62,9.56,0.0625,0.125,0,62,,stopped,0,0,20,
2026-08-05T13:47:32.736,1033.974,guiding_to_goal,35.92306468,139.9102297,17.239,0,TRUE,29,2,35.923076,139.9102107,2.123809398,,43.92,1009.718906,26.27734375,3.875,0.1875,-10.4375,0.02,1.59,9.54,0,0,-0.125,62,,stopped,0,0,20,
2026-08-05T13:47:33.237,1034.474,guiding_to_goal,35.92306468,139.9102297,17.239,0,TRUE,29,2,35.923076,139.9102107,2.123809398,,43.93,1009.679453,26.37402344,3.875,0.1875,-10.4375,0.01,1.62,9.51,0,0.0625,0,62,,stopped,0,0,20,
2026-08-05T13:47:33.755,1034.992,guiding_to_goal,35.92306468,139.9102297,17.239,0,TRUE,29,2,35.923076,139.9102107,2.123809398,,43.93,1009.699023,26.63574219,3.875,0.1875,-10.4375,0.03,1.6,9.55,0.0625,0.125,0.0625,62,,stopped,0,0,20,
2026-08-05T13:47:34.258,1035.496,guiding_to_goal,35.92306468,139.9102297,17.239,0,TRUE,27,2,35.923076,139.9102107,2.123809398,,43.96,1009.663359,26.39941406,3.875,0.1875,-10.4375,0,1.6,9.57,-0.0625,0.125,0,62,,stopped,0,0,20,
2026-08-05T13:47:34.760,1035.997,guiding_to_goal,35.92306468,139.9102297,17.239,0,TRUE,27,2,35.923076,139.9102107,2.123809398,,43.94,1009.742813,26.35058594,3.875,0.1875,-10.4375,0.03,1.61,9.54,0,0.125,0,62,,stopped,0,0,20,
2026-08-05T13:47:35.260,1036.498,guiding_to_goal,35.92306468,139.9102297,17.239,0,TRUE,25,2,35.923076,139.9102107,2.123809398,,43.98,1009.702969,26.60351563,3.875,0.1875,-10.4375,0.04,1.61,9.55,0.125,-0.0625,-0.125,62,,stopped,0,0,20,
2026-08-05T13:47:35.760,1036.998,guiding_to_goal,35.92306468,139.9102297,17.239,0,TRUE,25,2,35.923076,139.9102107,2.123809398,,43.99,1009.71082,26.59082031,3.875,0.1875,-10.4375,1.29,1.62,9.57,0.0625,-0.0625,0,62,,stopped,0,0,20,
2026-08-05T13:47:36.261,1037.498,guiding_to_goal,35.92306468,139.9102297,17.239,0,TRUE,26,2,35.923076,139.9102107,2.123809398,,44.1,1009.801563,26.57421875,3.875,0.1875,-10.4375,0.04,1.6,9.55,0.125,0.125,-0.0625,62,,stopped,0,0,20,
2026-08-05T13:47:36.761,1037.999,guiding_to_goal,35.92306468,139.9102297,17.239,0,TRUE,26,2,35.923076,139.9102107,2.123809398,,41.26,1005.384141,26.69726563,3.875,0.1875,-10.4375,0.02,1.61,9.56,-0.0625,-0.3125,-0.125,62,,stopped,0,0,20,
2026-08-05T13:47:37.272,1038.51,guiding_to_goal,35.92306468,139.9102297,17.239,0,TRUE,26,2,35.923076,139.9102107,2.123809398,,43.87,1009.425664,26.52539063,3.875,0.1875,-10.4375,0.05,1.61,9.55,-0.0625,0,0.0625,62,,stopped,0,0,20,
2026-08-05T13:47:37.772,1039.01,guiding_to_goal,35.92306468,139.9102297,17.239,0,TRUE,26,2,35.923076,139.9102107,2.123809398,,44.05,1009.750352,26.5,3.875,0.1875,-10.4375,0.04,1.58,9.57,0,-0.0625,0.0625,62,,stopped,0,0,20,
2026-08-05T13:47:38.275,1039.513,guiding_to_goal,35.92306468,139.9102297,17.239,0,TRUE,26,2,35.923076,139.9102107,2.123809398,,44.05,1009.702734,26.296875,300.9375,-0.0625,-10.8125,-1.33,1.36,10.04,8.6875,14.1875,105.6875,62,,stopped,0,0,20,
2026-08-05T13:47:38.775,1040.013,guiding_to_goal,35.92306468,139.9102297,17.239,0,TRUE,26,2,35.923076,139.9102107,2.123809398,,44.05,1009.758203,26.2734375,295.875,0.125,-13.375,2.55,5.41,11.11,70.875,-3.3125,-2.9375,62,,forward,65.525,54.475,20,
2026-08-05T13:47:39.276,1040.513,guiding_to_goal,35.92306468,139.9102297,17.239,0,TRUE,28,2,35.923076,139.9102107,2.123809398,,44.06,1009.73832,26.21386719,305.875,-0.5,-12.0625,2.14,6.48,11.6,4.0625,-57.875,0.875,62,,forward,33.40625,86.59375,20,
2026-08-05T13:47:39.776,1041.014,guiding_to_goal,35.92306468,139.9102297,17.239,0,TRUE,28,2,35.923076,139.9102107,2.123809398,,44.06,1009.73832,26.54785156,305.375,0.625,-10.625,3.42,1.25,3.73,-96.0625,54.125,25.25,62,,forward,27.6375,32.3625,20,
2026-08-05T13:47:40.276,1041.514,guiding_to_goal,35.92306468,139.9102297,17.239,0,TRUE,28,2,35.923076,139.9102107,2.123809398,,44.06,1009.73832,25.92773438,5.375,-0.375,-9.1875,-0.76,0.59,9.25,35.5,-3.625,-132.5625,62,,turn_left,-5,5,20,
2026-08-05T13:47:40.777,1042.014,guiding_to_goal,35.92306468,139.9102297,17.239,0,TRUE,28,2,35.923076,139.9102107,2.123809398,,44.05,1009.702734,26.10644531,13.0625,-0.125,-9.25,-0.4,2.54,9.18,-16.5625,-11.5,-45.0625,62,,turn_left,-20,20,20,
2026-08-05T13:47:41.277,1042.515,guiding_to_goal,35.92306468,139.9102297,17.239,0,TRUE,27,2,35.923076,139.9102107,2.123809398,,44.07,1009.706758,26.13183594,325.875,0.0625,-8.875,-0.02,1.43,9.6,0.125,-0.125,0.8125,62,,stopped,0,0,20,
2026-08-05T13:47:41.793,1043.03,guiding_to_goal,35.92306468,139.9102297,17.239,0,TRUE,27,2,35.923076,139.9102107,2.123809398,,44.07,1009.726641,26.11914063,325.875,0.0625,-8.875,0.14,1.43,9.6,8.0625,-0.0625,-0.8125,62,,stopped,0,0,20,
2026-08-05T13:47:42.293,1043.531,guiding_to_goal,35.92306468,139.9102297,17.239,0,TRUE,28,2,35.923076,139.9102107,2.123809398,,44.09,1009.730352,26.15625,325.875,0.125,-8.8125,0.08,1.43,9.59,0.0625,0.0625,0,62,,stopped,0,0,20,
2026-08-05T13:47:42.793,1044.031,guiding_to_goal,35.92306468,139.9102297,17.239,0,TRUE,28,2,35.923076,139.9102107,2.123809398,,44.09,1009.765938,26.14453125,325.875,0.125,-8.8125,0.07,1.43,9.58,0,-0.0625,0,62,,stopped,0,0,20,
2026-08-05T13:47:43.294,1044.531,guiding_to_goal,35.92306468,139.9102297,17.239,0,TRUE,28,2,35.923076,139.9102107,2.123809398,,44.12,1009.777852,26.11035156,325.875,0.125,-8.8125,0.07,1.44,9.61,0.0625,0,0.125,62,,stopped,0,0,20,
2026-08-05T13:47:43.874,1045.112,guiding_to_goal,35.92306468,139.9102297,17.239,0,TRUE,28,2,35.923076,139.9102107,2.123809398,,44.12,1009.722383,26.13378906,325.875,0.125,-8.8125,0.05,1.43,9.6,0.0625,-0.1875,0.0625,62,,stopped,0,0,20,
2026-08-05T13:47:44.375,1045.613,guiding_to_goal,35.92306468,139.9102297,17.239,0,TRUE,28,2,35.923076,139.9102107,2.123809398,,44.13,1009.682578,26.07519531,325.875,0.125,-8.8125,0.08,1.44,9.61,-0.0625,-0.0625,0.125,62,,stopped,0,0,20,
2026-08-05T13:47:44.886,1046.13,guiding_to_goal,35.92306468,139.9102297,17.239,0,TRUE,28,2,35.923076,139.9102107,2.123809398,,44.12,1009.979922,26.00292969,325.875,0.125,-8.8125,0.09,1.45,9.58,0.0625,-0.0625,0,62,,stopped,0,0,20,
2026-08-05T13:47:45.387,1046.625,guiding_to_goal,35.92306468,139.9102297,17.239,0,TRUE,23,2,35.923076,139.9102107,2.123809398,,44.16,1009.722188,26.1484375,325.875,8.125,-8.8125,0.04,1.42,9.59,0.1875,-0.0625,0,62,,stopped,0,0,20,
2026-08-05T13:47:45.888,1047.125,guiding_to_goal,35.92306468,139.9102297,17.239,0,TRUE,23,2,35.923076,139.9102107,2.123809398,,44.16,1009.666719,26.13671875,325.875,0.125,-8.8125,0.08,1.44,9.61,-0.0625,-0.125,-0.125,62,,stopped,0,0,20,
2026-08-05T13:47:46.388,1047.626,guiding_to_goal,35.92306468,139.9102297,17.239,0,TRUE,25,2,35.923076,139.9102107,2.123809398,,44.16,1009.757852,26.08886719,325.875,0.125,-8.8125,0.06,1.43,9.61,0,0.125,0.125,62,,stopped,0,0,20,
2026-08-05T13:47:46.920,1048.157,guiding_to_goal,35.92306468,139.9102297,17.239,0,TRUE,25,2,35.923076,139.9102107,2.123809398,,44.16,1009.694453,26.08886719,325.875,0.125,-8.8125,0.07,1.44,9.6,0,0.0625,-0.0625,62,,stopped,0,0,20,
2026-08-05T13:47:47.422,1048.66,guiding_to_goal,35.92306468,139.9102297,17.239,0,TRUE,26,2,35.923076,139.9102107,2.123809398,,44.18,1009.670742,25.86328125,325.875,0.125,-8.8125,0.08,1.43,9.61,0,0,0.0625,62,,stopped,0,0,20,
2026-08-05T13:47:47.923,1049.16,guiding_to_goal,35.92306468,139.9102297,17.239,0,TRUE,26,2,35.923076,139.9102107,2.123809398,,44.18,1009.698516,25.82714844,325.875,0.125,-8.8125,0.05,1.44,9.58,-0.0625,0.0625,-0.0625,62,,stopped,0,0,20,
2026-08-05T13:47:48.427,1049.664,guiding_to_goal,35.92306468,139.9102297,17.239,0,TRUE,26,2,35.923076,139.9102107,2.123809398,,44.17,1009.718047,25.6953125,325.875,0.125,-8.8125,0.08,1.44,9.6,0,0,-0.125,62,,stopped,0,0,20,
2026-08-05T13:47:48.954,1050.191,guiding_to_goal,35.92306468,139.9102297,17.239,0,TRUE,26,2,35.923076,139.9102107,2.123809398,,44.17,1009.718047,25.68359375,325.875,0.125,-8.8125,0.07,1.44,9.58,-0.0625,0.0625,0.0625,62,,stopped,0,0,20,
2026-08-05T13:47:49.465,1050.702,guiding_to_goal,35.92306468,139.9102297,17.239,0,TRUE,26,2,35.923076,139.9102107,2.123809398,,44.18,1009.734102,25.78027344,325.875,0.125,-8.8125,0.06,1.44,9.61,-0.0625,0,0,62,,stopped,0,0,20,
2026-08-05T13:47:49.965,1051.203,guiding_to_goal,35.92306468,139.9102297,17.239,0,TRUE,26,2,35.923076,139.9102107,2.123809398,,44.19,1009.686484,25.68457031,325.875,0.125,-8.8125,0.07,1.44,9.6,0.0625,0.125,-0.0625,62,,stopped,0,0,20,
2026-08-05T13:47:50.466,1051.704,guiding_to_goal,35.92306468,139.9102297,17.239,0,TRUE,27,2,35.923076,139.9102107,2.123809398,,44.2,1009.702227,25.8046875,333.875,0.125,-8.8125,0.07,1.44,9.61,-0.0625,0,0,62,,stopped,0,0,20,
2026-08-05T13:47:51.076,1052.314,guiding_to_goal,35.92306468,139.9102297,17.239,0,TRUE,27,2,35.923076,139.9102107,2.123809398,,44.2,1009.710078,25.87695313,325.875,0.125,-8.8125,1.35,1.43,9.59,0,0.0625,0,62,,stopped,0,0,20,
2026-08-05T13:47:51.575,1052.813,guiding_to_goal,35.92306468,139.9102297,17.239,0,TRUE,27,2,35.923076,139.9102107,2.123809398,,44.2,1009.710078,25.81738281,325.875,0.125,-8.8125,0.08,1.44,9.59,0,-0.0625,-0.1875,62,,stopped,0,0,20,
2026-08-05T13:47:52.134,1053.372,guiding_to_goal,35.92306468,139.9102297,17.239,0,TRUE,27,2,35.923076,139.9102107,2.123809398,,44.2,1009.65457,25.79296875,325.875,0.125,-8.8125,1.34,1.44,9.57,0,-0.125,0,62,,stopped,0,0,20,
2026-08-05T13:47:52.637,1053.874,guiding_to_goal,35.92306468,139.9102297,17.239,0,TRUE,25,2,35.923076,139.9102107,2.123809398,,44.22,1009.650703,25.74609375,325.875,0.125,-8.8125,0.08,1.44,9.57,-0.0625,0.25,0,62,,stopped,0,0,20,
2026-08-05T13:47:53.137,1054.375,guiding_to_goal,35.92306468,139.9102297,17.239,0,TRUE,25,2,35.923076,139.9102107,2.123809398,,44.22,1009.706211,25.68652344,333.875,0.125,-8.8125,1.35,1.43,9.61,0.0625,0.0625,0,62,,stopped,0,0,20,
2026-08-05T13:47:53.638,1054.875,guiding_to_goal,35.92306468,139.9102297,17.239,0,TRUE,23,2,35.923076,139.9102107,2.123809398,,44.25,1009.698164,25.67675781,325.875,0.125,-8.8125,0.08,1.44,9.6,0,-0.125,0,62,,stopped,0,0,20,
2026-08-05T13:47:54.138,1055.376,guiding_to_goal,35.92306468,139.9102297,17.239,0,TRUE,23,2,35.923076,139.9102107,2.123809398,,44.26,1009.713906,25.6640625,325.875,0.125,-8.8125,0.09,1.44,9.59,-0.125,0.0625,0,62,,stopped,0,0,20,
2026-08-05T13:47:54.639,1055.876,guiding_to_goal,35.92306468,139.9102297,17.239,0,TRUE,27,2,35.923076,139.9102107,2.123809398,,44.28,1009.726094,25.7734375,325.875,0.125,-8.8125,0.08,1.42,9.61,0,-0.125,0,62,,stopped,0,0,20,
2026-08-05T13:47:55.139,1056.377,guiding_to_goal,35.92306468,139.9102297,17.239,0,TRUE,27,2,35.923076,139.9102107,2.123809398,,44.29,1009.714063,25.76171875,333.875,0.125,-8.8125,0.07,1.43,9.59,0.0625,0,-0.0625,62,,stopped,0,0,20,
2026-08-05T13:47:55.640,1056.877,guiding_to_goal,35.92306468,139.9102297,17.239,0,TRUE,25,2,35.923076,139.9102107,2.123809398,,44.3,1009.721914,25.76269531,325.875,0.125,-8.8125,0.05,1.43,9.6,0,0,-0.125,62,,stopped,0,0,20,
2026-08-05T13:47:56.142,1057.38,guiding_to_goal,35.92306468,139.9102297,17.239,0,TRUE,25,2,35.923076,139.9102107,2.123809398,,44.31,1009.654414,25.69140625,325.875,0.125,-8.8125,0.09,1.44,9.61,-0.0625,0,0.0625,62,,stopped,0,0,20,
2026-08-05T13:47:56.647,1057.885,guiding_to_goal,35.92306468,139.9102297,17.239,0,TRUE,26,2,35.923076,139.9102107,2.123809398,,44.35,1009.717617,25.82519531,325.875,0.125,-8.8125,0.08,1.44,9.61,-0.0625,-0.0625,0,62,,stopped,0,0,20,
2026-08-05T13:47:57.147,1058.385,guiding_to_goal,35.92306468,139.9102297,17.239,0,TRUE,26,2,35.923076,139.9102107,2.123809398,,44.34,1009.681953,25.76464844,325.875,0.125,-8.8125,0.08,1.43,9.59,-0.0625,-0.125,0,62,,stopped,0,0,20,
2026-08-05T13:47:57.648,1058.885,guiding_to_goal,35.92306468,139.9102297,17.239,0,TRUE,27,2,35.923076,139.9102107,2.123809398,,44.34,1009.709766,25.51464844,325.875,0.125,-8.8125,0.06,1.44,9.59,0.0625,0.125,-0.0625,62,,stopped,0,0,20,
2026-08-05T13:47:58.604,1059.841,guiding_to_goal,35.92306468,139.9102297,17.239,0,TRUE,27,2,35.923076,139.9102107,2.123809398,,44.35,1009.745352,25.7890625,325.875,0.125,-8.8125,0.09,1.42,9.63,-0.0625,-0.125,-0.125,62,,stopped,0,0,20,
2026-08-05T13:47:59.112,1060.35,guiding_to_goal,35.92306468,139.9102297,17.239,0,TRUE,25,2,35.923076,139.9102107,2.123809398,,44.38,1009.717422,25.4921875,325.875,0.125,-8.8125,0.07,1.44,9.59,0.0625,-0.125,0,62,,stopped,0,0,20,
2026-08-05T13:47:59.615,1060.853,guiding_to_goal,35.92306468,139.9102297,17.239,0,TRUE,25,2,35.923076,139.9102107,2.123809398,,44.39,1009.697852,25.48144531,325.875,8.125,-8.8125,0.06,1.42,9.61,0.0625,0,-0.0625,62,,stopped,0,0,20,
2026-08-05T13:48:00.115,1061.353,guiding_to_goal,35.92306468,139.9102297,17.239,0,TRUE,23,2,35.923076,139.9102107,2.123809398,,44.41,1009.757031,25.3984375,325.875,0.125,-8.8125,0.09,1.43,9.58,-0.0625,0.0625,-0.0625,62,,stopped,0,0,20,
2026-08-05T13:48:00.616,1061.853,guiding_to_goal,35.92306468,139.9102297,17.239,0,TRUE,23,2,35.923076,139.9102107,2.123809398,,44.41,1009.757031,25.44628906,325.875,0.125,-8.8125,0.06,1.44,9.59,-0.0625,0.0625,0,62,,stopped,0,0,20,
2026-08-05T13:48:01.116,1062.354,guiding_to_goal,35.92306468,139.9102297,17.239,0,TRUE,27,2,35.923076,139.9102107,2.123809398,,44.45,1009.653711,25.40039063,325.875,0.125,-8.8125,0.08,1.44,9.6,-0.0625,-0.0625,0,62,,stopped,0,0,20,
2026-08-05T13:48:01.617,1062.854,guiding_to_goal,35.92306468,139.9102297,17.239,0,TRUE,27,2,35.923076,139.9102107,2.123809398,,44.46,1009.725234,25.31835938,325.875,0.125,-8.8125,0.08,-0.57,9.61,0,0.0625,0.0625,62,,stopped,0,0,20,
2026-08-05T13:48:02.117,1063.355,guiding_to_goal,35.92306468,139.9102297,17.239,0,TRUE,27,2,35.923076,139.9102107,2.123809398,,44.49,1009.744961,25.35546875,325.875,0.125,-8.8125,0.08,1.44,9.61,0.125,-0.0625,-0.0625,62,,stopped,0,0,20,
2026-08-05T13:48:02.618,1063.855,guiding_to_goal,35.92306468,139.9102297,17.239,0,TRUE,27,2,35.923076,139.9102107,2.123809398,,44.49,1009.744961,25.30761719,325.875,0.125,-8.8125,0.05,1.43,9.6,0.125,0,0,62,,stopped,0,0,20,
2026-08-05T13:48:03.122,1064.359,guiding_to_goal,35.92306468,139.9102297,17.239,0,TRUE,27,2,35.923076,139.9102107,2.123809398,,44.55,1009.756328,25.43066406,325.875,0.125,-8.8125,0.07,1.42,9.59,0.0625,-0.125,0,62,,stopped,0,0,20,
2026-08-05T13:48:03.645,1064.882,guiding_to_goal,35.92306468,139.9102297,17.239,0,TRUE,27,2,35.923076,139.9102107,2.123809398,,44.56,1009.736406,25.46679688,325.875,0.125,-8.8125,0.07,1.44,9.6,-0.0625,0,0.0625,62,,stopped,0,0,20,
2026-08-05T13:48:04.152,1065.39,guiding_to_goal,35.92306468,139.9102297,17.239,0,TRUE,27,2,35.923076,139.9102107,2.123809398,,44.6,1009.724453,25.4453125,325.875,0.125,-8.8125,0.09,1.43,9.6,0,0.0625,0,62,,stopped,0,0,20,
2026-08-05T13:48:04.653,1065.89,guiding_to_goal,35.92306468,139.9102297,17.239,0,TRUE,27,2,35.923076,139.9102107,2.123809398,,44.61,1009.760078,25.25488281,325.875,8.125,-8.8125,0.08,1.43,9.61,-0.0625,-0.1875,-0.0625,62,,stopped,0,0,20,
2026-08-05T13:48:05.153,1066.391,guiding_to_goal,35.92306468,139.9102297,17.239,0,TRUE,26,2,35.923076,139.9102107,2.123809398,,44.65,1009.787617,25.39941406,325.875,0.125,-8.8125,0.05,1.42,9.61,0.125,0,-0.125,62,,stopped,0,0,20,
2026-08-05T13:48:05.653,1066.891,guiding_to_goal,35.92306468,139.9102297,17.239,0,TRUE,26,2,35.923076,139.9102107,2.123809398,,44.65,1009.732109,25.38769531,325.875,0.125,-8.8125,0.05,1.43,9.64,0,0,0,62,,stopped,0,0,20,
2026-08-05T13:48:06.154,1067.391,guiding_to_goal,35.92306468,139.9102297,17.239,0,TRUE,27,2,35.923076,139.9102107,2.123809398,,44.67,1009.708008,25.06640625,325.875,0.125,-8.8125,0.07,1.44,9.57,0.0625,-0.125,0,62,,stopped,0,0,20,
2026-08-05T13:48:06.705,1067.943,guiding_to_goal,35.92306468,139.9102297,17.239,0,TRUE,27,2,35.923076,139.9102107,2.123809398,,44.67,1009.708008,25.31640625,325.875,0.125,-8.8125,0.08,1.44,9.6,0,-0.0625,0,62,,stopped,0,0,20,
2026-08-05T13:48:07.206,1068.443,guiding_to_goal,35.92306468,139.9102297,17.239,0,TRUE,24,2,35.923076,139.9102107,2.123809398,,44.71,1009.724102,25.15234375,325.875,0.125,-8.8125,0.06,1.44,9.6,0.0625,-0.0625,0,62,,stopped,0,0,20,
2026-08-05T13:48:07.709,1068.946,guiding_to_goal,35.92306468,139.9102297,17.239,0,TRUE,24,2,35.923076,139.9102107,2.123809398,,44.72,1009.731953,25.16503906,325.875,0.125,-8.8125,0.07,1.44,9.61,0,-0.1875,-0.125,62,,stopped,0,0,20,
2026-08-05T13:48:08.209,1069.447,guiding_to_goal,35.92306468,139.9102297,17.239,0,TRUE,25,2,35.923076,139.9102107,2.123809398,,44.76,1009.691914,25.16699219,3.625,-0.5,-9.9375,1.37,1.77,8.96,-14.75,-28.625,-73.125,62,,stopped,0,0,20,
2026-08-05T13:48:08.710,1069.947,guiding_to_goal,35.92306468,139.9102297,17.239,0,TRUE,25,2,35.923076,139.9102107,2.123809398,,44.76,1009.711836,25.14257813,8.4375,0.0625,-9.3125,0.46,0.49,11.54,-5.6875,11.75,21.5625,62,,stopped,0,0,20,
2026-08-05T13:48:09.210,1070.448,guiding_to_goal,35.92306468,139.9102297,17.239,0,TRUE,27,2,35.923076,139.9102107,2.123809398,,44.75,1009.723906,25.10644531,7.9375,0.0625,-9.4375,-0.07,1.46,9.57,0,0.125,0,62,,stopped,0,0,20,
2026-08-05T13:48:09.710,1070.948,guiding_to_goal,35.92306468,139.9102297,17.239,0,TRUE,27,2,35.923076,139.9102107,2.123809398,,44.75,1009.759492,24.95117188,7.9375,0.0625,-9.4375,0,1.46,9.63,0,-0.0625,0,62,,stopped,0,0,20,
2026-08-05T13:48:10.211,1071.448,guiding_to_goal,35.92306468,139.9102297,17.239,0,TRUE,27,2,35.923076,139.9102107,2.123809398,,44.79,1009.739375,24.94238281,7.9375,0.0625,-9.4375,-0.05,1.46,9.58,0.125,-0.125,0.0625,62,,stopped,0,0,20,
2026-08-05T13:48:10.745,1071.982,guiding_to_goal,35.92306468,139.9102297,17.239,0,TRUE,27,2,35.923076,139.9102107,2.123809398,,44.8,1009.636133,25.32421875,7.9375,0.0625,-9.4375,-0.04,1.47,9.57,0,-0.0625,-0.125,62,,stopped,0,0,20,
2026-08-05T13:48:11.247,1072.484,guiding_to_goal,35.92306468,139.9102297,17.239,0,TRUE,26,2,35.923076,139.9102107,2.123809398,,44.82,1009.640078,24.91894531,7.9375,0.0625,-9.4375,-0.03,1.46,9.61,0,0.1875,0,62,,stopped,0,0,20,
2026-08-05T13:48:11.754,1072.992,guiding_to_goal,35.92306468,139.9102297,17.239,0,TRUE,26,2,35.923076,139.9102107,2.123809398,,44.82,1009.612305,24.91894531,7.9375,0.0625,-9.4375,-0.06,1.47,9.58,0.0625,0.125,-0.125,62,,stopped,0,0,20,
2026-08-05T13:48:12.265,1073.502,guiding_to_goal,35.92306468,139.9102297,17.239,0,TRUE,25,2,35.923076,139.9102107,2.123809398,,43.69,1007.857773,25.01367188,7.9375,0.0625,-9.4375,-0.04,1.46,9.59,0.0625,0,-0.0625,62,,stopped,0,0,20,
2026-08-05T13:48:12.767,1074.005,guiding_to_goal,35.92306468,139.9102297,17.239,0,TRUE,25,2,35.923076,139.9102107,2.123809398,,44.87,1009.683359,24.95703125,7.9375,0.0625,-9.4375,-0.05,1.46,9.59,0.125,-0.125,-0.0625,62,,stopped,0,0,20,
2026-08-05T13:48:13.268,1074.505,guiding_to_goal,35.92306468,139.9102297,17.239,0,TRUE,24,2,35.923076,139.9102107,2.123809398,,44.89,1009.667383,24.92285156,7.9375,0.0625,-9.4375,-0.04,1.46,9.59,0.0625,-0.0625,0.0625,62,,stopped,0,0,20,
2026-08-05T13:48:13.772,1075.01,guiding_to_goal,35.92306468,139.9102297,17.239,0,TRUE,24,2,35.923076,139.9102107,2.123809398,,44.89,1009.667383,24.91113281,7.9375,0.0625,-9.4375,-0.03,1.46,9.57,-0.0625,-0.1875,0.125,62,,stopped,0,0,20,
2026-08-05T13:48:14.272,1075.51,guiding_to_goal,35.92306468,139.9102297,17.239,0,TRUE,26,2,35.923076,139.9102107,2.123809398,,44.91,1009.690938,24.91210938,7.9375,0.0625,-9.4375,-0.04,1.47,9.59,0,0,-0.0625,62,,stopped,0,0,20,
2026-08-05T13:48:14.773,1076.01,guiding_to_goal,35.92306468,139.9102297,17.239,0,TRUE,26,2,35.923076,139.9102107,2.123809398,,44.9,1009.655313,24.88769531,7.9375,0.0625,-9.4375,-0.04,1.46,9.57,0,-0.0625,-0.0625,62,,stopped,0,0,20,
2026-08-05T13:48:15.273,1076.511,guiding_to_goal,35.92306468,139.9102297,17.239,0,TRUE,26,2,35.923076,139.9102107,2.123809398,,44.95,1009.642969,24.97363281,7.9375,0.0625,-9.4375,-0.05,1.46,9.61,0.0625,0.0625,0.0625,62,,stopped,0,0,20,
2026-08-05T13:48:15.774,1077.011,guiding_to_goal,35.92306468,139.9102297,17.239,0,TRUE,26,2,35.923076,139.9102107,2.123809398,,44.94,1009.690664,24.90234375,7.9375,0.0625,-9.4375,-0.03,1.47,9.56,-0.0625,-0.1875,0.125,62,,stopped,0,0,20,
2026-08-05T13:48:16.274,1077.512,guiding_to_goal,35.92306468,139.9102297,17.239,0,TRUE,24,2,35.923076,139.9102107,2.123809398,,44.96,1009.714531,24.71191406,7.9375,0.0625,-9.4375,-0.03,1.46,9.6,0,0.1875,0.0625,62,,turn_left,-5,5,20,
2026-08-05T13:48:16.774,1078.012,guiding_to_goal,35.92306468,139.9102297,17.239,0,TRUE,24,2,35.923076,139.9102107,2.123809398,,44.95,1009.651133,24.69921875,7.875,0.0625,-9.4375,-0.27,1.68,9.27,-11.6875,-0.375,5.375,62,,turn_left,-20,20,20,
2026-08-05T13:48:17.275,1078.512,guiding_to_goal,35.92306468,139.9102297,17.239,0,TRUE,27,2,35.923076,139.9102107,2.123809398,,44.96,1009.639063,24.59277344,339,-0.125,-8.875,-0.08,1.45,9.55,8.125,-0.125,0.4375,62,,stopped,0,0,20,
2026-08-05T13:48:17.775,1079.013,guiding_to_goal,35.92306468,139.9102297,17.239,0,TRUE,27,2,35.923076,139.9102107,2.123809398,,44.97,1009.7025,24.60546875,339,-0.125,-8.875,-0.11,1.45,9.62,0.25,0.1875,-0.4375,62,,stopped,0,0,20,
2026-08-05T13:48:18.276,1079.513,guiding_to_goal,35.92306468,139.9102297,17.239,0,TRUE,27,2,35.923076,139.9102107,2.123809398,,44.99,1009.623086,24.7734375,339,-0.125,-8.875,-0.03,1.44,9.59,0,0.1875,0.0625,62,,stopped,0,0,20,
2026-08-05T13:48:18.779,1080.016,guiding_to_goal,35.92306468,139.9102297,17.239,0,TRUE,27,2,35.923076,139.9102107,2.123809398,,44.97,1009.682578,24.52148438,339,-0.125,-8.875,-0.01,1.43,9.59,-0.125,0,-0.0625,62,,stopped,0,0,20,
2026-08-05T13:48:19.282,1080.52,guiding_to_goal,35.92306468,139.9102297,17.239,0,TRUE,26,2,35.923076,139.9102107,2.123809398,,45.02,1009.698008,24.53613281,339,-0.125,-8.875,-0.03,1.44,9.61,-0.0625,-0.0625,-0.0625,62,,stopped,0,0,20,
2026-08-05T13:48:19.783,1081.02,guiding_to_goal,35.92306468,139.9102297,17.239,0,TRUE,26,2,35.923076,139.9102107,2.123809398,,45.02,1009.650586,24.54785156,339,-0.125,-8.875,-0.03,1.45,9.58,-0.0625,-0.125,-0.0625,62,,stopped,0,0,20,
2026-08-05T13:48:20.283,1081.521,guiding_to_goal,35.92306468,139.9102297,17.239,0,TRUE,24,2,35.923076,139.9102107,2.123809398,,45.05,1009.669961,24.57324219,339,-0.125,-8.875,-0.05,1.44,9.59,0.125,-0.125,0,62,,stopped,0,0,20,
2026-08-05T13:48:20.789,1082.027,guiding_to_goal,35.92306468,139.9102297,17.239,0,TRUE,24,2,35.923076,139.9102107,2.123809398,,45.06,1009.650313,24.57324219,339,-0.125,-8.875,-0.04,1.44,9.62,0.0625,-0.125,0.0625,62,,stopped,0,0,20,
2026-08-05T13:48:21.290,1082.527,guiding_to_goal,35.92306468,139.9102297,17.239,0,TRUE,24,2,35.923076,139.9102107,2.123809398,,45.09,1009.697734,24.515625,339,-0.125,-8.875,-0.01,1.42,9.59,8,0,-0.0625,62,,stopped,0,0,20,
2026-08-05T13:48:21.790,1083.028,guiding_to_goal,35.92306468,139.9102297,17.239,0,TRUE,24,2,35.923076,139.9102107,2.123809398,,45.07,1009.67418,24.50292969,339,-0.125,-8.875,-0.04,1.43,9.6,0,-0.125,0.125,62,,stopped,0,0,20,
2026-08-05T13:48:22.290,1083.528,guiding_to_goal,35.92306468,139.9102297,17.239,0,TRUE,26,2,35.923076,139.9102107,2.123809398,,45.11,1009.666055,24.40820313,339,-0.125,-8.875,-0.03,1.43,9.61,-0.125,0.0625,0,62,,stopped,0,0,20,
2026-08-05T13:48:22.791,1084.028,guiding_to_goal,35.92306468,139.9102297,17.239,0,TRUE,26,2,35.923076,139.9102107,2.123809398,,45.1,1009.658203,24.48046875,339,-0.125,-8.875,-0.02,1.45,9.61,0.0625,0.0625,0.0625,62,,stopped,0,0,20,
2026-08-05T13:48:23.291,1084.529,guiding_to_goal,35.92306468,139.9102297,17.239,0,TRUE,26,2,35.923076,139.9102107,2.123809398,,45.13,1009.641914,24.52929688,339,-0.125,-8.875,-0.04,1.44,9.61,-0.0625,0.0625,0.125,62,,stopped,0,0,20,
2026-08-05T13:48:23.802,1085.039,guiding_to_goal,35.92306468,139.9102297,17.239,0,TRUE,26,2,35.923076,139.9102107,2.123809398,,45.13,1009.650039,24.54199219,339,-0.125,-8.875,-0.03,1.44,9.6,-0.125,0.0625,0,62,,stopped,0,0,20,
2026-08-05T13:48:24.292,1085.53,guiding_to_goal,35.92306468,139.9102297,17.239,0,TRUE,26,2,35.923076,139.9102107,2.123809398,,45.17,1009.705313,24.47167969,339,-0.125,-8.875,-0.02,1.44,9.61,-0.125,0.1875,-0.125,62,,stopped,0,0,20,
2026-08-05T13:48:24.797,1086.035,guiding_to_goal,35.92306468,139.9102297,17.239,0,TRUE,26,2,35.923076,139.9102107,2.123809398,,45.17,1009.705313,24.59082031,339,-0.125,-8.875,-0.04,1.43,9.59,0.0625,-0.0625,-0.0625,62,,stopped,0,0,20,
2026-08-05T13:48:25.297,1086.535,guiding_to_goal,35.92306468,139.9102297,17.239,0,TRUE,25,2,35.923076,139.9102107,2.123809398,,45.18,1009.67332,24.63964844,343,0.1875,-12.625,1.72,3.06,3.95,9,-15.125,3.9375,62,,forward,50.1875,69.8125,20,
2026-08-05T13:48:25.798,1087.036,guiding_to_goal,35.92306468,139.9102297,17.239,0,TRUE,25,2,35.923076,139.9102107,2.123809398,,45.2,1009.705039,24.62890625,342.1875,-0.1875,-9,1.1,-9.87,28.5,-49.875,8.5625,24.9375,62,,forward,57.675,62.325,20,
2026-08-05T13:48:26.298,1087.536,guiding_to_goal,35.92306468,139.9102297,17.239,0,TRUE,26,2,35.923076,139.9102107,2.123809398,,45.19,1009.736758,24.70019531,335.9375,-0.0625,-8.9375,-0.01,1.46,9.61,-0.0625,0.1875,0,62,,turn_right,5,-5,2.444,
2026-08-05T13:48:26.799,1088.036,guiding_to_goal,35.92306468,139.9102297,17.239,0,TRUE,26,2,35.923076,139.9102107,2.123809398,,45.19,1009.736758,24.59179688,335.9375,-0.0625,-9,0.11,1.68,9.56,0.0625,-0.125,-0.6875,62,,turn_right,15,-15,2.445,
2026-08-05T13:48:27.299,1088.537,guiding_to_goal,35.92306468,139.9102297,17.239,0,TRUE,26,2,35.923076,139.9102107,2.123809398,,45.16,1009.689297,24.86523438,336.5625,0,-9.3125,0,1.48,9.58,-0.0625,-0.0625,0.0625,126,,stopped,0,0,20,
2026-08-05T13:48:27.800,1089.037,guiding_to_goal,35.92306468,139.9102297,17.239,0,TRUE,26,2,35.923076,139.9102107,2.123809398,,45.16,1009.689297,24.84179688,336.5625,0,-9.3125,0,1.5,9.59,0,0,0.1875,126,,stopped,0,0,20,
2026-08-05T13:48:28.300,1089.538,guiding_to_goal,35.92306468,139.9102297,17.239,0,TRUE,26,2,35.923076,139.9102107,2.123809398,,45.08,1009.737617,24.93261719,336.5625,0,-9.25,0.02,1.49,9.59,0.125,0.0625,-0.125,126,,stopped,0,0,20,
2026-08-05T13:48:28.801,1090.038,guiding_to_goal,35.92306468,139.9102297,17.239,0,TRUE,26,2,35.923076,139.9102107,2.123809398,,45.08,1009.709844,24.90917969,336.5625,0,-9.25,0.02,1.49,9.58,0,-0.125,0,126,,stopped,0,0,20,
2026-08-05T13:48:29.301,1090.539,guiding_to_goal,35.92306468,139.9102297,17.239,0,TRUE,26,2,35.923076,139.9102107,2.123809398,,45.02,1009.789492,24.96582031,336.5625,0,-9.25,0.01,1.51,9.6,0,-0.125,0,126,,stopped,0,0,20,
2026-08-05T13:48:29.804,1091.041,guiding_to_goal,35.92306468,139.9102297,17.239,0,TRUE,26,2,35.923076,139.9102107,2.123809398,,44.92,1009.492578,24.94921875,336.5625,0,-9.25,0.02,1.49,9.58,-0.0625,-0.0625,0,126,,stopped,0,0,20,
2026-08-05T13:48:30.304,1091.542,guiding_to_goal,35.92306468,139.9102297,17.239,0,TRUE,26,2,35.923076,139.9102107,2.123809398,,45.02,1009.678398,25.09765625,336.5625,0,-9.25,0.01,1.49,9.58,-0.1875,0.0625,0.0625,126,,stopped,0,0,20,
2026-08-05T13:48:30.806,1092.044,guiding_to_goal,35.92306468,139.9102297,17.239,0,TRUE,26,2,35.923076,139.9102107,2.123809398,,45.02,1009.650586,25.09765625,336.5625,0,-9.25,0,1.5,9.54,-0.0625,0.0625,0.0625,126,,stopped,0,0,20,
2026-08-05T13:48:31.310,1092.547,guiding_to_goal,35.92306468,139.9102297,17.239,0,TRUE,23,2,35.923076,139.9102107,2.123809398,,44.98,1009.670469,25.17871094,336.5625,0,-9.25,0,1.5,9.59,-0.0625,-0.0625,-0.0625,126,,stopped,0,0,20,
2026-08-05T13:48:31.812,1093.05,guiding_to_goal,35.92306468,139.9102297,17.239,0,TRUE,23,2,35.923076,139.9102107,2.123809398,,44.99,1009.706445,25.203125,336.5625,0,-9.25,0.01,1.51,9.57,0,0.125,0,126,,stopped,0,0,20,
2026-08-05T13:48:32.312,1093.55,guiding_to_goal,35.92306468,139.9102297,17.239,0,TRUE,23,2,35.923076,139.9102107,2.123809398,,44.98,1009.718203,25.28613281,336.5625,0,-9.25,0.01,1.49,9.58,-0.0625,0.0625,-0.125,126,,stopped,0,0,20,
2026-08-05T13:48:32.813,1094.051,guiding_to_goal,35.92306468,139.9102297,17.239,0,TRUE,23,2,35.923076,139.9102107,2.123809398,,44.96,1009.666836,25.34472656,336.5625,0,-9.25,0.02,1.51,9.59,-0.0625,-0.0625,-0.0625,126,,stopped,0,0,20,
2026-08-05T13:48:33.313,1094.551,guiding_to_goal,35.92306468,139.9102297,17.239,0,TRUE,25,2,35.923076,139.9102107,2.123809398,,44.93,1009.674961,25.390625,336.5625,0,-9.25,0.02,1.49,9.61,0.0625,-0.0625,-0.125,126,,stopped,0,0,20,
2026-08-05T13:48:33.814,1095.051,guiding_to_goal,35.92306468,139.9102297,17.239,0,TRUE,25,2,35.923076,139.9102107,2.123809398,,44.95,1009.754102,25.3203125,336.5625,0,-9.25,0.03,1.52,9.59,-0.0625,-0.0625,-0.0625,126,,stopped,0,0,20,
2026-08-05T13:48:34.317,1095.555,guiding_to_goal,35.92306468,139.9102297,17.239,0,TRUE,23,2,35.923076,139.9102107,2.123809398,,44.93,1010.222695,25.1875,336.5625,0,-9.25,0.01,1.5,9.58,-0.0625,0.0625,0.0625,126,,stopped,0,0,20,
2026-08-05T13:48:34.817,1096.055,guiding_to_goal,35.92306468,139.9102297,17.239,0,TRUE,23,2,35.923076,139.9102107,2.123809398,,44.93,1009.674961,25.29589844,336.5625,0,-9.25,0.03,1.5,9.58,0,0.125,0,126,,stopped,0,0,20,
2026-08-05T13:48:35.322,1096.56,guiding_to_goal,35.92306468,139.9102297,17.239,0,TRUE,25,2,35.923076,139.9102107,2.123809398,,44.92,1009.742617,25.25976563,336.5625,0,-9.25,0.03,1.51,9.56,0,-0.1875,-0.0625,126,,stopped,0,0,20,
2026-08-05T13:48:35.832,1097.07,guiding_to_goal,35.92306468,139.9102297,17.239,0,TRUE,25,2,35.923076,139.9102107,2.123809398,,44.91,1009.698789,25.27050781,336.5625,0,-9.25,0,1.49,9.59,0,-0.0625,0,126,,stopped,0,0,20,
2026-08-05T13:48:36.342,1097.58,guiding_to_goal,35.92306468,139.9102297,17.239,0,TRUE,26,2,35.923076,139.9102107,2.123809398,,44.92,1009.623633,25.12792969,336.5625,0,-9.25,0.01,1.51,9.54,0,0.0625,0,126,,stopped,0,0,20,
2026-08-05T13:48:36.852,1098.09,guiding_to_goal,35.92306468,139.9102297,17.239,0,TRUE,26,2,35.923076,139.9102107,2.123809398,,44.93,1009.758281,25.140625,336.5625,0,-9.25,0.01,1.52,9.57,0,0,0.0625,126,,stopped,0,0,2.362,
2026-08-05T13:48:37.362,1098.6,guiding_to_goal,35.92306468,139.9102297,17.239,0,TRUE,26,2,35.923076,139.9102107,2.123809398,,44.98,1009.718203,25.15429688,336.5625,0,-9.25,0,1.5,9.58,-0.0625,0.0625,-0.0625,126,,stopped,0,0,20,
2026-08-05T13:48:37.872,1099.11,guiding_to_goal,35.92306468,139.9102297,17.239,0,TRUE,26,2,35.923076,139.9102107,2.123809398,,44.98,1009.753828,25.16699219,336.5625,0,-9.25,0,1.5,9.58,-0.0625,0.0625,0,126,,stopped,0,0,20,
2026-08-05T13:48:38.372,1099.61,guiding_to_goal,35.92306468,139.9102297,17.239,0,TRUE,26,2,35.923076,139.9102107,2.123809398,,44.99,1009.650859,25.16796875,303.9375,0.375,-8.5,-0.67,-0.74,7.32,-8.4375,-4.25,79.375,62,,stopped,0,0,20,
2026-08-05T13:48:38.873,1100.111,guiding_to_goal,35.92306468,139.9102297,17.239,0,TRUE,26,2,35.923076,139.9102107,2.123809398,,45,1009.722148,25.19140625,300.1875,0.4375,-9.0625,-0.24,2.3,9.75,2.8125,0.4375,-3.5,62,,stopped,0,0,20,
2026-08-05T13:48:39.373,1100.611,guiding_to_goal,35.92306468,139.9102297,17.239,0,TRUE,26,2,35.923076,139.9102107,2.123809398,,45.03,1009.721875,25.25390625,300.25,0.625,-8.9375,0.2,1.46,9.6,0,-0.125,0.125,62,,stopped,0,0,20,
2026-08-05T13:48:39.874,1101.111,guiding_to_goal,35.92306468,139.9102297,17.239,0,TRUE,26,2,35.923076,139.9102107,2.123809398,,45.03,1009.76957,25.24121094,300.25,0.625,-8.9375,0.19,1.46,9.58,0,0,0,62,,stopped,0,0,20,
2026-08-05T13:48:40.374,1101.612,guiding_to_goal,35.92306468,139.9102297,17.239,0,TRUE,27,2,35.923076,139.9102107,2.123809398,,45.07,1009.721875,25.15917969,300.25,0.625,-8.9375,0.19,1.47,9.6,0,-0.0625,0,62,,stopped,0,0,20,
2026-08-05T13:48:40.875,1102.112,guiding_to_goal,35.92306468,139.9102297,17.239,0,TRUE,27,2,35.923076,139.9102107,2.123809398,,45.07,1009.729727,25.1484375,300.25,0.625,-8.9375,0.19,1.46,9.6,-0.0625,0.0625,-0.0625,62,,stopped,0,0,20,
2026-08-05T13:48:41.375,1102.613,guiding_to_goal,35.92306468,139.9102297,17.239,0,TRUE,27,2,35.923076,139.9102107,2.123809398,,45.12,1009.681758,25.22167969,300.25,0.625,-8.9375,0.2,1.47,9.59,-0.125,0.0625,0,62,,stopped,0,0,20,
2026-08-05T13:48:41.875,1103.113,guiding_to_goal,35.92306468,139.9102297,17.239,0,TRUE,27,2,35.923076,139.9102107,2.123809398,,45.11,1009.673906,25.16210938,300.25,0.625,-8.9375,0.2,1.46,9.59,-0.0625,-0.0625,0,62,,stopped,0,0,20,
2026-08-05T13:48:42.376,1103.613,guiding_to_goal,35.92306468,139.9102297,17.239,0,TRUE,25,2,35.923076,139.9102107,2.123809398,,45.14,1009.685664,25.09179688,300.25,0.625,-8.9375,0.19,1.46,9.56,-0.0625,0,0,62,,stopped,0,0,20,
2026-08-05T13:48:42.877,1104.115,guiding_to_goal,35.92306468,139.9102297,17.239,0,TRUE,25,2,35.923076,139.9102107,2.123809398,,45.15,1009.737031,25.09277344,300.25,0.625,-8.9375,0.18,1.46,9.61,0,-0.125,-0.0625,62,,stopped,0,0,20,
2026-08-05T13:48:43.384,1104.621,guiding_to_goal,35.92306468,139.9102297,17.239,0,TRUE,23,2,35.923076,139.9102107,2.123809398,,45.17,1009.740977,25.03320313,300.25,0.625,-8.9375,0.18,1.47,9.61,-0.0625,0.125,-0.0625,62,,stopped,0,0,20,
2026-08-05T13:48:43.884,1105.122,guiding_to_goal,35.92306468,139.9102297,17.239,0,TRUE,23,2,35.923076,139.9102107,2.123809398,,45.17,1009.657617,25.02148438,300.25,0.625,-8.9375,0.2,1.47,9.58,0.0625,-0.1875,0.0625,62,,stopped,0,0,20,
2026-08-05T13:48:44.385,1105.622,guiding_to_goal,35.92306468,139.9102297,17.239,0,TRUE,24,2,35.923076,139.9102107,2.123809398,,45.19,1009.689023,25.046875,300.25,0.625,-8.9375,0.21,1.46,9.56,0,0,0,62,,stopped,0,0,20,
2026-08-05T13:48:44.885,1106.123,guiding_to_goal,35.92306468,139.9102297,17.239,0,TRUE,24,2,35.923076,139.9102107,2.123809398,,45.2,1009.649453,25.04785156,300.25,0.625,-8.9375,0.21,1.45,9.56,-0.0625,-0.0625,-0.0625,62,,stopped,0,0,20,
2026-08-05T13:48:45.385,1106.623,guiding_to_goal,35.92306468,139.9102297,17.239,0,TRUE,25,2,35.923076,139.9102107,2.123809398,,45.23,1009.688711,25.03710938,300.25,0.625,-8.9375,0.2,1.47,9.6,0,-0.125,-0.0625,62,,stopped,0,0,20,
2026-08-05T13:48:45.886,1107.124,guiding_to_goal,35.92306468,139.9102297,17.239,0,TRUE,25,2,35.923076,139.9102107,2.123809398,,45.24,1009.676914,25.02539063,300.25,0.625,-8.9375,0.2,1.48,9.6,0,0,0,62,,stopped,0,0,20,
2026-08-05T13:48:46.386,1107.624,guiding_to_goal,35.92306468,139.9102297,17.239,0,TRUE,24,2,35.923076,139.9102107,2.123809398,,45.28,1009.767852,25.00390625,300.25,0.625,-8.9375,0.19,1.46,9.59,0.0625,0,-0.125,62,,stopped,0,0,20,
2026-08-05T13:48:46.892,1108.13,guiding_to_goal,35.92306468,139.9102297,17.239,0,TRUE,24,2,35.923076,139.9102107,2.123809398,,45.28,1009.720117,24.96777344,300.25,0.625,-8.9375,0.18,1.46,9.57,0.0625,0,-0.0625,62,,stopped,0,0,20,
2026-08-05T13:48:47.392,1108.63,guiding_to_goal,35.92306468,139.9102297,17.239,0,TRUE,25,2,35.923076,139.9102107,2.123809398,,45.3,1009.751563,24.84960938,322.1875,0.125,-9.8125,0.24,2.73,9.02,2.75,-4.9375,-19.5,190,,turn_right,25,-25,20,
2026-08-05T13:48:47.903,1109.14,guiding_to_goal,35.92306468,139.9102297,17.239,0,TRUE,25,2,35.923076,139.9102107,2.123809398,,45.3,1009.715859,24.87304688,324.0625,0.0625,-9.375,0.36,-0.26,10.18,-29.9375,1.9375,16.6875,190,,stopped,0,0,20,
2026-08-05T13:48:48.403,1109.641,guiding_to_goal,35.92306468,139.9102297,17.239,0,TRUE,26,2,35.923076,139.9102107,2.123809398,,45.35,1009.739414,24.93554688,331.875,0.0625,-9.4375,0.03,1.53,9.56,0.0625,0.0625,0.125,126,,stopped,0,0,20,
2026-08-05T13:48:48.904,1110.141,guiding_to_goal,35.92306468,139.9102297,17.239,0,TRUE,26,2,35.923076,139.9102107,2.123809398,,45.36,1009.719492,24.99511719,323.875,0.0625,-9.4375,0.03,1.56,9.57,0,0,0,126,,stopped,0,0,20,
2026-08-05T13:48:49.404,1110.642,guiding_to_goal,35.92306468,139.9102297,17.239,0,TRUE,26,2,35.923076,139.9102107,2.123809398,,45.39,1009.691367,25.17675781,323.875,0.0625,-9.375,0.03,1.55,9.6,0.0625,0,-0.0625,126,,stopped,0,0,20,
2026-08-05T13:48:49.904,1111.142,guiding_to_goal,35.92306468,139.9102297,17.239,0,TRUE,26,2,35.923076,139.9102107,2.123809398,,45.39,1009.71918,25.03320313,323.875,0.0625,-9.375,1.29,1.54,9.59,0.0625,0,0.0625,126,,stopped,0,0,20,
2026-08-05T13:48:50.405,1111.643,guiding_to_goal,35.92306468,139.9102297,17.239,0,TRUE,25,2,35.923076,139.9102107,2.123809398,,45.43,1009.72668,25.15527344,323.875,0.0625,-9.375,0.01,1.55,9.59,0,-0.125,0.0625,62,,stopped,0,0,20,
2026-08-05T13:48:50.944,1112.181,guiding_to_goal,35.92306468,139.9102297,17.239,0,TRUE,25,2,35.923076,139.9102107,2.123809398,,45.43,1009.698906,25.15527344,323.875,0.0625,-9.375,0.02,1.53,9.61,0,0.1875,-0.0625,62,,stopped,0,0,20,
2026-08-05T13:48:51.449,1112.686,guiding_to_goal,35.92306468,139.9102297,17.239,0,TRUE,22,2,35.923076,139.9102107,2.123809398,,45.49,1009.813945,25.25390625,323.875,0.0625,-9.375,0.05,1.51,9.57,0,0,-0.0625,62,,stopped,0,0,20,
2026-08-05T13:48:51.949,1113.187,guiding_to_goal,35.92306468,139.9102297,17.239,0,TRUE,22,2,35.923076,139.9102107,2.123809398,,45.48,1009.722695,25.27734375,323.875,0.0625,-9.375,0.04,1.51,9.59,-0.0625,0.0625,0,62,,stopped,0,0,20,
2026-08-05T13:48:52.450,1113.687,guiding_to_goal,35.92306468,139.9102297,17.239,0,TRUE,24,2,35.923076,139.9102107,2.123809398,,45.51,1009.734141,25.00390625,323.875,0.0625,-9.375,0.02,1.53,9.58,0.125,0,-0.1875,62,,stopped,0,0,20,
2026-08-05T13:48:52.950,1114.188,guiding_to_goal,35.92306468,139.9102297,17.239,0,TRUE,24,2,35.923076,139.9102107,2.123809398,,45.5,1009.94875,25.09960938,323.875,0.0625,-9.375,0.03,1.54,9.59,0.0625,0,0.0625,62,,stopped,0,0,20,
2026-08-05T13:48:53.450,1114.688,guiding_to_goal,35.92306468,139.9102297,17.239,0,TRUE,26,2,35.923076,139.9102107,2.123809398,,45.54,1009.761602,24.85058594,323.875,0.0625,-9.375,0,1.54,9.56,0,-0.125,-0.0625,62,,stopped,0,0,20,
2026-08-05T13:48:53.951,1115.188,guiding_to_goal,35.92306468,139.9102297,17.239,0,TRUE,26,2,35.923076,139.9102107,2.123809398,,45.55,1009.686055,24.83886719,323.875,0.0625,-9.375,0.02,1.52,9.59,0,-0.125,0,62,,stopped,0,0,20,
2026-08-05T13:48:54.462,1115.7,guiding_to_goal,35.92306468,139.9102297,17.239,0,TRUE,25,2,35.923076,139.9102107,2.123809398,,42.9,1005.533203,24.8046875,323.875,0.0625,-9.375,0.01,1.53,9.61,0,0,-0.0625,62,,stopped,0,0,20,
2026-08-05T13:48:54.972,1116.21,guiding_to_goal,35.92306468,139.9102297,17.239,0,TRUE,25,2,35.923076,139.9102107,2.123809398,,45.57,1009.709922,24.69628906,323.875,0.0625,-9.375,0.01,1.53,9.56,0.0625,-0.0625,0.125,62,,stopped,0,0,20,
2026-08-05T13:48:55.482,1116.72,guiding_to_goal,35.92306468,139.9102297,17.239,0,TRUE,25,2,35.923076,139.9102107,2.123809398,,45.6,1009.673867,24.53027344,323.875,0.0625,-9.375,0.01,1.53,9.56,-0.125,0,-0.0625,62,,stopped,0,0,20,
2026-08-05T13:48:55.982,1117.22,guiding_to_goal,35.92306468,139.9102297,17.239,0,TRUE,25,2,35.923076,139.9102107,2.123809398,,45.61,1009.753047,24.5546875,323.875,0.0625,-9.375,0.03,1.55,9.57,0,-0.0625,0.0625,62,,stopped,0,0,20,
2026-08-05T13:48:56.492,1117.73,guiding_to_goal,35.92306468,139.9102297,17.239,0,TRUE,27,2,35.923076,139.9102107,2.123809398,,45.62,1009.621875,24.38769531,323.875,0.0625,-9.375,0.03,1.54,9.58,0,0.125,0.0625,62,,stopped,0,0,20,
2026-08-05T13:48:57.002,1118.24,guiding_to_goal,35.92306468,139.9102297,17.239,0,TRUE,27,2,35.923076,139.9102107,2.123809398,,45.62,1009.733086,24.42285156,323.875,0.0625,-9.375,0,1.53,9.56,0,-0.0625,-0.0625,62,,stopped,0,0,20,
2026-08-05T13:48:57.502,1118.74,guiding_to_goal,35.92306468,139.9102297,17.239,0,TRUE,27,2,35.923076,139.9102107,2.123809398,,42.24,1004.495664,24.46191406,323.875,0.0625,-9.375,0,1.51,9.57,0.0625,0.0625,-0.125,62,,stopped,0,0,20,
2026-08-05T13:48:58.008,1119.246,guiding_to_goal,35.92306468,139.9102297,17.239,0,TRUE,27,2,35.923076,139.9102107,2.123809398,,45.63,1009.784766,24.328125,323.875,0.0625,-9.375,0.02,1.53,9.57,0.0625,-0.0625,0,62,,turn_left,-5,5,20,
2026-08-05T13:48:58.509,1119.746,guiding_to_goal,35.92306468,139.9102297,17.239,0,TRUE,25,2,35.923076,139.9102107,2.123809398,,45.6,1009.70168,24.38671875,300.5,0.3125,-8.5625,0.25,1.41,9.6,0.125,0.0625,-0.625,62,,stopped,0,0,20,
2026-08-05T13:48:59.009,1120.247,guiding_to_goal,35.92306468,139.9102297,17.239,0,TRUE,25,2,35.923076,139.9102107,2.123809398,,45.59,1009.693828,24.41015625,300.5,0.3125,-8.5625,0.27,1.41,9.6,-0.0625,0.0625,0.125,62,,stopped,0,0,20,
2026-08-05T13:48:59.510,1120.747,guiding_to_goal,35.92306468,139.9102297,17.239,0,TRUE,27,2,35.923076,139.9102107,2.123809398,,45.56,1009.721992,24.21679688,300.5,0.3125,-8.5625,0.13,1.42,9.6,-0.0625,0,-0.0625,62,,stopped,0,0,20,
2026-08-05T13:49:00.016,1121.253,guiding_to_goal,35.92306468,139.9102297,17.239,0,TRUE,27,2,35.923076,139.9102107,2.123809398,,45.56,1009.972227,24.2890625,300.5,0.3125,-8.5625,0.15,1.44,9.6,0.0625,0,-0.1875,62,,stopped,0,0,20,
2026-08-05T13:49:00.516,1121.754,guiding_to_goal,35.92306468,139.9102297,17.239,0,TRUE,27,2,35.923076,139.9102107,2.123809398,,45.57,1009.709922,24.21777344,300.5,0.3125,-8.5625,0.15,1.42,9.61,0,8,0,62,,stopped,0,0,20,
2026-08-05T13:49:01.034,1122.271,guiding_to_goal,35.92306468,139.9102297,17.239,0,TRUE,27,2,35.923076,139.9102107,2.123809398,,45.57,1009.765508,24.19335938,300.5,0.3125,-8.5625,0.16,1.43,9.62,0,0.0625,-0.125,62,,stopped,0,0,20,
2026-08-05T13:49:01.535,1122.772,guiding_to_goal,35.92306468,139.9102297,17.239,0,TRUE,26,2,35.923076,139.9102107,2.123809398,,45.5,1009.615078,24.15429688,300.5,0.3125,-8.5625,0.14,1.44,9.59,0,-0.1875,0.125,62,,stopped,0,0,20,
2026-08-05T13:49:02.036,1123.274,guiding_to_goal,35.92306468,139.9102297,17.239,0,TRUE,26,2,35.923076,139.9102107,2.123809398,,45.58,1009.753398,24.15820313,300.5,0.3125,-8.5625,0.14,1.44,9.6,-0.0625,-0.0625,0.1875,62,,stopped,0,0,20,
2026-08-05T13:49:02.537,1123.774,guiding_to_goal,35.92306468,139.9102297,17.239,0,TRUE,25,2,35.923076,139.9102107,2.123809398,,45.56,1009.721992,24.33691406,300.5,0.3125,-8.5625,0.14,1.44,9.59,-0.0625,0.0625,0,62,,stopped,0,0,20,
2026-08-05T13:49:03.041,1124.278,guiding_to_goal,35.92306468,139.9102297,17.239,0,TRUE,25,2,35.923076,139.9102107,2.123809398,,45.56,1009.666406,24.27636719,300.5,0.3125,-8.5625,0.15,1.44,9.59,-0.0625,0,-0.125,62,,stopped,0,0,20,
2026-08-05T13:49:03.541,1124.779,guiding_to_goal,35.92306468,139.9102297,17.239,0,TRUE,26,2,35.923076,139.9102107,2.123809398,,45.5,1009.670703,24.28613281,300.5,0.3125,-8.5625,0.12,1.44,9.6,-0.125,0,0,62,,stopped,0,0,20,
2026-08-05T13:49:04.042,1125.279,guiding_to_goal,35.92306468,139.9102297,17.239,0,TRUE,26,2,35.923076,139.9102107,2.123809398,,45.49,1009.682813,24.23730469,300.5,0.3125,-8.5625,1.43,1.44,9.6,0,0.125,-0.0625,62,,stopped,0,0,20,
2026-08-05T13:49:04.542,1125.78,guiding_to_goal,35.92306468,139.9102297,17.239,0,TRUE,26,2,35.923076,139.9102107,2.123809398,,45.41,1009.695273,24.19726563,300.5,0.3125,-8.5625,0.15,1.43,9.54,-0.0625,0.125,0.0625,62,,stopped,0,0,20,
2026-08-05T13:49:05.043,1126.28,guiding_to_goal,35.92306468,139.9102297,17.239,0,TRUE,26,2,35.923076,139.9102107,2.123809398,,45.41,1009.750859,24.22070313,300.5,0.3125,-8.5625,0.16,1.44,9.6,0.0625,0.0625,0.0625,62,,stopped,0,0,20,
2026-08-05T13:49:05.543,1126.781,guiding_to_goal,35.92306468,139.9102297,17.239,0,TRUE,25,2,35.923076,139.9102107,2.123809398,,45.37,1009.770859,24.20703125,300.5,0.3125,-8.5625,0.15,1.44,9.58,0,-0.125,0,62,,stopped,0,0,20,
2026-08-05T13:49:06.043,1127.281,guiding_to_goal,35.92306468,139.9102297,17.239,0,TRUE,25,2,35.923076,139.9102107,2.123809398,,45.36,1009.719492,24.20605469,300.5,0.3125,-8.5625,0.13,1.44,9.62,-0.0625,-0.125,0.0625,62,,stopped,0,0,20,
2026-08-05T13:49:06.544,1127.781,guiding_to_goal,35.92306468,139.9102297,17.239,0,TRUE,26,2,35.923076,139.9102107,2.123809398,,45.34,1009.72375,24.22949219,300.5,0.3125,-8.5625,0.14,1.44,9.6,-0.0625,0,0,62,,stopped,0,0,20,
2026-08-05T13:49:07.044,1128.282,guiding_to_goal,35.92306468,139.9102297,17.239,0,TRUE,26,2,35.923076,139.9102107,2.123809398,,45.34,1009.695938,24.2421875,300.5,0.3125,-8.5625,0.15,1.44,9.59,-0.0625,0.0625,0.125,62,,stopped,0,0,20,
2026-08-05T13:49:07.545,1128.782,guiding_to_goal,35.92306468,139.9102297,17.239,0,TRUE,28,2,35.923076,139.9102107,2.123809398,,45.29,1009.708047,24.23925781,300.5,0.3125,-8.5625,0.15,1.45,9.58,0.125,0.0625,0.0625,62,,stopped,0,0,20,
2026-08-05T13:49:08.045,1129.283,guiding_to_goal,35.92306468,139.9102297,17.239,0,TRUE,28,2,35.923076,139.9102107,2.123809398,,45.28,1009.712305,24.21484375,300.5,0.3125,-8.5625,0.13,1.44,9.61,0.0625,0,0.0625,62,,stopped,0,0,20,
2026-08-05T13:49:08.546,1129.783,guiding_to_goal,35.92306468,139.9102297,17.239,0,TRUE,26,2,35.923076,139.9102107,2.123809398,,45.23,1009.724375,24.33203125,300.5,0.3125,-8.5625,0.13,1.44,9.62,8.0625,0.125,0.125,62,,stopped,0,0,20,
2026-08-05T13:49:09.046,1130.285,guiding_to_goal,35.92306468,139.9102297,17.239,0,TRUE,26,2,35.923076,139.9102107,2.123809398,,45.24,1009.704727,24.12792969,300.5,0.3125,-8.5625,0.14,1.44,9.57,0.0625,0.0625,-0.0625,62,,stopped,0,0,20,
2026-08-05T13:49:09.552,1130.79,guiding_to_goal,35.92306468,139.9102297,17.239,0,TRUE,26,2,35.923076,139.9102107,2.123809398,,45.22,1009.728594,24.17480469,300.5,0.3125,-8.5625,0.14,1.44,9.59,0,0,0.0625,62,,stopped,0,0,20,
2026-08-05T13:49:10.052,1131.29,guiding_to_goal,35.92306468,139.9102297,17.239,0,TRUE,26,2,35.923076,139.9102107,2.123809398,,43.51,1007.090352,24.25390625,300.5,0.3125,-8.5625,0.14,1.42,9.61,0,-0.1875,0,62,,stopped,0,0,20,
2026-08-05T13:49:10.553,1131.79,guiding_to_goal,35.92306468,139.9102297,17.239,0,TRUE,26,2,35.923076,139.9102107,2.123809398,,45.25,1009.728281,23.90234375,300.5,0.3125,-8.5625,0.14,1.43,9.61,-0.0625,0,0.0625,62,,stopped,0,0,20,
2026-08-05T13:49:11.053,1132.291,guiding_to_goal,35.92306468,139.9102297,17.239,0,TRUE,26,2,35.923076,139.9102107,2.123809398,,45.24,1009.704727,24.17578125,300.5,0.3125,-8.5625,0.15,1.43,9.59,0,0,0,62,,stopped,0,0,20,
2026-08-05T13:49:11.557,1132.795,guiding_to_goal,35.92306468,139.9102297,17.239,0,TRUE,27,2,35.923076,139.9102107,2.123809398,,45.26,1009.736172,24.23730469,300.5,0.3125,-8.5625,0.15,1.44,9.61,0,0.1875,-0.125,62,,stopped,0,0,20,
2026-08-05T13:49:12.111,1133.348,guiding_to_goal,35.92306468,139.9102297,17.239,0,TRUE,27,2,35.923076,139.9102107,2.123809398,,45.26,1009.763945,24.23730469,300.5,0.3125,-8.5625,0.16,1.43,9.6,0,-0.125,0.0625,62,,stopped,0,0,20,
2026-08-05T13:49:12.613,1133.85,guiding_to_goal,35.92306468,139.9102297,17.239,0,TRUE,26,2,35.923076,139.9102107,2.123809398,,45.25,1009.692656,24.34472656,300.5,0.3125,-8.5625,0.14,1.44,9.59,-0.0625,0,-0.0625,62,,stopped,0,0,20,
2026-08-05T13:49:13.113,1134.351,guiding_to_goal,35.92306468,139.9102297,17.239,0,TRUE,26,2,35.923076,139.9102107,2.123809398,,45.25,1009.728281,24.21386719,300.5,0.3125,-8.5625,0.14,1.44,9.59,-0.1875,-0.0625,0.0625,62,,stopped,0,0,20,
2026-08-05T13:49:13.615,1134.853,guiding_to_goal,35.92306468,139.9102297,17.239,0,TRUE,25,2,35.923076,139.9102107,2.123809398,,43.77,1007.520547,24.32714844,300.5,0.3125,-8.5625,0.15,1.45,9.58,0.0625,0.125,0.0625,62,,stopped,0,0,20,
2026-08-05T13:49:14.122,1135.36,guiding_to_goal,35.92306468,139.9102297,17.239,0,TRUE,25,2,35.923076,139.9102107,2.123809398,,45.22,1009.673008,24.27050781,300.5,0.3125,-8.5625,0.13,1.44,9.61,0.0625,-0.125,0,62,,stopped,0,0,20,
2026-08-05T13:49:14.632,1135.87,guiding_to_goal,35.92306468,139.9102297,17.239,0,TRUE,25,2,35.923076,139.9102107,2.123809398,,45.16,1009.689297,24.30371094,300.5,0.3125,-8.5625,0.15,1.45,9.6,0,-0.0625,-0.0625,62,,stopped,0,0,20,
2026-08-05T13:49:15.142,1136.38,guiding_to_goal,35.92306468,139.9102297,17.239,0,TRUE,25,2,35.923076,139.9102107,2.123809398,,45.16,1009.744883,24.30371094,300.5,0.3125,-8.5625,0.13,1.44,9.6,0.0625,0.125,0,62,,stopped,0,0,20,
2026-08-05T13:49:15.643,1136.88,guiding_to_goal,35.92306468,139.9102297,17.239,0,TRUE,26,2,35.923076,139.9102107,2.123809398,,45.16,1009.744883,24.25585938,300.5,0.3125,-8.5625,0.16,1.43,9.6,0,0.1875,0.0625,62,,stopped,0,0,20,
2026-08-05T13:49:16.143,1137.38,guiding_to_goal,35.92306468,139.9102297,17.239,0,TRUE,26,2,35.923076,139.9102107,2.123809398,,45.16,1009.697188,24.31542969,300.5,0.3125,-8.5625,0.16,1.43,9.58,-0.0625,0.0625,-0.0625,62,,stopped,0,0,20,
2026-08-05T13:49:16.643,1137.881,guiding_to_goal,35.92306468,139.9102297,17.239,0,TRUE,26,2,35.923076,139.9102107,2.123809398,,45.15,1009.737031,24.24316406,300.5,0.3125,-8.5625,0.16,1.44,9.61,0.0625,0.1875,-0.0625,62,,stopped,0,0,20,
2026-08-05T13:49:17.152,1138.39,guiding_to_goal,35.92306468,139.9102297,17.239,0,TRUE,26,2,35.923076,139.9102107,2.123809398,,45.15,1009.709258,24.24316406,300.5,0.3125,-8.5625,0.15,1.43,9.6,0,0.25,-0.0625,62,,stopped,0,0,20,
2026-08-05T13:49:17.653,1138.89,guiding_to_goal,35.92306468,139.9102297,17.239,0,TRUE,26,2,35.923076,139.9102107,2.123809398,,43.9,1007.864844,24.38183594,313.625,0.8125,-9,-0.32,1.17,9.64,30.6875,-12.375,-68.875,62,,stopped,0,0,20,
2026-08-05T13:49:18.153,1139.391,guiding_to_goal,35.92306468,139.9102297,17.239,0,TRUE,26,2,35.923076,139.9102107,2.123809398,,45.14,1009.637969,24.30273438,316.0625,0.8125,-9.9375,-0.82,0.85,8.79,-7.125,9.0625,2.8125,62,,stopped,0,0,20,
2026-08-05T13:49:18.653,1139.891,guiding_to_goal,35.92306468,139.9102297,17.239,0,TRUE,26,2,35.923076,139.9102107,2.123809398,,45.15,1009.701406,24.30273438,315.9375,0.875,-10,0.16,1.65,9.54,-0.0625,0,-0.0625,254,,stopped,0,0,20,
2026-08-05T13:49:19.154,1140.392,guiding_to_goal,35.92306468,139.9102297,17.239,0,TRUE,26,2,35.923076,139.9102107,2.123809398,,45.16,1009.772695,24.30371094,315.9375,0.875,-10,0.18,1.63,9.56,0,0,0,254,,stopped,0,0,20,
2026-08-05T13:49:19.662,1140.9,guiding_to_goal,35.92306468,139.9102297,17.239,0,TRUE,27,2,35.923076,139.9102107,2.123809398,,45.14,1009.749102,24.50585938,315.9375,0.875,-10,0.19,1.65,9.54,-0.0625,-0.0625,0.125,254,,stopped,0,0,20,
2026-08-05T13:49:20.606,1141.843,guiding_to_goal,35.92306468,139.9102297,17.239,0,TRUE,27,2,35.923076,139.9102107,2.123809398,,45.15,1009.72918,24.53027344,315.9375,0.875,-10,0.16,1.65,9.54,0,-0.1875,0.0625,254,,stopped,0,0,20,
2026-08-05T13:49:21.106,1142.344,guiding_to_goal,,,,,FALSE,,,35.923076,139.9102107,,,45.12,1009.717422,24.54101563,315.9375,0.875,-10,0.2,1.65,9.53,0,0,0,254,,stopped,0,0,20,
2026-08-05T13:49:21.607,1142.844,guiding_to_goal,,,,,FALSE,,,35.923076,139.9102107,,,45.1,1009.705898,24.46777344,315.9375,0.875,-10,0.16,1.64,9.54,0,0.125,0.0625,254,,stopped,0,0,20,
2026-08-05T13:49:22.107,1143.345,guiding_to_goal,35.92306468,139.9102297,17.239,0,TRUE,25,2,35.923076,139.9102107,2.123809398,,45.06,1009.71375,24.45410156,315.9375,0.875,-10,0.19,1.64,9.55,0,0.0625,0,254,,stopped,0,0,20,
2026-08-05T13:49:22.861,1144.099,guiding_to_goal,35.92306468,139.9102297,17.239,0,TRUE,25,2,35.923076,139.9102107,2.123809398,,45.05,1009.697734,24.34667969,315.9375,0.875,-10,0.19,1.67,9.56,8,0.125,0,254,,stopped,0,0,20,
2026-08-05T13:49:23.372,1144.61,guiding_to_goal,35.92306468,139.9102297,17.239,0,TRUE,26,2,35.923076,139.9102107,2.123809398,,45.03,1009.721875,24.51269531,315.9375,0.875,-10,0.16,1.65,9.54,0,0.125,0,254,,stopped,0,0,20,
2026-08-05T13:49:23.882,1145.12,guiding_to_goal,35.92306468,139.9102297,17.239,0,TRUE,26,2,35.923076,139.9102107,2.123809398,,45.04,1009.785313,24.52441406,315.9375,0.875,-10,0.18,1.67,9.52,8,0.0625,-0.0625,254,,stopped,0,0,20,
2026-08-05T13:49:24.382,1145.62,guiding_to_goal,35.92306468,139.9102297,17.239,0,TRUE,24,2,35.923076,139.9102107,2.123809398,,44.99,1009.769844,24.51074219,315.9375,0.875,-10,0.17,1.66,9.55,0.0625,0.125,0,254,,stopped,0,0,20,
2026-08-05T13:49:24.883,1146.12,guiding_to_goal,35.92306468,139.9102297,17.239,0,TRUE,24,2,35.923076,139.9102107,2.123809398,,45,1009.777734,24.48632813,315.9375,0.875,-10,0.18,1.66,9.52,8,0.0625,0,254,,stopped,0,0,20,
2026-08-05T13:49:25.383,1146.621,guiding_to_goal,35.92306468,139.9102297,17.239,0,TRUE,25,2,35.923076,139.9102107,2.123809398,,44.97,1009.765898,24.4375,315.9375,0.875,-10,0.17,1.63,9.53,-0.0625,-0.0625,-0.125,254,,stopped,0,0,20,
2026-08-05T13:49:25.884,1147.121,guiding_to_goal,35.92306468,139.9102297,17.239,0,TRUE,25,2,35.923076,139.9102107,2.123809398,,42.42,1006.653477,24.55371094,315.9375,0.875,-10,0.17,1.63,9.54,-0.125,0.1875,0,254,,stopped,0,0,20,
2026-08-05T13:49:26.384,1147.622,guiding_to_goal,35.92306468,139.9102297,17.239,0,TRUE,26,2,35.923076,139.9102107,2.123809398,,44.87,1009.738906,24.38378906,315.9375,0.875,-10,0.17,1.64,9.55,-0.125,0.1875,-0.0625,254,,stopped,0,0,20,
2026-08-05T13:49:26.884,1148.122,guiding_to_goal,35.92306468,139.9102297,17.239,0,TRUE,26,2,35.923076,139.9102107,2.123809398,,44.87,1009.746758,24.39648438,315.9375,0.875,-10,0.17,1.65,9.56,-0.0625,0.1875,0,254,,stopped,0,0,20,
2026-08-05T13:49:27.385,1148.622,guiding_to_goal,35.92306468,139.9102297,17.239,0,TRUE,26,2,35.923076,139.9102107,2.123809398,,44.85,1009.826406,24.5390625,315.9375,0.875,-10,0.17,1.67,9.52,0,0.0625,-0.0625,254,,stopped,0,0,20,
2026-08-05T13:49:27.935,1149.172,guiding_to_goal,35.92306468,139.9102297,17.239,0,TRUE,26,2,35.923076,139.9102107,2.123809398,,44.83,1009.802539,24.44238281,315.9375,0.875,-10,0.18,1.65,9.55,0,0,0,254,,stopped,0,0,20,
2026-08-05T13:49:28.435,1149.673,guiding_to_goal,35.92306468,139.9102297,17.239,0,TRUE,26,2,35.923076,139.9102107,2.123809398,,44.8,1009.747227,24.66699219,315.9375,0.875,-10,0.19,1.65,9.55,0,0.0625,0.0625,254,,stopped,0,0,20,
2026-08-05T13:49:28.936,1150.173,guiding_to_goal,35.92306468,139.9102297,17.239,0,TRUE,26,2,35.923076,139.9102107,2.123809398,,44.78,1009.751445,24.61914063,315.9375,0.875,-10,0.18,1.64,9.57,0,0,0,254,,stopped,0,0,20,
2026-08-05T13:49:29.436,1150.674,guiding_to_goal,35.92306468,139.9102297,17.239,0,TRUE,26,2,35.923076,139.9102107,2.123809398,,44.76,1009.969609,24.68945313,315.9375,0.875,-10,0.18,1.65,9.53,0.0625,-0.0625,0.0625,254,,stopped,0,0,20,
2026-08-05T13:49:29.936,1151.174,guiding_to_goal,35.92306468,139.9102297,17.239,0,TRUE,26,2,35.923076,139.9102107,2.123809398,,44.76,1009.767344,24.58105469,315.9375,0.875,-10,0.16,1.64,9.52,-0.0625,-0.125,0,254,,stopped,0,0,20,
2026-08-05T13:49:30.446,1151.684,guiding_to_goal,35.92306468,139.9102297,17.239,0,TRUE,26,2,35.923076,139.9102107,2.123809398,,43.28,1007.558047,24.77832031,315.9375,0.875,-10,0.19,1.65,9.54,0,-0.0625,0,254,,stopped,0,0,20,
2026-08-05T13:49:30.948,1152.185,guiding_to_goal,35.92306468,139.9102297,17.239,0,TRUE,26,2,35.923076,139.9102107,2.123809398,,44.72,1009.815273,24.7109375,315.9375,0.875,-10,0.16,1.65,9.54,0,0.0625,0,254,,stopped,0,0,20,
2026-08-05T13:49:31.448,1152.686,guiding_to_goal,35.92306468,139.9102297,17.239,0,TRUE,25,2,35.923076,139.9102107,2.123809398,,44.69,1009.831211,24.79296875,315.9375,0.875,-10,0.17,1.64,9.54,-0.0625,0,0,254,,stopped,0,0,20,
2026-08-05T13:49:31.949,1153.186,guiding_to_goal,35.92306468,139.9102297,17.239,0,TRUE,25,2,35.923076,139.9102107,2.123809398,,44.69,1009.795586,24.76953125,315.9375,0.875,-10,0.17,1.63,9.54,-0.0625,-0.125,0,254,,stopped,0,0,20,
2026-08-05T13:49:32.449,1153.687,guiding_to_goal,35.92306468,139.9102297,17.239,0,TRUE,25,2,35.923076,139.9102107,2.123809398,,44.69,1009.740078,24.79296875,315.9375,0.875,-10,0.17,1.66,9.53,-0.0625,0.0625,0,254,,stopped,0,0,20,
2026-08-05T13:49:32.950,1154.187,guiding_to_goal,35.92306468,139.9102297,17.239,0,TRUE,25,2,35.923076,139.9102107,2.123809398,,44.68,1009.759922,24.8046875,315.9375,0.875,-10,0.16,1.66,9.52,0,-0.25,0,254,,stopped,0,0,20,
2026-08-05T13:49:33.450,1154.688,guiding_to_goal,35.92306468,139.9102297,17.239,0,TRUE,25,2,35.923076,139.9102107,2.123809398,,44.67,1009.791289,24.77929688,315.9375,0.875,-10,0.16,1.66,9.54,0.0625,0,0,254,,stopped,0,0,20,
2026-08-05T13:49:33.967,1155.205,guiding_to_goal,35.92306468,139.9102297,17.239,0,TRUE,25,2,35.923076,139.9102107,2.123809398,,44.42,1009.356406,24.77832031,315.9375,0.875,-10,0.18,1.66,9.54,0,0.125,0,254,,stopped,0,0,20,
2026-08-05T13:49:34.467,1155.705,guiding_to_goal,35.92306468,139.9102297,17.239,0,TRUE,25,2,35.923076,139.9102107,2.123809398,,44.67,1009.735781,24.76757813,315.9375,0.875,-10,0.17,1.65,9.54,-0.0625,0.0625,0,254,,stopped,0,0,20,
2026-08-05T13:49:34.968,1156.205,guiding_to_goal,35.92306468,139.9102297,17.239,0,TRUE,25,2,35.923076,139.9102107,2.123809398,,44.66,1009.755664,24.76757813,315.9375,0.875,-10,0.18,1.63,9.55,0,0,0.125,254,,stopped,0,0,20,
2026-08-05T13:49:35.468,1156.706,guiding_to_goal,35.92306468,139.9102297,17.239,0,TRUE,25,2,35.923076,139.9102107,2.123809398,,44.66,1009.775586,24.77929688,315.9375,0.875,-10,0.17,1.65,9.53,-0.125,-0.0625,-0.0625,254,,stopped,0,0,20,
2026-08-05T13:49:35.972,1157.21,guiding_to_goal,35.92306468,139.9102297,17.239,0,TRUE,25,2,35.923076,139.9102107,2.123809398,,44.66,1009.831133,24.75585938,315.9375,0.875,-10,0.18,1.66,9.56,0.125,8.1875,-0.0625,254,,stopped,0,0,20,
2026-08-05T13:49:36.472,1157.71,guiding_to_goal,35.92306468,139.9102297,17.239,0,TRUE,26,2,35.923076,139.9102107,2.123809398,,44.66,1009.775586,24.80371094,315.9375,0.875,-10,0.18,1.65,9.55,-0.0625,0.125,0,254,,stopped,0,0,20,
2026-08-05T13:49:36.973,1158.21,guiding_to_goal,35.92306468,139.9102297,17.239,0,TRUE,26,2,35.923076,139.9102107,2.123809398,,44.66,1009.755664,24.77929688,315.9375,0.875,-10,0.19,1.66,9.52,0,0.0625,-0.0625,254,,stopped,0,0,20,
2026-08-05T13:49:37.482,1158.72,guiding_to_goal,35.92306468,139.9102297,17.239,0,TRUE,26,2,35.923076,139.9102107,2.123809398,,44.65,1009.732109,24.6953125,315.9375,0.875,-10,0.17,1.65,9.53,0.0625,-0.125,0,254,,stopped,0,0,20,
2026-08-05T13:49:37.992,1159.23,guiding_to_goal,35.92306468,139.9102297,17.239,0,TRUE,26,2,35.923076,139.9102107,2.123809398,,44.65,1009.759844,24.75488281,315.9375,0.875,-10,0.17,1.67,9.56,-0.0625,-0.0625,-0.0625,254,,stopped,0,0,20,
2026-08-05T13:49:38.493,1159.73,searching_goal,35.92306468,139.9102297,17.239,0,TRUE,26,2,35.923076,139.9102107,2.123809398,,44.66,1009.783438,24.8515625,315.9375,0.875,-10,0.16,1.62,9.54,0,0.0625,0,254,,stopped,0,0,20,
2026-08-05T13:49:38.993,1160.231,searching_goal,35.92306468,139.9102297,17.239,0,TRUE,26,2,35.923076,139.9102107,2.123809398,,44.66,1009.803359,24.86328125,315.9375,0.875,-10,0.16,1.67,9.53,-0.0625,0,-0.0625,254,,stopped,0,0,20,
2026-08-05T13:49:39.494,1160.731,searching_goal,35.92306468,139.9102297,17.239,0,TRUE,26,2,35.923076,139.9102107,2.123809398,,44.67,1009.799492,24.88769531,315.9375,0.875,-10,0.18,1.64,9.52,-0.125,-0.0625,0.0625,254,,stopped,0,0,20,
2026-08-05T13:49:39.994,1161.232,searching_goal,35.92306468,139.9102297,17.239,0,TRUE,26,2,35.923076,139.9102107,2.123809398,,44.68,1009.807617,24.87597656,315.9375,0.875,-10,1.48,1.65,9.55,-0.0625,-0.1875,0.125,254,,stopped,0,0,20,
2026-08-05T13:49:40.495,1161.732,searching_goal,35.92306468,139.9102297,17.239,0,TRUE,26,2,35.923076,139.9102107,2.123809398,,44.68,1009.807617,24.86425781,315.9375,0.875,-10,0.18,1.65,9.53,-0.0625,0,0,254,,stopped,0,0,20,
2026-08-05T13:49:41.043,1162.28,searching_goal,35.92306468,139.9102297,17.239,0,TRUE,26,2,35.923076,139.9102107,2.123809398,,44.67,1009.771719,24.87597656,315.9375,0.875,-10,0.17,1.66,9.53,0,0.0625,-0.0625,254,,stopped,0,0,20,
2026-08-05T13:49:41.543,1162.781,searching_goal,35.92306468,139.9102297,17.239,0,TRUE,26,2,35.923076,139.9102107,2.123809398,,43.79,1008.403984,24.82910156,315.9375,0.875,-10,0.16,1.66,9.53,0.0625,-0.125,0.0625,254,,stopped,0,0,20,
2026-08-05T13:49:42.045,1163.283,searching_goal,35.92306468,139.9102297,17.239,0,TRUE,26,2,35.923076,139.9102107,2.123809398,,44.7,1009.811289,24.90136719,315.9375,0.875,-10,0.18,1.65,9.51,0.0625,0,0,254,,stopped,0,0,20,
2026-08-05T13:49:42.547,1163.785,searching_goal,35.92306468,139.9102297,17.239,0,TRUE,24,2,35.923076,139.9102107,2.123809398,,44.74,1009.791172,24.93847656,315.9375,0.875,-10,0.19,1.63,9.51,-0.0625,0,0.125,254,,stopped,0,0,20,
2026-08-05T13:49:43.050,1164.288,searching_goal,35.92306468,139.9102297,17.239,0,TRUE,24,2,35.923076,139.9102107,2.123809398,,44.74,1009.743789,24.93945313,315.9375,0.875,-10,0.16,1.66,9.54,-0.125,0,0.125,254,,stopped,0,0,20,
2026-08-05T13:49:43.549,1164.786,searching_goal,35.92306468,139.9102297,17.239,0,TRUE,24,2,35.923076,139.9102107,2.123809398,,44.74,1009.763398,24.93847656,315.9375,0.875,-10,0.16,1.65,9.55,0,0.0625,-0.0625,254,,stopped,0,0,20,
2026-08-05T13:49:44.051,1165.289,searching_goal,35.92306468,139.9102297,17.239,0,TRUE,24,2,35.923076,139.9102107,2.123809398,,44.74,1009.791172,24.87890625,315.9375,0.875,-10,0.17,1.67,9.55,0,0,-0.0625,254,,stopped,0,0,20,
2026-08-05T13:49:44.552,1165.789,searching_goal,35.92306468,139.9102297,17.239,0,TRUE,26,2,35.923076,139.9102107,2.123809398,,42.62,1006.518867,25.31347656,315.9375,0.875,-10,0.18,1.63,9.52,-0.0625,0,0.0625,254,,stopped,0,0,20,
2026-08-05T13:49:45.052,1166.29,searching_goal,35.92306468,139.9102297,17.239,0,TRUE,26,2,35.923076,139.9102107,2.123809398,,44.74,1009.799336,25.03417969,315.9375,0.875,-10,0.15,1.67,9.55,-0.0625,-0.0625,0,254,,stopped,0,0,20,
2026-08-05T13:49:45.562,1166.8,guiding_to_goal,35.92306468,139.9102297,17.239,0,TRUE,25,2,35.923076,139.9102107,2.123809398,,44.72,1009.823125,24.9140625,315.9375,0.875,-10,0.16,1.67,9.54,-0.0625,0,-0.0625,254,,stopped,0,0,20,
2026-08-05T13:49:46.072,1167.31,guiding_to_goal,35.92306468,139.9102297,17.239,0,TRUE,25,2,35.923076,139.9102107,2.123809398,,44.73,1009.727773,24.97460938,315.9375,0.875,-10,0.18,1.66,9.54,0.0625,0,0.0625,254,,stopped,0,0,20,
2026-08-05T13:49:46.582,1167.82,guiding_to_goal,35.92306468,139.9102297,17.239,0,TRUE,26,2,35.923076,139.9102107,2.123809398,,44.75,1009.834961,25.03515625,315.9375,0.875,-10,0.19,1.66,9.55,0,-0.25,-0.0625,254,,stopped,0,0,20,
2026-08-05T13:49:47.092,1168.33,guiding_to_goal,35.92306468,139.9102297,17.239,0,TRUE,26,2,35.923076,139.9102107,2.123809398,,44.75,1009.807188,25.03515625,315.9375,0.875,-10,1.47,1.65,9.54,0,0.0625,-0.0625,254,,stopped,0,0,20,
2026-08-05T13:49:47.604,1168.841,guiding_to_goal,35.92306468,139.9102297,17.239,0,TRUE,26,2,35.923076,139.9102107,2.123809398,,44.7,1009.839063,24.86523438,315.9375,0.875,-10,0.18,1.64,9.54,0,-0.0625,0,254,,stopped,0,0,20,
2026-08-05T13:49:48.121,1169.358,guiding_to_goal,35.92306468,139.9102297,17.239,0,TRUE,26,2,35.923076,139.9102107,2.123809398,,44.7,1009.839063,24.88867188,315.9375,0.875,-10,0.16,1.65,9.56,0,-0.125,-0.0625,254,,stopped,0,0,20,
2026-08-05T13:49:48.621,1169.859,guiding_to_goal,35.92306468,139.9102297,17.239,0,TRUE,26,2,35.923076,139.9102107,2.123809398,,44.7,1009.763594,24.7578125,315.9375,0.875,-10,0.17,1.65,9.55,0.0625,0.0625,-0.0625,254,,stopped,0,0,20,
2026-08-05T13:49:49.134,1170.372,guiding_to_goal,35.92306468,139.9102297,17.239,0,TRUE,26,2,35.923076,139.9102107,2.123809398,,44.7,1009.839063,24.82910156,315.9375,0.875,-10,0.2,1.66,9.55,0.0625,0.125,0.0625,254,,stopped,0,0,20,
2026-08-05T13:49:49.636,1170.874,guiding_to_goal,35.92306468,139.9102297,17.239,0,TRUE,25,2,35.923076,139.9102107,2.123809398,,44.71,1009.855078,24.83007813,315.9375,0.875,-10,0.18,1.63,9.54,-0.0625,0.125,-0.0625,254,,stopped,0,0,20,
2026-08-05T13:49:50.137,1171.374,guiding_to_goal,35.92306468,139.9102297,17.239,0,TRUE,25,2,35.923076,139.9102107,2.123809398,,44.71,1009.779648,24.85351563,315.9375,8.875,-10,0.16,1.65,9.52,-0.0625,-0.0625,0,254,,stopped,0,0,20,
2026-08-05T13:49:50.637,1171.875,guiding_to_goal,35.92306468,139.9102297,17.239,0,TRUE,24,2,35.923076,139.9102107,2.123809398,,44.7,1009.791367,24.87792969,315.9375,0.875,-10,0.17,1.68,9.52,0.0625,-0.125,0.0625,254,,stopped,0,0,20,
2026-08-05T13:49:51.137,1172.375,guiding_to_goal,35.92306468,139.9102297,17.239,0,TRUE,24,2,35.923076,139.9102107,2.123809398,,44.71,1009.771797,24.86523438,315.9375,0.875,-10,0.18,1.64,9.53,-0.0625,0,0.125,254,,stopped,0,0,20,
2026-08-05T13:49:51.638,1172.875,guiding_to_goal,35.92306468,139.9102297,17.239,0,TRUE,25,2,35.923076,139.9102107,2.123809398,,44.72,1009.843047,24.97363281,315.9375,0.875,-10,0.17,1.65,9.53,-0.125,-0.0625,-0.1875,254,,stopped,0,0,20,
2026-08-05T13:49:52.138,1173.376,guiding_to_goal,35.92306468,139.9102297,17.239,0,TRUE,25,2,35.923076,139.9102107,2.123809398,,44.58,1010.192461,25.01464844,315.9375,0.875,-10,0.19,1.65,9.55,0,-0.1875,0,254,,stopped,0,0,20,
2026-08-05T13:49:52.639,1173.877,guiding_to_goal,35.92306468,139.9102297,17.239,0,TRUE,24,2,35.923076,139.9102107,2.123809398,,44.74,1009.735625,25.08203125,315.9375,0.875,-10,1.46,1.67,9.52,-0.125,0.125,-0.0625,254,,stopped,0,0,20,
2026-08-05T13:49:53.140,1174.377,guiding_to_goal,35.92306468,139.9102297,17.239,0,TRUE,24,2,35.923076,139.9102107,2.123809398,,44.74,1009.854883,25.12988281,315.9375,0.875,-10,0.17,1.66,9.53,-0.1875,-0.0625,0.0625,254,,stopped,0,0,20,
2026-08-05T13:49:53.640,1174.878,guiding_to_goal,35.92306468,139.9102297,17.239,0,TRUE,25,2,35.923076,139.9102107,2.123809398,,43.8,1008.25332,25.13964844,315.9375,0.875,-10,0.17,1.64,9.54,0,0.125,0,254,,stopped,0,0,20,
2026-08-05T13:49:54.140,1175.378,guiding_to_goal,35.92306468,139.9102297,17.239,0,TRUE,25,2,35.923076,139.9102107,2.123809398,,44.76,1009.767344,25.08300781,315.9375,0.875,-10,0.17,1.65,9.51,0.0625,-0.0625,0.0625,254,,stopped,0,0,20,
2026-08-05T13:49:54.643,1175.88,guiding_to_goal,35.92306468,139.9102297,17.239,0,TRUE,26,2,35.923076,139.9102107,2.123809398,,44.77,1009.783086,24.84472656,315.9375,0.875,-10,0.15,1.67,9.53,-0.0625,0.125,-0.0625,254,,stopped,0,0,20,
2026-08-05T13:49:55.143,1176.381,guiding_to_goal,35.92306468,139.9102297,17.239,0,TRUE,26,2,35.923076,139.9102107,2.123809398,,44.77,1009.763164,24.7734375,315.9375,0.875,-10,0.18,1.66,9.53,-0.0625,0.0625,0,254,,stopped,0,0,20,
2026-08-05T13:49:55.652,1176.89,guiding_to_goal,35.92306468,139.9102297,17.239,0,TRUE,25,2,35.923076,139.9102107,2.123809398,,44.81,1009.735156,24.90722656,315.9375,0.875,-10,0.18,1.67,9.52,0.0625,-0.0625,0,254,,stopped,0,0,20,
2026-08-05T13:49:56.155,1177.393,guiding_to_goal,35.92306468,139.9102297,17.239,0,TRUE,25,2,35.923076,139.9102107,2.123809398,,44.81,1009.707422,24.89453125,315.9375,0.875,-10,0.16,1.64,9.56,0,-0.1875,-0.125,254,,stopped,0,0,20,
2026-08-05T13:49:56.656,1177.894,guiding_to_goal,35.92306468,139.9102297,17.239,0,TRUE,25,2,35.923076,139.9102107,2.123809398,,44.82,1009.834531,24.94335938,315.9375,0.875,-10,0.19,1.65,9.51,0.0625,-0.0625,-0.0625,254,,stopped,0,0,20,
2026-08-05T13:49:57.156,1178.394,guiding_to_goal,35.92306468,139.9102297,17.239,0,TRUE,25,2,35.923076,139.9102107,2.123809398,,41.22,1004.236055,25.05957031,315.9375,0.875,-10,0.16,1.64,9.52,-0.0625,-0.0625,-0.0625,254,,stopped,0,0,20,
2026-08-05T13:49:57.659,1178.896,guiding_to_goal,35.92306468,139.9102297,17.239,0,TRUE,25,2,35.923076,139.9102107,2.123809398,,44.32,1008.948867,24.83300781,315.9375,0.875,-10,0.19,1.64,9.53,0.0625,0,0.125,254,,stopped,0,0,20,
2026-08-05T13:49:58.159,1179.396,guiding_to_goal,35.92306468,139.9102297,17.239,0,TRUE,25,2,35.923076,139.9102107,2.123809398,,44.84,1009.754844,24.7890625,315.9375,0.875,-10,0.18,1.66,9.56,0.0625,-0.0625,-0.0625,254,,stopped,0,0,20,
2026-08-05T13:49:58.659,1179.897,guiding_to_goal,35.92306468,139.9102297,17.239,0,TRUE,25,2,35.923076,139.9102107,2.123809398,,44.84,1009.790469,24.90917969,315.9375,0.875,-10,0.19,1.65,9.56,8,0.125,-0.0625,254,,stopped,0,0,20,
2026-08-05T13:49:59.160,1180.397,guiding_to_goal,35.92306468,139.9102297,17.239,0,TRUE,25,2,35.923076,139.9102107,2.123809398,,44.85,1009.770859,24.90917969,315.9375,0.875,-10,0.17,1.63,9.56,0,0.0625,0.125,254,,stopped,0,0,20,
2026-08-05T13:49:59.660,1180.898,guiding_to_goal,35.92306468,139.9102297,17.239,0,TRUE,25,2,35.923076,139.9102107,2.123809398,,44.87,1009.746758,24.81445313,315.9375,0.875,-10,0.16,1.64,9.52,0.0625,0.0625,0.0625,254,,stopped,0,0,20,
2026-08-05T13:50:00.161,1181.398,guiding_to_goal,35.92306468,139.9102297,17.239,0,TRUE,25,2,35.923076,139.9102107,2.123809398,,44.87,1009.774531,24.73144531,315.9375,0.875,-10,0.16,1.65,9.56,-0.0625,0.1875,0.125,254,,stopped,0,0,20,
2026-08-05T13:50:00.661,1181.899,guiding_to_goal,35.92306468,139.9102297,17.239,0,TRUE,26,2,35.923076,139.9102107,2.123809398,,44.88,1009.810156,24.79101563,315.9375,0.875,-10,0.16,1.65,9.53,0,-0.125,0.125,254,,stopped,0,0,20,
2026-08-05T13:50:01.161,1182.399,guiding_to_goal,35.92306468,139.9102297,17.239,0,TRUE,26,2,35.923076,139.9102107,2.123809398,,44.89,1009.826172,24.75585938,315.9375,0.875,-10,0.15,1.63,9.51,0,0.0625,0.0625,254,,stopped,0,0,20,
2026-08-05T13:50:01.672,1182.91,guiding_to_goal,35.92306468,139.9102297,17.239,0,TRUE,26,2,35.923076,139.9102107,2.123809398,,44.92,1009.845859,24.8046875,315.9375,0.875,-10,0.17,1.65,9.53,0,0,0,254,,stopped,0,0,20,
2026-08-05T13:50:02.175,1183.412,guiding_to_goal,35.92306468,139.9102297,17.239,0,TRUE,26,2,35.923076,139.9102107,2.123809398,,43.33,1007.312539,24.92285156,315.9375,0.875,-10,0.17,1.64,9.53,0.0625,-0.125,-0.0625,254,,stopped,0,0,20,
2026-08-05T13:50:02.675,1183.913,searching_goal,35.92306468,139.9102297,17.239,0,TRUE,25,2,35.923076,139.9102107,2.123809398,,44.91,1009.754336,24.93652344,315.9375,0.875,-10,0.18,1.67,9.54,0.0625,0.0625,0,254,,stopped,0,0,20,
2026-08-05T13:50:03.176,1184.413,searching_goal,35.92306468,139.9102297,17.239,0,TRUE,25,2,35.923076,139.9102107,2.123809398,,44.92,1009.825938,24.984375,315.9375,0.875,-10,0.17,1.65,9.53,0.125,-0.0625,0,254,,stopped,0,0,20,
2026-08-05T13:50:03.676,1184.914,searching_goal,35.92306468,139.9102297,17.239,0,TRUE,26,2,35.923076,139.9102107,2.123809398,,44.93,1010.000469,24.86523438,315.9375,0.875,-10,0.16,1.64,9.55,-0.0625,0.0625,-0.1875,254,,stopped,0,0,20,
2026-08-05T13:50:04.177,1185.414,searching_goal,35.92306468,139.9102297,17.239,0,TRUE,26,2,35.923076,139.9102107,2.123809398,,44.92,1009.742617,24.91308594,315.9375,0.875,-10,0.18,1.64,9.53,-0.0625,0.0625,-0.0625,254,,stopped,0,0,20,
2026-08-05T13:50:04.677,1185.915,searching_goal,35.92306468,139.9102297,17.239,0,TRUE,26,2,35.923076,139.9102107,2.123809398,,44.93,1010.397188,24.92480469,315.9375,0.875,-10,0.16,1.64,9.52,-0.0625,-0.0625,0.0625,254,,stopped,0,0,20,
2026-08-05T13:50:05.189,1186.427,searching_goal,35.92306468,139.9102297,17.239,0,TRUE,26,2,35.923076,139.9102107,2.123809398,,44.93,1009.722656,24.94921875,315.9375,0.875,-10,0.18,1.64,9.54,-0.0625,0.0625,-0.0625,254,,stopped,0,0,20,
2026-08-05T13:50:05.691,1186.928,searching_goal,35.92306468,139.9102297,17.239,0,TRUE,24,2,35.923076,139.9102107,2.123809398,,44.95,1009.817813,24.97363281,315.9375,0.875,-10,0.17,1.65,9.54,-0.0625,0.125,0,254,,stopped,0,0,20,
2026-08-05T13:50:06.604,1187.842,searching_goal,35.92306468,139.9102297,17.239,0,TRUE,24,2,35.923076,139.9102107,2.123809398,,44.94,1009.74625,24.85449219,315.9375,0.875,-10,0.16,1.66,9.58,0,0.0625,0.0625,254,,stopped,0,0,20,
2026-08-05T13:50:07.108,1188.346,searching_goal,35.92306468,139.9102297,17.239,0,TRUE,24,2,35.923076,139.9102107,2.123809398,,44.97,1009.738125,25.07128906,315.9375,0.875,-10,0.17,1.63,9.54,-0.0625,-0.125,0.0625,254,,stopped,0,0,20,
2026-08-05T13:50:07.609,1188.847,searching_goal,35.92306468,139.9102297,17.239,0,TRUE,24,2,35.923076,139.9102107,2.123809398,,44.97,1009.710352,25.07128906,315.9375,0.875,-10,0.16,1.64,9.53,-0.125,0.0625,0,254,,stopped,0,0,20,
2026-08-05T13:50:08.109,1189.347,searching_goal,,,,,FALSE,,,35.923076,139.9102107,,,44.99,1009.797617,25.13183594,315.9375,0.875,-10,0.17,1.63,9.52,-0.0625,-0.1875,0.0625,254,,stopped,0,0,20,
2026-08-05T13:50:08.610,1189.847,searching_goal,,,,,FALSE,,,35.923076,139.9102107,,,45,1009.777734,25.09570313,315.9375,0.875,-10,0.18,1.65,9.56,-0.0625,0.0625,0,254,,stopped,0,0,20,
2026-08-05T13:50:09.110,1190.348,guiding_to_goal,35.92306468,139.9102297,17.239,0,TRUE,26,2,35.923076,139.9102107,2.123809398,,45.03,1009.797344,25.07421875,315.9375,0.875,-10,0.16,1.64,9.57,0,0.0625,0,254,,stopped,0,0,20,
2026-08-05T13:50:09.939,1191.177,guiding_to_goal,35.92306468,139.9102297,17.239,0,TRUE,26,2,35.923076,139.9102107,2.123809398,,45.03,1009.825156,25.22949219,315.9375,0.875,-10,0.18,1.62,9.54,0,-0.125,0,254,,stopped,0,0,20,
2026-08-05T13:50:10.440,1191.677,guiding_to_goal,35.92306468,139.9102297,17.239,0,TRUE,25,2,35.923076,139.9102107,2.123809398,,45.06,1009.817031,24.80078125,315.9375,0.875,-10,0.19,1.63,9.55,0,-0.3125,0,254,,stopped,0,0,20,
2026-08-05T13:50:10.940,1192.178,guiding_to_goal,35.92306468,139.9102297,17.239,0,TRUE,25,2,35.923076,139.9102107,2.123809398,,45.05,1009.753281,24.89648438,315.9375,0.875,-10,0.16,1.64,9.55,-0.0625,0,-0.0625,254,,stopped,0,0,20,
2026-08-05T13:50:11.440,1192.678,guiding_to_goal,35.92306468,139.9102297,17.239,0,TRUE,25,2,35.923076,139.9102107,2.123809398,,45.08,1009.801016,24.68261719,315.9375,0.875,-10,0.15,1.64,9.56,0.0625,-0.125,0.0625,254,,stopped,0,0,20,
2026-08-05T13:50:11.942,1193.18,guiding_to_goal,35.92306468,139.9102297,17.239,0,TRUE,25,2,35.923076,139.9102107,2.123809398,,45.08,1009.801016,24.95703125,315.9375,0.875,-10,0.18,1.62,9.52,0.0625,-0.0625,0.0625,254,,stopped,0,0,20,
2026-08-05T13:50:12.447,1193.684,guiding_to_goal,35.92306468,139.9102297,17.239,0,TRUE,25,2,35.923076,139.9102107,2.123809398,,45.13,1009.753047,24.56542969,315.9375,0.875,-10,0.16,1.61,9.54,0.0625,-0.0625,-0.0625,254,,stopped,0,0,20,
2026-08-05T13:50:12.947,1194.184,guiding_to_goal,35.92306468,139.9102297,17.239,0,TRUE,25,2,35.923076,139.9102107,2.123809398,,45.13,1009.808594,24.54101563,315.9375,0.875,-10,0.17,1.62,9.55,-0.0625,0.0625,0.0625,254,,stopped,0,0,20,
2026-08-05T13:50:13.447,1194.685,guiding_to_goal,35.92306468,139.9102297,17.239,0,TRUE,24,2,35.923076,139.9102107,2.123809398,,45.18,1009.776641,24.65136719,315.9375,0.875,-10,0.18,1.66,9.56,0.0625,0.125,0.0625,254,,stopped,0,0,20,
2026-08-05T13:50:13.952,1195.19,guiding_to_goal,35.92306468,139.9102297,17.239,0,TRUE,24,2,35.923076,139.9102107,2.123809398,,45.17,1009.760898,24.54394531,315.9375,0.875,-10,0.17,1.62,9.56,-0.0625,-0.25,0.0625,254,,stopped,0,0,20,
2026-08-05T13:50:14.455,1195.693,guiding_to_goal,35.92306468,139.9102297,17.239,0,TRUE,24,2,35.923076,139.9102107,2.123809398,,45.2,1009.808047,24.4609375,315.9375,0.875,-10,0.16,1.64,9.51,0,-0.125,0,254,,stopped,0,0,20,
2026-08-05T13:50:14.956,1196.193,guiding_to_goal,35.92306468,139.9102297,17.239,0,TRUE,24,2,35.923076,139.9102107,2.123809398,,45.19,1009.792305,24.4609375,315.9375,0.875,-10,0.16,1.65,9.55,0.125,0.0625,0,254,,stopped,0,0,20,
2026-08-05T13:50:15.456,1196.694,guiding_to_goal,35.92306468,139.9102297,17.239,0,TRUE,26,2,35.923076,139.9102107,2.123809398,,45.23,1009.799883,24.3671875,315.9375,0.875,-10,0.16,1.64,9.56,0,0,0,254,,stopped,0,0,20,
2026-08-05T13:50:15.956,1197.194,guiding_to_goal,35.92306468,139.9102297,17.239,0,TRUE,26,2,35.923076,139.9102107,2.123809398,,45.23,1009.752148,24.35546875,315.9375,0.875,-10,0.19,1.66,9.53,0.0625,0.0625,-0.125,254,,stopped,0,0,20,
2026-08-05T13:50:16.457,1197.694,guiding_to_goal,35.92306468,139.9102297,17.239,0,TRUE,25,2,35.923076,139.9102107,2.123809398,,45.24,1009.82375,24.28417969,315.9375,0.875,-10,0.17,1.62,9.55,0,0.1875,-0.125,254,,stopped,0,0,20,
2026-08-05T13:50:16.958,1198.196,guiding_to_goal,35.92306468,139.9102297,17.239,0,TRUE,25,2,35.923076,139.9102107,2.123809398,,45.26,1009.827383,24.30957031,315.9375,0.875,-10,0.16,1.64,9.52,0.0625,-0.0625,0,254,,stopped,0,0,20,
2026-08-05T13:50:17.459,1198.696,guiding_to_goal,35.92306468,139.9102297,17.239,0,TRUE,25,2,35.923076,139.9102107,2.123809398,,45.28,1009.74793,24.41796875,315.9375,0.875,-10,0.18,1.65,9.55,0,0,0,254,,stopped,0,0,20,
2026-08-05T13:50:17.959,1199.197,guiding_to_goal,35.92306468,139.9102297,17.239,0,TRUE,25,2,35.923076,139.9102107,2.123809398,,45.28,1009.831289,24.44140625,315.9375,0.875,-10,0.17,1.64,9.55,-0.125,8.1875,0.0625,254,,stopped,0,0,20,
2026-08-05T13:50:18.460,1199.697,guiding_to_goal,35.92306468,139.9102297,17.239,0,TRUE,26,2,35.923076,139.9102107,2.123809398,,45.29,1009.763633,24.31152344,315.9375,0.875,-10,0.15,1.66,9.52,-0.0625,-0.0625,-0.0625,254,,stopped,0,0,20,
2026-08-05T13:50:18.980,1200.217,guiding_to_goal,35.92306468,139.9102297,17.239,0,TRUE,26,2,35.923076,139.9102107,2.123809398,,45.29,1009.73582,24.27539063,315.9375,0.875,-10,1.45,1.64,9.54,0,-0.125,8.1875,254,,stopped,0,0,20,
2026-08-05T13:50:19.480,1200.718,guiding_to_goal,35.92306468,139.9102297,17.239,0,TRUE,25,2,35.923076,139.9102107,2.123809398,,45.32,1009.747617,24.15625,315.9375,0.875,-10,0.16,1.65,9.56,-0.0625,0,0.0625,254,,stopped,0,0,20,
2026-08-05T13:50:19.993,1201.231,guiding_to_goal,35.92306468,139.9102297,17.239,0,TRUE,25,2,35.923076,139.9102107,2.123809398,,45.32,1009.747617,24.22851563,315.9375,0.875,-10,0.17,1.64,9.54,0,0.125,0.0625,254,,stopped,0,0,20,
2026-08-05T13:50:20.493,1201.731,guiding_to_goal,35.92306468,139.9102297,17.239,0,TRUE,25,2,35.923076,139.9102107,2.123809398,,45.34,1009.807109,24.16992188,315.9375,0.875,-10,0.17,1.65,9.53,-0.0625,-0.1875,0,254,,stopped,0,0,20,
2026-08-05T13:50:21.003,1202.241,guiding_to_goal,35.92306468,139.9102297,17.239,0,TRUE,25,2,35.923076,139.9102107,2.123809398,,45.36,1009.830703,24.17089844,315.9375,0.875,-10,0.17,1.66,9.58,0,-0.0625,0.0625,254,,stopped,0,0,20,
2026-08-05T13:50:21.504,1202.741,guiding_to_goal,35.92306468,139.9102297,17.239,0,TRUE,24,2,35.923076,139.9102107,2.123809398,,45.35,1009.767227,23.96679688,315.9375,0.875,-10,0.17,1.64,9.54,0,-0.125,0.0625,254,,stopped,0,0,20,
2026-08-05T13:50:22.004,1203.242,guiding_to_goal,35.92306468,139.9102297,17.239,0,TRUE,24,2,35.923076,139.9102107,2.123809398,,45.36,1009.838516,24.15917969,315.9375,0.875,-10,0.16,1.66,9.51,0.0625,0,-0.0625,254,,stopped,0,0,20,
2026-08-05T13:50:22.504,1203.742,guiding_to_goal,35.92306468,139.9102297,17.239,0,TRUE,26,2,35.923076,139.9102107,2.123809398,,45.35,1009.767227,24.14648438,315.9375,0.875,-10,0.18,1.63,9.56,0.0625,0.0625,0.1875,254,,stopped,0,0,20,
2026-08-05T13:50:23.008,1204.245,guiding_to_goal,35.92306468,139.9102297,17.239,0,TRUE,26,2,35.923076,139.9102107,2.123809398,,45.34,1009.751523,24.22949219,315.9375,0.875,-10,0.18,1.64,9.55,0,-0.125,0.0625,254,,stopped,0,0,20,
2026-08-05T13:50:23.508,1204.746,guiding_to_goal,35.92306468,139.9102297,17.239,0,TRUE,26,2,35.923076,139.9102107,2.123809398,,45.33,1009.755469,24.1328125,315.9375,0.875,-10,0.18,1.65,9.52,-0.0625,0.125,-0.0625,254,,stopped,0,0,20,
2026-08-05T13:50:24.008,1205.246,guiding_to_goal,35.92306468,139.9102297,17.239,0,TRUE,26,2,35.923076,139.9102107,2.123809398,,45.32,1009.775391,24.12109375,315.9375,0.875,-10,0.17,1.65,9.55,0.1875,-0.125,0.125,254,,stopped,0,0,20,
2026-08-05T13:50:24.509,1205.746,guiding_to_goal,35.92306468,139.9102297,17.239,0,TRUE,26,2,35.923076,139.9102107,2.123809398,,45.29,1009.727969,24.10742188,315.9375,0.875,-10,0.15,1.62,9.55,-0.0625,0,0.0625,254,,stopped,0,0,20,
2026-08-05T13:50:25.009,1206.247,guiding_to_goal,35.92306468,139.9102297,17.239,0,TRUE,26,2,35.923076,139.9102107,2.123809398,,45.29,1009.727969,24.10742188,315.9375,0.875,-10,0.17,1.64,9.54,-0.0625,-0.1875,0,254,,stopped,0,0,20,
2026-08-05T13:50:25.510,1206.748,guiding_to_goal,35.92306468,139.9102297,17.239,0,TRUE,26,2,35.923076,139.9102107,2.123809398,,45.26,1009.771797,24.11816406,315.9375,0.875,-10,0.17,1.64,9.54,0.125,-0.125,0.125,254,,stopped,0,0,20,
2026-08-05T13:50:26.010,1207.248,guiding_to_goal,35.92306468,139.9102297,17.239,0,TRUE,26,2,35.923076,139.9102107,2.123809398,,45.26,1009.819531,24.12988281,315.9375,0.875,-10,0.17,1.64,9.56,-0.125,0.125,0,254,,stopped,0,0,20,
2026-08-05T13:50:26.511,1207.748,guiding_to_goal,35.92306468,139.9102297,17.239,0,TRUE,26,2,35.923076,139.9102107,2.123809398,,45.21,1009.776289,24.12695313,315.9375,0.875,-10,0.17,1.62,9.54,0,0.125,-0.0625,254,,stopped,0,0,20,
