2026-06-03T17:29:08.797 < >> radio_rx 7b2276223a312c2274797065223a2274657874222c22736571223a312c2274696d65223a22323032362d30362d30335430383a32393a30382e3938315a222c2264617461223a7b226d657373616765223a2268656c6c6f227d7d -56 33
2026-06-03T17:29:08.799 RX type=text seq=1 time=2026-06-03T08:29:08.981Z RSSI=-56 SNR=33
2026-06-03T17:29:08.802 JSON {"v":1,"type":"text","seq":1,"time":"2026-06-03T08:29:08.981Z","data":{"message":"hello"}}
2026-06-03T17:29:08.841 > p2p rx 0
2026-06-03T17:29:08.842 < >
2026-06-03T18:12:43.420 < >> Ok
2026-06-03T18:12:43.471 < >> radio_rx 43490149471cad9000006c01471cc1917ea80000dd3ae3ff3e7b7e76d84b3f693a7ecb0c96e5148ca7062978d4d65634c1ac41008052ed9b54c0810990a740076217a26bb389fe7996b04ea0a7fe85532c38b1f376850b270ec72e77489c78a9047df24cfb3abe837fe50e716490f73874864e8645b2b75df2db02c516798cb1072218173a024cefb35a786fb4e0df5bbf9494f4c51bdf0023cffec2e0aa0a0bceef66fcc647c2c83495da1ebd917b52c4dedc027b32b102ab66e286d95c12387260ae156229cbc365d20d4c931b5574532025f8eb266fc438ad8b6698897ccf3adca585fdda30ed5440455f7586e0d585b3 -54 20
2026-06-03T18:12:43.477 IMG_PACKET 43490149471cad9000006c01471cc1917ea80000dd3ae3ff3e7b7e76d84b3f693a7ecb0c96e5148ca7062978d4d65634c1ac41008052ed9b54c0810990a740076217a26bb389fe7996b04ea0a7fe85532c38b1f376850b270ec72e77489c78a9047df24cfb3abe837fe50e716490f73874864e8645b2b75df2db02c516798cb1072218173a024cefb35a786fb4e0df5bbf9494f4c51bdf0023cffec2e0aa0a0bceef66fcc647c2c83495da1ebd917b52c4dedc027b32b102ab66e286d95c12387260ae156229cbc365d20d4c931b5574532025f8eb266fc438ad8b6698897ccf3adca585fdda30ed5440455f7586e0d585b3 RSSI=-54 SNR=20
2026-06-03T18:12:43.516 > p2p rx 0
2026-06-03T18:12:43.517 < >
2026-06-03T18:12:47.728 < >> Ok
2026-06-03T18:12:47.779 < >> radio_rx 43490149471cad9000006c01471cc1917ea80100dde5fcf7815ae295731870a419bab4f5ee86ce1915a90e0c71eca834daeadefcc4a1d9d2599193925690e9cb364be3c8f6c3478686a672db4ad190790b4c2d52000bbad6d35ae843ec0621d24e8925b2e4192e15324d49c27ee9b3341d349a10dcb549557ffe26d7fa88f8983141bfffd1e791501ba48b0ceaef00a751cd90684e303f0be189ca56fb6997c39a80821b669277500ab8dd5b2b3c2695b8cb36c7b8ed7210e932459b167033171ab6e79857060ece10609843af43aef8e5c7119a46d1ae0f932c60c6f99bd51814d970c8866f3e2f668a3224eb9244bc035b -60 23
2026-06-03T18:12:47.784 IMG_PACKET 43490149471cad9000006c01471cc1917ea80100dde5fcf7815ae295731870a419bab4f5ee86ce1915a90e0c71eca834daeadefcc4a1d9d2599193925690e9cb364be3c8f6c3478686a672db4ad190790b4c2d52000bbad6d35ae843ec0621d24e8925b2e4192e15324d49c27ee9b3341d349a10dcb549557ffe26d7fa88f8983141bfffd1e791501ba48b0ceaef00a751cd90684e303f0be189ca56fb6997c39a80821b669277500ab8dd5b2b3c2695b8cb36c7b8ed7210e932459b167033171ab6e79857060ece10609843af43aef8e5c7119a46d1ae0f932c60c6f99bd51814d970c8866f3e2f668a3224eb9244bc035b RSSI=-60 SNR=23
2026-06-03T18:12:47.824 > p2p rx 0
2026-06-03T18:12:47.825 < >
2026-06-03T18:13:00.541 < >> Ok
2026-06-03T18:13:00.593 < >> radio_rx 43490149471cad9000006c01471cc1917ea80400dda0c5c97f04fc55b20cdcb00b948867b1a4267e6c14b64e16b81afd95ce4b27a6b21c07d6ffb2c93bed5c96b1c48ade063584061334715568c05523f2f95cabbe4259656025eb8a331159cc479804e86f816bc07620bff70a6c118e7cc4da3981187861faaedc7877b30998b83a39305477e5c743a4ef5d65aaf950204c2c8f1bbe818be269f5dbf46bef1230b76288c8d221f05f0bd3fdb2d83df70ef463da3bd709525234fc11bcf44946bcefbc93f7f69461dbd77fc6fe7e312dc99ad94595f75894ca9b995dcec39f4fc045a8fe6a65596816a204de356f28a6d8b1 -59 28
2026-06-03T18:13:00.598 IMG_PACKET 43490149471cad9000006c01471cc1917ea80400dda0c5c97f04fc55b20cdcb00b948867b1a4267e6c14b64e16b81afd95ce4b27a6b21c07d6ffb2c93bed5c96b1c48ade063584061334715568c05523f2f95cabbe4259656025eb8a331159cc479804e86f816bc07620bff70a6c118e7cc4da3981187861faaedc7877b30998b83a39305477e5c743a4ef5d65aaf950204c2c8f1bbe818be269f5dbf46bef1230b76288c8d221f05f0bd3fdb2d83df70ef463da3bd709525234fc11bcf44946bcefbc93f7f69461dbd77fc6fe7e312dc99ad94595f75894ca9b995dcec39f4fc045a8fe6a65596816a204de356f28a6d8b1 RSSI=-59 SNR=28
2026-06-03T18:13:00.637 > p2p rx 0
2026-06-03T18:13:00.638 < >
2026-06-03T18:13:04.850 < >> Ok
2026-06-03T18:13:04.902 < >> radio_rx 43490149471cad9000006c01471cc1917ea80500ddec46e9a5dde05d7baf5e7561728944700592da8c4938d451adc455a977506996a6e9fe46110c82f1ae5111090e8178fed468d3ff9f56f590fd86bd36b42615486fdb1fb6917bea8f8a39c0bdf412aca578dea43d97fb53739ccb9d8a4b2e94304f3ff173589c9c0e4091d8897298745443792991d7cbb33b6a9aeb7b23c1f348028788d28088876b3ab52a3d37b057f4a6b2e5356420752d51656948942aace0e089394fcf93962fe602449f0c3915b43bbe0a459bfb0a6d5599bc78631f1f1155c7d95140275337d73930f7f6ac1565ade677362ac3b07ae9a442e62e -65 23
2026-06-03T18:13:04.909 IMG_PACKET 43490149471cad9000006c01471cc1917ea80500ddec46e9a5dde05d7baf5e7561728944700592da8c4938d451adc455a977506996a6e9fe46110c82f1ae5111090e8178fed468d3ff9f56f590fd86bd36b42615486fdb1fb6917bea8f8a39c0bdf412aca578dea43d97fb53739ccb9d8a4b2e94304f3ff173589c9c0e4091d8897298745443792991d7cbb33b6a9aeb7b23c1f348028788d28088876b3ab52a3d37b057f4a6b2e5356420752d51656948942aace0e089394fcf93962fe602449f0c3915b43bbe0a459bfb0a6d5599bc78631f1f1155c7d95140275337d73930f7f6ac1565ade677362ac3b07ae9a442e62e RSSI=-65 SNR=23
2026-06-03T18:13:04.947 > p2p rx 0
2026-06-03T18:13:04.948 < >
2026-06-03T18:13:09.158 < >> Ok
2026-06-03T18:13:09.207 < >> radio_rx 43490149471cad9000006c01471cc1917ea80600dddf196e3470684d91eab7788d95757d76439bec8e5c256af47dc624009d55ffec04223c86dd4625c63a3057a911cbdd802e8a957c3c7126b014ded7dc279aa93d055a874a3ae79d2900484bcb9a8924367c6e8022e4cca7e6536bb40f8aa9784fcd87cd93aac9bdd976d698760e3b77cfb87d2c55858e5bcbabbdb455ce9a57ba1f4b79e9f240f6cb8b53255120fb765d81157c9fb5c766b307255a2e6f574bbddde92835d2ce89cdd368c193f8943aa64592c32caf7512a08e9a605052269f8bf9e994e5df4275da67635fee9c7192ae1ffe042ae278b0639e95172d27 -54 23
2026-06-03T18:13:09.212 IMG_PACKET 43490149471cad9000006c01471cc1917ea80600dddf196e3470684d91eab7788d95757d76439bec8e5c256af47dc624009d55ffec04223c86dd4625c63a3057a911cbdd802e8a957c3c7126b014ded7dc279aa93d055a874a3ae79d2900484bcb9a8924367c6e8022e4cca7e6536bb40f8aa9784fcd87cd93aac9bdd976d698760e3b77cfb87d2c55858e5bcbabbdb455ce9a57ba1f4b79e9f240f6cb8b53255120fb765d81157c9fb5c766b307255a2e6f574bbddde92835d2ce89cdd368c193f8943aa64592c32caf7512a08e9a605052269f8bf9e994e5df4275da67635fee9c7192ae1ffe042ae278b0639e95172d27 RSSI=-54 SNR=23
2026-06-03T18:13:09.255 > p2p rx 0
2026-06-03T18:13:09.256 < >
2026-06-03T18:13:13.422 < >> Ok
2026-06-03T18:13:13.472 < >> radio_rx 43490149471cad9000006c01471cc1917ea80700dd3d52ec727354a4d50bce7c8c4cb07f548e4e34392f945559717942ccc7bf9614f62534eba69b9496354590eb281cb5d74f4b1df78fc2a4a99745abd662e9dac3b9034f35d871e1b31c326749b82270b083b2288343497b4f7c4e59e4ef5394ebb1ef441fb50af59ad0a9fd5bcc2e805fcdec63c38bf2d69c7a03efa91ec8c6bdd50a23642daa13250904fed5d85cf54e06f1422ab6aa682ae54f4213b522ff8e82ae40ad87af36bd7116b78ca76a0e2d3ee63cd06b9b041438c682b8cd5ebed80c7bfe701167f0c851422e7abca7e4b98cd7af0baee40ffce0b31d3c84 -56 23
2026-06-03T18:13:13.478 IMG_PACKET 43490149471cad9000006c01471cc1917ea80700dd3d52ec727354a4d50bce7c8c4cb07f548e4e34392f945559717942ccc7bf9614f62534eba69b9496354590eb281cb5d74f4b1df78fc2a4a99745abd662e9dac3b9034f35d871e1b31c326749b82270b083b2288343497b4f7c4e59e4ef5394ebb1ef441fb50af59ad0a9fd5bcc2e805fcdec63c38bf2d69c7a03efa91ec8c6bdd50a23642daa13250904fed5d85cf54e06f1422ab6aa682ae54f4213b522ff8e82ae40ad87af36bd7116b78ca76a0e2d3ee63cd06b9b041438c682b8cd5ebed80c7bfe701167f0c851422e7abca7e4b98cd7af0baee40ffce0b31d3c84 RSSI=-56 SNR=23
2026-06-03T18:13:13.517 > p2p rx 0
2026-06-03T18:13:13.519 < >
2026-06-03T18:13:17.680 < >> Ok
2026-06-03T18:13:17.728 < >> radio_rx 43490149471cad9000006c01471cc1917ea80800dd86b9adb30a169415e90a93a40da78100ac0ce3d4fd3c9762fccfee30ff4230654bad7cdf253af02f220adeb4abf9fe3a6692f04a27f42feb2ce987a5b84d8d3b7335bf073707936e81b89ac248e961a2b65b774593880271581cc93ac2fe4d97d4a5cc435d5bc0b957fbca2f92f2285478082ed4a8a00bd0b6d51439b4f3f59dca587bbd5790380b3af2151ca2f8f098b075ec339651f9545c851350e4034b3d971f0ea022fad5b8f0dbe803d97d398d786a3119c06cd6460936cff3f2e7f8390ccbc182c9fa6b9f29f304ef8c808ebf3d940b1b94528991d7b21eaa80 -57 29
2026-06-03T18:13:17.733 IMG_PACKET 43490149471cad9000006c01471cc1917ea80800dd86b9adb30a169415e90a93a40da78100ac0ce3d4fd3c9762fccfee30ff4230654bad7cdf253af02f220adeb4abf9fe3a6692f04a27f42feb2ce987a5b84d8d3b7335bf073707936e81b89ac248e961a2b65b774593880271581cc93ac2fe4d97d4a5cc435d5bc0b957fbca2f92f2285478082ed4a8a00bd0b6d51439b4f3f59dca587bbd5790380b3af2151ca2f8f098b075ec339651f9545c851350e4034b3d971f0ea022fad5b8f0dbe803d97d398d786a3119c06cd6460936cff3f2e7f8390ccbc182c9fa6b9f29f304ef8c808ebf3d940b1b94528991d7b21eaa80 RSSI=-57 SNR=29
2026-06-03T18:13:17.777 > p2p rx 0
2026-06-03T18:13:17.778 < >
2026-06-03T18:13:21.989 < >> Ok
2026-06-03T18:13:22.039 < >> radio_rx 43490149471cad9000006c01471cc1917ea80900dd4e00e63b14515b1b09954fead8e2fd094382189dce2cc452c1188f3a9eeb5eccb96b8e6b86205a983945271c51574c463f122f72c13529dcf87ca53a21e4c827f0402bca147996f2909eae7cbf5755282966e94a38e59cb3ce6147e14432c056789867d66cd59ff7801618c3c9f4b14bbb54440f974174d47174c68d9b92294dd944b8d54090470e8875325804cc213b26463518bb784b5ae8707b54adaa9c924127467f6955abbbcef693f7a12d0542230f891ec7521322fb04d86b61a0b9e7c8ccb4c9a0f1ea41e1bf86f65f7f98c965b3ffe9780d553819a6844a14 -63 28
2026-06-03T18:13:22.044 IMG_PACKET 43490149471cad9000006c01471cc1917ea80900dd4e00e63b14515b1b09954fead8e2fd094382189dce2cc452c1188f3a9eeb5eccb96b8e6b86205a983945271c51574c463f122f72c13529dcf87ca53a21e4c827f0402bca147996f2909eae7cbf5755282966e94a38e59cb3ce6147e14432c056789867d66cd59ff7801618c3c9f4b14bbb54440f974174d47174c68d9b92294dd944b8d54090470e8875325804cc213b26463518bb784b5ae8707b54adaa9c924127467f6955abbbcef693f7a12d0542230f891ec7521322fb04d86b61a0b9e7c8ccb4c9a0f1ea41e1bf86f65f7f98c965b3ffe9780d553819a6844a14 RSSI=-63 SNR=28
2026-06-03T18:13:22.085 > p2p rx 0
2026-06-03T18:13:22.087 < >
2026-06-03T18:13:26.297 < >> Ok
2026-06-03T18:13:26.346 < >> radio_rx 43490149471cad9000006c01471cc1917ea80a00dde14c3e5353c5aedaefe450171380edfb54dde91d9ad5ec00178064d0738c82544f9afeaa92fbb62cf850156a5dfe8998ec099944021a2b9756ab2330b5863bbcd1fbe33892313c48690fe9988870154100788b11ab9f422977648000db9087d4dac161c8f8ea0aa878a59dcea441147ca5e99e83d334a4e97f22f0e8b852e478137feb30d674f74c4a1385a9bd2862a83d2619fd66c6a349664fafdf3a11d30678bbdce0346dce684bc13ba6b71ff47633bb86ddc5035bef5dd4752d5a2fa09acd539f39099fe31a72997b3e58626c110ae6a70267b980b64ee206ab60 -63 23
2026-06-03T18:13:26.351 IMG_PACKET 43490149471cad9000006c01471cc1917ea80a00dde14c3e5353c5aedaefe450171380edfb54dde91d9ad5ec00178064d0738c82544f9afeaa92fbb62cf850156a5dfe8998ec099944021a2b9756ab2330b5863bbcd1fbe33892313c48690fe9988870154100788b11ab9f422977648000db9087d4dac161c8f8ea0aa878a59dcea441147ca5e99e83d334a4e97f22f0e8b852e478137feb30d674f74c4a1385a9bd2862a83d2619fd66c6a349664fafdf3a11d30678bbdce0346dce684bc13ba6b71ff47633bb86ddc5035bef5dd4752d5a2fa09acd539f39099fe31a72997b3e58626c110ae6a70267b980b64ee206ab60 RSSI=-63 SNR=23
2026-06-03T18:13:26.393 > p2p rx 0
2026-06-03T18:13:26.395 < >
2026-06-03T18:13:30.606 < >> Ok
2026-06-03T18:13:30.656 < >> radio_rx 43490149471cad9000006c01471cc1917ea80b00dde4a5fb10a6ad946885405ad78dc4bebde02ceb8bc693a38820d832705c875b72c8a914d3f5a881514d213cdffbf5fcff86431955c3f11b7b70d9656698b01caff7ee8b08815a4835e374158d174b14bad033a836a5b9bd803b0ebd2a34f6eec6873966a6fba3866b76a901f149003f92c48646556e8f749c58f1f01c5ea44c3322aaaf700072814c1389f4df011c0cffae15c3891d3a6bcc6a55675cc539216e16e55ac54ceb617d0f1bf18f0e2f396162efa8c5307331da7b3fe59a385762ad1b0344034bed19a0041ab1169b49b3e5c36fe33b74fc2564ac96b57d50 -63 29
2026-06-03T18:13:30.661 IMG_PACKET 43490149471cad9000006c01471cc1917ea80b00dde4a5fb10a6ad946885405ad78dc4bebde02ceb8bc693a38820d832705c875b72c8a914d3f5a881514d213cdffbf5fcff86431955c3f11b7b70d9656698b01caff7ee8b08815a4835e374158d174b14bad033a836a5b9bd803b0ebd2a34f6eec6873966a6fba3866b76a901f149003f92c48646556e8f749c58f1f01c5ea44c3322aaaf700072814c1389f4df011c0cffae15c3891d3a6bcc6a55675cc539216e16e55ac54ceb617d0f1bf18f0e2f396162efa8c5307331da7b3fe59a385762ad1b0344034bed19a0041ab1169b49b3e5c36fe33b74fc2564ac96b57d50 RSSI=-63 SNR=29
2026-06-03T18:13:30.702 > p2p rx 0
2026-06-03T18:13:30.703 < >
2026-06-03T18:13:34.913 < >> Ok
2026-06-03T18:13:34.965 < >> radio_rx 43490149471cad9000006c01471cc1917ea80c00dd1198233f6e760bddaac1d1589b57a65d9c7d29e5752aca2cac0ab69eac1cbfb3b40d7359f63374b494299760c2b3e5515df6ca03789bc91dae0d364b41770a799bd084e1ff77b21c0e0ac38ecf4255756cb27a0103fb506af9aa4c5cce59d9c715e0508de1fa3d940fe096de623e453cf41e0916c28178f95172c4ad243828fbb51d8469a8fc7b5360f815b02f7803a2779755a3de13d88c502b5124ec363af1e826fbac639d81f863829228160db168c5643b72710ec78ebaefa7a6194979f6034fc5fa44da2698b2aea345c4d2ef29140322ed8a87dd9d4f2d03be6d -56 27
2026-06-03T18:13:34.970 IMG_PACKET 43490149471cad9000006c01471cc1917ea80c00dd1198233f6e760bddaac1d1589b57a65d9c7d29e5752aca2cac0ab69eac1cbfb3b40d7359f63374b494299760c2b3e5515df6ca03789bc91dae0d364b41770a799bd084e1ff77b21c0e0ac38ecf4255756cb27a0103fb506af9aa4c5cce59d9c715e0508de1fa3d940fe096de623e453cf41e0916c28178f95172c4ad243828fbb51d8469a8fc7b5360f815b02f7803a2779755a3de13d88c502b5124ec363af1e826fbac639d81f863829228160db168c5643b72710ec78ebaefa7a6194979f6034fc5fa44da2698b2aea345c4d2ef29140322ed8a87dd9d4f2d03be6d RSSI=-56 SNR=27
2026-06-03T18:13:35.011 > p2p rx 0
2026-06-03T18:13:35.013 < >
2026-06-03T18:13:39.172 < >> Ok
2026-06-03T18:13:39.222 < >> radio_rx 43490149471cad9000006c01471cc1917ea80d00ddf4718e8552c6702ccde845424dc3cf3166d203f6bf59a012814ffd67491fbaf9dcc1ab6471b09198770b2bf65adfb469f346602dd9cb6eeb59dfc1fad3288eb67d20e78f44149c19d96751303dda7f9269cc93584d9131a74ceb0c575b4a9904953d4cfb9eb2945fcb159b1d31b5b0a2dd3f5eb6f729ab652372a7f31b9a54c6c01b8a1315358a2f2c5e32b4dc8732ee390ee8cd061eb03d7656fb07fe966aadcd97a08a4d0e9c591321350212b4f427a37c0e231a9ee4324c98b688999d58fbef59b00b6a24a7569f319ebdb32d2c9a45e29c8b8ae92273150c07734c -60 25
2026-06-03T18:13:39.272 IMG_PACKET 43490149471cad9000006c01471cc1917ea80d00ddf4718e8552c6702ccde845424dc3cf3166d203f6bf59a012814ffd67491fbaf9dcc1ab6471b09198770b2bf65adfb469f346602dd9cb6eeb59dfc1fad3288eb67d20e78f44149c19d96751303dda7f9269cc93584d9131a74ceb0c575b4a9904953d4cfb9eb2945fcb159b1d31b5b0a2dd3f5eb6f729ab652372a7f31b9a54c6c01b8a1315358a2f2c5e32b4dc8732ee390ee8cd061eb03d7656fb07fe966aadcd97a08a4d0e9c591321350212b4f427a37c0e231a9ee4324c98b688999d58fbef59b00b6a24a7569f319ebdb32d2c9a45e29c8b8ae92273150c07734c RSSI=-60 SNR=25
2026-06-03T18:13:39.272 > p2p rx 0
2026-06-03T18:13:39.272 < >
2026-06-03T18:13:43.436 < >> Ok
2026-06-03T18:13:43.487 < >> radio_rx 43490149471cad9000006c01471cc1917ea80e00ddad1a03ee33d5453fdfb5b2245547d6a29e7edfb2b6929c568710e6faec8cc308b0e09ef37c998bcb2acb6fdb92ca90057eb01e4292097f90af8c9079baa8a9a2f6eeb12f93026918d79ce5a54585df9d3633038bb238a4e5208410fb6dc899cf6acf822a1095195b6bb9482050ca27a21d4fd3226dd55672537b58f10ef1dfae86b25d10cffdb4b7793b1c30dfec197dc4e76a7bb91120db239cbfb98cb9dd2cc7211be5d7d2de9dc5f71f7e1433b3c94f03d323c7162a7240981131d7905dc2694aa9882b9ebce6b568edf124e5561fc96a64b408c7e16551b106603c -50 31
2026-06-03T18:13:43.492 IMG_PACKET 43490149471cad9000006c01471cc1917ea80e00ddad1a03ee33d5453fdfb5b2245547d6a29e7edfb2b6929c568710e6faec8cc308b0e09ef37c998bcb2acb6fdb92ca90057eb01e4292097f90af8c9079baa8a9a2f6eeb12f93026918d79ce5a54585df9d3633038bb238a4e5208410fb6dc899cf6acf822a1095195b6bb9482050ca27a21d4fd3226dd55672537b58f10ef1dfae86b25d10cffdb4b7793b1c30dfec197dc4e76a7bb91120db239cbfb98cb9dd2cc7211be5d7d2de9dc5f71f7e1433b3c94f03d323c7162a7240981131d7905dc2694aa9882b9ebce6b568edf124e5561fc96a64b408c7e16551b106603c RSSI=-50 SNR=31
2026-06-03T18:13:43.532 > p2p rx 0
2026-06-03T18:13:43.533 < >
2026-06-03T18:13:47.744 < >> Ok
2026-06-03T18:13:47.794 < >> radio_rx 43490149471cad9000006c01471cc1917ea80f00dd0fed73a49b18bab9c70352b9e47973dc3f2f4a1f92449b0ebca08491b01c19277e6d72ebfcd086b817ba2c2a921e4b614453491d89014aebffc4207fd534c8d07c1e5cb10e07ba6db568ba56b20b24aed756b863bb114bd137b72c9395739b48398bbe47d9c60f30937d9b41602889216a26aa1dd9ed2218ca0bc151be0f83f168ddfd94e8f07ada8fdc843f30300687241850988904c58c7c8d576afe258bace79d59d470de24b281aff8792007d288e4127e53842d9024f7ebfb1399170aa2d141114f20c537eca98db8f9394c2bb03b88bdb349ce9bba0afd11f78a -58 27
2026-06-03T18:13:47.799 IMG_PACKET 43490149471cad9000006c01471cc1917ea80f00dd0fed73a49b18bab9c70352b9e47973dc3f2f4a1f92449b0ebca08491b01c19277e6d72ebfcd086b817ba2c2a921e4b614453491d89014aebffc4207fd534c8d07c1e5cb10e07ba6db568ba56b20b24aed756b863bb114bd137b72c9395739b48398bbe47d9c60f30937d9b41602889216a26aa1dd9ed2218ca0bc151be0f83f168ddfd94e8f07ada8fdc843f30300687241850988904c58c7c8d576afe258bace79d59d470de24b281aff8792007d288e4127e53842d9024f7ebfb1399170aa2d141114f20c537eca98db8f9394c2bb03b88bdb349ce9bba0afd11f78a RSSI=-58 SNR=27
2026-06-03T18:13:47.840 > p2p rx 0
2026-06-03T18:13:47.841 < >
2026-06-03T18:13:52.002 < >> Ok
2026-06-03T18:13:52.053 < >> radio_rx 43490149471cad9000006c01471cc1917ea81000ddc07ee9185a6f3976805d28122205c606a3245f153fea04e4e7b8b9a34606a3449354f1ff610aac84d1265dc3fef743e8381c4d01a4ca334fb6d7e52c32e4bae880dcc4f3d390a79f6932ff430ba9e705063039f6e1b29a3e6ef8616c097f042de91cfe58ff9572d6e42a914389542ac46dd505e8545d2ef0ff6236fd9384ce3e5985725a80dd3097634ed9e40fa4e295ec04d419dc262913c93cdf5079c82607d91bb719f80ce8063f32ce10a71a1c507e40c9008c9767f239694683a6178ce7b64bd71785820726df5c980983d7667dcb008c8e6d4252b7c2ece46d02 -54 22
2026-06-03T18:13:52.058 IMG_PACKET 43490149471cad9000006c01471cc1917ea81000ddc07ee9185a6f3976805d28122205c606a3245f153fea04e4e7b8b9a34606a3449354f1ff610aac84d1265dc3fef743e8381c4d01a4ca334fb6d7e52c32e4bae880dcc4f3d390a79f6932ff430ba9e705063039f6e1b29a3e6ef8616c097f042de91cfe58ff9572d6e42a914389542ac46dd505e8545d2ef0ff6236fd9384ce3e5985725a80dd3097634ed9e40fa4e295ec04d419dc262913c93cdf5079c82607d91bb719f80ce8063f32ce10a71a1c507e40c9008c9767f239694683a6178ce7b64bd71785820726df5c980983d7667dcb008c8e6d4252b7c2ece46d02 RSSI=-54 SNR=22
2026-06-03T18:13:52.099 > p2p rx 0
2026-06-03T18:13:52.100 < >
2026-06-03T18:13:56.261 < >> Ok
2026-06-03T18:13:56.310 < >> radio_rx 43490149471cad9000006c01471cc1917ea81100ddba6580be19c337019d34a7f5f90fd920c1be3cd5ff1b4695ed7f7787f747a7e3fc2c45efd553599e977e114350fc605736b1e38f79a9a8ac87a17657830b1fad2ad4ae1f81a6d8e257bd3dbcd540c27eabbf2078c6b8c4754428db6501c6bcb469daba1443af31b8d6a16c10f487f326dd4cbcdb3b8065c66e0215fbcf861594aa5914697c73e440976e63e8e200e72b7e570b14c12e581c836ce6ef33e24d4b0455e9f2b3d48aa0fbcc3f40783ccfb556c38a4f51ef628c89643bd5c37cd2f1aec002751727ba0f2255dd17283430f9c02663e20eceb405a5e5314903 -58 30
2026-06-03T18:13:56.315 IMG_PACKET 43490149471cad9000006c01471cc1917ea81100ddba6580be19c337019d34a7f5f90fd920c1be3cd5ff1b4695ed7f7787f747a7e3fc2c45efd553599e977e114350fc605736b1e38f79a9a8ac87a17657830b1fad2ad4ae1f81a6d8e257bd3dbcd540c27eabbf2078c6b8c4754428db6501c6bcb469daba1443af31b8d6a16c10f487f326dd4cbcdb3b8065c66e0215fbcf861594aa5914697c73e440976e63e8e200e72b7e570b14c12e581c836ce6ef33e24d4b0455e9f2b3d48aa0fbcc3f40783ccfb556c38a4f51ef628c89643bd5c37cd2f1aec002751727ba0f2255dd17283430f9c02663e20eceb405a5e5314903 RSSI=-58 SNR=30
2026-06-03T18:13:56.358 > p2p rx 0
2026-06-03T18:13:56.359 < >
2026-06-03T18:14:00.568 < >> Ok
2026-06-03T18:14:00.621 < >> radio_rx 43490149471cad9000006c01471cc1917ea81200dd244f5a968485c10d7e6a118f59c721082ac4498ca7d38824042c9436dff47ffbf5e219d9980d9f01f93c9b429bc4086e742db2c6bdb70884d201d4d5f7bd814539ebfc064adcbef022b6bb67a205b19527c5355d9c021b9e4cc3ef2e8c477bbc461b67695cc4f5b6bccf16c23d1cb5fac1a259a57abe9443aa269004fd62fb6becf7f26376d546923a019f0e496dbd77d88703edf7d8822eb23b40f0ed42b375658609715d2a540cfde5dcb2d7c1e6121d589ca7d8997e8ee6609a83e467f230897bcdff29324e8df14d3f6f001d4c9852136ce732a19d90a9426e4a2f -62 27
2026-06-03T18:14:00.626 IMG_PACKET 43490149471cad9000006c01471cc1917ea81200dd244f5a968485c10d7e6a118f59c721082ac4498ca7d38824042c9436dff47ffbf5e219d9980d9f01f93c9b429bc4086e742db2c6bdb70884d201d4d5f7bd814539ebfc064adcbef022b6bb67a205b19527c5355d9c021b9e4cc3ef2e8c477bbc461b67695cc4f5b6bccf16c23d1cb5fac1a259a57abe9443aa269004fd62fb6becf7f26376d546923a019f0e496dbd77d88703edf7d8822eb23b40f0ed42b375658609715d2a540cfde5dcb2d7c1e6121d589ca7d8997e8ee6609a83e467f230897bcdff29324e8df14d3f6f001d4c9852136ce732a19d90a9426e4a2f RSSI=-62 SNR=27
2026-06-03T18:14:00.666 > p2p rx 0
2026-06-03T18:14:00.667 < >
2026-06-03T18:14:04.832 < >> Ok
2026-06-03T18:14:04.883 < >> radio_rx 43490149471cad9000006c01471cc1917ea81300dd3c5348f3f05a61e40844a618ca095dfcef0214f1f438be6c5ef4aab490e04aa8d6aac8ac0fead1db4bcfed9428d4b475663c5de1abd23032dad98182b66c6a4f9b01ea3c62c39beb0098fd2d56543b36f7852e61fc886d20bb4fa03c92cbb0b5bde47dd3b22bff40ed28c2cc6a5e1807e72cc4ae50d131556e034503182bf832f6fefbf77550a0ec5457514e0c816352dc2281fd90c9546b0239e54d2018c2516609ce4c847ced2223f6b324057511dcfc85418fa2ad844ec2fceadd01cd562d1bd82fa73ed3afb57d839724a622f44697de898a8508d65c20b0a1fc38 -58 28
2026-06-03T18:14:04.888 IMG_PACKET 43490149471cad9000006c01471cc1917ea81300dd3c5348f3f05a61e40844a618ca095dfcef0214f1f438be6c5ef4aab490e04aa8d6aac8ac0fead1db4bcfed9428d4b475663c5de1abd23032dad98182b66c6a4f9b01ea3c62c39beb0098fd2d56543b36f7852e61fc886d20bb4fa03c92cbb0b5bde47dd3b22bff40ed28c2cc6a5e1807e72cc4ae50d131556e034503182bf832f6fefbf77550a0ec5457514e0c816352dc2281fd90c9546b0239e54d2018c2516609ce4c847ced2223f6b324057511dcfc85418fa2ad844ec2fceadd01cd562d1bd82fa73ed3afb57d839724a622f44697de898a8508d65c20b0a1fc38 RSSI=-58 SNR=28
2026-06-03T18:14:04.930 > p2p rx 0
2026-06-03T18:14:04.931 < >
2026-06-03T18:14:09.091 < >> Ok
2026-06-03T18:14:09.140 < >> radio_rx 43490149471cad9000006c01471cc1917ea81400dd9fc34b6b44ab14d06f4332669b77efa5a8a3edcff0d8c7f3b1e2b96b813db592782eef0625419d7441aa5b932d55bdee37ef88910f508cdf45ce1c16d1633486c58feed3c26774b8d7fc98bb192eeea339ed510199a15b085f3a7a54a1cab01053579f699184b388e93c4f61cc5dfe8c3b782a8a17fb3f3f3b4629ce2d3956919f6b60ae8b65506839613b9776cafea08d926c12b5daa66f476b6f08336de5a5e29110faa385a57df70133ad71d8309af1f5c41304e016b291392b88eb2790c757fb4bf16688fc1d13b71fd03bb828861d13f8d64746cce62a081a4792 -60 27
2026-06-03T18:14:09.146 IMG_PACKET 43490149471cad9000006c01471cc1917ea81400dd9fc34b6b44ab14d06f4332669b77efa5a8a3edcff0d8c7f3b1e2b96b813db592782eef0625419d7441aa5b932d55bdee37ef88910f508cdf45ce1c16d1633486c58feed3c26774b8d7fc98bb192eeea339ed510199a15b085f3a7a54a1cab01053579f699184b388e93c4f61cc5dfe8c3b782a8a17fb3f3f3b4629ce2d3956919f6b60ae8b65506839613b9776cafea08d926c12b5daa66f476b6f08336de5a5e29110faa385a57df70133ad71d8309af1f5c41304e016b291392b88eb2790c757fb4bf16688fc1d13b71fd03bb828861d13f8d64746cce62a081a4792 RSSI=-60 SNR=27
2026-06-03T18:14:09.187 > p2p rx 0
2026-06-03T18:14:09.188 < >
2026-06-03T18:14:13.351 < >> Ok
2026-06-03T18:14:13.400 < >> radio_rx 43490149471cad9000006c01471cc1917ea81500dd192178c80c67050e012cebc77a1ab51f6d2c544dc55cb203f422ebfdd0fe7aaf3fe113ad24d252fc355a051e19056a10c821748a809e0c83e93714272fbf5a2def1b7777d481b0f51ecf225417bdb5a59bc3a0dc5a26d257f08c00b5822527c930da031e0ff955fd32b157d1bb5bb7334167d4f9b0dc861ba87153e4d3385a40c98a7c6c3deb5fe26691b07f6162805a1aa60a29d62a6368c067b1403554c9f37d39fd4e3ba0c06feb407a9bb19fd5f36668b0154447f0c8af373c71db6ffcc949f65a197c0d5f2195aa3655ffab0c539ff7b6d021129362efeda84506 -56 29
2026-06-03T18:14:13.405 IMG_PACKET 43490149471cad9000006c01471cc1917ea81500dd192178c80c67050e012cebc77a1ab51f6d2c544dc55cb203f422ebfdd0fe7aaf3fe113ad24d252fc355a051e19056a10c821748a809e0c83e93714272fbf5a2def1b7777d481b0f51ecf225417bdb5a59bc3a0dc5a26d257f08c00b5822527c930da031e0ff955fd32b157d1bb5bb7334167d4f9b0dc861ba87153e4d3385a40c98a7c6c3deb5fe26691b07f6162805a1aa60a29d62a6368c067b1403554c9f37d39fd4e3ba0c06feb407a9bb19fd5f36668b0154447f0c8af373c71db6ffcc949f65a197c0d5f2195aa3655ffab0c539ff7b6d021129362efeda84506 RSSI=-56 SNR=29
2026-06-03T18:14:13.448 > p2p rx 0
2026-06-03T18:14:13.453 < >
2026-06-03T18:14:21.880 < >> Ok
2026-06-03T18:14:21.931 < >> radio_rx 43490149471cad9000006c01471cc1917ea81700dd860da33ee111dd8a6b84fb73dd8782ae5cb5848b180ebf76fd4eda157aaecffa690d32d1b7df576a49c55af877bb00d119ed19d3f53b9892a155949f9708dda49336c227aee7104db0feca40f99f70b3c25ae70fdf1338a3e9da4180f9b248e11b3b58088e5f2a82f50c17c11b0e3e65e0699b9a62f919727386a00486f4a363e221af2c62bc62b2174e9680fbf98add64d21304f773d3b6f86c2cf17941ed0bc24b9a3ef16da54aef31bee0987aeed78cbfb0add1b6ff85ba05261ec81822a9788771ae9765eb6763e507d177da856696d25cc2a8fb232fa285f370d9 -56 27
2026-06-03T18:14:21.937 IMG_PACKET 43490149471cad9000006c01471cc1917ea81700dd860da33ee111dd8a6b84fb73dd8782ae5cb5848b180ebf76fd4eda157aaecffa690d32d1b7df576a49c55af877bb00d119ed19d3f53b9892a155949f9708dda49336c227aee7104db0feca40f99f70b3c25ae70fdf1338a3e9da4180f9b248e11b3b58088e5f2a82f50c17c11b0e3e65e0699b9a62f919727386a00486f4a363e221af2c62bc62b2174e9680fbf98add64d21304f773d3b6f86c2cf17941ed0bc24b9a3ef16da54aef31bee0987aeed78cbfb0add1b6ff85ba05261ec81822a9788771ae9765eb6763e507d177da856696d25cc2a8fb232fa285f370d9 RSSI=-56 SNR=27
2026-06-03T18:14:21.976 > p2p rx 0
2026-06-03T18:14:21.978 < >
2026-06-03T18:14:26.188 < >> Ok
2026-06-03T18:14:26.238 < >> radio_rx 43490149471cad9000006c01471cc1917ea81800ddf4fbe1b0a959db74901b0cf42f0730a32aeb794f1b3fa94dec8a37ebb9ffc120b61cde3017f545d499d9e087e00f72ea3345a617ad580c2e775313058ced2cbccfb21a846c23417869fbe09c661f1d1773a0565cdbf0080d247d0c2d286a6d5dbda251d58b4ae2f6317fc1b80e0cb96f833778bfca27e65ebca09c33daffc15c813cdbb032812f68dbbf0f0b238b6142ea917bb68467e88537bcb284ce6e03b424e80d0fc9c99d4e15d86f6845854a39a657a135f8a1f2eca2394837fcc52ef61873fb237f0b11c82101b6f8b39a6db6b159423dd20b80bcb6b9ce6afe -59 29
2026-06-03T18:14:26.243 IMG_PACKET 43490149471cad9000006c01471cc1917ea81800ddf4fbe1b0a959db74901b0cf42f0730a32aeb794f1b3fa94dec8a37ebb9ffc120b61cde3017f545d499d9e087e00f72ea3345a617ad580c2e775313058ced2cbccfb21a846c23417869fbe09c661f1d1773a0565cdbf0080d247d0c2d286a6d5dbda251d58b4ae2f6317fc1b80e0cb96f833778bfca27e65ebca09c33daffc15c813cdbb032812f68dbbf0f0b238b6142ea917bb68467e88537bcb284ce6e03b424e80d0fc9c99d4e15d86f6845854a39a657a135f8a1f2eca2394837fcc52ef61873fb237f0b11c82101b6f8b39a6db6b159423dd20b80bcb6b9ce6afe RSSI=-59 SNR=29
2026-06-03T18:14:26.284 > p2p rx 0
2026-06-03T18:14:26.286 < >
2026-06-03T18:14:34.770 < >> Ok
2026-06-03T18:14:34.821 < >> radio_rx 43490149471cad9000006c01471cc1917ea81a00ddc194a9895c636fd9fb0960531d4f37f6c0623f259ace636b027d684f5871b964242f032a17f82eb0b44ed43002e9cb95cf9da99f9d9cd939b6fe70f6542f46ecc079213f176ed73cf65513857363c4e4687b8b56de38a7c09a652dd50b191c0b4479fad93a28b6081a04248136c08b7f3fd8db81970ad29c56c19fe807381502c60876bfa29b7470f6dc06bf73584abaf251da0ac5ceda3229d2f28b5a6fc1b389dffd20b6e32fe47036a9294d7b331707ec6df3867f1e7ee88be1d09f6dac807418a79de7734011d1559f7cf49ad4602ca391106c443c796a7f8f8dd6 -57 30
2026-06-03T18:14:34.827 IMG_PACKET 43490149471cad9000006c01471cc1917ea81a00ddc194a9895c636fd9fb0960531d4f37f6c0623f259ace636b027d684f5871b964242f032a17f82eb0b44ed43002e9cb95cf9da99f9d9cd939b6fe70f6542f46ecc079213f176ed73cf65513857363c4e4687b8b56de38a7c09a652dd50b191c0b4479fad93a28b6081a04248136c08b7f3fd8db81970ad29c56c19fe807381502c60876bfa29b7470f6dc06bf73584abaf251da0ac5ceda3229d2f28b5a6fc1b389dffd20b6e32fe47036a9294d7b331707ec6df3867f1e7ee88be1d09f6dac807418a79de7734011d1559f7cf49ad4602ca391106c443c796a7f8f8dd6 RSSI=-57 SNR=30
2026-06-03T18:14:34.866 > p2p rx 0
2026-06-03T18:14:34.868 < >
2026-06-03T18:14:43.354 < >> Ok
2026-06-03T18:14:43.405 < >> radio_rx 43490149471cad9000006c01471cc1917ea81c00ddf21062e1449e33e4323a075a08e15cfe9cdbd792beacb5aab19829498ea862f233b40f4afeea4acd1db33db18c7d31dd1844624c54158d49165e2ee677194039df90940f3ee83fea0100d1d1196d6fd371f577959d879b24a2185147ebdb7e29e6cf2b2ea9dae0f804ea1fa5c588ca811f5a7950d1a68df7e5adbc9ccf920331e7e26037d57aeed351c3327169b6ebb4054708ffda16f3e0200460c73dc1294683f74d575cae209ca6557777f28fa9db4323fd309b6a4da3d2d0c9602578cc0e7328e97e22c14eacc038bfc21ed414a33540f47ce8dae08321146bdbd7 -62 25
2026-06-03T18:14:43.410 IMG_PACKET 43490149471cad9000006c01471cc1917ea81c00ddf21062e1449e33e4323a075a08e15cfe9cdbd792beacb5aab19829498ea862f233b40f4afeea4acd1db33db18c7d31dd1844624c54158d49165e2ee677194039df90940f3ee83fea0100d1d1196d6fd371f577959d879b24a2185147ebdb7e29e6cf2b2ea9dae0f804ea1fa5c588ca811f5a7950d1a68df7e5adbc9ccf920331e7e26037d57aeed351c3327169b6ebb4054708ffda16f3e0200460c73dc1294683f74d575cae209ca6557777f28fa9db4323fd309b6a4da3d2d0c9602578cc0e7328e97e22c14eacc038bfc21ed414a33540f47ce8dae08321146bdbd7 RSSI=-62 SNR=25
2026-06-03T18:14:43.452 > p2p rx 0
2026-06-03T18:14:43.453 < >
2026-06-03T18:14:47.612 < >> Ok
2026-06-03T18:14:47.662 < >> radio_rx 43490149471cad9000006c01471cc1917ea81d00ddd22b505e784e51a28a2798a43e78445c814042b32ab1e19ef16a4ebf1ddfb6363d1a6d9a4d04d44c3ddf8abc108c94623240f6ff463df76e6f974d34249cedca03f7553365956a4610f524d0a4871b8e1d4526a8e2ffbee20413eb33e7b7207603907b1e0382a962bbe05bbdb97c25ccf86c581a24126df0294fbd222bbab8d1c9157c526c4f809af13630a709f17840d91c8ad7776171c88cd9d18f671e98c74d82711415da6e32f5cb5e473ce996e6e0e210c1620c47dd34ab4e69bc9e8e93ff9b267a99e85d21a37cdf12be71a7aaff870341955fabd5b152362ae9 -64 26
2026-06-03T18:14:47.667 IMG_PACKET 43490149471cad9000006c01471cc1917ea81d00ddd22b505e784e51a28a2798a43e78445c814042b32ab1e19ef16a4ebf1ddfb6363d1a6d9a4d04d44c3ddf8abc108c94623240f6ff463df76e6f974d34249cedca03f7553365956a4610f524d0a4871b8e1d4526a8e2ffbee20413eb33e7b7207603907b1e0382a962bbe05bbdb97c25ccf86c581a24126df0294fbd222bbab8d1c9157c526c4f809af13630a709f17840d91c8ad7776171c88cd9d18f671e98c74d82711415da6e32f5cb5e473ce996e6e0e210c1620c47dd34ab4e69bc9e8e93ff9b267a99e85d21a37cdf12be71a7aaff870341955fabd5b152362ae9 RSSI=-64 SNR=26
2026-06-03T18:14:47.710 > p2p rx 0
2026-06-03T18:14:47.712 < >
2026-06-03T18:14:51.870 < >> Ok
2026-06-03T18:14:51.921 < >> radio_rx 43490149471cad9000006c01471cc1917ea81e00dd49690f79fa292d3f97112b1fabee66401de089e267c1eedc55e39ab835e0da7da35e36372a5bce39e30c98c0594c315c2fb9a517efcc312a747c232f6d68ad10c06bfad387553373b923293c38ccf62938cc42baf018c65d3625b61d35aa272fd40f80fa9d57800157dee0a12cfd10a18444803779ebb6b5c8427f86d33d67f1279a67dd5502fabdf7ddfc3b27b2b1b9f22e8e5190695191522991eefbebe72b4ce1499db79e06d7cfba09e16e7ef9a631286e211d4ce0dcd55b6e3bdaa861401562d936d73a9b4e5af4b8d964b233f3a40ce6622ea84655fd103ac0f0 -67 26
2026-06-03T18:14:51.926 IMG_PACKET 43490149471cad9000006c01471cc1917ea81e00dd49690f79fa292d3f97112b1fabee66401de089e267c1eedc55e39ab835e0da7da35e36372a5bce39e30c98c0594c315c2fb9a517efcc312a747c232f6d68ad10c06bfad387553373b923293c38ccf62938cc42baf018c65d3625b61d35aa272fd40f80fa9d57800157dee0a12cfd10a18444803779ebb6b5c8427f86d33d67f1279a67dd5502fabdf7ddfc3b27b2b1b9f22e8e5190695191522991eefbebe72b4ce1499db79e06d7cfba09e16e7ef9a631286e211d4ce0dcd55b6e3bdaa861401562d936d73a9b4e5af4b8d964b233f3a40ce6622ea84655fd103ac0f0 RSSI=-67 SNR=26
2026-06-03T18:14:51.967 > p2p rx 0
2026-06-03T18:14:51.968 < >
2026-06-03T18:15:00.450 < >> Ok
2026-06-03T18:15:00.499 < >> radio_rx 43490149471cad9000006c01471cc1917ea82000dde99cb3fea79a4123af09d54b92fd59fe75c5d188f217f6528ba07a1bb6400ab649bb41b531e6a0d53688d6cdb47f5105bf45a282265927d80db52057939b8699a0112f515a740d9c24975fa97f52a676d3bef71dcb06a188be4879af7a65e2f839a3f5f533a030d3d26fe2134311ad09147dbed6379f4790d6f6a3f8d715d17d0522f9964693d2d95c756bec38435af5640e8cad015f0816adb66244606c084618b6531727272414c8ac0fd81cbb6f5e1a619a8b7d72cb714238a8f8da68a9fe2dc6cac42868e0459e937fe4b6a269aa2cc6905b69c50b3dbd088b3977 -56 27
2026-06-03T18:15:00.505 IMG_PACKET 43490149471cad9000006c01471cc1917ea82000dde99cb3fea79a4123af09d54b92fd59fe75c5d188f217f6528ba07a1bb6400ab649bb41b531e6a0d53688d6cdb47f5105bf45a282265927d80db52057939b8699a0112f515a740d9c24975fa97f52a676d3bef71dcb06a188be4879af7a65e2f839a3f5f533a030d3d26fe2134311ad09147dbed6379f4790d6f6a3f8d715d17d0522f9964693d2d95c756bec38435af5640e8cad015f0816adb66244606c084618b6531727272414c8ac0fd81cbb6f5e1a619a8b7d72cb714238a8f8da68a9fe2dc6cac42868e0459e937fe4b6a269aa2cc6905b69c50b3dbd088b3977 RSSI=-56 SNR=27
2026-06-03T18:15:00.546 > p2p rx 0
2026-06-03T18:15:00.547 < >
2026-06-03T18:15:13.300 < >> Ok
2026-06-03T18:15:13.351 < >> radio_rx 43490149471cad9000006c01471cc1917ea82300dd07b78fc13759cde716b4f6fc3913f4fb69f64125a8de2cdfce7e56d1e9b5931786d7ebc637064569be17cfd86be46af208d5092645cfcc3c4584cad8289bead7168c9397fe15f1c4ee6e80557c8c647236ce33159965fb4d95b317de7dd9ad9a653bb1e4f146c4063fc621b57dffcdc638579ba67de5ca7125f409c1089d5b6ca1eed52999a412b62a391beca04815796e8b4080d22787ff368c69d0b3ae6632ef563c4f89772a845552850116cf20e962b341c2b62ac0d16992f39d86f1bd4581b6107a7b2d57f387176b6798b654470a677ef814360a059d6612c208 -68 23
2026-06-03T18:15:13.357 IMG_PACKET 43490149471cad9000006c01471cc1917ea82300dd07b78fc13759cde716b4f6fc3913f4fb69f64125a8de2cdfce7e56d1e9b5931786d7ebc637064569be17cfd86be46af208d5092645cfcc3c4584cad8289bead7168c9397fe15f1c4ee6e80557c8c647236ce33159965fb4d95b317de7dd9ad9a653bb1e4f146c4063fc621b57dffcdc638579ba67de5ca7125f409c1089d5b6ca1eed52999a412b62a391beca04815796e8b4080d22787ff368c69d0b3ae6632ef563c4f89772a845552850116cf20e962b341c2b62ac0d16992f39d86f1bd4581b6107a7b2d57f387176b6798b654470a677ef814360a059d6612c208 RSSI=-68 SNR=23
2026-06-03T18:15:13.396 > p2p rx 0
2026-06-03T18:15:13.397 < >
2026-06-03T18:15:17.608 < >> Ok
2026-06-03T18:15:17.659 < >> radio_rx 43490149471cad9000006c01471cc1917ea82400dd59bbbe418f10d5a41dfe5d6e02594c079e7c804dde62e4fe8d61881ca5b9c9f7f42aa44a9074786781e88307e05dddd6285ef149b9b22662fd6e2da35f0ee57f964641ff94a57ed4b5898b5309bdf36cb27c2324f6ecfb8447a22cb8f307acc113e75d1e54d2678b8ab7f10d3caf34b69480758c0745787272a4bab751489f409ca6a9a82e0ac625c5528957a68ce701941c65d56fa6f9fc53fe04551517fa39012a1623872282f8ec7a56d7547ff1764eccb9dc75a2ccee536cec05ce6d58fc68118e8c2a6abdad4d5e09de1c635c0f1358703e58155061e64bea4202 -74 25
2026-06-03T18:15:17.664 IMG_PACKET 43490149471cad9000006c01471cc1917ea82400dd59bbbe418f10d5a41dfe5d6e02594c079e7c804dde62e4fe8d61881ca5b9c9f7f42aa44a9074786781e88307e05dddd6285ef149b9b22662fd6e2da35f0ee57f964641ff94a57ed4b5898b5309bdf36cb27c2324f6ecfb8447a22cb8f307acc113e75d1e54d2678b8ab7f10d3caf34b69480758c0745787272a4bab751489f409ca6a9a82e0ac625c5528957a68ce701941c65d56fa6f9fc53fe04551517fa39012a1623872282f8ec7a56d7547ff1764eccb9dc75a2ccee536cec05ce6d58fc68118e8c2a6abdad4d5e09de1c635c0f1358703e58155061e64bea4202 RSSI=-74 SNR=25
2026-06-03T18:15:17.705 > p2p rx 0
2026-06-03T18:15:17.706 < >
2026-06-03T18:15:21.875 < >> Ok
2026-06-03T18:15:21.924 < >> radio_rx 43490149471cad9000006c01471cc1917ea82500dd54908ebfceeb20ef7d21ce619b5b0742d6a4a2e49ba3583ea389622d9838c247ea711a11460bbada1418ae0681596db7a35c83f3a37f2ccb319f43bc88b08ce66c5dbdd12d3d1df9786a96d20a983e61668df807a011ffcef2e6a6634c2d77c50eed195cf770e31d05c580856f79f15fb7ed993e4f406b8476bfd3d7b7aaf2faf01cbf900dc23e307348fec6192ec89727f95f5edb0ffa28553b0e37f5663dfe05cccad9402d7cf70a6c72da912c6bf3a0c95b2fc63041e7fff1152f53f552ed1eb0e3277389fd4b07fd09c591b67109f2fd61d553386f4a11d07c0ff4 -61 23
2026-06-03T18:15:21.929 IMG_PACKET 43490149471cad9000006c01471cc1917ea82500dd54908ebfceeb20ef7d21ce619b5b0742d6a4a2e49ba3583ea389622d9838c247ea711a11460bbada1418ae0681596db7a35c83f3a37f2ccb319f43bc88b08ce66c5dbdd12d3d1df9786a96d20a983e61668df807a011ffcef2e6a6634c2d77c50eed195cf770e31d05c580856f79f15fb7ed993e4f406b8476bfd3d7b7aaf2faf01cbf900dc23e307348fec6192ec89727f95f5edb0ffa28553b0e37f5663dfe05cccad9402d7cf70a6c72da912c6bf3a0c95b2fc63041e7fff1152f53f552ed1eb0e3277389fd4b07fd09c591b67109f2fd61d553386f4a11d07c0ff4 RSSI=-61 SNR=23
2026-06-03T18:15:21.970 > p2p rx 0
2026-06-03T18:15:21.972 < >
2026-06-03T18:15:30.379 < >> Ok
2026-06-03T18:15:30.381 < >> radio_err
2026-06-03T18:15:30.679 > p2p rx 0
2026-06-03T18:15:30.680 < >
2026-06-03T18:15:38.979 < >> Ok
2026-06-03T18:15:39.029 < >> radio_rx 43490149471cad9000006c01471cc1917ea82900dd0ee6e2204fc270e6ec36be96f9c5604feb84e6864846f02c5d996f3f9d3ac6578b1a85f1e3cbdbc79b32aa54521381e872f121daaa814a93d71142142a413fbf45c197898b830d404f18781c79e90b3f793c7c0051f69e24bfe355d1069597d9b6aefab10a20e6ffea862aad71bf2a17ecde73e3aabd4a54e7a718a3d88e76808764459498bd4cf9556842da6598a63bc93fdd46c4af420bd47dca9838a3af6534d12a3c42a958e716f0677b002288d7a6f76bf88aca4dd41b004a17206ba9a8a39e81765f4d2627c6a346c9391e30331f750d4b2bd7032811cf15ab19 -70 26
2026-06-03T18:15:39.034 IMG_PACKET 43490149471cad9000006c01471cc1917ea82900dd0ee6e2204fc270e6ec36be96f9c5604feb84e6864846f02c5d996f3f9d3ac6578b1a85f1e3cbdbc79b32aa54521381e872f121daaa814a93d71142142a413fbf45c197898b830d404f18781c79e90b3f793c7c0051f69e24bfe355d1069597d9b6aefab10a20e6ffea862aad71bf2a17ecde73e3aabd4a54e7a718a3d88e76808764459498bd4cf9556842da6598a63bc93fdd46c4af420bd47dca9838a3af6534d12a3c42a958e716f0677b002288d7a6f76bf88aca4dd41b004a17206ba9a8a39e81765f4d2627c6a346c9391e30331f750d4b2bd7032811cf15ab19 RSSI=-70 SNR=26
2026-06-03T18:15:39.076 > p2p rx 0
2026-06-03T18:15:39.077 < >
2026-06-03T18:15:43.239 < >> Ok
2026-06-03T18:15:43.292 < >> radio_rx 43490149471cad9000006c01471cc1917ea82a00dd0aad9260c201b7ec1590e392b0791052ce786056ff63e24e4f0a300bfa34605051f309a7d0a3257175dd119df5d3e87c363bac5829e456a5b78e9d57717ad048dae181fe174ace5681199e8cd126429196f028954158ea27743b7540b3b4dbb755c1f6b65442ecd4a281a06c5e73d2420ce6a479e8cbcd8fd4ee69dee0b8f763528d14dee76d644d36a1c70eb5443063c21cb94386f7ee0f3276716e976df36ab5967740503f52dac630058b6656763681bc0dccc728896d4435349970cbd670f58f7e87b6fb22839781b6f00d1f1f2a8493881fbc47a503799ad88fd9 -70 27
2026-06-03T18:15:43.298 IMG_PACKET 43490149471cad9000006c01471cc1917ea82a00dd0aad9260c201b7ec1590e392b0791052ce786056ff63e24e4f0a300bfa34605051f309a7d0a3257175dd119df5d3e87c363bac5829e456a5b78e9d57717ad048dae181fe174ace5681199e8cd126429196f028954158ea27743b7540b3b4dbb755c1f6b65442ecd4a281a06c5e73d2420ce6a479e8cbcd8fd4ee69dee0b8f763528d14dee76d644d36a1c70eb5443063c21cb94386f7ee0f3276716e976df36ab5967740503f52dac630058b6656763681bc0dccc728896d4435349970cbd670f58f7e87b6fb22839781b6f00d1f1f2a8493881fbc47a503799ad88fd9 RSSI=-70 SNR=27
2026-06-03T18:15:43.335 > p2p rx 0
2026-06-03T18:15:43.336 < >
2026-06-03T18:15:47.548 < >> Ok
2026-06-03T18:15:47.599 < >> radio_rx 43490149471cad9000006c01471cc1917ea82b00ddb40f1582b4d2ace85c2e151caefe3cf656865cf0b0266cc9c081ba7e90514f60d3598cd400e818727529c44d09d065102cd7381f598d5c5568c329915ab38c120702ba2d1c45b13d8704dfb0f371f1fea284f2815402396559572d42f52cad7e1933cecd7062c02bf1d8d8415a0575a20da3641df01a68e0ba8884c02aaf1803f7982b0c867a265e62cfd0a6cd25553a209b7f9051b6a8e1e509a6fd2fcac0370d6009a1997a5446b7b051228a8cd3ca0685b6c100e9284508d2003813381bc16d6a448b1d75f0642088dc06cad87527279569126e59297cbb2f4c42ed -68 28
2026-06-03T18:15:47.604 IMG_PACKET 43490149471cad9000006c01471cc1917ea82b00ddb40f1582b4d2ace85c2e151caefe3cf656865cf0b0266cc9c081ba7e90514f60d3598cd400e818727529c44d09d065102cd7381f598d5c5568c329915ab38c120702ba2d1c45b13d8704dfb0f371f1fea284f2815402396559572d42f52cad7e1933cecd7062c02bf1d8d8415a0575a20da3641df01a68e0ba8884c02aaf1803f7982b0c867a265e62cfd0a6cd25553a209b7f9051b6a8e1e509a6fd2fcac0370d6009a1997a5446b7b051228a8cd3ca0685b6c100e9284508d2003813381bc16d6a448b1d75f0642088dc06cad87527279569126e59297cbb2f4c42ed RSSI=-68 SNR=28
2026-06-03T18:15:47.643 > p2p rx 0
2026-06-03T18:15:47.645 < >
2026-06-03T18:15:51.834 < >> Ok
2026-06-03T18:15:51.835 < >> radio_err
2026-06-03T18:15:52.133 > p2p rx 0
2026-06-03T18:15:52.134 < >
2026-06-03T18:15:56.168 < >> Ok
2026-06-03T18:15:56.217 < >> radio_rx 43490149471cad9000006c01471cc1917ea82d00ddde6eebd5edd22375cda63f066dc3a15a7a5d9c2c1fa0778b437cef166ccf4f165fb5f6cee4086408219d6969b6acc78dae04d872275318346d746cfa3f63451086d41bad4c6ac0a9b1b1b9eb5ecce7b3a59c5e5ef72ba44ed063b2d8a7deaec945786c4b0d58db9ea13783037bee8e2f2bb0f01a7f959023caf0b5c3b7218cb8f72b789cda8ca71d0436e584830670f88bfc18335116a72a4b6915bbf41d2f889e255ca0ca8df521325eb718bafe679675c3f4cb925b57521b19053eae98cb7d8e5065e1626e72f6e0c6858dc2eae35cef57ff2f0b143eaadd67f481f3 -57 28
2026-06-03T18:15:56.225 IMG_PACKET 43490149471cad9000006c01471cc1917ea82d00ddde6eebd5edd22375cda63f066dc3a15a7a5d9c2c1fa0778b437cef166ccf4f165fb5f6cee4086408219d6969b6acc78dae04d872275318346d746cfa3f63451086d41bad4c6ac0a9b1b1b9eb5ecce7b3a59c5e5ef72ba44ed063b2d8a7deaec945786c4b0d58db9ea13783037bee8e2f2bb0f01a7f959023caf0b5c3b7218cb8f72b789cda8ca71d0436e584830670f88bfc18335116a72a4b6915bbf41d2f889e255ca0ca8df521325eb718bafe679675c3f4cb925b57521b19053eae98cb7d8e5065e1626e72f6e0c6858dc2eae35cef57ff2f0b143eaadd67f481f3 RSSI=-57 SNR=28
2026-06-03T18:15:56.264 > p2p rx 0
2026-06-03T18:15:56.265 < >
2026-06-03T18:16:09.019 < >> Ok
2026-06-03T18:16:09.068 < >> radio_rx 43490149471cad9000006c01471cc1917ea83000ddd4f294d72c1a91730208c86faef6de6364392375fbff1d9b50d753cb628c2b38e5a6aae0ee371bf1e4d515c47583856904f7d335fc865f8ba814ddab6dd740a5ae52bad7a93ab6be1b07f27d97f44a608a665a4a2b02e7b21551741db51b0750266abd3984b3c633f0f20edb340ec22404f8214f3a5d01024dc8fb103975576afbb8777255730cbf6836c028c6e3ddbd2138e4a0d71e85b28e758a443db6bd0397fcd546db0cc8229b6987f2131c85dd2efe20addd7d564d1d4605dfb6cb8f7fe4e2bb3592c6d305ccf441f70d8e029db0208897408a328e78e67b2c7e -59 27
2026-06-03T18:16:09.073 IMG_PACKET 43490149471cad9000006c01471cc1917ea83000ddd4f294d72c1a91730208c86faef6de6364392375fbff1d9b50d753cb628c2b38e5a6aae0ee371bf1e4d515c47583856904f7d335fc865f8ba814ddab6dd740a5ae52bad7a93ab6be1b07f27d97f44a608a665a4a2b02e7b21551741db51b0750266abd3984b3c633f0f20edb340ec22404f8214f3a5d01024dc8fb103975576afbb8777255730cbf6836c028c6e3ddbd2138e4a0d71e85b28e758a443db6bd0397fcd546db0cc8229b6987f2131c85dd2efe20addd7d564d1d4605dfb6cb8f7fe4e2bb3592c6d305ccf441f70d8e029db0208897408a328e78e67b2c7e RSSI=-59 SNR=27
2026-06-03T18:16:09.115 > p2p rx 0
2026-06-03T18:16:09.116 < >
2026-06-03T18:16:17.599 < >> Ok
2026-06-03T18:16:17.650 < >> radio_rx 43490149471cad9000006c01471cc1917ea83200ddb617da677e6e4f1236aab2d16bbacce4fe3b43c94230a0ef54857118574afbf70d18f26713e7f95494ac950c294040ba66331baa727235d02ee29d72f3506b14b21ab38efa2fe54ab2c837b3acc875c7758812f0072e3c9e5b3f0265a14741109e171fcf9fed8ab4f1248eb577320218ed470a2a9496c89f5ee39b099230bb1e567b5ee40999fa27bbb53eaa80dd10149b01d467644775070ee39dd3be986f6fc3cfd8d20499fab1e1ca19e193adbfec4b9fc7bf737f9320f6977636f21f17df9e500615dfe79429e0de8ae8994901ac247135d72c213bd0b093971773 -58 27
2026-06-03T18:16:17.655 IMG_PACKET 43490149471cad9000006c01471cc1917ea83200ddb617da677e6e4f1236aab2d16bbacce4fe3b43c94230a0ef54857118574afbf70d18f26713e7f95494ac950c294040ba66331baa727235d02ee29d72f3506b14b21ab38efa2fe54ab2c837b3acc875c7758812f0072e3c9e5b3f0265a14741109e171fcf9fed8ab4f1248eb577320218ed470a2a9496c89f5ee39b099230bb1e567b5ee40999fa27bbb53eaa80dd10149b01d467644775070ee39dd3be986f6fc3cfd8d20499fab1e1ca19e193adbfec4b9fc7bf737f9320f6977636f21f17df9e500615dfe79429e0de8ae8994901ac247135d72c213bd0b093971773 RSSI=-58 SNR=27
2026-06-03T18:16:17.696 > p2p rx 0
2026-06-03T18:16:17.697 < >
2026-06-03T18:16:21.908 < >> Ok
2026-06-03T18:16:21.959 < >> radio_rx 43490149471cad9000006c01471cc1917ea83300ddffd9b327934a87ac61b742dade640864786687ceeb3039a173353dd90e23be157fc7ff807381deff7844fa6d0fe41d3d8d22c395f7b4d5647df4cb6949342c4c1d66a727d20fa8d4bb5e81ea1c214549da8ada78ca8f2792916827b0cc3cd806d5a7c3c330094aad74ff06a7dd7013edfe7220653f7f0770d3f60f1e6a90ac50e51b360e82d1e1a31668510c462146705be4fba7742369b7bf6b798846693204e7d17cc802a30a15e27932507cf77b785c6779f2bb485e1ba8e6160ea80dc51d5c4a64993fce093c91777981b7771fb45b987cefe54aca8e23c25c3c61 -57 27
2026-06-03T18:16:21.964 IMG_PACKET 43490149471cad9000006c01471cc1917ea83300ddffd9b327934a87ac61b742dade640864786687ceeb3039a173353dd90e23be157fc7ff807381deff7844fa6d0fe41d3d8d22c395f7b4d5647df4cb6949342c4c1d66a727d20fa8d4bb5e81ea1c214549da8ada78ca8f2792916827b0cc3cd806d5a7c3c330094aad74ff06a7dd7013edfe7220653f7f0770d3f60f1e6a90ac50e51b360e82d1e1a31668510c462146705be4fba7742369b7bf6b798846693204e7d17cc802a30a15e27932507cf77b785c6779f2bb485e1ba8e6160ea80dc51d5c4a64993fce093c91777981b7771fb45b987cefe54aca8e23c25c3c61 RSSI=-57 SNR=27
2026-06-03T18:16:22.003 > p2p rx 0
2026-06-03T18:16:22.005 < >
2026-06-03T18:16:26.215 < >> Ok
2026-06-03T18:16:26.264 < >> radio_rx 43490149471cad9000006c01471cc1917ea83400dd1d0d7f3d19b8bb378a49724d5e6a03f6aa4f0eb1586610c8d7bf619245e3fa583a48167ef82eb45684b8c65faa71a13315d2483f78d045de63109682566204c4346c219b1b92bcbd97ec03274a347f2f2b381f4d0615c11ab4162ea24e658c2726bfdaa63956a5a8406e6f32d94f870161cf3d9f3fefa5ffc6a4b64f3371e2136f4cf1d1888d5ab83530d456db46e27fba7ccb16496b05219228b4b7c1c2bf6f8fc50a2b2f39f137221f1a82f2e6dfcb84279954fe1af2da26327cb00afd05060dd21ccea3618b0b433d24c24fb111c8e297b73844c8a8d90d31baaa64 -64 26
2026-06-03T18:16:26.269 IMG_PACKET 43490149471cad9000006c01471cc1917ea83400dd1d0d7f3d19b8bb378a49724d5e6a03f6aa4f0eb1586610c8d7bf619245e3fa583a48167ef82eb45684b8c65faa71a13315d2483f78d045de63109682566204c4346c219b1b92bcbd97ec03274a347f2f2b381f4d0615c11ab4162ea24e658c2726bfdaa63956a5a8406e6f32d94f870161cf3d9f3fefa5ffc6a4b64f3371e2136f4cf1d1888d5ab83530d456db46e27fba7ccb16496b05219228b4b7c1c2bf6f8fc50a2b2f39f137221f1a82f2e6dfcb84279954fe1af2da26327cb00afd05060dd21ccea3618b0b433d24c24fb111c8e297b73844c8a8d90d31baaa64 RSSI=-64 SNR=26
2026-06-03T18:16:26.311 > p2p rx 0
2026-06-03T18:16:26.313 < >
2026-06-03T18:16:34.788 < >> Ok
2026-06-03T18:16:34.841 < >> radio_rx 43490149471cad9000006c01471cc1917ea83600ddf9ae671ce7189904c8ec5c1b288cfbba47651815182772627a3debc78c39830b00b1db56f1001594bb8d2de367befb323a76a91d39561dbfe683ce1b6e6472d950d7716563576861b94b28720d3739b782a2af38b29c1b28539dde8b333a8c19050e69d84bb4cdda00a794e2da6c237dba81875796863ae86669ee4c82feae3c0d4a7cc9c0ac3e8e352deb2f3b0531a219ad8786546ddabbf956e2d44e75608626d51a8ddbb687e340f85a994953b84c83861ab0c5ca854cdf76a803d8467ed07da510e81089a8f952a53c6fddfecbc2e1f9f318ddc3ceb3e4bdf1f86e -59 26
2026-06-03T18:16:34.847 IMG_PACKET 43490149471cad9000006c01471cc1917ea83600ddf9ae671ce7189904c8ec5c1b288cfbba47651815182772627a3debc78c39830b00b1db56f1001594bb8d2de367befb323a76a91d39561dbfe683ce1b6e6472d950d7716563576861b94b28720d3739b782a2af38b29c1b28539dde8b333a8c19050e69d84bb4cdda00a794e2da6c237dba81875796863ae86669ee4c82feae3c0d4a7cc9c0ac3e8e352deb2f3b0531a219ad8786546ddabbf956e2d44e75608626d51a8ddbb687e340f85a994953b84c83861ab0c5ca854cdf76a803d8467ed07da510e81089a8f952a53c6fddfecbc2e1f9f318ddc3ceb3e4bdf1f86e RSSI=-59 SNR=26
2026-06-03T18:16:34.886 > p2p rx 0
2026-06-03T18:16:34.887 < >
2026-06-03T18:16:39.097 < >> Ok
2026-06-03T18:16:39.146 < >> radio_rx 43490149471cad9000006c01471cc1917ea83700dd162ede0be8eaa4a30b0296ca0db3f0a6d0c938853570781dd83b74eeeb50361a3fed8a1e90e2f4f5b3f3607b364abd04dd9aa155c8ed57845fd7f4ed9e4b1e3ad617a80d9c036586738947c491ed76e29411f1801b4acbdb31a0408f3a806ea4223885ed9e9d23b2ef6bc1df37237705f4a45659ff700ec035138310459d0bc20f421536ae68d43427baa031fc48c4d06306d7c3f788d8e987ee21cae93e33b4e330608f1416c661b8be609c80c0e071229e45f33dff5ee3b7bbd2ebd8fbd18d03e2542489ae2c82e1637f1dcd1b54e7736bb68cb91a0d07f5336f5087 -59 22
2026-06-03T18:16:39.151 IMG_PACKET 43490149471cad9000006c01471cc1917ea83700dd162ede0be8eaa4a30b0296ca0db3f0a6d0c938853570781dd83b74eeeb50361a3fed8a1e90e2f4f5b3f3607b364abd04dd9aa155c8ed57845fd7f4ed9e4b1e3ad617a80d9c036586738947c491ed76e29411f1801b4acbdb31a0408f3a806ea4223885ed9e9d23b2ef6bc1df37237705f4a45659ff700ec035138310459d0bc20f421536ae68d43427baa031fc48c4d06306d7c3f788d8e987ee21cae93e33b4e330608f1416c661b8be609c80c0e071229e45f33dff5ee3b7bbd2ebd8fbd18d03e2542489ae2c82e1637f1dcd1b54e7736bb68cb91a0d07f5336f5087 RSSI=-59 SNR=22
2026-06-03T18:16:39.192 > p2p rx 0
2026-06-03T18:16:39.193 < >
2026-06-03T18:16:51.939 < >> Ok
2026-06-03T18:16:51.990 < >> radio_rx 43490149471cad9000006c01471cc1917ea83a00dd44b948f4d3bf19971dabed79b01b384d8b66053bbc7cd0f2596278a7b9024353371a6b637cc77edb107da835bea9935d6b234ad4386741afdc200ec9fe60be55f0d429d7d4463930594fee4f1276726d1320ced73faf3ca094c0717cd7e716184a5993a4a9d416712701c4b193f9d652ff21ab5115edfcb0b7463dc5307639646d9ced9a0edde7925a567aca1505f7b04c4dfaacac776c81bacb217d41776e394ae115a0ec19dce61a133f4a586cdbb60d9e1ce6850c10dec4092fccf00df502a40dc6b6f0ce07fa739375d7b3ef3d10f28ff361581574435cf868981b -60 25
2026-06-03T18:16:51.995 IMG_PACKET 43490149471cad9000006c01471cc1917ea83a00dd44b948f4d3bf19971dabed79b01b384d8b66053bbc7cd0f2596278a7b9024353371a6b637cc77edb107da835bea9935d6b234ad4386741afdc200ec9fe60be55f0d429d7d4463930594fee4f1276726d1320ced73faf3ca094c0717cd7e716184a5993a4a9d416712701c4b193f9d652ff21ab5115edfcb0b7463dc5307639646d9ced9a0edde7925a567aca1505f7b04c4dfaacac776c81bacb217d41776e394ae115a0ec19dce61a133f4a586cdbb60d9e1ce6850c10dec4092fccf00df502a40dc6b6f0ce07fa739375d7b3ef3d10f28ff361581574435cf868981b RSSI=-60 SNR=25
2026-06-03T18:16:52.036 > p2p rx 0
2026-06-03T18:16:52.037 < >
2026-06-03T18:17:00.518 < >> Ok
2026-06-03T18:17:00.569 < >> radio_rx 43490149471cad9000006c01471cc1917ea83c00dd46da2dbe3b49f63bf4f1ba2923554990b5d22a44a1179e76e0a22f359afc0afbe0ebba23800dc27f3f457d29de33f721a9028dffbbcc636b1206b61f9c9eb85d1a6b8da722a992110189c4964410726fe5b5caefc948dd009e4ea1a437a8b4f5d4baeaf7d53d95f9982b16e31916e9b978146eeb076a1a0484f1b07322b4bebe569d3140c99e0ccb28381edb7bf7adfefda3a75cd23178ba125f9e659fa0023a77d68472175db6ff835e0872db5fada3d613a32fc143732f7ae32a916eba60ad502e7364e857056e3cb6921834c7b6807edcc2603804cd1900e89a663a -61 22
2026-06-03T18:17:00.574 IMG_PACKET 43490149471cad9000006c01471cc1917ea83c00dd46da2dbe3b49f63bf4f1ba2923554990b5d22a44a1179e76e0a22f359afc0afbe0ebba23800dc27f3f457d29de33f721a9028dffbbcc636b1206b61f9c9eb85d1a6b8da722a992110189c4964410726fe5b5caefc948dd009e4ea1a437a8b4f5d4baeaf7d53d95f9982b16e31916e9b978146eeb076a1a0484f1b07322b4bebe569d3140c99e0ccb28381edb7bf7adfefda3a75cd23178ba125f9e659fa0023a77d68472175db6ff835e0872db5fada3d613a32fc143732f7ae32a916eba60ad502e7364e857056e3cb6921834c7b6807edcc2603804cd1900e89a663a RSSI=-61 SNR=22
2026-06-03T18:17:00.614 > p2p rx 0
2026-06-03T18:17:00.615 < >
2026-06-03T18:17:04.827 < >> Ok
2026-06-03T18:17:04.879 < >> radio_rx 43490149471cad9000006c01471cc1917ea83d00dd51a3bb21a11f1602abcb17ecb92a160f8fdfc4295c6aa04fd3e5f28ef3c3d6bc2118c205af6336ae0b3fd1c7b15bd8be69b13a05f73ab8a5fcaa1f24b8ade447337997cc6ebb5f23a51251febca774f66ab3b29f9b3b9aecd9df34d3a4a0fbcb218b56a76c26e7f47ee1a7f60f4eaad9bc0a7743d1e85328107afd535f668e3b1ee431fe05e8cad2fef55824cb99c6c27100609f431d79e8fb608ef319ec13336fa128ae40de71686ae3c693afcbfd766a23df7746208d62ccfef9d681a7e33d9e3ab498d9fdd438ece8c8e93e33a28ebb0736dbb0736b904eaf942425 -63 27
2026-06-03T18:17:04.884 IMG_PACKET 43490149471cad9000006c01471cc1917ea83d00dd51a3bb21a11f1602abcb17ecb92a160f8fdfc4295c6aa04fd3e5f28ef3c3d6bc2118c205af6336ae0b3fd1c7b15bd8be69b13a05f73ab8a5fcaa1f24b8ade447337997cc6ebb5f23a51251febca774f66ab3b29f9b3b9aecd9df34d3a4a0fbcb218b56a76c26e7f47ee1a7f60f4eaad9bc0a7743d1e85328107afd535f668e3b1ee431fe05e8cad2fef55824cb99c6c27100609f431d79e8fb608ef319ec13336fa128ae40de71686ae3c693afcbfd766a23df7746208d62ccfef9d681a7e33d9e3ab498d9fdd438ece8c8e93e33a28ebb0736dbb0736b904eaf942425 RSSI=-63 SNR=27
2026-06-03T18:17:04.924 > p2p rx 0
2026-06-03T18:17:04.926 < >
2026-06-03T18:17:13.408 < >> Ok
2026-06-03T18:17:13.459 < >> radio_rx 43490149471cad9000006c01471cc1917ea83f00ddf55a926c7483071e0b5b80ba814f51a7b62e3f8f231f23d26ff7cbe35e1dab54b30fcd5942f2f4a36ed2cf3112e18839f8516677b1c47298d9c5ba8054ac6c1ab5328ddf51e6eabb02f6a0c0086cf1b6ff775a56038431f2db58be6693914ca6a0a4bfeb41675228523fbcfde8d3bc34fffeab2caff45f077e7aa3f6e00afd2906a2c749a76716ed213b3fb7855807087f75b5aab2114f28e32e883c4ef16a05ee5d1a1d1cc8742ea2ac81d00059a304483eb767c6014bb37aa5cb209fc7949bc47145a276c78b999dee8c548fca1d85c4829519a189f8d2034d6be169 -64 26
2026-06-03T18:17:13.464 IMG_PACKET 43490149471cad9000006c01471cc1917ea83f00ddf55a926c7483071e0b5b80ba814f51a7b62e3f8f231f23d26ff7cbe35e1dab54b30fcd5942f2f4a36ed2cf3112e18839f8516677b1c47298d9c5ba8054ac6c1ab5328ddf51e6eabb02f6a0c0086cf1b6ff775a56038431f2db58be6693914ca6a0a4bfeb41675228523fbcfde8d3bc34fffeab2caff45f077e7aa3f6e00afd2906a2c749a76716ed213b3fb7855807087f75b5aab2114f28e32e883c4ef16a05ee5d1a1d1cc8742ea2ac81d00059a304483eb767c6014bb37aa5cb209fc7949bc47145a276c78b999dee8c548fca1d85c4829519a189f8d2034d6be169 RSSI=-64 SNR=26
2026-06-03T18:17:13.505 > p2p rx 0
2026-06-03T18:17:13.506 < >
2026-06-03T18:17:21.989 < >> Ok
2026-06-03T18:17:22.040 < >> radio_rx 43490149471cad9000006c01471cc1917ea84100dd41960cdb654d3dab88066ce08c9a3266eeec7946a679ac1317a49d0e554754085933f8720b3980bf4a767ecf391941e2180c97bcd44b7ed19f05cc889fe7aff603be15241b6d3f7ac7cd548e6d193446db27c10e55dae9ae0faab067434700530730618863a80d3b0227d123860dbadd70a99ab2f75b6c85e83f73efe114be0263739f331c332c9e102dc5435131375af862a18ee6ac822b5ccc9825b09255be217b79fd0dc0884fc69a865b53cddcb013b059daff8173d1bec55686c0e4775aa24f5355d559182ae6361f5b26baead5bd9a87d03a5a899b130a4ee58c -61 27
2026-06-03T18:17:22.046 IMG_PACKET 43490149471cad9000006c01471cc1917ea84100dd41960cdb654d3dab88066ce08c9a3266eeec7946a679ac1317a49d0e554754085933f8720b3980bf4a767ecf391941e2180c97bcd44b7ed19f05cc889fe7aff603be15241b6d3f7ac7cd548e6d193446db27c10e55dae9ae0faab067434700530730618863a80d3b0227d123860dbadd70a99ab2f75b6c85e83f73efe114be0263739f331c332c9e102dc5435131375af862a18ee6ac822b5ccc9825b09255be217b79fd0dc0884fc69a865b53cddcb013b059daff8173d1bec55686c0e4775aa24f5355d559182ae6361f5b26baead5bd9a87d03a5a899b130a4ee58c RSSI=-61 SNR=27
2026-06-03T18:17:22.085 > p2p rx 0
2026-06-03T18:17:22.087 < >
2026-06-03T18:17:26.248 < >> Ok
2026-06-03T18:17:26.298 < >> radio_rx 43490149471cad9000006c01471cc1917ea84200dd6d06cb8f2f915dfe9b2eb883d8ddffc5908633cca47da67951644b3e8fb964e048be3ef81b6d7828cdb596212a8758f498ec2b87f33e6027d61bec12ac2d78f9e2f2e06838909554c3a00a041fb818d2d121be93ccaae89fec96289b982e2798d6a8e671793321453b9625c5d503681e722cde1fe98fa7836c1c5278ab6dc224ae89983e95a78c52684f82dbcad8ab8bca9b6a61ce56146eb11edeeb871bc4a9ca9d309cbf0222a6487e032a939becc3825a8ec3d7c58c3bcce138aa345625c19b064c508b0a398dacd09a7d7d7ceccaee3bc3c573058806c0e71ffd53 -67 24
2026-06-03T18:17:26.303 IMG_PACKET 43490149471cad9000006c01471cc1917ea84200dd6d06cb8f2f915dfe9b2eb883d8ddffc5908633cca47da67951644b3e8fb964e048be3ef81b6d7828cdb596212a8758f498ec2b87f33e6027d61bec12ac2d78f9e2f2e06838909554c3a00a041fb818d2d121be93ccaae89fec96289b982e2798d6a8e671793321453b9625c5d503681e722cde1fe98fa7836c1c5278ab6dc224ae89983e95a78c52684f82dbcad8ab8bca9b6a61ce56146eb11edeeb871bc4a9ca9d309cbf0222a6487e032a939becc3825a8ec3d7c58c3bcce138aa345625c19b064c508b0a398dacd09a7d7d7ceccaee3bc3c573058806c0e71ffd53 RSSI=-67 SNR=24
2026-06-03T18:17:26.346 > p2p rx 0
2026-06-03T18:17:26.347 < >
2026-06-03T18:17:34.828 < >> Ok
2026-06-03T18:17:34.878 < >> radio_rx 43490149471cad9000006c01471cc1917ea84400dd1c4870663ba76b3a2cec70c1de31034ca954a35111f3d60633c61fabb4a2f0a01937d93f2e1698d16a5df0a4052bdb8222e924e1ce86763656da90df46294b4f2b0d2ee1de64af1072dfc6430c3e56a3727d72ef07ea5f6e8f2191a0ef3ddc97c5de85ba464f76f2d251e572a3945f95b34e15f9e9ff7c3302d51e517b4ca7f472659f9c721b6ccdf683a1352c88b90d09cdd4e686c845151dcb4fa94e1df7c46995cd7521533298dd34f760c09122eca34417ab21b87db5c220748eae60cb297c3f851dcd300427dee3e1d0b9cf761abd62f569f5570c0a89bf4ceb42 -61 27
2026-06-03T18:17:34.883 IMG_PACKET 43490149471cad9000006c01471cc1917ea84400dd1c4870663ba76b3a2cec70c1de31034ca954a35111f3d60633c61fabb4a2f0a01937d93f2e1698d16a5df0a4052bdb8222e924e1ce86763656da90df46294b4f2b0d2ee1de64af1072dfc6430c3e56a3727d72ef07ea5f6e8f2191a0ef3ddc97c5de85ba464f76f2d251e572a3945f95b34e15f9e9ff7c3302d51e517b4ca7f472659f9c721b6ccdf683a1352c88b90d09cdd4e686c845151dcb4fa94e1df7c46995cd7521533298dd34f760c09122eca34417ab21b87db5c220748eae60cb297c3f851dcd300427dee3e1d0b9cf761abd62f569f5570c0a89bf4ceb42 RSSI=-61 SNR=27
2026-06-03T18:17:34.924 > p2p rx 0
2026-06-03T18:17:34.926 < >
2026-06-03T18:17:39.115 < >> Ok
2026-06-03T18:17:39.117 < >> radio_err
2026-06-03T18:17:39.416 > p2p rx 0
2026-06-03T18:17:39.417 < >
2026-06-03T18:17:47.678 < >> Ok
2026-06-03T18:17:47.729 < >> radio_rx 43490149471cad9000006c01471cc1917ea84700dd0daf52b547e7c642ed43303a080ed4c79dc5240ebc85ed15ecd506db0a4686687a62e7aebe507bcf2713cd8ab8a2e2cfd69b265c7a47a91465e37dd70b49d2c2eaa511f8e62068f8f911668859b45142d454fe393867ad99e0fb897b8bb471a3d92539c45601a7aac055f45fc358da01fbd20b5550f52aa986e9a2f52a979c19a406d739b18bf5830c59836024c365045964d0cacda4ea6b864407779927ee9c887f9ed52072a58932b10675a736c9898dd506cba1ad101757f35ee096f3ffc985b93fbe73a92064c88c400f1f8d1aac9720560068b80027b66355df90 -59 27
2026-06-03T18:17:47.735 IMG_PACKET 43490149471cad9000006c01471cc1917ea84700dd0daf52b547e7c642ed43303a080ed4c79dc5240ebc85ed15ecd506db0a4686687a62e7aebe507bcf2713cd8ab8a2e2cfd69b265c7a47a91465e37dd70b49d2c2eaa511f8e62068f8f911668859b45142d454fe393867ad99e0fb897b8bb471a3d92539c45601a7aac055f45fc358da01fbd20b5550f52aa986e9a2f52a979c19a406d739b18bf5830c59836024c365045964d0cacda4ea6b864407779927ee9c887f9ed52072a58932b10675a736c9898dd506cba1ad101757f35ee096f3ffc985b93fbe73a92064c88c400f1f8d1aac9720560068b80027b66355df90 RSSI=-59 SNR=27
2026-06-03T18:17:47.774 > p2p rx 0
2026-06-03T18:17:47.775 < >
2026-06-03T18:18:00.532 < >> Ok
2026-06-03T18:18:00.582 < >> radio_rx 43490149471cad9000006c01471cc1917ea84a00dda8ad409a6ab073439013fefb13ce6c3a99e596f313d1e4d2188def69965a6a458ec31c490a44fbc0360590dab31a9453a8b9318301bfbaec31ca02775870d30b3c30d284d17d1f35b722a4b6f3409ca7ed2afa3e20fd3d0e4b7f4e42cb684fa7f9082cf0b918fa7bb068d412eb27c21fca0baba3d00c2645e68667efb9ef4852fa2323678353f4afb2c3a0ca9f838ef948f419ea8f6cd0dfa4f4b6641fd0654f2964e10542559ba5b52812431fdd693f4cabbe5f6c21be71b441f57957cfac92858e15e62439d55a49ee2bcb5a8caf38c6dbef13d86e42facf0a5a717a -57 25
2026-06-03T18:18:00.589 IMG_PACKET 43490149471cad9000006c01471cc1917ea84a00dda8ad409a6ab073439013fefb13ce6c3a99e596f313d1e4d2188def69965a6a458ec31c490a44fbc0360590dab31a9453a8b9318301bfbaec31ca02775870d30b3c30d284d17d1f35b722a4b6f3409ca7ed2afa3e20fd3d0e4b7f4e42cb684fa7f9082cf0b918fa7bb068d412eb27c21fca0baba3d00c2645e68667efb9ef4852fa2323678353f4afb2c3a0ca9f838ef948f419ea8f6cd0dfa4f4b6641fd0654f2964e10542559ba5b52812431fdd693f4cabbe5f6c21be71b441f57957cfac92858e15e62439d55a49ee2bcb5a8caf38c6dbef13d86e42facf0a5a717a RSSI=-57 SNR=25
2026-06-03T18:18:00.629 > p2p rx 0
2026-06-03T18:18:00.630 < >
2026-06-03T18:18:04.790 < >> Ok
2026-06-03T18:18:04.840 < >> radio_rx 43490149471cad9000006c01471cc1917ea84b00ddd1dfa02ed6773ee2d3407c00aaebabd7ea05b4f1f881cbc29656976cf7f7672b029cb407dc34ca124a8848c2be5019f329497fa190d8cf88ec1273d30c8a9bcb7ca83bfd38d25163eedcca9823a008075065b100b2d0f36225a7ce83f666eff67e98991e9d737768c91fcd3b0baecba68f1c184bf50c30f7f2880cfc995ab935810dc3f0941addce22d057c0a169f4349700672c1b21ab3cad6b6d8881d03c31e123f2cd7c5a14924ab6cdee25737a459c7c18ed7c20398ab37158bbaf7c8f455d041271b30524a330f16169f5249d0168fed4c446cc1e84e61d6c4734 -58 25
2026-06-03T18:18:04.845 IMG_PACKET 43490149471cad9000006c01471cc1917ea84b00ddd1dfa02ed6773ee2d3407c00aaebabd7ea05b4f1f881cbc29656976cf7f7672b029cb407dc34ca124a8848c2be5019f329497fa190d8cf88ec1273d30c8a9bcb7ca83bfd38d25163eedcca9823a008075065b100b2d0f36225a7ce83f666eff67e98991e9d737768c91fcd3b0baecba68f1c184bf50c30f7f2880cfc995ab935810dc3f0941addce22d057c0a169f4349700672c1b21ab3cad6b6d8881d03c31e123f2cd7c5a14924ab6cdee25737a459c7c18ed7c20398ab37158bbaf7c8f455d041271b30524a330f16169f5249d0168fed4c446cc1e84e61d6c4734 RSSI=-58 SNR=25
2026-06-03T18:18:04.887 > p2p rx 0
2026-06-03T18:18:04.888 < >
2026-06-03T18:18:09.048 < >> Ok
2026-06-03T18:18:09.098 < >> radio_rx 43490149471cad9000006c01471cc1917ea84c00dd90ac7111e5b9a9798f5aba7b4d927c2db7ec1b571b5366450c2dedd8c8f7d3cb8116ec73f9d23eef75c04e7ccc7e9bf45080835d8ce497496e2240b64fee53ca8f499fb5d76f6877d9b6d33a3c4458d15c2ebcbaa66e573e35ab4525ddc2e1ad673b99d7f370f82e43d856173eb48a63915b1c1838f482d439d4a95b49b2ab36a0861349cba54770c0506c8cf9518479c6cc45c5bbcc056af7bf264731b79886c8310b270f0f89770fad1c96d8bbbeedf2a32a2ca745ce2a70411a4be6e72d182c5fb9cefec0b920eedc9b4a5587d99666adf53b1f62bb1a8ece4cb217 -58 27
2026-06-03T18:18:09.103 IMG_PACKET 43490149471cad9000006c01471cc1917ea84c00dd90ac7111e5b9a9798f5aba7b4d927c2db7ec1b571b5366450c2dedd8c8f7d3cb8116ec73f9d23eef75c04e7ccc7e9bf45080835d8ce497496e2240b64fee53ca8f499fb5d76f6877d9b6d33a3c4458d15c2ebcbaa66e573e35ab4525ddc2e1ad673b99d7f370f82e43d856173eb48a63915b1c1838f482d439d4a95b49b2ab36a0861349cba54770c0506c8cf9518479c6cc45c5bbcc056af7bf264731b79886c8310b270f0f89770fad1c96d8bbbeedf2a32a2ca745ce2a70411a4be6e72d182c5fb9cefec0b920eedc9b4a5587d99666adf53b1f62bb1a8ece4cb217 RSSI=-58 SNR=27
2026-06-03T18:18:09.145 > p2p rx 0
2026-06-03T18:18:09.146 < >
2026-06-03T18:18:17.628 < >> Ok
2026-06-03T18:18:17.679 < >> radio_rx 43490149471cad9000006c01471cc1917ea84e00dd6bc0f30d30f6c1e2126ecb1c73a6f159a45895380ce484ea86ebd4fb0dd4f2f063c8179506e40c6d7158f4771bf9ca8c01b7c4801a3c801a2fc46492a473335ac5b5916126913266fb842fdd29e7773f097a76bebbc5cdfc89c1b94c369f82a65525223e38665641ff85d8a7c553edc669dd65984fc24e5a6e429679f53af81969f1696d118a0d946d4e40ba9ca6baa622a6617dbf50edf4151240c0b61fb74b4005dbce66774386869db7f163b1d85b21ad5ef850338166ae609ef9cf5f089f603c5f3c1131422ea8e68678126cec07335e88a7d8bd319d2036b1b395 -56 27
2026-06-03T18:18:17.685 IMG_PACKET 43490149471cad9000006c01471cc1917ea84e00dd6bc0f30d30f6c1e2126ecb1c73a6f159a45895380ce484ea86ebd4fb0dd4f2f063c8179506e40c6d7158f4771bf9ca8c01b7c4801a3c801a2fc46492a473335ac5b5916126913266fb842fdd29e7773f097a76bebbc5cdfc89c1b94c369f82a65525223e38665641ff85d8a7c553edc669dd65984fc24e5a6e429679f53af81969f1696d118a0d946d4e40ba9ca6baa622a6617dbf50edf4151240c0b61fb74b4005dbce66774386869db7f163b1d85b21ad5ef850338166ae609ef9cf5f089f603c5f3c1131422ea8e68678126cec07335e88a7d8bd319d2036b1b395 RSSI=-56 SNR=27
2026-06-03T18:18:17.725 > p2p rx 0
2026-06-03T18:18:17.727 < >
2026-06-03T18:18:21.936 < >> Ok
2026-06-03T18:18:21.985 < >> radio_rx 43490149471cad9000006c01471cc1917ea84f00ddaa8d7ad9c64f7df5c31f43f8108b42f206e52871d46f9910344dfea9cb1d611d5191e0e801a26b0b968807b13970116b5afd0b8d7f8781034290f867baa3b34cb5afe96fc95904e438d6f8483333b6711ac5c9fc00a6143e3172e559ed82bb2bad0a4810c1d427898185d4c2a0d5bb87fe656b33107a4404bde799745fc809e55baa3eabb70ae0a1008af3b8e699c86f9a94445b41e0c8557c76561207b7902f5c964a5f8a9f688a4f519a9d01eb1b67a0221a113bf4675b98a6291d4dbed3f77d5dafe1d82334b4158805edd7d9ec6e8fc73335da88f6b8b5264c9202 -57 29
2026-06-03T18:18:21.990 IMG_PACKET 43490149471cad9000006c01471cc1917ea84f00ddaa8d7ad9c64f7df5c31f43f8108b42f206e52871d46f9910344dfea9cb1d611d5191e0e801a26b0b968807b13970116b5afd0b8d7f8781034290f867baa3b34cb5afe96fc95904e438d6f8483333b6711ac5c9fc00a6143e3172e559ed82bb2bad0a4810c1d427898185d4c2a0d5bb87fe656b33107a4404bde799745fc809e55baa3eabb70ae0a1008af3b8e699c86f9a94445b41e0c8557c76561207b7902f5c964a5f8a9f688a4f519a9d01eb1b67a0221a113bf4675b98a6291d4dbed3f77d5dafe1d82334b4158805edd7d9ec6e8fc73335da88f6b8b5264c9202 RSSI=-57 SNR=29
2026-06-03T18:18:22.033 > p2p rx 0
2026-06-03T18:18:22.035 < >
2026-06-03T18:18:26.244 < >> Ok
2026-06-03T18:18:26.295 < >> radio_rx 43490149471cad9000006c01471cc1917ea85000dd94ad741f7a83bc1f5ff14d40b1f4ed26c4dbb64471335354e45e801f84758d23d65316abb8950378afb783f578cb9c48227648e99da1b05a3bb443f604f52f59ed940fd0b1e9a5185a802d44684a0e490a62c8a9d8f274adcba834b2ca1b924015e1d9e0ff44ccf484006eb25c660048a5d9029a640c9d5c28e97f2ce9d9a4153237c05d6b24950fed2f740489054263b7d8a632d014b2c08067942cb67257c95bd79121e6b810ceb73e20ec5058f807e57948b27504d8abcd2217837198a8ec1aaf380d104ad89a3d4f8b329cfdc1b46373e4330a11350c7cef8326f0 -59 26
2026-06-03T18:18:26.300 IMG_PACKET 43490149471cad9000006c01471cc1917ea85000dd94ad741f7a83bc1f5ff14d40b1f4ed26c4dbb64471335354e45e801f84758d23d65316abb8950378afb783f578cb9c48227648e99da1b05a3bb443f604f52f59ed940fd0b1e9a5185a802d44684a0e490a62c8a9d8f274adcba834b2ca1b924015e1d9e0ff44ccf484006eb25c660048a5d9029a640c9d5c28e97f2ce9d9a4153237c05d6b24950fed2f740489054263b7d8a632d014b2c08067942cb67257c95bd79121e6b810ceb73e20ec5058f807e57948b27504d8abcd2217837198a8ec1aaf380d104ad89a3d4f8b329cfdc1b46373e4330a11350c7cef8326f0 RSSI=-59 SNR=26
2026-06-03T18:18:26.341 > p2p rx 0
2026-06-03T18:18:26.343 < >
2026-06-03T18:18:30.555 < >> Ok
2026-06-03T18:18:30.606 < >> radio_rx 43490149471cad9000006c01471cc1917ea85100dd6e080418bc2db1e6fcd717ce3c6598625447eedfe7ae24a62b3c580194a0af9961c7d4e53d9b9c07b4fd8fb30502c1e6878f1ab5227b402d1a1eed0ec69dc23b326ac34d2a3741e39bdac26dadd1c19f6426569a9abbe60b0b1322f591bbb5563ec4b462ffcf7cd1d20bd438f08e7144fff58bb5f394de03d6880c70b2a2bb330d1d5d66a88b28e2d30d703b3969b60ba5899dcff083f9e18a2abf39b089d388a5d353e4dd9692d2e5c17833f3136706120b40b8f8cfb8c641fef7bdcf7c9047726772c231bd05e289c2080addc1d7c2bab7fddc5ebecd8fec56ecf535 -63 26
2026-06-03T18:18:30.611 IMG_PACKET 43490149471cad9000006c01471cc1917ea85100dd6e080418bc2db1e6fcd717ce3c6598625447eedfe7ae24a62b3c580194a0af9961c7d4e53d9b9c07b4fd8fb30502c1e6878f1ab5227b402d1a1eed0ec69dc23b326ac34d2a3741e39bdac26dadd1c19f6426569a9abbe60b0b1322f591bbb5563ec4b462ffcf7cd1d20bd438f08e7144fff58bb5f394de03d6880c70b2a2bb330d1d5d66a88b28e2d30d703b3969b60ba5899dcff083f9e18a2abf39b089d388a5d353e4dd9692d2e5c17833f3136706120b40b8f8cfb8c641fef7bdcf7c9047726772c231bd05e289c2080addc1d7c2bab7fddc5ebecd8fec56ecf535 RSSI=-63 SNR=26
2026-06-03T18:18:30.651 > p2p rx 0
2026-06-03T18:18:30.653 < >
2026-06-03T18:18:34.819 < >> Ok
2026-06-03T18:18:34.871 < >> radio_rx 43490149471cad9000006c01471cc1917ea85200ddf72741a49b0eeb8d8eabffb3050755f21620ed13943ba9f092b39a7bb0c1a961fac304a06be8bb07da51b2ea8cb85eab9a60bbbc66506736526f6dec6339bcc600d9d4b743e48fbdcbf2299f46123a1668102d87879e49f436fd4838f751d1d1e58a3536a8f7b90678ca12c47cef817ff14d92410980fa58a7e2ea5724a1848a24216f28317f369b5804d73631e81d79a4029d0c19ec6bc3fd6b6841f02ec6b3eeeaa59d336645a88f2b02f6432935dfc1b82774ba37b731c33230e97fcc3914155a6cad86a6795af894b27a4cad4576b09429226ee3db2d7c972fd417 -62 29
2026-06-03T18:18:34.876 IMG_PACKET 43490149471cad9000006c01471cc1917ea85200ddf72741a49b0eeb8d8eabffb3050755f21620ed13943ba9f092b39a7bb0c1a961fac304a06be8bb07da51b2ea8cb85eab9a60bbbc66506736526f6dec6339bcc600d9d4b743e48fbdcbf2299f46123a1668102d87879e49f436fd4838f751d1d1e58a3536a8f7b90678ca12c47cef817ff14d92410980fa58a7e2ea5724a1848a24216f28317f369b5804d73631e81d79a4029d0c19ec6bc3fd6b6841f02ec6b3eeeaa59d336645a88f2b02f6432935dfc1b82774ba37b731c33230e97fcc3914155a6cad86a6795af894b27a4cad4576b09429226ee3db2d7c972fd417 RSSI=-62 SNR=29
2026-06-03T18:18:34.915 > p2p rx 0
2026-06-03T18:18:34.917 < >
2026-06-03T18:18:39.077 < >> Ok
2026-06-03T18:18:39.127 < >> radio_rx 43490149471cad9000006c01471cc1917ea85300dd94aecb9b08789894c6cb9185764e4eedb3ba8ef6c7effc5c488b83d39967dc685242953a939dd740a9318762575e81ee7d975948ebf874d804e1f17dce1d6ac62e81d442a74930ffb7eb511fe233fd555dfc3ccae4e23765940b6120ce5e5f6472f140e77fe85434e76ffbe28102f3862e6d311e8e1f8c4d5fb2835c43c7c915c3379c82dabeb2a25bd23eb466d9981ab64160021c6801d9e688cee7e27129feba63c5f83a80bac0e61f49bfb1e91830b07a79cab4d3b6c4237f807f330fc7ce290d9a4ae7181f36882129c42fa389439a487f0d1a20417012987e7479 -61 24
2026-06-03T18:18:39.131 IMG_PACKET 43490149471cad9000006c01471cc1917ea85300dd94aecb9b08789894c6cb9185764e4eedb3ba8ef6c7effc5c488b83d39967dc685242953a939dd740a9318762575e81ee7d975948ebf874d804e1f17dce1d6ac62e81d442a74930ffb7eb511fe233fd555dfc3ccae4e23765940b6120ce5e5f6472f140e77fe85434e76ffbe28102f3862e6d311e8e1f8c4d5fb2835c43c7c915c3379c82dabeb2a25bd23eb466d9981ab64160021c6801d9e688cee7e27129feba63c5f83a80bac0e61f49bfb1e91830b07a79cab4d3b6c4237f807f330fc7ce290d9a4ae7181f36882129c42fa389439a487f0d1a20417012987e7479 RSSI=-61 SNR=24
2026-06-03T18:18:39.173 > p2p rx 0
2026-06-03T18:18:39.174 < >
2026-06-03T18:18:43.385 < >> Ok
2026-06-03T18:18:43.438 < >> radio_rx 43490149471cad9000006c01471cc1917ea85400ddad1c090e5529afa72475f30cb79cd8d2e2b7ca6e30b0aac98059b1fbbe8e0a5f0f2eab435afb278618d97d0183156d27309ae5086e10f972a3807fffbc7e48ffe23ee802652121288b53e003bf7c87738479434eaaaf94568c0a2c12fb272600c7644a3b7ba65f9068eebc88bea92f97909e457e1f62c09c3b7e2236ee2a641b178caf7056a424e99b98b351a8fd3e9c1ad211976a4ce254f3ddb78cf9397c54448efb0c08de40aaeed75503ed2a618e8fe0a7238e5715333064db9bcc3ccfb3f9c852df88a3ef85420c9e78b26ac6cae5c992d4651136dc6f5712d558 -60 24
2026-06-03T18:18:43.443 IMG_PACKET 43490149471cad9000006c01471cc1917ea85400ddad1c090e5529afa72475f30cb79cd8d2e2b7ca6e30b0aac98059b1fbbe8e0a5f0f2eab435afb278618d97d0183156d27309ae5086e10f972a3807fffbc7e48ffe23ee802652121288b53e003bf7c87738479434eaaaf94568c0a2c12fb272600c7644a3b7ba65f9068eebc88bea92f97909e457e1f62c09c3b7e2236ee2a641b178caf7056a424e99b98b351a8fd3e9c1ad211976a4ce254f3ddb78cf9397c54448efb0c08de40aaeed75503ed2a618e8fe0a7238e5715333064db9bcc3ccfb3f9c852df88a3ef85420c9e78b26ac6cae5c992d4651136dc6f5712d558 RSSI=-60 SNR=24
2026-06-03T18:18:43.481 > p2p rx 0
2026-06-03T18:18:43.482 < >
2026-06-03T18:18:47.693 < >> Ok
2026-06-03T18:18:47.742 < >> radio_rx 43490149471cad9000006c01471cc1917ea85500ddf2dfa669d30f6e9f782fb7375eb7f5b07c71204276ad65e402dc4354f8862123e528d17082f3199b8b4f0db101b9aecbfcdaa834952492522f11b9e5fd3db73515c9be237a76b8246baf85acb0ab04dc3c7dab7cdc29e060c6e98a8a07b967196c16d02a5eb9832d5b4156422f9fa57cdf4e338d1c5f5a6b38c0bd995fc94eb97674f9b7032afc72353523a2e912682211532c089ddc6cbec88dcf1a0b45065530d475891fbc2e5c925cbc72ea2eb8d6f36067aee45c4c106b2174246179a67f99a67dca6b52e353422ba64dedb65aba5b4d899d803b5f47ff89f48178 -58 28
2026-06-03T18:18:47.748 IMG_PACKET 43490149471cad9000006c01471cc1917ea85500ddf2dfa669d30f6e9f782fb7375eb7f5b07c71204276ad65e402dc4354f8862123e528d17082f3199b8b4f0db101b9aecbfcdaa834952492522f11b9e5fd3db73515c9be237a76b8246baf85acb0ab04dc3c7dab7cdc29e060c6e98a8a07b967196c16d02a5eb9832d5b4156422f9fa57cdf4e338d1c5f5a6b38c0bd995fc94eb97674f9b7032afc72353523a2e912682211532c089ddc6cbec88dcf1a0b45065530d475891fbc2e5c925cbc72ea2eb8d6f36067aee45c4c106b2174246179a67f99a67dca6b52e353422ba64dedb65aba5b4d899d803b5f47ff89f48178 RSSI=-58 SNR=28
2026-06-03T18:18:47.790 > p2p rx 0
2026-06-03T18:18:47.791 < >
2026-06-03T18:18:51.951 < >> Ok
2026-06-03T18:18:52.004 < >> radio_rx 43490149471cad9000006c01471cc1917ea85600dd14e83d50ddc97c938ef277c770b3474a9aa9ba20ce1b514d8b96deec391036a2a566bac98835711e29c2575f4c9f3c763afa93265d49d4830b9cf15e8956df509f253ff27bd5d11f76fe4b9812d027c4b5dcf4e91176fff1544957677bf7b0ac26a9ed388256765caccad202b72e51ceb181eb5c27430b14a36e5869b8903ffeb9680d871762526b784eb5109473d5a342a787d6bb8ac323bce8742621aee47ec87f9083a24adb4cb3c0fb8ce8303a818f899df78b274ff9e1ec9e37d1f670d6dd13f8541f1b409f99bd1cdfe12edadcebfb0b979950f09b133a8a923d -56 30
2026-06-03T18:18:52.009 IMG_PACKET 43490149471cad9000006c01471cc1917ea85600dd14e83d50ddc97c938ef277c770b3474a9aa9ba20ce1b514d8b96deec391036a2a566bac98835711e29c2575f4c9f3c763afa93265d49d4830b9cf15e8956df509f253ff27bd5d11f76fe4b9812d027c4b5dcf4e91176fff1544957677bf7b0ac26a9ed388256765caccad202b72e51ceb181eb5c27430b14a36e5869b8903ffeb9680d871762526b784eb5109473d5a342a787d6bb8ac323bce8742621aee47ec87f9083a24adb4cb3c0fb8ce8303a818f899df78b274ff9e1ec9e37d1f670d6dd13f8541f1b409f99bd1cdfe12edadcebfb0b979950f09b133a8a923d RSSI=-56 SNR=30
2026-06-03T18:18:52.049 > p2p rx 0
2026-06-03T18:18:52.050 < >
2026-06-03T18:18:56.210 < >> Ok
2026-06-03T18:18:56.261 < >> radio_rx 43490149471cad9000006c01471cc1917ea85700dd426d9f372410f2a523cc21f6c5207bd9f6d3780b66269729c98fb697386512c325b0d2bfa19a179e24b294b8c5338a4602d99f843c12854d2d603f55fcc673c7b18685b894e48f3877f162981aff94cddc0a1a6b04f3450be4bc61f0e7b0a62d64439c9a955c44e5952ad3e7f09c13aed5b84c314a35f5f609d9eb236e268aab4b3bf80e8ef98edfeb85e942f9e13388e0114efd178742f2c7cff690b4d4e00950cd508ac92a9b7f59697aef691366d63d0c962db03e7ef41af3768d98d8c6ae274d8b49876b99a9834ba5eefec34d94ab99a863fef6ace7e70cf0dc15 -60 28
2026-06-03T18:18:56.265 IMG_PACKET 43490149471cad9000006c01471cc1917ea85700dd426d9f372410f2a523cc21f6c5207bd9f6d3780b66269729c98fb697386512c325b0d2bfa19a179e24b294b8c5338a4602d99f843c12854d2d603f55fcc673c7b18685b894e48f3877f162981aff94cddc0a1a6b04f3450be4bc61f0e7b0a62d64439c9a955c44e5952ad3e7f09c13aed5b84c314a35f5f609d9eb236e268aab4b3bf80e8ef98edfeb85e942f9e13388e0114efd178742f2c7cff690b4d4e00950cd508ac92a9b7f59697aef691366d63d0c962db03e7ef41af3768d98d8c6ae274d8b49876b99a9834ba5eefec34d94ab99a863fef6ace7e70cf0dc15 RSSI=-60 SNR=28
2026-06-03T18:18:56.306 > p2p rx 0
2026-06-03T18:18:56.307 < >
2026-06-03T18:34:17.386 < >> Ok
2026-06-03T18:34:17.435 < >> radio_rx 434901494e00da9b0000130b4e00c990171f0000dddfd0b6717622cf2ddeb5d6c551a5d9ff5f7015b0b24ff9915d37c16ca677663665687a553626558691ed7aaf4201893e15bec897fa7193c4923b9cbfb89390188600b7ff0e62f777c62fb9d2bd8157ef8e8a4258f813f195488f25d30374621c100f24453b4a531531de0b49e7125a5a9ff81687430fe9e325a920cce0d2decfd62eb0717797e1bf138a293426e11db079753bef6ee2fa59582db6c4bf179707665a660516854a512e1d4ddfaccd248eb269f1806ad964cf62909a63af5099bd653665898d7416baa5d4b7f0a0b8940fbc4e30fc6c6e0b255fc6865dc1 -59 28
2026-06-03T18:34:17.441 IMG_PACKET 434901494e00da9b0000130b4e00c990171f0000dddfd0b6717622cf2ddeb5d6c551a5d9ff5f7015b0b24ff9915d37c16ca677663665687a553626558691ed7aaf4201893e15bec897fa7193c4923b9cbfb89390188600b7ff0e62f777c62fb9d2bd8157ef8e8a4258f813f195488f25d30374621c100f24453b4a531531de0b49e7125a5a9ff81687430fe9e325a920cce0d2decfd62eb0717797e1bf138a293426e11db079753bef6ee2fa59582db6c4bf179707665a660516854a512e1d4ddfaccd248eb269f1806ad964cf62909a63af5099bd653665898d7416baa5d4b7f0a0b8940fbc4e30fc6c6e0b255fc6865dc1 RSSI=-59 SNR=28
2026-06-03T18:34:17.484 > p2p rx 0
2026-06-03T18:34:17.485 < >
2026-06-03T18:34:21.694 < >> Ok
2026-06-03T18:34:21.744 < >> radio_rx 434901494e00da9b0000130b4e00c990171f0100dd10b892090a2cbf995573eb16b5c410c67b69b9b125fb5a6e682a5beba85e486d97ef506cc80bfd2f14ef66799066720d9a33b88ecd20360025806d6d3a932f15bb12fd4a2bfa55764bb88b3392533cbea3bf877ec3e713407cfef4d3e46d9fced4d0dbe9175dca63d4fcd5c9cd5f82bf1c1a23854bde2f9c78504b1006adc5c6af7e4f254870a542b45bd0e69cd29438be6fad04a2572ef872f36088a74db0bdc536940b0d8d122547f5c413650ce80b3df9adcd0a083fe6cb32f500a975f346fc3dea49118c99d969c6a37a875f534bb71f50be0f753f175f67f9b887 -60 27
2026-06-03T18:34:21.750 IMG_PACKET 434901494e00da9b0000130b4e00c990171f0100dd10b892090a2cbf995573eb16b5c410c67b69b9b125fb5a6e682a5beba85e486d97ef506cc80bfd2f14ef66799066720d9a33b88ecd20360025806d6d3a932f15bb12fd4a2bfa55764bb88b3392533cbea3bf877ec3e713407cfef4d3e46d9fced4d0dbe9175dca63d4fcd5c9cd5f82bf1c1a23854bde2f9c78504b1006adc5c6af7e4f254870a542b45bd0e69cd29438be6fad04a2572ef872f36088a74db0bdc536940b0d8d122547f5c413650ce80b3df9adcd0a083fe6cb32f500a975f346fc3dea49118c99d969c6a37a875f534bb71f50be0f753f175f67f9b887 RSSI=-60 SNR=27
2026-06-03T18:34:21.791 > p2p rx 0
2026-06-03T18:34:21.792 < >
2026-06-03T18:34:26.003 < >> Ok
2026-06-03T18:34:26.053 < >> radio_rx 434901494e00da9b0000130b4e00c990171f0200ddfe5be67512cb3107f9e6e4f0121fb0332b690ad5cc9fa649f19fa8f0292790e09f2923f90ad5108b457686eeeaffaa536555283cbbde3f381dbf07fecd4dbe8138389bbb008596262ee2f862f4b1004dc008c2fe82ac5aab380f3a5aa303d3bbcfa41afe996f63ababbf4fa26b1270b10047f2541623269b66a58535ed32767d42246abae04f76d073530f8d119e368a1e04f1400b4659d769c2cbef572a1879f3f46c62b620ae6a11dd51553cf8c3a4c815e755a38fbd96ebef3db30eb828661a425635a0708498b7faff7542b4455bd4e22705ede0e0b0a65d0da4ae -57 28
2026-06-03T18:34:26.059 IMG_PACKET 434901494e00da9b0000130b4e00c990171f0200ddfe5be67512cb3107f9e6e4f0121fb0332b690ad5cc9fa649f19fa8f0292790e09f2923f90ad5108b457686eeeaffaa536555283cbbde3f381dbf07fecd4dbe8138389bbb008596262ee2f862f4b1004dc008c2fe82ac5aab380f3a5aa303d3bbcfa41afe996f63ababbf4fa26b1270b10047f2541623269b66a58535ed32767d42246abae04f76d073530f8d119e368a1e04f1400b4659d769c2cbef572a1879f3f46c62b620ae6a11dd51553cf8c3a4c815e755a38fbd96ebef3db30eb828661a425635a0708498b7faff7542b4455bd4e22705ede0e0b0a65d0da4ae RSSI=-57 SNR=28
2026-06-03T18:34:26.101 > p2p rx 0
2026-06-03T18:34:26.102 < >
2026-06-03T18:34:30.312 < >> Ok
2026-06-03T18:34:30.362 < >> radio_rx 434901494e00da9b0000130b4e00c990171f0300dd5b7fcbdd14283af2fe73708d10985cc7e0a85e4ae92a82e8fe80cc71a7067dfe558d749f412a7f07a5fe45fc7b9316d56db274f6137ff266943f56f9709a8e547f52819bac6a67cc48d05ed79bd370f306f946dc3bb329a1e9bec501b260d3797c095c7a0173246139f3d58ad0e20d1b8085dc9352d9c7322ecc432cd75888226781b4bb93a0fc6713b3944c39dd1eade127e6db08ad57880336e34f2c82ee13b932584186d8e20075a56aeb605908c9036651ca6a6db1d13cd6d5d5761081bb79a49d5bdb0d0865a5482899d8c4ea618ed8659f9064ead993e89ed621 -56 21
2026-06-03T18:34:30.367 IMG_PACKET 434901494e00da9b0000130b4e00c990171f0300dd5b7fcbdd14283af2fe73708d10985cc7e0a85e4ae92a82e8fe80cc71a7067dfe558d749f412a7f07a5fe45fc7b9316d56db274f6137ff266943f56f9709a8e547f52819bac6a67cc48d05ed79bd370f306f946dc3bb329a1e9bec501b260d3797c095c7a0173246139f3d58ad0e20d1b8085dc9352d9c7322ecc432cd75888226781b4bb93a0fc6713b3944c39dd1eade127e6db08ad57880336e34f2c82ee13b932584186d8e20075a56aeb605908c9036651ca6a6db1d13cd6d5d5761081bb79a49d5bdb0d0865a5482899d8c4ea618ed8659f9064ead993e89ed621 RSSI=-56 SNR=21
2026-06-03T18:34:30.408 > p2p rx 0
2026-06-03T18:34:30.410 < >
2026-06-03T18:34:34.570 < >> Ok
2026-06-03T18:34:34.623 < >> radio_rx 434901494e00da9b0000130b4e00c990171f0400dd4057db2bd5c053bf9bc0ec240ac5ee3707b6d34500291037a80032d1acbc401585881afd0329a5e22b6b1bc313d7734a35759c5b4788d8be6f528c89a44d0baecbb4a6e6b766c2b591b5f326170360ff176998c3d96746c970bcdeb2a9587e28021deb08acb469ded164557ae299161d2140c6201027df81b76a6fde4478340f8957bd74699afdd35b760b43c675cd6bf5d9cd9cce23731f1354a5f2e617a51318b2a10676e96f36310ef4ed2ec16594a7242149b25225c784e7611e2e8869c78f4da867b572c4094a3024100eb934546253bd76e10d595734bbe6d003 -61 23
2026-06-03T18:34:34.627 IMG_PACKET 434901494e00da9b0000130b4e00c990171f0400dd4057db2bd5c053bf9bc0ec240ac5ee3707b6d34500291037a80032d1acbc401585881afd0329a5e22b6b1bc313d7734a35759c5b4788d8be6f528c89a44d0baecbb4a6e6b766c2b591b5f326170360ff176998c3d96746c970bcdeb2a9587e28021deb08acb469ded164557ae299161d2140c6201027df81b76a6fde4478340f8957bd74699afdd35b760b43c675cd6bf5d9cd9cce23731f1354a5f2e617a51318b2a10676e96f36310ef4ed2ec16594a7242149b25225c784e7611e2e8869c78f4da867b572c4094a3024100eb934546253bd76e10d595734bbe6d003 RSSI=-61 SNR=23
2026-06-03T18:34:34.668 > p2p rx 0
2026-06-03T18:34:34.669 < >
2026-06-03T18:34:38.829 < >> Ok
2026-06-03T18:34:38.880 < >> radio_rx 434901494e00da9b0000130b4e00c990171f0500dd42fd61dde7f7b60325fb587bf6f815ea92d20ef295a74554cc51480963c1de6a12c28d0c05d73e21d8aa54894e7736c692729dae3e83e85141e1f0993e903497a00e0a339faee6e1e9d9a54806200657cf9ac2d42ba6f0b53a3d1fd559ee8280aec2d38e8f0e06e63e789657cf722ef16f7645c68201d74c2a92ccd0cb8aff3d1894f30909cb2b93a04ac3a0e43b9125d10a2c4527628ef31139cbffd294632f3f593e94af6c7ef7459383d33b26a4ab4cb7d21e57e62591e113d3b8f5c487d15ce14714ef0e74cd7a2b7233df7ebd1bf64610fea5a1a7b51dc07025ff -61 27
2026-06-03T18:34:38.885 IMG_PACKET 434901494e00da9b0000130b4e00c990171f0500dd42fd61dde7f7b60325fb587bf6f815ea92d20ef295a74554cc51480963c1de6a12c28d0c05d73e21d8aa54894e7736c692729dae3e83e85141e1f0993e903497a00e0a339faee6e1e9d9a54806200657cf9ac2d42ba6f0b53a3d1fd559ee8280aec2d38e8f0e06e63e789657cf722ef16f7645c68201d74c2a92ccd0cb8aff3d1894f30909cb2b93a04ac3a0e43b9125d10a2c4527628ef31139cbffd294632f3f593e94af6c7ef7459383d33b26a4ab4cb7d21e57e62591e113d3b8f5c487d15ce14714ef0e74cd7a2b7233df7ebd1bf64610fea5a1a7b51dc07025ff RSSI=-61 SNR=27
2026-06-03T18:34:38.926 > p2p rx 0
2026-06-03T18:34:38.927 < >
2026-06-03T18:34:43.087 < >> Ok
2026-06-03T18:34:43.140 < >> radio_rx 434901494e00da9b0000130b4e00c990171f0600dd0f8f1e261a46655dce00ce351b2a666272548021056ba161973201d45f0eb6b5537326835e436029ac87542040390b7247c7ea95af8c78c907ebc3894d7b7ae295b4660268795a809dcbc9a05a06abba10d16d8789c6876be4d1369b5ed6db9528fea79ffdcce2854698ea10a0d666ea7c4607e99b0b1999a95021de37d33dff83d4a3090130cc759c70688fc68777545a623a4785273573e4845823d0b45b03a5ec3421f186d55365d2f115d00cd701efcce9835a1b4c53a5b13f2c74dc45ff8681de4c458246d93b5a8c2bae44b1d842b2f404c1a5f2f3c66197fd1a -59 26
2026-06-03T18:34:43.145 IMG_PACKET 434901494e00da9b0000130b4e00c990171f0600dd0f8f1e261a46655dce00ce351b2a666272548021056ba161973201d45f0eb6b5537326835e436029ac87542040390b7247c7ea95af8c78c907ebc3894d7b7ae295b4660268795a809dcbc9a05a06abba10d16d8789c6876be4d1369b5ed6db9528fea79ffdcce2854698ea10a0d666ea7c4607e99b0b1999a95021de37d33dff83d4a3090130cc759c70688fc68777545a623a4785273573e4845823d0b45b03a5ec3421f186d55365d2f115d00cd701efcce9835a1b4c53a5b13f2c74dc45ff8681de4c458246d93b5a8c2bae44b1d842b2f404c1a5f2f3c66197fd1a RSSI=-59 SNR=26
2026-06-03T18:34:43.185 > p2p rx 0
2026-06-03T18:34:43.186 < >
2026-06-03T18:34:47.396 < >> Ok
2026-06-03T18:34:47.447 < >> radio_rx 434901494e00da9b0000130b4e00c990171f0700dd2e37e0e8e3e0b7935653ec729ab585e5cfad8cc5371274cb9e22cce9a2e26b699b8f19259cc8fa69cb5e5019c4c2f2529db062c63e4af5340c83f702661bfdbe63b274c8b896d960f4ae1ed3a88e9cb09473b6642e66e007f3fd1f248561f662c5effd9e8cb7871d70c0b423e0206208929de9db96dc44ec22483520907dacfbd04f70321be404be43d93f5407d579f60f69a2f8acebb8fbe109c1736fd199bb77757def598fe336baf49b1ebc1851a2d0c3cfd39cc1b000be90850043538df2083aad1c18fbcc78baf4357327df790c946a673ffaefcbed878d7742ae -60 19
2026-06-03T18:34:47.453 IMG_PACKET 434901494e00da9b0000130b4e00c990171f0700dd2e37e0e8e3e0b7935653ec729ab585e5cfad8cc5371274cb9e22cce9a2e26b699b8f19259cc8fa69cb5e5019c4c2f2529db062c63e4af5340c83f702661bfdbe63b274c8b896d960f4ae1ed3a88e9cb09473b6642e66e007f3fd1f248561f662c5effd9e8cb7871d70c0b423e0206208929de9db96dc44ec22483520907dacfbd04f70321be404be43d93f5407d579f60f69a2f8acebb8fbe109c1736fd199bb77757def598fe336baf49b1ebc1851a2d0c3cfd39cc1b000be90850043538df2083aad1c18fbcc78baf4357327df790c946a673ffaefcbed878d7742ae RSSI=-60 SNR=19
2026-06-03T18:34:47.493 > p2p rx 0
2026-06-03T18:34:47.494 < >
2026-06-03T18:34:51.705 < >> Ok
2026-06-03T18:34:51.758 < >> radio_rx 434901494e00da9b0000130b4e00c990171f0800dd65bb16f1c185da65446dce400fd09bbaed433e0e24a4216b47cc72cd6a6bb8ea8bfd790daff04a283e090510470b5700d907ba523e6b6441fb948ef17a38f158e876f71b5b758cddc89719f88eaf269efe1d70f8f22d6a8c83ba2d26ffc832c55ed4ebbab14c7a3b6fd65950cc4d079875b536369ced1b9ba31733245a4f86edd6d839b7f6add750145f6d3a713ab87b4bdfcb4f52f653f6ad2468c256004dab9b7df59414bb226e79d70e017f46a3ffd52bc6e16b967ef8084e932ec7f2a87f06f5f8002fd9e011d595d4ab5e858afbffda064d49c8156d324bd697aa -60 23
2026-06-03T18:34:51.764 IMG_PACKET 434901494e00da9b0000130b4e00c990171f0800dd65bb16f1c185da65446dce400fd09bbaed433e0e24a4216b47cc72cd6a6bb8ea8bfd790daff04a283e090510470b5700d907ba523e6b6441fb948ef17a38f158e876f71b5b758cddc89719f88eaf269efe1d70f8f22d6a8c83ba2d26ffc832c55ed4ebbab14c7a3b6fd65950cc4d079875b536369ced1b9ba31733245a4f86edd6d839b7f6add750145f6d3a713ab87b4bdfcb4f52f653f6ad2468c256004dab9b7df59414bb226e79d70e017f46a3ffd52bc6e16b967ef8084e932ec7f2a87f06f5f8002fd9e011d595d4ab5e858afbffda064d49c8156d324bd697aa RSSI=-60 SNR=23
2026-06-03T18:34:51.802 > p2p rx 0
2026-06-03T18:34:51.803 < >
2026-06-03T18:34:56.014 < >> Ok
2026-06-03T18:34:56.064 < >> radio_rx 434901494e00da9b0000130b4e00c990171f0900dda4c862e07bd5b29fcb6836e16b593d7b1b35a9c4239c33838e291c403df0a1d671e82ee6e813e0ecb7d5280c984addf569fc0bcc29cd8e7df1dd7c48027d547d743c0656257ffba9b16da868168dae8b4eb9b3305268b1a7c11677c2df5fca03fb27ddbb4a3f2faf1bd1816f9d12a27705797c7beac42377441d065cd9fac4ee842ae312c713e0bbafc61acd3ef77e790db5a16c8dec250d073f1d137053cbc011050c580eedb3a63d7001e49d5209ba65b9147c57da6d86c84afcd99a81fad2e8781b16c632f85a209b84a70681fa6ed5630334ec42beae5392df9741 -56 26
2026-06-03T18:34:56.069 IMG_PACKET 434901494e00da9b0000130b4e00c990171f0900dda4c862e07bd5b29fcb6836e16b593d7b1b35a9c4239c33838e291c403df0a1d671e82ee6e813e0ecb7d5280c984addf569fc0bcc29cd8e7df1dd7c48027d547d743c0656257ffba9b16da868168dae8b4eb9b3305268b1a7c11677c2df5fca03fb27ddbb4a3f2faf1bd1816f9d12a27705797c7beac42377441d065cd9fac4ee842ae312c713e0bbafc61acd3ef77e790db5a16c8dec250d073f1d137053cbc011050c580eedb3a63d7001e49d5209ba65b9147c57da6d86c84afcd99a81fad2e8781b16c632f85a209b84a70681fa6ed5630334ec42beae5392df9741 RSSI=-56 SNR=26
2026-06-03T18:34:56.109 > p2p rx 0
2026-06-03T18:34:56.111 < >
2026-06-03T18:35:00.322 < >> Ok
2026-06-03T18:35:00.374 < >> radio_rx 434901494e00da9b0000130b4e00c990171f0a00dd61998558bfafc4836308e459ee5b1e15793514359bb189324b3d2eec81372731356d82c6df457005c52d17a997cfc92cd9b37032a66f94be85fb6f7ec2bc7a7572df8af0309012fa7f3f88d4693b0bd4712ef8a5975e2df73ac043e0e7b1fec7d7e99de401eedf1609d22e3a872269ed950471d9adc2997239ead58f61397c4d9638298c971f458cbc6f56fdaf540af71e37d3c16816120ee83fd6c10c6e55da7cda28317c42d81bc6f9399b2460b31845b12fe4edbe1ba4e9f8b7306ef661ae50281bb89d21e0ae8d08a4ed447258f497cfc6b05131a947e38c7e7e34 -56 28
2026-06-03T18:35:00.379 IMG_PACKET 434901494e00da9b0000130b4e00c990171f0a00dd61998558bfafc4836308e459ee5b1e15793514359bb189324b3d2eec81372731356d82c6df457005c52d17a997cfc92cd9b37032a66f94be85fb6f7ec2bc7a7572df8af0309012fa7f3f88d4693b0bd4712ef8a5975e2df73ac043e0e7b1fec7d7e99de401eedf1609d22e3a872269ed950471d9adc2997239ead58f61397c4d9638298c971f458cbc6f56fdaf540af71e37d3c16816120ee83fd6c10c6e55da7cda28317c42d81bc6f9399b2460b31845b12fe4edbe1ba4e9f8b7306ef661ae50281bb89d21e0ae8d08a4ed447258f497cfc6b05131a947e38c7e7e34 RSSI=-56 SNR=28
2026-06-03T18:35:00.420 > p2p rx 0
2026-06-03T18:35:00.421 < >
2026-06-03T18:35:04.580 < >> Ok
2026-06-03T18:35:04.631 < >> radio_rx 434901494e00da9b0000130b4e00c990171f0b00dd5fef50b4123ba2ceece5fdba195a9453e7fe9b608cf7ee6858a4d7b99825574ebe07d45410c938c74f72fd6729bdd253b6e8f58a6a485caab81b5a4c244c2cae4a5885105541a3d6b78fa181e3568eaf5721d59f30dd666407093ad80b2ef7cd3fdaa754a0013a64667947664e9c603929a7ebc83431134957566ae3d592939669b10891d464636e8e4d1d14db22b782db93c26e6ddd7b61f6716b496de3e26410c357ded4a2aba09d8484a0ca1e63fa6207f5f4a7b1d431076bc77d5ea85ac8dddf2d74e5492f5879c9f526b94f62cf73d3512d2de5368ef60351ad57 -56 29
2026-06-03T18:35:04.636 IMG_PACKET 434901494e00da9b0000130b4e00c990171f0b00dd5fef50b4123ba2ceece5fdba195a9453e7fe9b608cf7ee6858a4d7b99825574ebe07d45410c938c74f72fd6729bdd253b6e8f58a6a485caab81b5a4c244c2cae4a5885105541a3d6b78fa181e3568eaf5721d59f30dd666407093ad80b2ef7cd3fdaa754a0013a64667947664e9c603929a7ebc83431134957566ae3d592939669b10891d464636e8e4d1d14db22b782db93c26e6ddd7b61f6716b496de3e26410c357ded4a2aba09d8484a0ca1e63fa6207f5f4a7b1d431076bc77d5ea85ac8dddf2d74e5492f5879c9f526b94f62cf73d3512d2de5368ef60351ad57 RSSI=-56 SNR=29
2026-06-03T18:35:04.677 > p2p rx 0
2026-06-03T18:35:04.679 < >
2026-06-03T18:35:08.857 < >> Ok
2026-06-03T18:35:08.910 < >> radio_rx 434901494e00da9b0000130b4e00c990171f0c00dd59e348fb625e28524c64a325ca8e8916498090a77c94552b3229ac1c198478fa58c9241e9afa386d75bdddba77a96bff818e6d77dbf7fb6ebbcaaaaff1bef516e76fd946a9635ec8310290bca03c6075510c2e22fcc99f70f7bf55212df433fa3bc2a920d7ea11d7a2532997714284359740c5421be33d2a18e683c4d22712684fcaec6f20ed8bc664a2815c165c87746e67b8a46d2eb4d4dc6dedf305b1861486b95288916dac06c5b58b437a5a7d9c56ed87ea3ce48a91a4273d1a24de32153da0381abc664e91f286c0fb94b43f97a5c0a976fff118f0231dd9c004 -57 27
2026-06-03T18:35:08.914 IMG_PACKET 434901494e00da9b0000130b4e00c990171f0c00dd59e348fb625e28524c64a325ca8e8916498090a77c94552b3229ac1c198478fa58c9241e9afa386d75bdddba77a96bff818e6d77dbf7fb6ebbcaaaaff1bef516e76fd946a9635ec8310290bca03c6075510c2e22fcc99f70f7bf55212df433fa3bc2a920d7ea11d7a2532997714284359740c5421be33d2a18e683c4d22712684fcaec6f20ed8bc664a2815c165c87746e67b8a46d2eb4d4dc6dedf305b1861486b95288916dac06c5b58b437a5a7d9c56ed87ea3ce48a91a4273d1a24de32153da0381abc664e91f286c0fb94b43f97a5c0a976fff118f0231dd9c004 RSSI=-57 SNR=27
2026-06-03T18:35:08.955 > p2p rx 0
2026-06-03T18:35:08.956 < >
2026-06-03T18:35:13.165 < >> Ok
2026-06-03T18:35:13.216 < >> radio_rx 434901494e00da9b0000130b4e00c990171f0d00dd976ee65fcdf3ce6c0ad0411be1a55396bd442869f5a9a04a7d92c2c32c200ce1fbba672b07532b4db09d6ff1a6633a230c15d0e063385047c787ef85777a8e2eb4d5f86855f68f86c029bfcdbb3726ee8993257fe01e415f6299ef246038248cc07cbb3587cf8958a5a1f90bf67b3688573f340d726384a9e33e2abd82ed84fb9637b02e7b7bc15470ebd1c45bc5e9c98c3e8ea9575da46d71c92c01358946ca604a84f31046545a972ac438f509aba3b363e03782baa8cacbedabbc31d7f0409c589b256d414d0a93afdbf4538f3efcdf2c98f02e76daef6c7733b763 -58 25
2026-06-03T18:35:13.222 IMG_PACKET 434901494e00da9b0000130b4e00c990171f0d00dd976ee65fcdf3ce6c0ad0411be1a55396bd442869f5a9a04a7d92c2c32c200ce1fbba672b07532b4db09d6ff1a6633a230c15d0e063385047c787ef85777a8e2eb4d5f86855f68f86c029bfcdbb3726ee8993257fe01e415f6299ef246038248cc07cbb3587cf8958a5a1f90bf67b3688573f340d726384a9e33e2abd82ed84fb9637b02e7b7bc15470ebd1c45bc5e9c98c3e8ea9575da46d71c92c01358946ca604a84f31046545a972ac438f509aba3b363e03782baa8cacbedabbc31d7f0409c589b256d414d0a93afdbf4538f3efcdf2c98f02e76daef6c7733b763 RSSI=-58 SNR=25
2026-06-03T18:35:13.263 > p2p rx 0
2026-06-03T18:35:13.264 < >
2026-06-03T18:35:17.426 < >> Ok
2026-06-03T18:35:17.480 < >> radio_rx 434901494e00da9b0000130b4e00c990171f0e00dd56e2bd5ed6b5a70ccb54ac18c644a1247ef0e4767d983089411c30b4c9fc1fc341867d4ac89c11b9b8e4e757b28e5de216288ac02694d68a4a8d9448566d7c60d313f1ad39ee8c9a583446dea47f9c2f5332c55dee73acc7ffff34ebc4d9edb9e50222da511e563948a1439829aea22434c33faf8940a6cbeeed483ac0f55fa63c6431d2024738f6507851de2ca58ea006980899663d962cf35e9bf27eab8a51c35dccf655a8e69f4904c99efd0fbc5072749493e1079097cc0dae64bfdcf5c9a705a58a6b428a04c160d7c7a3e5b2a13f148f32fd146cb6bb9a132ee9 -57 29
2026-06-03T18:35:17.484 IMG_PACKET 434901494e00da9b0000130b4e00c990171f0e00dd56e2bd5ed6b5a70ccb54ac18c644a1247ef0e4767d983089411c30b4c9fc1fc341867d4ac89c11b9b8e4e757b28e5de216288ac02694d68a4a8d9448566d7c60d313f1ad39ee8c9a583446dea47f9c2f5332c55dee73acc7ffff34ebc4d9edb9e50222da511e563948a1439829aea22434c33faf8940a6cbeeed483ac0f55fa63c6431d2024738f6507851de2ca58ea006980899663d962cf35e9bf27eab8a51c35dccf655a8e69f4904c99efd0fbc5072749493e1079097cc0dae64bfdcf5c9a705a58a6b428a04c160d7c7a3e5b2a13f148f32fd146cb6bb9a132ee9 RSSI=-57 SNR=29
2026-06-03T18:35:17.522 > p2p rx 0
2026-06-03T18:35:17.524 < >
2026-06-03T18:35:21.689 < >> Ok
2026-06-03T18:35:21.741 < >> radio_rx 434901494e00da9b0000130b4e00c990171f0f00dd30c000b749f9863fa3bc97e07176a62b6b974bfaa8e76444eda856db80a581dc0a4a350820cb8a3a0e004fb4e18fb771a56b2db11b7932c84b73052d5598f6763cfc1b3698be69927cf709b71dccd53a0a8e98b6d18ee59af4061956fa4ac51fd4619c7a63f783610de62b51756537d486cb1407e08862b9587af8e747f7d1a9c371d8ad64e1b96a88a815197be992f4bea4452392513a2223470e50add2c770d2a646e0e0b2ce99922e74d845335891338a11e19ebf02e280288a8d9a08879bae7bc78b89488fb656c782086dd2c160b6cca11f442ae75b866d728b45 -58 28
2026-06-03T18:35:21.747 IMG_PACKET 434901494e00da9b0000130b4e00c990171f0f00dd30c000b749f9863fa3bc97e07176a62b6b974bfaa8e76444eda856db80a581dc0a4a350820cb8a3a0e004fb4e18fb771a56b2db11b7932c84b73052d5598f6763cfc1b3698be69927cf709b71dccd53a0a8e98b6d18ee59af4061956fa4ac51fd4619c7a63f783610de62b51756537d486cb1407e08862b9587af8e747f7d1a9c371d8ad64e1b96a88a815197be992f4bea4452392513a2223470e50add2c770d2a646e0e0b2ce99922e74d845335891338a11e19ebf02e280288a8d9a08879bae7bc78b89488fb656c782086dd2c160b6cca11f442ae75b866d728b45 RSSI=-58 SNR=28
2026-06-03T18:35:21.787 > p2p rx 0
2026-06-03T18:35:21.788 < >
2026-06-03T18:35:25.948 < >> Ok
2026-06-03T18:35:25.999 < >> radio_rx 434901494e00da9b0000130b4e00c990171f1000dd58d081b2893513fe72b8782221f7e3e7b92f4f2b94c20d12e6d71b2b10b475fbf2d02d882708e0565c50cce2df8a2cb46b31c8c2a919c62b44810c5899cceb3551d3fe82bc9ee4eabf1dc0417ef23a599be6b51ddf0ee628e46efed3d24b10899c3181f0158c51c33dae2c9cd49e32693f44cee6ee7e3c8ce4513b766779b05014003cd6ce7596590f1593b10df5a07a81ae949a3bb7608464e24562b33d2374d6d899372af72c29a7468ab56930b0214cdec826b733fdf439498af1cf11ad2febfa0d291cc7d534f821a457f1cc4a5545efaebb386286eb4159272c28 -56 22
2026-06-03T18:35:26.004 IMG_PACKET 434901494e00da9b0000130b4e00c990171f1000dd58d081b2893513fe72b8782221f7e3e7b92f4f2b94c20d12e6d71b2b10b475fbf2d02d882708e0565c50cce2df8a2cb46b31c8c2a919c62b44810c5899cceb3551d3fe82bc9ee4eabf1dc0417ef23a599be6b51ddf0ee628e46efed3d24b10899c3181f0158c51c33dae2c9cd49e32693f44cee6ee7e3c8ce4513b766779b05014003cd6ce7596590f1593b10df5a07a81ae949a3bb7608464e24562b33d2374d6d899372af72c29a7468ab56930b0214cdec826b733fdf439498af1cf11ad2febfa0d291cc7d534f821a457f1cc4a5545efaebb386286eb4159272c28 RSSI=-56 SNR=22
2026-06-03T18:35:26.044 > p2p rx 0
2026-06-03T18:35:26.045 < >
2026-06-03T18:35:30.206 < >> Ok
2026-06-03T18:35:30.258 < >> radio_rx 434901494e00da9b0000130b4e00c990171f1100dd413931dfa5de869fae41f15a6779fc624d6214c69a798bb2a53954f5f458b8a0adaa2e08145bebea6a26fe570038dcbdbdf68de242f3fbb35c8008d568357f5baaf916a1ca610fdc5243433983d0167c4d2c33a8777d1732f5262084d7508a9b4f650da56da4aef829018c774b5723ba3057a6b450e5ff9f68101f03acbddda74d073834e681a6e05bf7b51cbfd9040dbd8fde65764649f42c19a36cc303ba0836936e2c1dfe714710528ef5ce9a297bd703ce22e62e4cc6d88ee23e86da0f0dd33585a8d292abbed35d2c2072ab6d1b4a37a32b5fe32704ed79f82729 -56 28
2026-06-03T18:35:30.263 IMG_PACKET 434901494e00da9b0000130b4e00c990171f1100dd413931dfa5de869fae41f15a6779fc624d6214c69a798bb2a53954f5f458b8a0adaa2e08145bebea6a26fe570038dcbdbdf68de242f3fbb35c8008d568357f5baaf916a1ca610fdc5243433983d0167c4d2c33a8777d1732f5262084d7508a9b4f650da56da4aef829018c774b5723ba3057a6b450e5ff9f68101f03acbddda74d073834e681a6e05bf7b51cbfd9040dbd8fde65764649f42c19a36cc303ba0836936e2c1dfe714710528ef5ce9a297bd703ce22e62e4cc6d88ee23e86da0f0dd33585a8d292abbed35d2c2072ab6d1b4a37a32b5fe32704ed79f82729 RSSI=-56 SNR=28
2026-06-03T18:35:30.303 > p2p rx 0
2026-06-03T18:35:30.305 < >
2026-06-03T18:35:34.515 < >> Ok
2026-06-03T18:35:34.565 < >> radio_rx 434901494e00da9b0000130b4e00c990171f1200ddfb0681e7ba7fc2e123f2f2afd2077f588f7ba2719499f6b07e0c199f8d81c042789285694000692e7089a3d41e5448db26fcc071b5b4eedd83c850524487f789b633a60182b6f123874551dbc6ce88a492417eeb93264ee81d443b2caee744cc94ac21b2ccea510434e7b07d67ec00d1903c3f3fcfebdcd962432e6c2e15cfa9974d1fe1c5a63c61c2912a3b15699956e2233dbaa777c46143143447aa0d32e99d3a237c9e6e95a4c2b59031a15579f482714bd75d0dd944e96cba9ac7ee4005530165e6b49fae1a29461f73a1d634628aee13cdadd9a658d49ce00aef -57 28
2026-06-03T18:35:34.570 IMG_PACKET 434901494e00da9b0000130b4e00c990171f1200ddfb0681e7ba7fc2e123f2f2afd2077f588f7ba2719499f6b07e0c199f8d81c042789285694000692e7089a3d41e5448db26fcc071b5b4eedd83c850524487f789b633a60182b6f123874551dbc6ce88a492417eeb93264ee81d443b2caee744cc94ac21b2ccea510434e7b07d67ec00d1903c3f3fcfebdcd962432e6c2e15cfa9974d1fe1c5a63c61c2912a3b15699956e2233dbaa777c46143143447aa0d32e99d3a237c9e6e95a4c2b59031a15579f482714bd75d0dd944e96cba9ac7ee4005530165e6b49fae1a29461f73a1d634628aee13cdadd9a658d49ce00aef RSSI=-57 SNR=28
2026-06-03T18:35:34.612 > p2p rx 0
2026-06-03T18:35:34.613 < >
2026-06-03T18:35:38.823 < >> Ok
2026-06-03T18:35:38.875 < >> radio_rx 434901494e00da9b0000130b4e00c990171f1300dd753ac9e69e1a105d3e8de3a761f4d2ed58491c8d42031bf4d91dfb5da985c456ec3cc028f6d70f5634a224938bd41ab9181c9df80a94333feb9fb888449578f167c7979d0c4968df1223026e53a1f9b1a5da645c5e74ee6561efe9d84cf95765b6c2547b4352585dc1947a7a1f525df59f6ce7791eafd1189298447705e185e81cd2dcc7e7941c27ac76ab11265017f5c7be83d5ffb188639b4da899e45237c0bce3feae9034bce98a29dcc3f77f960cc51f449f28eb4c4eb2519710f30b6f1686b2c47b8d309fab6b18e86dcb944db920aef8166e5e0a33397b4d3cce -61 23
2026-06-03T18:35:38.880 IMG_PACKET 434901494e00da9b0000130b4e00c990171f1300dd753ac9e69e1a105d3e8de3a761f4d2ed58491c8d42031bf4d91dfb5da985c456ec3cc028f6d70f5634a224938bd41ab9181c9df80a94333feb9fb888449578f167c7979d0c4968df1223026e53a1f9b1a5da645c5e74ee6561efe9d84cf95765b6c2547b4352585dc1947a7a1f525df59f6ce7791eafd1189298447705e185e81cd2dcc7e7941c27ac76ab11265017f5c7be83d5ffb188639b4da899e45237c0bce3feae9034bce98a29dcc3f77f960cc51f449f28eb4c4eb2519710f30b6f1686b2c47b8d309fab6b18e86dcb944db920aef8166e5e0a33397b4d3cce RSSI=-61 SNR=23
2026-06-03T18:35:38.921 > p2p rx 0
2026-06-03T18:35:38.921 < >
2026-06-03T18:35:43.080 < >> Ok
2026-06-03T18:35:43.132 < >> radio_rx 434901494e00da9b0000130b4e00c990171f1400dd7c037abb74719abc96ae3bf4a46e3c240c76042a44d8df4072d0bf4e54d46d07c1d4b62085f1d7388f3d7b191ecc320f3c406262c5a672eeb190b8767c8ed0d47ced3a71d5f4d2e8f780c899141597960a1179055c4d9c66f678c94259c6d118ae7af4761be8cdee701a35b7f44c7898bf7545ff3478c9503956cb9b6c03daa35502ea418864e58d19e4b84e384b4ba38abc239f783bfe888058782bbb2654ad410e4ca287bf008d9eedaeb668aa100db3f5731878a76cf76347322627ce08b2e45b132c4b9892895d51c96677492efe81029a6ca798a385289db7898d -56 28
2026-06-03T18:35:43.138 IMG_PACKET 434901494e00da9b0000130b4e00c990171f1400dd7c037abb74719abc96ae3bf4a46e3c240c76042a44d8df4072d0bf4e54d46d07c1d4b62085f1d7388f3d7b191ecc320f3c406262c5a672eeb190b8767c8ed0d47ced3a71d5f4d2e8f780c899141597960a1179055c4d9c66f678c94259c6d118ae7af4761be8cdee701a35b7f44c7898bf7545ff3478c9503956cb9b6c03daa35502ea418864e58d19e4b84e384b4ba38abc239f783bfe888058782bbb2654ad410e4ca287bf008d9eedaeb668aa100db3f5731878a76cf76347322627ce08b2e45b132c4b9892895d51c96677492efe81029a6ca798a385289db7898d RSSI=-56 SNR=28
2026-06-03T18:35:43.178 > p2p rx 0
2026-06-03T18:35:43.179 < >
2026-06-03T18:35:47.339 < >> Ok
2026-06-03T18:35:47.392 < >> radio_rx 434901494e00da9b0000130b4e00c990171f1500dd211a58e2d4acddb528ac6258c14293b15f70bdd1579f036733f37a713ed374bd640f82ff326511b0258f8cc3064613884b644f54a4a3f26e175cebb70333f59b0c4b27ca3fe18a625a56581ec1ea148d8b6283c7564b4056735600702eaf238ac3d0c53bd29e3dfb38d8e0a638717296237779556caa05724c2be2a57bf694d2311fcd89254a37561cc27fe66b982993a34fc4d65d456060a7d9458ce5d7e4f27ffdcdb492dc4744ce83b4ef270951d4c203b65a452b8c3334c9c6548cd7b18cc36e8cbb47f251671c99003695531599850238503a5114004a67417f7e -58 29
2026-06-03T18:35:47.397 IMG_PACKET 434901494e00da9b0000130b4e00c990171f1500dd211a58e2d4acddb528ac6258c14293b15f70bdd1579f036733f37a713ed374bd640f82ff326511b0258f8cc3064613884b644f54a4a3f26e175cebb70333f59b0c4b27ca3fe18a625a56581ec1ea148d8b6283c7564b4056735600702eaf238ac3d0c53bd29e3dfb38d8e0a638717296237779556caa05724c2be2a57bf694d2311fcd89254a37561cc27fe66b982993a34fc4d65d456060a7d9458ce5d7e4f27ffdcdb492dc4744ce83b4ef270951d4c203b65a452b8c3334c9c6548cd7b18cc36e8cbb47f251671c99003695531599850238503a5114004a67417f7e RSSI=-58 SNR=29
2026-06-03T18:35:47.437 > p2p rx 0
2026-06-03T18:35:47.438 < >
2026-06-03T18:35:51.598 < >> Ok
2026-06-03T18:35:51.647 < >> radio_rx 434901494e00da9b0000130b4e00c990171f1600ddcaa7880b79029ed38c06dc47a35fcafe496b4a38dc5ab5137582f212b2392978e23223bdef83b46ecbd8ba902aa006d4c496d6bf56b2ed839e2acf06fbc58d8d0159a51ea4e0070ae0c927da284bb111a74249f15c044518a7bbfa4f978bd871fff8e17bc8eb733df1e078e7042dcb0c2c13c3835e8b87055b7d972898c25678b99edc0e3a718dca13f2bf78fca69490cc744c6da0b518dec21c86c8348519248c414d6b58d2edafa9970e3d4e222ac68da4e963de9fe9f1675af7d0fa36b092ceba41e9dc1e401ace9660dbc9c607c3d54d1b4f93cd553cb70ed8ba75 -60 27
2026-06-03T18:35:51.781 IMG_PACKET 434901494e00da9b0000130b4e00c990171f1600ddcaa7880b79029ed38c06dc47a35fcafe496b4a38dc5ab5137582f212b2392978e23223bdef83b46ecbd8ba902aa006d4c496d6bf56b2ed839e2acf06fbc58d8d0159a51ea4e0070ae0c927da284bb111a74249f15c044518a7bbfa4f978bd871fff8e17bc8eb733df1e078e7042dcb0c2c13c3835e8b87055b7d972898c25678b99edc0e3a718dca13f2bf78fca69490cc744c6da0b518dec21c86c8348519248c414d6b58d2edafa9970e3d4e222ac68da4e963de9fe9f1675af7d0fa36b092ceba41e9dc1e401ace9660dbc9c607c3d54d1b4f93cd553cb70ed8ba75 RSSI=-60 SNR=27
2026-06-03T18:35:51.782 > p2p rx 0
2026-06-03T18:35:51.782 < >
2026-06-03T18:35:55.856 < >> Ok
2026-06-03T18:35:55.908 < >> radio_rx 434901494e00da9b0000130b4e00c990171f1700dd71d78a516eea79bd4bebbc8434c5277da4c4a959edc1e0e33395011ebac830b01f39e81c802ec67c5529c3e873f9c9652a2b667217e5508ee1bb8ab2a03bdb901feff76e7140799a616c8c0f8e2a6f0f49fbe490f75f65f8d9bc03ef5da931fa1efdfd6c76ff6ee912c62f74205845332ef68b16479824b0d3670c21d1cb513485e5ab184a29988de5b677007436f9b6637fc13a51fc3ae832c959ed5f72a9c956cae54a53b8a5078b70b082be650cc29b7e778152ddfc994d29e4e7c630a9a5b8bac308eae5e128f3eeb13905656de76952f6055b8c9987819059aa72 -60 28
2026-06-03T18:35:55.912 IMG_PACKET 434901494e00da9b0000130b4e00c990171f1700dd71d78a516eea79bd4bebbc8434c5277da4c4a959edc1e0e33395011ebac830b01f39e81c802ec67c5529c3e873f9c9652a2b667217e5508ee1bb8ab2a03bdb901feff76e7140799a616c8c0f8e2a6f0f49fbe490f75f65f8d9bc03ef5da931fa1efdfd6c76ff6ee912c62f74205845332ef68b16479824b0d3670c21d1cb513485e5ab184a29988de5b677007436f9b6637fc13a51fc3ae832c959ed5f72a9c956cae54a53b8a5078b70b082be650cc29b7e778152ddfc994d29e4e7c630a9a5b8bac308eae5e128f3eeb13905656de76952f6055b8c9987819059aa72 RSSI=-60 SNR=28
2026-06-03T18:35:55.953 > p2p rx 0
2026-06-03T18:35:55.954 < >
2026-06-03T18:36:00.117 < >> Ok
2026-06-03T18:36:00.166 < >> radio_rx 434901494e00da9b0000130b4e00c990171f1800ddc30552c81dd980213c387161e28308c4351a5a2747b7e5bae3856b26a8b4b8a7c64837e81c42921c64350567d6e5ae65fa846eae3fb9f225df6e00bc831f9d193d134ca1fd5c47b0d646f99c1330a526084a8e09879d27d77650c4d9dd3c4bb041e3797ec4c55e75435deca4f501af0d59b69f719e8be01ea6965b834ddc34947e145a61fa4fab6b4192ee8fb13c7cd06224ec4b79816f2338931d02bf9421c8676e6dc739081f85d3f271c4ac31a14bf95411c21bd0a7e958b668b52b3bcd4535d73a84479f38a4c1321fda563d295bc5e3f4df856225a00b71d1f6f7 -57 28
2026-06-03T18:36:00.172 IMG_PACKET 434901494e00da9b0000130b4e00c990171f1800ddc30552c81dd980213c387161e28308c4351a5a2747b7e5bae3856b26a8b4b8a7c64837e81c42921c64350567d6e5ae65fa846eae3fb9f225df6e00bc831f9d193d134ca1fd5c47b0d646f99c1330a526084a8e09879d27d77650c4d9dd3c4bb041e3797ec4c55e75435deca4f501af0d59b69f719e8be01ea6965b834ddc34947e145a61fa4fab6b4192ee8fb13c7cd06224ec4b79816f2338931d02bf9421c8676e6dc739081f85d3f271c4ac31a14bf95411c21bd0a7e958b668b52b3bcd4535d73a84479f38a4c1321fda563d295bc5e3f4df856225a00b71d1f6f7 RSSI=-57 SNR=28
2026-06-03T18:36:00.212 > p2p rx 0
2026-06-03T18:36:00.214 < >
2026-06-03T18:36:04.424 < >> Ok
2026-06-03T18:36:04.476 < >> radio_rx 434901494e00da9b0000130b4e00c990171f1900dd6092f0a23bff66bdf006b9ea18bed7ce4ff0b673030805cfebdaea77e19d087a759898eb1834eefb5205428150f723736b56afc7b33a7ae4a5ed1d31bcaad1e75d8c2e18b60aafb8c6a1ec395f89397023852907e06a1baafa3a240aefd386441dfbf031fad1cd3a9ea5af7d94a4f037b85bebe8c783af4129f826aa59c486ed079624ac5fce99e7d8facc3100c90b2c27a614181fb73f3f37adc484fa225d59c3d718dfe3f295c18b31d2afe5c93844d04bc886de2d6ab5db8153680c499c4f8ac2d819f5cd7bdc21fb8e9d35daa06365aecdb6a6f9363acbfe60cd8e -58 27
2026-06-03T18:36:04.481 IMG_PACKET 434901494e00da9b0000130b4e00c990171f1900dd6092f0a23bff66bdf006b9ea18bed7ce4ff0b673030805cfebdaea77e19d087a759898eb1834eefb5205428150f723736b56afc7b33a7ae4a5ed1d31bcaad1e75d8c2e18b60aafb8c6a1ec395f89397023852907e06a1baafa3a240aefd386441dfbf031fad1cd3a9ea5af7d94a4f037b85bebe8c783af4129f826aa59c486ed079624ac5fce99e7d8facc3100c90b2c27a614181fb73f3f37adc484fa225d59c3d718dfe3f295c18b31d2afe5c93844d04bc886de2d6ab5db8153680c499c4f8ac2d819f5cd7bdc21fb8e9d35daa06365aecdb6a6f9363acbfe60cd8e RSSI=-58 SNR=27
2026-06-03T18:36:04.521 > p2p rx 0
2026-06-03T18:36:04.523 < >
2026-06-03T18:36:08.733 < >> Ok
2026-06-03T18:36:08.785 < >> radio_rx 434901494e00da9b0000130b4e00c990171f1a00dd551d35ea41e1e6536558174e83a2ce51cd934181df42dfdda3ff8888c0d6d9d4686bbcb13e4580a69fca2f646514c10f5e8ccbe83790235caff99e2d56f6529eb09a2bf2a7f9a833a7d7f059949426f0f4c3f419cb8a65b18baba30aae73bbd1b5dfda4786fa1259e5dd6320c5572033f904805df4131b657d2167212660ecf63603bae92fe6a70dc3991a2404370204f9a8c0a39587a064542cf82b1e419617d2ba03f5ca762508c9d20b92ba1207cab6d8bf139e118d062d0bf56649042acbd4c5ac3138b81de49465bfa7961b18536b9324295b942591404ccca0eb -60 22
2026-06-03T18:36:08.790 IMG_PACKET 434901494e00da9b0000130b4e00c990171f1a00dd551d35ea41e1e6536558174e83a2ce51cd934181df42dfdda3ff8888c0d6d9d4686bbcb13e4580a69fca2f646514c10f5e8ccbe83790235caff99e2d56f6529eb09a2bf2a7f9a833a7d7f059949426f0f4c3f419cb8a65b18baba30aae73bbd1b5dfda4786fa1259e5dd6320c5572033f904805df4131b657d2167212660ecf63603bae92fe6a70dc3991a2404370204f9a8c0a39587a064542cf82b1e419617d2ba03f5ca762508c9d20b92ba1207cab6d8bf139e118d062d0bf56649042acbd4c5ac3138b81de49465bfa7961b18536b9324295b942591404ccca0eb RSSI=-60 SNR=22
2026-06-03T18:36:08.830 > p2p rx 0
2026-06-03T18:36:08.832 < >
2026-06-03T18:36:13.000 < >> Ok
2026-06-03T18:36:13.049 < >> radio_rx 434901494e00da9b0000130b4e00c990171f1b00dd35dbe7bb5b3993cd29ebbc691e6ca47da5a1af1ec2e267c7df7adcd05d18f7e02a75828e8c345a0c7fba6b206e732f73575d3303d8cfc5f2282776aa016f5b84688d718c28a7d90c7d9c428bc5d23ca9cd96432e8291d2f8c404eafbbfeb9c348f72bcd21e69672c79766d787ccea00727dbbf765402d373dd87b49b31a3cd51973fdd93e6cdd21e21b887565408b427f20d0a5f3165f3d93793e77642a69b77353d585ff81ab1615f8ef14f3d572182f23527e34c1ce6e7662f64a38f66482a22550aa8c88aef5df4420a7c21de573a299ea08f97739079e0363a69e2 -62 29
2026-06-03T18:36:13.055 IMG_PACKET 434901494e00da9b0000130b4e00c990171f1b00dd35dbe7bb5b3993cd29ebbc691e6ca47da5a1af1ec2e267c7df7adcd05d18f7e02a75828e8c345a0c7fba6b206e732f73575d3303d8cfc5f2282776aa016f5b84688d718c28a7d90c7d9c428bc5d23ca9cd96432e8291d2f8c404eafbbfeb9c348f72bcd21e69672c79766d787ccea00727dbbf765402d373dd87b49b31a3cd51973fdd93e6cdd21e21b887565408b427f20d0a5f3165f3d93793e77642a69b77353d585ff81ab1615f8ef14f3d572182f23527e34c1ce6e7662f64a38f66482a22550aa8c88aef5df4420a7c21de573a299ea08f97739079e0363a69e2 RSSI=-62 SNR=29
2026-06-03T18:36:13.096 > p2p rx 0
2026-06-03T18:36:13.097 < >
2026-06-03T18:36:17.257 < >> Ok
2026-06-03T18:36:17.310 < >> radio_rx 434901494e00da9b0000130b4e00c990171f1c00dd191cba36ef05c0bee1b7f4b17e68198c5b91fe0b9499f6ecf199d15a7e15102d892da111142a8d150e2f231db9e3bb943383818ff0fc00f8f9f5064c2eba6a7da50c43fcfde1e5be307be7306e5d196bb7812636125ced0ec6e320c7dab792ea6a83dc981f687fa094551d4f97059d226aef705e76c63371de03265123f36ac4471da0060e836dabcc0817bc2d653ec7800455633b890eed34c123ca29f5713748818f6e3b6896e2c664dbcbfa45d7d2c77c9186ab0a27d19df3c8eab613781a1edb540b1fe43fc098341b07657ad124514e328dd36ed9da2e680a9a2b -59 28
2026-06-03T18:36:17.316 IMG_PACKET 434901494e00da9b0000130b4e00c990171f1c00dd191cba36ef05c0bee1b7f4b17e68198c5b91fe0b9499f6ecf199d15a7e15102d892da111142a8d150e2f231db9e3bb943383818ff0fc00f8f9f5064c2eba6a7da50c43fcfde1e5be307be7306e5d196bb7812636125ced0ec6e320c7dab792ea6a83dc981f687fa094551d4f97059d226aef705e76c63371de03265123f36ac4471da0060e836dabcc0817bc2d653ec7800455633b890eed34c123ca29f5713748818f6e3b6896e2c664dbcbfa45d7d2c77c9186ab0a27d19df3c8eab613781a1edb540b1fe43fc098341b07657ad124514e328dd36ed9da2e680a9a2b RSSI=-59 SNR=28
2026-06-03T18:36:17.354 > p2p rx 0
2026-06-03T18:36:17.355 < >
2026-06-03T18:36:21.516 < >> Ok
2026-06-03T18:36:21.566 < >> radio_rx 434901494e00da9b0000130b4e00c990171f1d00dd5645cef10ca72f740d4c4b3e6c2dc9d0e265631f39f117664aae0eb9745d6de32ffc1a358fe6de840e16607f5010c00cee1ac356c7d5f313de4300ffc8704f0f29261c3af52e233251a17fa8b43eedb161cbef2f2952e4ff35af515bbd241817fb52bd70bec36f36b7f384d5ccdce720a2331b9b335630f4fc1d2191996ebc902821a1cf2f284919d3bd4dd35666b41db31b48fcbae6a8a139c4ead46fc1fc5fc86a9442da129164568a014a8ccd31c2db8a9119a2a9d5ae4096580a0cea67e8830a6c60ede11f853a5384d0e550554ba8386e2d22ddeb693559fad116 -57 30
2026-06-03T18:36:21.572 IMG_PACKET 434901494e00da9b0000130b4e00c990171f1d00dd5645cef10ca72f740d4c4b3e6c2dc9d0e265631f39f117664aae0eb9745d6de32ffc1a358fe6de840e16607f5010c00cee1ac356c7d5f313de4300ffc8704f0f29261c3af52e233251a17fa8b43eedb161cbef2f2952e4ff35af515bbd241817fb52bd70bec36f36b7f384d5ccdce720a2331b9b335630f4fc1d2191996ebc902821a1cf2f284919d3bd4dd35666b41db31b48fcbae6a8a139c4ead46fc1fc5fc86a9442da129164568a014a8ccd31c2db8a9119a2a9d5ae4096580a0cea67e8830a6c60ede11f853a5384d0e550554ba8386e2d22ddeb693559fad116 RSSI=-57 SNR=30
2026-06-03T18:36:21.612 > p2p rx 0
2026-06-03T18:36:21.613 < >
2026-06-03T18:36:25.825 < >> Ok
2026-06-03T18:36:25.878 < >> radio_rx 434901494e00da9b0000130b4e00c990171f1e00dd1c98dc2bf6ae54bd19d67a0fe7a859c278a00644a89b881c4201575fe84d27ac2e5c58bbe4579ba32897104209edc3411a6f4cee41a4ade96a4abc4aa82352e4ee4c48a96c4e96591db4b2765b3162204afaf5bb887be715726b4d683f87080721723f7d1a61e16152a0bcabbee4f270f912157b2352154cc62f51029e98aca8a5cff07c6e443305869015131d101997ffbbc41e142bf87525dd8fa29504f6c0eb9ff45f024c2379e21680c530c64314684f0230a99e42f9da46bb837f673cd0041b846c3f20540dad4cbb8fdc6d5400228d26b23f6a7624372e86bd59 -63 26
2026-06-03T18:36:25.883 IMG_PACKET 434901494e00da9b0000130b4e00c990171f1e00dd1c98dc2bf6ae54bd19d67a0fe7a859c278a00644a89b881c4201575fe84d27ac2e5c58bbe4579ba32897104209edc3411a6f4cee41a4ade96a4abc4aa82352e4ee4c48a96c4e96591db4b2765b3162204afaf5bb887be715726b4d683f87080721723f7d1a61e16152a0bcabbee4f270f912157b2352154cc62f51029e98aca8a5cff07c6e443305869015131d101997ffbbc41e142bf87525dd8fa29504f6c0eb9ff45f024c2379e21680c530c64314684f0230a99e42f9da46bb837f673cd0041b846c3f20540dad4cbb8fdc6d5400228d26b23f6a7624372e86bd59 RSSI=-63 SNR=26
2026-06-03T18:36:25.922 > p2p rx 0
2026-06-03T18:36:25.923 < >
2026-06-03T19:06:07.687 < >> Ok
2026-06-03T19:06:07.736 < >> radio_rx 434901495428be76000012f55428ac83161e0000dd860d5b9a5c23e72bb1ef4fd2475cc331e99a22bff06b8445dd2e1cbd06cc88cd077098301c1fe614dd8344c654f34b58992b2a60cf63742b7164f9c9585401363f0d313e37c5273e99227c295efd6e3791b8a454513d15f38ac5e37e9051c37b77fcf67bcd4fc663e17ee3195374001a00062fdd1ae088a3361143bdd46c4aa5d8fdf8262d1932b4a3ed9db99258ab143d46f476a986b9472b6a052acc0ebcd1eeaa946a87c49b0e6130a4005142087bb00778bb293247f16f17ccdc2501536687076254519acef411014629b18a5f950711a2be89befd1f9962680cdb -56 25
2026-06-03T19:06:07.741 IMG_PACKET 434901495428be76000012f55428ac83161e0000dd860d5b9a5c23e72bb1ef4fd2475cc331e99a22bff06b8445dd2e1cbd06cc88cd077098301c1fe614dd8344c654f34b58992b2a60cf63742b7164f9c9585401363f0d313e37c5273e99227c295efd6e3791b8a454513d15f38ac5e37e9051c37b77fcf67bcd4fc663e17ee3195374001a00062fdd1ae088a3361143bdd46c4aa5d8fdf8262d1932b4a3ed9db99258ab143d46f476a986b9472b6a052acc0ebcd1eeaa946a87c49b0e6130a4005142087bb00778bb293247f16f17ccdc2501536687076254519acef411014629b18a5f950711a2be89befd1f9962680cdb RSSI=-56 SNR=25
2026-06-03T19:06:07.783 > p2p rx 0
2026-06-03T19:06:07.784 < >
2026-06-03T19:06:09.372 < >> Ok
2026-06-03T19:06:09.374 < >> radio_err
2026-06-03T19:06:09.672 > p2p rx 0
2026-06-03T19:06:09.674 < >
2026-06-03T19:06:12.797 < >> Ok
2026-06-03T19:06:12.847 < >> radio_rx 434901495428be76000012f55428ac83161e0300dd5fe5599db63146ea620f46ea4b80a72a494bb42de24ffddbdb25d012a1138b3a052b011df4009d7636e922773f8302bed7b80323b0aecef5f51d1e61b5e235a031fece7796a9b61f7d0eebcc8f305c6285494f78c59682e29307e6b74d7c40df0557d8d17643bf8cf930e447c2d979731f42e7a1948698d56d8196a722e6ff23be00cda50be2da64bd3f704aca2c6e8d3098e6a96bd4df7fb87970d2e573ff4564d11704ce23ea2d03b9f821b2444fadb570dc7054cc5b7fdd52f3629aea6034f48df29ac2f59bfa89b8dc440fc26dd9bde71a85c7a6c004aacea89a93 -60 25
2026-06-03T19:06:12.852 IMG_PACKET 434901495428be76000012f55428ac83161e0300dd5fe5599db63146ea620f46ea4b80a72a494bb42de24ffddbdb25d012a1138b3a052b011df4009d7636e922773f8302bed7b80323b0aecef5f51d1e61b5e235a031fece7796a9b61f7d0eebcc8f305c6285494f78c59682e29307e6b74d7c40df0557d8d17643bf8cf930e447c2d979731f42e7a1948698d56d8196a722e6ff23be00cda50be2da64bd3f704aca2c6e8d3098e6a96bd4df7fb87970d2e573ff4564d11704ce23ea2d03b9f821b2444fadb570dc7054cc5b7fdd52f3629aea6034f48df29ac2f59bfa89b8dc440fc26dd9bde71a85c7a6c004aacea89a93 RSSI=-60 SNR=25
2026-06-03T19:06:12.893 > p2p rx 0
2026-06-03T19:06:12.894 < >
2026-06-03T19:06:14.504 < >> Ok
2026-06-03T19:06:14.556 < >> radio_rx 434901495428be76000012f55428ac83161e0400ddfd5da8ff0e901888042d912e5be3bfe38b4865338e748caba74db124d72e6eca69dfbacd2cbe768972fd2ac21efc06212674daf7e2801ca8b4ab34410d62b25e3fe58f482199d4974b647c2238f3c4371568a4f3ce23652df1bc4564a0a5fa9d7ebf29407b9fee674baead4a5a521777e2a062cae5e8d545cd082eae680d37d3da799848ecf77771a9aaa3e67bc5e9e687280eb4b33432370bdbf960a700d29e0004fdd7409fb570b2df21ebd0d03305ebd53018651bbad19170b941396f1d536e233c63aa4e4903bbd06784562b22b3f35b6a6fb5a4cd525e919922c5 -60 23
2026-06-03T19:06:14.561 IMG_PACKET 434901495428be76000012f55428ac83161e0400ddfd5da8ff0e901888042d912e5be3bfe38b4865338e748caba74db124d72e6eca69dfbacd2cbe768972fd2ac21efc06212674daf7e2801ca8b4ab34410d62b25e3fe58f482199d4974b647c2238f3c4371568a4f3ce23652df1bc4564a0a5fa9d7ebf29407b9fee674baead4a5a521777e2a062cae5e8d545cd082eae680d37d3da799848ecf77771a9aaa3e67bc5e9e687280eb4b33432370bdbf960a700d29e0004fdd7409fb570b2df21ebd0d03305ebd53018651bbad19170b941396f1d536e233c63aa4e4903bbd06784562b22b3f35b6a6fb5a4cd525e919922c5 RSSI=-60 SNR=23
2026-06-03T19:06:14.600 > p2p rx 0
2026-06-03T19:06:14.601 < >
2026-06-03T19:06:16.205 < >> Ok
2026-06-03T19:06:16.260 < >> radio_rx 434901495428be76000012f55428ac83161e0500ddcf14ff67b75c93236cd76aac278c9bb4167785ac9eee3228ba5edca05fcc933a7c5549871f655a0f6c17d4e2925472e0629196f2c97045261690165248ac88a0097b1b5296c9624f8ad2282cdf0851f263b9bf4cdca594b7754e6752ec0178f61e9165a33e622cb7e648d7915a3948c34c420d1ca92f91e3b5186001f2efd2178615514d308237740e28fae19ecf59571959c8f9e91b65f6e2e3c3029765b329c323430a7305c7f8df41a684e26785ad0c951db22869ec323b38ab26e3a95b0f59db0593beef5b99f7dbd00932f319753b5c068fdc71568f4d53d226fd -58 30
2026-06-03T19:06:16.266 IMG_PACKET 434901495428be76000012f55428ac83161e0500ddcf14ff67b75c93236cd76aac278c9bb4167785ac9eee3228ba5edca05fcc933a7c5549871f655a0f6c17d4e2925472e0629196f2c97045261690165248ac88a0097b1b5296c9624f8ad2282cdf0851f263b9bf4cdca594b7754e6752ec0178f61e9165a33e622cb7e648d7915a3948c34c420d1ca92f91e3b5186001f2efd2178615514d308237740e28fae19ecf59571959c8f9e91b65f6e2e3c3029765b329c323430a7305c7f8df41a684e26785ad0c951db22869ec323b38ab26e3a95b0f59db0593beef5b99f7dbd00932f319753b5c068fdc71568f4d53d226fd RSSI=-58 SNR=30
2026-06-03T19:06:16.302 > p2p rx 0
2026-06-03T19:06:16.303 < >
2026-06-03T19:06:17.914 < >> Ok
2026-06-03T19:06:17.963 < >> radio_rx 434901495428be76000012f55428ac83161e0600ddc2a59b99a2f85499fc50e61f78fcb3fa022f5de2e765dcab4c0863123dbbcdc93095a3198ceac4a8c46d31f9b22a9aa44e18da18d8e4ce05a77d04abe00fcc563e97ad3ae360257a290644eab8468a3a0ffc09c87a71e39689710b632b497e6e903f91aa9db181cd38e9d31e40769b5c8ddc7e5250219aa7db176b794f6c580aa19499dde2d04d7710c44ca2f97e37df4473f260ba5c5df48dea951a25cd964cb38e2c8fd5c60e434f7b02bcc062f1db72d0d2258f09738eaff5439c72886cb660d40691fe2439f41741a62bdc37df91e5cf3a090e87dae1c5f04c3e31 -58 30
2026-06-03T19:06:17.967 IMG_PACKET 434901495428be76000012f55428ac83161e0600ddc2a59b99a2f85499fc50e61f78fcb3fa022f5de2e765dcab4c0863123dbbcdc93095a3198ceac4a8c46d31f9b22a9aa44e18da18d8e4ce05a77d04abe00fcc563e97ad3ae360257a290644eab8468a3a0ffc09c87a71e39689710b632b497e6e903f91aa9db181cd38e9d31e40769b5c8ddc7e5250219aa7db176b794f6c580aa19499dde2d04d7710c44ca2f97e37df4473f260ba5c5df48dea951a25cd964cb38e2c8fd5c60e434f7b02bcc062f1db72d0d2258f09738eaff5439c72886cb660d40691fe2439f41741a62bdc37df91e5cf3a090e87dae1c5f04c3e31 RSSI=-58 SNR=30
2026-06-03T19:06:18.011 > p2p rx 0
2026-06-03T19:06:18.012 < >
2026-06-03T19:06:19.616 < >> Ok
2026-06-03T19:06:19.667 < >> radio_rx 434901495428be76000012f55428ac83161e0700dd979a1e30459b97582974f76523094192f4884bbdf6c53f7cf88ed856efee62236b3d4b8e1049fa5c52e72ff9cdc68fd29d3064ad2bc3f92dfb1982a3f2e496b08ef3f6648170b1342204cfad41890e16d7264910634095f94f7a5a6838f529051d0df375a0c47b06d6c8ab4bde69850a22104ed45c6c5c552e89e3342401275eae9c548b6810c7e892af72cacec1da2246e324359b7f200060b14324165de12e292ec58ca31a7aa2e5a8bb816ed93cb1ab8d7f787b3df2b7d538f2bee967b7a04da0c7ef99553baeaf4260451abd99b4da900e7492ea0cd05668b2d151 -51 33
2026-06-03T19:06:19.672 IMG_PACKET 434901495428be76000012f55428ac83161e0700dd979a1e30459b97582974f76523094192f4884bbdf6c53f7cf88ed856efee62236b3d4b8e1049fa5c52e72ff9cdc68fd29d3064ad2bc3f92dfb1982a3f2e496b08ef3f6648170b1342204cfad41890e16d7264910634095f94f7a5a6838f529051d0df375a0c47b06d6c8ab4bde69850a22104ed45c6c5c552e89e3342401275eae9c548b6810c7e892af72cacec1da2246e324359b7f200060b14324165de12e292ec58ca31a7aa2e5a8bb816ed93cb1ab8d7f787b3df2b7d538f2bee967b7a04da0c7ef99553baeaf4260451abd99b4da900e7492ea0cd05668b2d151 RSSI=-51 SNR=33
2026-06-03T19:06:19.713 > p2p rx 0
2026-06-03T19:06:19.714 < >
2026-06-03T19:06:21.317 < >> Ok
2026-06-03T19:06:21.367 < >> radio_rx 434901495428be76000012f55428ac83161e0800ddee610e249ebc41a54a463cf54ca2cc6bfd4fc56d567114952d5e2fe958c54f094e663dca4f826b0b6d0d7b10a2d8a022a1589f17f50283bcf195456c5e7b0a1f4c2f6003b25d23ff2a5fa70cb87d3e47174e67758b452c8b7643eb3e00a289228f32b62d26a5f1a658c34d33a4ba0bbf3239b6b4f7b7f745022c1646f436c78e4e547969805f107465736b3dad5acf2b711a9b0791c8466f572349102b06ea73b9e58aded9abc07cdfb8f0765ac8073600892215b7d095662049fde984ed3807ea251c5fddac2bec77f1d0fd2c91a927c77b3d0c7020561ec91a6e3b61 -51 33
2026-06-03T19:06:21.371 IMG_PACKET 434901495428be76000012f55428ac83161e0800ddee610e249ebc41a54a463cf54ca2cc6bfd4fc56d567114952d5e2fe958c54f094e663dca4f826b0b6d0d7b10a2d8a022a1589f17f50283bcf195456c5e7b0a1f4c2f6003b25d23ff2a5fa70cb87d3e47174e67758b452c8b7643eb3e00a289228f32b62d26a5f1a658c34d33a4ba0bbf3239b6b4f7b7f745022c1646f436c78e4e547969805f107465736b3dad5acf2b711a9b0791c8466f572349102b06ea73b9e58aded9abc07cdfb8f0765ac8073600892215b7d095662049fde984ed3807ea251c5fddac2bec77f1d0fd2c91a927c77b3d0c7020561ec91a6e3b61 RSSI=-51 SNR=33
2026-06-03T19:06:21.414 > p2p rx 0
2026-06-03T19:06:21.415 < >
2026-06-03T19:06:23.021 < >> Ok
2026-06-03T19:06:23.074 < >> radio_rx 434901495428be76000012f55428ac83161e0900dd570438c98c93795f2b42ceab652f934f53c457e538895eae3b6082359462c7b357ac5e836e3eb5eb23286d3a2b30592e398a567b3f509fd5c64690f9c93680adff9f430050d1c8612aa0bd333dcf8d16f56639383040e28999b11e06c62dfd81c8c20b4045330e0fdcd76ee9bb02e69732f4d09a7b5b08c5d52dfcec36d6587f328ec5819faad3d4c589397f372799c5c5030a9478474f66c136d7a223874a9cb7d526c5a7bdee3478fef6018016dc28665eb64ddfb0e3093e069aab95e3de28834957647d109811d6d1a2b6ffeb87e9b9c4811ef4e139add116484a1a -50 31
2026-06-03T19:06:23.078 IMG_PACKET 434901495428be76000012f55428ac83161e0900dd570438c98c93795f2b42ceab652f934f53c457e538895eae3b6082359462c7b357ac5e836e3eb5eb23286d3a2b30592e398a567b3f509fd5c64690f9c93680adff9f430050d1c8612aa0bd333dcf8d16f56639383040e28999b11e06c62dfd81c8c20b4045330e0fdcd76ee9bb02e69732f4d09a7b5b08c5d52dfcec36d6587f328ec5819faad3d4c589397f372799c5c5030a9478474f66c136d7a223874a9cb7d526c5a7bdee3478fef6018016dc28665eb64ddfb0e3093e069aab95e3de28834957647d109811d6d1a2b6ffeb87e9b9c4811ef4e139add116484a1a RSSI=-50 SNR=31
2026-06-03T19:06:23.118 > p2p rx 0
2026-06-03T19:06:23.119 < >
2026-06-03T19:06:24.722 < >> Ok
2026-06-03T19:06:24.772 < >> radio_rx 434901495428be76000012f55428ac83161e0a00dda7273026ec7f68651c9a57cfa9fc95663b8ecfb7c44e3b6ea3e34387098fc7a62819e39ea9b72a47e83e0f61d66ad2f5e78977d6d97505d20bdf013756727668381d6428988d17866f6998daa128d7f8bd9132255a6367b3d3147dd3f29448156c3aeec8b7c0e927286dabd9ad3984068efca007c2fad17e2cd1d067e8d89f025da33cca7c51697bcb7ea09bbd7b07b2e048b914cb0ee5ab80988a0c7b1303e210d3cdb352c089690abc33fa1e17248f5a28b599bb45b2d64a0175deca77f373ea6bcf562490c4fae3ac119116148dae57e89963afebcac8ba278f1c4d -51 32
2026-06-03T19:06:24.779 IMG_PACKET 434901495428be76000012f55428ac83161e0a00dda7273026ec7f68651c9a57cfa9fc95663b8ecfb7c44e3b6ea3e34387098fc7a62819e39ea9b72a47e83e0f61d66ad2f5e78977d6d97505d20bdf013756727668381d6428988d17866f6998daa128d7f8bd9132255a6367b3d3147dd3f29448156c3aeec8b7c0e927286dabd9ad3984068efca007c2fad17e2cd1d067e8d89f025da33cca7c51697bcb7ea09bbd7b07b2e048b914cb0ee5ab80988a0c7b1303e210d3cdb352c089690abc33fa1e17248f5a28b599bb45b2d64a0175deca77f373ea6bcf562490c4fae3ac119116148dae57e89963afebcac8ba278f1c4d RSSI=-51 SNR=32
2026-06-03T19:06:24.818 > p2p rx 0
2026-06-03T19:06:24.820 < >
2026-06-03T19:06:26.424 < >> Ok
2026-06-03T19:06:26.479 < >> radio_rx 434901495428be76000012f55428ac83161e0b00dd23fec4c0e36deed0a54837df7b750263093c962de800b059f0c49d00703cc08b768a3489e8f97fb58fe9d957d04bf4a06715d1a846f20ef1e42617e34d57925f0c7ce3006b712947205ef60fc1a15a19a863509be3266283e4c57f4a314134de3cddf75a75bf59062be9523162fe50ad02e534fac3c5ff269baec133467d07e1cff68365867055607e9e67d822f6a269d9868065f6bbd281f739f4f08d3a532219f658bc5e2875cea309e1846afd77fc55dc0ba98938637c32ab941aa627399a749eee7396e15b55c7bb4653eeca708e8084bf5b1a17b59f3c38cfb3cc -53 27
2026-06-03T19:06:26.484 IMG_PACKET 434901495428be76000012f55428ac83161e0b00dd23fec4c0e36deed0a54837df7b750263093c962de800b059f0c49d00703cc08b768a3489e8f97fb58fe9d957d04bf4a06715d1a846f20ef1e42617e34d57925f0c7ce3006b712947205ef60fc1a15a19a863509be3266283e4c57f4a314134de3cddf75a75bf59062be9523162fe50ad02e534fac3c5ff269baec133467d07e1cff68365867055607e9e67d822f6a269d9868065f6bbd281f739f4f08d3a532219f658bc5e2875cea309e1846afd77fc55dc0ba98938637c32ab941aa627399a749eee7396e15b55c7bb4653eeca708e8084bf5b1a17b59f3c38cfb3cc RSSI=-53 SNR=27
2026-06-03T19:06:26.521 > p2p rx 0
2026-06-03T19:06:26.522 < >
2026-06-03T19:06:28.125 < >> Ok
2026-06-03T19:06:28.176 < >> radio_rx 434901495428be76000012f55428ac83161e0c00dd54c3a38ca66be951b41596d450ac448fc60fb76d3cc4a0ff5b6e3e599d8330f436ce6cc40330fd2db956dad4c01a8d048ef7b08468ff12052571e65062aedb7af7c8fb1ca4047f8f64a92304bf601da42da664ce756959742353a92d196bc19fc4b891050a328fe8dab5cdf9a69e03f3beac0c34f185aa7dd3c7c194bcf6f22a6201c86b81238bef221cda379477bbbdadbf7cb1bd6b1e3132cf9abc3b980fc3b339e4c831ae66226ca98759660a39275dc5d792acd12a7b7b8db43852961801bd0dc75f87d6bd8ea4bb1c29395b9896df9f894be68778baaa2aa583fb -50 34
2026-06-03T19:06:28.181 IMG_PACKET 434901495428be76000012f55428ac83161e0c00dd54c3a38ca66be951b41596d450ac448fc60fb76d3cc4a0ff5b6e3e599d8330f436ce6cc40330fd2db956dad4c01a8d048ef7b08468ff12052571e65062aedb7af7c8fb1ca4047f8f64a92304bf601da42da664ce756959742353a92d196bc19fc4b891050a328fe8dab5cdf9a69e03f3beac0c34f185aa7dd3c7c194bcf6f22a6201c86b81238bef221cda379477bbbdadbf7cb1bd6b1e3132cf9abc3b980fc3b339e4c831ae66226ca98759660a39275dc5d792acd12a7b7b8db43852961801bd0dc75f87d6bd8ea4bb1c29395b9896df9f894be68778baaa2aa583fb RSSI=-50 SNR=34
2026-06-03T19:06:28.222 > p2p rx 0
2026-06-03T19:06:28.223 < >
2026-06-03T19:06:29.827 < >> Ok
2026-06-03T19:06:29.879 < >> radio_rx 434901495428be76000012f55428ac83161e0d00ddf1a3b6d4a3b54bb403de18d239a0b02f7eac801a1b236c94e881fe1dbf3f6d230bb008b929244a9e68ecde3681f842e21efb1fb12132b547f69bba932557db58ab2fd473664cfcb8c51d246dee926d2c1107b274b5bcf476be75828c81a55f477f52b00daf2ecea8d9927859661e17edbad71e9b9640f2613d2455042b82f9596ae472f1d3214c2f3790579287b54a5071aef26fba63aa6ce44af636e51327b6a5d3fbd0a07107d63346fefecf7de419b05022a107dd83e81c30f793557cf36b7aa6503b73c61a8ff5ad15f0291e95c3ed49116a65c4f4f7095707ec67 -50 32
2026-06-03T19:06:29.884 IMG_PACKET 434901495428be76000012f55428ac83161e0d00ddf1a3b6d4a3b54bb403de18d239a0b02f7eac801a1b236c94e881fe1dbf3f6d230bb008b929244a9e68ecde3681f842e21efb1fb12132b547f69bba932557db58ab2fd473664cfcb8c51d246dee926d2c1107b274b5bcf476be75828c81a55f477f52b00daf2ecea8d9927859661e17edbad71e9b9640f2613d2455042b82f9596ae472f1d3214c2f3790579287b54a5071aef26fba63aa6ce44af636e51327b6a5d3fbd0a07107d63346fefecf7de419b05022a107dd83e81c30f793557cf36b7aa6503b73c61a8ff5ad15f0291e95c3ed49116a65c4f4f7095707ec67 RSSI=-50 SNR=32
2026-06-03T19:06:29.925 > p2p rx 0
2026-06-03T19:06:29.926 < >
2026-06-03T19:06:31.528 < >> Ok
2026-06-03T19:06:31.580 < >> radio_rx 434901495428be76000012f55428ac83161e0e00ddd509e13ccc1a5916fc760f0ebda2d08725ccfc41da17996d0d10efee2871bc3bef6597549022a8a9876e86cde7f7b45718e6f6c5fee0e9e0f3f4084c51443a51d772412a3b64849a9e9e4729bd08ca93367dc2ac30add889c84f8199f9a14d39d633a940106a7250cfd4425c346f27c40dcd83e6f0d55bd41088bce2fb1c8083cc060d194bacda290b4b767435850dee5495cb83226e9d0876d4b2086bfa13bd7299856bf39ffcd3fbf596f4f1248b4f275591e80f19547174f53f9bf13b0612287e83bb2963b56d75a12c3b865b53d6f65ff6d9206eeb6a87e3bf2cb8 -51 30
2026-06-03T19:06:31.585 IMG_PACKET 434901495428be76000012f55428ac83161e0e00ddd509e13ccc1a5916fc760f0ebda2d08725ccfc41da17996d0d10efee2871bc3bef6597549022a8a9876e86cde7f7b45718e6f6c5fee0e9e0f3f4084c51443a51d772412a3b64849a9e9e4729bd08ca93367dc2ac30add889c84f8199f9a14d39d633a940106a7250cfd4425c346f27c40dcd83e6f0d55bd41088bce2fb1c8083cc060d194bacda290b4b767435850dee5495cb83226e9d0876d4b2086bfa13bd7299856bf39ffcd3fbf596f4f1248b4f275591e80f19547174f53f9bf13b0612287e83bb2963b56d75a12c3b865b53d6f65ff6d9206eeb6a87e3bf2cb8 RSSI=-51 SNR=30
2026-06-03T19:06:31.625 > p2p rx 0
2026-06-03T19:06:31.626 < >
2026-06-03T19:06:33.230 < >> Ok
2026-06-03T19:06:33.280 < >> radio_rx 434901495428be76000012f55428ac83161e0f00dd30bd26ff930528c81490a7354cdb30bbd8f183a5e10531af9aaabf0ff4525589f98db22f7599422c8c130ba319af0ef8db70eba129341230a8b26c1ed667ac99a725cf5184dac599955fd5a529a3e656ec120a5b96a54c79a4db762315883b5a0a41b8a10ea580356df36d343fa00655962dedaf8edbf9c412730a240422c163d91d5ab49b71277ccbaa7faac0e199e4cf31b8d6111d4027162c063d8d4d39e596281e656e6a4f8136919e906df91c7d5c943355246b90d3e52623830d2e5e8cc35a8f01d4a8ddc6ac00fc025e25618851450aa587351d340045b8975c -51 34
2026-06-03T19:06:33.284 IMG_PACKET 434901495428be76000012f55428ac83161e0f00dd30bd26ff930528c81490a7354cdb30bbd8f183a5e10531af9aaabf0ff4525589f98db22f7599422c8c130ba319af0ef8db70eba129341230a8b26c1ed667ac99a725cf5184dac599955fd5a529a3e656ec120a5b96a54c79a4db762315883b5a0a41b8a10ea580356df36d343fa00655962dedaf8edbf9c412730a240422c163d91d5ab49b71277ccbaa7faac0e199e4cf31b8d6111d4027162c063d8d4d39e596281e656e6a4f8136919e906df91c7d5c943355246b90d3e52623830d2e5e8cc35a8f01d4a8ddc6ac00fc025e25618851450aa587351d340045b8975c RSSI=-51 SNR=34
2026-06-03T19:06:33.327 > p2p rx 0
2026-06-03T19:06:33.328 < >
2026-06-03T19:06:34.931 < >> Ok
2026-06-03T19:06:34.981 < >> radio_rx 434901495428be76000012f55428ac83161e1000dd9d229979072e7f092bccd9c0bc60beebeff36136f42b6845be6af5d2b158443024e77112b11fd2a9b3f38a075521ad7d095f95aba221861b1b4c6f08948a4cab044ddc0015f9ec01d6b4b8a9969b6bc444373fcd83d368491df4c46d5e9d106c76460c168d933b8932b5d48e787e450ffe7e58a761de8eae355a13ec6a534f1389759ac3932041d0cf7f473334a3e64f4a946d0a43385d9c0e71eb98fafc8cb4b15eaaac9948a81fa5f39b8dd9bd902db38874d1f5c5f7bd95793804e9b6fa5c65094ac036c1042716241bf1ecba0eea112094db3307eda8c235113dfd -50 33
2026-06-03T19:06:34.986 IMG_PACKET 434901495428be76000012f55428ac83161e1000dd9d229979072e7f092bccd9c0bc60beebeff36136f42b6845be6af5d2b158443024e77112b11fd2a9b3f38a075521ad7d095f95aba221861b1b4c6f08948a4cab044ddc0015f9ec01d6b4b8a9969b6bc444373fcd83d368491df4c46d5e9d106c76460c168d933b8932b5d48e787e450ffe7e58a761de8eae355a13ec6a534f1389759ac3932041d0cf7f473334a3e64f4a946d0a43385d9c0e71eb98fafc8cb4b15eaaac9948a81fa5f39b8dd9bd902db38874d1f5c5f7bd95793804e9b6fa5c65094ac036c1042716241bf1ecba0eea112094db3307eda8c235113dfd RSSI=-50 SNR=33
2026-06-03T19:06:35.028 > p2p rx 0
2026-06-03T19:06:35.029 < >
2026-06-03T19:06:36.633 < >> Ok
2026-06-03T19:06:36.684 < >> radio_rx 434901495428be76000012f55428ac83161e1100ddd21bf8e4f52f042d7db7ced6e0e85fe891d06a9de03e7e979c377fd3b40fa175c680fddbc982362c672a13137885e2774835d28667f503aad720ca04390037aa14e75b56f041a343eafa3ccf940e32153edb44471e4f107c1fcb748279caefefe0d00a31f3963be8b0227bb2f064a14651bad0fae566fbc724160ede7d45621b6ac1b16bd267049ff52854c207116200c84e493459365f5c7466a41c3d42ced94305b3b4db524935b7db88352e09720d31efa7d10822a0bea625fef1343aed5e329eab5337432cd0f37e0508ac820759d11bf6321a349104918ae172b0 -50 31
2026-06-03T19:06:36.689 IMG_PACKET 434901495428be76000012f55428ac83161e1100ddd21bf8e4f52f042d7db7ced6e0e85fe891d06a9de03e7e979c377fd3b40fa175c680fddbc982362c672a13137885e2774835d28667f503aad720ca04390037aa14e75b56f041a343eafa3ccf940e32153edb44471e4f107c1fcb748279caefefe0d00a31f3963be8b0227bb2f064a14651bad0fae566fbc724160ede7d45621b6ac1b16bd267049ff52854c207116200c84e493459365f5c7466a41c3d42ced94305b3b4db524935b7db88352e09720d31efa7d10822a0bea625fef1343aed5e329eab5337432cd0f37e0508ac820759d11bf6321a349104918ae172b0 RSSI=-50 SNR=31
2026-06-03T19:06:36.730 > p2p rx 0
2026-06-03T19:06:36.731 < >
2026-06-03T19:06:38.334 < >> Ok
2026-06-03T19:06:38.383 < >> radio_rx 434901495428be76000012f55428ac83161e1200dd29306d9b511873f31402a673ed466b78a09379beb50fbecf175d48cae511714d6c990243890d64d9312b60201e5c22bfc0003a5e7ab6e297d54ab5fc7dd167912c2bfda1efae30c80b886bc2f4f14d68252c23a711a3149b18e46ad01ff7345acfefb05e8cfb516096ccbc67046ae222a7cc4eb6c5f20fd47a1117f6468e8a0d89641f35752e122d53082e6559f6e440b26c05f26b36009d94ae6fd6d3e9918897e9baa63866f3d646b4d3f6d44bc012d28a3d4f0f5a2990eb8f0f3752bfdfd1735d1a53c7c9d0ac4078c386afb6751221163b237c800683954e31f4c0 -51 32
2026-06-03T19:06:38.388 IMG_PACKET 434901495428be76000012f55428ac83161e1200dd29306d9b511873f31402a673ed466b78a09379beb50fbecf175d48cae511714d6c990243890d64d9312b60201e5c22bfc0003a5e7ab6e297d54ab5fc7dd167912c2bfda1efae30c80b886bc2f4f14d68252c23a711a3149b18e46ad01ff7345acfefb05e8cfb516096ccbc67046ae222a7cc4eb6c5f20fd47a1117f6468e8a0d89641f35752e122d53082e6559f6e440b26c05f26b36009d94ae6fd6d3e9918897e9baa63866f3d646b4d3f6d44bc012d28a3d4f0f5a2990eb8f0f3752bfdfd1735d1a53c7c9d0ac4078c386afb6751221163b237c800683954e31f4c0 RSSI=-51 SNR=32
2026-06-03T19:06:38.431 > p2p rx 0
2026-06-03T19:06:38.432 < >
2026-06-03T19:06:40.036 < >> Ok
2026-06-03T19:06:40.089 < >> radio_rx 434901495428be76000012f55428ac83161e1300ddabbb97a08ba01b4aa363ab1e3dad83939acd57e325a28565634bd4da625ef1763a6674ea4bb3a460466451f1cfd94dcc9b2de3ba24d8874357d77be0ed9b8b4282cdbbb5ccc79b9eb7685574a0979be7883937f5d49a71613facf60a8e686835f41405120d30284f0c7a26277e2abb277877de570bfaebda4a65abe29e33914964bf54c22537b3909f8245bd57cd14a746df9f203fca811e2ca6515beed5b17af3a04e9afe11eac8254c853782a4bd2922c3a3d8e85576eccb31c9e62d4ca6951e1b5d3d5289390b783b6f35344b5e53d6541adcb0bd3b050fdb33c6d5 -51 32
2026-06-03T19:06:40.094 IMG_PACKET 434901495428be76000012f55428ac83161e1300ddabbb97a08ba01b4aa363ab1e3dad83939acd57e325a28565634bd4da625ef1763a6674ea4bb3a460466451f1cfd94dcc9b2de3ba24d8874357d77be0ed9b8b4282cdbbb5ccc79b9eb7685574a0979be7883937f5d49a71613facf60a8e686835f41405120d30284f0c7a26277e2abb277877de570bfaebda4a65abe29e33914964bf54c22537b3909f8245bd57cd14a746df9f203fca811e2ca6515beed5b17af3a04e9afe11eac8254c853782a4bd2922c3a3d8e85576eccb31c9e62d4ca6951e1b5d3d5289390b783b6f35344b5e53d6541adcb0bd3b050fdb33c6d5 RSSI=-51 SNR=32
2026-06-03T19:06:40.133 > p2p rx 0
2026-06-03T19:06:40.134 < >
2026-06-03T19:06:41.737 < >> Ok
2026-06-03T19:06:41.787 < >> radio_rx 434901495428be76000012f55428ac83161e1400dd5a87d0650becd3f6e9d80b9dabb43baa4e95d5772a7b0a30ea137171172f2a4115567a965eb8ae2abc8ce5d458c91b81681f21888327345ba143cd2f59a9678e8f911cc80240f110907d8d574376d5c79a9b040a30545547950b09b3e504ea5763f83653b047cec664f31f9ed1931441e0e5556de279fbf7ded2e286c0f81facdc49e439712d7b02f4f95dc684731d35a6058b8423781aa4615122af7e8c01e14c4696c230df36efce8d51184e3f75a207ba6beef5a34c8600ea77502a82abdd84cafe51651dfc39519f55bed54bf08abf0f6cb56c424565418466144f -52 33
2026-06-03T19:06:41.793 IMG_PACKET 434901495428be76000012f55428ac83161e1400dd5a87d0650becd3f6e9d80b9dabb43baa4e95d5772a7b0a30ea137171172f2a4115567a965eb8ae2abc8ce5d458c91b81681f21888327345ba143cd2f59a9678e8f911cc80240f110907d8d574376d5c79a9b040a30545547950b09b3e504ea5763f83653b047cec664f31f9ed1931441e0e5556de279fbf7ded2e286c0f81facdc49e439712d7b02f4f95dc684731d35a6058b8423781aa4615122af7e8c01e14c4696c230df36efce8d51184e3f75a207ba6beef5a34c8600ea77502a82abdd84cafe51651dfc39519f55bed54bf08abf0f6cb56c424565418466144f RSSI=-52 SNR=33
2026-06-03T19:06:41.833 > p2p rx 0
2026-06-03T19:06:41.835 < >
2026-06-03T19:06:43.438 < >> Ok
2026-06-03T19:06:43.490 < >> radio_rx 434901495428be76000012f55428ac83161e1500dd07b43f4ae12f9c4573dc831b542ac0f189b08aba437696f80e77af52b73409057a08fbe5427a3ba669447fb648be21bd40d25d958727afe7ba8cfd1a7d07ec4f468c26cde53fe6aa28c82223b02d14bd734d4af8aa12ded4c122839a2a9d1053499403bc866773bc206d5855075f07ab14d199902c950449920897c972b2d7636357249c04807852137bb9e73ced2f11b95dbad58b60f093a1a72d0f025c1eb8ffe98f884a368f0614813f4d462ca98ead343d240e1a489875fbe738e240ddff44ef476b5c3c294a0869fba9fe63e0465886f4fcced4271f449a227cad -51 33
2026-06-03T19:06:43.495 IMG_PACKET 434901495428be76000012f55428ac83161e1500dd07b43f4ae12f9c4573dc831b542ac0f189b08aba437696f80e77af52b73409057a08fbe5427a3ba669447fb648be21bd40d25d958727afe7ba8cfd1a7d07ec4f468c26cde53fe6aa28c82223b02d14bd734d4af8aa12ded4c122839a2a9d1053499403bc866773bc206d5855075f07ab14d199902c950449920897c972b2d7636357249c04807852137bb9e73ced2f11b95dbad58b60f093a1a72d0f025c1eb8ffe98f884a368f0614813f4d462ca98ead343d240e1a489875fbe738e240ddff44ef476b5c3c294a0869fba9fe63e0465886f4fcced4271f449a227cad RSSI=-51 SNR=33
2026-06-03T19:06:43.536 > p2p rx 0
2026-06-03T19:06:43.537 < >
2026-06-03T19:06:45.140 < >> Ok
2026-06-03T19:06:45.192 < >> radio_rx 434901495428be76000012f55428ac83161e1600dd50fd8161cc776358513fe0ebb15ffb9da47ac8e4fe93f4676f28e8136f0a42320d351b9f4e74b418ae37c62d1426b9f23b126f98d1a9382277dbde04b1489f8bc1a0753fd9e60f40f37ec56c87690bcedd87868273d1508d8df8f496352da084980448d73cb7ebc40b6f814d8caf6a17930e55222cd19075b55d4894d26cee1d8159b22824cbd2f2a0aa6b480fc87ce197294b3f1a519fd029dc6efab35b5d74deba354870a057ad8f4c376505fd27ccafa3b39549a0289404c85491832ea2b26a685e9fcf2fe4bd3eb7c3dd90e21d9c26099484c569e3f5a35c90fb94 -51 33
2026-06-03T19:06:45.198 IMG_PACKET 434901495428be76000012f55428ac83161e1600dd50fd8161cc776358513fe0ebb15ffb9da47ac8e4fe93f4676f28e8136f0a42320d351b9f4e74b418ae37c62d1426b9f23b126f98d1a9382277dbde04b1489f8bc1a0753fd9e60f40f37ec56c87690bcedd87868273d1508d8df8f496352da084980448d73cb7ebc40b6f814d8caf6a17930e55222cd19075b55d4894d26cee1d8159b22824cbd2f2a0aa6b480fc87ce197294b3f1a519fd029dc6efab35b5d74deba354870a057ad8f4c376505fd27ccafa3b39549a0289404c85491832ea2b26a685e9fcf2fe4bd3eb7c3dd90e21d9c26099484c569e3f5a35c90fb94 RSSI=-51 SNR=33
2026-06-03T19:06:45.237 > p2p rx 0
2026-06-03T19:06:45.239 < >
2026-06-03T19:06:46.841 < >> Ok
2026-06-03T19:06:46.892 < >> radio_rx 434901495428be76000012f55428ac83161e1700dd4db9ec970a2510900239493a9a5c4ad8aed4a7ab17c429ba2a400002de44ce1e71243cf2df264d8ce0dc6b3941a1012935a47e17e6dad82dba9a9e7002beb9921f531cff84d2bcf1b60bc7f9b1b8c981eb74c89838fc2627a9c0ae2c27021b06b17cd9c74d436b523736534cc02e698269cfda7791254abba10d664246d32f220b6e8d1070eaeb2630fa220ac0615b7b4ad6d287ebe723e2def0f06f8fd0fd69385813c49b1037dfe22257c9599b70232f19e981c0a7ed06db64a2168653eb85a63806d39c837ddb66170d2942298f1df0048c9b3df1ba805c7d421d4f -51 31
2026-06-03T19:06:47.014 IMG_PACKET 434901495428be76000012f55428ac83161e1700dd4db9ec970a2510900239493a9a5c4ad8aed4a7ab17c429ba2a400002de44ce1e71243cf2df264d8ce0dc6b3941a1012935a47e17e6dad82dba9a9e7002beb9921f531cff84d2bcf1b60bc7f9b1b8c981eb74c89838fc2627a9c0ae2c27021b06b17cd9c74d436b523736534cc02e698269cfda7791254abba10d664246d32f220b6e8d1070eaeb2630fa220ac0615b7b4ad6d287ebe723e2def0f06f8fd0fd69385813c49b1037dfe22257c9599b70232f19e981c0a7ed06db64a2168653eb85a63806d39c837ddb66170d2942298f1df0048c9b3df1ba805c7d421d4f RSSI=-51 SNR=31
2026-06-03T19:06:47.015 > p2p rx 0
2026-06-03T19:06:47.015 < >
2026-06-03T19:06:48.543 < >> Ok
2026-06-03T19:06:48.594 < >> radio_rx 434901495428be76000012f55428ac83161e1800ddabd10cfc70cd1d2d063fe5d84c8ef714de0cca4642949ded88f4ceb1f121c6a8788cf481b447a396d0277162e38cdda9dcfc66736061b4b4c796b40e8891d8caface41226a29a5d97346d98b07997cf68afcd9b162fe8550c41f5c734507cb31bb29aae889d03e3952b626271d40eb3036b91898d36116585b63c20b41afc091e63bec14b0c491295ed37eab9209737b2989bb5cbe48f598dd28989a2c9f50aa54527cc100dcb1cd9bde3a99653a3d917bedb6335f4616239c8d8592f471b02ea492b8ca670a510f6daaab0132673938a9ebaa78d676e20be9ead7d609 -52 34
2026-06-03T19:06:48.599 IMG_PACKET 434901495428be76000012f55428ac83161e1800ddabd10cfc70cd1d2d063fe5d84c8ef714de0cca4642949ded88f4ceb1f121c6a8788cf481b447a396d0277162e38cdda9dcfc66736061b4b4c796b40e8891d8caface41226a29a5d97346d98b07997cf68afcd9b162fe8550c41f5c734507cb31bb29aae889d03e3952b626271d40eb3036b91898d36116585b63c20b41afc091e63bec14b0c491295ed37eab9209737b2989bb5cbe48f598dd28989a2c9f50aa54527cc100dcb1cd9bde3a99653a3d917bedb6335f4616239c8d8592f471b02ea492b8ca670a510f6daaab0132673938a9ebaa78d676e20be9ead7d609 RSSI=-52 SNR=34
2026-06-03T19:06:48.641 > p2p rx 0
2026-06-03T19:06:48.642 < >
2026-06-03T19:06:50.244 < >> Ok
2026-06-03T19:06:50.295 < >> radio_rx 434901495428be76000012f55428ac83161e1900ddcc8af46701e437e4e5639260839a10301396f680032b6fca8cb4765a0126ccca6b16fb14f85396f04795ebc7cb460b87c18326d9201a50e003276599588b8acc80764005493078a752fdbaa7c58c4d15cb6c1ab7f376bb47153575155b82ecbe5ce654f86d75cd4b417441174e2991de2f22fa715cd85fc277211b1337eb14fed636506785673ca87c3cebfc36db43fcfd3b7be6cd3c46a182fe4bd818cd60d67ab26c77e02fa59367047bf552284ea0b862c960d82490917590477235791d9ed19355431c230ebfe71982b780863a081074191080cc783687ee911024 -51 32
2026-06-03T19:06:50.300 IMG_PACKET 434901495428be76000012f55428ac83161e1900ddcc8af46701e437e4e5639260839a10301396f680032b6fca8cb4765a0126ccca6b16fb14f85396f04795ebc7cb460b87c18326d9201a50e003276599588b8acc80764005493078a752fdbaa7c58c4d15cb6c1ab7f376bb47153575155b82ecbe5ce654f86d75cd4b417441174e2991de2f22fa715cd85fc277211b1337eb14fed636506785673ca87c3cebfc36db43fcfd3b7be6cd3c46a182fe4bd818cd60d67ab26c77e02fa59367047bf552284ea0b862c960d82490917590477235791d9ed19355431c230ebfe71982b780863a081074191080cc783687ee911024 RSSI=-51 SNR=32
2026-06-03T19:06:50.341 > p2p rx 0
2026-06-03T19:06:50.343 < >
2026-06-03T19:06:51.946 < >> Ok
2026-06-03T19:06:51.998 < >> radio_rx 434901495428be76000012f55428ac83161e1a00dd9fec3c408b54e754610d8c722b8f3bb7cd0822bf462257548fdeffc297a9935b2920bec5e87e689def8c22f4411289032fca899f53211d953ac00a2fc6a7ceab9f8b2b41f8e63971f854015b7ea36e5ac70003c752bff18a043a1cbf1b2c96f7c7df67845398a33235f02c09394035a98140ff2f0f8ffb9843214ec0d47b4f68cd328a1628e54d8cf33a3680ff727e96bc4e1bbcb64a474f418850c46e0c9e919c38394ca0f94556564dabce6325f9597224ebeb1810d627e609aeaaf962d99ca15cbbdf67c771255a9584f0bb60df5ad98a9cd9d5d5bf45bbe9e6d3cb -50 31
2026-06-03T19:06:52.003 IMG_PACKET 434901495428be76000012f55428ac83161e1a00dd9fec3c408b54e754610d8c722b8f3bb7cd0822bf462257548fdeffc297a9935b2920bec5e87e689def8c22f4411289032fca899f53211d953ac00a2fc6a7ceab9f8b2b41f8e63971f854015b7ea36e5ac70003c752bff18a043a1cbf1b2c96f7c7df67845398a33235f02c09394035a98140ff2f0f8ffb9843214ec0d47b4f68cd328a1628e54d8cf33a3680ff727e96bc4e1bbcb64a474f418850c46e0c9e919c38394ca0f94556564dabce6325f9597224ebeb1810d627e609aeaaf962d99ca15cbbdf67c771255a9584f0bb60df5ad98a9cd9d5d5bf45bbe9e6d3cb RSSI=-50 SNR=31
2026-06-03T19:06:52.042 > p2p rx 0
2026-06-03T19:06:52.044 < >
2026-06-03T19:06:53.647 < >> Ok
2026-06-03T19:06:53.697 < >> radio_rx 434901495428be76000012f55428ac83161e1b00dd10c4f72e424c9cccfaf19776badd00848eaa82df3869e4db0ae5727cd8f09078117f7626c63442cda50233dbf6edb4429b9441b36dd88447d0ce69d182cc7bd5b03af9d4561ecbe304b897767ba228dd03ba6a979ff1a44442427c670e43e00ed5e1313eb2b6dae2c280fb4e01b04736c19c0adba8c17622ea1b2169034b547a3efa0b5b39acb497d4461512669f60f137333b526551774017d5c7761a0880dc47b9c08333847935b141f313323a58b1333940fb2a7865efddd179149d7d32438a17bcb608a79c6c9cff1bbf9abc67920f75681666789c30bae9c0747c -50 32
2026-06-03T19:06:53.702 IMG_PACKET 434901495428be76000012f55428ac83161e1b00dd10c4f72e424c9cccfaf19776badd00848eaa82df3869e4db0ae5727cd8f09078117f7626c63442cda50233dbf6edb4429b9441b36dd88447d0ce69d182cc7bd5b03af9d4561ecbe304b897767ba228dd03ba6a979ff1a44442427c670e43e00ed5e1313eb2b6dae2c280fb4e01b04736c19c0adba8c17622ea1b2169034b547a3efa0b5b39acb497d4461512669f60f137333b526551774017d5c7761a0880dc47b9c08333847935b141f313323a58b1333940fb2a7865efddd179149d7d32438a17bcb608a79c6c9cff1bbf9abc67920f75681666789c30bae9c0747c RSSI=-50 SNR=32
2026-06-03T19:06:53.743 > p2p rx 0
2026-06-03T19:06:53.745 < >
2026-06-03T19:06:55.348 < >> Ok
2026-06-03T19:06:55.398 < >> radio_rx 434901495428be76000012f55428ac83161e1c00dd6f5c14b8fea5003063e0606e4838e9200c0170907c4eee658cce0d84911b1acd39e921a81e16093a700a0393e493018a7d62bc23f6817fc01a523dccd952d116599296d7c3fcc4fb92e4460184d3bd16ae304de2e3366e8bbabbf9db1cc237d9d01d52b275fc7c9bf38ac008a05197740aa839c3ba85bada7f8179a4188602b72b2b1c434a92582cd0c37c19aad39843ed9f32baed0c2ed078066c7c16f4a12d56d99dc8e4a8680c621fd854097a4ebb27f6c69941d9951fee736fcdd17a671b9390dcd5f4299197d3069c12811d9f9308f901057e9412b558644f4e04 -50 31
2026-06-03T19:06:55.403 IMG_PACKET 434901495428be76000012f55428ac83161e1c00dd6f5c14b8fea5003063e0606e4838e9200c0170907c4eee658cce0d84911b1acd39e921a81e16093a700a0393e493018a7d62bc23f6817fc01a523dccd952d116599296d7c3fcc4fb92e4460184d3bd16ae304de2e3366e8bbabbf9db1cc237d9d01d52b275fc7c9bf38ac008a05197740aa839c3ba85bada7f8179a4188602b72b2b1c434a92582cd0c37c19aad39843ed9f32baed0c2ed078066c7c16f4a12d56d99dc8e4a8680c621fd854097a4ebb27f6c69941d9951fee736fcdd17a671b9390dcd5f4299197d3069c12811d9f9308f901057e9412b558644f4e04 RSSI=-50 SNR=31
2026-06-03T19:06:55.444 > p2p rx 0
2026-06-03T19:06:55.445 < >
2026-06-03T19:06:57.050 < >> Ok
2026-06-03T19:06:57.101 < >> radio_rx 434901495428be76000012f55428ac83161e1d00dde5089062744c8fc0636c7b00214230e2a70a8d72a4471ad1e5478a9a74a2ba7fc1ae6655868d4d55cd4d5be49ed63258defab52dbb4aea3106976d4eaaaece2bf3a54b402b558fde608af0b2c191b36a46bbb6eb6d9f0b8aabbb115d5c9663a80b9a7badb5b98f7a7146296c95b244f3014ca3e874964be35b760cec6a092eb1fd3889b48b11cfda7d2b1b1eaefe47d1890a044afcaee175036f6447c642c9dfef549d6a9854a9acf1ff97115a1833f0166604a1b135471b9e4cf53b060d9e5ecc1357780e9f38fa37fdf26ffbf48467077a496bab1058f08eaa3a6547 -52 32
2026-06-03T19:06:57.107 IMG_PACKET 434901495428be76000012f55428ac83161e1d00dde5089062744c8fc0636c7b00214230e2a70a8d72a4471ad1e5478a9a74a2ba7fc1ae6655868d4d55cd4d5be49ed63258defab52dbb4aea3106976d4eaaaece2bf3a54b402b558fde608af0b2c191b36a46bbb6eb6d9f0b8aabbb115d5c9663a80b9a7badb5b98f7a7146296c95b244f3014ca3e874964be35b760cec6a092eb1fd3889b48b11cfda7d2b1b1eaefe47d1890a044afcaee175036f6447c642c9dfef549d6a9854a9acf1ff97115a1833f0166604a1b135471b9e4cf53b060d9e5ecc1357780e9f38fa37fdf26ffbf48467077a496bab1058f08eaa3a6547 RSSI=-52 SNR=32
2026-06-03T19:06:57.147 > p2p rx 0
2026-06-03T19:06:57.149 < >
2026-06-03T19:10:05.534 < >> Ok
2026-06-03T19:10:05.586 < >> radio_rx 43490149c2f7b7e8000012d4c2f7a53c161e0000dd7e1611809e3adc0038349c7a53ee858d16e5007dd29e4f4591dfe11c87aec27d76fae919d2c37addc0ffcd3fa79aeadd5a1d0a8b7bcd0684620b90690a681811ad6a32caa00b60cc9b02414f41b0adbe9fde00d6ee821929d5a3466f7d28ede175fd2340b92d7d2d5d543adef8991711a1678a53c150971cbaed3d9a0bc0d0b18dcc69c6fe70c5f179cb6aa35283c25535a8c5ee1d389b224ed25dfdcd79f8af98c516cdca6dfd5eee7c66624dedba0083c8d6704d941792b6c41abfd24f3314ae27588fc54061f1d704476bdccd311e1a1513d494a976296ab0bd8dcc -51 16
2026-06-03T19:10:05.591 IMG_PACKET 43490149c2f7b7e8000012d4c2f7a53c161e0000dd7e1611809e3adc0038349c7a53ee858d16e5007dd29e4f4591dfe11c87aec27d76fae919d2c37addc0ffcd3fa79aeadd5a1d0a8b7bcd0684620b90690a681811ad6a32caa00b60cc9b02414f41b0adbe9fde00d6ee821929d5a3466f7d28ede175fd2340b92d7d2d5d543adef8991711a1678a53c150971cbaed3d9a0bc0d0b18dcc69c6fe70c5f179cb6aa35283c25535a8c5ee1d389b224ed25dfdcd79f8af98c516cdca6dfd5eee7c66624dedba0083c8d6704d941792b6c41abfd24f3314ae27588fc54061f1d704476bdccd311e1a1513d494a976296ab0bd8dcc RSSI=-51 SNR=16
2026-06-03T19:10:05.630 > p2p rx 0
2026-06-03T19:10:05.631 < >
2026-06-03T19:10:07.236 < >> Ok
2026-06-03T19:10:07.287 < >> radio_rx 43490149c2f7b7e8000012d4c2f7a53c161e0100ddbff3b1da4ae3f2ce5c8d2ac98c376371f8b9a236915933c1bd7434ac905cc0a8f78781cded50ac9ceb086edb23f57889ab449ecca2499cec703cade2f1afcdea2c1c3bfa11737896343993302ed51ecc358a2240999034135f4ddcf427b289b4aa8d22550d711249908358d4ae3dc05c93fecedca480206e14c2753e36079e473a2887a3e0192bc967e8bce5bb8b076a1203d7f2118ea6a4d1707646b95a3ff17f04eb25b4f82c0c3ecef31b38cd981c557c68313a1a7f8126d0e2ecbd6b8a9010a1e60e5e5979b9c02992da1dcc8ca082dfa86bf63e06b2bed4397c1d -52 25
2026-06-03T19:10:07.292 IMG_PACKET 43490149c2f7b7e8000012d4c2f7a53c161e0100ddbff3b1da4ae3f2ce5c8d2ac98c376371f8b9a236915933c1bd7434ac905cc0a8f78781cded50ac9ceb086edb23f57889ab449ecca2499cec703cade2f1afcdea2c1c3bfa11737896343993302ed51ecc358a2240999034135f4ddcf427b289b4aa8d22550d711249908358d4ae3dc05c93fecedca480206e14c2753e36079e473a2887a3e0192bc967e8bce5bb8b076a1203d7f2118ea6a4d1707646b95a3ff17f04eb25b4f82c0c3ecef31b38cd981c557c68313a1a7f8126d0e2ecbd6b8a9010a1e60e5e5979b9c02992da1dcc8ca082dfa86bf63e06b2bed4397c1d RSSI=-52 SNR=25
2026-06-03T19:10:07.332 > p2p rx 0
2026-06-03T19:10:07.334 < >
2026-06-03T19:10:08.940 < >> Ok
2026-06-03T19:10:08.993 < >> radio_rx 43490149c2f7b7e8000012d4c2f7a53c161e0200dd0b92946de9c82f4f8f12737858f7d899b21ba4094d83c8c11c0b29d3185fe95d84247d94ddaa9406b92babcdfb19c70383247371ddaf0c30865f8ee2442df07c92d3d5451ffa1e29430d34933f298e83e49246011135dcc7fa68be4bb51791b830bffb3b1c9b13f8014d5f8b58adbde1cf8a836028f484b0b5c520da7137afa3537fee2d8ef069141ffcba99cc51e5e45719e9dd22f483eb1e89bbf68d3a8c2af59ec3f9bd9cf75b9a795b91c74531125de7b53e036291ec28f7f255e96e410af2b99eab2200629c8b09eebcc51b46b1f58f3703f6dd70d42aaa387415 -52 25
2026-06-03T19:10:08.998 IMG_PACKET 43490149c2f7b7e8000012d4c2f7a53c161e0200dd0b92946de9c82f4f8f12737858f7d899b21ba4094d83c8c11c0b29d3185fe95d84247d94ddaa9406b92babcdfb19c70383247371ddaf0c30865f8ee2442df07c92d3d5451ffa1e29430d34933f298e83e49246011135dcc7fa68be4bb51791b830bffb3b1c9b13f8014d5f8b58adbde1cf8a836028f484b0b5c520da7137afa3537fee2d8ef069141ffcba99cc51e5e45719e9dd22f483eb1e89bbf68d3a8c2af59ec3f9bd9cf75b9a795b91c74531125de7b53e036291ec28f7f255e96e410af2b99eab2200629c8b09eebcc51b46b1f58f3703f6dd70d42aaa387415 RSSI=-52 SNR=25
2026-06-03T19:10:09.036 > p2p rx 0
2026-06-03T19:10:09.038 < >
2026-06-03T19:10:10.641 < >> Ok
2026-06-03T19:10:10.695 < >> radio_rx 43490149c2f7b7e8000012d4c2f7a53c161e0300dd11e9f1da191df0c5805b4e7a36ca20d64bb64299fbd14e69df7517436812961325baa6960b5c2ae4297cf09f856c5112596bc4348d03595ec844eb8f1d161b33bde2e93bc7daa73b322a549f340ead0daeea880c607ce38dd1c0bb2599641eb47e1b4c44c157bcb712fa61adef5e5bbf2d43efd8a9c328529a335d714597a3b65d8108e73a221466a74b488c48cf15d30c5c8794f25a96a46f5c70228d85d1b1b8d874f6bd5b11cf8441b126fd50f6274c2fb3dfa92bf6a963a139cefaec66b0f9d4f0e8c9d79104eb6f29a3e0e09f2947b96b6c076b892bdc620beb24 -50 27
2026-06-03T19:10:10.702 IMG_PACKET 43490149c2f7b7e8000012d4c2f7a53c161e0300dd11e9f1da191df0c5805b4e7a36ca20d64bb64299fbd14e69df7517436812961325baa6960b5c2ae4297cf09f856c5112596bc4348d03595ec844eb8f1d161b33bde2e93bc7daa73b322a549f340ead0daeea880c607ce38dd1c0bb2599641eb47e1b4c44c157bcb712fa61adef5e5bbf2d43efd8a9c328529a335d714597a3b65d8108e73a221466a74b488c48cf15d30c5c8794f25a96a46f5c70228d85d1b1b8d874f6bd5b11cf8441b126fd50f6274c2fb3dfa92bf6a963a139cefaec66b0f9d4f0e8c9d79104eb6f29a3e0e09f2947b96b6c076b892bdc620beb24 RSSI=-50 SNR=27
2026-06-03T19:10:10.739 > p2p rx 0
2026-06-03T19:10:10.740 < >
2026-06-03T19:10:12.343 < >> Ok
2026-06-03T19:10:12.396 < >> radio_rx 43490149c2f7b7e8000012d4c2f7a53c161e0400ddbe7cb6dc6cd45fad3282a948e27dc579e20ae494b7af95c4e07b2923716f0663f133e89339741a288339ba774ac7e83da4541cd89ab60c971e38e726c7bb7b9e94c6e41abcb8633b17c38749bc4ec11826772c8594c6dc79588e2e7b581771d3c1de8eb77fa979f6a54c2121397e153726a30fa3462b8329d4d00602a1b9dd9301821ac1c8c5504d01f4dd1e660da964c204246464a235d2f0bc2e67a71d9c6ca891d35c56a07837493aabdd8c6333adff3889a651939de4e3c5ab8aa5c92ad8ba10455d3135e5e2871fceb3b89365283197953ed0617398d3216e27ea -51 28
2026-06-03T19:10:12.401 IMG_PACKET 43490149c2f7b7e8000012d4c2f7a53c161e0400ddbe7cb6dc6cd45fad3282a948e27dc579e20ae494b7af95c4e07b2923716f0663f133e89339741a288339ba774ac7e83da4541cd89ab60c971e38e726c7bb7b9e94c6e41abcb8633b17c38749bc4ec11826772c8594c6dc79588e2e7b581771d3c1de8eb77fa979f6a54c2121397e153726a30fa3462b8329d4d00602a1b9dd9301821ac1c8c5504d01f4dd1e660da964c204246464a235d2f0bc2e67a71d9c6ca891d35c56a07837493aabdd8c6333adff3889a651939de4e3c5ab8aa5c92ad8ba10455d3135e5e2871fceb3b89365283197953ed0617398d3216e27ea RSSI=-51 SNR=28
2026-06-03T19:10:12.441 > p2p rx 0
2026-06-03T19:10:12.442 < >
2026-06-03T19:10:14.044 < >> Ok
2026-06-03T19:10:14.095 < >> radio_rx 43490149c2f7b7e8000012d4c2f7a53c161e0500ddb7319b2c70ed40c57e177de6a25af2e3fef94cafa58a2039f2dc599961a3cc1e6108f82137e035aa50fc7690ba24e40e6ed1fe17191e7dfaa351fba82fd08e1bf8bd79f4d2848f81d074c1bfb83079540756b5394368063564b34c5fe57423ff85b073f0348c5a017c0c932c5997adc3e7615a1205d17a17e26057f9a054a4d9c0cbdd4ad342bdb795cc3ff289184fc24c05f2a7b179585ad489d29dbb0b706788de088be753112d63521881a2b25090a6ffa26c8078116333f451ef545c83696244ab5f3cbd336952e9547706a3dbc02f24fec6288d264273c47fb476 -51 30
2026-06-03T19:10:14.099 IMG_PACKET 43490149c2f7b7e8000012d4c2f7a53c161e0500ddb7319b2c70ed40c57e177de6a25af2e3fef94cafa58a2039f2dc599961a3cc1e6108f82137e035aa50fc7690ba24e40e6ed1fe17191e7dfaa351fba82fd08e1bf8bd79f4d2848f81d074c1bfb83079540756b5394368063564b34c5fe57423ff85b073f0348c5a017c0c932c5997adc3e7615a1205d17a17e26057f9a054a4d9c0cbdd4ad342bdb795cc3ff289184fc24c05f2a7b179585ad489d29dbb0b706788de088be753112d63521881a2b25090a6ffa26c8078116333f451ef545c83696244ab5f3cbd336952e9547706a3dbc02f24fec6288d264273c47fb476 RSSI=-51 SNR=30
2026-06-03T19:10:14.142 > p2p rx 0
2026-06-03T19:10:14.143 < >
2026-06-03T19:10:15.746 < >> Ok
2026-06-03T19:10:15.799 < >> radio_rx 43490149c2f7b7e8000012d4c2f7a53c161e0600dd0c5a6dccff13892bd419cb41a532326962faf0426b3eff732e046e8adc1e7a87266c81ebfa638242c7a043a11e129609c7df1992579fcaea61485c3d57790a9f8c106f97f1f7bf63c76f4d7672793de15b7d79efddacbe0f0359a8dc5eb828f30130e7f880637a45eaa49ec189b0f00ee6539f58144d0a2ab852832b5b8bb3c86015765426738dbd40cab3b1ee8ace9d2c94642cf9e7794e3c355e35d2b11b04915ce066f771056fe1b69eb1bb0e72484582acb76adb759476bc98a75125483428bd60d9dc3e452c3733189b9d36645d41c307f6d88bce980651b34159 -51 32
2026-06-03T19:10:15.803 IMG_PACKET 43490149c2f7b7e8000012d4c2f7a53c161e0600dd0c5a6dccff13892bd419cb41a532326962faf0426b3eff732e046e8adc1e7a87266c81ebfa638242c7a043a11e129609c7df1992579fcaea61485c3d57790a9f8c106f97f1f7bf63c76f4d7672793de15b7d79efddacbe0f0359a8dc5eb828f30130e7f880637a45eaa49ec189b0f00ee6539f58144d0a2ab852832b5b8bb3c86015765426738dbd40cab3b1ee8ace9d2c94642cf9e7794e3c355e35d2b11b04915ce066f771056fe1b69eb1bb0e72484582acb76adb759476bc98a75125483428bd60d9dc3e452c3733189b9d36645d41c307f6d88bce980651b34159 RSSI=-51 SNR=32
2026-06-03T19:10:15.843 > p2p rx 0
2026-06-03T19:10:15.844 < >
2026-06-03T19:10:17.447 < >> Ok
2026-06-03T19:10:17.498 < >> radio_rx 43490149c2f7b7e8000012d4c2f7a53c161e0700dd9b81cbc405a2bf54b64ed1f762416aa96b493c1716c05194d7a1d2c96c62051831df166077c58f2aff622328273ab1366ceb8669f033066995e6a9be32ed2c385f492cad2c38130f5e753e7f1b74a7860ae0dfcc99177f79e337b43dc6aa4e4bf1526361719a81029bdff2939ec72f819e606b1656974851d67945f3f68a39d168a39ea8ce7fd2e3d545f91f1143510202b979f2067686a7bdaa2a6d619f16068894546af1b95fd6ab97ded6fd3a475222e880f588b1a895cabd061c6b2ab6390024188ccedee2635d7f0e63fb4bb2d7111d07fb0ac9a481bbc615fb8f -51 29
2026-06-03T19:10:17.548 IMG_PACKET 43490149c2f7b7e8000012d4c2f7a53c161e0700dd9b81cbc405a2bf54b64ed1f762416aa96b493c1716c05194d7a1d2c96c62051831df166077c58f2aff622328273ab1366ceb8669f033066995e6a9be32ed2c385f492cad2c38130f5e753e7f1b74a7860ae0dfcc99177f79e337b43dc6aa4e4bf1526361719a81029bdff2939ec72f819e606b1656974851d67945f3f68a39d168a39ea8ce7fd2e3d545f91f1143510202b979f2067686a7bdaa2a6d619f16068894546af1b95fd6ab97ded6fd3a475222e880f588b1a895cabd061c6b2ab6390024188ccedee2635d7f0e63fb4bb2d7111d07fb0ac9a481bbc615fb8f RSSI=-51 SNR=29
2026-06-03T19:10:17.549 > p2p rx 0
2026-06-03T19:10:17.549 < >
2026-06-03T19:10:19.149 < >> Ok
2026-06-03T19:10:19.201 < >> radio_rx 43490149c2f7b7e8000012d4c2f7a53c161e0800dd957e4efd649ce8ddcb2924978b6bb7326d7a5dc546eb44428b03503eb7241da60a60facb79b1f707fef2f69ee60a1400bbdf6f74717c7e7555b6979d02be3aaed28f7e29f164b40afec4c49f5c30d13f82c7d19ec8e766e6a65625f6d065454e24b5506d452deeb24ab438641bdafadf0991a0a36b3c9d8ac809c304a89e6520cfd6ebd0c95d5664c7a021f331d71aa573a9ee999b742624f3204c800beb5bb67632634daeae4eb00b5374defbe8d8fb18d9cd4af64357b0feff4aee7ebed34d5d6466a7bf8be86a0b6054ce2cba5675a21a3e588df074a237bb61053e -50 29
2026-06-03T19:10:19.206 IMG_PACKET 43490149c2f7b7e8000012d4c2f7a53c161e0800dd957e4efd649ce8ddcb2924978b6bb7326d7a5dc546eb44428b03503eb7241da60a60facb79b1f707fef2f69ee60a1400bbdf6f74717c7e7555b6979d02be3aaed28f7e29f164b40afec4c49f5c30d13f82c7d19ec8e766e6a65625f6d065454e24b5506d452deeb24ab438641bdafadf0991a0a36b3c9d8ac809c304a89e6520cfd6ebd0c95d5664c7a021f331d71aa573a9ee999b742624f3204c800beb5bb67632634daeae4eb00b5374defbe8d8fb18d9cd4af64357b0feff4aee7ebed34d5d6466a7bf8be86a0b6054ce2cba5675a21a3e588df074a237bb61053e RSSI=-50 SNR=29
2026-06-03T19:10:19.246 > p2p rx 0
2026-06-03T19:10:19.247 < >
2026-06-03T19:10:20.850 < >> Ok
2026-06-03T19:10:20.902 < >> radio_rx 43490149c2f7b7e8000012d4c2f7a53c161e0900dd51bae757f619d948db2929670fbda248ff67b5dee6038f5b263924be08695e093165aeffe157abd3090e41a8c7ec922a31a8e78369d59c4411d7a9335958959eb0a298db006ad191e1937ad5f2a88d6a40b0b3382a4d91e43d9b66920567cf64237a9cf3454a85fc1ea03078a0e0127c9352aed8aa2ecae9c45e59d1ca505ca7d23be2d094c381ca8d8f5c38f828573416cc4c5aec3529f65699b79e2ee160cdef71952de58c252971f406674b0267b8852f2a012a7c669ab835e01c4467d2a3e56cd3ba1176914cb1051ce0ab9e24fa02133e8d61dccec240878a06d1 -50 31
2026-06-03T19:10:20.907 IMG_PACKET 43490149c2f7b7e8000012d4c2f7a53c161e0900dd51bae757f619d948db2929670fbda248ff67b5dee6038f5b263924be08695e093165aeffe157abd3090e41a8c7ec922a31a8e78369d59c4411d7a9335958959eb0a298db006ad191e1937ad5f2a88d6a40b0b3382a4d91e43d9b66920567cf64237a9cf3454a85fc1ea03078a0e0127c9352aed8aa2ecae9c45e59d1ca505ca7d23be2d094c381ca8d8f5c38f828573416cc4c5aec3529f65699b79e2ee160cdef71952de58c252971f406674b0267b8852f2a012a7c669ab835e01c4467d2a3e56cd3ba1176914cb1051ce0ab9e24fa02133e8d61dccec240878a06d1 RSSI=-50 SNR=31
2026-06-03T19:10:20.948 > p2p rx 0
2026-06-03T19:10:20.949 < >
2026-06-03T19:10:22.552 < >> Ok
2026-06-03T19:10:22.603 < >> radio_rx 43490149c2f7b7e8000012d4c2f7a53c161e0a00dd3bde6b4d2f078356c76a24eb03c3f3df7f4b5855c43671ba142962a06000873c8c79e6819c1835d8184622ab9b0432afd17be7edc66b755f1771312b73391214fd640e642a3fe9f2378b8340fc86df5aad32add9e3ce1254415ac3f9b4940923f5981cbb97babb9a8f6b068c9d763c37e80dedf9daa4f2118a3faf26e51967db98fefd06970bf022e88f7c72ea81ebaed5fbf194284ee98b873bb9fb7904431735f444e7bae522bc85110d5ac8c7e4bd04f096581b2f6a5ffb457948036563e828ce9cd29b521045115c822e4fea3608f9be2971fccf3fc96cc9004401 -50 30
2026-06-03T19:10:22.608 IMG_PACKET 43490149c2f7b7e8000012d4c2f7a53c161e0a00dd3bde6b4d2f078356c76a24eb03c3f3df7f4b5855c43671ba142962a06000873c8c79e6819c1835d8184622ab9b0432afd17be7edc66b755f1771312b73391214fd640e642a3fe9f2378b8340fc86df5aad32add9e3ce1254415ac3f9b4940923f5981cbb97babb9a8f6b068c9d763c37e80dedf9daa4f2118a3faf26e51967db98fefd06970bf022e88f7c72ea81ebaed5fbf194284ee98b873bb9fb7904431735f444e7bae522bc85110d5ac8c7e4bd04f096581b2f6a5ffb457948036563e828ce9cd29b521045115c822e4fea3608f9be2971fccf3fc96cc9004401 RSSI=-50 SNR=30
2026-06-03T19:10:22.649 > p2p rx 0
2026-06-03T19:10:22.650 < >
2026-06-03T19:10:24.253 < >> Ok
2026-06-03T19:10:24.303 < >> radio_rx 43490149c2f7b7e8000012d4c2f7a53c161e0b00ddf850a17f93dc714d106a58f0f8b2744cd52f03794929a806166187352e7e65b4de316a98bcedaa7f0922166904f48aeae6e490f75f6cf677e6c34cf238c9c39f2b1a746fdaab460d5d815472785f31f4a8c4e92fd577e1f2b428b689692262de6cbb0e69d7607ad90fbfb0692be8b71f75bac44408eeb7f2d9caa580174eba48800e8f1b9a3ef7c392e145c021f49078fd97988a29d54066e40c12ef4553bf5b7ea3e9a3c80d8edfb91ba8cbefc0e60b6698de5e037bb1111b0c65c8b4799bde572b0973e15bc448bbfa56d5fa0827c112b052dc468ed76612b7201a8d -50 31
2026-06-03T19:10:24.308 IMG_PACKET 43490149c2f7b7e8000012d4c2f7a53c161e0b00ddf850a17f93dc714d106a58f0f8b2744cd52f03794929a806166187352e7e65b4de316a98bcedaa7f0922166904f48aeae6e490f75f6cf677e6c34cf238c9c39f2b1a746fdaab460d5d815472785f31f4a8c4e92fd577e1f2b428b689692262de6cbb0e69d7607ad90fbfb0692be8b71f75bac44408eeb7f2d9caa580174eba48800e8f1b9a3ef7c392e145c021f49078fd97988a29d54066e40c12ef4553bf5b7ea3e9a3c80d8edfb91ba8cbefc0e60b6698de5e037bb1111b0c65c8b4799bde572b0973e15bc448bbfa56d5fa0827c112b052dc468ed76612b7201a8d RSSI=-50 SNR=31
2026-06-03T19:10:24.350 > p2p rx 0
2026-06-03T19:10:24.351 < >
2026-06-03T19:10:25.955 < >> Ok
2026-06-03T19:10:26.006 < >> radio_rx 43490149c2f7b7e8000012d4c2f7a53c161e0c00dd786d01fddcfa0cb004c97dbb1194ecbc896285bdaf68978f670d7b16bc0aa0dcc8e5963a3a42b71b5cbc7b2e32320e61b7e1a4918ad60770c6cc963a47002b8c2322922580b040ca05fb6a896299eab7ddd27307e5ae1f306b2f701db8943c54ac3d6844d20c51f02f3e0e81126da7f6330b0ecbfd6b3e073d8b2e8538d0a201abbba96b251a257bc87db538b64e1db93ccd4fcb7db8d90485c37a7aa5f1db39e3b8e5804f24baca6868f290f0a0b6bd07194286ecea0c8169155aade66d229951fd4c1ede3d1bcc04e6fe6fb1cdd6a9e23ba5c3a23d8c76d7ed8357a8 -50 31
2026-06-03T19:10:26.012 IMG_PACKET 43490149c2f7b7e8000012d4c2f7a53c161e0c00dd786d01fddcfa0cb004c97dbb1194ecbc896285bdaf68978f670d7b16bc0aa0dcc8e5963a3a42b71b5cbc7b2e32320e61b7e1a4918ad60770c6cc963a47002b8c2322922580b040ca05fb6a896299eab7ddd27307e5ae1f306b2f701db8943c54ac3d6844d20c51f02f3e0e81126da7f6330b0ecbfd6b3e073d8b2e8538d0a201abbba96b251a257bc87db538b64e1db93ccd4fcb7db8d90485c37a7aa5f1db39e3b8e5804f24baca6868f290f0a0b6bd07194286ecea0c8169155aade66d229951fd4c1ede3d1bcc04e6fe6fb1cdd6a9e23ba5c3a23d8c76d7ed8357a8 RSSI=-50 SNR=31
2026-06-03T19:10:26.052 > p2p rx 0
2026-06-03T19:10:26.053 < >
2026-06-03T19:10:27.656 < >> Ok
2026-06-03T19:10:27.710 < >> radio_rx 43490149c2f7b7e8000012d4c2f7a53c161e0d00dd5037818dc79c773a0436980d043fe049c615223d1a12af7f87a498a6cb0b7e6ba5a26d8ea00844075c9f63388daf5a3a6a85922c9a9067e7a7604707a82e3dd4ffdc3d8a40e920c94dd9835d637a6823874c6f08c433abee3b6ea3f3ff9ab58a9fe3b71f727a216d1dd5c6fb24e5d14ac06ae61caeb6e064785108da5e83aab514ab18c6165a29b47d2555e0daadab54fe9d120d24019ccbad535667ba70fc96dc3113c6bb9edc6da329835efbfa0ff7aafbadbe0321b711ec5909a539a9e55f9928386b2e04c3e43fbb78e9ad63ac296e2328d00ddd6059a0de46a926 -51 31
2026-06-03T19:10:27.714 IMG_PACKET 43490149c2f7b7e8000012d4c2f7a53c161e0d00dd5037818dc79c773a0436980d043fe049c615223d1a12af7f87a498a6cb0b7e6ba5a26d8ea00844075c9f63388daf5a3a6a85922c9a9067e7a7604707a82e3dd4ffdc3d8a40e920c94dd9835d637a6823874c6f08c433abee3b6ea3f3ff9ab58a9fe3b71f727a216d1dd5c6fb24e5d14ac06ae61caeb6e064785108da5e83aab514ab18c6165a29b47d2555e0daadab54fe9d120d24019ccbad535667ba70fc96dc3113c6bb9edc6da329835efbfa0ff7aafbadbe0321b711ec5909a539a9e55f9928386b2e04c3e43fbb78e9ad63ac296e2328d00ddd6059a0de46a926 RSSI=-51 SNR=31
2026-06-03T19:10:27.754 > p2p rx 0
2026-06-03T19:10:27.755 < >
2026-06-03T19:10:29.358 < >> Ok
2026-06-03T19:10:29.413 < >> radio_rx 43490149c2f7b7e8000012d4c2f7a53c161e0e00ddbf5c0ba3fa2c54bb6e8f40f6ce20f0aecc918d6a6c6c88770d45d913f3c0b95c650f402278f3acccbe9263e0cf6d7394fd1c5a8115dd28dcdb8deac25260d86efde3aea2d471f015637f3c6de4b1b60c84a293e8012f191bd88d3ff25e517d1fac942690a70d83e9c9e145693339c5242603c5a5ff9193e688afbaf9fbbf4b026f0091c51e30b9eebbbf206f3800f1d7e8af87aca3eec271a5dc4dab86464e80cf7cb9cecc34e3e0801b5807fb99b5d2b37a3b5120569e5cc1c9c8d760255fa3b33cb78f1f09c4c1cd48f091db40e7a39d1415502bba55a0278ec88fba -51 33
2026-06-03T19:10:29.417 IMG_PACKET 43490149c2f7b7e8000012d4c2f7a53c161e0e00ddbf5c0ba3fa2c54bb6e8f40f6ce20f0aecc918d6a6c6c88770d45d913f3c0b95c650f402278f3acccbe9263e0cf6d7394fd1c5a8115dd28dcdb8deac25260d86efde3aea2d471f015637f3c6de4b1b60c84a293e8012f191bd88d3ff25e517d1fac942690a70d83e9c9e145693339c5242603c5a5ff9193e688afbaf9fbbf4b026f0091c51e30b9eebbbf206f3800f1d7e8af87aca3eec271a5dc4dab86464e80cf7cb9cecc34e3e0801b5807fb99b5d2b37a3b5120569e5cc1c9c8d760255fa3b33cb78f1f09c4c1cd48f091db40e7a39d1415502bba55a0278ec88fba RSSI=-51 SNR=33
2026-06-03T19:10:29.456 > p2p rx 0
2026-06-03T19:10:29.457 < >
2026-06-03T19:10:31.059 < >> Ok
2026-06-03T19:10:31.109 < >> radio_rx 43490149c2f7b7e8000012d4c2f7a53c161e0f00dd6453df65353edd56a1e24e08149d6ce70701328ef63e0874a8b67f021ee6e05a0415530fc21ee0ae9951cc9b73b01399f0fc68b5e10a44b82503beea7394a339e2e4555d8df6ec850631daff87b4a781f8b69db6026cd882a796e398e2fb33c69f1486bc13acf82cd0f7803cf9229a9cbe10f847ebbc4e55939e8da0312c1b1bc7e7c575b07fa2a8d1e5c0cda421495082a7f567a23cc81ada72408b08f42303d8c4ac54f7bb9cde6f4a34434ce98ba8b6c21225538f725037dac4bd4f5887314a7ad2a08047ff313b409e0f7c15bead6c9f2d8997af75eee9f7925553 -51 31
2026-06-03T19:10:31.114 IMG_PACKET 43490149c2f7b7e8000012d4c2f7a53c161e0f00dd6453df65353edd56a1e24e08149d6ce70701328ef63e0874a8b67f021ee6e05a0415530fc21ee0ae9951cc9b73b01399f0fc68b5e10a44b82503beea7394a339e2e4555d8df6ec850631daff87b4a781f8b69db6026cd882a796e398e2fb33c69f1486bc13acf82cd0f7803cf9229a9cbe10f847ebbc4e55939e8da0312c1b1bc7e7c575b07fa2a8d1e5c0cda421495082a7f567a23cc81ada72408b08f42303d8c4ac54f7bb9cde6f4a34434ce98ba8b6c21225538f725037dac4bd4f5887314a7ad2a08047ff313b409e0f7c15bead6c9f2d8997af75eee9f7925553 RSSI=-51 SNR=31
2026-06-03T19:10:31.157 > p2p rx 0
2026-06-03T19:10:31.158 < >
2026-06-03T19:10:32.761 < >> Ok
2026-06-03T19:10:32.813 < >> radio_rx 43490149c2f7b7e8000012d4c2f7a53c161e1000dd934a0ee2d3461292069931fdc131240467f6e955989b0b9579af485151bfc778fe6b16db3ecf8ee2003674b7f57208324f7c20daa059ef277a68c6f341bc9719a1874bdacab10fb2da0179d5460c1f17564d7a81631c1ea28d9c1270ed52555e507587c9cdddfbe369beab6381d8446a9a9b2c7a818c9e85b1d2f5787779f2490c5a4d8a319a47854c2589a32eedfbe919a1019de398e275de92a6a1c5648e06117e289b6d36917c473547b06be409f4710bfec8059ea238afd1b15df3d149846fde2546acde4b99d69796cc7ebc1db99c96f4e974ec83c5d881b03e87 -49 24
2026-06-03T19:10:32.818 IMG_PACKET 43490149c2f7b7e8000012d4c2f7a53c161e1000dd934a0ee2d3461292069931fdc131240467f6e955989b0b9579af485151bfc778fe6b16db3ecf8ee2003674b7f57208324f7c20daa059ef277a68c6f341bc9719a1874bdacab10fb2da0179d5460c1f17564d7a81631c1ea28d9c1270ed52555e507587c9cdddfbe369beab6381d8446a9a9b2c7a818c9e85b1d2f5787779f2490c5a4d8a319a47854c2589a32eedfbe919a1019de398e275de92a6a1c5648e06117e289b6d36917c473547b06be409f4710bfec8059ea238afd1b15df3d149846fde2546acde4b99d69796cc7ebc1db99c96f4e974ec83c5d881b03e87 RSSI=-49 SNR=24
2026-06-03T19:10:32.858 > p2p rx 0
2026-06-03T19:10:32.859 < >
2026-06-03T19:10:34.462 < >> Ok
2026-06-03T19:10:34.514 < >> radio_rx 43490149c2f7b7e8000012d4c2f7a53c161e1100dde14d453787fb463760d2cbb40479a37d2b6ed07a29ab20ebe8e2689c1a5ed7e2f309f5ccf6b9adefb2173f579fa585ff2f6e292dfe0482218ee333b94421e840d3a48097a331bd71b8f414016c054b348fae8216d3cb1880a0a148964a2206395bd6dbbad83dd086df79807418a5c3e3ee8f12fc90e013aacdb065a31626c16c6325e97a52b1cb286dcba7e8119de015755ac9400fe1328dbd6c7957ab2350ca99f7d1af8a16d7ca281a15c2a231e4bb369acd4444627f9447ff4bde07710f190f86781e913be8de5fd464e7f7ba15df5956d48e6b972b7658437047e9 -50 24
2026-06-03T19:10:34.519 IMG_PACKET 43490149c2f7b7e8000012d4c2f7a53c161e1100dde14d453787fb463760d2cbb40479a37d2b6ed07a29ab20ebe8e2689c1a5ed7e2f309f5ccf6b9adefb2173f579fa585ff2f6e292dfe0482218ee333b94421e840d3a48097a331bd71b8f414016c054b348fae8216d3cb1880a0a148964a2206395bd6dbbad83dd086df79807418a5c3e3ee8f12fc90e013aacdb065a31626c16c6325e97a52b1cb286dcba7e8119de015755ac9400fe1328dbd6c7957ab2350ca99f7d1af8a16d7ca281a15c2a231e4bb369acd4444627f9447ff4bde07710f190f86781e913be8de5fd464e7f7ba15df5956d48e6b972b7658437047e9 RSSI=-50 SNR=24
2026-06-03T19:10:34.559 > p2p rx 0
2026-06-03T19:10:34.560 < >
2026-06-03T19:10:36.164 < >> Ok
2026-06-03T19:10:36.215 < >> radio_rx 43490149c2f7b7e8000012d4c2f7a53c161e1200dddde8e71fc7c316752d5be8ae28a193e4d59f3349d8e3d5b4e33d183b65f6aaca1b78cad1cd2bfc3bf512f4942f56fc3c5b4e589205aec8756da8057df287e1f38688947a186d9bba1556545214b89be68ea4d6320e0a2caca04a22a6a594adc8d0ed5148cdc19533b76de34d827322c0fd8fdcf9336bbc3f5ff8a039346475aa63a6006ae60a24d2b0555c13e459076fae66eb8bc26eaa4b22218d610c88637aecba527863f7fa6cd5bdce2b88016e5e67a716a526c308627d5f1741db65a64bdb88b34835268e4fa50db7b619f3a8e0131c77f1563530c866c610f96e -48 30
2026-06-03T19:10:36.220 IMG_PACKET 43490149c2f7b7e8000012d4c2f7a53c161e1200dddde8e71fc7c316752d5be8ae28a193e4d59f3349d8e3d5b4e33d183b65f6aaca1b78cad1cd2bfc3bf512f4942f56fc3c5b4e589205aec8756da8057df287e1f38688947a186d9bba1556545214b89be68ea4d6320e0a2caca04a22a6a594adc8d0ed5148cdc19533b76de34d827322c0fd8fdcf9336bbc3f5ff8a039346475aa63a6006ae60a24d2b0555c13e459076fae66eb8bc26eaa4b22218d610c88637aecba527863f7fa6cd5bdce2b88016e5e67a716a526c308627d5f1741db65a64bdb88b34835268e4fa50db7b619f3a8e0131c77f1563530c866c610f96e RSSI=-48 SNR=30
2026-06-03T19:10:36.260 > p2p rx 0
2026-06-03T19:10:36.262 < >
2026-06-03T19:10:37.865 < >> Ok
2026-06-03T19:10:37.916 < >> radio_rx 43490149c2f7b7e8000012d4c2f7a53c161e1300ddab2b68532f88bbe0a2f2b235a2eb41e6621543095558adea7f432322dd50e4128858a732232430d5a4db73755c67357d1f4c9622a3def23b24110983726aa2484e4ce0f1ca7f86a18d381ceef0670b7c7e5f473a4616501b7c0c3931f203a95bc0d7e8384c57cf5d448921e75d70c3522ed13302c2f63101803a90417500e4b77fb9cb9e445312efc3ae19343a4c12ad6140f7ffdd6260def437df8347da01fc7ed859bae0da3c9f60ea7886f9a8111d1833c7b7edf18a660e4e8d54f22a050b39c07cd769871aeaf37810e0739dba198b598fceba52ff0c96494794cb -49 24
2026-06-03T19:10:37.921 IMG_PACKET 43490149c2f7b7e8000012d4c2f7a53c161e1300ddab2b68532f88bbe0a2f2b235a2eb41e6621543095558adea7f432322dd50e4128858a732232430d5a4db73755c67357d1f4c9622a3def23b24110983726aa2484e4ce0f1ca7f86a18d381ceef0670b7c7e5f473a4616501b7c0c3931f203a95bc0d7e8384c57cf5d448921e75d70c3522ed13302c2f63101803a90417500e4b77fb9cb9e445312efc3ae19343a4c12ad6140f7ffdd6260def437df8347da01fc7ed859bae0da3c9f60ea7886f9a8111d1833c7b7edf18a660e4e8d54f22a050b39c07cd769871aeaf37810e0739dba198b598fceba52ff0c96494794cb RSSI=-49 SNR=24
2026-06-03T19:10:37.963 > p2p rx 0
2026-06-03T19:10:37.964 < >
2026-06-03T19:10:39.567 < >> Ok
2026-06-03T19:10:39.618 < >> radio_rx 43490149c2f7b7e8000012d4c2f7a53c161e1400dd04b9e0247a81656132ee698e65d3a185b38f133c6f60499c7109d6d21d4f58747cb6765ace793e75b41fbedd7192a1420dc48ae81b2571becafd7510c23e1c7fa1752dd326d859b3e6639030a1c2ab24f07769462181ff8f2e6923a409a25fa456634a6f5f5dd9babf2beadefd9b9e734f2b8c33a98f95fea3212cf45ba4b377dcbc03b2e78203c7d52c7dc9225db2b4eaba26ae80c333f8ca6f05a0d933d9035700e5ca8f3ebef37f99add6c0dec139976237aedb64edc6775e4065d63b3a005ad6d1eb1dc10a1103ef5d11cc487d714c1aa9f3ebd172ae5be4dd2184 -49 25
2026-06-03T19:10:39.623 IMG_PACKET 43490149c2f7b7e8000012d4c2f7a53c161e1400dd04b9e0247a81656132ee698e65d3a185b38f133c6f60499c7109d6d21d4f58747cb6765ace793e75b41fbedd7192a1420dc48ae81b2571becafd7510c23e1c7fa1752dd326d859b3e6639030a1c2ab24f07769462181ff8f2e6923a409a25fa456634a6f5f5dd9babf2beadefd9b9e734f2b8c33a98f95fea3212cf45ba4b377dcbc03b2e78203c7d52c7dc9225db2b4eaba26ae80c333f8ca6f05a0d933d9035700e5ca8f3ebef37f99add6c0dec139976237aedb64edc6775e4065d63b3a005ad6d1eb1dc10a1103ef5d11cc487d714c1aa9f3ebd172ae5be4dd2184 RSSI=-49 SNR=25
2026-06-03T19:10:39.665 > p2p rx 0
2026-06-03T19:10:39.666 < >
2026-06-03T19:10:41.269 < >> Ok
2026-06-03T19:10:41.318 < >> radio_rx 43490149c2f7b7e8000012d4c2f7a53c161e1500dd3da9bef77787e188885c315e7f321b58e0a9d51d32c8a1cdb3daf7f1cba7c1fad67a86e894f3bb78cf9a67357d29027193f6eb795ce4cde8fff65832dc84bcf49f11a73e283ddb569b682340335dbf4fa507d7f9f90f3b4a00bc167b7784b6854805dd08c9cdaaf1b61bbf81ce10f4cdc1e6b45c97a83f33c68282795d1775da42142ea88b5ce7387df88aebdfd5fb18dfdb9456b844177f5ff71379a1a11c58d10ad8f77456096a03bdfc7124033a9957148795790696b15763b15fcc5b131a07de80b608296dc5ffe985b2ba8320594fd61236fc27e7f13b2e631c3f -49 25
2026-06-03T19:10:41.441 IMG_PACKET 43490149c2f7b7e8000012d4c2f7a53c161e1500dd3da9bef77787e188885c315e7f321b58e0a9d51d32c8a1cdb3daf7f1cba7c1fad67a86e894f3bb78cf9a67357d29027193f6eb795ce4cde8fff65832dc84bcf49f11a73e283ddb569b682340335dbf4fa507d7f9f90f3b4a00bc167b7784b6854805dd08c9cdaaf1b61bbf81ce10f4cdc1e6b45c97a83f33c68282795d1775da42142ea88b5ce7387df88aebdfd5fb18dfdb9456b844177f5ff71379a1a11c58d10ad8f77456096a03bdfc7124033a9957148795790696b15763b15fcc5b131a07de80b608296dc5ffe985b2ba8320594fd61236fc27e7f13b2e631c3f RSSI=-49 SNR=25
2026-06-03T19:10:41.442 > p2p rx 0
2026-06-03T19:10:41.442 < >
2026-06-03T19:10:42.970 < >> Ok
2026-06-03T19:10:43.019 < >> radio_rx 43490149c2f7b7e8000012d4c2f7a53c161e1600dd4bfb26583c11d814fba4704850a24104b1d8d6bdb653e49f741f8da12a2fe462077efc449e48384a510d07a915b31b8d2169dd6dc736ec5d39cee4e7d1c84a5f004c5972aea2d56aa1155a4c010ec99f90e09062d2008b04e1ef77aeb128b197fb7da2946244ed2973447942a41527b91a581cd3999fa0b5fec389c7930266529a4466ebc0acc23848976a5cf7beba64b09ae820fb3bcdca17b79bc1fbfcfb84707e849035068a544feaf2909a141e687752bb2992f0f2afbe0677709023f2e95d0bfc9d3302efe386acb048524cdfa5ac0363e302c900bfd414991cb3 -49 24
2026-06-03T19:10:43.025 IMG_PACKET 43490149c2f7b7e8000012d4c2f7a53c161e1600dd4bfb26583c11d814fba4704850a24104b1d8d6bdb653e49f741f8da12a2fe462077efc449e48384a510d07a915b31b8d2169dd6dc736ec5d39cee4e7d1c84a5f004c5972aea2d56aa1155a4c010ec99f90e09062d2008b04e1ef77aeb128b197fb7da2946244ed2973447942a41527b91a581cd3999fa0b5fec389c7930266529a4466ebc0acc23848976a5cf7beba64b09ae820fb3bcdca17b79bc1fbfcfb84707e849035068a544feaf2909a141e687752bb2992f0f2afbe0677709023f2e95d0bfc9d3302efe386acb048524cdfa5ac0363e302c900bfd414991cb3 RSSI=-49 SNR=24
2026-06-03T19:10:43.066 > p2p rx 0
2026-06-03T19:10:43.068 < >
2026-06-03T19:10:44.671 < >> Ok
2026-06-03T19:10:44.724 < >> radio_rx 43490149c2f7b7e8000012d4c2f7a53c161e1700dd2b728728012fef29b78fcbf5903fa9e623f43c4efca17dc4fcd6e79b581a2ffecd3fe8bb5b89858724448100476ba6f14b3015872228b3364592e00c6c121a2b72d282881ec28c08a22733832b20fba2171ad2b5bfeb49dd71d3d33ec614e7c83ff18fe0e0d42f6b145f0a75fc9071588e9ea9dd93ed8475bb28648d240b5c685cad74801b54f54b5ed020e3d076c1afbc3b131eb602dcee846d695244dcd7307d4aa8a1ca9a6e9d21be555587c63ebd5d99f630e876529b0b2d57b8dd3097d45d0bafd66e8301d010b42f72334be22510c23755aa579ab0fc38cc3891 -48 24
2026-06-03T19:10:44.729 IMG_PACKET 43490149c2f7b7e8000012d4c2f7a53c161e1700dd2b728728012fef29b78fcbf5903fa9e623f43c4efca17dc4fcd6e79b581a2ffecd3fe8bb5b89858724448100476ba6f14b3015872228b3364592e00c6c121a2b72d282881ec28c08a22733832b20fba2171ad2b5bfeb49dd71d3d33ec614e7c83ff18fe0e0d42f6b145f0a75fc9071588e9ea9dd93ed8475bb28648d240b5c685cad74801b54f54b5ed020e3d076c1afbc3b131eb602dcee846d695244dcd7307d4aa8a1ca9a6e9d21be555587c63ebd5d99f630e876529b0b2d57b8dd3097d45d0bafd66e8301d010b42f72334be22510c23755aa579ab0fc38cc3891 RSSI=-48 SNR=24
2026-06-03T19:10:44.769 > p2p rx 0
2026-06-03T19:10:44.771 < >
2026-06-03T19:10:46.373 < >> Ok
2026-06-03T19:10:46.421 < >> radio_rx 43490149c2f7b7e8000012d4c2f7a53c161e1800dd20a068dd0afd70110e7ba726a84c35938486ced101842fe02834e9b25e6ce144fdd521a00805962ad6ee3f26f2033c13a51e3f69ec5bc8b2bc488e7378161f221d6ae487beb83a1042916943c41b665e7c9e50cb70ba54f6f9b543aa65944377ee36b426942df7dfce98c40f8d1653f0094406c903dfa5e3d669d74261e5985df520b735b8dca06b8478cc624243f45c97813ba33972d8e057a9055b64eef389d759224e750d5af2f3b1a5f7ce70d1aab5a67cd5db4b690515954146603f8b18d2a28378e51c83077605dee2529f46e007b38022cd85d3192946d9189a -50 27
2026-06-03T19:10:46.427 IMG_PACKET 43490149c2f7b7e8000012d4c2f7a53c161e1800dd20a068dd0afd70110e7ba726a84c35938486ced101842fe02834e9b25e6ce144fdd521a00805962ad6ee3f26f2033c13a51e3f69ec5bc8b2bc488e7378161f221d6ae487beb83a1042916943c41b665e7c9e50cb70ba54f6f9b543aa65944377ee36b426942df7dfce98c40f8d1653f0094406c903dfa5e3d669d74261e5985df520b735b8dca06b8478cc624243f45c97813ba33972d8e057a9055b64eef389d759224e750d5af2f3b1a5f7ce70d1aab5a67cd5db4b690515954146603f8b18d2a28378e51c83077605dee2529f46e007b38022cd85d3192946d9189a RSSI=-50 SNR=27
2026-06-03T19:10:46.469 > p2p rx 0
2026-06-03T19:10:46.471 < >
2026-06-03T19:10:48.075 < >> Ok
2026-06-03T19:10:48.125 < >> radio_rx 43490149c2f7b7e8000012d4c2f7a53c161e1900dd2fa7c24906141014e89c3689a178bb07a57b729d02c22cac4ff7789c995877d86ee1bb2c4766fcf98fa2b9839ce2a12c6578356b884f803b25d142489cada30c14a0e760376ab28ff9a593056c2d09c12c46ae527a653c49df8047d7cfabb61dd6ad99f418c7a200fb90a12b2487e54de06ecf5d32b8e3306669bb2980e40cda9d7a2556e18b8091500fb98ba8dcbff10fe4c7b91329ead67f89400404dbcea004c699bdc5a8f560cac6834e006624b58b77d04e1087604904c66f9bdbd2e4e37df4e78c2af4326d0391f06421f09bb2a7880281fa2010b874b38176a4 -51 30
2026-06-03T19:10:48.130 IMG_PACKET 43490149c2f7b7e8000012d4c2f7a53c161e1900dd2fa7c24906141014e89c3689a178bb07a57b729d02c22cac4ff7789c995877d86ee1bb2c4766fcf98fa2b9839ce2a12c6578356b884f803b25d142489cada30c14a0e760376ab28ff9a593056c2d09c12c46ae527a653c49df8047d7cfabb61dd6ad99f418c7a200fb90a12b2487e54de06ecf5d32b8e3306669bb2980e40cda9d7a2556e18b8091500fb98ba8dcbff10fe4c7b91329ead67f89400404dbcea004c699bdc5a8f560cac6834e006624b58b77d04e1087604904c66f9bdbd2e4e37df4e78c2af4326d0391f06421f09bb2a7880281fa2010b874b38176a4 RSSI=-51 SNR=30
2026-06-03T19:10:48.171 > p2p rx 0
2026-06-03T19:10:48.173 < >
2026-06-03T19:10:49.776 < >> Ok
2026-06-03T19:10:49.828 < >> radio_rx 43490149c2f7b7e8000012d4c2f7a53c161e1a00dd52db322645177fa684d876b385235bee2cda588eae62afe207d33ff3db08c72bee0ed5627db8ec6cc9fc1341ed412da53f1848a8015b0395ff5d22d28089b10e7b6b6c2964adef0bd9e3cee9322d4972afa7d0c49ea6bb44ef9843da6c2dca7dc416ec00ff2acbb0842699a8ba87cf96b6f5f3beb3bc47aad5472cbe5d7f13285c7b594b129728c3ac452eee03df0fa951166275934159787f033e0bb97d42ef459d1e100b89d127858f1d7fc7ec240132d953be21cdbbd53c07c7f1e86bcee3edcd1a25ae389403b6e84323d5f1362d941334f092adb68c0dee1fc629 -51 30
2026-06-03T19:10:49.833 IMG_PACKET 43490149c2f7b7e8000012d4c2f7a53c161e1a00dd52db322645177fa684d876b385235bee2cda588eae62afe207d33ff3db08c72bee0ed5627db8ec6cc9fc1341ed412da53f1848a8015b0395ff5d22d28089b10e7b6b6c2964adef0bd9e3cee9322d4972afa7d0c49ea6bb44ef9843da6c2dca7dc416ec00ff2acbb0842699a8ba87cf96b6f5f3beb3bc47aad5472cbe5d7f13285c7b594b129728c3ac452eee03df0fa951166275934159787f033e0bb97d42ef459d1e100b89d127858f1d7fc7ec240132d953be21cdbbd53c07c7f1e86bcee3edcd1a25ae389403b6e84323d5f1362d941334f092adb68c0dee1fc629 RSSI=-51 SNR=30
2026-06-03T19:10:49.874 > p2p rx 0
2026-06-03T19:10:49.875 < >
2026-06-03T19:10:51.478 < >> Ok
2026-06-03T19:10:51.529 < >> radio_rx 43490149c2f7b7e8000012d4c2f7a53c161e1b00dddde81562e9b47366f24b556e4217df79d6b13ab8ba39a78d4b13285524bc310a651022e79ac503a56a0395ffb2f7224edeedddeb15038288c8d07e33c73909ec399af8d41f0d352982cf50ee6d14de87892b45c110fb50af898f0b666d757602f260a377495cb805a473767b54cc29d473250e96eb3a68fe0b40f978377b3974f1aa8b2c44667378d430dfe7cd747c214c41e8aee8346c4740919b0477588f66f4383736e450f98d1846c43f49fd90c6b22848a97afc8ddc49dad3ea608a67a7ed09924dfbdde98fd08b9acfc5fd88402afe1d48a90ad15335971a92b5 -50 30
2026-06-03T19:10:51.534 IMG_PACKET 43490149c2f7b7e8000012d4c2f7a53c161e1b00dddde81562e9b47366f24b556e4217df79d6b13ab8ba39a78d4b13285524bc310a651022e79ac503a56a0395ffb2f7224edeedddeb15038288c8d07e33c73909ec399af8d41f0d352982cf50ee6d14de87892b45c110fb50af898f0b666d757602f260a377495cb805a473767b54cc29d473250e96eb3a68fe0b40f978377b3974f1aa8b2c44667378d430dfe7cd747c214c41e8aee8346c4740919b0477588f66f4383736e450f98d1846c43f49fd90c6b22848a97afc8ddc49dad3ea608a67a7ed09924dfbdde98fd08b9acfc5fd88402afe1d48a90ad15335971a92b5 RSSI=-50 SNR=30
2026-06-03T19:10:51.574 > p2p rx 0
2026-06-03T19:10:51.576 < >
2026-06-03T19:10:53.179 < >> Ok
2026-06-03T19:10:53.232 < >> radio_rx 43490149c2f7b7e8000012d4c2f7a53c161e1c00dd8ec8ea490c13131ef4604e887345c81818033f1bbc7b448e00a1b59b55e0e5d45078343fed4cd22367383d41311d7f9a940bc1b7a972df43f34b1388875b076149f008e3e166d790030a8ac27da00cb331a1724aacbce11f7b39d7dffe471d3bb3e720a43e877cda087a02b4808133b9f81fad6eaa514991d82c87e7d4e80a8ba531d2d9baf3c9ad33e99032b0f61c890e0d1298f90cd4e6bd76e9aea3c21de9dbeac58199958125429e87bf5ca362b44c5a27b2c77847d249d4518ca6c26e6a5e74102906ee532b692f04a574ef4b6075010dbff11c9dece2119e294f -50 30
2026-06-03T19:10:53.237 IMG_PACKET 43490149c2f7b7e8000012d4c2f7a53c161e1c00dd8ec8ea490c13131ef4604e887345c81818033f1bbc7b448e00a1b59b55e0e5d45078343fed4cd22367383d41311d7f9a940bc1b7a972df43f34b1388875b076149f008e3e166d790030a8ac27da00cb331a1724aacbce11f7b39d7dffe471d3bb3e720a43e877cda087a02b4808133b9f81fad6eaa514991d82c87e7d4e80a8ba531d2d9baf3c9ad33e99032b0f61c890e0d1298f90cd4e6bd76e9aea3c21de9dbeac58199958125429e87bf5ca362b44c5a27b2c77847d249d4518ca6c26e6a5e74102906ee532b692f04a574ef4b6075010dbff11c9dece2119e294f RSSI=-50 SNR=30
2026-06-03T19:10:53.275 > p2p rx 0
2026-06-03T19:10:53.276 < >
2026-06-03T19:10:54.881 < >> Ok
2026-06-03T19:10:54.932 < >> radio_rx 43490149c2f7b7e8000012d4c2f7a53c161e1d00dd9b0b10a51357478e34e21996ecbe30533b650beaf97d49e425bef2fe71adaf123ad09d0cdf9cd2f4418784cba9d36710bcdbd6f29ac557072d01e0b0438d370f193af96577e9dcc766bc1b25a516e16ff8b94910d1a61fdfe4cb075322957ed12ac23d0ee280afe60fde00146a667481f441eda98c45a142d74041a7bd26b49d34bf705194418cad755615078abfabda445f00333e30cfa44b139abfd19979b8cb40bb56b8158cb3dd19c94620ac1c222fd795b7bfcd68c8b6458565d226abca6c962bf0c331e693b91066462f5c0df995b07db83c889f40a22007c4d8 -54 26
2026-06-03T19:10:54.937 IMG_PACKET 43490149c2f7b7e8000012d4c2f7a53c161e1d00dd9b0b10a51357478e34e21996ecbe30533b650beaf97d49e425bef2fe71adaf123ad09d0cdf9cd2f4418784cba9d36710bcdbd6f29ac557072d01e0b0438d370f193af96577e9dcc766bc1b25a516e16ff8b94910d1a61fdfe4cb075322957ed12ac23d0ee280afe60fde00146a667481f441eda98c45a142d74041a7bd26b49d34bf705194418cad755615078abfabda445f00333e30cfa44b139abfd19979b8cb40bb56b8158cb3dd19c94620ac1c222fd795b7bfcd68c8b6458565d226abca6c962bf0c331e693b91066462f5c0df995b07db83c889f40a22007c4d8 RSSI=-54 SNR=26
2026-06-03T19:10:54.977 > p2p rx 0
2026-06-03T19:10:54.978 < >
2026-06-03T19:15:02.979 < >> Ok
2026-06-03T19:15:03.030 < >> radio_rx 434901493fc355e9000013303fc346d9171f0000dd62921e82feaa811659d045c8868502997aa302fc1526d4837df8017fec1186648e8692da1d5837d75327fc014d0d37e2f42a605da41647b07ea9801821118d74be31afe0966345ccf81033e459801cd10c3d62f410515cf3a200d3e66977bbc133a4f6cbeb1e8649ebf1828a32e05858b0e6218a21913e7b6e62d4e35777d38b938e4dcbd884f224cca99406d1fa155a25c215d07e14d1195dac2229db3ad393b1f6cd1bf331fbefb371d5b0c3e3bb19623d26e7d3c40b9ebcf21772593e3db9ccc5887363db62469c4b9a3dc8ee38497f74ed4cb4db6353c4cee3ae14 -50 21
2026-06-03T19:15:03.036 IMG_PACKET 434901493fc355e9000013303fc346d9171f0000dd62921e82feaa811659d045c8868502997aa302fc1526d4837df8017fec1186648e8692da1d5837d75327fc014d0d37e2f42a605da41647b07ea9801821118d74be31afe0966345ccf81033e459801cd10c3d62f410515cf3a200d3e66977bbc133a4f6cbeb1e8649ebf1828a32e05858b0e6218a21913e7b6e62d4e35777d38b938e4dcbd884f224cca99406d1fa155a25c215d07e14d1195dac2229db3ad393b1f6cd1bf331fbefb371d5b0c3e3bb19623d26e7d3c40b9ebcf21772593e3db9ccc5887363db62469c4b9a3dc8ee38497f74ed4cb4db6353c4cee3ae14 RSSI=-50 SNR=21
2026-06-03T19:15:03.075 > p2p rx 0
2026-06-03T19:15:03.076 < >
2026-06-03T19:15:04.680 < >> Ok
2026-06-03T19:15:04.730 < >> radio_rx 434901493fc355e9000013303fc346d9171f0100dd3cc35431d35740c4c924023981471cb319d62b7529addd2bc35899722fba92dfc948ec865e856198c86290953b2113214637d8b5a28b14850713d52dfa0ebc34151c62c68d1a02f940482d74424dc640541909e5a683c397c324f8daef60a266abe9cd4e361513b833a74bef92ef79efd37d9004076737443abb595a618642dc3ac596374146db317e04d701c9475a3e770d52514d63559e61fbad7af5d89ee2406f32b3bb606381ba5ac3d7317dbc20635d1524d6b3d27cf472494d266f69dcaf5ecd7a1836fb5ccbda5cdd18d5bf2b0280289e90a6c750b8900a7ab9 -50 20
2026-06-03T19:15:04.735 IMG_PACKET 434901493fc355e9000013303fc346d9171f0100dd3cc35431d35740c4c924023981471cb319d62b7529addd2bc35899722fba92dfc948ec865e856198c86290953b2113214637d8b5a28b14850713d52dfa0ebc34151c62c68d1a02f940482d74424dc640541909e5a683c397c324f8daef60a266abe9cd4e361513b833a74bef92ef79efd37d9004076737443abb595a618642dc3ac596374146db317e04d701c9475a3e770d52514d63559e61fbad7af5d89ee2406f32b3bb606381ba5ac3d7317dbc20635d1524d6b3d27cf472494d266f69dcaf5ecd7a1836fb5ccbda5cdd18d5bf2b0280289e90a6c750b8900a7ab9 RSSI=-50 SNR=20
2026-06-03T19:15:04.777 > p2p rx 0
2026-06-03T19:15:04.778 < >
2026-06-03T19:15:06.381 < >> Ok
2026-06-03T19:15:06.432 < >> radio_rx 434901493fc355e9000013303fc346d9171f0200ddedcfdfab849c7d7b6a8aae10c8f6c6bea4016fb497197b036a89595ffd8ad69f787ea74d201e4e53534a40d84ac552aa620c87ec0158875c984e53b199458fb3d0b302bf584bf5b4567183bc31b1e1358afa96b4962b878dc8e2e2c9953e465f547f813be71c8ed52c38e4b3c67b9c88386340d97a083162968f916be2c7d46c252dcf1bdba51ebc754868d1eb62d1bc8a6cdfabdd55db4f747796098ddd8fb8260df5a575d5475ef2eb9e49b0af5ec493de339f76bb95f06ca50f0696112d2cecd5b90f877d2176a97613da4b6b9133bfddd693434b1ce89f2f470298 -49 28
2026-06-03T19:15:06.436 IMG_PACKET 434901493fc355e9000013303fc346d9171f0200ddedcfdfab849c7d7b6a8aae10c8f6c6bea4016fb497197b036a89595ffd8ad69f787ea74d201e4e53534a40d84ac552aa620c87ec0158875c984e53b199458fb3d0b302bf584bf5b4567183bc31b1e1358afa96b4962b878dc8e2e2c9953e465f547f813be71c8ed52c38e4b3c67b9c88386340d97a083162968f916be2c7d46c252dcf1bdba51ebc754868d1eb62d1bc8a6cdfabdd55db4f747796098ddd8fb8260df5a575d5475ef2eb9e49b0af5ec493de339f76bb95f06ca50f0696112d2cecd5b90f877d2176a97613da4b6b9133bfddd693434b1ce89f2f470298 RSSI=-49 SNR=28
2026-06-03T19:15:06.478 > p2p rx 0
2026-06-03T19:15:06.479 < >
2026-06-03T19:15:08.083 < >> Ok
2026-06-03T19:15:08.131 < >> radio_rx 434901493fc355e9000013303fc346d9171f0300dd67006003093b129d301a40604666c5a71fd8371d1c2a7fb6b425f49f0d82aec80d3ade1194d330af8a367f33021a0b65c067fed662185ee3a26fe2cd01f5bf456f6bb8c31d81662d3f3fac6332473485946479f4d133367ce728e82792901888deffb0d5f9d8a69692392065b37afb3f019193f0b728d1bb4cfca48f2684b02afaaf7569a802d9e7b565040233e94ec2dea2239b3983d1f05088477cb8f40581594fea2ed825f3a34021a60a0ee3b5baf31f021e8c28239892d68681b2ec4b7cb932c733eabd082d08c4509fdac4d6e6106f3d6bcdc00803d3f59a89f0 -53 28
2026-06-03T19:15:08.136 IMG_PACKET 434901493fc355e9000013303fc346d9171f0300dd67006003093b129d301a40604666c5a71fd8371d1c2a7fb6b425f49f0d82aec80d3ade1194d330af8a367f33021a0b65c067fed662185ee3a26fe2cd01f5bf456f6bb8c31d81662d3f3fac6332473485946479f4d133367ce728e82792901888deffb0d5f9d8a69692392065b37afb3f019193f0b728d1bb4cfca48f2684b02afaaf7569a802d9e7b565040233e94ec2dea2239b3983d1f05088477cb8f40581594fea2ed825f3a34021a60a0ee3b5baf31f021e8c28239892d68681b2ec4b7cb932c733eabd082d08c4509fdac4d6e6106f3d6bcdc00803d3f59a89f0 RSSI=-53 SNR=28
2026-06-03T19:15:08.179 > p2p rx 0
2026-06-03T19:15:08.180 < >
2026-06-03T19:15:09.784 < >> Ok
2026-06-03T19:15:09.835 < >> radio_rx 434901493fc355e9000013303fc346d9171f0400dd3257022607049da6746f5678cbbf555fd74d27a531146190f601c488373a0c30627beb4b43f5efe73bbb24da5acf22e9964faff0d8b5c7e9b3bd254e837677057803666909f8a78422df8194aa7a35bdbfd24222bb2e3f1bfe72be86acdc88bcaa0a218aa971e3838f6e215bfdf1c467f87d8ad44d0bcb8a0c1f6dc88b4633194a5ef751c17105ae62917df1c7da0f7a8a1ddb3a9e9149f2bc667d8572e30449d1e377a060b6f7a51334cad1b006f6d9cdb84902a75abfdcbae43fdcc360fedbdef1f1fefe61ea926c0dc4122c21ea81c53ef88e0bd111d85e0d848717 -52 29
2026-06-03T19:15:09.840 IMG_PACKET 434901493fc355e9000013303fc346d9171f0400dd3257022607049da6746f5678cbbf555fd74d27a531146190f601c488373a0c30627beb4b43f5efe73bbb24da5acf22e9964faff0d8b5c7e9b3bd254e837677057803666909f8a78422df8194aa7a35bdbfd24222bb2e3f1bfe72be86acdc88bcaa0a218aa971e3838f6e215bfdf1c467f87d8ad44d0bcb8a0c1f6dc88b4633194a5ef751c17105ae62917df1c7da0f7a8a1ddb3a9e9149f2bc667d8572e30449d1e377a060b6f7a51334cad1b006f6d9cdb84902a75abfdcbae43fdcc360fedbdef1f1fefe61ea926c0dc4122c21ea81c53ef88e0bd111d85e0d848717 RSSI=-52 SNR=29
2026-06-03T19:15:09.881 > p2p rx 0
2026-06-03T19:15:09.882 < >
2026-06-03T19:15:11.486 < >> Ok
2026-06-03T19:15:11.538 < >> radio_rx 434901493fc355e9000013303fc346d9171f0500dd919b2268562dc62a750ad72e47663fcdfc6dccf565cd3f1b1ae4e1ce552eb0a36c537048bce7fa7d1a564408e518bc49a7103543bf1ceef28d763ef832e772a74c00cd6197008b7eb0f729f92f9aaaac019f900967e4974dfe4b7d696f31efe15668ada694ac7111c819b430fd4cd6f12976408a9c3f9f5b3f57de9d79db897e5f763612d29665436fa52221845eaf45a3417b332a1d80641123f362ed6c7f2bf6cbe71bbb39696415de5c2ece6b276e1206765d9be4de888eb274d6d0af8ef40cf8f67464c0f3eb00b8b6cc7d889926e12a30b7306589f55d4b5a5591 -51 32
2026-06-03T19:15:11.543 IMG_PACKET 434901493fc355e9000013303fc346d9171f0500dd919b2268562dc62a750ad72e47663fcdfc6dccf565cd3f1b1ae4e1ce552eb0a36c537048bce7fa7d1a564408e518bc49a7103543bf1ceef28d763ef832e772a74c00cd6197008b7eb0f729f92f9aaaac019f900967e4974dfe4b7d696f31efe15668ada694ac7111c819b430fd4cd6f12976408a9c3f9f5b3f57de9d79db897e5f763612d29665436fa52221845eaf45a3417b332a1d80641123f362ed6c7f2bf6cbe71bbb39696415de5c2ece6b276e1206765d9be4de888eb274d6d0af8ef40cf8f67464c0f3eb00b8b6cc7d889926e12a30b7306589f55d4b5a5591 RSSI=-51 SNR=32
2026-06-03T19:15:11.584 > p2p rx 0
2026-06-03T19:15:11.585 < >
2026-06-03T19:15:13.188 < >> Ok
2026-06-03T19:15:13.241 < >> radio_rx 434901493fc355e9000013303fc346d9171f0600ddeef8f734c3f21959f3b17efadcefdbe1c3ac8323a24b7c28e6fb8c3605e18048e48996ebb41be3b83bee1044f0722204b931f030861d071668f74ef20ee3ca23768c5bc25575342bf7ceef63201b80bfb7304a3227bb59b2c0e37624aa463b1c15dbfd3ddb7efc2506eb2ee259baa50e9219699a293983aa365d7ca4515266a69c5de819fd47b82faa876ce55aad0fb83a6ef275e9b56f58d9d07f51ddcd42d5c472431c3104389c91ecaf72c6ceecebb4d1c4fb3a2d9144633e381bbf8946eb0dba456046ed9e61241b24b92e3cb7b4d78637464e198b992499f769a6 -52 29
2026-06-03T19:15:13.246 IMG_PACKET 434901493fc355e9000013303fc346d9171f0600ddeef8f734c3f21959f3b17efadcefdbe1c3ac8323a24b7c28e6fb8c3605e18048e48996ebb41be3b83bee1044f0722204b931f030861d071668f74ef20ee3ca23768c5bc25575342bf7ceef63201b80bfb7304a3227bb59b2c0e37624aa463b1c15dbfd3ddb7efc2506eb2ee259baa50e9219699a293983aa365d7ca4515266a69c5de819fd47b82faa876ce55aad0fb83a6ef275e9b56f58d9d07f51ddcd42d5c472431c3104389c91ecaf72c6ceecebb4d1c4fb3a2d9144633e381bbf8946eb0dba456046ed9e61241b24b92e3cb7b4d78637464e198b992499f769a6 RSSI=-52 SNR=29
2026-06-03T19:15:13.285 > p2p rx 0
2026-06-03T19:15:13.286 < >
2026-06-03T19:15:14.889 < >> Ok
2026-06-03T19:15:14.941 < >> radio_rx 434901493fc355e9000013303fc346d9171f0700dd72b9f0963fff9d7039cbc3d856a8e72267ab41d4b9cd03d17b4a59eee4dd6c29e4957c81debc2d8b7ef3184c5ce7b63d8219234d33e4ffa734db23fc56bacde265a696bb7033e9e99540e92a1e3b0c412468304b8e1b3f5806de797b38236957f5fc625a5089b010a32d201182c3cb7f9f1565aa582610efa7084b1cc8f367545273511e547b22bb664cb0a0f5c5e3076196e25d693774631d13d496e6c4fe9aa7fe742df6c3927f126786680db4c723fd75f11903f24b32dbd23fb738e678615363a96aad6b66961de0b0670928ed711ec524a786ff51df02031ddc6d -56 27
2026-06-03T19:15:14.946 IMG_PACKET 434901493fc355e9000013303fc346d9171f0700dd72b9f0963fff9d7039cbc3d856a8e72267ab41d4b9cd03d17b4a59eee4dd6c29e4957c81debc2d8b7ef3184c5ce7b63d8219234d33e4ffa734db23fc56bacde265a696bb7033e9e99540e92a1e3b0c412468304b8e1b3f5806de797b38236957f5fc625a5089b010a32d201182c3cb7f9f1565aa582610efa7084b1cc8f367545273511e547b22bb664cb0a0f5c5e3076196e25d693774631d13d496e6c4fe9aa7fe742df6c3927f126786680db4c723fd75f11903f24b32dbd23fb738e678615363a96aad6b66961de0b0670928ed711ec524a786ff51df02031ddc6d RSSI=-56 SNR=27
2026-06-03T19:15:14.986 > p2p rx 0
2026-06-03T19:15:14.987 < >
2026-06-03T19:15:16.590 < >> Ok
2026-06-03T19:15:16.645 < >> radio_rx 434901493fc355e9000013303fc346d9171f0800dd1f08981a68352ea0d0ed05dfe8be7733cfd7422e52b656ba0de2ef3e169bd22c483a390a456f38396837dd40947cc62eb14e5a3b6da027686d93d5e97791ad8ebdcd3a9d0a6dc33733c5ccfa2fac4694ef0c1bab46b3bc0d5fb5c6920431659525a2c219cd252b83de8204a6e9b70519fda8d30efaa5b520d47e16fcef544190cfb8990398ab854dfdef46f5629d3c86a0dfaf8b8b3867300f2bc467c7d5488918930a73c888267c442bf604e9db443244e2f921b29d317dd60c855ae90dd679c321884268423ec9f1423796efc7c67423195a88330dbb66dab515c034 -53 32
2026-06-03T19:15:16.650 IMG_PACKET 434901493fc355e9000013303fc346d9171f0800dd1f08981a68352ea0d0ed05dfe8be7733cfd7422e52b656ba0de2ef3e169bd22c483a390a456f38396837dd40947cc62eb14e5a3b6da027686d93d5e97791ad8ebdcd3a9d0a6dc33733c5ccfa2fac4694ef0c1bab46b3bc0d5fb5c6920431659525a2c219cd252b83de8204a6e9b70519fda8d30efaa5b520d47e16fcef544190cfb8990398ab854dfdef46f5629d3c86a0dfaf8b8b3867300f2bc467c7d5488918930a73c888267c442bf604e9db443244e2f921b29d317dd60c855ae90dd679c321884268423ec9f1423796efc7c67423195a88330dbb66dab515c034 RSSI=-53 SNR=32
2026-06-03T19:15:16.687 > p2p rx 0
2026-06-03T19:15:16.688 < >
2026-06-03T19:15:18.292 < >> Ok
2026-06-03T19:15:18.345 < >> radio_rx 434901493fc355e9000013303fc346d9171f0900ddc22ba2b788a8fe70afdf053f0fdfd52931bde8a10c7fed4d809a64bd8c9c4c1becfd6dfa3b533e379ff40a5f7135a88a5693919a509f1df6fbf6f4123797ff20e4f13db69e6870ff5495bc1b1c1be1661573b0344f9b3b779a73c7ecbf2b6a24d9aa3d28e195c946b48ed554c3295187a9590f085644552f2f974c67863d0fcd5e1b70d068375ade4d20fc68e4f3d964bad9eb32cf05ab897544482c7e2c3a96b008c8bf8228e3f8961edbdc3f2e480b6e265be3a76002c1f5d90fef51ea716d62e398a22fb9f0d7f4ef07f454328d94a2a415228e1ae2c402ea7c3953 -53 28
2026-06-03T19:15:18.350 IMG_PACKET 434901493fc355e9000013303fc346d9171f0900ddc22ba2b788a8fe70afdf053f0fdfd52931bde8a10c7fed4d809a64bd8c9c4c1becfd6dfa3b533e379ff40a5f7135a88a5693919a509f1df6fbf6f4123797ff20e4f13db69e6870ff5495bc1b1c1be1661573b0344f9b3b779a73c7ecbf2b6a24d9aa3d28e195c946b48ed554c3295187a9590f085644552f2f974c67863d0fcd5e1b70d068375ade4d20fc68e4f3d964bad9eb32cf05ab897544482c7e2c3a96b008c8bf8228e3f8961edbdc3f2e480b6e265be3a76002c1f5d90fef51ea716d62e398a22fb9f0d7f4ef07f454328d94a2a415228e1ae2c402ea7c3953 RSSI=-53 SNR=28
2026-06-03T19:15:18.390 > p2p rx 0
2026-06-03T19:15:18.391 < >
2026-06-03T19:15:19.994 < >> Ok
2026-06-03T19:15:20.046 < >> radio_rx 434901493fc355e9000013303fc346d9171f0a00ddcc1ac000d49587e3a490a7c4b6c3c531255ec471c6d3fa79262e8912d451a815a8a153a884f7bd8476f8ab5a2e5b07a1667b866d6b9ecaa3343eb3be1af0260844de2c91cf7d084f0ac15c81df84d276437415069712ad0c76e8d9e5d3cbd00a86bfb87b0a539c77a85d35181742bdbe0a3b1ecf9a3e370b4e04b12dc66ca551bc084a37006f27cef9eb14a70ccd83f7c5ab40ffb608f6511bafb8f65a2f3219dfc1e8e2e6aba54e9dd4c14c3fc97bbe0e384d67b98b48b61d3ed66e138fd0cbfaf374362e2304f6df179a5932048c17b3e22699ef790da815fc496769 -53 32
2026-06-03T19:15:20.051 IMG_PACKET 434901493fc355e9000013303fc346d9171f0a00ddcc1ac000d49587e3a490a7c4b6c3c531255ec471c6d3fa79262e8912d451a815a8a153a884f7bd8476f8ab5a2e5b07a1667b866d6b9ecaa3343eb3be1af0260844de2c91cf7d084f0ac15c81df84d276437415069712ad0c76e8d9e5d3cbd00a86bfb87b0a539c77a85d35181742bdbe0a3b1ecf9a3e370b4e04b12dc66ca551bc084a37006f27cef9eb14a70ccd83f7c5ab40ffb608f6511bafb8f65a2f3219dfc1e8e2e6aba54e9dd4c14c3fc97bbe0e384d67b98b48b61d3ed66e138fd0cbfaf374362e2304f6df179a5932048c17b3e22699ef790da815fc496769 RSSI=-53 SNR=32
2026-06-03T19:15:20.090 > p2p rx 0
2026-06-03T19:15:20.091 < >
2026-06-03T19:15:21.694 < >> Ok
2026-06-03T19:15:21.748 < >> radio_rx 434901493fc355e9000013303fc346d9171f0b00dda87e8e9ecb5aa5db82eb148a42a0b19b26bb1e06d66a06dc7125d4757c1e90caa0361326eb003b6b9606213298aabff0898587547e8529a9db3e0fe896fddd649c7a411dac18c309898805c9be8cdfe3268cfa5ff0f2f31213453c690ffbe9b5737766f30717c8fa030dd5b3fecb0ff7c34a595b338e7165c7192d01527392c6eddb87f53c3c758836577a8611265e8efc981d260bf8cbeb724461a5cae4ab675548233c6fc0bfd55c7364bb1f5c2212a997e899b1d9892c9015fdaf9038187c25c8d2518a59deaebab07400ea0cd52e9eb6831ee35184ae71188998e3 -53 32
2026-06-03T19:15:21.754 IMG_PACKET 434901493fc355e9000013303fc346d9171f0b00dda87e8e9ecb5aa5db82eb148a42a0b19b26bb1e06d66a06dc7125d4757c1e90caa0361326eb003b6b9606213298aabff0898587547e8529a9db3e0fe896fddd649c7a411dac18c309898805c9be8cdfe3268cfa5ff0f2f31213453c690ffbe9b5737766f30717c8fa030dd5b3fecb0ff7c34a595b338e7165c7192d01527392c6eddb87f53c3c758836577a8611265e8efc981d260bf8cbeb724461a5cae4ab675548233c6fc0bfd55c7364bb1f5c2212a997e899b1d9892c9015fdaf9038187c25c8d2518a59deaebab07400ea0cd52e9eb6831ee35184ae71188998e3 RSSI=-53 SNR=32
2026-06-03T19:15:21.793 > p2p rx 0
2026-06-03T19:15:21.794 < >
2026-06-03T19:15:23.397 < >> Ok
2026-06-03T19:15:23.447 < >> radio_rx 434901493fc355e9000013303fc346d9171f0c00dd9d834fa4d4aac2b1828cd99e8ab58b7c7da753ff9f9e6dc48d37e2aefa12aab44c771f4311ed3d68cf871573b8321955ad43da8b44c0ff626ade9fa0b69ef86c0fec771388347baf3d864a2ff1a502e474e6674a7492f7024ec20ceecc09bf47cb3def4e745f000f87c361f800a8ae21527036d829ba854dabf7325bbdfd8856971bb339bded45ffeb5a82b79436288f6d3f44450c6ac6e8fb9e39b68366fc54db834972789e9e75ac3d73954521abcc12cc7fcd00bef9f8f8ab2ac8f695f9f331518b26cde50a8e53cb1ca6b40a21a84b462b40099344fb2923e1419a -54 29
2026-06-03T19:15:23.452 IMG_PACKET 434901493fc355e9000013303fc346d9171f0c00dd9d834fa4d4aac2b1828cd99e8ab58b7c7da753ff9f9e6dc48d37e2aefa12aab44c771f4311ed3d68cf871573b8321955ad43da8b44c0ff626ade9fa0b69ef86c0fec771388347baf3d864a2ff1a502e474e6674a7492f7024ec20ceecc09bf47cb3def4e745f000f87c361f800a8ae21527036d829ba854dabf7325bbdfd8856971bb339bded45ffeb5a82b79436288f6d3f44450c6ac6e8fb9e39b68366fc54db834972789e9e75ac3d73954521abcc12cc7fcd00bef9f8f8ab2ac8f695f9f331518b26cde50a8e53cb1ca6b40a21a84b462b40099344fb2923e1419a RSSI=-54 SNR=29
2026-06-03T19:15:23.493 > p2p rx 0
2026-06-03T19:15:23.494 < >
2026-06-03T19:15:25.098 < >> Ok
2026-06-03T19:15:25.150 < >> radio_rx 434901493fc355e9000013303fc346d9171f0d00dd6e7b2213905fb949fe56f1d71d9089a9737d4a5ccd3ecebacf78cd30449c0bc80736740f904042e9ba17397005961258c6d1a3a074f6a88cd659c1dfda83651e93456ccc669147c02cb7e477c14b927a6ba81f36a02838832532f5a8aa9ffb950ac4d9dc35a6091363ad2fd9366ef69eb980cb2e92d198ffa721bdda8c8697e47b75aaa50072431cbfec22da012e3f8c93d8ed60ddc5831d2e783360fcf9c300ab33cc8db2cc30f73434843684d78c72c7ddb574bf04f8689080539550333115b6b55e67d2e453af484e05d1ed4565d634c2ce0eb91fabcffd9333e261 -53 32
2026-06-03T19:15:25.154 IMG_PACKET 434901493fc355e9000013303fc346d9171f0d00dd6e7b2213905fb949fe56f1d71d9089a9737d4a5ccd3ecebacf78cd30449c0bc80736740f904042e9ba17397005961258c6d1a3a074f6a88cd659c1dfda83651e93456ccc669147c02cb7e477c14b927a6ba81f36a02838832532f5a8aa9ffb950ac4d9dc35a6091363ad2fd9366ef69eb980cb2e92d198ffa721bdda8c8697e47b75aaa50072431cbfec22da012e3f8c93d8ed60ddc5831d2e783360fcf9c300ab33cc8db2cc30f73434843684d78c72c7ddb574bf04f8689080539550333115b6b55e67d2e453af484e05d1ed4565d634c2ce0eb91fabcffd9333e261 RSSI=-53 SNR=32
2026-06-03T19:15:25.195 > p2p rx 0
2026-06-03T19:15:25.196 < >
2026-06-03T19:15:26.800 < >> Ok
2026-06-03T19:15:26.849 < >> radio_rx 434901493fc355e9000013303fc346d9171f0e00ddecff6d3156a6eeec5f1431d1d61d0390d4d37f757c5d1c61ef2ba47861000351609f992398a0046655e33e9364868977b43407fdcda393a985bf7d37c08b42cf22c72dd457d8ecaa1a688ce7be34e09af3f58e7059e8cc1f75c5c1406c5cb756036f8c57f021f9a0fef6fab3fddb4366d3d2aaf4abce186dae2f2021cc5f602c968862a9f59fb42aced3f6c087a9f5a747ab4ce81515c593eabcabe8bc70a84b31e9dfca43b9cc433687f8969923d6ba0142fd454434f08d47c00790901e4e46fbd8f5e16802aa5d7a6883b7ea1ad5094a47641747b62ca7676b79c9a4 -53 30
2026-06-03T19:15:26.853 IMG_PACKET 434901493fc355e9000013303fc346d9171f0e00ddecff6d3156a6eeec5f1431d1d61d0390d4d37f757c5d1c61ef2ba47861000351609f992398a0046655e33e9364868977b43407fdcda393a985bf7d37c08b42cf22c72dd457d8ecaa1a688ce7be34e09af3f58e7059e8cc1f75c5c1406c5cb756036f8c57f021f9a0fef6fab3fddb4366d3d2aaf4abce186dae2f2021cc5f602c968862a9f59fb42aced3f6c087a9f5a747ab4ce81515c593eabcabe8bc70a84b31e9dfca43b9cc433687f8969923d6ba0142fd454434f08d47c00790901e4e46fbd8f5e16802aa5d7a6883b7ea1ad5094a47641747b62ca7676b79c9a4 RSSI=-53 SNR=30
2026-06-03T19:15:26.896 > p2p rx 0
2026-06-03T19:15:26.897 < >
2026-06-03T19:15:28.500 < >> Ok
2026-06-03T19:15:28.550 < >> radio_rx 434901493fc355e9000013303fc346d9171f0f00ddfcabf8f598a0cb4eb5457795854fc79d720f64c7f63c3fe725348587e7459fb39d743074d5a69d4135b6ebd87474ad4fd13ef3e5deff02704304736fed376156eaa4663c7898f161606a15fa586b21df0ac12cdb672fcf8d3997c4c34aaf281478b56701c3cf6707a026be513498f8ce2056b714f3c52deb39d246248474cdae8521d89469c040533632f2e0a2b0b186c80fbb16f92b6c6356d5e49907b53b39b8f34137b26c02fef78d36619cc64d82f1bf06854e79274171366c1c279013b1ad98101061ecc089879d6658d0cf1fe15063df79e4211b9b478cea386e -53 29
2026-06-03T19:15:28.556 IMG_PACKET 434901493fc355e9000013303fc346d9171f0f00ddfcabf8f598a0cb4eb5457795854fc79d720f64c7f63c3fe725348587e7459fb39d743074d5a69d4135b6ebd87474ad4fd13ef3e5deff02704304736fed376156eaa4663c7898f161606a15fa586b21df0ac12cdb672fcf8d3997c4c34aaf281478b56701c3cf6707a026be513498f8ce2056b714f3c52deb39d246248474cdae8521d89469c040533632f2e0a2b0b186c80fbb16f92b6c6356d5e49907b53b39b8f34137b26c02fef78d36619cc64d82f1bf06854e79274171366c1c279013b1ad98101061ecc089879d6658d0cf1fe15063df79e4211b9b478cea386e RSSI=-53 SNR=29
2026-06-03T19:15:28.597 > p2p rx 0
2026-06-03T19:15:28.599 < >
2026-06-03T19:15:30.202 < >> Ok
2026-06-03T19:15:30.252 < >> radio_rx 434901493fc355e9000013303fc346d9171f1000ddfdf5d3711db830654b4d15d11d81c176b77f0da5e58e1077a457619f37bf30e15be257bcb3b16a8c91ef30cf6001dd1a1229abed3ede7fa8c77a14bab4723c904b7292427c89544b97fe51f442dbc7dd9ed0b3c3ead6f59d6d78d2dbbd6e377458c59cf50829bdedb396e72aed7319ade03e18ddf7b97cabe18bd5d054cc118f670488ba577af43a8048e9dd282d49c3da70f6ee870146a015038a8aba333fad11ce09c78524660876912025bf7699e1d22b767688bf802091b6aac2241ee3da96f40d857183dd011789eb452cab285017d212408db72c231bc16c32fb -53 29
2026-06-03T19:15:30.259 IMG_PACKET 434901493fc355e9000013303fc346d9171f1000ddfdf5d3711db830654b4d15d11d81c176b77f0da5e58e1077a457619f37bf30e15be257bcb3b16a8c91ef30cf6001dd1a1229abed3ede7fa8c77a14bab4723c904b7292427c89544b97fe51f442dbc7dd9ed0b3c3ead6f59d6d78d2dbbd6e377458c59cf50829bdedb396e72aed7319ade03e18ddf7b97cabe18bd5d054cc118f670488ba577af43a8048e9dd282d49c3da70f6ee870146a015038a8aba333fad11ce09c78524660876912025bf7699e1d22b767688bf802091b6aac2241ee3da96f40d857183dd011789eb452cab285017d212408db72c231bc16c32fb RSSI=-53 SNR=29
2026-06-03T19:15:30.298 > p2p rx 0
2026-06-03T19:15:30.300 < >
2026-06-03T19:15:31.904 < >> Ok
2026-06-03T19:15:31.955 < >> radio_rx 434901493fc355e9000013303fc346d9171f1100ddac8f73c4da08d5bde1587c06eb94e680408d8395a76e38880b073eb21f216c40e530896a7c1a1267dab108357fe0eaa53b36ff5c682a4901d860bb073c72e608108f9134079b5e4501f8d18a399bcb6b2d02fedf43df3b5ed72939c780c9310bcf4d54a6ca3584b27b2c203c3ae77ae44c2eebde0c7b671fd48633566ab67cc506a65442710b5d7578d5e8919556f3efdd5d13ded4b2e595d2d4b5167ed11066ed3aa09890973624f65662971a7878ed21d76268f1961723c3207acc9f8016eb7f3d4c8774e23bd7fdef2b6e20074f8f8fa93aab70f89876aaf8d45a4b -51 32
2026-06-03T19:15:31.960 IMG_PACKET 434901493fc355e9000013303fc346d9171f1100ddac8f73c4da08d5bde1587c06eb94e680408d8395a76e38880b073eb21f216c40e530896a7c1a1267dab108357fe0eaa53b36ff5c682a4901d860bb073c72e608108f9134079b5e4501f8d18a399bcb6b2d02fedf43df3b5ed72939c780c9310bcf4d54a6ca3584b27b2c203c3ae77ae44c2eebde0c7b671fd48633566ab67cc506a65442710b5d7578d5e8919556f3efdd5d13ded4b2e595d2d4b5167ed11066ed3aa09890973624f65662971a7878ed21d76268f1961723c3207acc9f8016eb7f3d4c8774e23bd7fdef2b6e20074f8f8fa93aab70f89876aaf8d45a4b RSSI=-51 SNR=32
2026-06-03T19:15:32.001 > p2p rx 0
2026-06-03T19:15:32.002 < >
2026-06-03T19:15:33.605 < >> Ok
2026-06-03T19:15:33.658 < >> radio_rx 434901493fc355e9000013303fc346d9171f1200dde2cb953df1fa046b6bc5a7d4bc9427f1e1a7d9fd5b89669bc6a3f83be72111844f4be55fe1e3513631eaeaf1b503aed9a94e505e4e651267a245e827b8a27f93bd22ab49859a72a22dd70aa2ec485d26ba9da9d15d1c89c938418a60f0d41ff85b2481d906e917240a4ad74687fdee3757a9d18beff1275f90c03fead372def996f8454944313a45d95b8475a53186779bfd59fbeca34ecca423c79b22ce15ebb2d29b562c1bac142c887196245190e899c8e30349f290a439fc31a4c959361c1ebaf90dc4aca962ef699c29ace106c3af2a8ba1ad28551b88fae412c2 -53 29
2026-06-03T19:15:33.662 IMG_PACKET 434901493fc355e9000013303fc346d9171f1200dde2cb953df1fa046b6bc5a7d4bc9427f1e1a7d9fd5b89669bc6a3f83be72111844f4be55fe1e3513631eaeaf1b503aed9a94e505e4e651267a245e827b8a27f93bd22ab49859a72a22dd70aa2ec485d26ba9da9d15d1c89c938418a60f0d41ff85b2481d906e917240a4ad74687fdee3757a9d18beff1275f90c03fead372def996f8454944313a45d95b8475a53186779bfd59fbeca34ecca423c79b22ce15ebb2d29b562c1bac142c887196245190e899c8e30349f290a439fc31a4c959361c1ebaf90dc4aca962ef699c29ace106c3af2a8ba1ad28551b88fae412c2 RSSI=-53 SNR=29
2026-06-03T19:15:33.703 > p2p rx 0
2026-06-03T19:15:33.704 < >
2026-06-03T19:15:35.315 < >> Ok
2026-06-03T19:15:35.366 < >> radio_rx 434901493fc355e9000013303fc346d9171f1300dd0e115ed2b5e617714d7be786a1fbb6fdb448ce4aef8ef58df0f4dad128d5e48aaadc6a087248dde20690b65bf1cdbbebded7aefb2407be07ef63556e21e36628fd5efe5dd97360aac5cdb98311a5300eebafdc1439be59e20e53feb9bf7f13519d57b2796c655682af3f19fd6cc8e4e7d9ef5331a0af3c85137528380f9e66dcfa0b23737d45b4ea797093e809b12ef7aa4b43edfea3496777c1b3bc9dc49b14f9835c852c832feb2d95fbbce99994b06b5f4324e95e97dabc61cd65a81c66b056b0f073ba3df94cbdeb59728158fcd861ce8197e55f39b72cebf9cfec -53 32
2026-06-03T19:15:35.371 IMG_PACKET 434901493fc355e9000013303fc346d9171f1300dd0e115ed2b5e617714d7be786a1fbb6fdb448ce4aef8ef58df0f4dad128d5e48aaadc6a087248dde20690b65bf1cdbbebded7aefb2407be07ef63556e21e36628fd5efe5dd97360aac5cdb98311a5300eebafdc1439be59e20e53feb9bf7f13519d57b2796c655682af3f19fd6cc8e4e7d9ef5331a0af3c85137528380f9e66dcfa0b23737d45b4ea797093e809b12ef7aa4b43edfea3496777c1b3bc9dc49b14f9835c852c832feb2d95fbbce99994b06b5f4324e95e97dabc61cd65a81c66b056b0f073ba3df94cbdeb59728158fcd861ce8197e55f39b72cebf9cfec RSSI=-53 SNR=32
2026-06-03T19:15:35.412 > p2p rx 0
2026-06-03T19:15:35.413 < >
2026-06-03T19:15:37.016 < >> Ok
2026-06-03T19:15:37.065 < >> radio_rx 434901493fc355e9000013303fc346d9171f1400dd997b83894a97b48a122d37cecce28b89bbed1d85839d878d03545495a96645f3b5b296a1fe3c373c946be6601057d4bcad5801e5dbb4787d621c13546bf3d4e27f76b7af04d8508bebfe0e7f758fdc56a6c3800c8de23dbaebb062def93e405e84402ac08adb4270ce333734b1733866a5563447bd24445b1b6ee26a955a2c3ef917ceb4ed8e7c3ff4106bf038e9a3f1c9e54613ead07351db628feb9f35521c7938f15744ceb991e5094ac4682ee058283b16cb998e8051faca35d0ba829803df9cf0b0435adc28294b2e98b38a7e1852a41639e2b773b785d8f1b729 -54 22
2026-06-03T19:15:37.070 IMG_PACKET 434901493fc355e9000013303fc346d9171f1400dd997b83894a97b48a122d37cecce28b89bbed1d85839d878d03545495a96645f3b5b296a1fe3c373c946be6601057d4bcad5801e5dbb4787d621c13546bf3d4e27f76b7af04d8508bebfe0e7f758fdc56a6c3800c8de23dbaebb062def93e405e84402ac08adb4270ce333734b1733866a5563447bd24445b1b6ee26a955a2c3ef917ceb4ed8e7c3ff4106bf038e9a3f1c9e54613ead07351db628feb9f35521c7938f15744ceb991e5094ac4682ee058283b16cb998e8051faca35d0ba829803df9cf0b0435adc28294b2e98b38a7e1852a41639e2b773b785d8f1b729 RSSI=-54 SNR=22
2026-06-03T19:15:37.114 > p2p rx 0
2026-06-03T19:15:37.116 < >
2026-06-03T19:15:38.718 < >> Ok
2026-06-03T19:15:38.770 < >> radio_rx 434901493fc355e9000013303fc346d9171f1500ddff0ea482f42d3fb1ac3bb1dc7ecc2e4a68475a2474ac4b0595056f9ed0421585faf6db6d943bc08af895ae17ff0f2fa91ea96907b7e654e16e3403a120f165b4f42185c472b4b2ea8ecfc8555089ebae988cd271fd5fd8ca141318d4564c8c818b20a55f07b52dc97c342c0ca497bbea5dbb2dd28d8198c37da1fd1482431d6820aa640b101b63caa1d763698d654c2b16842fda63151ec6b4519a5c3457eae23eaf770e10b9b34a18e77ee9f736337fe9bb2a8f86301ec3b8f9b5fd6ace620b5b51cca86ebe0d185226184967361f999d5f233cf3d0b5faca41e080f8 -50 33
2026-06-03T19:15:38.775 IMG_PACKET 434901493fc355e9000013303fc346d9171f1500ddff0ea482f42d3fb1ac3bb1dc7ecc2e4a68475a2474ac4b0595056f9ed0421585faf6db6d943bc08af895ae17ff0f2fa91ea96907b7e654e16e3403a120f165b4f42185c472b4b2ea8ecfc8555089ebae988cd271fd5fd8ca141318d4564c8c818b20a55f07b52dc97c342c0ca497bbea5dbb2dd28d8198c37da1fd1482431d6820aa640b101b63caa1d763698d654c2b16842fda63151ec6b4519a5c3457eae23eaf770e10b9b34a18e77ee9f736337fe9bb2a8f86301ec3b8f9b5fd6ace620b5b51cca86ebe0d185226184967361f999d5f233cf3d0b5faca41e080f8 RSSI=-50 SNR=33
2026-06-03T19:15:38.816 > p2p rx 0
2026-06-03T19:15:38.817 < >
2026-06-03T19:15:40.420 < >> Ok
2026-06-03T19:15:40.470 < >> radio_rx 434901493fc355e9000013303fc346d9171f1600dd73a070a7f9c92e282d642a2bd39b558604ed3b75ff34e8f7fd75fe1d9072cf2db827f75a66b4f6d461f1b63cd22453681793841071c7e8716edb1fabcd4e4c9ab504f3ab77d2d6e88136c45bf9e6044845a1ce721676670728034e76806110d20dd25b602e6286836038ade6b0dcda6598eada59576f42fcd36ba91c314ab9ff34735b2a1bb26de985bff41877cfe8c5230a309d612594596f2b8e63f8f4d72ae20b56edeb5058c8593a578f4e548687c72619ba738d247a46a1b8f8d5a53c911d8ddde43e288eeb6c20e23178b37e2802156adc460c637be0f94b2653 -50 33
2026-06-03T19:15:40.603 IMG_PACKET 434901493fc355e9000013303fc346d9171f1600dd73a070a7f9c92e282d642a2bd39b558604ed3b75ff34e8f7fd75fe1d9072cf2db827f75a66b4f6d461f1b63cd22453681793841071c7e8716edb1fabcd4e4c9ab504f3ab77d2d6e88136c45bf9e6044845a1ce721676670728034e76806110d20dd25b602e6286836038ade6b0dcda6598eada59576f42fcd36ba91c314ab9ff34735b2a1bb26de985bff41877cfe8c5230a309d612594596f2b8e63f8f4d72ae20b56edeb5058c8593a578f4e548687c72619ba738d247a46a1b8f8d5a53c911d8ddde43e288eeb6c20e23178b37e2802156adc460c637be0f94b2653 RSSI=-50 SNR=33
2026-06-03T19:15:40.603 > p2p rx 0
2026-06-03T19:15:40.604 < >
2026-06-03T19:15:42.121 < >> Ok
2026-06-03T19:15:42.171 < >> radio_rx 434901493fc355e9000013303fc346d9171f1700dde7af0975391f1f55e1b3eb7ef7327dfa76d98f0da3e5e872974264d08466fb979efb71de80fa4c282cb4368a22d27be82827d91efe98e88acea25d9645ab2a51fede128501f734b87244064288cdfa21a78263fe18229c1aa0f1a53f7354f5bda16e58302278c57ce75e2ed322d5b74968141b7e58ed49ff85d42da60fc2ed4acde18e7399bb7beab8dfbfdfa4ec12b7a160015691809a4d610fc78cc891777f9314f30cf77e6c61bc9740dd857e169f0fb97d582e5f4071d4c76bbd3a52c3d8f52425dae2632d4a684f8283f6419c467871e285e092dde9dcf93ece6a -52 31
2026-06-03T19:15:42.176 IMG_PACKET 434901493fc355e9000013303fc346d9171f1700dde7af0975391f1f55e1b3eb7ef7327dfa76d98f0da3e5e872974264d08466fb979efb71de80fa4c282cb4368a22d27be82827d91efe98e88acea25d9645ab2a51fede128501f734b87244064288cdfa21a78263fe18229c1aa0f1a53f7354f5bda16e58302278c57ce75e2ed322d5b74968141b7e58ed49ff85d42da60fc2ed4acde18e7399bb7beab8dfbfdfa4ec12b7a160015691809a4d610fc78cc891777f9314f30cf77e6c61bc9740dd857e169f0fb97d582e5f4071d4c76bbd3a52c3d8f52425dae2632d4a684f8283f6419c467871e285e092dde9dcf93ece6a RSSI=-52 SNR=31
2026-06-03T19:15:42.217 > p2p rx 0
2026-06-03T19:15:42.219 < >
2026-06-03T19:15:43.822 < >> Ok
2026-06-03T19:15:43.875 < >> radio_rx 434901493fc355e9000013303fc346d9171f1800dde6aef22966e05a25bef0aefa4a182ab8ef54554011a8009f85d2f9b818843820371417919d82d7dc251387713cd32f7e3a9a3a3a1117014ee7e4c323da62a9539c4c8b51efc0c07786e0db4b44ad573c8edac0756901fbc3a3ee962660e1a622fe0945adf996f00d0428e536fb72e6e9418ce91c52c9402636bbd68e3ea8f2c9b59211b1b610cc4ab174e0e6b5acea9c59c3be6c1d4bd36d5755440c5eaec1f413dffb08c28592aa590f6a40ad8cd709b0c2ee0ea3213e3169e516b6998e3a63cfba55d5f2b3ee28c6456d48f8821d583702dcd7f525f1c7806f5dcd9a -49 24
2026-06-03T19:15:43.879 IMG_PACKET 434901493fc355e9000013303fc346d9171f1800dde6aef22966e05a25bef0aefa4a182ab8ef54554011a8009f85d2f9b818843820371417919d82d7dc251387713cd32f7e3a9a3a3a1117014ee7e4c323da62a9539c4c8b51efc0c07786e0db4b44ad573c8edac0756901fbc3a3ee962660e1a622fe0945adf996f00d0428e536fb72e6e9418ce91c52c9402636bbd68e3ea8f2c9b59211b1b610cc4ab174e0e6b5acea9c59c3be6c1d4bd36d5755440c5eaec1f413dffb08c28592aa590f6a40ad8cd709b0c2ee0ea3213e3169e516b6998e3a63cfba55d5f2b3ee28c6456d48f8821d583702dcd7f525f1c7806f5dcd9a RSSI=-49 SNR=24
2026-06-03T19:15:43.920 > p2p rx 0
2026-06-03T19:15:43.922 < >
2026-06-03T19:15:45.524 < >> Ok
2026-06-03T19:15:45.575 < >> radio_rx 434901493fc355e9000013303fc346d9171f1900dd5063e80bb3b666322cf0feb0e829cc0caa23b0aee1ed5252e40c95ebe26d492d7f350801ebe244dd4b704e1563c59107b8ac8a9afb40b485f2729cd48e1fea8d321e1537a06477ac92aeee01122802429e2e4752d93b95ccb972aab4f618a7391f35926bb2dd122766ea908cdf75f70dec87de05540917e1a3fa4fff1c190f713361535c42ac10c1b2b9d9bfaef109254c23c887089dae70e2cfdfcefce88317fc4c4bed3732a35aa0e482cc7ceccefcd6a0c34b72d7a7aa693ee787b9566a6a6e4db9990d9037cf5b75845f898be98312997eec3e2582f354daa8a873 -49 25
2026-06-03T19:15:45.581 IMG_PACKET 434901493fc355e9000013303fc346d9171f1900dd5063e80bb3b666322cf0feb0e829cc0caa23b0aee1ed5252e40c95ebe26d492d7f350801ebe244dd4b704e1563c59107b8ac8a9afb40b485f2729cd48e1fea8d321e1537a06477ac92aeee01122802429e2e4752d93b95ccb972aab4f618a7391f35926bb2dd122766ea908cdf75f70dec87de05540917e1a3fa4fff1c190f713361535c42ac10c1b2b9d9bfaef109254c23c887089dae70e2cfdfcefce88317fc4c4bed3732a35aa0e482cc7ceccefcd6a0c34b72d7a7aa693ee787b9566a6a6e4db9990d9037cf5b75845f898be98312997eec3e2582f354daa8a873 RSSI=-49 SNR=25
2026-06-03T19:15:45.621 > p2p rx 0
2026-06-03T19:15:45.623 < >
2026-06-03T19:15:47.225 < >> Ok
2026-06-03T19:15:47.277 < >> radio_rx 434901493fc355e9000013303fc346d9171f1a00dd702510be24f1fb14a73d159d2d6122ae4e9e2382160a8e148a3c1b766e00b45c4581e8defb3ec8fb2460a242968c0afcc40e96631429c30ad6c2700af8541307215fde3e09f7272e9607c9beb24d28f4da732bc52213127431508be1fb5508a9f34206d8bd159eb8cae434daadf6590fdee9c637d86a7db05825ef86e7e7a224212f257fa3b7c8261ca9f50b232b29b35fef215654ee660da6c3ffdb559327c5f13ffa2266a36a25c21b19dae6b6b8c5847a29ff6254d04acb781cb2fcb6193c08b0485e77f9a5dad00396c8c5b49d17c25a020f9a5bc0374509069bfa -51 32
2026-06-03T19:15:47.283 IMG_PACKET 434901493fc355e9000013303fc346d9171f1a00dd702510be24f1fb14a73d159d2d6122ae4e9e2382160a8e148a3c1b766e00b45c4581e8defb3ec8fb2460a242968c0afcc40e96631429c30ad6c2700af8541307215fde3e09f7272e9607c9beb24d28f4da732bc52213127431508be1fb5508a9f34206d8bd159eb8cae434daadf6590fdee9c637d86a7db05825ef86e7e7a224212f257fa3b7c8261ca9f50b232b29b35fef215654ee660da6c3ffdb559327c5f13ffa2266a36a25c21b19dae6b6b8c5847a29ff6254d04acb781cb2fcb6193c08b0485e77f9a5dad00396c8c5b49d17c25a020f9a5bc0374509069bfa RSSI=-51 SNR=32
2026-06-03T19:15:47.321 > p2p rx 0
2026-06-03T19:15:47.323 < >
2026-06-03T19:15:48.927 < >> Ok
2026-06-03T19:15:48.980 < >> radio_rx 434901493fc355e9000013303fc346d9171f1b00dddad16bb8fed213a16be3333540e4e8fddc2f2d6ab9373926f0b6af03b6784947fc8dec2f28f82d8e7504931503ce489c2e73d652413f8d02041d2f37902b5ed9ba2145157f72551d11769fcd7ab94e1863c429a06d519647758dcf854c6c48a5e5c168dd6e9c1625f83abfb38830230b67ce69016f9c7762fb82ab7711d3ac45e2913e011c690f699e3b95467a82fdd04a619ef9c861b77205bfa921efb0a403a7c92bad3e0ead1400d718913e1f88dd30bbbd0b2e2be92ff16c964e89c92d9f662fdd649f663f3056a403b3d04eb746f7ddc1dc1b6937a3a6bd055089 -50 32
2026-06-03T19:15:48.985 IMG_PACKET 434901493fc355e9000013303fc346d9171f1b00dddad16bb8fed213a16be3333540e4e8fddc2f2d6ab9373926f0b6af03b6784947fc8dec2f28f82d8e7504931503ce489c2e73d652413f8d02041d2f37902b5ed9ba2145157f72551d11769fcd7ab94e1863c429a06d519647758dcf854c6c48a5e5c168dd6e9c1625f83abfb38830230b67ce69016f9c7762fb82ab7711d3ac45e2913e011c690f699e3b95467a82fdd04a619ef9c861b77205bfa921efb0a403a7c92bad3e0ead1400d718913e1f88dd30bbbd0b2e2be92ff16c964e89c92d9f662fdd649f663f3056a403b3d04eb746f7ddc1dc1b6937a3a6bd055089 RSSI=-50 SNR=32
2026-06-03T19:15:49.024 > p2p rx 0
2026-06-03T19:15:49.025 < >
2026-06-03T19:15:50.629 < >> Ok
2026-06-03T19:15:50.680 < >> radio_rx 434901493fc355e9000013303fc346d9171f1c00dd4ae089269b81708c40786c9465f75c00b244618bd819da3510adb5b473cf95414db2c397f51f29699b27656acb96a1a73c7dc5e02362386752591d7cb5dd70a3e72d6320ed07f0da203b4804b1b63e074c38c54d2fedab982d8c097c07f64a3bbe41a6b8b5c058d97b71a801645f6da44d8aec7afeefaf08a4781dca79a2e176e080069b292fcb2fa3db57ab2f15a412717b37fe0c443d850e5940cbf428f57040b495702efb5879f1780221a57f96a5c481da26eb2301a4edd6cdb1b2234fe80064b5bd0960886d0af21c4d9413b214e9fa5f114b4359f40c2d8a03c6 -50 32
2026-06-03T19:15:50.685 IMG_PACKET 434901493fc355e9000013303fc346d9171f1c00dd4ae089269b81708c40786c9465f75c00b244618bd819da3510adb5b473cf95414db2c397f51f29699b27656acb96a1a73c7dc5e02362386752591d7cb5dd70a3e72d6320ed07f0da203b4804b1b63e074c38c54d2fedab982d8c097c07f64a3bbe41a6b8b5c058d97b71a801645f6da44d8aec7afeefaf08a4781dca79a2e176e080069b292fcb2fa3db57ab2f15a412717b37fe0c443d850e5940cbf428f57040b495702efb5879f1780221a57f96a5c481da26eb2301a4edd6cdb1b2234fe80064b5bd0960886d0af21c4d9413b214e9fa5f114b4359f40c2d8a03c6 RSSI=-50 SNR=32
2026-06-03T19:15:50.725 > p2p rx 0
2026-06-03T19:15:50.726 < >
2026-06-03T19:15:52.330 < >> Ok
2026-06-03T19:15:52.382 < >> radio_rx 434901493fc355e9000013303fc346d9171f1d00ddc79cc8a33c0567a19e43fc2d19b609248c5fc012031adc39f53b2f139ddefab8a78ecf912b255d7436e168771d6b5f6247f44cc2ea85d2393f53a3e2e294b5a50e2d56544f938c804488d02f1ad06e4a3ac8ed6a6bdb72b326a050c1111c410d8c68ad278d6400516b7b3546c64d100c96b32d2a105a9feecf0ab8c080713ea31c3da474207280270b3045bba845733b96da178e07bd1d8b9d50df5760cf3da30909d2de7eab18c08c490125b7c4ec9a44a2981fbcd497a9c42e9bcf69b02027b3a1c154e6fbe18d7494afc357d1d484ba5b5be6fd57fa59eae880fc04 -52 32
2026-06-03T19:15:52.387 IMG_PACKET 434901493fc355e9000013303fc346d9171f1d00ddc79cc8a33c0567a19e43fc2d19b609248c5fc012031adc39f53b2f139ddefab8a78ecf912b255d7436e168771d6b5f6247f44cc2ea85d2393f53a3e2e294b5a50e2d56544f938c804488d02f1ad06e4a3ac8ed6a6bdb72b326a050c1111c410d8c68ad278d6400516b7b3546c64d100c96b32d2a105a9feecf0ab8c080713ea31c3da474207280270b3045bba845733b96da178e07bd1d8b9d50df5760cf3da30909d2de7eab18c08c490125b7c4ec9a44a2981fbcd497a9c42e9bcf69b02027b3a1c154e6fbe18d7494afc357d1d484ba5b5be6fd57fa59eae880fc04 RSSI=-52 SNR=32
2026-06-03T19:15:52.427 > p2p rx 0
2026-06-03T19:15:52.428 < >
2026-06-03T19:15:54.031 < >> Ok
2026-06-03T19:15:54.082 < >> radio_rx 434901493fc355e9000013303fc346d9171f1e00dd90bfb4752dfe186ef970c0ce97b1198de85d0aaf48f17f91d8cf9347e8c387f31b9a39b80c073563d24ae43a94553ba3e89210ae5da9b6e13e5bef48f8a3a41f80d2fceb3ffd4648cdcec66b54f074cf53c147d1a29a495e2ca30198ad1eeea590f83e1feca101256ae20fdba74a23db6b47a2b4f47997ac93b98c14767494738b7b2daf129a982ff4734fb638239d5927018fb6100d876f7665a373b3c5088b60233649519cbc4baabc219cfd3109830437edad1c4aacc4db027bae8f212c9ba4fbd747e01c98f98503d9f2ed23dba25cee44a505d26d04e8c0d65478 -51 31
2026-06-03T19:15:54.090 IMG_PACKET 434901493fc355e9000013303fc346d9171f1e00dd90bfb4752dfe186ef970c0ce97b1198de85d0aaf48f17f91d8cf9347e8c387f31b9a39b80c073563d24ae43a94553ba3e89210ae5da9b6e13e5bef48f8a3a41f80d2fceb3ffd4648cdcec66b54f074cf53c147d1a29a495e2ca30198ad1eeea590f83e1feca101256ae20fdba74a23db6b47a2b4f47997ac93b98c14767494738b7b2daf129a982ff4734fb638239d5927018fb6100d876f7665a373b3c5088b60233649519cbc4baabc219cfd3109830437edad1c4aacc4db027bae8f212c9ba4fbd747e01c98f98503d9f2ed23dba25cee44a505d26d04e8c0d65478 RSSI=-51 SNR=31
2026-06-03T19:15:54.128 > p2p rx 0
2026-06-03T19:15:54.129 < >
2026-06-03T19:17:23.560 < >> Ok
2026-06-03T19:17:23.613 < >> radio_rx 4349014973c353ff00002bc273c3783d33440000dd96c94920c70ac790c6cac8a5b3d88e0da0543a7163a1745dc0049def33d1a9c240ffe3181646a3562ee44348af92edf4d3468bbc96737cae3cbf0aeec4c5305f4c37132dc458fe942d34176d1a87cc5c8039a0be25fe3d7e619f5ae804d2e3885b4fbfd94c7dd7ce1cbf63d27f0c521c6bb2384e8c7c126c01d0c460550e6ce28fb3600036682c5016b647d567e97f4a3e86e4857a5610e664d0539311ada1d6cc1b1950726f5d3ad6388192143ac43578740bf0e9da75c64f87e57946e1e0d146af1c986679f21d3e56c090be380cd5af728b64e34eb1eb27df69996c -49 24
2026-06-03T19:17:23.618 IMG_PACKET 4349014973c353ff00002bc273c3783d33440000dd96c94920c70ac790c6cac8a5b3d88e0da0543a7163a1745dc0049def33d1a9c240ffe3181646a3562ee44348af92edf4d3468bbc96737cae3cbf0aeec4c5305f4c37132dc458fe942d34176d1a87cc5c8039a0be25fe3d7e619f5ae804d2e3885b4fbfd94c7dd7ce1cbf63d27f0c521c6bb2384e8c7c126c01d0c460550e6ce28fb3600036682c5016b647d567e97f4a3e86e4857a5610e664d0539311ada1d6cc1b1950726f5d3ad6388192143ac43578740bf0e9da75c64f87e57946e1e0d146af1c986679f21d3e56c090be380cd5af728b64e34eb1eb27df69996c RSSI=-49 SNR=24
2026-06-03T19:17:23.656 > p2p rx 0
2026-06-03T19:17:23.657 < >
2026-06-03T19:17:25.261 < >> Ok
2026-06-03T19:17:25.314 < >> radio_rx 4349014973c353ff00002bc273c3783d33440100dd6d066ed43d5de1fb1f4c503bb0224e89c23392854a277fb6aa0b23a15828e4c7fdf206c8bc5e9a4b1d88002572e0d30907cc66ea1ee34dd4d5f87381d55a76b64621265fa96353cad2a5badefc7c200d215ea3eff30b60aaffd49275c9f0da4e5230909a54eefb9ff157fcdbc5c34fb57db383268246b1a90847929cd3713ac5d8349737910cff7c478a52d729b8c4ce3f936cd0b782decc1b96f6462b47fd89c85f739b409d303396f394e065b42b569fd160752dc57ce4148986bf1712b0bf89d6e1b25afb20a2da31ac729abcc93014ec31168468f51bf26f2049ff -49 25
2026-06-03T19:17:25.319 IMG_PACKET 4349014973c353ff00002bc273c3783d33440100dd6d066ed43d5de1fb1f4c503bb0224e89c23392854a277fb6aa0b23a15828e4c7fdf206c8bc5e9a4b1d88002572e0d30907cc66ea1ee34dd4d5f87381d55a76b64621265fa96353cad2a5badefc7c200d215ea3eff30b60aaffd49275c9f0da4e5230909a54eefb9ff157fcdbc5c34fb57db383268246b1a90847929cd3713ac5d8349737910cff7c478a52d729b8c4ce3f936cd0b782decc1b96f6462b47fd89c85f739b409d303396f394e065b42b569fd160752dc57ce4148986bf1712b0bf89d6e1b25afb20a2da31ac729abcc93014ec31168468f51bf26f2049ff RSSI=-49 SNR=25
2026-06-03T19:17:25.358 > p2p rx 0
2026-06-03T19:17:25.359 < >
2026-06-03T19:17:26.963 < >> Ok
2026-06-03T19:17:27.015 < >> radio_rx 4349014973c353ff00002bc273c3783d33440200dd8c839eea9317944b7e2c8e4dadd614e51fccae7e3c92c33cc84d9653429ec339af6135274c7274ea1d54b73effeb9fe9e5dea3b5f2d47c3d8e2d178369588346a6dffaa28a248328d8337811e22d61d401055f24227895881404d17a1d13b0d638cd3f099117ce23f04a00cb9d02f911d33cc6ec9a06aecdb30859b9327457dca909e963baf2e74370714417ac66646afb6d790214335b0df3e5976df9f7e5ab3604ccffa62890d515c274415192a62bb146df6080647d6a3f654ebb8204d46ece15bd9dc72f456232e410c3383d50c0034f857f424bbe5269961e4332 -51 26
2026-06-03T19:17:27.020 IMG_PACKET 4349014973c353ff00002bc273c3783d33440200dd8c839eea9317944b7e2c8e4dadd614e51fccae7e3c92c33cc84d9653429ec339af6135274c7274ea1d54b73effeb9fe9e5dea3b5f2d47c3d8e2d178369588346a6dffaa28a248328d8337811e22d61d401055f24227895881404d17a1d13b0d638cd3f099117ce23f04a00cb9d02f911d33cc6ec9a06aecdb30859b9327457dca909e963baf2e74370714417ac66646afb6d790214335b0df3e5976df9f7e5ab3604ccffa62890d515c274415192a62bb146df6080647d6a3f654ebb8204d46ece15bd9dc72f456232e410c3383d50c0034f857f424bbe5269961e4332 RSSI=-51 SNR=26
2026-06-03T19:17:27.060 > p2p rx 0
2026-06-03T19:17:27.061 < >
2026-06-03T19:17:28.664 < >> Ok
2026-06-03T19:17:28.715 < >> radio_rx 4349014973c353ff00002bc273c3783d33440300dd6166d7b3aa4b5d5e8ec57f12b5b33315a54614108a0fe6b75ec5202f321c3389f686a9287bfdefcbff47012c09c94cca8cc940a91e7869374593ea950856ec095d32d4bb7e348cca4d4ac51d68394913dc77c11da0408d500dcd25d2e7bdd1037b0d627c36cee14d33f6e8b77929355b8e845ff8874c4f091bfdd17469e0c79c579a16a67dbeeb9141ff1f7b41f2e1dbd35c1e6f3d3ec47c8de9dce365c30bd5ecdba7f0a15efc505665875320c6b167a2838e32e85c9f8945007aab3adac51c880cbe0b662e0e428e3085598dd2256dfe4c280398b98cbe70c32e1129 -51 29
2026-06-03T19:17:28.720 IMG_PACKET 4349014973c353ff00002bc273c3783d33440300dd6166d7b3aa4b5d5e8ec57f12b5b33315a54614108a0fe6b75ec5202f321c3389f686a9287bfdefcbff47012c09c94cca8cc940a91e7869374593ea950856ec095d32d4bb7e348cca4d4ac51d68394913dc77c11da0408d500dcd25d2e7bdd1037b0d627c36cee14d33f6e8b77929355b8e845ff8874c4f091bfdd17469e0c79c579a16a67dbeeb9141ff1f7b41f2e1dbd35c1e6f3d3ec47c8de9dce365c30bd5ecdba7f0a15efc505665875320c6b167a2838e32e85c9f8945007aab3adac51c880cbe0b662e0e428e3085598dd2256dfe4c280398b98cbe70c32e1129 RSSI=-51 SNR=29
2026-06-03T19:17:28.761 > p2p rx 0
2026-06-03T19:17:28.762 < >
2026-06-03T19:17:30.366 < >> Ok
2026-06-03T19:17:30.417 < >> radio_rx 4349014973c353ff00002bc273c3783d33440400ddff9fde1731c0502d4bb7b309deeacc955349aa87c99f2e28c3a4fa566521136256bf32af2c3dded64bb0bd19e5c424df12f05676b0c6a2d674eff57d16b019bc112d6ff2a47736f470ae31d0c45de995339bb5d65510f6d0d0cabad52325377932a86624e5d9a6e56dded390afa7a4700081bbb42136494b1095f1c92d0b7b443a740d27cbd864e066e3614715fa211b5ab6c9fe9a3ce8620bf51ec7d6e9dada24a8dc5f92677482c2c1915814e43693dcc71d5f9e2fd9c581301a45885e7028cd8285cb1fb100ac90082c6c74ba972d3cb584718e6a2605ad9f2a67de -50 30
2026-06-03T19:17:30.422 IMG_PACKET 4349014973c353ff00002bc273c3783d33440400ddff9fde1731c0502d4bb7b309deeacc955349aa87c99f2e28c3a4fa566521136256bf32af2c3dded64bb0bd19e5c424df12f05676b0c6a2d674eff57d16b019bc112d6ff2a47736f470ae31d0c45de995339bb5d65510f6d0d0cabad52325377932a86624e5d9a6e56dded390afa7a4700081bbb42136494b1095f1c92d0b7b443a740d27cbd864e066e3614715fa211b5ab6c9fe9a3ce8620bf51ec7d6e9dada24a8dc5f92677482c2c1915814e43693dcc71d5f9e2fd9c581301a45885e7028cd8285cb1fb100ac90082c6c74ba972d3cb584718e6a2605ad9f2a67de RSSI=-50 SNR=30
2026-06-03T19:17:30.462 > p2p rx 0
2026-06-03T19:17:30.464 < >
2026-06-03T19:17:32.067 < >> Ok
2026-06-03T19:17:32.119 < >> radio_rx 4349014973c353ff00002bc273c3783d33440500ddbae0e4a9a2b86077082db462648544307ada490c79f816f8b479842a15c18f753e3ce68faaddc21eeed05ab7ec27b11692047de9f4af922743140ac1544c6fe2375ede20dd8c6007680c7e5e19d60201322c656678ed214d546184eae1dc80d29541eb0e671fa4e26f4a4db66857042dbea322b5d283dac3e4430e596869ebd7b9aa6e080094316844c302d302ac97dd42381e93298bc4470714ffa36fd85bb87078f9e444badf9b35c0d9e682781f0ac9bc9add866283ba753d0fe27a91c8bc15950fbfeeda8a0a1646fc780cc477466da2a9d56289a3d4212161e77f -50 29
2026-06-03T19:17:32.124 IMG_PACKET 4349014973c353ff00002bc273c3783d33440500ddbae0e4a9a2b86077082db462648544307ada490c79f816f8b479842a15c18f753e3ce68faaddc21eeed05ab7ec27b11692047de9f4af922743140ac1544c6fe2375ede20dd8c6007680c7e5e19d60201322c656678ed214d546184eae1dc80d29541eb0e671fa4e26f4a4db66857042dbea322b5d283dac3e4430e596869ebd7b9aa6e080094316844c302d302ac97dd42381e93298bc4470714ffa36fd85bb87078f9e444badf9b35c0d9e682781f0ac9bc9add866283ba753d0fe27a91c8bc15950fbfeeda8a0a1646fc780cc477466da2a9d56289a3d4212161e77f RSSI=-50 SNR=29
2026-06-03T19:17:32.165 > p2p rx 0
2026-06-03T19:17:32.166 < >
2026-06-03T19:17:33.768 < >> Ok
2026-06-03T19:17:33.821 < >> radio_rx 4349014973c353ff00002bc273c3783d33440600dd34db1b4c36903981e5f964e7f4dc5c0d823e2a9625f0052dcc78487b0b5709019f9ae7c3b22bebb76884fc567b70ec7d5e92314040365d3e67929ef1fefbe795148867ac3a18fdeed8fcb7cb53fa2ed1ea68c24e87cfe68ce276c73ea4a04a0339216c51177bef177d882eb74fedde73cce70a7db79ff8e7cefce5bb9949f897d21b79fc88c9d1f0396403cc18f035ec385469148f75e269e5c71cef9bb39dc3fe977cf23b073e15761543a1d8d814941f5995c9e4c19868d52c7020e93fcf7f5ca4860274b3d5575be84422e2c7b4ed19adbf16370f21497ea5c117ef -50 33
2026-06-03T19:17:33.826 IMG_PACKET 4349014973c353ff00002bc273c3783d33440600dd34db1b4c36903981e5f964e7f4dc5c0d823e2a9625f0052dcc78487b0b5709019f9ae7c3b22bebb76884fc567b70ec7d5e92314040365d3e67929ef1fefbe795148867ac3a18fdeed8fcb7cb53fa2ed1ea68c24e87cfe68ce276c73ea4a04a0339216c51177bef177d882eb74fedde73cce70a7db79ff8e7cefce5bb9949f897d21b79fc88c9d1f0396403cc18f035ec385469148f75e269e5c71cef9bb39dc3fe977cf23b073e15761543a1d8d814941f5995c9e4c19868d52c7020e93fcf7f5ca4860274b3d5575be84422e2c7b4ed19adbf16370f21497ea5c117ef RSSI=-50 SNR=33
2026-06-03T19:17:33.866 > p2p rx 0
2026-06-03T19:17:33.868 < >
2026-06-03T19:17:35.470 < >> Ok
2026-06-03T19:17:35.520 < >> radio_rx 4349014973c353ff00002bc273c3783d33440700ddeb1e52ef2784c2d44ad52b74a8c1267a1552fb3f5ef298f30ec292dbbc30d22bf1789c63719f35de9250892f71f9d981b296fe6f58e03c450c277522dcfa1d86fa9be119904cf0426a4677f93b6c217ceaed2000c1470722907c116b03b95fe30e1f46a913816e9a56560faf0f45458fe776e9ba720c78994a673afd6722355ad5d26357079daa6bc70f9dde5fbaee4072fab0fb3267397bd4babcb988b409b1ae96e004538de1ebb8931818ed65f7be701c2b4d641053587eae180b29c6fb265b982107f7d8f288ebda12aa24d1f0f3c0b44d8e054aacb06569505387 -49 25
2026-06-03T19:17:35.526 IMG_PACKET 4349014973c353ff00002bc273c3783d33440700ddeb1e52ef2784c2d44ad52b74a8c1267a1552fb3f5ef298f30ec292dbbc30d22bf1789c63719f35de9250892f71f9d981b296fe6f58e03c450c277522dcfa1d86fa9be119904cf0426a4677f93b6c217ceaed2000c1470722907c116b03b95fe30e1f46a913816e9a56560faf0f45458fe776e9ba720c78994a673afd6722355ad5d26357079daa6bc70f9dde5fbaee4072fab0fb3267397bd4babcb988b409b1ae96e004538de1ebb8931818ed65f7be701c2b4d641053587eae180b29c6fb265b982107f7d8f288ebda12aa24d1f0f3c0b44d8e054aacb06569505387 RSSI=-49 SNR=25
2026-06-03T19:17:35.566 > p2p rx 0
2026-06-03T19:17:35.568 < >
2026-06-03T19:17:37.172 < >> Ok
2026-06-03T19:17:37.223 < >> radio_rx 4349014973c353ff00002bc273c3783d33440800ddeb5602569ae3e85f56d59a148ee6c47c9ec3c94ad7c7819ce95aab09fb1e2013e3bd69c3a64170ad2ace84b136cb24ed146f90cead32cead65f534bcd48aac8f2f46fbe5c3247f4cd9d0d274cbe2a9c81b8b70b112d2ac3b175c639afefda7327482bfb2d2f89c031f32890b5eea07ec15db4e7ae97834e32ab3b19da636491bb29a1aa3e8752b6164b96caccdbfda3130117daa98c1b035684eedf6e33558eff1a1952b1688fb5dd3495c63dddf83678b67d8c9ca888f18548d23ce0b87978dd94e432e4115e51d74e3c7d066bf2996e794bbaf2450bbf8ac9872359e -49 29
2026-06-03T19:17:37.228 IMG_PACKET 4349014973c353ff00002bc273c3783d33440800ddeb5602569ae3e85f56d59a148ee6c47c9ec3c94ad7c7819ce95aab09fb1e2013e3bd69c3a64170ad2ace84b136cb24ed146f90cead32cead65f534bcd48aac8f2f46fbe5c3247f4cd9d0d274cbe2a9c81b8b70b112d2ac3b175c639afefda7327482bfb2d2f89c031f32890b5eea07ec15db4e7ae97834e32ab3b19da636491bb29a1aa3e8752b6164b96caccdbfda3130117daa98c1b035684eedf6e33558eff1a1952b1688fb5dd3495c63dddf83678b67d8c9ca888f18548d23ce0b87978dd94e432e4115e51d74e3c7d066bf2996e794bbaf2450bbf8ac9872359e RSSI=-49 SNR=29
2026-06-03T19:17:37.269 > p2p rx 0
2026-06-03T19:17:37.270 < >
2026-06-03T19:17:38.873 < >> Ok
2026-06-03T19:17:38.924 < >> radio_rx 4349014973c353ff00002bc273c3783d33440900ddde0924195330467aec921b88deacc502ad16806d3bc43bb4663272d706f466391a85ff3cca7bdce103d98f8a1cea3acf9611149e614c23e8562ff3726450cb923c451664f4c09ba77d877f63f12ced4dfe05c936610f6680f6a1b8c92604f9e368fee481ed47c0e70b0182c0ddfb81f7894aca3fed5c609cfd7de7eb2247570bdac204f10989b852ecbb45f9d5ac108a36ea8430f35151ddd34547a5c8f928674693288d6d9702a1c4eb265cda8c6d0a88a97421fc656c8670781c0c24d26c71386279a71b4738b25db17df318c62f55880e897283d97d83b8b350cefb -50 33
2026-06-03T19:17:38.930 IMG_PACKET 4349014973c353ff00002bc273c3783d33440900ddde0924195330467aec921b88deacc502ad16806d3bc43bb4663272d706f466391a85ff3cca7bdce103d98f8a1cea3acf9611149e614c23e8562ff3726450cb923c451664f4c09ba77d877f63f12ced4dfe05c936610f6680f6a1b8c92604f9e368fee481ed47c0e70b0182c0ddfb81f7894aca3fed5c609cfd7de7eb2247570bdac204f10989b852ecbb45f9d5ac108a36ea8430f35151ddd34547a5c8f928674693288d6d9702a1c4eb265cda8c6d0a88a97421fc656c8670781c0c24d26c71386279a71b4738b25db17df318c62f55880e897283d97d83b8b350cefb RSSI=-50 SNR=33
2026-06-03T19:17:38.971 > p2p rx 0
2026-06-03T19:17:38.972 < >
2026-06-03T19:17:40.575 < >> Ok
2026-06-03T19:17:40.625 < >> radio_rx 4349014973c353ff00002bc273c3783d33440a00dd3c14703902f345ea45623412832f82599f16fd87a92ce4587c2d8dbe1d539ea3f7bafa7bbe15387d4735fac44192eaa0a8ae4343b5053a79dfd6fc9315ce237c8a96517374d9edc27779355b839106d25360e75bbe2630cc9ad4f49ecfaa18693c106f721b091955923827d47d5c1dfad92f6756884154505e7a1ed155eb37a46c00b6173e5914a76bb489ccbfee9485b3934cb76eef50c7c4c746b40931ba9e17e662e75823d37bb9b87fbaa4db3c61662150820e81b8160500f51093d1c30dec339c67f8c3966954cf9a2205bb33df40d32463f99958db586b3aa0d9 -50 25
2026-06-03T19:17:40.673 IMG_PACKET 4349014973c353ff00002bc273c3783d33440a00dd3c14703902f345ea45623412832f82599f16fd87a92ce4587c2d8dbe1d539ea3f7bafa7bbe15387d4735fac44192eaa0a8ae4343b5053a79dfd6fc9315ce237c8a96517374d9edc27779355b839106d25360e75bbe2630cc9ad4f49ecfaa18693c106f721b091955923827d47d5c1dfad92f6756884154505e7a1ed155eb37a46c00b6173e5914a76bb489ccbfee9485b3934cb76eef50c7c4c746b40931ba9e17e662e75823d37bb9b87fbaa4db3c61662150820e81b8160500f51093d1c30dec339c67f8c3966954cf9a2205bb33df40d32463f99958db586b3aa0d9 RSSI=-50 SNR=25
2026-06-03T19:17:40.674 > p2p rx 0
2026-06-03T19:17:40.675 < >
2026-06-03T19:17:42.277 < >> Ok
2026-06-03T19:17:42.328 < >> radio_rx 4349014973c353ff00002bc273c3783d33440b00ddde35b2d42cc8ce7de76b735f6f1fb95621f98bb5a0ce1491994f8973d76897940ad60b1710669053b79bb4168eb72798ac6c9353ae423f6bfb7a279fd16ab5d490b8a185593de1071d7a7fc88d589d6d8a885a3a4354668268c9080df6559394c6d1153a805165fbae5ae3b3d43096afcf20fe4e1e057760b16d5c5befda7ad1937625024065a030475197bc3a2ccf911342e63767c4354e4671e2be56f3fb064a1d337aa985db6e0029dd0b53fc392f3713f86547591332bb7f1c17b3e0a32c4c17ea5b57daa2b0fdb1e085677064be79e6f4f26453a94ddc80dcad72 -51 22
2026-06-03T19:17:42.334 IMG_PACKET 4349014973c353ff00002bc273c3783d33440b00ddde35b2d42cc8ce7de76b735f6f1fb95621f98bb5a0ce1491994f8973d76897940ad60b1710669053b79bb4168eb72798ac6c9353ae423f6bfb7a279fd16ab5d490b8a185593de1071d7a7fc88d589d6d8a885a3a4354668268c9080df6559394c6d1153a805165fbae5ae3b3d43096afcf20fe4e1e057760b16d5c5befda7ad1937625024065a030475197bc3a2ccf911342e63767c4354e4671e2be56f3fb064a1d337aa985db6e0029dd0b53fc392f3713f86547591332bb7f1c17b3e0a32c4c17ea5b57daa2b0fdb1e085677064be79e6f4f26453a94ddc80dcad72 RSSI=-51 SNR=22
2026-06-03T19:17:42.372 > p2p rx 0
2026-06-03T19:17:42.374 < >
2026-06-03T19:17:43.977 < >> Ok
2026-06-03T19:17:44.030 < >> radio_rx 4349014973c353ff00002bc273c3783d33440c00ddc1281c267d7b9e2fdef4b035ab58262f72b1cf12cdb6cc4a9475a879d974a08dd6a2861e651dbbebd74b960f66c0291669c8bd37a14f3ec9e6d3ba9208e537fe77e5a4bc4822ffcc1580c1003187aae3168897a5aafa84b70433b4a4008fd1cd310c3d2b5327ef37eebcdbbcdd668b64d67887b921bb1228d9c007ea4beb12d8b7f439b4d4ec3ca197323fdc39630ea27c8900909a32d67d4dbc834ab96aa02b82bbf1243f1b210722b9b96475ff927878ebb2cf56f68fdab3540afc01997af12613dfd0aebfa555b54aea8cbee29caf5d0287f1b31413f827cc627078 -49 24
2026-06-03T19:17:44.035 IMG_PACKET 4349014973c353ff00002bc273c3783d33440c00ddc1281c267d7b9e2fdef4b035ab58262f72b1cf12cdb6cc4a9475a879d974a08dd6a2861e651dbbebd74b960f66c0291669c8bd37a14f3ec9e6d3ba9208e537fe77e5a4bc4822ffcc1580c1003187aae3168897a5aafa84b70433b4a4008fd1cd310c3d2b5327ef37eebcdbbcdd668b64d67887b921bb1228d9c007ea4beb12d8b7f439b4d4ec3ca197323fdc39630ea27c8900909a32d67d4dbc834ab96aa02b82bbf1243f1b210722b9b96475ff927878ebb2cf56f68fdab3540afc01997af12613dfd0aebfa555b54aea8cbee29caf5d0287f1b31413f827cc627078 RSSI=-49 SNR=24
2026-06-03T19:17:44.075 > p2p rx 0
2026-06-03T19:17:44.076 < >
2026-06-03T19:17:45.679 < >> Ok
2026-06-03T19:17:45.732 < >> radio_rx 4349014973c353ff00002bc273c3783d33440d00ddc10c15f25e969951fec3463a3d540e5843aebe54e4e13d78bd7f43b7070503eb050aadb7fd5694de4147d975f7100cd28a4f9eef5e0201e05c829cf7417409db1107dc69d157e39fb2361d4bbbbe97530e3ac964db7830424d8f70bb51c28d573bff74d7e8f99b9090fe3f089a113909c24f86687ebbd48d73bcdff6bb674ffb885a395c28839c678a24716aa2c9461139b1f4abef4b18f5744f349867be6c20aa83425ff98ed225fe4638bfc826bb54d109ea9a3181bc50e420f95ff1fc08a84264765f6595cbabb4f3e1596ddc73fcae98714382ecc8c0a33d56ebba -49 31
2026-06-03T19:17:45.737 IMG_PACKET 4349014973c353ff00002bc273c3783d33440d00ddc10c15f25e969951fec3463a3d540e5843aebe54e4e13d78bd7f43b7070503eb050aadb7fd5694de4147d975f7100cd28a4f9eef5e0201e05c829cf7417409db1107dc69d157e39fb2361d4bbbbe97530e3ac964db7830424d8f70bb51c28d573bff74d7e8f99b9090fe3f089a113909c24f86687ebbd48d73bcdff6bb674ffb885a395c28839c678a24716aa2c9461139b1f4abef4b18f5744f349867be6c20aa83425ff98ed225fe4638bfc826bb54d109ea9a3181bc50e420f95ff1fc08a84264765f6595cbabb4f3e1596ddc73fcae98714382ecc8c0a33d56ebba RSSI=-49 SNR=31
2026-06-03T19:17:45.777 > p2p rx 0
2026-06-03T19:17:45.777 < >
2026-06-03T19:17:47.380 < >> Ok
2026-06-03T19:17:47.432 < >> radio_rx 4349014973c353ff00002bc273c3783d33440e00dd71cd70f63061c82af96ed3645a3e0d61ec0e9a7e848a31a8bcb20cc206df4b7aff0581861ddfa66bf0194893912e8cbbfa35fa82bb4fef8a48b42bc402f28ef172666191c0e0e9dc5aa3c5e28bc7314c3d1056fe52d357c7d5413e54c0c7299ddf1ef09c3c5926cce3b30e5f723e029a1a9606f53484f723fdbfee4da8d155ab4e39e9e7623d8e4f93e75c28cc1f1ad2a987bf1db9a264bc4c277eb4be8d43b356b5e50ae25cea29bcd585a86f4ea55e8d86168f954deb6850f46f9a7ab363446ac7f4ce4e643251c8c66fb88e26bf91047939a2230a3fac8f58dee8de -51 33
2026-06-03T19:17:47.437 IMG_PACKET 4349014973c353ff00002bc273c3783d33440e00dd71cd70f63061c82af96ed3645a3e0d61ec0e9a7e848a31a8bcb20cc206df4b7aff0581861ddfa66bf0194893912e8cbbfa35fa82bb4fef8a48b42bc402f28ef172666191c0e0e9dc5aa3c5e28bc7314c3d1056fe52d357c7d5413e54c0c7299ddf1ef09c3c5926cce3b30e5f723e029a1a9606f53484f723fdbfee4da8d155ab4e39e9e7623d8e4f93e75c28cc1f1ad2a987bf1db9a264bc4c277eb4be8d43b356b5e50ae25cea29bcd585a86f4ea55e8d86168f954deb6850f46f9a7ab363446ac7f4ce4e643251c8c66fb88e26bf91047939a2230a3fac8f58dee8de RSSI=-51 SNR=33
2026-06-03T19:17:47.478 > p2p rx 0
2026-06-03T19:17:47.480 < >
2026-06-03T19:17:49.082 < >> Ok
2026-06-03T19:17:49.134 < >> radio_rx 4349014973c353ff00002bc273c3783d33440f00ddff545911258c4b647db3f38bc7e1875990de61f652d46287c53b978e64097870b2424df3457bc1add1164a986eede473fc175317e69f221cff0410754d280359e137fcc42c0c778a50b102e1caa30196654e9f6124809cc72352f556bda3f5c71f9577c59b494aaffc180dc442b47136ca8525d65ac3dbab9be2d6ca989fc7b4c7c59802ea7a6fb54778e6a469ff51557c5f3a60ffb1fbf15bb8a9a748f9bfc571411b4d14213df573245afc17d8560ca8ba7f4f629374c747f15faced7d0da31d9af2613a805164bd7e9cf7b7e6119c9c68413d5d20defec80c78e85c -51 31
2026-06-03T19:17:49.139 IMG_PACKET 4349014973c353ff00002bc273c3783d33440f00ddff545911258c4b647db3f38bc7e1875990de61f652d46287c53b978e64097870b2424df3457bc1add1164a986eede473fc175317e69f221cff0410754d280359e137fcc42c0c778a50b102e1caa30196654e9f6124809cc72352f556bda3f5c71f9577c59b494aaffc180dc442b47136ca8525d65ac3dbab9be2d6ca989fc7b4c7c59802ea7a6fb54778e6a469ff51557c5f3a60ffb1fbf15bb8a9a748f9bfc571411b4d14213df573245afc17d8560ca8ba7f4f629374c747f15faced7d0da31d9af2613a805164bd7e9cf7b7e6119c9c68413d5d20defec80c78e85c RSSI=-51 SNR=31
2026-06-03T19:17:49.179 > p2p rx 0
2026-06-03T19:17:49.180 < >
2026-06-03T19:17:50.783 < >> Ok
2026-06-03T19:17:50.834 < >> radio_rx 4349014973c353ff00002bc273c3783d33441000dd0aac3e46aae41a9a593cc0e957ae09b9d0299c6d788de84ca020b130724d02edd9b2f82cc93d0a42cb8d94371a05244d003b715ed602c49ad32830849b72acf37dce0473fa16c85b237b142797b96742556ac3eaf1699213ed25ea31c6e46ac29725fe60faddd1c97254eb617cf2876b2b22ec2e0b376492c58d82a92d90d2608bda27dbf51745da8f94acfd80bcec62793474f426be7147ff7084524c6e0826d73c8183f4182f173cbe985f766bde241f28999b4ef461ad1a0108a97bb6a8ee06d1d738d46299ee46ac56a4f1684bb12bd0019c708f43801324b4285e -50 35
2026-06-03T19:17:50.839 IMG_PACKET 4349014973c353ff00002bc273c3783d33441000dd0aac3e46aae41a9a593cc0e957ae09b9d0299c6d788de84ca020b130724d02edd9b2f82cc93d0a42cb8d94371a05244d003b715ed602c49ad32830849b72acf37dce0473fa16c85b237b142797b96742556ac3eaf1699213ed25ea31c6e46ac29725fe60faddd1c97254eb617cf2876b2b22ec2e0b376492c58d82a92d90d2608bda27dbf51745da8f94acfd80bcec62793474f426be7147ff7084524c6e0826d73c8183f4182f173cbe985f766bde241f28999b4ef461ad1a0108a97bb6a8ee06d1d738d46299ee46ac56a4f1684bb12bd0019c708f43801324b4285e RSSI=-50 SNR=35
2026-06-03T19:17:50.880 > p2p rx 0
2026-06-03T19:17:50.881 < >
2026-06-03T19:17:52.485 < >> Ok
2026-06-03T19:17:52.535 < >> radio_rx 4349014973c353ff00002bc273c3783d33441100dd15aa33f2f48e1d919786520244950a9f5bf8334827b1f6393d9f81d0952542682ee870055ab68f6a3f40d458979b97e5a562ec55c5cc4695d67292cc092bcea1be7b62b931d6eb36226e11b0a727b584e2ff45008b953227c85209faa4adc3e77b8af3d46d8f918d7205daaed72262d8305c4b39dd89a91d5ea17dd280f7c2357163b9437f9f8385b7b907690295d62cce31c82188997360c9d31a542e7170e11e4c9a25d85f34168959caae7759330d870a20af8f2050faed6fa674a82ab5df6ef7f0399623524268f5382aa23566bb619c162902041ced2296bf236b -48 27
2026-06-03T19:17:52.540 IMG_PACKET 4349014973c353ff00002bc273c3783d33441100dd15aa33f2f48e1d919786520244950a9f5bf8334827b1f6393d9f81d0952542682ee870055ab68f6a3f40d458979b97e5a562ec55c5cc4695d67292cc092bcea1be7b62b931d6eb36226e11b0a727b584e2ff45008b953227c85209faa4adc3e77b8af3d46d8f918d7205daaed72262d8305c4b39dd89a91d5ea17dd280f7c2357163b9437f9f8385b7b907690295d62cce31c82188997360c9d31a542e7170e11e4c9a25d85f34168959caae7759330d870a20af8f2050faed6fa674a82ab5df6ef7f0399623524268f5382aa23566bb619c162902041ced2296bf236b RSSI=-48 SNR=27
2026-06-03T19:17:52.582 > p2p rx 0
2026-06-03T19:17:52.583 < >
2026-06-03T19:17:54.187 < >> Ok
2026-06-03T19:17:54.237 < >> radio_rx 4349014973c353ff00002bc273c3783d33441200dd29372b2a073e39e232a43d0d986b536d7519fd951c45a4ab2e7c8e76fa9f90908a70cd1e764c4368876fd7d8a975fe78711570e89ce381a626aa49c80b3d9fb2d818a9cd91531a5414a453313a3ac69d5752ee178d39693838e48204029c16c06f530acb279691320c33012e9d3f7ab55731bbebecf731a2f5b78f0046f81d143cbef5fde0b6d5d42434bb1cfa6114e5a7892f914a8bc6ea7ae08b36c0b5bae61e59734e90360ccde06aeb3ca15f98d6668eb9b23da7bec241a0c8c57821f53edb02b9f1c2021052a3bf16c25dfe24d168eb19c24c2349645a3cb5c99f -50 32
2026-06-03T19:17:54.242 IMG_PACKET 4349014973c353ff00002bc273c3783d33441200dd29372b2a073e39e232a43d0d986b536d7519fd951c45a4ab2e7c8e76fa9f90908a70cd1e764c4368876fd7d8a975fe78711570e89ce381a626aa49c80b3d9fb2d818a9cd91531a5414a453313a3ac69d5752ee178d39693838e48204029c16c06f530acb279691320c33012e9d3f7ab55731bbebecf731a2f5b78f0046f81d143cbef5fde0b6d5d42434bb1cfa6114e5a7892f914a8bc6ea7ae08b36c0b5bae61e59734e90360ccde06aeb3ca15f98d6668eb9b23da7bec241a0c8c57821f53edb02b9f1c2021052a3bf16c25dfe24d168eb19c24c2349645a3cb5c99f RSSI=-50 SNR=32
2026-06-03T19:17:54.283 > p2p rx 0
2026-06-03T19:17:54.285 < >
2026-06-03T19:17:55.888 < >> Ok
2026-06-03T19:17:55.940 < >> radio_rx 4349014973c353ff00002bc273c3783d33441300dd95391d0551f049f67e4aa42f3295c7b5cb80d2d9e3adac5ebdfe91f8264fe3c02d5b44cd1891028e1056f9d1de10baa31a937406069fa9942e28806d0435af23b2c9aa850e61af804fdbd39351f8d281285c7dc649e2ba4e2880e4bf9256161226551e2d5c5287ef3cbffed86d43392a88c5f5b85198726232281bb6bdcc741fe8a00ad9729691e01c540cf95d93e80822ebaeed4d4725ff832927093dc46af2219428d99c1ce4aa21ff4d7c1fae3e2dbaeb94914ab17635fa27d6a1b9d0a45ba2648e50e7e84f39b01f376e01828ce384d2516e00a7336b31b81dfdec -50 31
2026-06-03T19:17:55.945 IMG_PACKET 4349014973c353ff00002bc273c3783d33441300dd95391d0551f049f67e4aa42f3295c7b5cb80d2d9e3adac5ebdfe91f8264fe3c02d5b44cd1891028e1056f9d1de10baa31a937406069fa9942e28806d0435af23b2c9aa850e61af804fdbd39351f8d281285c7dc649e2ba4e2880e4bf9256161226551e2d5c5287ef3cbffed86d43392a88c5f5b85198726232281bb6bdcc741fe8a00ad9729691e01c540cf95d93e80822ebaeed4d4725ff832927093dc46af2219428d99c1ce4aa21ff4d7c1fae3e2dbaeb94914ab17635fa27d6a1b9d0a45ba2648e50e7e84f39b01f376e01828ce384d2516e00a7336b31b81dfdec RSSI=-50 SNR=31
2026-06-03T19:17:55.985 > p2p rx 0
2026-06-03T19:17:55.986 < >
2026-06-03T19:17:57.590 < >> Ok
2026-06-03T19:17:57.639 < >> radio_rx 4349014973c353ff00002bc273c3783d33441400ddb889d58abd4811b06ebb2ff9dbd530bdc1e7bea5eb1887ee396dbf3f4028e60a97d9ab70f8e670b247ba588b0f4e142a7664c0428c934e5b732cf19d3f8a42fd0f5b6a0a9461032070a545a8e7ba7c6e80eed1a7a14a1ca56d5ea534037c2cc77f8fb104426c7c72b0cddffb2ceef21ef8c16f89b712bb0bbeb513db7b3612e45d458ff1d206d7afd4f78d4c468086ab43bdab3d036ff702c09b14e7850d9f9419def056bfb2c2cf15bc6b3db1a38fb84712cd0f965abaa70e2dee73b74eecd78b6bd6ab74354e13288a336a45de784e3db9f5487e3ab2bed322ccbb03 -52 33
2026-06-03T19:17:57.644 IMG_PACKET 4349014973c353ff00002bc273c3783d33441400ddb889d58abd4811b06ebb2ff9dbd530bdc1e7bea5eb1887ee396dbf3f4028e60a97d9ab70f8e670b247ba588b0f4e142a7664c0428c934e5b732cf19d3f8a42fd0f5b6a0a9461032070a545a8e7ba7c6e80eed1a7a14a1ca56d5ea534037c2cc77f8fb104426c7c72b0cddffb2ceef21ef8c16f89b712bb0bbeb513db7b3612e45d458ff1d206d7afd4f78d4c468086ab43bdab3d036ff702c09b14e7850d9f9419def056bfb2c2cf15bc6b3db1a38fb84712cd0f965abaa70e2dee73b74eecd78b6bd6ab74354e13288a336a45de784e3db9f5487e3ab2bed322ccbb03 RSSI=-52 SNR=33
2026-06-03T19:17:57.686 > p2p rx 0
2026-06-03T19:17:57.687 < >
2026-06-03T19:17:59.291 < >> Ok
2026-06-03T19:17:59.344 < >> radio_rx 4349014973c353ff00002bc273c3783d33441500dd431ac6ceec79b5b77f1cc2547d2f41746c35826bded994c6bde1d93b1d61e5f60c4d3dfa95934341f59e1d20c1a13c6697cf7b1418c3cda5e61ce5096aa3baa879919e41dc96296a7e488f68e644a401eb84013095d01b2e77527a211a5f631b2d5e703f7f978e86277cacfdbc045312826bc6670e0714c9dcdedc9c45d0ee41f53e63da324b3228e15a247aaf50706506f12a79f00847fe21c669212bfed71e7b9f84ae2f5a51c79f23dfd1c07114b3cb81600320f7940ff941ed6531b51d5a3902eb450bb7b8df3b5aa22a10018aad7d2ae8ff7dbe995f3fbe8632bc -49 24
2026-06-03T19:17:59.349 IMG_PACKET 4349014973c353ff00002bc273c3783d33441500dd431ac6ceec79b5b77f1cc2547d2f41746c35826bded994c6bde1d93b1d61e5f60c4d3dfa95934341f59e1d20c1a13c6697cf7b1418c3cda5e61ce5096aa3baa879919e41dc96296a7e488f68e644a401eb84013095d01b2e77527a211a5f631b2d5e703f7f978e86277cacfdbc045312826bc6670e0714c9dcdedc9c45d0ee41f53e63da324b3228e15a247aaf50706506f12a79f00847fe21c669212bfed71e7b9f84ae2f5a51c79f23dfd1c07114b3cb81600320f7940ff941ed6531b51d5a3902eb450bb7b8df3b5aa22a10018aad7d2ae8ff7dbe995f3fbe8632bc RSSI=-49 SNR=24
2026-06-03T19:17:59.388 > p2p rx 0
2026-06-03T19:17:59.389 < >
2026-06-03T19:18:00.993 < >> Ok
2026-06-03T19:18:01.047 < >> radio_rx 4349014973c353ff00002bc273c3783d33441600dd89cb26de152416add0135d95922ca80c112889688df1bb50ef27fb23b123c1530f39193062ad049889e60166103a703930bb8572420639e4a718509872e59e81c62cf9155cae2b7c4b8c7778cbdbc3d60d5bfdae8faad59ec86255926c0f9e84253065e74febcc65710e0f42ecc0bb2d941b0bf978a716ef36cc1169ebcaac710ad7948aaa01f450a5e5ebca7c3762529fad51bfc24141866455f48c550928296d5c7a42fdc9945920552bacd50da33b8a0408ccf2a107be20ca754406dd85ba85917f3a3771d2e010ab92b58073624bab9d8b0d54532821a660d965e7 -49 25
2026-06-03T19:18:01.051 IMG_PACKET 4349014973c353ff00002bc273c3783d33441600dd89cb26de152416add0135d95922ca80c112889688df1bb50ef27fb23b123c1530f39193062ad049889e60166103a703930bb8572420639e4a718509872e59e81c62cf9155cae2b7c4b8c7778cbdbc3d60d5bfdae8faad59ec86255926c0f9e84253065e74febcc65710e0f42ecc0bb2d941b0bf978a716ef36cc1169ebcaac710ad7948aaa01f450a5e5ebca7c3762529fad51bfc24141866455f48c550928296d5c7a42fdc9945920552bacd50da33b8a0408ccf2a107be20ca754406dd85ba85917f3a3771d2e010ab92b58073624bab9d8b0d54532821a660d965e7 RSSI=-49 SNR=25
2026-06-03T19:18:01.089 > p2p rx 0
2026-06-03T19:18:01.090 < >
2026-06-03T19:18:02.694 < >> Ok
2026-06-03T19:18:02.746 < >> radio_rx 4349014973c353ff00002bc273c3783d33441700dd45e515cf425484cb1e67bd2451dec870e7b8666db358fa43c99f5bf87012424b4c93896b5d3f9f3a2db6c136736c4996a539d3183d3414b5de83cfda8f12fe0e81fe9298b0090e7ef8534432510453304fbc86288e981a89f597b10842820a4dc807b816e54a9b9c79912835909f2ee0d05502b96e2775a782036b0ba6880d9783b5c1b9be8b8aae5376ab98afe77ec27ff5743703fb1d04781a6e4ab827e2f22fbcb24835c6b2de3fcfc57d9dcedbb2771385df5121db45024a8838219929c02235b3be27c951336ad03b84bd6f94a8a605cb443fc64d5e4c347553bb -48 23
2026-06-03T19:18:02.751 IMG_PACKET 4349014973c353ff00002bc273c3783d33441700dd45e515cf425484cb1e67bd2451dec870e7b8666db358fa43c99f5bf87012424b4c93896b5d3f9f3a2db6c136736c4996a539d3183d3414b5de83cfda8f12fe0e81fe9298b0090e7ef8534432510453304fbc86288e981a89f597b10842820a4dc807b816e54a9b9c79912835909f2ee0d05502b96e2775a782036b0ba6880d9783b5c1b9be8b8aae5376ab98afe77ec27ff5743703fb1d04781a6e4ab827e2f22fbcb24835c6b2de3fcfc57d9dcedbb2771385df5121db45024a8838219929c02235b3be27c951336ad03b84bd6f94a8a605cb443fc64d5e4c347553bb RSSI=-48 SNR=23
2026-06-03T19:18:02.792 > p2p rx 0
2026-06-03T19:18:02.793 < >
2026-06-03T19:18:04.395 < >> Ok
2026-06-03T19:18:04.445 < >> radio_rx 4349014973c353ff00002bc273c3783d33441800dd7b50652e12e0c1633d49a10bde60888f47fdaaefd3636656c4d6761124b897098f10e15c38b67cfe6034678b8d55cc9f998210c6fce0b69fd74a504ec6a3a1bb346998c78b616b9a3ab0911ae40d32d092b3c0b64be3c4bacd522dedae93e6921479e1619308f5e04082e7015dcb810f354b1bd398460c9b7a6459f0d47794222b480dd29f96b8c398533033736b4694e424d6ab25c7b9effb7c036004e6af7b6663cb0f6a34b55091d3031cd9c19f0741bc5d8f70bcbb0a0b1f7d904b910e0c82b4d7ecf3a375cbf76319e1c2a2b5b15be0180ecbab4d7fc6c4160a26 -50 31
2026-06-03T19:18:04.450 IMG_PACKET 4349014973c353ff00002bc273c3783d33441800dd7b50652e12e0c1633d49a10bde60888f47fdaaefd3636656c4d6761124b897098f10e15c38b67cfe6034678b8d55cc9f998210c6fce0b69fd74a504ec6a3a1bb346998c78b616b9a3ab0911ae40d32d092b3c0b64be3c4bacd522dedae93e6921479e1619308f5e04082e7015dcb810f354b1bd398460c9b7a6459f0d47794222b480dd29f96b8c398533033736b4694e424d6ab25c7b9effb7c036004e6af7b6663cb0f6a34b55091d3031cd9c19f0741bc5d8f70bcbb0a0b1f7d904b910e0c82b4d7ecf3a375cbf76319e1c2a2b5b15be0180ecbab4d7fc6c4160a26 RSSI=-50 SNR=31
2026-06-03T19:18:04.493 > p2p rx 0
2026-06-03T19:18:04.494 < >
2026-06-03T19:18:06.097 < >> Ok
2026-06-03T19:18:06.149 < >> radio_rx 4349014973c353ff00002bc273c3783d33441900dd1e9004097eac3681eb10f6164702989c18ad33085933a3c2f631d5bdc649b5d3a78141383badec98225bdf36e5a848e979d22434d5e5c763d3684c6dcd02879b767fab0ba6bd32434043805d3c211616c7fe5162d91c92e41efdd07766ed9fce48521b3d11b5964a41a6c3c00181fbec380902ef85a87e8b3cfac746f7e26ca0755647b9c6612f09740d2971f0e2d7a910e574227a52f51645c59b95db45176cdec60f4f75b9bc22b672fb61f42cdbb067ff721dc9a6b3959d016ee46233f18bfce5c4ef5c0fd383a2a0c85bf7c0ce709736f9520630e7ffc557dda5d0 -49 29
2026-06-03T19:18:06.154 IMG_PACKET 4349014973c353ff00002bc273c3783d33441900dd1e9004097eac3681eb10f6164702989c18ad33085933a3c2f631d5bdc649b5d3a78141383badec98225bdf36e5a848e979d22434d5e5c763d3684c6dcd02879b767fab0ba6bd32434043805d3c211616c7fe5162d91c92e41efdd07766ed9fce48521b3d11b5964a41a6c3c00181fbec380902ef85a87e8b3cfac746f7e26ca0755647b9c6612f09740d2971f0e2d7a910e574227a52f51645c59b95db45176cdec60f4f75b9bc22b672fb61f42cdbb067ff721dc9a6b3959d016ee46233f18bfce5c4ef5c0fd383a2a0c85bf7c0ce709736f9520630e7ffc557dda5d0 RSSI=-49 SNR=29
2026-06-03T19:18:06.195 > p2p rx 0
2026-06-03T19:18:06.196 < >
2026-06-03T19:18:07.799 < >> Ok
2026-06-03T19:18:07.850 < >> radio_rx 4349014973c353ff00002bc273c3783d33441a00dd30b3d29c50c3dfd3e6b045dbafd0a42659a613b9cbf2ef9e2148bc41978a05437282ab499ec6b5698b22ddfad6800d054017727f3f1e6ef45d8851d86935782920d40bfa70efefa1dd36c3d0bdda893dc39ce86c6b41fe829e9d83beb1bd43d2a388e28be41914d075ac0731ac34f7f4b934a650c4818a2fde73a881a408fad914acd6fe561dca773ee9e75403b4df2af38971e6acaa6656423ca6054cb0e222bec93543221bf28cbad4dbb44b4b5c185b96dfbe2330395475205f3449da134e4113cd92a539201c1825cc54b5abc89f3f280fa3bcdec9db21e7d75965 -53 28
2026-06-03T19:18:07.857 IMG_PACKET 4349014973c353ff00002bc273c3783d33441a00dd30b3d29c50c3dfd3e6b045dbafd0a42659a613b9cbf2ef9e2148bc41978a05437282ab499ec6b5698b22ddfad6800d054017727f3f1e6ef45d8851d86935782920d40bfa70efefa1dd36c3d0bdda893dc39ce86c6b41fe829e9d83beb1bd43d2a388e28be41914d075ac0731ac34f7f4b934a650c4818a2fde73a881a408fad914acd6fe561dca773ee9e75403b4df2af38971e6acaa6656423ca6054cb0e222bec93543221bf28cbad4dbb44b4b5c185b96dfbe2330395475205f3449da134e4113cd92a539201c1825cc54b5abc89f3f280fa3bcdec9db21e7d75965 RSSI=-53 SNR=28
2026-06-03T19:18:07.896 > p2p rx 0
2026-06-03T19:18:07.897 < >
2026-06-03T19:18:09.500 < >> Ok
2026-06-03T19:18:09.552 < >> radio_rx 4349014973c353ff00002bc273c3783d33441b00dd0bb0402e71bb8a105b33ac29ce83512cd6e4a410555e8777d02c0aeec39f5048478511cb94b4449a037129b2a2bdeb49bf680827aee643b32f6673ed501df92317ea6fb96936fbc1b2c07c70743edaaf5bb71d74ac0588a12204a87e85959f59fd1d83bb0b929e805819ee0728587e449c491dc2a9138500de5c244101118d00409e58ad54153a88b2868220a83fd479407aaebf7231db6d3e91146235150d0cb1f14a09bf7b6abedcb9560c9f10bf734f614fc4f9b8a44256a4ba6a520579b64feda52c8febe15c449caf39311021945de7b50d038b70460fdf80919c -50 33
2026-06-03T19:18:09.557 IMG_PACKET 4349014973c353ff00002bc273c3783d33441b00dd0bb0402e71bb8a105b33ac29ce83512cd6e4a410555e8777d02c0aeec39f5048478511cb94b4449a037129b2a2bdeb49bf680827aee643b32f6673ed501df92317ea6fb96936fbc1b2c07c70743edaaf5bb71d74ac0588a12204a87e85959f59fd1d83bb0b929e805819ee0728587e449c491dc2a9138500de5c244101118d00409e58ad54153a88b2868220a83fd479407aaebf7231db6d3e91146235150d0cb1f14a09bf7b6abedcb9560c9f10bf734f614fc4f9b8a44256a4ba6a520579b64feda52c8febe15c449caf39311021945de7b50d038b70460fdf80919c RSSI=-50 SNR=33
2026-06-03T19:18:09.597 > p2p rx 0
2026-06-03T19:18:09.598 < >
2026-06-03T19:18:11.202 < >> Ok
2026-06-03T19:18:11.254 < >> radio_rx 4349014973c353ff00002bc273c3783d33441c00ddedbc1bb4f2c2a0931aafd28a12116a42f88887456f021e23c843ba409b450855d9bc1d81107f7b3904a0a9fd38d518677fa065133565f4816683b4b25162b57c4d784170d85c586f9068636d15d7228b50f72b2bdb65c101390e07f617f36bf7221df62514f9aedb7903571948503f233bfeb447c6ba727bb60403c739243c2676f2bf532f54d3347ae08127fc41b0ed5d2a47f1140616998ef67121b1a7b4dbf1d533c135f744ba00dbacfa4290992d586e643a9878adbbf2bb463fa4b8c80c8e79a84a93d3c436f14b0b8a373dd45479c84d3d84a6e6e7fb7ab2bcee -52 30
2026-06-03T19:18:11.259 IMG_PACKET 4349014973c353ff00002bc273c3783d33441c00ddedbc1bb4f2c2a0931aafd28a12116a42f88887456f021e23c843ba409b450855d9bc1d81107f7b3904a0a9fd38d518677fa065133565f4816683b4b25162b57c4d784170d85c586f9068636d15d7228b50f72b2bdb65c101390e07f617f36bf7221df62514f9aedb7903571948503f233bfeb447c6ba727bb60403c739243c2676f2bf532f54d3347ae08127fc41b0ed5d2a47f1140616998ef67121b1a7b4dbf1d533c135f744ba00dbacfa4290992d586e643a9878adbbf2bb463fa4b8c80c8e79a84a93d3c436f14b0b8a373dd45479c84d3d84a6e6e7fb7ab2bcee RSSI=-52 SNR=30
2026-06-03T19:18:11.299 > p2p rx 0
2026-06-03T19:18:11.300 < >
2026-06-03T19:18:12.903 < >> Ok
2026-06-03T19:18:12.952 < >> radio_rx 4349014973c353ff00002bc273c3783d33441d00dd1fd40a36fcd306e71daf1d280c8132ed5e05df290f76da9e819b761decd7e1d698c4c081eb8d43bd9433344c45cc1553d66e33b4edf73486d124abf417e63c8fad5196355e5056bed5b573d6e936920106ef25730dad272a4f3af55490243cdca840e5fdf84902331beb37f0de19af59b710c83dbc2bce15a980073bb986c10ffc894e15dfb7af2f24764c0c99f0fc0b8031ad0c74d3c8bd1461cae78f719ac8e6178e9a79910deba9abe88940b6a23a1f45583f284489c5c2fc1a1961ba619c73731802f4003a7077508a86a307160a8aea40780ed3a182e0c4868140 -50 36
2026-06-03T19:18:12.957 IMG_PACKET 4349014973c353ff00002bc273c3783d33441d00dd1fd40a36fcd306e71daf1d280c8132ed5e05df290f76da9e819b761decd7e1d698c4c081eb8d43bd9433344c45cc1553d66e33b4edf73486d124abf417e63c8fad5196355e5056bed5b573d6e936920106ef25730dad272a4f3af55490243cdca840e5fdf84902331beb37f0de19af59b710c83dbc2bce15a980073bb986c10ffc894e15dfb7af2f24764c0c99f0fc0b8031ad0c74d3c8bd1461cae78f719ac8e6178e9a79910deba9abe88940b6a23a1f45583f284489c5c2fc1a1961ba619c73731802f4003a7077508a86a307160a8aea40780ed3a182e0c4868140 RSSI=-50 SNR=36
2026-06-03T19:18:12.999 > p2p rx 0
2026-06-03T19:18:13.000 < >
2026-06-03T19:18:14.605 < >> Ok
2026-06-03T19:18:14.653 < >> radio_rx 4349014973c353ff00002bc273c3783d33441e00ddd01f2ef7a9abd7f8bd3acfedd8b33ebe7ddc2a06417fc19e3b69bcb9e66e823e8ad72c657035df6a75512f50fa0f264cfd077bf4c0e2a5ab497aa820d3a54ef4e139e6fd807b03fa3989e8bbfe7584691af7e278f5eac4bb10bb50cc675d7ef81ea01ad968bda10eef5bfbe4765ec517cc44e4b971beb6bf2048b19f23e92e6fc17cd6c5b1011f9568a859e919ab9496025576d376982fa47605e07ddf26bdd503a92ada1a130d87b2839d485ab47ac7c08fe799769c9cc896e1adaad956921e801f22b90378a7e2b9beeab338ba07941d57e37bec00e9e6662950fd99 -51 32
2026-06-03T19:18:14.659 IMG_PACKET 4349014973c353ff00002bc273c3783d33441e00ddd01f2ef7a9abd7f8bd3acfedd8b33ebe7ddc2a06417fc19e3b69bcb9e66e823e8ad72c657035df6a75512f50fa0f264cfd077bf4c0e2a5ab497aa820d3a54ef4e139e6fd807b03fa3989e8bbfe7584691af7e278f5eac4bb10bb50cc675d7ef81ea01ad968bda10eef5bfbe4765ec517cc44e4b971beb6bf2048b19f23e92e6fc17cd6c5b1011f9568a859e919ab9496025576d376982fa47605e07ddf26bdd503a92ada1a130d87b2839d485ab47ac7c08fe799769c9cc896e1adaad956921e801f22b90378a7e2b9beeab338ba07941d57e37bec00e9e6662950fd99 RSSI=-51 SNR=32
2026-06-03T19:18:14.701 > p2p rx 0
2026-06-03T19:18:14.702 < >
2026-06-03T19:18:16.306 < >> Ok
2026-06-03T19:18:16.357 < >> radio_rx 4349014973c353ff00002bc273c3783d33441f00ddfd76326da663aa65aa029ec4f591aef953045808d18f4b79ebdac2e3771cf5f25943be9834fda40a9b44b1f73072356a48e30adab2179a4ae9f3b4f3f7900e695207a5656a4591a591034e635e4a20767fcc948d9aed54cdff1fea83c483aa5368f8892f893c55da6d611cb6a2e3f6ec4a42358c8fd732113be49814507a50cbd58ea74b1f61a2ccdd3507cec199bdc9210c14bb6b108b013c7c8ad7a55a447493f162aa21e2f64bccf47bf0bc81a89910cdaf2b7570724a24eed49ad0c86a0135f7f0116efed358ddd058b8093c8875afacbd72abd53486f8b3654802 -51 33
2026-06-03T19:18:16.362 IMG_PACKET 4349014973c353ff00002bc273c3783d33441f00ddfd76326da663aa65aa029ec4f591aef953045808d18f4b79ebdac2e3771cf5f25943be9834fda40a9b44b1f73072356a48e30adab2179a4ae9f3b4f3f7900e695207a5656a4591a591034e635e4a20767fcc948d9aed54cdff1fea83c483aa5368f8892f893c55da6d611cb6a2e3f6ec4a42358c8fd732113be49814507a50cbd58ea74b1f61a2ccdd3507cec199bdc9210c14bb6b108b013c7c8ad7a55a447493f162aa21e2f64bccf47bf0bc81a89910cdaf2b7570724a24eed49ad0c86a0135f7f0116efed358ddd058b8093c8875afacbd72abd53486f8b3654802 RSSI=-51 SNR=33
2026-06-03T19:18:16.403 > p2p rx 0
2026-06-03T19:18:16.404 < >
2026-06-03T19:18:18.008 < >> Ok
2026-06-03T19:18:18.060 < >> radio_rx 4349014973c353ff00002bc273c3783d33442000dd50247c2d2793b4a11d035bb236d277e44fdba25a94fdf9d9e6f72a2f71805ae63480213a5ab8a285a48a57134694a4f36e1db30f6fc9def37a76757e4e0ae786d050feba0a623e1bda8654774c80fcc9dec00e731f03dfb40732759f8d4c8b97f942d51e7993038bf14d0465073d5e8419d21b5fcb129913dc7070b3dd078d1fa74a146659c5012b903b65f4c835feafd6f84fcc473ce3f252739aeefaca31f0e1bc4ebd9e925c665abd9d47c0b383604e81575e53bc3436932aabb1c97e951dbe63a660675adedc5e9d0ae062dfbe2ce7e6bbfcb7624f98bb9b018c1c -51 33
2026-06-03T19:18:18.065 IMG_PACKET 4349014973c353ff00002bc273c3783d33442000dd50247c2d2793b4a11d035bb236d277e44fdba25a94fdf9d9e6f72a2f71805ae63480213a5ab8a285a48a57134694a4f36e1db30f6fc9def37a76757e4e0ae786d050feba0a623e1bda8654774c80fcc9dec00e731f03dfb40732759f8d4c8b97f942d51e7993038bf14d0465073d5e8419d21b5fcb129913dc7070b3dd078d1fa74a146659c5012b903b65f4c835feafd6f84fcc473ce3f252739aeefaca31f0e1bc4ebd9e925c665abd9d47c0b383604e81575e53bc3436932aabb1c97e951dbe63a660675adedc5e9d0ae062dfbe2ce7e6bbfcb7624f98bb9b018c1c RSSI=-51 SNR=33
2026-06-03T19:18:18.105 > p2p rx 0
2026-06-03T19:18:18.106 < >
2026-06-03T19:18:19.709 < >> Ok
2026-06-03T19:18:19.758 < >> radio_rx 4349014973c353ff00002bc273c3783d33442100ddf49891d06350ed1acdfaa7d674ec5241c860f32c3bbfe743d3b3c3bb0e274192a5f1403ebd6a69b4b081c658e9defa9d7da2f2d59d56ffcb2ea5655427b81b1da5984644a43018849dd38984b49474f503a1f4b89b89c479781788da904a4a7144d7a31d8d5855d051ae01de249366f104c28374816ba6f285e30d26ffd352827af8cfaa7ee9b81124e12f0536d1335ea3dc145e8773a5d9b786b9290ca50923a6241229be332e3d11ebdb7a147e5c68a40b7fcfc33c5747aa7d00f2380e37b8def6fb169494c3edf1d43fea7f1ae38b67d8de1e2f807b70b05f33a559 -50 34
2026-06-03T19:18:19.764 IMG_PACKET 4349014973c353ff00002bc273c3783d33442100ddf49891d06350ed1acdfaa7d674ec5241c860f32c3bbfe743d3b3c3bb0e274192a5f1403ebd6a69b4b081c658e9defa9d7da2f2d59d56ffcb2ea5655427b81b1da5984644a43018849dd38984b49474f503a1f4b89b89c479781788da904a4a7144d7a31d8d5855d051ae01de249366f104c28374816ba6f285e30d26ffd352827af8cfaa7ee9b81124e12f0536d1335ea3dc145e8773a5d9b786b9290ca50923a6241229be332e3d11ebdb7a147e5c68a40b7fcfc33c5747aa7d00f2380e37b8def6fb169494c3edf1d43fea7f1ae38b67d8de1e2f807b70b05f33a559 RSSI=-50 SNR=34
2026-06-03T19:18:19.806 > p2p rx 0
2026-06-03T19:18:19.808 < >
2026-06-03T19:18:21.411 < >> Ok
2026-06-03T19:18:21.463 < >> radio_rx 4349014973c353ff00002bc273c3783d33442200dd4f0f40f33fbb0e3b183a529c87ba6b4e14465e8114418c6011caf467bcb4500f263ab9ad5e3b050d74fe4b2b0478c6590a70ee19d1b8e41b7379bec11a46f66620bbd743b70755090b8cddce92f4f565c2e8e5a9d30bd2b717fa399b781be7f03580de6f1b6d2e7958f6e8a36f813b4e67836ed910aa175928e83339f450c7223c647ce367f609a5c60fc9cb1340bd5bfc96852f5a13a15457efb8556f0bb45650da270b3d00901cd839001fe62b5749417356fe694acf25a3e194916b608323a548deeef15f398e329b5125a6912ee621c8c5873b549466c675792aff -49 22
2026-06-03T19:18:21.468 IMG_PACKET 4349014973c353ff00002bc273c3783d33442200dd4f0f40f33fbb0e3b183a529c87ba6b4e14465e8114418c6011caf467bcb4500f263ab9ad5e3b050d74fe4b2b0478c6590a70ee19d1b8e41b7379bec11a46f66620bbd743b70755090b8cddce92f4f565c2e8e5a9d30bd2b717fa399b781be7f03580de6f1b6d2e7958f6e8a36f813b4e67836ed910aa175928e83339f450c7223c647ce367f609a5c60fc9cb1340bd5bfc96852f5a13a15457efb8556f0bb45650da270b3d00901cd839001fe62b5749417356fe694acf25a3e194916b608323a548deeef15f398e329b5125a6912ee621c8c5873b549466c675792aff RSSI=-49 SNR=22
2026-06-03T19:18:21.508 > p2p rx 0
2026-06-03T19:18:21.509 < >
2026-06-03T19:18:23.120 < >> Ok
2026-06-03T19:18:23.171 < >> radio_rx 4349014973c353ff00002bc273c3783d33442300dd2fa2f528e136650acac065eab6cfad8698cb27cf266baf9925cca08bedaa5df71cfaa69a993d3471c6f0311bb0641e9c65173bce8a0c3a09c61dd237b34a85d7570e9dc87fcc12d7fe95b485a57ccf8a26f560af97ce185a3402274c7adc13d17359c771f1cd80d0fb0e978ac3a2f445abc403ba2816fe71699cc5897a27f42580639cc2358ef5940fa92f70e1f017a37dbb5da6385b3a157947068c320327e96244d9e6d2ceb65c8901fc1f37f3cc7b609a91f277ec435ad617b576b358e7aa347ade2e387e9d644b783071fc478c8de4f6e77daa9cbbe40c5d72fa63 -50 24
2026-06-03T19:18:23.176 IMG_PACKET 4349014973c353ff00002bc273c3783d33442300dd2fa2f528e136650acac065eab6cfad8698cb27cf266baf9925cca08bedaa5df71cfaa69a993d3471c6f0311bb0641e9c65173bce8a0c3a09c61dd237b34a85d7570e9dc87fcc12d7fe95b485a57ccf8a26f560af97ce185a3402274c7adc13d17359c771f1cd80d0fb0e978ac3a2f445abc403ba2816fe71699cc5897a27f42580639cc2358ef5940fa92f70e1f017a37dbb5da6385b3a157947068c320327e96244d9e6d2ceb65c8901fc1f37f3cc7b609a91f277ec435ad617b576b358e7aa347ade2e387e9d644b783071fc478c8de4f6e77daa9cbbe40c5d72fa63 RSSI=-50 SNR=24
2026-06-03T19:18:23.217 > p2p rx 0
2026-06-03T19:18:23.218 < >
2026-06-03T19:18:24.821 < >> Ok
2026-06-03T19:18:24.872 < >> radio_rx 4349014973c353ff00002bc273c3783d33442400dde38f3c670eb37dcd68bb24cd897d14c4fae071b462683a41377c0acd49c37fd435287b7af875e9410284748c9e2c057604840139b37cfdca17cf4aefca9a0d6e29e9eebbacfce8be4228fc75923cfeb14f59adc6d9a2c6bf3bfefa30c700736455be9f8639f29c12ab89f0adbde53653bc9ce96e946c0c1ad80ad4af2781ec4b7fbedada2d34b89d6c762410da49176edf145a0762e9830c2a125fddc081e0a140d98c2d8c275fd65a729fbf44d5dc24bab7dd61293f03af7d0f6ef834cb0f36957789a74e3783d94fbfaeab65f07bc5f8c027c7a340e805b60bbca02d -50 33
2026-06-03T19:18:24.876 IMG_PACKET 4349014973c353ff00002bc273c3783d33442400dde38f3c670eb37dcd68bb24cd897d14c4fae071b462683a41377c0acd49c37fd435287b7af875e9410284748c9e2c057604840139b37cfdca17cf4aefca9a0d6e29e9eebbacfce8be4228fc75923cfeb14f59adc6d9a2c6bf3bfefa30c700736455be9f8639f29c12ab89f0adbde53653bc9ce96e946c0c1ad80ad4af2781ec4b7fbedada2d34b89d6c762410da49176edf145a0762e9830c2a125fddc081e0a140d98c2d8c275fd65a729fbf44d5dc24bab7dd61293f03af7d0f6ef834cb0f36957789a74e3783d94fbfaeab65f07bc5f8c027c7a340e805b60bbca02d RSSI=-50 SNR=33
2026-06-03T19:18:24.918 > p2p rx 0
2026-06-03T19:18:24.919 < >
2026-06-03T19:18:26.522 < >> Ok
2026-06-03T19:18:26.571 < >> radio_rx 4349014973c353ff00002bc273c3783d33442500dda340b268cb05b9a174c6d05a18d442b509b5c1a57bcda4c73895cfd127316fd814fa14d2d05bba23d2cd9b1afb93af5a14fce03cafb211b300b2e26bce7dbd57ab57e767ac52a3b173d9c9a27baf10168ac6abbad8774171d46ea3f60c43e5f579b959d2d7e84b96c01473ffc0a5ef2541a90a38fb870e1076eaa78dad15ec3400b398f53927910f5e32d58e9e2e38e78ec837ba0792f0c070d4c9fa772bfcf7c6ec52ae1adea7b63f2cb2fead71de9915af03a49c3c599ad0d4dd8c71088d0e68f91cc1c18fbbf85a0f0468bff623a95ed0220f9a1618700ae01057c0 -54 26
2026-06-03T19:18:26.576 IMG_PACKET 4349014973c353ff00002bc273c3783d33442500dda340b268cb05b9a174c6d05a18d442b509b5c1a57bcda4c73895cfd127316fd814fa14d2d05bba23d2cd9b1afb93af5a14fce03cafb211b300b2e26bce7dbd57ab57e767ac52a3b173d9c9a27baf10168ac6abbad8774171d46ea3f60c43e5f579b959d2d7e84b96c01473ffc0a5ef2541a90a38fb870e1076eaa78dad15ec3400b398f53927910f5e32d58e9e2e38e78ec837ba0792f0c070d4c9fa772bfcf7c6ec52ae1adea7b63f2cb2fead71de9915af03a49c3c599ad0d4dd8c71088d0e68f91cc1c18fbbf85a0f0468bff623a95ed0220f9a1618700ae01057c0 RSSI=-54 SNR=26
2026-06-03T19:18:26.618 > p2p rx 0
2026-06-03T19:18:26.620 < >
2026-06-03T19:18:28.232 < >> Ok
2026-06-03T19:18:28.284 < >> radio_rx 4349014973c353ff00002bc273c3783d33442600dd4b9ebcc0f7cbb907d4b54081d47191da84c0c4938dc7e67d395242f729273d87d73e1936c2bac293b85f7f95472abe6314e42ba154be5b8fa3c3982a49640298f67ac3e43c58cadb0b87c426597aae23926ac092a22edb0e4c6626bed71546045c6a30cb191afefba5ba84df1c4fcf50598bbc10f8d4c801ca255044527f1c256fd6a7d8e0d78529a6c9848d52ca4d79d4dcff4591b22b125d6484f5b73a80828eebf3ca7beb3ac946d42aa9f6661c4b345788f3fda87e9baf27eaf94f8e4aad504dcf2007b44ca7b464e74e3d0bf5da2cf850ee6f65c4f09d22fa2708 -53 30
2026-06-03T19:18:28.288 IMG_PACKET 4349014973c353ff00002bc273c3783d33442600dd4b9ebcc0f7cbb907d4b54081d47191da84c0c4938dc7e67d395242f729273d87d73e1936c2bac293b85f7f95472abe6314e42ba154be5b8fa3c3982a49640298f67ac3e43c58cadb0b87c426597aae23926ac092a22edb0e4c6626bed71546045c6a30cb191afefba5ba84df1c4fcf50598bbc10f8d4c801ca255044527f1c256fd6a7d8e0d78529a6c9848d52ca4d79d4dcff4591b22b125d6484f5b73a80828eebf3ca7beb3ac946d42aa9f6661c4b345788f3fda87e9baf27eaf94f8e4aad504dcf2007b44ca7b464e74e3d0bf5da2cf850ee6f65c4f09d22fa2708 RSSI=-53 SNR=30
2026-06-03T19:18:28.329 > p2p rx 0
2026-06-03T19:18:28.330 < >
2026-06-03T19:18:29.934 < >> Ok
2026-06-03T19:18:29.985 < >> radio_rx 4349014973c353ff00002bc273c3783d33442700ddf1554958e51c04cc58e067a38b669889f35f4ddc7b5d32709e39cccd7369268ad4474b948149d62874eb5e24251c8fe6f631c78e2f05296302b380b326d028bd518821e816726b54b9303fa1441f25d5183f70a05bd8494de9f9f4261f4b866a3fbeba2fb58cc7a78268e155f3472a006d8711b06cb58db0a5413b350aadee32de0f7d00b004c7a89da73f85d5704665eef7406c89a9cba4165f2370afc31fd725cb0bc8eedfc1ffad3055638e1970e849fc2cf53dc6bdc96abfd5e9fcf4c4ee95c35811074018d82d84ab568885654275a928b83e9e29f6c98cfcbae1 -51 31
2026-06-03T19:18:29.990 IMG_PACKET 4349014973c353ff00002bc273c3783d33442700ddf1554958e51c04cc58e067a38b669889f35f4ddc7b5d32709e39cccd7369268ad4474b948149d62874eb5e24251c8fe6f631c78e2f05296302b380b326d028bd518821e816726b54b9303fa1441f25d5183f70a05bd8494de9f9f4261f4b866a3fbeba2fb58cc7a78268e155f3472a006d8711b06cb58db0a5413b350aadee32de0f7d00b004c7a89da73f85d5704665eef7406c89a9cba4165f2370afc31fd725cb0bc8eedfc1ffad3055638e1970e849fc2cf53dc6bdc96abfd5e9fcf4c4ee95c35811074018d82d84ab568885654275a928b83e9e29f6c98cfcbae1 RSSI=-51 SNR=31
2026-06-03T19:18:30.030 > p2p rx 0
2026-06-03T19:18:30.032 < >
2026-06-03T19:18:31.636 < >> Ok
2026-06-03T19:18:31.688 < >> radio_rx 4349014973c353ff00002bc273c3783d33442800dd763cf1ab52cd8af8c5f132368d8ba3b5454132c07b2b05af39576364ee5d77b5b08a437f65504353cbf1cece68849b7760e1fffd4fd529bfe5e6b134a39e0d3a6c6005a9d9b42b0fa1c569e970fbe61151c10ec2488276341892f05c82fcc7045c827fb3e28e5390d5e4ff9ecc75063d5a30068830c08db7ec35e85def4f6bf156f237b7d1f07c776336e964a65b2488ce5d002265fd847e1a725b90c555f547d6380ff8bc7723f9afd431b03fae36b6356dea7707ee9e70740effe6a4306b838d70baed721abc64cf78c80f9ffc3e4facbb57eb9b4cbd5215697deb77 -49 24
2026-06-03T19:18:31.693 IMG_PACKET 4349014973c353ff00002bc273c3783d33442800dd763cf1ab52cd8af8c5f132368d8ba3b5454132c07b2b05af39576364ee5d77b5b08a437f65504353cbf1cece68849b7760e1fffd4fd529bfe5e6b134a39e0d3a6c6005a9d9b42b0fa1c569e970fbe61151c10ec2488276341892f05c82fcc7045c827fb3e28e5390d5e4ff9ecc75063d5a30068830c08db7ec35e85def4f6bf156f237b7d1f07c776336e964a65b2488ce5d002265fd847e1a725b90c555f547d6380ff8bc7723f9afd431b03fae36b6356dea7707ee9e70740effe6a4306b838d70baed721abc64cf78c80f9ffc3e4facbb57eb9b4cbd5215697deb77 RSSI=-49 SNR=24
2026-06-03T19:18:31.732 > p2p rx 0
2026-06-03T19:18:31.733 < >
2026-06-03T19:18:33.337 < >> Ok
2026-06-03T19:18:33.389 < >> radio_rx 4349014973c353ff00002bc273c3783d33442900ddb9c0ebc4a41005c3fa45cf90bb44e9f04b8a627c615002a1043bf4777b20c64cf636d4aef21fc9e58a745be174f33c626eb45bacaada2256c4e8e45237294e058bb7c0a03743bd9bfe534dec8c132e45052608d0a79b982bbd7399fba7747d00d44213d0f9923f3c2422f9875dc6798c13491123bcf8bd122796031126a9aab48ef1d3f186f896147296f97f90560aa34db31f7cbbf73229fd85a5ebf8a75a66a687e80f5735dd8fe8654671b5e95381267af3586c3909100d2cb2c802d65c90ba67d6106199050ea9e7031c6284f18a4530872de4a1bb2e113e763677 -51 32
2026-06-03T19:18:33.394 IMG_PACKET 4349014973c353ff00002bc273c3783d33442900ddb9c0ebc4a41005c3fa45cf90bb44e9f04b8a627c615002a1043bf4777b20c64cf636d4aef21fc9e58a745be174f33c626eb45bacaada2256c4e8e45237294e058bb7c0a03743bd9bfe534dec8c132e45052608d0a79b982bbd7399fba7747d00d44213d0f9923f3c2422f9875dc6798c13491123bcf8bd122796031126a9aab48ef1d3f186f896147296f97f90560aa34db31f7cbbf73229fd85a5ebf8a75a66a687e80f5735dd8fe8654671b5e95381267af3586c3909100d2cb2c802d65c90ba67d6106199050ea9e7031c6284f18a4530872de4a1bb2e113e763677 RSSI=-51 SNR=32
2026-06-03T19:18:33.433 > p2p rx 0
2026-06-03T19:18:33.435 < >
2026-06-03T19:18:35.039 < >> Ok
2026-06-03T19:18:35.091 < >> radio_rx 4349014973c353ff00002bc273c3783d33442a00dd8afa1817770250023bc286320ff3db29778bd311e5f56d6d57c492c363d68e2a611381ddf5f579f32c2e7cacc9f3d46bb7493125ba805e0d936dcdf571b9b05943ea5f8d296bf0426f73d9d4ec4b3346125bff436008dc75f1c63e58b678f34dca4fd856da9d786d63a43f7a35efb9ad2ec80ca98cb97ac4d45b36e130112eefa5939309ba3a4ce50150a19091b8c1cba8c53db053a990950aada67eac5d9d0f69207cc3bee464dce62cdaef0e51ecd0d0208985c28de977a5b11ddb52eea6ab538e9e114f43e241d15aede56019669765c4cdeffe50fa2d5f714f8a38 -50 31
2026-06-03T19:18:35.096 IMG_PACKET 4349014973c353ff00002bc273c3783d33442a00dd8afa1817770250023bc286320ff3db29778bd311e5f56d6d57c492c363d68e2a611381ddf5f579f32c2e7cacc9f3d46bb7493125ba805e0d936dcdf571b9b05943ea5f8d296bf0426f73d9d4ec4b3346125bff436008dc75f1c63e58b678f34dca4fd856da9d786d63a43f7a35efb9ad2ec80ca98cb97ac4d45b36e130112eefa5939309ba3a4ce50150a19091b8c1cba8c53db053a990950aada67eac5d9d0f69207cc3bee464dce62cdaef0e51ecd0d0208985c28de977a5b11ddb52eea6ab538e9e114f43e241d15aede56019669765c4cdeffe50fa2d5f714f8a38 RSSI=-50 SNR=31
2026-06-03T19:18:35.134 > p2p rx 0
2026-06-03T19:18:35.136 < >
2026-06-03T19:18:36.740 < >> Ok
2026-06-03T19:18:36.791 < >> radio_rx 4349014973c353ff00002bc273c3783d33442b00ddf5d7f3915a5cd200c5b4681440a22a533bc1f0fbec54b4471b483fd3263da4c853067bf0c6d6a891884c79aa45a081e5ebf92cb230ac3d3067657f799fe3d631a411c13c65b3e7448f834a2fbbd224a7e44ebe100faa4dfc5189faa9133374e01e626c257c12bab6cae178dba93336e2c36a5d3d562c472178dfeee5210236a89a088b525df70f7528e38eae7c36a2097b5c6e088ea8491137f8a2e785e7986f19e5f4a7e83dc15a793bffc1207a58d80aa8210f09a4c0c2eb69b477472dc1d7a6474d61883d00bc0e86a672b26e30ad3bb02aec5d366b0ed49f3e6a11 -48 24
2026-06-03T19:18:36.796 IMG_PACKET 4349014973c353ff00002bc273c3783d33442b00ddf5d7f3915a5cd200c5b4681440a22a533bc1f0fbec54b4471b483fd3263da4c853067bf0c6d6a891884c79aa45a081e5ebf92cb230ac3d3067657f799fe3d631a411c13c65b3e7448f834a2fbbd224a7e44ebe100faa4dfc5189faa9133374e01e626c257c12bab6cae178dba93336e2c36a5d3d562c472178dfeee5210236a89a088b525df70f7528e38eae7c36a2097b5c6e088ea8491137f8a2e785e7986f19e5f4a7e83dc15a793bffc1207a58d80aa8210f09a4c0c2eb69b477472dc1d7a6474d61883d00bc0e86a672b26e30ad3bb02aec5d366b0ed49f3e6a11 RSSI=-48 SNR=24
2026-06-03T19:18:36.837 > p2p rx 0
2026-06-03T19:18:36.839 < >
2026-06-03T19:18:38.442 < >> Ok
2026-06-03T19:18:38.496 < >> radio_rx 4349014973c353ff00002bc273c3783d33442c00dd01b45b34b524bfb079a47051ce18dbc3bd624c1ff4dc50ad97306eabf3a4f4e12c8bd395618641d38136a7b0750301379b59777ff520cc67a2d057ed2efb89b58c25e9df4da13ea462bee9717d3d35263727c10662e0f6b517d5e7007964e175f02d5f1db68d546f2631e1ee82f42020a530306deaf332fc2b36ef0ba370ce00aca6262f50a2cc644f558c54c8176d9740fb1618b51e148e9d269493337dea5e4f9669f73232d4e10a4a1e7bfbc0a10a075555316b5a206a078516032c80ee61344b291bbe555ea1a5897784673c7a1cd87a0ae5a6f17825135624bee5 -50 32
2026-06-03T19:18:38.502 IMG_PACKET 4349014973c353ff00002bc273c3783d33442c00dd01b45b34b524bfb079a47051ce18dbc3bd624c1ff4dc50ad97306eabf3a4f4e12c8bd395618641d38136a7b0750301379b59777ff520cc67a2d057ed2efb89b58c25e9df4da13ea462bee9717d3d35263727c10662e0f6b517d5e7007964e175f02d5f1db68d546f2631e1ee82f42020a530306deaf332fc2b36ef0ba370ce00aca6262f50a2cc644f558c54c8176d9740fb1618b51e148e9d269493337dea5e4f9669f73232d4e10a4a1e7bfbc0a10a075555316b5a206a078516032c80ee61344b291bbe555ea1a5897784673c7a1cd87a0ae5a6f17825135624bee5 RSSI=-50 SNR=32
2026-06-03T19:18:38.539 > p2p rx 0
2026-06-03T19:18:38.540 < >
2026-06-03T19:18:40.143 < >> Ok
2026-06-03T19:18:40.196 < >> radio_rx 4349014973c353ff00002bc273c3783d33442d00ddfda649ac37b431e2d7d321f2bf32ad551f9df49cd5f07546f6e7c555cd6fbc0cdcf7a38770645b4ffd18423397260e3b17c7794fcc481cc52709b3ace72e7c9e55e23b0e47b29670a7f581508df0170ebee071e32ac58ab8fd872b2bf119016c33c17fa57dddb94bee89af2f43a717c9f77c98f2c4c6958e57ba1a78b6226366cd4691533ef9757705e0c43d2dfded8a47105ff05d669e0dd20face3469f4000c8d9a99393c4bc4b577403076dc93f315b9c306697583a07e0d5cf6f55f3aea2fb0732df373fefdd1d89e78d659b64453b5b00536fdd9a78eeb4b6dcd3 -48 35
2026-06-03T19:18:40.201 IMG_PACKET 4349014973c353ff00002bc273c3783d33442d00ddfda649ac37b431e2d7d321f2bf32ad551f9df49cd5f07546f6e7c555cd6fbc0cdcf7a38770645b4ffd18423397260e3b17c7794fcc481cc52709b3ace72e7c9e55e23b0e47b29670a7f581508df0170ebee071e32ac58ab8fd872b2bf119016c33c17fa57dddb94bee89af2f43a717c9f77c98f2c4c6958e57ba1a78b6226366cd4691533ef9757705e0c43d2dfded8a47105ff05d669e0dd20face3469f4000c8d9a99393c4bc4b577403076dc93f315b9c306697583a07e0d5cf6f55f3aea2fb0732df373fefdd1d89e78d659b64453b5b00536fdd9a78eeb4b6dcd3 RSSI=-48 SNR=35
2026-06-03T19:18:40.240 > p2p rx 0
2026-06-03T19:18:40.242 < >
2026-06-03T19:18:41.845 < >> Ok
2026-06-03T19:18:41.897 < >> radio_rx 4349014973c353ff00002bc273c3783d33442e00dd7362043dc4cb233ecd1d5055384be3613bf00c6fc03ffbf71e3c361deb5ff1169dbfb53f97cfdda0be16b8df382fbf38e16c3a9703c90b56627097a9f7cfc54284bdceb7486ab5fe712e6a9c9d0d830ae04e7e39b034a37d87192d6386c80d9155e3a9e2909cfe066f79e0a04d65cdbeba4ffa6f0daea59e76114508d02943f17108d65ee1bc89beb0ebab8c6212f656c57656f8e48f825b7df7f41e52689430e449f08d2cf217531b996f5d101e50feca245bbf156455988e1fb6eb0e67d090005c44f02d09d254a7b8bea07b6814f4bfdd58c928f5b6246e77ad3f5e -49 28
2026-06-03T19:18:41.902 IMG_PACKET 4349014973c353ff00002bc273c3783d33442e00dd7362043dc4cb233ecd1d5055384be3613bf00c6fc03ffbf71e3c361deb5ff1169dbfb53f97cfdda0be16b8df382fbf38e16c3a9703c90b56627097a9f7cfc54284bdceb7486ab5fe712e6a9c9d0d830ae04e7e39b034a37d87192d6386c80d9155e3a9e2909cfe066f79e0a04d65cdbeba4ffa6f0daea59e76114508d02943f17108d65ee1bc89beb0ebab8c6212f656c57656f8e48f825b7df7f41e52689430e449f08d2cf217531b996f5d101e50feca245bbf156455988e1fb6eb0e67d090005c44f02d09d254a7b8bea07b6814f4bfdd58c928f5b6246e77ad3f5e RSSI=-49 SNR=28
2026-06-03T19:18:41.942 > p2p rx 0
2026-06-03T19:18:41.943 < >
2026-06-03T19:18:43.546 < >> Ok
2026-06-03T19:18:43.599 < >> radio_rx 4349014973c353ff00002bc273c3783d33442f00dd15bb11ec0805d0e3c24cf87f3be2bbda6a68394f531265a72340154629088f0df6bbaf74950598fa4ac021a9242f4ece7c59eca518e6a18d12844c3577f942af1bbf5f3e661216d1080a4b98755db183474687a837065c5237601045fb463802ac53f97b783c77e58be3a577c7677be65bbd2d7e223fb09d958a3c783c6629beb82842191457e0c83fa579f03ae8414f8fc9ac79c479035b311b4f774d23d99c1c2a275737e989f00e13467ecfb51cd789f73b1c3f8ea9afeedcb2131c2b2f5b53ca3d9c6380d49c41e065f6d67aa0dcbedd9d3f93b76ba803c67dd821 -49 24
2026-06-03T19:18:43.604 IMG_PACKET 4349014973c353ff00002bc273c3783d33442f00dd15bb11ec0805d0e3c24cf87f3be2bbda6a68394f531265a72340154629088f0df6bbaf74950598fa4ac021a9242f4ece7c59eca518e6a18d12844c3577f942af1bbf5f3e661216d1080a4b98755db183474687a837065c5237601045fb463802ac53f97b783c77e58be3a577c7677be65bbd2d7e223fb09d958a3c783c6629beb82842191457e0c83fa579f03ae8414f8fc9ac79c479035b311b4f774d23d99c1c2a275737e989f00e13467ecfb51cd789f73b1c3f8ea9afeedcb2131c2b2f5b53ca3d9c6380d49c41e065f6d67aa0dcbedd9d3f93b76ba803c67dd821 RSSI=-49 SNR=24
2026-06-03T19:18:43.643 > p2p rx 0
2026-06-03T19:18:43.644 < >
2026-06-03T19:18:45.248 < >> Ok
2026-06-03T19:18:45.299 < >> radio_rx 4349014973c353ff00002bc273c3783d33443000dda86132521bc42d92ca5332555b876c25b71ff254c628a2072aad1cbd9d63539f0eb4df80fd99ef46dce67966db1d3d532493a6bf6b5e90b4239fc878e9c29deb4bf213ffe3c3236fedb62b81c282d545d9e8509f32eb8d398f64fa0d5ce5e14b17ad7357035d33cba1e96a2e925246581c176fd6953b2dfc1c086c2ffb14db63edb833bda31f25a90017603e91b475449c9234208ebde4fa2b290e57bcedd43741fddfef40979b432d5d1dff106b67ba2221276ac96e07d9a7dd118ed6a3d589f59c36f52910703090fe82d4ad68578b2c93840274a39ee672e61639bb -49 25
2026-06-03T19:18:45.306 IMG_PACKET 4349014973c353ff00002bc273c3783d33443000dda86132521bc42d92ca5332555b876c25b71ff254c628a2072aad1cbd9d63539f0eb4df80fd99ef46dce67966db1d3d532493a6bf6b5e90b4239fc878e9c29deb4bf213ffe3c3236fedb62b81c282d545d9e8509f32eb8d398f64fa0d5ce5e14b17ad7357035d33cba1e96a2e925246581c176fd6953b2dfc1c086c2ffb14db63edb833bda31f25a90017603e91b475449c9234208ebde4fa2b290e57bcedd43741fddfef40979b432d5d1dff106b67ba2221276ac96e07d9a7dd118ed6a3d589f59c36f52910703090fe82d4ad68578b2c93840274a39ee672e61639bb RSSI=-49 SNR=25
2026-06-03T19:18:45.344 > p2p rx 0
2026-06-03T19:18:45.349 < >
2026-06-03T19:18:46.949 < >> Ok
2026-06-03T19:18:47.003 < >> radio_rx 4349014973c353ff00002bc273c3783d33443100ddc332f460164c28f3f6607bf5ba8144b1104b3b5533b60a6d178e1999e49078dfb2d9e17100b6489fe2e1750abbe350c2fd86643940461b2143ff17b67e18f7688cdabaa97d4d3dd564adf4bd350033b4a7cb7b65f0a58c7023956d6af2ef20e40c0b3d535e5bde1356df45d0fed8547efb33c3fa71922a9c3f236afbc03bba279be36112640c7cf2ce9e5ae5ec47596cf8e5b33c09dbdd4a3e738a19b6051d415bebceb2b4c2ae74cff008e4ad08fe2ca94888c7898d1c51318f0cbe665b5f2e4f2216f098cee89f360dbfc807d04426ddffb88db5376853ef148f459c -49 24
2026-06-03T19:18:47.008 IMG_PACKET 4349014973c353ff00002bc273c3783d33443100ddc332f460164c28f3f6607bf5ba8144b1104b3b5533b60a6d178e1999e49078dfb2d9e17100b6489fe2e1750abbe350c2fd86643940461b2143ff17b67e18f7688cdabaa97d4d3dd564adf4bd350033b4a7cb7b65f0a58c7023956d6af2ef20e40c0b3d535e5bde1356df45d0fed8547efb33c3fa71922a9c3f236afbc03bba279be36112640c7cf2ce9e5ae5ec47596cf8e5b33c09dbdd4a3e738a19b6051d415bebceb2b4c2ae74cff008e4ad08fe2ca94888c7898d1c51318f0cbe665b5f2e4f2216f098cee89f360dbfc807d04426ddffb88db5376853ef148f459c RSSI=-49 SNR=24
2026-06-03T19:18:47.046 > p2p rx 0
2026-06-03T19:18:47.047 < >
2026-06-03T19:18:48.651 < >> Ok
2026-06-03T19:18:48.704 < >> radio_rx 4349014973c353ff00002bc273c3783d33443200dde418543ad53f83cf44d9fe5c7e84a9f9e36f8fdf60855d0ea65caf17705214c92548695ad21b41535d1761078fa18653f59defc8373b2394e9af7274255ba3b308a041e2bc3672bd10050aac2dcf7ea224fa33ae7843f31ab44f2846c9632492b6cb6654ac6b82137f66b74f16dee8e1bfef0e9f04e9ca585e13175e6ade3437724ddadfc97b3da1bc0d7da54c8276083432beba353ed29f36487116ba84b21e57a13fffb06467b6bac6fc9724f8c9696dd503eb4b0b374590aebaa2d379dbc3fc3f6803b3603db3e559e3773442368a7d828bce0f0602282e8c8c563f -48 28
2026-06-03T19:18:49.396 IMG_PACKET 4349014973c353ff00002bc273c3783d33443200dde418543ad53f83cf44d9fe5c7e84a9f9e36f8fdf60855d0ea65caf17705214c92548695ad21b41535d1761078fa18653f59defc8373b2394e9af7274255ba3b308a041e2bc3672bd10050aac2dcf7ea224fa33ae7843f31ab44f2846c9632492b6cb6654ac6b82137f66b74f16dee8e1bfef0e9f04e9ca585e13175e6ade3437724ddadfc97b3da1bc0d7da54c8276083432beba353ed29f36487116ba84b21e57a13fffb06467b6bac6fc9724f8c9696dd503eb4b0b374590aebaa2d379dbc3fc3f6803b3603db3e559e3773442368a7d828bce0f0602282e8c8c563f RSSI=-48 SNR=28
2026-06-03T19:18:49.396 > p2p rx 0
2026-06-03T19:18:49.397 < >
2026-06-03T19:18:50.352 < >> Ok
2026-06-03T19:18:50.401 < >> radio_rx 4349014973c353ff00002bc273c3783d33443300dd2aa5e2b968dbea960143ba1887469cd0c418d4448f4dee26b6b5aafad03e22419934223ead0472891cf6ae6bf8bd52b0e2f34afee501cd197327529d4ae2d03c98f39efd641808e2b0d100a2d12dce4e675e09aeab9d8187dd613b2a05ae1b59064587003db0361d32faff58b99e77bc0dcd099059c58a8ad709589c8e7d18a1becd67cdc4122eab7e190389b1d4be3f3f49c97d1fea796a6b7953814a8fc57b8551dc2844378c7cd3b466b81643eb3b153b5b621f4f44f0d8262d9cb27d19f1791f45812385ab77cd774a6ce66c18a12a3d811125d74c23410564084c -49 31
2026-06-03T19:18:50.406 IMG_PACKET 4349014973c353ff00002bc273c3783d33443300dd2aa5e2b968dbea960143ba1887469cd0c418d4448f4dee26b6b5aafad03e22419934223ead0472891cf6ae6bf8bd52b0e2f34afee501cd197327529d4ae2d03c98f39efd641808e2b0d100a2d12dce4e675e09aeab9d8187dd613b2a05ae1b59064587003db0361d32faff58b99e77bc0dcd099059c58a8ad709589c8e7d18a1becd67cdc4122eab7e190389b1d4be3f3f49c97d1fea796a6b7953814a8fc57b8551dc2844378c7cd3b466b81643eb3b153b5b621f4f44f0d8262d9cb27d19f1791f45812385ab77cd774a6ce66c18a12a3d811125d74c23410564084c RSSI=-49 SNR=31
2026-06-03T19:18:50.448 > p2p rx 0
2026-06-03T19:18:50.449 < >
2026-06-03T19:18:52.054 < >> Ok
2026-06-03T19:18:52.105 < >> radio_rx 4349014973c353ff00002bc273c3783d33443400dd7a77eb50497be6fd235c2c6d34cc576fad91ad83160a229117719eedc58991171e4725451deeecd76254802b28bc6c1efd060fd7c7a37c85575dc9b4f22e4a13d1ea5f3fe1c5cbf3e787f7995f376c877856b53da39158bf66bbd6cdc42f3f758c306e5ee8828421ee088e00be20920d69c295a65a6d6f8bba35a28438278f7ce04729cdfe28eec6c912707755c647e036c408f7611b47f1dc787e08a18fb418cf543f39117cedb040c0156c19b00b32f5007112b62c9a211f5d602643fc7a569b6acf76e94abed1920e541dd4045f853c0f0fa9392789882c22d28691 -48 23
2026-06-03T19:18:52.110 IMG_PACKET 4349014973c353ff00002bc273c3783d33443400dd7a77eb50497be6fd235c2c6d34cc576fad91ad83160a229117719eedc58991171e4725451deeecd76254802b28bc6c1efd060fd7c7a37c85575dc9b4f22e4a13d1ea5f3fe1c5cbf3e787f7995f376c877856b53da39158bf66bbd6cdc42f3f758c306e5ee8828421ee088e00be20920d69c295a65a6d6f8bba35a28438278f7ce04729cdfe28eec6c912707755c647e036c408f7611b47f1dc787e08a18fb418cf543f39117cedb040c0156c19b00b32f5007112b62c9a211f5d602643fc7a569b6acf76e94abed1920e541dd4045f853c0f0fa9392789882c22d28691 RSSI=-48 SNR=23
2026-06-03T19:18:52.151 > p2p rx 0
2026-06-03T19:18:52.152 < >
2026-06-03T19:18:53.754 < >> Ok
2026-06-03T19:18:53.803 < >> radio_rx 4349014973c353ff00002bc273c3783d33443500dd986ede79ff442cf9df022441607c1515f8ea70c5f79a52c84ee6bf59f0300add855f535c089635fe7923eceb6b70c81a0bcd5abc7949c2a9a52d25a70b1ace2eb55698c66a5064db07069e9c4aef8b404df571f772b3c64a0ff54ab3752711ebf5841b06c62751038951d47ab4f509e55aedceeb79862de6a3236df493ea122fc57000766edb2b85ffa74ffc48d78d5c2b0dc283eec71d89a21abbb031fd66af58d02031a30dc6d73f561546a46c6e066906d56a1f464da32f71d12b28be693740ecf28e4d682b613755c7938eeda15bde0bea715bc41a5fc66e7826a0 -50 32
2026-06-03T19:18:53.808 IMG_PACKET 4349014973c353ff00002bc273c3783d33443500dd986ede79ff442cf9df022441607c1515f8ea70c5f79a52c84ee6bf59f0300add855f535c089635fe7923eceb6b70c81a0bcd5abc7949c2a9a52d25a70b1ace2eb55698c66a5064db07069e9c4aef8b404df571f772b3c64a0ff54ab3752711ebf5841b06c62751038951d47ab4f509e55aedceeb79862de6a3236df493ea122fc57000766edb2b85ffa74ffc48d78d5c2b0dc283eec71d89a21abbb031fd66af58d02031a30dc6d73f561546a46c6e066906d56a1f464da32f71d12b28be693740ecf28e4d682b613755c7938eeda15bde0bea715bc41a5fc66e7826a0 RSSI=-50 SNR=32
2026-06-03T19:18:53.851 > p2p rx 0
2026-06-03T19:18:53.852 < >
2026-06-03T19:18:55.457 < >> Ok
2026-06-03T19:18:55.509 < >> radio_rx 4349014973c353ff00002bc273c3783d33443600ddfc32ecf01d814a610d59142c06acf7f496bf6363ed44849f8a5b54325a4b3604f1d8cf568bf812ea022c220b5b56c1a95bb516165c661bc52ff071740eee338f7c8d58b7e5f05a33bab896320914b6a81a6a4cd0e51b13ba6b324a7d173a2e9d67cdcb78035d9319a6df7feb8c80e18641d6db4b642096ef166e37290dce89a77415e6bc46b04a7c7b000f1a022b94107b72328d68a5cb966d57caa49861847695f6f00d096abf1c9219f474f68597a597ca6c466682393f5d154276bc98c473eb68714785534f22a38d92502125b8ece8c12f1f9459185b4de698106f -54 32
2026-06-03T19:18:55.514 IMG_PACKET 4349014973c353ff00002bc273c3783d33443600ddfc32ecf01d814a610d59142c06acf7f496bf6363ed44849f8a5b54325a4b3604f1d8cf568bf812ea022c220b5b56c1a95bb516165c661bc52ff071740eee338f7c8d58b7e5f05a33bab896320914b6a81a6a4cd0e51b13ba6b324a7d173a2e9d67cdcb78035d9319a6df7feb8c80e18641d6db4b642096ef166e37290dce89a77415e6bc46b04a7c7b000f1a022b94107b72328d68a5cb966d57caa49861847695f6f00d096abf1c9219f474f68597a597ca6c466682393f5d154276bc98c473eb68714785534f22a38d92502125b8ece8c12f1f9459185b4de698106f RSSI=-54 SNR=32
2026-06-03T19:18:55.554 > p2p rx 0
2026-06-03T19:18:55.555 < >
2026-06-03T19:18:57.158 < >> Ok
2026-06-03T19:18:57.213 < >> radio_rx 4349014973c353ff00002bc273c3783d33443700ddc57ab252b2a75671c0fa3a3285036d8c2369b82e78403e44abb738c7f69aac3a46472f9c24cb24c6b8df4c6fdb0ef1d60aef982ab21342d76b422b0cadfce7e4a11e3b479f94e5304a513df51cf61801e7b4cf850933beb26bc7f5fdb0b85196267588d9ab9385b73928d79b08585f3edd1bcc6d309c30a6aace913e69ae4c2c11f017a8d17c12c816d281f9b92662f8150c7077b34aab23b3583e634d674d0ba3013174ccc6a2ddd2d071817a3bf5b609a01c116082c9943ba89466b66332581bee15b845f03858186672d096f9c72001953acf2a4252e18e07132e2d -53 34
2026-06-03T19:18:57.217 IMG_PACKET 4349014973c353ff00002bc273c3783d33443700ddc57ab252b2a75671c0fa3a3285036d8c2369b82e78403e44abb738c7f69aac3a46472f9c24cb24c6b8df4c6fdb0ef1d60aef982ab21342d76b422b0cadfce7e4a11e3b479f94e5304a513df51cf61801e7b4cf850933beb26bc7f5fdb0b85196267588d9ab9385b73928d79b08585f3edd1bcc6d309c30a6aace913e69ae4c2c11f017a8d17c12c816d281f9b92662f8150c7077b34aab23b3583e634d674d0ba3013174ccc6a2ddd2d071817a3bf5b609a01c116082c9943ba89466b66332581bee15b845f03858186672d096f9c72001953acf2a4252e18e07132e2d RSSI=-53 SNR=34
2026-06-03T19:18:57.255 > p2p rx 0
2026-06-03T19:18:57.256 < >
2026-06-03T19:18:58.860 < >> Ok
2026-06-03T19:18:58.913 < >> radio_rx 4349014973c353ff00002bc273c3783d33443800dd1c66dde4618984063630db8745d6fffc19483c7b44e4d842268059b61f7bac08225baecfe7f34f5b34dc03ee1c1703a7c342b765d73bea97122d9565fb90ddcc578b0235475079d25ee67b6c3783e406fdfb05f206731b0b66b51918517e9f1e73ba8944c3eca000f6182395a1948251aef1699bf2ae72416239081ebf711ab6b2037eee3a345463df2f6c62fa9b0d5b922178c9b8e87f815ef4d1f0a0b931e9283dd79824c00db3b0c15c032327e16d5a5c302c51d852aaa4cf270b30e4ea92d4e8acb8e7e925fcca5b903e7799b1a24b1296ae28f1f837bb10d576d2 -53 30
2026-06-03T19:18:58.919 IMG_PACKET 4349014973c353ff00002bc273c3783d33443800dd1c66dde4618984063630db8745d6fffc19483c7b44e4d842268059b61f7bac08225baecfe7f34f5b34dc03ee1c1703a7c342b765d73bea97122d9565fb90ddcc578b0235475079d25ee67b6c3783e406fdfb05f206731b0b66b51918517e9f1e73ba8944c3eca000f6182395a1948251aef1699bf2ae72416239081ebf711ab6b2037eee3a345463df2f6c62fa9b0d5b922178c9b8e87f815ef4d1f0a0b931e9283dd79824c00db3b0c15c032327e16d5a5c302c51d852aaa4cf270b30e4ea92d4e8acb8e7e925fcca5b903e7799b1a24b1296ae28f1f837bb10d576d2 RSSI=-53 SNR=30
2026-06-03T19:18:58.956 > p2p rx 0
2026-06-03T19:18:58.958 < >
2026-06-03T19:19:00.561 < >> Ok
2026-06-03T19:19:00.615 < >> radio_rx 4349014973c353ff00002bc273c3783d33443900dd8daa27db56b0e82295f171ba412a3e927768b33adca95d5caa9fcde6ffe417bccee14709b54536f61c259d5008c57b6a1ad839e472462b8b18e4dfc0fd3a20b48825e8ebc13d4b370db088ef341153fa037c7c4ed41772299729e4de8797a0252fe04091972a4d44392fd9c3f4cfe33146df985a2cfab04c83cc36cc108aed5a257cc4ace78c1f2a6cf8dcd03a2bd97e24871d85413a913952ad8e134e728d0b6c9c6bde59c76eee24cf423b6fff748855b9c2deec7e6ebf2cb78674bdafc0df823e1050c50f922e56066792ec9534f8f0bc2326a87df42567d56cdd51 -51 33
2026-06-03T19:19:00.620 IMG_PACKET 4349014973c353ff00002bc273c3783d33443900dd8daa27db56b0e82295f171ba412a3e927768b33adca95d5caa9fcde6ffe417bccee14709b54536f61c259d5008c57b6a1ad839e472462b8b18e4dfc0fd3a20b48825e8ebc13d4b370db088ef341153fa037c7c4ed41772299729e4de8797a0252fe04091972a4d44392fd9c3f4cfe33146df985a2cfab04c83cc36cc108aed5a257cc4ace78c1f2a6cf8dcd03a2bd97e24871d85413a913952ad8e134e728d0b6c9c6bde59c76eee24cf423b6fff748855b9c2deec7e6ebf2cb78674bdafc0df823e1050c50f922e56066792ec9534f8f0bc2326a87df42567d56cdd51 RSSI=-51 SNR=33
2026-06-03T19:19:00.659 > p2p rx 0
2026-06-03T19:19:00.660 < >
2026-06-03T19:19:02.263 < >> Ok
2026-06-03T19:19:02.319 < >> radio_rx 4349014973c353ff00002bc273c3783d33443a00dd98013520355582be1e8a7c4d044cf285ef418ac88d6dcf0967fde83481a61281c76410eccb4b789dc924842b91452fde718262992a0e6e3c37d87a9b70164406e816a865bebc08723842db24b7deb4fc0b694cb2383697028e06863d8be4e1d27faa099e57b83939b302c4d314af232a2d0e3353ff96ffc0d134bce28c99fc7cc6bdffb4ba5ae96bf055ff69f09cceffd1bb353db02fc22b90bf22e1ea1461aa9f84e9b355bd94d2cb4020d295de647264d2c4f1b746955791108eaf7d6e3f072812e0cbd7d4fa7ef1d917d61dedca92e547efa070521f6e77cfc76602 -49 28
2026-06-03T19:19:02.324 IMG_PACKET 4349014973c353ff00002bc273c3783d33443a00dd98013520355582be1e8a7c4d044cf285ef418ac88d6dcf0967fde83481a61281c76410eccb4b789dc924842b91452fde718262992a0e6e3c37d87a9b70164406e816a865bebc08723842db24b7deb4fc0b694cb2383697028e06863d8be4e1d27faa099e57b83939b302c4d314af232a2d0e3353ff96ffc0d134bce28c99fc7cc6bdffb4ba5ae96bf055ff69f09cceffd1bb353db02fc22b90bf22e1ea1461aa9f84e9b355bd94d2cb4020d295de647264d2c4f1b746955791108eaf7d6e3f072812e0cbd7d4fa7ef1d917d61dedca92e547efa070521f6e77cfc76602 RSSI=-49 SNR=28
2026-06-03T19:19:02.361 > p2p rx 0
2026-06-03T19:19:02.362 < >
2026-06-03T19:19:03.965 < >> Ok
2026-06-03T19:19:04.015 < >> radio_rx 4349014973c353ff00002bc273c3783d33443b00ddef9d7579e96b19947b70de45ef2bbe3105b2613b4ad30b9d0455224bc18a716d655f8aa9d0d16f281c904c5d5801c5d6ac924fb1f0485a4d965d5aed3da76a38ad03b60aff2cd700e9c921a199da0179b4e33ee9f767c27ebb0253bf6efa85d6e899397b787c61214cf0620db8e25e23002dcc8dc8f3259ea13f5b899773e12a1b2bf19615669073fca5b1487f7ae875d508b353355cb309834a9310599c409d909e5d6d2f93ab02d4ae47bff8c68e38056a56bbf54db3b35f60cb9de9f153299bcd5d1f5c58a1c9767d93c6463d02108af571e265e7ffd9134e5958c9 -48 25
2026-06-03T19:19:04.023 IMG_PACKET 4349014973c353ff00002bc273c3783d33443b00ddef9d7579e96b19947b70de45ef2bbe3105b2613b4ad30b9d0455224bc18a716d655f8aa9d0d16f281c904c5d5801c5d6ac924fb1f0485a4d965d5aed3da76a38ad03b60aff2cd700e9c921a199da0179b4e33ee9f767c27ebb0253bf6efa85d6e899397b787c61214cf0620db8e25e23002dcc8dc8f3259ea13f5b899773e12a1b2bf19615669073fca5b1487f7ae875d508b353355cb309834a9310599c409d909e5d6d2f93ab02d4ae47bff8c68e38056a56bbf54db3b35f60cb9de9f153299bcd5d1f5c58a1c9767d93c6463d02108af571e265e7ffd9134e5958c9 RSSI=-48 SNR=25
2026-06-03T19:19:04.061 > p2p rx 0
2026-06-03T19:19:04.063 < >
2026-06-03T19:19:05.666 < >> Ok
2026-06-03T19:19:05.718 < >> radio_rx 4349014973c353ff00002bc273c3783d33443c00dd601fdb86fb1e7c042ab57b2f5891624f8af4fa4170ea14426858a16443e4f460c205e37fe175a79f58fdb844e6ae2ec8a37edf42657f0872e7315296b1fc1f8d39ae041e9384572f340ed8acd0a329f5daa79c1ebb10c1f075d97e9c333328668f5ec64953caa300050ef4738ee6e2c9374c80691e6ebf6ca66dbe89b34d0b1cac9987f369eaec5f762af5b1ca85d62eb4182f222298f57e5365958b384705d58628c505e7a667e44f3dabb0baea5ec81dc1889f373369b6049910680ccd5492d1608d21439d58ea194c1d3bf28c4c233a3ac271608bd0112761e5903e -49 25
2026-06-03T19:19:05.723 IMG_PACKET 4349014973c353ff00002bc273c3783d33443c00dd601fdb86fb1e7c042ab57b2f5891624f8af4fa4170ea14426858a16443e4f460c205e37fe175a79f58fdb844e6ae2ec8a37edf42657f0872e7315296b1fc1f8d39ae041e9384572f340ed8acd0a329f5daa79c1ebb10c1f075d97e9c333328668f5ec64953caa300050ef4738ee6e2c9374c80691e6ebf6ca66dbe89b34d0b1cac9987f369eaec5f762af5b1ca85d62eb4182f222298f57e5365958b384705d58628c505e7a667e44f3dabb0baea5ec81dc1889f373369b6049910680ccd5492d1608d21439d58ea194c1d3bf28c4c233a3ac271608bd0112761e5903e RSSI=-49 SNR=25
2026-06-03T19:19:05.763 > p2p rx 0
2026-06-03T19:19:05.764 < >
2026-06-03T19:19:07.372 < >> Ok
2026-06-03T19:19:07.422 < >> radio_rx 4349014973c353ff00002bc273c3783d33443d00dd1738c66f4124402382b3d826755533c16c45556a777ed7ec84575e4e7d14c04b8332f10af956194a84f78cf19a54e0605de30c1686a87a53d37fa7ec0ab57afb5c9bddaf0078942059a66b173aa495e1f24e80f5b55b6fd41ee7e0a9ac82ee93bf410045be76de4ead8191d261c545b7d08927a3d2a0c3e365b61a798861d4cb8fa1225d7ede1d615b224033a58cde53ebc1ce9af0631b88212190e4072b5f68aa438618dbfecf6a0d8d51cef36f43b6fdf3ca0c78e401b4bce8bbf88a487d3fd328b271ba1fc8bd2d45b8d791869fe5333d45de4fa84041ec3d4cf14c -49 24
2026-06-03T19:19:07.427 IMG_PACKET 4349014973c353ff00002bc273c3783d33443d00dd1738c66f4124402382b3d826755533c16c45556a777ed7ec84575e4e7d14c04b8332f10af956194a84f78cf19a54e0605de30c1686a87a53d37fa7ec0ab57afb5c9bddaf0078942059a66b173aa495e1f24e80f5b55b6fd41ee7e0a9ac82ee93bf410045be76de4ead8191d261c545b7d08927a3d2a0c3e365b61a798861d4cb8fa1225d7ede1d615b224033a58cde53ebc1ce9af0631b88212190e4072b5f68aa438618dbfecf6a0d8d51cef36f43b6fdf3ca0c78e401b4bce8bbf88a487d3fd328b271ba1fc8bd2d45b8d791869fe5333d45de4fa84041ec3d4cf14c RSSI=-49 SNR=24
2026-06-03T19:19:07.469 > p2p rx 0
2026-06-03T19:19:07.470 < >
2026-06-03T19:19:09.073 < >> Ok
2026-06-03T19:19:09.126 < >> radio_rx 4349014973c353ff00002bc273c3783d33443e00ddc43baa26f22dbd9dc2f865fce7661695ac5d72761ba085de5704edb445fe367737e2cf1c59b061b92d9eb7034c190562745b39c0a53188966e3abc918c49b879360a2dda96c9e2b9168d76d7b1d39ea01e067de0f54accd62a4a22d970d74d31b8331affae0f6391959678d9f0a71480c677b4d5da837bffc8f1c3355162564cbddc12d1cd86320e8ceccee32cbd505f493e2250c6a85f3ad4f51ff3906df4f8f04538c6530dc3a7885e0d20b349112e714cad333160d997ed703efcd71979c05cd520e79153754325c0fd7b329b74b96205f9f0bde332e6600f5b24f2 -51 33
2026-06-03T19:19:09.131 IMG_PACKET 4349014973c353ff00002bc273c3783d33443e00ddc43baa26f22dbd9dc2f865fce7661695ac5d72761ba085de5704edb445fe367737e2cf1c59b061b92d9eb7034c190562745b39c0a53188966e3abc918c49b879360a2dda96c9e2b9168d76d7b1d39ea01e067de0f54accd62a4a22d970d74d31b8331affae0f6391959678d9f0a71480c677b4d5da837bffc8f1c3355162564cbddc12d1cd86320e8ceccee32cbd505f493e2250c6a85f3ad4f51ff3906df4f8f04538c6530dc3a7885e0d20b349112e714cad333160d997ed703efcd71979c05cd520e79153754325c0fd7b329b74b96205f9f0bde332e6600f5b24f2 RSSI=-51 SNR=33
2026-06-03T19:19:09.171 > p2p rx 0
2026-06-03T19:19:09.172 < >
2026-06-03T19:19:10.775 < >> Ok
2026-06-03T19:19:10.827 < >> radio_rx 4349014973c353ff00002bc273c3783d33443f00ddd67509ba02c57c770f9d4688c5b4f6a7f55eebebf458031eccb5a36d8ae42dae85da7d8d506c2356e53dc1bdebaeaec83f8a4d54b2870a2c4fbed9444562074257263cf505a574e4e3acbea7185840b57791bdf12adff7d3a1321be38be967a58a73195dade09ffc2ffea99c73df919a2aabc22c745aa1a4c5dacf0bdde03ec8be18e43d0a3c27e92969585253223722e82ba7445a582331abbcff407557c26c8096b15995584bd19d2cb08e6dac9269b93abcf70e622dd318dc9a88e1618fe0553a9436e3167c511b416a1308e4b14d715e763c53ce0d909a522c2daf -54 31
2026-06-03T19:19:10.832 IMG_PACKET 4349014973c353ff00002bc273c3783d33443f00ddd67509ba02c57c770f9d4688c5b4f6a7f55eebebf458031eccb5a36d8ae42dae85da7d8d506c2356e53dc1bdebaeaec83f8a4d54b2870a2c4fbed9444562074257263cf505a574e4e3acbea7185840b57791bdf12adff7d3a1321be38be967a58a73195dade09ffc2ffea99c73df919a2aabc22c745aa1a4c5dacf0bdde03ec8be18e43d0a3c27e92969585253223722e82ba7445a582331abbcff407557c26c8096b15995584bd19d2cb08e6dac9269b93abcf70e622dd318dc9a88e1618fe0553a9436e3167c511b416a1308e4b14d715e763c53ce0d909a522c2daf RSSI=-54 SNR=31
2026-06-03T19:19:10.872 > p2p rx 0
2026-06-03T19:19:10.873 < >
2026-06-03T19:19:12.477 < >> Ok
2026-06-03T19:19:12.531 < >> radio_rx 4349014973c353ff00002bc273c3783d33444000dd732f7da28071a368efe0c3948bd47183b148a1c6457035550312c7a7bf59bad876921dc7e76d0d858a337e111129664287e8e3d5e1df1f7cfabc6fee95956559732533aaf6885a4c7ec3862db4f8ecdeb45b52cd554e7ac0bb27f0f851c3d286fa4958f8b03a29c0e56f4d62896016dc8c3b0c52c5dde2799e90a2896ede27afc195736097048740c84885721acf6fcdfac3be4533364ad483f2c5792fd4e94fda381fc1b745cdadc42e7853801a15f1c7b2157086d9adabffc83c69b6e897d117a63aab569f61624ca2799355d0fcb9c4314943e6862be77238567bc7 -53 31
2026-06-03T19:19:12.536 IMG_PACKET 4349014973c353ff00002bc273c3783d33444000dd732f7da28071a368efe0c3948bd47183b148a1c6457035550312c7a7bf59bad876921dc7e76d0d858a337e111129664287e8e3d5e1df1f7cfabc6fee95956559732533aaf6885a4c7ec3862db4f8ecdeb45b52cd554e7ac0bb27f0f851c3d286fa4958f8b03a29c0e56f4d62896016dc8c3b0c52c5dde2799e90a2896ede27afc195736097048740c84885721acf6fcdfac3be4533364ad483f2c5792fd4e94fda381fc1b745cdadc42e7853801a15f1c7b2157086d9adabffc83c69b6e897d117a63aab569f61624ca2799355d0fcb9c4314943e6862be77238567bc7 RSSI=-53 SNR=31
2026-06-03T19:19:12.575 > p2p rx 0
2026-06-03T19:19:12.577 < >
2026-06-03T19:19:14.178 < >> Ok
2026-06-03T19:19:14.230 < >> radio_rx 4349014973c353ff00002bc273c3783d33444100dd06c5627c1c418eb8cd4acdf4130fd80eda86de887d8e3e29cdf13886010f1858a67843e81700b962f38459cf95e8f16b1efde91b8562bf6eff554f56d39d696b8da0f63f20c8e15329ed68f3334fa1e30691ef7f18b8a51ed3d9f267038341a5eae8ad3f75bf1d70c36c80465efe273f2e370388d12d9c58b5de3f4e98bb9a25fca23d5c6fc4489f0bbdf7760167426014b31320e95a3b996b4cbfd9d27b948171e4edf21ea85fcc7da4c16467f641fcbaa3cd4e22035b4ad0f30ee9eef557bf67848a4b926e8c339d4d8cf0a30396aa9fe5ab3a96018eda192dfac300 -54 23
2026-06-03T19:19:14.235 IMG_PACKET 4349014973c353ff00002bc273c3783d33444100dd06c5627c1c418eb8cd4acdf4130fd80eda86de887d8e3e29cdf13886010f1858a67843e81700b962f38459cf95e8f16b1efde91b8562bf6eff554f56d39d696b8da0f63f20c8e15329ed68f3334fa1e30691ef7f18b8a51ed3d9f267038341a5eae8ad3f75bf1d70c36c80465efe273f2e370388d12d9c58b5de3f4e98bb9a25fca23d5c6fc4489f0bbdf7760167426014b31320e95a3b996b4cbfd9d27b948171e4edf21ea85fcc7da4c16467f641fcbaa3cd4e22035b4ad0f30ee9eef557bf67848a4b926e8c339d4d8cf0a30396aa9fe5ab3a96018eda192dfac300 RSSI=-54 SNR=23
2026-06-03T19:19:14.275 > p2p rx 0
2026-06-03T19:19:14.276 < >
2026-06-03T19:19:15.880 < >> Ok
2026-06-03T19:19:15.932 < >> radio_rx 4349014973c353ff00002bc273c3783d33444200ddc1450a489280266fca49e644ec1cff71e7b2bd41f3e32f592e57dae3c85d5b71609d0b803861a85c09ce3e9c1acf1661af299073b04299dbce969c2e679e23cdaea1beb792cc824ea626b871f5bfda60a133c6ad94d4990db2a59ef1d3fd94c7308736e32f6efc56c8d0172dcca95fa61f0c8fae40a07b742f721e7343e725a0782e402d7d1a1adf6964bc673e279cb846b012d2068f86b0dd5ac69106983ddb38ee4a0731e023145aa43060615931265761fbe42c97b736ecb98c3721172da54edd1b13258410df1f90edd2fb4e5232bd3c7c3232852f3dfde3158fc0 -51 33
2026-06-03T19:19:15.936 IMG_PACKET 4349014973c353ff00002bc273c3783d33444200ddc1450a489280266fca49e644ec1cff71e7b2bd41f3e32f592e57dae3c85d5b71609d0b803861a85c09ce3e9c1acf1661af299073b04299dbce969c2e679e23cdaea1beb792cc824ea626b871f5bfda60a133c6ad94d4990db2a59ef1d3fd94c7308736e32f6efc56c8d0172dcca95fa61f0c8fae40a07b742f721e7343e725a0782e402d7d1a1adf6964bc673e279cb846b012d2068f86b0dd5ac69106983ddb38ee4a0731e023145aa43060615931265761fbe42c97b736ecb98c3721172da54edd1b13258410df1f90edd2fb4e5232bd3c7c3232852f3dfde3158fc0 RSSI=-51 SNR=33
2026-06-03T19:19:15.976 > p2p rx 0
2026-06-03T19:19:15.978 < >
2026-06-03T19:19:17.581 < >> Ok
2026-06-03T19:19:17.632 < >> radio_rx 4349014973c353ff00002bc273c3783d33444300dd84b018ed83b0e104d8b013c91604844d5aaf290a14c2277e9a53a29d29bab58192aca7bdf7243b019bca3d3756869e2a63f8b5a9cbe958ee075d31b03e73061e0049bdff98afa699084217d9346997ea4b2b898a9ad2d1caa3461afadc5615550146aae337f96dca810a68b915370841e7b507c04959d77b2e4a1b1c2f0869aad22543d8683497d674d964f7cc32b9917011985db2b5d063295370e5bbd59705651b0c39fa0ec19c1ea822747a61f6440215f54dafdd81e7ed4a5cbcaf6271cb8d7ba2e10d255e0375dfcdc498fc465338aceaeaa7a087251a3613c9bd -48 33
2026-06-03T19:19:17.637 IMG_PACKET 4349014973c353ff00002bc273c3783d33444300dd84b018ed83b0e104d8b013c91604844d5aaf290a14c2277e9a53a29d29bab58192aca7bdf7243b019bca3d3756869e2a63f8b5a9cbe958ee075d31b03e73061e0049bdff98afa699084217d9346997ea4b2b898a9ad2d1caa3461afadc5615550146aae337f96dca810a68b915370841e7b507c04959d77b2e4a1b1c2f0869aad22543d8683497d674d964f7cc32b9917011985db2b5d063295370e5bbd59705651b0c39fa0ec19c1ea822747a61f6440215f54dafdd81e7ed4a5cbcaf6271cb8d7ba2e10d255e0375dfcdc498fc465338aceaeaa7a087251a3613c9bd RSSI=-48 SNR=33
2026-06-03T19:19:17.678 > p2p rx 0
2026-06-03T19:19:17.679 < >
2026-06-03T19:38:29.006 < >> Ok
2026-06-03T19:38:29.057 < >> radio_rx 43490149087a989200002c50087ab4c234460000dddad63642219eff16397b8e78d154317e08ab0c32d9ddc7556069c866c3d9358593ea7bcafe51b9d141c0caa5587128de5237685939fec9686463b57abfdc4f0fff0ad91a1f3e25e2ce2756762b41de2f78dd53cfb5cb1c087912ad1018b18467170d1941d491fa2d0de3735bf40acf67c38794ee70ffeb95b59289f03cb79373e33c36a7ecb00e0a3d0a438b38f15c83e191daa8cc160869d830ff01f1f68efc33163eed5d43d24df42140f6ffee71d93ce4ad8bbf87a424a91960918c81313c1cee4b5d236bf99e37d8243aedf53c7534f238bfb1dff323b8b3de260f -50 23
2026-06-03T19:38:29.063 IMG_PACKET 43490149087a989200002c50087ab4c234460000dddad63642219eff16397b8e78d154317e08ab0c32d9ddc7556069c866c3d9358593ea7bcafe51b9d141c0caa5587128de5237685939fec9686463b57abfdc4f0fff0ad91a1f3e25e2ce2756762b41de2f78dd53cfb5cb1c087912ad1018b18467170d1941d491fa2d0de3735bf40acf67c38794ee70ffeb95b59289f03cb79373e33c36a7ecb00e0a3d0a438b38f15c83e191daa8cc160869d830ff01f1f68efc33163eed5d43d24df42140f6ffee71d93ce4ad8bbf87a424a91960918c81313c1cee4b5d236bf99e37d8243aedf53c7534f238bfb1dff323b8b3de260f RSSI=-50 SNR=23
2026-06-03T19:38:29.103 > p2p rx 0
2026-06-03T19:38:29.105 < >
2026-06-03T19:38:30.708 < >> Ok
2026-06-03T19:38:30.757 < >> radio_rx 43490149087a989200002c50087ab4c234460100dde40c2372c9e8ff638bf802beb4361d9228dd7805e5fb17b53b6324a6f6dd9dee16be9c422810e57dba2932992c662bb9bb21faeacaf965f354df6156dbcd1b44f797a1d0758fe4ce8371d9cc479cc0a05e033ded66edf9a2288054cfd7e1e04463f1d3bc9d18ab6438aabde4bef2f13353a0868b4aed4245312486e6e759b92878af3d9b7c6f4a7f3d8302290a047d075d66fa3cea2f52c226032801f7f6d8ee69c77fee750148b34006fa7623c98f493cd191bf5b1ec882ff8acbc004945f0e3760386abf2cbf176a603a9dc4008b6e60b7fbf142b279d70fff2f33c8 -48 22
2026-06-03T19:38:30.762 IMG_PACKET 43490149087a989200002c50087ab4c234460100dde40c2372c9e8ff638bf802beb4361d9228dd7805e5fb17b53b6324a6f6dd9dee16be9c422810e57dba2932992c662bb9bb21faeacaf965f354df6156dbcd1b44f797a1d0758fe4ce8371d9cc479cc0a05e033ded66edf9a2288054cfd7e1e04463f1d3bc9d18ab6438aabde4bef2f13353a0868b4aed4245312486e6e759b92878af3d9b7c6f4a7f3d8302290a047d075d66fa3cea2f52c226032801f7f6d8ee69c77fee750148b34006fa7623c98f493cd191bf5b1ec882ff8acbc004945f0e3760386abf2cbf176a603a9dc4008b6e60b7fbf142b279d70fff2f33c8 RSSI=-48 SNR=22
2026-06-03T19:38:30.805 > p2p rx 0
2026-06-03T19:38:30.806 < >
2026-06-03T19:38:32.409 < >> Ok
2026-06-03T19:38:32.462 < >> radio_rx 43490149087a989200002c50087ab4c234460200dd18ce6dbc213cabfffcfb11d903686875855aa29a5ce7c97dbbc54fa73af3c89611fc9f362afa4c6a933652a93ee9d4dcc212814d6bedeaa62fbdafc6c8a307c8e16b46af4384addf7484b88828ca0909e02f4ef0170a05ae59b7c2cf7d4d5edace9251642c5720926307ca88722d5b3f9c8a8cd7fd7f0cd2f7f65701f51f597bbef127cf899343bcdd584e05cb3c47c52bf4d32b9b032b4c6c5966d4de91187436df095df65b68fa6da13c2ec91118af3fcf5f055589498e1e0d09750ff681cd0af1b0ca97559c74d8870537f9a3f6aeec1f51def6e47161e79d10b314 -51 26
2026-06-03T19:38:32.467 IMG_PACKET 43490149087a989200002c50087ab4c234460200dd18ce6dbc213cabfffcfb11d903686875855aa29a5ce7c97dbbc54fa73af3c89611fc9f362afa4c6a933652a93ee9d4dcc212814d6bedeaa62fbdafc6c8a307c8e16b46af4384addf7484b88828ca0909e02f4ef0170a05ae59b7c2cf7d4d5edace9251642c5720926307ca88722d5b3f9c8a8cd7fd7f0cd2f7f65701f51f597bbef127cf899343bcdd584e05cb3c47c52bf4d32b9b032b4c6c5966d4de91187436df095df65b68fa6da13c2ec91118af3fcf5f055589498e1e0d09750ff681cd0af1b0ca97559c74d8870537f9a3f6aeec1f51def6e47161e79d10b314 RSSI=-51 SNR=26
2026-06-03T19:38:32.505 > p2p rx 0
2026-06-03T19:38:32.507 < >
2026-06-03T19:38:34.111 < >> Ok
2026-06-03T19:38:34.163 < >> radio_rx 43490149087a989200002c50087ab4c234460300dd747db2f88f194d29edf5bf7853b6c0d1cf1f3eca478b4ba057a5d554033520083de081527a2b31c2bdbf0f40239ed0b8e925cfe53007a8acc7c8d206d59cf1d9201fa6fe646be31ad90049f13292366dc359bba0d3f376952ead189ec905414a10f22e2ebefe28fcfe37d6301e380a5d6938cbd0785c23eb52ba7301580970b8fe3ae543872bd5371b0929893ff374045dabf00d1249d43be8515b6e235a47912bed587f41c9c1db864c53349df02d0b2ea6def5c3a8961bf74ee8fcca07a6aa4f15a432a09c96f1eb22e8bf1b6333001343b895a3bc8136963338d9f2 -49 28
2026-06-03T19:38:34.167 IMG_PACKET 43490149087a989200002c50087ab4c234460300dd747db2f88f194d29edf5bf7853b6c0d1cf1f3eca478b4ba057a5d554033520083de081527a2b31c2bdbf0f40239ed0b8e925cfe53007a8acc7c8d206d59cf1d9201fa6fe646be31ad90049f13292366dc359bba0d3f376952ead189ec905414a10f22e2ebefe28fcfe37d6301e380a5d6938cbd0785c23eb52ba7301580970b8fe3ae543872bd5371b0929893ff374045dabf00d1249d43be8515b6e235a47912bed587f41c9c1db864c53349df02d0b2ea6def5c3a8961bf74ee8fcca07a6aa4f15a432a09c96f1eb22e8bf1b6333001343b895a3bc8136963338d9f2 RSSI=-49 SNR=28
2026-06-03T19:38:34.207 > p2p rx 0
2026-06-03T19:38:34.209 < >
2026-06-03T19:38:35.812 < >> Ok
2026-06-03T19:38:35.863 < >> radio_rx 43490149087a989200002c50087ab4c234460400dd949a0f0579dc571685e1905799e728149daac633e21824ae20c49f0120d0e9f36dc810f89859c344750025795b5e46174621eaa4dfd6f196fe7b73970fd46b1517392fc467ca0b4edb6fefb00fd5c1296511279ed8f2caa9e53f253a8550c1c0f5f8dcccff8f9c597bf4ca3df315ec4ae4989ff797522c99a13b3d988525bedd77dced2572728acfce36071b54885e3ae583807631902e958d9d20205d4556665b010057ad9f747d5778947da6b7dd395913245b1ed5b71706e511433d17145808162f5a0855e09745174b3ff3b475031ff174eccffddf89d1668862c3 -52 32
2026-06-03T19:38:35.868 IMG_PACKET 43490149087a989200002c50087ab4c234460400dd949a0f0579dc571685e1905799e728149daac633e21824ae20c49f0120d0e9f36dc810f89859c344750025795b5e46174621eaa4dfd6f196fe7b73970fd46b1517392fc467ca0b4edb6fefb00fd5c1296511279ed8f2caa9e53f253a8550c1c0f5f8dcccff8f9c597bf4ca3df315ec4ae4989ff797522c99a13b3d988525bedd77dced2572728acfce36071b54885e3ae583807631902e958d9d20205d4556665b010057ad9f747d5778947da6b7dd395913245b1ed5b71706e511433d17145808162f5a0855e09745174b3ff3b475031ff174eccffddf89d1668862c3 RSSI=-52 SNR=32
2026-06-03T19:38:35.908 > p2p rx 0
2026-06-03T19:38:35.910 < >
2026-06-03T19:38:37.513 < >> Ok
2026-06-03T19:38:37.566 < >> radio_rx 43490149087a989200002c50087ab4c234460500dd97f7443f5280b9b5975c4f49ae49085fccccca5e9c6fa621319c947624a37f8e15b580c61dc6d0f2dae3b29820a092865b4e12bf0e340f718d8761166037cf108741545d7f43120f84f0589859a504eca213ba1267c3a6b4c7bab7042e5b4dc895db50c1940d95cec02f4b7864659c1fa5e47332f39788ef38210c8d9ed732a3ce7b1888c76239267b565837571c9e3b008f854ca40499d8fc2d1b4ce23da8fe890c087c737d95abcea6781eed336b46d8b42f91f97fc1957f2110c96160bde85b7e69a18784f63d18e21cba542d70f594b8dfe7400b748c48520cb67c -50 32
2026-06-03T19:38:37.571 IMG_PACKET 43490149087a989200002c50087ab4c234460500dd97f7443f5280b9b5975c4f49ae49085fccccca5e9c6fa621319c947624a37f8e15b580c61dc6d0f2dae3b29820a092865b4e12bf0e340f718d8761166037cf108741545d7f43120f84f0589859a504eca213ba1267c3a6b4c7bab7042e5b4dc895db50c1940d95cec02f4b7864659c1fa5e47332f39788ef38210c8d9ed732a3ce7b1888c76239267b565837571c9e3b008f854ca40499d8fc2d1b4ce23da8fe890c087c737d95abcea6781eed336b46d8b42f91f97fc1957f2110c96160bde85b7e69a18784f63d18e21cba542d70f594b8dfe7400b748c48520cb67c RSSI=-50 SNR=32
2026-06-03T19:38:37.610 > p2p rx 0
2026-06-03T19:38:37.612 < >
2026-06-03T19:38:39.215 < >> Ok
2026-06-03T19:38:39.268 < >> radio_rx 43490149087a989200002c50087ab4c234460600ddd51d7bab33318151a5b287859e493136137e229ed434f05fca8dcffe145d93e15944ea68190cdb11f729bfdab8ca0dc0b0eaac829f50298da8462462b8b9f66864395d617e15b3d51f3863b730a599c30f96c62b6073a56fbbc3c71dda5b1a951a48db78ff0afa1662a7da0f5e16c23df89c0a268ed8f9cb9889375c6976f908e9485f0c2324d1b7aeaa387b9d8ca885fcc898644589de1cdd02080a54fd779bbc37d54120b5e052364f99bc8b33579dec438d5dd3dab2c46a83af4f531ef2e5d2e1ff947af3aa03c42a2ca640b86754329cf4d3e210a5ad82b0977460 -56 24
2026-06-03T19:38:39.272 IMG_PACKET 43490149087a989200002c50087ab4c234460600ddd51d7bab33318151a5b287859e493136137e229ed434f05fca8dcffe145d93e15944ea68190cdb11f729bfdab8ca0dc0b0eaac829f50298da8462462b8b9f66864395d617e15b3d51f3863b730a599c30f96c62b6073a56fbbc3c71dda5b1a951a48db78ff0afa1662a7da0f5e16c23df89c0a268ed8f9cb9889375c6976f908e9485f0c2324d1b7aeaa387b9d8ca885fcc898644589de1cdd02080a54fd779bbc37d54120b5e052364f99bc8b33579dec438d5dd3dab2c46a83af4f531ef2e5d2e1ff947af3aa03c42a2ca640b86754329cf4d3e210a5ad82b0977460 RSSI=-56 SNR=24
2026-06-03T19:38:39.312 > p2p rx 0
2026-06-03T19:38:39.314 < >
2026-06-03T19:38:40.917 < >> Ok
2026-06-03T19:38:40.967 < >> radio_rx 43490149087a989200002c50087ab4c234460700dd87d50a33cf0ca9a3382aec5151c61eed41ab59ef5385cc68778719b22159c8cfdba8a22ed0d674f5eec26c32675733672d9e87ea6c6096d3ee85ce8139f1ac651b4bc6dd653f22efabae9638668ce8bfd2f009921ad054aae7f657ebf2e58a46b222f82f2c17cc2c2f06aadd9b8455b45a905613bba50d0771714b9be3fe7ffa6373946fdda3aee7d179a4407e7720ad31b8285287cf10f051cb7f0971cc373e1d641163654450fadb233ccee0c2380180a34b89f785dd0dbded57a4051cea1205617c1b44871688af36e602b0df9b9903dc56f9d73319c51ab88d1de0 -53 24
2026-06-03T19:38:40.971 IMG_PACKET 43490149087a989200002c50087ab4c234460700dd87d50a33cf0ca9a3382aec5151c61eed41ab59ef5385cc68778719b22159c8cfdba8a22ed0d674f5eec26c32675733672d9e87ea6c6096d3ee85ce8139f1ac651b4bc6dd653f22efabae9638668ce8bfd2f009921ad054aae7f657ebf2e58a46b222f82f2c17cc2c2f06aadd9b8455b45a905613bba50d0771714b9be3fe7ffa6373946fdda3aee7d179a4407e7720ad31b8285287cf10f051cb7f0971cc373e1d641163654450fadb233ccee0c2380180a34b89f785dd0dbded57a4051cea1205617c1b44871688af36e602b0df9b9903dc56f9d73319c51ab88d1de0 RSSI=-53 SNR=24
2026-06-03T19:38:41.013 > p2p rx 0
2026-06-03T19:38:41.015 < >
2026-06-03T19:38:42.618 < >> Ok
2026-06-03T19:38:42.670 < >> radio_rx 43490149087a989200002c50087ab4c234460800dd4ccf6a787b2d5fa8bb5e71019dc6aca555c091ad23f6ce11555c0a7d44dfea6eeb44251ddbc8907576000bba198355f9fcf0067f1f509b3ae809b43c45ede153fd14c422b15c7048f7fca5638e0d54e6da4204d316eb75010e3786242bc484b975ee97348ff0fbda2e15c486b4a3b82af76dd52d7baf937c5fc6870d56aad4cf30f8325a98559002e3d17c73c71a15674b53e066b640f9aed282ff56fd8c0f4da96b556b9acfa7a618dd64bbf4233fe59064599c81563080d5f31fda97cfd20a39aacc41b88daeb916fee8db3b0e0eec532348cb3243237b1be078e62b -54 22
2026-06-03T19:38:42.676 IMG_PACKET 43490149087a989200002c50087ab4c234460800dd4ccf6a787b2d5fa8bb5e71019dc6aca555c091ad23f6ce11555c0a7d44dfea6eeb44251ddbc8907576000bba198355f9fcf0067f1f509b3ae809b43c45ede153fd14c422b15c7048f7fca5638e0d54e6da4204d316eb75010e3786242bc484b975ee97348ff0fbda2e15c486b4a3b82af76dd52d7baf937c5fc6870d56aad4cf30f8325a98559002e3d17c73c71a15674b53e066b640f9aed282ff56fd8c0f4da96b556b9acfa7a618dd64bbf4233fe59064599c81563080d5f31fda97cfd20a39aacc41b88daeb916fee8db3b0e0eec532348cb3243237b1be078e62b RSSI=-54 SNR=22
2026-06-03T19:38:42.714 > p2p rx 0
2026-06-03T19:38:42.715 < >
2026-06-03T19:38:44.320 < >> Ok
2026-06-03T19:38:44.373 < >> radio_rx 43490149087a989200002c50087ab4c234460900dda302a4ba16f639648d6540c4ef99a5505c4380eb23096fbb223d7e8620547b0746439840d7a7e565081b5cc49c06e5fe095727c36a80d9ca487f7c2a25a909d6fa23ae4cb4b6c19794fc2025e977aafc646753da21ca94de08a5bf96975d40cc23c7e857deafe2904919e515553491d7b0325b360a6b647d1613371d77b921881b9c0170000f9892e8fd6663c5fbaefed55e9fbb5e4317b5356aefe1d004cc08cdb167dac9959adaabbd5a49b9108b1dcfd6efbd2ab0556627cc38720faa1bf3c7264e9d51bca5a8b2ffa431ccf64e5e8a1d3dcbeb331b53d95e97db07 -53 23
2026-06-03T19:38:44.379 IMG_PACKET 43490149087a989200002c50087ab4c234460900dda302a4ba16f639648d6540c4ef99a5505c4380eb23096fbb223d7e8620547b0746439840d7a7e565081b5cc49c06e5fe095727c36a80d9ca487f7c2a25a909d6fa23ae4cb4b6c19794fc2025e977aafc646753da21ca94de08a5bf96975d40cc23c7e857deafe2904919e515553491d7b0325b360a6b647d1613371d77b921881b9c0170000f9892e8fd6663c5fbaefed55e9fbb5e4317b5356aefe1d004cc08cdb167dac9959adaabbd5a49b9108b1dcfd6efbd2ab0556627cc38720faa1bf3c7264e9d51bca5a8b2ffa431ccf64e5e8a1d3dcbeb331b53d95e97db07 RSSI=-53 SNR=23
2026-06-03T19:38:44.417 > p2p rx 0
2026-06-03T19:38:44.418 < >
2026-06-03T19:38:46.027 < >> Ok
2026-06-03T19:38:46.079 < >> radio_rx 43490149087a989200002c50087ab4c234460a00dda5cac100a1ed466a53a4732876ee76694a98f902c3e4336b6279fe848f2b04f999997cbb1e458fc745fc7b49696f9493122acf892a6d1eb7a82524ac0f2d6f024bc04c27f5235ff870aba86a5c0beed2f4fd45163bb75add20eea907af9d757b2e8cd64e7faa98bb6e0917dc9c9ed979289627bc2893d76305bdc15ea39f1885c87f7aadf55bfaaa4f6599eca4568c9862d969106eacd1b982a4b705f2f2139ac095dbfdbbaf253e5d3456093332fb5ec758684681ab8fd51bb66ad61f96c2c55025ea3adbc37157eb4815bcc9bcdf78256ccbf90434344f68e4ed0061 -54 26
2026-06-03T19:38:46.085 IMG_PACKET 43490149087a989200002c50087ab4c234460a00dda5cac100a1ed466a53a4732876ee76694a98f902c3e4336b6279fe848f2b04f999997cbb1e458fc745fc7b49696f9493122acf892a6d1eb7a82524ac0f2d6f024bc04c27f5235ff870aba86a5c0beed2f4fd45163bb75add20eea907af9d757b2e8cd64e7faa98bb6e0917dc9c9ed979289627bc2893d76305bdc15ea39f1885c87f7aadf55bfaaa4f6599eca4568c9862d969106eacd1b982a4b705f2f2139ac095dbfdbbaf253e5d3456093332fb5ec758684681ab8fd51bb66ad61f96c2c55025ea3adbc37157eb4815bcc9bcdf78256ccbf90434344f68e4ed0061 RSSI=-54 SNR=26
2026-06-03T19:38:46.123 > p2p rx 0
2026-06-03T19:38:46.124 < >
2026-06-03T19:38:47.731 < >> Ok
2026-06-03T19:38:47.785 < >> radio_rx 43490149087a989200002c50087ab4c234460b00ddda41524f5a7ccacbc8a7fa8248250f5bfcc4602a85c84ab8c3d3bdc049b6644d29cff2391e5f3141050d9c7ed5b72f210e1b2966bc0343dcc51785c30f3b66709d644b96131d6e25aa40c551ac5a32acb253279890b3f153c867114e36c520a66df7f992105830134d095bfa02d3c2ce549d4250865f36b7a6e34ec225a3fd43465f2d1e8f2bc54afc07e923c817191cde4f5b5889927c2389d9c21e853d16fa8fa5c02925e4afd57407e6934a4f12e314cce23b3f0387d875b242532ab77f817d69738360b9ae601e48d394b88a472ec7029ba6df7efb50147cbe58cf -54 20
2026-06-03T19:38:47.790 IMG_PACKET 43490149087a989200002c50087ab4c234460b00ddda41524f5a7ccacbc8a7fa8248250f5bfcc4602a85c84ab8c3d3bdc049b6644d29cff2391e5f3141050d9c7ed5b72f210e1b2966bc0343dcc51785c30f3b66709d644b96131d6e25aa40c551ac5a32acb253279890b3f153c867114e36c520a66df7f992105830134d095bfa02d3c2ce549d4250865f36b7a6e34ec225a3fd43465f2d1e8f2bc54afc07e923c817191cde4f5b5889927c2389d9c21e853d16fa8fa5c02925e4afd57407e6934a4f12e314cce23b3f0387d875b242532ab77f817d69738360b9ae601e48d394b88a472ec7029ba6df7efb50147cbe58cf RSSI=-54 SNR=20
2026-06-03T19:38:47.828 > p2p rx 0
2026-06-03T19:38:47.829 < >
2026-06-03T19:38:49.433 < >> Ok
2026-06-03T19:38:49.485 < >> radio_rx 43490149087a989200002c50087ab4c234460c00ddef8bdcf4f0961b24ec66b24c3a56af8da07d9cded6eda0842b6c47eb6fe1411340c7530c056830058adb77c9135e281938b2386a6b471832091d87fe1cb0b97643b90b95d74f894ba3e27ccaccbd853d3b434d6350632f38deaeabb1a88ffc065611c3dcc28b00b793e2133da6f408275296e480532b5dbc1dc77059430f3bd9117a832aafa6c53d0fd82ef79930cc666985448d395a2cf7ac88d1aec7d7b7264ad8a43113140bc78a8ec629a2cf0ef7e2e7c3ce7d54b55e933f85e34bd534b4ecbeda92bfe6f42d8423f68169b4cd771b279a41c6b8f0ccdc70e1b1dd -54 21
2026-06-03T19:38:49.491 IMG_PACKET 43490149087a989200002c50087ab4c234460c00ddef8bdcf4f0961b24ec66b24c3a56af8da07d9cded6eda0842b6c47eb6fe1411340c7530c056830058adb77c9135e281938b2386a6b471832091d87fe1cb0b97643b90b95d74f894ba3e27ccaccbd853d3b434d6350632f38deaeabb1a88ffc065611c3dcc28b00b793e2133da6f408275296e480532b5dbc1dc77059430f3bd9117a832aafa6c53d0fd82ef79930cc666985448d395a2cf7ac88d1aec7d7b7264ad8a43113140bc78a8ec629a2cf0ef7e2e7c3ce7d54b55e933f85e34bd534b4ecbeda92bfe6f42d8423f68169b4cd771b279a41c6b8f0ccdc70e1b1dd RSSI=-54 SNR=21
2026-06-03T19:38:49.530 > p2p rx 0
2026-06-03T19:38:49.532 < >
2026-06-03T19:38:51.134 < >> Ok
2026-06-03T19:38:51.185 < >> radio_rx 43490149087a989200002c50087ab4c234460d00dd3a6bd7fe67c3c6f0f1e23da24807e8a5eeac06f628b1320e41f563442ab303d4c9b603df0db06fd892348f8a2be6d6cfbfc142e8525ad839c394ff889a76ab990c8e5ac41ca63fc1fadc056a3625e487fe53f95054bffe3fc7a2a7400e958830de75d90abcc594e4a568eb5f4d35a38994f696532bc9c11c64149fbdc6dbf2e395765745c01dd66bd29e3b9b32ac94e3c841aa1dd26ac302872c3bd9f20721fbff99189f83b665b0d3e04758db474afa02e20e9a9144fbe30e9ba8a18350283fcd0df15906405940babbd7e98b91e5433160051142425dca5557eba83b -54 29
2026-06-03T19:38:51.190 IMG_PACKET 43490149087a989200002c50087ab4c234460d00dd3a6bd7fe67c3c6f0f1e23da24807e8a5eeac06f628b1320e41f563442ab303d4c9b603df0db06fd892348f8a2be6d6cfbfc142e8525ad839c394ff889a76ab990c8e5ac41ca63fc1fadc056a3625e487fe53f95054bffe3fc7a2a7400e958830de75d90abcc594e4a568eb5f4d35a38994f696532bc9c11c64149fbdc6dbf2e395765745c01dd66bd29e3b9b32ac94e3c841aa1dd26ac302872c3bd9f20721fbff99189f83b665b0d3e04758db474afa02e20e9a9144fbe30e9ba8a18350283fcd0df15906405940babbd7e98b91e5433160051142425dca5557eba83b RSSI=-54 SNR=29
2026-06-03T19:38:51.230 > p2p rx 0
2026-06-03T19:38:51.231 < >
2026-06-03T19:38:52.835 < >> Ok
2026-06-03T19:38:52.887 < >> radio_rx 43490149087a989200002c50087ab4c234460e00dde2c1626f05ff3af2712bb1103c281a1a983668d3e87328c57e23f83ce2a2ccc6b929d49fd12307000af5112b9b5c5734400bdab6350508ed2cd23ab8b1403c2b26640f81472b8756d91072e9ee3e9e45de2c5f5a7a10a876bb63a7f657f0c98ff4f07a266fcb977aa4eaf3e012862900ff2feb246379bd31dd39295be674d251a65fb723ef90e434beebe3a1b2086f5d558556ad62427caef70dd2dc2e31186860fdf96f157083a1e190c732fc52c5aab72c765c319d45633fb2dc5c4f53049f9e17d165c06caf59450721c0700bf9721edbcc3fbb809534b70ff78056 -53 27
2026-06-03T19:38:52.892 IMG_PACKET 43490149087a989200002c50087ab4c234460e00dde2c1626f05ff3af2712bb1103c281a1a983668d3e87328c57e23f83ce2a2ccc6b929d49fd12307000af5112b9b5c5734400bdab6350508ed2cd23ab8b1403c2b26640f81472b8756d91072e9ee3e9e45de2c5f5a7a10a876bb63a7f657f0c98ff4f07a266fcb977aa4eaf3e012862900ff2feb246379bd31dd39295be674d251a65fb723ef90e434beebe3a1b2086f5d558556ad62427caef70dd2dc2e31186860fdf96f157083a1e190c732fc52c5aab72c765c319d45633fb2dc5c4f53049f9e17d165c06caf59450721c0700bf9721edbcc3fbb809534b70ff78056 RSSI=-53 SNR=27
2026-06-03T19:38:52.933 > p2p rx 0
2026-06-03T19:38:52.934 < >
2026-06-03T19:38:54.537 < >> Ok
2026-06-03T19:38:54.590 < >> radio_rx 43490149087a989200002c50087ab4c234460f00dd6e6ce41767dfe8504e56630e8f598b506784565362b8291ef1d0aabfb06c7691686c752dddd4810a46386d804451a9a899ece195f62083cafe2dbddbb7d50b0dbc8f916737cfa3783743564c08765143e8e1b1c27fe47561b92169f5f0b6d5f99007bd76a1847a66b2c2bd92bc62997db0ec1b188232be982a77f5d77f94c01704c95d2284dc396e2334df36049c7a2531ab559fad485530c9c62bc51385b55d8c4a2b5160b06f09c22c603fee25da01e94e0569be48e6919ecdd7e795c8df2ade3d3ae10aac985ecb5d3a27ba59272d9a9c161bf891ef008804281a84 -54 25
2026-06-03T19:38:54.595 IMG_PACKET 43490149087a989200002c50087ab4c234460f00dd6e6ce41767dfe8504e56630e8f598b506784565362b8291ef1d0aabfb06c7691686c752dddd4810a46386d804451a9a899ece195f62083cafe2dbddbb7d50b0dbc8f916737cfa3783743564c08765143e8e1b1c27fe47561b92169f5f0b6d5f99007bd76a1847a66b2c2bd92bc62997db0ec1b188232be982a77f5d77f94c01704c95d2284dc396e2334df36049c7a2531ab559fad485530c9c62bc51385b55d8c4a2b5160b06f09c22c603fee25da01e94e0569be48e6919ecdd7e795c8df2ade3d3ae10aac985ecb5d3a27ba59272d9a9c161bf891ef008804281a84 RSSI=-54 SNR=25
2026-06-03T19:38:54.634 > p2p rx 0
2026-06-03T19:38:54.635 < >
2026-06-03T19:38:56.238 < >> Ok
2026-06-03T19:38:56.288 < >> radio_rx 43490149087a989200002c50087ab4c234461000dd8a343f9a670ef57b441d6978e302952d931ed011f76712e42ccd45153c3872a1a842d106f9e368b21ae7fb3e1316d8c6c415ab902925384947c473e67454f889e49e3509d0906e5b7cb214bb7a2813092142c14ed8a3f898ad3b4d9852a7c619b45545afbda15027aa77b319de6affe9cfac1b6a68ef7bc440004357a3ed1e2157758cf35ee911c00b84b3076394913c8ae40e9bebe57c3e29e307d94729f3d1c10157e1b574e6e00d26b9b8a67064a300d62dc1437727f9a4cf9f57844f6fda3d17c59096459b4f5d45884f8c7def9feb5393ff63afb9415455559926 -53 23
2026-06-03T19:38:56.293 IMG_PACKET 43490149087a989200002c50087ab4c234461000dd8a343f9a670ef57b441d6978e302952d931ed011f76712e42ccd45153c3872a1a842d106f9e368b21ae7fb3e1316d8c6c415ab902925384947c473e67454f889e49e3509d0906e5b7cb214bb7a2813092142c14ed8a3f898ad3b4d9852a7c619b45545afbda15027aa77b319de6affe9cfac1b6a68ef7bc440004357a3ed1e2157758cf35ee911c00b84b3076394913c8ae40e9bebe57c3e29e307d94729f3d1c10157e1b574e6e00d26b9b8a67064a300d62dc1437727f9a4cf9f57844f6fda3d17c59096459b4f5d45884f8c7def9feb5393ff63afb9415455559926 RSSI=-53 SNR=23
2026-06-03T19:38:56.334 > p2p rx 0
2026-06-03T19:38:56.335 < >
2026-06-03T19:38:57.940 < >> Ok
2026-06-03T19:38:57.993 < >> radio_rx 43490149087a989200002c50087ab4c234461100ddcdff2e4c19da466f4d729037bb11056c625a3ed6d5496334199841a418bea55fdfe2540f523abd383298564f16350f235de0fde9f268f8e3adcd6387bd4cb56222521e42f9fb5ef9aee35b48a4d226f9e2686156a364af35634987c641c23328b1a01f766bf4b2bc3d6fd4d664289f394818b425c4e7c2964d257e6a0c58d5182df9ef736d2bfba4b8763a7cc0eee66814927c12940392588ff662991162c9c9e143efa4066f94bc5dd326d9109e37b4d7f2b89b36915e2ae03c936eb675ca36ca0a4f2c76d1f76963e64ea179587f1300ee18b638905aee0e4330eede -56 19
2026-06-03T19:38:57.997 IMG_PACKET 43490149087a989200002c50087ab4c234461100ddcdff2e4c19da466f4d729037bb11056c625a3ed6d5496334199841a418bea55fdfe2540f523abd383298564f16350f235de0fde9f268f8e3adcd6387bd4cb56222521e42f9fb5ef9aee35b48a4d226f9e2686156a364af35634987c641c23328b1a01f766bf4b2bc3d6fd4d664289f394818b425c4e7c2964d257e6a0c58d5182df9ef736d2bfba4b8763a7cc0eee66814927c12940392588ff662991162c9c9e143efa4066f94bc5dd326d9109e37b4d7f2b89b36915e2ae03c936eb675ca36ca0a4f2c76d1f76963e64ea179587f1300ee18b638905aee0e4330eede RSSI=-56 SNR=19
2026-06-03T19:38:58.038 > p2p rx 0
2026-06-03T19:38:58.039 < >
2026-06-03T19:38:59.642 < >> Ok
2026-06-03T19:38:59.694 < >> radio_rx 43490149087a989200002c50087ab4c234461200dd255a9e224ef5e1c01614508b98649405214c52ec4b816a42423c97cb6464f81eda4cac5ea65b6bf858b2fbf4d2d898b8012153bd39312d4b36c851c9a54d97f7375ffa95b7d0fd2ebe642aa3119e1943252166c2a7170da344f0ab91dbd8f7a715f094d02a50c8e3e67261ff2c57d5e242254a88352d8e0bcf5aad8c35da57d46ba4d1739e2dcf50d2427c5166191290c2e76823fd8d6fc4297bbfac0a3bf99fe5b26971ece7bc30bafc7884b7199195487eee4b3d8a179612c7f55ca04ca4f23678e6c1a132679beaefff904e48811674794b1df87644b7f2f37e75af -56 23
2026-06-03T19:38:59.699 IMG_PACKET 43490149087a989200002c50087ab4c234461200dd255a9e224ef5e1c01614508b98649405214c52ec4b816a42423c97cb6464f81eda4cac5ea65b6bf858b2fbf4d2d898b8012153bd39312d4b36c851c9a54d97f7375ffa95b7d0fd2ebe642aa3119e1943252166c2a7170da344f0ab91dbd8f7a715f094d02a50c8e3e67261ff2c57d5e242254a88352d8e0bcf5aad8c35da57d46ba4d1739e2dcf50d2427c5166191290c2e76823fd8d6fc4297bbfac0a3bf99fe5b26971ece7bc30bafc7884b7199195487eee4b3d8a179612c7f55ca04ca4f23678e6c1a132679beaefff904e48811674794b1df87644b7f2f37e75af RSSI=-56 SNR=23
2026-06-03T19:38:59.739 > p2p rx 0
2026-06-03T19:38:59.740 < >
2026-06-03T19:39:01.343 < >> Ok
2026-06-03T19:39:01.392 < >> radio_rx 43490149087a989200002c50087ab4c234461300dd464b1be8a060baf5fe91a2393928eb5d6fb58356a727969583ed8466c7efca4bfe68947fe8b075175bd7445e45b7f7d64b512127542be7b6c4c3ef4c7614715afed4359ad745061f2326a6112946e194c95fd5b85c04e5f2f934e3cbc82cc114476f412b251cd51da1da2aeb9c051f099fa7e1fc418007a34b16354f0fb632fbb6aac780f181c6f27789310908b9358322aed7319b7f6d44db2561962fdd8510f89e59651f7fba0cf3f53648f9decc93cacf5ce7df958ddcacca0d1986d9147d74f67c7d16feb3ae0748e10fc2ea6eb343548470c3288902400c21e390 -54 21
2026-06-03T19:39:01.398 IMG_PACKET 43490149087a989200002c50087ab4c234461300dd464b1be8a060baf5fe91a2393928eb5d6fb58356a727969583ed8466c7efca4bfe68947fe8b075175bd7445e45b7f7d64b512127542be7b6c4c3ef4c7614715afed4359ad745061f2326a6112946e194c95fd5b85c04e5f2f934e3cbc82cc114476f412b251cd51da1da2aeb9c051f099fa7e1fc418007a34b16354f0fb632fbb6aac780f181c6f27789310908b9358322aed7319b7f6d44db2561962fdd8510f89e59651f7fba0cf3f53648f9decc93cacf5ce7df958ddcacca0d1986d9147d74f67c7d16feb3ae0748e10fc2ea6eb343548470c3288902400c21e390 RSSI=-54 SNR=21
2026-06-03T19:39:01.439 > p2p rx 0
2026-06-03T19:39:01.440 < >
2026-06-03T19:39:03.044 < >> Ok
2026-06-03T19:39:03.099 < >> radio_rx 43490149087a989200002c50087ab4c234461400ddf3ca07ac82275d58682a595a9c5255e0065f6cedaeb01d21b933129090f6dd6a3f26ce462cde044c77ff93679118ba0ca3727bb4e2cf4bd588d9dfc0d162d4242e038412eeae02ab45d88b952751709ea0e13118deae1187c4b64bf30b54b419db2bad81e39b813cf89e4b30c1e539ff5284448ea390f94d18d8448add2f0df810ec98e72d270661999892181b4954247f33cac05d7b9e7c1bd3a203744552675712255b214d0ef171c1c2081d28647b94ad02ae0f362a1ee4c03ea363f312b23659776d0e50316ae47d0a5e3df8501bb85fb1b9a7907ce7ee078154ea -54 21
2026-06-03T19:39:03.103 IMG_PACKET 43490149087a989200002c50087ab4c234461400ddf3ca07ac82275d58682a595a9c5255e0065f6cedaeb01d21b933129090f6dd6a3f26ce462cde044c77ff93679118ba0ca3727bb4e2cf4bd588d9dfc0d162d4242e038412eeae02ab45d88b952751709ea0e13118deae1187c4b64bf30b54b419db2bad81e39b813cf89e4b30c1e539ff5284448ea390f94d18d8448add2f0df810ec98e72d270661999892181b4954247f33cac05d7b9e7c1bd3a203744552675712255b214d0ef171c1c2081d28647b94ad02ae0f362a1ee4c03ea363f312b23659776d0e50316ae47d0a5e3df8501bb85fb1b9a7907ce7ee078154ea RSSI=-54 SNR=21
2026-06-03T19:39:03.141 > p2p rx 0
2026-06-03T19:39:03.142 < >
2026-06-03T19:39:04.746 < >> Ok
2026-06-03T19:39:04.799 < >> radio_rx 43490149087a989200002c50087ab4c234461500dd883be729841aa195d92df0a0e3bec54b6f7442a764d40a865d0bbca61c84e9ae0c2dd1991bcf9dd577a206e410db1b6a6743c6fc8c3e681de8f75c0dd7765eadbb921dd95fd3232a56b5f734e944d46933607ce8c8cf162bacf5cfa99e41704642c7763724c10c980e03423019c9229dc51f452ca374c0fdf2561810760c772affe1e79c5cfa8fed66b16973672ccf8fa2d85f510cef368fd0331b9e5b27ae20c1449150ed891168adaaac16b2ad0e47e2df86eb21f75a2d3a57b5de6a589fd9e57a2e043eeedee8f4c71dfba0d3bbc01caf060dc5f557670830c9be6a -54 21
2026-06-03T19:39:04.806 IMG_PACKET 43490149087a989200002c50087ab4c234461500dd883be729841aa195d92df0a0e3bec54b6f7442a764d40a865d0bbca61c84e9ae0c2dd1991bcf9dd577a206e410db1b6a6743c6fc8c3e681de8f75c0dd7765eadbb921dd95fd3232a56b5f734e944d46933607ce8c8cf162bacf5cfa99e41704642c7763724c10c980e03423019c9229dc51f452ca374c0fdf2561810760c772affe1e79c5cfa8fed66b16973672ccf8fa2d85f510cef368fd0331b9e5b27ae20c1449150ed891168adaaac16b2ad0e47e2df86eb21f75a2d3a57b5de6a589fd9e57a2e043eeedee8f4c71dfba0d3bbc01caf060dc5f557670830c9be6a RSSI=-54 SNR=21
2026-06-03T19:39:04.842 > p2p rx 0
2026-06-03T19:39:04.843 < >
2026-06-03T19:39:06.447 < >> Ok
2026-06-03T19:39:06.500 < >> radio_rx 43490149087a989200002c50087ab4c234461600dd34ab4b7b3bd8cdb438badb044ce2805be20d1f079a29272144e3a3276cb3987f1c52905f85335259d3f13df061fef5b3fbc40817478c7a2369a1614d2178161014f687a9b2681a319d04d577f7c27e184d1955f9f6458d150c63ae25a8aab05c9cf4c59d1ca0b0943172d4d220e9fdd13086b07afde2126fec7f9fd4ce44c63b674cf35f0bb2a8850ff62f8a3830d4afd8db9ab8aa9aac70e0121b2e812d88a0fd9742689cc027ea205cf67995c26b9e2fd03b772b5ac9c36d398179c38ba6600c9622e2d5a9f5241088ca6db3713f865ee18e64b3f76bf963c3ca8c72 -54 26
2026-06-03T19:39:06.505 IMG_PACKET 43490149087a989200002c50087ab4c234461600dd34ab4b7b3bd8cdb438badb044ce2805be20d1f079a29272144e3a3276cb3987f1c52905f85335259d3f13df061fef5b3fbc40817478c7a2369a1614d2178161014f687a9b2681a319d04d577f7c27e184d1955f9f6458d150c63ae25a8aab05c9cf4c59d1ca0b0943172d4d220e9fdd13086b07afde2126fec7f9fd4ce44c63b674cf35f0bb2a8850ff62f8a3830d4afd8db9ab8aa9aac70e0121b2e812d88a0fd9742689cc027ea205cf67995c26b9e2fd03b772b5ac9c36d398179c38ba6600c9622e2d5a9f5241088ca6db3713f865ee18e64b3f76bf963c3ca8c72 RSSI=-54 SNR=26
2026-06-03T19:39:06.545 > p2p rx 0
2026-06-03T19:39:06.546 < >
2026-06-03T19:39:08.149 < >> Ok
2026-06-03T19:39:08.201 < >> radio_rx 43490149087a989200002c50087ab4c234461700dd90d6f9a5ac0914acf4a34a5339c1282044e8a103bc3ee96b84d9f4584c41bc75b044e4fcc515190c8d0a19bed7c32b52d06d3d352fdd7278191810bb9f8788edf217d420139cf197c3e6751f5c8d99097a6e436b0c65e5383792b4aff53ece8da792e84dad670b6b26be5ea5e6c43f2c0d19a334a7e23c88f8f6b8f0b02a9a747a668f32e5cab73c75eb1f1abdf752a56b82cbda5ebc2dbb36e6a1eaceac3d5e240a0046c194076705905e2b8b8dd6cbaead2fc6d5897b6197a873698675b42befb2f4c9833df2db05d12b1f36c08c79d38ad0ccd0750a22e85fcbced4 -54 23
2026-06-03T19:39:08.206 IMG_PACKET 43490149087a989200002c50087ab4c234461700dd90d6f9a5ac0914acf4a34a5339c1282044e8a103bc3ee96b84d9f4584c41bc75b044e4fcc515190c8d0a19bed7c32b52d06d3d352fdd7278191810bb9f8788edf217d420139cf197c3e6751f5c8d99097a6e436b0c65e5383792b4aff53ece8da792e84dad670b6b26be5ea5e6c43f2c0d19a334a7e23c88f8f6b8f0b02a9a747a668f32e5cab73c75eb1f1abdf752a56b82cbda5ebc2dbb36e6a1eaceac3d5e240a0046c194076705905e2b8b8dd6cbaead2fc6d5897b6197a873698675b42befb2f4c9833df2db05d12b1f36c08c79d38ad0ccd0750a22e85fcbced4 RSSI=-54 SNR=23
2026-06-03T19:39:08.246 > p2p rx 0
2026-06-03T19:39:08.247 < >
2026-06-03T19:39:09.850 < >> Ok
2026-06-03T19:39:09.903 < >> radio_rx 43490149087a989200002c50087ab4c234461800dd04b592720ca76ffb945a61c158f2ef75413f00fb2d082494da486dd9bad136621c37ca07109e246809f19cf9905e0289176674c3c6fcb032ff8ca9f9123dbaaefbaa9f42c257caa804e5f8152553dad800b1e40077ae16f252e936e03b2e03cf105118035d7789419e5051e24ef317ab2b8998e55ffec0179521b1294830bd3fd8c8f8dcb0f2ddeba4a22263c1f420b64e334babc407cad540eda289eb5d52edfaa9d65036a3bd0d4aab37ff8614139e329440d7ad774f1ccf75b76a9afb44696c9b71945b3e4c1561d52f7524b12a20361dfd19d4f8e91120b6eb7523 -54 24
2026-06-03T19:39:09.907 IMG_PACKET 43490149087a989200002c50087ab4c234461800dd04b592720ca76ffb945a61c158f2ef75413f00fb2d082494da486dd9bad136621c37ca07109e246809f19cf9905e0289176674c3c6fcb032ff8ca9f9123dbaaefbaa9f42c257caa804e5f8152553dad800b1e40077ae16f252e936e03b2e03cf105118035d7789419e5051e24ef317ab2b8998e55ffec0179521b1294830bd3fd8c8f8dcb0f2ddeba4a22263c1f420b64e334babc407cad540eda289eb5d52edfaa9d65036a3bd0d4aab37ff8614139e329440d7ad774f1ccf75b76a9afb44696c9b71945b3e4c1561d52f7524b12a20361dfd19d4f8e91120b6eb7523 RSSI=-54 SNR=24
2026-06-03T19:39:09.948 > p2p rx 0
2026-06-03T19:39:09.953 < >
2026-06-03T19:39:11.552 < >> Ok
2026-06-03T19:39:11.604 < >> radio_rx 43490149087a989200002c50087ab4c234461900dd4d1a8b1eb83a7722498422297f1ab6a1a5de757cfec365ac4a07ca1b4a617ecacd26a79327262a21ba5d049699f25d33f27c3db8a2503f3e8c7567fdb2fb9aecdcba7fbac7a58fefd8d95f43f88c2402d7026dfaaff3ff09ec436e2e5cb4ddbbf81b592ef25e7100c7ec3f4bc84fdfc55b18084f555dc429d0248bf9665a45c019d678763036a1fb64479c23efeb41b93bfb2c2d6646bb3d4f85290c6a4d941e173e14e16615ca3f3a7662851e0f13a626bf9338f65134d5b4d006f740c76d36a7c52b9a89893da20b80e73d64e7eb13c7ac7c6586b678017bd031605f -53 30
2026-06-03T19:39:11.609 IMG_PACKET 43490149087a989200002c50087ab4c234461900dd4d1a8b1eb83a7722498422297f1ab6a1a5de757cfec365ac4a07ca1b4a617ecacd26a79327262a21ba5d049699f25d33f27c3db8a2503f3e8c7567fdb2fb9aecdcba7fbac7a58fefd8d95f43f88c2402d7026dfaaff3ff09ec436e2e5cb4ddbbf81b592ef25e7100c7ec3f4bc84fdfc55b18084f555dc429d0248bf9665a45c019d678763036a1fb64479c23efeb41b93bfb2c2d6646bb3d4f85290c6a4d941e173e14e16615ca3f3a7662851e0f13a626bf9338f65134d5b4d006f740c76d36a7c52b9a89893da20b80e73d64e7eb13c7ac7c6586b678017bd031605f RSSI=-53 SNR=30
2026-06-03T19:39:11.650 > p2p rx 0
2026-06-03T19:39:11.651 < >
2026-06-03T19:39:13.253 < >> Ok
2026-06-03T19:39:13.307 < >> radio_rx 43490149087a989200002c50087ab4c234461a00dd63ea1c7e17c8a49e3ea55d550f8ac7fa51446c1c93eaaa218e147e9a36cb2831d04593bcd2009df944169589157d15345ab79edd7fb10282eff7615982e6e78f6b51c3f0d64d3be764cc916ec5afdccc46fec469eea9f9fc3f044b97faad6fb743bf9a0613188dc39fce6238157735365b4cebc0557fe553d155e3361855e9eca7ed39d408a8795afbe7cfe8fe1e9b39d8c0bbcf64099a34d41bace79ce31f3cc02d40a72400707779204755ac828e5246a986e9c30e5dfda2e55873d1f93e2bc132b60b44d992e0b8b914f90608e38248e0e24815deba7b2fcd500c19 -54 25
2026-06-03T19:39:13.312 IMG_PACKET 43490149087a989200002c50087ab4c234461a00dd63ea1c7e17c8a49e3ea55d550f8ac7fa51446c1c93eaaa218e147e9a36cb2831d04593bcd2009df944169589157d15345ab79edd7fb10282eff7615982e6e78f6b51c3f0d64d3be764cc916ec5afdccc46fec469eea9f9fc3f044b97faad6fb743bf9a0613188dc39fce6238157735365b4cebc0557fe553d155e3361855e9eca7ed39d408a8795afbe7cfe8fe1e9b39d8c0bbcf64099a34d41bace79ce31f3cc02d40a72400707779204755ac828e5246a986e9c30e5dfda2e55873d1f93e2bc132b60b44d992e0b8b914f90608e38248e0e24815deba7b2fcd500c19 RSSI=-54 SNR=25
2026-06-03T19:39:13.351 > p2p rx 0
2026-06-03T19:39:13.352 < >
2026-06-03T19:39:14.955 < >> Ok
2026-06-03T19:39:15.006 < >> radio_rx 43490149087a989200002c50087ab4c234461b00dd837994fcc9c8c747fa007c64bb609df3f0547a72244b6a281594dcf0dc5998991911a389c48436a445b866279b66153999aa830fce9033a907eb7f6d34ae0d76ceae46281c9fe173e03cb623091a2c314002314e7cf15d15e3a55a7b8d67bac81e708464c952f60e7eaa97fc86a53cfd83b8907d965214e76bfe00f54c7a105599d5226f0049ffa31d42d457dd5c06e73cb14aef4337c5e689f9cf98a2c376297dd1b70ddef04e63a4c560bc8f9d9ad6e21a175a5d473ed2d7a90a4276a5e94b1dbdf1259c11e359b3d814a94b654efe7481cf7320e58ff6a7480a0157 -54 21
2026-06-03T19:39:15.011 IMG_PACKET 43490149087a989200002c50087ab4c234461b00dd837994fcc9c8c747fa007c64bb609df3f0547a72244b6a281594dcf0dc5998991911a389c48436a445b866279b66153999aa830fce9033a907eb7f6d34ae0d76ceae46281c9fe173e03cb623091a2c314002314e7cf15d15e3a55a7b8d67bac81e708464c952f60e7eaa97fc86a53cfd83b8907d965214e76bfe00f54c7a105599d5226f0049ffa31d42d457dd5c06e73cb14aef4337c5e689f9cf98a2c376297dd1b70ddef04e63a4c560bc8f9d9ad6e21a175a5d473ed2d7a90a4276a5e94b1dbdf1259c11e359b3d814a94b654efe7481cf7320e58ff6a7480a0157 RSSI=-54 SNR=21
2026-06-03T19:39:15.051 > p2p rx 0
2026-06-03T19:39:15.052 < >
2026-06-03T19:39:16.656 < >> Ok
2026-06-03T19:39:16.707 < >> radio_rx 43490149087a989200002c50087ab4c234461c00dd9f4ca686e10cac84f05c152aef8db35b33637990f85670da740abc00db122718bbeea0addab022d75b25fecb29f973cf57c59885c2378999d6efb5bdb1afbf66ceb4f6b72f25c08f4675c41911d59b619a84e1bb9c8babe0d0aa6a564c004fc204e06d8d8d2d6edb1563d29cc5fc3cf5d268ea2f8aea688be25d9080b6ec556340e25cb2de13292e9daf06958695091890b9a24cc841f92974f10174f8da6945bab9589c360816cd3b736f9dd24b1227ed2517d914a7f231c658a5bcc74b1ddb02970c9a60dd1779b95afe25d50f664c13def934373c74152bacc83771 -53 25
2026-06-03T19:39:16.713 IMG_PACKET 43490149087a989200002c50087ab4c234461c00dd9f4ca686e10cac84f05c152aef8db35b33637990f85670da740abc00db122718bbeea0addab022d75b25fecb29f973cf57c59885c2378999d6efb5bdb1afbf66ceb4f6b72f25c08f4675c41911d59b619a84e1bb9c8babe0d0aa6a564c004fc204e06d8d8d2d6edb1563d29cc5fc3cf5d268ea2f8aea688be25d9080b6ec556340e25cb2de13292e9daf06958695091890b9a24cc841f92974f10174f8da6945bab9589c360816cd3b736f9dd24b1227ed2517d914a7f231c658a5bcc74b1ddb02970c9a60dd1779b95afe25d50f664c13def934373c74152bacc83771 RSSI=-53 SNR=25
2026-06-03T19:39:16.753 > p2p rx 0
2026-06-03T19:39:16.754 < >
2026-06-03T19:39:18.358 < >> Ok
2026-06-03T19:39:18.408 < >> radio_rx 43490149087a989200002c50087ab4c234461d00dd62315ffbfad930e3f78ce09dfca1317b1aed77eb1f3e84f541300863c48ed4080dba3e36a541c774613f3e21f7ea2ac63c8ceae291cc16afc2743a3be57291d7f778a06f3d159ba9be868e84df24bc9be0aa91bdf1caf5fa4eff2268c6569eede38ce3585dadd53ee07efe1ad1bb0e78c11f9703bdca3f48e304c9d9af4e370028cfcab56a6f6498ccd90ca48b3409bfe252694865d2a6007cd706307a7316196bb4e3f1a0f20121867b98ce38748eeeda9719d8505927de30b76765dc196a2eaded7a61552df965d6e48b123d80f5b1889e4d720fd766d9a625eda623 -53 22
2026-06-03T19:39:18.414 IMG_PACKET 43490149087a989200002c50087ab4c234461d00dd62315ffbfad930e3f78ce09dfca1317b1aed77eb1f3e84f541300863c48ed4080dba3e36a541c774613f3e21f7ea2ac63c8ceae291cc16afc2743a3be57291d7f778a06f3d159ba9be868e84df24bc9be0aa91bdf1caf5fa4eff2268c6569eede38ce3585dadd53ee07efe1ad1bb0e78c11f9703bdca3f48e304c9d9af4e370028cfcab56a6f6498ccd90ca48b3409bfe252694865d2a6007cd706307a7316196bb4e3f1a0f20121867b98ce38748eeeda9719d8505927de30b76765dc196a2eaded7a61552df965d6e48b123d80f5b1889e4d720fd766d9a625eda623 RSSI=-53 SNR=22
2026-06-03T19:39:18.455 > p2p rx 0
2026-06-03T19:39:18.456 < >
2026-06-03T19:39:20.067 < >> Ok
2026-06-03T19:39:20.118 < >> radio_rx 43490149087a989200002c50087ab4c234461e00dd16b6727881f9cfe821cfa6f12aa77b378e93f4c242290433806c29ea62b96298cc8002b1740d5b1f330b77b88c6e47c79339fc9e7f87f04e9c89dbf50d45610c404c316f4a8bbf6fd79015a3276fd9e60571e35b660f20dd98dce70f86914843d385daaff8a3402e691c1172d4d1a66e85c4e15d88eff1804c2608658ecd703df7a9095f7fa1889906e56b448e74c719df0a939213c65ae2d011f5399e00b44bb5cf317f5ec36deb4c3107c2fb1651745931e93c2d27c866f93576730f9e241d2f34b536c04d8e76a850f93af45d73a9eb352187e41b5c623cecce11f5 -54 26
2026-06-03T19:39:20.123 IMG_PACKET 43490149087a989200002c50087ab4c234461e00dd16b6727881f9cfe821cfa6f12aa77b378e93f4c242290433806c29ea62b96298cc8002b1740d5b1f330b77b88c6e47c79339fc9e7f87f04e9c89dbf50d45610c404c316f4a8bbf6fd79015a3276fd9e60571e35b660f20dd98dce70f86914843d385daaff8a3402e691c1172d4d1a66e85c4e15d88eff1804c2608658ecd703df7a9095f7fa1889906e56b448e74c719df0a939213c65ae2d011f5399e00b44bb5cf317f5ec36deb4c3107c2fb1651745931e93c2d27c866f93576730f9e241d2f34b536c04d8e76a850f93af45d73a9eb352187e41b5c623cecce11f5 RSSI=-54 SNR=26
2026-06-03T19:39:20.164 > p2p rx 0
2026-06-03T19:39:20.165 < >
2026-06-03T19:39:21.768 < >> Ok
2026-06-03T19:39:21.819 < >> radio_rx 43490149087a989200002c50087ab4c234461f00dd3e1d28dc836ce3a8f82488969c39354f1fad4c0c851094902a2a43f4f9f1ec722ca5cc8a5bd9c9f75c7d4ee2727b059935719dbee5babbd81914c64135d174985f32fb608b3dde764e0d9e88cd01bbadde9d4a6c39b69621ce55b3e1dc33ed3fea0c1ec5d8800333fd98763f256a5f2ebce9495f2ceb37eeedcf85df6a941b2f8576a0dd509a7f9fcc6eed678556a64ed39269a2480d789409db77cac6a5a3a0a46f916e8928eec2bdfd224e0423f518381ca6a48f9f84bd5715ad0886d55c47be1e70d61287ec9461b52eb38a58e5e5be0770c7d72ca49fcd9cab73bc -53 27
2026-06-03T19:39:21.824 IMG_PACKET 43490149087a989200002c50087ab4c234461f00dd3e1d28dc836ce3a8f82488969c39354f1fad4c0c851094902a2a43f4f9f1ec722ca5cc8a5bd9c9f75c7d4ee2727b059935719dbee5babbd81914c64135d174985f32fb608b3dde764e0d9e88cd01bbadde9d4a6c39b69621ce55b3e1dc33ed3fea0c1ec5d8800333fd98763f256a5f2ebce9495f2ceb37eeedcf85df6a941b2f8576a0dd509a7f9fcc6eed678556a64ed39269a2480d789409db77cac6a5a3a0a46f916e8928eec2bdfd224e0423f518381ca6a48f9f84bd5715ad0886d55c47be1e70d61287ec9461b52eb38a58e5e5be0770c7d72ca49fcd9cab73bc RSSI=-53 SNR=27
2026-06-03T19:39:21.865 > p2p rx 0
2026-06-03T19:39:21.867 < >
2026-06-03T19:39:23.470 < >> Ok
2026-06-03T19:39:23.521 < >> radio_rx 43490149087a989200002c50087ab4c234462000dd704bbdef9e0b6bc654641934627551d588c3004ed8d0de94b8987f33317781d4f28840011e5aee4075a3c40f97bf3e34175ebb5d75fad0581ef049252663b5f454f15456e96d43eb44e778f3f1c460f15f24bcd05b9705575135783cf16ebe149163c4534e419e76706dc0c7714755cdbd7eb0425a2cf38b7cccf3a34eff0cda2ab61bc7d26a4c2c057517ce2480bd0706a2648d2f7ed58ae94e31c6f596c76ace772968c534465fb7a26404e8177b3e4da3e4ccc8fc2a1db63b94dd3cae66fbf4e370c9afe1e3515b922800f59e48f16c76d56e78011a2192f44ae816 -53 32
2026-06-03T19:39:23.525 IMG_PACKET 43490149087a989200002c50087ab4c234462000dd704bbdef9e0b6bc654641934627551d588c3004ed8d0de94b8987f33317781d4f28840011e5aee4075a3c40f97bf3e34175ebb5d75fad0581ef049252663b5f454f15456e96d43eb44e778f3f1c460f15f24bcd05b9705575135783cf16ebe149163c4534e419e76706dc0c7714755cdbd7eb0425a2cf38b7cccf3a34eff0cda2ab61bc7d26a4c2c057517ce2480bd0706a2648d2f7ed58ae94e31c6f596c76ace772968c534465fb7a26404e8177b3e4da3e4ccc8fc2a1db63b94dd3cae66fbf4e370c9afe1e3515b922800f59e48f16c76d56e78011a2192f44ae816 RSSI=-53 SNR=32
2026-06-03T19:39:23.568 > p2p rx 0
2026-06-03T19:39:23.569 < >
2026-06-03T19:39:25.171 < >> Ok
2026-06-03T19:39:25.222 < >> radio_rx 43490149087a989200002c50087ab4c234462100dd9bbe1e0e7fc1d6b84e50e399bdc12098cde2183924dccce7c495c4a6750366977fa72454bee74024dffe4a7d22d2b3ef222f83435f9219ecaf077db1df9a372ce4acdc5be35219db2062ef991f9768a7814234e3c18d0eddd8a0c4718a9494c0ff652d56ee2ac2f7b3bc9de67c2dd387f5e3e0bb1e9021186db0005e371bfff25a191a71f79282fa1199505ef0863f960b0100bb7acbd197e6f69f40ca9a7181457c9a0467d38c5f41f42036191a77280ee81f4ce818e1b032938db9590bcf66fc7f254e4a53f00a5e8de07bacf5313cbea51d61cf27c81ed8b764ede0 -53 26
2026-06-03T19:39:25.227 IMG_PACKET 43490149087a989200002c50087ab4c234462100dd9bbe1e0e7fc1d6b84e50e399bdc12098cde2183924dccce7c495c4a6750366977fa72454bee74024dffe4a7d22d2b3ef222f83435f9219ecaf077db1df9a372ce4acdc5be35219db2062ef991f9768a7814234e3c18d0eddd8a0c4718a9494c0ff652d56ee2ac2f7b3bc9de67c2dd387f5e3e0bb1e9021186db0005e371bfff25a191a71f79282fa1199505ef0863f960b0100bb7acbd197e6f69f40ca9a7181457c9a0467d38c5f41f42036191a77280ee81f4ce818e1b032938db9590bcf66fc7f254e4a53f00a5e8de07bacf5313cbea51d61cf27c81ed8b764ede0 RSSI=-53 SNR=26
2026-06-03T19:39:25.268 > p2p rx 0
2026-06-03T19:39:25.270 < >
2026-06-03T19:39:26.873 < >> Ok
2026-06-03T19:39:26.926 < >> radio_rx 43490149087a989200002c50087ab4c234462200dd2d90ef886ee9bbf42efabefba2638e41fb892323de391db476f2f4605203f53bf9fc56623e40693deda13eee6d7183c69c73473013f9bb4cf655ba4d45694d5c79a9241a8a3d366ea3f87a2eda1a5c76d28ac89215b18f458d62eae3d781fbcfbcb05a0dc8634150493322c89dbf2d97ac279f3c806f34c3c4ac43eed27bdf01c7014bcf8726c3c90529d3354470655620f1d908b0cf74c03204a7da4de99379e73576c12d53c037cecc95aa813339f96df86e86d0ec19f1c8fda279bf01ff03b262411ed07c213fdf45e158e54b23755644e6377abd58a852d9205e76 -53 30
2026-06-03T19:39:26.931 IMG_PACKET 43490149087a989200002c50087ab4c234462200dd2d90ef886ee9bbf42efabefba2638e41fb892323de391db476f2f4605203f53bf9fc56623e40693deda13eee6d7183c69c73473013f9bb4cf655ba4d45694d5c79a9241a8a3d366ea3f87a2eda1a5c76d28ac89215b18f458d62eae3d781fbcfbcb05a0dc8634150493322c89dbf2d97ac279f3c806f34c3c4ac43eed27bdf01c7014bcf8726c3c90529d3354470655620f1d908b0cf74c03204a7da4de99379e73576c12d53c037cecc95aa813339f96df86e86d0ec19f1c8fda279bf01ff03b262411ed07c213fdf45e158e54b23755644e6377abd58a852d9205e76 RSSI=-53 SNR=30
2026-06-03T19:39:26.969 > p2p rx 0
2026-06-03T19:39:26.971 < >
2026-06-03T19:39:28.574 < >> Ok
2026-06-03T19:39:28.626 < >> radio_rx 43490149087a989200002c50087ab4c234462300dd8b7ec581181e8e437aba7d2cf1236e3f789b23a4f1825cd596d04d5b6f2b8fa3a50a43e9baccb2846bd7eafcf6ff8dc6d4251e4cac9eacf044b5fbb9e5cd479349f09d360ad55241516de5bc2ae4bfe47f0e34b26ea0ebc2dfb676f3f3ef7ca173ffb8268d2a6f4ea626ff901b36a461821f5d291961b16d7df9338c992844a92fbcb882749e1fdbad0225cddff69e3c8e959b562ad97649759c35999adacd7da2e1567fe540a69bb731f2501b6ce9077071b59a817b48d9eb12f57fb27505762c6bcbba8478384aeac86730059a1ae098bfec923da835cbef33f8af08 -52 32
2026-06-03T19:39:28.632 IMG_PACKET 43490149087a989200002c50087ab4c234462300dd8b7ec581181e8e437aba7d2cf1236e3f789b23a4f1825cd596d04d5b6f2b8fa3a50a43e9baccb2846bd7eafcf6ff8dc6d4251e4cac9eacf044b5fbb9e5cd479349f09d360ad55241516de5bc2ae4bfe47f0e34b26ea0ebc2dfb676f3f3ef7ca173ffb8268d2a6f4ea626ff901b36a461821f5d291961b16d7df9338c992844a92fbcb882749e1fdbad0225cddff69e3c8e959b562ad97649759c35999adacd7da2e1567fe540a69bb731f2501b6ce9077071b59a817b48d9eb12f57fb27505762c6bcbba8478384aeac86730059a1ae098bfec923da835cbef33f8af08 RSSI=-52 SNR=32
2026-06-03T19:39:28.672 > p2p rx 0
2026-06-03T19:39:28.673 < >
2026-06-03T19:39:30.276 < >> Ok
2026-06-03T19:39:30.329 < >> radio_rx 43490149087a989200002c50087ab4c234462400dd92f44601190809c36b2e5599b1422567f160161cfd332de2876ca5de452fda09105052c3598d62a6598ad0fbaa7a93709f22442b4d3eb45ee516993120d9f54ee466e79ad26540b4c75920f710c048ad3535f5ec213db27fa636161525c4e4196698955ae63db06936566b5af381a8a7c2ceecf9e28f7face29ce484d3f4b0bfcddb719e4d47a662da125ce747dfa6cd95809a364071969b9d737bb0a07d4d354edd815d506b11e9688453cb0694c605c4810c59dea3ca1a09e1b3ef3fe803bb9af743616df6d9bdcbda341422dd502ec586d1e7ef6514869e2968bba0 -52 33
2026-06-03T19:39:30.333 IMG_PACKET 43490149087a989200002c50087ab4c234462400dd92f44601190809c36b2e5599b1422567f160161cfd332de2876ca5de452fda09105052c3598d62a6598ad0fbaa7a93709f22442b4d3eb45ee516993120d9f54ee466e79ad26540b4c75920f710c048ad3535f5ec213db27fa636161525c4e4196698955ae63db06936566b5af381a8a7c2ceecf9e28f7face29ce484d3f4b0bfcddb719e4d47a662da125ce747dfa6cd95809a364071969b9d737bb0a07d4d354edd815d506b11e9688453cb0694c605c4810c59dea3ca1a09e1b3ef3fe803bb9af743616df6d9bdcbda341422dd502ec586d1e7ef6514869e2968bba0 RSSI=-52 SNR=33
2026-06-03T19:39:30.373 > p2p rx 0
2026-06-03T19:39:30.374 < >
2026-06-03T19:39:31.977 < >> Ok
2026-06-03T19:39:32.025 < >> radio_rx 43490149087a989200002c50087ab4c234462500dd38623280de7590f6f94ad774ecbc5a89622558aa4b4f087bcdc47c286139f5585b08fd159d483b64484fdf3fcda6ff0abea9e90d8d0f8d8b800580d18c2c031c7754b169f851a343d711e0d07d38abb5fca02f5cb57ed66180b9c4127424025086ba86b2cca9ef575a27494b1b72a34a6593f8ae23470f4c3eac964a82dba09708da0e178df45cd26a4fa7603867b91699dded4c47b45cd930b5042e16870ffb82de570d41533da80a63d6aa0047d3995f88b90d288ecfab260137c48e9590291dd1fd2107a602e1c3d5779ed1fee21601975fdc6227185b58f9948b64 -51 31
2026-06-03T19:39:32.030 IMG_PACKET 43490149087a989200002c50087ab4c234462500dd38623280de7590f6f94ad774ecbc5a89622558aa4b4f087bcdc47c286139f5585b08fd159d483b64484fdf3fcda6ff0abea9e90d8d0f8d8b800580d18c2c031c7754b169f851a343d711e0d07d38abb5fca02f5cb57ed66180b9c4127424025086ba86b2cca9ef575a27494b1b72a34a6593f8ae23470f4c3eac964a82dba09708da0e178df45cd26a4fa7603867b91699dded4c47b45cd930b5042e16870ffb82de570d41533da80a63d6aa0047d3995f88b90d288ecfab260137c48e9590291dd1fd2107a602e1c3d5779ed1fee21601975fdc6227185b58f9948b64 RSSI=-51 SNR=31
2026-06-03T19:39:32.074 > p2p rx 0
2026-06-03T19:39:32.076 < >
2026-06-03T19:39:33.679 < >> Ok
2026-06-03T19:39:33.733 < >> radio_rx 43490149087a989200002c50087ab4c234462600dd6f12f7996caafa0de6bcb85a8e52b64e01b34ca02ceb2660c938a3e041236af56dc26d5b852022ff45bc98b4b2d407dd76b09cb28e66f5226e99816e25d4fb22e2a9f0156f4e554e9ae324cb8ce31e0138d3137b76e83f418fbe740f3d0654e9dea2cbe6a4e6226ad74876ca9459bce9aa6cc998f1aed4690556423e7fb59fc4c7bd7f69be4fbc3a65202eeaa65ac63926462bf0687773293583f0eb1595f31d8be6c50d0a4c9598101c6b976bc4f700845d50c72d7ea572baa3336b66568fb0e2acab0861f1cb76951210466279fb1e22352052613249d2b3357cdc3a -51 33
2026-06-03T19:39:33.737 IMG_PACKET 43490149087a989200002c50087ab4c234462600dd6f12f7996caafa0de6bcb85a8e52b64e01b34ca02ceb2660c938a3e041236af56dc26d5b852022ff45bc98b4b2d407dd76b09cb28e66f5226e99816e25d4fb22e2a9f0156f4e554e9ae324cb8ce31e0138d3137b76e83f418fbe740f3d0654e9dea2cbe6a4e6226ad74876ca9459bce9aa6cc998f1aed4690556423e7fb59fc4c7bd7f69be4fbc3a65202eeaa65ac63926462bf0687773293583f0eb1595f31d8be6c50d0a4c9598101c6b976bc4f700845d50c72d7ea572baa3336b66568fb0e2acab0861f1cb76951210466279fb1e22352052613249d2b3357cdc3a RSSI=-51 SNR=33
2026-06-03T19:39:33.775 > p2p rx 0
2026-06-03T19:39:33.777 < >
2026-06-03T19:39:35.380 < >> Ok
2026-06-03T19:39:35.431 < >> radio_rx 43490149087a989200002c50087ab4c234462700dddb0295fa2248a13ba8683501d4e41d3906b4362825d9144bf19fa1c68fbf91e6ae1760c3b80c79a3b1c442d28ba82e9973320c4ee32752da11510d8ee1aea909c7dd1ad0dadb18511dce96588b2962f9040c7d2758c6229deb0495e87132d94b429d5f3cd2874c69cf06e42fc8ae4ba622e4a1f738d9c21afdd5875976d399692a1c172dce9b77514bb3c9af6b882ffc295bd50b271c2d5362e12be59bf681791d4e3014e11b12f838b2561407752774ca2c12d88166c3dee6e892c9a76e4eac62ecd36264140ab3f911c19876fc4010acc2f13f03ff011f6cf730329a -51 33
2026-06-03T19:39:35.438 IMG_PACKET 43490149087a989200002c50087ab4c234462700dddb0295fa2248a13ba8683501d4e41d3906b4362825d9144bf19fa1c68fbf91e6ae1760c3b80c79a3b1c442d28ba82e9973320c4ee32752da11510d8ee1aea909c7dd1ad0dadb18511dce96588b2962f9040c7d2758c6229deb0495e87132d94b429d5f3cd2874c69cf06e42fc8ae4ba622e4a1f738d9c21afdd5875976d399692a1c172dce9b77514bb3c9af6b882ffc295bd50b271c2d5362e12be59bf681791d4e3014e11b12f838b2561407752774ca2c12d88166c3dee6e892c9a76e4eac62ecd36264140ab3f911c19876fc4010acc2f13f03ff011f6cf730329a RSSI=-51 SNR=33
2026-06-03T19:39:35.477 > p2p rx 0
2026-06-03T19:39:35.479 < >
2026-06-03T19:39:37.082 < >> Ok
2026-06-03T19:39:37.135 < >> radio_rx 43490149087a989200002c50087ab4c234462800dd95abecd86335262ecab620bf5f8492d47d9acd9c89815d49414f1baf41a3954d46bd47766e1b2be3bb54234a2b6f4d92d01a70f7f7f539f792d374fe429844203663b52779da993555c47f2c5d2607bf284f3dbf440753a241c03cf600da4deb0989b7470a7ed53634d03c65cba63b7ff848c3451e840fbe3144210e0f0fcd5cd2394570314b5929ce7a0e198dcdd9b899de9459dce9aab47c223a81d36d6968d4332144d38f1bb28bf1b11a8ea6061f9a03f13d640647a473f52dda75fa65e1321313f8f89bcf7ed98b25f052c8f2a5471b024a0249f5426373244118 -51 31
2026-06-03T19:39:37.142 IMG_PACKET 43490149087a989200002c50087ab4c234462800dd95abecd86335262ecab620bf5f8492d47d9acd9c89815d49414f1baf41a3954d46bd47766e1b2be3bb54234a2b6f4d92d01a70f7f7f539f792d374fe429844203663b52779da993555c47f2c5d2607bf284f3dbf440753a241c03cf600da4deb0989b7470a7ed53634d03c65cba63b7ff848c3451e840fbe3144210e0f0fcd5cd2394570314b5929ce7a0e198dcdd9b899de9459dce9aab47c223a81d36d6968d4332144d38f1bb28bf1b11a8ea6061f9a03f13d640647a473f52dda75fa65e1321313f8f89bcf7ed98b25f052c8f2a5471b024a0249f5426373244118 RSSI=-51 SNR=31
2026-06-03T19:39:37.179 > p2p rx 0
2026-06-03T19:39:37.181 < >
2026-06-03T19:39:38.783 < >> Ok
2026-06-03T19:39:38.835 < >> radio_rx 43490149087a989200002c50087ab4c234462900dd88af198de5c8e3cf1594dd1fd4cd5a496a4b18ff25ec932845b6fa9222cfe6e93bfb4cdc80ffc216fad1ffb60c490621dcacd88313cd2040a247952e17c6f09c72fabc7b3542b257888f4060a75daef8366e79c505b0049e469ce8c06e5dbe08bb3f518ed8e6567b1d2dd029bd36e23d4821b64463a9d86e0dd7ae05787dd91eacb7d829038a9e4d8e10fe0a6316c54f8a824310da43564bcc263eb89fa858ef772f0f311bfea9efe8e66d4e99a9632c107039bdc9f4b457116d993089839ee0225d7a0840015e923d88fd37eb7e5cd5036aa50c16d07b1b103ca4ba25 -51 32
2026-06-03T19:39:38.839 IMG_PACKET 43490149087a989200002c50087ab4c234462900dd88af198de5c8e3cf1594dd1fd4cd5a496a4b18ff25ec932845b6fa9222cfe6e93bfb4cdc80ffc216fad1ffb60c490621dcacd88313cd2040a247952e17c6f09c72fabc7b3542b257888f4060a75daef8366e79c505b0049e469ce8c06e5dbe08bb3f518ed8e6567b1d2dd029bd36e23d4821b64463a9d86e0dd7ae05787dd91eacb7d829038a9e4d8e10fe0a6316c54f8a824310da43564bcc263eb89fa858ef772f0f311bfea9efe8e66d4e99a9632c107039bdc9f4b457116d993089839ee0225d7a0840015e923d88fd37eb7e5cd5036aa50c16d07b1b103ca4ba25 RSSI=-51 SNR=32
2026-06-03T19:39:38.880 > p2p rx 0
2026-06-03T19:39:38.882 < >
2026-06-03T19:39:40.485 < >> Ok
2026-06-03T19:39:40.537 < >> radio_rx 43490149087a989200002c50087ab4c234462a00dd258948cfb7ed1869fe65a41ed9bf030873593e4aff84890fc19b3a0d7b8c7a7ee3ac8f4c1022a14cf5588fd7a940fa3059183e653e8c98863f0425caf80c47baf3070470aed459947d6cc00ad7dc327dc426da78ac1e7a504aefae3003b41312eb897eba7e88d57ae7ebea72456402d6db7b9e11d35510951ea35fdea944dce0898433aabf68f69f0074544b4d6537956a9402c149052eff5a80ebf0f8b18290372ac2c2bd6c60d3eab210741920849345569f8a48560f84ba8a07bfb694c6b0c633f166fcbd59c4e239ada681bfd9f1028e7f8be7396d24d3f2ab5088 -50 33
2026-06-03T19:39:40.542 IMG_PACKET 43490149087a989200002c50087ab4c234462a00dd258948cfb7ed1869fe65a41ed9bf030873593e4aff84890fc19b3a0d7b8c7a7ee3ac8f4c1022a14cf5588fd7a940fa3059183e653e8c98863f0425caf80c47baf3070470aed459947d6cc00ad7dc327dc426da78ac1e7a504aefae3003b41312eb897eba7e88d57ae7ebea72456402d6db7b9e11d35510951ea35fdea944dce0898433aabf68f69f0074544b4d6537956a9402c149052eff5a80ebf0f8b18290372ac2c2bd6c60d3eab210741920849345569f8a48560f84ba8a07bfb694c6b0c633f166fcbd59c4e239ada681bfd9f1028e7f8be7396d24d3f2ab5088 RSSI=-50 SNR=33
2026-06-03T19:39:40.581 > p2p rx 0
2026-06-03T19:39:40.582 < >
2026-06-03T19:39:42.186 < >> Ok
2026-06-03T19:39:42.236 < >> radio_rx 43490149087a989200002c50087ab4c234462b00dd7d663043f72f1649f97bdf40198d2ad5d68983bb715d4930f840b0aee5f2d782a2b7d8d44b6ef77048493e501ccc3501d0fa54a982e61bc66805241813a90a845e63f1dec55b093d1cbe6a58872c8a1160ba6792ce8e31b8360ecd1cb91616f31a6ae9bfe33aa4e75ad4c1e5413f4d41d0042c676ddadb8ca6d08be83c37663c0d46c219987ae6b94ea6eb730ebdc7e68315c8e48060a067ab5576ff39801b2118cdd8612f3daa67d4f959c1a5a40970671f869547b8e754be6f581e95a8a4aab9f330c519ef0f5762bcb44f405f6f18e7105d519a7056d7cfa8726576 -51 33
2026-06-03T19:39:42.241 IMG_PACKET 43490149087a989200002c50087ab4c234462b00dd7d663043f72f1649f97bdf40198d2ad5d68983bb715d4930f840b0aee5f2d782a2b7d8d44b6ef77048493e501ccc3501d0fa54a982e61bc66805241813a90a845e63f1dec55b093d1cbe6a58872c8a1160ba6792ce8e31b8360ecd1cb91616f31a6ae9bfe33aa4e75ad4c1e5413f4d41d0042c676ddadb8ca6d08be83c37663c0d46c219987ae6b94ea6eb730ebdc7e68315c8e48060a067ab5576ff39801b2118cdd8612f3daa67d4f959c1a5a40970671f869547b8e754be6f581e95a8a4aab9f330c519ef0f5762bcb44f405f6f18e7105d519a7056d7cfa8726576 RSSI=-51 SNR=33
2026-06-03T19:39:42.283 > p2p rx 0
2026-06-03T19:39:42.284 < >
2026-06-03T19:39:43.888 < >> Ok
2026-06-03T19:39:43.939 < >> radio_rx 43490149087a989200002c50087ab4c234462c00dd79fe40a7a4b7e69ecdd1f56cf6b595c6e6dd338bd4d201b2af68969b7b281c5bf44b01275006a90543a9ba4d1851d2200cb9b3b567ec5271714dbd44b85b003029d6fd72899e32f38d7b77bdde1367373a141349528da7f0673089f6ff564c96ba8b3884c089022c57b65fb500e66fe250dc4d18b4e8f69a07d438424b8618fe8f1fc729d6eabb4aaa66e5323bea3120c6ce55b5cb987fe2db740a655f7b0359bbde1baa3f25ce1092e8efcad8616fac5356595d4187d6f1f9db0d75f17d9a9789261ee68bc698b95ebf079e91aa388ed758b175ad519ca244ffae8517 -51 33
2026-06-03T19:39:43.944 IMG_PACKET 43490149087a989200002c50087ab4c234462c00dd79fe40a7a4b7e69ecdd1f56cf6b595c6e6dd338bd4d201b2af68969b7b281c5bf44b01275006a90543a9ba4d1851d2200cb9b3b567ec5271714dbd44b85b003029d6fd72899e32f38d7b77bdde1367373a141349528da7f0673089f6ff564c96ba8b3884c089022c57b65fb500e66fe250dc4d18b4e8f69a07d438424b8618fe8f1fc729d6eabb4aaa66e5323bea3120c6ce55b5cb987fe2db740a655f7b0359bbde1baa3f25ce1092e8efcad8616fac5356595d4187d6f1f9db0d75f17d9a9789261ee68bc698b95ebf079e91aa388ed758b175ad519ca244ffae8517 RSSI=-51 SNR=33
2026-06-03T19:39:43.984 > p2p rx 0
2026-06-03T19:39:43.989 < >
2026-06-03T19:39:45.589 < >> Ok
2026-06-03T19:39:45.643 < >> radio_rx 43490149087a989200002c50087ab4c234462d00dd8336ed8874d292444caad7f5cb2b2a2caf975eefb528bb3f7eed69d6396e11c603efe5fe00123be34df78006f9ea9770301742d22bb3c9e98f21c1c38d031a5cba534d6132a30aee1090897a1fbd63143c32c9be9bfdb28f7373c836f77bee46ac03479d375f20ffafb78d099450abaeee63a91a02da75c20f8e7f4475b083389f3098208e23dabf3a384dc4b37982bd86a3f45450389a07b4d8f77f6848dde3372d63fac059f95a099db814c11c4a643cf4ccb9fb27ceac6c498d8efbc44e98296124f4fe455c27cc98f754d4d2adccf3c18d43e5e88aea155e255c8d -53 32
2026-06-03T19:39:45.648 IMG_PACKET 43490149087a989200002c50087ab4c234462d00dd8336ed8874d292444caad7f5cb2b2a2caf975eefb528bb3f7eed69d6396e11c603efe5fe00123be34df78006f9ea9770301742d22bb3c9e98f21c1c38d031a5cba534d6132a30aee1090897a1fbd63143c32c9be9bfdb28f7373c836f77bee46ac03479d375f20ffafb78d099450abaeee63a91a02da75c20f8e7f4475b083389f3098208e23dabf3a384dc4b37982bd86a3f45450389a07b4d8f77f6848dde3372d63fac059f95a099db814c11c4a643cf4ccb9fb27ceac6c498d8efbc44e98296124f4fe455c27cc98f754d4d2adccf3c18d43e5e88aea155e255c8d RSSI=-53 SNR=32
2026-06-03T19:39:45.687 > p2p rx 0
2026-06-03T19:39:45.689 < >
2026-06-03T19:39:47.291 < >> Ok
2026-06-03T19:39:47.344 < >> radio_rx 43490149087a989200002c50087ab4c234462e00dd984154c1890f6015269544466518526b83767a66391a87712f6befc1e5ba619d1ea19ba7b065729afa2476b6aa59f8a5145805cba4655e041573e10ec6edfba0527b97ef872aedd1e2ff5ea1d60efee21d349de9f2a84e2f06c871581b74758eb5f8f1d2b26d380f5164387d47220fba293c7fff6564e39ec620e1ddb514728386ca889ab2f3ffa66cabb045d27ac692527ca070b66e3ab6e77807a83d555cc1ccbcad8868db39b7f6278a5f76b544dd719870e54dd7bece4d51e1a3811129abcf13ad0224c958e24906184eaff28be03e5cdd2fa8ae2430dc50b94d8e -57 33
2026-06-03T19:39:47.348 IMG_PACKET 43490149087a989200002c50087ab4c234462e00dd984154c1890f6015269544466518526b83767a66391a87712f6befc1e5ba619d1ea19ba7b065729afa2476b6aa59f8a5145805cba4655e041573e10ec6edfba0527b97ef872aedd1e2ff5ea1d60efee21d349de9f2a84e2f06c871581b74758eb5f8f1d2b26d380f5164387d47220fba293c7fff6564e39ec620e1ddb514728386ca889ab2f3ffa66cabb045d27ac692527ca070b66e3ab6e77807a83d555cc1ccbcad8868db39b7f6278a5f76b544dd719870e54dd7bece4d51e1a3811129abcf13ad0224c958e24906184eaff28be03e5cdd2fa8ae2430dc50b94d8e RSSI=-57 SNR=33
2026-06-03T19:39:47.388 > p2p rx 0
2026-06-03T19:39:47.389 < >
2026-06-03T19:39:48.992 < >> Ok
2026-06-03T19:39:49.042 < >> radio_rx 43490149087a989200002c50087ab4c234462f00ddf2d8faa6e7508cf94ecae561f86c96fbac03c193a0239c3603de1a576e094271ddafae298da8c30651e500d356b7a72867f25859cb1ad194c16fa1202499f248e6c46d03a4196005179b22f7e4fd2f980fc3e37fc8bf38b042641435f1f31567f51fe50bb343e5ea08a1e3decaf3f74e9f8eefd56f47922a97a091cc3a5838943585de87753db108c5282a766098c5a83d9a67f6e98fffcf4e7e9ce2c29b80d55ba80781b75e60958e1ebaec5de276f8b321760e1196eaf1d8b26db661cc618817cdf7216bd3ef75048c0f2a278aa92d58c85c80302cb388ed7055d1c3 -61 28
2026-06-03T19:39:49.047 IMG_PACKET 43490149087a989200002c50087ab4c234462f00ddf2d8faa6e7508cf94ecae561f86c96fbac03c193a0239c3603de1a576e094271ddafae298da8c30651e500d356b7a72867f25859cb1ad194c16fa1202499f248e6c46d03a4196005179b22f7e4fd2f980fc3e37fc8bf38b042641435f1f31567f51fe50bb343e5ea08a1e3decaf3f74e9f8eefd56f47922a97a091cc3a5838943585de87753db108c5282a766098c5a83d9a67f6e98fffcf4e7e9ce2c29b80d55ba80781b75e60958e1ebaec5de276f8b321760e1196eaf1d8b26db661cc618817cdf7216bd3ef75048c0f2a278aa92d58c85c80302cb388ed7055d1c3 RSSI=-61 SNR=28
2026-06-03T19:39:49.088 > p2p rx 0
2026-06-03T19:39:49.090 < >
2026-06-03T19:39:50.694 < >> Ok
2026-06-03T19:39:50.748 < >> radio_rx 43490149087a989200002c50087ab4c234463000dd2eee6da797369b6af2ab1458bae54905ad2e4e22013ed1ff41adae39561dc1adbeb1c164f540c925eb2e9dd246c098c41ca016509d2ce5d08a45e8ad240dab5a4a715310cb5f3ca0ad7615ef2588b03ccb0c4c68af2b343786e774e57ae84bdf4758ab5f0da588066465ba128a2503b365c21e6e5f3b5ccc1f71e4996ac5e9b2bd5c4871ced3cab3f140ad198c832dda1c1adb1831eb324aab4055d6159e22dfd043a9b6182c9d4a990fd58fffc3c0a37c9e85c2499e93962db82f1437ab58fe9ba95591cacd4b733e88c166dd59bcae6e7e3f5ed15f05a33031404c14 -58 33
2026-06-03T19:39:50.752 IMG_PACKET 43490149087a989200002c50087ab4c234463000dd2eee6da797369b6af2ab1458bae54905ad2e4e22013ed1ff41adae39561dc1adbeb1c164f540c925eb2e9dd246c098c41ca016509d2ce5d08a45e8ad240dab5a4a715310cb5f3ca0ad7615ef2588b03ccb0c4c68af2b343786e774e57ae84bdf4758ab5f0da588066465ba128a2503b365c21e6e5f3b5ccc1f71e4996ac5e9b2bd5c4871ced3cab3f140ad198c832dda1c1adb1831eb324aab4055d6159e22dfd043a9b6182c9d4a990fd58fffc3c0a37c9e85c2499e93962db82f1437ab58fe9ba95591cacd4b733e88c166dd59bcae6e7e3f5ed15f05a33031404c14 RSSI=-58 SNR=33
2026-06-03T19:39:50.791 > p2p rx 0
2026-06-03T19:39:50.792 < >
2026-06-03T19:39:52.395 < >> Ok
2026-06-03T19:39:52.450 < >> radio_rx 43490149087a989200002c50087ab4c234463100dd0546b9279afa6d1c9c11c0cbf7d2de221b41f2f1292a2fb76abe9282d226554b4887bf6f8064528a9d36e71da4b13e61e3055054d0a9ff7975ff3880f26588a06c46ad4e12a27b228219cbfb238f00175059fc84cd1cda2b99b33a9e6d784abead2db58960fa17c68eabf25ea198cd52922a384044c642ffc033e906fe795ceed61a21d20c6550860707bbbeecdbd58331b28a3f8d6d800b18d3c55fbc5bc8046aac9945d468ed682f8b375ab3c5c949872d4be3106b5c302a4aadde75f446bd1e73d890f28db69a1d0a1075cb450d37c016d932e5064b61eb5fa11df9 -59 31
2026-06-03T19:39:52.455 IMG_PACKET 43490149087a989200002c50087ab4c234463100dd0546b9279afa6d1c9c11c0cbf7d2de221b41f2f1292a2fb76abe9282d226554b4887bf6f8064528a9d36e71da4b13e61e3055054d0a9ff7975ff3880f26588a06c46ad4e12a27b228219cbfb238f00175059fc84cd1cda2b99b33a9e6d784abead2db58960fa17c68eabf25ea198cd52922a384044c642ffc033e906fe795ceed61a21d20c6550860707bbbeecdbd58331b28a3f8d6d800b18d3c55fbc5bc8046aac9945d468ed682f8b375ab3c5c949872d4be3106b5c302a4aadde75f446bd1e73d890f28db69a1d0a1075cb450d37c016d932e5064b61eb5fa11df9 RSSI=-59 SNR=31
2026-06-03T19:39:52.494 > p2p rx 0
2026-06-03T19:39:52.494 < >
2026-06-03T19:39:54.097 < >> Ok
2026-06-03T19:39:54.150 < >> radio_rx 43490149087a989200002c50087ab4c234463200dd2407639eb1db65110bc90109e1edfc43f37658a7c4d9e5a092ae8fa8c5cb5013820dadce61ff3cc1ce9b7b588ebcc6e0ed845c393f5093f1acf742eb59d025556fb6470c74a078294dd9327c82ae0c8910cb66a1f724668170a4a2c3441051d4208ef5431586285b8199c2494aeac217b1a52473aa3e30553a01ad62b2e9052c2c846b6c54607de0085fdc28247f8f37277780e4409f7cc2daa0a56128b379c7b2bec1f02048975c76aa04e965ef27f4719045dfa031db406c1be7e5283727070f1178430aa944b77863a766a5bc3326ce07ff806167cd451078ff59db -59 32
2026-06-03T19:39:54.155 IMG_PACKET 43490149087a989200002c50087ab4c234463200dd2407639eb1db65110bc90109e1edfc43f37658a7c4d9e5a092ae8fa8c5cb5013820dadce61ff3cc1ce9b7b588ebcc6e0ed845c393f5093f1acf742eb59d025556fb6470c74a078294dd9327c82ae0c8910cb66a1f724668170a4a2c3441051d4208ef5431586285b8199c2494aeac217b1a52473aa3e30553a01ad62b2e9052c2c846b6c54607de0085fdc28247f8f37277780e4409f7cc2daa0a56128b379c7b2bec1f02048975c76aa04e965ef27f4719045dfa031db406c1be7e5283727070f1178430aa944b77863a766a5bc3326ce07ff806167cd451078ff59db RSSI=-59 SNR=32
2026-06-03T19:39:54.193 > p2p rx 0
2026-06-03T19:39:54.194 < >
2026-06-03T19:39:55.798 < >> Ok
2026-06-03T19:39:55.850 < >> radio_rx 43490149087a989200002c50087ab4c234463300dddb6863b71e8d8523264ddf077f5ba88e44eabbbc6351cbd5d5e9d841491dd77220764420ae388efccd400bc1ad4dd6ab5b120e9abb47f51209a5321405fc1f373f2e4b9e1ccbec25bea1dd48e042290ad0077aadc4e4b892e8b64c996f9c4021b91af2ba9472f4e85bd918d3cc7d2b8664fd17d4c34c92a17b152871aac254ce70e80599ca14e533ba6b18261160610119cbcfece18965e2890754166dc51625bd07e199cc9829543480e4f6fde601f7e00922c14b282e15cb041b6d73169c3b7dcec7fb58e77d68e15276ebdcba4abcf0d18a2d9ea84edc2803056299 -59 32
2026-06-03T19:39:56.571 IMG_PACKET 43490149087a989200002c50087ab4c234463300dddb6863b71e8d8523264ddf077f5ba88e44eabbbc6351cbd5d5e9d841491dd77220764420ae388efccd400bc1ad4dd6ab5b120e9abb47f51209a5321405fc1f373f2e4b9e1ccbec25bea1dd48e042290ad0077aadc4e4b892e8b64c996f9c4021b91af2ba9472f4e85bd918d3cc7d2b8664fd17d4c34c92a17b152871aac254ce70e80599ca14e533ba6b18261160610119cbcfece18965e2890754166dc51625bd07e199cc9829543480e4f6fde601f7e00922c14b282e15cb041b6d73169c3b7dcec7fb58e77d68e15276ebdcba4abcf0d18a2d9ea84edc2803056299 RSSI=-59 SNR=32
2026-06-03T19:39:56.571 > p2p rx 0
2026-06-03T19:39:56.572 < >
2026-06-03T19:39:57.500 < >> Ok
2026-06-03T19:39:57.550 < >> radio_rx 43490149087a989200002c50087ab4c234463400ddcbf623614d0c2c8c42c8d09a7bfc7da3ddd1060c1adaa51e20d9baf9c5bef7ca10bd6a7237d929a414134368848b660e56dabcd680373baff1540cfeea248ce5fafd67f1d0f498be169156f40025e2a771e3f53f28728649e6fee079f2e4f197bc267a30e2af8b14c78b6abaff17178c92805e1ffb6b9e4a9dad8e1228ad7553854542ebe0c2e26362f1446ed6ca428aacea53b7e829f6636bb2322123c105d3e47a8ddbcf213b1034c0fe477dc75e8ef6e6eff173f0df5838371f6e979d16a17b68e925d6fa94a75bcccbd43840ac2bcb46969e30384b42e8f5284ded -59 31
2026-06-03T19:39:57.555 IMG_PACKET 43490149087a989200002c50087ab4c234463400ddcbf623614d0c2c8c42c8d09a7bfc7da3ddd1060c1adaa51e20d9baf9c5bef7ca10bd6a7237d929a414134368848b660e56dabcd680373baff1540cfeea248ce5fafd67f1d0f498be169156f40025e2a771e3f53f28728649e6fee079f2e4f197bc267a30e2af8b14c78b6abaff17178c92805e1ffb6b9e4a9dad8e1228ad7553854542ebe0c2e26362f1446ed6ca428aacea53b7e829f6636bb2322123c105d3e47a8ddbcf213b1034c0fe477dc75e8ef6e6eff173f0df5838371f6e979d16a17b68e925d6fa94a75bcccbd43840ac2bcb46969e30384b42e8f5284ded RSSI=-59 SNR=31
2026-06-03T19:39:57.597 > p2p rx 0
2026-06-03T19:39:57.598 < >
2026-06-03T19:39:59.206 < >> Ok
2026-06-03T19:39:59.257 < >> radio_rx 43490149087a989200002c50087ab4c234463500dd29568c7932f581b8462fbb4cbefaf3e283b84c80c98b9e9da44d64276519f1d9b90b22d9e0a812c6ab8ddfa4e51e11ff5e6a8779fdeea1a2dd7a0ffe72aa6bf243d24a09bdade4feafe14dde9605060c885d425775e613b856892a7e91afbf91b5c8d6753c815939d2846469d68219a30342d71e4cd53efe51001938a0c708ecbde5e0579c95a12a6671270585fc1656657e2d2a5932bed6d39577ae1e62329f549d0555ea6793d449cbde3d5d6d3cad2bf21491761a09071594d42c71cc2db69e340377951e861ce0d1b605ec8237da608030ca0c0117141409b19793 -58 34
2026-06-03T19:39:59.262 IMG_PACKET 43490149087a989200002c50087ab4c234463500dd29568c7932f581b8462fbb4cbefaf3e283b84c80c98b9e9da44d64276519f1d9b90b22d9e0a812c6ab8ddfa4e51e11ff5e6a8779fdeea1a2dd7a0ffe72aa6bf243d24a09bdade4feafe14dde9605060c885d425775e613b856892a7e91afbf91b5c8d6753c815939d2846469d68219a30342d71e4cd53efe51001938a0c708ecbde5e0579c95a12a6671270585fc1656657e2d2a5932bed6d39577ae1e62329f549d0555ea6793d449cbde3d5d6d3cad2bf21491761a09071594d42c71cc2db69e340377951e861ce0d1b605ec8237da608030ca0c0117141409b19793 RSSI=-58 SNR=34
2026-06-03T19:39:59.303 > p2p rx 0
2026-06-03T19:39:59.304 < >
2026-06-03T19:40:00.907 < >> Ok
2026-06-03T19:40:00.957 < >> radio_rx 43490149087a989200002c50087ab4c234463600dda14314ef9657827ee04ec7c983d7bab3167e2d37d5513380ddc3312230cf963523acc66dfd22f7b582288140052665340a3f865b365802affa46895a7ce8aa796bf192a2425359956a44582e2ea818b54ed8fe1cd89bfca970feefbb0c9d677cf879f6d2f14ba60b3e8c44ea60219cff192682b2fbdcb722233b78d5c798c4725f2682996b56179f92adedbf3928ec70079dc385bf12aeb678db43400004dcd5774cca17933df65d36ff0a74b2679fc7b1c8ce91273ddd5995a726055dd5675944b2c22be61ecb01074ca105f8563c95ce8d89b0e6e4c8107e0ddd34ff -60 23
2026-06-03T19:40:00.962 IMG_PACKET 43490149087a989200002c50087ab4c234463600dda14314ef9657827ee04ec7c983d7bab3167e2d37d5513380ddc3312230cf963523acc66dfd22f7b582288140052665340a3f865b365802affa46895a7ce8aa796bf192a2425359956a44582e2ea818b54ed8fe1cd89bfca970feefbb0c9d677cf879f6d2f14ba60b3e8c44ea60219cff192682b2fbdcb722233b78d5c798c4725f2682996b56179f92adedbf3928ec70079dc385bf12aeb678db43400004dcd5774cca17933df65d36ff0a74b2679fc7b1c8ce91273ddd5995a726055dd5675944b2c22be61ecb01074ca105f8563c95ce8d89b0e6e4c8107e0ddd34ff RSSI=-60 SNR=23
2026-06-03T19:40:01.004 > p2p rx 0
2026-06-03T19:40:01.005 < >
2026-06-03T19:40:02.608 < >> Ok
2026-06-03T19:40:02.659 < >> radio_rx 43490149087a989200002c50087ab4c234463700dd0047e5bee017102bfe1f4304b635ab78678acb297cf5b68b1f96042c7ef81dd02df525f3a3f211686cb34f45047124bbe73c46eb49619799318f46412c93f73d190b76ab0174d248c633a0bb850c2fa21b6eaecf0f08e557b372ad5cfea9120ca9ccd77e3dd71da3ed784e67d13e28877a73ce98af25e37b63a7c1c7158da956a68a0bec95ded59ca5e35748ffe2fa29a91f0549607ebd7ee51957558d1a122ba3f29ff16f358acb71ac14257f331bbce985639b1f0a2e629397d211197a527468a010c17b49f57aae347477e60f508fc63e734b2f293b40c655fd8e55 -61 31
2026-06-03T19:40:02.664 IMG_PACKET 43490149087a989200002c50087ab4c234463700dd0047e5bee017102bfe1f4304b635ab78678acb297cf5b68b1f96042c7ef81dd02df525f3a3f211686cb34f45047124bbe73c46eb49619799318f46412c93f73d190b76ab0174d248c633a0bb850c2fa21b6eaecf0f08e557b372ad5cfea9120ca9ccd77e3dd71da3ed784e67d13e28877a73ce98af25e37b63a7c1c7158da956a68a0bec95ded59ca5e35748ffe2fa29a91f0549607ebd7ee51957558d1a122ba3f29ff16f358acb71ac14257f331bbce985639b1f0a2e629397d211197a527468a010c17b49f57aae347477e60f508fc63e734b2f293b40c655fd8e55 RSSI=-61 SNR=31
2026-06-03T19:40:02.706 > p2p rx 0
2026-06-03T19:40:02.707 < >
2026-06-03T19:40:04.310 < >> Ok
2026-06-03T19:40:04.363 < >> radio_rx 43490149087a989200002c50087ab4c234463800dd6ceb9bd9fb901a8f2bd2e9464a78822b4dd70f0d77211b80229aa84b9796380d04998a7ef352f622e149ebf917fa0a870c3bcf7552ea6dc6dc2ba70ee281447bf08052ae2690a4378ad26caad5506563099a2461f1597cd101c14152d0b40e60e46d975f61ddf2d6b45dffc7297bf7a8117fc5c82aaccdfcc5055967c9326e8a137b0890c5c9986a7041ed5dc6c1fbab374731ba79b97878d12e86f34497753a8a616bb6f4b84050295ad3b63c69b28d0d5e223e904c48205689dccd8b55812f98ba5f00d10fba9ccb0a091616f1463b6a474f42907b76c1f37b117739 -64 30
2026-06-03T19:40:04.367 IMG_PACKET 43490149087a989200002c50087ab4c234463800dd6ceb9bd9fb901a8f2bd2e9464a78822b4dd70f0d77211b80229aa84b9796380d04998a7ef352f622e149ebf917fa0a870c3bcf7552ea6dc6dc2ba70ee281447bf08052ae2690a4378ad26caad5506563099a2461f1597cd101c14152d0b40e60e46d975f61ddf2d6b45dffc7297bf7a8117fc5c82aaccdfcc5055967c9326e8a137b0890c5c9986a7041ed5dc6c1fbab374731ba79b97878d12e86f34497753a8a616bb6f4b84050295ad3b63c69b28d0d5e223e904c48205689dccd8b55812f98ba5f00d10fba9ccb0a091616f1463b6a474f42907b76c1f37b117739 RSSI=-64 SNR=30
2026-06-03T19:40:04.407 > p2p rx 0
2026-06-03T19:40:04.408 < >
2026-06-03T19:40:06.012 < >> Ok
2026-06-03T19:40:06.067 < >> radio_rx 43490149087a989200002c50087ab4c234463900ddeb8119d367a8c286dd429656f2a568700e31f4283d3c10e3ab2c5e11b3e03c0e0b1dc3beff4aa836f461d95c87f31e0d379f8dcc797007d16f19433be804aa48106a3d6c48bbadb0fe66dd7bb93e3de8719a9bea25adc290b87bf75437ec8000f2f36ff39460f0412142941eaa47081354811b5af72dc57d171476e64861e46a01197458969dc75b538cc87eba82239798ca0bd03b3452bf1f3997bf797f7b92c6812244443388be4261b0d71a381549b5bc3cca5333b83a2fd7ed540b95cabbe8a44fae9be34dc57b6659233224bb1656bb611e95bbb1a6047a45d69e -63 29
2026-06-03T19:40:06.072 IMG_PACKET 43490149087a989200002c50087ab4c234463900ddeb8119d367a8c286dd429656f2a568700e31f4283d3c10e3ab2c5e11b3e03c0e0b1dc3beff4aa836f461d95c87f31e0d379f8dcc797007d16f19433be804aa48106a3d6c48bbadb0fe66dd7bb93e3de8719a9bea25adc290b87bf75437ec8000f2f36ff39460f0412142941eaa47081354811b5af72dc57d171476e64861e46a01197458969dc75b538cc87eba82239798ca0bd03b3452bf1f3997bf797f7b92c6812244443388be4261b0d71a381549b5bc3cca5333b83a2fd7ed540b95cabbe8a44fae9be34dc57b6659233224bb1656bb611e95bbb1a6047a45d69e RSSI=-63 SNR=29
2026-06-03T19:40:06.110 > p2p rx 0
2026-06-03T19:40:06.111 < >
2026-06-03T19:40:07.714 < >> Ok
2026-06-03T19:40:07.768 < >> radio_rx 43490149087a989200002c50087ab4c234463a00dd687bce3ac3c490bfd9c228b57e5782af2fc1efa96a95f2ac3878563cc6b92ae5464d7b57fd8610566aba0b48d34f20f84b5e9410ba1dc40d85f6ab042da2d6db13a2e1b2d67b94b9fecb494c113cddc06f4b95f6f029f5ecc91b9f269c92c161f8b8e95f0533e526fa552e87782f6e610f85dba687c97bc0ad54429270a720d617b17f06259b64fb11a857f5a8072f63482754c93a3660ff7ea5181a985b2dec128aa0755c783808d4c4543e3e5c49bb6a03667c802d303fd02de554bf9f10b29f243a93efdaad3a121b7e427c103f65334e8aeb76328ef8d1a2718281 -56 33
2026-06-03T19:40:07.774 IMG_PACKET 43490149087a989200002c50087ab4c234463a00dd687bce3ac3c490bfd9c228b57e5782af2fc1efa96a95f2ac3878563cc6b92ae5464d7b57fd8610566aba0b48d34f20f84b5e9410ba1dc40d85f6ab042da2d6db13a2e1b2d67b94b9fecb494c113cddc06f4b95f6f029f5ecc91b9f269c92c161f8b8e95f0533e526fa552e87782f6e610f85dba687c97bc0ad54429270a720d617b17f06259b64fb11a857f5a8072f63482754c93a3660ff7ea5181a985b2dec128aa0755c783808d4c4543e3e5c49bb6a03667c802d303fd02de554bf9f10b29f243a93efdaad3a121b7e427c103f65334e8aeb76328ef8d1a2718281 RSSI=-56 SNR=33
2026-06-03T19:40:07.812 > p2p rx 0
2026-06-03T19:40:07.813 < >
2026-06-03T19:40:09.415 < >> Ok
2026-06-03T19:40:09.469 < >> radio_rx 43490149087a989200002c50087ab4c234463b00dd307f6e6000f89537a919738819bc9385ba56a5c3abadd56f9bd2f6332ae640c21208879580982b027f99e93ec9cf79154eaac4e54dc824a53f2047f3705e058cf10712146e3b3cdbf8e923c9a895ba82db4882d0c5800a959dea72bd0c9e1ffdc4a780d1db273a896027d876569cb257c4128d5b63575fe3bb5edbe4e6ba8339a7ad40fe2a55206fcdcae7d2a6d2ffdec02e58ce2e468ae377f19dde25a463865e558eeccb58bc8e4dd1be0a7061706322f16b3078a87195918b14633417ff915618e42956db1e40a355890842780004e3b108c5e9f34cb67d0d57acf4 -53 31
2026-06-03T19:40:09.474 IMG_PACKET 43490149087a989200002c50087ab4c234463b00dd307f6e6000f89537a919738819bc9385ba56a5c3abadd56f9bd2f6332ae640c21208879580982b027f99e93ec9cf79154eaac4e54dc824a53f2047f3705e058cf10712146e3b3cdbf8e923c9a895ba82db4882d0c5800a959dea72bd0c9e1ffdc4a780d1db273a896027d876569cb257c4128d5b63575fe3bb5edbe4e6ba8339a7ad40fe2a55206fcdcae7d2a6d2ffdec02e58ce2e468ae377f19dde25a463865e558eeccb58bc8e4dd1be0a7061706322f16b3078a87195918b14633417ff915618e42956db1e40a355890842780004e3b108c5e9f34cb67d0d57acf4 RSSI=-53 SNR=31
2026-06-03T19:40:09.512 > p2p rx 0
2026-06-03T19:40:09.513 < >
2026-06-03T19:40:11.117 < >> Ok
2026-06-03T19:40:11.171 < >> radio_rx 43490149087a989200002c50087ab4c234463c00ddab6665e896395d58b0b042b245e80edcb19e64dec9d481e12b8ffc760f4dddd9ea30c27d3ba3fdb44e70a0e168548c63ae047da22066ae33641aaf855d9f375261fbbfd2b7b756dd98e92a0938d87f633d5b3c29622a29f5d3ef6e6644c8d7f6c877bf4d8fba3916d70213629d4284ac928fa42bf75e9c2c4d4ec9fd945ba483182149edcded64ba9a4af6b7f402567a3ab0d10d39373f8b8cd55067b54101943f1530734612b5598026ad2706e5055d71de7e108227bd59b3d3e2a6977cfa728ca028f9fde82ddb57f0986b0a7c0b636ddcd89c11b0297694ebda48be -61 29
2026-06-03T19:40:11.176 IMG_PACKET 43490149087a989200002c50087ab4c234463c00ddab6665e896395d58b0b042b245e80edcb19e64dec9d481e12b8ffc760f4dddd9ea30c27d3ba3fdb44e70a0e168548c63ae047da22066ae33641aaf855d9f375261fbbfd2b7b756dd98e92a0938d87f633d5b3c29622a29f5d3ef6e6644c8d7f6c877bf4d8fba3916d70213629d4284ac928fa42bf75e9c2c4d4ec9fd945ba483182149edcded64ba9a4af6b7f402567a3ab0d10d39373f8b8cd55067b54101943f1530734612b5598026ad2706e5055d71de7e108227bd59b3d3e2a6977cfa728ca028f9fde82ddb57f0986b0a7c0b636ddcd89c11b0297694ebda48be RSSI=-61 SNR=29
2026-06-03T19:40:11.214 > p2p rx 0
2026-06-03T19:40:11.215 < >
2026-06-03T19:40:12.818 < >> Ok
2026-06-03T19:40:12.870 < >> radio_rx 43490149087a989200002c50087ab4c234463d00dd57a8b509ae345b67d2aedd419c8a9a567e56b7f75c3a858a3571f14b9ce8ad85067d65072a2b8bc134ef5b7fabc2922423db43a9834553dc855150f542093ba04ad3ad0a5349e4e0933476e9da6a124a2d2fcdc1ba86feb30e0b9914ed9d48a5ea572825bad410ca5537b8017c7725635922b5fdcd191e91ce9a5c0f5eac98701c1035b57d4ae1fcf133b5ebb24d531cd1aaa49dc97737a46678ce9a047843a147f72eaf1743cb830a7ed0e568f923d6163e94ace053a0d1481b1c4085b45d797ac3523aab380dd9eb8a084c55181d08de149fd48ea115287a45bfab9f -61 23
2026-06-03T19:40:12.877 IMG_PACKET 43490149087a989200002c50087ab4c234463d00dd57a8b509ae345b67d2aedd419c8a9a567e56b7f75c3a858a3571f14b9ce8ad85067d65072a2b8bc134ef5b7fabc2922423db43a9834553dc855150f542093ba04ad3ad0a5349e4e0933476e9da6a124a2d2fcdc1ba86feb30e0b9914ed9d48a5ea572825bad410ca5537b8017c7725635922b5fdcd191e91ce9a5c0f5eac98701c1035b57d4ae1fcf133b5ebb24d531cd1aaa49dc97737a46678ce9a047843a147f72eaf1743cb830a7ed0e568f923d6163e94ace053a0d1481b1c4085b45d797ac3523aab380dd9eb8a084c55181d08de149fd48ea115287a45bfab9f RSSI=-61 SNR=23
2026-06-03T19:40:12.916 > p2p rx 0
2026-06-03T19:40:12.917 < >
2026-06-03T19:40:14.520 < >> Ok
2026-06-03T19:40:14.572 < >> radio_rx 43490149087a989200002c50087ab4c234463e00dd804742732ae062daaf9a94bec115d93b5b97ca2328ffbbf35ce7b6c12a8fc4c38c90453278f8591f71aa2f4b121fc20c8f48b7c3e6214c1415094cb5bce1c4cfab10bd8e66afba1b150db78c56a4403a8afaa1cd5e5c20590875f44d902881e3fef7ecea0d9b9b119de6eb8ede7bc7f070cee9ad11b47ce2402f3d64f03efb9f3bc5b51e640e4d817552d458adf83ad96ef6d04b1ca76eca30180102e40571190e69219e1b9718bb060e22e0a6fe755f7d20113605009771c6eb1f61c1fc9dea032027554fe35ce85087fbe4c5cbee4ca1ced91f498ee31a1413534212 -65 27
2026-06-03T19:40:14.577 IMG_PACKET 43490149087a989200002c50087ab4c234463e00dd804742732ae062daaf9a94bec115d93b5b97ca2328ffbbf35ce7b6c12a8fc4c38c90453278f8591f71aa2f4b121fc20c8f48b7c3e6214c1415094cb5bce1c4cfab10bd8e66afba1b150db78c56a4403a8afaa1cd5e5c20590875f44d902881e3fef7ecea0d9b9b119de6eb8ede7bc7f070cee9ad11b47ce2402f3d64f03efb9f3bc5b51e640e4d817552d458adf83ad96ef6d04b1ca76eca30180102e40571190e69219e1b9718bb060e22e0a6fe755f7d20113605009771c6eb1f61c1fc9dea032027554fe35ce85087fbe4c5cbee4ca1ced91f498ee31a1413534212 RSSI=-65 SNR=27
2026-06-03T19:40:14.615 > p2p rx 0
2026-06-03T19:40:14.617 < >
2026-06-03T19:40:16.226 < >> Ok
2026-06-03T19:40:16.278 < >> radio_rx 43490149087a989200002c50087ab4c234463f00dd8f3de868eea7f979a93a394efef12cd64f72dbfba9f04ebc2c03f9118742c37b6f298c1688ae1cb58191e3d8235f5b77c5c92d9c4e3d3a72a8cf1144d167f3c7633eb779b097c497f7dc9cd1187ed8c12a540374b955e088ce14b5bdb8095ab3e95aa29234c9bfad2fa59dc5dd05529c7396f4b50e276aca6c5425e9d35d5f6f3d5b16ccccf4382282d7a76c30e1561b7f79a94f22c0cb86ec11234d084e568051621876247569d9923649a89eda1a4d1c618b540a532b08ff2c23c82fa9ee8d8749cd64d1288a0f00f0aa8663da2b6d781575b971a9b6225142e5d474 -56 23
2026-06-03T19:40:16.283 IMG_PACKET 43490149087a989200002c50087ab4c234463f00dd8f3de868eea7f979a93a394efef12cd64f72dbfba9f04ebc2c03f9118742c37b6f298c1688ae1cb58191e3d8235f5b77c5c92d9c4e3d3a72a8cf1144d167f3c7633eb779b097c497f7dc9cd1187ed8c12a540374b955e088ce14b5bdb8095ab3e95aa29234c9bfad2fa59dc5dd05529c7396f4b50e276aca6c5425e9d35d5f6f3d5b16ccccf4382282d7a76c30e1561b7f79a94f22c0cb86ec11234d084e568051621876247569d9923649a89eda1a4d1c618b540a532b08ff2c23c82fa9ee8d8749cd64d1288a0f00f0aa8663da2b6d781575b971a9b6225142e5d474 RSSI=-56 SNR=23
2026-06-03T19:40:16.322 > p2p rx 0
2026-06-03T19:40:16.324 < >
2026-06-03T19:40:17.928 < >> Ok
2026-06-03T19:40:17.981 < >> radio_rx 43490149087a989200002c50087ab4c234464000ddbfdb91501a855a23d27914d3b347a2419269118936165c59a6607b1ce8ec322dd5abe11dfa5e3e57170922689b743b7819b240f2ae1764011aa5728cc0a48399cc55d933275ce7008115cccf2df8987cf83cfab2deb26d80a7a1578a241ae24b179e71de930b7d2418ce6072b6d33b4e5d20d5eb617c4739b911708c17c4dcc265ad9418c1b188a38e4e7322e462dee74fa5076b6dd66ff079f4c6cfb79bd76c4af357e22d8170cd129f81d9eb2bec2acb57c471b677ec29507cb6d0e91c63bee42d93ced76d7607f2fcf1532c9b70ed394756f169406a4a3d272b5572 -59 30
2026-06-03T19:40:17.985 IMG_PACKET 43490149087a989200002c50087ab4c234464000ddbfdb91501a855a23d27914d3b347a2419269118936165c59a6607b1ce8ec322dd5abe11dfa5e3e57170922689b743b7819b240f2ae1764011aa5728cc0a48399cc55d933275ce7008115cccf2df8987cf83cfab2deb26d80a7a1578a241ae24b179e71de930b7d2418ce6072b6d33b4e5d20d5eb617c4739b911708c17c4dcc265ad9418c1b188a38e4e7322e462dee74fa5076b6dd66ff079f4c6cfb79bd76c4af357e22d8170cd129f81d9eb2bec2acb57c471b677ec29507cb6d0e91c63bee42d93ced76d7607f2fcf1532c9b70ed394756f169406a4a3d272b5572 RSSI=-59 SNR=30
2026-06-03T19:40:18.025 > p2p rx 0
2026-06-03T19:40:18.029 < >
2026-06-03T19:40:19.629 < >> Ok
2026-06-03T19:40:19.680 < >> radio_rx 43490149087a989200002c50087ab4c234464100dd763a47dfa261a4560e3f624956f400405ee1f93787497c65b110ee57b5c6a56cfcf05f8047d5912f083b624b550d8374b4004eb8e9ffb96253abe1a482c50a0703f9af5ed6ab0503b303f269fc365f3dc3508e8a19bcb2475948d296057c3502fd6f473c60cdd86fc7edc61a080493dece9ca17dba90f2b33cd03123dcfe19215da59b4b267cebcdd0a83d445c9010b2bdbadd38c981e7d1cb708ab8c68b117268b9f7ae4a9419f760122b55dd290da86b8e8caea00ad5759178071f46286ec83787bb82397103b8e1c425d48a54ecc54c72fa5b78d3f287df99970eae -56 24
2026-06-03T19:40:19.685 IMG_PACKET 43490149087a989200002c50087ab4c234464100dd763a47dfa261a4560e3f624956f400405ee1f93787497c65b110ee57b5c6a56cfcf05f8047d5912f083b624b550d8374b4004eb8e9ffb96253abe1a482c50a0703f9af5ed6ab0503b303f269fc365f3dc3508e8a19bcb2475948d296057c3502fd6f473c60cdd86fc7edc61a080493dece9ca17dba90f2b33cd03123dcfe19215da59b4b267cebcdd0a83d445c9010b2bdbadd38c981e7d1cb708ab8c68b117268b9f7ae4a9419f760122b55dd290da86b8e8caea00ad5759178071f46286ec83787bb82397103b8e1c425d48a54ecc54c72fa5b78d3f287df99970eae RSSI=-56 SNR=24
2026-06-03T19:40:19.725 > p2p rx 0
2026-06-03T19:40:19.726 < >
2026-06-03T19:40:21.331 < >> Ok
2026-06-03T19:40:21.383 < >> radio_rx 43490149087a989200002c50087ab4c234464200dd8b69fd14a4e0686f9fc650f7cb74fbe6141361df1b0aada971a6aef794e642c6dd1cf435b8a440fad4a0cba2ef904372b906a188a7d3a860c6542b02e426796466e48d2ee9239a74559f14325eebaf76ac83f9795ef1b64860069c486fbfe4887ea8a1ab7e687b74a2fd9eac28ead3d2869f0292ebee457787e376b61f6e74888aae54136f3b72d07e951b99a3a149ecd90316bf7dc5c82483a03e4e950ae1aec81d974d1fa293ca72292f5a5149d020f4fd23b92d2ad42eca2c70f9658c9fec8e5f0dbfe236e2264bc3823278e031439e45f80045290b0cbe7c203e68 -58 31
2026-06-03T19:40:21.389 IMG_PACKET 43490149087a989200002c50087ab4c234464200dd8b69fd14a4e0686f9fc650f7cb74fbe6141361df1b0aada971a6aef794e642c6dd1cf435b8a440fad4a0cba2ef904372b906a188a7d3a860c6542b02e426796466e48d2ee9239a74559f14325eebaf76ac83f9795ef1b64860069c486fbfe4887ea8a1ab7e687b74a2fd9eac28ead3d2869f0292ebee457787e376b61f6e74888aae54136f3b72d07e951b99a3a149ecd90316bf7dc5c82483a03e4e950ae1aec81d974d1fa293ca72292f5a5149d020f4fd23b92d2ad42eca2c70f9658c9fec8e5f0dbfe236e2264bc3823278e031439e45f80045290b0cbe7c203e68 RSSI=-58 SNR=31
2026-06-03T19:40:21.428 > p2p rx 0
2026-06-03T19:40:21.429 < >
2026-06-03T19:40:23.032 < >> Ok
2026-06-03T19:40:23.084 < >> radio_rx 43490149087a989200002c50087ab4c234464300dd56dfad172d85a86690143a4d86b0e67c78b1d42293f18ee145f78ad6ca4fd6b102728df9e5dc5d89ebc2b4ea4236f2d5ead63910cca225067feb8ae2ab8e519b717126a2f7aa6e9eb6521f7078fb75f892ac75ea06eb6f2b7e68db8b76dcce2d6b113ac3884918be81feacb0dcae7429fff69f2a75ed3c3b643f17112d33fa93e24f2107f3c9c68e88649582d1e5d63236dc4a14259f2f5efc2bc7a8ce4f4800a2c0721cd41a7de57683b41a30620dd2d07a14be02fe13ecb0e2290a6dc77b32cedeb33e38882e1675a8c56e63559b5b69b1494326105d390cf9da28f0 -56 28
2026-06-03T19:40:23.089 IMG_PACKET 43490149087a989200002c50087ab4c234464300dd56dfad172d85a86690143a4d86b0e67c78b1d42293f18ee145f78ad6ca4fd6b102728df9e5dc5d89ebc2b4ea4236f2d5ead63910cca225067feb8ae2ab8e519b717126a2f7aa6e9eb6521f7078fb75f892ac75ea06eb6f2b7e68db8b76dcce2d6b113ac3884918be81feacb0dcae7429fff69f2a75ed3c3b643f17112d33fa93e24f2107f3c9c68e88649582d1e5d63236dc4a14259f2f5efc2bc7a8ce4f4800a2c0721cd41a7de57683b41a30620dd2d07a14be02fe13ecb0e2290a6dc77b32cedeb33e38882e1675a8c56e63559b5b69b1494326105d390cf9da28f0 RSSI=-56 SNR=28
2026-06-03T19:40:23.130 > p2p rx 0
2026-06-03T19:40:23.131 < >
2026-06-03T19:40:24.733 < >> Ok
2026-06-03T19:40:24.784 < >> radio_rx 43490149087a989200002c50087ab4c234464400ddd847318ed413068f62df8dbcfb0a4e2fc6f2bcb2db2708edaefac00503b25c7d3efea98a03792a0098c5407d7eb38787588ce8380b53fd2b048f3d4c95a01bfd1d493c5f3b61958594260af15fd27d6c638fee7850dc7148af3095387a394a59ed38fc4ada95fad6fc2d1543d6b476c98d9b6f2ad6b869cc22edb0763627123400533f5d0e820b88966fa23b20bf537fced3ecd9550ae687b74bbbfcd94a28c64d023430e9f3dc5ccbf4c6a7b0394d91143efe59c3e76379d48fc87f81c371773b13c567dc08b5b7d3a52f58c4bde725cc074cbbbd9abfe8c6c1b0e639 -54 27
2026-06-03T19:40:24.790 IMG_PACKET 43490149087a989200002c50087ab4c234464400ddd847318ed413068f62df8dbcfb0a4e2fc6f2bcb2db2708edaefac00503b25c7d3efea98a03792a0098c5407d7eb38787588ce8380b53fd2b048f3d4c95a01bfd1d493c5f3b61958594260af15fd27d6c638fee7850dc7148af3095387a394a59ed38fc4ada95fad6fc2d1543d6b476c98d9b6f2ad6b869cc22edb0763627123400533f5d0e820b88966fa23b20bf537fced3ecd9550ae687b74bbbfcd94a28c64d023430e9f3dc5ccbf4c6a7b0394d91143efe59c3e76379d48fc87f81c371773b13c567dc08b5b7d3a52f58c4bde725cc074cbbbd9abfe8c6c1b0e639 RSSI=-54 SNR=27
2026-06-03T19:40:24.829 > p2p rx 0
2026-06-03T19:40:24.831 < >
2026-06-03T19:40:26.435 < >> Ok
2026-06-03T19:40:26.487 < >> radio_rx 43490149087a989200002c50087ab4c234464500dd754d0f5ae58cf57a0471813d17b36126bf3a854dfdbf185c9ffbf6adf79303b13ee62c16ef1f057b84ad95b14e49d4bf8d99a48f95b1c69c61648e6908d74c39816db1deb4d118b38c79edf260c0f7c8e234a899794103c4dc2838be9578ffb37a2b2c13fd2a06cce8ff1a97dd0c4fa5ce649f9ff51198082d2859ef5a77a9f71fb20a269b3447e516e38ad6c0dbb639a2b9ac306c2069613b7ddb7c682b1c7787c2e5c719efa9dbe8b14d5e4c7b9e3e89c5bc117709e394971ccc4013b244c766e2771ab02a31726b3fb06ef1d128098f4cea0e79526c47ace4f2b2a7 -57 32
2026-06-03T19:40:26.492 IMG_PACKET 43490149087a989200002c50087ab4c234464500dd754d0f5ae58cf57a0471813d17b36126bf3a854dfdbf185c9ffbf6adf79303b13ee62c16ef1f057b84ad95b14e49d4bf8d99a48f95b1c69c61648e6908d74c39816db1deb4d118b38c79edf260c0f7c8e234a899794103c4dc2838be9578ffb37a2b2c13fd2a06cce8ff1a97dd0c4fa5ce649f9ff51198082d2859ef5a77a9f71fb20a269b3447e516e38ad6c0dbb639a2b9ac306c2069613b7ddb7c682b1c7787c2e5c719efa9dbe8b14d5e4c7b9e3e89c5bc117709e394971ccc4013b244c766e2771ab02a31726b3fb06ef1d128098f4cea0e79526c47ace4f2b2a7 RSSI=-57 SNR=32
2026-06-03T19:40:26.532 > p2p rx 0
2026-06-03T19:40:26.534 < >
2026-06-03T19:44:02.999 < >> Ok
2026-06-03T19:44:03.048 < >> radio_rx 43490149b292e2ae00002ea7b292cc09374a0000ddd7798a194508070bd2516ff20af9a5417bdf178d9ea8b05a91e0fbe90d35191e27eadf5c121badd1cc30bc87e1ea5683503f78dc2a644a27da5250b673a2e6f5b0ce84f9bea3b0813f77ee98fbe70a801a44f56498310d2cdf6075a1e6dd4b463068f9b0c8108dc4892365bced06fdee0e5d4643a9233dcae01eb765786cf33bfdf05896d1789c340d54e66701037716745982493b92b6487663474dbbe6438ca7ded522ec9d84f632557bc49b39cca4407ff316d158d2dce9b5accfb63d30e2888fb8f167863217c71013cd7692a477ebbb0211a8c787671ff1bf8b0c -56 23
2026-06-03T19:44:03.098 IMG_PACKET 43490149b292e2ae00002ea7b292cc09374a0000ddd7798a194508070bd2516ff20af9a5417bdf178d9ea8b05a91e0fbe90d35191e27eadf5c121badd1cc30bc87e1ea5683503f78dc2a644a27da5250b673a2e6f5b0ce84f9bea3b0813f77ee98fbe70a801a44f56498310d2cdf6075a1e6dd4b463068f9b0c8108dc4892365bced06fdee0e5d4643a9233dcae01eb765786cf33bfdf05896d1789c340d54e66701037716745982493b92b6487663474dbbe6438ca7ded522ec9d84f632557bc49b39cca4407ff316d158d2dce9b5accfb63d30e2888fb8f167863217c71013cd7692a477ebbb0211a8c787671ff1bf8b0c RSSI=-56 SNR=23
2026-06-03T19:44:03.098 > p2p rx 0
2026-06-03T19:44:03.099 < >
2026-06-03T19:44:04.700 < >> Ok
2026-06-03T19:44:04.753 < >> radio_rx 43490149b292e2ae00002ea7b292cc09374a0100ddc6ae9258b4dbd589299d57be05c6e23365151493239d1d4497a0299546dabc8f0930476cb4e42ab5e7bc15a9f12c9375537b93078be867d7dd3702c17500aa33116b97f5f1631d563ae2b4a4d7090aadedde2d70bdbe1bee21ac3a2ba8b22e9b7b6569ef900692586fbe1f69e9e0c0f6fcb607b8638a2e90a93f77aedfbe2b433314029fbf688c9bc2656728e72dfe57ebef730831daace6c8619699156de0048081e052e0bd0dbe6413d87c0176479332e67d7088c87e4d3f86b9f5e78d54ff28ba9570bae53095964d5d5ced01bfdbd2d3d2175a9d71e04fff25d49f -51 20
2026-06-03T19:44:04.758 IMG_PACKET 43490149b292e2ae00002ea7b292cc09374a0100ddc6ae9258b4dbd589299d57be05c6e23365151493239d1d4497a0299546dabc8f0930476cb4e42ab5e7bc15a9f12c9375537b93078be867d7dd3702c17500aa33116b97f5f1631d563ae2b4a4d7090aadedde2d70bdbe1bee21ac3a2ba8b22e9b7b6569ef900692586fbe1f69e9e0c0f6fcb607b8638a2e90a93f77aedfbe2b433314029fbf688c9bc2656728e72dfe57ebef730831daace6c8619699156de0048081e052e0bd0dbe6413d87c0176479332e67d7088c87e4d3f86b9f5e78d54ff28ba9570bae53095964d5d5ced01bfdbd2d3d2175a9d71e04fff25d49f RSSI=-51 SNR=20
2026-06-03T19:44:04.797 > p2p rx 0
2026-06-03T19:44:04.798 < >
2026-06-03T19:44:06.402 < >> Ok
2026-06-03T19:44:06.454 < >> radio_rx 43490149b292e2ae00002ea7b292cc09374a0200dd992ba83a8bf4c133b9cd10c0dfb1a2c9980ba2a1c7c3be8dccb1389a6ce54d591c21eae8a89213432d38ab9b9f11b2c1821fbde87ffc8dcd6e202f8e613ccb302ef9545995ebf464037bb74e6a277275b0f61a21b2afc7c25d96a3530405d61280ebd849d3b76911b2d83e4d7e68e9790294917778829e7291c0442ca34a8f51375a68cb192cfd2e9faeaad62c05802543995643753e6552a5f890508d7d7842faf5404e1745c8eaf926ccd4d476a33e7a4d6dd24f90929ed2f78f01433b283fab9314df0cfef771a3213a3dc97b61ee09d3c896003742d344c553bb72 -54 28
2026-06-03T19:44:06.459 IMG_PACKET 43490149b292e2ae00002ea7b292cc09374a0200dd992ba83a8bf4c133b9cd10c0dfb1a2c9980ba2a1c7c3be8dccb1389a6ce54d591c21eae8a89213432d38ab9b9f11b2c1821fbde87ffc8dcd6e202f8e613ccb302ef9545995ebf464037bb74e6a277275b0f61a21b2afc7c25d96a3530405d61280ebd849d3b76911b2d83e4d7e68e9790294917778829e7291c0442ca34a8f51375a68cb192cfd2e9faeaad62c05802543995643753e6552a5f890508d7d7842faf5404e1745c8eaf926ccd4d476a33e7a4d6dd24f90929ed2f78f01433b283fab9314df0cfef771a3213a3dc97b61ee09d3c896003742d344c553bb72 RSSI=-54 SNR=28
2026-06-03T19:44:06.498 > p2p rx 0
2026-06-03T19:44:06.499 < >
2026-06-03T19:44:08.082 < >> Ok
2026-06-03T19:44:08.083 < >> radio_err
2026-06-03T19:44:08.381 > p2p rx 0
2026-06-03T19:44:08.386 < >
2026-06-03T19:44:11.507 < >> Ok
2026-06-03T19:44:11.556 < >> radio_rx 43490149b292e2ae00002ea7b292cc09374a0500dd1a3c5a4ae454aa7b0a001f7325f28cb11a681834877b1a2be56cd7704399273e550e254ae68d82402ce571c9653cf23c2eae3c8c9e7c9ec62a1873b9b2d2e150db9c376104b99ecda0ab1da1e75e238d6efb77173342a276eb554276886fa1f92f34e1be5b0d804d1f3c77f75100c600016a77f1b0988ccd4dced479c3ed4e56624ddb89c0394934cbdf7aa393e9e1ff0f1bd79f0ea51f0f9e0cddc948f6734eee72dfbf6acf66f75c68d4fe330d90425a4f8b06a26d13fa81fc360496edc6ce22a1837801f94067444ab7a30028f3cc90a1d07f5dacf9df5f2a4f4a21 -51 29
2026-06-03T19:44:11.561 IMG_PACKET 43490149b292e2ae00002ea7b292cc09374a0500dd1a3c5a4ae454aa7b0a001f7325f28cb11a681834877b1a2be56cd7704399273e550e254ae68d82402ce571c9653cf23c2eae3c8c9e7c9ec62a1873b9b2d2e150db9c376104b99ecda0ab1da1e75e238d6efb77173342a276eb554276886fa1f92f34e1be5b0d804d1f3c77f75100c600016a77f1b0988ccd4dced479c3ed4e56624ddb89c0394934cbdf7aa393e9e1ff0f1bd79f0ea51f0f9e0cddc948f6734eee72dfbf6acf66f75c68d4fe330d90425a4f8b06a26d13fa81fc360496edc6ce22a1837801f94067444ab7a30028f3cc90a1d07f5dacf9df5f2a4f4a21 RSSI=-51 SNR=29
2026-06-03T19:44:11.603 > p2p rx 0
2026-06-03T19:44:11.604 < >
2026-06-03T19:44:13.207 < >> Ok
2026-06-03T19:44:13.256 < >> radio_rx 43490149b292e2ae00002ea7b292cc09374a0600dd23d47cd6c6c0b677e5aaa8a94dc0ad41a1e53d6619af20c9a9eab5889e65252299b105aaa17020a6ea79623deb91698b1b4240e7169cab9f2557ed14ef26c5bb4943556eb51266393b70f68164a8cbeaf8e366150d7ee6b63c08925f0247514cc65a45e925b8a594625d2bb36fb80c19a7d49985707a40e4f5fb57424c942985c99f522d2e5f1b006c4b581c36c5155378de61aa905e2ebb621da7692a5d272e6a23e9dc5844b825ef1c4d5325fa48b370a92d5ff401bf42eba1e9f571d395de40264b9fc91e116105e7c57d0b3e2456d56b4bdbed6808d96c6913fae4 -51 32
2026-06-03T19:44:13.262 IMG_PACKET 43490149b292e2ae00002ea7b292cc09374a0600dd23d47cd6c6c0b677e5aaa8a94dc0ad41a1e53d6619af20c9a9eab5889e65252299b105aaa17020a6ea79623deb91698b1b4240e7169cab9f2557ed14ef26c5bb4943556eb51266393b70f68164a8cbeaf8e366150d7ee6b63c08925f0247514cc65a45e925b8a594625d2bb36fb80c19a7d49985707a40e4f5fb57424c942985c99f522d2e5f1b006c4b581c36c5155378de61aa905e2ebb621da7692a5d272e6a23e9dc5844b825ef1c4d5325fa48b370a92d5ff401bf42eba1e9f571d395de40264b9fc91e116105e7c57d0b3e2456d56b4bdbed6808d96c6913fae4 RSSI=-51 SNR=32
2026-06-03T19:44:13.304 > p2p rx 0
2026-06-03T19:44:13.306 < >
2026-06-03T19:44:14.909 < >> Ok
2026-06-03T19:44:14.962 < >> radio_rx 43490149b292e2ae00002ea7b292cc09374a0700ddf37e503e6f45d4e188b9dafddc4a819969dd5ff3a760ddf80f27eb70047449aec8bc1a058922d6397fc12b9a4abc5b360598fd3ca01bc0e737742534b3c3c19f9640154142cc641ab6fa0fd3867d8fa38fffd21d22119174867051edf9acf0c2b8d752f061ba4c0559404bd5722e129b57f63397233c9c52eb6d6e0ae750f666febfdc437eda604e2445380322f1c53e9232ba05bc2444a105c45db61b778103524c8d788be9e4dac7dc34f6dd4aac7252b7b75e1b8499b7bbe342da8775445eda96384a49d947c183b86573bbf97a50d33464b838d15d78b6a7eb472b -54 29
2026-06-03T19:44:14.967 IMG_PACKET 43490149b292e2ae00002ea7b292cc09374a0700ddf37e503e6f45d4e188b9dafddc4a819969dd5ff3a760ddf80f27eb70047449aec8bc1a058922d6397fc12b9a4abc5b360598fd3ca01bc0e737742534b3c3c19f9640154142cc641ab6fa0fd3867d8fa38fffd21d22119174867051edf9acf0c2b8d752f061ba4c0559404bd5722e129b57f63397233c9c52eb6d6e0ae750f666febfdc437eda604e2445380322f1c53e9232ba05bc2444a105c45db61b778103524c8d788be9e4dac7dc34f6dd4aac7252b7b75e1b8499b7bbe342da8775445eda96384a49d947c183b86573bbf97a50d33464b838d15d78b6a7eb472b RSSI=-54 SNR=29
2026-06-03T19:44:15.007 > p2p rx 0
2026-06-03T19:44:15.008 < >
2026-06-03T19:44:16.611 < >> Ok
2026-06-03T19:44:16.663 < >> radio_rx 43490149b292e2ae00002ea7b292cc09374a0800dd42d630d8ba75c937452602ffcdfcbe017a9c15a9efbeb64e4c01badb23838ee06de93a737682a37097894002ffde2f05503401ca54dff8b2ae889bada4a7ed2adddfc78966b432628a3c42849e2fb71e906cce0a1d8c61dc33b294181b64fc9c3d86968863dc0d86f0c112e8b333cb4140c95ad9ada35ff953ec3a708c759b5e5429941136f03f28d9d21d3885184bef114481b72ff3283dd553014943e14dce19ef6e579fea7e043fbff8f0f471f969ef18cc77d09d504d5cf489097c43c89b15ad1451fc08ff2a268ccbff5674f6c1d745c4c92ce03d3ffe5d777bef -49 24
2026-06-03T19:44:16.667 IMG_PACKET 43490149b292e2ae00002ea7b292cc09374a0800dd42d630d8ba75c937452602ffcdfcbe017a9c15a9efbeb64e4c01badb23838ee06de93a737682a37097894002ffde2f05503401ca54dff8b2ae889bada4a7ed2adddfc78966b432628a3c42849e2fb71e906cce0a1d8c61dc33b294181b64fc9c3d86968863dc0d86f0c112e8b333cb4140c95ad9ada35ff953ec3a708c759b5e5429941136f03f28d9d21d3885184bef114481b72ff3283dd553014943e14dce19ef6e579fea7e043fbff8f0f471f969ef18cc77d09d504d5cf489097c43c89b15ad1451fc08ff2a268ccbff5674f6c1d745c4c92ce03d3ffe5d777bef RSSI=-49 SNR=24
2026-06-03T19:44:16.707 > p2p rx 0
2026-06-03T19:44:16.708 < >
2026-06-03T19:44:18.312 < >> Ok
2026-06-03T19:44:18.362 < >> radio_rx 43490149b292e2ae00002ea7b292cc09374a0900ddfdf003d3395ddde824d9ae8ab9289552b9564823c0763dba3dfb3bc37c3bbb8315ecb4f259282eddf55d1ee725adfa6e6ee7e2ad2af96f752faf3565d2b15b19311e2502531a201cc877181e4b01451a01d63899fd4ddbe628bd4fa403d6b07b76c7ba58733cccf480600179cdeff1f70608030c436bb3ba6ac0d815ba24334b76cf697b8dec492b3cdd55f70a1ae20ccf5cd1e7b753be07878d0ae81703f805331ef7eca651a953e1efebefc56f1f6e6c82c904f05d40ae1765e485950b30da1251e37d9b9078521000698ea97921154f23a82a0e13aedfd5ecbc204a -50 23
2026-06-03T19:44:18.367 IMG_PACKET 43490149b292e2ae00002ea7b292cc09374a0900ddfdf003d3395ddde824d9ae8ab9289552b9564823c0763dba3dfb3bc37c3bbb8315ecb4f259282eddf55d1ee725adfa6e6ee7e2ad2af96f752faf3565d2b15b19311e2502531a201cc877181e4b01451a01d63899fd4ddbe628bd4fa403d6b07b76c7ba58733cccf480600179cdeff1f70608030c436bb3ba6ac0d815ba24334b76cf697b8dec492b3cdd55f70a1ae20ccf5cd1e7b753be07878d0ae81703f805331ef7eca651a953e1efebefc56f1f6e6c82c904f05d40ae1765e485950b30da1251e37d9b9078521000698ea97921154f23a82a0e13aedfd5ecbc204a RSSI=-50 SNR=23
2026-06-03T19:44:18.410 > p2p rx 0
2026-06-03T19:44:18.415 < >
2026-06-03T19:44:20.014 < >> Ok
2026-06-03T19:44:20.067 < >> radio_rx 43490149b292e2ae00002ea7b292cc09374a0a00dd3de07264b5493cd52221ac9f93f2628cae863e64e9634754b93e8dcdab95898e9d9474bff834fdd887f08d535fa367598fbb4e0026215dd39b836b135223c373caf7f851d7c19b390460adc797645ea5ed7a9918199a4ed96eb66dca5ace6fb40cc08a416286cea2686e745d3ccfb9c961ad51edc1d72ef4092e06b801efd17124e7ca179d75d63e78d19f60181293c59081032d346e94cbe3fd65cc422a4494a836904297ed59ace509c38dc11a92935eab5b09ac2d7a766a93177cd2ff8eb851d7433cd88ccdd7eb2ded363e741528d5304e6666bcc72a1867597594 -53 30
2026-06-03T19:44:20.072 IMG_PACKET 43490149b292e2ae00002ea7b292cc09374a0a00dd3de07264b5493cd52221ac9f93f2628cae863e64e9634754b93e8dcdab95898e9d9474bff834fdd887f08d535fa367598fbb4e0026215dd39b836b135223c373caf7f851d7c19b390460adc797645ea5ed7a9918199a4ed96eb66dca5ace6fb40cc08a416286cea2686e745d3ccfb9c961ad51edc1d72ef4092e06b801efd17124e7ca179d75d63e78d19f60181293c59081032d346e94cbe3fd65cc422a4494a836904297ed59ace509c38dc11a92935eab5b09ac2d7a766a93177cd2ff8eb851d7433cd88ccdd7eb2ded363e741528d5304e6666bcc72a1867597594 RSSI=-53 SNR=30
2026-06-03T19:44:20.112 > p2p rx 0
2026-06-03T19:44:20.113 < >
2026-06-03T19:44:21.715 < >> Ok
2026-06-03T19:44:21.768 < >> radio_rx 43490149b292e2ae00002ea7b292cc09374a0b00dddce3358a6d0ccb8c4fd0f01896e1c7fe9941f3581f2ce95d0f4c1272b9e8cae33915aa930cb0f597dc00988058216bb2fc1a47bed7e5d275b03e135f16b9d094f3722bb8e264053a6379a68cf72dca3bba8e30497ec04b289a10bec25695363dc061066f3a9068312df30401174c4f870ba0c41b506a9ddbdb5a01d5afb950f5ab85e5d9985e874ef8d984f5ae83b35ae7c8ed541f9a5b16c33c419b8044173f2fc577b85fb16046b3d81836834648bf7a11f77c45f46295f7d51e0ad254ded7d41e194aa515f0fca3c375353d599387d1fa03dbb0aa2327361e9a724b -49 26
2026-06-03T19:44:21.772 IMG_PACKET 43490149b292e2ae00002ea7b292cc09374a0b00dddce3358a6d0ccb8c4fd0f01896e1c7fe9941f3581f2ce95d0f4c1272b9e8cae33915aa930cb0f597dc00988058216bb2fc1a47bed7e5d275b03e135f16b9d094f3722bb8e264053a6379a68cf72dca3bba8e30497ec04b289a10bec25695363dc061066f3a9068312df30401174c4f870ba0c41b506a9ddbdb5a01d5afb950f5ab85e5d9985e874ef8d984f5ae83b35ae7c8ed541f9a5b16c33c419b8044173f2fc577b85fb16046b3d81836834648bf7a11f77c45f46295f7d51e0ad254ded7d41e194aa515f0fca3c375353d599387d1fa03dbb0aa2327361e9a724b RSSI=-49 SNR=26
2026-06-03T19:44:21.812 > p2p rx 0
2026-06-03T19:44:21.813 < >
2026-06-03T19:44:23.417 < >> Ok
2026-06-03T19:44:23.470 < >> radio_rx 43490149b292e2ae00002ea7b292cc09374a0c00dd591e607540b19f8684591112c926394e318f95a2ffacd33a898fcaa36ae25ced43a5ba5dc0a91600957a154f710c9e4ec6b6717e81146e5a7cee7930fcd66a819d6d51699e6ba4f7b2a4a0e0989a5685c02234963282f80d51dab6fc318d2b28b60a07ba2ba88236e299fbfd112218b938a4552b9fc6bf4f060dd528061b8b827c0fd109ce82e732c09286cd99ef70ad63574c275d3f159a4a0eb678fc130a7ac8332022a14d470cd9898654c757e563fdd0009cf1f5e714b2f18dc69f70612cbe6ea6f9bf7ab84eac30c120b66c325809d76a31b6b3e95882f2408cf0 -51 32
2026-06-03T19:44:23.475 IMG_PACKET 43490149b292e2ae00002ea7b292cc09374a0c00dd591e607540b19f8684591112c926394e318f95a2ffacd33a898fcaa36ae25ced43a5ba5dc0a91600957a154f710c9e4ec6b6717e81146e5a7cee7930fcd66a819d6d51699e6ba4f7b2a4a0e0989a5685c02234963282f80d51dab6fc318d2b28b60a07ba2ba88236e299fbfd112218b938a4552b9fc6bf4f060dd528061b8b827c0fd109ce82e732c09286cd99ef70ad63574c275d3f159a4a0eb678fc130a7ac8332022a14d470cd9898654c757e563fdd0009cf1f5e714b2f18dc69f70612cbe6ea6f9bf7ab84eac30c120b66c325809d76a31b6b3e95882f2408cf0 RSSI=-51 SNR=32
2026-06-03T19:44:23.513 > p2p rx 0
2026-06-03T19:44:23.515 < >
2026-06-03T19:44:25.118 < >> Ok
2026-06-03T19:44:25.171 < >> radio_rx 43490149b292e2ae00002ea7b292cc09374a0d00dd53851379851725ca0aa7dc29aabd6668ecd788d0edd719c396f5af63df64eb1592e58ccc531c31e3aaec03a48fb571fa4d085e03ad1dc738c4878e901fc660d4895e2dbac39aeef57ca248ae80b43cb48388275913a8994164f0ff900a3b4be45d8df77ed75d8be07e9df4e12293198f44802d6ed9fc740cc2a458a988129e358533b88f8a667e66d23568606c323b275d4b62caaa315803cc6e187470af06416e7fe34e38ec09df5099bd902cf9c9f0db04bed3e04f3e180b564d558606835c92654b44938d4abc9bb2ee08321a79d9123f07648a4e1419263b6e0a36 -51 31
2026-06-03T19:44:25.176 IMG_PACKET 43490149b292e2ae00002ea7b292cc09374a0d00dd53851379851725ca0aa7dc29aabd6668ecd788d0edd719c396f5af63df64eb1592e58ccc531c31e3aaec03a48fb571fa4d085e03ad1dc738c4878e901fc660d4895e2dbac39aeef57ca248ae80b43cb48388275913a8994164f0ff900a3b4be45d8df77ed75d8be07e9df4e12293198f44802d6ed9fc740cc2a458a988129e358533b88f8a667e66d23568606c323b275d4b62caaa315803cc6e187470af06416e7fe34e38ec09df5099bd902cf9c9f0db04bed3e04f3e180b564d558606835c92654b44938d4abc9bb2ee08321a79d9123f07648a4e1419263b6e0a36 RSSI=-51 SNR=31
2026-06-03T19:44:25.215 > p2p rx 0
2026-06-03T19:44:25.217 < >
2026-06-03T19:44:26.820 < >> Ok
2026-06-03T19:44:26.872 < >> radio_rx 43490149b292e2ae00002ea7b292cc09374a0e00dd2d0651eafc8f853640127fc2f549faafb8579ba57beee7d3ede40be07532341596d4c6e28b14375c35a5fbe1f573a50827ea89ba32facb44db5618bd5f24dcda82805dc3ef62dc9e9abad3c21218a56207410f0d2e7b0d927b83c2fde9e10bb38d96fe32f02217278760ed71188c164919e3545439f444bc9473b316108934be2e1d090588a7dcfc2f5470c873ed00f514c24a731fd3fceccf54f8bd413896f79a029e5b059295edd740582432acb329339c15a0d6553a6d1cce13b47766457df93c28584c603ae2b77dc484f38d27bb995d262ff3136cf2631c89ee1c -49 27
2026-06-03T19:44:26.877 IMG_PACKET 43490149b292e2ae00002ea7b292cc09374a0e00dd2d0651eafc8f853640127fc2f549faafb8579ba57beee7d3ede40be07532341596d4c6e28b14375c35a5fbe1f573a50827ea89ba32facb44db5618bd5f24dcda82805dc3ef62dc9e9abad3c21218a56207410f0d2e7b0d927b83c2fde9e10bb38d96fe32f02217278760ed71188c164919e3545439f444bc9473b316108934be2e1d090588a7dcfc2f5470c873ed00f514c24a731fd3fceccf54f8bd413896f79a029e5b059295edd740582432acb329339c15a0d6553a6d1cce13b47766457df93c28584c603ae2b77dc484f38d27bb995d262ff3136cf2631c89ee1c RSSI=-49 SNR=27
2026-06-03T19:44:26.916 > p2p rx 0
2026-06-03T19:44:26.918 < >
2026-06-03T19:44:28.521 < >> Ok
2026-06-03T19:44:28.574 < >> radio_rx 43490149b292e2ae00002ea7b292cc09374a0f00dd56de33ebc5b985b755952e961db0c7dbf271dc06564667a6b9f18819129140aea2ebdf18f9c0401331a03afe673fc2a13b097cc66a342d2bf222dbec9f0489d2f9745d64486b2de17e2411cd6b42dbfc3a91e2f2ec7b80e4875f749a352f3272aef4eb894216a8f48115ea91943e6249e6dbf3c62000e486a68d01f2c5049f2d04c173e38a66c004dc44ad718d17ab33211178b7e0e493890ba0fc86ca770b10745ea44d26bbcd975d79784d1ad3ccbdfe2f902eef4e56cbde4e6913ad56e604ae8ff3819abb8a3d1806360919e2fa7bed4ca1ffe9726db46c3a837f79 -53 32
2026-06-03T19:44:28.579 IMG_PACKET 43490149b292e2ae00002ea7b292cc09374a0f00dd56de33ebc5b985b755952e961db0c7dbf271dc06564667a6b9f18819129140aea2ebdf18f9c0401331a03afe673fc2a13b097cc66a342d2bf222dbec9f0489d2f9745d64486b2de17e2411cd6b42dbfc3a91e2f2ec7b80e4875f749a352f3272aef4eb894216a8f48115ea91943e6249e6dbf3c62000e486a68d01f2c5049f2d04c173e38a66c004dc44ad718d17ab33211178b7e0e493890ba0fc86ca770b10745ea44d26bbcd975d79784d1ad3ccbdfe2f902eef4e56cbde4e6913ad56e604ae8ff3819abb8a3d1806360919e2fa7bed4ca1ffe9726db46c3a837f79 RSSI=-53 SNR=32
2026-06-03T19:44:28.617 > p2p rx 0
2026-06-03T19:44:28.619 < >
2026-06-03T19:44:30.223 < >> Ok
2026-06-03T19:44:30.274 < >> radio_rx 43490149b292e2ae00002ea7b292cc09374a1000dd3928bdcb14ce558d550977b019f35727110c09674adaa16610b590807326a174362764da9921000f766cc16252293db24351e8abf2f1b0487a06fc3aa69e2eb39b79685ab8d49ad9000d2a0077066f8b744d17df7ee2d93243deece4ea2b4f026bcf17cf006dcf51258f5593d3a7777e11fa4ba306c1617eaaeedfe6ae0e34d729355a2a97868872ec88acbeba15222df7e473b907b7154f4dd62a3332812e40d936e75b7a0f5ba124beb423882878b1a6bc5f12785ab0156ac5b4c1fa12dfab248f3ca208942d33dfe856e8417db49be2327b7f7d81e0eb591f321a65 -52 34
2026-06-03T19:44:30.279 IMG_PACKET 43490149b292e2ae00002ea7b292cc09374a1000dd3928bdcb14ce558d550977b019f35727110c09674adaa16610b590807326a174362764da9921000f766cc16252293db24351e8abf2f1b0487a06fc3aa69e2eb39b79685ab8d49ad9000d2a0077066f8b744d17df7ee2d93243deece4ea2b4f026bcf17cf006dcf51258f5593d3a7777e11fa4ba306c1617eaaeedfe6ae0e34d729355a2a97868872ec88acbeba15222df7e473b907b7154f4dd62a3332812e40d936e75b7a0f5ba124beb423882878b1a6bc5f12785ab0156ac5b4c1fa12dfab248f3ca208942d33dfe856e8417db49be2327b7f7d81e0eb591f321a65 RSSI=-52 SNR=34
2026-06-03T19:44:30.320 > p2p rx 0
2026-06-03T19:44:30.321 < >
2026-06-03T19:44:31.924 < >> Ok
2026-06-03T19:44:31.976 < >> radio_rx 43490149b292e2ae00002ea7b292cc09374a1100dd5765f5483dc7e9c8ae8b5909678b9e6cfe14d5fa43a45ff2f593040b89b4d082056873381c22b140ddccd06b50b42fb02529801cc65695f8c6ffe47da55f7705213399bbb54b063bbbea58c83437a05c1bfe25c68dff7f7a9951f3b9c4eee2e9d8ec8df2d5a1cf2916a65f242c318eb0ae6d982380fd7ad0e27466eb3a28c0eea302ac64cefd617d554d609b5d32e8a185915b79a0e49411e5e3d2f5a4f840d26818e514fbd06f001bdcc5a866297f153fce4ed8acdcc946dca2d6d7f56d0de7b2246e0ab598f5c18c1776ee0dd6e27cc763da4883b3042162b5c10387 -50 31
2026-06-03T19:44:31.981 IMG_PACKET 43490149b292e2ae00002ea7b292cc09374a1100dd5765f5483dc7e9c8ae8b5909678b9e6cfe14d5fa43a45ff2f593040b89b4d082056873381c22b140ddccd06b50b42fb02529801cc65695f8c6ffe47da55f7705213399bbb54b063bbbea58c83437a05c1bfe25c68dff7f7a9951f3b9c4eee2e9d8ec8df2d5a1cf2916a65f242c318eb0ae6d982380fd7ad0e27466eb3a28c0eea302ac64cefd617d554d609b5d32e8a185915b79a0e49411e5e3d2f5a4f840d26818e514fbd06f001bdcc5a866297f153fce4ed8acdcc946dca2d6d7f56d0de7b2246e0ab598f5c18c1776ee0dd6e27cc763da4883b3042162b5c10387 RSSI=-50 SNR=31
2026-06-03T19:44:32.021 > p2p rx 0
2026-06-03T19:44:32.023 < >
2026-06-03T19:44:33.626 < >> Ok
2026-06-03T19:44:33.677 < >> radio_rx 43490149b292e2ae00002ea7b292cc09374a1200dd4e668d4a5b8d8f2f09886713e1768df807a16434e8e894919ff8f4ba86ddb9c98c3ccf6f99ea05e33ca56f79ea31695c6da6e651b3453cbf65278fe55a994cd0367cd6f27bf14461e862dafeaac00ddf7766da1ab20bc723fe8f2326b9ee9fbf20a5d258a141bca7b2c7aebf36fc35375fb313f548163da26b72d6136ac2b16ee561c75ca12203d215eb816848a3c34ef0202c76d95fd49e0df346b809473fa89eedcaede00721d2340072298a209a7a0745e8f34d666336a5599e3247adfb8e42d9a02c0f5e8780f2eb1616f27e01638b60dbc03af93950898860c211 -52 34
2026-06-03T19:44:33.682 IMG_PACKET 43490149b292e2ae00002ea7b292cc09374a1200dd4e668d4a5b8d8f2f09886713e1768df807a16434e8e894919ff8f4ba86ddb9c98c3ccf6f99ea05e33ca56f79ea31695c6da6e651b3453cbf65278fe55a994cd0367cd6f27bf14461e862dafeaac00ddf7766da1ab20bc723fe8f2326b9ee9fbf20a5d258a141bca7b2c7aebf36fc35375fb313f548163da26b72d6136ac2b16ee561c75ca12203d215eb816848a3c34ef0202c76d95fd49e0df346b809473fa89eedcaede00721d2340072298a209a7a0745e8f34d666336a5599e3247adfb8e42d9a02c0f5e8780f2eb1616f27e01638b60dbc03af93950898860c211 RSSI=-52 SNR=34
2026-06-03T19:44:33.723 > p2p rx 0
2026-06-03T19:44:33.724 < >
2026-06-03T19:44:35.328 < >> Ok
2026-06-03T19:44:35.379 < >> radio_rx 43490149b292e2ae00002ea7b292cc09374a1300dd7d4e3292a898ec115e09d89a6cb5b4f1d564734e53a7b1f9db909a877ebbbc98ee7caaf9dcc3116f990a7b2d8196c8fdbc1d88f2badfcccbe5ef9c30bfb736919fda92a012acc664db9e73ba850a8838bb6d3be8189fc240eb055d86d789a62369734fb152b7dba729ba90f8a4f1c332396e338dbda9e2b60fde08f7034febb408fb5377c3162fc65129aebb49629afb2a176e8fd8e457a35feb5160ff381a49a964dc6b11996103747a4ae0b41245c468892e68b54648e0b0dcfde1b4059c2d2e824b88f17c66534a7673c4ed951628c4bff334f9fbf99ac96079c3d3 -50 32
2026-06-03T19:44:35.383 IMG_PACKET 43490149b292e2ae00002ea7b292cc09374a1300dd7d4e3292a898ec115e09d89a6cb5b4f1d564734e53a7b1f9db909a877ebbbc98ee7caaf9dcc3116f990a7b2d8196c8fdbc1d88f2badfcccbe5ef9c30bfb736919fda92a012acc664db9e73ba850a8838bb6d3be8189fc240eb055d86d789a62369734fb152b7dba729ba90f8a4f1c332396e338dbda9e2b60fde08f7034febb408fb5377c3162fc65129aebb49629afb2a176e8fd8e457a35feb5160ff381a49a964dc6b11996103747a4ae0b41245c468892e68b54648e0b0dcfde1b4059c2d2e824b88f17c66534a7673c4ed951628c4bff334f9fbf99ac96079c3d3 RSSI=-50 SNR=32
2026-06-03T19:44:35.426 > p2p rx 0
2026-06-03T19:44:35.427 < >
2026-06-03T19:44:37.029 < >> Ok
2026-06-03T19:44:37.081 < >> radio_rx 43490149b292e2ae00002ea7b292cc09374a1400dd02d89b836e9c0fe65ddebbd39423dc91cf2ce9bf1617fe07804dbece3d255685bc7c618696a31564a5948c85a07a562362945383f15e3d2dbde0d0d54a07b77135bbad3fc70bcf0e71de2bef754e49e3177c7cb102b70a8691d340aa45600a1248f7a6554c927c1bcbc8c6456fda8f94e2e6df8767a957965076c87c372fde156779312283e42bfdcbb8bbec2d6ff03070c12675b06ba82f9af90847c852bb6b0e592764d9baafcba0e2cf2b9b4d59c2fd16009bf2f59c80080c8451dc97d9bcb752f1baf66ddaa4280ff1fbe0dfc57a9b29937d0840a92f9c0205ee93 -54 25
2026-06-03T19:44:37.086 IMG_PACKET 43490149b292e2ae00002ea7b292cc09374a1400dd02d89b836e9c0fe65ddebbd39423dc91cf2ce9bf1617fe07804dbece3d255685bc7c618696a31564a5948c85a07a562362945383f15e3d2dbde0d0d54a07b77135bbad3fc70bcf0e71de2bef754e49e3177c7cb102b70a8691d340aa45600a1248f7a6554c927c1bcbc8c6456fda8f94e2e6df8767a957965076c87c372fde156779312283e42bfdcbb8bbec2d6ff03070c12675b06ba82f9af90847c852bb6b0e592764d9baafcba0e2cf2b9b4d59c2fd16009bf2f59c80080c8451dc97d9bcb752f1baf66ddaa4280ff1fbe0dfc57a9b29937d0840a92f9c0205ee93 RSSI=-54 SNR=25
2026-06-03T19:44:37.126 > p2p rx 0
2026-06-03T19:44:37.127 < >
2026-06-03T19:44:38.733 < >> Ok
2026-06-03T19:44:38.785 < >> radio_rx 43490149b292e2ae00002ea7b292cc09374a1500dd22ac07edaf3f2692d2f3277c5aa1c0f825206d52050c922d5f789e42ed2826bd6c18caa4a2f41cbd5dfd638fc9fdf12581755830776947efd038c37f01a217101316f80a959ec47bfe230bb50a8b24adf9c222d9d52e13b140f818415c0bc1cf832addd9f539659224838b5fbf8270b334db88225ce378156482bc65b4dab5f7eeac8bbbbf5e8491b4b4722184fbd6a78904407828fbb797937086725fdf5a1427b2769c8bfff2f18ed53c364df12cf09ff72eb5769125b37969e677adc0f320ee8fc39fa30a8bdd5574042f2189f43af56a09692b77da3201173c664b -53 33
2026-06-03T19:44:38.790 IMG_PACKET 43490149b292e2ae00002ea7b292cc09374a1500dd22ac07edaf3f2692d2f3277c5aa1c0f825206d52050c922d5f789e42ed2826bd6c18caa4a2f41cbd5dfd638fc9fdf12581755830776947efd038c37f01a217101316f80a959ec47bfe230bb50a8b24adf9c222d9d52e13b140f818415c0bc1cf832addd9f539659224838b5fbf8270b334db88225ce378156482bc65b4dab5f7eeac8bbbbf5e8491b4b4722184fbd6a78904407828fbb797937086725fdf5a1427b2769c8bfff2f18ed53c364df12cf09ff72eb5769125b37969e677adc0f320ee8fc39fa30a8bdd5574042f2189f43af56a09692b77da3201173c664b RSSI=-53 SNR=33
2026-06-03T19:44:38.829 > p2p rx 0
2026-06-03T19:44:38.831 < >
2026-06-03T19:44:40.435 < >> Ok
2026-06-03T19:44:40.486 < >> radio_rx 43490149b292e2ae00002ea7b292cc09374a1600dd712d6557755f07bcc1236f98bdccf349424710e48c19e2f3b77e0bb37de9976599ba1ab28bf65a241d100b2501edb0e2f0a64d204ae4fc58953a70587d395d0401d9d4cba63044faeef461e32044bfae8d804cf585ca412c7ce8f7a2b882e361079a4a00d1f838cbc488d40a2ef4fca3d712d32fd24164117fe2dcd660756c9c16131cd71d50c46283df6ffffdb699f5a6587a237666d01aca253ba4cc19ce5c05c21060755b69257c33157a8c90445170838e930b4b52c31bb9e17e3a42d64b4052fe4c9922ee948b8014150d6aac5b577bc005e4ca1abb49103a77ab -50 32
2026-06-03T19:44:40.491 IMG_PACKET 43490149b292e2ae00002ea7b292cc09374a1600dd712d6557755f07bcc1236f98bdccf349424710e48c19e2f3b77e0bb37de9976599ba1ab28bf65a241d100b2501edb0e2f0a64d204ae4fc58953a70587d395d0401d9d4cba63044faeef461e32044bfae8d804cf585ca412c7ce8f7a2b882e361079a4a00d1f838cbc488d40a2ef4fca3d712d32fd24164117fe2dcd660756c9c16131cd71d50c46283df6ffffdb699f5a6587a237666d01aca253ba4cc19ce5c05c21060755b69257c33157a8c90445170838e930b4b52c31bb9e17e3a42d64b4052fe4c9922ee948b8014150d6aac5b577bc005e4ca1abb49103a77ab RSSI=-50 SNR=32
2026-06-03T19:44:40.531 > p2p rx 0
2026-06-03T19:44:40.533 < >
2026-06-03T19:44:42.136 < >> Ok
2026-06-03T19:44:42.186 < >> radio_rx 43490149b292e2ae00002ea7b292cc09374a1700dd740de86eb0f86ccff53c42773c54c7b8c5fc9460eee5cbb1c492f25ff8cdb219079583789972c5f7f5eb2e05ce8cc706470ed5b3ba933967a2a6d172c71fcc51f0eeaa208b530da18e1441f11d953775a289f5d0b15f588f23dadf13027b61ab9f00c35901cda0f90a426ca01f47c5ff4fee6757ac37e9d5d5973a7087f4df943b5856a8b725f19c67fb195e317edfe295e6f333eae4e11bb5775ed83535709b5605cf6f4c14acec41854a360651cecb5dca8b735a3479d47c4fef2a7e47acb48f0e9f5d9af6484d5c86bf5a21bfca8266836dd247fd645bea0ceaa24b -52 31
2026-06-03T19:44:42.191 IMG_PACKET 43490149b292e2ae00002ea7b292cc09374a1700dd740de86eb0f86ccff53c42773c54c7b8c5fc9460eee5cbb1c492f25ff8cdb219079583789972c5f7f5eb2e05ce8cc706470ed5b3ba933967a2a6d172c71fcc51f0eeaa208b530da18e1441f11d953775a289f5d0b15f588f23dadf13027b61ab9f00c35901cda0f90a426ca01f47c5ff4fee6757ac37e9d5d5973a7087f4df943b5856a8b725f19c67fb195e317edfe295e6f333eae4e11bb5775ed83535709b5605cf6f4c14acec41854a360651cecb5dca8b735a3479d47c4fef2a7e47acb48f0e9f5d9af6484d5c86bf5a21bfca8266836dd247fd645bea0ceaa24b RSSI=-52 SNR=31
2026-06-03T19:44:42.232 > p2p rx 0
2026-06-03T19:44:42.234 < >
2026-06-03T19:44:43.838 < >> Ok
2026-06-03T19:44:43.889 < >> radio_rx 43490149b292e2ae00002ea7b292cc09374a1800dd117ffaff32d49d7277ca7eb3f42e9ab4b783b669fca1198ddb2511c0d789304bf3252edf97b70708d3105971a53148a62a4ec66873ba72aa9b9ef5a3ecb7798617f9ef2f246f054ac1412dab753b1ba6cc0253555b5183fd2049ccd40b2ff8d88965a088cff125b15caebba3830a9dbc87b53f77a580f02585ae29e7dd7b0c00a5db2ba897f8b69a50a8cd8f18fefd0db5d8ef0cf1aea7f92f6ad1549a863f74f55857241f59eb9a6f8ed52bd51c1e1f7d5fa94714760eb72370c8fec74ab359178d4758af311a502e5edf81b418cfe1c74790a290ca8c03aa59e0c299 -53 33
2026-06-03T19:44:43.894 IMG_PACKET 43490149b292e2ae00002ea7b292cc09374a1800dd117ffaff32d49d7277ca7eb3f42e9ab4b783b669fca1198ddb2511c0d789304bf3252edf97b70708d3105971a53148a62a4ec66873ba72aa9b9ef5a3ecb7798617f9ef2f246f054ac1412dab753b1ba6cc0253555b5183fd2049ccd40b2ff8d88965a088cff125b15caebba3830a9dbc87b53f77a580f02585ae29e7dd7b0c00a5db2ba897f8b69a50a8cd8f18fefd0db5d8ef0cf1aea7f92f6ad1549a863f74f55857241f59eb9a6f8ed52bd51c1e1f7d5fa94714760eb72370c8fec74ab359178d4758af311a502e5edf81b418cfe1c74790a290ca8c03aa59e0c299 RSSI=-53 SNR=33
2026-06-03T19:44:43.935 > p2p rx 0
2026-06-03T19:44:43.936 < >
2026-06-03T19:44:45.539 < >> Ok
2026-06-03T19:44:45.592 < >> radio_rx 43490149b292e2ae00002ea7b292cc09374a1900dda7fc40aa04589413dcff3988463faa875b376d1fa92798cd2ba701439dcffa8f60f0cc1135c0dceac960d7c5737cbf5d1b6a1787c717a224581e5825ffc0291dbe985a6ce3cd6972f7b16398d687157a959ecc19073c84ad80a4f7a4b3af96fbb3a5edcd9f151a399f1f9384cafddcca244244aa8c49f3b1514286d1535a15c23b94e2d29ad849489eb8beb97ea99535024dabb19ff3c9c317a769d781486bdedb650a5059f4858d8b2ef35ec7f389f7b552d497937638782588b791f94ceb0ed9794823cfd1aec8df1585e3512536394d2dd2fef6061bc94e284e6459 -52 34
2026-06-03T19:44:45.597 IMG_PACKET 43490149b292e2ae00002ea7b292cc09374a1900dda7fc40aa04589413dcff3988463faa875b376d1fa92798cd2ba701439dcffa8f60f0cc1135c0dceac960d7c5737cbf5d1b6a1787c717a224581e5825ffc0291dbe985a6ce3cd6972f7b16398d687157a959ecc19073c84ad80a4f7a4b3af96fbb3a5edcd9f151a399f1f9384cafddcca244244aa8c49f3b1514286d1535a15c23b94e2d29ad849489eb8beb97ea99535024dabb19ff3c9c317a769d781486bdedb650a5059f4858d8b2ef35ec7f389f7b552d497937638782588b791f94ceb0ed9794823cfd1aec8df1585e3512536394d2dd2fef6061bc94e284e6459 RSSI=-52 SNR=34
2026-06-03T19:44:45.636 > p2p rx 0
2026-06-03T19:44:45.637 < >
2026-06-03T19:44:47.241 < >> Ok
2026-06-03T19:44:47.293 < >> radio_rx 43490149b292e2ae00002ea7b292cc09374a1a00ddef2408d12c7c2475ae92239f0ab04e3f827b2e5bfc9db51e5ae1899f50e30033061f95fc891e8481600d54e55a85c29881d227e7c1612cad0b5624c548d760c3953232a4e166fabae04c437eefc86570793da171176b98ed179dc1ae2f4f6e54b31bf466bb335891d3143addb59289d292de82ad0ee130a9ba366f6f50c52a6781b175684a0a50de4beddcfe629dea470a66f150124f6c94a248275012c725964cc469335dcfffa70bd2bb15b779de974be59402a0383ece0ac790e518c901768e68e5e24881f07b10de2d564febb30185de4504c2d81f0f79bfa1cb9d -50 33
2026-06-03T19:44:47.298 IMG_PACKET 43490149b292e2ae00002ea7b292cc09374a1a00ddef2408d12c7c2475ae92239f0ab04e3f827b2e5bfc9db51e5ae1899f50e30033061f95fc891e8481600d54e55a85c29881d227e7c1612cad0b5624c548d760c3953232a4e166fabae04c437eefc86570793da171176b98ed179dc1ae2f4f6e54b31bf466bb335891d3143addb59289d292de82ad0ee130a9ba366f6f50c52a6781b175684a0a50de4beddcfe629dea470a66f150124f6c94a248275012c725964cc469335dcfffa70bd2bb15b779de974be59402a0383ece0ac790e518c901768e68e5e24881f07b10de2d564febb30185de4504c2d81f0f79bfa1cb9d RSSI=-50 SNR=33
2026-06-03T19:44:47.338 > p2p rx 0
2026-06-03T19:44:47.339 < >
2026-06-03T19:44:48.943 < >> Ok
2026-06-03T19:44:48.995 < >> radio_rx 43490149b292e2ae00002ea7b292cc09374a1b00dd0cd82af958b1990aaceee97566b685747965486137e7ff71056d39d8b879fa65f58961a2792f67bce82a17478f62fa52002c4c006c5d0184ce232df9f8d295afab2f3c148fbd1c2ea810e10ac8823c00bc99e0b49bb522b456eaaff43e631cb32492c032dad2109a3dc0404185f46da46b3cbc319d418fab8637e762a13f65bd92219eb5c701eba3f4c7d63b05e19e183f4bcf21c16ec93f20627702078c356dc2df4ea308922a28b0656e6cdfffbd1d06b8047d319e3b51d19bec158bebcb068851c95aec2710e84092799c0b120fdc9d4622282a59ff93f1930b25fc -53 32
2026-06-03T19:44:49.000 IMG_PACKET 43490149b292e2ae00002ea7b292cc09374a1b00dd0cd82af958b1990aaceee97566b685747965486137e7ff71056d39d8b879fa65f58961a2792f67bce82a17478f62fa52002c4c006c5d0184ce232df9f8d295afab2f3c148fbd1c2ea810e10ac8823c00bc99e0b49bb522b456eaaff43e631cb32492c032dad2109a3dc0404185f46da46b3cbc319d418fab8637e762a13f65bd92219eb5c701eba3f4c7d63b05e19e183f4bcf21c16ec93f20627702078c356dc2df4ea308922a28b0656e6cdfffbd1d06b8047d319e3b51d19bec158bebcb068851c95aec2710e84092799c0b120fdc9d4622282a59ff93f1930b25fc RSSI=-53 SNR=32
2026-06-03T19:44:49.039 > p2p rx 0
2026-06-03T19:44:49.040 < >
2026-06-03T19:44:50.644 < >> Ok
2026-06-03T19:44:50.695 < >> radio_rx 43490149b292e2ae00002ea7b292cc09374a1c00ddbb1cc7476bc1785d61c65d20519481f22e179e3e0f25dcf4228f106fc9a08e847f4d9da9f1d3233ec55ed1aaf56ae2daf21b65786e1b47841c9a928a333908b0d48663f84d25b0bbd0c0771b94190e271e7a030912718d4d0d0e81f39c8be924fe1efd454d86d4b49145c76e5804e8665f8b7bfafe54fd81664f846912781bdd6c59173340bc10b87a80088fd3088c63b75c188affb37f210dd86af60c2698cee71f4b11e4798d28c2b13e34fc9d661a7898bd7aa8c6be91c17695fa11ccf247b6449bfbc58152e71374fd2b46c980ca9214f147af4140b0fac4564d8d -51 32
2026-06-03T19:44:50.701 IMG_PACKET 43490149b292e2ae00002ea7b292cc09374a1c00ddbb1cc7476bc1785d61c65d20519481f22e179e3e0f25dcf4228f106fc9a08e847f4d9da9f1d3233ec55ed1aaf56ae2daf21b65786e1b47841c9a928a333908b0d48663f84d25b0bbd0c0771b94190e271e7a030912718d4d0d0e81f39c8be924fe1efd454d86d4b49145c76e5804e8665f8b7bfafe54fd81664f846912781bdd6c59173340bc10b87a80088fd3088c63b75c188affb37f210dd86af60c2698cee71f4b11e4798d28c2b13e34fc9d661a7898bd7aa8c6be91c17695fa11ccf247b6449bfbc58152e71374fd2b46c980ca9214f147af4140b0fac4564d8d RSSI=-51 SNR=32
2026-06-03T19:44:50.741 > p2p rx 0
2026-06-03T19:44:50.742 < >
2026-06-03T19:44:52.346 < >> Ok
2026-06-03T19:44:52.396 < >> radio_rx 43490149b292e2ae00002ea7b292cc09374a1d00dd62ff058a35d50f0c61dae67ea3e09d0fa45630c20eb01cb850e4c35a0d1f5b316b41586182941f736d81ea1ff29b1d88905e8333b45f319e591487269e41645344674e3cb7eed50f75d787d01a7e3a91b16c457ec72a4bcd5cb4c72de9007832a54b40e63b9c570c4104ebd9437ca339cb665cfe192caf6bb3cb2487e4129c46902737291d6a3def350bc6d55a01e36ce541360b1acb8059e56c150f3ab29d3d3016443797384231a75c844710b8d5227243d0463eaf3992c6d87d90e0e2487873a578ad9c71c45e88048306505fd5aa84633ecb0c0261c1498ffcb506 -51 32
2026-06-03T19:44:52.403 IMG_PACKET 43490149b292e2ae00002ea7b292cc09374a1d00dd62ff058a35d50f0c61dae67ea3e09d0fa45630c20eb01cb850e4c35a0d1f5b316b41586182941f736d81ea1ff29b1d88905e8333b45f319e591487269e41645344674e3cb7eed50f75d787d01a7e3a91b16c457ec72a4bcd5cb4c72de9007832a54b40e63b9c570c4104ebd9437ca339cb665cfe192caf6bb3cb2487e4129c46902737291d6a3def350bc6d55a01e36ce541360b1acb8059e56c150f3ab29d3d3016443797384231a75c844710b8d5227243d0463eaf3992c6d87d90e0e2487873a578ad9c71c45e88048306505fd5aa84633ecb0c0261c1498ffcb506 RSSI=-51 SNR=32
2026-06-03T19:44:52.442 > p2p rx 0
2026-06-03T19:44:52.447 < >
2026-06-03T19:44:54.047 < >> Ok
2026-06-03T19:44:54.097 < >> radio_rx 43490149b292e2ae00002ea7b292cc09374a1e00ddc8471883e4fd231135882f70e09446f2b9915ecd01f987b87a81e6b0205d20a4b99ffdf938ffbb07c0918032b1da6f0e6b4bc8386848c2e55870c58a0158821beed8efa41ad524beb5ba06cb7682848dec7e72ed16f9ad91c09e0cc783ae3dd8bdb00131f455cf2ee2b8287b72b56dfd1b4d6bab3aca6a6b5e220ab20c39ba1eac58a67a01d5867027def4709d18d211f5b52a8d3924f823bb23c54fe0dead63f012e07c51902ca4bc288dbf06078c04c2af0ae09e857d0320fd479614909711f2b56b71228f73952403126511a677b961c1075ee568f928a26027fbe1 -56 23
2026-06-03T19:44:54.101 IMG_PACKET 43490149b292e2ae00002ea7b292cc09374a1e00ddc8471883e4fd231135882f70e09446f2b9915ecd01f987b87a81e6b0205d20a4b99ffdf938ffbb07c0918032b1da6f0e6b4bc8386848c2e55870c58a0158821beed8efa41ad524beb5ba06cb7682848dec7e72ed16f9ad91c09e0cc783ae3dd8bdb00131f455cf2ee2b8287b72b56dfd1b4d6bab3aca6a6b5e220ab20c39ba1eac58a67a01d5867027def4709d18d211f5b52a8d3924f823bb23c54fe0dead63f012e07c51902ca4bc288dbf06078c04c2af0ae09e857d0320fd479614909711f2b56b71228f73952403126511a677b961c1075ee568f928a26027fbe1 RSSI=-56 SNR=23
2026-06-03T19:44:54.145 > p2p rx 0
2026-06-03T19:44:54.146 < >
2026-06-03T19:44:55.749 < >> Ok
2026-06-03T19:44:55.802 < >> radio_rx 43490149b292e2ae00002ea7b292cc09374a1f00dd3dacac91d7bef9f1cb8c332e1357b73d376d3f87ed789f275a9c3037ab79bc63c07e38ca3f7376a00dcfc7fa52485ea5e1965d42a6217a5388f241b0d2641e0d6e35a9c2f7bddad2472de5786c61c92e3054ca612a8cf4926bc34d2266a33a491de6fcfd16785be8fef53f7e2ba84f54f625c6bfed953fd438cd3895c95c73b97b6abe22d35e808e217231cf278f79fc4b3e361b4533656756919c776c6bc05de816c4c950c88bf5b4c63cb23a63072d5a785e4dca2b342926d9746759f265a1c8e7f10e221e7b28174cc23c9b6b587f492b88c6797db3a4de925481c6 -53 28
2026-06-03T19:44:55.849 IMG_PACKET 43490149b292e2ae00002ea7b292cc09374a1f00dd3dacac91d7bef9f1cb8c332e1357b73d376d3f87ed789f275a9c3037ab79bc63c07e38ca3f7376a00dcfc7fa52485ea5e1965d42a6217a5388f241b0d2641e0d6e35a9c2f7bddad2472de5786c61c92e3054ca612a8cf4926bc34d2266a33a491de6fcfd16785be8fef53f7e2ba84f54f625c6bfed953fd438cd3895c95c73b97b6abe22d35e808e217231cf278f79fc4b3e361b4533656756919c776c6bc05de816c4c950c88bf5b4c63cb23a63072d5a785e4dca2b342926d9746759f265a1c8e7f10e221e7b28174cc23c9b6b587f492b88c6797db3a4de925481c6 RSSI=-53 SNR=28
2026-06-03T19:44:55.849 > p2p rx 0
2026-06-03T19:44:55.850 < >
2026-06-03T19:44:57.450 < >> Ok
2026-06-03T19:44:57.502 < >> radio_rx 43490149b292e2ae00002ea7b292cc09374a2000ddb0e4b5ce47ca173d7f774f5c04f9b2ef75e074f14a916d87c91ddb405f6b94fbd07d117afa346820e9db21ea8d3a93f6b9cf65fba18d3ef5c21f0a3f9470ccdc2e5412029535fbe638e50f0411be0de041ab294361ceca3ad4e886fdf2df2a5d78b0178d17addf8a3c298c7e7ad1666dda504f8c874177299a85229549a7fe11e8299ed173f159f6ee7ffa36beba07caaf20f835ffd7b17230b6a3d7f26fe67a32548583ebb207243a40f42f5e45f1841af82032458b1d68acbe5387420e69e471b8bdf615e227b93b5ae1c150059007f188ad970f1a59d75cdb02afd9 -56 30
2026-06-03T19:44:57.507 IMG_PACKET 43490149b292e2ae00002ea7b292cc09374a2000ddb0e4b5ce47ca173d7f774f5c04f9b2ef75e074f14a916d87c91ddb405f6b94fbd07d117afa346820e9db21ea8d3a93f6b9cf65fba18d3ef5c21f0a3f9470ccdc2e5412029535fbe638e50f0411be0de041ab294361ceca3ad4e886fdf2df2a5d78b0178d17addf8a3c298c7e7ad1666dda504f8c874177299a85229549a7fe11e8299ed173f159f6ee7ffa36beba07caaf20f835ffd7b17230b6a3d7f26fe67a32548583ebb207243a40f42f5e45f1841af82032458b1d68acbe5387420e69e471b8bdf615e227b93b5ae1c150059007f188ad970f1a59d75cdb02afd9 RSSI=-56 SNR=30
2026-06-03T19:44:57.548 > p2p rx 0
2026-06-03T19:44:57.549 < >
2026-06-03T19:44:59.151 < >> Ok
2026-06-03T19:44:59.201 < >> radio_rx 43490149b292e2ae00002ea7b292cc09374a2100dd486cae1a670545a8787154ede8bd2d8be521ca1e71d65e851689a5d0b8d9251777b0a28d53cbe68ce969a0b06e3846998c88c0b2d98beea558aa5b31fcd494e7b24bdd333a1733598d8e7a12e8ff869082cf48fcfe2fe6ce780550f798278e2be710f3518212a07327f52a1b2f34cde742948a9b2bf55c21c2385d4861de994b9f5273c4f9ad226740472850389cd807a9044846065257b34096f77c1a2b8fe62c11fb60eca922187f5d8a265e1611030c940d4435c6059bba2c7fc9d0fa3af0a0009aedb780ed54fccf0848ca1364de66f3ad50405c4b05c6f637a5b4 -52 33
2026-06-03T19:44:59.207 IMG_PACKET 43490149b292e2ae00002ea7b292cc09374a2100dd486cae1a670545a8787154ede8bd2d8be521ca1e71d65e851689a5d0b8d9251777b0a28d53cbe68ce969a0b06e3846998c88c0b2d98beea558aa5b31fcd494e7b24bdd333a1733598d8e7a12e8ff869082cf48fcfe2fe6ce780550f798278e2be710f3518212a07327f52a1b2f34cde742948a9b2bf55c21c2385d4861de994b9f5273c4f9ad226740472850389cd807a9044846065257b34096f77c1a2b8fe62c11fb60eca922187f5d8a265e1611030c940d4435c6059bba2c7fc9d0fa3af0a0009aedb780ed54fccf0848ca1364de66f3ad50405c4b05c6f637a5b4 RSSI=-52 SNR=33
2026-06-03T19:44:59.249 > p2p rx 0
2026-06-03T19:44:59.250 < >
2026-06-03T19:45:00.853 < >> Ok
2026-06-03T19:45:00.904 < >> radio_rx 43490149b292e2ae00002ea7b292cc09374a2200dd6da1eeb8a33b5fbdec704f7ba2ff5fab1191d1e40ef96c47c59e7ecc4e749f85c1317e3afcf869d09341c5f0ca04e635258bfa9ec79e2c2c5747502d246651f4a4849f54e446ad4dc2c12ab423975840e1e34469e23e391cd9406c86c95e6947f2ef6fc85b19d591ec8b9679c2aa7017b5adba1c2f7090ea6fcdcdc342d99aa57350446cb068e8df54c5c49f1530fc199ed1c342b57b39b38f80ef8ea854872602d09b75f2058ea90cd6dece9f07088178f05dbed0376de07072b65d60dfa1cc230cf98eb6b9306b7dcb4806a1d9ba89ed0fe3fdd71672459d3cdc34ea -49 22
2026-06-03T19:45:00.909 IMG_PACKET 43490149b292e2ae00002ea7b292cc09374a2200dd6da1eeb8a33b5fbdec704f7ba2ff5fab1191d1e40ef96c47c59e7ecc4e749f85c1317e3afcf869d09341c5f0ca04e635258bfa9ec79e2c2c5747502d246651f4a4849f54e446ad4dc2c12ab423975840e1e34469e23e391cd9406c86c95e6947f2ef6fc85b19d591ec8b9679c2aa7017b5adba1c2f7090ea6fcdcdc342d99aa57350446cb068e8df54c5c49f1530fc199ed1c342b57b39b38f80ef8ea854872602d09b75f2058ea90cd6dece9f07088178f05dbed0376de07072b65d60dfa1cc230cf98eb6b9306b7dcb4806a1d9ba89ed0fe3fdd71672459d3cdc34ea RSSI=-49 SNR=22
2026-06-03T19:45:00.950 > p2p rx 0
2026-06-03T19:45:00.952 < >
2026-06-03T19:45:02.555 < >> Ok
2026-06-03T19:45:02.606 < >> radio_rx 43490149b292e2ae00002ea7b292cc09374a2300ddebbecbcdd5650a760f7b8b5a579a8f2a4b954b4f87f0fda75b389c2a225abdfcf494c040ce59ab105b4db1bc9b27466bfe9027197f30b4135e053dfd06e19f8dce98ec4f3419dd95d73b8f3f688fe5f33ee2aae304a6a18c7df1017cf29aea78199c7559660980d3b89c4c97fbaf56edaf253f4747ad4e322d5509bf87a957045038d02063743420649c340d6408b696cd44f7e972cd6feef1799117384ff55aa77f664400f9a3de21c58755638b8c58c9ae5d6be30f3c48e3ca128e726001758942b9176444829828c70b0d4a1d890d0e7b41c3ff354a2dfe501d44be -52 31
2026-06-03T19:45:02.611 IMG_PACKET 43490149b292e2ae00002ea7b292cc09374a2300ddebbecbcdd5650a760f7b8b5a579a8f2a4b954b4f87f0fda75b389c2a225abdfcf494c040ce59ab105b4db1bc9b27466bfe9027197f30b4135e053dfd06e19f8dce98ec4f3419dd95d73b8f3f688fe5f33ee2aae304a6a18c7df1017cf29aea78199c7559660980d3b89c4c97fbaf56edaf253f4747ad4e322d5509bf87a957045038d02063743420649c340d6408b696cd44f7e972cd6feef1799117384ff55aa77f664400f9a3de21c58755638b8c58c9ae5d6be30f3c48e3ca128e726001758942b9176444829828c70b0d4a1d890d0e7b41c3ff354a2dfe501d44be RSSI=-52 SNR=31
2026-06-03T19:45:02.651 > p2p rx 0
2026-06-03T19:45:02.652 < >
2026-06-03T19:45:04.256 < >> Ok
2026-06-03T19:45:04.310 < >> radio_rx 43490149b292e2ae00002ea7b292cc09374a2400ddca73b6d5ee91fe33affcca4830f7328e44e81245394df12f6db87d24be11a99ca63069db2f51b5dd052e92e9ad5d111c53949ee22458c4433ff4afdc8b6676f0d3b317905d56be8016e3b68973029e5fe40e60e7ed69f781ae4f2036459343537dd12440c0b1519a4929b9f4a25dd06083103c8bb299d0ebfe4a1ee50e6cc277621eb6abc520bace51494b8918c3b9b6197273ae3ee84997bef9ba9782869a99dd690de3d61061973cacc449d9caa9a603f68dae396beb58a3bdb1e20fb5b1a5fba8baa9edb8f8d1a4a3c36d40d11dba72edebe3c7b1cb4b7dbc0f2e3e -47 33
2026-06-03T19:45:04.315 IMG_PACKET 43490149b292e2ae00002ea7b292cc09374a2400ddca73b6d5ee91fe33affcca4830f7328e44e81245394df12f6db87d24be11a99ca63069db2f51b5dd052e92e9ad5d111c53949ee22458c4433ff4afdc8b6676f0d3b317905d56be8016e3b68973029e5fe40e60e7ed69f781ae4f2036459343537dd12440c0b1519a4929b9f4a25dd06083103c8bb299d0ebfe4a1ee50e6cc277621eb6abc520bace51494b8918c3b9b6197273ae3ee84997bef9ba9782869a99dd690de3d61061973cacc449d9caa9a603f68dae396beb58a3bdb1e20fb5b1a5fba8baa9edb8f8d1a4a3c36d40d11dba72edebe3c7b1cb4b7dbc0f2e3e RSSI=-47 SNR=33
2026-06-03T19:45:04.353 > p2p rx 0
2026-06-03T19:45:04.354 < >
2026-06-03T19:45:05.957 < >> Ok
2026-06-03T19:45:06.010 < >> radio_rx 43490149b292e2ae00002ea7b292cc09374a2500dd1c7c6702934cd70f82bfbcc18f1de878580ea30a2c926289cb3f40f1bc7d2d15148a391aedaabe5e1a783e3b30abc5ee3dc4bcb9f1059bdb9263fbe9251e225282728a05165a03748c244187cc92a885ab1ad586e0f8d776a6f900cecc9259f9f25fd3714b2d2f814b1f3a39a469eeb63f14afd1f17efeffb32b73414fb8382beaddd4af2ecff7e147c2776a54f698f69e97202bd7dcf16ba95bba0da8139d4339252986731a7fa29be792deb810323c1af70e6492d2b8b517515b79ef92429691a1c768359f8511c767396eaab0750f62873a70905696be82edad9032 -50 33
2026-06-03T19:45:06.014 IMG_PACKET 43490149b292e2ae00002ea7b292cc09374a2500dd1c7c6702934cd70f82bfbcc18f1de878580ea30a2c926289cb3f40f1bc7d2d15148a391aedaabe5e1a783e3b30abc5ee3dc4bcb9f1059bdb9263fbe9251e225282728a05165a03748c244187cc92a885ab1ad586e0f8d776a6f900cecc9259f9f25fd3714b2d2f814b1f3a39a469eeb63f14afd1f17efeffb32b73414fb8382beaddd4af2ecff7e147c2776a54f698f69e97202bd7dcf16ba95bba0da8139d4339252986731a7fa29be792deb810323c1af70e6492d2b8b517515b79ef92429691a1c768359f8511c767396eaab0750f62873a70905696be82edad9032 RSSI=-50 SNR=33
2026-06-03T19:45:06.055 > p2p rx 0
2026-06-03T19:45:06.057 < >
2026-06-03T19:45:07.659 < >> Ok
2026-06-03T19:45:07.710 < >> radio_rx 43490149b292e2ae00002ea7b292cc09374a2600ddd629a40d5ff41b673ee09873414bda8fe82d6a65f492efc964f75405ac85807a805a7d20e10d1912e7ce25ebb4d7ba040c4a816f07ba016bb161e9fdc5e5f4634da598cfcbced12d5adbcfc90d9f47ced528158815a48edfcc794a0cee53918597c12f6a7549e61e5a6f7c7d9cd6f7169e5ce50590cd820fca0036ae4d52cffa22ba1bed27c668ba06e8eec920c15f4064656d9032bace2ddcba4ba63fc5a31cdfb5b844571ed219def80249ea278c3041519f1e1047c0f092bc7331ba9fe0b50c3cd0816405362450e6e16b39116227201cb856a93db1c99525c1720e -52 34
2026-06-03T19:45:07.715 IMG_PACKET 43490149b292e2ae00002ea7b292cc09374a2600ddd629a40d5ff41b673ee09873414bda8fe82d6a65f492efc964f75405ac85807a805a7d20e10d1912e7ce25ebb4d7ba040c4a816f07ba016bb161e9fdc5e5f4634da598cfcbced12d5adbcfc90d9f47ced528158815a48edfcc794a0cee53918597c12f6a7549e61e5a6f7c7d9cd6f7169e5ce50590cd820fca0036ae4d52cffa22ba1bed27c668ba06e8eec920c15f4064656d9032bace2ddcba4ba63fc5a31cdfb5b844571ed219def80249ea278c3041519f1e1047c0f092bc7331ba9fe0b50c3cd0816405362450e6e16b39116227201cb856a93db1c99525c1720e RSSI=-52 SNR=34
2026-06-03T19:45:07.756 > p2p rx 0
2026-06-03T19:45:07.757 < >
2026-06-03T19:45:09.361 < >> Ok
2026-06-03T19:45:09.414 < >> radio_rx 43490149b292e2ae00002ea7b292cc09374a2700dd95b0373da6f6c6ddd5d831fa8fc5ab2d0c7810b60711a89c36a77e70c46141db14f5b1f718cde0049ea98d745779a5c4ec9e33294be305b8802470683a3d56ec634e791b59bb782dd3829d24052507ea16b33dfa6ff5bbeea94b68a41fe33adedcbe7c8e2cc56a16e8927c261e7499e009b0c3b70b42ac02dc28b6b718c369428b332ca008c2f8a3b44a205e07b1784e5b9fb29931948332899cc05ea6ada937c526ea8e99ab18f03b9ae2e7141415fdef213aa4bd604454ea6592463a57eeb20852f1c3d0ebb5ed5bc687971ef0bbb2e84d3e3a87d24674559b36f9b8 -52 33
2026-06-03T19:45:09.420 IMG_PACKET 43490149b292e2ae00002ea7b292cc09374a2700dd95b0373da6f6c6ddd5d831fa8fc5ab2d0c7810b60711a89c36a77e70c46141db14f5b1f718cde0049ea98d745779a5c4ec9e33294be305b8802470683a3d56ec634e791b59bb782dd3829d24052507ea16b33dfa6ff5bbeea94b68a41fe33adedcbe7c8e2cc56a16e8927c261e7499e009b0c3b70b42ac02dc28b6b718c369428b332ca008c2f8a3b44a205e07b1784e5b9fb29931948332899cc05ea6ada937c526ea8e99ab18f03b9ae2e7141415fdef213aa4bd604454ea6592463a57eeb20852f1c3d0ebb5ed5bc687971ef0bbb2e84d3e3a87d24674559b36f9b8 RSSI=-52 SNR=33
2026-06-03T19:45:09.458 > p2p rx 0
2026-06-03T19:45:09.459 < >
2026-06-03T19:45:11.062 < >> Ok
2026-06-03T19:45:11.114 < >> radio_rx 43490149b292e2ae00002ea7b292cc09374a2800dd9352685ef5fe5b9bd68e2967ce4bf1043c1da3a4ce37838c53654a15d5c0a2ceb7aeb65cd00c8fc83f2684561a6dcbcbbff64fa2f8c6d66f2d25024e73d687a963d3d64c8c6971a41fffb88574f719d6a3a7dfdc55e0feb521fae3a640a2ed5a5c45f1ffcc2bea4850a6b93006511415bcd5280e6e3c4e70c5eb32e87ffcce41941b1a57289b021fd80482c69863f5c55d389c86fe5a2885e6f6be2693c6a39d4f13c15cd257e5ad911d017bdae08cf0e0339d48081c1cad6e009b5afe1ce7c5b6ca4c0ad364a78a5de3409a8f09205dff3a666abd8d097765b5b14751 -57 31
2026-06-03T19:45:11.119 IMG_PACKET 43490149b292e2ae00002ea7b292cc09374a2800dd9352685ef5fe5b9bd68e2967ce4bf1043c1da3a4ce37838c53654a15d5c0a2ceb7aeb65cd00c8fc83f2684561a6dcbcbbff64fa2f8c6d66f2d25024e73d687a963d3d64c8c6971a41fffb88574f719d6a3a7dfdc55e0feb521fae3a640a2ed5a5c45f1ffcc2bea4850a6b93006511415bcd5280e6e3c4e70c5eb32e87ffcce41941b1a57289b021fd80482c69863f5c55d389c86fe5a2885e6f6be2693c6a39d4f13c15cd257e5ad911d017bdae08cf0e0339d48081c1cad6e009b5afe1ce7c5b6ca4c0ad364a78a5de3409a8f09205dff3a666abd8d097765b5b14751 RSSI=-57 SNR=31
2026-06-03T19:45:11.159 > p2p rx 0
2026-06-03T19:45:11.161 < >
2026-06-03T19:45:12.764 < >> Ok
2026-06-03T19:45:12.816 < >> radio_rx 43490149b292e2ae00002ea7b292cc09374a2900dde7edd985eff9d8184167e806bf2d8d78919b7b3c6b2ff1882433e3ab06a7514d1d110eee401c1fe6a26c6dd44bf7f4913f6ea8d560e913840d3e460966bab8179d1fbc5b42c9c809c7e57f79e595f14a3a4bc800529090f62a1af2ceade591d97cfe26d1c6dec1c303620f950a543af049d1b0c57d84816f83e58c67c950d03c898585c950f541cbefadf4c42c2d7a2520a9783d2506f410c294f772076ab4a6902a9d7e065ae4eb390506eef78926a816e7c82b4e6ae16b6e2cac1223cfb24d8d4599c99932c70029c28c91409b9af3ff16b9d774881394971132a6cf -51 32
2026-06-03T19:45:12.820 IMG_PACKET 43490149b292e2ae00002ea7b292cc09374a2900dde7edd985eff9d8184167e806bf2d8d78919b7b3c6b2ff1882433e3ab06a7514d1d110eee401c1fe6a26c6dd44bf7f4913f6ea8d560e913840d3e460966bab8179d1fbc5b42c9c809c7e57f79e595f14a3a4bc800529090f62a1af2ceade591d97cfe26d1c6dec1c303620f950a543af049d1b0c57d84816f83e58c67c950d03c898585c950f541cbefadf4c42c2d7a2520a9783d2506f410c294f772076ab4a6902a9d7e065ae4eb390506eef78926a816e7c82b4e6ae16b6e2cac1223cfb24d8d4599c99932c70029c28c91409b9af3ff16b9d774881394971132a6cf RSSI=-51 SNR=32
2026-06-03T19:45:12.860 > p2p rx 0
2026-06-03T19:45:12.861 < >
2026-06-03T19:45:14.465 < >> Ok
2026-06-03T19:45:14.517 < >> radio_rx 43490149b292e2ae00002ea7b292cc09374a2a00ddf1b4741b6ebf46fd969080084eef171cb080d48748c871f23a6ae6d9494c31ff455a4d2a9be95084bd664ff61a1c1fa3f12a7fca8d0b3bfc0f37a0b8bcfc8d981d71d7d5e349af639ddb2d0c2f8dfa8b9ae4ba61724612a9ee23494225f7e4a4c4c135b60cef21cb0652c94d7d83378f3a61334c5249da38048a1a34586a5004005083759e73aedb2ffacc4a49ccb6bed52d71b6456bc82e7446dc82d86bf27909bbfd6d5b54de2217fe94a56264e0bc0711ef2309692c98b996e5003fa63869d23efce45b0ce2d715a00e93f07786f55679c4575048a2ca5ecee57043 -49 27
2026-06-03T19:45:14.522 IMG_PACKET 43490149b292e2ae00002ea7b292cc09374a2a00ddf1b4741b6ebf46fd969080084eef171cb080d48748c871f23a6ae6d9494c31ff455a4d2a9be95084bd664ff61a1c1fa3f12a7fca8d0b3bfc0f37a0b8bcfc8d981d71d7d5e349af639ddb2d0c2f8dfa8b9ae4ba61724612a9ee23494225f7e4a4c4c135b60cef21cb0652c94d7d83378f3a61334c5249da38048a1a34586a5004005083759e73aedb2ffacc4a49ccb6bed52d71b6456bc82e7446dc82d86bf27909bbfd6d5b54de2217fe94a56264e0bc0711ef2309692c98b996e5003fa63869d23efce45b0ce2d715a00e93f07786f55679c4575048a2ca5ecee57043 RSSI=-49 SNR=27
2026-06-03T19:45:14.563 > p2p rx 0
2026-06-03T19:45:14.564 < >
2026-06-03T19:45:16.167 < >> Ok
2026-06-03T19:45:16.219 < >> radio_rx 43490149b292e2ae00002ea7b292cc09374a2b00dd527e2e63c53d5d6750aa71b4604d5b40d4bf7e2d876fda97b6a84ea7cafa9000d7be4eaa3109af8a4ae713ca95d170b5ec53c630cb11511819bfd7898f729946a20f182184ae8650dc4c09d40bde10bf72181c8b9f3cd183ccd11ee84bdddc5937439437e37ab1c62b9341f3449d0a9ad9e74cdba442cb173646c8729187f0d0c3d62d599769a126a666c6ad5a4a2c151e7d8398db82e2cc2cd56cab046435bf3dfea19045ee4cc44d511306c4559ac512e9858c33f19db7dcdab19c6f01a9eae82a8a08d93bae415fe22d54dd368189813e1d6d376b01dad093769c6c -50 30
2026-06-03T19:45:16.223 IMG_PACKET 43490149b292e2ae00002ea7b292cc09374a2b00dd527e2e63c53d5d6750aa71b4604d5b40d4bf7e2d876fda97b6a84ea7cafa9000d7be4eaa3109af8a4ae713ca95d170b5ec53c630cb11511819bfd7898f729946a20f182184ae8650dc4c09d40bde10bf72181c8b9f3cd183ccd11ee84bdddc5937439437e37ab1c62b9341f3449d0a9ad9e74cdba442cb173646c8729187f0d0c3d62d599769a126a666c6ad5a4a2c151e7d8398db82e2cc2cd56cab046435bf3dfea19045ee4cc44d511306c4559ac512e9858c33f19db7dcdab19c6f01a9eae82a8a08d93bae415fe22d54dd368189813e1d6d376b01dad093769c6c RSSI=-50 SNR=30
2026-06-03T19:45:16.264 > p2p rx 0
2026-06-03T19:45:16.265 < >
2026-06-03T19:45:17.868 < >> Ok
2026-06-03T19:45:17.919 < >> radio_rx 43490149b292e2ae00002ea7b292cc09374a2c00dded3dceebb6b2d79719fed593008c05d95116ab8334a13a7955a78010ade08b099cdd37f9a6ff9597f9d06f48e84f41320d52c844d0d9365575fd57b6ebbb7801f42181256c8129f2d0fe62c25e2a2f9904b1e345e743ed3c8efe21058ee0da9e3875c25a2c23773bb6e0eb95a95511162828cbfbe1c556b9941aa50585dd514a781f4dcbc4a13bc6aaec449221e3d0ed71d14ae9fffb413c5bbebbca9b25370646a90d3566d74c8075eefaf8e3c74954f417736277971089ccbd07e87ed4f883716c0796efc8b3eb89697a3b1c07e62cb306a12a953787b26e4d928aad -49 26
2026-06-03T19:45:17.926 IMG_PACKET 43490149b292e2ae00002ea7b292cc09374a2c00dded3dceebb6b2d79719fed593008c05d95116ab8334a13a7955a78010ade08b099cdd37f9a6ff9597f9d06f48e84f41320d52c844d0d9365575fd57b6ebbb7801f42181256c8129f2d0fe62c25e2a2f9904b1e345e743ed3c8efe21058ee0da9e3875c25a2c23773bb6e0eb95a95511162828cbfbe1c556b9941aa50585dd514a781f4dcbc4a13bc6aaec449221e3d0ed71d14ae9fffb413c5bbebbca9b25370646a90d3566d74c8075eefaf8e3c74954f417736277971089ccbd07e87ed4f883716c0796efc8b3eb89697a3b1c07e62cb306a12a953787b26e4d928aad RSSI=-49 SNR=26
2026-06-03T19:45:17.964 > p2p rx 0
2026-06-03T19:45:17.966 < >
2026-06-03T19:45:19.569 < >> Ok
2026-06-03T19:45:19.619 < >> radio_rx 43490149b292e2ae00002ea7b292cc09374a2d00dd52e4f3fc9a1046d38d060a59f384614961659d846f7e00b6eb4b321f93fc225fe910330533d20708701e0b05ab0db33dfc524a66aac73215175aaf43f4e76c118c75de12fa652f54462dfa7b448f5ee9f9c9e47ce17448dbef926b40c50b086887b20e093a54d869bb3a4efe29ebd8f795409bc61d433ad41f4fa01e699c10c4abb49d8422f0e1b9459afd6c1ac3e13e5d8e691af7307d1e381abee720763b78815d862fe42ef2585aa86cc948d29e2215df790a0ccbe15fd36e53d305ec5cfff958908c3fe56ce9368d51be191e30fcb7b9987d4952ceed893f717558 -50 29
2026-06-03T19:45:19.624 IMG_PACKET 43490149b292e2ae00002ea7b292cc09374a2d00dd52e4f3fc9a1046d38d060a59f384614961659d846f7e00b6eb4b321f93fc225fe910330533d20708701e0b05ab0db33dfc524a66aac73215175aaf43f4e76c118c75de12fa652f54462dfa7b448f5ee9f9c9e47ce17448dbef926b40c50b086887b20e093a54d869bb3a4efe29ebd8f795409bc61d433ad41f4fa01e699c10c4abb49d8422f0e1b9459afd6c1ac3e13e5d8e691af7307d1e381abee720763b78815d862fe42ef2585aa86cc948d29e2215df790a0ccbe15fd36e53d305ec5cfff958908c3fe56ce9368d51be191e30fcb7b9987d4952ceed893f717558 RSSI=-50 SNR=29
2026-06-03T19:45:19.666 > p2p rx 0
2026-06-03T19:45:19.667 < >
2026-06-03T19:45:21.271 < >> Ok
2026-06-03T19:45:21.324 < >> radio_rx 43490149b292e2ae00002ea7b292cc09374a2e00dd36204576b9157b1d4ab796b960f046d454b08ce68c235bbe6dbd701e4c02fdc9ce01ad116f6403d29c3de0134d90467cb720396f0b58bf7d2ef07138726fa118af3e7871067794cb14acd33fde74b0467a642b8acd19e8a5b3ad8834d7bd63f355613f0d04ea24a3743ec3039ddf96aa9cf1059f39a7e76dddb496bfc771ec8d3a6ab77374e2857bf525e178288e89fb4c5c5b93a48b3f5a2025c53e6ff6c02d3fa7d56df385bac12fdb4a52ea334bad44df969f5b82d0947200c2ed668f4678b98a11996819c72d22315d66a728e896f2499d9465fe9614c01257379a -50 31
2026-06-03T19:45:21.328 IMG_PACKET 43490149b292e2ae00002ea7b292cc09374a2e00dd36204576b9157b1d4ab796b960f046d454b08ce68c235bbe6dbd701e4c02fdc9ce01ad116f6403d29c3de0134d90467cb720396f0b58bf7d2ef07138726fa118af3e7871067794cb14acd33fde74b0467a642b8acd19e8a5b3ad8834d7bd63f355613f0d04ea24a3743ec3039ddf96aa9cf1059f39a7e76dddb496bfc771ec8d3a6ab77374e2857bf525e178288e89fb4c5c5b93a48b3f5a2025c53e6ff6c02d3fa7d56df385bac12fdb4a52ea334bad44df969f5b82d0947200c2ed668f4678b98a11996819c72d22315d66a728e896f2499d9465fe9614c01257379a RSSI=-50 SNR=31
2026-06-03T19:45:21.368 > p2p rx 0
2026-06-03T19:45:21.369 < >
2026-06-03T19:45:22.973 < >> Ok
2026-06-03T19:45:23.022 < >> radio_rx 43490149b292e2ae00002ea7b292cc09374a2f00ddb107f4fb3803620b62799e98a6d699620b66dfac5e2fed52cf97259aebe02a8d7059e16ad38c7adec779fb46e396e24a8cd826183b41686fe99e16835b8cbd08baa7fb4946bac37c6110763a3c084e3abb25e82ce4dedd1d740af2352bf0a42f745b09fc65b96f9464cb3a4b2963abd7c1dfb36391e73e21c90f64e883ce0d4f825f99c51e539b4f6abe97a107f77d4df9c2d2868bb0405f71cc0b8706b5dbc8eb3a3ed4797af9b97ab9cfb4f8f33b8152893ed83b49d54406221d1c24a618f42783c7e91899fff605a031cceb01e03eb306fec8216d264019baca9e4e -50 31
2026-06-03T19:45:23.027 IMG_PACKET 43490149b292e2ae00002ea7b292cc09374a2f00ddb107f4fb3803620b62799e98a6d699620b66dfac5e2fed52cf97259aebe02a8d7059e16ad38c7adec779fb46e396e24a8cd826183b41686fe99e16835b8cbd08baa7fb4946bac37c6110763a3c084e3abb25e82ce4dedd1d740af2352bf0a42f745b09fc65b96f9464cb3a4b2963abd7c1dfb36391e73e21c90f64e883ce0d4f825f99c51e539b4f6abe97a107f77d4df9c2d2868bb0405f71cc0b8706b5dbc8eb3a3ed4797af9b97ab9cfb4f8f33b8152893ed83b49d54406221d1c24a618f42783c7e91899fff605a031cceb01e03eb306fec8216d264019baca9e4e RSSI=-50 SNR=31
2026-06-03T19:45:23.070 > p2p rx 0
2026-06-03T19:45:23.071 < >
2026-06-03T19:45:24.674 < >> Ok
2026-06-03T19:45:24.726 < >> radio_rx 43490149b292e2ae00002ea7b292cc09374a3000dd03a3f761dc4874a4efba412d8822fc048999cc6ea735e141a0f13b17a5fc756d4e9da37ac4e67d870d46a88e8da74740a273bcf0e10b78b738c7cd23b2f20eb015b8d34181de9b22eac380bcbffa9f905312475ad6bda783f9f33e348306a0dbe31b0a735fa815a076bfcb3e8734634d964394b2637989b6ebbf1f476778c44bbe3ffd3dee0436b9c7e76632a75fa00f8f15a93348fd254aead031881838aefbaba41d77c634b6b06098c96dc56c7de8e91be4c3572ffe5fdd6764860e836ab690f61b079f1b5b0141fc0ba1f9672fb5d5e31843eb730b258ccff6881c -50 33
2026-06-03T19:45:24.731 IMG_PACKET 43490149b292e2ae00002ea7b292cc09374a3000dd03a3f761dc4874a4efba412d8822fc048999cc6ea735e141a0f13b17a5fc756d4e9da37ac4e67d870d46a88e8da74740a273bcf0e10b78b738c7cd23b2f20eb015b8d34181de9b22eac380bcbffa9f905312475ad6bda783f9f33e348306a0dbe31b0a735fa815a076bfcb3e8734634d964394b2637989b6ebbf1f476778c44bbe3ffd3dee0436b9c7e76632a75fa00f8f15a93348fd254aead031881838aefbaba41d77c634b6b06098c96dc56c7de8e91be4c3572ffe5fdd6764860e836ab690f61b079f1b5b0141fc0ba1f9672fb5d5e31843eb730b258ccff6881c RSSI=-50 SNR=33
2026-06-03T19:45:24.772 > p2p rx 0
2026-06-03T19:45:24.773 < >
2026-06-03T19:45:26.375 < >> Ok
2026-06-03T19:45:26.428 < >> radio_rx 43490149b292e2ae00002ea7b292cc09374a3100dd1e592e0e42cbdae3aa9c32507fbbf793ba39c3b200eaca8ba660850750945f57e6c7149a32b2465e807bbfdee51457f4787ef01f6efae0707539f81136947bc9fffcd4f98c186aaccd7272fc31e82377c648c18abe624748582ec23b02e75e5da22667233833ab3530cfeb46c10dabc4f3296bee0d6a65c467ff23d417d86f2b9ae5106f463c4c3b3a868ee9d7db3ff1b68dd2bdd718342efe1f8fb8c937a023930236a1bb1631abe069a29d7619925842b5f4bcd0cf2c7ed113614d85d65403d8b3eddcf66a1e234ecb0a261963fe9dff5c57cf707bb329eed01095e0 -49 26
2026-06-03T19:45:26.434 IMG_PACKET 43490149b292e2ae00002ea7b292cc09374a3100dd1e592e0e42cbdae3aa9c32507fbbf793ba39c3b200eaca8ba660850750945f57e6c7149a32b2465e807bbfdee51457f4787ef01f6efae0707539f81136947bc9fffcd4f98c186aaccd7272fc31e82377c648c18abe624748582ec23b02e75e5da22667233833ab3530cfeb46c10dabc4f3296bee0d6a65c467ff23d417d86f2b9ae5106f463c4c3b3a868ee9d7db3ff1b68dd2bdd718342efe1f8fb8c937a023930236a1bb1631abe069a29d7619925842b5f4bcd0cf2c7ed113614d85d65403d8b3eddcf66a1e234ecb0a261963fe9dff5c57cf707bb329eed01095e0 RSSI=-49 SNR=26
2026-06-03T19:45:26.473 > p2p rx 0
2026-06-03T19:45:26.477 < >
2026-06-03T19:45:28.077 < >> Ok
2026-06-03T19:45:28.129 < >> radio_rx 43490149b292e2ae00002ea7b292cc09374a3200ddea4cde4bc28d7d8ca4fdb51b6353c8fc9e6d956bb85eff61b0e2c83b37945f8b06087617a8e5f2e2a46cbd4fad19756c71d24413d8add06afd941eef2cd84eeffa474622e3461c32d213ac7a05e0d50f0016819c6875578253635998f8de6409bb6511f79474572f1da7b8b933d8e29e4af6b40db3fba1589313848870361aac519f5a9ef89d82f0160bef24d703aa1b7863e6f45be3b520434e95b449b9837b4bd8ab5d380f5b4ef6c0375df765d6c8ca442ebdddf8850d4dce872bdfd21934866cf539f7bc8cd55d780ad6734756d2c425947d4b38c6403c45f87957 -52 30
2026-06-03T19:45:28.134 IMG_PACKET 43490149b292e2ae00002ea7b292cc09374a3200ddea4cde4bc28d7d8ca4fdb51b6353c8fc9e6d956bb85eff61b0e2c83b37945f8b06087617a8e5f2e2a46cbd4fad19756c71d24413d8add06afd941eef2cd84eeffa474622e3461c32d213ac7a05e0d50f0016819c6875578253635998f8de6409bb6511f79474572f1da7b8b933d8e29e4af6b40db3fba1589313848870361aac519f5a9ef89d82f0160bef24d703aa1b7863e6f45be3b520434e95b449b9837b4bd8ab5d380f5b4ef6c0375df765d6c8ca442ebdddf8850d4dce872bdfd21934866cf539f7bc8cd55d780ad6734756d2c425947d4b38c6403c45f87957 RSSI=-52 SNR=30
2026-06-03T19:45:28.175 > p2p rx 0
2026-06-03T19:45:28.176 < >
2026-06-03T19:45:29.779 < >> Ok
2026-06-03T19:45:29.832 < >> radio_rx 43490149b292e2ae00002ea7b292cc09374a3300dde93cd64787a2f501e3bcde08f4cb36e45e6f0c3bcd0e56e5270c21458d42b02d1e1de7d2c1484179b8d98ec159ae41e1005874413a62197a542e2de1abe7a1369f4bda17102fc10f62be17d9d7105d5c278ada875d94fc0321c09233764dd08342cfcef06fe2c46b5147c13457d08fb4fa21bd1440e83699b886751c456e267a8a3ee9fd6dadc9ec9c208641b864077065d63b7697c8acbf6922bdbe899f5181bf129049f6d6e7e37713d44cc91a36c51c9b3568e928fbb6ef9cb144e4a28296e90a2f5c51fde068bc9930e8b071b974d4668748e5d8843c00d24a0786 -49 32
2026-06-03T19:45:29.837 IMG_PACKET 43490149b292e2ae00002ea7b292cc09374a3300dde93cd64787a2f501e3bcde08f4cb36e45e6f0c3bcd0e56e5270c21458d42b02d1e1de7d2c1484179b8d98ec159ae41e1005874413a62197a542e2de1abe7a1369f4bda17102fc10f62be17d9d7105d5c278ada875d94fc0321c09233764dd08342cfcef06fe2c46b5147c13457d08fb4fa21bd1440e83699b886751c456e267a8a3ee9fd6dadc9ec9c208641b864077065d63b7697c8acbf6922bdbe899f5181bf129049f6d6e7e37713d44cc91a36c51c9b3568e928fbb6ef9cb144e4a28296e90a2f5c51fde068bc9930e8b071b974d4668748e5d8843c00d24a0786 RSSI=-49 SNR=32
2026-06-03T19:45:29.875 > p2p rx 0
2026-06-03T19:45:29.876 < >
2026-06-03T19:45:31.480 < >> Ok
2026-06-03T19:45:31.533 < >> radio_rx 43490149b292e2ae00002ea7b292cc09374a3400dd0920a23153b36e7952a40deeeac57e5e62d4a88d3855a579376bbcbd9c341ce148fe45304baec07cd83a261b83200a6c222da3d84f85e635ec50222540a2375c97a89c61b9065ae03e96ce0c4a193cc29c13cd49ba64401705605c0a48a7ba4fe44dc0f3e4f61dc32bab7939490a71266a50b0fbdfb5d0c7cbd66bab9fe97b00b5f113cd2a1880f67b26a3a47e9dedf190af1b8f98baad643f1fb4f6edb527e978c125fba735b8802451a1e358f686f31f44fdbb207242cea25b495740eb781f3c2b57d6a6ed0ae336e6329b163abeb048eff64615804821f231f89167 -50 26
2026-06-03T19:45:31.539 IMG_PACKET 43490149b292e2ae00002ea7b292cc09374a3400dd0920a23153b36e7952a40deeeac57e5e62d4a88d3855a579376bbcbd9c341ce148fe45304baec07cd83a261b83200a6c222da3d84f85e635ec50222540a2375c97a89c61b9065ae03e96ce0c4a193cc29c13cd49ba64401705605c0a48a7ba4fe44dc0f3e4f61dc32bab7939490a71266a50b0fbdfb5d0c7cbd66bab9fe97b00b5f113cd2a1880f67b26a3a47e9dedf190af1b8f98baad643f1fb4f6edb527e978c125fba735b8802451a1e358f686f31f44fdbb207242cea25b495740eb781f3c2b57d6a6ed0ae336e6329b163abeb048eff64615804821f231f89167 RSSI=-50 SNR=26
2026-06-03T19:45:31.576 > p2p rx 0
2026-06-03T19:45:31.578 < >
2026-06-03T19:45:33.182 < >> Ok
2026-06-03T19:45:33.233 < >> radio_rx 43490149b292e2ae00002ea7b292cc09374a3500dd71b6dfa988849e4396e4eddba11736579f030830b9523a2ea5c693b25d20fbd59180c95d542cc7926742103ba82c21e1c9fbfb1c9e3d3b2a4fac577c62ecabdc60ea54ed5657182df3af6da21043951749df5dbe7f6688fe2303bb0a97c5f9f52944e8a95e9c347badfd84cd192b62b76d4bf3ccfce4ade7590008c4b9a0a7775eb49ca07031399930e49ee2baf7147557d0949a09bda9142f2cc85d825f10c20e5c495da5cf1d2ed6bcc5b48bbba4c6330ae54f87f40f032816cb98a42bb2ed201ce862682962fe5024f07542d25fa70f12f50604318571de4d59ef9c -49 24
2026-06-03T19:45:33.238 IMG_PACKET 43490149b292e2ae00002ea7b292cc09374a3500dd71b6dfa988849e4396e4eddba11736579f030830b9523a2ea5c693b25d20fbd59180c95d542cc7926742103ba82c21e1c9fbfb1c9e3d3b2a4fac577c62ecabdc60ea54ed5657182df3af6da21043951749df5dbe7f6688fe2303bb0a97c5f9f52944e8a95e9c347badfd84cd192b62b76d4bf3ccfce4ade7590008c4b9a0a7775eb49ca07031399930e49ee2baf7147557d0949a09bda9142f2cc85d825f10c20e5c495da5cf1d2ed6bcc5b48bbba4c6330ae54f87f40f032816cb98a42bb2ed201ce862682962fe5024f07542d25fa70f12f50604318571de4d59ef9c RSSI=-49 SNR=24
2026-06-03T19:45:33.279 > p2p rx 0
2026-06-03T19:45:33.280 < >
2026-06-03T19:45:34.883 < >> Ok
2026-06-03T19:45:34.935 < >> radio_rx 43490149b292e2ae00002ea7b292cc09374a3600ddc8beb445e950f3cf2f82578f299dab8b9e8724eb38f3a1c5a81c536698649fbd4ebfb650eb6973355c9edc7c2281fedc1181b64e04acb22adb933e575749ad6e91f6be901dd72ce8a327f392fa7dd80e7dc7d8b09d60c954a25c2a7fceb9271f8ca5d05b3ea700abd0f47b283e793b155c59e97fe6e4149a802ea07f86f25be12701098509babbdf7e578f5408db61b9f5db26e5ffff7527f63594b55401da6bb71c560097e4f45804b4bfca6f097f55e4f58cef445ce622712613981da45d8773f7dab10c7871c2e507ed00f68b165172198b6d760e355cea3127c85f -50 27
2026-06-03T19:45:34.940 IMG_PACKET 43490149b292e2ae00002ea7b292cc09374a3600ddc8beb445e950f3cf2f82578f299dab8b9e8724eb38f3a1c5a81c536698649fbd4ebfb650eb6973355c9edc7c2281fedc1181b64e04acb22adb933e575749ad6e91f6be901dd72ce8a327f392fa7dd80e7dc7d8b09d60c954a25c2a7fceb9271f8ca5d05b3ea700abd0f47b283e793b155c59e97fe6e4149a802ea07f86f25be12701098509babbdf7e578f5408db61b9f5db26e5ffff7527f63594b55401da6bb71c560097e4f45804b4bfca6f097f55e4f58cef445ce622712613981da45d8773f7dab10c7871c2e507ed00f68b165172198b6d760e355cea3127c85f RSSI=-50 SNR=27
2026-06-03T19:45:34.981 > p2p rx 0
2026-06-03T19:45:34.982 < >
2026-06-03T19:45:36.585 < >> Ok
2026-06-03T19:45:36.636 < >> radio_rx 43490149b292e2ae00002ea7b292cc09374a3700dd9a532c7beb36d295e10d149e30f66cf99dd3512a32925ac43003e064e96cd85b3fc4f84bce150bca59f23150c8d13f6073e731fef644c9ee26895a4e0ed0ef544bdf8a1a85cb777643924769a7442b3ecac845bf9affe07bd069f3347974c5a8892e9d988417d8d5db633efd1b1f0a3af7f5e6b3594f25b8758441f7899690b4abed27d7de3e20df8520962139bcae755691eccb0a8d4003166a57a67d873c2eb6b59d12ce9b01af9076d29233c2198f1acbbb236fa91dc2b1d86c94ccb5a3e731b9dcef6c03a815f79d18f8ef9068f205e0ae27b826c2929cb41cb231 -50 31
2026-06-03T19:45:36.641 IMG_PACKET 43490149b292e2ae00002ea7b292cc09374a3700dd9a532c7beb36d295e10d149e30f66cf99dd3512a32925ac43003e064e96cd85b3fc4f84bce150bca59f23150c8d13f6073e731fef644c9ee26895a4e0ed0ef544bdf8a1a85cb777643924769a7442b3ecac845bf9affe07bd069f3347974c5a8892e9d988417d8d5db633efd1b1f0a3af7f5e6b3594f25b8758441f7899690b4abed27d7de3e20df8520962139bcae755691eccb0a8d4003166a57a67d873c2eb6b59d12ce9b01af9076d29233c2198f1acbbb236fa91dc2b1d86c94ccb5a3e731b9dcef6c03a815f79d18f8ef9068f205e0ae27b826c2929cb41cb231 RSSI=-50 SNR=31
2026-06-03T19:45:36.682 > p2p rx 0
2026-06-03T19:45:36.684 < >
2026-06-03T19:45:38.286 < >> Ok
2026-06-03T19:45:38.339 < >> radio_rx 43490149b292e2ae00002ea7b292cc09374a3800dd5b852ee49d2fef630f72354a3bd0ef0ec25acfd0803c4fd5d7698424f6153e52ba5daf5f785190e6ff5b7e6041b7a5ad537c43c505d2b1929eea5425807648136261de979ae04a2f97919daf6da248c81b505faa1eadceb4c8d67065d781b98280f81781b793414942af3779d63a6c2e686bd9777eb4388d4388a3506f41f496e3a2346621dc67417af133e1f45a44c4e2af78eb071a13bd12da846af1ebc7f741d5087619ccbe41054fbad0f49a2ce6f215b8389b30ed48f63e5d6d211f6b865aadd27c757719b93b6d2cffc97520126dbaad26cb10a2dd19933cd2eb -49 24
2026-06-03T19:45:39.197 IMG_PACKET 43490149b292e2ae00002ea7b292cc09374a3800dd5b852ee49d2fef630f72354a3bd0ef0ec25acfd0803c4fd5d7698424f6153e52ba5daf5f785190e6ff5b7e6041b7a5ad537c43c505d2b1929eea5425807648136261de979ae04a2f97919daf6da248c81b505faa1eadceb4c8d67065d781b98280f81781b793414942af3779d63a6c2e686bd9777eb4388d4388a3506f41f496e3a2346621dc67417af133e1f45a44c4e2af78eb071a13bd12da846af1ebc7f741d5087619ccbe41054fbad0f49a2ce6f215b8389b30ed48f63e5d6d211f6b865aadd27c757719b93b6d2cffc97520126dbaad26cb10a2dd19933cd2eb RSSI=-49 SNR=24
2026-06-03T19:45:39.197 > p2p rx 0
2026-06-03T19:45:39.198 < >
2026-06-03T19:45:39.988 < >> Ok
2026-06-03T19:45:40.037 < >> radio_rx 43490149b292e2ae00002ea7b292cc09374a3900dd5bb980864f3d5d17489566a9b0c8d2e06e8424f82f2a5e5800e881cf531fe26f764991b80e4da142825ed84034e1b9f52e72067a32723066abbfb4ce5576c88545f4ea88589a24e129a0c0aa33c2a1fd626bcb6a508192431b72204ded8039096991bdcda93b274a2de9a95eea199512e155cb338f55580a4a634e126b01bf6e3d134f2e5122c2a0e45ff6d584528259506898952d1612b186019fe1ecf945667626f6b4125e527cd042fd2ff143abe4723ae858b2eb6b9644f9eabc0c937dcb64d3439a4d526320a0e697aa841911abb3167f61a485d7e347734a912a -49 34
2026-06-03T19:45:40.042 IMG_PACKET 43490149b292e2ae00002ea7b292cc09374a3900dd5bb980864f3d5d17489566a9b0c8d2e06e8424f82f2a5e5800e881cf531fe26f764991b80e4da142825ed84034e1b9f52e72067a32723066abbfb4ce5576c88545f4ea88589a24e129a0c0aa33c2a1fd626bcb6a508192431b72204ded8039096991bdcda93b274a2de9a95eea199512e155cb338f55580a4a634e126b01bf6e3d134f2e5122c2a0e45ff6d584528259506898952d1612b186019fe1ecf945667626f6b4125e527cd042fd2ff143abe4723ae858b2eb6b9644f9eabc0c937dcb64d3439a4d526320a0e697aa841911abb3167f61a485d7e347734a912a RSSI=-49 SNR=34
2026-06-03T19:45:40.084 > p2p rx 0
2026-06-03T19:45:40.086 < >
2026-06-03T19:45:41.689 < >> Ok
2026-06-03T19:45:41.741 < >> radio_rx 43490149b292e2ae00002ea7b292cc09374a3a00dd882496842a9b3aedf56e94373af68053218852e7078b3ad7bd21cefb3ad66cf87cb073baee0d1fdd83b4b20405ab7c0a88cfba808253e298ce4d9ece8c04165b39280218055f3d477f7397a2bd6c2da330189c4dbb7734be3df3d9f37ed9e580179da95e504501d3ec54830c601da85129b77944976cff7e3e8dfef461263151bdb05a6d6a033e0ddca9ca3bd77769863df2511c59d223bbfc8e5e91178056da7b5e8d6068fb09acfda597cffee6fe003b0094df6fd718c8941ff5c518d0d2859ab1f11f0846dc88a449769d4c923cd70c46efac2e4b6604e579c0e163 -51 34
2026-06-03T19:45:41.747 IMG_PACKET 43490149b292e2ae00002ea7b292cc09374a3a00dd882496842a9b3aedf56e94373af68053218852e7078b3ad7bd21cefb3ad66cf87cb073baee0d1fdd83b4b20405ab7c0a88cfba808253e298ce4d9ece8c04165b39280218055f3d477f7397a2bd6c2da330189c4dbb7734be3df3d9f37ed9e580179da95e504501d3ec54830c601da85129b77944976cff7e3e8dfef461263151bdb05a6d6a033e0ddca9ca3bd77769863df2511c59d223bbfc8e5e91178056da7b5e8d6068fb09acfda597cffee6fe003b0094df6fd718c8941ff5c518d0d2859ab1f11f0846dc88a449769d4c923cd70c46efac2e4b6604e579c0e163 RSSI=-51 SNR=34
2026-06-03T19:45:41.785 > p2p rx 0
2026-06-03T19:45:41.787 < >
2026-06-03T19:45:43.391 < >> Ok
2026-06-03T19:45:43.442 < >> radio_rx 43490149b292e2ae00002ea7b292cc09374a3b00dd543b54aa84a8f6b8ab4cfa35103e35286373ec418d2b976e97c4b1eec9ef5747da700cd7c49b5543d9626665896320b2f805794e03b2f68f8316cb94af0858b181675d6b59a7ca580144c61f04d00652bf4be34e25c260938acce8187f36673d63c5e4969294d2d2931b9628d442440d4431073ea839aa935f57b11115ae318aa910f7c236c2ad947c3a17f20ac1f58967f07aa6d9ba6abfeaa53130f3b72a9b54d68fb73e82c18a62f64b9bdd9d6aa5a62976be2bc66ea648c981b9ced8aff01319de2075e9e4fa16b48b4f4a0722b2a0454f9dfc9566a986fdad80cf -49 26
2026-06-03T19:45:43.447 IMG_PACKET 43490149b292e2ae00002ea7b292cc09374a3b00dd543b54aa84a8f6b8ab4cfa35103e35286373ec418d2b976e97c4b1eec9ef5747da700cd7c49b5543d9626665896320b2f805794e03b2f68f8316cb94af0858b181675d6b59a7ca580144c61f04d00652bf4be34e25c260938acce8187f36673d63c5e4969294d2d2931b9628d442440d4431073ea839aa935f57b11115ae318aa910f7c236c2ad947c3a17f20ac1f58967f07aa6d9ba6abfeaa53130f3b72a9b54d68fb73e82c18a62f64b9bdd9d6aa5a62976be2bc66ea648c981b9ced8aff01319de2075e9e4fa16b48b4f4a0722b2a0454f9dfc9566a986fdad80cf RSSI=-49 SNR=26
2026-06-03T19:45:43.488 > p2p rx 0
2026-06-03T19:45:43.489 < >
2026-06-03T19:45:45.092 < >> Ok
2026-06-03T19:45:45.141 < >> radio_rx 43490149b292e2ae00002ea7b292cc09374a3c00dd6cf37feb4d503c9ef53c295191bc5c7759b187045a8575f78f2217aa21eb963b5055c8261b67dcaaed116147b2298c061c720f37a276fa422f2fa2975c205ea01e9ba6693a357ca8d052462797361991973e33f84d6b065e5e7be0e3ec0c8f20b1a1b08e7ae71f0a095dabd907708f5f73fddfb2ed22e05873abe53b2558ba365418d8f5534e202ef001b490073ac01f4d7a2e6c0551a04ae3da66273f6708c211538a3b0412583fb6275cd0a5f9f427c060dd110f10ca07f047d725cb3d5adce071fc650d7cc11eaf0ae34afbedf8214268c0e8c34ea4a738c15c3632 -51 33
2026-06-03T19:45:45.146 IMG_PACKET 43490149b292e2ae00002ea7b292cc09374a3c00dd6cf37feb4d503c9ef53c295191bc5c7759b187045a8575f78f2217aa21eb963b5055c8261b67dcaaed116147b2298c061c720f37a276fa422f2fa2975c205ea01e9ba6693a357ca8d052462797361991973e33f84d6b065e5e7be0e3ec0c8f20b1a1b08e7ae71f0a095dabd907708f5f73fddfb2ed22e05873abe53b2558ba365418d8f5534e202ef001b490073ac01f4d7a2e6c0551a04ae3da66273f6708c211538a3b0412583fb6275cd0a5f9f427c060dd110f10ca07f047d725cb3d5adce071fc650d7cc11eaf0ae34afbedf8214268c0e8c34ea4a738c15c3632 RSSI=-51 SNR=33
2026-06-03T19:45:45.188 > p2p rx 0
2026-06-03T19:45:45.189 < >
2026-06-03T19:45:46.793 < >> Ok
2026-06-03T19:45:46.844 < >> radio_rx 43490149b292e2ae00002ea7b292cc09374a3d00dd07bb95fd170b31be3813a85451a581a724e76ed3a8a8894be4327d2356e4e85706b74018f75fe1665d8656f64bf1af6287dec39e80f71b9de4c43c35234444c0b5507721841110247782ed053d1c7c2744364a0d61e04feb6d7612340f8c0b42dd676a4daba7eb768dfb1a6ad1ad9785c3bc5ddfb844c19027766bc5d4413b75043a75a45f49e9ed899669b76f1e50ad6b0f81ebdb62943b47900b9ce06044dacbf0f601169148c027c4e357d6809e8f3b1c7d310da7db8fcc3084a0f36a99d6084246e29137d070938c2dc4a6be9707c1659e321de07a1f5f85cef823 -52 33
2026-06-03T19:45:46.850 IMG_PACKET 43490149b292e2ae00002ea7b292cc09374a3d00dd07bb95fd170b31be3813a85451a581a724e76ed3a8a8894be4327d2356e4e85706b74018f75fe1665d8656f64bf1af6287dec39e80f71b9de4c43c35234444c0b5507721841110247782ed053d1c7c2744364a0d61e04feb6d7612340f8c0b42dd676a4daba7eb768dfb1a6ad1ad9785c3bc5ddfb844c19027766bc5d4413b75043a75a45f49e9ed899669b76f1e50ad6b0f81ebdb62943b47900b9ce06044dacbf0f601169148c027c4e357d6809e8f3b1c7d310da7db8fcc3084a0f36a99d6084246e29137d070938c2dc4a6be9707c1659e321de07a1f5f85cef823 RSSI=-52 SNR=33
2026-06-03T19:45:46.889 > p2p rx 0
2026-06-03T19:45:46.890 < >
2026-06-03T19:45:48.495 < >> Ok
2026-06-03T19:45:48.545 < >> radio_rx 43490149b292e2ae00002ea7b292cc09374a3e00ddc7247604fc517621357ca90cd2039ada958124712fccbf62abec3d33fa787e8633bdac8fa4c1710562593b59c16d8bb0c40501ff53d0ba7caa92c8844508eb9f3135817c55864eb1a2ae2d7a45718e56b7d8afb2d9d0331cbac83b307f493158ab65745b584aa580ccc329a6e8c9c624666f29866ae4f9657fcf3184856093aea8e7f2e9d97345b9e0c1c116ff4309de271e6db17ca482286023614fbf503417c6dab6ff10d67c7170889e28ba57d676b5afb540edeeef1a92e44ff74d8eca826c06390ae504a2aa1ab3ee579ba1ff42cc6fc3303c08dbbad0e38957aa -52 33
2026-06-03T19:45:48.550 IMG_PACKET 43490149b292e2ae00002ea7b292cc09374a3e00ddc7247604fc517621357ca90cd2039ada958124712fccbf62abec3d33fa787e8633bdac8fa4c1710562593b59c16d8bb0c40501ff53d0ba7caa92c8844508eb9f3135817c55864eb1a2ae2d7a45718e56b7d8afb2d9d0331cbac83b307f493158ab65745b584aa580ccc329a6e8c9c624666f29866ae4f9657fcf3184856093aea8e7f2e9d97345b9e0c1c116ff4309de271e6db17ca482286023614fbf503417c6dab6ff10d67c7170889e28ba57d676b5afb540edeeef1a92e44ff74d8eca826c06390ae504a2aa1ab3ee579ba1ff42cc6fc3303c08dbbad0e38957aa RSSI=-52 SNR=33
2026-06-03T19:45:48.591 > p2p rx 0
2026-06-03T19:45:48.592 < >
2026-06-03T19:45:50.196 < >> Ok
2026-06-03T19:45:50.250 < >> radio_rx 43490149b292e2ae00002ea7b292cc09374a3f00ddc8709cf541dabae2a11315c30a4121940714a8beec0be6b920cd837230b9d3cb6a7252e662e8780b4acc5d886cf873ef9fc18d77e83471a81ce2d78a423b3bc93c46a6698b0ed22287bdd5b2f0d0e6fd80827a3b87f717e3ccb6eea26fedc98ad34c9bebfc8c8c0fa4f2469a541454f2b0b3944a035ba2e265ea5f9ab95418f929e6abe3f9eab2e4890ddf6425de03fd549f697185dc6f53d0c66580b49b13e003330f5d448597f4e5aa433c78a398c84bb3378336635378f16f5bcb4c678a55e835c20e44a447674dcb3543d0937375288d43f487e85cadd5add451df -51 34
2026-06-03T19:45:50.255 IMG_PACKET 43490149b292e2ae00002ea7b292cc09374a3f00ddc8709cf541dabae2a11315c30a4121940714a8beec0be6b920cd837230b9d3cb6a7252e662e8780b4acc5d886cf873ef9fc18d77e83471a81ce2d78a423b3bc93c46a6698b0ed22287bdd5b2f0d0e6fd80827a3b87f717e3ccb6eea26fedc98ad34c9bebfc8c8c0fa4f2469a541454f2b0b3944a035ba2e265ea5f9ab95418f929e6abe3f9eab2e4890ddf6425de03fd549f697185dc6f53d0c66580b49b13e003330f5d448597f4e5aa433c78a398c84bb3378336635378f16f5bcb4c678a55e835c20e44a447674dcb3543d0937375288d43f487e85cadd5add451df RSSI=-51 SNR=34
2026-06-03T19:45:50.295 > p2p rx 0
2026-06-03T19:45:50.296 < >
2026-06-03T19:45:51.898 < >> Ok
2026-06-03T19:45:51.952 < >> radio_rx 43490149b292e2ae00002ea7b292cc09374a4000dd4c8216e3313807172f4f83b00d76b62409210faafd832d18d5253111e41d5c5cf3d407183cf3641a631c14540fec9052d6687cdfdbd6c73c09a7f937ffea9813140af7eb38ee973784cf389102dd591186469ba3e15a09162ff885579250e1ba73709256a4ff5deb81cb0f320dd327bf5731db0029aecfd0cb46aec3b367b117a862aba7a276268f59ad4d1c5d4243a9e3f06a59d9042bfcdf19a7d66eecc5d926007b7bd808a604aa6836961cc29bbb36dad98e465c4d3deaadf77127fbe609718b4928e5ed1ac71f63497e09ba758f310b3959e93f11d36707410ad8 -53 33
2026-06-03T19:45:51.957 IMG_PACKET 43490149b292e2ae00002ea7b292cc09374a4000dd4c8216e3313807172f4f83b00d76b62409210faafd832d18d5253111e41d5c5cf3d407183cf3641a631c14540fec9052d6687cdfdbd6c73c09a7f937ffea9813140af7eb38ee973784cf389102dd591186469ba3e15a09162ff885579250e1ba73709256a4ff5deb81cb0f320dd327bf5731db0029aecfd0cb46aec3b367b117a862aba7a276268f59ad4d1c5d4243a9e3f06a59d9042bfcdf19a7d66eecc5d926007b7bd808a604aa6836961cc29bbb36dad98e465c4d3deaadf77127fbe609718b4928e5ed1ac71f63497e09ba758f310b3959e93f11d36707410ad8 RSSI=-53 SNR=33
2026-06-03T19:45:51.995 > p2p rx 0
2026-06-03T19:45:51.996 < >
2026-06-03T19:45:53.600 < >> Ok
2026-06-03T19:45:53.652 < >> radio_rx 43490149b292e2ae00002ea7b292cc09374a4100ddcdf4f93fd6dff13e86ec818966d6c6f0743b708f2ae07c7f0c12337b051ac147e5fc680906a690d293b5a0f3ec42b3853b27f44e97f8ce5c87f4e542619d153bba225a6570ef3871492853cefc63abb524f50316861ac67252bae1403ef78e177a69b1288c693f684a9b2c56e2d8c488f71772328c1ca26ca17ed8f97c17a3e165fdef3c53bd9abb814672ff68ec2e9efafce932975c7094682bedab23e62c648327d509873ad072ad1bbcda66d5b2ddccb4a59b048ee918e2a12def02fc2aae9e1b95c88cb31bcd523873e15e115b963b04b323d5d702682afc48216a -50 33
2026-06-03T19:45:53.658 IMG_PACKET 43490149b292e2ae00002ea7b292cc09374a4100ddcdf4f93fd6dff13e86ec818966d6c6f0743b708f2ae07c7f0c12337b051ac147e5fc680906a690d293b5a0f3ec42b3853b27f44e97f8ce5c87f4e542619d153bba225a6570ef3871492853cefc63abb524f50316861ac67252bae1403ef78e177a69b1288c693f684a9b2c56e2d8c488f71772328c1ca26ca17ed8f97c17a3e165fdef3c53bd9abb814672ff68ec2e9efafce932975c7094682bedab23e62c648327d509873ad072ad1bbcda66d5b2ddccb4a59b048ee918e2a12def02fc2aae9e1b95c88cb31bcd523873e15e115b963b04b323d5d702682afc48216a RSSI=-50 SNR=33
2026-06-03T19:45:53.697 > p2p rx 0
2026-06-03T19:45:53.698 < >
2026-06-03T19:45:55.301 < >> Ok
2026-06-03T19:45:55.350 < >> radio_rx 43490149b292e2ae00002ea7b292cc09374a4200dd229bc8ddf19592881b420922cbf082b1a20722b2b316a0a45ef8bf9b6734976a0eb8cdaf7db53162fff63a8ec178a805a665428322b484ab81a9bca76eae3c194270e524a34b860af94e1cf9ddc55fc2dad4f84c0cb62c82a387e32fb2e469cdfe6ce247b2dbca4c9af5fb2b0324ddb5d860b166c31e0f17429ae14d13391d3d8afcb00d5c080f17695b67b2ac48f116b87645c17c6033d07ee1a1ff046b2365325af81519189d48034d418899739503b0dcc99785b00b213e36225d94a24df389186f92337515ad6202a769038bce309ccb620cffbd68294c3013acd1 -54 26
2026-06-03T19:45:55.355 IMG_PACKET 43490149b292e2ae00002ea7b292cc09374a4200dd229bc8ddf19592881b420922cbf082b1a20722b2b316a0a45ef8bf9b6734976a0eb8cdaf7db53162fff63a8ec178a805a665428322b484ab81a9bca76eae3c194270e524a34b860af94e1cf9ddc55fc2dad4f84c0cb62c82a387e32fb2e469cdfe6ce247b2dbca4c9af5fb2b0324ddb5d860b166c31e0f17429ae14d13391d3d8afcb00d5c080f17695b67b2ac48f116b87645c17c6033d07ee1a1ff046b2365325af81519189d48034d418899739503b0dcc99785b00b213e36225d94a24df389186f92337515ad6202a769038bce309ccb620cffbd68294c3013acd1 RSSI=-54 SNR=26
2026-06-03T19:45:55.397 > p2p rx 0
2026-06-03T19:45:55.398 < >
2026-06-03T19:45:57.002 < >> Ok
2026-06-03T19:45:57.054 < >> radio_rx 43490149b292e2ae00002ea7b292cc09374a4300dd2298e5f58ca37a46905ca1c458247b12e156551180cc73be584ad73ad63adda9a5cec04ee1ecd19994770b623530f2c81999260729afbb7d6c59e943110164d7bc6b84e05d0216feb3a34220bd322ca69ebf059976ccc3aa6fc66e78c5e81b1c016474efca2592062ab02334b89fcb37293c539f0ba369342d86ac3edffda1d03e9851d456cb490ab5c98ae936aae1de72ca732fe649ad97a58e0a8f3740f018eacb4d6b01158b0e190e9a26b58f2020ff67c08f8f076fd07d72315c628c68dc7892b0f488d297d8fc0c6cd840ee58bbd5fe7dc9c6d75b8f6b786e5dfe -53 26
2026-06-03T19:45:57.059 IMG_PACKET 43490149b292e2ae00002ea7b292cc09374a4300dd2298e5f58ca37a46905ca1c458247b12e156551180cc73be584ad73ad63adda9a5cec04ee1ecd19994770b623530f2c81999260729afbb7d6c59e943110164d7bc6b84e05d0216feb3a34220bd322ca69ebf059976ccc3aa6fc66e78c5e81b1c016474efca2592062ab02334b89fcb37293c539f0ba369342d86ac3edffda1d03e9851d456cb490ab5c98ae936aae1de72ca732fe649ad97a58e0a8f3740f018eacb4d6b01158b0e190e9a26b58f2020ff67c08f8f076fd07d72315c628c68dc7892b0f488d297d8fc0c6cd840ee58bbd5fe7dc9c6d75b8f6b786e5dfe RSSI=-53 SNR=26
2026-06-03T19:45:57.100 > p2p rx 0
2026-06-03T19:45:57.101 < >
2026-06-03T19:45:58.704 < >> Ok
2026-06-03T19:45:58.757 < >> radio_rx 43490149b292e2ae00002ea7b292cc09374a4400dd0cdf2bb5aff8d23acb10d4c7cb4258dd03d26e289a2dbf226388eb70ef3c8c9b762f4d3b7613e64ead76182ccea99e598a606ef2407f63cacdfd2815c4f1f58ada5121f26eeb35e145d7c2b52a3d40e9b0384ea0da57b65235003dd882c606993c5f69a8f04c4d1567d2d0d267a38cbab1b1aac6cbfe44d24002e155e4929e91dc9609e2a8e5d0f9f3d194b6e1f44cbfa62f5b5dff09fa5402e5bd05bd892a94d6b3644d8b99725b6c73d4ab457bde6afa0a10191fe7c53d6102c5ba5917de63dead24826355d956f0901d07f53d4fe144b377e89636104173f4cd742e -57 32
2026-06-03T19:45:58.762 IMG_PACKET 43490149b292e2ae00002ea7b292cc09374a4400dd0cdf2bb5aff8d23acb10d4c7cb4258dd03d26e289a2dbf226388eb70ef3c8c9b762f4d3b7613e64ead76182ccea99e598a606ef2407f63cacdfd2815c4f1f58ada5121f26eeb35e145d7c2b52a3d40e9b0384ea0da57b65235003dd882c606993c5f69a8f04c4d1567d2d0d267a38cbab1b1aac6cbfe44d24002e155e4929e91dc9609e2a8e5d0f9f3d194b6e1f44cbfa62f5b5dff09fa5402e5bd05bd892a94d6b3644d8b99725b6c73d4ab457bde6afa0a10191fe7c53d6102c5ba5917de63dead24826355d956f0901d07f53d4fe144b377e89636104173f4cd742e RSSI=-57 SNR=32
2026-06-03T19:45:58.800 > p2p rx 0
2026-06-03T19:45:58.801 < >
2026-06-03T19:46:00.405 < >> Ok
2026-06-03T19:46:00.459 < >> radio_rx 43490149b292e2ae00002ea7b292cc09374a4500ddaa8517f68df89eec0aaf2be29c3bd1381d38ed37cb1f48656874d55dddc4b6b6ba58fedb08d3756f30ad5149409e6e3da1be668a185cee0e3fd469eebe5bd6e7bc07f84dc0e52e1a915ffd4c1cfbead83cc010f0f0c91f0e4d52ab32e52e64fca37e21191fa65f5880ca38b0504f02e84ecec0aff0fcefd445674a1ba0331f938d76648836242f9c90db4071d8346c1594650f44165c4d0f13cba6d0347c6d1d3fc548a667aa8416b1cc5ccd48db5cf6ea3b0d50909b3d1608e7ca8dae3f1c88552dad1079a674e88aaa8dbf24f61222503423955fec3e89f439958755 -51 30
2026-06-03T19:46:00.464 IMG_PACKET 43490149b292e2ae00002ea7b292cc09374a4500ddaa8517f68df89eec0aaf2be29c3bd1381d38ed37cb1f48656874d55dddc4b6b6ba58fedb08d3756f30ad5149409e6e3da1be668a185cee0e3fd469eebe5bd6e7bc07f84dc0e52e1a915ffd4c1cfbead83cc010f0f0c91f0e4d52ab32e52e64fca37e21191fa65f5880ca38b0504f02e84ecec0aff0fcefd445674a1ba0331f938d76648836242f9c90db4071d8346c1594650f44165c4d0f13cba6d0347c6d1d3fc548a667aa8416b1cc5ccd48db5cf6ea3b0d50909b3d1608e7ca8dae3f1c88552dad1079a674e88aaa8dbf24f61222503423955fec3e89f439958755 RSSI=-51 SNR=30
2026-06-03T19:46:00.502 > p2p rx 0
2026-06-03T19:46:00.507 < >
2026-06-03T19:46:02.107 < >> Ok
2026-06-03T19:46:02.161 < >> radio_rx 43490149b292e2ae00002ea7b292cc09374a4600dd784ede9ee885f0311bbd61e5b1bcf15ca5b25ed91fa6a21bd484d9632f34c826ff9e3ae2cc454d37db9f4f4be648d41c3de69662857bfc41453fb8e40eb5f3da88d9f8ef5ba87dfbde435215465408440074de58c58240bca5f7a597390be8737b5a870e9235ec626012a26553fee4c903499fcb5be6d68923b417a9bccb6115d0dc666ef6d88d3de2d735837a7a233a9ddaee1c5846c909cd835297497adec888a0e6206d3eaa7099afd24a14060974d2c684da3793b2b6037df4f400a970c8ead24f78a13d8b94e5e0930377de125c017fa0987fb9a5e84c9e2cf217 -56 26
2026-06-03T19:46:02.166 IMG_PACKET 43490149b292e2ae00002ea7b292cc09374a4600dd784ede9ee885f0311bbd61e5b1bcf15ca5b25ed91fa6a21bd484d9632f34c826ff9e3ae2cc454d37db9f4f4be648d41c3de69662857bfc41453fb8e40eb5f3da88d9f8ef5ba87dfbde435215465408440074de58c58240bca5f7a597390be8737b5a870e9235ec626012a26553fee4c903499fcb5be6d68923b417a9bccb6115d0dc666ef6d88d3de2d735837a7a233a9ddaee1c5846c909cd835297497adec888a0e6206d3eaa7099afd24a14060974d2c684da3793b2b6037df4f400a970c8ead24f78a13d8b94e5e0930377de125c017fa0987fb9a5e84c9e2cf217 RSSI=-56 SNR=26
2026-06-03T19:46:02.204 > p2p rx 0
2026-06-03T19:46:02.205 < >
2026-06-03T19:46:03.812 < >> Ok
2026-06-03T19:46:03.866 < >> radio_rx 43490149b292e2ae00002ea7b292cc09374a4700dd1a87b670e00bc2e61311f976b3efecaf6dffeb6aee2c3a6d5a3ef209797b5be61d0623998466e67816773369325586fdbc7574cdcaa5faccc55418e1088c2169dcd7754e7cf474fc2a2ee9f65f3c4107f3926442b11b330281fedc393a3905a2d61d29a26d779c12361ad0acec8650e425f346fbb7ed8e8fa7b708572b9d86100a5f8d815e66db003a97cce0d85e85dcd8eefd2ba8ef0b7e892cb12315df7a0fbb97c649558ba656d7cffbe547a34abf562b298055bbe2994c29ad91a9ce446e5ba0e7230e8fdae42c99a1c25175ecc3adec932b20bcb238962283dfcf -52 35
2026-06-03T19:46:03.871 IMG_PACKET 43490149b292e2ae00002ea7b292cc09374a4700dd1a87b670e00bc2e61311f976b3efecaf6dffeb6aee2c3a6d5a3ef209797b5be61d0623998466e67816773369325586fdbc7574cdcaa5faccc55418e1088c2169dcd7754e7cf474fc2a2ee9f65f3c4107f3926442b11b330281fedc393a3905a2d61d29a26d779c12361ad0acec8650e425f346fbb7ed8e8fa7b708572b9d86100a5f8d815e66db003a97cce0d85e85dcd8eefd2ba8ef0b7e892cb12315df7a0fbb97c649558ba656d7cffbe547a34abf562b298055bbe2994c29ad91a9ce446e5ba0e7230e8fdae42c99a1c25175ecc3adec932b20bcb238962283dfcf RSSI=-52 SNR=35
2026-06-03T19:46:03.910 > p2p rx 0
2026-06-03T19:46:03.911 < >
2026-06-03T19:46:05.514 < >> Ok
2026-06-03T19:46:05.567 < >> radio_rx 43490149b292e2ae00002ea7b292cc09374a4800dd8a5aa94f36e11a6e4d678e113d3b0a2a02126e98c4c0724b0c949c1d27ba655b86190a5f271b8d1bb7b8df7351145baa23aca7f0f1e68d9ddae4c1e9a0edb4a5660c5fce6a5e12d199bca428fa900fea3845586f7e9d9c65b0e32deee0aeeaec8b2d9d1d9f2ae5bbf924a01721240d632355d0bd2503c3babd10b27bcb2922712b5cb0ac5896cd020f8cbdf47a3dc7a51b9ec7faec5b7b90cdb5d1fdd31e3082780fb8116ccec8afc471598ebb560be53c8a3f90ececcfead3e811c849ce777294f29e45d6e1a6488cacfdd359a3956efce872ae2e3fe1e1bfb164b083 -57 33
2026-06-03T19:46:05.572 IMG_PACKET 43490149b292e2ae00002ea7b292cc09374a4800dd8a5aa94f36e11a6e4d678e113d3b0a2a02126e98c4c0724b0c949c1d27ba655b86190a5f271b8d1bb7b8df7351145baa23aca7f0f1e68d9ddae4c1e9a0edb4a5660c5fce6a5e12d199bca428fa900fea3845586f7e9d9c65b0e32deee0aeeaec8b2d9d1d9f2ae5bbf924a01721240d632355d0bd2503c3babd10b27bcb2922712b5cb0ac5896cd020f8cbdf47a3dc7a51b9ec7faec5b7b90cdb5d1fdd31e3082780fb8116ccec8afc471598ebb560be53c8a3f90ececcfead3e811c849ce777294f29e45d6e1a6488cacfdd359a3956efce872ae2e3fe1e1bfb164b083 RSSI=-57 SNR=33
2026-06-03T19:46:05.611 > p2p rx 0
2026-06-03T19:46:05.612 < >
2026-06-03T19:46:07.216 < >> Ok
2026-06-03T19:46:07.268 < >> radio_rx 43490149b292e2ae00002ea7b292cc09374a4900dd85fff06fec30cddc5fee98e1d7a22bb6572287bc4656ae9263aa90a59350135355f42c3be89ff7e0cb8c631a26edc08d41e4a62f235004871ea50076c1c11b0f59842cbcfe3fcafc815b6e5a3e516ef3a6d6c96b9895bbd4173c7ed79a754cafa7eb210df20a0486d30ffe77f27e0402907c8e53758ee155b54f55de2b17366d244c4dff124128c8d6891f6e5e8d74b91089345dd52e4d278f5ed45128e35678d8d87d2d4dcd9fc17305dafc0ac2283d44b5d115722ba1c3193051551b0b18859a894ac3d02b0bbcdee206bb2e7b6259538e65dd436901c88eb30ee7ae -57 33
2026-06-03T19:46:07.273 IMG_PACKET 43490149b292e2ae00002ea7b292cc09374a4900dd85fff06fec30cddc5fee98e1d7a22bb6572287bc4656ae9263aa90a59350135355f42c3be89ff7e0cb8c631a26edc08d41e4a62f235004871ea50076c1c11b0f59842cbcfe3fcafc815b6e5a3e516ef3a6d6c96b9895bbd4173c7ed79a754cafa7eb210df20a0486d30ffe77f27e0402907c8e53758ee155b54f55de2b17366d244c4dff124128c8d6891f6e5e8d74b91089345dd52e4d278f5ed45128e35678d8d87d2d4dcd9fc17305dafc0ac2283d44b5d115722ba1c3193051551b0b18859a894ac3d02b0bbcdee206bb2e7b6259538e65dd436901c88eb30ee7ae RSSI=-57 SNR=33
2026-06-03T19:46:07.313 > p2p rx 0
2026-06-03T19:46:07.314 < >
